Análisis de tipo multiobjetivo	;
Información básica	;
Hora de exportación: 2026/07/14 13:44:07	;
Operador: Touristcheck	;
Objetivo de estadísticas: Ayuntamiento	;
Exportar contenido:Número de personas,Vehículos a motor,Vehículos sin motor	;
Hora del informe: 2025/12/01 00:00:00 - 2026/07/14 23:59:59	;

Personas totales	; 	; 	; 	; 	; 	;Total de vehículos a motor	; 	; 	; 	; 	; 	;Total de vehículos sin motor	;
Avanzar	; 	; 	;Retroceso	; 	; 	;Avanzar	; 	; 	;Retroceso	; 	; 	;Avanzar	; 	; 	;Retroceso	;
Valor	;Tasa de cambio (ciclo tras ciclo)	;Tasa de cambio (año tras año)	;Valor	;Tasa de cambio (ciclo tras ciclo)	;Tasa de cambio (año tras año)	;Valor	;Tasa de cambio (ciclo tras ciclo)	;Tasa de cambio (año tras año)	;Valor	;Tasa de cambio (ciclo tras ciclo)	;Tasa de cambio (año tras año)	;Valor	;Tasa de cambio (ciclo tras ciclo)	;Tasa de cambio (año tras año)	;Valor	;Tasa de cambio (ciclo tras ciclo)	;Tasa de cambio (año tras año)	;
284806	;Disminuir por14.4%	;Aumentar por128.1%	;343833	;Disminuir por13.7%	;Aumentar por126.2%	;5513	;Disminuir por16.4%	;Aumentar por102.0%	;42662	;Aumentar por6.9%	;Aumentar por156.9%	;3561	;Disminuir por24.1%	;Aumentar por97.7%	;17518	;Disminuir por33.8%	;Aumentar por51.3%	;

N.º	;Hora	;Personas	; 	; 	; 	; 	; 	;Vehículos a motor	; 	; 	; 	; 	; 	;Vehículos sin motor	;
	;	;Avanzar	; 	; 	;Retroceso	; 	; 	;Avanzar	; 	; 	;Retroceso	; 	; 	;Avanzar	; 	; 	;Retroceso	;
	;	;Valor	;Tasa de cambio (ciclo tras ciclo)	;Tasa de cambio (año tras año)	;Valor	;Tasa de cambio (ciclo tras ciclo)	;Tasa de cambio (año tras año)	;Valor	;Tasa de cambio (ciclo tras ciclo)	;Tasa de cambio (año tras año)	;Valor	;Tasa de cambio (ciclo tras ciclo)	;Tasa de cambio (año tras año)	;Valor	;Tasa de cambio (ciclo tras ciclo)	;Tasa de cambio (año tras año)	;Valor	;Tasa de cambio (ciclo tras ciclo)	;Tasa de cambio (año tras año)	;
1	;(Lunes)2025/12/01	;457	;Disminuir por90.7%	; --%	;600	;Disminuir por89.2%	; --%	;17	;Aumentar por13.3%	; --%	;199	;Aumentar por55.5%	; --%	;10	;Disminuir por64.3%	; --%	;57	;Disminuir por61.5%	; --%	;
2	;(Martes)2025/12/02	;538	;Disminuir por87.2%	; --%	;692	;Disminuir por85.7%	; --%	;28	;Aumentar por460.0%	; --%	;238	;Aumentar por190.2%	; --%	;10	;Disminuir por50.0%	; --%	;74	;Disminuir por36.8%	; --%	;
3	;(Miércoles)2025/12/03	;583	;Disminuir por73.0%	; --%	;853	;Disminuir por69.0%	; --%	;42	;Aumentar por147.1%	; --%	;273	;Aumentar por110.0%	; --%	;10	;Disminuir por58.3%	; --%	;78	;Disminuir por44.3%	; --%	;
4	;(Jueves)2025/12/04	;778	;Disminuir por33.0%	; --%	;971	;Disminuir por28.4%	; --%	;21	;Disminuir por63.2%	; --%	;271	;Disminuir por7.2%	; --%	;16	;Aumentar por14.3%	; --%	;70	;Disminuir por24.7%	; --%	;
5	;(Viernes)2025/12/05	;1777	;Aumentar por13.9%	; --%	;2462	;Aumentar por27.4%	; --%	;31	;Disminuir por31.1%	; --%	;218	;Disminuir por11.7%	; --%	;26	;Disminuir por3.7%	; --%	;79	;Disminuir por38.3%	; --%	;
6	;(Sábado)2025/12/06	;9695	;Aumentar por720.2%	; --%	;10786	;Aumentar por571.6%	; --%	;22	;Disminuir por24.1%	; --%	;130	;Disminuir por43.2%	; --%	;14	;Disminuir por46.2%	; --%	;62	;Disminuir por57.2%	; --%	;
7	;(Domingo)2025/12/07	;11790	;Aumentar por800.7%	; --%	;12934	;Aumentar por630.7%	; --%	;8	;Disminuir por77.8%	; --%	;67	;Disminuir por73.9%	; --%	;21	;Aumentar por40.0%	; --%	;63	;Disminuir por58.0%	; --%	;
8	;(Lunes)2025/12/08	;3322	;Aumentar por81.0%	; --%	;4597	;Aumentar por98.5%	; --%	;7	;Disminuir por72.0%	; --%	;98	;Disminuir por47.6%	; --%	;9	;Disminuir por66.7%	; --%	;65	;Disminuir por54.2%	; --%	;
9	;(Martes)2025/12/09	;756	;Disminuir por62.4%	; --%	;1010	;Disminuir por57.7%	; --%	;20	;Aumentar por81.8%	; --%	;226	;Aumentar por115.2%	; --%	;18	;Aumentar por63.6%	; --%	;69	;Aumentar por13.1%	; --%	;
10	;(Miércoles)2025/12/10	;692	;Aumentar por112.3%	; --%	;934	;Aumentar por183.9%	; --%	;18	;Aumentar por157.1%	; --%	;197	;Aumentar por146.3%	; --%	;11	;Aumentar por1000.0%	; --%	;53	;Aumentar por194.4%	; --%	;
11	;(Jueves)2025/12/11	;457	;Aumentar por12.3%	; --%	;720	;Aumentar por44.0%	; --%	;23	;Aumentar por360.0%	; --%	;203	;Aumentar por203.0%	; --%	;14	;Sin cambios	; --%	;51	;Disminuir por10.5%	; --%	;
12	;(Viernes)2025/12/12	;1076	;Disminuir por9.1%	; --%	;1651	;Aumentar por18.9%	; --%	;18	;Disminuir por52.6%	; --%	;217	;Disminuir por26.4%	; --%	;14	;Disminuir por48.1%	; --%	;73	;Disminuir por44.7%	; --%	;
13	;(Sábado)2025/12/13	;3539	;Aumentar por25.4%	; --%	;4568	;Aumentar por30.9%	; --%	;14	;Aumentar por27.3%	; --%	;124	;Disminuir por9.5%	; --%	;6	;Disminuir por77.8%	; --%	;57	;Disminuir por59.3%	; --%	;
14	;(Domingo)2025/12/14	;652	;Disminuir por77.5%	; --%	;780	;Disminuir por78.1%	; --%	;55	;Aumentar por44.7%	; --%	;183	;Disminuir por30.2%	; --%	;1	;Disminuir por95.0%	; --%	;5	;Disminuir por95.6%	; --%	;
15	;(Lunes)2025/12/15	;272	;Disminuir por90.4%	; --%	;320	;Disminuir por90.5%	; --%	;28	;Aumentar por75.0%	; --%	;196	;Aumentar por30.7%	; --%	;6	;Disminuir por78.6%	; --%	;12	;Disminuir por92.0%	; --%	;
16	;(Martes)2025/12/16	;355	;Disminuir por79.0%	; --%	;399	;Disminuir por80.5%	; --%	;39	;Aumentar por69.6%	; --%	;232	;Aumentar por58.9%	; --%	;8	;Disminuir por55.6%	; --%	;18	;Disminuir por85.2%	; --%	;
17	;(Miércoles)2025/12/17	;244	;Disminuir por72.3%	; --%	;298	;Disminuir por69.4%	; --%	;19	;Disminuir por60.4%	; --%	;229	;Disminuir por18.5%	; --%	;5	;Disminuir por54.5%	; --%	;4	;Disminuir por96.7%	; --%	;
18	;(Jueves)2025/12/18	;544	;Disminuir por47.0%	; --%	;742	;Disminuir por38.4%	; --%	;36	;Disminuir por12.2%	; --%	;239	;Disminuir por7.4%	; --%	;18	;Disminuir por25.0%	; --%	;36	;Disminuir por71.4%	; --%	;
19	;(Viernes)2025/12/19	;961	;Aumentar por11.7%	; --%	;1369	;Aumentar por40.4%	; --%	;16	;Disminuir por61.0%	; --%	;202	;Disminuir por27.6%	; --%	;12	;Disminuir por20.0%	; --%	;32	;Disminuir por73.1%	; --%	;
20	;(Sábado)2025/12/20	;2820	;Aumentar por329.9%	; --%	;3646	;Aumentar por335.6%	; --%	;13	;Disminuir por69.0%	; --%	;119	;Disminuir por61.0%	; --%	;4	;Disminuir por83.3%	; --%	;25	;Disminuir por74.5%	; --%	;
21	;(Domingo)2025/12/21	;2200	;Aumentar por90.1%	; --%	;3191	;Aumentar por138.0%	; --%	;11	;Disminuir por63.3%	; --%	;107	;Disminuir por60.8%	; --%	;8	;Disminuir por57.9%	; --%	;29	;Disminuir por78.0%	; --%	;
22	;(Lunes)2025/12/22	;881	;Disminuir por41.7%	; --%	;1307	;Disminuir por16.3%	; --%	;30	;Aumentar por172.7%	; --%	;219	;Aumentar por36.9%	; --%	;9	;Disminuir por40.0%	; --%	;30	;Disminuir por69.7%	; --%	;
23	;(Martes)2025/12/23	;1179	;Disminuir por33.7%	; --%	;1450	;Disminuir por33.6%	; --%	;32	;Aumentar por28.0%	; --%	;236	;Aumentar por58.4%	; --%	;8	;Disminuir por65.2%	; --%	;18	;Disminuir por80.6%	; --%	;
24	;(Miércoles)2025/12/24	;752	;Disminuir por4.9%	; --%	;1045	;Aumentar por18.9%	; --%	;12	;Disminuir por70.0%	; --%	;172	;Disminuir por35.3%	; --%	;10	;Disminuir por54.5%	; --%	;18	;Disminuir por84.6%	; --%	;
25	;(Jueves)2025/12/25	;677	;Disminuir por17.7%	; --%	;1001	;Aumentar por6.6%	; --%	;9	;Disminuir por65.4%	; --%	;140	;Disminuir por35.8%	; --%	;0	;Disminuir por100.0%	; --%	;2	;Disminuir por98.3%	; --%	;
26	;(Viernes)2025/12/26	;1511	;Aumentar por100.4%	; --%	;2082	;Aumentar por146.1%	; --%	;12	;Disminuir por74.5%	; --%	;172	;Disminuir por20.7%	; --%	;4	;Disminuir por80.0%	; --%	;5	;Disminuir por92.5%	; --%	;
27	;(Sábado)2025/12/27	;1109	; --%	; --%	;1339	; --%	; --%	;20	; --%	; --%	;165	; --%	; --%	;3	; --%	; --%	;2	; --%	; --%	;
28	;(Domingo)2025/12/28	;1546	; --%	; --%	;2151	; --%	; --%	;12	; --%	; --%	;53	; --%	; --%	;2	; --%	; --%	;4	; --%	; --%	;
29	;(Lunes)2025/12/29	;1570	; --%	; --%	;2048	; --%	; --%	;18	; --%	; --%	;100	; --%	; --%	;4	; --%	; --%	;6	; --%	; --%	;
30	;(Martes)2025/12/30	;2177	; --%	; --%	;3113	; --%	; --%	;38	; --%	; --%	;127	; --%	; --%	;10	; --%	; --%	;20	; --%	; --%	;
31	;(Miércoles)2025/12/31	;9042	; --%	; --%	;9823	; --%	; --%	;13	; --%	; --%	;60	; --%	; --%	;6	; --%	; --%	;23	; --%	; --%	;
32	;(Jueves)2026/01/01	;6058	; --%	; --%	;7061	; --%	; --%	;2	; --%	; --%	;25	; --%	; --%	;0	; --%	; --%	;6	; --%	; --%	;
33	;(Viernes)2026/01/02	;2516	; --%	; --%	;3127	; --%	; --%	;23	; --%	; --%	;188	; --%	; --%	;7	; --%	; --%	;31	; --%	; --%	;
34	;(Sábado)2026/01/03	;2443	; --%	; --%	;3002	; --%	; --%	;14	; --%	; --%	;152	; --%	; --%	;17	; --%	; --%	;31	; --%	; --%	;
35	;(Domingo)2026/01/04	;807	;Aumentar por1.8%	; --%	;1132	;Aumentar por13.8%	; --%	;15	;Disminuir por21.1%	; --%	;110	;Disminuir por25.7%	; --%	;1	;Disminuir por83.3%	; --%	;10	;Disminuir por91.3%	; --%	;
36	;(Lunes)2026/01/05	;436	;Disminuir por80.8%	; --%	;633	;Disminuir por76.6%	; --%	;18	;Aumentar por80.0%	; --%	;181	;Aumentar por36.1%	; --%	;11	;Disminuir por80.4%	; --%	;19	;Disminuir por88.0%	; --%	;
37	;(Martes)2026/01/06	;777	;Disminuir por50.4%	; --%	;968	;Disminuir por50.4%	; --%	;16	;Aumentar por14.3%	; --%	;111	;Aumentar por0.9%	; --%	;1	;Disminuir por92.9%	; --%	;14	;Disminuir por89.1%	; --%	;
38	;(Miércoles)2026/01/07	;268	;Disminuir por71.2%	; --%	;413	;Disminuir por63.8%	; --%	;25	;Sin cambios	; --%	;201	;Disminuir por13.4%	; --%	;16	;Disminuir por23.8%	; --%	;40	;Disminuir por71.8%	; --%	;
39	;(Jueves)2026/01/08	;270	;Disminuir por72.8%	; --%	;391	;Disminuir por62.7%	; --%	;20	;Disminuir por37.5%	; --%	;183	;Disminuir por21.1%	; --%	;16	;Disminuir por23.8%	; --%	;47	;Disminuir por69.9%	; --%	;
40	;(Viernes)2026/01/09	;276	;Disminuir por71.4%	; --%	;412	;Disminuir por65.3%	; --%	;34	;Disminuir por22.7%	; --%	;240	;Disminuir por10.4%	; --%	;14	;Disminuir por30.0%	; --%	;37	;Disminuir por71.8%	; --%	;
41	;(Sábado)2026/01/10	;628	;Disminuir por33.5%	; --%	;793	;Disminuir por26.2%	; --%	;11	;Disminuir por75.6%	; --%	;132	;Disminuir por53.7%	; --%	;6	;Disminuir por75.0%	; --%	;18	;Disminuir por88.5%	; --%	;
42	;(Domingo)2026/01/11	;425	;Disminuir por60.9%	; --%	;655	;Disminuir por53.3%	; --%	;20	;Disminuir por41.2%	; --%	;117	;Disminuir por57.1%	; --%	;8	;Disminuir por71.4%	; --%	;10	;Disminuir por94.4%	; --%	;
43	;(Lunes)2026/01/12	;201	;Disminuir por89.2%	; --%	;296	;Disminuir por87.4%	; --%	;27	;Disminuir por10.0%	; --%	;221	;Aumentar por27.0%	; --%	;12	;Disminuir por33.3%	; --%	;8	;Disminuir por94.4%	; --%	;
44	;(Martes)2026/01/13	;247	;Disminuir por82.4%	; --%	;324	;Disminuir por83.4%	; --%	;29	;Aumentar por123.1%	; --%	;208	;Aumentar por98.1%	; --%	;7	;Disminuir por63.2%	; --%	;10	;Disminuir por93.9%	; --%	;
45	;(Miércoles)2026/01/14	;261	;Disminuir por74.7%	; --%	;339	;Disminuir por71.4%	; --%	;27	;Aumentar por42.1%	; --%	;213	;Disminuir por7.4%	; --%	;11	;Disminuir por56.0%	; --%	;19	;Disminuir por87.7%	; --%	;
46	;(Jueves)2026/01/15	;257	;Disminuir por72.9%	; --%	;338	;Disminuir por67.8%	; --%	;29	;Disminuir por3.3%	; --%	;222	;Disminuir por12.3%	; --%	;14	;Disminuir por17.6%	; --%	;29	;Disminuir por78.7%	; --%	;
47	;(Viernes)2026/01/16	;312	;Disminuir por62.8%	; --%	;381	;Disminuir por61.5%	; --%	;20	;Disminuir por33.3%	; --%	;217	;Disminuir por15.9%	; --%	;8	;Disminuir por57.9%	; --%	;24	;Disminuir por84.7%	; --%	;
48	;(Sábado)2026/01/17	;460	;Disminuir por50.3%	; --%	;542	;Disminuir por48.6%	; --%	;40	;Aumentar por66.7%	; --%	;229	;Disminuir por11.6%	; --%	;0	;Disminuir por100.0%	; --%	;1	;Disminuir por99.3%	; --%	;
49	;(Domingo)2026/01/18	;392	;Disminuir por67.1%	; --%	;494	;Disminuir por65.3%	; --%	;10	;Disminuir por75.6%	; --%	;94	;Disminuir por62.8%	; --%	;7	;Disminuir por63.2%	; --%	;8	;Disminuir por94.6%	; --%	;
50	;(Lunes)2026/01/19	;229	;Disminuir por89.8%	; --%	;285	;Disminuir por88.6%	; --%	;24	;Disminuir por27.3%	; --%	;175	;Aumentar por4.8%	; --%	;6	;Disminuir por68.4%	; --%	;4	;Disminuir por97.4%	; --%	;
51	;(Martes)2026/01/20	;124	;Disminuir por94.3%	; --%	;185	;Disminuir por92.8%	; --%	;46	;Aumentar por53.3%	; --%	;194	;Aumentar por65.8%	; --%	;1	;Disminuir por95.8%	; --%	;2	;Disminuir por98.7%	; --%	;
52	;(Miércoles)2026/01/21	;225	;Disminuir por84.1%	; --%	;303	;Disminuir por81.9%	; --%	;33	;Aumentar por17.9%	; --%	;191	;Disminuir por13.6%	; --%	;5	;Disminuir por64.3%	; --%	;21	;Disminuir por87.7%	; --%	;
53	;(Jueves)2026/01/22	;312	;Disminuir por72.0%	; --%	;402	;Disminuir por69.3%	; --%	;15	;Disminuir por59.5%	; --%	;177	;Disminuir por26.3%	; --%	;21	;Aumentar por10.5%	; --%	;49	;Disminuir por70.7%	; --%	;
54	;(Viernes)2026/01/23	;294	;Disminuir por75.4%	; --%	;343	;Disminuir por75.7%	; --%	;25	;Disminuir por34.2%	; --%	;191	;Disminuir por23.9%	; --%	;12	;Disminuir por60.0%	; --%	;28	;Disminuir por85.5%	; --%	;
55	;(Sábado)2026/01/24	;467	;Disminuir por51.4%	; --%	;556	;Disminuir por54.0%	; --%	;7	;Disminuir por81.1%	; --%	;111	;Disminuir por55.6%	; --%	;7	;Disminuir por58.8%	; --%	;18	;Disminuir por90.3%	; --%	;
56	;(Domingo)2026/01/25	;590	;Disminuir por50.0%	; --%	;571	;Disminuir por64.5%	; --%	;9	;Disminuir por88.6%	; --%	;74	;Disminuir por78.4%	; --%	;6	;Disminuir por76.9%	; --%	;11	;Disminuir por93.5%	; --%	;
57	;(Lunes)2026/01/26	;279	;Disminuir por85.1%	; --%	;359	;Disminuir por84.9%	; --%	;17	;Sin cambios	; --%	;191	;Aumentar por27.3%	; --%	;13	;Disminuir por53.6%	; --%	;11	;Disminuir por94.4%	; --%	;
58	;(Martes)2026/01/27	;307	;Disminuir por78.1%	; --%	;351	;Disminuir por81.1%	; --%	;25	;Aumentar por47.1%	; --%	;197	;Aumentar por34.9%	; --%	;11	;Aumentar por22.2%	; --%	;15	;Disminuir por89.2%	; --%	;
59	;(Miércoles)2026/01/28	;213	;Disminuir por77.6%	; --%	;305	;Disminuir por76.5%	; --%	;28	;Disminuir por30.0%	; --%	;202	;Disminuir por21.7%	; --%	;7	;Disminuir por69.6%	; --%	;7	;Disminuir por95.6%	; --%	;
60	;(Jueves)2026/01/29	;318	;Disminuir por73.8%	; --%	;381	;Disminuir por74.4%	; --%	;20	;Disminuir por37.5%	; --%	;186	;Sin cambios	; --%	;18	;Disminuir por10.0%	; --%	;23	;Disminuir por86.1%	; --%	;
61	;(Viernes)2026/01/30	;385	;Disminuir por59.9%	; --%	;456	;Disminuir por65.6%	; --%	;21	;Disminuir por65.0%	; --%	;165	;Disminuir por45.2%	; --%	;29	;Aumentar por26.1%	; --%	;32	;Disminuir por81.0%	; --%	;
62	;(Sábado)2026/01/31	;374	;Disminuir por66.7%	; --%	;576	;Disminuir por60.9%	; --%	;14	;Disminuir por61.1%	; --%	;113	;Disminuir por56.0%	; --%	;2	;Disminuir por92.3%	; --%	;7	;Disminuir por96.3%	; --%	;
63	;(Domingo)2026/02/01	;503	;Disminuir por60.3%	; --%	;676	;Disminuir por57.9%	; --%	;8	;Disminuir por88.2%	; --%	;97	;Disminuir por68.5%	; --%	;8	;Disminuir por76.5%	; --%	;14	;Disminuir por92.9%	; --%	;
64	;(Lunes)2026/02/02	;238	;Disminuir por88.1%	; --%	;304	;Disminuir por88.0%	; --%	;7	;Disminuir por74.1%	; --%	;179	;Disminuir por17.5%	; --%	;9	;Disminuir por70.0%	; --%	;16	;Disminuir por90.5%	; --%	;
65	;(Martes)2026/02/03	;343	;Disminuir por81.4%	; --%	;418	;Disminuir por81.8%	; --%	;24	;Aumentar por20.0%	; --%	;190	;Aumentar por137.5%	; --%	;9	;Disminuir por52.6%	; --%	;14	;Disminuir por90.3%	; --%	;
66	;(Miércoles)2026/02/04	;221	;Disminuir por85.5%	; --%	;277	;Disminuir por85.7%	; --%	;13	;Disminuir por55.2%	; --%	;156	;Disminuir por31.3%	; --%	;8	;Disminuir por60.0%	; --%	;14	;Disminuir por92.3%	; --%	;
67	;(Jueves)2026/02/05	;287	;Disminuir por81.9%	; --%	;376	;Disminuir por80.2%	; --%	;12	;Disminuir por52.0%	; --%	;150	;Disminuir por27.2%	; --%	;6	;Disminuir por60.0%	; --%	;12	;Disminuir por93.5%	; --%	;
68	;(Viernes)2026/02/06	;341	;Disminuir por71.2%	; --%	;465	;Disminuir por64.8%	; --%	;19	;Disminuir por40.6%	; --%	;151	;Disminuir por25.6%	; --%	;25	;Aumentar por31.6%	; --%	;26	;Disminuir por80.9%	; --%	;
69	;(Sábado)2026/02/07	;558	; --%	; --%	;756	; --%	; --%	;8	; --%	; --%	;103	; --%	; --%	;12	; --%	; --%	;17	; --%	; --%	;
70	;(Domingo)2026/02/08	;366	;Disminuir por71.1%	; --%	;502	;Disminuir por69.2%	; --%	;4	;Disminuir por81.0%	; --%	;76	;Disminuir por50.0%	; --%	;7	;Disminuir por46.2%	; --%	;8	;Disminuir por93.4%	; --%	;
71	;(Lunes)2026/02/09	;356	;Disminuir por80.7%	; --%	;475	;Disminuir por80.7%	; --%	;25	;Aumentar por38.9%	; --%	;164	;Aumentar por5.1%	; --%	;11	;Disminuir por63.3%	; --%	;15	;Disminuir por91.2%	; --%	;
72	;(Martes)2026/02/10	;380	;Disminuir por72.4%	; --%	;412	;Disminuir por79.0%	; --%	;26	;Aumentar por23.8%	; --%	;163	;Aumentar por44.2%	; --%	;13	;Disminuir por45.8%	; --%	;17	;Disminuir por89.8%	; --%	;
73	;(Miércoles)2026/02/11	;321	;Disminuir por67.7%	; --%	;400	;Disminuir por69.4%	; --%	;13	;Disminuir por40.9%	; --%	;173	;Disminuir por19.5%	; --%	;15	;Disminuir por53.1%	; --%	;31	;Disminuir por83.0%	; --%	;
74	;(Jueves)2026/02/12	;240	;Disminuir por79.8%	; --%	;417	;Disminuir por73.7%	; --%	;22	;Disminuir por38.9%	; --%	;160	;Disminuir por27.3%	; --%	;7	;Disminuir por80.6%	; --%	;10	;Disminuir por95.3%	; --%	;
75	;(Viernes)2026/02/13	;331	;Disminuir por75.8%	; --%	;405	;Disminuir por77.2%	; --%	;27	;Disminuir por27.0%	; --%	;227	;Disminuir por10.3%	; --%	;2	;Disminuir por93.5%	; --%	;9	;Disminuir por95.5%	; --%	;
76	;(Sábado)2026/02/14	;258	;Disminuir por82.4%	; --%	;384	;Disminuir por80.1%	; --%	;8	;Disminuir por79.5%	; --%	;92	;Disminuir por62.1%	; --%	;0	;Disminuir por100.0%	; --%	;1	;Disminuir por99.4%	; --%	;
77	;(Domingo)2026/02/15	;903	;Disminuir por48.1%	; --%	;1005	;Disminuir por52.2%	; --%	;7	;Disminuir por77.4%	; --%	;89	;Disminuir por62.4%	; --%	;5	;Disminuir por82.8%	; --%	;12	;Disminuir por94.2%	; --%	;
78	;(Lunes)2026/02/16	;413	;Disminuir por81.3%	; --%	;475	;Disminuir por83.2%	; --%	;24	;Disminuir por11.1%	; --%	;182	;Aumentar por5.2%	; --%	;20	;Aumentar por11.1%	; --%	;23	;Disminuir por84.7%	; --%	;
79	;(Martes)2026/02/17	;492	;Disminuir por74.6%	; --%	;623	;Disminuir por74.5%	; --%	;17	;Disminuir por29.2%	; --%	;167	;Aumentar por21.0%	; --%	;16	;Disminuir por30.4%	; --%	;22	;Disminuir por87.1%	; --%	;
80	;(Miércoles)2026/02/18	;469	;Disminuir por63.7%	; --%	;545	;Disminuir por68.4%	; --%	;18	;Disminuir por47.1%	; --%	;183	;Disminuir por20.1%	; --%	;15	;Disminuir por31.8%	; --%	;25	;Disminuir por86.5%	; --%	;
81	;(Jueves)2026/02/19	;386	;Disminuir por81.9%	; --%	;520	;Disminuir por81.0%	; --%	;22	;Disminuir por35.3%	; --%	;180	;Disminuir por24.1%	; --%	;14	;Disminuir por48.1%	; --%	;13	;Disminuir por93.7%	; --%	;
82	;(Viernes)2026/02/20	;738	;Disminuir por67.0%	; --%	;814	;Disminuir por72.0%	; --%	;21	;Disminuir por36.4%	; --%	;227	;Disminuir por6.2%	; --%	;20	;Aumentar por5.3%	; --%	;56	;Disminuir por40.4%	; --%	;
83	;(Sábado)2026/02/21	;1028	;Disminuir por37.6%	; --%	;1246	;Disminuir por41.4%	; --%	;21	;Disminuir por54.3%	; --%	;191	;Disminuir por24.2%	; --%	;10	;Disminuir por61.5%	; --%	;19	;Disminuir por89.0%	; --%	;
84	;(Domingo)2026/02/22	;886	;Disminuir por50.3%	; --%	;1105	;Disminuir por52.6%	; --%	;8	;Disminuir por84.3%	; --%	;104	;Disminuir por66.1%	; --%	;11	;Disminuir por67.6%	; --%	;17	;Disminuir por89.9%	; --%	;
85	;(Lunes)2026/02/23	;345	;Disminuir por83.7%	; --%	;438	;Disminuir por83.1%	; --%	;34	;Disminuir por90.7%	; --%	;227	;Disminuir por54.0%	; --%	;17	;Aumentar por13.3%	; --%	;17	;Disminuir por84.3%	; --%	;
86	;(Martes)2026/02/24	;465	;Disminuir por73.4%	; --%	;588	;Disminuir por76.1%	; --%	;17	;Disminuir por22.7%	; --%	;208	;Aumentar por52.9%	; --%	;24	;Sin cambios	; --%	;27	;Disminuir por84.1%	; --%	;
87	;(Miércoles)2026/02/25	;363	;Disminuir por74.0%	; --%	;465	;Disminuir por73.9%	; --%	;20	;Disminuir por44.4%	; --%	;167	;Disminuir por21.6%	; --%	;17	;Disminuir por43.3%	; --%	;26	;Disminuir por86.6%	; --%	;
88	;(Jueves)2026/02/26	;389	;Disminuir por78.6%	; --%	;430	;Disminuir por81.7%	; --%	;25	;Disminuir por46.8%	; --%	;175	;Disminuir por21.2%	; --%	;18	;Disminuir por50.0%	; --%	;46	;Disminuir por74.4%	; --%	;
89	;(Viernes)2026/02/27	;385	;Disminuir por79.7%	; --%	;425	;Disminuir por82.8%	; --%	;23	;Disminuir por28.1%	; --%	;121	;Disminuir por49.4%	; --%	;15	;Disminuir por44.4%	; --%	;8	;Disminuir por95.5%	; --%	;
90	;(Sábado)2026/02/28	;748	;Disminuir por55.7%	; --%	;786	;Disminuir por66.4%	; --%	;19	;Disminuir por58.7%	; --%	;91	;Disminuir por60.4%	; --%	;2	;Disminuir por91.3%	; --%	;3	;Disminuir por98.4%	; --%	;
91	;(Domingo)2026/03/01	;509	;Aumentar por350.4%	; --%	;613	;Aumentar por157.6%	; --%	;9	;Aumentar por350.0%	; --%	;51	;Aumentar por410.0%	; --%	;11	;Aumentar por1000.0%	; --%	;4	;Disminuir por88.2%	; --%	;
92	;(Lunes)2026/03/02	;352	; --%	; --%	;421	; --%	; --%	;24	; --%	; --%	;189	; --%	; --%	;12	; --%	; --%	;33	; --%	; --%	;
93	;(Martes)2026/03/03	;311	; --%	; --%	;315	; --%	; --%	;15	; --%	; --%	;131	; --%	; --%	;4	; --%	; --%	;18	; --%	; --%	;
94	;(Miércoles)2026/03/04	;294	; --%	; --%	;332	; --%	; --%	;35	; --%	; --%	;228	; --%	; --%	;9	; --%	; --%	;16	; --%	; --%	;
95	;(Jueves)2026/03/05	;269	; --%	; --%	;320	; --%	; --%	;30	; --%	; --%	;249	; --%	; --%	;0	; --%	; --%	;3	; --%	; --%	;
96	;(Viernes)2026/03/06	;331	; --%	; --%	;365	; --%	; --%	;40	; --%	; --%	;298	; --%	; --%	;3	; --%	; --%	;3	; --%	; --%	;
97	;(Sábado)2026/03/07	;437	; --%	; --%	;368	; --%	; --%	;25	; --%	; --%	;168	; --%	; --%	;0	; --%	; --%	;0	; --%	; --%	;
98	;(Domingo)2026/03/08	;783	; --%	; --%	;833	; --%	; --%	;6	; --%	; --%	;112	; --%	; --%	;13	; --%	; --%	;8	; --%	; --%	;
99	;(Lunes)2026/03/09	;417	; --%	; --%	;421	; --%	; --%	;27	; --%	; --%	;206	; --%	; --%	;6	; --%	; --%	;3	; --%	; --%	;
100	;(Martes)2026/03/10	;358	; --%	; --%	;424	; --%	; --%	;30	; --%	; --%	;217	; --%	; --%	;11	; --%	; --%	;24	; --%	; --%	;
101	;(Miércoles)2026/03/11	;557	;Disminuir por29.1%	; --%	;631	;Disminuir por27.2%	; --%	;16	;Aumentar por128.6%	; --%	;246	;Aumentar por339.3%	; --%	;16	;Aumentar por128.6%	; --%	;49	;Disminuir por10.9%	; --%	;
102	;(Jueves)2026/03/12	;533	;Aumentar por6562.5%	; --%	;587	;Aumentar por5236.4%	; --%	;22	; --%	; --%	;253	;Aumentar por4960.0%	; --%	;11	; --%	; --%	;50	;Aumentar por1566.7%	; --%	;
103	;(Viernes)2026/03/13	;668	;Aumentar por67.8%	; --%	;733	;Aumentar por115.0%	; --%	;36	;Aumentar por500.0%	; --%	;271	;Aumentar por652.8%	; --%	;15	;Aumentar por650.0%	; --%	;40	;Aumentar por207.7%	; --%	;
104	;(Sábado)2026/03/14	;970	; --%	; --%	;1040	; --%	; --%	;14	; --%	; --%	;152	; --%	; --%	;12	; --%	; --%	;22	; --%	; --%	;
105	;(Domingo)2026/03/15	;983	;Disminuir por55.0%	; --%	;1088	;Disminuir por58.9%	; --%	;18	;Disminuir por52.6%	; --%	;130	;Disminuir por34.3%	; --%	;4	;Disminuir por87.1%	; --%	;8	;Disminuir por94.1%	; --%	;
106	;(Lunes)2026/03/16	;600	;Disminuir por76.9%	; --%	;685	;Disminuir por79.5%	; --%	;23	;Aumentar por21.1%	; --%	;247	;Aumentar por59.4%	; --%	;17	;Disminuir por10.5%	; --%	;27	;Disminuir por84.7%	; --%	;
107	;(Martes)2026/03/17	;758	;Disminuir por82.0%	; --%	;914	;Disminuir por84.0%	; --%	;36	;Aumentar por125.0%	; --%	;260	;Aumentar por147.6%	; --%	;23	;Disminuir por37.8%	; --%	;62	;Disminuir por65.7%	; --%	;
108	;(Miércoles)2026/03/18	;887	;Disminuir por64.1%	; --%	;1053	;Disminuir por66.6%	; --%	;30	;Disminuir por21.1%	; --%	;264	;Aumentar por19.5%	; --%	;19	;Disminuir por36.7%	; --%	;54	;Disminuir por72.4%	; --%	;
109	;(Jueves)2026/03/19	;1119	;Disminuir por59.9%	; --%	;1332	;Disminuir por60.6%	; --%	;7	;Disminuir por80.0%	; --%	;127	;Disminuir por38.6%	; --%	;12	;Disminuir por75.5%	; --%	;45	;Disminuir por76.7%	; --%	;
110	;(Viernes)2026/03/20	;1172	;Disminuir por62.4%	; --%	;1396	;Disminuir por60.2%	; --%	;25	;Disminuir por19.4%	; --%	;252	;Aumentar por22.9%	; --%	;7	;Disminuir por84.8%	; --%	;60	;Disminuir por68.6%	; --%	;
111	;(Sábado)2026/03/21	;1574	;Disminuir por43.7%	; --%	;1754	;Disminuir por48.7%	; --%	;20	;Disminuir por51.2%	; --%	;184	;Disminuir por7.5%	; --%	;8	;Disminuir por69.2%	; --%	;48	;Disminuir por76.4%	; --%	;
112	;(Domingo)2026/03/22	;1258	;Disminuir por41.2%	; --%	;1347	;Disminuir por53.6%	; --%	;16	;Disminuir por76.5%	; --%	;126	;Disminuir por51.5%	; --%	;7	;Disminuir por80.0%	; --%	;60	;Disminuir por71.7%	; --%	;
113	;(Lunes)2026/03/23	;497	;Disminuir por81.6%	; --%	;577	;Disminuir por82.3%	; --%	;31	;Aumentar por40.9%	; --%	;251	;Aumentar por80.6%	; --%	;7	;Disminuir por65.0%	; --%	;33	;Disminuir por82.3%	; --%	;
114	;(Martes)2026/03/24	;731	;Disminuir por73.6%	; --%	;818	;Disminuir por78.1%	; --%	;44	;Aumentar por193.3%	; --%	;313	;Aumentar por154.5%	; --%	;12	;Disminuir por65.7%	; --%	;56	;Disminuir por71.3%	; --%	;
115	;(Miércoles)2026/03/25	;490	;Disminuir por78.4%	; --%	;562	;Disminuir por80.5%	; --%	;10	;Disminuir por47.4%	; --%	;122	;Disminuir por33.3%	; --%	;16	;Disminuir por56.8%	; --%	;53	;Disminuir por74.4%	; --%	;
116	;(Jueves)2026/03/26	;595	;Disminuir por78.6%	; --%	;714	;Disminuir por78.8%	; --%	;33	;Disminuir por10.8%	; --%	;289	;Aumentar por19.9%	; --%	;10	;Disminuir por56.5%	; --%	;58	;Disminuir por68.0%	; --%	;
117	;(Viernes)2026/03/27	;915	;Disminuir por71.1%	; --%	;998	;Disminuir por73.3%	; --%	;39	;Disminuir por31.6%	; --%	;292	;Aumentar por35.2%	; --%	;16	;Disminuir por36.0%	; --%	;86	;Disminuir por56.6%	; --%	;
118	;(Sábado)2026/03/28	;1939	;Disminuir por27.4%	; --%	;2236	;Disminuir por33.4%	; --%	;20	;Disminuir por65.5%	; --%	;176	;Disminuir por29.9%	; --%	;12	;Disminuir por67.6%	; --%	;76	;Disminuir por62.0%	; --%	;
119	;(Domingo)2026/03/29	;1738	;Disminuir por42.9%	; --%	;2167	;Disminuir por42.7%	; --%	;17	;Disminuir por15.0%	; --%	;148	;Disminuir por16.4%	; --%	;16	;Disminuir por52.9%	; --%	;51	;Disminuir por73.4%	; --%	;
120	;(Lunes)2026/03/30	;1381	;Disminuir por54.9%	; --%	;1402	;Disminuir por61.7%	; --%	;38	;Aumentar por35.7%	; --%	;242	;Aumentar por68.1%	; --%	;23	;Disminuir por14.8%	; --%	;87	;Disminuir por51.9%	; --%	;
121	;(Martes)2026/03/31	;1551	;Disminuir por50.9%	; --%	;1824	;Disminuir por52.9%	; --%	;27	;Aumentar por92.9%	; --%	;259	;Aumentar por129.2%	; --%	;23	;Disminuir por23.3%	; --%	;80	;Disminuir por58.1%	; --%	;
122	;(Miércoles)2026/04/01	;1298	;Disminuir por40.1%	; --%	;1673	;Disminuir por38.3%	; --%	;40	;Aumentar por53.8%	; --%	;295	;Aumentar por42.5%	; --%	;19	;Disminuir por24.0%	; --%	;111	;Disminuir por38.7%	; --%	;
123	;(Jueves)2026/04/02	;3594	;Aumentar por15.5%	; --%	;4170	;Aumentar por16.6%	; --%	;58	;Aumentar por81.3%	; --%	;247	;Aumentar por13.8%	; --%	;41	;Aumentar por13.9%	; --%	;118	;Disminuir por25.8%	; --%	;
124	;(Viernes)2026/04/03	;6726	;Aumentar por102.7%	; --%	;6923	;Aumentar por75.3%	; --%	;22	;Disminuir por93.0%	; --%	;103	;Disminuir por78.2%	; --%	;34	;Aumentar por25.9%	; --%	;114	;Disminuir por44.7%	; --%	;
125	;(Sábado)2026/04/04	;4215	;Aumentar por33.1%	; --%	;5114	;Aumentar por35.8%	; --%	;29	;Disminuir por47.3%	; --%	;139	;Disminuir por40.1%	; --%	;35	;Disminuir por42.6%	; --%	;118	;Disminuir por48.5%	; --%	;
126	;(Domingo)2026/04/05	;3900	;Aumentar por40.0%	; --%	;4604	;Aumentar por35.6%	; --%	;20	;Disminuir por50.0%	; --%	;99	;Disminuir por54.6%	; --%	;20	;Disminuir por54.5%	; --%	;120	;Disminuir por40.6%	; --%	;
127	;(Lunes)2026/04/06	;1749	;Disminuir por44.8%	; --%	;2330	;Disminuir por41.3%	; --%	;8	;Disminuir por61.9%	; --%	;122	;Disminuir por17.0%	; --%	;18	;Disminuir por30.8%	; --%	;126	;Disminuir por27.2%	; --%	;
128	;(Martes)2026/04/07	;1087	;Disminuir por59.0%	; --%	;1368	;Disminuir por56.3%	; --%	;35	;Aumentar por150.0%	; --%	;218	;Aumentar por100.0%	; --%	;36	;Aumentar por28.6%	; --%	;107	;Disminuir por37.4%	; --%	;
129	;(Miércoles)2026/04/08	;1344	;Disminuir por50.2%	; --%	;1545	;Disminuir por49.4%	; --%	;30	;Aumentar por3.4%	; --%	;221	;Disminuir por0.9%	; --%	;35	;Disminuir por7.9%	; --%	;119	;Disminuir por37.7%	; --%	;
130	;(Jueves)2026/04/09	;1114	;Disminuir por57.3%	; --%	;1384	;Disminuir por51.7%	; --%	;45	;Aumentar por45.2%	; --%	;249	;Aumentar por27.0%	; --%	;25	;Disminuir por7.4%	; --%	;95	;Disminuir por49.2%	; --%	;
131	;(Viernes)2026/04/10	;1192	;Disminuir por61.3%	; --%	;1534	;Disminuir por57.0%	; --%	;33	;Disminuir por8.3%	; --%	;226	;Aumentar por18.9%	; --%	;26	;Disminuir por13.3%	; --%	;116	;Disminuir por35.9%	; --%	;
132	;(Sábado)2026/04/11	;2013	;Disminuir por25.1%	; --%	;2333	;Disminuir por24.9%	; --%	;12	;Disminuir por57.1%	; --%	;125	;Disminuir por33.5%	; --%	;7	;Disminuir por77.4%	; --%	;93	;Disminuir por46.2%	; --%	;
133	;(Domingo)2026/04/12	;665	;Disminuir por71.4%	; --%	;794	;Disminuir por72.7%	; --%	;12	;Disminuir por62.5%	; --%	;106	;Disminuir por50.2%	; --%	;7	;Disminuir por84.8%	; --%	;36	;Disminuir por82.9%	; --%	;
134	;(Lunes)2026/04/13	;1037	;Disminuir por54.1%	; --%	;1110	;Disminuir por62.9%	; --%	;11	;Aumentar por120.0%	; --%	;155	;Aumentar por19.2%	; --%	;10	;Disminuir por47.4%	; --%	;42	;Disminuir por75.3%	; --%	;
135	;(Martes)2026/04/14	;769	;Disminuir por61.7%	; --%	;921	;Disminuir por64.6%	; --%	;67	;Aumentar por235.0%	; --%	;268	;Aumentar por97.1%	; --%	;14	;Disminuir por51.7%	; --%	;61	;Disminuir por69.5%	; --%	;
136	;(Miércoles)2026/04/15	;805	;Disminuir por27.2%	; --%	;1021	;Disminuir por9.6%	; --%	;42	;Aumentar por27.3%	; --%	;235	;Aumentar por24.3%	; --%	;38	;Aumentar por46.2%	; --%	;96	;Disminuir por20.0%	; --%	;
137	;(Jueves)2026/04/16	;780	;Disminuir por49.5%	; --%	;903	;Disminuir por53.7%	; --%	;27	;Aumentar por237.5%	; --%	;243	;Aumentar por492.7%	; --%	;30	;Aumentar por150.0%	; --%	;86	;Aumentar por16.2%	; --%	;
138	;(Viernes)2026/04/17	;1055	;Disminuir por42.3%	; --%	;1269	;Disminuir por46.9%	; --%	;37	;Aumentar por5.7%	; --%	;244	;Aumentar por10.4%	; --%	;20	;Disminuir por31.0%	; --%	;97	;Disminuir por46.4%	; --%	;
139	;(Sábado)2026/04/18	;2094	;Aumentar por8.0%	;Disminuir por71.9%	;2384	;Disminuir por3.2%	;Disminuir por66.8%	;7	;Disminuir por87.3%	;Disminuir por22.2%	;137	;Disminuir por44.3%	;Aumentar por132.2%	;17	;Disminuir por56.4%	;Disminuir por67.9%	;112	;Disminuir por42.6%	;Disminuir por10.4%	;
140	;(Domingo)2026/04/19	;1295	;Disminuir por43.9%	;Disminuir por73.6%	;1580	;Disminuir por43.8%	;Disminuir por71.5%	;8	;Disminuir por77.8%	;Disminuir por46.7%	;90	;Disminuir por66.4%	;Disminuir por29.7%	;17	;Disminuir por50.0%	;Disminuir por39.3%	;93	;Disminuir por20.5%	;Disminuir por37.2%	;
141	;(Lunes)2026/04/20	;820	;Disminuir por66.0%	;Disminuir por80.4%	;971	;Disminuir por67.6%	;Disminuir por80.0%	;41	;Aumentar por46.4%	;Aumentar por720.0%	;238	;Aumentar por20.8%	;Aumentar por190.2%	;31	;Disminuir por8.8%	;Aumentar por55.0%	;94	;Disminuir por45.3%	;Disminuir por19.7%	;
142	;(Martes)2026/04/21	;888	;Disminuir por82.8%	;Disminuir por58.9%	;1073	;Disminuir por81.3%	;Disminuir por61.0%	;45	;Aumentar por60.7%	;Aumentar por164.7%	;252	;Aumentar por62.6%	;Aumentar por93.8%	;20	;Aumentar por17.6%	;Disminuir por16.7%	;103	;Disminuir por45.8%	;Disminuir por26.4%	;
143	;(Miércoles)2026/04/22	;941	;Disminuir por78.1%	;Disminuir por19.0%	;1000	;Disminuir por79.3%	;Disminuir por26.3%	;38	;Aumentar por81.0%	;Disminuir por33.3%	;246	;Aumentar por77.0%	;Disminuir por15.8%	;29	;Disminuir por25.6%	;Aumentar por107.1%	;98	;Disminuir por14.0%	;Aumentar por5.4%	;
144	;(Jueves)2026/04/23	;1172	;Disminuir por80.4%	;Disminuir por24.9%	;1542	;Disminuir por76.2%	;Disminuir por20.2%	;34	;Aumentar por70.0%	;Disminuir por24.4%	;244	;Aumentar por96.8%	;Disminuir por1.2%	;19	;Disminuir por24.0%	;Disminuir por29.6%	;101	;Disminuir por1.9%	;Disminuir por21.1%	;
145	;(Viernes)2026/04/24	;1368	;Disminuir por48.9%	;Aumentar por15.7%	;1698	;Disminuir por36.8%	;Aumentar por5.7%	;43	;Sin cambios	;Aumentar por48.3%	;304	;Aumentar por63.4%	;Aumentar por32.8%	;14	;Disminuir por53.3%	;Disminuir por46.2%	;110	;Aumentar por44.7%	;Disminuir por24.1%	;
146	;(Sábado)2026/04/25	;1838	;Disminuir por26.7%	;Aumentar por40.4%	;2320	;Disminuir por8.1%	;Aumentar por31.1%	;8	;Disminuir por63.6%	;Disminuir por77.8%	;131	;Disminuir por12.1%	;Disminuir por49.0%	;15	;Sin cambios	;Sin cambios	;120	;Aumentar por79.1%	;Disminuir por20.0%	;
147	;(Domingo)2026/04/26	;1897	;Disminuir por22.6%	;Aumentar por3.4%	;2080	;Disminuir por18.5%	;Disminuir por10.2%	;2	;Disminuir por94.3%	;Disminuir por92.0%	;66	;Disminuir por60.7%	;Disminuir por64.7%	;20	;Disminuir por28.6%	;Disminuir por25.9%	;104	;Aumentar por33.3%	;Disminuir por26.8%	;
148	;(Lunes)2026/04/27	;838	;Disminuir por77.8%	;Disminuir por58.3%	;991	;Disminuir por75.4%	;Disminuir por58.5%	;29	;Aumentar por141.7%	;Aumentar por163.6%	;216	;Aumentar por176.9%	;Aumentar por105.7%	;30	;Aumentar por30.4%	;Aumentar por172.7%	;117	;Aumentar por77.3%	;Aumentar por91.8%	;
149	;(Martes)2026/04/28	;949	;Disminuir por66.6%	;Aumentar por191.1%	;1087	;Disminuir por65.4%	;Aumentar por230.4%	;18	;Aumentar por38.5%	;Aumentar por157.1%	;209	;Aumentar por202.9%	;Aumentar por161.3%	;15	;Disminuir por48.3%	;Aumentar por1400.0%	;105	;Aumentar por45.8%	;Aumentar por483.3%	;
150	;(Miércoles)2026/04/29	;895	;Disminuir por8.9%	;Aumentar por119.9%	;961	;Disminuir por11.8%	;Aumentar por92.2%	;33	;Aumentar por17.9%	;Aumentar por560.0%	;252	;Aumentar por22.9%	;Aumentar por276.1%	;26	;Disminuir por31.6%	;Aumentar por85.7%	;108	;Disminuir por12.2%	;Aumentar por89.5%	;
151	;(Jueves)2026/04/30	;1218	;Disminuir por13.4%	;Aumentar por2.9%	;1394	;Disminuir por4.5%	;Aumentar por0.4%	;26	;Disminuir por21.2%	;Disminuir por31.6%	;274	;Aumentar por53.1%	;Disminuir por7.1%	;26	;Aumentar por62.5%	;Disminuir por3.7%	;131	;Aumentar por5.6%	;Disminuir por0.8%	;
152	;(Viernes)2026/05/01	;3640	;Aumentar por187.3%	;Aumentar por28.9%	;4184	;Aumentar por178.4%	;Aumentar por19.9%	;12	;Disminuir por64.7%	;Aumentar por9.1%	;98	;Disminuir por55.7%	;Disminuir por28.5%	;10	;Disminuir por67.7%	;Disminuir por63.0%	;109	;Disminuir por19.9%	;Disminuir por22.1%	;
153	;(Sábado)2026/05/02	;3453	;Aumentar por184.2%	;Aumentar por19.1%	;3702	;Aumentar por162.6%	;Aumentar por3.9%	;16	;Disminuir por51.5%	;Disminuir por57.9%	;139	;Disminuir por36.2%	;Disminuir por46.9%	;15	;Disminuir por67.4%	;Disminuir por25.0%	;114	;Disminuir por36.7%	;Aumentar por0.9%	;
154	;(Domingo)2026/05/03	;2161	;Disminuir por25.1%	;Disminuir por23.8%	;2669	;Disminuir por21.0%	;Disminuir por21.1%	;12	;Disminuir por80.6%	;Disminuir por25.0%	;158	;Disminuir por43.2%	;Aumentar por5.3%	;15	;Disminuir por55.9%	;Disminuir por46.4%	;96	;Disminuir por37.7%	;Disminuir por36.0%	;
155	;(Lunes)2026/05/04	;574	;Disminuir por69.6%	;Disminuir por66.1%	;673	;Disminuir por67.4%	;Disminuir por67.2%	;24	;Aumentar por71.4%	;Aumentar por4.3%	;217	;Aumentar por106.7%	;Aumentar por48.6%	;5	;Disminuir por85.3%	;Disminuir por72.2%	;60	;Disminuir por48.3%	;Disminuir por50.8%	;
156	;(Martes)2026/05/05	;705	;Disminuir por77.8%	;Disminuir por19.9%	;822	;Disminuir por75.7%	;Disminuir por15.6%	;18	;Aumentar por63.6%	;Disminuir por62.5%	;239	;Aumentar por206.4%	;Disminuir por14.9%	;13	;Disminuir por60.6%	;Aumentar por18.2%	;80	;Disminuir por38.9%	;Disminuir por33.3%	;
157	;(Miércoles)2026/05/06	;817	;Disminuir por36.9%	;Disminuir por20.4%	;969	;Disminuir por37.9%	;Disminuir por19.6%	;33	;Aumentar por26.9%	;Disminuir por19.5%	;252	;Aumentar por16.1%	;Disminuir por2.3%	;20	;Disminuir por25.9%	;Disminuir por16.7%	;90	;Disminuir por26.2%	;Disminuir por28.6%	;
158	;(Jueves)2026/05/07	;962	;Disminuir por25.6%	;Aumentar por11.9%	;1083	;Disminuir por23.0%	;Aumentar por11.1%	;22	;Disminuir por47.6%	;Disminuir por46.3%	;220	;Disminuir por8.7%	;Disminuir por21.1%	;16	;Disminuir por46.7%	;Aumentar por6.7%	;100	;Disminuir por28.1%	;Disminuir por16.0%	;
159	;(Viernes)2026/05/08	;995	;Disminuir por20.5%	;Aumentar por51.7%	;1135	;Disminuir por24.4%	;Aumentar por35.6%	;20	;Disminuir por25.9%	;Disminuir por52.4%	;221	;Aumentar por9.4%	;Disminuir por27.5%	;16	;Disminuir por23.8%	;Disminuir por33.3%	;108	;Disminuir por15.0%	;Aumentar por10.2%	;
160	;(Sábado)2026/05/09	;1242	;Disminuir por3.6%	;Aumentar por7.3%	;1381	;Disminuir por3.8%	;Aumentar por3.0%	;20	;Disminuir por52.4%	;Disminuir por33.3%	;174	;Disminuir por28.1%	;Disminuir por36.3%	;10	;Disminuir por47.4%	;Disminuir por47.4%	;67	;Disminuir por49.6%	;Disminuir por49.2%	;
161	;(Domingo)2026/05/10	;1551	;Aumentar por11.6%	;Aumentar por2.7%	;1684	;Aumentar por3.8%	;Aumentar por7.8%	;13	;Disminuir por58.1%	;Aumentar por18.2%	;103	;Disminuir por56.9%	;Disminuir por35.6%	;24	;Disminuir por40.0%	;Aumentar por60.0%	;110	;Disminuir por30.4%	;Aumentar por11.1%	;
162	;(Lunes)2026/05/11	;718	;Disminuir por62.2%	;Disminuir por59.6%	;797	;Disminuir por65.1%	;Disminuir por63.5%	;31	;Aumentar por34.8%	;Aumentar por24.0%	;210	;Aumentar por11.1%	;Aumentar por40.9%	;20	;Disminuir por50.0%	;Disminuir por13.0%	;106	;Disminuir por35.8%	;Aumentar por14.0%	;
163	;(Martes)2026/05/12	;1012	;Disminuir por14.2%	;Aumentar por27.9%	;1196	;Disminuir por19.3%	;Aumentar por36.1%	;23	;Sin cambios	;Disminuir por42.5%	;219	;Aumentar por67.2%	;Disminuir por17.7%	;16	;Sin cambios	;Disminuir por27.3%	;105	;Disminuir por5.4%	;Disminuir por10.3%	;
164	;(Miércoles)2026/05/13	;965	;Aumentar por24025.0%	;Aumentar por17.3%	;1015	;Aumentar por25275.0%	;Aumentar por8.1%	;29	; --%	;Aumentar por11.5%	;215	;Aumentar por7066.7%	;Disminuir por1.4%	;16	; --%	;Disminuir por48.4%	;112	; --%	;Disminuir por5.9%	;
165	;(Jueves)2026/05/14	;916	;Aumentar por43.1%	;Aumentar por21.5%	;1050	;Aumentar por33.6%	;Aumentar por24.1%	;38	;Aumentar por216.7%	;Disminuir por19.1%	;241	;Aumentar por117.1%	;Aumentar por11.1%	;16	;Aumentar por60.0%	;Disminuir por20.0%	;121	;Aumentar por39.1%	;Aumentar por80.6%	;
166	;(Viernes)2026/05/15	;1607	;Aumentar por38.8%	; --%	;1921	;Aumentar por38.5%	; --%	;28	;Disminuir por33.3%	; --%	;253	;Aumentar por3.3%	; --%	;18	;Disminuir por45.5%	; --%	;111	;Sin cambios	; --%	;
167	;(Sábado)2026/05/16	;2280	;Aumentar por141.8%	; --%	;2547	;Aumentar por149.2%	; --%	;15	;Disminuir por53.1%	; --%	;142	;Disminuir por36.6%	; --%	;10	;Disminuir por47.4%	; --%	;112	;Aumentar por4.7%	; --%	;
168	;(Domingo)2026/05/17	;1317	;Aumentar por38.5%	; --%	;1592	;Aumentar por39.9%	; --%	;8	;Disminuir por82.6%	; --%	;105	;Disminuir por59.0%	; --%	;19	;Disminuir por29.6%	; --%	;111	;Disminuir por3.5%	; --%	;
169	;(Lunes)2026/05/18	;977	;Disminuir por49.6%	; --%	;1082	;Disminuir por50.4%	; --%	;36	;Aumentar por111.8%	; --%	;225	;Aumentar por43.3%	; --%	;16	;Disminuir por27.3%	; --%	;113	;Aumentar por10.8%	; --%	;
170	;(Martes)2026/05/19	;963	;Disminuir por28.3%	; --%	;1025	;Disminuir por39.3%	; --%	;27	;Aumentar por17.4%	; --%	;208	;Aumentar por63.8%	; --%	;22	;Sin cambios	; --%	;121	;Aumentar por4.3%	; --%	;
171	;(Miércoles)2026/05/20	;824	;Disminuir por49.0%	; --%	;963	;Disminuir por39.5%	; --%	;30	;Aumentar por7.1%	; --%	;198	;Aumentar por4.2%	; --%	;28	;Aumentar por33.3%	; --%	;118	;Aumentar por14.6%	; --%	;
172	;(Jueves)2026/05/21	;833	;Disminuir por18.7%	; --%	;956	;Disminuir por19.0%	; --%	;33	;Aumentar por32.0%	; --%	;227	;Aumentar por12.9%	; --%	;18	;Disminuir por37.9%	; --%	;127	;Aumentar por6.7%	; --%	;
173	;(Viernes)2026/05/22	;1419	;Aumentar por52.1%	; --%	;1607	;Aumentar por65.0%	; --%	;28	;Disminuir por42.9%	; --%	;231	;Disminuir por1.7%	; --%	;25	;Disminuir por26.5%	; --%	;126	;Disminuir por3.1%	; --%	;
174	;(Sábado)2026/05/23	;2329	;Aumentar por90.7%	;Aumentar por193.7%	;2898	;Aumentar por123.4%	;Aumentar por191.3%	;33	;Disminuir por8.3%	;Aumentar por73.7%	;197	;Aumentar por50.4%	;Aumentar por33.1%	;28	;Aumentar por64.7%	;Aumentar por366.7%	;145	;Aumentar por74.7%	;Aumentar por26.1%	;
175	;(Domingo)2026/05/24	;1656	;Aumentar por16.3%	;Disminuir por27.0%	;1988	;Aumentar por16.3%	;Disminuir por26.4%	;20	;Disminuir por57.4%	;Aumentar por100.0%	;111	;Disminuir por53.8%	;Disminuir por16.5%	;18	;Aumentar por100.0%	;Disminuir por67.9%	;132	;Aumentar por120.0%	;Disminuir por16.5%	;
176	;(Lunes)2026/05/25	;883	;Aumentar por6.3%	;Disminuir por43.7%	;1081	;Aumentar por28.4%	;Disminuir por44.6%	;21	;Disminuir por59.6%	;Aumentar por50.0%	;229	;Aumentar por24.5%	;Aumentar por108.2%	;19	;Aumentar por850.0%	;Aumentar por35.7%	;149	;Aumentar por2028.6%	;Aumentar por15.5%	;
177	;(Martes)2026/05/26	;1115	;Aumentar por97.0%	;Aumentar por20.0%	;1200	;Aumentar por68.3%	;Aumentar por5.1%	;18	;Disminuir por14.3%	;Disminuir por28.0%	;201	;Aumentar por71.8%	;Disminuir por13.4%	;14	;Aumentar por366.7%	;Disminuir por33.3%	;125	;Aumentar por861.5%	;Disminuir por12.0%	;
178	;(Miércoles)2026/05/27	;1211	;Aumentar por189.0%	;Aumentar por22.2%	;1305	;Aumentar por143.5%	;Aumentar por24.6%	;31	;Aumentar por19.2%	;Disminuir por3.1%	;232	;Aumentar por17.2%	;Sin cambios	;19	;Aumentar por137.5%	;Disminuir por9.5%	;140	;Aumentar por418.5%	;Disminuir por10.3%	;
179	;(Jueves)2026/05/28	;1001	;Aumentar por0.1%	;Aumentar por3.6%	;1063	;Disminuir por5.4%	;Disminuir por10.6%	;42	;Aumentar por31.3%	;Disminuir por4.5%	;268	;Aumentar por28.2%	;Sin cambios	;14	;Sin cambios	;Disminuir por30.0%	;149	;Aumentar por112.9%	;Aumentar por13.7%	;
180	;(Viernes)2026/05/29	;1202	;Aumentar por19.7%	;Aumentar por27.2%	;1396	;Aumentar por29.1%	;Aumentar por29.9%	;31	;Disminuir por18.4%	;Disminuir por31.1%	;254	;Aumentar por16.0%	;Disminuir por10.9%	;29	;Aumentar por81.3%	;Aumentar por20.8%	;162	;Aumentar por72.3%	;Aumentar por3.8%	;
181	;(Sábado)2026/05/30	;2072	;Aumentar por205.2%	;Aumentar por90.4%	;2324	;Aumentar por195.3%	;Aumentar por65.6%	;19	;Disminuir por13.6%	;Disminuir por44.1%	;150	;Disminuir por26.1%	;Disminuir por45.1%	;24	;Aumentar por166.7%	;Disminuir por14.3%	;153	;Aumentar por62.8%	;Disminuir por14.0%	;
182	;(Domingo)2026/05/31	;1695	;Aumentar por88.1%	;Disminuir por9.3%	;1965	;Aumentar por90.0%	;Disminuir por16.6%	;13	;Disminuir por53.6%	;Disminuir por56.7%	;115	;Disminuir por41.9%	;Disminuir por33.9%	;15	;Disminuir por25.0%	;Disminuir por16.7%	;156	;Disminuir por7.1%	;Aumentar por8.3%	;
183	;(Lunes)2026/06/01	;928	;Disminuir por45.7%	;Disminuir por34.0%	;974	;Disminuir por50.8%	;Disminuir por50.0%	;40	;Aumentar por263.6%	;Aumentar por207.7%	;249	;Aumentar por173.6%	;Aumentar por137.1%	;12	;Sin cambios	;Disminuir por36.8%	;131	;Disminuir por39.9%	;Disminuir por20.1%	;
184	;(Martes)2026/06/02	;1055	;Disminuir por31.7%	;Aumentar por2.2%	;1243	;Disminuir por23.3%	;Aumentar por5.0%	;19	;Aumentar por90.0%	;Sin cambios	;220	;Aumentar por152.9%	;Disminuir por4.3%	;30	;Aumentar por20.0%	;Aumentar por20.0%	;164	;Aumentar por21.5%	;Aumentar por6.5%	;
185	;(Miércoles)2026/06/03	;1254	;Aumentar por54.1%	;Aumentar por32.3%	;1471	;Aumentar por43.7%	;Aumentar por40.2%	;34	;Disminuir por2.9%	;Aumentar por13.3%	;240	;Aumentar por25.7%	;Disminuir por5.1%	;26	;Aumentar por23.8%	;Aumentar por52.9%	;147	;Aumentar por45.5%	;Aumentar por8.1%	;
186	;(Jueves)2026/06/04	;1171	;Aumentar por30.5%	;Aumentar por39.6%	;1217	;Aumentar por21.1%	;Aumentar por23.1%	;42	;Aumentar por100.0%	;Aumentar por40.0%	;231	;Aumentar por19.1%	;Disminuir por10.5%	;16	;Disminuir por40.7%	;Disminuir por15.8%	;162	;Aumentar por57.3%	;Aumentar por3.2%	;
187	;(Viernes)2026/06/05	;1683	;Aumentar por112.5%	;Aumentar por81.9%	;2008	;Aumentar por141.3%	;Aumentar por90.5%	;39	;Aumentar por21.9%	;Aumentar por62.5%	;306	;Aumentar por40.4%	;Aumentar por18.1%	;13	;Disminuir por23.5%	;Disminuir por53.6%	;86	;Disminuir por14.9%	;Disminuir por43.4%	;
188	;(Sábado)2026/06/06	;2648	;Aumentar por334.8%	;Aumentar por122.1%	;3089	;Aumentar por335.1%	;Aumentar por117.1%	;22	;Sin cambios	;Disminuir por46.3%	;179	;Disminuir por20.4%	;Disminuir por29.2%	;16	;Aumentar por45.5%	;Disminuir por15.8%	;144	;Aumentar por77.8%	;Disminuir por3.4%	;
189	;(Domingo)2026/06/07	;1811	;Aumentar por96.0%	;Disminuir por19.0%	;2176	;Aumentar por92.1%	;Disminuir por13.1%	;12	;Disminuir por61.3%	;Disminuir por63.6%	;82	;Disminuir por64.3%	;Disminuir por50.9%	;31	;Aumentar por14.8%	;Aumentar por63.2%	;123	;Aumentar por17.1%	;Disminuir por19.1%	;
190	;(Lunes)2026/06/08	;1380	;Disminuir por29.6%	;Disminuir por36.2%	;1490	;Disminuir por29.7%	;Disminuir por41.8%	;17	;Disminuir por5.6%	;Disminuir por43.3%	;206	;Aumentar por51.5%	;Aumentar por76.1%	;19	;Aumentar por5.6%	;Disminuir por20.8%	;129	;Aumentar por34.4%	;Disminuir por18.9%	;
191	;(Martes)2026/06/09	;1331	;Aumentar por59.4%	;Disminuir por5.9%	;1453	;Aumentar por35.8%	;Disminuir por13.0%	;27	;Aumentar por22.7%	;Disminuir por3.6%	;219	;Aumentar por55.3%	;Disminuir por0.9%	;13	;Aumentar por62.5%	;Disminuir por7.1%	;152	;Aumentar por198.0%	;Disminuir por11.1%	;
192	;(Miércoles)2026/06/10	;1204	;Aumentar por88.7%	;Aumentar por8.1%	;1413	;Aumentar por75.5%	;Aumentar por7.8%	;21	;Sin cambios	;Disminuir por43.2%	;235	;Aumentar por35.8%	;Disminuir por2.1%	;28	;Aumentar por33.3%	;Aumentar por47.4%	;133	;Aumentar por41.5%	;Disminuir por20.4%	;
193	;(Jueves)2026/06/11	;1368	;Aumentar por112.1%	;Aumentar por14.5%	;1668	;Aumentar por102.9%	;Aumentar por18.0%	;35	;Disminuir por12.5%	;Disminuir por7.9%	;249	;Aumentar por9.7%	;Disminuir por0.8%	;18	;Aumentar por38.5%	;Disminuir por40.0%	;155	;Aumentar por84.5%	;Disminuir por19.7%	;
194	;(Viernes)2026/06/12	;1343	;Aumentar por70.0%	;Aumentar por39.8%	;1722	;Aumentar por107.5%	;Aumentar por42.4%	;40	;Aumentar por25.0%	;Aumentar por8.1%	;233	;Aumentar por14.2%	;Disminuir por6.8%	;15	;Disminuir por37.5%	;Disminuir por11.8%	;158	;Aumentar por79.5%	;Disminuir por15.1%	;
195	;(Sábado)2026/06/13	;2171	;Aumentar por286.3%	;Aumentar por84.1%	;2839	;Aumentar por307.3%	;Aumentar por76.6%	;12	;Disminuir por47.8%	;Disminuir por84.8%	;144	;Disminuir por36.8%	;Disminuir por57.9%	;13	;Disminuir por35.0%	;Disminuir por50.0%	;143	;Aumentar por40.2%	;Disminuir por15.4%	;
196	;(Domingo)2026/06/14	;1517	;Aumentar por121.5%	;Disminuir por19.2%	;2002	;Aumentar por135.0%	;Disminuir por15.6%	;12	;Disminuir por61.3%	;Disminuir por29.4%	;114	;Disminuir por45.5%	;Disminuir por24.0%	;16	;Disminuir por50.0%	;Disminuir por42.9%	;165	;Aumentar por29.9%	;Disminuir por15.4%	;
197	;(Lunes)2026/06/15	;1132	;Disminuir por31.9%	;Disminuir por19.4%	;1447	;Disminuir por21.9%	;Disminuir por22.3%	;30	;Aumentar por57.9%	;Aumentar por76.5%	;237	;Aumentar por37.0%	;Aumentar por62.3%	;19	;Disminuir por9.5%	;Aumentar por111.1%	;167	;Aumentar por75.8%	;Aumentar por20.1%	;
198	;(Martes)2026/06/16	;1132	;Aumentar por17.1%	;Aumentar por18.9%	;1432	;Aumentar por31.7%	;Aumentar por10.2%	;36	;Aumentar por227.3%	;Disminuir por10.0%	;242	;Aumentar por92.1%	;Disminuir por6.2%	;22	;Aumentar por22.2%	;Disminuir por4.3%	;157	;Aumentar por121.1%	;Disminuir por1.9%	;
199	;(Miércoles)2026/06/17	;1240	;Aumentar por244.4%	;Aumentar por2.1%	;1463	;Aumentar por278.0%	;Disminuir por1.7%	;51	;Aumentar por183.3%	;Aumentar por59.4%	;264	;Aumentar por68.2%	;Aumentar por41.9%	;18	;Aumentar por50.0%	;Disminuir por10.0%	;159	;Aumentar por156.5%	;Disminuir por3.6%	;
200	;(Jueves)2026/06/18	;1319	;Aumentar por386.7%	;Aumentar por37.5%	;1654	;Aumentar por538.6%	;Aumentar por24.8%	;31	;Aumentar por244.4%	;Disminuir por48.3%	;251	;Aumentar por169.9%	;Disminuir por16.6%	;30	;Aumentar por130.8%	;Aumentar por30.4%	;173	;Aumentar por367.6%	;Aumentar por3.0%	;
201	;(Viernes)2026/06/19	;1196	;Aumentar por99.3%	;Aumentar por6.5%	;1603	;Aumentar por189.4%	;Aumentar por8.8%	;28	;Disminuir por36.4%	;Disminuir por22.2%	;251	;Aumentar por8.2%	;Disminuir por2.3%	;19	;Sin cambios	;Disminuir por26.9%	;164	;Aumentar por192.9%	;Disminuir por13.2%	;
202	;(Sábado)2026/06/20	;2119	;Aumentar por425.8%	;Aumentar por67.2%	;2507	;Aumentar por405.4%	;Aumentar por56.2%	;17	;Disminuir por48.5%	;Disminuir por75.0%	;143	;Disminuir por37.6%	;Disminuir por53.6%	;25	;Disminuir por3.8%	;Disminuir por26.5%	;155	;Aumentar por134.8%	;Disminuir por21.7%	;
203	;(Domingo)2026/06/21	;1585	;Aumentar por189.2%	;Disminuir por21.0%	;1967	;Aumentar por221.4%	;Disminuir por22.0%	;10	;Disminuir por71.4%	;Disminuir por63.0%	;124	;Disminuir por48.3%	;Disminuir por42.9%	;28	;Aumentar por21.7%	;Disminuir por6.7%	;200	;Aumentar por170.3%	;Aumentar por19.0%	;
204	;(Lunes)2026/06/22	;1312	;Aumentar por43.4%	;Disminuir por28.9%	;1752	;Aumentar por56.0%	;Disminuir por23.9%	;39	;Aumentar por69.6%	;Aumentar por95.0%	;229	;Aumentar por64.7%	;Aumentar por186.3%	;34	;Aumentar por100.0%	;Aumentar por78.9%	;180	;Aumentar por157.1%	;Aumentar por25.0%	;
205	;(Martes)2026/06/23	;1435	;Aumentar por83.7%	;Disminuir por6.1%	;1870	;Aumentar por98.3%	;Disminuir por3.6%	;42	;Aumentar por366.7%	;Aumentar por44.8%	;246	;Aumentar por146.0%	;Aumentar por8.4%	;21	;Aumentar por10.5%	;Aumentar por5.0%	;149	;Aumentar por101.4%	;Disminuir por18.1%	;
206	;(Miércoles)2026/06/24	;1781	;Aumentar por241.8%	;Aumentar por12.5%	;2071	;Aumentar por292.2%	;Aumentar por8.9%	;16	;Aumentar por14.3%	;Disminuir por36.0%	;155	;Disminuir por14.4%	;Disminuir por24.8%	;20	;Disminuir por9.1%	;Aumentar por33.3%	;166	;Aumentar por67.7%	;Disminuir por9.8%	;
207	;(Jueves)2026/06/25	;1655	;Aumentar por267.0%	;Aumentar por40.0%	;2205	;Aumentar por309.1%	;Aumentar por67.0%	;45	;Aumentar por80.0%	;Aumentar por40.6%	;267	;Aumentar por23.0%	;Aumentar por31.5%	;24	;Aumentar por41.2%	;Aumentar por26.3%	;185	;Aumentar por146.7%	;Aumentar por36.0%	;
208	;(Viernes)2026/06/26	;1748	;Aumentar por267.2%	; --%	;2338	;Aumentar por320.5%	; --%	;53	;Aumentar por43.2%	; --%	;295	;Aumentar por36.6%	; --%	;29	;Aumentar por107.1%	; --%	;197	;Aumentar por185.5%	; --%	;
209	;(Sábado)2026/06/27	;2049	;Aumentar por280.9%	;Aumentar por61.6%	;2591	;Aumentar por335.5%	;Aumentar por58.8%	;30	;Disminuir por14.3%	;Aumentar por42.9%	;174	;Disminuir por20.5%	;Aumentar por14.5%	;25	;Disminuir por13.8%	;Aumentar por92.3%	;185	;Aumentar por146.7%	;Aumentar por51.6%	;
210	;(Domingo)2026/06/28	;1704	;Aumentar por146.6%	;Disminuir por7.5%	;2229	;Aumentar por191.8%	;Disminuir por9.4%	;20	;Disminuir por54.5%	;Aumentar por11.1%	;138	;Disminuir por45.2%	;Disminuir por11.5%	;24	;Aumentar por41.2%	;Disminuir por20.0%	;173	;Aumentar por106.0%	;Aumentar por1.2%	;
211	;(Lunes)2026/06/29	;1148	;Disminuir por38.4%	;Disminuir por16.6%	;1489	;Disminuir por19.0%	;Disminuir por24.1%	;45	;Aumentar por114.3%	;Aumentar por114.3%	;235	;Aumentar por58.8%	;Aumentar por108.0%	;26	;Aumentar por100.0%	;Aumentar por8.3%	;166	;Aumentar por127.4%	;Disminuir por0.6%	;
212	;(Martes)2026/06/30	;1156	;Aumentar por61.0%	;Aumentar por16.3%	;1642	;Aumentar por89.4%	;Aumentar por25.5%	;39	;Aumentar por129.4%	;Aumentar por77.3%	;246	;Aumentar por143.6%	;Aumentar por14.4%	;14	;Aumentar por16.7%	;Disminuir por56.3%	;183	;Aumentar por221.1%	;Aumentar por0.5%	;
213	;(Miércoles)2026/07/01	;1481	;Aumentar por296.0%	;Aumentar por24.9%	;1962	;Aumentar por335.0%	;Aumentar por23.9%	;26	;Aumentar por13.0%	;Disminuir por27.8%	;226	;Aumentar por10.2%	;Aumentar por2.7%	;21	;Aumentar por133.3%	;Disminuir por41.7%	;175	;Aumentar por207.0%	;Disminuir por17.5%	;
214	;(Jueves)2026/07/02	;1257	;Aumentar por184.4%	;Disminuir por7.9%	;1666	;Aumentar por225.4%	;Disminuir por6.4%	;29	;Disminuir por37.0%	;Disminuir por21.6%	;219	;Disminuir por1.8%	;Disminuir por13.4%	;29	;Aumentar por480.0%	;Disminuir por6.5%	;205	;Aumentar por318.4%	;Aumentar por2.5%	;
215	;(Viernes)2026/07/03	;1732	;Aumentar por251.3%	;Aumentar por18.2%	;2321	;Aumentar por339.6%	;Aumentar por20.3%	;25	;Disminuir por16.7%	;Disminuir por35.9%	;228	;Disminuir por8.4%	;Disminuir por6.2%	;15	;Aumentar por150.0%	;Disminuir por55.9%	;161	;Aumentar por187.5%	;Disminuir por10.6%	;
216	;(Sábado)2026/07/04	;2119	;Aumentar por477.4%	;Aumentar por21.8%	;2993	;Aumentar por708.9%	;Aumentar por42.4%	;17	;Sin cambios	;Disminuir por45.2%	;152	;Disminuir por37.4%	;Disminuir por35.9%	;40	;Aumentar por233.3%	;Aumentar por37.9%	;213	;Aumentar por280.4%	;Aumentar por3.4%	;
217	;(Domingo)2026/07/05	;2175	;Aumentar por314.3%	;Disminuir por1.6%	;2812	;Aumentar por368.7%	;Disminuir por0.3%	;20	;Disminuir por55.6%	;Disminuir por25.9%	;134	;Disminuir por52.3%	;Disminuir por22.5%	;23	;Aumentar por91.7%	;Aumentar por27.8%	;179	;Aumentar por265.3%	;Aumentar por19.3%	;
218	;(Lunes)2026/07/06	;1307	;Aumentar por42.5%	;Disminuir por32.5%	;1651	;Aumentar por53.7%	;Disminuir por32.4%	;45	;Aumentar por104.5%	;Aumentar por87.5%	;253	;Aumentar por289.2%	;Aumentar por83.3%	;30	;Aumentar por650.0%	;Aumentar por30.4%	;203	;Aumentar por1168.8%	;Aumentar por18.7%	;
219	;(Martes)2026/07/07	;2218	;Aumentar por155.2%	;Aumentar por71.7%	;2791	;Aumentar por175.2%	;Aumentar por61.8%	;42	;Aumentar por500.0%	;Aumentar por23.5%	;224	;Aumentar por267.2%	;Disminuir por2.2%	;28	;Aumentar por75.0%	;Aumentar por27.3%	;172	;Aumentar por266.0%	;Disminuir por7.0%	;
220	;(Miércoles)2026/07/08	;2247	;Aumentar por446.7%	;Aumentar por5.3%	;2708	;Aumentar por532.7%	;Disminuir por1.1%	;33	;Aumentar por106.3%	;Disminuir por2.9%	;242	;Aumentar por5.7%	;Aumentar por2.1%	;44	;Aumentar por131.6%	;Aumentar por63.0%	;223	;Aumentar por248.4%	;Aumentar por8.3%	;
221	;(Jueves)2026/07/09	;1845	;Aumentar por222.0%	;Disminuir por17.4%	;2345	;Aumentar por243.3%	;Disminuir por19.3%	;33	;Aumentar por57.1%	;Sin cambios	;233	;Aumentar por8.9%	;Disminuir por3.7%	;36	;Aumentar por140.0%	;Aumentar por89.5%	;222	;Aumentar por326.9%	;Aumentar por136.2%	;
222	;(Viernes)2026/07/10	;1314	;Aumentar por124.6%	;Disminuir por20.3%	;1850	;Aumentar por185.9%	;Disminuir por12.9%	;31	;Disminuir por29.5%	;Disminuir por32.6%	;237	;Aumentar por2.2%	;Disminuir por6.0%	;27	;Aumentar por237.5%	;Aumentar por3.8%	;214	;Aumentar por336.7%	;Aumentar por23.7%	;
223	;(Sábado)2026/07/11	;2405	;Aumentar por336.5%	;Aumentar por34.8%	;3038	;Aumentar por319.0%	;Aumentar por30.4%	;19	;Disminuir por34.5%	;Disminuir por62.7%	;149	;Disminuir por40.9%	;Disminuir por51.5%	;25	;Aumentar por92.3%	;Disminuir por26.5%	;156	;Aumentar por151.6%	;Disminuir por7.7%	;
224	;(Domingo)2026/07/12	;2339	;Disminuir por34.1%	;Aumentar por10.4%	;3235	;Disminuir por15.5%	;Aumentar por24.8%	;28	;Disminuir por12.5%	;Disminuir por92.3%	;135	;Disminuir por42.6%	;Disminuir por72.7%	;31	;Aumentar por82.4%	;Aumentar por106.7%	;200	;Aumentar por217.5%	;Aumentar por85.2%	;
225	;(Lunes)2026/07/13	;1801	;Disminuir por57.2%	;Aumentar por3.0%	;2179	;Disminuir por58.6%	;Disminuir por11.5%	;33	;Aumentar por135.7%	;Aumentar por50.0%	;207	;Aumentar por47.9%	;Aumentar por52.2%	;29	;Aumentar por222.2%	;Aumentar por20.8%	;204	;Aumentar por209.1%	;Aumentar por20.0%	;
226	;(Martes)2026/07/14	;507	;Disminuir por71.5%	;Disminuir por63.7%	;649	;Disminuir por73.9%	;Disminuir por63.6%	;23	;Aumentar por187.5%	;Disminuir por36.1%	;144	;Aumentar por22.0%	;Disminuir por32.4%	;15	;Aumentar por66.7%	;Disminuir por50.0%	;96	;Aumentar por52.4%	;Disminuir por50.5%	;

Exportar contenido:Subtipos de vehículos a motor	;
Hora del informe: 2025/12/01 00:00:00 - 2026/07/14 23:59:59	;

N.º	;Hora	;Autobuses	; 	; 	; 	; 	; 	;Monovolúmenes	; 	; 	; 	; 	; 	;Sedanes pequeños	; 	; 	; 	; 	; 	;Camiones	;
	;	;Avanzar	; 	; 	;Retroceso	; 	; 	;Avanzar	; 	; 	;Retroceso	; 	; 	;Avanzar	; 	; 	;Retroceso	; 	; 	;Avanzar	; 	; 	;Retroceso	;
	;	;Valor	;Tasa de cambio (ciclo tras ciclo)	;Tasa de cambio (año tras año)	;Valor	;Tasa de cambio (ciclo tras ciclo)	;Tasa de cambio (año tras año)	;Valor	;Tasa de cambio (ciclo tras ciclo)	;Tasa de cambio (año tras año)	;Valor	;Tasa de cambio (ciclo tras ciclo)	;Tasa de cambio (año tras año)	;Valor	;Tasa de cambio (ciclo tras ciclo)	;Tasa de cambio (año tras año)	;Valor	;Tasa de cambio (ciclo tras ciclo)	;Tasa de cambio (año tras año)	;Valor	;Tasa de cambio (ciclo tras ciclo)	;Tasa de cambio (año tras año)	;Valor	;Tasa de cambio (ciclo tras ciclo)	;Tasa de cambio (año tras año)	;
1	;(Lunes)2025/12/01	;4	; --%	; --%	;15	; --%	; --%	;3	; --%	; --%	;29	; --%	; --%	;9	; --%	; --%	;144	; --%	; --%	;1	; --%	; --%	;11	; --%	; --%	;
2	;(Martes)2025/12/02	;0	; --%	; --%	;15	; --%	; --%	;3	; --%	; --%	;49	; --%	; --%	;24	; --%	; --%	;161	; --%	; --%	;1	; --%	; --%	;13	; --%	; --%	;
3	;(Miércoles)2025/12/03	;5	; --%	; --%	;12	; --%	; --%	;9	; --%	; --%	;56	; --%	; --%	;20	; --%	; --%	;168	; --%	; --%	;8	; --%	; --%	;37	; --%	; --%	;
4	;(Jueves)2025/12/04	;0	; --%	; --%	;11	; --%	; --%	;1	; --%	; --%	;53	; --%	; --%	;20	; --%	; --%	;194	; --%	; --%	;0	; --%	; --%	;13	; --%	; --%	;
5	;(Viernes)2025/12/05	;0	;Disminuir por100.0%	; --%	;4	;Disminuir por55.6%	; --%	;6	; --%	; --%	;56	;Aumentar por1300.0%	; --%	;24	;Aumentar por200.0%	; --%	;146	;Aumentar por305.6%	; --%	;1	; --%	; --%	;12	;Aumentar por140.0%	; --%	;
6	;(Sábado)2025/12/06	;0	; --%	; --%	;5	;Disminuir por37.5%	; --%	;3	;Disminuir por50.0%	; --%	;25	;Disminuir por57.6%	; --%	;19	;Aumentar por35.7%	; --%	;93	;Disminuir por30.1%	; --%	;0	;Disminuir por100.0%	; --%	;4	;Disminuir por86.2%	; --%	;
7	;(Domingo)2025/12/07	;0	;Disminuir por100.0%	; --%	;3	;Disminuir por70.0%	; --%	;1	;Disminuir por66.7%	; --%	;11	;Disminuir por78.8%	; --%	;6	;Disminuir por71.4%	; --%	;48	;Disminuir por69.2%	; --%	;1	;Disminuir por90.9%	; --%	;5	;Disminuir por87.2%	; --%	;
8	;(Lunes)2025/12/08	;0	;Disminuir por100.0%	; --%	;9	;Disminuir por47.1%	; --%	;1	;Disminuir por87.5%	; --%	;16	;Disminuir por60.0%	; --%	;6	;Disminuir por62.5%	; --%	;70	;Disminuir por41.2%	; --%	;0	; --%	; --%	;3	;Disminuir por72.7%	; --%	;
9	;(Martes)2025/12/09	;1	; --%	; --%	;14	;Aumentar por180.0%	; --%	;2	; --%	; --%	;51	;Aumentar por292.3%	; --%	;14	;Aumentar por75.0%	; --%	;140	;Aumentar por84.2%	; --%	;3	;Sin cambios	; --%	;21	;Aumentar por110.0%	; --%	;
10	;(Miércoles)2025/12/10	;0	;Disminuir por100.0%	; --%	;17	;Aumentar por325.0%	; --%	;1	;Disminuir por66.7%	; --%	;30	;Aumentar por36.4%	; --%	;13	;Aumentar por550.0%	; --%	;133	;Aumentar por202.3%	; --%	;4	;Aumentar por300.0%	; --%	;17	;Aumentar por70.0%	; --%	;
11	;(Jueves)2025/12/11	;1	; --%	; --%	;9	;Aumentar por125.0%	; --%	;4	; --%	; --%	;38	;Aumentar por322.2%	; --%	;17	;Aumentar por240.0%	; --%	;147	;Aumentar por188.2%	; --%	;1	; --%	; --%	;9	;Aumentar por200.0%	; --%	;
12	;(Viernes)2025/12/12	;0	; --%	; --%	;11	;Disminuir por21.4%	; --%	;1	;Disminuir por90.0%	; --%	;42	;Disminuir por34.4%	; --%	;12	;Disminuir por47.8%	; --%	;153	;Disminuir por19.5%	; --%	;5	;Sin cambios	; --%	;11	;Disminuir por57.7%	; --%	;
13	;(Sábado)2025/12/13	;0	; --%	; --%	;8	;Disminuir por11.1%	; --%	;2	;Sin cambios	; --%	;19	;Disminuir por13.6%	; --%	;11	;Aumentar por37.5%	; --%	;92	;Disminuir por5.2%	; --%	;1	; --%	; --%	;5	;Disminuir por37.5%	; --%	;
14	;(Domingo)2025/12/14	;16	;Aumentar por1500.0%	; --%	;28	;Aumentar por33.3%	; --%	;7	;Disminuir por46.2%	; --%	;21	;Disminuir por58.8%	; --%	;8	;Disminuir por61.9%	; --%	;111	;Disminuir por35.1%	; --%	;24	;Aumentar por500.0%	; --%	;22	;Aumentar por10.0%	; --%	;
15	;(Lunes)2025/12/15	;0	; --%	; --%	;9	;Disminuir por47.1%	; --%	;5	;Aumentar por66.7%	; --%	;25	;Sin cambios	; --%	;10	;Disminuir por16.7%	; --%	;154	;Aumentar por58.8%	; --%	;13	;Aumentar por1200.0%	; --%	;8	;Disminuir por27.3%	; --%	;
16	;(Martes)2025/12/16	;0	; --%	; --%	;13	;Aumentar por30.0%	; --%	;6	;Aumentar por20.0%	; --%	;33	;Aumentar por50.0%	; --%	;33	;Aumentar por106.3%	; --%	;180	;Aumentar por69.8%	; --%	;0	;Disminuir por100.0%	; --%	;6	;Disminuir por25.0%	; --%	;
17	;(Miércoles)2025/12/17	;0	;Disminuir por100.0%	; --%	;11	;Disminuir por8.3%	; --%	;3	;Disminuir por66.7%	; --%	;22	;Disminuir por56.9%	; --%	;13	;Disminuir por31.6%	; --%	;190	;Aumentar por11.8%	; --%	;3	;Disminuir por84.2%	; --%	;6	;Disminuir por86.7%	; --%	;
18	;(Jueves)2025/12/18	;0	;Disminuir por100.0%	; --%	;12	;Aumentar por9.1%	; --%	;12	;Aumentar por100.0%	; --%	;53	;Aumentar por17.8%	; --%	;22	;Disminuir por21.4%	; --%	;168	;Aumentar por0.6%	; --%	;2	;Disminuir por66.7%	; --%	;6	;Disminuir por82.4%	; --%	;
19	;(Viernes)2025/12/19	;0	;Disminuir por100.0%	; --%	;5	;Disminuir por58.3%	; --%	;2	;Disminuir por66.7%	; --%	;40	;Disminuir por18.4%	; --%	;10	;Disminuir por58.3%	; --%	;142	;Disminuir por21.1%	; --%	;4	;Disminuir por60.0%	; --%	;15	;Disminuir por60.5%	; --%	;
20	;(Sábado)2025/12/20	;0	; --%	; --%	;7	;Disminuir por36.4%	; --%	;1	;Disminuir por88.9%	; --%	;16	;Disminuir por66.0%	; --%	;11	;Disminuir por47.6%	; --%	;92	;Disminuir por55.1%	; --%	;1	;Disminuir por91.7%	; --%	;4	;Disminuir por90.5%	; --%	;
21	;(Domingo)2025/12/21	;0	; --%	; --%	;6	;Disminuir por33.3%	; --%	;2	;Disminuir por77.8%	; --%	;14	;Disminuir por79.7%	; --%	;8	;Disminuir por52.9%	; --%	;78	;Disminuir por53.8%	; --%	;1	;Disminuir por75.0%	; --%	;9	;Disminuir por65.4%	; --%	;
22	;(Lunes)2025/12/22	;0	; --%	; --%	;17	;Aumentar por30.8%	; --%	;6	;Aumentar por100.0%	; --%	;40	;Aumentar por37.9%	; --%	;24	;Aumentar por300.0%	; --%	;157	;Aumentar por41.4%	; --%	;0	;Disminuir por100.0%	; --%	;5	;Disminuir por16.7%	; --%	;
23	;(Martes)2025/12/23	;0	; --%	; --%	;18	;Aumentar por157.1%	; --%	;15	;Aumentar por650.0%	; --%	;56	;Aumentar por330.8%	; --%	;14	;Disminuir por30.0%	; --%	;155	;Aumentar por33.6%	; --%	;3	;Disminuir por25.0%	; --%	;7	;Disminuir por30.0%	; --%	;
24	;(Miércoles)2025/12/24	;0	;Disminuir por100.0%	; --%	;20	;Aumentar por17.6%	; --%	;0	;Disminuir por100.0%	; --%	;26	;Disminuir por55.9%	; --%	;10	;Disminuir por47.4%	; --%	;118	;Disminuir por28.5%	; --%	;2	;Disminuir por60.0%	; --%	;8	;Disminuir por68.0%	; --%	;
25	;(Jueves)2025/12/25	;0	; --%	; --%	;16	;Aumentar por166.7%	; --%	;3	;Disminuir por66.7%	; --%	;14	;Disminuir por67.4%	; --%	;6	;Disminuir por60.0%	; --%	;110	;Disminuir por25.7%	; --%	;0	;Disminuir por100.0%	; --%	;0	;Disminuir por100.0%	; --%	;
26	;(Viernes)2025/12/26	;0	;Disminuir por100.0%	; --%	;20	;Disminuir por23.1%	; --%	;1	;Disminuir por83.3%	; --%	;19	;Disminuir por60.4%	; --%	;11	;Aumentar por266.7%	; --%	;127	;Aumentar por35.1%	; --%	;0	;Disminuir por100.0%	; --%	;5	;Disminuir por89.6%	; --%	;
27	;(Sábado)2025/12/27	;0	; --%	; --%	;16	; --%	; --%	;1	; --%	; --%	;12	; --%	; --%	;19	; --%	; --%	;127	; --%	; --%	;0	; --%	; --%	;8	; --%	; --%	;
28	;(Domingo)2025/12/28	;1	; --%	; --%	;3	; --%	; --%	;0	; --%	; --%	;8	; --%	; --%	;11	; --%	; --%	;40	; --%	; --%	;0	; --%	; --%	;2	; --%	; --%	;
29	;(Lunes)2025/12/29	;0	; --%	; --%	;4	; --%	; --%	;4	; --%	; --%	;23	; --%	; --%	;14	; --%	; --%	;72	; --%	; --%	;0	; --%	; --%	;1	; --%	; --%	;
30	;(Martes)2025/12/30	;0	; --%	; --%	;5	; --%	; --%	;9	; --%	; --%	;30	; --%	; --%	;28	; --%	; --%	;82	; --%	; --%	;1	; --%	; --%	;10	; --%	; --%	;
31	;(Miércoles)2025/12/31	;0	; --%	; --%	;1	; --%	; --%	;10	; --%	; --%	;21	; --%	; --%	;2	; --%	; --%	;31	; --%	; --%	;1	; --%	; --%	;7	; --%	; --%	;
32	;(Jueves)2026/01/01	;0	; --%	; --%	;2	; --%	; --%	;0	; --%	; --%	;4	; --%	; --%	;1	; --%	; --%	;18	; --%	; --%	;1	; --%	; --%	;1	; --%	; --%	;
33	;(Viernes)2026/01/02	;1	; --%	; --%	;13	; --%	; --%	;7	; --%	; --%	;41	; --%	; --%	;15	; --%	; --%	;127	; --%	; --%	;0	; --%	; --%	;6	; --%	; --%	;
34	;(Sábado)2026/01/03	;0	; --%	; --%	;13	; --%	; --%	;6	; --%	; --%	;40	; --%	; --%	;8	; --%	; --%	;94	; --%	; --%	;0	; --%	; --%	;5	; --%	; --%	;
35	;(Domingo)2026/01/04	;0	; --%	; --%	;14	;Aumentar por7.7%	; --%	;0	;Disminuir por100.0%	; --%	;14	;Disminuir por44.0%	; --%	;13	;Aumentar por8.3%	; --%	;79	;Disminuir por22.5%	; --%	;2	;Sin cambios	; --%	;3	;Disminuir por62.5%	; --%	;
36	;(Lunes)2026/01/05	;0	;Disminuir por100.0%	; --%	;12	;Disminuir por14.3%	; --%	;1	; --%	; --%	;28	;Aumentar por21.7%	; --%	;15	;Aumentar por66.7%	; --%	;127	;Aumentar por41.1%	; --%	;2	; --%	; --%	;14	;Aumentar por133.3%	; --%	;
37	;(Martes)2026/01/06	;1	; --%	; --%	;6	;Disminuir por14.3%	; --%	;1	;Disminuir por66.7%	; --%	;22	;Aumentar por29.4%	; --%	;13	;Aumentar por18.2%	; --%	;72	;Disminuir por6.5%	; --%	;1	; --%	; --%	;11	;Aumentar por22.2%	; --%	;
38	;(Miércoles)2026/01/07	;0	;Disminuir por100.0%	; --%	;10	;Aumentar por42.9%	; --%	;6	;Aumentar por20.0%	; --%	;43	;Disminuir por21.8%	; --%	;16	;Disminuir por5.9%	; --%	;134	;Disminuir por10.7%	; --%	;3	;Aumentar por50.0%	; --%	;14	;Disminuir por26.3%	; --%	;
39	;(Jueves)2026/01/08	;0	; --%	; --%	;9	;Disminuir por40.0%	; --%	;6	;Disminuir por40.0%	; --%	;35	;Disminuir por20.5%	; --%	;14	;Disminuir por30.0%	; --%	;132	;Disminuir por14.3%	; --%	;0	;Disminuir por100.0%	; --%	;7	;Disminuir por61.1%	; --%	;
40	;(Viernes)2026/01/09	;2	;Aumentar por100.0%	; --%	;9	;Disminuir por25.0%	; --%	;4	;Disminuir por42.9%	; --%	;40	;Disminuir por23.1%	; --%	;25	;Disminuir por24.2%	; --%	;174	;Disminuir por7.0%	; --%	;3	;Sin cambios	; --%	;17	;Aumentar por6.3%	; --%	;
41	;(Sábado)2026/01/10	;0	;Disminuir por100.0%	; --%	;3	;Disminuir por88.0%	; --%	;0	;Disminuir por100.0%	; --%	;22	;Disminuir por60.7%	; --%	;11	;Disminuir por54.2%	; --%	;107	;Disminuir por38.5%	; --%	;0	;Disminuir por100.0%	; --%	;0	;Disminuir por100.0%	; --%	;
42	;(Domingo)2026/01/11	;0	; --%	; --%	;8	;Disminuir por20.0%	; --%	;0	;Disminuir por100.0%	; --%	;13	;Disminuir por75.9%	; --%	;20	;Disminuir por23.1%	; --%	;94	;Disminuir por48.9%	; --%	;0	;Disminuir por100.0%	; --%	;2	;Disminuir por91.3%	; --%	;
43	;(Lunes)2026/01/12	;0	;Disminuir por100.0%	; --%	;9	;Disminuir por10.0%	; --%	;3	;Aumentar por200.0%	; --%	;36	;Aumentar por71.4%	; --%	;18	;Disminuir por30.8%	; --%	;169	;Aumentar por22.5%	; --%	;6	; --%	; --%	;7	;Aumentar por16.7%	; --%	;
44	;(Martes)2026/01/13	;1	; --%	; --%	;17	;Aumentar por112.5%	; --%	;7	;Aumentar por600.0%	; --%	;41	;Aumentar por105.0%	; --%	;19	;Aumentar por90.0%	; --%	;148	;Aumentar por105.6%	; --%	;2	;Sin cambios	; --%	;2	;Disminuir por60.0%	; --%	;
45	;(Miércoles)2026/01/14	;0	; --%	; --%	;24	;Aumentar por166.7%	; --%	;7	;Aumentar por75.0%	; --%	;42	;Aumentar por2.4%	; --%	;20	;Aumentar por42.9%	; --%	;146	;Disminuir por9.3%	; --%	;0	;Disminuir por100.0%	; --%	;1	;Disminuir por94.7%	; --%	;
46	;(Jueves)2026/01/15	;0	; --%	; --%	;18	;Aumentar por28.6%	; --%	;9	;Sin cambios	; --%	;48	;Disminuir por9.4%	; --%	;20	;Aumentar por25.0%	; --%	;152	;Disminuir por10.1%	; --%	;0	;Disminuir por100.0%	; --%	;4	;Disminuir por76.5%	; --%	;
47	;(Viernes)2026/01/16	;2	; --%	; --%	;31	;Aumentar por287.5%	; --%	;7	;Aumentar por16.7%	; --%	;37	;Disminuir por28.8%	; --%	;10	;Disminuir por50.0%	; --%	;143	;Disminuir por21.4%	; --%	;1	;Disminuir por75.0%	; --%	;6	;Disminuir por62.5%	; --%	;
48	;(Sábado)2026/01/17	;0	;Disminuir por100.0%	; --%	;25	;Aumentar por108.3%	; --%	;1	;Disminuir por80.0%	; --%	;8	;Disminuir por84.3%	; --%	;32	;Aumentar por88.2%	; --%	;193	;Aumentar por13.5%	; --%	;7	;Aumentar por600.0%	; --%	;3	;Disminuir por88.5%	; --%	;
49	;(Domingo)2026/01/18	;0	; --%	; --%	;23	;Aumentar por187.5%	; --%	;1	;Disminuir por93.8%	; --%	;7	;Disminuir por90.5%	; --%	;9	;Disminuir por50.0%	; --%	;61	;Disminuir por59.1%	; --%	;0	;Disminuir por100.0%	; --%	;3	;Disminuir por86.4%	; --%	;
50	;(Lunes)2026/01/19	;1	; --%	; --%	;17	;Aumentar por183.3%	; --%	;2	;Aumentar por100.0%	; --%	;15	;Disminuir por37.5%	; --%	;21	;Disminuir por27.6%	; --%	;135	;Aumentar por6.3%	; --%	;0	;Disminuir por100.0%	; --%	;8	;Disminuir por20.0%	; --%	;
51	;(Martes)2026/01/20	;2	; --%	; --%	;18	;Aumentar por100.0%	; --%	;0	;Disminuir por100.0%	; --%	;11	;Aumentar por10.0%	; --%	;44	;Aumentar por266.7%	; --%	;164	;Aumentar por110.3%	; --%	;0	;Disminuir por100.0%	; --%	;1	;Disminuir por94.7%	; --%	;
52	;(Miércoles)2026/01/21	;0	;Disminuir por100.0%	; --%	;21	;Aumentar por61.5%	; --%	;7	;Aumentar por250.0%	; --%	;38	;Aumentar por46.2%	; --%	;26	;Aumentar por23.8%	; --%	;126	;Disminuir por23.6%	; --%	;0	;Disminuir por100.0%	; --%	;6	;Disminuir por62.5%	; --%	;
53	;(Jueves)2026/01/22	;0	; --%	; --%	;17	;Aumentar por41.7%	; --%	;3	;Sin cambios	; --%	;34	;Disminuir por5.6%	; --%	;12	;Disminuir por40.0%	; --%	;118	;Disminuir por23.4%	; --%	;0	;Disminuir por100.0%	; --%	;8	;Disminuir por78.9%	; --%	;
54	;(Viernes)2026/01/23	;0	;Disminuir por100.0%	; --%	;10	;Disminuir por23.1%	; --%	;3	;Disminuir por50.0%	; --%	;24	;Disminuir por44.2%	; --%	;13	;Disminuir por43.5%	; --%	;141	;Disminuir por18.5%	; --%	;9	;Aumentar por50.0%	; --%	;16	;Disminuir por27.3%	; --%	;
55	;(Sábado)2026/01/24	;0	;Disminuir por100.0%	; --%	;5	;Disminuir por61.5%	; --%	;0	;Disminuir por100.0%	; --%	;10	;Disminuir por84.1%	; --%	;7	;Disminuir por56.3%	; --%	;94	;Disminuir por37.7%	; --%	;0	;Disminuir por100.0%	; --%	;2	;Disminuir por91.3%	; --%	;
56	;(Domingo)2026/01/25	;0	;Disminuir por100.0%	; --%	;2	;Disminuir por85.7%	; --%	;4	;Disminuir por90.2%	; --%	;13	;Disminuir por87.0%	; --%	;5	;Disminuir por82.1%	; --%	;58	;Disminuir por70.3%	; --%	;0	;Disminuir por100.0%	; --%	;1	;Disminuir por97.0%	; --%	;
57	;(Lunes)2026/01/26	;0	; --%	; --%	;10	;Aumentar por11.1%	; --%	;5	;Disminuir por16.7%	; --%	;30	;Disminuir por21.1%	; --%	;12	;Aumentar por33.3%	; --%	;148	;Aumentar por54.2%	; --%	;0	;Disminuir por100.0%	; --%	;3	;Disminuir por57.1%	; --%	;
58	;(Martes)2026/01/27	;0	;Disminuir por100.0%	; --%	;6	;Aumentar por50.0%	; --%	;13	; --%	; --%	;38	;Aumentar por137.5%	; --%	;12	;Disminuir por7.7%	; --%	;149	;Aumentar por27.4%	; --%	;0	;Disminuir por100.0%	; --%	;4	;Disminuir por33.3%	; --%	;
59	;(Miércoles)2026/01/28	;0	;Disminuir por100.0%	; --%	;20	;Aumentar por53.8%	; --%	;7	;Disminuir por22.2%	; --%	;26	;Disminuir por48.0%	; --%	;21	;Disminuir por19.2%	; --%	;152	;Disminuir por8.4%	; --%	;0	;Disminuir por100.0%	; --%	;4	;Disminuir por85.7%	; --%	;
60	;(Jueves)2026/01/29	;1	; --%	; --%	;14	;Aumentar por40.0%	; --%	;2	;Disminuir por66.7%	; --%	;22	;Disminuir por31.3%	; --%	;13	;Disminuir por45.8%	; --%	;138	;Aumentar por7.0%	; --%	;3	;Aumentar por50.0%	; --%	;9	;Disminuir por40.0%	; --%	;
61	;(Viernes)2026/01/30	;0	;Disminuir por100.0%	; --%	;11	;Disminuir por47.6%	; --%	;5	;Disminuir por61.5%	; --%	;18	;Disminuir por75.0%	; --%	;14	;Disminuir por33.3%	; --%	;132	;Disminuir por24.6%	; --%	;2	;Disminuir por86.7%	; --%	;4	;Disminuir por87.9%	; --%	;
62	;(Sábado)2026/01/31	;1	;Sin cambios	; --%	;5	;Disminuir por64.3%	; --%	;1	;Disminuir por88.9%	; --%	;14	;Disminuir por74.1%	; --%	;12	;Disminuir por47.8%	; --%	;91	;Disminuir por44.5%	; --%	;0	;Disminuir por100.0%	; --%	;3	;Disminuir por88.0%	; --%	;
63	;(Domingo)2026/02/01	;0	;Disminuir por100.0%	; --%	;4	;Disminuir por81.0%	; --%	;0	;Disminuir por100.0%	; --%	;3	;Disminuir por95.8%	; --%	;8	;Disminuir por46.7%	; --%	;89	;Disminuir por42.9%	; --%	;0	;Disminuir por100.0%	; --%	;1	;Disminuir por98.3%	; --%	;
64	;(Lunes)2026/02/02	;0	; --%	; --%	;9	;Aumentar por12.5%	; --%	;0	;Disminuir por100.0%	; --%	;18	;Disminuir por60.9%	; --%	;7	;Disminuir por58.8%	; --%	;149	;Disminuir por1.3%	; --%	;0	;Disminuir por100.0%	; --%	;3	;Disminuir por75.0%	; --%	;
65	;(Martes)2026/02/03	;1	; --%	; --%	;10	;Aumentar por42.9%	; --%	;3	;Disminuir por40.0%	; --%	;18	;Aumentar por80.0%	; --%	;20	;Aumentar por66.7%	; --%	;160	;Aumentar por190.9%	; --%	;0	;Disminuir por100.0%	; --%	;2	;Disminuir por75.0%	; --%	;
66	;(Miércoles)2026/02/04	;1	;Disminuir por66.7%	; --%	;9	;Disminuir por18.2%	; --%	;2	;Disminuir por33.3%	; --%	;16	;Disminuir por64.4%	; --%	;9	;Disminuir por55.0%	; --%	;129	;Disminuir por16.8%	; --%	;1	;Disminuir por66.7%	; --%	;2	;Disminuir por87.5%	; --%	;
67	;(Jueves)2026/02/05	;0	; --%	; --%	;3	;Disminuir por78.6%	; --%	;0	;Disminuir por100.0%	; --%	;18	;Disminuir por62.5%	; --%	;11	;Disminuir por15.4%	; --%	;127	;Aumentar por0.8%	; --%	;1	;Disminuir por75.0%	; --%	;2	;Disminuir por88.2%	; --%	;
68	;(Viernes)2026/02/06	;0	;Disminuir por100.0%	; --%	;10	;Disminuir por16.7%	; --%	;2	;Disminuir por60.0%	; --%	;18	;Disminuir por59.1%	; --%	;13	;Disminuir por45.8%	; --%	;120	;Disminuir por9.8%	; --%	;4	;Aumentar por300.0%	; --%	;3	;Disminuir por78.6%	; --%	;
69	;(Sábado)2026/02/07	;0	; --%	; --%	;5	; --%	; --%	;0	; --%	; --%	;8	; --%	; --%	;8	; --%	; --%	;89	; --%	; --%	;0	; --%	; --%	;1	; --%	; --%	;
70	;(Domingo)2026/02/08	;0	; --%	; --%	;2	;Disminuir por75.0%	; --%	;0	;Disminuir por100.0%	; --%	;4	;Disminuir por83.3%	; --%	;4	;Disminuir por75.0%	; --%	;70	;Disminuir por34.6%	; --%	;0	;Disminuir por100.0%	; --%	;0	;Disminuir por100.0%	; --%	;
71	;(Lunes)2026/02/09	;0	; --%	; --%	;5	;Aumentar por25.0%	; --%	;5	;Aumentar por150.0%	; --%	;18	;Disminuir por41.9%	; --%	;18	;Aumentar por50.0%	; --%	;135	;Aumentar por26.2%	; --%	;1	;Disminuir por66.7%	; --%	;5	;Disminuir por61.5%	; --%	;
72	;(Martes)2026/02/10	;0	; --%	; --%	;13	;Aumentar por160.0%	; --%	;8	;Aumentar por300.0%	; --%	;22	;Aumentar por46.7%	; --%	;18	;Sin cambios	; --%	;128	;Aumentar por50.6%	; --%	;0	;Disminuir por100.0%	; --%	;0	;Disminuir por100.0%	; --%	;
73	;(Miércoles)2026/02/11	;0	;Disminuir por100.0%	; --%	;4	;Disminuir por81.0%	; --%	;1	;Disminuir por75.0%	; --%	;13	;Disminuir por65.8%	; --%	;10	;Disminuir por37.5%	; --%	;154	;Aumentar por6.9%	; --%	;2	;Aumentar por100.0%	; --%	;2	;Disminuir por84.6%	; --%	;
74	;(Jueves)2026/02/12	;0	; --%	; --%	;3	;Disminuir por75.0%	; --%	;4	;Sin cambios	; --%	;22	;Disminuir por31.3%	; --%	;18	;Disminuir por30.8%	; --%	;135	;Disminuir por12.9%	; --%	;0	;Disminuir por100.0%	; --%	;0	;Disminuir por100.0%	; --%	;
75	;(Viernes)2026/02/13	;0	;Disminuir por100.0%	; --%	;7	;Disminuir por58.8%	; --%	;7	;Aumentar por40.0%	; --%	;26	;Disminuir por38.1%	; --%	;20	;Disminuir por33.3%	; --%	;192	;Aumentar por6.7%	; --%	;0	;Disminuir por100.0%	; --%	;2	;Disminuir por86.7%	; --%	;
76	;(Sábado)2026/02/14	;0	;Disminuir por100.0%	; --%	;6	;Disminuir por66.7%	; --%	;2	;Disminuir por71.4%	; --%	;9	;Disminuir por78.6%	; --%	;6	;Disminuir por79.3%	; --%	;77	;Disminuir por53.6%	; --%	;0	; --%	; --%	;0	;Disminuir por100.0%	; --%	;
77	;(Domingo)2026/02/15	;0	; --%	; --%	;5	;Disminuir por54.5%	; --%	;1	;Disminuir por75.0%	; --%	;6	;Disminuir por83.8%	; --%	;6	;Disminuir por71.4%	; --%	;76	;Disminuir por52.8%	; --%	;0	;Disminuir por100.0%	; --%	;2	;Disminuir por92.9%	; --%	;
78	;(Lunes)2026/02/16	;1	;Sin cambios	; --%	;9	;Disminuir por25.0%	; --%	;4	;Disminuir por63.6%	; --%	;24	;Disminuir por31.4%	; --%	;19	;Aumentar por35.7%	; --%	;146	;Aumentar por29.2%	; --%	;0	;Disminuir por100.0%	; --%	;3	;Disminuir por78.6%	; --%	;
79	;(Martes)2026/02/17	;0	; --%	; --%	;8	;Aumentar por60.0%	; --%	;0	; --%	; --%	;24	;Aumentar por60.0%	; --%	;15	;Disminuir por21.1%	; --%	;132	;Aumentar por25.7%	; --%	;2	;Disminuir por50.0%	; --%	;3	;Disminuir por75.0%	; --%	;
80	;(Miércoles)2026/02/18	;0	;Disminuir por100.0%	; --%	;15	;Sin cambios	; --%	;2	;Disminuir por50.0%	; --%	;14	;Disminuir por68.9%	; --%	;16	;Sin cambios	; --%	;150	;Aumentar por6.4%	; --%	;0	;Disminuir por100.0%	; --%	;4	;Disminuir por86.2%	; --%	;
81	;(Jueves)2026/02/19	;0	; --%	; --%	;10	;Aumentar por25.0%	; --%	;2	;Disminuir por71.4%	; --%	;22	;Disminuir por56.9%	; --%	;19	;Disminuir por24.0%	; --%	;142	;Disminuir por12.3%	; --%	;1	;Disminuir por50.0%	; --%	;6	;Disminuir por62.5%	; --%	;
82	;(Viernes)2026/02/20	;0	;Disminuir por100.0%	; --%	;14	;Disminuir por33.3%	; --%	;2	;Disminuir por50.0%	; --%	;39	;Aumentar por21.9%	; --%	;16	;Disminuir por20.0%	; --%	;157	;Disminuir por7.1%	; --%	;3	;Disminuir por57.1%	; --%	;17	;Disminuir por5.6%	; --%	;
83	;(Sábado)2026/02/21	;1	; --%	; --%	;26	;Aumentar por160.0%	; --%	;0	;Disminuir por100.0%	; --%	;23	;Disminuir por62.3%	; --%	;17	;Disminuir por39.3%	; --%	;139	;Disminuir por12.0%	; --%	;3	;Disminuir por50.0%	; --%	;2	;Disminuir por91.7%	; --%	;
84	;(Domingo)2026/02/22	;0	;Disminuir por100.0%	; --%	;14	;Disminuir por17.6%	; --%	;1	;Disminuir por90.0%	; --%	;15	;Disminuir por71.7%	; --%	;7	;Disminuir por78.8%	; --%	;71	;Disminuir por66.5%	; --%	;0	;Disminuir por100.0%	; --%	;4	;Disminuir por84.0%	; --%	;
85	;(Lunes)2026/02/23	;0	;Disminuir por100.0%	; --%	;24	;Aumentar por166.7%	; --%	;8	;Aumentar por300.0%	; --%	;50	;Aumentar por61.3%	; --%	;25	;Disminuir por93.1%	; --%	;147	;Disminuir por67.0%	; --%	;1	; --%	; --%	;6	;Disminuir por33.3%	; --%	;
86	;(Martes)2026/02/24	;1	; --%	; --%	;20	;Aumentar por66.7%	; --%	;4	;Aumentar por300.0%	; --%	;45	;Aumentar por95.7%	; --%	;12	;Disminuir por33.3%	; --%	;139	;Aumentar por54.4%	; --%	;0	;Disminuir por100.0%	; --%	;4	;Disminuir por60.0%	; --%	;
87	;(Miércoles)2026/02/25	;0	; --%	; --%	;12	;Disminuir por14.3%	; --%	;6	;Disminuir por50.0%	; --%	;28	;Disminuir por47.2%	; --%	;11	;Disminuir por50.0%	; --%	;111	;Disminuir por14.6%	; --%	;3	;Sin cambios	; --%	;16	;Disminuir por5.9%	; --%	;
88	;(Jueves)2026/02/26	;2	;Disminuir por33.3%	; --%	;17	;Sin cambios	; --%	;5	;Sin cambios	; --%	;21	;Disminuir por48.8%	; --%	;15	;Disminuir por46.4%	; --%	;120	;Disminuir por11.1%	; --%	;3	;Disminuir por70.0%	; --%	;17	;Disminuir por39.3%	; --%	;
89	;(Viernes)2026/02/27	;1	;Sin cambios	; --%	;6	;Disminuir por70.0%	; --%	;2	;Disminuir por50.0%	; --%	;12	;Disminuir por69.2%	; --%	;20	;Aumentar por11.1%	; --%	;98	;Disminuir por35.9%	; --%	;0	;Disminuir por100.0%	; --%	;5	;Disminuir por81.5%	; --%	;
90	;(Sábado)2026/02/28	;0	;Disminuir por100.0%	; --%	;1	;Disminuir por92.9%	; --%	;3	;Disminuir por83.3%	; --%	;6	;Disminuir por92.9%	; --%	;16	;Disminuir por15.8%	; --%	;79	;Disminuir por27.5%	; --%	;0	;Disminuir por100.0%	; --%	;5	;Disminuir por77.3%	; --%	;
91	;(Domingo)2026/03/01	;0	; --%	; --%	;0	;Disminuir por100.0%	; --%	;1	; --%	; --%	;3	;Aumentar por200.0%	; --%	;5	;Aumentar por66.7%	; --%	;46	;Aumentar por1050.0%	; --%	;3	; --%	; --%	;2	; --%	; --%	;
92	;(Lunes)2026/03/02	;0	; --%	; --%	;18	; --%	; --%	;4	; --%	; --%	;25	; --%	; --%	;19	; --%	; --%	;136	; --%	; --%	;1	; --%	; --%	;10	; --%	; --%	;
93	;(Martes)2026/03/03	;0	; --%	; --%	;7	; --%	; --%	;0	; --%	; --%	;21	; --%	; --%	;13	; --%	; --%	;90	; --%	; --%	;1	; --%	; --%	;12	; --%	; --%	;
94	;(Miércoles)2026/03/04	;2	; --%	; --%	;46	; --%	; --%	;8	; --%	; --%	;27	; --%	; --%	;25	; --%	; --%	;145	; --%	; --%	;0	; --%	; --%	;10	; --%	; --%	;
95	;(Jueves)2026/03/05	;2	; --%	; --%	;17	; --%	; --%	;6	; --%	; --%	;41	; --%	; --%	;22	; --%	; --%	;181	; --%	; --%	;0	; --%	; --%	;10	; --%	; --%	;
96	;(Viernes)2026/03/06	;0	; --%	; --%	;13	; --%	; --%	;13	; --%	; --%	;45	; --%	; --%	;22	; --%	; --%	;223	; --%	; --%	;5	; --%	; --%	;17	; --%	; --%	;
97	;(Sábado)2026/03/07	;0	; --%	; --%	;2	; --%	; --%	;0	; --%	; --%	;7	; --%	; --%	;20	; --%	; --%	;147	; --%	; --%	;5	; --%	; --%	;12	; --%	; --%	;
98	;(Domingo)2026/03/08	;0	; --%	; --%	;5	; --%	; --%	;2	; --%	; --%	;10	; --%	; --%	;4	; --%	; --%	;96	; --%	; --%	;0	; --%	; --%	;1	; --%	; --%	;
99	;(Lunes)2026/03/09	;0	; --%	; --%	;2	; --%	; --%	;8	; --%	; --%	;33	; --%	; --%	;19	; --%	; --%	;169	; --%	; --%	;0	; --%	; --%	;2	; --%	; --%	;
100	;(Martes)2026/03/10	;0	; --%	; --%	;11	; --%	; --%	;4	; --%	; --%	;31	; --%	; --%	;26	; --%	; --%	;174	; --%	; --%	;0	; --%	; --%	;1	; --%	; --%	;
101	;(Miércoles)2026/03/11	;1	; --%	; --%	;17	;Aumentar por1600.0%	; --%	;4	; --%	; --%	;48	;Aumentar por860.0%	; --%	;10	;Aumentar por42.9%	; --%	;164	;Aumentar por272.7%	; --%	;1	; --%	; --%	;17	;Aumentar por183.3%	; --%	;
102	;(Jueves)2026/03/12	;0	; --%	; --%	;15	;Aumentar por650.0%	; --%	;4	; --%	; --%	;49	;Aumentar por2350.0%	; --%	;14	; --%	; --%	;165	;Aumentar por8150.0%	; --%	;4	; --%	; --%	;24	; --%	; --%	;
103	;(Viernes)2026/03/13	;2	; --%	; --%	;19	; --%	; --%	;6	; --%	; --%	;53	;Aumentar por562.5%	; --%	;24	;Aumentar por1100.0%	; --%	;180	;Aumentar por900.0%	; --%	;4	;Sin cambios	; --%	;19	;Aumentar por111.1%	; --%	;
104	;(Sábado)2026/03/14	;0	; --%	; --%	;11	; --%	; --%	;2	; --%	; --%	;40	; --%	; --%	;12	; --%	; --%	;99	; --%	; --%	;0	; --%	; --%	;2	; --%	; --%	;
105	;(Domingo)2026/03/15	;0	;Disminuir por100.0%	; --%	;13	;Aumentar por44.4%	; --%	;1	;Disminuir por90.9%	; --%	;24	;Disminuir por48.9%	; --%	;17	;Disminuir por10.5%	; --%	;83	;Disminuir por31.4%	; --%	;0	;Disminuir por100.0%	; --%	;9	;Disminuir por64.0%	; --%	;
106	;(Lunes)2026/03/16	;0	; --%	; --%	;14	;Aumentar por133.3%	; --%	;5	;Aumentar por150.0%	; --%	;63	;Aumentar por117.2%	; --%	;13	;Disminuir por13.3%	; --%	;151	;Aumentar por41.1%	; --%	;5	;Aumentar por150.0%	; --%	;19	;Aumentar por46.2%	; --%	;
107	;(Martes)2026/03/17	;1	;Disminuir por50.0%	; --%	;14	;Aumentar por75.0%	; --%	;7	; --%	; --%	;79	;Aumentar por364.7%	; --%	;13	;Aumentar por18.2%	; --%	;127	;Aumentar por69.3%	; --%	;15	;Aumentar por650.0%	; --%	;39	;Aumentar por875.0%	; --%	;
108	;(Miércoles)2026/03/18	;0	; --%	; --%	;13	;Aumentar por18.2%	; --%	;5	;Sin cambios	; --%	;51	;Aumentar por4.1%	; --%	;22	;Disminuir por8.3%	; --%	;181	;Aumentar por34.1%	; --%	;3	;Disminuir por66.7%	; --%	;19	;Disminuir por26.9%	; --%	;
109	;(Jueves)2026/03/19	;0	;Disminuir por100.0%	; --%	;19	;Aumentar por72.7%	; --%	;0	;Disminuir por100.0%	; --%	;20	;Disminuir por57.4%	; --%	;6	;Disminuir por71.4%	; --%	;76	;Disminuir por38.2%	; --%	;1	;Disminuir por83.3%	; --%	;10	;Disminuir por61.5%	; --%	;
110	;(Viernes)2026/03/20	;0	; --%	; --%	;14	;Aumentar por16.7%	; --%	;4	;Sin cambios	; --%	;56	;Aumentar por36.6%	; --%	;17	;Disminuir por22.7%	; --%	;158	;Aumentar por14.5%	; --%	;4	;Disminuir por20.0%	; --%	;24	;Aumentar por71.4%	; --%	;
111	;(Sábado)2026/03/21	;1	; --%	; --%	;16	;Aumentar por220.0%	; --%	;1	;Disminuir por92.9%	; --%	;32	;Disminuir por40.7%	; --%	;17	;Disminuir por5.6%	; --%	;127	;Aumentar por16.5%	; --%	;1	;Disminuir por88.9%	; --%	;7	;Disminuir por77.4%	; --%	;
112	;(Domingo)2026/03/22	;0	;Disminuir por100.0%	; --%	;7	;Disminuir por12.5%	; --%	;0	;Disminuir por100.0%	; --%	;19	;Disminuir por64.2%	; --%	;16	;Disminuir por44.8%	; --%	;95	;Disminuir por34.5%	; --%	;0	;Disminuir por100.0%	; --%	;5	;Disminuir por90.7%	; --%	;
113	;(Lunes)2026/03/23	;0	; --%	; --%	;9	;Aumentar por200.0%	; --%	;5	;Aumentar por25.0%	; --%	;42	;Aumentar por68.0%	; --%	;26	;Aumentar por73.3%	; --%	;192	;Aumentar por97.9%	; --%	;0	;Disminuir por100.0%	; --%	;8	;Disminuir por42.9%	; --%	;
114	;(Martes)2026/03/24	;0	; --%	; --%	;19	;Aumentar por137.5%	; --%	;16	; --%	; --%	;73	;Aumentar por386.7%	; --%	;23	;Aumentar por53.3%	; --%	;195	;Aumentar por103.1%	; --%	;5	; --%	; --%	;26	;Aumentar por550.0%	; --%	;
115	;(Miércoles)2026/03/25	;0	;Disminuir por100.0%	; --%	;17	;Aumentar por88.9%	; --%	;2	;Disminuir por60.0%	; --%	;20	;Disminuir por58.3%	; --%	;8	;Disminuir por27.3%	; --%	;77	;Disminuir por30.6%	; --%	;0	;Disminuir por100.0%	; --%	;8	;Disminuir por46.7%	; --%	;
116	;(Jueves)2026/03/26	;1	;Sin cambios	; --%	;16	;Aumentar por45.5%	; --%	;12	;Aumentar por33.3%	; --%	;67	;Aumentar por42.6%	; --%	;17	;Disminuir por19.0%	; --%	;187	;Aumentar por20.6%	; --%	;3	;Disminuir por57.1%	; --%	;19	;Disminuir por34.5%	; --%	;
117	;(Viernes)2026/03/27	;0	; --%	; --%	;16	;Aumentar por128.6%	; --%	;9	;Sin cambios	; --%	;60	;Aumentar por27.7%	; --%	;27	;Aumentar por12.5%	; --%	;191	;Aumentar por59.2%	; --%	;3	;Disminuir por86.4%	; --%	;25	;Disminuir por34.2%	; --%	;
118	;(Sábado)2026/03/28	;0	;Disminuir por100.0%	; --%	;17	;Aumentar por54.5%	; --%	;2	;Disminuir por84.6%	; --%	;35	;Disminuir por36.4%	; --%	;18	;Disminuir por53.8%	; --%	;115	;Disminuir por21.2%	; --%	;0	;Disminuir por100.0%	; --%	;6	;Disminuir por85.0%	; --%	;
119	;(Domingo)2026/03/29	;0	; --%	; --%	;6	;Disminuir por50.0%	; --%	;1	;Disminuir por80.0%	; --%	;19	;Disminuir por59.6%	; --%	;15	;Aumentar por15.4%	; --%	;113	;Aumentar por11.9%	; --%	;0	;Disminuir por100.0%	; --%	;9	;Disminuir por47.1%	; --%	;
120	;(Lunes)2026/03/30	;0	; --%	; --%	;11	;Aumentar por83.3%	; --%	;8	; --%	; --%	;50	;Aumentar por117.4%	; --%	;22	;Disminuir por8.3%	; --%	;151	;Aumentar por54.1%	; --%	;9	;Aumentar por125.0%	; --%	;31	;Aumentar por82.4%	; --%	;
121	;(Martes)2026/03/31	;0	;Disminuir por100.0%	; --%	;14	;Aumentar por133.3%	; --%	;7	;Aumentar por600.0%	; --%	;71	;Aumentar por208.7%	; --%	;18	;Aumentar por80.0%	; --%	;155	;Aumentar por96.2%	; --%	;2	;Sin cambios	; --%	;19	;Aumentar por280.0%	; --%	;
122	;(Miércoles)2026/04/01	;0	; --%	; --%	;9	;Aumentar por50.0%	; --%	;11	;Sin cambios	; --%	;71	;Aumentar por26.8%	; --%	;23	;Aumentar por187.5%	; --%	;187	;Aumentar por53.3%	; --%	;6	;Disminuir por14.3%	; --%	;28	;Aumentar por21.7%	; --%	;
123	;(Jueves)2026/04/02	;0	; --%	; --%	;8	;Disminuir por11.1%	; --%	;10	;Aumentar por233.3%	; --%	;56	;Aumentar por24.4%	; --%	;37	;Aumentar por76.2%	; --%	;143	;Aumentar por2.1%	; --%	;11	;Aumentar por37.5%	; --%	;40	;Aumentar por81.8%	; --%	;
124	;(Viernes)2026/04/03	;0	; --%	; --%	;2	;Disminuir por77.8%	; --%	;3	;Disminuir por66.7%	; --%	;17	;Disminuir por63.8%	; --%	;19	;Disminuir por93.5%	; --%	;72	;Disminuir por81.3%	; --%	;0	;Disminuir por100.0%	; --%	;10	;Disminuir por68.8%	; --%	;
125	;(Sábado)2026/04/04	;0	; --%	; --%	;8	;Disminuir por11.1%	; --%	;7	;Disminuir por69.6%	; --%	;29	;Disminuir por50.0%	; --%	;10	;Disminuir por56.5%	; --%	;77	;Disminuir por43.0%	; --%	;12	;Aumentar por33.3%	; --%	;25	;Disminuir por16.7%	; --%	;
126	;(Domingo)2026/04/05	;0	; --%	; --%	;12	;Aumentar por140.0%	; --%	;3	;Disminuir por75.0%	; --%	;13	;Disminuir por79.4%	; --%	;15	;Disminuir por31.8%	; --%	;64	;Disminuir por46.7%	; --%	;2	;Disminuir por71.4%	; --%	;10	;Disminuir por67.7%	; --%	;
127	;(Lunes)2026/04/06	;0	; --%	; --%	;9	;Aumentar por28.6%	; --%	;5	;Aumentar por400.0%	; --%	;31	;Aumentar por47.6%	; --%	;2	;Disminuir por81.8%	; --%	;70	;Disminuir por26.3%	; --%	;1	;Disminuir por87.5%	; --%	;12	;Disminuir por47.8%	; --%	;
128	;(Martes)2026/04/07	;0	; --%	; --%	;13	;Aumentar por116.7%	; --%	;4	; --%	; --%	;39	;Aumentar por178.6%	; --%	;27	;Aumentar por125.0%	; --%	;151	;Aumentar por86.4%	; --%	;4	;Aumentar por100.0%	; --%	;15	;Aumentar por87.5%	; --%	;
129	;(Miércoles)2026/04/08	;1	; --%	; --%	;15	;Aumentar por150.0%	; --%	;9	;Aumentar por200.0%	; --%	;41	;Disminuir por12.8%	; --%	;17	;Disminuir por29.2%	; --%	;145	;Sin cambios	; --%	;3	;Aumentar por50.0%	; --%	;20	;Disminuir por20.0%	; --%	;
130	;(Jueves)2026/04/09	;0	;Disminuir por100.0%	; --%	;19	;Aumentar por72.7%	; --%	;16	;Aumentar por433.3%	; --%	;63	;Aumentar por80.0%	; --%	;24	;Aumentar por4.3%	; --%	;152	;Aumentar por17.8%	; --%	;5	;Aumentar por25.0%	; --%	;15	;Disminuir por28.6%	; --%	;
131	;(Viernes)2026/04/10	;0	;Disminuir por100.0%	; --%	;9	;Sin cambios	; --%	;12	;Sin cambios	; --%	;59	;Aumentar por13.5%	; --%	;16	;Aumentar por23.1%	; --%	;137	;Aumentar por37.0%	; --%	;5	;Disminuir por50.0%	; --%	;21	;Disminuir por25.0%	; --%	;
132	;(Sábado)2026/04/11	;0	; --%	; --%	;13	;Aumentar por85.7%	; --%	;1	;Disminuir por50.0%	; --%	;17	;Disminuir por62.2%	; --%	;10	;Disminuir por47.4%	; --%	;85	;Disminuir por29.2%	; --%	;1	;Disminuir por85.7%	; --%	;10	;Disminuir por37.5%	; --%	;
133	;(Domingo)2026/04/12	;0	; --%	; --%	;13	;Aumentar por160.0%	; --%	;0	;Disminuir por100.0%	; --%	;5	;Disminuir por90.7%	; --%	;12	;Disminuir por33.3%	; --%	;83	;Disminuir por38.5%	; --%	;0	;Disminuir por100.0%	; --%	;5	;Disminuir por73.7%	; --%	;
134	;(Lunes)2026/04/13	;0	; --%	; --%	;14	;Aumentar por55.6%	; --%	;1	;Sin cambios	; --%	;25	;Disminuir por10.7%	; --%	;10	;Aumentar por233.3%	; --%	;99	;Aumentar por19.3%	; --%	;0	;Disminuir por100.0%	; --%	;17	;Aumentar por70.0%	; --%	;
135	;(Martes)2026/04/14	;0	; --%	; --%	;12	;Aumentar por300.0%	; --%	;14	;Aumentar por1300.0%	; --%	;61	;Aumentar por190.5%	; --%	;14	;Disminuir por22.2%	; --%	;129	;Aumentar por24.0%	; --%	;39	;Aumentar por3800.0%	; --%	;66	;Aumentar por725.0%	; --%	;
136	;(Miércoles)2026/04/15	;1	;Disminuir por83.3%	; --%	;9	;Disminuir por59.1%	; --%	;10	;Sin cambios	; --%	;55	;Aumentar por14.6%	; --%	;31	;Aumentar por121.4%	; --%	;150	;Aumentar por40.2%	; --%	;0	;Disminuir por100.0%	; --%	;21	;Aumentar por75.0%	; --%	;
137	;(Jueves)2026/04/16	;0	; --%	; --%	;19	; --%	; --%	;10	; --%	; --%	;70	;Aumentar por1650.0%	; --%	;12	;Aumentar por71.4%	; --%	;135	;Aumentar por309.1%	; --%	;5	; --%	; --%	;19	;Aumentar por533.3%	; --%	;
138	;(Viernes)2026/04/17	;2	;Sin cambios	; --%	;21	;Aumentar por61.5%	; --%	;14	;Aumentar por366.7%	; --%	;60	;Aumentar por30.4%	; --%	;13	;Disminuir por43.5%	; --%	;137	;Disminuir por2.1%	; --%	;8	;Aumentar por14.3%	; --%	;26	;Aumentar por18.2%	; --%	;
139	;(Sábado)2026/04/18	;1	; --%	; --%	;15	;Aumentar por50.0%	; --%	;0	;Disminuir por100.0%	; --%	;20	;Disminuir por60.8%	; --%	;6	;Disminuir por73.9%	; --%	;92	;Disminuir por34.3%	; --%	;0	;Disminuir por100.0%	; --%	;10	;Disminuir por78.3%	; --%	;
140	;(Domingo)2026/04/19	;0	; --%	; --%	;8	;Aumentar por33.3%	; --%	;0	;Disminuir por100.0%	; --%	;11	;Disminuir por79.2%	; --%	;6	;Disminuir por76.0%	; --%	;62	;Disminuir por67.4%	; --%	;2	;Disminuir por33.3%	; --%	;9	;Disminuir por50.0%	; --%	;
141	;(Lunes)2026/04/20	;0	; --%	; --%	;10	;Aumentar por42.9%	; --%	;6	;Aumentar por50.0%	; --%	;51	;Aumentar por24.4%	; --%	;34	;Aumentar por47.8%	; --%	;168	;Aumentar por23.5%	; --%	;1	;Sin cambios	; --%	;9	;Disminuir por25.0%	; --%	;
142	;(Martes)2026/04/21	;1	;Sin cambios	; --%	;16	;Aumentar por128.6%	; --%	;4	;Aumentar por33.3%	; --%	;54	;Aumentar por157.1%	; --%	;17	;Disminuir por29.2%	; --%	;137	;Aumentar por18.1%	; --%	;23	;Aumentar por2200.0%	; --%	;45	;Aumentar por350.0%	; --%	;
143	;(Miércoles)2026/04/22	;0	;Disminuir por100.0%	; --%	;13	;Aumentar por44.4%	; --%	;9	;Aumentar por28.6%	; --%	;56	;Aumentar por124.0%	; --%	;22	;Aumentar por83.3%	; --%	;150	;Aumentar por53.1%	; --%	;7	;Aumentar por600.0%	; --%	;26	;Aumentar por333.3%	; --%	;
144	;(Jueves)2026/04/23	;0	; --%	;Disminuir por100.0%	;7	;Sin cambios	;Disminuir por22.2%	;5	;Disminuir por16.7%	; --%	;54	;Aumentar por92.9%	;Aumentar por1250.0%	;25	;Aumentar por127.3%	;Aumentar por212.5%	;162	;Aumentar por121.9%	;Aumentar por350.0%	;4	;Aumentar por33.3%	; --%	;20	;Aumentar por42.9%	;Aumentar por300.0%	;
145	;(Viernes)2026/04/24	;8	;Aumentar por700.0%	; --%	;20	;Aumentar por566.7%	;Aumentar por150.0%	;9	;Sin cambios	;Aumentar por50.0%	;59	;Aumentar por31.1%	;Sin cambios	;19	;Disminuir por26.9%	;Aumentar por35.7%	;197	;Aumentar por65.5%	;Aumentar por48.1%	;7	;Sin cambios	;Disminuir por22.2%	;28	;Aumentar por47.4%	;Disminuir por3.4%	;
146	;(Sábado)2026/04/25	;0	; --%	;Disminuir por100.0%	;15	;Aumentar por150.0%	;Aumentar por50.0%	;0	;Disminuir por100.0%	;Disminuir por100.0%	;20	;Disminuir por35.5%	;Disminuir por61.5%	;7	;Disminuir por58.8%	;Disminuir por66.7%	;87	;Disminuir por9.4%	;Disminuir por44.2%	;1	;Sin cambios	;Disminuir por90.9%	;8	;Disminuir por50.0%	;Disminuir por79.5%	;
147	;(Domingo)2026/04/26	;0	; --%	;Disminuir por100.0%	;8	;Disminuir por11.1%	;Disminuir por52.9%	;0	;Disminuir por100.0%	;Disminuir por100.0%	;9	;Disminuir por76.3%	;Disminuir por77.5%	;2	;Disminuir por91.3%	;Disminuir por87.5%	;40	;Disminuir por61.2%	;Disminuir por66.4%	;0	;Disminuir por100.0%	; --%	;8	;Disminuir por52.9%	;Disminuir por27.3%	;
148	;(Lunes)2026/04/27	;3	; --%	; --%	;22	;Aumentar por1000.0%	;Aumentar por340.0%	;5	;Aumentar por150.0%	; --%	;40	;Aumentar por122.2%	;Aumentar por207.7%	;12	;Aumentar por20.0%	;Aumentar por50.0%	;129	;Aumentar por148.1%	;Aumentar por69.7%	;9	; --%	;Aumentar por200.0%	;25	;Aumentar por316.7%	;Aumentar por150.0%	;
149	;(Martes)2026/04/28	;0	; --%	;Disminuir por100.0%	;13	;Aumentar por550.0%	;Aumentar por225.0%	;8	; --%	;Aumentar por166.7%	;53	;Aumentar por562.5%	;Aumentar por140.9%	;7	;Disminuir por50.0%	;Aumentar por250.0%	;117	;Aumentar por98.3%	;Aumentar por165.9%	;3	; --%	;Aumentar por200.0%	;26	;Aumentar por2500.0%	;Aumentar por160.0%	;
150	;(Miércoles)2026/04/29	;1	; --%	; --%	;5	;Disminuir por54.5%	;Aumentar por25.0%	;1	;Sin cambios	; --%	;37	;Aumentar por5.7%	;Aumentar por311.1%	;29	;Aumentar por38.1%	;Aumentar por480.0%	;190	;Aumentar por37.7%	;Aumentar por272.5%	;2	;Disminuir por66.7%	; --%	;20	;Disminuir por4.8%	;Aumentar por566.7%	;
151	;(Jueves)2026/04/30	;0	;Disminuir por100.0%	; --%	;19	;Aumentar por11.8%	;Aumentar por35.7%	;6	;Aumentar por50.0%	;Disminuir por40.0%	;59	;Aumentar por90.3%	;Disminuir por7.8%	;16	;Disminuir por5.9%	;Disminuir por30.4%	;158	;Aumentar por43.6%	;Disminuir por16.8%	;4	;Disminuir por63.6%	;Disminuir por20.0%	;38	;Aumentar por81.0%	;Aumentar por46.2%	;
152	;(Viernes)2026/05/01	;0	; --%	; --%	;10	;Sin cambios	;Aumentar por11.1%	;2	; --%	;Sin cambios	;9	;Disminuir por75.7%	;Disminuir por59.1%	;9	;Disminuir por50.0%	;Aumentar por12.5%	;72	;Disminuir por49.3%	;Disminuir por25.8%	;0	;Disminuir por100.0%	; --%	;5	;Disminuir por84.4%	;Disminuir por37.5%	;
153	;(Sábado)2026/05/02	;0	;Disminuir por100.0%	;Disminuir por100.0%	;19	;Aumentar por90.0%	;Disminuir por9.5%	;2	;Disminuir por84.6%	;Disminuir por84.6%	;23	;Disminuir por56.6%	;Disminuir por54.9%	;14	;Disminuir por6.7%	;Disminuir por33.3%	;90	;Disminuir por33.3%	;Disminuir por47.4%	;0	;Disminuir por100.0%	;Disminuir por100.0%	;7	;Disminuir por63.2%	;Disminuir por65.0%	;
154	;(Domingo)2026/05/03	;0	;Disminuir por100.0%	; --%	;18	;Aumentar por100.0%	;Aumentar por5.9%	;4	;Disminuir por78.9%	;Aumentar por33.3%	;19	;Disminuir por71.2%	;Disminuir por24.0%	;7	;Disminuir por79.4%	;Disminuir por41.7%	;111	;Disminuir por35.8%	;Aumentar por14.4%	;1	;Disminuir por88.9%	;Sin cambios	;9	;Disminuir por70.0%	;Disminuir por18.2%	;
155	;(Lunes)2026/05/04	;0	;Disminuir por100.0%	; --%	;11	;Aumentar por83.3%	;Aumentar por10.0%	;5	;Disminuir por28.6%	;Sin cambios	;51	;Aumentar por121.7%	;Aumentar por131.8%	;18	;Aumentar por350.0%	;Aumentar por12.5%	;144	;Aumentar por108.7%	;Aumentar por35.8%	;1	;Disminuir por50.0%	;Disminuir por50.0%	;11	;Aumentar por37.5%	;Aumentar por37.5%	;
156	;(Martes)2026/05/05	;0	; --%	;Disminuir por100.0%	;7	;Aumentar por75.0%	;Disminuir por41.7%	;2	; --%	;Disminuir por77.8%	;62	;Aumentar por933.3%	;Aumentar por21.6%	;11	;Sin cambios	;Disminuir por42.1%	;147	;Aumentar por129.7%	;Disminuir por13.5%	;4	; --%	;Disminuir por78.9%	;22	;Aumentar por633.3%	;Disminuir por51.1%	;
157	;(Miércoles)2026/05/06	;1	; --%	;Sin cambios	;14	;Disminuir por12.5%	;Aumentar por27.3%	;6	;Sin cambios	;Sin cambios	;59	;Aumentar por63.9%	;Aumentar por31.1%	;23	;Aumentar por76.9%	;Disminuir por17.9%	;161	;Aumentar por12.6%	;Disminuir por3.6%	;4	;Disminuir por33.3%	;Disminuir por33.3%	;19	;Disminuir por9.5%	;Disminuir por44.1%	;
158	;(Jueves)2026/05/07	;0	;Disminuir por100.0%	;Disminuir por100.0%	;6	;Disminuir por40.0%	;Disminuir por50.0%	;6	;Aumentar por50.0%	;Sin cambios	;45	;Aumentar por12.5%	;Disminuir por8.2%	;15	;Disminuir por40.0%	;Disminuir por37.5%	;159	;Disminuir por0.6%	;Disminuir por11.7%	;1	;Disminuir por92.3%	;Disminuir por90.0%	;10	;Disminuir por68.8%	;Disminuir por73.7%	;
159	;(Viernes)2026/05/08	;0	; --%	; --%	;8	;Disminuir por20.0%	;Disminuir por27.3%	;2	;Disminuir por60.0%	;Disminuir por77.8%	;38	;Disminuir por7.3%	;Disminuir por19.1%	;17	;Disminuir por22.7%	;Disminuir por19.0%	;157	;Aumentar por15.4%	;Disminuir por23.4%	;1	; --%	;Disminuir por91.7%	;18	;Aumentar por28.6%	;Disminuir por57.1%	;
160	;(Sábado)2026/05/09	;1	; --%	; --%	;16	;Disminuir por36.0%	;Aumentar por77.8%	;0	;Disminuir por100.0%	;Disminuir por100.0%	;22	;Disminuir por56.9%	;Disminuir por68.1%	;18	;Disminuir por18.2%	;Aumentar por5.9%	;127	;Disminuir por15.3%	;Disminuir por24.9%	;1	;Disminuir por66.7%	;Disminuir por75.0%	;9	;Disminuir por40.0%	;Disminuir por65.4%	;
161	;(Domingo)2026/05/10	;0	; --%	; --%	;10	;Disminuir por52.4%	;Disminuir por23.1%	;0	;Disminuir por100.0%	;Disminuir por100.0%	;12	;Disminuir por76.0%	;Disminuir por58.6%	;10	;Disminuir por23.1%	;Aumentar por66.7%	;69	;Disminuir por52.4%	;Disminuir por37.8%	;3	;Disminuir por66.7%	;Aumentar por200.0%	;12	;Disminuir por47.8%	;Aumentar por100.0%	;
162	;(Lunes)2026/05/11	;2	;Aumentar por100.0%	; --%	;19	;Sin cambios	;Aumentar por171.4%	;2	; --%	;Sin cambios	;39	;Aumentar por39.3%	;Aumentar por200.0%	;22	;Aumentar por15.8%	;Aumentar por10.0%	;138	;Aumentar por8.7%	;Aumentar por19.0%	;5	;Aumentar por66.7%	;Aumentar por25.0%	;14	;Disminuir por6.7%	;Aumentar por40.0%	;
163	;(Martes)2026/05/12	;0	; --%	;Disminuir por100.0%	;11	;Aumentar por37.5%	;Disminuir por35.3%	;3	;Aumentar por50.0%	;Disminuir por76.9%	;46	;Aumentar por228.6%	;Disminuir por22.0%	;16	;Disminuir por15.8%	;Disminuir por15.8%	;143	;Aumentar por45.9%	;Disminuir por13.3%	;4	;Aumentar por33.3%	;Disminuir por20.0%	;19	;Aumentar por58.3%	;Disminuir por24.0%	;
164	;(Miércoles)2026/05/13	;2	; --%	; --%	;17	;Aumentar por1600.0%	;Aumentar por183.3%	;8	; --%	;Disminuir por11.1%	;61	; --%	;Aumentar por41.9%	;17	; --%	;Aumentar por13.3%	;126	;Aumentar por6200.0%	;Disminuir por14.9%	;2	; --%	;Sin cambios	;11	; --%	;Disminuir por47.6%	;
165	;(Jueves)2026/05/14	;0	;Disminuir por100.0%	;Disminuir por100.0%	;3	;Disminuir por78.6%	;Disminuir por88.5%	;8	;Aumentar por166.7%	;Aumentar por33.3%	;62	;Aumentar por287.5%	;Aumentar por29.2%	;24	;Aumentar por242.9%	;Aumentar por700.0%	;150	;Aumentar por92.3%	;Aumentar por59.6%	;6	; --%	;Disminuir por76.9%	;26	;Aumentar por550.0%	;Disminuir por45.8%	;
166	;(Viernes)2026/05/15	;0	; --%	; --%	;9	;Disminuir por64.0%	; --%	;6	;Aumentar por200.0%	; --%	;57	;Aumentar por42.5%	; --%	;18	;Disminuir por40.0%	; --%	;169	;Aumentar por6.3%	; --%	;4	;Disminuir por60.0%	; --%	;18	;Aumentar por5.9%	; --%	;
167	;(Sábado)2026/05/16	;0	; --%	; --%	;8	;Disminuir por65.2%	; --%	;2	;Disminuir por60.0%	; --%	;28	;Disminuir por26.3%	; --%	;10	;Disminuir por56.5%	; --%	;92	;Disminuir por33.8%	; --%	;2	;Disminuir por50.0%	; --%	;12	;Disminuir por50.0%	; --%	;
168	;(Domingo)2026/05/17	;0	; --%	; --%	;13	;Disminuir por18.8%	; --%	;2	;Disminuir por90.0%	; --%	;15	;Disminuir por74.6%	; --%	;6	;Disminuir por72.7%	; --%	;69	;Disminuir por55.8%	; --%	;1	;Disminuir por75.0%	; --%	;10	;Disminuir por60.0%	; --%	;
169	;(Lunes)2026/05/18	;0	; --%	; --%	;15	;Disminuir por16.7%	; --%	;8	;Aumentar por700.0%	; --%	;46	;Aumentar por64.3%	; --%	;26	;Aumentar por100.0%	; --%	;145	;Aumentar por49.5%	; --%	;2	;Disminuir por33.3%	; --%	;19	;Aumentar por35.7%	; --%	;
170	;(Martes)2026/05/19	;0	; --%	; --%	;10	;Disminuir por23.1%	; --%	;5	;Aumentar por400.0%	; --%	;37	;Aumentar por117.6%	; --%	;16	;Disminuir por23.8%	; --%	;140	;Aumentar por53.8%	; --%	;6	;Aumentar por200.0%	; --%	;20	;Aumentar por233.3%	; --%	;
171	;(Miércoles)2026/05/20	;0	; --%	; --%	;22	;Disminuir por21.4%	; --%	;4	;Disminuir por50.0%	; --%	;35	;Sin cambios	; --%	;15	;Disminuir por6.3%	; --%	;122	;Aumentar por13.0%	; --%	;11	;Aumentar por175.0%	; --%	;20	;Aumentar por17.6%	; --%	;
172	;(Jueves)2026/05/21	;0	; --%	; --%	;7	;Disminuir por72.0%	; --%	;15	;Aumentar por150.0%	; --%	;63	;Aumentar por80.0%	; --%	;18	;Aumentar por38.5%	; --%	;142	;Aumentar por31.5%	; --%	;0	;Disminuir por100.0%	; --%	;15	;Disminuir por53.1%	; --%	;
173	;(Viernes)2026/05/22	;0	;Disminuir por100.0%	; --%	;17	;Disminuir por50.0%	; --%	;11	;Aumentar por120.0%	; --%	;61	;Aumentar por48.8%	; --%	;16	;Disminuir por51.5%	; --%	;135	;Aumentar por2.3%	; --%	;1	;Disminuir por85.7%	; --%	;18	;Disminuir por33.3%	; --%	;
174	;(Sábado)2026/05/23	;1	;Sin cambios	; --%	;15	;Sin cambios	;Aumentar por15.4%	;4	;Aumentar por300.0%	;Disminuir por20.0%	;45	;Aumentar por200.0%	;Aumentar por80.0%	;26	;Disminuir por7.1%	;Aumentar por116.7%	;121	;Aumentar por40.7%	;Aumentar por18.6%	;2	;Disminuir por66.7%	;Sin cambios	;16	;Aumentar por6.7%	;Aumentar por100.0%	;
175	;(Domingo)2026/05/24	;0	; --%	;Disminuir por100.0%	;14	;Disminuir por57.6%	;Sin cambios	;12	;Aumentar por200.0%	; --%	;30	;Aumentar por7.1%	;Aumentar por30.4%	;8	;Disminuir por77.1%	;Disminuir por11.1%	;63	;Disminuir por58.0%	;Disminuir por30.0%	;0	;Disminuir por100.0%	; --%	;4	;Disminuir por85.7%	;Disminuir por33.3%	;
176	;(Lunes)2026/05/25	;1	;Disminuir por90.0%	; --%	;12	;Disminuir por64.7%	;Aumentar por71.4%	;2	;Aumentar por100.0%	;Disminuir por33.3%	;50	;Aumentar por257.1%	;Aumentar por194.1%	;15	;Disminuir por40.0%	;Aumentar por36.4%	;146	;Aumentar por22.7%	;Aumentar por89.6%	;3	;Disminuir por82.4%	; --%	;21	;Aumentar por10.5%	;Aumentar por133.3%	;
177	;(Martes)2026/05/26	;1	;Disminuir por50.0%	;Sin cambios	;12	;Disminuir por20.0%	;Aumentar por71.4%	;8	;Aumentar por300.0%	;Aumentar por60.0%	;42	;Aumentar por200.0%	;Disminuir por23.6%	;8	;Disminuir por42.9%	;Disminuir por52.9%	;132	;Aumentar por59.0%	;Disminuir por12.0%	;1	;Disminuir por66.7%	;Disminuir por50.0%	;14	;Aumentar por180.0%	;Disminuir por26.3%	;
178	;(Miércoles)2026/05/27	;0	; --%	; --%	;10	;Disminuir por23.1%	;Disminuir por33.3%	;9	;Aumentar por125.0%	;Disminuir por10.0%	;58	;Aumentar por48.7%	;Aumentar por31.8%	;18	;Aumentar por28.6%	;Disminuir por10.0%	;139	;Aumentar por3.7%	;Disminuir por9.7%	;4	;Disminuir por33.3%	;Aumentar por100.0%	;25	;Aumentar por177.8%	;Aumentar por38.9%	;
179	;(Jueves)2026/05/28	;0	; --%	;Disminuir por100.0%	;15	;Aumentar por7.1%	;Aumentar por25.0%	;9	;Sin cambios	;Aumentar por28.6%	;71	;Aumentar por36.5%	;Aumentar por36.5%	;21	;Aumentar por5.0%	;Disminuir por36.4%	;151	;Aumentar por21.8%	;Disminuir por19.3%	;12	;Aumentar por140.0%	;Aumentar por300.0%	;31	;Aumentar por55.0%	;Aumentar por93.8%	;
180	;(Viernes)2026/05/29	;1	; --%	;Disminuir por75.0%	;17	;Disminuir por39.3%	;Disminuir por32.0%	;8	;Sin cambios	;Disminuir por38.5%	;61	;Aumentar por48.8%	;Aumentar por8.9%	;16	;Disminuir por42.9%	;Disminuir por33.3%	;145	;Aumentar por5.8%	;Disminuir por16.7%	;6	;Aumentar por200.0%	;Aumentar por50.0%	;31	;Aumentar por158.3%	;Aumentar por3.3%	;
181	;(Sábado)2026/05/30	;0	; --%	; --%	;8	;Disminuir por60.0%	;Disminuir por20.0%	;0	;Disminuir por100.0%	;Disminuir por100.0%	;25	;Disminuir por40.5%	;Disminuir por53.7%	;14	;Sin cambios	;Disminuir por46.2%	;102	;Disminuir por19.0%	;Disminuir por44.6%	;5	;Sin cambios	;Aumentar por150.0%	;15	;Sin cambios	;Disminuir por34.8%	;
182	;(Domingo)2026/05/31	;0	;Disminuir por100.0%	;Disminuir por100.0%	;8	;Disminuir por61.9%	;Disminuir por20.0%	;1	;Disminuir por66.7%	;Sin cambios	;25	;Disminuir por34.2%	;Aumentar por19.0%	;5	;Disminuir por73.7%	;Disminuir por80.8%	;68	;Disminuir por40.9%	;Disminuir por50.7%	;7	;Aumentar por40.0%	; --%	;14	;Disminuir por41.7%	;Aumentar por133.3%	;
183	;(Lunes)2026/06/01	;0	; --%	; --%	;13	;Aumentar por62.5%	;Aumentar por62.5%	;6	; --%	;Aumentar por500.0%	;41	;Aumentar por215.4%	;Aumentar por105.0%	;20	;Aumentar por100.0%	;Aumentar por100.0%	;159	;Aumentar por156.5%	;Aumentar por120.8%	;14	;Aumentar por1300.0%	;Aumentar por600.0%	;36	;Aumentar por350.0%	;Aumentar por620.0%	;
184	;(Martes)2026/06/02	;2	; --%	; --%	;12	;Aumentar por33.3%	;Aumentar por33.3%	;4	;Aumentar por100.0%	;Sin cambios	;51	;Aumentar por410.0%	;Aumentar por24.4%	;11	;Aumentar por57.1%	;Disminuir por21.4%	;142	;Aumentar por121.9%	;Disminuir por11.8%	;2	;Aumentar por100.0%	;Aumentar por100.0%	;15	;Aumentar por275.0%	;Disminuir por21.1%	;
185	;(Miércoles)2026/06/03	;0	;Disminuir por100.0%	; --%	;10	;Disminuir por41.2%	;Disminuir por28.6%	;9	;Aumentar por200.0%	;Sin cambios	;57	;Aumentar por137.5%	;Aumentar por7.5%	;21	;Aumentar por16.7%	;Aumentar por31.3%	;162	;Aumentar por32.8%	;Disminuir por4.1%	;4	;Disminuir por60.0%	;Disminuir por20.0%	;11	;Disminuir por57.7%	;Disminuir por35.3%	;
186	;(Jueves)2026/06/04	;0	; --%	; --%	;9	;Disminuir por47.1%	;Aumentar por12.5%	;11	;Aumentar por450.0%	;Aumentar por83.3%	;56	;Aumentar por115.4%	;Aumentar por7.7%	;25	;Aumentar por78.6%	;Aumentar por25.0%	;144	;Aumentar por13.4%	;Disminuir por20.9%	;5	;Sin cambios	;Aumentar por25.0%	;21	;Disminuir por8.7%	;Aumentar por31.3%	;
187	;(Viernes)2026/06/05	;2	;Disminuir por75.0%	;Aumentar por100.0%	;23	;Aumentar por15.0%	;Aumentar por91.7%	;4	;Aumentar por300.0%	;Disminuir por20.0%	;49	;Aumentar por16.7%	;Disminuir por3.9%	;27	;Aumentar por35.0%	;Aumentar por58.8%	;206	;Aumentar por51.5%	;Aumentar por21.2%	;6	;Aumentar por100.0%	;Aumentar por500.0%	;28	;Aumentar por40.0%	;Aumentar por7.7%	;
188	;(Sábado)2026/06/06	;0	; --%	; --%	;15	;Disminuir por16.7%	;Aumentar por87.5%	;2	;Aumentar por100.0%	;Disminuir por87.5%	;38	;Aumentar por5.6%	;Disminuir por48.6%	;18	;Disminuir por14.3%	;Sin cambios	;111	;Disminuir por27.0%	;Disminuir por25.5%	;3	;Aumentar por200.0%	;Disminuir por57.1%	;15	;Disminuir por25.0%	;Disminuir por31.8%	;
189	;(Domingo)2026/06/07	;0	; --%	; --%	;10	;Disminuir por37.5%	;Aumentar por66.7%	;2	;Disminuir por81.8%	;Aumentar por100.0%	;11	;Disminuir por80.0%	;Disminuir por54.2%	;6	;Disminuir por68.4%	;Disminuir por79.3%	;52	;Disminuir por64.1%	;Disminuir por59.1%	;4	;Aumentar por300.0%	;Aumentar por33.3%	;9	;Disminuir por35.7%	;Disminuir por10.0%	;
190	;(Lunes)2026/06/08	;0	; --%	; --%	;11	;Disminuir por15.4%	;Aumentar por22.2%	;1	;Disminuir por83.3%	;Sin cambios	;50	;Aumentar por127.3%	;Aumentar por400.0%	;14	;Aumentar por55.6%	;Aumentar por16.7%	;132	;Aumentar por45.1%	;Aumentar por69.2%	;1	;Disminuir por50.0%	;Disminuir por94.1%	;12	;Aumentar por50.0%	;Disminuir por36.8%	;
191	;(Martes)2026/06/09	;1	; --%	;Disminuir por66.7%	;7	;Disminuir por61.1%	;Disminuir por46.2%	;4	;Aumentar por100.0%	;Aumentar por100.0%	;54	;Aumentar por116.0%	;Aumentar por107.7%	;17	;Disminuir por10.5%	;Disminuir por19.0%	;137	;Aumentar por44.2%	;Disminuir por17.0%	;5	;Aumentar por150.0%	;Aumentar por150.0%	;21	;Aumentar por320.0%	;Aumentar por31.3%	;
192	;(Miércoles)2026/06/10	;0	; --%	; --%	;10	;Disminuir por41.2%	;Disminuir por16.7%	;1	;Disminuir por80.0%	;Disminuir por66.7%	;57	;Aumentar por83.9%	;Aumentar por58.3%	;15	;Sin cambios	;Disminuir por25.0%	;149	;Aumentar por31.9%	;Disminuir por3.2%	;6	;Aumentar por500.0%	;Disminuir por57.1%	;20	;Aumentar por66.7%	;Disminuir por47.4%	;
193	;(Jueves)2026/06/11	;0	;Disminuir por100.0%	;Disminuir por100.0%	;12	;Disminuir por64.7%	;Disminuir por7.7%	;4	;Disminuir por73.3%	;Disminuir por33.3%	;45	;Disminuir por11.8%	;Aumentar por4.7%	;28	;Aumentar por154.5%	;Aumentar por21.7%	;173	;Aumentar por37.3%	;Sin cambios	;2	;Disminuir por33.3%	;Disminuir por66.7%	;16	;Sin cambios	;Disminuir por27.3%	;
194	;(Viernes)2026/06/12	;0	; --%	;Disminuir por100.0%	;20	;Disminuir por13.0%	;Aumentar por53.8%	;10	;Aumentar por150.0%	;Disminuir por23.1%	;46	;Aumentar por64.3%	;Disminuir por27.0%	;19	;Disminuir por20.8%	;Aumentar por18.8%	;140	;Disminuir por2.8%	;Disminuir por7.3%	;11	;Aumentar por266.7%	;Aumentar por57.1%	;27	;Aumentar por237.5%	;Aumentar por17.4%	;
195	;(Sábado)2026/06/13	;1	; --%	;Disminuir por66.7%	;12	;Disminuir por61.3%	;Disminuir por14.3%	;1	;Disminuir por87.5%	;Disminuir por97.6%	;25	;Disminuir por43.2%	;Disminuir por75.0%	;10	;Disminuir por28.6%	;Disminuir por64.3%	;97	;Disminuir por26.0%	;Disminuir por50.3%	;0	;Disminuir por100.0%	;Disminuir por100.0%	;10	;Disminuir por56.5%	;Disminuir por69.7%	;
196	;(Domingo)2026/06/14	;0	; --%	; --%	;9	;Disminuir por50.0%	;Sin cambios	;3	;Disminuir por40.0%	;Disminuir por50.0%	;22	;Disminuir por26.7%	;Disminuir por42.1%	;9	;Disminuir por65.4%	;Sin cambios	;76	;Disminuir por50.6%	;Disminuir por20.8%	;0	; --%	;Disminuir por100.0%	;7	;Sin cambios	;Sin cambios	;
197	;(Lunes)2026/06/15	;0	; --%	;Disminuir por100.0%	;13	;Disminuir por31.6%	;Aumentar por225.0%	;8	;Aumentar por166.7%	; --%	;56	;Aumentar por124.0%	;Aumentar por250.0%	;15	;Disminuir por6.3%	;Aumentar por15.4%	;148	;Aumentar por27.6%	;Aumentar por26.5%	;7	; --%	;Aumentar por250.0%	;20	;Aumentar por53.8%	;Aumentar por233.3%	;
198	;(Martes)2026/06/16	;0	; --%	;Disminuir por100.0%	;15	;Disminuir por16.7%	;Aumentar por15.4%	;15	;Aumentar por1400.0%	;Aumentar por66.7%	;65	;Aumentar por261.1%	;Aumentar por30.0%	;20	;Aumentar por100.0%	;Disminuir por23.1%	;146	;Aumentar por71.8%	;Disminuir por12.0%	;1	; --%	;Disminuir por75.0%	;16	;Aumentar por220.0%	;Disminuir por42.9%	;
199	;(Miércoles)2026/06/17	;1	; --%	; --%	;18	;Aumentar por28.6%	;Aumentar por80.0%	;28	;Aumentar por600.0%	;Aumentar por366.7%	;84	;Aumentar por162.5%	;Aumentar por162.5%	;22	;Aumentar por57.1%	;Disminuir por8.3%	;145	;Aumentar por40.8%	;Aumentar por12.4%	;1	; --%	;Disminuir por50.0%	;18	;Aumentar por125.0%	;Aumentar por20.0%	;
200	;(Jueves)2026/06/18	;2	; --%	;Disminuir por81.8%	;18	;Aumentar por12.5%	;Disminuir por14.3%	;7	; --%	;Disminuir por46.2%	;72	;Aumentar por700.0%	;Sin cambios	;18	;Aumentar por125.0%	;Disminuir por14.3%	;145	;Aumentar por141.7%	;Disminuir por17.1%	;3	;Aumentar por200.0%	;Disminuir por80.0%	;15	;Aumentar por87.5%	;Disminuir por54.5%	;
201	;(Viernes)2026/06/19	;0	; --%	;Disminuir por100.0%	;9	;Disminuir por52.6%	;Disminuir por35.7%	;8	;Disminuir por63.6%	;Disminuir por11.1%	;67	;Aumentar por21.8%	;Aumentar por24.1%	;10	;Disminuir por56.5%	;Disminuir por56.5%	;139	;Disminuir por10.9%	;Disminuir por15.2%	;10	; --%	;Aumentar por233.3%	;36	;Aumentar por1100.0%	;Aumentar por44.0%	;
202	;(Sábado)2026/06/20	;3	; --%	;Aumentar por200.0%	;17	;Aumentar por21.4%	;Disminuir por19.0%	;3	;Disminuir por25.0%	;Disminuir por78.6%	;24	;Disminuir por36.8%	;Disminuir por66.7%	;11	;Disminuir por38.9%	;Disminuir por26.7%	;95	;Disminuir por36.2%	;Disminuir por39.1%	;0	;Disminuir por100.0%	;Disminuir por100.0%	;7	;Disminuir por75.0%	;Disminuir por88.1%	;
203	;(Domingo)2026/06/21	;0	;Disminuir por100.0%	; --%	;11	;Disminuir por35.3%	;Aumentar por37.5%	;1	;Disminuir por85.7%	;Disminuir por83.3%	;18	;Disminuir por52.6%	;Disminuir por60.9%	;8	;Disminuir por65.2%	;Disminuir por52.9%	;86	;Disminuir por48.2%	;Disminuir por43.0%	;1	;Disminuir por66.7%	;Disminuir por75.0%	;9	;Disminuir por52.6%	;Disminuir por25.0%	;
204	;(Lunes)2026/06/22	;4	; --%	; --%	;13	;Aumentar por18.2%	;Aumentar por85.7%	;7	; --%	;Aumentar por40.0%	;46	;Aumentar por253.8%	;Aumentar por360.0%	;20	;Disminuir por9.1%	;Aumentar por66.7%	;150	;Aumentar por38.9%	;Aumentar por172.7%	;8	;Aumentar por700.0%	;Aumentar por166.7%	;20	;Aumentar por185.7%	;Aumentar por150.0%	;
205	;(Martes)2026/06/23	;1	; --%	;Disminuir por66.7%	;10	;Disminuir por28.6%	;Disminuir por9.1%	;9	; --%	;Aumentar por200.0%	;49	;Aumentar por1125.0%	;Aumentar por8.9%	;25	;Aumentar por177.8%	;Aumentar por25.0%	;160	;Aumentar por110.5%	;Aumentar por3.2%	;8	; --%	;Aumentar por166.7%	;28	;Aumentar por366.7%	;Aumentar por75.0%	;
206	;(Miércoles)2026/06/24	;0	; --%	; --%	;10	;Disminuir por50.0%	;Disminuir por28.6%	;1	;Disminuir por50.0%	;Disminuir por87.5%	;30	;Aumentar por30.4%	;Disminuir por37.5%	;13	;Aumentar por30.0%	;Sin cambios	;103	;Disminuir por15.6%	;Disminuir por18.3%	;2	;Aumentar por100.0%	;Disminuir por50.0%	;12	;Disminuir por20.0%	;Disminuir por29.4%	;
207	;(Jueves)2026/06/25	;3	; --%	;Aumentar por50.0%	;12	;Disminuir por36.8%	;Sin cambios	;9	;Aumentar por50.0%	;Aumentar por80.0%	;57	;Aumentar por14.0%	;Aumentar por29.5%	;24	;Aumentar por26.3%	;Sin cambios	;171	;Aumentar por25.7%	;Aumentar por28.6%	;7	; --%	;Aumentar por600.0%	;25	;Aumentar por108.3%	;Aumentar por78.6%	;
208	;(Viernes)2026/06/26	;0	; --%	; --%	;21	;Disminuir por19.2%	; --%	;17	;Aumentar por240.0%	; --%	;73	;Aumentar por135.5%	; --%	;26	;Disminuir por13.3%	; --%	;165	;Aumentar por9.3%	; --%	;11	;Aumentar por266.7%	; --%	;37	;Aumentar por311.1%	; --%	;
209	;(Sábado)2026/06/27	;3	;Aumentar por50.0%	; --%	;19	;Disminuir por36.7%	;Aumentar por137.5%	;1	;Disminuir por90.0%	;Disminuir por75.0%	;31	;Disminuir por22.5%	;Aumentar por29.2%	;20	;Disminuir por9.1%	;Aumentar por25.0%	;110	;Disminuir por20.9%	;Aumentar por2.8%	;5	;Aumentar por400.0%	;Aumentar por400.0%	;13	;Aumentar por30.0%	;Sin cambios	;
210	;(Domingo)2026/06/28	;0	;Disminuir por100.0%	; --%	;14	;Disminuir por33.3%	;Aumentar por250.0%	;2	;Disminuir por80.0%	;Sin cambios	;21	;Disminuir por47.5%	;Disminuir por32.3%	;19	;Disminuir por34.5%	;Aumentar por58.3%	;101	;Disminuir por40.9%	;Disminuir por5.6%	;1	;Disminuir por66.7%	;Disminuir por66.7%	;4	;Disminuir por78.9%	;Disminuir por69.2%	;
211	;(Lunes)2026/06/29	;3	; --%	; --%	;16	;Disminuir por20.0%	;Aumentar por220.0%	;6	;Aumentar por200.0%	;Aumentar por200.0%	;49	;Aumentar por276.9%	;Aumentar por226.7%	;29	;Aumentar por61.1%	;Aumentar por61.1%	;148	;Aumentar por35.8%	;Aumentar por74.1%	;6	; --%	;Aumentar por500.0%	;20	;Aumentar por300.0%	;Aumentar por150.0%	;
212	;(Martes)2026/06/30	;0	; --%	;Disminuir por100.0%	;17	;Disminuir por5.6%	;Disminuir por19.0%	;8	; --%	;Aumentar por100.0%	;45	;Aumentar por350.0%	;Aumentar por18.4%	;25	;Aumentar por56.3%	;Aumentar por56.3%	;158	;Aumentar por129.0%	;Aumentar por9.7%	;6	;Aumentar por500.0%	;Aumentar por500.0%	;27	;Aumentar por575.0%	;Aumentar por107.7%	;
213	;(Miércoles)2026/07/01	;0	; --%	; --%	;15	;Sin cambios	;Aumentar por25.0%	;5	;Disminuir por44.4%	;Aumentar por25.0%	;44	;Aumentar por12.8%	;Aumentar por37.5%	;17	;Aumentar por41.7%	;Disminuir por34.6%	;141	;Sin cambios	;Disminuir por9.0%	;5	;Aumentar por150.0%	;Aumentar por25.0%	;27	;Aumentar por170.0%	;Aumentar por42.1%	;
214	;(Jueves)2026/07/02	;0	; --%	;Disminuir por100.0%	;16	;Disminuir por42.9%	;Disminuir por5.9%	;9	;Aumentar por28.6%	;Aumentar por80.0%	;48	;Disminuir por2.0%	;Aumentar por14.3%	;16	;Disminuir por36.0%	;Disminuir por46.7%	;133	;Aumentar por17.7%	;Disminuir por26.1%	;4	;Disminuir por71.4%	;Aumentar por300.0%	;22	;Disminuir por33.3%	;Aumentar por46.7%	;
215	;(Viernes)2026/07/03	;1	;Sin cambios	;Disminuir por66.7%	;14	;Disminuir por33.3%	;Disminuir por22.2%	;8	;Aumentar por300.0%	;Aumentar por14.3%	;58	;Aumentar por26.1%	;Aumentar por38.1%	;11	;Disminuir por59.3%	;Disminuir por62.1%	;133	;Disminuir por20.4%	;Disminuir por19.9%	;4	; --%	; --%	;22	;Aumentar por46.7%	;Aumentar por29.4%	;
216	;(Sábado)2026/07/04	;2	;Aumentar por100.0%	; --%	;14	;Disminuir por39.1%	;Aumentar por27.3%	;1	;Disminuir por80.0%	;Disminuir por75.0%	;30	;Disminuir por34.8%	;Disminuir por18.9%	;13	;Aumentar por62.5%	;Disminuir por38.1%	;99	;Disminuir por36.9%	;Disminuir por38.5%	;0	;Disminuir por100.0%	;Disminuir por100.0%	;8	;Disminuir por52.9%	;Disminuir por71.4%	;
217	;(Domingo)2026/07/05	;2	; --%	;Aumentar por100.0%	;11	;Disminuir por42.1%	;Disminuir por8.3%	;0	;Disminuir por100.0%	;Disminuir por100.0%	;20	;Disminuir por63.0%	;Disminuir por42.9%	;18	;Disminuir por30.8%	;Aumentar por28.6%	;99	;Disminuir por43.8%	;Disminuir por12.4%	;1	;Disminuir por85.7%	;Disminuir por50.0%	;5	;Disminuir por84.4%	;Disminuir por64.3%	;
218	;(Lunes)2026/07/06	;1	;Sin cambios	; --%	;13	;Aumentar por116.7%	;Aumentar por160.0%	;6	; --%	; --%	;51	;Aumentar por410.0%	;Aumentar por240.0%	;32	;Aumentar por60.0%	;Aumentar por68.4%	;159	;Aumentar por238.3%	;Aumentar por51.4%	;7	;Aumentar por600.0%	;Aumentar por75.0%	;31	;Aumentar por1450.0%	;Aumentar por158.3%	;
219	;(Martes)2026/07/07	;0	;Disminuir por100.0%	;Disminuir por100.0%	;12	;Aumentar por50.0%	;Disminuir por20.0%	;7	; --%	;Aumentar por75.0%	;44	;Aumentar por2100.0%	;Disminuir por2.2%	;23	;Aumentar por283.3%	;Aumentar por43.8%	;141	;Aumentar por200.0%	;Sin cambios	;8	; --%	;Disminuir por27.3%	;23	;Aumentar por475.0%	;Disminuir por20.7%	;
220	;(Miércoles)2026/07/08	;0	;Disminuir por100.0%	; --%	;11	;Disminuir por42.1%	;Aumentar por37.5%	;2	;Disminuir por50.0%	;Disminuir por71.4%	;57	;Aumentar por35.7%	;Aumentar por11.8%	;31	;Aumentar por244.4%	;Aumentar por24.0%	;147	;Disminuir por2.6%	;Disminuir por9.3%	;3	;Aumentar por50.0%	;Aumentar por50.0%	;30	;Aumentar por76.5%	;Aumentar por87.5%	;
221	;(Jueves)2026/07/09	;3	; --%	;Aumentar por200.0%	;16	;Aumentar por23.1%	;Disminuir por23.8%	;5	;Aumentar por66.7%	;Aumentar por25.0%	;48	;Sin cambios	;Aumentar por50.0%	;22	;Aumentar por37.5%	;Aumentar por10.0%	;150	;Aumentar por22.0%	;Disminuir por11.2%	;3	;Aumentar por50.0%	;Disminuir por57.1%	;19	;Disminuir por36.7%	;Aumentar por5.6%	;
222	;(Viernes)2026/07/10	;2	;Disminuir por33.3%	; --%	;14	;Disminuir por6.7%	;Aumentar por40.0%	;5	;Aumentar por66.7%	;Disminuir por58.3%	;58	;Aumentar por70.6%	;Disminuir por4.9%	;22	;Disminuir por38.9%	;Disminuir por21.4%	;132	;Disminuir por20.5%	;Disminuir por16.5%	;2	;Sin cambios	;Disminuir por66.7%	;33	;Aumentar por120.0%	;Aumentar por37.5%	;
223	;(Sábado)2026/07/11	;0	;Disminuir por100.0%	;Disminuir por100.0%	;10	;Disminuir por52.4%	;Disminuir por41.2%	;2	;Disminuir por66.7%	;Disminuir por80.0%	;35	;Disminuir por27.1%	;Disminuir por34.0%	;17	;Disminuir por10.5%	;Disminuir por48.5%	;98	;Disminuir por38.4%	;Disminuir por53.8%	;1	;Disminuir por66.7%	;Disminuir por83.3%	;7	;Disminuir por70.8%	;Disminuir por72.0%	;
224	;(Domingo)2026/07/12	;1	; --%	;Sin cambios	;15	;Aumentar por200.0%	;Aumentar por66.7%	;1	;Disminuir por83.3%	;Disminuir por50.0%	;22	;Disminuir por61.4%	;Disminuir por29.0%	;22	;Aumentar por57.1%	;Disminuir por93.9%	;84	;Disminuir por39.1%	;Disminuir por81.2%	;3	;Disminuir por75.0%	; --%	;13	;Disminuir por62.9%	;Aumentar por44.4%	;
225	;(Lunes)2026/07/13	;1	;Disminuir por50.0%	; --%	;10	;Aumentar por42.9%	;Disminuir por16.7%	;4	; --%	;Aumentar por300.0%	;41	;Aumentar por86.4%	;Aumentar por78.3%	;25	;Aumentar por150.0%	;Aumentar por38.9%	;140	;Aumentar por34.6%	;Aumentar por55.6%	;3	;Aumentar por50.0%	;Sin cambios	;16	;Aumentar por128.6%	;Aumentar por60.0%	;
226	;(Martes)2026/07/14	;0	; --%	; --%	;6	;Disminuir por62.5%	;Disminuir por57.1%	;3	;Aumentar por200.0%	;Disminuir por75.0%	;35	;Aumentar por118.8%	;Disminuir por34.0%	;14	;Aumentar por250.0%	;Disminuir por36.4%	;89	;Aumentar por15.6%	;Disminuir por31.5%	;7	;Aumentar por133.3%	;Aumentar por133.3%	;15	;Aumentar por66.7%	;Disminuir por11.8%	;
