Análisis de tipo multiobjetivo	;
Información básica	;
Hora de exportación: 2026/07/14 13:42:08	;
Operador: Touristcheck	;
Objetivo de estadísticas: Avda. Papa Luna - C. Navarra	;
Exportar contenido:Número de personas,Vehículos a motor,Vehículos sin motor	;
Hora del informe: 2025/12/01 00:00:00 - 2026/07/14 23:59:59	;

Personas totales	; 	; 	; 	; 	; 	;Total de vehículos a motor	; 	; 	; 	; 	; 	;Total de vehículos sin motor	;
Avanzar	; 	; 	;Retroceso	; 	; 	;Avanzar	; 	; 	;Retroceso	; 	; 	;Avanzar	; 	; 	;Retroceso	;
Valor	;Tasa de cambio (ciclo tras ciclo)	;Tasa de cambio (año tras año)	;Valor	;Tasa de cambio (ciclo tras ciclo)	;Tasa de cambio (año tras año)	;Valor	;Tasa de cambio (ciclo tras ciclo)	;Tasa de cambio (año tras año)	;Valor	;Tasa de cambio (ciclo tras ciclo)	;Tasa de cambio (año tras año)	;Valor	;Tasa de cambio (ciclo tras ciclo)	;Tasa de cambio (año tras año)	;Valor	;Tasa de cambio (ciclo tras ciclo)	;Tasa de cambio (año tras año)	;
91078	;Disminuir por42.7%	;Aumentar por51.0%	;103086	;Disminuir por40.5%	;Aumentar por56.4%	;392083	;Disminuir por23.1%	;Aumentar por82.7%	;416797	;Disminuir por18.5%	;Aumentar por97.1%	;64516	;Disminuir por27.6%	;Aumentar por76.2%	;83586	;Disminuir por28.6%	;Aumentar por81.8%	;

N.º	;Hora	;Personas	; 	; 	; 	; 	; 	;Vehículos a motor	; 	; 	; 	; 	; 	;Vehículos sin motor	;
	;	;Avanzar	; 	; 	;Retroceso	; 	; 	;Avanzar	; 	; 	;Retroceso	; 	; 	;Avanzar	; 	; 	;Retroceso	;
	;	;Valor	;Tasa de cambio (ciclo tras ciclo)	;Tasa de cambio (año tras año)	;Valor	;Tasa de cambio (ciclo tras ciclo)	;Tasa de cambio (año tras año)	;Valor	;Tasa de cambio (ciclo tras ciclo)	;Tasa de cambio (año tras año)	;Valor	;Tasa de cambio (ciclo tras ciclo)	;Tasa de cambio (año tras año)	;Valor	;Tasa de cambio (ciclo tras ciclo)	;Tasa de cambio (año tras año)	;Valor	;Tasa de cambio (ciclo tras ciclo)	;Tasa de cambio (año tras año)	;
1	;(Lunes)2025/12/01	;104	;Disminuir por94.5%	; --%	;164	;Disminuir por92.3%	; --%	;1123	;Disminuir por67.5%	; --%	;1185	;Disminuir por66.7%	; --%	;157	;Disminuir por78.4%	; --%	;192	;Disminuir por78.4%	; --%	;
2	;(Martes)2025/12/02	;117	;Disminuir por92.7%	; --%	;204	;Disminuir por91.9%	; --%	;1032	;Disminuir por63.0%	; --%	;1078	;Disminuir por66.3%	; --%	;123	;Disminuir por81.5%	; --%	;188	;Disminuir por78.1%	; --%	;
3	;(Miércoles)2025/12/03	;126	;Disminuir por87.2%	; --%	;298	;Disminuir por78.9%	; --%	;1175	;Disminuir por52.0%	; --%	;1300	;Disminuir por53.7%	; --%	;87	;Disminuir por86.1%	; --%	;141	;Disminuir por82.0%	; --%	;
4	;(Jueves)2025/12/04	;92	;Disminuir por86.6%	; --%	;151	;Disminuir por74.0%	; --%	;1189	;Disminuir por43.2%	; --%	;1218	;Disminuir por41.9%	; --%	;122	;Disminuir por50.2%	; --%	;159	;Disminuir por56.4%	; --%	;
5	;(Viernes)2025/12/05	;165	;Disminuir por77.1%	; --%	;262	;Disminuir por79.8%	; --%	;1394	;Disminuir por32.2%	; --%	;1332	;Disminuir por37.9%	; --%	;134	;Disminuir por71.2%	; --%	;197	;Disminuir por67.8%	; --%	;
6	;(Sábado)2025/12/06	;305	;Disminuir por54.2%	; --%	;381	;Disminuir por70.0%	; --%	;1822	;Disminuir por37.3%	; --%	;2108	;Disminuir por29.0%	; --%	;267	;Disminuir por42.1%	; --%	;376	;Disminuir por36.9%	; --%	;
7	;(Domingo)2025/12/07	;359	;Disminuir por44.1%	; --%	;461	;Disminuir por45.8%	; --%	;2013	;Disminuir por7.4%	; --%	;2414	;Aumentar por17.6%	; --%	;298	;Disminuir por25.9%	; --%	;424	;Disminuir por18.1%	; --%	;
8	;(Lunes)2025/12/08	;234	;Disminuir por65.3%	; --%	;370	;Disminuir por68.5%	; --%	;1262	;Disminuir por43.5%	; --%	;1663	;Disminuir por23.2%	; --%	;239	;Disminuir por35.8%	; --%	;339	;Disminuir por36.8%	; --%	;
9	;(Martes)2025/12/09	;129	;Disminuir por74.8%	; --%	;153	;Disminuir por85.2%	; --%	;1278	;Disminuir por24.4%	; --%	;1343	;Disminuir por30.8%	; --%	;128	;Disminuir por65.8%	; --%	;171	;Disminuir por70.3%	; --%	;
10	;(Miércoles)2025/12/10	;104	;Disminuir por52.7%	; --%	;232	;Disminuir por22.1%	; --%	;1088	;Aumentar por23.2%	; --%	;1084	;Aumentar por34.0%	; --%	;144	;Disminuir por17.7%	; --%	;183	;Disminuir por1.6%	; --%	;
11	;(Jueves)2025/12/11	;123	;Disminuir por60.6%	; --%	;172	;Disminuir por63.8%	; --%	;1161	;Aumentar por15.6%	; --%	;1199	;Aumentar por1.8%	; --%	;115	;Disminuir por45.5%	; --%	;170	;Disminuir por45.5%	; --%	;
12	;(Viernes)2025/12/12	;118	;Disminuir por73.2%	; --%	;171	;Disminuir por65.3%	; --%	;1130	;Disminuir por56.1%	; --%	;1250	;Disminuir por50.9%	; --%	;120	;Disminuir por57.9%	; --%	;178	;Disminuir por52.8%	; --%	;
13	;(Sábado)2025/12/13	;126	;Disminuir por84.6%	; --%	;132	;Disminuir por84.2%	; --%	;1163	;Disminuir por56.9%	; --%	;1343	;Disminuir por46.2%	; --%	;124	;Disminuir por69.8%	; --%	;171	;Disminuir por67.6%	; --%	;
14	;(Domingo)2025/12/14	;66	;Disminuir por89.5%	; --%	;67	;Disminuir por87.9%	; --%	;617	;Disminuir por78.2%	; --%	;712	;Disminuir por74.8%	; --%	;26	;Disminuir por89.3%	; --%	;35	;Disminuir por88.2%	; --%	;
15	;(Lunes)2025/12/15	;47	;Disminuir por94.0%	; --%	;82	;Disminuir por87.4%	; --%	;915	;Disminuir por64.8%	; --%	;982	;Disminuir por61.9%	; --%	;29	;Disminuir por94.0%	; --%	;29	;Disminuir por95.2%	; --%	;
16	;(Martes)2025/12/16	;60	;Disminuir por89.4%	; --%	;147	;Disminuir por67.4%	; --%	;968	;Disminuir por52.8%	; --%	;994	;Disminuir por58.8%	; --%	;52	;Disminuir por86.9%	; --%	;50	;Disminuir por90.2%	; --%	;
17	;(Miércoles)2025/12/17	;25	;Disminuir por94.0%	; --%	;32	;Disminuir por92.2%	; --%	;959	;Disminuir por47.6%	; --%	;969	;Disminuir por49.6%	; --%	;14	;Disminuir por95.4%	; --%	;20	;Disminuir por94.4%	; --%	;
18	;(Jueves)2025/12/18	;125	;Disminuir por72.2%	; --%	;236	;Disminuir por59.5%	; --%	;1113	;Disminuir por42.7%	; --%	;1177	;Disminuir por41.3%	; --%	;132	;Disminuir por51.6%	; --%	;148	;Disminuir por60.2%	; --%	;
19	;(Viernes)2025/12/19	;113	;Disminuir por71.7%	; --%	;153	;Disminuir por61.3%	; --%	;1158	;Disminuir por39.1%	; --%	;1211	;Disminuir por36.6%	; --%	;124	;Disminuir por59.6%	; --%	;158	;Disminuir por64.3%	; --%	;
20	;(Sábado)2025/12/20	;122	;Disminuir por58.4%	; --%	;131	;Disminuir por54.2%	; --%	;1060	;Disminuir por46.3%	; --%	;1142	;Disminuir por40.8%	; --%	;90	;Disminuir por44.1%	; --%	;204	;Disminuir por13.6%	; --%	;
21	;(Domingo)2025/12/21	;123	;Disminuir por73.1%	; --%	;135	;Disminuir por71.2%	; --%	;971	;Disminuir por48.8%	; --%	;1089	;Disminuir por37.6%	; --%	;126	;Disminuir por63.0%	; --%	;186	;Disminuir por57.5%	; --%	;
22	;(Lunes)2025/12/22	;136	;Disminuir por67.2%	; --%	;286	;Disminuir por14.1%	; --%	;1177	;Disminuir por44.6%	; --%	;1316	;Disminuir por22.3%	; --%	;130	;Disminuir por55.0%	; --%	;152	;Disminuir por55.2%	; --%	;
23	;(Martes)2025/12/23	;93	;Disminuir por79.3%	; --%	;167	;Disminuir por62.8%	; --%	;1010	;Disminuir por44.3%	; --%	;1062	;Disminuir por41.2%	; --%	;93	;Disminuir por73.6%	; --%	;157	;Disminuir por65.5%	; --%	;
24	;(Miércoles)2025/12/24	;134	;Disminuir por64.1%	; --%	;215	;Disminuir por54.4%	; --%	;894	;Disminuir por51.8%	; --%	;913	;Disminuir por50.0%	; --%	;108	;Disminuir por70.7%	; --%	;169	;Disminuir por61.9%	; --%	;
25	;(Jueves)2025/12/25	;25	;Disminuir por93.3%	; --%	;45	;Disminuir por88.3%	; --%	;891	;Disminuir por47.8%	; --%	;954	;Disminuir por43.9%	; --%	;19	;Disminuir por93.9%	; --%	;23	;Disminuir por94.6%	; --%	;
26	;(Viernes)2025/12/26	;65	;Disminuir por85.3%	; --%	;87	;Disminuir por81.7%	; --%	;1007	;Disminuir por42.1%	; --%	;1031	;Disminuir por40.1%	; --%	;30	;Disminuir por90.4%	; --%	;40	;Disminuir por90.4%	; --%	;
27	;(Sábado)2025/12/27	;45	;Disminuir por91.2%	; --%	;76	;Disminuir por87.5%	; --%	;897	;Disminuir por53.8%	; --%	;930	;Disminuir por51.0%	; --%	;13	;Disminuir por96.9%	; --%	;6	;Disminuir por98.9%	; --%	;
28	;(Domingo)2025/12/28	;85	;Disminuir por84.4%	; --%	;129	;Disminuir por83.5%	; --%	;1024	;Disminuir por54.0%	; --%	;1069	;Disminuir por49.1%	; --%	;45	;Disminuir por88.9%	; --%	;53	;Disminuir por90.2%	; --%	;
29	;(Lunes)2025/12/29	;119	;Disminuir por76.2%	; --%	;218	;Disminuir por58.9%	; --%	;1161	;Disminuir por48.3%	; --%	;1155	;Disminuir por46.2%	; --%	;73	;Disminuir por82.5%	; --%	;76	;Disminuir por85.4%	; --%	;
30	;(Martes)2025/12/30	;146	;Disminuir por71.5%	; --%	;223	;Disminuir por61.7%	; --%	;1300	;Disminuir por33.3%	; --%	;1451	;Disminuir por35.7%	; --%	;194	;Disminuir por53.1%	; --%	;267	;Disminuir por48.7%	; --%	;
31	;(Miércoles)2025/12/31	;186	;Disminuir por57.6%	; --%	;237	;Disminuir por56.8%	; --%	;1250	;Disminuir por33.1%	; --%	;1180	;Disminuir por36.7%	; --%	;162	;Disminuir por56.3%	; --%	;261	;Disminuir por39.0%	; --%	;
32	;(Jueves)2026/01/01	;148	;Disminuir por68.2%	; --%	;177	;Disminuir por65.4%	; --%	;1210	;Disminuir por34.4%	; --%	;1556	;Disminuir por14.5%	; --%	;153	;Disminuir por56.9%	; --%	;250	;Disminuir por40.5%	; --%	;
33	;(Viernes)2026/01/02	;135	;Disminuir por67.9%	; --%	;173	;Disminuir por70.0%	; --%	;1345	;Disminuir por25.3%	; --%	;1427	;Disminuir por18.8%	; --%	;147	;Disminuir por59.1%	; --%	;227	;Disminuir por51.2%	; --%	;
34	;(Sábado)2026/01/03	;114	;Disminuir por76.4%	; --%	;117	;Disminuir por78.6%	; --%	;1032	;Disminuir por51.2%	; --%	;1177	;Disminuir por45.5%	; --%	;146	;Disminuir por63.9%	; --%	;211	;Disminuir por60.4%	; --%	;
35	;(Domingo)2026/01/04	;62	;Disminuir por87.8%	; --%	;75	;Disminuir por90.0%	; --%	;785	;Disminuir por62.6%	; --%	;904	;Disminuir por55.8%	; --%	;28	;Disminuir por94.0%	; --%	;50	;Disminuir por92.1%	; --%	;
36	;(Lunes)2026/01/05	;151	;Disminuir por73.8%	; --%	;166	;Disminuir por80.5%	; --%	;1075	;Disminuir por51.2%	; --%	;1067	;Disminuir por48.2%	; --%	;80	;Disminuir por80.8%	; --%	;104	;Disminuir por78.9%	; --%	;
37	;(Martes)2026/01/06	;101	;Disminuir por81.3%	; --%	;196	;Disminuir por72.4%	; --%	;887	;Disminuir por50.8%	; --%	;1025	;Disminuir por51.8%	; --%	;70	;Disminuir por82.9%	; --%	;98	;Disminuir por83.4%	; --%	;
38	;(Miércoles)2026/01/07	;108	;Disminuir por69.1%	; --%	;206	;Disminuir por47.8%	; --%	;1075	;Disminuir por43.7%	; --%	;1146	;Disminuir por42.1%	; --%	;137	;Disminuir por63.8%	; --%	;183	;Disminuir por59.1%	; --%	;
39	;(Jueves)2026/01/08	;121	;Disminuir por74.0%	; --%	;155	;Disminuir por73.9%	; --%	;1054	;Disminuir por46.5%	; --%	;1148	;Disminuir por42.1%	; --%	;148	;Disminuir por61.1%	; --%	;201	;Disminuir por55.3%	; --%	;
40	;(Viernes)2026/01/09	;109	;Disminuir por73.5%	; --%	;206	;Disminuir por67.1%	; --%	;1113	;Disminuir por40.9%	; --%	;1188	;Disminuir por36.0%	; --%	;147	;Disminuir por56.4%	; --%	;223	;Disminuir por52.2%	; --%	;
41	;(Sábado)2026/01/10	;87	;Disminuir por81.1%	; --%	;158	;Disminuir por66.2%	; --%	;1117	;Disminuir por49.3%	; --%	;1204	;Disminuir por44.8%	; --%	;131	;Disminuir por65.1%	; --%	;187	;Disminuir por58.6%	; --%	;
42	;(Domingo)2026/01/11	;140	;Disminuir por72.6%	; --%	;172	;Disminuir por65.4%	; --%	;776	;Disminuir por70.7%	; --%	;975	;Disminuir por60.4%	; --%	;182	;Disminuir por56.4%	; --%	;328	;Disminuir por29.9%	; --%	;
43	;(Lunes)2026/01/12	;103	;Disminuir por85.0%	; --%	;215	;Disminuir por73.6%	; --%	;1023	;Disminuir por62.2%	; --%	;1078	;Disminuir por57.2%	; --%	;169	;Disminuir por62.6%	; --%	;202	;Disminuir por65.5%	; --%	;
44	;(Martes)2026/01/13	;112	;Disminuir por81.4%	; --%	;175	;Disminuir por70.7%	; --%	;1035	;Disminuir por57.9%	; --%	;1072	;Disminuir por61.2%	; --%	;141	;Disminuir por69.5%	; --%	;185	;Disminuir por69.5%	; --%	;
45	;(Miércoles)2026/01/14	;84	;Disminuir por84.8%	; --%	;166	;Disminuir por65.8%	; --%	;940	;Disminuir por55.7%	; --%	;1015	;Disminuir por52.0%	; --%	;153	;Disminuir por57.7%	; --%	;192	;Disminuir por57.6%	; --%	;
46	;(Jueves)2026/01/15	;115	;Disminuir por76.0%	; --%	;178	;Disminuir por61.0%	; --%	;1019	;Disminuir por46.6%	; --%	;1068	;Disminuir por42.6%	; --%	;143	;Disminuir por59.8%	; --%	;213	;Disminuir por49.4%	; --%	;
47	;(Viernes)2026/01/16	;114	;Disminuir por77.4%	; --%	;172	;Disminuir por65.1%	; --%	;1034	;Disminuir por51.0%	; --%	;1040	;Disminuir por48.6%	; --%	;130	;Disminuir por69.0%	; --%	;186	;Disminuir por64.2%	; --%	;
48	;(Sábado)2026/01/17	;30	;Disminuir por93.9%	; --%	;45	;Disminuir por92.7%	; --%	;891	;Disminuir por55.2%	; --%	;880	;Disminuir por54.7%	; --%	;24	;Disminuir por94.0%	; --%	;44	;Disminuir por90.4%	; --%	;
49	;(Domingo)2026/01/18	;103	;Disminuir por83.5%	; --%	;111	;Disminuir por81.1%	; --%	;758	;Disminuir por72.1%	; --%	;878	;Disminuir por65.1%	; --%	;156	;Disminuir por64.6%	; --%	;254	;Disminuir por47.4%	; --%	;
50	;(Lunes)2026/01/19	;78	;Disminuir por90.2%	; --%	;89	;Disminuir por89.1%	; --%	;1069	;Disminuir por65.8%	; --%	;1120	;Disminuir por60.9%	; --%	;55	;Disminuir por89.0%	; --%	;89	;Disminuir por85.7%	; --%	;
51	;(Martes)2026/01/20	;24	;Disminuir por97.1%	; --%	;26	;Disminuir por96.4%	; --%	;548	;Disminuir por78.6%	; --%	;474	;Disminuir por83.4%	; --%	;13	;Disminuir por97.5%	; --%	;11	;Disminuir por98.4%	; --%	;
52	;(Miércoles)2026/01/21	;73	;Disminuir por87.3%	; --%	;88	;Disminuir por82.9%	; --%	;521	;Disminuir por80.6%	; --%	;322	;Disminuir por87.9%	; --%	;159	;Disminuir por66.2%	; --%	;170	;Disminuir por66.9%	; --%	;
53	;(Jueves)2026/01/22	;244	;Disminuir por55.9%	; --%	;305	;Disminuir por47.0%	; --%	;973	;Disminuir por55.9%	; --%	;1073	;Disminuir por49.7%	; --%	;269	;Disminuir por32.2%	; --%	;268	;Disminuir por45.2%	; --%	;
54	;(Viernes)2026/01/23	;180	;Disminuir por71.2%	; --%	;281	;Disminuir por49.3%	; --%	;1147	;Disminuir por46.4%	; --%	;1207	;Disminuir por44.3%	; --%	;246	;Disminuir por41.1%	; --%	;292	;Disminuir por48.4%	; --%	;
55	;(Sábado)2026/01/24	;88	;Disminuir por83.4%	; --%	;128	;Disminuir por72.8%	; --%	;1021	;Disminuir por54.8%	; --%	;1101	;Disminuir por47.8%	; --%	;121	;Disminuir por71.3%	; --%	;162	;Disminuir por69.5%	; --%	;
56	;(Domingo)2026/01/25	;132	;Disminuir por78.0%	; --%	;145	;Disminuir por68.4%	; --%	;879	;Disminuir por71.7%	; --%	;952	;Disminuir por64.8%	; --%	;206	;Disminuir por54.8%	; --%	;290	;Disminuir por44.8%	; --%	;
57	;(Lunes)2026/01/26	;136	;Disminuir por80.4%	; --%	;225	;Disminuir por59.9%	; --%	;1121	;Disminuir por57.4%	; --%	;1167	;Disminuir por48.4%	; --%	;160	;Disminuir por68.0%	; --%	;203	;Disminuir por61.4%	; --%	;
58	;(Martes)2026/01/27	;77	;Disminuir por88.8%	; --%	;85	;Disminuir por85.8%	; --%	;1062	;Disminuir por53.3%	; --%	;1128	;Disminuir por50.2%	; --%	;105	;Disminuir por77.7%	; --%	;146	;Disminuir por72.4%	; --%	;
59	;(Miércoles)2026/01/28	;70	;Disminuir por88.7%	; --%	;134	;Disminuir por75.4%	; --%	;1082	;Disminuir por53.1%	; --%	;1144	;Disminuir por48.9%	; --%	;57	;Disminuir por87.7%	; --%	;72	;Disminuir por86.6%	; --%	;
60	;(Jueves)2026/01/29	;93	;Disminuir por83.1%	; --%	;156	;Disminuir por72.8%	; --%	;1173	;Disminuir por50.1%	; --%	;1245	;Disminuir por44.6%	; --%	;118	;Disminuir por70.7%	; --%	;164	;Disminuir por64.1%	; --%	;
61	;(Viernes)2026/01/30	;115	;Disminuir por80.3%	; --%	;182	;Disminuir por67.4%	; --%	;1260	;Disminuir por41.4%	; --%	;1303	;Disminuir por38.0%	; --%	;168	;Disminuir por57.9%	; --%	;239	;Disminuir por47.9%	; --%	;
62	;(Sábado)2026/01/31	;103	;Disminuir por82.0%	; --%	;143	;Disminuir por75.7%	; --%	;1035	;Disminuir por56.4%	; --%	;1122	;Disminuir por50.4%	; --%	;91	;Disminuir por78.3%	; --%	;106	;Disminuir por78.1%	; --%	;
63	;(Domingo)2026/02/01	;104	;Disminuir por83.9%	; --%	;115	;Disminuir por80.4%	; --%	;924	;Disminuir por67.9%	; --%	;1057	;Disminuir por59.6%	; --%	;156	;Disminuir por65.0%	; --%	;261	;Disminuir por50.8%	; --%	;
64	;(Lunes)2026/02/02	;86	;Disminuir por90.6%	; --%	;114	;Disminuir por86.4%	; --%	;1184	;Disminuir por61.4%	; --%	;1191	;Disminuir por56.1%	; --%	;143	;Disminuir por70.3%	; --%	;175	;Disminuir por68.1%	; --%	;
65	;(Martes)2026/02/03	;112	;Disminuir por87.6%	; --%	;209	;Disminuir por73.5%	; --%	;1118	;Disminuir por59.7%	; --%	;1213	;Disminuir por57.3%	; --%	;160	;Disminuir por68.5%	; --%	;255	;Disminuir por59.3%	; --%	;
66	;(Miércoles)2026/02/04	;104	;Disminuir por87.6%	; --%	;191	;Disminuir por74.9%	; --%	;1118	;Disminuir por71.8%	; --%	;1158	;Disminuir por68.7%	; --%	;160	;Disminuir por68.3%	; --%	;197	;Disminuir por64.8%	; --%	;
67	;(Jueves)2026/02/05	;89	;Disminuir por89.1%	; --%	;155	;Disminuir por81.8%	; --%	;1211	;Disminuir por52.6%	; --%	;1276	;Disminuir por55.6%	; --%	;100	;Disminuir por78.4%	; --%	;164	;Disminuir por73.4%	; --%	;
68	;(Viernes)2026/02/06	;114	;Disminuir por85.3%	; --%	;185	;Disminuir por77.3%	; --%	;1287	;Disminuir por49.3%	; --%	;1309	;Disminuir por48.4%	; --%	;211	;Disminuir por52.8%	; --%	;314	;Disminuir por43.6%	; --%	;
69	;(Sábado)2026/02/07	;187	;Disminuir por75.6%	; --%	;196	;Disminuir por73.6%	; --%	;1264	;Disminuir por52.4%	; --%	;1391	;Disminuir por45.6%	; --%	;229	;Disminuir por48.5%	; --%	;301	;Disminuir por42.4%	; --%	;
70	;(Domingo)2026/02/08	;175	;Disminuir por78.8%	; --%	;221	;Disminuir por71.0%	; --%	;945	;Disminuir por75.5%	; --%	;1127	;Disminuir por68.9%	; --%	;227	;Disminuir por49.7%	; --%	;302	;Disminuir por45.4%	; --%	;
71	;(Lunes)2026/02/09	;105	;Disminuir por88.4%	; --%	;168	;Disminuir por81.3%	; --%	;1187	;Disminuir por60.7%	; --%	;1256	;Disminuir por57.3%	; --%	;170	;Disminuir por64.4%	; --%	;234	;Disminuir por59.4%	; --%	;
72	;(Martes)2026/02/10	;123	;Disminuir por85.7%	; --%	;192	;Disminuir por78.3%	; --%	;1222	;Disminuir por50.7%	; --%	;1238	;Disminuir por56.6%	; --%	;197	;Disminuir por55.8%	; --%	;257	;Disminuir por60.2%	; --%	;
73	;(Miércoles)2026/02/11	;110	;Disminuir por85.3%	; --%	;198	;Disminuir por73.1%	; --%	;1195	;Disminuir por56.6%	; --%	;1230	;Disminuir por54.7%	; --%	;206	;Disminuir por56.8%	; --%	;274	;Disminuir por51.7%	; --%	;
74	;(Jueves)2026/02/12	;122	;Disminuir por83.5%	; --%	;223	;Disminuir por69.6%	; --%	;1244	;Disminuir por52.3%	; --%	;1301	;Disminuir por45.3%	; --%	;133	;Disminuir por70.0%	; --%	;167	;Disminuir por70.1%	; --%	;
75	;(Viernes)2026/02/13	;101	;Disminuir por87.0%	; --%	;138	;Disminuir por82.0%	; --%	;1377	;Disminuir por53.2%	; --%	;1368	;Disminuir por49.0%	; --%	;106	;Disminuir por76.1%	; --%	;143	;Disminuir por75.1%	; --%	;
76	;(Sábado)2026/02/14	;71	;Disminuir por91.7%	; --%	;144	;Disminuir por81.4%	; --%	;736	;Disminuir por74.2%	; --%	;813	;Disminuir por67.7%	; --%	;12	;Disminuir por97.6%	; --%	;12	;Disminuir por97.9%	; --%	;
77	;(Domingo)2026/02/15	;147	;Disminuir por83.8%	; --%	;159	;Disminuir por79.8%	; --%	;1324	;Disminuir por64.6%	; --%	;1471	;Disminuir por58.8%	; --%	;162	;Disminuir por68.4%	; --%	;279	;Disminuir por54.2%	; --%	;
78	;(Lunes)2026/02/16	;204	;Disminuir por79.3%	; --%	;319	;Disminuir por64.9%	; --%	;1442	;Disminuir por56.9%	; --%	;1401	;Disminuir por56.0%	; --%	;253	;Disminuir por44.6%	; --%	;380	;Disminuir por41.6%	; --%	;
79	;(Martes)2026/02/17	;233	;Disminuir por78.9%	; --%	;461	;Disminuir por53.7%	; --%	;1483	;Disminuir por44.6%	; --%	;1607	;Disminuir por46.6%	; --%	;308	;Disminuir por37.8%	; --%	;357	;Disminuir por48.6%	; --%	;
80	;(Miércoles)2026/02/18	;179	;Disminuir por81.8%	; --%	;302	;Disminuir por68.3%	; --%	;1364	;Disminuir por54.3%	; --%	;1607	;Disminuir por45.8%	; --%	;215	;Disminuir por59.2%	; --%	;360	;Disminuir por45.2%	; --%	;
81	;(Jueves)2026/02/19	;250	;Disminuir por76.7%	; --%	;395	;Disminuir por60.1%	; --%	;1416	;Disminuir por54.1%	; --%	;1673	;Disminuir por44.3%	; --%	;152	;Disminuir por70.9%	; --%	;251	;Disminuir por64.4%	; --%	;
82	;(Viernes)2026/02/20	;247	;Disminuir por70.9%	; --%	;401	;Disminuir por44.1%	; --%	;1430	;Disminuir por55.0%	; --%	;1725	;Disminuir por43.3%	; --%	;202	;Disminuir por21.1%	; --%	;272	;Disminuir por12.0%	; --%	;
83	;(Sábado)2026/02/21	;274	;Disminuir por66.4%	; --%	;390	;Disminuir por39.1%	; --%	;1429	;Disminuir por48.5%	; --%	;1704	;Disminuir por27.7%	; --%	;294	;Disminuir por26.3%	; --%	;416	;Disminuir por14.9%	; --%	;
84	;(Domingo)2026/02/22	;291	;Disminuir por69.4%	; --%	;299	;Disminuir por63.4%	; --%	;1345	;Disminuir por64.0%	; --%	;1696	;Disminuir por49.6%	; --%	;286	;Disminuir por28.3%	; --%	;475	;Aumentar por5.8%	; --%	;
85	;(Lunes)2026/02/23	;189	;Disminuir por83.6%	; --%	;344	;Disminuir por76.4%	; --%	;1387	;Disminuir por59.3%	; --%	;1620	;Disminuir por48.6%	; --%	;282	;Aumentar por10.6%	; --%	;409	;Aumentar por27.4%	; --%	;
86	;(Martes)2026/02/24	;243	;Disminuir por79.5%	; --%	;321	;Disminuir por83.8%	; --%	;1393	;Disminuir por50.5%	; --%	;1585	;Disminuir por50.2%	; --%	;186	;Disminuir por64.2%	; --%	;298	;Disminuir por59.8%	; --%	;
87	;(Miércoles)2026/02/25	;169	;Disminuir por85.1%	; --%	;165	;Disminuir por90.1%	; --%	;1293	;Disminuir por56.5%	; --%	;1570	;Disminuir por45.7%	; --%	;141	;Disminuir por75.0%	; --%	;198	;Disminuir por70.7%	; --%	;
88	;(Jueves)2026/02/26	;245	;Disminuir por79.1%	; --%	;329	;Disminuir por81.2%	; --%	;1370	;Disminuir por53.1%	; --%	;1614	;Disminuir por43.6%	; --%	;245	;Disminuir por51.3%	; --%	;389	;Disminuir por43.0%	; --%	;
89	;(Viernes)2026/02/27	;163	;Disminuir por85.7%	; --%	;184	;Disminuir por88.7%	; --%	;1581	;Disminuir por46.2%	; --%	;1874	;Disminuir por34.0%	; --%	;176	;Disminuir por68.1%	; --%	;285	;Disminuir por59.7%	; --%	;
90	;(Sábado)2026/02/28	;149	;Disminuir por86.6%	; --%	;168	;Disminuir por89.0%	; --%	;1448	;Disminuir por53.5%	; --%	;1690	;Disminuir por43.8%	; --%	;246	;Disminuir por51.9%	; --%	;293	;Disminuir por58.8%	; --%	;
91	;(Domingo)2026/03/01	;205	;Disminuir por80.9%	; --%	;160	;Disminuir por87.3%	; --%	;1351	;Disminuir por60.7%	; --%	;1693	;Disminuir por48.3%	; --%	;271	;Disminuir por48.7%	; --%	;437	;Disminuir por39.7%	; --%	;
92	;(Lunes)2026/03/02	;100	;Disminuir por93.3%	; --%	;128	;Disminuir por92.7%	; --%	;1423	;Disminuir por58.8%	; --%	;1648	;Disminuir por51.3%	; --%	;214	;Disminuir por61.9%	; --%	;220	;Disminuir por72.0%	; --%	;
93	;(Martes)2026/03/03	;77	;Disminuir por94.8%	; --%	;98	;Disminuir por95.0%	; --%	;675	;Disminuir por77.9%	; --%	;708	;Disminuir por78.8%	; --%	;56	;Disminuir por90.1%	; --%	;45	;Disminuir por94.6%	; --%	;
94	;(Miércoles)2026/03/04	;85	;Disminuir por93.8%	; --%	;86	;Disminuir por95.1%	; --%	;1148	;Disminuir por71.0%	; --%	;1286	;Disminuir por67.2%	; --%	;42	;Disminuir por92.7%	; --%	;48	;Disminuir por94.0%	; --%	;
95	;(Jueves)2026/03/05	;66	;Disminuir por94.5%	; --%	;74	;Disminuir por94.7%	; --%	;1362	;Disminuir por57.6%	; --%	;1530	;Disminuir por52.0%	; --%	;25	;Disminuir por95.3%	; --%	;29	;Disminuir por96.2%	; --%	;
96	;(Viernes)2026/03/06	;88	;Disminuir por93.1%	; --%	;90	;Disminuir por92.0%	; --%	;1453	;Disminuir por49.9%	; --%	;1498	;Disminuir por49.2%	; --%	;36	;Disminuir por91.4%	; --%	;24	;Disminuir por96.3%	; --%	;
97	;(Sábado)2026/03/07	;162	;Disminuir por89.0%	; --%	;159	;Disminuir por87.8%	; --%	;1250	;Disminuir por63.5%	; --%	;1338	;Disminuir por60.4%	; --%	;45	;Disminuir por90.5%	; --%	;60	;Disminuir por91.4%	; --%	;
98	;(Domingo)2026/03/08	;1101	;Disminuir por23.7%	; --%	;874	;Disminuir por57.6%	; --%	;1243	;Disminuir por63.8%	; --%	;1443	;Disminuir por54.3%	; --%	;237	;Disminuir por58.1%	; --%	;336	;Disminuir por51.7%	; --%	;
99	;(Lunes)2026/03/09	;276	;Disminuir por84.3%	; --%	;370	;Disminuir por83.9%	; --%	;1441	;Disminuir por59.4%	; --%	;1687	;Disminuir por53.9%	; --%	;240	;Disminuir por60.3%	; --%	;350	;Disminuir por59.1%	; --%	;
100	;(Martes)2026/03/10	;284	;Disminuir por81.2%	; --%	;307	;Disminuir por84.7%	; --%	;1392	;Disminuir por50.1%	; --%	;1526	;Disminuir por51.9%	; --%	;116	;Disminuir por80.8%	; --%	;175	;Disminuir por79.4%	; --%	;
101	;(Miércoles)2026/03/11	;271	;Disminuir por80.1%	; --%	;373	;Disminuir por76.5%	; --%	;1429	;Disminuir por53.9%	; --%	;1651	;Disminuir por45.9%	; --%	;247	;Disminuir por60.4%	; --%	;336	;Disminuir por60.2%	; --%	;
102	;(Jueves)2026/03/12	;265	;Disminuir por80.9%	; --%	;501	;Disminuir por70.7%	; --%	;1539	;Disminuir por55.3%	; --%	;1804	;Disminuir por47.3%	; --%	;237	;Disminuir por59.3%	; --%	;292	;Disminuir por64.9%	; --%	;
103	;(Viernes)2026/03/13	;260	;Disminuir por80.8%	; --%	;496	;Disminuir por68.7%	; --%	;1619	;Disminuir por45.5%	; --%	;1814	;Disminuir por39.2%	; --%	;204	;Disminuir por65.2%	; --%	;332	;Disminuir por58.7%	; --%	;
104	;(Sábado)2026/03/14	;267	;Disminuir por79.1%	; --%	;330	;Disminuir por78.5%	; --%	;1580	;Disminuir por47.1%	; --%	;1825	;Disminuir por37.3%	; --%	;202	;Disminuir por66.9%	; --%	;303	;Disminuir por62.6%	; --%	;
105	;(Domingo)2026/03/15	;312	;Disminuir por77.6%	; --%	;741	;Disminuir por50.9%	; --%	;1333	;Disminuir por61.6%	; --%	;1636	;Disminuir por52.0%	; --%	;165	;Disminuir por71.7%	; --%	;202	;Disminuir por76.0%	; --%	;
106	;(Lunes)2026/03/16	;335	;Disminuir por79.2%	; --%	;796	;Disminuir por50.4%	; --%	;1625	;Disminuir por52.0%	; --%	;1812	;Disminuir por43.5%	; --%	;327	;Disminuir por39.4%	; --%	;432	;Disminuir por43.7%	; --%	;
107	;(Martes)2026/03/17	;310	;Disminuir por84.7%	; --%	;751	;Disminuir por59.5%	; --%	;1546	;Disminuir por53.5%	; --%	;1743	;Disminuir por44.2%	; --%	;258	;Disminuir por67.8%	; --%	;377	;Disminuir por54.2%	; --%	;
108	;(Miércoles)2026/03/18	;338	;Disminuir por80.8%	; --%	;619	;Disminuir por77.0%	; --%	;1814	;Disminuir por54.3%	; --%	;1888	;Disminuir por57.8%	; --%	;240	;Disminuir por62.4%	; --%	;336	;Disminuir por67.5%	; --%	;
109	;(Jueves)2026/03/19	;362	;Disminuir por79.6%	; --%	;560	;Disminuir por66.8%	; --%	;1449	;Disminuir por54.1%	; --%	;1722	;Disminuir por45.7%	; --%	;242	;Disminuir por61.0%	; --%	;328	;Disminuir por61.5%	; --%	;
110	;(Viernes)2026/03/20	;351	;Disminuir por79.4%	; --%	;574	;Disminuir por65.1%	; --%	;1900	;Disminuir por49.8%	; --%	;2175	;Disminuir por42.4%	; --%	;250	;Disminuir por62.1%	; --%	;367	;Disminuir por58.2%	; --%	;
111	;(Sábado)2026/03/21	;361	;Disminuir por79.1%	; --%	;564	;Disminuir por67.5%	; --%	;1701	;Disminuir por49.2%	; --%	;2120	;Disminuir por39.4%	; --%	;276	;Disminuir por56.6%	; --%	;399	;Disminuir por53.6%	; --%	;
112	;(Domingo)2026/03/22	;393	;Disminuir por76.1%	; --%	;487	;Disminuir por70.1%	; --%	;1364	;Disminuir por57.3%	; --%	;1795	;Disminuir por46.1%	; --%	;335	;Disminuir por47.7%	; --%	;458	;Disminuir por46.7%	; --%	;
113	;(Lunes)2026/03/23	;298	;Disminuir por83.7%	; --%	;446	;Disminuir por76.3%	; --%	;1655	;Disminuir por51.5%	; --%	;1870	;Disminuir por45.1%	; --%	;147	;Disminuir por76.9%	; --%	;219	;Disminuir por76.4%	; --%	;
114	;(Martes)2026/03/24	;333	;Disminuir por81.0%	; --%	;659	;Disminuir por59.3%	; --%	;1641	;Disminuir por47.3%	; --%	;1881	;Disminuir por43.2%	; --%	;286	;Disminuir por58.8%	; --%	;359	;Disminuir por61.1%	; --%	;
115	;(Miércoles)2026/03/25	;206	;Disminuir por88.3%	; --%	;429	;Disminuir por76.0%	; --%	;836	;Disminuir por77.1%	; --%	;1045	;Disminuir por72.5%	; --%	;121	;Disminuir por81.6%	; --%	;204	;Disminuir por76.2%	; --%	;
116	;(Jueves)2026/03/26	;387	;Disminuir por75.4%	; --%	;826	;Disminuir por39.8%	; --%	;1669	;Disminuir por54.8%	; --%	;1952	;Disminuir por46.3%	; --%	;212	;Disminuir por63.9%	; --%	;280	;Disminuir por63.7%	; --%	;
117	;(Viernes)2026/03/27	;415	;Disminuir por73.1%	; --%	;784	;Disminuir por40.5%	; --%	;1925	;Disminuir por50.2%	; --%	;2033	;Disminuir por49.2%	; --%	;284	;Disminuir por51.9%	; --%	;375	;Disminuir por55.7%	; --%	;
118	;(Sábado)2026/03/28	;537	;Disminuir por67.2%	; --%	;562	;Disminuir por63.3%	; --%	;2047	;Disminuir por48.5%	; --%	;2025	;Disminuir por48.7%	; --%	;393	;Disminuir por34.9%	; --%	;510	;Disminuir por37.1%	; --%	;
119	;(Domingo)2026/03/29	;406	;Disminuir por78.9%	; --%	;802	;Disminuir por54.5%	; --%	;1875	;Disminuir por52.9%	; --%	;2085	;Disminuir por47.2%	; --%	;102	;Disminuir por84.8%	; --%	;135	;Disminuir por84.7%	; --%	;
120	;(Lunes)2026/03/30	;670	;Disminuir por60.2%	; --%	;1047	;Disminuir por35.9%	; --%	;2446	;Disminuir por27.6%	; --%	;2502	;Disminuir por27.8%	; --%	;370	;Disminuir por36.8%	; --%	;475	;Disminuir por44.4%	; --%	;
121	;(Martes)2026/03/31	;654	;Disminuir por51.6%	; --%	;1106	;Disminuir por10.6%	; --%	;2352	;Disminuir por18.3%	; --%	;2412	;Disminuir por24.9%	; --%	;265	;Disminuir por56.8%	; --%	;340	;Disminuir por62.3%	; --%	;
122	;(Miércoles)2026/04/01	;664	;Disminuir por43.1%	; --%	;1029	;Aumentar por1.4%	; --%	;2461	;Disminuir por31.3%	; --%	;2507	;Disminuir por30.1%	; --%	;415	;Disminuir por17.2%	; --%	;492	;Disminuir por31.1%	; --%	;
123	;(Jueves)2026/04/02	;1134	;Disminuir por17.7%	; --%	;1156	;Disminuir por8.8%	; --%	;3142	;Disminuir por5.4%	; --%	;3024	;Disminuir por8.7%	; --%	;377	;Disminuir por22.9%	; --%	;455	;Disminuir por32.0%	; --%	;
124	;(Viernes)2026/04/03	;1971	;Aumentar por26.3%	; --%	;2111	;Aumentar por53.3%	; --%	;3362	;Aumentar por0.9%	; --%	;3353	;Disminuir por0.6%	; --%	;658	;Aumentar por2.2%	; --%	;734	;Disminuir por17.5%	; --%	;
125	;(Sábado)2026/04/04	;1687	;Aumentar por3.1%	; --%	;1980	;Aumentar por25.0%	; --%	;3264	;Aumentar por3.0%	; --%	;3406	;Aumentar por3.4%	; --%	;624	;Disminuir por5.3%	; --%	;758	;Disminuir por14.4%	; --%	;
126	;(Domingo)2026/04/05	;1523	;Aumentar por2.0%	; --%	;1635	;Aumentar por15.4%	; --%	;2918	;Disminuir por19.2%	; --%	;3247	;Disminuir por10.5%	; --%	;564	;Disminuir por7.5%	; --%	;681	;Disminuir por15.4%	; --%	;
127	;(Lunes)2026/04/06	;916	;Disminuir por32.4%	; --%	;1294	;Aumentar por8.8%	; --%	;2146	;Disminuir por33.8%	; --%	;2608	;Disminuir por22.5%	; --%	;583	;Aumentar por2.3%	; --%	;730	;Disminuir por5.2%	; --%	;
128	;(Martes)2026/04/07	;518	;Disminuir por58.8%	; --%	;628	;Disminuir por40.7%	; --%	;1810	;Disminuir por35.7%	; --%	;1878	;Disminuir por34.9%	; --%	;430	;Disminuir por19.6%	; --%	;506	;Disminuir por28.5%	; --%	;
129	;(Miércoles)2026/04/08	;516	;Disminuir por53.8%	; --%	;587	;Disminuir por32.2%	; --%	;1766	;Disminuir por43.2%	; --%	;1835	;Disminuir por41.2%	; --%	;452	;Disminuir por18.0%	; --%	;512	;Disminuir por35.2%	; --%	;
130	;(Jueves)2026/04/09	;514	;Disminuir por59.4%	; --%	;498	;Disminuir por57.2%	; --%	;1799	;Disminuir por40.8%	; --%	;1871	;Disminuir por39.0%	; --%	;449	;Disminuir por24.9%	; --%	;533	;Disminuir por35.8%	; --%	;
131	;(Viernes)2026/04/10	;513	;Disminuir por55.4%	; --%	;674	;Disminuir por32.7%	; --%	;1982	;Disminuir por34.9%	; --%	;1956	;Disminuir por38.0%	; --%	;459	;Disminuir por12.9%	; --%	;541	;Disminuir por29.2%	; --%	;
132	;(Sábado)2026/04/11	;480	;Disminuir por60.1%	; --%	;410	;Disminuir por57.7%	; --%	;2026	;Disminuir por50.9%	; --%	;2002	;Disminuir por51.5%	; --%	;429	;Disminuir por15.7%	; --%	;553	;Disminuir por21.8%	; --%	;
133	;(Domingo)2026/04/12	;189	;Disminuir por83.5%	; --%	;167	;Disminuir por84.0%	; --%	;1508	;Disminuir por50.4%	; --%	;1836	;Disminuir por40.4%	; --%	;119	;Disminuir por75.9%	; --%	;171	;Disminuir por76.0%	; --%	;
134	;(Lunes)2026/04/13	;388	;Disminuir por65.4%	; --%	;597	;Disminuir por45.8%	; --%	;1632	;Disminuir por48.7%	; --%	;1885	;Disminuir por39.8%	; --%	;190	;Disminuir por63.2%	; --%	;274	;Disminuir por60.5%	; --%	;
135	;(Martes)2026/04/14	;391	;Disminuir por58.6%	; --%	;731	;Disminuir por10.0%	; --%	;1690	;Disminuir por36.4%	; --%	;1920	;Disminuir por32.9%	; --%	;309	;Disminuir por37.8%	; --%	;386	;Disminuir por46.2%	; --%	;
136	;(Miércoles)2026/04/15	;383	;Disminuir por64.5%	; --%	;554	;Disminuir por52.1%	; --%	;1486	;Disminuir por49.0%	; --%	;1624	;Disminuir por43.3%	; --%	;398	;Disminuir por17.4%	; --%	;431	;Disminuir por35.5%	; --%	;
137	;(Jueves)2026/04/16	;393	;Disminuir por63.5%	; --%	;566	;Disminuir por41.0%	; --%	;1751	;Disminuir por36.1%	; --%	;1881	;Disminuir por29.5%	; --%	;408	;Disminuir por17.6%	; --%	;407	;Disminuir por40.3%	; --%	;
138	;(Viernes)2026/04/17	;407	;Disminuir por55.0%	; --%	;584	;Disminuir por34.5%	; --%	;1812	;Disminuir por25.9%	; --%	;1954	;Disminuir por21.2%	; --%	;369	;Disminuir por22.2%	; --%	;449	;Disminuir por26.5%	; --%	;
139	;(Sábado)2026/04/18	;469	;Disminuir por45.0%	;Disminuir por73.2%	;451	;Disminuir por37.1%	;Disminuir por71.9%	;1829	;Disminuir por37.0%	;Disminuir por34.2%	;1871	;Disminuir por34.9%	;Disminuir por35.4%	;419	;Disminuir por0.7%	;Disminuir por28.0%	;535	;Disminuir por5.6%	;Disminuir por29.0%	;
140	;(Domingo)2026/04/19	;525	;Disminuir por30.1%	;Disminuir por72.3%	;521	;Disminuir por16.5%	;Disminuir por75.6%	;1615	;Disminuir por48.6%	;Disminuir por53.3%	;1961	;Disminuir por39.4%	;Disminuir por44.9%	;381	;Aumentar por49.4%	;Disminuir por47.6%	;550	;Aumentar por59.4%	;Disminuir por38.1%	;
141	;(Lunes)2026/04/20	;334	;Disminuir por60.2%	;Disminuir por79.3%	;432	;Disminuir por40.2%	;Disminuir por82.8%	;1754	;Disminuir por37.8%	;Disminuir por37.1%	;1869	;Disminuir por31.9%	;Disminuir por41.6%	;334	;Disminuir por33.5%	;Disminuir por49.8%	;415	;Disminuir por40.8%	;Disminuir por51.7%	;
142	;(Martes)2026/04/21	;403	;Disminuir por49.1%	;Disminuir por59.0%	;504	;Disminuir por13.8%	;Disminuir por64.2%	;1656	;Disminuir por33.6%	;Disminuir por32.3%	;1744	;Disminuir por32.4%	;Disminuir por37.9%	;360	;Disminuir por31.4%	;Disminuir por42.4%	;461	;Disminuir por33.7%	;Disminuir por41.0%	;
143	;(Miércoles)2026/04/22	;344	;Disminuir por36.1%	;Disminuir por50.1%	;428	;Disminuir por11.4%	;Disminuir por26.3%	;1678	;Disminuir por31.5%	;Disminuir por19.8%	;1762	;Disminuir por27.0%	;Disminuir por15.9%	;374	;Aumentar por3.6%	;Aumentar por52.7%	;428	;Disminuir por18.0%	;Aumentar por17.3%	;
144	;(Jueves)2026/04/23	;408	;Disminuir por48.9%	;Disminuir por43.3%	;374	;Disminuir por45.3%	;Disminuir por71.2%	;2028	;Disminuir por16.2%	;Disminuir por1.4%	;2096	;Disminuir por11.7%	;Disminuir por2.3%	;302	;Disminuir por23.5%	;Disminuir por35.2%	;354	;Disminuir por31.8%	;Disminuir por42.2%	;
145	;(Viernes)2026/04/24	;494	;Disminuir por29.3%	;Disminuir por25.8%	;383	;Disminuir por40.3%	;Disminuir por69.8%	;2316	;Disminuir por6.8%	;Disminuir por20.3%	;2250	;Aumentar por3.2%	;Disminuir por24.2%	;372	;Disminuir por29.9%	;Disminuir por19.3%	;457	;Disminuir por29.0%	;Disminuir por23.3%	;
146	;(Sábado)2026/04/25	;607	;Disminuir por29.7%	;Disminuir por5.5%	;542	;Disminuir por43.8%	;Disminuir por36.3%	;2227	;Disminuir por24.9%	;Aumentar por2.4%	;2325	;Disminuir por22.9%	;Aumentar por13.2%	;534	;Aumentar por0.8%	;Aumentar por32.8%	;602	;Disminuir por15.6%	;Aumentar por16.2%	;
147	;(Domingo)2026/04/26	;729	;Disminuir por12.1%	;Aumentar por8.2%	;1759	;Aumentar por157.9%	;Aumentar por49.8%	;2111	;Disminuir por26.1%	;Disminuir por5.5%	;2489	;Disminuir por7.3%	;Aumentar por15.0%	;535	;Disminuir por13.1%	;Aumentar por43.8%	;742	;Aumentar por2.8%	;Aumentar por38.4%	;
148	;(Lunes)2026/04/27	;401	;Disminuir por52.3%	;Disminuir por21.7%	;495	;Disminuir por16.4%	;Disminuir por52.1%	;1878	;Disminuir por40.8%	;Aumentar por11.1%	;1930	;Disminuir por33.8%	;Disminuir por0.5%	;348	;Disminuir por45.5%	;Disminuir por7.0%	;438	;Disminuir por42.0%	;Disminuir por24.0%	;
149	;(Martes)2026/04/28	;414	;Disminuir por44.2%	;Aumentar por88.2%	;483	;Disminuir por21.7%	;Aumentar por62.1%	;1726	;Disminuir por26.0%	;Aumentar por95.5%	;1755	;Disminuir por41.5%	;Aumentar por116.9%	;346	;Disminuir por39.6%	;Aumentar por97.7%	;492	;Disminuir por36.8%	;Aumentar por164.5%	;
150	;(Miércoles)2026/04/29	;327	;Disminuir por43.5%	;Aumentar por4.8%	;343	;Disminuir por32.5%	;Disminuir por27.8%	;1839	;Disminuir por21.5%	;Aumentar por83.2%	;1908	;Disminuir por16.8%	;Aumentar por62.0%	;312	;Disminuir por34.7%	;Aumentar por47.9%	;436	;Disminuir por32.5%	;Aumentar por39.7%	;
151	;(Jueves)2026/04/30	;464	;Disminuir por28.7%	;Aumentar por5.2%	;463	;Disminuir por11.8%	;Disminuir por6.1%	;3087	;Aumentar por33.6%	;Aumentar por19.8%	;2951	;Aumentar por30.8%	;Aumentar por15.8%	;339	;Disminuir por32.3%	;Aumentar por18.9%	;437	;Disminuir por29.6%	;Aumentar por15.9%	;
152	;(Viernes)2026/05/01	;682	;Aumentar por17.4%	;Disminuir por16.8%	;514	;Aumentar por5.5%	;Disminuir por38.6%	;2644	;Aumentar por25.8%	;Disminuir por2.1%	;2466	;Aumentar por18.9%	;Disminuir por1.2%	;340	;Disminuir por20.7%	;Disminuir por17.1%	;450	;Disminuir por20.5%	;Disminuir por14.8%	;
153	;(Sábado)2026/05/02	;727	;Aumentar por25.3%	;Aumentar por15.6%	;527	;Aumentar por7.8%	;Disminuir por4.9%	;2707	;Aumentar por22.9%	;Disminuir por4.2%	;2643	;Aumentar por21.6%	;Disminuir por6.6%	;326	;Disminuir por30.9%	;Aumentar por34.7%	;403	;Disminuir por29.8%	;Aumentar por35.7%	;
154	;(Domingo)2026/05/03	;440	;Disminuir por28.1%	;Disminuir por43.8%	;322	;Disminuir por32.2%	;Disminuir por50.6%	;2073	;Disminuir por14.3%	;Disminuir por20.3%	;2301	;Disminuir por2.2%	;Disminuir por10.6%	;283	;Disminuir por39.3%	;Disminuir por41.6%	;376	;Disminuir por33.5%	;Disminuir por38.4%	;
155	;(Lunes)2026/05/04	;256	;Disminuir por66.4%	;Disminuir por54.7%	;312	;Disminuir por49.8%	;Disminuir por30.8%	;1804	;Disminuir por32.3%	;Disminuir por12.0%	;1858	;Disminuir por28.6%	;Disminuir por23.0%	;153	;Disminuir por75.6%	;Disminuir por61.5%	;218	;Disminuir por67.5%	;Disminuir por57.3%	;
156	;(Martes)2026/05/05	;381	;Disminuir por25.3%	;Disminuir por8.9%	;390	;Disminuir por7.4%	;Disminuir por4.9%	;1710	;Disminuir por32.8%	;Disminuir por6.5%	;1706	;Disminuir por28.7%	;Disminuir por11.2%	;275	;Disminuir por35.7%	;Disminuir por9.2%	;290	;Disminuir por46.4%	;Disminuir por18.5%	;
157	;(Miércoles)2026/05/06	;424	;Disminuir por38.1%	;Disminuir por5.6%	;587	;Disminuir por26.6%	;Aumentar por0.7%	;1628	;Disminuir por29.2%	;Disminuir por16.1%	;1708	;Disminuir por26.5%	;Disminuir por14.8%	;341	;Disminuir por27.4%	;Aumentar por24.9%	;434	;Disminuir por25.9%	;Aumentar por16.7%	;
158	;(Jueves)2026/05/07	;456	;Disminuir por39.6%	;Aumentar por14.3%	;455	;Disminuir por42.2%	;Aumentar por15.2%	;1920	;Disminuir por8.0%	;Aumentar por0.9%	;1987	;Disminuir por6.2%	;Aumentar por4.0%	;355	;Disminuir por19.1%	;Aumentar por15.6%	;447	;Disminuir por23.9%	;Aumentar por1.1%	;
159	;(Viernes)2026/05/08	;452	;Disminuir por24.7%	;Aumentar por54.3%	;555	;Disminuir por3.0%	;Aumentar por94.1%	;1953	;Disminuir por1.6%	;Disminuir por1.1%	;1927	;Disminuir por4.7%	;Disminuir por0.1%	;379	;Disminuir por15.6%	;Aumentar por135.4%	;483	;Disminuir por12.8%	;Aumentar por104.7%	;
160	;(Sábado)2026/05/09	;458	;Disminuir por20.3%	;Aumentar por0.2%	;381	;Disminuir por40.9%	;Disminuir por18.6%	;1965	;Disminuir por0.9%	;Aumentar por3.5%	;2026	;Aumentar por0.5%	;Aumentar por16.0%	;195	;Disminuir por59.0%	;Disminuir por42.8%	;220	;Disminuir por62.9%	;Disminuir por49.8%	;
161	;(Domingo)2026/05/10	;507	;Disminuir por14.8%	;Aumentar por22.2%	;491	;Aumentar por3.8%	;Aumentar por47.4%	;1866	;Disminuir por12.1%	;Disminuir por12.1%	;2169	;Aumentar por4.2%	;Aumentar por28.0%	;451	;Disminuir por8.0%	;Aumentar por56.1%	;567	;Disminuir por1.4%	;Aumentar por67.3%	;
162	;(Lunes)2026/05/11	;461	;Disminuir por19.4%	;Aumentar por2.4%	;608	;Aumentar por24.3%	;Aumentar por35.4%	;1861	;Disminuir por20.8%	;Aumentar por2.6%	;1872	;Disminuir por16.2%	;Aumentar por3.7%	;436	;Disminuir por14.2%	;Aumentar por23.9%	;510	;Disminuir por19.8%	;Aumentar por12.1%	;
163	;(Martes)2026/05/12	;402	;Aumentar por3.9%	;Aumentar por7.8%	;466	;Aumentar por44.7%	;Disminuir por1.3%	;1739	;Aumentar por3.0%	;Disminuir por6.3%	;1775	;Disminuir por7.2%	;Disminuir por2.8%	;351	;Disminuir por3.6%	;Disminuir por4.9%	;461	;Disminuir por8.0%	;Aumentar por3.8%	;
164	;(Miércoles)2026/05/13	;427	;Aumentar por21250.0%	;Aumentar por14.2%	;696	;Aumentar por69500.0%	;Aumentar por80.8%	;1813	;Aumentar por11986.7%	;Aumentar por6.3%	;1830	;Aumentar por36500.0%	;Aumentar por7.6%	;375	; --%	;Aumentar por19.8%	;492	;Aumentar por16300.0%	;Aumentar por16.0%	;
165	;(Jueves)2026/05/14	;497	; --%	;Aumentar por12.4%	;608	; --%	;Aumentar por28.0%	;2038	; --%	;Aumentar por17.1%	;2076	; --%	;Aumentar por20.7%	;451	; --%	;Aumentar por43.6%	;482	; --%	;Aumentar por15.6%	;
166	;(Viernes)2026/05/15	;568	; --%	;Aumentar por10.5%	;749	; --%	;Aumentar por23.4%	;2446	; --%	;Aumentar por25.9%	;2443	; --%	;Aumentar por28.6%	;351	; --%	;Disminuir por15.2%	;510	; --%	;Disminuir por3.2%	;
167	;(Sábado)2026/05/16	;832	; --%	;Aumentar por52.9%	;1147	; --%	;Aumentar por47.1%	;2350	; --%	;Aumentar por5.5%	;2453	; --%	;Aumentar por16.7%	;430	; --%	;Aumentar por6.4%	;538	; --%	;Disminuir por0.7%	;
168	;(Domingo)2026/05/17	;562	; --%	;Aumentar por12.4%	;526	; --%	;Disminuir por0.8%	;1825	; --%	;Disminuir por18.7%	;2195	; --%	;Aumentar por2.2%	;401	; --%	;Disminuir por3.8%	;564	; --%	;Aumentar por8.7%	;
169	;(Lunes)2026/05/18	;424	; --%	;Disminuir por17.3%	;418	; --%	;Disminuir por28.2%	;1938	; --%	;Disminuir por0.6%	;2022	; --%	;Disminuir por10.5%	;415	; --%	;Aumentar por0.2%	;459	; --%	;Disminuir por11.7%	;
170	;(Martes)2026/05/19	;410	; --%	;Disminuir por6.6%	;524	; --%	;Disminuir por4.6%	;2040	; --%	;Aumentar por9.2%	;2112	; --%	;Aumentar por13.2%	;367	; --%	;Disminuir por1.1%	;470	; --%	;Aumentar por9.8%	;
171	;(Miércoles)2026/05/20	;393	;Aumentar por24.4%	;Disminuir por15.5%	;433	;Aumentar por55.8%	;Disminuir por15.3%	;1868	;Aumentar por3.9%	;Aumentar por1.2%	;1905	;Aumentar por1.2%	;Aumentar por4.7%	;438	;Aumentar por33.9%	;Aumentar por23.4%	;514	;Aumentar por11.3%	;Aumentar por22.4%	;
172	;(Jueves)2026/05/21	;469	;Aumentar por31.4%	;Aumentar por11.7%	;563	;Aumentar por91.5%	;Disminuir por2.3%	;1969	;Aumentar por23.7%	;Aumentar por9.4%	;2063	;Aumentar por42.2%	;Aumentar por17.4%	;442	;Aumentar por17.2%	;Aumentar por23.1%	;464	;Aumentar por0.9%	;Disminuir por0.2%	;
173	;(Viernes)2026/05/22	;511	;Aumentar por56.3%	;Aumentar por5.6%	;701	;Aumentar por137.6%	;Aumentar por27.9%	;2169	;Aumentar por29.6%	;Aumentar por2.6%	;2158	;Aumentar por42.1%	;Disminuir por0.1%	;383	;Aumentar por7.6%	;Disminuir por5.2%	;520	;Aumentar por24.4%	;Disminuir por2.4%	;
174	;(Sábado)2026/05/23	;642	;Aumentar por155.8%	;Aumentar por26.6%	;729	;Aumentar por307.3%	;Disminuir por3.1%	;2231	;Aumentar por41.6%	;Aumentar por6.3%	;2382	;Aumentar por79.6%	;Aumentar por16.4%	;471	;Aumentar por117.1%	;Aumentar por1.5%	;606	;Aumentar por102.0%	;Disminuir por3.7%	;
175	;(Domingo)2026/05/24	;616	;Aumentar por150.4%	;Aumentar por6.9%	;849	;Aumentar por339.9%	;Disminuir por0.5%	;2252	;Disminuir por1.3%	;Aumentar por2.3%	;2627	;Aumentar por24.3%	;Aumentar por27.6%	;504	;Aumentar por171.0%	;Aumentar por20.9%	;665	;Aumentar por193.0%	;Aumentar por35.2%	;
176	;(Lunes)2026/05/25	;503	;Aumentar por1297.2%	;Disminuir por6.9%	;702	;Aumentar por2825.0%	;Disminuir por1.3%	;2140	;Aumentar por199.7%	;Aumentar por18.7%	;2316	;Aumentar por295.9%	;Aumentar por8.9%	;398	;Aumentar por2241.2%	;Disminuir por2.9%	;523	;Aumentar por4258.3%	;Disminuir por11.5%	;
177	;(Martes)2026/05/26	;470	; --%	;Aumentar por34.7%	;691	; --%	;Aumentar por74.9%	;2150	; --%	;Aumentar por12.6%	;2272	; --%	;Aumentar por14.9%	;435	; --%	;Aumentar por15.1%	;527	; --%	;Aumentar por17.9%	;
178	;(Miércoles)2026/05/27	;512	; --%	;Aumentar por9.9%	;841	; --%	;Aumentar por41.6%	;1942	; --%	;Disminuir por1.5%	;2057	; --%	;Aumentar por3.7%	;391	; --%	;Aumentar por2.9%	;482	; --%	;Aumentar por7.1%	;
179	;(Jueves)2026/05/28	;532	; --%	;Aumentar por29.4%	;744	; --%	;Aumentar por18.8%	;2152	; --%	;Aumentar por14.3%	;2255	; --%	;Aumentar por21.6%	;426	; --%	;Aumentar por26.4%	;533	; --%	;Aumentar por14.1%	;
180	;(Viernes)2026/05/29	;535	; --%	;Aumentar por16.1%	;616	; --%	;Aumentar por31.6%	;2578	; --%	;Aumentar por17.1%	;2458	; --%	;Aumentar por12.6%	;430	; --%	;Aumentar por14.7%	;535	; --%	;Aumentar por18.4%	;
181	;(Sábado)2026/05/30	;729	;Aumentar por298.4%	;Aumentar por42.7%	;645	;Aumentar por130.4%	;Aumentar por29.8%	;2519	;Aumentar por120.0%	;Disminuir por4.8%	;2658	;Aumentar por112.6%	;Aumentar por8.0%	;510	;Aumentar por114.3%	;Aumentar por22.3%	;650	;Aumentar por109.7%	;Aumentar por38.9%	;
182	;(Domingo)2026/05/31	;596	;Aumentar por36.4%	;Disminuir por13.1%	;575	;Disminuir por15.3%	;Disminuir por29.3%	;2283	;Aumentar por32.7%	;Disminuir por15.6%	;2819	;Aumentar por64.0%	;Aumentar por12.0%	;450	;Disminuir por44.6%	;Disminuir por0.4%	;660	;Aumentar por3.6%	;Aumentar por12.8%	;
183	;(Lunes)2026/06/01	;522	;Disminuir por10.3%	;Disminuir por13.3%	;542	;Disminuir por34.9%	;Disminuir por9.4%	;2107	;Aumentar por5.5%	;Disminuir por14.3%	;2085	;Aumentar por4.2%	;Disminuir por24.5%	;392	;Disminuir por62.2%	;Disminuir por15.2%	;539	;Disminuir por53.9%	;Disminuir por11.1%	;
184	;(Martes)2026/06/02	;538	;Aumentar por40.8%	;Disminuir por2.4%	;524	;Disminuir por1.7%	;Aumentar por7.8%	;1890	;Aumentar por18.6%	;Disminuir por11.0%	;1917	;Disminuir por5.8%	;Disminuir por9.3%	;442	;Disminuir por23.8%	;Aumentar por22.1%	;578	;Disminuir por46.3%	;Aumentar por27.6%	;
185	;(Miércoles)2026/06/03	;556	;Aumentar por84.1%	;Aumentar por16.1%	;543	;Disminuir por9.3%	;Aumentar por19.1%	;1968	;Aumentar por20.9%	;Aumentar por3.2%	;2074	;Aumentar por24.8%	;Aumentar por11.4%	;401	;Aumentar por42.2%	;Aumentar por12.6%	;506	;Aumentar por16.1%	;Aumentar por20.2%	;
186	;(Jueves)2026/06/04	;528	;Aumentar por103.1%	;Aumentar por4.6%	;454	;Aumentar por2.3%	;Disminuir por7.9%	;2040	;Aumentar por34.3%	;Disminuir por3.3%	;2042	;Aumentar por25.5%	;Aumentar por0.8%	;394	;Aumentar por43.8%	;Disminuir por6.0%	;570	;Aumentar por47.3%	;Aumentar por9.6%	;
187	;(Viernes)2026/06/05	;559	;Aumentar por133.9%	;Aumentar por13.4%	;438	;Disminuir por27.7%	;Disminuir por28.8%	;2933	;Aumentar por106.8%	;Aumentar por47.4%	;2846	;Aumentar por92.6%	;Aumentar por46.5%	;230	;Disminuir por9.1%	;Disminuir por42.4%	;328	;Disminuir por14.4%	;Disminuir por28.5%	;
188	;(Sábado)2026/06/06	;816	;Aumentar por195.7%	;Aumentar por30.8%	;507	;Disminuir por23.9%	;Disminuir por13.6%	;2809	;Aumentar por86.8%	;Aumentar por3.4%	;2760	;Aumentar por76.1%	;Aumentar por9.8%	;559	;Aumentar por96.1%	;Aumentar por26.8%	;685	;Aumentar por96.3%	;Aumentar por41.8%	;
189	;(Domingo)2026/06/07	;727	;Aumentar por149.8%	;Disminuir por8.2%	;587	;Aumentar por21.8%	;Disminuir por27.9%	;2330	;Aumentar por34.1%	;Disminuir por25.5%	;2747	;Aumentar por66.0%	;Disminuir por4.1%	;484	;Aumentar por100.0%	;Disminuir por3.0%	;673	;Aumentar por80.9%	;Aumentar por8.2%	;
190	;(Lunes)2026/06/08	;574	;Aumentar por65.4%	;Disminuir por29.9%	;460	;Disminuir por11.7%	;Disminuir por36.1%	;2467	;Aumentar por44.8%	;Disminuir por3.6%	;2423	;Aumentar por41.3%	;Disminuir por14.9%	;473	;Aumentar por62.0%	;Disminuir por8.9%	;591	;Aumentar por29.3%	;Disminuir por16.1%	;
191	;(Martes)2026/06/09	;613	;Aumentar por142.3%	;Aumentar por6.4%	;521	;Aumentar por14.3%	;Aumentar por1.0%	;2202	;Aumentar por54.9%	;Disminuir por18.1%	;2268	;Aumentar por39.8%	;Disminuir por14.7%	;416	;Aumentar por243.8%	;Disminuir por11.5%	;524	;Aumentar por167.3%	;Aumentar por2.1%	;
192	;(Miércoles)2026/06/10	;527	;Aumentar por91.6%	;Disminuir por4.7%	;478	;Disminuir por25.5%	;Disminuir por16.9%	;2027	;Aumentar por42.8%	;Disminuir por8.1%	;2089	;Aumentar por34.9%	;Disminuir por2.2%	;414	;Aumentar por56.8%	;Aumentar por4.3%	;540	;Aumentar por47.1%	;Aumentar por10.4%	;
193	;(Jueves)2026/06/11	;603	;Aumentar por174.1%	;Disminuir por3.5%	;547	;Aumentar por10.3%	;Disminuir por1.3%	;2439	;Aumentar por84.6%	;Aumentar por14.0%	;2445	;Aumentar por73.9%	;Aumentar por12.8%	;454	;Aumentar por90.0%	;Aumentar por8.6%	;556	;Aumentar por77.1%	;Disminuir por1.8%	;
194	;(Viernes)2026/06/12	;718	;Aumentar por337.8%	;Aumentar por35.2%	;660	;Aumentar por178.5%	;Aumentar por40.4%	;2578	;Aumentar por100.0%	;Aumentar por14.2%	;2462	;Aumentar por76.5%	;Aumentar por16.7%	;467	;Aumentar por179.6%	;Aumentar por10.9%	;571	;Aumentar por108.4%	;Aumentar por7.5%	;
195	;(Sábado)2026/06/13	;1016	;Aumentar por230.9%	;Aumentar por69.6%	;883	;Aumentar por55.2%	;Aumentar por92.4%	;2886	;Aumentar por111.4%	;Disminuir por7.0%	;2884	;Aumentar por111.6%	;Aumentar por6.5%	;584	;Aumentar por147.5%	;Aumentar por28.1%	;678	;Aumentar por93.2%	;Aumentar por29.1%	;
196	;(Domingo)2026/06/14	;728	;Aumentar por155.4%	;Aumentar por5.1%	;743	;Aumentar por76.1%	;Aumentar por32.4%	;2403	;Aumentar por29.1%	;Disminuir por8.7%	;2793	;Aumentar por67.0%	;Aumentar por23.5%	;509	;Aumentar por89.9%	;Aumentar por1.8%	;709	;Aumentar por128.0%	;Aumentar por34.8%	;
197	;(Lunes)2026/06/15	;596	;Aumentar por96.7%	;Disminuir por13.0%	;506	;Aumentar por12.4%	;Disminuir por15.7%	;2196	;Aumentar por32.0%	;Disminuir por3.3%	;2290	;Aumentar por35.2%	;Aumentar por1.1%	;415	;Aumentar por59.0%	;Disminuir por11.9%	;543	;Aumentar por37.1%	;Aumentar por2.6%	;
198	;(Martes)2026/06/16	;643	;Aumentar por169.0%	;Aumentar por3.5%	;553	;Aumentar por49.1%	;Aumentar por1.5%	;2608	;Aumentar por114.8%	;Aumentar por13.0%	;2635	;Aumentar por84.0%	;Aumentar por17.7%	;414	;Aumentar por56.2%	;Disminuir por10.4%	;552	;Aumentar por48.8%	;Aumentar por2.8%	;
199	;(Miércoles)2026/06/17	;620	;Aumentar por201.0%	;Aumentar por12.7%	;492	;Aumentar por3.8%	;Disminuir por14.3%	;2118	;Aumentar por58.9%	;Disminuir por10.0%	;2166	;Aumentar por53.4%	;Disminuir por3.6%	;480	;Aumentar por114.3%	;Aumentar por19.1%	;592	;Aumentar por109.2%	;Aumentar por29.5%	;
200	;(Jueves)2026/06/18	;613	;Aumentar por211.2%	;Aumentar por5.0%	;491	;Aumentar por33.4%	;Disminuir por12.2%	;2635	;Aumentar por123.1%	;Aumentar por22.5%	;2635	;Aumentar por116.0%	;Aumentar por25.5%	;456	;Aumentar por174.7%	;Aumentar por14.3%	;566	;Aumentar por126.4%	;Aumentar por23.3%	;
201	;(Viernes)2026/06/19	;761	;Aumentar por499.2%	;Aumentar por33.0%	;628	;Aumentar por176.7%	;Aumentar por6.8%	;3092	;Aumentar por196.7%	;Aumentar por30.2%	;2918	;Aumentar por149.4%	;Aumentar por29.1%	;446	;Aumentar por189.6%	;Aumentar por6.4%	;562	;Aumentar por147.6%	;Aumentar por16.4%	;
202	;(Sábado)2026/06/20	;905	;Aumentar por641.8%	;Aumentar por39.9%	;639	;Aumentar por147.7%	;Aumentar por9.0%	;3017	;Aumentar por135.3%	;Aumentar por4.9%	;2950	;Aumentar por126.7%	;Aumentar por12.8%	;540	;Aumentar por275.0%	;Aumentar por21.1%	;603	;Aumentar por198.5%	;Aumentar por13.8%	;
203	;(Domingo)2026/06/21	;857	;Aumentar por358.3%	;Disminuir por6.4%	;750	;Aumentar por93.3%	;Disminuir por10.5%	;2317	;Aumentar por82.9%	;Disminuir por24.5%	;2674	;Aumentar por99.4%	;Disminuir por1.3%	;474	;Aumentar por163.3%	;Disminuir por1.7%	;667	;Aumentar por153.6%	;Aumentar por21.5%	;
204	;(Lunes)2026/06/22	;801	;Aumentar por397.5%	;Disminuir por11.6%	;779	;Aumentar por87.3%	;Disminuir por1.3%	;2559	;Aumentar por96.4%	;Disminuir por7.7%	;2551	;Aumentar por83.3%	;Disminuir por10.1%	;471	;Aumentar por276.8%	;Disminuir por7.3%	;615	;Aumentar por251.4%	;Disminuir por1.8%	;
205	;(Martes)2026/06/23	;902	;Aumentar por450.0%	;Aumentar por7.6%	;807	;Aumentar por155.4%	;Aumentar por6.0%	;2869	;Aumentar por190.4%	;Disminuir por27.7%	;2659	;Aumentar por123.8%	;Disminuir por28.1%	;512	;Aumentar por104.0%	;Aumentar por1.6%	;614	;Aumentar por75.9%	;Aumentar por9.8%	;
206	;(Miércoles)2026/06/24	;811	;Aumentar por444.3%	;Disminuir por0.6%	;711	;Aumentar por73.8%	;Disminuir por16.4%	;2365	;Aumentar por101.1%	;Disminuir por7.5%	;2683	;Aumentar por115.8%	;Disminuir por6.6%	;499	;Aumentar por150.8%	;Aumentar por7.5%	;662	;Aumentar por129.9%	;Aumentar por7.3%	;
207	;(Jueves)2026/06/25	;798	;Aumentar por470.0%	;Aumentar por3.2%	;722	;Aumentar por130.7%	;Disminuir por11.5%	;2774	;Aumentar por147.2%	;Aumentar por9.2%	;2813	;Aumentar por130.6%	;Aumentar por10.8%	;459	;Aumentar por140.3%	;Aumentar por2.7%	;572	;Aumentar por125.2%	;Aumentar por2.7%	;
208	;(Viernes)2026/06/26	;840	;Aumentar por663.6%	;Aumentar por9.8%	;730	;Aumentar por175.5%	;Disminuir por1.7%	;3097	;Aumentar por191.1%	;Aumentar por16.6%	;3067	;Aumentar por169.7%	;Aumentar por19.9%	;496	;Aumentar por197.0%	;Aumentar por11.5%	;539	;Aumentar por122.7%	;Aumentar por3.1%	;
209	;(Sábado)2026/06/27	;1028	;Aumentar por793.9%	;Aumentar por24.5%	;872	;Aumentar por376.5%	;Aumentar por14.4%	;3137	;Aumentar por178.3%	;Disminuir por18.8%	;3153	;Aumentar por167.0%	;Disminuir por12.9%	;504	;Aumentar por227.3%	;Aumentar por11.8%	;614	;Aumentar por167.0%	;Aumentar por11.0%	;
210	;(Domingo)2026/06/28	;830	;Aumentar por533.6%	;Disminuir por8.0%	;746	;Aumentar por222.9%	;Disminuir por17.1%	;2534	;Aumentar por98.1%	;Disminuir por16.2%	;3089	;Aumentar por135.4%	;Aumentar por4.9%	;494	;Aumentar por243.1%	;Aumentar por3.6%	;705	;Aumentar por210.6%	;Aumentar por22.2%	;
211	;(Lunes)2026/06/29	;704	;Aumentar por481.8%	;Disminuir por17.9%	;628	;Aumentar por247.0%	;Disminuir por29.1%	;2562	;Aumentar por139.9%	;Aumentar por3.3%	;2611	;Aumentar por121.3%	;Disminuir por8.5%	;493	;Aumentar por170.9%	;Aumentar por10.5%	;567	;Aumentar por95.5%	;Disminuir por12.2%	;
212	;(Martes)2026/06/30	;669	;Aumentar por273.7%	;Disminuir por10.7%	;639	;Aumentar por96.0%	;Disminuir por13.1%	;2490	;Aumentar por127.0%	;Disminuir por9.7%	;2470	;Aumentar por91.9%	;Disminuir por9.0%	;463	;Aumentar por120.5%	;Disminuir por2.9%	;588	;Aumentar por86.7%	;Aumentar por3.7%	;

Exportar contenido:Subtipos de vehículos a motor	;
Hora del informe: 2025/12/01 00:00:00 - 2026/07/14 23:59:59	;

N.º	;Hora	;Autobuses	; 	; 	; 	; 	; 	;Monovolúmenes	; 	; 	; 	; 	; 	;Sedanes pequeños	; 	; 	; 	; 	; 	;Camiones	;
	;	;Avanzar	; 	; 	;Retroceso	; 	; 	;Avanzar	; 	; 	;Retroceso	; 	; 	;Avanzar	; 	; 	;Retroceso	; 	; 	;Avanzar	; 	; 	;Retroceso	;
	;	;Valor	;Tasa de cambio (ciclo tras ciclo)	;Tasa de cambio (año tras año)	;Valor	;Tasa de cambio (ciclo tras ciclo)	;Tasa de cambio (año tras año)	;Valor	;Tasa de cambio (ciclo tras ciclo)	;Tasa de cambio (año tras año)	;Valor	;Tasa de cambio (ciclo tras ciclo)	;Tasa de cambio (año tras año)	;Valor	;Tasa de cambio (ciclo tras ciclo)	;Tasa de cambio (año tras año)	;Valor	;Tasa de cambio (ciclo tras ciclo)	;Tasa de cambio (año tras año)	;Valor	;Tasa de cambio (ciclo tras ciclo)	;Tasa de cambio (año tras año)	;Valor	;Tasa de cambio (ciclo tras ciclo)	;Tasa de cambio (año tras año)	;
1	;(Lunes)2025/12/01	;36	; --%	; --%	;36	; --%	; --%	;166	; --%	; --%	;78	; --%	; --%	;884	; --%	; --%	;1039	; --%	; --%	;37	; --%	; --%	;32	; --%	; --%	;
2	;(Martes)2025/12/02	;39	; --%	; --%	;36	; --%	; --%	;157	; --%	; --%	;86	; --%	; --%	;807	; --%	; --%	;929	; --%	; --%	;29	; --%	; --%	;27	; --%	; --%	;
3	;(Miércoles)2025/12/03	;39	; --%	; --%	;42	; --%	; --%	;168	; --%	; --%	;78	; --%	; --%	;867	; --%	; --%	;1080	; --%	; --%	;101	; --%	; --%	;100	; --%	; --%	;
4	;(Jueves)2025/12/04	;39	; --%	; --%	;40	; --%	; --%	;203	; --%	; --%	;101	; --%	; --%	;908	; --%	; --%	;1051	; --%	; --%	;39	; --%	; --%	;26	; --%	; --%	;
5	;(Viernes)2025/12/05	;48	;Aumentar por200.0%	; --%	;37	;Aumentar por131.3%	; --%	;204	;Aumentar por300.0%	; --%	;84	;Aumentar por162.5%	; --%	;1094	;Aumentar por112.0%	; --%	;1176	;Aumentar por88.5%	; --%	;48	;Aumentar por585.7%	; --%	;35	;Aumentar por337.5%	; --%	;
6	;(Sábado)2025/12/06	;48	;Disminuir por27.3%	; --%	;40	;Disminuir por32.2%	; --%	;121	;Disminuir por90.1%	; --%	;53	;Disminuir por95.0%	; --%	;1639	;Aumentar por7.3%	; --%	;2008	;Aumentar por12.1%	; --%	;14	;Disminuir por84.1%	; --%	;7	;Disminuir por88.7%	; --%	;
7	;(Domingo)2025/12/07	;43	;Disminuir por25.9%	; --%	;44	;Disminuir por15.4%	; --%	;104	;Disminuir por66.7%	; --%	;45	;Disminuir por69.8%	; --%	;1858	;Aumentar por8.3%	; --%	;2318	;Aumentar por30.0%	; --%	;8	;Disminuir por91.0%	; --%	;7	;Disminuir por89.9%	; --%	;
8	;(Lunes)2025/12/08	;40	;Disminuir por14.9%	; --%	;37	;Disminuir por15.9%	; --%	;105	;Disminuir por68.6%	; --%	;73	;Disminuir por67.6%	; --%	;1100	;Disminuir por39.8%	; --%	;1541	;Disminuir por17.8%	; --%	;17	;Disminuir por37.0%	; --%	;12	;Disminuir por42.9%	; --%	;
9	;(Martes)2025/12/09	;39	;Disminuir por33.9%	; --%	;40	;Disminuir por20.0%	; --%	;185	;Aumentar por50.4%	; --%	;85	;Aumentar por39.3%	; --%	;881	;Disminuir por41.1%	; --%	;1053	;Disminuir por42.1%	; --%	;173	;Aumentar por1135.7%	; --%	;165	;Aumentar por1733.3%	; --%	;
10	;(Miércoles)2025/12/10	;43	;Aumentar por43.3%	; --%	;42	;Aumentar por90.9%	; --%	;188	;Disminuir por39.9%	; --%	;86	;Disminuir por62.3%	; --%	;831	;Aumentar por61.7%	; --%	;937	;Aumentar por73.8%	; --%	;26	;Sin cambios	; --%	;19	;Sin cambios	; --%	;
11	;(Jueves)2025/12/11	;39	;Aumentar por21.9%	; --%	;37	;Aumentar por23.3%	; --%	;284	;Aumentar por129.0%	; --%	;169	;Aumentar por128.4%	; --%	;820	;Sin cambios	; --%	;973	;Disminuir por7.2%	; --%	;18	;Disminuir por55.0%	; --%	;20	;Disminuir por48.7%	; --%	;
12	;(Viernes)2025/12/12	;36	;Disminuir por48.6%	; --%	;39	;Disminuir por31.6%	; --%	;166	;Disminuir por49.8%	; --%	;82	;Disminuir por46.8%	; --%	;874	;Disminuir por47.1%	; --%	;1090	;Disminuir por40.1%	; --%	;54	;Disminuir por89.7%	; --%	;39	;Disminuir por92.4%	; --%	;
13	;(Sábado)2025/12/13	;38	;Disminuir por28.3%	; --%	;36	;Disminuir por7.7%	; --%	;88	;Disminuir por56.2%	; --%	;34	;Disminuir por59.0%	; --%	;1031	;Disminuir por57.1%	; --%	;1263	;Disminuir por46.1%	; --%	;6	;Disminuir por82.9%	; --%	;10	;Disminuir por67.7%	; --%	;
14	;(Domingo)2025/12/14	;41	;Disminuir por24.1%	; --%	;46	;Disminuir por16.4%	; --%	;62	;Disminuir por82.7%	; --%	;29	;Disminuir por82.0%	; --%	;501	;Disminuir por78.4%	; --%	;628	;Disminuir por75.1%	; --%	;13	;Disminuir por86.6%	; --%	;9	;Disminuir por89.9%	; --%	;
15	;(Lunes)2025/12/15	;49	;Aumentar por6.5%	; --%	;36	;Disminuir por28.0%	; --%	;160	;Disminuir por23.1%	; --%	;65	;Disminuir por16.7%	; --%	;675	;Disminuir por70.9%	; --%	;853	;Disminuir por64.8%	; --%	;31	;Aumentar por10.7%	; --%	;26	;Sin cambios	; --%	;
16	;(Martes)2025/12/16	;36	;Disminuir por21.7%	; --%	;41	;Disminuir por25.5%	; --%	;193	;Aumentar por35.9%	; --%	;94	;Aumentar por22.1%	; --%	;698	;Disminuir por62.1%	; --%	;827	;Disminuir por63.4%	; --%	;41	;Aumentar por95.2%	; --%	;32	;Aumentar por33.3%	; --%	;
17	;(Miércoles)2025/12/17	;42	;Disminuir por12.5%	; --%	;42	;Disminuir por19.2%	; --%	;166	;Disminuir por43.0%	; --%	;73	;Disminuir por33.0%	; --%	;711	;Disminuir por50.2%	; --%	;835	;Disminuir por51.1%	; --%	;40	;Disminuir por35.5%	; --%	;19	;Disminuir por62.7%	; --%	;
18	;(Jueves)2025/12/18	;42	;Disminuir por28.8%	; --%	;42	;Disminuir por33.3%	; --%	;185	;Disminuir por62.9%	; --%	;101	;Disminuir por71.5%	; --%	;829	;Disminuir por36.1%	; --%	;976	;Disminuir por35.6%	; --%	;57	;Disminuir por34.5%	; --%	;58	;Disminuir por19.4%	; --%	;
19	;(Viernes)2025/12/19	;38	;Disminuir por25.5%	; --%	;37	;Disminuir por30.2%	; --%	;157	;Disminuir por44.3%	; --%	;92	;Disminuir por22.0%	; --%	;926	;Disminuir por33.7%	; --%	;1051	;Disminuir por33.6%	; --%	;37	;Disminuir por78.4%	; --%	;31	;Disminuir por80.0%	; --%	;
20	;(Sábado)2025/12/20	;47	;Disminuir por7.8%	; --%	;47	;Disminuir por9.6%	; --%	;97	;Disminuir por66.8%	; --%	;43	;Disminuir por69.9%	; --%	;898	;Disminuir por36.0%	; --%	;1043	;Disminuir por30.7%	; --%	;18	;Disminuir por92.1%	; --%	;9	;Disminuir por96.1%	; --%	;
21	;(Domingo)2025/12/21	;44	;Disminuir por13.7%	; --%	;38	;Disminuir por29.6%	; --%	;85	;Disminuir por67.1%	; --%	;39	;Disminuir por63.2%	; --%	;821	;Disminuir por46.1%	; --%	;999	;Disminuir por34.4%	; --%	;21	;Disminuir por68.2%	; --%	;13	;Disminuir por79.4%	; --%	;
22	;(Lunes)2025/12/22	;39	;Disminuir por22.0%	; --%	;42	;Disminuir por17.6%	; --%	;216	;Aumentar por22.0%	; --%	;107	;Aumentar por55.1%	; --%	;872	;Disminuir por52.7%	; --%	;1137	;Disminuir por24.6%	; --%	;50	;Disminuir por7.4%	; --%	;30	;Disminuir por54.5%	; --%	;
23	;(Martes)2025/12/23	;50	;Aumentar por16.3%	; --%	;40	;Disminuir por28.6%	; --%	;172	;Aumentar por38.7%	; --%	;80	;Aumentar por73.9%	; --%	;737	;Disminuir por54.3%	; --%	;897	;Disminuir por46.4%	; --%	;51	;Aumentar por50.0%	; --%	;45	;Aumentar por45.2%	; --%	;
24	;(Miércoles)2025/12/24	;31	;Disminuir por43.6%	; --%	;35	;Disminuir por27.1%	; --%	;142	;Disminuir por53.1%	; --%	;52	;Disminuir por60.9%	; --%	;681	;Disminuir por52.8%	; --%	;800	;Disminuir por50.3%	; --%	;40	;Disminuir por25.9%	; --%	;26	;Disminuir por29.7%	; --%	;
25	;(Jueves)2025/12/25	;45	;Disminuir por13.5%	; --%	;41	;Disminuir por26.8%	; --%	;68	;Disminuir por73.8%	; --%	;31	;Disminuir por75.2%	; --%	;759	;Disminuir por42.8%	; --%	;870	;Disminuir por40.3%	; --%	;19	;Disminuir por71.6%	; --%	;12	;Disminuir por80.6%	; --%	;
26	;(Viernes)2025/12/26	;48	;Aumentar por6.7%	; --%	;36	;Disminuir por32.1%	; --%	;118	;Disminuir por54.3%	; --%	;49	;Disminuir por60.8%	; --%	;816	;Disminuir por40.6%	; --%	;927	;Disminuir por38.0%	; --%	;25	;Disminuir por60.3%	; --%	;19	;Disminuir por59.6%	; --%	;
27	;(Sábado)2025/12/27	;44	;Disminuir por6.4%	; --%	;47	;Disminuir por4.1%	; --%	;80	;Disminuir por72.3%	; --%	;44	;Disminuir por72.3%	; --%	;710	;Disminuir por53.7%	; --%	;776	;Disminuir por52.3%	; --%	;63	;Disminuir por16.0%	; --%	;63	;Aumentar por3.3%	; --%	;
28	;(Domingo)2025/12/28	;38	;Disminuir por45.7%	; --%	;36	;Disminuir por36.8%	; --%	;86	;Disminuir por73.7%	; --%	;32	;Disminuir por74.4%	; --%	;884	;Disminuir por48.1%	; --%	;975	;Disminuir por45.6%	; --%	;16	;Disminuir por87.5%	; --%	;26	;Disminuir por79.8%	; --%	;
29	;(Lunes)2025/12/29	;40	;Disminuir por14.9%	; --%	;40	;Disminuir por16.7%	; --%	;174	;Aumentar por15.2%	; --%	;103	;Aumentar por90.7%	; --%	;895	;Disminuir por55.6%	; --%	;968	;Disminuir por52.1%	; --%	;52	;Aumentar por73.3%	; --%	;44	;Aumentar por76.0%	; --%	;
30	;(Martes)2025/12/30	;45	;Disminuir por2.2%	; --%	;37	;Disminuir por15.9%	; --%	;169	;Aumentar por55.0%	; --%	;103	;Aumentar por83.9%	; --%	;1044	;Disminuir por41.2%	; --%	;1275	;Disminuir por40.4%	; --%	;42	;Aumentar por133.3%	; --%	;36	;Aumentar por89.5%	; --%	;
31	;(Miércoles)2025/12/31	;46	;Disminuir por22.0%	; --%	;44	;Disminuir por12.0%	; --%	;158	;Disminuir por48.9%	; --%	;97	;Disminuir por20.5%	; --%	;1010	;Disminuir por30.4%	; --%	;1016	;Disminuir por38.5%	; --%	;36	;Disminuir por23.4%	; --%	;23	;Disminuir por42.5%	; --%	;
32	;(Jueves)2026/01/01	;47	;Disminuir por11.3%	; --%	;55	;Aumentar por3.8%	; --%	;79	;Disminuir por72.9%	; --%	;60	;Disminuir por52.0%	; --%	;1059	;Disminuir por20.4%	; --%	;1417	;Disminuir por4.7%	; --%	;25	;Disminuir por85.3%	; --%	;24	;Disminuir por84.5%	; --%	;
33	;(Viernes)2026/01/02	;39	;Disminuir por45.1%	; --%	;39	;Disminuir por36.1%	; --%	;154	;Disminuir por48.7%	; --%	;89	;Disminuir por35.0%	; --%	;942	;Disminuir por30.6%	; --%	;1090	;Disminuir por27.4%	; --%	;209	;Aumentar por194.4%	; --%	;209	;Aumentar por260.3%	; --%	;
34	;(Sábado)2026/01/03	;37	;Disminuir por36.2%	; --%	;41	;Disminuir por16.3%	; --%	;102	;Disminuir por82.8%	; --%	;69	;Disminuir por84.8%	; --%	;876	;Disminuir por37.5%	; --%	;1049	;Disminuir por34.7%	; --%	;18	;Disminuir por70.5%	; --%	;18	;Disminuir por64.7%	; --%	;
35	;(Domingo)2026/01/04	;46	;Disminuir por19.3%	; --%	;44	;Disminuir por15.4%	; --%	;81	;Disminuir por72.6%	; --%	;44	;Disminuir por63.9%	; --%	;625	;Disminuir por62.4%	; --%	;781	;Disminuir por56.9%	; --%	;33	;Disminuir por59.3%	; --%	;35	;Disminuir por43.5%	; --%	;
36	;(Lunes)2026/01/05	;49	;Disminuir por7.5%	; --%	;51	;Aumentar por21.4%	; --%	;175	;Aumentar por1.2%	; --%	;96	;Aumentar por20.0%	; --%	;748	;Disminuir por61.4%	; --%	;836	;Disminuir por56.3%	; --%	;103	;Aumentar por186.1%	; --%	;84	;Aumentar por236.0%	; --%	;
37	;(Martes)2026/01/06	;42	;Disminuir por2.3%	; --%	;40	;Aumentar por14.3%	; --%	;52	;Disminuir por52.7%	; --%	;46	;Disminuir por13.2%	; --%	;779	;Disminuir por52.3%	; --%	;927	;Disminuir por54.2%	; --%	;14	;Disminuir por12.5%	; --%	;12	;Disminuir por25.0%	; --%	;
38	;(Miércoles)2026/01/07	;38	;Disminuir por15.6%	; --%	;41	;Disminuir por16.3%	; --%	;186	;Disminuir por35.4%	; --%	;79	;Disminuir por33.6%	; --%	;803	;Disminuir por47.5%	; --%	;993	;Disminuir por43.9%	; --%	;48	;Sin cambios	; --%	;33	;Disminuir por17.5%	; --%	;
39	;(Jueves)2026/01/08	;39	;Disminuir por18.8%	; --%	;45	;Disminuir por19.6%	; --%	;191	;Disminuir por31.3%	; --%	;93	;Disminuir por32.1%	; --%	;785	;Disminuir por45.1%	; --%	;981	;Disminuir por38.5%	; --%	;39	;Disminuir por81.9%	; --%	;24	;Disminuir por87.8%	; --%	;
40	;(Viernes)2026/01/09	;35	;Disminuir por31.4%	; --%	;34	;Disminuir por40.4%	; --%	;194	;Disminuir por33.1%	; --%	;112	;Disminuir por1.8%	; --%	;849	;Disminuir por42.8%	; --%	;1018	;Disminuir por37.9%	; --%	;35	;Disminuir por39.7%	; --%	;24	;Disminuir por46.7%	; --%	;
41	;(Sábado)2026/01/10	;41	;Disminuir por29.3%	; --%	;34	;Disminuir por35.8%	; --%	;112	;Disminuir por64.6%	; --%	;65	;Disminuir por50.0%	; --%	;949	;Disminuir por46.0%	; --%	;1095	;Disminuir por43.6%	; --%	;15	;Disminuir por79.2%	; --%	;10	;Disminuir por82.8%	; --%	;
42	;(Domingo)2026/01/11	;39	;Disminuir por29.1%	; --%	;34	;Disminuir por37.0%	; --%	;71	;Disminuir por87.1%	; --%	;40	;Disminuir por89.2%	; --%	;663	;Disminuir por66.4%	; --%	;896	;Disminuir por54.5%	; --%	;3	;Disminuir por95.5%	; --%	;5	;Disminuir por92.6%	; --%	;
43	;(Lunes)2026/01/12	;36	;Disminuir por39.0%	; --%	;40	;Disminuir por20.0%	; --%	;178	;Disminuir por20.2%	; --%	;95	;Aumentar por2.2%	; --%	;783	;Disminuir por67.4%	; --%	;918	;Disminuir por60.8%	; --%	;25	;Aumentar por4.2%	; --%	;25	;Disminuir por19.4%	; --%	;
44	;(Martes)2026/01/13	;43	;Disminuir por29.5%	; --%	;38	;Disminuir por25.5%	; --%	;184	;Aumentar por13.6%	; --%	;80	;Aumentar por23.1%	; --%	;765	;Disminuir por65.4%	; --%	;922	;Disminuir por64.6%	; --%	;44	;Aumentar por83.3%	; --%	;32	;Disminuir por23.8%	; --%	;
45	;(Miércoles)2026/01/14	;38	;Disminuir por20.8%	; --%	;37	;Disminuir por5.1%	; --%	;169	;Disminuir por43.7%	; --%	;65	;Disminuir por52.9%	; --%	;708	;Disminuir por50.3%	; --%	;889	;Disminuir por43.8%	; --%	;25	;Disminuir por92.9%	; --%	;24	;Disminuir por93.2%	; --%	;
46	;(Jueves)2026/01/15	;27	;Disminuir por46.0%	; --%	;41	;Disminuir por14.6%	; --%	;161	;Disminuir por49.2%	; --%	;77	;Disminuir por35.3%	; --%	;797	;Disminuir por46.3%	; --%	;919	;Disminuir por44.0%	; --%	;34	;Disminuir por39.3%	; --%	;31	;Disminuir por41.5%	; --%	;
47	;(Viernes)2026/01/16	;37	;Disminuir por24.5%	; --%	;39	;Disminuir por23.5%	; --%	;171	;Disminuir por43.2%	; --%	;99	;Disminuir por5.7%	; --%	;778	;Disminuir por52.6%	; --%	;854	;Disminuir por51.3%	; --%	;48	;Disminuir por59.0%	; --%	;48	;Disminuir por58.3%	; --%	;
48	;(Sábado)2026/01/17	;40	;Disminuir por20.0%	; --%	;37	;Disminuir por36.2%	; --%	;85	;Disminuir por75.7%	; --%	;47	;Disminuir por64.4%	; --%	;743	;Disminuir por51.2%	; --%	;785	;Disminuir por53.4%	; --%	;23	;Disminuir por65.2%	; --%	;11	;Disminuir por83.3%	; --%	;
49	;(Domingo)2026/01/18	;36	;Disminuir por26.5%	; --%	;36	;Disminuir por29.4%	; --%	;44	;Disminuir por87.2%	; --%	;29	;Disminuir por79.0%	; --%	;662	;Disminuir por67.1%	; --%	;801	;Disminuir por59.9%	; --%	;16	;Disminuir por94.9%	; --%	;12	;Disminuir por96.3%	; --%	;
50	;(Lunes)2026/01/19	;36	;Disminuir por28.0%	; --%	;42	;Disminuir por51.2%	; --%	;197	;Disminuir por12.1%	; --%	;92	;Aumentar por7.0%	; --%	;804	;Disminuir por71.5%	; --%	;961	;Disminuir por63.4%	; --%	;32	;Disminuir por3.0%	; --%	;25	;Disminuir por63.2%	; --%	;
51	;(Martes)2026/01/20	;16	;Disminuir por62.8%	; --%	;19	;Disminuir por84.2%	; --%	;120	;Disminuir por28.1%	; --%	;53	;Disminuir por31.2%	; --%	;378	;Disminuir por83.8%	; --%	;365	;Disminuir por85.7%	; --%	;34	;Aumentar por70.0%	; --%	;37	;Disminuir por59.3%	; --%	;
52	;(Miércoles)2026/01/21	;5	;Disminuir por91.5%	; --%	;4	;Disminuir por93.8%	; --%	;113	;Disminuir por67.1%	; --%	;26	;Disminuir por83.5%	; --%	;388	;Disminuir por80.6%	; --%	;284	;Disminuir por86.8%	; --%	;15	;Disminuir por94.7%	; --%	;8	;Disminuir por97.2%	; --%	;
53	;(Jueves)2026/01/22	;43	;Disminuir por31.7%	; --%	;43	;Disminuir por43.4%	; --%	;184	;Disminuir por38.9%	; --%	;68	;Disminuir por45.6%	; --%	;718	;Disminuir por56.2%	; --%	;937	;Disminuir por46.3%	; --%	;28	;Disminuir por86.1%	; --%	;25	;Disminuir por86.8%	; --%	;
54	;(Viernes)2026/01/23	;38	;Disminuir por13.6%	; --%	;40	;Disminuir por18.4%	; --%	;237	;Disminuir por21.5%	; --%	;176	;Aumentar por37.5%	; --%	;822	;Disminuir por52.6%	; --%	;952	;Disminuir por50.6%	; --%	;50	;Disminuir por15.3%	; --%	;39	;Disminuir por37.1%	; --%	;
55	;(Sábado)2026/01/24	;40	;Disminuir por21.6%	; --%	;40	;Disminuir por13.0%	; --%	;119	;Disminuir por64.8%	; --%	;68	;Disminuir por56.4%	; --%	;845	;Disminuir por52.7%	; --%	;979	;Disminuir por47.0%	; --%	;17	;Disminuir por78.8%	; --%	;14	;Disminuir por76.7%	; --%	;
56	;(Domingo)2026/01/25	;45	;Disminuir por4.3%	; --%	;40	;Disminuir por23.1%	; --%	;78	;Disminuir por80.7%	; --%	;37	;Disminuir por79.3%	; --%	;746	;Disminuir por62.8%	; --%	;867	;Disminuir por53.0%	; --%	;10	;Disminuir por98.4%	; --%	;8	;Disminuir por98.7%	; --%	;
57	;(Lunes)2026/01/26	;48	;Disminuir por17.2%	; --%	;45	;Disminuir por15.1%	; --%	;223	;Aumentar por15.5%	; --%	;101	;Aumentar por26.3%	; --%	;807	;Disminuir por65.7%	; --%	;984	;Disminuir por52.6%	; --%	;43	;Aumentar por38.7%	; --%	;37	;Disminuir por26.0%	; --%	;
58	;(Martes)2026/01/27	;37	;Disminuir por36.2%	; --%	;41	;Disminuir por34.9%	; --%	;208	;Aumentar por60.0%	; --%	;95	;Aumentar por58.3%	; --%	;789	;Disminuir por61.7%	; --%	;961	;Disminuir por54.4%	; --%	;28	;Aumentar por12.0%	; --%	;31	;Disminuir por13.9%	; --%	;
59	;(Miércoles)2026/01/28	;44	;Disminuir por25.4%	; --%	;43	;Disminuir por18.9%	; --%	;223	;Disminuir por27.6%	; --%	;110	;Disminuir por15.4%	; --%	;780	;Disminuir por58.6%	; --%	;956	;Disminuir por52.3%	; --%	;35	;Disminuir por38.6%	; --%	;35	;Disminuir por32.7%	; --%	;
60	;(Jueves)2026/01/29	;37	;Disminuir por38.3%	; --%	;46	;Disminuir por11.5%	; --%	;212	;Disminuir por47.3%	; --%	;95	;Disminuir por62.3%	; --%	;871	;Disminuir por51.6%	; --%	;1058	;Disminuir por43.0%	; --%	;53	;Disminuir por42.4%	; --%	;46	;Disminuir por46.5%	; --%	;
61	;(Viernes)2026/01/30	;34	;Disminuir por52.1%	; --%	;42	;Disminuir por31.1%	; --%	;214	;Disminuir por27.7%	; --%	;108	;Disminuir por10.0%	; --%	;864	;Disminuir por50.0%	; --%	;1015	;Disminuir por45.5%	; --%	;148	;Aumentar por159.6%	; --%	;138	;Aumentar por137.9%	; --%	;
62	;(Sábado)2026/01/31	;37	;Disminuir por42.2%	; --%	;37	;Disminuir por26.0%	; --%	;103	;Disminuir por67.1%	; --%	;51	;Disminuir por62.8%	; --%	;875	;Disminuir por53.0%	; --%	;1017	;Disminuir por47.9%	; --%	;20	;Disminuir por85.4%	; --%	;17	;Disminuir por85.8%	; --%	;
63	;(Domingo)2026/02/01	;36	;Disminuir por42.9%	; --%	;36	;Disminuir por26.5%	; --%	;69	;Disminuir por80.6%	; --%	;31	;Disminuir por77.2%	; --%	;809	;Disminuir por61.7%	; --%	;984	;Disminuir por53.0%	; --%	;10	;Disminuir por97.1%	; --%	;6	;Disminuir por98.2%	; --%	;
64	;(Lunes)2026/02/02	;43	;Disminuir por15.7%	; --%	;39	;Disminuir por20.4%	; --%	;229	;Aumentar por13.4%	; --%	;104	;Aumentar por85.7%	; --%	;873	;Disminuir por68.6%	; --%	;1013	;Disminuir por60.6%	; --%	;39	;Aumentar por2.6%	; --%	;35	;Sin cambios	; --%	;
65	;(Martes)2026/02/03	;42	;Disminuir por27.6%	; --%	;44	;Disminuir por12.0%	; --%	;227	;Aumentar por49.3%	; --%	;102	;Aumentar por39.7%	; --%	;817	;Disminuir por67.9%	; --%	;1031	;Disminuir por61.5%	; --%	;32	;Aumentar por68.4%	; --%	;35	;Disminuir por12.5%	; --%	;
66	;(Miércoles)2026/02/04	;39	;Disminuir por63.2%	; --%	;46	;Disminuir por42.5%	; --%	;210	;Disminuir por44.6%	; --%	;94	;Disminuir por39.0%	; --%	;830	;Disminuir por65.9%	; --%	;980	;Disminuir por59.6%	; --%	;39	;Disminuir por96.3%	; --%	;38	;Disminuir por96.3%	; --%	;
67	;(Jueves)2026/02/05	;42	;Disminuir por61.8%	; --%	;46	;Disminuir por40.3%	; --%	;220	;Disminuir por12.7%	; --%	;96	;Disminuir por16.5%	; --%	;912	;Disminuir por56.9%	; --%	;1093	;Disminuir por58.2%	; --%	;37	;Disminuir por51.3%	; --%	;41	;Disminuir por40.6%	; --%	;
68	;(Viernes)2026/02/06	;50	;Disminuir por52.8%	; --%	;48	;Disminuir por46.7%	; --%	;220	;Disminuir por25.9%	; --%	;103	;Disminuir por13.4%	; --%	;964	;Disminuir por53.2%	; --%	;1109	;Disminuir por51.1%	; --%	;53	;Disminuir por29.3%	; --%	;49	;Disminuir por21.0%	; --%	;
69	;(Sábado)2026/02/07	;37	;Disminuir por64.4%	; --%	;34	;Disminuir por64.2%	; --%	;127	;Disminuir por63.4%	; --%	;62	;Disminuir por60.5%	; --%	;1091	;Disminuir por48.9%	; --%	;1282	;Disminuir por42.8%	; --%	;9	;Disminuir por87.3%	; --%	;13	;Disminuir por79.4%	; --%	;
70	;(Domingo)2026/02/08	;42	;Disminuir por65.0%	; --%	;38	;Disminuir por61.6%	; --%	;71	;Disminuir por83.9%	; --%	;47	;Disminuir por79.8%	; --%	;822	;Disminuir por63.9%	; --%	;1031	;Disminuir por54.9%	; --%	;10	;Disminuir por99.0%	; --%	;11	;Disminuir por98.9%	; --%	;
71	;(Lunes)2026/02/09	;42	;Disminuir por45.5%	; --%	;48	;Disminuir por40.0%	; --%	;204	;Disminuir por8.1%	; --%	;102	;Aumentar por20.0%	; --%	;903	;Disminuir por66.3%	; --%	;1077	;Disminuir por60.7%	; --%	;36	;Disminuir por18.2%	; --%	;28	;Disminuir por31.7%	; --%	;
72	;(Martes)2026/02/10	;36	;Disminuir por62.9%	; --%	;40	;Disminuir por53.5%	; --%	;219	;Aumentar por38.6%	; --%	;100	;Aumentar por58.7%	; --%	;898	;Disminuir por59.3%	; --%	;1048	;Disminuir por61.0%	; --%	;69	;Aumentar por331.3%	; --%	;50	;Aumentar por163.2%	; --%	;
73	;(Miércoles)2026/02/11	;44	;Disminuir por55.1%	; --%	;50	;Disminuir por37.5%	; --%	;201	;Disminuir por37.2%	; --%	;83	;Disminuir por43.2%	; --%	;913	;Disminuir por57.4%	; --%	;1054	;Disminuir por54.7%	; --%	;37	;Disminuir por81.1%	; --%	;43	;Disminuir por73.9%	; --%	;
74	;(Jueves)2026/02/12	;36	;Disminuir por66.0%	; --%	;45	;Disminuir por47.7%	; --%	;225	;Disminuir por31.4%	; --%	;110	;Disminuir por11.3%	; --%	;926	;Disminuir por55.4%	; --%	;1095	;Disminuir por47.6%	; --%	;57	;Disminuir por41.8%	; --%	;51	;Disminuir por32.9%	; --%	;
75	;(Viernes)2026/02/13	;53	;Disminuir por51.8%	; --%	;45	;Disminuir por53.6%	; --%	;218	;Disminuir por28.8%	; --%	;132	;Aumentar por38.9%	; --%	;1059	;Disminuir por50.4%	; --%	;1151	;Disminuir por45.2%	; --%	;47	;Disminuir por87.9%	; --%	;40	;Disminuir por89.7%	; --%	;
76	;(Sábado)2026/02/14	;32	;Disminuir por70.1%	; --%	;35	;Disminuir por59.8%	; --%	;84	;Disminuir por80.7%	; --%	;36	;Disminuir por84.6%	; --%	;613	;Disminuir por72.3%	; --%	;737	;Disminuir por64.9%	; --%	;7	;Disminuir por93.2%	; --%	;5	;Disminuir por94.6%	; --%	;
77	;(Domingo)2026/02/15	;58	;Disminuir por47.3%	; --%	;52	;Disminuir por40.9%	; --%	;100	;Disminuir por70.9%	; --%	;52	;Disminuir por63.9%	; --%	;1156	;Disminuir por50.9%	; --%	;1364	;Disminuir por43.2%	; --%	;10	;Disminuir por98.9%	; --%	;3	;Disminuir por99.7%	; --%	;
78	;(Lunes)2026/02/16	;60	;Disminuir por44.4%	; --%	;49	;Disminuir por47.9%	; --%	;243	;Disminuir por0.4%	; --%	;112	;Aumentar por17.9%	; --%	;1103	;Disminuir por61.6%	; --%	;1201	;Disminuir por58.4%	; --%	;36	;Disminuir por71.2%	; --%	;39	;Disminuir por64.2%	; --%	;
79	;(Martes)2026/02/17	;45	;Disminuir por60.2%	; --%	;52	;Disminuir por37.3%	; --%	;319	;Aumentar por86.5%	; --%	;191	;Aumentar por154.7%	; --%	;1058	;Disminuir por55.3%	; --%	;1319	;Disminuir por53.2%	; --%	;61	;Aumentar por110.3%	; --%	;45	;Aumentar por45.2%	; --%	;
80	;(Miércoles)2026/02/18	;41	;Disminuir por61.3%	; --%	;52	;Disminuir por40.2%	; --%	;246	;Disminuir por30.9%	; --%	;145	;Aumentar por5.1%	; --%	;1035	;Disminuir por57.7%	; --%	;1369	;Disminuir por48.8%	; --%	;41	;Disminuir por46.1%	; --%	;41	;Disminuir por36.9%	; --%	;
81	;(Jueves)2026/02/19	;53	;Disminuir por48.0%	; --%	;45	;Disminuir por47.7%	; --%	;234	;Disminuir por23.8%	; --%	;140	;Disminuir por2.1%	; --%	;1065	;Disminuir por55.3%	; --%	;1426	;Disminuir por43.1%	; --%	;64	;Disminuir por78.5%	; --%	;62	;Disminuir por77.0%	; --%	;
82	;(Viernes)2026/02/20	;49	;Disminuir por56.3%	; --%	;51	;Disminuir por51.9%	; --%	;250	;Disminuir por30.7%	; --%	;157	;Aumentar por4.0%	; --%	;1085	;Disminuir por58.1%	; --%	;1463	;Disminuir por45.0%	; --%	;46	;Disminuir por59.3%	; --%	;54	;Disminuir por56.8%	; --%	;
83	;(Sábado)2026/02/21	;48	;Disminuir por52.0%	; --%	;47	;Disminuir por43.4%	; --%	;120	;Disminuir por64.9%	; --%	;76	;Disminuir por53.7%	; --%	;1242	;Disminuir por44.7%	; --%	;1567	;Disminuir por23.1%	; --%	;18	;Disminuir por79.3%	; --%	;14	;Disminuir por81.1%	; --%	;
84	;(Domingo)2026/02/22	;53	;Disminuir por46.5%	; --%	;41	;Disminuir por52.3%	; --%	;86	;Disminuir por76.6%	; --%	;44	;Disminuir por74.3%	; --%	;1196	;Disminuir por54.9%	; --%	;1598	;Disminuir por36.2%	; --%	;10	;Disminuir por98.4%	; --%	;13	;Disminuir por97.8%	; --%	;
85	;(Lunes)2026/02/23	;50	;Disminuir por51.0%	; --%	;48	;Disminuir por34.2%	; --%	;236	;Disminuir por19.5%	; --%	;128	;Disminuir por14.1%	; --%	;1056	;Disminuir por61.7%	; --%	;1411	;Disminuir por47.7%	; --%	;45	;Disminuir por82.3%	; --%	;33	;Disminuir por85.9%	; --%	;
86	;(Martes)2026/02/24	;39	;Disminuir por71.3%	; --%	;44	;Disminuir por54.2%	; --%	;238	;Aumentar por25.9%	; --%	;125	;Aumentar por68.9%	; --%	;1046	;Disminuir por57.5%	; --%	;1348	;Disminuir por54.9%	; --%	;70	;Aumentar por250.0%	; --%	;68	;Aumentar por223.8%	; --%	;
87	;(Miércoles)2026/02/25	;46	;Disminuir por63.2%	; --%	;47	;Disminuir por46.0%	; --%	;222	;Disminuir por34.7%	; --%	;131	;Aumentar por4.0%	; --%	;983	;Disminuir por59.5%	; --%	;1349	;Disminuir por48.3%	; --%	;42	;Disminuir por50.0%	; --%	;43	;Disminuir por39.4%	; --%	;
88	;(Jueves)2026/02/26	;45	;Disminuir por62.5%	; --%	;52	;Disminuir por45.3%	; --%	;254	;Disminuir por24.4%	; --%	;132	;Disminuir por2.2%	; --%	;1036	;Disminuir por54.4%	; --%	;1399	;Disminuir por42.9%	; --%	;35	;Disminuir por82.3%	; --%	;31	;Disminuir por82.8%	; --%	;
89	;(Viernes)2026/02/27	;41	;Disminuir por64.0%	; --%	;44	;Disminuir por43.6%	; --%	;239	;Disminuir por16.7%	; --%	;135	;Aumentar por29.8%	; --%	;1105	;Disminuir por53.5%	; --%	;1497	;Disminuir por40.7%	; --%	;196	;Aumentar por21.0%	; --%	;198	;Aumentar por46.7%	; --%	;
90	;(Sábado)2026/02/28	;48	;Disminuir por60.0%	; --%	;45	;Disminuir por47.7%	; --%	;133	;Disminuir por63.1%	; --%	;79	;Disminuir por54.6%	; --%	;1245	;Disminuir por50.8%	; --%	;1545	;Disminuir por42.0%	; --%	;22	;Disminuir por77.1%	; --%	;21	;Disminuir por73.4%	; --%	;
91	;(Domingo)2026/03/01	;41	;Disminuir por69.9%	; --%	;41	;Disminuir por58.6%	; --%	;91	;Disminuir por85.5%	; --%	;56	;Disminuir por86.6%	; --%	;1208	;Disminuir por52.3%	; --%	;1582	;Disminuir por40.3%	; --%	;11	;Disminuir por91.5%	; --%	;14	;Disminuir por86.0%	; --%	;
92	;(Lunes)2026/03/02	;60	;Disminuir por48.3%	; --%	;60	;Disminuir por30.2%	; --%	;217	;Disminuir por11.4%	; --%	;124	;Aumentar por40.9%	; --%	;1089	;Disminuir por63.0%	; --%	;1396	;Disminuir por54.7%	; --%	;57	;Disminuir por59.3%	; --%	;68	;Disminuir por46.5%	; --%	;
93	;(Martes)2026/03/03	;21	;Disminuir por83.2%	; --%	;25	;Disminuir por72.5%	; --%	;136	;Disminuir por23.2%	; --%	;64	;Disminuir por1.5%	; --%	;466	;Disminuir por82.9%	; --%	;582	;Disminuir por81.7%	; --%	;50	;Aumentar por127.3%	; --%	;37	;Aumentar por105.6%	; --%	;
94	;(Miércoles)2026/03/04	;34	;Disminuir por74.6%	; --%	;48	;Disminuir por50.5%	; --%	;186	;Disminuir por60.7%	; --%	;106	;Disminuir por58.4%	; --%	;871	;Disminuir por67.4%	; --%	;1064	;Disminuir por63.1%	; --%	;57	;Disminuir por91.7%	; --%	;68	;Disminuir por90.0%	; --%	;
95	;(Jueves)2026/03/05	;64	;Disminuir por46.7%	; --%	;74	;Disminuir por23.7%	; --%	;253	;Disminuir por12.8%	; --%	;158	;Aumentar por1.3%	; --%	;954	;Disminuir por59.5%	; --%	;1186	;Disminuir por53.0%	; --%	;91	;Disminuir por79.5%	; --%	;111	;Disminuir por72.9%	; --%	;
96	;(Viernes)2026/03/06	;88	;Disminuir por24.8%	; --%	;96	;Aumentar por17.1%	; --%	;293	;Disminuir por6.4%	; --%	;166	;Aumentar por16.9%	; --%	;1005	;Disminuir por57.1%	; --%	;1148	;Disminuir por56.1%	; --%	;67	;Disminuir por41.2%	; --%	;88	;Disminuir por17.8%	; --%	;
97	;(Sábado)2026/03/07	;46	;Disminuir por61.3%	; --%	;49	;Disminuir por41.0%	; --%	;117	;Disminuir por68.5%	; --%	;66	;Disminuir por62.1%	; --%	;1069	;Disminuir por62.1%	; --%	;1204	;Disminuir por60.4%	; --%	;18	;Disminuir por81.1%	; --%	;19	;Disminuir por76.3%	; --%	;
98	;(Domingo)2026/03/08	;45	;Disminuir por61.5%	; --%	;37	;Disminuir por53.8%	; --%	;88	;Disminuir por74.7%	; --%	;55	;Disminuir por59.0%	; --%	;1098	;Disminuir por60.2%	; --%	;1341	;Disminuir por52.0%	; --%	;12	;Disminuir por93.1%	; --%	;10	;Disminuir por93.4%	; --%	;
99	;(Lunes)2026/03/09	;60	;Disminuir por43.4%	; --%	;66	;Disminuir por19.5%	; --%	;231	;Disminuir por0.9%	; --%	;125	;Aumentar por31.6%	; --%	;1105	;Disminuir por63.3%	; --%	;1460	;Disminuir por55.9%	; --%	;45	;Disminuir por75.4%	; --%	;36	;Disminuir por78.7%	; --%	;
100	;(Martes)2026/03/10	;57	;Disminuir por55.1%	; --%	;57	;Disminuir por34.5%	; --%	;234	;Aumentar por36.8%	; --%	;113	;Aumentar por73.8%	; --%	;1037	;Disminuir por57.8%	; --%	;1305	;Disminuir por56.1%	; --%	;64	;Aumentar por113.3%	; --%	;51	;Aumentar por18.6%	; --%	;
101	;(Miércoles)2026/03/11	;50	;Disminuir por59.3%	; --%	;56	;Disminuir por33.3%	; --%	;250	;Disminuir por27.7%	; --%	;145	;Aumentar por4.3%	; --%	;1071	;Disminuir por58.0%	; --%	;1407	;Disminuir por48.9%	; --%	;58	;Disminuir por27.5%	; --%	;43	;Disminuir por44.9%	; --%	;
102	;(Jueves)2026/03/12	;49	;Disminuir por61.1%	; --%	;50	;Disminuir por38.3%	; --%	;283	;Disminuir por58.6%	; --%	;170	;Disminuir por64.8%	; --%	;1140	;Disminuir por51.6%	; --%	;1527	;Disminuir por41.4%	; --%	;67	;Disminuir por75.5%	; --%	;57	;Disminuir por77.7%	; --%	;
103	;(Viernes)2026/03/13	;63	;Disminuir por49.2%	; --%	;51	;Disminuir por40.0%	; --%	;276	;Disminuir por12.7%	; --%	;129	;Disminuir por5.8%	; --%	;1197	;Disminuir por50.3%	; --%	;1552	;Disminuir por41.3%	; --%	;83	;Disminuir por28.4%	; --%	;82	;Disminuir por28.7%	; --%	;
104	;(Sábado)2026/03/14	;72	;Disminuir por33.9%	; --%	;52	;Disminuir por31.6%	; --%	;132	;Disminuir por64.2%	; --%	;69	;Disminuir por58.4%	; --%	;1351	;Disminuir por44.2%	; --%	;1688	;Disminuir por34.6%	; --%	;25	;Disminuir por71.3%	; --%	;16	;Disminuir por81.6%	; --%	;
105	;(Domingo)2026/03/15	;61	;Disminuir por53.8%	; --%	;52	;Disminuir por39.5%	; --%	;77	;Disminuir por80.1%	; --%	;49	;Disminuir por74.1%	; --%	;1184	;Disminuir por53.9%	; --%	;1525	;Disminuir por45.4%	; --%	;11	;Disminuir por97.0%	; --%	;10	;Disminuir por97.1%	; --%	;
106	;(Lunes)2026/03/16	;83	;Disminuir por25.2%	; --%	;85	;Aumentar por7.6%	; --%	;274	;Aumentar por22.9%	; --%	;124	;Aumentar por51.2%	; --%	;1214	;Disminuir por59.1%	; --%	;1560	;Disminuir por47.8%	; --%	;54	;Aumentar por1.9%	; --%	;42	;Disminuir por23.6%	; --%	;
107	;(Martes)2026/03/17	;78	;Disminuir por33.9%	; --%	;67	;Disminuir por21.2%	; --%	;244	;Aumentar por23.9%	; --%	;116	;Aumentar por63.4%	; --%	;1156	;Disminuir por60.8%	; --%	;1484	;Disminuir por49.6%	; --%	;68	;Aumentar por134.5%	; --%	;77	;Aumentar por208.0%	; --%	;
108	;(Miércoles)2026/03/18	;73	;Disminuir por33.0%	; --%	;70	;Disminuir por20.5%	; --%	;295	;Disminuir por30.1%	; --%	;111	;Disminuir por43.1%	; --%	;1371	;Disminuir por52.0%	; --%	;1648	;Disminuir por54.6%	; --%	;75	;Disminuir por86.7%	; --%	;59	;Disminuir por89.5%	; --%	;
109	;(Jueves)2026/03/19	;67	;Disminuir por46.8%	; --%	;73	;Disminuir por14.1%	; --%	;143	;Disminuir por53.7%	; --%	;64	;Disminuir por50.0%	; --%	;1213	;Disminuir por51.9%	; --%	;1557	;Disminuir por43.8%	; --%	;26	;Disminuir por85.6%	; --%	;28	;Disminuir por85.2%	; --%	;
110	;(Viernes)2026/03/20	;75	;Disminuir por31.8%	; --%	;76	;Disminuir por20.0%	; --%	;238	;Disminuir por64.9%	; --%	;137	;Disminuir por68.9%	; --%	;1394	;Disminuir por51.7%	; --%	;1773	;Disminuir por43.6%	; --%	;190	;Aumentar por102.1%	; --%	;189	;Aumentar por101.1%	; --%	;
111	;(Sábado)2026/03/21	;54	;Disminuir por49.5%	; --%	;58	;Disminuir por34.8%	; --%	;147	;Disminuir por57.0%	; --%	;79	;Disminuir por42.3%	; --%	;1482	;Disminuir por46.7%	; --%	;1963	;Disminuir por38.3%	; --%	;17	;Disminuir por80.5%	; --%	;19	;Disminuir por77.9%	; --%	;
112	;(Domingo)2026/03/22	;44	;Disminuir por60.0%	; --%	;37	;Disminuir por54.9%	; --%	;76	;Disminuir por78.4%	; --%	;44	;Disminuir por69.0%	; --%	;1237	;Disminuir por52.9%	; --%	;1707	;Disminuir por43.3%	; --%	;8	;Disminuir por92.2%	; --%	;8	;Disminuir por91.7%	; --%	;
113	;(Lunes)2026/03/23	;62	;Disminuir por39.2%	; --%	;54	;Disminuir por28.0%	; --%	;281	;Aumentar por27.1%	; --%	;152	;Aumentar por60.0%	; --%	;1243	;Disminuir por58.7%	; --%	;1598	;Disminuir por49.7%	; --%	;68	;Disminuir por4.2%	; --%	;66	;Aumentar por8.2%	; --%	;
114	;(Martes)2026/03/24	;74	;Disminuir por35.1%	; --%	;70	;Disminuir por20.5%	; --%	;257	;Aumentar por36.7%	; --%	;147	;Aumentar por107.0%	; --%	;1234	;Disminuir por55.6%	; --%	;1590	;Disminuir por49.0%	; --%	;76	;Aumentar por130.3%	; --%	;74	;Aumentar por111.4%	; --%	;
115	;(Miércoles)2026/03/25	;33	;Disminuir por70.3%	; --%	;29	;Disminuir por65.5%	; --%	;111	;Disminuir por71.5%	; --%	;54	;Disminuir por66.9%	; --%	;644	;Disminuir por77.1%	; --%	;912	;Disminuir por71.7%	; --%	;49	;Disminuir por85.1%	; --%	;50	;Disminuir por84.6%	; --%	;
116	;(Jueves)2026/03/26	;56	;Disminuir por48.1%	; --%	;55	;Disminuir por36.8%	; --%	;284	;Disminuir por16.7%	; --%	;142	;Aumentar por7.6%	; --%	;1262	;Disminuir por53.1%	; --%	;1683	;Disminuir por41.2%	; --%	;67	;Disminuir por87.8%	; --%	;72	;Disminuir por87.0%	; --%	;
117	;(Viernes)2026/03/27	;68	;Disminuir por41.9%	; --%	;66	;Disminuir por15.4%	; --%	;334	;Aumentar por7.1%	; --%	;158	;Aumentar por21.5%	; --%	;1429	;Disminuir por45.8%	; --%	;1733	;Disminuir por42.5%	; --%	;94	;Disminuir por88.2%	; --%	;76	;Disminuir por90.3%	; --%	;
118	;(Sábado)2026/03/28	;66	;Disminuir por39.4%	; --%	;50	;Disminuir por38.3%	; --%	;170	;Disminuir por77.9%	; --%	;50	;Disminuir por91.8%	; --%	;1783	;Disminuir por38.7%	; --%	;1888	;Disminuir por38.2%	; --%	;28	;Disminuir por85.3%	; --%	;37	;Disminuir por81.5%	; --%	;
119	;(Domingo)2026/03/29	;66	;Disminuir por44.5%	; --%	;49	;Disminuir por42.4%	; --%	;100	;Disminuir por83.1%	; --%	;49	;Disminuir por89.3%	; --%	;1686	;Disminuir por44.8%	; --%	;1976	;Disminuir por38.2%	; --%	;23	;Disminuir por89.3%	; --%	;11	;Disminuir por94.6%	; --%	;
120	;(Lunes)2026/03/30	;66	;Disminuir por32.7%	; --%	;57	;Disminuir por27.8%	; --%	;494	;Aumentar por114.8%	; --%	;298	;Aumentar por297.3%	; --%	;1831	;Disminuir por38.4%	; --%	;2098	;Disminuir por35.4%	; --%	;55	;Disminuir por20.3%	; --%	;49	;Disminuir por18.3%	; --%	;
121	;(Martes)2026/03/31	;55	;Disminuir por52.6%	; --%	;49	;Disminuir por42.4%	; --%	;478	;Aumentar por186.2%	; --%	;298	;Aumentar por331.9%	; --%	;1728	;Disminuir por32.5%	; --%	;1994	;Disminuir por34.1%	; --%	;91	;Aumentar por160.0%	; --%	;71	;Aumentar por144.8%	; --%	;
122	;(Miércoles)2026/04/01	;64	;Disminuir por66.5%	; --%	;57	;Disminuir por63.7%	; --%	;332	;Disminuir por37.4%	; --%	;139	;Disminuir por58.1%	; --%	;1980	;Disminuir por28.8%	; --%	;2233	;Disminuir por26.0%	; --%	;84	;Aumentar por3.7%	; --%	;78	;Disminuir por6.0%	; --%	;
123	;(Jueves)2026/04/02	;90	;Disminuir por14.3%	; --%	;64	;Disminuir por25.6%	; --%	;367	;Aumentar por14.3%	; --%	;177	;Aumentar por37.2%	; --%	;2568	;Disminuir por5.7%	; --%	;2690	;Disminuir por7.9%	; --%	;112	;Disminuir por34.5%	; --%	;90	;Disminuir por48.3%	; --%	;
124	;(Viernes)2026/04/03	;101	;Disminuir por1.9%	; --%	;81	;Disminuir por2.4%	; --%	;211	;Disminuir por33.0%	; --%	;86	;Disminuir por33.3%	; --%	;2933	;Aumentar por8.3%	; --%	;3112	;Aumentar por5.0%	; --%	;76	;Disminuir por62.9%	; --%	;71	;Disminuir por64.1%	; --%	;
125	;(Sábado)2026/04/04	;96	;Disminuir por11.9%	; --%	;77	;Disminuir por18.9%	; --%	;246	;Disminuir por16.6%	; --%	;100	;Disminuir por20.6%	; --%	;2845	;Aumentar por6.4%	; --%	;3170	;Aumentar por6.1%	; --%	;57	;Disminuir por35.2%	; --%	;55	;Disminuir por36.0%	; --%	;
126	;(Domingo)2026/04/05	;87	;Disminuir por21.6%	; --%	;61	;Disminuir por33.0%	; --%	;196	;Disminuir por42.5%	; --%	;90	;Disminuir por45.5%	; --%	;2598	;Aumentar por1.8%	; --%	;3064	;Aumentar por10.2%	; --%	;30	;Disminuir por95.0%	; --%	;32	;Disminuir por94.6%	; --%	;
127	;(Lunes)2026/04/06	;65	;Disminuir por36.9%	; --%	;50	;Disminuir por35.9%	; --%	;175	;Disminuir por28.3%	; --%	;75	;Disminuir por11.8%	; --%	;1878	;Disminuir por32.9%	; --%	;2455	;Disminuir por21.3%	; --%	;26	;Disminuir por72.0%	; --%	;28	;Disminuir por65.4%	; --%	;
128	;(Martes)2026/04/07	;52	;Disminuir por51.4%	; --%	;49	;Disminuir por41.0%	; --%	;264	;Aumentar por51.7%	; --%	;123	;Aumentar por70.8%	; --%	;1421	;Disminuir por43.1%	; --%	;1647	;Disminuir por38.5%	; --%	;73	;Aumentar por87.2%	; --%	;59	;Aumentar por15.7%	; --%	;
129	;(Miércoles)2026/04/08	;54	;Disminuir por40.7%	; --%	;50	;Disminuir por39.0%	; --%	;266	;Disminuir por13.4%	; --%	;117	;Disminuir por8.6%	; --%	;1389	;Disminuir por47.3%	; --%	;1623	;Disminuir por42.9%	; --%	;57	;Disminuir por21.9%	; --%	;45	;Disminuir por33.8%	; --%	;
130	;(Jueves)2026/04/09	;51	;Disminuir por51.0%	; --%	;47	;Disminuir por44.0%	; --%	;287	;Disminuir por7.1%	; --%	;136	;Aumentar por28.3%	; --%	;1394	;Disminuir por42.2%	; --%	;1629	;Disminuir por38.8%	; --%	;67	;Disminuir por68.7%	; --%	;59	;Disminuir por72.8%	; --%	;
131	;(Viernes)2026/04/10	;50	;Disminuir por46.2%	; --%	;52	;Disminuir por33.3%	; --%	;289	;Disminuir por1.7%	; --%	;123	;Aumentar por7.0%	; --%	;1561	;Disminuir por39.2%	; --%	;1714	;Disminuir por40.3%	; --%	;82	;Disminuir por9.9%	; --%	;67	;Disminuir por25.6%	; --%	;
132	;(Sábado)2026/04/11	;58	;Disminuir por47.3%	; --%	;43	;Disminuir por53.3%	; --%	;187	;Disminuir por50.0%	; --%	;86	;Disminuir por54.0%	; --%	;1754	;Disminuir por28.4%	; --%	;1845	;Disminuir por31.2%	; --%	;26	;Disminuir por97.8%	; --%	;28	;Disminuir por97.6%	; --%	;
133	;(Domingo)2026/04/12	;44	;Disminuir por55.1%	; --%	;42	;Disminuir por49.4%	; --%	;99	;Disminuir por67.3%	; --%	;53	;Disminuir por57.3%	; --%	;1349	;Disminuir por46.7%	; --%	;1722	;Disminuir por37.7%	; --%	;16	;Disminuir por84.9%	; --%	;19	;Disminuir por82.4%	; --%	;
134	;(Lunes)2026/04/13	;61	;Disminuir por37.1%	; --%	;52	;Disminuir por32.5%	; --%	;263	;Aumentar por14.8%	; --%	;124	;Aumentar por30.5%	; --%	;1262	;Disminuir por53.9%	; --%	;1662	;Disminuir por41.6%	; --%	;46	;Disminuir por60.7%	; --%	;47	;Disminuir por57.7%	; --%	;
135	;(Martes)2026/04/14	;60	;Disminuir por36.2%	; --%	;61	;Disminuir por22.8%	; --%	;290	;Aumentar por44.3%	; --%	;126	;Aumentar por63.6%	; --%	;1266	;Disminuir por45.7%	; --%	;1670	;Disminuir por37.6%	; --%	;74	;Aumentar por124.2%	; --%	;63	;Aumentar por103.2%	; --%	;
136	;(Miércoles)2026/04/15	;66	;Disminuir por38.9%	; --%	;57	;Disminuir por31.3%	; --%	;249	;Disminuir por27.6%	; --%	;105	;Disminuir por6.3%	; --%	;1130	;Disminuir por52.5%	; --%	;1414	;Disminuir por45.7%	; --%	;40	;Disminuir por50.6%	; --%	;47	;Disminuir por25.4%	; --%	;
137	;(Jueves)2026/04/16	;66	;Disminuir por35.3%	; --%	;61	;Disminuir por21.8%	; --%	;371	;Aumentar por33.5%	; --%	;221	;Aumentar por67.4%	; --%	;1257	;Disminuir por41.5%	; --%	;1539	;Disminuir por32.0%	; --%	;58	;Disminuir por72.2%	; --%	;61	;Disminuir por68.7%	; --%	;
138	;(Viernes)2026/04/17	;63	;Disminuir por33.7%	; --%	;58	;Disminuir por29.3%	; --%	;323	;Aumentar por11.4%	; --%	;204	;Aumentar por78.9%	; --%	;1346	;Disminuir por32.4%	; --%	;1618	;Disminuir por27.2%	; --%	;80	;Aumentar por15.9%	; --%	;74	;Aumentar por23.3%	; --%	;
139	;(Sábado)2026/04/18	;52	;Disminuir por54.0%	; --%	;41	;Disminuir por58.6%	; --%	;148	;Disminuir por52.4%	; --%	;64	;Disminuir por51.1%	; --%	;1606	;Disminuir por33.2%	; --%	;1744	;Disminuir por32.2%	; --%	;22	;Disminuir por69.9%	; --%	;22	;Disminuir por68.6%	; --%	;
140	;(Domingo)2026/04/19	;49	;Disminuir por44.9%	; --%	;47	;Disminuir por53.0%	; --%	;108	;Disminuir por68.5%	; --%	;42	;Disminuir por71.0%	; --%	;1438	;Disminuir por42.0%	; --%	;1861	;Disminuir por31.6%	; --%	;21	;Disminuir por90.9%	; --%	;11	;Disminuir por95.9%	; --%	;
141	;(Lunes)2026/04/20	;55	;Disminuir por43.9%	; --%	;48	;Disminuir por47.3%	; --%	;300	;Aumentar por51.5%	; --%	;135	;Aumentar por95.7%	; --%	;1349	;Disminuir por45.5%	; --%	;1620	;Disminuir por36.1%	; --%	;50	;Aumentar por4.2%	; --%	;66	;Aumentar por29.4%	; --%	;
142	;(Martes)2026/04/21	;55	;Disminuir por47.6%	; --%	;60	;Disminuir por35.5%	; --%	;241	;Aumentar por53.5%	; --%	;96	;Aumentar por81.1%	; --%	;1291	;Disminuir por41.2%	; --%	;1506	;Disminuir por36.6%	; --%	;69	;Aumentar por97.1%	; --%	;82	;Aumentar por36.7%	; --%	;
143	;(Miércoles)2026/04/22	;63	;Disminuir por30.8%	; --%	;57	;Disminuir por41.2%	; --%	;230	;Disminuir por18.1%	; --%	;101	;Disminuir por17.2%	; --%	;1323	;Disminuir por34.3%	; --%	;1538	;Disminuir por28.3%	; --%	;62	;Disminuir por3.1%	; --%	;66	;Aumentar por32.0%	; --%	;
144	;(Jueves)2026/04/23	;64	;Disminuir por35.4%	;Aumentar por300.0%	;60	;Disminuir por36.8%	;Aumentar por275.0%	;297	;Aumentar por7.2%	;Aumentar por482.4%	;115	;Aumentar por10.6%	;Aumentar por259.4%	;1584	;Disminuir por19.2%	;Aumentar por207.0%	;1846	;Disminuir por11.5%	;Aumentar por195.8%	;83	;Sin cambios	;Aumentar por1085.7%	;75	;Disminuir por14.8%	;Aumentar por837.5%	;
145	;(Viernes)2026/04/24	;62	;Disminuir por34.7%	;Disminuir por6.1%	;57	;Disminuir por37.4%	;Disminuir por3.4%	;298	;Aumentar por4.6%	;Disminuir por75.7%	;128	;Aumentar por40.7%	;Disminuir por87.9%	;1876	;Disminuir por8.7%	;Aumentar por22.8%	;1995	;Aumentar por2.7%	;Aumentar por11.4%	;80	;Aumentar por63.3%	;Disminuir por9.1%	;70	;Aumentar por22.8%	;Aumentar por12.9%	;
146	;(Sábado)2026/04/25	;52	;Disminuir por44.7%	;Disminuir por10.3%	;42	;Disminuir por48.8%	;Disminuir por19.2%	;169	;Disminuir por70.8%	;Disminuir por45.8%	;58	;Disminuir por84.7%	;Disminuir por61.1%	;1968	;Disminuir por11.9%	;Aumentar por14.7%	;2191	;Disminuir por12.5%	;Aumentar por22.9%	;38	;Disminuir por34.5%	;Disminuir por57.3%	;34	;Disminuir por30.6%	;Disminuir por50.7%	;
147	;(Domingo)2026/04/26	;62	;Disminuir por39.2%	;Aumentar por31.9%	;48	;Disminuir por44.2%	;Aumentar por9.1%	;119	;Disminuir por60.3%	;Disminuir por64.4%	;58	;Disminuir por43.1%	;Disminuir por74.2%	;1902	;Disminuir por18.8%	;Aumentar por4.1%	;2349	;Disminuir por1.6%	;Aumentar por25.3%	;27	;Disminuir por76.3%	;Sin cambios	;34	;Disminuir por68.5%	;Aumentar por61.9%	;
148	;(Lunes)2026/04/27	;63	;Disminuir por40.6%	;Aumentar por6.8%	;62	;Disminuir por34.0%	;Aumentar por24.0%	;257	;Aumentar por16.8%	;Aumentar por108.9%	;90	;Aumentar por21.6%	;Aumentar por47.5%	;1484	;Disminuir por47.1%	;Disminuir por0.7%	;1714	;Disminuir por36.3%	;Disminuir por5.8%	;74	;Aumentar por85.0%	;Aumentar por428.6%	;64	;Aumentar por12.3%	;Aumentar por611.1%	;
149	;(Martes)2026/04/28	;46	;Disminuir por52.6%	;Aumentar por53.3%	;57	;Disminuir por32.9%	;Aumentar por159.1%	;250	;Aumentar por53.4%	;Disminuir por20.1%	;116	;Aumentar por70.6%	;Disminuir por49.1%	;1356	;Disminuir por32.9%	;Aumentar por163.8%	;1518	;Disminuir por45.4%	;Aumentar por181.6%	;74	;Aumentar por48.0%	;Aumentar por184.6%	;64	;Disminuir por5.9%	;Aumentar por236.8%	;
150	;(Miércoles)2026/04/29	;52	;Disminuir por42.9%	;Aumentar por62.5%	;59	;Disminuir por29.8%	;Aumentar por96.7%	;278	;Disminuir por6.4%	;Aumentar por124.2%	;124	;Aumentar por13.8%	;Aumentar por67.6%	;1443	;Disminuir por24.0%	;Aumentar por76.0%	;1673	;Disminuir por17.3%	;Aumentar por59.6%	;66	;Aumentar por15.8%	;Aumentar por65.0%	;52	;Disminuir por32.5%	;Aumentar por33.3%	;
151	;(Jueves)2026/04/30	;55	;Disminuir por54.9%	;Disminuir por21.4%	;57	;Disminuir por51.7%	;Sin cambios	;293	;Disminuir por14.3%	;Disminuir por11.5%	;126	;Disminuir por27.6%	;Disminuir por18.2%	;1735	;Disminuir por0.6%	;Aumentar por5.0%	;1770	;Disminuir por4.7%	;Disminuir por2.8%	;1004	;Aumentar por904.0%	;Aumentar por92.3%	;998	;Aumentar por832.7%	;Aumentar por93.4%	;
152	;(Viernes)2026/05/01	;41	;Disminuir por55.9%	;Disminuir por22.6%	;43	;Disminuir por52.2%	;Aumentar por10.3%	;158	;Disminuir por40.4%	;Disminuir por21.4%	;53	;Disminuir por55.5%	;Disminuir por36.1%	;2402	;Aumentar por43.2%	;Sin cambios	;2321	;Aumentar por29.8%	;Disminuir por0.9%	;43	;Disminuir por35.8%	;Aumentar por22.9%	;48	;Disminuir por37.7%	;Aumentar por54.8%	;
153	;(Sábado)2026/05/02	;55	;Disminuir por31.3%	;Aumentar por1.9%	;65	;Disminuir por5.8%	;Aumentar por18.2%	;209	;Disminuir por16.7%	;Disminuir por41.6%	;87	;Disminuir por6.5%	;Disminuir por46.0%	;2374	;Aumentar por31.8%	;Aumentar por2.5%	;2406	;Aumentar por24.4%	;Disminuir por4.7%	;68	;Disminuir por2.9%	;Disminuir por29.9%	;86	;Aumentar por11.7%	;Disminuir por3.4%	;
154	;(Domingo)2026/05/03	;54	;Disminuir por48.6%	;Aumentar por17.4%	;67	;Disminuir por31.6%	;Aumentar por34.0%	;128	;Disminuir por56.3%	;Disminuir por38.5%	;56	;Disminuir por55.9%	;Disminuir por28.2%	;1849	;Disminuir por4.8%	;Disminuir por20.3%	;2118	;Aumentar por4.5%	;Disminuir por12.5%	;43	;Disminuir por46.9%	;Aumentar por53.6%	;60	;Disminuir por40.6%	;Aumentar por130.8%	;
155	;(Lunes)2026/05/04	;54	;Disminuir por44.3%	;Aumentar por17.4%	;67	;Disminuir por26.4%	;Aumentar por21.8%	;285	;Aumentar por42.5%	;Aumentar por100.7%	;125	;Aumentar por54.3%	;Aumentar por62.3%	;1396	;Disminuir por40.4%	;Disminuir por24.1%	;1608	;Disminuir por33.0%	;Disminuir por28.8%	;69	;Aumentar por200.0%	;Aumentar por228.6%	;57	;Aumentar por90.0%	;Aumentar por137.5%	;
156	;(Martes)2026/05/05	;61	;Disminuir por40.2%	;Aumentar por27.1%	;61	;Disminuir por32.2%	;Aumentar por17.3%	;253	;Disminuir por46.6%	;Disminuir por13.1%	;130	;Disminuir por64.5%	;Aumentar por19.3%	;1327	;Disminuir por31.4%	;Disminuir por7.0%	;1447	;Disminuir por23.2%	;Disminuir por15.3%	;69	;Aumentar por115.6%	;Aumentar por11.3%	;67	;Aumentar por28.8%	;Aumentar por31.4%	;
157	;(Miércoles)2026/05/06	;65	;Aumentar por8.3%	;Aumentar por10.2%	;66	;Aumentar por13.8%	;Aumentar por4.8%	;236	;Disminuir por22.1%	;Disminuir por52.6%	;109	;Disminuir por22.1%	;Disminuir por69.2%	;1264	;Disminuir por32.3%	;Disminuir por2.5%	;1478	;Disminuir por28.9%	;Disminuir por2.4%	;63	;Disminuir por6.0%	;Disminuir por27.6%	;55	;Aumentar por17.0%	;Disminuir por23.6%	;
158	;(Jueves)2026/05/07	;63	;Aumentar por5.0%	;Aumentar por23.5%	;62	;Aumentar por6.9%	;Aumentar por17.0%	;427	;Aumentar por60.5%	;Aumentar por51.4%	;258	;Aumentar por148.1%	;Aumentar por118.6%	;1361	;Disminuir por18.7%	;Disminuir por2.6%	;1609	;Disminuir por14.4%	;Aumentar por1.6%	;69	;Disminuir por21.6%	;Disminuir por59.6%	;58	;Disminuir por22.7%	;Disminuir por62.6%	;
159	;(Viernes)2026/05/08	;56	;Aumentar por12.0%	;Aumentar por9.8%	;55	;Disminuir por3.5%	;Aumentar por5.8%	;287	;Aumentar por12.5%	;Disminuir por1.7%	;128	;Aumentar por8.5%	;Disminuir por10.5%	;1544	;Disminuir por4.5%	;Aumentar por10.0%	;1670	;Disminuir por7.7%	;Aumentar por11.0%	;66	;Aumentar por3.1%	;Disminuir por71.1%	;74	;Aumentar por100.0%	;Disminuir por67.5%	;
160	;(Sábado)2026/05/09	;40	;Disminuir por35.5%	;Disminuir por21.6%	;42	;Disminuir por39.1%	;Disminuir por22.2%	;176	;Disminuir por28.7%	;Disminuir por31.8%	;80	;Disminuir por30.4%	;Disminuir por24.5%	;1717	;Aumentar por6.3%	;Aumentar por12.7%	;1877	;Aumentar por5.8%	;Aumentar por23.3%	;32	;Disminuir por44.8%	;Disminuir por51.5%	;27	;Disminuir por52.6%	;Disminuir por57.1%	;
161	;(Domingo)2026/05/10	;59	;Sin cambios	;Aumentar por18.0%	;54	;Disminuir por6.9%	;Aumentar por5.9%	;113	;Disminuir por57.8%	;Disminuir por36.2%	;54	;Disminuir por56.1%	;Disminuir por21.7%	;1675	;Disminuir por3.7%	;Disminuir por9.1%	;2043	;Aumentar por10.9%	;Aumentar por35.5%	;19	;Disminuir por66.1%	;Disminuir por64.8%	;18	;Disminuir por69.0%	;Disminuir por72.7%	;
162	;(Lunes)2026/05/11	;60	;Aumentar por11.1%	;Aumentar por39.5%	;54	;Sin cambios	;Disminuir por3.6%	;259	;Aumentar por48.0%	;Aumentar por108.9%	;95	;Aumentar por55.7%	;Aumentar por106.5%	;1443	;Disminuir por31.2%	;Disminuir por10.5%	;1623	;Disminuir por22.5%	;Disminuir por3.0%	;99	;Aumentar por296.0%	;Aumentar por191.2%	;100	;Aumentar por316.7%	;Aumentar por222.6%	;
163	;(Martes)2026/05/12	;57	;Disminuir por1.7%	;Aumentar por3.6%	;56	;Disminuir por3.4%	;Aumentar por16.7%	;242	;Aumentar por103.4%	;Disminuir por20.1%	;95	;Aumentar por69.6%	;Disminuir por28.6%	;1312	;Disminuir por12.1%	;Disminuir por9.1%	;1497	;Disminuir por15.8%	;Disminuir por7.0%	;127	;Aumentar por535.0%	;Aumentar por135.2%	;127	;Aumentar por535.0%	;Aumentar por243.2%	;
164	;(Miércoles)2026/05/13	;51	; --%	;Disminuir por1.9%	;57	; --%	;Aumentar por1.8%	;259	; --%	;Disminuir por0.4%	;104	; --%	;Disminuir por16.8%	;1370	;Aumentar por9033.3%	;Aumentar por3.2%	;1548	;Aumentar por30860.0%	;Aumentar por6.2%	;133	; --%	;Aumentar por98.5%	;121	; --%	;Aumentar por95.2%	;
165	;(Jueves)2026/05/14	;58	; --%	;Aumentar por28.9%	;65	; --%	;Aumentar por22.6%	;315	; --%	;Aumentar por22.1%	;166	; --%	;Aumentar por32.8%	;1548	; --%	;Aumentar por12.7%	;1739	; --%	;Aumentar por16.3%	;117	; --%	;Aumentar por85.7%	;106	; --%	;Aumentar por125.5%	;
166	;(Viernes)2026/05/15	;58	; --%	;Aumentar por23.4%	;58	; --%	;Aumentar por18.4%	;329	; --%	;Aumentar por13.8%	;165	; --%	;Aumentar por3.8%	;1729	; --%	;Aumentar por12.9%	;1912	; --%	;Aumentar por17.4%	;330	; --%	;Aumentar por340.0%	;308	; --%	;Aumentar por404.9%	;
167	;(Sábado)2026/05/16	;49	; --%	;Disminuir por30.0%	;43	; --%	;Disminuir por24.6%	;242	; --%	;Disminuir por26.0%	;138	; --%	;Aumentar por10.4%	;2029	; --%	;Aumentar por19.2%	;2248	; --%	;Aumentar por25.5%	;30	; --%	;Disminuir por76.6%	;24	; --%	;Disminuir por81.4%	;
168	;(Domingo)2026/05/17	;53	; --%	;Aumentar por12.8%	;49	; --%	;Aumentar por2.1%	;138	; --%	;Disminuir por8.6%	;70	; --%	;Aumentar por29.6%	;1613	; --%	;Disminuir por20.1%	;2061	; --%	;Aumentar por2.0%	;20	; --%	;Disminuir por33.3%	;15	; --%	;Disminuir por40.0%	;
169	;(Lunes)2026/05/18	;70	; --%	;Aumentar por52.2%	;63	; --%	;Aumentar por43.2%	;297	; --%	;Aumentar por172.5%	;138	; --%	;Aumentar por146.4%	;1459	; --%	;Disminuir por17.8%	;1720	; --%	;Disminuir por19.6%	;112	; --%	;Aumentar por522.2%	;101	; --%	;Aumentar por431.6%	;
170	;(Martes)2026/05/19	;57	; --%	;Disminuir por3.4%	;59	; --%	;Aumentar por18.0%	;297	; --%	;Disminuir por3.9%	;128	; --%	;Aumentar por4.9%	;1352	; --%	;Disminuir por6.9%	;1584	; --%	;Disminuir por4.2%	;334	; --%	;Aumentar por610.6%	;341	; --%	;Aumentar por752.5%	;
171	;(Miércoles)2026/05/20	;64	;Aumentar por8.5%	;Aumentar por20.8%	;51	;Disminuir por10.5%	;Disminuir por3.8%	;275	;Disminuir por17.2%	;Disminuir por5.8%	;120	;Disminuir por36.2%	;Disminuir por4.0%	;1427	;Aumentar por8.2%	;Aumentar por7.3%	;1637	;Aumentar por5.1%	;Aumentar por10.1%	;102	;Aumentar por15.9%	;Disminuir por40.0%	;97	;Aumentar por21.3%	;Disminuir por37.4%	;
172	;(Jueves)2026/05/21	;65	;Aumentar por41.3%	;Disminuir por8.5%	;60	;Aumentar por27.7%	;Disminuir por1.6%	;262	;Aumentar por27.8%	;Disminuir por12.7%	;105	;Aumentar por18.0%	;Disminuir por23.4%	;1422	;Aumentar por9.8%	;Aumentar por4.7%	;1687	;Aumentar por31.6%	;Aumentar por12.4%	;220	;Aumentar por378.3%	;Aumentar por209.9%	;211	;Aumentar por539.4%	;Aumentar por263.8%	;
173	;(Viernes)2026/05/22	;68	;Aumentar por30.8%	;Aumentar por17.2%	;60	;Aumentar por25.0%	;Aumentar por22.4%	;292	;Aumentar por29.8%	;Disminuir por50.8%	;134	;Aumentar por47.3%	;Disminuir por70.5%	;1649	;Aumentar por23.2%	;Aumentar por17.6%	;1807	;Aumentar por35.6%	;Aumentar por12.5%	;160	;Aumentar por171.2%	;Aumentar por162.3%	;157	;Aumentar por234.0%	;Aumentar por207.8%	;
174	;(Sábado)2026/05/23	;53	;Disminuir por5.4%	;Disminuir por7.0%	;46	;Disminuir por9.8%	;Disminuir por11.5%	;164	;Aumentar por15.5%	;Disminuir por44.6%	;67	;Aumentar por6.3%	;Disminuir por45.1%	;1996	;Aumentar por46.9%	;Aumentar por20.0%	;2241	;Aumentar por88.8%	;Aumentar por23.7%	;18	;Disminuir por5.3%	;Disminuir por77.8%	;27	;Aumentar por8.0%	;Disminuir por56.5%	;
175	;(Domingo)2026/05/24	;53	;Sin cambios	;Sin cambios	;45	;Disminuir por34.8%	;Aumentar por7.1%	;125	;Disminuir por44.7%	;Disminuir por27.7%	;52	;Disminuir por45.3%	;Disminuir por35.0%	;2061	;Aumentar por34.6%	;Aumentar por6.2%	;2506	;Aumentar por68.6%	;Aumentar por31.1%	;12	;Disminuir por97.5%	;Disminuir por66.7%	;24	;Disminuir por94.8%	;Disminuir por4.0%	;
176	;(Lunes)2026/05/25	;56	;Aumentar por166.7%	;Aumentar por30.2%	;63	;Aumentar por215.0%	;Aumentar por80.0%	;295	;Aumentar por400.0%	;Aumentar por168.2%	;145	;Aumentar por705.6%	;Aumentar por173.6%	;1711	;Aumentar por175.1%	;Aumentar por4.7%	;1994	;Aumentar por279.8%	;Disminuir por1.4%	;78	;Aumentar por680.0%	;Aumentar por387.5%	;113	;Aumentar por413.6%	;Aumentar por606.3%	;
177	;(Martes)2026/05/26	;378	; --%	;Aumentar por740.0%	;384	; --%	;Aumentar por683.7%	;273	; --%	;Disminuir por5.2%	;106	; --%	;Disminuir por10.9%	;1424	; --%	;Disminuir por6.9%	;1707	; --%	;Disminuir por3.6%	;75	; --%	;Aumentar por56.3%	;76	; --%	;Aumentar por90.0%	;
178	;(Miércoles)2026/05/27	;64	; --%	;Aumentar por33.3%	;52	; --%	;Disminuir por7.1%	;280	; --%	;Aumentar por0.7%	;103	; --%	;Disminuir por24.8%	;1511	; --%	;Aumentar por5.7%	;1825	; --%	;Aumentar por14.4%	;87	; --%	;Disminuir por59.5%	;77	; --%	;Disminuir por60.7%	;
179	;(Jueves)2026/05/28	;62	; --%	;Aumentar por21.6%	;70	; --%	;Aumentar por22.8%	;261	; --%	;Disminuir por10.0%	;101	; --%	;Disminuir por11.4%	;1604	; --%	;Aumentar por8.2%	;1877	; --%	;Aumentar por14.5%	;225	; --%	;Aumentar por287.9%	;207	; --%	;Aumentar por360.0%	;
180	;(Viernes)2026/05/29	;67	; --%	;Aumentar por15.5%	;67	; --%	;Aumentar por26.4%	;306	; --%	;Disminuir por3.2%	;107	; --%	;Disminuir por17.7%	;1943	; --%	;Aumentar por10.6%	;2014	; --%	;Aumentar por3.7%	;262	; --%	;Aumentar por263.9%	;270	; --%	;Aumentar por365.5%	;
181	;(Sábado)2026/05/30	;54	;Aumentar por42.1%	;Disminuir por1.8%	;58	;Aumentar por70.6%	;Aumentar por7.4%	;161	;Aumentar por20.1%	;Disminuir por70.7%	;55	;Disminuir por24.7%	;Disminuir por85.1%	;2283	;Aumentar por139.6%	;Aumentar por15.7%	;2506	;Aumentar por123.0%	;Aumentar por27.3%	;21	;Aumentar por5.0%	;Disminuir por68.7%	;39	;Aumentar por105.3%	;Disminuir por42.6%	;
182	;(Domingo)2026/05/31	;58	;Aumentar por1.8%	;Disminuir por1.7%	;51	;Disminuir por5.6%	;Aumentar por2.0%	;136	;Disminuir por43.6%	;Disminuir por39.0%	;63	;Disminuir por43.2%	;Disminuir por32.3%	;2074	;Aumentar por52.1%	;Disminuir por13.6%	;2650	;Aumentar por77.0%	;Aumentar por13.1%	;15	;Disminuir por74.1%	;Disminuir por37.5%	;53	;Disminuir por7.0%	;Aumentar por71.0%	;
183	;(Lunes)2026/06/01	;56	;Aumentar por19.1%	;Disminuir por8.2%	;57	;Aumentar por26.7%	;Aumentar por11.8%	;287	;Aumentar por77.2%	;Aumentar por77.2%	;89	;Aumentar por41.3%	;Aumentar por36.9%	;1721	;Disminuir por2.7%	;Disminuir por22.2%	;1893	;Aumentar por0.7%	;Disminuir por27.2%	;43	;Aumentar por115.0%	;Aumentar por79.2%	;47	;Aumentar por235.7%	;Aumentar por11.9%	;
184	;(Martes)2026/06/02	;53	;Aumentar por8.2%	;Aumentar por10.4%	;50	;Aumentar por28.2%	;Aumentar por28.2%	;310	;Aumentar por165.0%	;Aumentar por3.3%	;129	;Aumentar por118.6%	;Disminuir por6.5%	;1430	;Aumentar por3.0%	;Aumentar por0.4%	;1643	;Disminuir por13.7%	;Aumentar por3.9%	;97	;Aumentar por162.2%	;Disminuir por72.3%	;95	;Aumentar por196.9%	;Disminuir por73.2%	;
185	;(Miércoles)2026/06/03	;59	;Disminuir por1.7%	;Aumentar por18.0%	;66	;Aumentar por32.0%	;Aumentar por37.5%	;275	;Aumentar por8.7%	;Disminuir por13.2%	;88	;Disminuir por20.7%	;Disminuir por26.1%	;1579	;Aumentar por25.1%	;Aumentar por6.4%	;1858	;Aumentar por26.9%	;Aumentar por13.2%	;55	;Aumentar por3.8%	;Disminuir por1.8%	;62	;Aumentar por67.6%	;Aumentar por17.0%	;
186	;(Jueves)2026/06/04	;54	;Disminuir por5.3%	;Aumentar por10.2%	;62	;Aumentar por37.8%	;Aumentar por21.6%	;282	;Aumentar por23.1%	;Disminuir por6.3%	;113	;Disminuir por3.4%	;Aumentar por7.6%	;1634	;Aumentar por41.3%	;Disminuir por0.5%	;1795	;Aumentar por28.1%	;Aumentar por2.3%	;69	;Disminuir por9.2%	;Disminuir por41.0%	;71	;Aumentar por10.9%	;Disminuir por38.3%	;
187	;(Viernes)2026/06/05	;64	;Aumentar por42.2%	;Aumentar por28.0%	;78	;Aumentar por69.6%	;Aumentar por34.5%	;477	;Aumentar por116.8%	;Aumentar por36.3%	;276	;Aumentar por206.7%	;Aumentar por109.1%	;2220	;Aumentar por99.3%	;Aumentar por45.7%	;2284	;Aumentar por75.2%	;Aumentar por35.5%	;172	;Aumentar por341.0%	;Aumentar por160.6%	;208	;Aumentar por447.4%	;Aumentar por215.2%	;
188	;(Sábado)2026/06/06	;61	;Aumentar por8.9%	;Aumentar por24.5%	;119	;Aumentar por158.7%	;Aumentar por133.3%	;199	;Disminuir por6.6%	;Disminuir por42.0%	;66	;Disminuir por30.5%	;Disminuir por52.2%	;2507	;Aumentar por109.4%	;Aumentar por24.7%	;2463	;Aumentar por77.4%	;Aumentar por23.2%	;40	;Aumentar por5.3%	;Disminuir por87.2%	;112	;Aumentar por194.7%	;Disminuir por65.3%	;
189	;(Domingo)2026/06/07	;52	;Disminuir por16.1%	;Aumentar por4.0%	;117	;Aumentar por160.0%	;Aumentar por36.0%	;131	;Disminuir por37.3%	;Disminuir por41.5%	;50	;Disminuir por51.9%	;Disminuir por41.9%	;2113	;Aumentar por51.4%	;Disminuir por25.0%	;2437	;Aumentar por69.6%	;Disminuir por7.2%	;35	;Disminuir por50.0%	;Aumentar por6.1%	;143	;Aumentar por107.2%	;Aumentar por110.3%	;
190	;(Lunes)2026/06/08	;74	;Aumentar por54.2%	;Aumentar por72.1%	;91	;Aumentar por145.9%	;Disminuir por24.2%	;444	;Aumentar por200.0%	;Aumentar por165.9%	;259	;Aumentar por254.8%	;Aumentar por236.4%	;1894	;Aumentar por27.2%	;Disminuir por18.7%	;1961	;Aumentar por23.5%	;Disminuir por23.4%	;55	;Aumentar por189.5%	;Aumentar por175.0%	;112	;Aumentar por558.8%	;Aumentar por23.1%	;
191	;(Martes)2026/06/09	;56	;Aumentar por33.3%	;Disminuir por5.1%	;63	;Aumentar por61.5%	;Disminuir por3.1%	;274	;Aumentar por163.5%	;Disminuir por20.1%	;97	;Aumentar por67.2%	;Disminuir por38.6%	;1589	;Aumentar por26.6%	;Disminuir por20.7%	;1819	;Aumentar por20.3%	;Disminuir por15.6%	;283	;Aumentar por1247.6%	;Disminuir por0.7%	;289	;Aumentar por2123.1%	;Aumentar por2.5%	;
192	;(Miércoles)2026/06/10	;65	;Aumentar por18.2%	;Aumentar por3.2%	;64	;Aumentar por20.8%	;Disminuir por15.8%	;281	;Aumentar por31.9%	;Disminuir por6.6%	;112	;Disminuir por1.8%	;Disminuir por10.4%	;1623	;Aumentar por46.1%	;Disminuir por1.0%	;1860	;Aumentar por37.0%	;Aumentar por6.7%	;58	;Aumentar por45.0%	;Disminuir por71.3%	;53	;Aumentar por130.4%	;Disminuir por72.1%	;
193	;(Jueves)2026/06/11	;61	;Aumentar por24.5%	;Aumentar por38.6%	;79	;Aumentar por68.1%	;Aumentar por61.2%	;312	;Aumentar por50.0%	;Aumentar por3.3%	;109	;Aumentar por2.8%	;Disminuir por14.8%	;1993	;Aumentar por95.8%	;Aumentar por15.0%	;2157	;Aumentar por78.1%	;Aumentar por11.8%	;73	;Aumentar por58.7%	;Aumentar por23.7%	;100	;Aumentar por138.1%	;Aumentar por61.3%	;
194	;(Viernes)2026/06/12	;88	;Aumentar por83.3%	;Aumentar por72.5%	;97	;Aumentar por110.9%	;Aumentar por110.9%	;359	;Aumentar por83.2%	;Aumentar por6.2%	;163	;Aumentar por69.8%	;Aumentar por4.5%	;1969	;Aumentar por95.1%	;Aumentar por10.1%	;2039	;Aumentar por68.5%	;Aumentar por10.5%	;161	;Aumentar por347.2%	;Aumentar por101.3%	;163	;Aumentar por279.1%	;Aumentar por171.7%	;
195	;(Sábado)2026/06/13	;72	;Aumentar por53.2%	;Aumentar por53.2%	;59	;Aumentar por28.3%	;Aumentar por13.5%	;210	;Disminuir por6.3%	;Disminuir por48.1%	;78	;Disminuir por15.2%	;Disminuir por56.4%	;2574	;Aumentar por144.9%	;Aumentar por28.3%	;2722	;Aumentar por127.0%	;Aumentar por47.5%	;31	;Disminuir por27.9%	;Disminuir por95.2%	;25	;Disminuir por3.8%	;Disminuir por96.0%	;
196	;(Domingo)2026/06/14	;71	;Aumentar por44.9%	;Aumentar por22.4%	;54	;Aumentar por8.0%	;Aumentar por1.9%	;115	;Disminuir por49.8%	;Disminuir por40.4%	;36	;Disminuir por57.6%	;Disminuir por55.0%	;2203	;Aumentar por54.6%	;Disminuir por6.3%	;2682	;Aumentar por95.1%	;Aumentar por29.1%	;14	;Disminuir por91.1%	;Disminuir por54.8%	;21	;Disminuir por86.9%	;Disminuir por58.0%	;
197	;(Lunes)2026/06/15	;73	;Aumentar por87.2%	;Aumentar por25.9%	;54	;Aumentar por45.9%	;Disminuir por14.3%	;299	;Aumentar por147.1%	;Aumentar por130.0%	;101	;Aumentar por77.2%	;Aumentar por68.3%	;1775	;Aumentar por19.2%	;Disminuir por13.8%	;2084	;Aumentar por30.9%	;Disminuir por1.0%	;49	;Aumentar por226.7%	;Aumentar por96.0%	;51	;Aumentar por537.5%	;Aumentar por41.7%	;
198	;(Martes)2026/06/16	;84	;Aumentar por110.0%	;Aumentar por42.4%	;87	;Aumentar por148.6%	;Aumentar por64.2%	;785	;Aumentar por726.3%	;Aumentar por154.9%	;604	;Aumentar por1018.5%	;Aumentar por364.6%	;1601	;Aumentar por49.9%	;Disminuir por15.0%	;1769	;Aumentar por32.5%	;Disminuir por11.7%	;138	;Aumentar por1154.5%	;Aumentar por142.1%	;175	;Aumentar por2087.5%	;Aumentar por236.5%	;
199	;(Miércoles)2026/06/17	;77	;Aumentar por42.6%	;Aumentar por28.3%	;82	;Aumentar por90.7%	;Aumentar por57.7%	;295	;Aumentar por59.5%	;Disminuir por26.6%	;100	;Aumentar por8.7%	;Disminuir por60.3%	;1638	;Aumentar por53.1%	;Disminuir por8.9%	;1836	;Aumentar por46.3%	;Disminuir por1.1%	;108	;Aumentar por350.0%	;Aumentar por17.4%	;147	;Aumentar por568.2%	;Aumentar por70.9%	;
200	;(Jueves)2026/06/18	;69	;Aumentar por56.8%	;Disminuir por2.8%	;77	;Aumentar por87.8%	;Aumentar por26.2%	;297	;Aumentar por63.2%	;Aumentar por0.3%	;120	;Aumentar por29.0%	;Sin cambios	;1837	;Aumentar por100.1%	;Aumentar por6.4%	;1979	;Aumentar por87.2%	;Aumentar por6.3%	;432	;Aumentar por1067.6%	;Aumentar por657.9%	;460	;Aumentar por1486.2%	;Aumentar por693.1%	;
201	;(Viernes)2026/06/19	;72	;Aumentar por60.0%	;Aumentar por12.5%	;68	;Aumentar por54.5%	;Aumentar por36.0%	;330	;Aumentar por110.2%	;Aumentar por5.4%	;138	;Aumentar por45.3%	;Aumentar por0.7%	;2112	;Aumentar por162.4%	;Aumentar por13.5%	;2105	;Aumentar por111.3%	;Aumentar por7.8%	;577	;Aumentar por1548.6%	;Aumentar por321.2%	;607	;Aumentar por1634.3%	;Aumentar por405.8%	;
202	;(Sábado)2026/06/20	;60	;Aumentar por53.8%	;Disminuir por4.8%	;87	;Aumentar por97.7%	;Aumentar por77.6%	;235	;Aumentar por14.6%	;Disminuir por34.0%	;89	;Aumentar por4.7%	;Disminuir por34.6%	;2679	;Aumentar por166.6%	;Aumentar por27.0%	;2673	;Aumentar por133.7%	;Aumentar por27.7%	;44	;Aumentar por33.3%	;Disminuir por87.3%	;101	;Aumentar por274.1%	;Disminuir por70.0%	;
203	;(Domingo)2026/06/21	;59	;Disminuir por13.2%	;Aumentar por15.7%	;76	;Aumentar por18.8%	;Aumentar por55.1%	;111	;Disminuir por41.3%	;Disminuir por45.0%	;47	;Disminuir por42.7%	;Disminuir por16.1%	;2125	;Aumentar por118.4%	;Disminuir por23.5%	;2454	;Aumentar por111.2%	;Disminuir por4.6%	;22	;Disminuir por40.5%	;Disminuir por42.1%	;97	;Aumentar por193.9%	;Aumentar por177.1%	;
204	;(Lunes)2026/06/22	;89	;Aumentar por102.3%	;Aumentar por53.4%	;69	;Aumentar por97.1%	;Aumentar por38.0%	;290	;Aumentar por205.3%	;Aumentar por90.8%	;101	;Aumentar por90.6%	;Aumentar por38.4%	;2098	;Aumentar por84.7%	;Disminuir por17.5%	;2300	;Aumentar por78.0%	;Disminuir por14.0%	;81	;Aumentar por189.3%	;Aumentar por326.3%	;78	;Aumentar por550.0%	;Aumentar por95.0%	;
205	;(Martes)2026/06/23	;101	;Aumentar por197.1%	;Disminuir por4.7%	;97	;Aumentar por185.3%	;Aumentar por21.3%	;314	;Aumentar por383.1%	;Disminuir por17.2%	;123	;Aumentar por373.1%	;Disminuir por20.1%	;2002	;Aumentar por127.5%	;Disminuir por17.8%	;1981	;Aumentar por76.9%	;Disminuir por18.2%	;453	;Aumentar por4933.3%	;Disminuir por56.8%	;460	;Aumentar por6471.4%	;Disminuir por55.8%	;
206	;(Miércoles)2026/06/24	;94	;Aumentar por118.6%	;Disminuir por14.5%	;117	;Aumentar por165.9%	;Aumentar por51.9%	;173	;Disminuir por10.4%	;Disminuir por31.3%	;61	;Disminuir por31.5%	;Disminuir por47.0%	;2069	;Aumentar por128.6%	;Disminuir por2.3%	;2415	;Aumentar por123.2%	;Disminuir por7.6%	;29	;Disminuir por17.1%	;Disminuir por61.8%	;90	;Aumentar por221.4%	;Aumentar por30.4%	;
207	;(Jueves)2026/06/25	;108	;Aumentar por134.8%	;Aumentar por1.9%	;91	;Aumentar por122.0%	;Aumentar por1.1%	;307	;Aumentar por54.3%	;Aumentar por3.4%	;103	;Aumentar por25.6%	;Disminuir por13.4%	;2233	;Aumentar por163.0%	;Aumentar por8.3%	;2506	;Aumentar por134.9%	;Aumentar por10.5%	;126	;Aumentar por366.7%	;Aumentar por68.0%	;113	;Aumentar por276.7%	;Aumentar por82.3%	;
208	;(Viernes)2026/06/26	;101	;Aumentar por102.0%	;Disminuir por2.9%	;88	;Aumentar por91.3%	;Disminuir por7.4%	;477	;Aumentar por166.5%	;Aumentar por37.5%	;244	;Aumentar por177.3%	;Aumentar por55.4%	;2264	;Aumentar por181.2%	;Aumentar por6.1%	;2480	;Aumentar por154.6%	;Aumentar por10.6%	;255	;Aumentar por750.0%	;Aumentar por259.2%	;255	;Aumentar por779.3%	;Aumentar por304.8%	;
209	;(Sábado)2026/06/27	;94	;Aumentar por113.6%	;Disminuir por21.7%	;114	;Aumentar por165.1%	;Aumentar por15.2%	;228	;Aumentar por18.8%	;Disminuir por48.2%	;79	;Disminuir por1.3%	;Disminuir por66.1%	;2768	;Aumentar por220.7%	;Aumentar por21.6%	;2881	;Aumentar por179.2%	;Aumentar por26.1%	;47	;Aumentar por67.9%	;Disminuir por95.4%	;78	;Aumentar por200.0%	;Disminuir por92.2%	;
210	;(Domingo)2026/06/28	;108	;Aumentar por134.8%	;Aumentar por40.3%	;90	;Aumentar por119.5%	;Aumentar por12.5%	;122	;Disminuir por55.1%	;Disminuir por45.0%	;53	;Disminuir por72.1%	;Disminuir por37.6%	;2287	;Aumentar por154.4%	;Disminuir por14.6%	;2919	;Aumentar por185.6%	;Aumentar por6.6%	;16	;Disminuir por74.2%	;Disminuir por63.6%	;28	;Disminuir por52.5%	;Disminuir por31.7%	;
211	;(Lunes)2026/06/29	;101	;Aumentar por165.8%	;Aumentar por4.1%	;82	;Aumentar por121.6%	;Disminuir por4.7%	;313	;Aumentar por268.2%	;Aumentar por98.1%	;124	;Aumentar por217.9%	;Aumentar por96.8%	;2089	;Aumentar por124.6%	;Disminuir por5.4%	;2347	;Aumentar por116.3%	;Disminuir por12.6%	;58	;Aumentar por286.7%	;Aumentar por262.5%	;58	;Aumentar por222.2%	;Aumentar por205.3%	;
212	;(Martes)2026/06/30	;113	;Aumentar por205.4%	;Aumentar por15.3%	;88	;Aumentar por166.7%	;Aumentar por10.0%	;351	;Aumentar por562.3%	;Aumentar por9.7%	;147	;Aumentar por390.0%	;Aumentar por0.7%	;1961	;Aumentar por96.9%	;Disminuir por8.4%	;2176	;Aumentar por78.9%	;Disminuir por6.4%	;65	;Aumentar por490.9%	;Disminuir por66.8%	;59	;Aumentar por555.6%	;Disminuir por64.2%	;
