Análisis de tipo multiobjetivo	;
Información básica	;
Hora de exportación: 2026/07/14 13:39:31	;
Operador: Touristcheck	;
Objetivo de estadísticas: Avda. Espana - Pza. Constitucion	;
Exportar contenido:Número de personas,Vehículos a motor,Vehículos sin motor	;
Hora del informe: 2025/12/01 00:00:00 - 2026/07/14 23:59:59	;

Personas totales	; 	; 	; 	; 	; 	;Total de vehículos a motor	; 	; 	; 	; 	; 	;Total de vehículos sin motor	;
Avanzar	; 	; 	;Retroceso	; 	; 	;Avanzar	; 	; 	;Retroceso	; 	; 	;Avanzar	; 	; 	;Retroceso	;
Valor	;Tasa de cambio (ciclo tras ciclo)	;Tasa de cambio (año tras año)	;Valor	;Tasa de cambio (ciclo tras ciclo)	;Tasa de cambio (año tras año)	;Valor	;Tasa de cambio (ciclo tras ciclo)	;Tasa de cambio (año tras año)	;Valor	;Tasa de cambio (ciclo tras ciclo)	;Tasa de cambio (año tras año)	;Valor	;Tasa de cambio (ciclo tras ciclo)	;Tasa de cambio (año tras año)	;Valor	;Tasa de cambio (ciclo tras ciclo)	;Tasa de cambio (año tras año)	;
178528	;Disminuir por75.0%	;Disminuir por21.6%	;162713	;Disminuir por74.9%	;Disminuir por22.8%	;255219	;Disminuir por14.3%	;Aumentar por163.1%	;1621	;Disminuir por95.8%	;Disminuir por95.6%	;33850	;Disminuir por60.9%	;Aumentar por19.7%	;6182	;Disminuir por75.1%	;Disminuir por52.2%	;

N.º	;Hora	;Personas	; 	; 	; 	; 	; 	;Vehículos a motor	; 	; 	; 	; 	; 	;Vehículos sin motor	;
	;	;Avanzar	; 	; 	;Retroceso	; 	; 	;Avanzar	; 	; 	;Retroceso	; 	; 	;Avanzar	; 	; 	;Retroceso	;
	;	;Valor	;Tasa de cambio (ciclo tras ciclo)	;Tasa de cambio (año tras año)	;Valor	;Tasa de cambio (ciclo tras ciclo)	;Tasa de cambio (año tras año)	;Valor	;Tasa de cambio (ciclo tras ciclo)	;Tasa de cambio (año tras año)	;Valor	;Tasa de cambio (ciclo tras ciclo)	;Tasa de cambio (año tras año)	;Valor	;Tasa de cambio (ciclo tras ciclo)	;Tasa de cambio (año tras año)	;Valor	;Tasa de cambio (ciclo tras ciclo)	;Tasa de cambio (año tras año)	;
1	;(Lunes)2025/12/01	;676	;Disminuir por86.2%	; --%	;569	;Disminuir por89.6%	; --%	;1282	;Aumentar por2072.9%	; --%	;3	;Disminuir por99.8%	; --%	;178	;Aumentar por42.4%	; --%	;37	;Disminuir por92.5%	; --%	;
2	;(Martes)2025/12/02	;643	;Disminuir por84.2%	; --%	;535	;Disminuir por88.1%	; --%	;1297	;Aumentar por11690.9%	; --%	;17	;Disminuir por98.9%	; --%	;189	;Aumentar por215.0%	; --%	;24	;Disminuir por93.8%	; --%	;
3	;(Miércoles)2025/12/03	;646	;Disminuir por73.8%	; --%	;510	;Disminuir por80.7%	; --%	;1411	;Aumentar por35175.0%	; --%	;6	;Disminuir por99.6%	; --%	;152	;Aumentar por141.3%	; --%	;22	;Disminuir por94.8%	; --%	;
4	;(Jueves)2025/12/04	;786	;Disminuir por39.1%	; --%	;617	;Disminuir por58.6%	; --%	;1366	;Aumentar por19414.3%	; --%	;3	;Disminuir por99.8%	; --%	;200	;Aumentar por354.5%	; --%	;27	;Disminuir por90.8%	; --%	;
5	;(Viernes)2025/12/05	;1333	;Disminuir por1.4%	; --%	;1153	;Disminuir por30.6%	; --%	;1477	;Aumentar por29440.0%	; --%	;9	;Disminuir por99.4%	; --%	;241	;Aumentar por382.0%	; --%	;58	;Disminuir por84.7%	; --%	;
6	;(Sábado)2025/12/06	;3900	;Aumentar por223.1%	; --%	;3228	;Aumentar por94.1%	; --%	;1680	;Aumentar por23900.0%	; --%	;17	;Disminuir por99.0%	; --%	;292	;Aumentar por508.3%	; --%	;56	;Disminuir por85.9%	; --%	;
7	;(Domingo)2025/12/07	;4892	;Aumentar por257.9%	; --%	;4227	;Aumentar por170.8%	; --%	;1930	;Aumentar por32066.7%	; --%	;13	;Disminuir por99.1%	; --%	;260	;Aumentar por348.3%	; --%	;57	;Disminuir por84.5%	; --%	;
8	;(Lunes)2025/12/08	;1766	;Disminuir por3.4%	; --%	;1701	;Disminuir por8.8%	; --%	;1241	;Aumentar por9446.2%	; --%	;11	;Disminuir por99.2%	; --%	;255	;Aumentar por355.4%	; --%	;60	;Disminuir por83.9%	; --%	;
9	;(Martes)2025/12/09	;651	;Disminuir por63.1%	; --%	;574	;Disminuir por71.2%	; --%	;1133	;Aumentar por22560.0%	; --%	;7	;Disminuir por99.3%	; --%	;178	;Aumentar por278.7%	; --%	;38	;Disminuir por87.3%	; --%	;
10	;(Miércoles)2025/12/10	;564	;Aumentar por20.3%	; --%	;482	;Disminuir por19.0%	; --%	;1078	;Aumentar por26850.0%	; --%	;3	;Disminuir por99.5%	; --%	;174	;Aumentar por1350.0%	; --%	;35	;Disminuir por72.0%	; --%	;
11	;(Jueves)2025/12/11	;697	;Aumentar por25.1%	; --%	;593	;Disminuir por8.2%	; --%	;1072	; --%	; --%	;5	;Disminuir por99.4%	; --%	;184	;Aumentar por457.6%	; --%	;38	;Disminuir por82.5%	; --%	;
12	;(Viernes)2025/12/12	;894	;Disminuir por5.6%	; --%	;732	;Disminuir por33.3%	; --%	;1322	;Aumentar por132100.0%	; --%	;9	;Disminuir por99.5%	; --%	;172	;Aumentar por207.1%	; --%	;32	;Disminuir por91.2%	; --%	;
13	;(Sábado)2025/12/13	;1320	;Disminuir por50.3%	; --%	;1149	;Disminuir por63.6%	; --%	;1299	;Aumentar por32375.0%	; --%	;6	;Disminuir por99.6%	; --%	;166	;Aumentar por151.5%	; --%	;26	;Disminuir por93.3%	; --%	;
14	;(Domingo)2025/12/14	;432	;Disminuir por83.7%	; --%	;381	;Disminuir por87.9%	; --%	;772	;Aumentar por10928.6%	; --%	;6	;Disminuir por99.7%	; --%	;44	;Disminuir por6.4%	; --%	;6	;Disminuir por97.4%	; --%	;
15	;(Lunes)2025/12/15	;407	;Disminuir por84.6%	; --%	;324	;Disminuir por90.9%	; --%	;1145	;Aumentar por8078.6%	; --%	;2	;Disminuir por99.8%	; --%	;42	;Disminuir por53.3%	; --%	;4	;Disminuir por99.1%	; --%	;
16	;(Martes)2025/12/16	;525	;Disminuir por66.4%	; --%	;387	;Disminuir por77.1%	; --%	;1110	;Aumentar por15757.1%	; --%	;5	;Disminuir por99.7%	; --%	;82	;Aumentar por51.9%	; --%	;24	;Disminuir por92.4%	; --%	;
17	;(Miércoles)2025/12/17	;375	;Disminuir por58.1%	; --%	;312	;Disminuir por71.8%	; --%	;1159	;Aumentar por23080.0%	; --%	;1	;Disminuir por99.9%	; --%	;38	;Disminuir por7.3%	; --%	;11	;Disminuir por96.6%	; --%	;
18	;(Jueves)2025/12/18	;602	;Disminuir por23.8%	; --%	;469	;Disminuir por51.2%	; --%	;1196	;Aumentar por23820.0%	; --%	;4	;Disminuir por99.7%	; --%	;166	;Aumentar por76.6%	; --%	;29	;Disminuir por91.6%	; --%	;
19	;(Viernes)2025/12/19	;715	;Aumentar por6.2%	; --%	;599	;Disminuir por26.0%	; --%	;1275	;Aumentar por31775.0%	; --%	;7	;Disminuir por99.5%	; --%	;189	;Aumentar por372.5%	; --%	;36	;Disminuir por89.0%	; --%	;
20	;(Sábado)2025/12/20	;1147	;Aumentar por61.8%	; --%	;955	;Aumentar por11.4%	; --%	;1194	;Aumentar por13166.7%	; --%	;5	;Disminuir por99.7%	; --%	;216	;Aumentar por620.0%	; --%	;52	;Disminuir por77.5%	; --%	;
21	;(Domingo)2025/12/21	;1002	;Disminuir por24.1%	; --%	;960	;Disminuir por38.7%	; --%	;961	;Aumentar por31933.3%	; --%	;1	;Disminuir por99.9%	; --%	;196	;Aumentar por201.5%	; --%	;44	;Disminuir por84.4%	; --%	;
22	;(Lunes)2025/12/22	;861	;Disminuir por49.6%	; --%	;662	;Disminuir por63.9%	; --%	;1268	;Aumentar por25260.0%	; --%	;9	;Disminuir por99.4%	; --%	;198	;Aumentar por195.5%	; --%	;58	;Disminuir por83.8%	; --%	;
23	;(Martes)2025/12/23	;785	;Disminuir por50.8%	; --%	;684	;Disminuir por57.0%	; --%	;1121	;Aumentar por22320.0%	; --%	;7	;Disminuir por99.3%	; --%	;158	;Aumentar por295.0%	; --%	;41	;Disminuir por85.6%	; --%	;
24	;(Miércoles)2025/12/24	;791	;Disminuir por17.8%	; --%	;712	;Disminuir por37.1%	; --%	;1022	;Aumentar por20340.0%	; --%	;5	;Disminuir por99.7%	; --%	;184	;Aumentar por475.0%	; --%	;56	;Disminuir por82.6%	; --%	;
25	;(Jueves)2025/12/25	;456	;Disminuir por36.3%	; --%	;448	;Disminuir por48.6%	; --%	;815	;Aumentar por20275.0%	; --%	;9	;Disminuir por99.3%	; --%	;34	;Disminuir por10.5%	; --%	;11	;Disminuir por96.7%	; --%	;
26	;(Viernes)2025/12/26	;913	;Disminuir por5.5%	; --%	;861	;Disminuir por13.3%	; --%	;1180	;Aumentar por42.5%	; --%	;5	;Disminuir por99.2%	; --%	;51	;Disminuir por71.3%	; --%	;23	;Disminuir por85.0%	; --%	;
27	;(Sábado)2025/12/27	;657	;Disminuir por48.5%	; --%	;616	;Disminuir por40.8%	; --%	;1291	;Disminuir por20.0%	; --%	;2	;Disminuir por77.8%	; --%	;32	;Disminuir por90.1%	; --%	;12	;Disminuir por68.4%	; --%	;
28	;(Domingo)2025/12/28	;1050	;Disminuir por36.4%	; --%	;952	;Disminuir por31.8%	; --%	;1130	;Disminuir por16.5%	; --%	;10	;Sin cambios	; --%	;61	;Disminuir por83.0%	; --%	;11	;Disminuir por87.1%	; --%	;
29	;(Lunes)2025/12/29	;1196	;Disminuir por51.4%	; --%	;1088	;Disminuir por48.0%	; --%	;1466	;Aumentar por27.3%	; --%	;8	;Aumentar por33.3%	; --%	;113	;Disminuir por68.6%	; --%	;27	;Disminuir por62.5%	; --%	;
30	;(Martes)2025/12/30	;1396	;Disminuir por26.4%	; --%	;1298	;Disminuir por31.2%	; --%	;1379	;Aumentar por11.3%	; --%	;7	;Aumentar por16.7%	; --%	;224	;Disminuir por38.0%	; --%	;42	;Disminuir por19.2%	; --%	;
31	;(Miércoles)2025/12/31	;1248	;Disminuir por28.9%	; --%	;1047	;Disminuir por32.5%	; --%	;1320	;Disminuir por15.5%	; --%	;4	;Sin cambios	; --%	;227	;Disminuir por42.1%	; --%	;49	;Disminuir por18.3%	; --%	;
32	;(Jueves)2026/01/01	;1364	;Aumentar por13.9%	; --%	;1239	;Aumentar por20.8%	; --%	;1121	;Disminuir por14.8%	; --%	;6	;Disminuir por83.3%	; --%	;151	;Disminuir por56.7%	; --%	;43	;Disminuir por4.4%	; --%	;
33	;(Viernes)2026/01/02	;1347	;Disminuir por2.1%	; --%	;1250	;Aumentar por13.7%	; --%	;1328	;Disminuir por12.4%	; --%	;12	;Aumentar por71.4%	; --%	;203	;Disminuir por43.1%	; --%	;56	;Aumentar por30.2%	; --%	;
34	;(Sábado)2026/01/03	;1275	;Disminuir por1.5%	; --%	;1226	;Aumentar por11.0%	; --%	;1203	;Disminuir por19.0%	; --%	;11	;Aumentar por83.3%	; --%	;189	;Disminuir por49.2%	; --%	;27	;Disminuir por52.6%	; --%	;
35	;(Domingo)2026/01/04	;671	;Disminuir por59.1%	; --%	;623	;Disminuir por57.6%	; --%	;912	;Disminuir por48.9%	; --%	;4	;Disminuir por50.0%	; --%	;44	;Disminuir por89.1%	; --%	;13	;Disminuir por75.9%	; --%	;
36	;(Lunes)2026/01/05	;1281	;Disminuir por55.3%	; --%	;1439	;Disminuir por40.8%	; --%	;1099	;Aumentar por1.6%	; --%	;7	;Disminuir por30.0%	; --%	;106	;Disminuir por70.5%	; --%	;31	;Disminuir por55.1%	; --%	;
37	;(Martes)2026/01/06	;496	;Disminuir por76.8%	; --%	;414	;Disminuir por79.4%	; --%	;890	;Disminuir por31.6%	; --%	;7	;Aumentar por40.0%	; --%	;101	;Disminuir por71.1%	; --%	;19	;Disminuir por58.7%	; --%	;
38	;(Miércoles)2026/01/07	;519	;Disminuir por72.8%	; --%	;432	;Disminuir por75.9%	; --%	;1065	;Disminuir por37.2%	; --%	;3	;Disminuir por57.1%	; --%	;155	;Disminuir por62.3%	; --%	;46	;Disminuir por23.3%	; --%	;
39	;(Jueves)2026/01/08	;651	;Disminuir por57.2%	; --%	;507	;Disminuir por62.2%	; --%	;1081	;Disminuir por31.3%	; --%	;2	;Sin cambios	; --%	;179	;Disminuir por56.9%	; --%	;45	;Disminuir por19.6%	; --%	;
40	;(Viernes)2026/01/09	;733	;Disminuir por48.5%	; --%	;609	;Disminuir por51.6%	; --%	;1098	;Disminuir por33.7%	; --%	;6	;Disminuir por50.0%	; --%	;199	;Disminuir por49.5%	; --%	;43	;Aumentar por19.4%	; --%	;
41	;(Sábado)2026/01/10	;989	;Disminuir por38.1%	; --%	;940	;Disminuir por28.9%	; --%	;829	;Disminuir por53.2%	; --%	;7	;Sin cambios	; --%	;167	;Disminuir por59.3%	; --%	;55	;Aumentar por19.6%	; --%	;
42	;(Domingo)2026/01/11	;741	;Disminuir por58.5%	; --%	;626	;Disminuir por60.4%	; --%	;722	;Disminuir por50.3%	; --%	;1	;Disminuir por85.7%	; --%	;211	;Disminuir por48.2%	; --%	;37	;Disminuir por27.5%	; --%	;
43	;(Lunes)2026/01/12	;696	;Disminuir por77.7%	; --%	;533	;Disminuir por80.2%	; --%	;1057	;Aumentar por1632.8%	; --%	;2	;Disminuir por60.0%	; --%	;212	;Aumentar por20.5%	; --%	;44	;Disminuir por52.2%	; --%	;
44	;(Martes)2026/01/13	;581	;Disminuir por78.7%	; --%	;480	;Disminuir por82.0%	; --%	;1049	;Disminuir por18.1%	; --%	;3	;Disminuir por75.0%	; --%	;169	;Disminuir por54.2%	; --%	;43	;Disminuir por45.6%	; --%	;
45	;(Miércoles)2026/01/14	;578	;Disminuir por70.0%	; --%	;458	;Disminuir por71.7%	; --%	;1036	;Disminuir por41.4%	; --%	;3	;Disminuir por40.0%	; --%	;190	;Disminuir por56.6%	; --%	;46	;Disminuir por9.8%	; --%	;
46	;(Jueves)2026/01/15	;598	;Disminuir por62.7%	; --%	;461	;Disminuir por66.8%	; --%	;1034	;Disminuir por34.9%	; --%	;6	;Aumentar por100.0%	; --%	;164	;Disminuir por60.5%	; --%	;37	;Disminuir por22.9%	; --%	;
47	;(Viernes)2026/01/16	;645	;Disminuir por63.2%	; --%	;512	;Disminuir por65.6%	; --%	;1093	;Disminuir por30.4%	; --%	;4	;Disminuir por42.9%	; --%	;178	;Disminuir por62.6%	; --%	;42	;Disminuir por10.6%	; --%	;
48	;(Sábado)2026/01/17	;537	;Disminuir por69.4%	; --%	;443	;Disminuir por71.5%	; --%	;918	;Disminuir por43.1%	; --%	;1	;Sin cambios	; --%	;55	;Disminuir por86.6%	; --%	;8	;Disminuir por85.2%	; --%	;
49	;(Domingo)2026/01/18	;688	;Disminuir por73.9%	; --%	;631	;Disminuir por72.4%	; --%	;704	;Disminuir por59.5%	; --%	;5	;Disminuir por16.7%	; --%	;168	;Disminuir por62.7%	; --%	;50	;Disminuir por26.5%	; --%	;
50	;(Lunes)2026/01/19	;559	;Disminuir por87.4%	; --%	;466	;Disminuir por87.8%	; --%	;1048	;Disminuir por57.2%	; --%	;8	;Disminuir por50.0%	; --%	;111	;Disminuir por81.1%	; --%	;26	;Disminuir por72.3%	; --%	;
51	;(Martes)2026/01/20	;369	;Disminuir por90.1%	; --%	;306	;Disminuir por91.2%	; --%	;1088	;Disminuir por12.5%	; --%	;2	;Disminuir por66.7%	; --%	;36	;Disminuir por92.5%	; --%	;11	;Disminuir por86.4%	; --%	;
52	;(Miércoles)2026/01/21	;567	;Disminuir por81.1%	; --%	;369	;Disminuir por86.3%	; --%	;971	;Disminuir por52.0%	; --%	;3	;Disminuir por70.0%	; --%	;107	;Disminuir por76.6%	; --%	;16	;Disminuir por76.8%	; --%	;
53	;(Jueves)2026/01/22	;549	;Disminuir por74.5%	; --%	;424	;Disminuir por76.3%	; --%	;1108	;Disminuir por34.7%	; --%	;84	;Aumentar por1100.0%	; --%	;159	;Disminuir por64.1%	; --%	;44	;Disminuir por29.0%	; --%	;
54	;(Viernes)2026/01/23	;777	;Disminuir por62.4%	; --%	;648	;Disminuir por63.1%	; --%	;1137	;Disminuir por35.5%	; --%	;61	;Aumentar por6000.0%	; --%	;181	;Disminuir por60.7%	; --%	;26	;Disminuir por45.8%	; --%	;
55	;(Sábado)2026/01/24	;1505	;Disminuir por30.2%	; --%	;1502	;Disminuir por21.7%	; --%	;863	;Disminuir por53.0%	; --%	;13	;Aumentar por550.0%	; --%	;157	;Disminuir por65.5%	; --%	;40	;Disminuir por7.0%	; --%	;
56	;(Domingo)2026/01/25	;1426	;Disminuir por45.2%	; --%	;932	;Disminuir por56.9%	; --%	;791	;Disminuir por62.0%	; --%	;5	;Disminuir por72.2%	; --%	;227	;Disminuir por56.7%	; --%	;47	;Disminuir por25.4%	; --%	;
57	;(Lunes)2026/01/26	;736	;Disminuir por78.3%	; --%	;559	;Disminuir por81.2%	; --%	;1075	;Disminuir por37.4%	; --%	;3	;Disminuir por40.0%	; --%	;164	;Disminuir por68.5%	; --%	;48	;Disminuir por41.5%	; --%	;
58	;(Martes)2026/01/27	;592	;Disminuir por78.6%	; --%	;471	;Disminuir por82.5%	; --%	;1023	;Disminuir por35.5%	; --%	;4	;Disminuir por66.7%	; --%	;143	;Disminuir por69.1%	; --%	;27	;Disminuir por71.3%	; --%	;
59	;(Miércoles)2026/01/28	;460	;Disminuir por83.8%	; --%	;375	;Disminuir por85.0%	; --%	;1095	;Disminuir por41.5%	; --%	;6	;Disminuir por14.3%	; --%	;78	;Disminuir por84.4%	; --%	;29	;Disminuir por55.4%	; --%	;
60	;(Jueves)2026/01/29	;661	;Disminuir por69.5%	; --%	;563	;Disminuir por68.2%	; --%	;1130	;Disminuir por36.3%	; --%	;7	;Sin cambios	; --%	;142	;Disminuir por72.3%	; --%	;27	;Disminuir por63.0%	; --%	;
61	;(Viernes)2026/01/30	;803	;Disminuir por67.6%	; --%	;681	;Disminuir por67.0%	; --%	;1111	;Disminuir por37.3%	; --%	;13	;Aumentar por116.7%	; --%	;209	;Disminuir por52.5%	; --%	;41	;Disminuir por24.1%	; --%	;
62	;(Sábado)2026/01/31	;777	;Disminuir por68.6%	; --%	;652	;Disminuir por69.8%	; --%	;929	;Disminuir por48.3%	; --%	;5	;Disminuir por37.5%	; --%	;105	;Disminuir por81.4%	; --%	;15	;Disminuir por75.0%	; --%	;
63	;(Domingo)2026/02/01	;933	;Disminuir por68.5%	; --%	;803	;Disminuir por67.5%	; --%	;844	;Disminuir por44.4%	; --%	;4	;Aumentar por300.0%	; --%	;190	;Disminuir por58.3%	; --%	;51	;Disminuir por12.1%	; --%	;
64	;(Lunes)2026/02/02	;695	;Disminuir por86.1%	; --%	;543	;Disminuir por87.3%	; --%	;1094	;Disminuir por32.0%	; --%	;10	;Disminuir por28.6%	; --%	;167	;Disminuir por65.9%	; --%	;35	;Disminuir por65.7%	; --%	;
65	;(Martes)2026/02/03	;527	;Disminuir por88.0%	; --%	;455	;Disminuir por88.9%	; --%	;1049	;Disminuir por30.2%	; --%	;4	;Disminuir por50.0%	; --%	;189	;Disminuir por62.2%	; --%	;43	;Disminuir por61.6%	; --%	;
66	;(Miércoles)2026/02/04	;557	;Disminuir por89.3%	; --%	;422	;Disminuir por91.0%	; --%	;1018	;Disminuir por39.5%	; --%	;2	;Disminuir por80.0%	; --%	;154	;Disminuir por70.7%	; --%	;26	;Disminuir por79.4%	; --%	;
67	;(Jueves)2026/02/05	;314	;Disminuir por93.5%	; --%	;246	;Disminuir por93.4%	; --%	;614	;Disminuir por57.6%	; --%	;4	;Disminuir por33.3%	; --%	;90	;Disminuir por81.2%	; --%	;23	;Disminuir por78.9%	; --%	;
68	;(Viernes)2026/02/06	;910	;Disminuir por74.0%	; --%	;728	;Disminuir por75.6%	; --%	;1255	;Disminuir por15.4%	; --%	;6	;Aumentar por50.0%	; --%	;203	;Disminuir por58.0%	; --%	;62	;Disminuir por29.5%	; --%	;
69	;(Sábado)2026/02/07	;3444	;Disminuir por7.4%	; --%	;2848	;Disminuir por11.8%	; --%	;954	;Disminuir por36.1%	; --%	;23	;Aumentar por187.5%	; --%	;212	;Disminuir por56.9%	; --%	;53	;Disminuir por46.5%	; --%	;
70	;(Domingo)2026/02/08	;2127	;Disminuir por50.0%	; --%	;1582	;Disminuir por55.4%	; --%	;745	;Disminuir por51.6%	; --%	;12	;Aumentar por33.3%	; --%	;208	;Disminuir por55.2%	; --%	;49	;Disminuir por52.4%	; --%	;
71	;(Lunes)2026/02/09	;720	;Disminuir por84.3%	; --%	;571	;Disminuir por85.3%	; --%	;1133	;Disminuir por20.7%	; --%	;8	;Disminuir por20.0%	; --%	;197	;Disminuir por57.6%	; --%	;49	;Disminuir por52.0%	; --%	;
72	;(Martes)2026/02/10	;656	;Disminuir por83.2%	; --%	;571	;Disminuir por85.2%	; --%	;1049	;Disminuir por19.9%	; --%	;6	;Disminuir por45.5%	; --%	;207	;Disminuir por51.5%	; --%	;54	;Disminuir por25.0%	; --%	;
73	;(Miércoles)2026/02/11	;611	;Disminuir por83.8%	; --%	;523	;Disminuir por84.9%	; --%	;1113	;Disminuir por43.8%	; --%	;3	;Disminuir por85.0%	; --%	;195	;Disminuir por65.8%	; --%	;48	;Disminuir por52.0%	; --%	;
74	;(Jueves)2026/02/12	;654	;Disminuir por79.1%	; --%	;543	;Disminuir por79.6%	; --%	;1113	;Disminuir por26.6%	; --%	;6	;Disminuir por25.0%	; --%	;154	;Disminuir por66.9%	; --%	;36	;Disminuir por56.1%	; --%	;
75	;(Viernes)2026/02/13	;679	;Disminuir por78.9%	; --%	;640	;Disminuir por77.5%	; --%	;1327	;Disminuir por4.0%	; --%	;7	;Aumentar por16.7%	; --%	;126	;Disminuir por73.8%	; --%	;30	;Disminuir por67.0%	; --%	;
76	;(Sábado)2026/02/14	;621	;Disminuir por83.0%	; --%	;575	;Disminuir por81.2%	; --%	;842	;Disminuir por43.7%	; --%	;6	;Disminuir por25.0%	; --%	;31	;Disminuir por93.7%	; --%	;3	;Disminuir por97.0%	; --%	;
77	;(Domingo)2026/02/15	;952	;Disminuir por76.3%	; --%	;884	;Disminuir por73.9%	; --%	;944	;Disminuir por39.8%	; --%	;6	;Disminuir por57.1%	; --%	;215	;Disminuir por55.9%	; --%	;43	;Disminuir por59.4%	; --%	;
78	;(Lunes)2026/02/16	;826	;Disminuir por84.6%	; --%	;707	;Disminuir por84.6%	; --%	;1187	;Disminuir por28.6%	; --%	;5	;Disminuir por76.2%	; --%	;297	;Disminuir por39.0%	; --%	;78	;Disminuir por17.0%	; --%	;
79	;(Martes)2026/02/17	;733	;Disminuir por85.2%	; --%	;624	;Disminuir por86.4%	; --%	;2377	;Aumentar por69.9%	; --%	;7	;Sin cambios	; --%	;390	;Disminuir por11.0%	; --%	;95	;Aumentar por15.9%	; --%	;
80	;(Miércoles)2026/02/18	;659	;Disminuir por86.0%	; --%	;574	;Disminuir por86.0%	; --%	;3742	;Aumentar por113.5%	; --%	;3	;Disminuir por80.0%	; --%	;430	;Disminuir por23.9%	; --%	;95	;Aumentar por3.3%	; --%	;
81	;(Jueves)2026/02/19	;697	;Disminuir por83.3%	; --%	;530	;Disminuir por85.7%	; --%	;3605	;Aumentar por128.7%	; --%	;7	;Disminuir por12.5%	; --%	;354	;Disminuir por34.1%	; --%	;54	;Disminuir por51.8%	; --%	;
82	;(Viernes)2026/02/20	;832	;Disminuir por76.9%	; --%	;719	;Disminuir por77.4%	; --%	;4072	;Aumentar por136.1%	; --%	;8	;Aumentar por166.7%	; --%	;392	;Aumentar por103.1%	; --%	;92	;Aumentar por95.7%	; --%	;
83	;(Sábado)2026/02/21	;1134	;Disminuir por72.1%	; --%	;1048	;Disminuir por69.1%	; --%	;3944	;Aumentar por162.6%	; --%	;7	;Sin cambios	; --%	;492	;Aumentar por9.1%	; --%	;90	;Aumentar por40.6%	; --%	;
84	;(Domingo)2026/02/22	;979	;Disminuir por78.2%	; --%	;874	;Disminuir por78.1%	; --%	;3302	;Aumentar por99.3%	; --%	;6	;Sin cambios	; --%	;453	;Aumentar por25.8%	; --%	;86	;Aumentar por32.3%	; --%	;
85	;(Lunes)2026/02/23	;823	;Disminuir por79.5%	; --%	;638	;Disminuir por82.1%	; --%	;3497	;Aumentar por101.6%	; --%	;11	;Aumentar por22.2%	; --%	;547	;Aumentar por125.1%	; --%	;94	;Aumentar por168.6%	; --%	;
86	;(Martes)2026/02/24	;717	;Disminuir por85.6%	; --%	;570	;Disminuir por87.3%	; --%	;3456	;Aumentar por134.8%	; --%	;10	;Aumentar por25.0%	; --%	;452	;Disminuir por4.8%	; --%	;112	;Aumentar por4.7%	; --%	;
87	;(Miércoles)2026/02/25	;552	;Disminuir por89.3%	; --%	;490	;Disminuir por89.2%	; --%	;3367	;Aumentar por91.7%	; --%	;18	;Aumentar por28.6%	; --%	;265	;Disminuir por52.0%	; --%	;43	;Disminuir por57.8%	; --%	;
88	;(Jueves)2026/02/26	;665	;Disminuir por84.7%	; --%	;592	;Disminuir por83.9%	; --%	;3540	;Aumentar por126.5%	; --%	;11	;Aumentar por57.1%	; --%	;464	;Disminuir por12.0%	; --%	;75	;Disminuir por40.9%	; --%	;
89	;(Viernes)2026/02/27	;724	;Disminuir por83.8%	; --%	;622	;Disminuir por84.2%	; --%	;3910	;Aumentar por183.1%	; --%	;10	;Aumentar por233.3%	; --%	;374	;Disminuir por29.7%	; --%	;55	;Disminuir por48.1%	; --%	;
90	;(Sábado)2026/02/28	;932	;Disminuir por80.2%	; --%	;893	;Disminuir por78.2%	; --%	;3563	;Aumentar por130.5%	; --%	;4	;Disminuir por60.0%	; --%	;438	;Disminuir por13.4%	; --%	;71	;Disminuir por38.3%	; --%	;
91	;(Domingo)2026/03/01	;931	;Disminuir por80.7%	; --%	;867	;Disminuir por79.0%	; --%	;3287	;Aumentar por108.3%	; --%	;8	;Sin cambios	; --%	;463	;Disminuir por12.0%	; --%	;84	;Disminuir por21.5%	; --%	;
92	;(Lunes)2026/03/02	;628	;Disminuir por90.0%	; --%	;517	;Disminuir por90.2%	; --%	;3509	;Aumentar por111.0%	; --%	;17	;Aumentar por54.5%	; --%	;348	;Disminuir por30.0%	; --%	;86	;Disminuir por14.9%	; --%	;
93	;(Martes)2026/03/03	;245	;Disminuir por95.2%	; --%	;227	;Disminuir por95.1%	; --%	;1646	;Aumentar por19.6%	; --%	;10	;Aumentar por25.0%	; --%	;99	;Disminuir por79.9%	; --%	;8	;Disminuir por92.9%	; --%	;
94	;(Miércoles)2026/03/04	;385	;Disminuir por93.8%	; --%	;352	;Disminuir por93.5%	; --%	;2899	;Aumentar por42.4%	; --%	;6	;Disminuir por50.0%	; --%	;137	;Disminuir por76.9%	; --%	;17	;Disminuir por88.2%	; --%	;
95	;(Jueves)2026/03/05	;303	;Disminuir por94.2%	; --%	;271	;Disminuir por94.2%	; --%	;3358	;Aumentar por117.5%	; --%	;5	;Disminuir por68.8%	; --%	;73	;Disminuir por86.5%	; --%	;12	;Disminuir por90.4%	; --%	;
96	;(Viernes)2026/03/06	;368	;Disminuir por92.2%	; --%	;355	;Disminuir por92.0%	; --%	;3709	;Aumentar por138.7%	; --%	;8	;Aumentar por33.3%	; --%	;93	;Disminuir por78.3%	; --%	;9	;Disminuir por89.5%	; --%	;
97	;(Sábado)2026/03/07	;278	;Disminuir por95.0%	; --%	;247	;Disminuir por95.1%	; --%	;2956	;Aumentar por72.1%	; --%	;3	;Disminuir por62.5%	; --%	;82	;Disminuir por79.6%	; --%	;2	;Disminuir por97.9%	; --%	;
98	;(Domingo)2026/03/08	;667	;Disminuir por88.4%	; --%	;645	;Disminuir por87.3%	; --%	;2918	;Aumentar por57.2%	; --%	;7	;Disminuir por30.0%	; --%	;352	;Disminuir por36.9%	; --%	;22	;Disminuir por79.0%	; --%	;
99	;(Lunes)2026/03/09	;556	;Disminuir por92.1%	; --%	;517	;Disminuir por91.6%	; --%	;3430	;Aumentar por103.3%	; --%	;8	;Disminuir por27.3%	; --%	;442	;Disminuir por22.9%	; --%	;39	;Disminuir por72.1%	; --%	;
100	;(Martes)2026/03/10	;482	;Disminuir por91.9%	; --%	;395	;Disminuir por92.8%	; --%	;3266	;Aumentar por132.0%	; --%	;2	;Disminuir por80.0%	; --%	;234	;Disminuir por48.6%	; --%	;23	;Disminuir por80.5%	; --%	;
101	;(Miércoles)2026/03/11	;515	;Disminuir por92.0%	; --%	;435	;Disminuir por92.2%	; --%	;3229	;Aumentar por101.2%	; --%	;7	;Disminuir por30.0%	; --%	;400	;Disminuir por27.4%	; --%	;32	;Disminuir por76.6%	; --%	;
102	;(Jueves)2026/03/12	;614	;Disminuir por88.4%	; --%	;513	;Disminuir por89.2%	; --%	;3406	;Aumentar por126.2%	; --%	;7	;Disminuir por30.0%	; --%	;429	;Disminuir por17.8%	; --%	;37	;Disminuir por64.4%	; --%	;
103	;(Viernes)2026/03/13	;610	;Disminuir por88.4%	; --%	;615	;Disminuir por86.5%	; --%	;3757	;Aumentar por141.1%	; --%	;3	;Disminuir por66.7%	; --%	;426	;Disminuir por19.2%	; --%	;50	;Disminuir por49.5%	; --%	;
104	;(Sábado)2026/03/14	;720	;Disminuir por85.8%	; --%	;734	;Disminuir por83.9%	; --%	;3417	;Aumentar por115.4%	; --%	;8	;Disminuir por68.0%	; --%	;356	;Disminuir por31.8%	; --%	;31	;Disminuir por73.7%	; --%	;
105	;(Domingo)2026/03/15	;710	;Disminuir por87.2%	; --%	;635	;Disminuir por87.5%	; --%	;2962	;Aumentar por72.1%	; --%	;7	;Disminuir por22.2%	; --%	;275	;Disminuir por51.6%	; --%	;20	;Disminuir por75.6%	; --%	;
106	;(Lunes)2026/03/16	;698	;Disminuir por90.1%	; --%	;581	;Disminuir por90.6%	; --%	;3706	;Aumentar por109.1%	; --%	;8	;Disminuir por33.3%	; --%	;525	;Aumentar por4.6%	; --%	;43	;Disminuir por56.6%	; --%	;
107	;(Martes)2026/03/17	;618	;Disminuir por92.5%	; --%	;504	;Disminuir por91.8%	; --%	;3524	;Aumentar por151.7%	; --%	;8	;Disminuir por33.3%	; --%	;434	;Disminuir por19.0%	; --%	;26	;Disminuir por82.1%	; --%	;
108	;(Miércoles)2026/03/18	;654	;Disminuir por92.2%	; --%	;586	;Disminuir por93.1%	; --%	;3561	;Aumentar por100.3%	; --%	;6	;Disminuir por81.3%	; --%	;424	;Disminuir por34.2%	; --%	;25	;Disminuir por87.0%	; --%	;
109	;(Jueves)2026/03/19	;942	;Disminuir por85.6%	; --%	;744	;Disminuir por87.1%	; --%	;3125	;Aumentar por79.7%	; --%	;5	;Disminuir por37.5%	; --%	;388	;Disminuir por30.5%	; --%	;37	;Disminuir por75.5%	; --%	;
110	;(Viernes)2026/03/20	;890	;Disminuir por86.3%	; --%	;818	;Disminuir por85.8%	; --%	;4099	;Aumentar por148.6%	; --%	;2	;Disminuir por71.4%	; --%	;482	;Disminuir por14.8%	; --%	;53	;Disminuir por61.0%	; --%	;
111	;(Sábado)2026/03/21	;933	;Disminuir por87.0%	; --%	;942	;Disminuir por84.8%	; --%	;4074	;Aumentar por48.7%	; --%	;6	;Disminuir por64.7%	; --%	;461	;Disminuir por28.6%	; --%	;28	;Disminuir por76.1%	; --%	;
112	;(Domingo)2026/03/22	;680	;Disminuir por90.0%	; --%	;695	;Disminuir por88.4%	; --%	;3502	;Aumentar por42.8%	; --%	;5	;Disminuir por37.5%	; --%	;475	;Disminuir por25.0%	; --%	;31	;Disminuir por76.3%	; --%	;
113	;(Lunes)2026/03/23	;544	;Disminuir por92.9%	; --%	;516	;Disminuir por92.0%	; --%	;3724	;Aumentar por100.4%	; --%	;5	;Disminuir por44.4%	; --%	;263	;Disminuir por54.5%	; --%	;27	;Disminuir por80.7%	; --%	;
114	;(Martes)2026/03/24	;603	;Disminuir por91.2%	; --%	;545	;Disminuir por91.3%	; --%	;3605	;Aumentar por132.3%	; --%	;4	;Disminuir por50.0%	; --%	;441	;Disminuir por15.2%	; --%	;27	;Disminuir por82.8%	; --%	;
115	;(Miércoles)2026/03/25	;326	;Disminuir por95.8%	; --%	;281	;Disminuir por95.9%	; --%	;1849	;Disminuir por9.8%	; --%	;1	;Disminuir por94.7%	; --%	;207	;Disminuir por68.5%	; --%	;16	;Disminuir por93.0%	; --%	;
116	;(Jueves)2026/03/26	;605	;Disminuir por91.1%	; --%	;547	;Disminuir por90.3%	; --%	;3806	;Aumentar por117.1%	; --%	;8	;Disminuir por52.9%	; --%	;385	;Disminuir por34.4%	; --%	;31	;Disminuir por86.2%	; --%	;
117	;(Viernes)2026/03/27	;923	;Disminuir por86.5%	; --%	;877	;Disminuir por85.9%	; --%	;2859	;Aumentar por60.2%	; --%	;7	;Disminuir por74.1%	; --%	;305	;Disminuir por50.8%	; --%	;31	;Disminuir por78.3%	; --%	;
118	;(Sábado)2026/03/28	;1878	;Disminuir por72.1%	; --%	;1767	;Disminuir por71.1%	; --%	;1759	;Disminuir por5.7%	; --%	;9	;Disminuir por55.0%	; --%	;280	;Disminuir por52.0%	; --%	;39	;Disminuir por68.5%	; --%	;
119	;(Domingo)2026/03/29	;1559	;Disminuir por81.2%	; --%	;1479	;Disminuir por78.5%	; --%	;1352	;Disminuir por28.0%	; --%	;6	;Disminuir por60.0%	; --%	;122	;Disminuir por79.6%	; --%	;21	;Disminuir por86.4%	; --%	;
120	;(Lunes)2026/03/30	;2101	;Disminuir por77.8%	; --%	;1859	;Disminuir por78.0%	; --%	;1901	;Disminuir por1.7%	; --%	;18	;Aumentar por38.5%	; --%	;286	;Disminuir por50.0%	; --%	;51	;Disminuir por72.7%	; --%	;
121	;(Martes)2026/03/31	;2006	;Disminuir por69.4%	; --%	;1874	;Disminuir por70.1%	; --%	;1793	;Aumentar por18.7%	; --%	;5	;Disminuir por54.5%	; --%	;304	;Disminuir por48.7%	; --%	;43	;Disminuir por73.5%	; --%	;
122	;(Miércoles)2026/04/01	;2305	;Disminuir por67.4%	; --%	;1995	;Disminuir por69.5%	; --%	;1982	;Aumentar por13.8%	; --%	;18	;Aumentar por20.0%	; --%	;319	;Disminuir por41.1%	; --%	;47	;Disminuir por62.7%	; --%	;
123	;(Jueves)2026/04/02	;4157	;Disminuir por37.5%	; --%	;3771	;Disminuir por36.4%	; --%	;1595	;Disminuir por5.9%	; --%	;15	;Aumentar por7.1%	; --%	;312	;Disminuir por37.8%	; --%	;88	;Disminuir por39.7%	; --%	;
124	;(Viernes)2026/04/03	;6294	;Disminuir por7.9%	; --%	;5952	;Disminuir por2.0%	; --%	;1429	;Disminuir por12.1%	; --%	;10	;Disminuir por37.5%	; --%	;418	;Disminuir por29.7%	; --%	;89	;Disminuir por50.6%	; --%	;
125	;(Sábado)2026/04/04	;5601	;Disminuir por23.5%	; --%	;5485	;Disminuir por13.7%	; --%	;1652	;Disminuir por6.2%	; --%	;19	;Disminuir por5.0%	; --%	;442	;Disminuir por19.9%	; --%	;76	;Disminuir por44.1%	; --%	;
126	;(Domingo)2026/04/05	;4634	;Disminuir por29.3%	; --%	;4675	;Disminuir por20.5%	; --%	;1430	;Disminuir por17.7%	; --%	;21	;Aumentar por90.9%	; --%	;361	;Disminuir por37.5%	; --%	;93	;Disminuir por24.4%	; --%	;
127	;(Lunes)2026/04/06	;2773	;Disminuir por59.8%	; --%	;2694	;Disminuir por57.8%	; --%	;1603	;Disminuir por4.8%	; --%	;6	;Disminuir por53.8%	; --%	;422	;Disminuir por18.2%	; --%	;67	;Disminuir por36.8%	; --%	;
128	;(Martes)2026/04/07	;1748	;Disminuir por67.5%	; --%	;1599	;Disminuir por67.4%	; --%	;1520	;Aumentar por12.0%	; --%	;9	;Disminuir por55.0%	; --%	;348	;Disminuir por28.5%	; --%	;73	;Disminuir por38.1%	; --%	;
129	;(Miércoles)2026/04/08	;1440	;Disminuir por78.0%	; --%	;1355	;Disminuir por77.2%	; --%	;1489	;Disminuir por25.1%	; --%	;7	;Disminuir por88.9%	; --%	;324	;Disminuir por41.9%	; --%	;86	;Disminuir por35.8%	; --%	;
130	;(Jueves)2026/04/09	;1530	;Disminuir por71.7%	; --%	;1379	;Disminuir por70.7%	; --%	;1502	;Aumentar por1.9%	; --%	;6	;Disminuir por45.5%	; --%	;353	;Disminuir por29.8%	; --%	;70	;Disminuir por37.5%	; --%	;
131	;(Viernes)2026/04/10	;1469	;Disminuir por73.8%	; --%	;1312	;Disminuir por73.9%	; --%	;1678	;Aumentar por6.4%	; --%	;62	;Aumentar por933.3%	; --%	;383	;Disminuir por26.2%	; --%	;62	;Disminuir por47.0%	; --%	;
132	;(Sábado)2026/04/11	;1873	;Disminuir por66.1%	; --%	;1807	;Disminuir por61.6%	; --%	;1543	;Disminuir por0.3%	; --%	;0	;Disminuir por100.0%	; --%	;418	;Disminuir por24.4%	; --%	;39	;Disminuir por68.0%	; --%	;
133	;(Domingo)2026/04/12	;868	;Disminuir por83.5%	; --%	;892	;Disminuir por81.3%	; --%	;1379	;Disminuir por15.8%	; --%	;3	;Disminuir por81.3%	; --%	;114	;Disminuir por77.7%	; --%	;17	;Disminuir por84.8%	; --%	;
134	;(Lunes)2026/04/13	;794	;Disminuir por84.8%	; --%	;800	;Disminuir por83.0%	; --%	;3990	;Aumentar por174.6%	; --%	;5	;Disminuir por44.4%	; --%	;352	;Disminuir por33.8%	; --%	;29	;Disminuir por70.4%	; --%	;
135	;(Martes)2026/04/14	;737	;Disminuir por81.7%	; --%	;689	;Disminuir por83.1%	; --%	;4020	;Aumentar por196.9%	; --%	;9	;Aumentar por28.6%	; --%	;546	;Aumentar por27.3%	; --%	;16	;Disminuir por83.0%	; --%	;
136	;(Miércoles)2026/04/15	;198	;Disminuir por95.8%	; --%	;182	;Disminuir por95.7%	; --%	;427	;Disminuir por73.5%	; --%	;14	;Disminuir por36.4%	; --%	;40	;Disminuir por91.5%	; --%	;4	;Disminuir por94.5%	; --%	;
137	;(Jueves)2026/04/16	;144	;Disminuir por96.9%	; --%	;121	;Disminuir por97.0%	; --%	;30	;Disminuir por97.9%	; --%	;43	;Aumentar por290.9%	; --%	;2	;Disminuir por99.6%	; --%	;3	;Disminuir por96.6%	; --%	;
138	;(Viernes)2026/04/17	;67	;Disminuir por98.5%	; --%	;58	;Disminuir por98.5%	; --%	;1	;Disminuir por99.9%	; --%	;1	;Disminuir por87.5%	; --%	;0	;Disminuir por100.0%	; --%	;0	;Disminuir por100.0%	; --%	;
139	;(Sábado)2026/04/18	;56	;Disminuir por98.7%	;Disminuir por80.5%	;39	;Disminuir por99.0%	;Disminuir por58.9%	;0	;Disminuir por100.0%	; --%	;0	;Disminuir por100.0%	; --%	;0	;Disminuir por100.0%	;Disminuir por100.0%	;0	;Disminuir por100.0%	;Disminuir por100.0%	;
140	;(Domingo)2026/04/19	;70	;Disminuir por98.3%	;Disminuir por98.6%	;39	;Disminuir por99.0%	;Disminuir por99.3%	;0	;Disminuir por100.0%	;Disminuir por100.0%	;0	;Disminuir por100.0%	;Disminuir por100.0%	;2	;Disminuir por99.1%	;Disminuir por98.4%	;2	;Disminuir por96.7%	;Disminuir por99.6%	;
141	;(Lunes)2026/04/20	;74	;Disminuir por98.4%	;Disminuir por98.2%	;65	;Disminuir por98.4%	;Disminuir por98.6%	;0	;Disminuir por100.0%	;Disminuir por100.0%	;0	;Disminuir por100.0%	;Disminuir por100.0%	;1	;Disminuir por99.8%	;Disminuir por98.3%	;0	;Disminuir por100.0%	;Disminuir por100.0%	;
142	;(Martes)2026/04/21	;12	;Disminuir por99.7%	;Disminuir por99.5%	;16	;Disminuir por99.6%	;Disminuir por99.4%	;2	;Disminuir por99.7%	;Disminuir por50.0%	;0	;Disminuir por100.0%	;Disminuir por100.0%	;0	;Disminuir por100.0%	;Disminuir por100.0%	;0	;Disminuir por100.0%	;Disminuir por100.0%	;
143	;(Miércoles)2026/04/22	;52	;Disminuir por98.7%	;Disminuir por96.0%	;48	;Disminuir por98.6%	;Disminuir por96.8%	;6	;Disminuir por99.6%	;Disminuir por14.3%	;2	;Disminuir por88.9%	;Disminuir por99.9%	;1	;Disminuir por99.8%	;Disminuir por97.7%	;0	;Disminuir por100.0%	;Disminuir por100.0%	;
144	;(Jueves)2026/04/23	;71	;Disminuir por98.2%	;Disminuir por94.7%	;57	;Disminuir por98.4%	;Disminuir por96.6%	;20	;Disminuir por98.3%	;Aumentar por300.0%	;20	;Aumentar por122.2%	;Disminuir por98.8%	;2	;Disminuir por99.5%	;Disminuir por96.0%	;3	;Disminuir por96.5%	;Disminuir por99.2%	;
145	;(Viernes)2026/04/24	;633	;Disminuir por91.9%	;Disminuir por47.6%	;452	;Disminuir por93.8%	;Disminuir por72.8%	;10	;Disminuir por97.4%	;Aumentar por42.9%	;4	;Disminuir por78.9%	;Disminuir por99.8%	;15	;Disminuir por92.0%	;Disminuir por68.8%	;23	;Disminuir por72.3%	;Disminuir por94.2%	;
146	;(Sábado)2026/04/25	;955	;Disminuir por90.1%	;Disminuir por30.1%	;908	;Disminuir por90.3%	;Disminuir por41.8%	;0	;Disminuir por100.0%	;Disminuir por100.0%	;0	;Disminuir por100.0%	;Disminuir por100.0%	;37	;Disminuir por90.9%	;Disminuir por36.2%	;42	;Disminuir por68.9%	;Disminuir por88.6%	;
147	;(Domingo)2026/04/26	;895	;Disminuir por81.2%	;Disminuir por51.1%	;805	;Disminuir por81.5%	;Disminuir por56.9%	;0	;Disminuir por100.0%	;Disminuir por100.0%	;0	;Disminuir por100.0%	;Disminuir por100.0%	;40	;Disminuir por92.5%	;Disminuir por28.6%	;37	;Disminuir por80.1%	;Disminuir por90.1%	;
148	;(Lunes)2026/04/27	;613	;Disminuir por90.8%	;Disminuir por65.2%	;496	;Disminuir por90.9%	;Disminuir por75.1%	;6	;Disminuir por99.5%	;Aumentar por20.0%	;5	;Disminuir por54.5%	;Disminuir por99.5%	;25	;Disminuir por95.1%	;Disminuir por46.8%	;12	;Disminuir por90.1%	;Disminuir por96.0%	;
149	;(Martes)2026/04/28	;427	;Disminuir por92.1%	;Disminuir por9.0%	;401	;Disminuir por93.2%	;Disminuir por32.6%	;2	;Disminuir por99.8%	;Disminuir por50.0%	;0	;Disminuir por100.0%	;Disminuir por100.0%	;8	;Disminuir por98.0%	;Disminuir por33.3%	;11	;Disminuir por90.4%	;Disminuir por91.2%	;
150	;(Miércoles)2026/04/29	;301	;Disminuir por90.5%	;Disminuir por46.0%	;275	;Disminuir por90.8%	;Disminuir por57.4%	;16	;Disminuir por99.0%	; --%	;15	;Disminuir por28.6%	;Disminuir por98.3%	;1	;Disminuir por99.8%	;Disminuir por97.0%	;0	;Disminuir por100.0%	;Disminuir por100.0%	;
151	;(Jueves)2026/04/30	;104	;Disminuir por95.7%	;Disminuir por89.0%	;83	;Disminuir por96.1%	;Disminuir por92.4%	;0	;Disminuir por100.0%	;Disminuir por100.0%	;0	;Disminuir por100.0%	;Disminuir por100.0%	;0	;Disminuir por100.0%	;Disminuir por100.0%	;0	;Disminuir por100.0%	;Disminuir por100.0%	;
152	;(Viernes)2026/05/01	;24	;Disminuir por99.0%	;Disminuir por99.1%	;28	;Disminuir por98.8%	;Disminuir por99.1%	;0	;Disminuir por100.0%	;Disminuir por100.0%	;0	;Disminuir por100.0%	;Disminuir por100.0%	;0	;Disminuir por100.0%	;Disminuir por100.0%	;0	;Disminuir por100.0%	;Disminuir por100.0%	;
153	;(Sábado)2026/05/02	;23	;Disminuir por99.1%	;Disminuir por99.1%	;14	;Disminuir por99.3%	;Disminuir por99.6%	;0	;Disminuir por100.0%	;Disminuir por100.0%	;0	;Disminuir por100.0%	;Disminuir por100.0%	;0	;Disminuir por100.0%	;Disminuir por100.0%	;0	;Disminuir por100.0%	;Disminuir por100.0%	;
154	;(Domingo)2026/05/03	;18	;Disminuir por99.4%	;Disminuir por99.3%	;7	;Disminuir por99.8%	;Disminuir por99.8%	;0	;Disminuir por100.0%	;Disminuir por100.0%	;0	;Disminuir por100.0%	;Disminuir por100.0%	;0	;Disminuir por100.0%	;Disminuir por100.0%	;0	;Disminuir por100.0%	;Disminuir por100.0%	;
155	;(Lunes)2026/05/04	;50	;Disminuir por99.1%	;Disminuir por96.8%	;50	;Disminuir por98.9%	;Disminuir por97.0%	;0	;Disminuir por100.0%	;Disminuir por100.0%	;0	;Disminuir por100.0%	;Disminuir por100.0%	;0	;Disminuir por100.0%	;Disminuir por100.0%	;0	;Disminuir por100.0%	;Disminuir por100.0%	;
156	;(Martes)2026/05/05	;24	;Disminuir por99.5%	;Disminuir por97.3%	;22	;Disminuir por99.6%	;Disminuir por98.0%	;0	;Disminuir por100.0%	;Disminuir por100.0%	;1	;Disminuir por95.0%	;Disminuir por99.9%	;0	;Disminuir por100.0%	;Disminuir por100.0%	;0	;Disminuir por100.0%	;Disminuir por100.0%	;
157	;(Miércoles)2026/05/06	;44	;Disminuir por98.4%	;Disminuir por94.4%	;34	;Disminuir por98.6%	;Disminuir por96.5%	;1	;Disminuir por99.9%	;Disminuir por80.0%	;3	;Disminuir por70.0%	;Disminuir por99.8%	;0	;Disminuir por100.0%	;Disminuir por100.0%	;0	;Disminuir por100.0%	;Disminuir por100.0%	;
158	;(Jueves)2026/05/07	;24	;Disminuir por98.9%	;Disminuir por96.4%	;25	;Disminuir por98.8%	;Disminuir por96.9%	;0	;Disminuir por100.0%	;Disminuir por100.0%	;0	;Disminuir por100.0%	;Disminuir por100.0%	;0	;Disminuir por100.0%	;Disminuir por100.0%	;0	;Disminuir por100.0%	;Disminuir por100.0%	;
159	;(Viernes)2026/05/08	;72	;Disminuir por96.4%	;Disminuir por89.8%	;77	;Disminuir por95.6%	;Disminuir por91.0%	;0	;Disminuir por100.0%	;Disminuir por100.0%	;0	;Disminuir por100.0%	;Disminuir por100.0%	;2	;Disminuir por99.5%	;Disminuir por93.3%	;1	;Disminuir por98.3%	;Disminuir por99.6%	;
160	;(Sábado)2026/05/09	;136	;Disminuir por93.6%	;Disminuir por89.7%	;156	;Disminuir por92.2%	;Disminuir por90.0%	;0	;Disminuir por100.0%	;Disminuir por100.0%	;0	;Disminuir por100.0%	;Disminuir por100.0%	;3	;Disminuir por99.2%	;Disminuir por95.4%	;2	;Disminuir por97.4%	;Disminuir por99.3%	;
161	;(Domingo)2026/05/10	;189	;Disminuir por91.7%	;Disminuir por88.9%	;247	;Disminuir por88.1%	;Disminuir por86.5%	;0	;Disminuir por100.0%	;Disminuir por100.0%	;0	;Disminuir por100.0%	;Disminuir por100.0%	;4	;Disminuir por99.1%	;Disminuir por94.0%	;3	;Disminuir por97.4%	;Disminuir por99.2%	;
162	;(Lunes)2026/05/11	;83	;Disminuir por97.1%	;Disminuir por94.8%	;98	;Disminuir por96.1%	;Disminuir por93.8%	;1	;Disminuir por99.9%	;Disminuir por80.0%	;2	;Disminuir por75.0%	;Disminuir por99.8%	;1	;Disminuir por99.8%	;Disminuir por97.5%	;0	;Disminuir por100.0%	;Disminuir por100.0%	;
163	;(Martes)2026/05/12	;70	;Disminuir por96.4%	;Disminuir por92.7%	;75	;Disminuir por95.9%	;Disminuir por93.4%	;0	;Disminuir por100.0%	;Disminuir por100.0%	;0	;Disminuir por100.0%	;Disminuir por100.0%	;0	;Disminuir por100.0%	;Disminuir por100.0%	;0	;Disminuir por100.0%	;Disminuir por100.0%	;
164	;(Miércoles)2026/05/13	;20	;Disminuir por97.8%	;Disminuir por97.2%	;19	;Disminuir por97.7%	;Disminuir por97.8%	;0	;Disminuir por100.0%	;Disminuir por100.0%	;0	;Disminuir por100.0%	;Disminuir por100.0%	;0	;Disminuir por100.0%	;Disminuir por100.0%	;0	;Disminuir por100.0%	;Disminuir por100.0%	;
165	;(Jueves)2026/05/14	;148	;Disminuir por89.9%	;Disminuir por84.7%	;145	;Disminuir por89.5%	;Disminuir por85.4%	;5	;Disminuir por99.7%	;Disminuir por99.4%	;6	;Aumentar por50.0%	;Disminuir por99.1%	;1	;Disminuir por99.7%	;Disminuir por99.4%	;1	;Disminuir por98.8%	;Disminuir por99.3%	;
166	;(Viernes)2026/05/15	;142	;Disminuir por89.8%	;Disminuir por88.9%	;148	;Disminuir por87.6%	;Disminuir por85.8%	;10	;Disminuir por99.3%	;Disminuir por99.4%	;13	;Aumentar por333.3%	;Aumentar por44.4%	;2	;Disminuir por99.5%	;Disminuir por99.4%	;2	;Disminuir por97.2%	;Disminuir por94.7%	;
167	;(Sábado)2026/05/16	;23	;Disminuir por98.5%	;Disminuir por98.6%	;18	;Disminuir por98.6%	;Disminuir por98.7%	;0	;Disminuir por100.0%	;Disminuir por100.0%	;0	;Disminuir por100.0%	;Disminuir por100.0%	;1	;Disminuir por99.7%	;Disminuir por99.7%	;0	;Disminuir por100.0%	;Disminuir por100.0%	;
168	;(Domingo)2026/05/17	;1	;Disminuir por99.9%	;Disminuir por100.0%	;7	;Disminuir por99.5%	;Disminuir por99.7%	;0	;Disminuir por100.0%	;Disminuir por100.0%	;0	;Disminuir por100.0%	;Disminuir por100.0%	;0	;Disminuir por100.0%	;Disminuir por100.0%	;0	;Disminuir por100.0%	;Disminuir por100.0%	;
169	;(Lunes)2026/05/18	;56	;Disminuir por97.5%	;Disminuir por97.0%	;46	;Disminuir por97.6%	;Disminuir por97.6%	;0	;Disminuir por100.0%	;Disminuir por100.0%	;0	;Disminuir por100.0%	;Disminuir por100.0%	;0	;Disminuir por100.0%	;Disminuir por100.0%	;0	;Disminuir por100.0%	;Disminuir por100.0%	;
170	;(Martes)2026/05/19	;45	;Disminuir por97.5%	;Disminuir por97.4%	;33	;Disminuir por98.2%	;Disminuir por97.9%	;0	;Disminuir por100.0%	;Disminuir por100.0%	;0	;Disminuir por100.0%	;Disminuir por100.0%	;1	;Disminuir por99.7%	;Disminuir por99.7%	;0	;Disminuir por100.0%	;Disminuir por100.0%	;
171	;(Miércoles)2026/05/20	;351	;Disminuir por78.4%	;Disminuir por70.7%	;337	;Disminuir por79.5%	;Disminuir por67.2%	;0	;Disminuir por100.0%	;Disminuir por100.0%	;2	;Disminuir por85.7%	;Disminuir por94.4%	;2	;Disminuir por99.5%	;Disminuir por99.4%	;8	;Disminuir por89.6%	;Disminuir por82.2%	;
172	;(Jueves)2026/05/21	;27	;Disminuir por97.9%	;Disminuir por98.0%	;25	;Disminuir por97.9%	;Disminuir por97.7%	;0	;Disminuir por100.0%	;Disminuir por100.0%	;0	;Disminuir por100.0%	;Disminuir por100.0%	;1	;Disminuir por99.8%	;Disminuir por99.7%	;0	;Disminuir por100.0%	;Disminuir por100.0%	;
173	;(Viernes)2026/05/22	;313	;Disminuir por70.3%	;Disminuir por75.8%	;296	;Disminuir por66.0%	;Disminuir por73.2%	;42	;Disminuir por96.9%	;Disminuir por97.2%	;36	;Aumentar por157.1%	;Aumentar por500.0%	;1	;Disminuir por99.7%	;Disminuir por99.7%	;1	;Disminuir por97.6%	;Disminuir por98.2%	;
174	;(Sábado)2026/05/23	;277	;Disminuir por80.7%	;Disminuir por83.1%	;228	;Disminuir por84.3%	;Disminuir por84.5%	;23	;Disminuir por98.1%	;Disminuir por98.7%	;18	;Aumentar por260.0%	;Aumentar por125.0%	;4	;Disminuir por98.3%	;Disminuir por99.0%	;0	;Disminuir por100.0%	;Disminuir por100.0%	;
175	;(Domingo)2026/05/24	;87	;Disminuir por94.8%	;Disminuir por97.0%	;120	;Disminuir por91.7%	;Disminuir por95.1%	;0	;Disminuir por100.0%	;Disminuir por100.0%	;1	;Disminuir por90.0%	;Disminuir por90.0%	;3	;Disminuir por98.7%	;Disminuir por99.2%	;1	;Disminuir por97.4%	;Disminuir por98.6%	;
176	;(Lunes)2026/05/25	;244	;Disminuir por78.6%	;Disminuir por88.6%	;227	;Disminuir por77.3%	;Disminuir por88.7%	;5	;Disminuir por99.7%	;Disminuir por99.6%	;5	;Disminuir por58.3%	;Sin cambios	;7	;Disminuir por90.8%	;Disminuir por98.0%	;9	;Disminuir por18.2%	;Disminuir por80.4%	;
177	;(Martes)2026/05/26	;75	;Disminuir por92.3%	;Disminuir por96.1%	;78	;Disminuir por91.5%	;Disminuir por95.6%	;39	;Disminuir por97.1%	;Disminuir por97.7%	;41	;Aumentar por583.3%	;Aumentar por485.7%	;3	;Disminuir por96.3%	;Disminuir por99.3%	;1	;Disminuir por91.7%	;Disminuir por98.3%	;
178	;(Miércoles)2026/05/27	;134	;Disminuir por85.3%	;Disminuir por91.2%	;137	;Disminuir por84.0%	;Disminuir por89.8%	;11	;Disminuir por99.3%	;Disminuir por99.3%	;11	;Aumentar por266.7%	;Aumentar por450.0%	;3	;Disminuir por97.9%	;Disminuir por99.3%	;2	;Disminuir por92.6%	;Disminuir por96.4%	;
179	;(Jueves)2026/05/28	;63	;Disminuir por94.4%	;Disminuir por95.6%	;55	;Disminuir por94.9%	;Disminuir por95.6%	;40	;Disminuir por97.2%	;Disminuir por97.6%	;40	;Aumentar por700.0%	;Aumentar por233.3%	;1	;Disminuir por99.7%	;Disminuir por99.7%	;0	;Disminuir por100.0%	;Disminuir por100.0%	;
180	;(Viernes)2026/05/29	;27	;Disminuir por97.7%	;Disminuir por98.3%	;20	;Disminuir por98.1%	;Disminuir por98.5%	;2	;Disminuir por99.9%	;Disminuir por99.9%	;0	;Disminuir por100.0%	;Disminuir por100.0%	;0	;Disminuir por100.0%	;Disminuir por100.0%	;0	;Disminuir por100.0%	;Disminuir por100.0%	;
181	;(Sábado)2026/05/30	;12	;Disminuir por99.2%	;Disminuir por99.3%	;13	;Disminuir por99.1%	;Disminuir por99.2%	;3	;Disminuir por99.9%	;Disminuir por99.8%	;3	;Disminuir por84.2%	;Disminuir por57.1%	;3	;Disminuir por99.5%	;Disminuir por99.3%	;0	;Disminuir por100.0%	;Disminuir por100.0%	;
182	;(Domingo)2026/05/31	;20	;Disminuir por99.0%	;Disminuir por99.4%	;22	;Disminuir por98.8%	;Disminuir por99.2%	;0	;Disminuir por100.0%	;Disminuir por100.0%	;0	;Disminuir por100.0%	;Disminuir por100.0%	;1	;Disminuir por99.9%	;Disminuir por99.4%	;0	;Disminuir por100.0%	;Disminuir por100.0%	;
183	;(Lunes)2026/06/01	;7	;Disminuir por99.8%	;Disminuir por99.7%	;9	;Disminuir por99.7%	;Disminuir por99.7%	;0	;Disminuir por100.0%	;Disminuir por100.0%	;0	;Disminuir por100.0%	;Disminuir por100.0%	;0	;Disminuir por100.0%	;Disminuir por100.0%	;0	;Disminuir por100.0%	;Disminuir por100.0%	;
184	;(Martes)2026/06/02	;115	;Disminuir por94.9%	;Disminuir por94.0%	;118	;Disminuir por94.8%	;Disminuir por92.7%	;9	;Disminuir por98.7%	;Disminuir por99.5%	;7	;Disminuir por22.2%	;Aumentar por40.0%	;2	;Disminuir por99.8%	;Disminuir por99.5%	;3	;Disminuir por97.4%	;Disminuir por94.1%	;
185	;(Miércoles)2026/06/03	;87	;Disminuir por93.8%	;Disminuir por94.6%	;78	;Disminuir por93.8%	;Disminuir por94.4%	;1	;Disminuir por99.9%	;Disminuir por99.9%	;0	;Disminuir por100.0%	;Disminuir por100.0%	;2	;Disminuir por99.4%	;Disminuir por99.5%	;0	;Disminuir por100.0%	;Disminuir por100.0%	;
186	;(Jueves)2026/06/04	;58	;Disminuir por95.2%	;Disminuir por96.7%	;60	;Disminuir por94.3%	;Disminuir por96.0%	;0	;Disminuir por100.0%	;Disminuir por100.0%	;0	;Disminuir por100.0%	;Disminuir por100.0%	;5	;Disminuir por98.6%	;Disminuir por98.9%	;2	;Disminuir por95.6%	;Disminuir por95.7%	;
187	;(Viernes)2026/06/05	;336	;Disminuir por68.0%	;Disminuir por80.9%	;297	;Disminuir por67.0%	;Disminuir por80.9%	;0	;Disminuir por100.0%	;Disminuir por100.0%	;0	;Disminuir por100.0%	;Disminuir por100.0%	;5	;Disminuir por98.6%	;Disminuir por98.8%	;3	;Disminuir por95.9%	;Disminuir por94.4%	;
188	;(Sábado)2026/06/06	;431	;Disminuir por63.6%	;Disminuir por83.7%	;558	;Disminuir por47.7%	;Disminuir por75.6%	;0	;Disminuir por100.0%	;Disminuir por100.0%	;0	;Disminuir por100.0%	;Disminuir por100.0%	;10	;Disminuir por96.9%	;Disminuir por97.8%	;0	;Disminuir por100.0%	;Disminuir por100.0%	;
189	;(Domingo)2026/06/07	;523	;Disminuir por65.1%	;Disminuir por88.2%	;373	;Disminuir por71.5%	;Disminuir por90.2%	;0	;Disminuir por100.0%	;Disminuir por100.0%	;0	;Disminuir por100.0%	;Disminuir por100.0%	;11	;Disminuir por97.0%	;Disminuir por98.1%	;1	;Disminuir por98.4%	;Disminuir por98.9%	;
190	;(Lunes)2026/06/08	;195	;Disminuir por91.3%	;Disminuir por94.8%	;258	;Disminuir por87.8%	;Disminuir por92.6%	;1	;Disminuir por99.9%	;Disminuir por99.9%	;0	;Disminuir por100.0%	;Disminuir por100.0%	;5	;Disminuir por98.6%	;Disminuir por99.0%	;0	;Disminuir por100.0%	;Disminuir por100.0%	;
191	;(Martes)2026/06/09	;120	;Disminuir por88.6%	;Disminuir por96.0%	;228	;Disminuir por81.0%	;Disminuir por91.5%	;0	;Disminuir por100.0%	;Disminuir por100.0%	;0	; --%	;Disminuir por100.0%	;6	;Disminuir por94.7%	;Disminuir por98.7%	;2	;Disminuir por95.0%	;Disminuir por97.1%	;
192	;(Miércoles)2026/06/10	;236	;Disminuir por70.6%	;Disminuir por89.0%	;300	;Disminuir por55.7%	;Disminuir por83.2%	;0	;Disminuir por100.0%	;Disminuir por100.0%	;0	;Disminuir por100.0%	;Disminuir por100.0%	;1	;Disminuir por99.6%	;Disminuir por99.8%	;1	;Disminuir por97.9%	;Disminuir por98.4%	;
193	;(Jueves)2026/06/11	;293	;Aumentar por29200.0%	;Disminuir por85.8%	;376	;Aumentar por12433.3%	;Disminuir por78.6%	;0	;Disminuir por100.0%	;Disminuir por100.0%	;0	; --%	;Disminuir por100.0%	;6	; --%	;Disminuir por98.7%	;2	; --%	;Disminuir por95.8%	;
194	;(Viernes)2026/06/12	;419	;Disminuir por52.4%	;Disminuir por80.6%	;410	;Disminuir por43.9%	;Disminuir por78.6%	;0	;Disminuir por100.0%	;Disminuir por100.0%	;0	;Disminuir por100.0%	;Disminuir por100.0%	;8	;Disminuir por97.1%	;Disminuir por98.2%	;4	;Disminuir por90.9%	;Disminuir por90.7%	;
195	;(Sábado)2026/06/13	;673	;Disminuir por12.7%	;Disminuir por74.1%	;622	;Disminuir por8.9%	;Disminuir por71.2%	;0	;Disminuir por100.0%	;Disminuir por100.0%	;0	;Disminuir por100.0%	;Disminuir por100.0%	;12	;Disminuir por95.3%	;Disminuir por97.7%	;2	;Disminuir por95.2%	;Disminuir por96.8%	;
196	;(Domingo)2026/06/14	;520	;Disminuir por64.2%	;Disminuir por84.6%	;554	;Disminuir por57.7%	;Disminuir por81.3%	;0	;Disminuir por100.0%	;Disminuir por100.0%	;0	;Disminuir por100.0%	;Disminuir por100.0%	;7	;Disminuir por97.6%	;Disminuir por98.7%	;3	;Disminuir por95.3%	;Disminuir por96.3%	;
197	;(Lunes)2026/06/15	;388	;Disminuir por77.2%	;Disminuir por86.0%	;330	;Disminuir por78.4%	;Disminuir por87.7%	;3	;Disminuir por99.8%	;Disminuir por99.8%	;2	;Disminuir por50.0%	;Disminuir por83.3%	;3	;Disminuir por99.1%	;Disminuir por99.4%	;3	;Disminuir por94.1%	;Disminuir por96.8%	;
198	;(Martes)2026/06/16	;409	;Disminuir por67.7%	;Disminuir por85.6%	;395	;Disminuir por67.8%	;Disminuir por84.2%	;0	;Disminuir por100.0%	;Disminuir por100.0%	;0	;Disminuir por100.0%	;Disminuir por100.0%	;10	;Disminuir por96.7%	;Disminuir por98.0%	;5	;Disminuir por91.2%	;Disminuir por92.3%	;
199	;(Miércoles)2026/06/17	;311	;Disminuir por68.5%	;Disminuir por85.6%	;337	;Disminuir por60.4%	;Disminuir por80.9%	;1	;Disminuir por99.9%	;Disminuir por99.9%	;1	;Disminuir por75.0%	;Disminuir por85.7%	;6	;Disminuir por97.9%	;Disminuir por98.8%	;4	;Disminuir por91.8%	;Disminuir por94.5%	;
200	;(Jueves)2026/06/18	;347	;Disminuir por54.5%	;Disminuir por86.0%	;334	;Disminuir por50.0%	;Disminuir por83.8%	;1	;Disminuir por99.9%	;Disminuir por99.9%	;2	;Disminuir por60.0%	;Disminuir por66.7%	;13	;Disminuir por94.7%	;Disminuir por97.0%	;3	;Disminuir por92.7%	;Disminuir por94.4%	;
201	;(Viernes)2026/06/19	;477	;Disminuir por38.1%	;Disminuir por80.7%	;478	;Disminuir por22.4%	;Disminuir por77.9%	;1	;Disminuir por99.9%	;Disminuir por99.9%	;0	;Disminuir por100.0%	;Disminuir por100.0%	;11	;Disminuir por95.0%	;Disminuir por98.0%	;0	;Disminuir por100.0%	;Disminuir por100.0%	;
202	;(Sábado)2026/06/20	;932	;Aumentar por27.3%	;Disminuir por68.6%	;742	;Aumentar por30.2%	;Disminuir por70.0%	;1	;Disminuir por99.9%	;Disminuir por99.9%	;1	;Disminuir por75.0%	;Sin cambios	;14	;Disminuir por93.7%	;Disminuir por96.9%	;6	;Disminuir por81.8%	;Disminuir por89.7%	;
203	;(Domingo)2026/06/21	;712	;Disminuir por17.9%	;Disminuir por85.8%	;593	;Disminuir por20.1%	;Disminuir por86.1%	;0	;Disminuir por100.0%	;Disminuir por100.0%	;0	;Disminuir por100.0%	;Disminuir por100.0%	;16	;Disminuir por94.5%	;Disminuir por96.7%	;10	;Disminuir por80.8%	;Disminuir por90.2%	;
204	;(Lunes)2026/06/22	;636	;Disminuir por36.8%	;Disminuir por85.5%	;566	;Disminuir por43.7%	;Disminuir por86.2%	;0	;Disminuir por100.0%	;Disminuir por100.0%	;0	;Disminuir por100.0%	;Disminuir por100.0%	;14	;Disminuir por92.2%	;Disminuir por97.2%	;2	;Disminuir por94.9%	;Disminuir por98.2%	;
205	;(Martes)2026/06/23	;867	;Disminuir por12.5%	;Disminuir por83.4%	;1183	;Aumentar por25.3%	;Disminuir por74.8%	;1	;Disminuir por99.9%	;Disminuir por99.9%	;0	;Disminuir por100.0%	;Disminuir por100.0%	;15	;Disminuir por94.2%	;Disminuir por97.1%	;16	;Disminuir por66.0%	;Disminuir por87.3%	;
206	;(Miércoles)2026/06/24	;1335	;Aumentar por56.9%	;Disminuir por72.3%	;734	;Disminuir por3.8%	;Disminuir por80.2%	;0	;Disminuir por100.0%	;Disminuir por100.0%	;0	;Disminuir por100.0%	;Disminuir por100.0%	;17	;Disminuir por94.1%	;Disminuir por96.4%	;6	;Disminuir por88.0%	;Disminuir por94.5%	;
207	;(Jueves)2026/06/25	;821	;Aumentar por17.3%	;Disminuir por76.6%	;870	;Aumentar por45.7%	;Disminuir por70.8%	;5	;Disminuir por99.6%	;Disminuir por99.7%	;6	;Aumentar por20.0%	;Aumentar por50.0%	;9	;Disminuir por96.2%	;Disminuir por98.1%	;9	;Disminuir por83.9%	;Disminuir por89.8%	;
208	;(Viernes)2026/06/26	;984	;Aumentar por30.9%	;Disminuir por73.5%	;949	;Aumentar por52.3%	;Disminuir por70.6%	;17	;Disminuir por98.6%	;Disminuir por98.9%	;15	;Aumentar por275.0%	;Aumentar por87.5%	;8	;Disminuir por96.7%	;Disminuir por98.4%	;4	;Disminuir por88.6%	;Disminuir por96.0%	;
209	;(Sábado)2026/06/27	;862	;Aumentar por31.8%	;Disminuir por79.7%	;847	;Aumentar por37.9%	;Disminuir por76.1%	;3	;Disminuir por99.8%	;Disminuir por99.8%	;1	;Disminuir por85.7%	;Disminuir por88.9%	;12	;Disminuir por94.7%	;Disminuir por97.4%	;17	;Disminuir por63.0%	;Disminuir por83.5%	;
210	;(Domingo)2026/06/28	;762	;Disminuir por12.8%	;Disminuir por83.4%	;704	;Disminuir por11.4%	;Disminuir por81.9%	;0	;Disminuir por100.0%	;Disminuir por100.0%	;0	;Disminuir por100.0%	;Disminuir por100.0%	;19	;Disminuir por92.1%	;Disminuir por95.9%	;8	;Disminuir por80.0%	;Disminuir por92.2%	;
211	;(Lunes)2026/06/29	;717	;Disminuir por32.6%	;Disminuir por81.7%	;667	;Disminuir por33.5%	;Disminuir por82.7%	;10	;Disminuir por99.1%	;Disminuir por99.2%	;11	;Aumentar por10.0%	;Sin cambios	;9	;Disminuir por96.7%	;Disminuir por97.9%	;4	;Disminuir por91.7%	;Disminuir por94.4%	;
212	;(Martes)2026/06/30	;685	;Disminuir por38.9%	;Disminuir por81.9%	;680	;Disminuir por26.0%	;Disminuir por80.4%	;12	;Disminuir por98.7%	;Disminuir por99.4%	;9	;Aumentar por50.0%	;Disminuir por55.0%	;16	;Disminuir por93.3%	;Disminuir por97.2%	;6	;Disminuir por86.0%	;Disminuir por94.0%	;

Exportar contenido:Subtipos de vehículos a motor	;
Hora del informe: 2025/12/01 00:00:00 - 2026/07/14 23:59:59	;

N.º	;Hora	;Autobuses	; 	; 	; 	; 	; 	;Monovolúmenes	; 	; 	; 	; 	; 	;Sedanes pequeños	; 	; 	; 	; 	; 	;Camiones	;
	;	;Avanzar	; 	; 	;Retroceso	; 	; 	;Avanzar	; 	; 	;Retroceso	; 	; 	;Avanzar	; 	; 	;Retroceso	; 	; 	;Avanzar	; 	; 	;Retroceso	;
	;	;Valor	;Tasa de cambio (ciclo tras ciclo)	;Tasa de cambio (año tras año)	;Valor	;Tasa de cambio (ciclo tras ciclo)	;Tasa de cambio (año tras año)	;Valor	;Tasa de cambio (ciclo tras ciclo)	;Tasa de cambio (año tras año)	;Valor	;Tasa de cambio (ciclo tras ciclo)	;Tasa de cambio (año tras año)	;Valor	;Tasa de cambio (ciclo tras ciclo)	;Tasa de cambio (año tras año)	;Valor	;Tasa de cambio (ciclo tras ciclo)	;Tasa de cambio (año tras año)	;Valor	;Tasa de cambio (ciclo tras ciclo)	;Tasa de cambio (año tras año)	;Valor	;Tasa de cambio (ciclo tras ciclo)	;Tasa de cambio (año tras año)	;
1	;(Lunes)2025/12/01	;0	; --%	; --%	;0	; --%	; --%	;124	; --%	; --%	;2	; --%	; --%	;1133	; --%	; --%	;0	; --%	; --%	;25	; --%	; --%	;1	; --%	; --%	;
2	;(Martes)2025/12/02	;1	; --%	; --%	;0	; --%	; --%	;139	; --%	; --%	;6	; --%	; --%	;1111	; --%	; --%	;3	; --%	; --%	;46	; --%	; --%	;8	; --%	; --%	;
3	;(Miércoles)2025/12/03	;6	; --%	; --%	;4	; --%	; --%	;129	; --%	; --%	;0	; --%	; --%	;1240	; --%	; --%	;2	; --%	; --%	;36	; --%	; --%	;0	; --%	; --%	;
4	;(Jueves)2025/12/04	;4	; --%	; --%	;0	; --%	; --%	;150	; --%	; --%	;3	; --%	; --%	;1187	; --%	; --%	;0	; --%	; --%	;25	; --%	; --%	;0	; --%	; --%	;
5	;(Viernes)2025/12/05	;2	; --%	; --%	;1	; --%	; --%	;157	; --%	; --%	;5	;Disminuir por86.1%	; --%	;1260	; --%	; --%	;2	;Disminuir por99.5%	; --%	;58	; --%	; --%	;1	;Disminuir por75.0%	; --%	;
6	;(Sábado)2025/12/06	;0	; --%	; --%	;0	;Disminuir por100.0%	; --%	;62	;Aumentar por1450.0%	; --%	;2	;Disminuir por99.1%	; --%	;1609	;Aumentar por160800.0%	; --%	;15	;Disminuir por98.9%	; --%	;9	;Aumentar por350.0%	; --%	;0	;Disminuir por100.0%	; --%	;
7	;(Domingo)2025/12/07	;4	;Aumentar por33.3%	; --%	;1	;Disminuir por83.3%	; --%	;48	;Aumentar por4700.0%	; --%	;1	;Disminuir por99.5%	; --%	;1873	;Aumentar por187200.0%	; --%	;11	;Disminuir por99.0%	; --%	;5	;Aumentar por400.0%	; --%	;0	;Disminuir por100.0%	; --%	;
8	;(Lunes)2025/12/08	;3	;Aumentar por50.0%	; --%	;0	;Disminuir por100.0%	; --%	;63	;Aumentar por3050.0%	; --%	;3	;Disminuir por96.6%	; --%	;1166	;Aumentar por14475.0%	; --%	;5	;Disminuir por99.6%	; --%	;9	;Aumentar por800.0%	; --%	;3	;Disminuir por86.4%	; --%	;
9	;(Martes)2025/12/09	;0	; --%	; --%	;0	;Disminuir por100.0%	; --%	;140	;Aumentar por13900.0%	; --%	;3	;Disminuir por94.8%	; --%	;960	;Aumentar por47900.0%	; --%	;2	;Disminuir por99.8%	; --%	;33	;Aumentar por3200.0%	; --%	;2	;Disminuir por80.0%	; --%	;
10	;(Miércoles)2025/12/10	;0	; --%	; --%	;0	;Disminuir por100.0%	; --%	;104	;Aumentar por3366.7%	; --%	;0	;Disminuir por100.0%	; --%	;935	;Aumentar por93400.0%	; --%	;3	;Disminuir por99.4%	; --%	;39	; --%	; --%	;0	;Disminuir por100.0%	; --%	;
11	;(Jueves)2025/12/11	;0	; --%	; --%	;0	; --%	; --%	;118	; --%	; --%	;3	;Disminuir por97.0%	; --%	;922	; --%	; --%	;1	;Disminuir por99.9%	; --%	;32	; --%	; --%	;1	;Disminuir por93.3%	; --%	;
12	;(Viernes)2025/12/12	;5	; --%	; --%	;1	;Disminuir por75.0%	; --%	;134	; --%	; --%	;5	;Disminuir por97.7%	; --%	;1131	;Aumentar por113000.0%	; --%	;3	;Disminuir por99.8%	; --%	;52	; --%	; --%	;0	;Disminuir por100.0%	; --%	;
13	;(Sábado)2025/12/13	;3	; --%	; --%	;0	;Disminuir por100.0%	; --%	;53	;Aumentar por1666.7%	; --%	;3	;Disminuir por95.8%	; --%	;1235	;Aumentar por123400.0%	; --%	;3	;Disminuir por99.8%	; --%	;8	; --%	; --%	;0	;Disminuir por100.0%	; --%	;
14	;(Domingo)2025/12/14	;0	;Disminuir por100.0%	; --%	;0	;Disminuir por100.0%	; --%	;41	;Aumentar por4000.0%	; --%	;1	;Disminuir por99.4%	; --%	;727	;Aumentar por24133.3%	; --%	;4	;Disminuir por99.7%	; --%	;4	;Aumentar por100.0%	; --%	;1	;Disminuir por98.9%	; --%	;
15	;(Lunes)2025/12/15	;0	; --%	; --%	;0	;Disminuir por100.0%	; --%	;96	;Aumentar por4700.0%	; --%	;1	;Disminuir por98.9%	; --%	;1034	;Aumentar por10240.0%	; --%	;1	;Disminuir por99.9%	; --%	;15	;Aumentar por650.0%	; --%	;0	;Disminuir por100.0%	; --%	;
16	;(Martes)2025/12/16	;0	;Disminuir por100.0%	; --%	;0	;Disminuir por100.0%	; --%	;102	;Aumentar por10100.0%	; --%	;4	;Disminuir por93.7%	; --%	;982	;Aumentar por49000.0%	; --%	;1	;Disminuir por99.9%	; --%	;26	;Aumentar por766.7%	; --%	;0	;Disminuir por100.0%	; --%	;
17	;(Miércoles)2025/12/17	;3	; --%	; --%	;1	;Disminuir por66.7%	; --%	;130	;Aumentar por6400.0%	; --%	;0	;Disminuir por100.0%	; --%	;1003	;Aumentar por50050.0%	; --%	;0	;Disminuir por100.0%	; --%	;23	;Aumentar por2200.0%	; --%	;0	;Disminuir por100.0%	; --%	;
18	;(Jueves)2025/12/18	;1	;Sin cambios	; --%	;0	;Disminuir por100.0%	; --%	;99	;Aumentar por4850.0%	; --%	;4	;Disminuir por97.6%	; --%	;1072	;Aumentar por107100.0%	; --%	;0	;Disminuir por100.0%	; --%	;24	;Aumentar por2300.0%	; --%	;0	;Disminuir por100.0%	; --%	;
19	;(Viernes)2025/12/19	;1	; --%	; --%	;0	;Disminuir por100.0%	; --%	;139	;Aumentar por13800.0%	; --%	;3	;Disminuir por98.1%	; --%	;1093	;Aumentar por109200.0%	; --%	;4	;Disminuir por99.7%	; --%	;42	;Aumentar por2000.0%	; --%	;0	;Disminuir por100.0%	; --%	;
20	;(Sábado)2025/12/20	;0	; --%	; --%	;0	;Disminuir por100.0%	; --%	;58	;Aumentar por5700.0%	; --%	;2	;Disminuir por99.1%	; --%	;1130	;Aumentar por18733.3%	; --%	;3	;Disminuir por99.8%	; --%	;6	;Aumentar por200.0%	; --%	;0	;Disminuir por100.0%	; --%	;
21	;(Domingo)2025/12/21	;0	; --%	; --%	;0	;Disminuir por100.0%	; --%	;26	;Aumentar por2500.0%	; --%	;1	;Disminuir por99.4%	; --%	;932	; --%	; --%	;0	;Disminuir por100.0%	; --%	;3	;Aumentar por50.0%	; --%	;0	;Disminuir por100.0%	; --%	;
22	;(Lunes)2025/12/22	;3	;Aumentar por200.0%	; --%	;0	;Disminuir por100.0%	; --%	;125	; --%	; --%	;6	;Disminuir por93.2%	; --%	;1112	;Aumentar por55500.0%	; --%	;2	;Disminuir por99.9%	; --%	;28	;Aumentar por1300.0%	; --%	;1	;Disminuir por95.8%	; --%	;
23	;(Martes)2025/12/23	;0	; --%	; --%	;0	;Disminuir por100.0%	; --%	;105	;Aumentar por10400.0%	; --%	;3	;Disminuir por94.4%	; --%	;975	;Aumentar por48650.0%	; --%	;3	;Disminuir por99.7%	; --%	;41	;Aumentar por1950.0%	; --%	;1	;Disminuir por90.0%	; --%	;
24	;(Miércoles)2025/12/24	;1	; --%	; --%	;0	;Disminuir por100.0%	; --%	;80	;Aumentar por3900.0%	; --%	;2	;Disminuir por98.9%	; --%	;918	;Aumentar por91700.0%	; --%	;3	;Disminuir por99.8%	; --%	;23	;Aumentar por1050.0%	; --%	;0	;Disminuir por100.0%	; --%	;
25	;(Jueves)2025/12/25	;4	; --%	; --%	;1	;Disminuir por66.7%	; --%	;25	;Aumentar por1150.0%	; --%	;3	;Disminuir por98.1%	; --%	;780	;Aumentar por38900.0%	; --%	;5	;Disminuir por99.6%	; --%	;6	; --%	; --%	;0	;Disminuir por100.0%	; --%	;
26	;(Viernes)2025/12/26	;0	;Disminuir por100.0%	; --%	;0	;Disminuir por100.0%	; --%	;70	;Disminuir por9.1%	; --%	;1	;Disminuir por99.0%	; --%	;1085	;Aumentar por47.4%	; --%	;3	;Disminuir por99.4%	; --%	;25	;Aumentar por92.3%	; --%	;1	;Disminuir por97.3%	; --%	;
27	;(Sábado)2025/12/27	;1	;Disminuir por50.0%	; --%	;0	; --%	; --%	;56	;Disminuir por73.1%	; --%	;1	;Disminuir por50.0%	; --%	;1217	;Disminuir por10.0%	; --%	;1	;Disminuir por75.0%	; --%	;17	;Disminuir por67.3%	; --%	;0	;Disminuir por100.0%	; --%	;
28	;(Domingo)2025/12/28	;0	;Disminuir por100.0%	; --%	;0	;Disminuir por100.0%	; --%	;55	;Disminuir por68.8%	; --%	;3	; --%	; --%	;1066	;Disminuir por3.5%	; --%	;6	;Aumentar por20.0%	; --%	;9	;Disminuir por86.4%	; --%	;1	;Disminuir por50.0%	; --%	;
29	;(Lunes)2025/12/29	;1	;Disminuir por80.0%	; --%	;0	; --%	; --%	;137	;Aumentar por85.1%	; --%	;3	;Sin cambios	; --%	;1295	;Aumentar por23.5%	; --%	;3	; --%	; --%	;33	;Aumentar por37.5%	; --%	;2	;Disminuir por33.3%	; --%	;
30	;(Martes)2025/12/30	;1	;Disminuir por85.7%	; --%	;0	; --%	; --%	;113	;Aumentar por130.6%	; --%	;1	; --%	; --%	;1234	;Aumentar por4.9%	; --%	;5	;Sin cambios	; --%	;31	;Aumentar por342.9%	; --%	;1	;Sin cambios	; --%	;
31	;(Miércoles)2025/12/31	;3	;Disminuir por40.0%	; --%	;1	; --%	; --%	;88	;Disminuir por56.2%	; --%	;1	;Disminuir por50.0%	; --%	;1212	;Disminuir por7.6%	; --%	;2	;Aumentar por100.0%	; --%	;17	;Disminuir por62.2%	; --%	;0	;Disminuir por100.0%	; --%	;
32	;(Jueves)2026/01/01	;9	;Aumentar por800.0%	; --%	;0	; --%	; --%	;52	;Disminuir por65.8%	; --%	;1	;Sin cambios	; --%	;1051	;Disminuir por2.4%	; --%	;4	; --%	; --%	;9	;Disminuir por89.3%	; --%	;1	;Disminuir por97.1%	; --%	;
33	;(Viernes)2026/01/02	;4	;Aumentar por33.3%	; --%	;1	; --%	; --%	;106	;Disminuir por40.4%	; --%	;3	;Aumentar por50.0%	; --%	;1174	;Disminuir por8.4%	; --%	;6	;Aumentar por500.0%	; --%	;44	;Disminuir por18.5%	; --%	;2	;Disminuir por50.0%	; --%	;
34	;(Sábado)2026/01/03	;6	;Aumentar por50.0%	; --%	;0	;Disminuir por100.0%	; --%	;59	;Disminuir por67.0%	; --%	;1	;Disminuir por66.7%	; --%	;1127	;Disminuir por10.6%	; --%	;9	;Aumentar por800.0%	; --%	;11	;Disminuir por73.8%	; --%	;1	;Sin cambios	; --%	;
35	;(Domingo)2026/01/04	;0	;Disminuir por100.0%	; --%	;0	;Disminuir por100.0%	; --%	;40	;Disminuir por80.2%	; --%	;1	;Sin cambios	; --%	;867	;Disminuir por42.9%	; --%	;2	;Disminuir por33.3%	; --%	;5	;Disminuir por91.8%	; --%	;1	;Disminuir por66.7%	; --%	;
36	;(Lunes)2026/01/05	;0	;Disminuir por100.0%	; --%	;0	; --%	; --%	;123	;Aumentar por68.5%	; --%	;4	; --%	; --%	;955	;Disminuir por3.5%	; --%	;2	;Disminuir por77.8%	; --%	;21	;Aumentar por40.0%	; --%	;0	;Disminuir por100.0%	; --%	;
37	;(Martes)2026/01/06	;3	;Disminuir por25.0%	; --%	;0	; --%	; --%	;46	;Disminuir por13.2%	; --%	;1	; --%	; --%	;834	;Disminuir por32.4%	; --%	;3	;Disminuir por40.0%	; --%	;7	;Disminuir por30.0%	; --%	;3	; --%	; --%	;
38	;(Miércoles)2026/01/07	;3	;Sin cambios	; --%	;0	; --%	; --%	;105	;Disminuir por45.0%	; --%	;2	;Aumentar por100.0%	; --%	;936	;Disminuir por36.3%	; --%	;0	;Disminuir por100.0%	; --%	;21	;Disminuir por34.4%	; --%	;1	;Disminuir por80.0%	; --%	;
39	;(Jueves)2026/01/08	;3	;Disminuir por40.0%	; --%	;0	; --%	; --%	;110	;Disminuir por27.6%	; --%	;2	; --%	; --%	;956	;Disminuir por29.9%	; --%	;0	;Disminuir por100.0%	; --%	;12	;Disminuir por77.4%	; --%	;0	; --%	; --%	;
40	;(Viernes)2026/01/09	;6	;Disminuir por57.1%	; --%	;0	;Disminuir por100.0%	; --%	;109	;Disminuir por51.1%	; --%	;1	;Disminuir por85.7%	; --%	;948	;Disminuir por27.7%	; --%	;5	; --%	; --%	;35	;Disminuir por67.3%	; --%	;0	;Disminuir por100.0%	; --%	;
41	;(Sábado)2026/01/10	;0	;Disminuir por100.0%	; --%	;1	; --%	; --%	;44	;Disminuir por78.9%	; --%	;0	;Disminuir por100.0%	; --%	;776	;Disminuir por48.2%	; --%	;5	;Aumentar por150.0%	; --%	;9	;Disminuir por83.6%	; --%	;1	;Disminuir por75.0%	; --%	;
42	;(Domingo)2026/01/11	;0	;Disminuir por100.0%	; --%	;0	; --%	; --%	;32	;Disminuir por84.3%	; --%	;1	; --%	; --%	;685	;Disminuir por41.5%	; --%	;0	;Disminuir por100.0%	; --%	;5	;Disminuir por92.9%	; --%	;0	;Disminuir por100.0%	; --%	;
43	;(Lunes)2026/01/12	;2	;Sin cambios	; --%	;0	; --%	; --%	;130	;Aumentar por2500.0%	; --%	;1	; --%	; --%	;900	;Aumentar por1856.5%	; --%	;0	;Disminuir por100.0%	; --%	;25	;Aumentar por212.5%	; --%	;1	;Disminuir por75.0%	; --%	;
44	;(Martes)2026/01/13	;3	;Disminuir por50.0%	; --%	;0	; --%	; --%	;107	;Aumentar por98.1%	; --%	;3	;Sin cambios	; --%	;912	;Disminuir por24.7%	; --%	;0	;Disminuir por100.0%	; --%	;27	;Aumentar por285.7%	; --%	;0	;Disminuir por100.0%	; --%	;
45	;(Miércoles)2026/01/14	;1	;Disminuir por80.0%	; --%	;0	;Disminuir por100.0%	; --%	;97	;Disminuir por52.2%	; --%	;2	; --%	; --%	;911	;Disminuir por40.3%	; --%	;1	;Disminuir por50.0%	; --%	;27	;Disminuir por20.6%	; --%	;0	;Disminuir por100.0%	; --%	;
46	;(Jueves)2026/01/15	;3	;Disminuir por50.0%	; --%	;0	; --%	; --%	;102	;Disminuir por41.7%	; --%	;2	;Aumentar por100.0%	; --%	;895	;Disminuir por33.4%	; --%	;2	;Aumentar por100.0%	; --%	;34	;Disminuir por46.0%	; --%	;2	;Aumentar por100.0%	; --%	;
47	;(Viernes)2026/01/16	;0	;Disminuir por100.0%	; --%	;0	;Disminuir por100.0%	; --%	;113	;Disminuir por35.8%	; --%	;2	;Aumentar por100.0%	; --%	;933	;Disminuir por30.7%	; --%	;2	;Sin cambios	; --%	;47	;Aumentar por17.5%	; --%	;0	;Disminuir por100.0%	; --%	;
48	;(Sábado)2026/01/17	;2	;Disminuir por66.7%	; --%	;0	; --%	; --%	;51	;Disminuir por74.6%	; --%	;1	; --%	; --%	;854	;Disminuir por37.7%	; --%	;0	; --%	; --%	;11	;Disminuir por70.3%	; --%	;0	;Disminuir por100.0%	; --%	;
49	;(Domingo)2026/01/18	;5	;Disminuir por58.3%	; --%	;0	; --%	; --%	;30	;Disminuir por84.4%	; --%	;3	;Aumentar por50.0%	; --%	;662	;Disminuir por54.3%	; --%	;2	;Disminuir por33.3%	; --%	;7	;Disminuir por91.6%	; --%	;0	;Disminuir por100.0%	; --%	;
50	;(Lunes)2026/01/19	;1	;Disminuir por88.9%	; --%	;0	; --%	; --%	;116	;Disminuir por12.1%	; --%	;3	;Disminuir por40.0%	; --%	;915	;Disminuir por59.8%	; --%	;5	;Disminuir por28.6%	; --%	;16	;Disminuir por44.8%	; --%	;0	;Disminuir por100.0%	; --%	;
51	;(Martes)2026/01/20	;2	;Disminuir por75.0%	; --%	;0	; --%	; --%	;110	;Aumentar por74.6%	; --%	;1	; --%	; --%	;941	;Disminuir por19.0%	; --%	;1	;Disminuir por83.3%	; --%	;35	;Aumentar por288.9%	; --%	;0	; --%	; --%	;
52	;(Miércoles)2026/01/21	;3	;Sin cambios	; --%	;0	;Disminuir por100.0%	; --%	;105	;Disminuir por54.3%	; --%	;0	;Disminuir por100.0%	; --%	;847	;Disminuir por51.3%	; --%	;1	;Disminuir por83.3%	; --%	;16	;Disminuir por68.6%	; --%	;1	;Disminuir por50.0%	; --%	;
53	;(Jueves)2026/01/22	;3	;Aumentar por200.0%	; --%	;0	; --%	; --%	;111	;Disminuir por38.0%	; --%	;2	;Disminuir por33.3%	; --%	;912	;Disminuir por37.2%	; --%	;2	;Disminuir por33.3%	; --%	;82	;Aumentar por26.2%	; --%	;81	;Aumentar por8000.0%	; --%	;
54	;(Viernes)2026/01/23	;2	;Disminuir por50.0%	; --%	;0	; --%	; --%	;120	;Disminuir por27.3%	; --%	;2	; --%	; --%	;928	;Disminuir por39.7%	; --%	;3	;Aumentar por200.0%	; --%	;87	;Aumentar por61.1%	; --%	;56	; --%	; --%	;
55	;(Sábado)2026/01/24	;3	;Disminuir por40.0%	; --%	;2	;Aumentar por100.0%	; --%	;46	;Disminuir por75.5%	; --%	;1	; --%	; --%	;808	;Disminuir por49.3%	; --%	;9	;Aumentar por800.0%	; --%	;6	;Disminuir por87.5%	; --%	;1	; --%	; --%	;
56	;(Domingo)2026/01/25	;4	;Disminuir por66.7%	; --%	;0	;Disminuir por100.0%	; --%	;38	;Disminuir por83.8%	; --%	;1	;Disminuir por66.7%	; --%	;740	;Disminuir por57.2%	; --%	;3	;Disminuir por62.5%	; --%	;9	;Disminuir por91.4%	; --%	;1	;Disminuir por80.0%	; --%	;
57	;(Lunes)2026/01/26	;1	;Disminuir por83.3%	; --%	;0	; --%	; --%	;132	;Aumentar por23.4%	; --%	;3	;Aumentar por200.0%	; --%	;918	;Disminuir por41.6%	; --%	;0	;Disminuir por100.0%	; --%	;24	;Disminuir por25.0%	; --%	;0	;Disminuir por100.0%	; --%	;
58	;(Martes)2026/01/27	;2	;Disminuir por80.0%	; --%	;0	;Disminuir por100.0%	; --%	;92	;Aumentar por41.5%	; --%	;2	; --%	; --%	;891	;Disminuir por40.1%	; --%	;0	;Disminuir por100.0%	; --%	;38	;Aumentar por65.2%	; --%	;2	;Sin cambios	; --%	;
59	;(Miércoles)2026/01/28	;2	;Disminuir por89.5%	; --%	;0	; --%	; --%	;112	;Disminuir por46.2%	; --%	;3	; --%	; --%	;959	;Disminuir por40.2%	; --%	;1	;Disminuir por75.0%	; --%	;22	;Disminuir por45.0%	; --%	;1	;Disminuir por66.7%	; --%	;
60	;(Jueves)2026/01/29	;4	;Disminuir por69.2%	; --%	;0	; --%	; --%	;103	;Disminuir por44.9%	; --%	;1	;Sin cambios	; --%	;994	;Disminuir por33.8%	; --%	;4	;Aumentar por33.3%	; --%	;29	;Disminuir por59.7%	; --%	;3	;Sin cambios	; --%	;
61	;(Viernes)2026/01/30	;1	;Disminuir por94.1%	; --%	;0	;Disminuir por100.0%	; --%	;116	;Disminuir por29.3%	; --%	;9	;Aumentar por200.0%	; --%	;962	;Disminuir por37.3%	; --%	;3	;Aumentar por200.0%	; --%	;32	;Disminuir por39.6%	; --%	;1	;Sin cambios	; --%	;
62	;(Sábado)2026/01/31	;3	;Disminuir por78.6%	; --%	;0	;Disminuir por100.0%	; --%	;54	;Disminuir por72.7%	; --%	;1	;Disminuir por50.0%	; --%	;863	;Disminuir por43.9%	; --%	;3	;Disminuir por25.0%	; --%	;9	;Disminuir por80.9%	; --%	;1	;Sin cambios	; --%	;
63	;(Domingo)2026/02/01	;1	;Disminuir por83.3%	; --%	;0	; --%	; --%	;43	;Disminuir por78.1%	; --%	;1	; --%	; --%	;797	;Disminuir por34.7%	; --%	;3	; --%	; --%	;3	;Disminuir por96.8%	; --%	;0	;Disminuir por100.0%	; --%	;
64	;(Lunes)2026/02/02	;2	;Disminuir por33.3%	; --%	;1	;Disminuir por50.0%	; --%	;115	;Aumentar por29.2%	; --%	;4	;Aumentar por300.0%	; --%	;957	;Disminuir por35.8%	; --%	;2	;Disminuir por75.0%	; --%	;20	;Disminuir por20.0%	; --%	;3	;Sin cambios	; --%	;
65	;(Martes)2026/02/03	;3	;Aumentar por200.0%	; --%	;1	;Sin cambios	; --%	;119	;Aumentar por60.8%	; --%	;1	;Disminuir por50.0%	; --%	;906	;Disminuir por35.7%	; --%	;1	;Disminuir por50.0%	; --%	;21	;Aumentar por16.7%	; --%	;1	;Disminuir por66.7%	; --%	;
66	;(Miércoles)2026/02/04	;4	;Aumentar por100.0%	; --%	;0	; --%	; --%	;100	;Disminuir por45.4%	; --%	;1	;Disminuir por66.7%	; --%	;896	;Disminuir por37.6%	; --%	;0	;Disminuir por100.0%	; --%	;18	;Disminuir por71.4%	; --%	;1	;Disminuir por80.0%	; --%	;
67	;(Jueves)2026/02/05	;1	;Disminuir por50.0%	; --%	;0	; --%	; --%	;47	;Disminuir por69.9%	; --%	;2	;Sin cambios	; --%	;556	;Disminuir por54.8%	; --%	;1	;Sin cambios	; --%	;11	;Disminuir por82.0%	; --%	;1	;Disminuir por66.7%	; --%	;
68	;(Viernes)2026/02/06	;2	;Sin cambios	; --%	;0	; --%	; --%	;125	;Disminuir por32.8%	; --%	;2	;Aumentar por100.0%	; --%	;1074	;Disminuir por12.8%	; --%	;1	;Sin cambios	; --%	;54	;Disminuir por14.3%	; --%	;3	;Aumentar por50.0%	; --%	;
69	;(Sábado)2026/02/07	;7	; --%	; --%	;3	; --%	; --%	;48	;Disminuir por75.0%	; --%	;0	;Disminuir por100.0%	; --%	;876	;Disminuir por30.2%	; --%	;11	;Aumentar por175.0%	; --%	;20	;Disminuir por57.4%	; --%	;6	;Aumentar por500.0%	; --%	;
70	;(Domingo)2026/02/08	;7	;Aumentar por600.0%	; --%	;4	; --%	; --%	;43	;Disminuir por77.2%	; --%	;2	;Disminuir por50.0%	; --%	;691	;Disminuir por45.5%	; --%	;4	;Aumentar por300.0%	; --%	;4	;Disminuir por95.1%	; --%	;2	;Disminuir por50.0%	; --%	;
71	;(Lunes)2026/02/09	;3	;Sin cambios	; --%	;0	; --%	; --%	;104	;Disminuir por1.0%	; --%	;0	;Disminuir por100.0%	; --%	;994	;Disminuir por22.8%	; --%	;2	;Disminuir por33.3%	; --%	;32	;Disminuir por5.9%	; --%	;6	;Sin cambios	; --%	;
72	;(Martes)2026/02/10	;3	;Aumentar por200.0%	; --%	;0	;Disminuir por100.0%	; --%	;114	;Aumentar por81.0%	; --%	;3	; --%	; --%	;900	;Disminuir por27.0%	; --%	;1	;Disminuir por83.3%	; --%	;32	;Aumentar por146.2%	; --%	;2	;Disminuir por50.0%	; --%	;
73	;(Miércoles)2026/02/11	;1	;Disminuir por66.7%	; --%	;0	; --%	; --%	;120	;Disminuir por42.6%	; --%	;2	;Sin cambios	; --%	;969	;Disminuir por43.2%	; --%	;0	;Disminuir por100.0%	; --%	;23	;Disminuir por64.6%	; --%	;1	;Disminuir por83.3%	; --%	;
74	;(Jueves)2026/02/12	;3	; --%	; --%	;1	; --%	; --%	;106	;Disminuir por41.1%	; --%	;3	; --%	; --%	;971	;Disminuir por22.8%	; --%	;1	;Disminuir por66.7%	; --%	;33	;Disminuir por57.7%	; --%	;1	;Disminuir por80.0%	; --%	;
75	;(Viernes)2026/02/13	;1	;Disminuir por50.0%	; --%	;1	; --%	; --%	;151	;Disminuir por10.1%	; --%	;2	; --%	; --%	;1137	;Disminuir por3.1%	; --%	;4	;Aumentar por33.3%	; --%	;38	;Disminuir por2.6%	; --%	;0	;Disminuir por100.0%	; --%	;
76	;(Sábado)2026/02/14	;3	;Aumentar por200.0%	; --%	;0	;Disminuir por100.0%	; --%	;59	;Disminuir por69.9%	; --%	;2	; --%	; --%	;778	;Disminuir por36.9%	; --%	;3	;Disminuir por25.0%	; --%	;2	;Disminuir por97.0%	; --%	;1	;Disminuir por66.7%	; --%	;
77	;(Domingo)2026/02/15	;7	;Aumentar por600.0%	; --%	;0	; --%	; --%	;40	;Disminuir por78.8%	; --%	;1	;Sin cambios	; --%	;891	;Disminuir por30.2%	; --%	;5	;Disminuir por44.4%	; --%	;6	;Disminuir por94.0%	; --%	;0	;Disminuir por100.0%	; --%	;
78	;(Lunes)2026/02/16	;4	;Sin cambios	; --%	;0	;Disminuir por100.0%	; --%	;124	;Aumentar por26.5%	; --%	;3	;Disminuir por57.1%	; --%	;1037	;Disminuir por32.0%	; --%	;1	;Sin cambios	; --%	;22	;Disminuir por33.3%	; --%	;1	;Disminuir por80.0%	; --%	;
79	;(Martes)2026/02/17	;10	; --%	; --%	;0	; --%	; --%	;220	;Aumentar por300.0%	; --%	;2	;Aumentar por100.0%	; --%	;2078	;Aumentar por55.9%	; --%	;2	;Disminuir por66.7%	; --%	;69	;Aumentar por527.3%	; --%	;3	; --%	; --%	;
80	;(Miércoles)2026/02/18	;30	; --%	; --%	;0	;Disminuir por100.0%	; --%	;391	;Aumentar por124.7%	; --%	;1	;Disminuir por50.0%	; --%	;3223	;Aumentar por110.0%	; --%	;2	;Disminuir por75.0%	; --%	;98	;Aumentar por127.9%	; --%	;0	;Disminuir por100.0%	; --%	;
81	;(Jueves)2026/02/19	;21	;Aumentar por2000.0%	; --%	;0	; --%	; --%	;409	;Aumentar por116.4%	; --%	;5	;Aumentar por25.0%	; --%	;3069	;Aumentar por132.1%	; --%	;0	;Disminuir por100.0%	; --%	;106	;Aumentar por65.6%	; --%	;2	; --%	; --%	;
82	;(Viernes)2026/02/20	;17	;Aumentar por750.0%	; --%	;1	; --%	; --%	;418	;Aumentar por182.4%	; --%	;7	; --%	; --%	;3532	;Aumentar por132.1%	; --%	;0	;Disminuir por100.0%	; --%	;105	;Aumentar por98.1%	; --%	;0	; --%	; --%	;
83	;(Sábado)2026/02/21	;17	;Aumentar por325.0%	; --%	;0	;Disminuir por100.0%	; --%	;247	;Aumentar por27.3%	; --%	;5	; --%	; --%	;3654	;Aumentar por193.0%	; --%	;1	;Disminuir por50.0%	; --%	;26	;Disminuir por54.4%	; --%	;1	;Disminuir por66.7%	; --%	;
84	;(Domingo)2026/02/22	;8	; --%	; --%	;1	;Sin cambios	; --%	;171	;Disminuir por12.8%	; --%	;5	;Aumentar por150.0%	; --%	;3109	;Aumentar por127.4%	; --%	;0	;Disminuir por100.0%	; --%	;14	;Disminuir por85.1%	; --%	;0	;Disminuir por100.0%	; --%	;
85	;(Lunes)2026/02/23	;19	;Aumentar por1800.0%	; --%	;0	; --%	; --%	;424	;Aumentar por300.0%	; --%	;7	;Aumentar por133.3%	; --%	;2960	;Aumentar por84.4%	; --%	;3	;Disminuir por25.0%	; --%	;94	;Aumentar por308.7%	; --%	;1	;Disminuir por50.0%	; --%	;
86	;(Martes)2026/02/24	;24	;Aumentar por380.0%	; --%	;1	;Disminuir por50.0%	; --%	;372	;Aumentar por383.1%	; --%	;6	; --%	; --%	;2974	;Aumentar por116.1%	; --%	;1	;Disminuir por50.0%	; --%	;86	;Aumentar por561.5%	; --%	;2	;Disminuir por50.0%	; --%	;
87	;(Miércoles)2026/02/25	;13	;Aumentar por116.7%	; --%	;0	;Disminuir por100.0%	; --%	;397	;Aumentar por125.6%	; --%	;18	;Aumentar por800.0%	; --%	;2863	;Aumentar por90.2%	; --%	;0	;Disminuir por100.0%	; --%	;94	;Aumentar por36.2%	; --%	;0	;Disminuir por100.0%	; --%	;
88	;(Jueves)2026/02/26	;19	;Aumentar por850.0%	; --%	;2	;Sin cambios	; --%	;403	;Aumentar por123.9%	; --%	;5	; --%	; --%	;3013	;Aumentar por131.1%	; --%	;1	;Disminuir por75.0%	; --%	;105	;Aumentar por36.4%	; --%	;3	;Aumentar por200.0%	; --%	;
89	;(Viernes)2026/02/27	;14	;Aumentar por133.3%	; --%	;0	; --%	; --%	;436	;Aumentar por204.9%	; --%	;5	; --%	; --%	;3344	;Aumentar por179.8%	; --%	;2	;Disminuir por33.3%	; --%	;116	;Aumentar por213.5%	; --%	;3	; --%	; --%	;
90	;(Sábado)2026/02/28	;11	;Aumentar por450.0%	; --%	;0	;Disminuir por100.0%	; --%	;222	;Aumentar por23.3%	; --%	;3	;Aumentar por200.0%	; --%	;3305	;Aumentar por152.1%	; --%	;0	;Disminuir por100.0%	; --%	;25	;Disminuir por52.8%	; --%	;1	;Sin cambios	; --%	;
91	;(Domingo)2026/03/01	;11	;Aumentar por1000.0%	; --%	;0	;Disminuir por100.0%	; --%	;166	;Disminuir por17.0%	; --%	;4	;Aumentar por300.0%	; --%	;3097	;Aumentar por137.9%	; --%	;4	;Sin cambios	; --%	;12	;Disminuir por84.0%	; --%	;0	;Disminuir por100.0%	; --%	;
92	;(Lunes)2026/03/02	;14	;Aumentar por366.7%	; --%	;2	;Sin cambios	; --%	;444	;Aumentar por484.2%	; --%	;9	; --%	; --%	;2953	;Aumentar por89.3%	; --%	;2	;Disminuir por75.0%	; --%	;98	;Aumentar por326.1%	; --%	;4	;Aumentar por300.0%	; --%	;
93	;(Martes)2026/03/03	;6	;Aumentar por50.0%	; --%	;0	; --%	; --%	;176	;Aumentar por193.3%	; --%	;3	; --%	; --%	;1396	;Aumentar por7.6%	; --%	;1	;Disminuir por80.0%	; --%	;68	;Aumentar por385.7%	; --%	;6	;Aumentar por100.0%	; --%	;
94	;(Miércoles)2026/03/04	;6	;Aumentar por100.0%	; --%	;0	; --%	; --%	;268	;Aumentar por34.7%	; --%	;1	;Disminuir por50.0%	; --%	;2548	;Aumentar por43.8%	; --%	;2	;Sin cambios	; --%	;77	;Aumentar por24.2%	; --%	;3	;Disminuir por62.5%	; --%	;
95	;(Jueves)2026/03/05	;14	;Aumentar por1300.0%	; --%	;1	; --%	; --%	;276	;Aumentar por76.9%	; --%	;1	;Disminuir por75.0%	; --%	;2971	;Aumentar por126.1%	; --%	;1	;Disminuir por85.7%	; --%	;97	;Aumentar por32.9%	; --%	;2	;Disminuir por60.0%	; --%	;
96	;(Viernes)2026/03/06	;8	;Aumentar por33.3%	; --%	;1	;Sin cambios	; --%	;348	;Aumentar por130.5%	; --%	;2	;Aumentar por100.0%	; --%	;3253	;Aumentar por163.8%	; --%	;5	;Aumentar por25.0%	; --%	;100	;Disminuir por39.0%	; --%	;0	; --%	; --%	;
97	;(Sábado)2026/03/07	;7	;Aumentar por600.0%	; --%	;1	; --%	; --%	;187	;Aumentar por13.3%	; --%	;2	;Aumentar por100.0%	; --%	;2743	;Aumentar por84.0%	; --%	;0	;Disminuir por100.0%	; --%	;19	;Disminuir por68.9%	; --%	;0	;Disminuir por100.0%	; --%	;
98	;(Domingo)2026/03/08	;10	;Aumentar por11.1%	; --%	;0	;Disminuir por100.0%	; --%	;150	;Disminuir por24.2%	; --%	;7	;Aumentar por600.0%	; --%	;2744	;Aumentar por77.6%	; --%	;0	;Disminuir por100.0%	; --%	;14	;Disminuir por86.5%	; --%	;0	;Disminuir por100.0%	; --%	;
99	;(Lunes)2026/03/09	;14	;Aumentar por133.3%	; --%	;0	;Disminuir por100.0%	; --%	;406	;Aumentar por290.4%	; --%	;5	; --%	; --%	;2911	;Aumentar por88.7%	; --%	;1	;Disminuir por80.0%	; --%	;99	;Aumentar por200.0%	; --%	;2	;Disminuir por60.0%	; --%	;
100	;(Martes)2026/03/10	;13	;Aumentar por333.3%	; --%	;0	;Disminuir por100.0%	; --%	;329	;Aumentar por430.6%	; --%	;2	;Aumentar por100.0%	; --%	;2836	;Aumentar por112.3%	; --%	;0	;Disminuir por100.0%	; --%	;88	;Aumentar por1157.1%	; --%	;0	;Disminuir por100.0%	; --%	;
101	;(Miércoles)2026/03/11	;19	;Aumentar por850.0%	; --%	;1	; --%	; --%	;336	;Aumentar por135.0%	; --%	;4	;Aumentar por100.0%	; --%	;2795	;Aumentar por99.1%	; --%	;2	;Sin cambios	; --%	;79	;Aumentar por41.1%	; --%	;0	;Disminuir por100.0%	; --%	;
102	;(Jueves)2026/03/12	;16	;Aumentar por433.3%	; --%	;0	; --%	; --%	;369	;Aumentar por114.5%	; --%	;2	;Aumentar por100.0%	; --%	;2901	;Aumentar por129.1%	; --%	;1	;Disminuir por80.0%	; --%	;120	;Aumentar por84.6%	; --%	;4	;Sin cambios	; --%	;
103	;(Viernes)2026/03/13	;12	; --%	; --%	;0	; --%	; --%	;379	;Aumentar por132.5%	; --%	;2	;Aumentar por100.0%	; --%	;3247	;Aumentar por140.5%	; --%	;0	;Disminuir por100.0%	; --%	;119	;Aumentar por164.4%	; --%	;1	;Disminuir por66.7%	; --%	;
104	;(Sábado)2026/03/14	;13	;Aumentar por550.0%	; --%	;0	;Disminuir por100.0%	; --%	;211	;Aumentar por12.8%	; --%	;4	;Disminuir por55.6%	; --%	;3165	;Aumentar por138.1%	; --%	;3	;Disminuir por50.0%	; --%	;28	;Disminuir por58.2%	; --%	;1	;Disminuir por88.9%	; --%	;
105	;(Domingo)2026/03/15	;10	;Aumentar por400.0%	; --%	;0	;Disminuir por100.0%	; --%	;155	;Disminuir por26.2%	; --%	;6	; --%	; --%	;2790	;Aumentar por97.6%	; --%	;1	;Disminuir por50.0%	; --%	;7	;Disminuir por92.8%	; --%	;0	;Disminuir por100.0%	; --%	;
106	;(Lunes)2026/03/16	;16	;Aumentar por300.0%	; --%	;0	;Disminuir por100.0%	; --%	;437	;Aumentar por345.9%	; --%	;3	;Aumentar por200.0%	; --%	;3141	;Aumentar por91.2%	; --%	;2	;Disminuir por60.0%	; --%	;112	;Aumentar por314.8%	; --%	;3	;Disminuir por25.0%	; --%	;
107	;(Martes)2026/03/17	;24	; --%	; --%	;3	;Aumentar por200.0%	; --%	;374	;Aumentar por580.0%	; --%	;3	;Disminuir por40.0%	; --%	;3013	;Aumentar por125.5%	; --%	;1	;Disminuir por75.0%	; --%	;113	;Aumentar por1312.5%	; --%	;1	;Disminuir por50.0%	; --%	;
108	;(Miércoles)2026/03/18	;21	;Aumentar por2000.0%	; --%	;0	;Disminuir por100.0%	; --%	;360	;Aumentar por103.4%	; --%	;3	;Disminuir por66.7%	; --%	;3073	;Aumentar por101.0%	; --%	;0	;Disminuir por100.0%	; --%	;107	;Aumentar por64.6%	; --%	;3	;Disminuir por66.7%	; --%	;
109	;(Jueves)2026/03/19	;18	; --%	; --%	;1	;Sin cambios	; --%	;174	;Disminuir por3.3%	; --%	;2	;Aumentar por100.0%	; --%	;2903	;Aumentar por95.0%	; --%	;2	;Aumentar por100.0%	; --%	;30	;Disminuir por57.1%	; --%	;0	;Disminuir por100.0%	; --%	;
110	;(Viernes)2026/03/20	;17	;Aumentar por1600.0%	; --%	;1	;Sin cambios	; --%	;362	;Aumentar por114.2%	; --%	;0	;Disminuir por100.0%	; --%	;3599	;Aumentar por152.4%	; --%	;1	;Disminuir por66.7%	; --%	;121	;Aumentar por128.3%	; --%	;0	;Disminuir por100.0%	; --%	;
111	;(Sábado)2026/03/21	;14	;Aumentar por133.3%	; --%	;1	;Disminuir por80.0%	; --%	;199	;Disminuir por11.9%	; --%	;5	; --%	; --%	;3825	;Aumentar por57.4%	; --%	;0	;Disminuir por100.0%	; --%	;36	;Disminuir por53.8%	; --%	;0	;Disminuir por100.0%	; --%	;
112	;(Domingo)2026/03/22	;10	;Disminuir por16.7%	; --%	;0	; --%	; --%	;138	;Disminuir por37.6%	; --%	;3	; --%	; --%	;3343	;Aumentar por57.6%	; --%	;2	;Disminuir por66.7%	; --%	;11	;Disminuir por88.5%	; --%	;0	;Disminuir por100.0%	; --%	;
113	;(Lunes)2026/03/23	;18	;Aumentar por200.0%	; --%	;1	; --%	; --%	;435	;Aumentar por295.5%	; --%	;4	;Aumentar por100.0%	; --%	;3139	;Aumentar por83.5%	; --%	;0	;Disminuir por100.0%	; --%	;132	;Aumentar por340.0%	; --%	;0	;Disminuir por100.0%	; --%	;
114	;(Martes)2026/03/24	;20	;Aumentar por100.0%	; --%	;0	; --%	; --%	;431	;Aumentar por698.1%	; --%	;3	;Aumentar por200.0%	; --%	;3018	;Aumentar por103.5%	; --%	;1	;Disminuir por83.3%	; --%	;136	;Aumentar por2620.0%	; --%	;0	;Disminuir por100.0%	; --%	;
115	;(Miércoles)2026/03/25	;18	;Aumentar por100.0%	; --%	;0	;Disminuir por100.0%	; --%	;189	;Aumentar por2.7%	; --%	;1	;Disminuir por50.0%	; --%	;1614	;Disminuir por10.4%	; --%	;0	;Disminuir por100.0%	; --%	;30	;Disminuir por43.4%	; --%	;0	;Disminuir por100.0%	; --%	;
116	;(Jueves)2026/03/26	;21	;Aumentar por425.0%	; --%	;0	;Disminuir por100.0%	; --%	;460	;Aumentar por187.5%	; --%	;5	;Aumentar por66.7%	; --%	;3168	;Aumentar por110.5%	; --%	;1	;Disminuir por87.5%	; --%	;157	;Aumentar por89.2%	; --%	;2	;Disminuir por60.0%	; --%	;
117	;(Viernes)2026/03/27	;12	;Aumentar por200.0%	; --%	;1	;Disminuir por83.3%	; --%	;319	;Aumentar por92.2%	; --%	;4	;Aumentar por33.3%	; --%	;2414	;Aumentar por55.9%	; --%	;2	;Disminuir por84.6%	; --%	;113	;Aumentar por71.2%	; --%	;0	;Disminuir por100.0%	; --%	;
118	;(Sábado)2026/03/28	;5	;Disminuir por16.7%	; --%	;0	;Disminuir por100.0%	; --%	;106	;Disminuir por37.3%	; --%	;1	;Disminuir por80.0%	; --%	;1619	;Disminuir por0.6%	; --%	;7	;Disminuir por30.0%	; --%	;30	;Disminuir por51.6%	; --%	;1	;Disminuir por75.0%	; --%	;
119	;(Domingo)2026/03/29	;1	;Disminuir por50.0%	; --%	;0	;Disminuir por100.0%	; --%	;56	;Disminuir por50.0%	; --%	;1	;Disminuir por66.7%	; --%	;1285	;Disminuir por24.6%	; --%	;5	;Disminuir por16.7%	; --%	;10	;Disminuir por82.1%	; --%	;0	;Disminuir por100.0%	; --%	;
120	;(Lunes)2026/03/30	;6	;Aumentar por20.0%	; --%	;0	;Disminuir por100.0%	; --%	;220	;Aumentar por136.6%	; --%	;3	;Sin cambios	; --%	;1617	;Disminuir por10.4%	; --%	;1	;Disminuir por85.7%	; --%	;58	;Aumentar por107.1%	; --%	;14	;Aumentar por1300.0%	; --%	;
121	;(Martes)2026/03/31	;5	;Disminuir por28.6%	; --%	;1	;Sin cambios	; --%	;184	;Aumentar por187.5%	; --%	;0	;Disminuir por100.0%	; --%	;1518	;Aumentar por6.2%	; --%	;3	;Disminuir por25.0%	; --%	;86	;Aumentar por760.0%	; --%	;1	;Disminuir por80.0%	; --%	;
122	;(Miércoles)2026/04/01	;8	;Aumentar por300.0%	; --%	;1	; --%	; --%	;251	;Aumentar por66.2%	; --%	;13	;Aumentar por550.0%	; --%	;1660	;Aumentar por8.0%	; --%	;4	;Disminuir por55.6%	; --%	;62	;Aumentar por31.9%	; --%	;0	;Disminuir por100.0%	; --%	;
123	;(Jueves)2026/04/02	;7	;Aumentar por75.0%	; --%	;0	;Disminuir por100.0%	; --%	;184	;Aumentar por7.6%	; --%	;7	;Aumentar por75.0%	; --%	;1314	;Disminuir por8.7%	; --%	;4	;Disminuir por20.0%	; --%	;91	;Aumentar por13.8%	; --%	;4	;Aumentar por300.0%	; --%	;
124	;(Viernes)2026/04/03	;4	;Aumentar por100.0%	; --%	;1	;Sin cambios	; --%	;76	;Disminuir por43.3%	; --%	;3	;Disminuir por25.0%	; --%	;1329	;Disminuir por7.0%	; --%	;3	;Disminuir por70.0%	; --%	;19	;Disminuir por68.9%	; --%	;3	;Aumentar por200.0%	; --%	;
125	;(Sábado)2026/04/04	;5	;Aumentar por150.0%	; --%	;1	;Sin cambios	; --%	;92	;Disminuir por45.2%	; --%	;3	;Aumentar por50.0%	; --%	;1515	;Disminuir por1.5%	; --%	;10	;Aumentar por11.1%	; --%	;37	;Disminuir por27.5%	; --%	;5	;Disminuir por16.7%	; --%	;
126	;(Domingo)2026/04/05	;2	;Disminuir por50.0%	; --%	;1	; --%	; --%	;47	;Disminuir por71.7%	; --%	;2	;Aumentar por100.0%	; --%	;1369	;Disminuir por7.8%	; --%	;18	;Aumentar por157.1%	; --%	;10	;Disminuir por87.8%	; --%	;0	;Disminuir por100.0%	; --%	;
127	;(Lunes)2026/04/06	;8	;Disminuir por11.1%	; --%	;1	;Disminuir por66.7%	; --%	;92	;Aumentar por10.8%	; --%	;2	; --%	; --%	;1491	;Disminuir por4.2%	; --%	;2	;Disminuir por71.4%	; --%	;12	;Disminuir por64.7%	; --%	;1	;Disminuir por75.0%	; --%	;
128	;(Martes)2026/04/07	;3	;Sin cambios	; --%	;0	;Disminuir por100.0%	; --%	;166	;Aumentar por155.4%	; --%	;3	;Disminuir por75.0%	; --%	;1317	;Aumentar por2.6%	; --%	;4	;Disminuir por20.0%	; --%	;34	;Aumentar por580.0%	; --%	;2	;Aumentar por100.0%	; --%	;
129	;(Miércoles)2026/04/08	;5	;Sin cambios	; --%	;0	;Disminuir por100.0%	; --%	;160	;Disminuir por29.5%	; --%	;1	;Disminuir por98.1%	; --%	;1269	;Disminuir por24.9%	; --%	;3	;Disminuir por57.1%	; --%	;55	;Disminuir por8.3%	; --%	;3	;Aumentar por50.0%	; --%	;
130	;(Jueves)2026/04/09	;5	;Aumentar por25.0%	; --%	;1	;Sin cambios	; --%	;181	;Aumentar por20.7%	; --%	;1	;Disminuir por75.0%	; --%	;1260	;Aumentar por0.6%	; --%	;2	;Disminuir por66.7%	; --%	;56	;Disminuir por16.4%	; --%	;2	; --%	; --%	;
131	;(Viernes)2026/04/10	;5	;Aumentar por66.7%	; --%	;0	;Disminuir por100.0%	; --%	;247	;Aumentar por49.7%	; --%	;60	; --%	; --%	;1381	;Aumentar por1.8%	; --%	;2	;Disminuir por33.3%	; --%	;45	;Disminuir por13.5%	; --%	;0	;Disminuir por100.0%	; --%	;
132	;(Sábado)2026/04/11	;1	;Disminuir por75.0%	; --%	;0	;Disminuir por100.0%	; --%	;93	;Disminuir por42.9%	; --%	;0	;Disminuir por100.0%	; --%	;1438	;Aumentar por8.6%	; --%	;0	;Disminuir por100.0%	; --%	;11	;Disminuir por80.7%	; --%	;0	;Disminuir por100.0%	; --%	;
133	;(Domingo)2026/04/12	;1	;Disminuir por83.3%	; --%	;0	;Disminuir por100.0%	; --%	;51	;Disminuir por71.8%	; --%	;0	;Disminuir por100.0%	; --%	;1315	;Disminuir por3.0%	; --%	;3	;Disminuir por57.1%	; --%	;12	;Disminuir por87.4%	; --%	;0	;Disminuir por100.0%	; --%	;
134	;(Lunes)2026/04/13	;19	;Aumentar por216.7%	; --%	;0	; --%	; --%	;417	;Aumentar por301.0%	; --%	;3	;Sin cambios	; --%	;3481	;Aumentar por163.7%	; --%	;0	;Disminuir por100.0%	; --%	;73	;Aumentar por217.4%	; --%	;2	;Disminuir por33.3%	; --%	;
135	;(Martes)2026/04/14	;12	;Aumentar por140.0%	; --%	;0	; --%	; --%	;431	;Aumentar por498.6%	; --%	;8	;Aumentar por700.0%	; --%	;3473	;Aumentar por174.1%	; --%	;1	;Disminuir por75.0%	; --%	;104	;Aumentar por940.0%	; --%	;0	;Disminuir por100.0%	; --%	;
136	;(Miércoles)2026/04/15	;5	;Sin cambios	; --%	;3	;Aumentar por50.0%	; --%	;32	;Disminuir por78.9%	; --%	;0	;Disminuir por100.0%	; --%	;363	;Disminuir por74.4%	; --%	;1	;Disminuir por92.3%	; --%	;27	;Disminuir por27.0%	; --%	;10	;Aumentar por233.3%	; --%	;
137	;(Jueves)2026/04/16	;1	;Disminuir por97.1%	; --%	;1	;Sin cambios	; --%	;0	;Disminuir por100.0%	; --%	;1	;Disminuir por66.7%	; --%	;4	;Disminuir por99.6%	; --%	;6	;Aumentar por500.0%	; --%	;25	;Disminuir por83.8%	; --%	;35	;Aumentar por483.3%	; --%	;
138	;(Viernes)2026/04/17	;0	;Disminuir por100.0%	; --%	;0	; --%	; --%	;0	;Disminuir por100.0%	; --%	;0	;Disminuir por100.0%	; --%	;0	;Disminuir por100.0%	; --%	;0	;Disminuir por100.0%	; --%	;1	;Disminuir por97.8%	; --%	;1	;Sin cambios	; --%	;
139	;(Sábado)2026/04/18	;0	;Disminuir por100.0%	; --%	;0	;Disminuir por100.0%	; --%	;0	;Disminuir por100.0%	; --%	;0	;Disminuir por100.0%	; --%	;0	;Disminuir por100.0%	; --%	;0	;Disminuir por100.0%	; --%	;0	;Disminuir por100.0%	; --%	;0	;Disminuir por100.0%	; --%	;
140	;(Domingo)2026/04/19	;0	;Disminuir por100.0%	; --%	;0	;Disminuir por100.0%	; --%	;0	;Disminuir por100.0%	; --%	;0	;Disminuir por100.0%	; --%	;0	;Disminuir por100.0%	; --%	;0	;Disminuir por100.0%	; --%	;0	;Disminuir por100.0%	; --%	;0	;Disminuir por100.0%	; --%	;
141	;(Lunes)2026/04/20	;0	;Disminuir por100.0%	; --%	;0	; --%	; --%	;0	;Disminuir por100.0%	; --%	;0	; --%	; --%	;0	;Disminuir por100.0%	; --%	;0	;Disminuir por100.0%	; --%	;0	;Disminuir por100.0%	; --%	;0	;Disminuir por100.0%	; --%	;
142	;(Martes)2026/04/21	;0	;Disminuir por100.0%	; --%	;0	; --%	; --%	;0	;Disminuir por100.0%	; --%	;0	;Disminuir por100.0%	; --%	;0	;Disminuir por100.0%	; --%	;0	;Disminuir por100.0%	; --%	;2	;Disminuir por81.8%	; --%	;0	;Disminuir por100.0%	; --%	;
143	;(Miércoles)2026/04/22	;0	;Disminuir por100.0%	; --%	;0	;Disminuir por100.0%	; --%	;0	;Disminuir por100.0%	; --%	;0	;Disminuir por100.0%	; --%	;0	;Disminuir por100.0%	; --%	;1	;Disminuir por87.5%	; --%	;6	;Disminuir por87.0%	; --%	;1	;Disminuir por50.0%	; --%	;
144	;(Jueves)2026/04/23	;0	;Disminuir por100.0%	; --%	;0	; --%	; --%	;0	;Disminuir por100.0%	; --%	;0	;Disminuir por100.0%	;Disminuir por100.0%	;0	;Disminuir por100.0%	; --%	;0	;Disminuir por100.0%	;Disminuir por100.0%	;20	;Disminuir por72.2%	; --%	;20	;Aumentar por900.0%	;Aumentar por400.0%	;
145	;(Viernes)2026/04/24	;0	;Disminuir por100.0%	; --%	;0	; --%	;Disminuir por100.0%	;0	;Disminuir por100.0%	;Disminuir por100.0%	;0	;Disminuir por100.0%	;Disminuir por100.0%	;0	;Disminuir por100.0%	;Disminuir por100.0%	;0	;Disminuir por100.0%	;Disminuir por100.0%	;10	;Disminuir por70.6%	;Aumentar por400.0%	;4	;Disminuir por66.7%	;Disminuir por93.0%	;
146	;(Sábado)2026/04/25	;0	;Disminuir por100.0%	;Disminuir por100.0%	;0	;Disminuir por100.0%	;Disminuir por100.0%	;0	;Disminuir por100.0%	;Disminuir por100.0%	;0	;Disminuir por100.0%	;Disminuir por100.0%	;0	;Disminuir por100.0%	;Disminuir por100.0%	;0	;Disminuir por100.0%	;Disminuir por100.0%	;0	;Disminuir por100.0%	;Disminuir por100.0%	;0	;Disminuir por100.0%	;Disminuir por100.0%	;
147	;(Domingo)2026/04/26	;0	;Disminuir por100.0%	;Disminuir por100.0%	;0	; --%	;Disminuir por100.0%	;0	;Disminuir por100.0%	;Disminuir por100.0%	;0	;Disminuir por100.0%	;Disminuir por100.0%	;0	;Disminuir por100.0%	;Disminuir por100.0%	;0	;Disminuir por100.0%	;Disminuir por100.0%	;0	;Disminuir por100.0%	;Disminuir por100.0%	;0	;Disminuir por100.0%	;Disminuir por100.0%	;
148	;(Lunes)2026/04/27	;0	;Disminuir por100.0%	; --%	;0	;Disminuir por100.0%	;Disminuir por100.0%	;1	;Disminuir por98.6%	;Sin cambios	;0	;Disminuir por100.0%	;Disminuir por100.0%	;0	;Disminuir por100.0%	;Disminuir por100.0%	;0	;Disminuir por100.0%	;Disminuir por100.0%	;5	;Disminuir por70.6%	;Aumentar por400.0%	;5	;Aumentar por400.0%	;Disminuir por50.0%	;
149	;(Martes)2026/04/28	;0	;Disminuir por100.0%	; --%	;0	; --%	;Disminuir por100.0%	;1	;Disminuir por98.4%	;Disminuir por66.7%	;0	;Disminuir por100.0%	;Disminuir por100.0%	;0	;Disminuir por100.0%	;Disminuir por100.0%	;0	;Disminuir por100.0%	;Disminuir por100.0%	;1	;Disminuir por85.7%	; --%	;0	; --%	;Disminuir por100.0%	;
150	;(Miércoles)2026/04/29	;0	;Disminuir por100.0%	; --%	;0	;Disminuir por100.0%	; --%	;0	;Disminuir por100.0%	; --%	;0	;Disminuir por100.0%	;Disminuir por100.0%	;1	;Disminuir por99.9%	; --%	;0	;Disminuir por100.0%	;Disminuir por100.0%	;15	;Disminuir por65.9%	; --%	;15	;Aumentar por200.0%	;Sin cambios	;
151	;(Jueves)2026/04/30	;0	;Disminuir por100.0%	; --%	;0	;Disminuir por100.0%	;Disminuir por100.0%	;0	;Disminuir por100.0%	; --%	;0	;Disminuir por100.0%	;Disminuir por100.0%	;0	;Disminuir por100.0%	;Disminuir por100.0%	;0	;Disminuir por100.0%	;Disminuir por100.0%	;0	;Disminuir por100.0%	; --%	;0	;Disminuir por100.0%	;Disminuir por100.0%	;
152	;(Viernes)2026/05/01	;0	;Disminuir por100.0%	; --%	;0	;Disminuir por100.0%	;Disminuir por100.0%	;0	;Disminuir por100.0%	;Disminuir por100.0%	;0	;Disminuir por100.0%	;Disminuir por100.0%	;0	;Disminuir por100.0%	;Disminuir por100.0%	;0	;Disminuir por100.0%	;Disminuir por100.0%	;0	;Disminuir por100.0%	; --%	;0	; --%	;Disminuir por100.0%	;
153	;(Sábado)2026/05/02	;0	;Disminuir por100.0%	;Disminuir por100.0%	;0	;Disminuir por100.0%	;Disminuir por100.0%	;0	;Disminuir por100.0%	;Disminuir por100.0%	;0	;Disminuir por100.0%	;Disminuir por100.0%	;0	;Disminuir por100.0%	;Disminuir por100.0%	;0	;Disminuir por100.0%	;Disminuir por100.0%	;0	;Disminuir por100.0%	;Disminuir por100.0%	;0	;Disminuir por100.0%	;Disminuir por100.0%	;
154	;(Domingo)2026/05/03	;0	;Disminuir por100.0%	; --%	;0	;Disminuir por100.0%	;Disminuir por100.0%	;0	;Disminuir por100.0%	;Disminuir por100.0%	;0	;Disminuir por100.0%	;Disminuir por100.0%	;0	;Disminuir por100.0%	;Disminuir por100.0%	;0	;Disminuir por100.0%	;Disminuir por100.0%	;0	;Disminuir por100.0%	;Disminuir por100.0%	;0	; --%	;Disminuir por100.0%	;
155	;(Lunes)2026/05/04	;0	;Disminuir por100.0%	;Disminuir por100.0%	;0	;Disminuir por100.0%	;Disminuir por100.0%	;0	;Disminuir por100.0%	;Disminuir por100.0%	;0	;Disminuir por100.0%	;Disminuir por100.0%	;0	;Disminuir por100.0%	;Disminuir por100.0%	;0	;Disminuir por100.0%	;Disminuir por100.0%	;0	;Disminuir por100.0%	;Disminuir por100.0%	;0	;Disminuir por100.0%	;Disminuir por100.0%	;
156	;(Martes)2026/05/05	;0	;Disminuir por100.0%	; --%	;0	; --%	;Disminuir por100.0%	;0	;Disminuir por100.0%	;Disminuir por100.0%	;0	;Disminuir por100.0%	;Disminuir por100.0%	;0	;Disminuir por100.0%	;Disminuir por100.0%	;0	;Disminuir por100.0%	;Disminuir por100.0%	;0	;Disminuir por100.0%	;Disminuir por100.0%	;1	;Disminuir por75.0%	;Disminuir por97.7%	;
157	;(Miércoles)2026/05/06	;0	;Disminuir por100.0%	;Disminuir por100.0%	;0	;Disminuir por100.0%	;Disminuir por100.0%	;0	;Disminuir por100.0%	;Disminuir por100.0%	;0	;Disminuir por100.0%	;Disminuir por100.0%	;0	;Disminuir por100.0%	;Disminuir por100.0%	;0	;Disminuir por100.0%	;Disminuir por100.0%	;1	;Disminuir por97.6%	;Sin cambios	;3	;Aumentar por50.0%	;Disminuir por94.9%	;
158	;(Jueves)2026/05/07	;0	;Disminuir por100.0%	; --%	;0	; --%	;Disminuir por100.0%	;0	;Disminuir por100.0%	;Disminuir por100.0%	;0	; --%	;Disminuir por100.0%	;0	;Disminuir por100.0%	;Disminuir por100.0%	;0	;Disminuir por100.0%	;Disminuir por100.0%	;0	;Disminuir por100.0%	;Disminuir por100.0%	;0	;Disminuir por100.0%	;Disminuir por100.0%	;
159	;(Viernes)2026/05/08	;0	;Disminuir por100.0%	; --%	;0	;Disminuir por100.0%	;Disminuir por100.0%	;0	;Disminuir por100.0%	;Disminuir por100.0%	;0	;Disminuir por100.0%	;Disminuir por100.0%	;0	;Disminuir por100.0%	;Disminuir por100.0%	;0	;Disminuir por100.0%	;Disminuir por100.0%	;0	;Disminuir por100.0%	;Disminuir por100.0%	;0	;Disminuir por100.0%	;Disminuir por100.0%	;
160	;(Sábado)2026/05/09	;0	;Disminuir por100.0%	; --%	;0	;Disminuir por100.0%	;Disminuir por100.0%	;0	;Disminuir por100.0%	;Disminuir por100.0%	;0	;Disminuir por100.0%	;Disminuir por100.0%	;0	;Disminuir por100.0%	; --%	;0	;Disminuir por100.0%	;Disminuir por100.0%	;0	;Disminuir por100.0%	;Disminuir por100.0%	;0	;Disminuir por100.0%	;Disminuir por100.0%	;
161	;(Domingo)2026/05/10	;0	;Disminuir por100.0%	;Disminuir por100.0%	;0	;Disminuir por100.0%	;Disminuir por100.0%	;0	;Disminuir por100.0%	; --%	;0	;Disminuir por100.0%	;Disminuir por100.0%	;0	;Disminuir por100.0%	;Disminuir por100.0%	;0	;Disminuir por100.0%	;Disminuir por100.0%	;0	;Disminuir por100.0%	;Disminuir por100.0%	;0	;Disminuir por100.0%	;Disminuir por100.0%	;
162	;(Lunes)2026/05/11	;0	;Disminuir por100.0%	; --%	;0	;Disminuir por100.0%	;Disminuir por100.0%	;0	;Disminuir por100.0%	;Disminuir por100.0%	;0	; --%	;Disminuir por100.0%	;0	;Disminuir por100.0%	;Disminuir por100.0%	;0	;Disminuir por100.0%	;Disminuir por100.0%	;1	;Disminuir por92.3%	;Disminuir por50.0%	;2	; --%	;Disminuir por80.0%	;
163	;(Martes)2026/05/12	;0	;Disminuir por100.0%	; --%	;0	;Disminuir por100.0%	;Disminuir por100.0%	;0	;Disminuir por100.0%	;Disminuir por100.0%	;0	;Disminuir por100.0%	;Disminuir por100.0%	;0	;Disminuir por100.0%	;Disminuir por100.0%	;0	;Disminuir por100.0%	;Disminuir por100.0%	;0	;Disminuir por100.0%	;Disminuir por100.0%	;0	; --%	;Disminuir por100.0%	;
164	;(Miércoles)2026/05/13	;0	;Disminuir por100.0%	; --%	;0	; --%	;Disminuir por100.0%	;0	;Disminuir por100.0%	;Disminuir por100.0%	;0	;Disminuir por100.0%	;Disminuir por100.0%	;0	;Disminuir por100.0%	;Disminuir por100.0%	;0	;Disminuir por100.0%	;Disminuir por100.0%	;0	;Disminuir por100.0%	; --%	;0	; --%	;Disminuir por100.0%	;
165	;(Jueves)2026/05/14	;0	;Disminuir por100.0%	;Disminuir por100.0%	;0	;Disminuir por100.0%	;Disminuir por100.0%	;0	;Disminuir por100.0%	;Disminuir por100.0%	;0	; --%	;Disminuir por100.0%	;0	;Disminuir por100.0%	;Disminuir por100.0%	;0	;Disminuir por100.0%	;Disminuir por100.0%	;5	;Disminuir por90.9%	;Disminuir por61.5%	;6	;Aumentar por200.0%	;Disminuir por83.8%	;
166	;(Viernes)2026/05/15	;0	;Disminuir por100.0%	;Disminuir por100.0%	;0	; --%	; --%	;0	;Disminuir por100.0%	;Disminuir por100.0%	;0	;Disminuir por100.0%	;Disminuir por100.0%	;0	;Disminuir por100.0%	;Disminuir por100.0%	;0	;Disminuir por100.0%	;Disminuir por100.0%	;10	;Disminuir por73.7%	;Disminuir por80.8%	;13	; --%	;Aumentar por333.3%	;
167	;(Sábado)2026/05/16	;0	;Disminuir por100.0%	;Disminuir por100.0%	;0	; --%	;Disminuir por100.0%	;0	;Disminuir por100.0%	;Disminuir por100.0%	;0	;Disminuir por100.0%	; --%	;0	;Disminuir por100.0%	;Disminuir por100.0%	;0	; --%	;Disminuir por100.0%	;0	;Disminuir por100.0%	;Disminuir por100.0%	;0	; --%	;Disminuir por100.0%	;
168	;(Domingo)2026/05/17	;0	;Disminuir por100.0%	;Disminuir por100.0%	;0	; --%	; --%	;0	;Disminuir por100.0%	;Disminuir por100.0%	;0	;Disminuir por100.0%	;Disminuir por100.0%	;0	;Disminuir por100.0%	;Disminuir por100.0%	;0	;Disminuir por100.0%	; --%	;0	;Disminuir por100.0%	;Disminuir por100.0%	;0	;Disminuir por100.0%	;Disminuir por100.0%	;
169	;(Lunes)2026/05/18	;0	;Disminuir por100.0%	;Disminuir por100.0%	;0	;Disminuir por100.0%	; --%	;0	;Disminuir por100.0%	;Disminuir por100.0%	;0	;Disminuir por100.0%	; --%	;0	;Disminuir por100.0%	;Disminuir por100.0%	;0	;Disminuir por100.0%	;Disminuir por100.0%	;0	;Disminuir por100.0%	;Disminuir por100.0%	;0	;Disminuir por100.0%	;Disminuir por100.0%	;
170	;(Martes)2026/05/19	;0	;Disminuir por100.0%	;Disminuir por100.0%	;0	;Disminuir por100.0%	; --%	;0	;Disminuir por100.0%	;Disminuir por100.0%	;0	;Disminuir por100.0%	;Disminuir por100.0%	;0	;Disminuir por100.0%	;Disminuir por100.0%	;0	;Disminuir por100.0%	;Disminuir por100.0%	;0	;Disminuir por100.0%	;Disminuir por100.0%	;0	; --%	;Disminuir por100.0%	;
171	;(Miércoles)2026/05/20	;0	;Disminuir por100.0%	;Disminuir por100.0%	;0	;Disminuir por100.0%	; --%	;0	;Disminuir por100.0%	;Disminuir por100.0%	;0	;Disminuir por100.0%	;Disminuir por100.0%	;0	;Disminuir por100.0%	;Disminuir por100.0%	;0	;Disminuir por100.0%	; --%	;0	;Disminuir por100.0%	;Disminuir por100.0%	;2	;Sin cambios	;Disminuir por94.3%	;
172	;(Jueves)2026/05/21	;0	;Disminuir por100.0%	;Disminuir por100.0%	;0	;Disminuir por100.0%	; --%	;0	;Disminuir por100.0%	;Disminuir por100.0%	;0	; --%	;Disminuir por100.0%	;0	;Disminuir por100.0%	;Disminuir por100.0%	;0	;Disminuir por100.0%	;Disminuir por100.0%	;0	;Disminuir por100.0%	;Disminuir por100.0%	;0	;Disminuir por100.0%	;Disminuir por100.0%	;
173	;(Viernes)2026/05/22	;0	;Disminuir por100.0%	;Disminuir por100.0%	;0	;Disminuir por100.0%	;Disminuir por100.0%	;24	;Disminuir por84.1%	;Disminuir por86.6%	;22	;Aumentar por340.0%	;Aumentar por633.3%	;1	;Disminuir por99.9%	;Disminuir por99.9%	;0	;Disminuir por100.0%	;Disminuir por100.0%	;17	;Disminuir por70.7%	;Disminuir por59.5%	;14	;Aumentar por366.7%	;Aumentar por1300.0%	;
174	;(Sábado)2026/05/23	;1	;Disminuir por88.9%	;Disminuir por80.0%	;0	;Disminuir por100.0%	;Disminuir por100.0%	;1	;Disminuir por98.8%	;Disminuir por99.5%	;0	;Disminuir por100.0%	;Disminuir por100.0%	;0	;Disminuir por100.0%	;Disminuir por100.0%	;0	;Disminuir por100.0%	;Disminuir por100.0%	;21	;Aumentar por61.5%	;Disminuir por65.6%	;18	; --%	;Aumentar por500.0%	;
175	;(Domingo)2026/05/24	;0	;Disminuir por100.0%	;Disminuir por100.0%	;0	;Disminuir por100.0%	; --%	;0	;Disminuir por100.0%	;Disminuir por100.0%	;0	;Disminuir por100.0%	; --%	;0	;Disminuir por100.0%	;Disminuir por100.0%	;0	;Disminuir por100.0%	;Disminuir por100.0%	;0	;Disminuir por100.0%	;Disminuir por100.0%	;1	;Disminuir por50.0%	;Sin cambios	;
176	;(Lunes)2026/05/25	;0	;Disminuir por100.0%	;Disminuir por100.0%	;0	;Disminuir por100.0%	; --%	;0	;Disminuir por100.0%	;Disminuir por100.0%	;0	;Disminuir por100.0%	; --%	;2	;Disminuir por99.9%	;Disminuir por99.8%	;1	;Disminuir por85.7%	;Disminuir por80.0%	;3	;Disminuir por87.5%	;Disminuir por70.0%	;4	; --%	; --%	;
177	;(Martes)2026/05/26	;0	;Disminuir por100.0%	;Disminuir por100.0%	;0	; --%	; --%	;0	;Disminuir por100.0%	;Disminuir por100.0%	;0	; --%	;Disminuir por100.0%	;0	;Disminuir por100.0%	;Disminuir por100.0%	;0	;Disminuir por100.0%	;Disminuir por100.0%	;39	;Aumentar por143.8%	;Aumentar por21.9%	;41	;Aumentar por1266.7%	;Aumentar por720.0%	;
178	;(Miércoles)2026/05/27	;0	;Disminuir por100.0%	;Disminuir por100.0%	;0	; --%	; --%	;0	;Disminuir por100.0%	;Disminuir por100.0%	;0	;Disminuir por100.0%	; --%	;0	;Disminuir por100.0%	;Disminuir por100.0%	;0	; --%	;Disminuir por100.0%	;11	;Disminuir por73.8%	;Disminuir por79.2%	;11	;Aumentar por450.0%	; --%	;
179	;(Jueves)2026/05/28	;0	;Disminuir por100.0%	;Disminuir por100.0%	;0	; --%	;Disminuir por100.0%	;0	;Disminuir por100.0%	;Disminuir por100.0%	;0	;Disminuir por100.0%	;Disminuir por100.0%	;2	;Disminuir por99.8%	;Disminuir por99.8%	;1	;Disminuir por66.7%	; --%	;38	;Sin cambios	;Disminuir por64.5%	;39	; --%	;Aumentar por875.0%	;
180	;(Viernes)2026/05/29	;0	;Disminuir por100.0%	;Disminuir por100.0%	;0	;Disminuir por100.0%	; --%	;0	;Disminuir por100.0%	;Disminuir por100.0%	;0	; --%	;Disminuir por100.0%	;1	;Disminuir por99.9%	;Disminuir por99.9%	;0	;Disminuir por100.0%	;Disminuir por100.0%	;1	;Disminuir por97.2%	;Disminuir por98.2%	;0	;Disminuir por100.0%	;Disminuir por100.0%	;
181	;(Sábado)2026/05/30	;0	;Disminuir por100.0%	;Disminuir por100.0%	;0	;Disminuir por100.0%	; --%	;0	;Disminuir por100.0%	;Disminuir por100.0%	;0	;Disminuir por100.0%	; --%	;0	;Disminuir por100.0%	;Disminuir por100.0%	;0	;Disminuir por100.0%	;Disminuir por100.0%	;3	;Disminuir por94.3%	;Disminuir por95.7%	;3	;Disminuir por25.0%	;Sin cambios	;
182	;(Domingo)2026/05/31	;0	;Disminuir por100.0%	;Disminuir por100.0%	;0	;Disminuir por100.0%	; --%	;0	;Disminuir por100.0%	;Disminuir por100.0%	;0	;Disminuir por100.0%	; --%	;0	;Disminuir por100.0%	;Disminuir por100.0%	;0	;Disminuir por100.0%	;Disminuir por100.0%	;0	;Disminuir por100.0%	;Disminuir por100.0%	;0	;Disminuir por100.0%	;Disminuir por100.0%	;
183	;(Lunes)2026/06/01	;0	;Disminuir por100.0%	;Disminuir por100.0%	;0	; --%	; --%	;0	;Disminuir por100.0%	;Disminuir por100.0%	;0	;Disminuir por100.0%	;Disminuir por100.0%	;0	;Disminuir por100.0%	;Disminuir por100.0%	;0	;Disminuir por100.0%	;Disminuir por100.0%	;0	;Disminuir por100.0%	;Disminuir por100.0%	;0	; --%	;Disminuir por100.0%	;
184	;(Martes)2026/06/02	;0	;Disminuir por100.0%	;Disminuir por100.0%	;0	;Disminuir por100.0%	;Disminuir por100.0%	;0	;Disminuir por100.0%	;Disminuir por100.0%	;0	;Disminuir por100.0%	; --%	;1	;Disminuir por99.8%	;Disminuir por99.9%	;0	;Disminuir por100.0%	;Disminuir por100.0%	;8	;Sin cambios	;Disminuir por76.5%	;7	;Aumentar por600.0%	;Aumentar por600.0%	;
185	;(Miércoles)2026/06/03	;0	;Disminuir por100.0%	;Disminuir por100.0%	;0	;Disminuir por100.0%	; --%	;0	;Disminuir por100.0%	;Disminuir por100.0%	;0	;Disminuir por100.0%	;Disminuir por100.0%	;0	;Disminuir por100.0%	;Disminuir por100.0%	;0	;Disminuir por100.0%	;Disminuir por100.0%	;1	;Disminuir por97.8%	;Disminuir por98.4%	;0	; --%	;Disminuir por100.0%	;
186	;(Jueves)2026/06/04	;0	;Disminuir por100.0%	;Disminuir por100.0%	;0	;Disminuir por100.0%	;Disminuir por100.0%	;0	;Disminuir por100.0%	;Disminuir por100.0%	;0	; --%	;Disminuir por100.0%	;0	;Disminuir por100.0%	;Disminuir por100.0%	;0	;Disminuir por100.0%	;Disminuir por100.0%	;0	;Disminuir por100.0%	;Disminuir por100.0%	;0	;Disminuir por100.0%	;Disminuir por100.0%	;
187	;(Viernes)2026/06/05	;0	;Disminuir por100.0%	;Disminuir por100.0%	;0	;Disminuir por100.0%	; --%	;0	;Disminuir por100.0%	;Disminuir por100.0%	;0	;Disminuir por100.0%	; --%	;0	;Disminuir por100.0%	;Disminuir por100.0%	;0	;Disminuir por100.0%	; --%	;0	;Disminuir por100.0%	;Disminuir por100.0%	;0	; --%	;Disminuir por100.0%	;
188	;(Sábado)2026/06/06	;0	;Disminuir por100.0%	;Disminuir por100.0%	;0	;Disminuir por100.0%	; --%	;0	;Disminuir por100.0%	;Disminuir por100.0%	;0	;Disminuir por100.0%	;Disminuir por100.0%	;0	;Disminuir por100.0%	;Disminuir por100.0%	;0	;Disminuir por100.0%	;Disminuir por100.0%	;0	;Disminuir por100.0%	;Disminuir por100.0%	;0	;Disminuir por100.0%	;Disminuir por100.0%	;
189	;(Domingo)2026/06/07	;0	;Disminuir por100.0%	;Disminuir por100.0%	;0	;Disminuir por100.0%	; --%	;0	;Disminuir por100.0%	;Disminuir por100.0%	;0	;Disminuir por100.0%	;Disminuir por100.0%	;0	;Disminuir por100.0%	;Disminuir por100.0%	;0	;Disminuir por100.0%	;Disminuir por100.0%	;0	;Disminuir por100.0%	;Disminuir por100.0%	;0	;Disminuir por100.0%	;Disminuir por100.0%	;
190	;(Lunes)2026/06/08	;0	;Disminuir por100.0%	;Disminuir por100.0%	;0	;Disminuir por100.0%	; --%	;0	;Disminuir por100.0%	;Disminuir por100.0%	;0	;Disminuir por100.0%	; --%	;0	;Disminuir por100.0%	;Disminuir por100.0%	;0	;Disminuir por100.0%	;Disminuir por100.0%	;1	;Disminuir por92.3%	;Disminuir por88.9%	;0	; --%	; --%	;
191	;(Martes)2026/06/09	;0	;Disminuir por100.0%	;Disminuir por100.0%	;0	; --%	;Disminuir por100.0%	;0	;Disminuir por100.0%	;Disminuir por100.0%	;0	; --%	;Disminuir por100.0%	;0	;Disminuir por100.0%	;Disminuir por100.0%	;0	; --%	;Disminuir por100.0%	;0	;Disminuir por100.0%	;Disminuir por100.0%	;0	; --%	;Disminuir por100.0%	;
192	;(Miércoles)2026/06/10	;0	;Disminuir por100.0%	;Disminuir por100.0%	;0	; --%	; --%	;0	;Disminuir por100.0%	;Disminuir por100.0%	;0	;Disminuir por100.0%	;Disminuir por100.0%	;0	;Disminuir por100.0%	;Disminuir por100.0%	;0	;Disminuir por100.0%	;Disminuir por100.0%	;0	;Disminuir por100.0%	;Disminuir por100.0%	;0	; --%	;Disminuir por100.0%	;
193	;(Jueves)2026/06/11	;0	; --%	;Disminuir por100.0%	;0	; --%	; --%	;0	;Disminuir por100.0%	;Disminuir por100.0%	;0	; --%	; --%	;0	;Disminuir por100.0%	;Disminuir por100.0%	;0	; --%	;Disminuir por100.0%	;0	; --%	;Disminuir por100.0%	;0	; --%	; --%	;
194	;(Viernes)2026/06/12	;0	;Disminuir por100.0%	;Disminuir por100.0%	;0	; --%	;Disminuir por100.0%	;0	;Disminuir por100.0%	;Disminuir por100.0%	;0	;Disminuir por100.0%	; --%	;0	;Disminuir por100.0%	;Disminuir por100.0%	;0	;Disminuir por100.0%	;Disminuir por100.0%	;0	;Disminuir por100.0%	;Disminuir por100.0%	;0	;Disminuir por100.0%	; --%	;
195	;(Sábado)2026/06/13	;0	;Disminuir por100.0%	;Disminuir por100.0%	;0	; --%	;Disminuir por100.0%	;0	;Disminuir por100.0%	;Disminuir por100.0%	;0	; --%	;Disminuir por100.0%	;0	;Disminuir por100.0%	;Disminuir por100.0%	;0	; --%	;Disminuir por100.0%	;0	;Disminuir por100.0%	;Disminuir por100.0%	;0	;Disminuir por100.0%	;Disminuir por100.0%	;
196	;(Domingo)2026/06/14	;0	;Disminuir por100.0%	;Disminuir por100.0%	;0	; --%	; --%	;0	;Disminuir por100.0%	;Disminuir por100.0%	;0	;Disminuir por100.0%	;Disminuir por100.0%	;0	;Disminuir por100.0%	;Disminuir por100.0%	;0	;Disminuir por100.0%	;Disminuir por100.0%	;0	;Disminuir por100.0%	;Disminuir por100.0%	;0	;Disminuir por100.0%	;Disminuir por100.0%	;
197	;(Lunes)2026/06/15	;0	;Disminuir por100.0%	;Disminuir por100.0%	;0	;Disminuir por100.0%	;Disminuir por100.0%	;0	;Disminuir por100.0%	;Disminuir por100.0%	;0	;Disminuir por100.0%	; --%	;0	;Disminuir por100.0%	;Disminuir por100.0%	;0	;Disminuir por100.0%	;Disminuir por100.0%	;3	;Disminuir por50.0%	;Disminuir por87.0%	;2	;Aumentar por100.0%	;Sin cambios	;
198	;(Martes)2026/06/16	;0	;Disminuir por100.0%	;Disminuir por100.0%	;0	; --%	; --%	;0	;Disminuir por100.0%	;Disminuir por100.0%	;0	;Disminuir por100.0%	; --%	;0	;Disminuir por100.0%	;Disminuir por100.0%	;0	;Disminuir por100.0%	;Disminuir por100.0%	;0	;Disminuir por100.0%	;Disminuir por100.0%	;0	; --%	;Disminuir por100.0%	;
199	;(Miércoles)2026/06/17	;0	;Disminuir por100.0%	;Disminuir por100.0%	;0	;Disminuir por100.0%	; --%	;0	;Disminuir por100.0%	;Disminuir por100.0%	;0	; --%	;Disminuir por100.0%	;1	;Disminuir por99.9%	;Disminuir por99.9%	;1	;Disminuir por66.7%	;Disminuir por66.7%	;0	;Disminuir por100.0%	;Disminuir por100.0%	;0	; --%	;Disminuir por100.0%	;
200	;(Jueves)2026/06/18	;0	;Disminuir por100.0%	;Disminuir por100.0%	;0	;Disminuir por100.0%	;Disminuir por100.0%	;0	;Disminuir por100.0%	;Disminuir por100.0%	;1	;Sin cambios	;Disminuir por66.7%	;1	;Disminuir por99.9%	;Disminuir por99.9%	;0	;Disminuir por100.0%	;Disminuir por100.0%	;0	;Disminuir por100.0%	;Disminuir por100.0%	;1	; --%	;Sin cambios	;
201	;(Viernes)2026/06/19	;1	;Sin cambios	;Disminuir por92.9%	;0	; --%	;Disminuir por100.0%	;0	;Disminuir por100.0%	;Disminuir por100.0%	;0	;Disminuir por100.0%	;Disminuir por100.0%	;0	;Disminuir por100.0%	;Disminuir por100.0%	;0	; --%	;Disminuir por100.0%	;0	;Disminuir por100.0%	;Disminuir por100.0%	;0	;Disminuir por100.0%	;Disminuir por100.0%	;
202	;(Sábado)2026/06/20	;0	;Disminuir por100.0%	;Disminuir por100.0%	;0	; --%	; --%	;1	;Disminuir por99.2%	;Disminuir por99.5%	;1	;Sin cambios	; --%	;0	;Disminuir por100.0%	;Disminuir por100.0%	;0	;Disminuir por100.0%	; --%	;0	;Disminuir por100.0%	;Disminuir por100.0%	;0	;Disminuir por100.0%	;Disminuir por100.0%	;
203	;(Domingo)2026/06/21	;0	;Disminuir por100.0%	;Disminuir por100.0%	;0	;Disminuir por100.0%	;Disminuir por100.0%	;0	;Disminuir por100.0%	;Disminuir por100.0%	;0	; --%	;Disminuir por100.0%	;0	;Disminuir por100.0%	;Disminuir por100.0%	;0	; --%	;Disminuir por100.0%	;0	;Disminuir por100.0%	;Disminuir por100.0%	;0	;Disminuir por100.0%	;Disminuir por100.0%	;
204	;(Lunes)2026/06/22	;0	;Disminuir por100.0%	;Disminuir por100.0%	;0	;Disminuir por100.0%	;Disminuir por100.0%	;0	;Disminuir por100.0%	;Disminuir por100.0%	;0	; --%	;Disminuir por100.0%	;0	;Disminuir por100.0%	;Disminuir por100.0%	;0	;Disminuir por100.0%	;Disminuir por100.0%	;0	;Disminuir por100.0%	;Disminuir por100.0%	;0	;Disminuir por100.0%	;Disminuir por100.0%	;
205	;(Martes)2026/06/23	;0	;Disminuir por100.0%	;Disminuir por100.0%	;0	; --%	; --%	;0	;Disminuir por100.0%	;Disminuir por100.0%	;0	; --%	;Disminuir por100.0%	;0	;Disminuir por100.0%	;Disminuir por100.0%	;0	;Disminuir por100.0%	;Disminuir por100.0%	;1	;Disminuir por83.3%	;Disminuir por98.4%	;0	; --%	;Disminuir por100.0%	;
206	;(Miércoles)2026/06/24	;0	;Disminuir por100.0%	;Disminuir por100.0%	;0	; --%	; --%	;0	;Disminuir por100.0%	;Disminuir por100.0%	;0	;Disminuir por100.0%	;Disminuir por100.0%	;0	;Disminuir por100.0%	;Disminuir por100.0%	;0	;Disminuir por100.0%	;Disminuir por100.0%	;0	;Disminuir por100.0%	;Disminuir por100.0%	;0	;Disminuir por100.0%	;Disminuir por100.0%	;
207	;(Jueves)2026/06/25	;0	;Disminuir por100.0%	;Disminuir por100.0%	;0	; --%	; --%	;0	;Disminuir por100.0%	;Disminuir por100.0%	;1	;Disminuir por75.0%	;Sin cambios	;0	;Disminuir por100.0%	;Disminuir por100.0%	;1	;Sin cambios	;Sin cambios	;5	;Disminuir por87.5%	;Disminuir por92.1%	;4	; --%	;Aumentar por100.0%	;
208	;(Viernes)2026/06/26	;2	;Sin cambios	; --%	;2	; --%	; --%	;0	;Disminuir por100.0%	;Disminuir por100.0%	;0	;Disminuir por100.0%	;Disminuir por100.0%	;2	;Disminuir por99.8%	;Disminuir por99.8%	;1	;Disminuir por50.0%	;Disminuir por75.0%	;13	;Disminuir por43.5%	;Disminuir por72.3%	;12	; --%	;Aumentar por1100.0%	;
209	;(Sábado)2026/06/27	;0	;Disminuir por100.0%	;Disminuir por100.0%	;0	; --%	; --%	;0	;Disminuir por100.0%	;Disminuir por100.0%	;1	;Disminuir por75.0%	;Disminuir por75.0%	;0	;Disminuir por100.0%	;Disminuir por100.0%	;0	;Disminuir por100.0%	;Disminuir por100.0%	;3	;Disminuir por83.3%	;Disminuir por96.3%	;0	; --%	;Disminuir por100.0%	;
210	;(Domingo)2026/06/28	;0	;Disminuir por100.0%	;Disminuir por100.0%	;0	; --%	; --%	;0	;Disminuir por100.0%	;Disminuir por100.0%	;0	;Disminuir por100.0%	;Disminuir por100.0%	;0	;Disminuir por100.0%	;Disminuir por100.0%	;0	;Disminuir por100.0%	;Disminuir por100.0%	;0	;Disminuir por100.0%	;Disminuir por100.0%	;0	; --%	;Disminuir por100.0%	;
211	;(Lunes)2026/06/29	;0	; --%	;Disminuir por100.0%	;0	; --%	;Disminuir por100.0%	;0	;Disminuir por100.0%	;Disminuir por100.0%	;0	;Disminuir por100.0%	; --%	;0	;Disminuir por100.0%	;Disminuir por100.0%	;1	;Disminuir por85.7%	;Disminuir por83.3%	;10	;Disminuir por23.1%	;Disminuir por23.1%	;10	; --%	;Aumentar por150.0%	;
212	;(Martes)2026/06/30	;0	;Disminuir por100.0%	;Disminuir por100.0%	;0	; --%	; --%	;0	;Disminuir por100.0%	;Disminuir por100.0%	;0	; --%	;Disminuir por100.0%	;1	;Disminuir por99.9%	;Disminuir por99.9%	;1	;Disminuir por80.0%	;Disminuir por91.7%	;11	;Aumentar por57.1%	;Disminuir por83.1%	;8	;Aumentar por700.0%	;Aumentar por33.3%	;
