Análisis de tipo multiobjetivo	;
Información básica	;
Hora de exportación: 2026/07/14 13:48:44	;
Operador: Touristcheck	;
Objetivo de estadísticas: Estibaliz - Avda. Estacion	;
Exportar contenido:Número de personas,Vehículos a motor,Vehículos sin motor	;
Hora del informe: 2025/12/01 00:00:00 - 2026/07/14 23:59:59	;

Personas totales	; 	; 	; 	; 	; 	;Total de vehículos a motor	; 	; 	; 	; 	; 	;Total de vehículos sin motor	;
Avanzar	; 	; 	;Retroceso	; 	; 	;Avanzar	; 	; 	;Retroceso	; 	; 	;Avanzar	; 	; 	;Retroceso	;
Valor	;Tasa de cambio (ciclo tras ciclo)	;Tasa de cambio (año tras año)	;Valor	;Tasa de cambio (ciclo tras ciclo)	;Tasa de cambio (año tras año)	;Valor	;Tasa de cambio (ciclo tras ciclo)	;Tasa de cambio (año tras año)	;Valor	;Tasa de cambio (ciclo tras ciclo)	;Tasa de cambio (año tras año)	;Valor	;Tasa de cambio (ciclo tras ciclo)	;Tasa de cambio (año tras año)	;Valor	;Tasa de cambio (ciclo tras ciclo)	;Tasa de cambio (año tras año)	;
45943	;Disminuir por26.8%	;Aumentar por129.8%	;37592	;Disminuir por24.6%	;Aumentar por124.3%	;949058	;Disminuir por14.6%	;Aumentar por135.9%	;936029	;Disminuir por15.9%	;Aumentar por132.7%	;65543	;Disminuir por27.8%	;Aumentar por104.8%	;52972	;Disminuir por31.0%	;Aumentar por98.8%	;

N.º	;Hora	;Personas	; 	; 	; 	; 	; 	;Vehículos a motor	; 	; 	; 	; 	; 	;Vehículos sin motor	;
	;	;Avanzar	; 	; 	;Retroceso	; 	; 	;Avanzar	; 	; 	;Retroceso	; 	; 	;Avanzar	; 	; 	;Retroceso	;
	;	;Valor	;Tasa de cambio (ciclo tras ciclo)	;Tasa de cambio (año tras año)	;Valor	;Tasa de cambio (ciclo tras ciclo)	;Tasa de cambio (año tras año)	;Valor	;Tasa de cambio (ciclo tras ciclo)	;Tasa de cambio (año tras año)	;Valor	;Tasa de cambio (ciclo tras ciclo)	;Tasa de cambio (año tras año)	;Valor	;Tasa de cambio (ciclo tras ciclo)	;Tasa de cambio (año tras año)	;Valor	;Tasa de cambio (ciclo tras ciclo)	;Tasa de cambio (año tras año)	;
1	;(Lunes)2025/12/01	;171	;Disminuir por67.6%	; --%	;145	;Disminuir por67.7%	; --%	;3605	;Disminuir por50.0%	; --%	;3685	;Disminuir por51.9%	; --%	;182	;Disminuir por61.0%	; --%	;146	;Disminuir por67.0%	; --%	;
2	;(Martes)2025/12/02	;138	;Disminuir por60.2%	; --%	;125	;Disminuir por62.0%	; --%	;3447	;Disminuir por48.9%	; --%	;3413	;Disminuir por59.1%	; --%	;167	;Disminuir por63.1%	; --%	;148	;Disminuir por59.2%	; --%	;
3	;(Miércoles)2025/12/03	;153	;Disminuir por48.3%	; --%	;122	;Disminuir por53.3%	; --%	;3683	;Disminuir por35.4%	; --%	;3493	;Disminuir por53.2%	; --%	;170	;Disminuir por61.5%	; --%	;133	;Disminuir por67.2%	; --%	;
4	;(Jueves)2025/12/04	;198	;Disminuir por6.2%	; --%	;177	;Disminuir por16.1%	; --%	;3738	;Disminuir por19.3%	; --%	;3685	;Disminuir por25.0%	; --%	;156	;Disminuir por16.6%	; --%	;136	;Disminuir por11.7%	; --%	;
5	;(Viernes)2025/12/05	;127	;Disminuir por60.4%	; --%	;114	;Disminuir por60.1%	; --%	;4951	;Aumentar por2.7%	; --%	;3929	;Disminuir por19.5%	; --%	;194	;Disminuir por48.1%	; --%	;157	;Disminuir por48.9%	; --%	;
6	;(Sábado)2025/12/06	;267	;Disminuir por1.1%	; --%	;215	;Disminuir por6.1%	; --%	;6695	;Aumentar por43.2%	; --%	;5579	;Aumentar por18.8%	; --%	;253	;Disminuir por25.8%	; --%	;221	;Disminuir por24.6%	; --%	;
7	;(Domingo)2025/12/07	;216	;Disminuir por24.7%	; --%	;186	;Disminuir por23.1%	; --%	;6648	;Aumentar por28.7%	; --%	;6734	;Aumentar por34.6%	; --%	;257	;Disminuir por30.9%	; --%	;219	;Disminuir por28.9%	; --%	;
8	;(Lunes)2025/12/08	;168	;Disminuir por31.1%	; --%	;154	;Disminuir por27.0%	; --%	;4515	;Disminuir por5.4%	; --%	;6029	;Aumentar por34.2%	; --%	;239	;Disminuir por36.9%	; --%	;197	;Disminuir por33.9%	; --%	;
9	;(Martes)2025/12/09	;110	;Disminuir por44.4%	; --%	;99	;Disminuir por40.7%	; --%	;3495	;Disminuir por8.6%	; --%	;3774	;Disminuir por15.2%	; --%	;159	;Disminuir por52.4%	; --%	;140	;Disminuir por38.6%	; --%	;
10	;(Miércoles)2025/12/10	;153	;Aumentar por45.7%	; --%	;123	;Aumentar por83.6%	; --%	;3372	;Aumentar por98.2%	; --%	;3541	;Aumentar por91.9%	; --%	;183	;Aumentar por7.0%	; --%	;152	;Aumentar por40.7%	; --%	;
11	;(Jueves)2025/12/11	;124	;Aumentar por11.7%	; --%	;102	;Aumentar por4.1%	; --%	;3444	;Aumentar por46.4%	; --%	;3418	;Aumentar por43.7%	; --%	;172	;Disminuir por9.0%	; --%	;142	;Disminuir por5.3%	; --%	;
12	;(Viernes)2025/12/12	;119	;Disminuir por51.6%	; --%	;103	;Disminuir por48.2%	; --%	;4012	;Disminuir por22.6%	; --%	;3765	;Disminuir por15.2%	; --%	;160	;Disminuir por44.6%	; --%	;144	;Disminuir por44.8%	; --%	;
13	;(Sábado)2025/12/13	;131	;Disminuir por56.2%	; --%	;99	;Disminuir por60.2%	; --%	;4104	;Disminuir por31.0%	; --%	;3789	;Disminuir por10.6%	; --%	;123	;Disminuir por61.8%	; --%	;112	;Disminuir por59.9%	; --%	;
14	;(Domingo)2025/12/14	;59	;Aumentar por1080.0%	; --%	;52	;Aumentar por477.8%	; --%	;1864	;Aumentar por896.8%	; --%	;2437	;Aumentar por752.1%	; --%	;27	;Aumentar por350.0%	; --%	;34	;Aumentar por142.9%	; --%	;
15	;(Lunes)2025/12/15	;108	; --%	; --%	;106	; --%	; --%	;3106	; --%	; --%	;3157	; --%	; --%	;25	; --%	; --%	;16	; --%	; --%	;
16	;(Martes)2025/12/16	;111	; --%	; --%	;95	; --%	; --%	;3180	; --%	; --%	;3131	; --%	; --%	;65	; --%	; --%	;58	; --%	; --%	;
17	;(Miércoles)2025/12/17	;55	;Disminuir por6.8%	; --%	;45	;Disminuir por27.4%	; --%	;3168	;Aumentar por178.9%	; --%	;3129	;Aumentar por191.1%	; --%	;21	;Disminuir por65.6%	; --%	;22	;Disminuir por60.7%	; --%	;
18	;(Jueves)2025/12/18	;143	;Disminuir por30.6%	; --%	;130	;Disminuir por18.2%	; --%	;3665	;Disminuir por10.0%	; --%	;3548	;Disminuir por13.1%	; --%	;146	;Disminuir por52.1%	; --%	;115	;Disminuir por47.2%	; --%	;
19	;(Viernes)2025/12/19	;136	;Disminuir por35.5%	; --%	;106	;Disminuir por40.4%	; --%	;3914	;Disminuir por5.7%	; --%	;3642	;Disminuir por11.9%	; --%	;178	;Disminuir por43.5%	; --%	;146	;Disminuir por44.3%	; --%	;
20	;(Sábado)2025/12/20	;124	;Disminuir por26.6%	; --%	;112	;Disminuir por17.6%	; --%	;4004	;Disminuir por5.5%	; --%	;3705	;Disminuir por12.2%	; --%	;166	;Disminuir por9.3%	; --%	;120	;Disminuir por21.1%	; --%	;
21	;(Domingo)2025/12/21	;95	;Disminuir por61.8%	; --%	;83	;Disminuir por58.9%	; --%	;3318	;Disminuir por29.4%	; --%	;3647	;Disminuir por18.0%	; --%	;176	;Disminuir por45.3%	; --%	;134	;Disminuir por48.1%	; --%	;
22	;(Lunes)2025/12/22	;137	;Disminuir por29.4%	; --%	;108	;Disminuir por26.0%	; --%	;3845	;Disminuir por9.2%	; --%	;3932	;Aumentar por0.5%	; --%	;176	;Disminuir por30.7%	; --%	;137	;Disminuir por30.8%	; --%	;
23	;(Martes)2025/12/23	;127	;Disminuir por15.9%	; --%	;105	;Disminuir por35.2%	; --%	;3830	;Aumentar por23.2%	; --%	;3848	;Aumentar por0.6%	; --%	;126	;Disminuir por62.3%	; --%	;97	;Disminuir por61.7%	; --%	;
24	;(Miércoles)2025/12/24	;159	;Disminuir por33.5%	; --%	;141	;Disminuir por26.6%	; --%	;3057	;Disminuir por25.4%	; --%	;2946	;Disminuir por31.6%	; --%	;182	;Disminuir por47.1%	; --%	;127	;Disminuir por46.9%	; --%	;
25	;(Jueves)2025/12/25	;58	;Disminuir por71.3%	; --%	;59	;Disminuir por61.2%	; --%	;2135	;Disminuir por45.6%	; --%	;2008	;Disminuir por49.2%	; --%	;31	;Disminuir por92.3%	; --%	;30	;Disminuir por88.3%	; --%	;
26	;(Viernes)2025/12/26	;91	;Disminuir por26.6%	; --%	;71	;Disminuir por37.7%	; --%	;3666	;Aumentar por20.7%	; --%	;3141	;Aumentar por1.0%	; --%	;56	;Disminuir por71.7%	; --%	;44	;Disminuir por72.3%	; --%	;
27	;(Sábado)2025/12/27	;40	; --%	; --%	;36	; --%	; --%	;3446	; --%	; --%	;3245	; --%	; --%	;36	; --%	; --%	;27	; --%	; --%	;
28	;(Domingo)2025/12/28	;121	;Aumentar por39.1%	; --%	;99	;Aumentar por37.5%	; --%	;2921	;Aumentar por53.4%	; --%	;3197	;Aumentar por109.2%	; --%	;67	;Disminuir por33.7%	; --%	;37	;Disminuir por55.4%	; --%	;
29	;(Lunes)2025/12/29	;122	;Disminuir por56.3%	; --%	;111	;Disminuir por56.6%	; --%	;4484	;Aumentar por0.7%	; --%	;4240	;Aumentar por2.5%	; --%	;124	;Disminuir por73.5%	; --%	;97	;Disminuir por73.0%	; --%	;
30	;(Martes)2025/12/30	;288	;Aumentar por60.0%	; --%	;223	;Aumentar por27.4%	; --%	;4858	;Aumentar por40.6%	; --%	;4644	;Aumentar por3.8%	; --%	;285	;Disminuir por27.5%	; --%	;200	;Disminuir por41.0%	; --%	;
31	;(Miércoles)2025/12/31	;238	;Aumentar por15.0%	; --%	;201	;Aumentar por9.2%	; --%	;3930	;Disminuir por6.8%	; --%	;3273	;Disminuir por24.2%	; --%	;229	;Disminuir por42.0%	; --%	;157	;Disminuir por49.8%	; --%	;
32	;(Jueves)2026/01/01	;172	;Disminuir por22.2%	; --%	;147	;Disminuir por25.8%	; --%	;3281	;Disminuir por17.3%	; --%	;3561	;Disminuir por11.9%	; --%	;152	;Disminuir por67.3%	; --%	;112	;Disminuir por62.3%	; --%	;
33	;(Viernes)2026/01/02	;152	;Disminuir por20.4%	; --%	;130	;Disminuir por20.7%	; --%	;4702	;Aumentar por15.4%	; --%	;4796	;Aumentar por18.2%	; --%	;201	;Disminuir por34.5%	; --%	;161	;Disminuir por32.6%	; --%	;
34	;(Sábado)2026/01/03	;175	;Disminuir por22.2%	; --%	;150	;Disminuir por20.6%	; --%	;3908	;Disminuir por8.5%	; --%	;4001	;Disminuir por3.9%	; --%	;202	;Disminuir por36.3%	; --%	;139	;Disminuir por42.3%	; --%	;
35	;(Domingo)2026/01/04	;67	;Disminuir por73.5%	; --%	;58	;Disminuir por71.8%	; --%	;2386	;Disminuir por53.5%	; --%	;2743	;Disminuir por38.4%	; --%	;35	;Disminuir por91.5%	; --%	;38	;Disminuir por86.0%	; --%	;
36	;(Lunes)2026/01/05	;107	;Disminuir por56.0%	; --%	;94	;Disminuir por54.4%	; --%	;3186	;Disminuir por32.7%	; --%	;3316	;Disminuir por21.3%	; --%	;110	;Disminuir por70.5%	; --%	;93	;Disminuir por69.2%	; --%	;
37	;(Martes)2026/01/06	;81	;Disminuir por56.2%	; --%	;66	;Disminuir por61.8%	; --%	;2099	;Disminuir por41.2%	; --%	;2180	;Disminuir por53.6%	; --%	;89	;Disminuir por70.6%	; --%	;64	;Disminuir por75.6%	; --%	;
38	;(Miércoles)2026/01/07	;116	;Disminuir por46.5%	; --%	;103	;Disminuir por46.6%	; --%	;3396	;Disminuir por22.9%	; --%	;3363	;Disminuir por24.1%	; --%	;142	;Disminuir por59.8%	; --%	;102	;Disminuir por66.0%	; --%	;
39	;(Jueves)2026/01/08	;156	;Disminuir por26.1%	; --%	;131	;Disminuir por18.1%	; --%	;3286	;Disminuir por19.1%	; --%	;3267	;Disminuir por19.5%	; --%	;190	;Disminuir por53.4%	; --%	;141	;Disminuir por57.9%	; --%	;
40	;(Viernes)2026/01/09	;139	;Disminuir por8.6%	; --%	;104	;Disminuir por21.8%	; --%	;3601	;Disminuir por17.9%	; --%	;3449	;Disminuir por19.1%	; --%	;227	;Disminuir por39.8%	; --%	;161	;Disminuir por46.3%	; --%	;
41	;(Sábado)2026/01/10	;132	;Disminuir por31.3%	; --%	;94	;Disminuir por44.4%	; --%	;2933	;Disminuir por36.8%	; --%	;2862	;Disminuir por33.9%	; --%	;194	;Disminuir por45.8%	; --%	;156	;Disminuir por41.4%	; --%	;
42	;(Domingo)2026/01/11	;117	;Disminuir por38.7%	; --%	;110	;Disminuir por40.9%	; --%	;2243	;Disminuir por59.8%	; --%	;2316	;Disminuir por50.0%	; --%	;224	;Disminuir por46.8%	; --%	;165	;Disminuir por50.9%	; --%	;
43	;(Lunes)2026/01/12	;149	;Disminuir por18.1%	; --%	;123	;Disminuir por18.5%	; --%	;3416	;Disminuir por36.6%	; --%	;3405	;Disminuir por26.5%	; --%	;236	;Disminuir por48.7%	; --%	;170	;Disminuir por50.1%	; --%	;
44	;(Martes)2026/01/13	;155	;Disminuir por11.9%	; --%	;123	;Disminuir por27.6%	; --%	;3229	;Disminuir por19.2%	; --%	;3282	;Disminuir por42.4%	; --%	;200	;Disminuir por48.2%	; --%	;155	;Disminuir por57.9%	; --%	;
45	;(Miércoles)2026/01/14	;165	;Disminuir por14.9%	; --%	;143	;Disminuir por8.3%	; --%	;3221	;Disminuir por30.6%	; --%	;3194	;Disminuir por32.5%	; --%	;213	;Disminuir por44.5%	; --%	;164	;Disminuir por47.6%	; --%	;
46	;(Jueves)2026/01/15	;168	;Aumentar por0.6%	; --%	;146	;Disminuir por3.3%	; --%	;3283	;Disminuir por22.5%	; --%	;3316	;Disminuir por23.1%	; --%	;195	;Disminuir por49.5%	; --%	;143	;Disminuir por57.8%	; --%	;
47	;(Viernes)2026/01/16	;144	;Disminuir por14.3%	; --%	;129	;Disminuir por17.8%	; --%	;3415	;Disminuir por20.8%	; --%	;3384	;Disminuir por20.6%	; --%	;192	;Disminuir por45.9%	; --%	;146	;Disminuir por55.6%	; --%	;
48	;(Sábado)2026/01/17	;95	;Disminuir por46.6%	; --%	;86	;Disminuir por38.6%	; --%	;2351	;Disminuir por48.0%	; --%	;2463	;Disminuir por43.3%	; --%	;48	;Disminuir por87.8%	; --%	;36	;Disminuir por88.9%	; --%	;
49	;(Domingo)2026/01/18	;123	;Disminuir por47.9%	; --%	;125	;Disminuir por37.5%	; --%	;2094	;Disminuir por64.4%	; --%	;2142	;Disminuir por53.4%	; --%	;175	;Disminuir por63.2%	; --%	;133	;Disminuir por63.3%	; --%	;
50	;(Lunes)2026/01/19	;120	;Disminuir por59.3%	; --%	;108	;Disminuir por55.6%	; --%	;3211	;Disminuir por47.8%	; --%	;3223	;Disminuir por31.9%	; --%	;108	;Disminuir por78.4%	; --%	;75	;Disminuir por81.9%	; --%	;
51	;(Martes)2026/01/20	;68	;Disminuir por73.5%	; --%	;49	;Disminuir por77.5%	; --%	;2895	;Disminuir por35.8%	; --%	;2935	;Disminuir por52.1%	; --%	;54	;Disminuir por88.8%	; --%	;33	;Disminuir por92.1%	; --%	;
52	;(Miércoles)2026/01/21	;114	;Disminuir por57.5%	; --%	;94	;Disminuir por55.2%	; --%	;3289	;Disminuir por38.2%	; --%	;3299	;Disminuir por42.5%	; --%	;151	;Disminuir por62.7%	; --%	;93	;Disminuir por75.9%	; --%	;
53	;(Jueves)2026/01/22	;148	;Disminuir por35.4%	; --%	;134	;Disminuir por25.6%	; --%	;3441	;Disminuir por21.5%	; --%	;3353	;Disminuir por24.7%	; --%	;154	;Disminuir por62.5%	; --%	;117	;Disminuir por68.4%	; --%	;
54	;(Viernes)2026/01/23	;165	;Disminuir por20.3%	; --%	;141	;Disminuir por9.6%	; --%	;3671	;Disminuir por19.5%	; --%	;3523	;Disminuir por25.2%	; --%	;215	;Disminuir por50.8%	; --%	;145	;Disminuir por58.3%	; --%	;
55	;(Sábado)2026/01/24	;129	;Disminuir por38.3%	; --%	;103	;Disminuir por36.4%	; --%	;2996	;Disminuir por33.9%	; --%	;2751	;Disminuir por38.3%	; --%	;150	;Disminuir por61.6%	; --%	;118	;Disminuir por65.7%	; --%	;
56	;(Domingo)2026/01/25	;127	;Disminuir por37.4%	; --%	;125	;Disminuir por17.8%	; --%	;2239	;Disminuir por62.0%	; --%	;2465	;Disminuir por49.6%	; --%	;237	;Disminuir por48.9%	; --%	;162	;Disminuir por56.3%	; --%	;
57	;(Lunes)2026/01/26	;197	;Disminuir por15.5%	; --%	;157	;Disminuir por10.8%	; --%	;3457	;Disminuir por35.6%	; --%	;3506	;Disminuir por25.9%	; --%	;223	;Disminuir por50.6%	; --%	;153	;Disminuir por60.4%	; --%	;
58	;(Martes)2026/01/27	;130	;Disminuir por31.9%	; --%	;124	;Disminuir por29.9%	; --%	;3299	;Disminuir por23.6%	; --%	;3360	;Disminuir por44.5%	; --%	;157	;Disminuir por61.1%	; --%	;110	;Disminuir por71.6%	; --%	;
59	;(Miércoles)2026/01/28	;120	;Disminuir por49.6%	; --%	;110	;Disminuir por45.0%	; --%	;3205	;Disminuir por35.3%	; --%	;3145	;Disminuir por34.9%	; --%	;100	;Disminuir por76.2%	; --%	;84	;Disminuir por76.2%	; --%	;
60	;(Jueves)2026/01/29	;159	;Disminuir por27.1%	; --%	;150	;Disminuir por23.9%	; --%	;3381	;Disminuir por24.5%	; --%	;3306	;Disminuir por26.7%	; --%	;181	;Disminuir por60.5%	; --%	;135	;Disminuir por67.8%	; --%	;
61	;(Viernes)2026/01/30	;171	;Disminuir por15.8%	; --%	;171	;Disminuir por4.5%	; --%	;3728	;Disminuir por20.2%	; --%	;3558	;Disminuir por21.3%	; --%	;231	;Disminuir por44.7%	; --%	;170	;Disminuir por51.1%	; --%	;
62	;(Sábado)2026/01/31	;107	;Disminuir por52.9%	; --%	;89	;Disminuir por51.1%	; --%	;2848	;Disminuir por42.9%	; --%	;2773	;Disminuir por41.4%	; --%	;83	;Disminuir por80.8%	; --%	;61	;Disminuir por84.0%	; --%	;
63	;(Domingo)2026/02/01	;142	;Disminuir por44.7%	; --%	;123	;Disminuir por44.3%	; --%	;2434	;Disminuir por60.1%	; --%	;2716	;Disminuir por46.6%	; --%	;204	;Disminuir por54.6%	; --%	;130	;Disminuir por63.7%	; --%	;
64	;(Lunes)2026/02/02	;168	;Disminuir por46.2%	; --%	;156	;Disminuir por37.1%	; --%	;3419	;Disminuir por46.4%	; --%	;3456	;Disminuir por34.5%	; --%	;213	;Disminuir por57.0%	; --%	;121	;Disminuir por70.4%	; --%	;
65	;(Martes)2026/02/03	;140	;Disminuir por48.0%	; --%	;125	;Disminuir por45.2%	; --%	;3382	;Disminuir por30.1%	; --%	;3362	;Disminuir por40.8%	; --%	;210	;Disminuir por52.6%	; --%	;169	;Disminuir por56.0%	; --%	;
66	;(Miércoles)2026/02/04	;175	;Aumentar por10.8%	; --%	;177	;Aumentar por108.2%	; --%	;3360	;Aumentar por58.8%	; --%	;3309	;Aumentar por99.0%	; --%	;234	;Aumentar por26.5%	; --%	;202	;Aumentar por34.7%	; --%	;
67	;(Jueves)2026/02/05	;118	;Disminuir por48.7%	; --%	;104	;Disminuir por58.6%	; --%	;3540	;Disminuir por29.1%	; --%	;3387	;Disminuir por42.3%	; --%	;187	;Disminuir por55.6%	; --%	;109	;Disminuir por73.0%	; --%	;
68	;(Viernes)2026/02/06	;172	;Disminuir por32.3%	; --%	;138	;Disminuir por31.0%	; --%	;3993	;Disminuir por24.8%	; --%	;3763	;Disminuir por29.4%	; --%	;278	;Disminuir por35.6%	; --%	;222	;Disminuir por38.0%	; --%	;
69	;(Sábado)2026/02/07	;168	;Disminuir por4.0%	; --%	;161	;Aumentar por8.1%	; --%	;3367	;Disminuir por37.4%	; --%	;3131	;Disminuir por41.1%	; --%	;233	;Disminuir por55.4%	; --%	;179	;Disminuir por53.4%	; --%	;
70	;(Domingo)2026/02/08	;143	;Disminuir por36.7%	; --%	;142	;Disminuir por24.5%	; --%	;2498	;Disminuir por60.0%	; --%	;2818	;Disminuir por48.7%	; --%	;207	;Disminuir por62.3%	; --%	;159	;Disminuir por62.4%	; --%	;
71	;(Lunes)2026/02/09	;205	;Disminuir por15.3%	; --%	;172	;Disminuir por16.1%	; --%	;3527	;Disminuir por40.0%	; --%	;3501	;Disminuir por36.5%	; --%	;246	;Disminuir por55.5%	; --%	;198	;Disminuir por57.9%	; --%	;
72	;(Martes)2026/02/10	;167	;Disminuir por17.7%	; --%	;144	;Disminuir por23.0%	; --%	;3512	;Disminuir por25.1%	; --%	;3479	;Disminuir por48.2%	; --%	;262	;Disminuir por31.4%	; --%	;193	;Disminuir por54.8%	; --%	;
73	;(Miércoles)2026/02/11	;198	;Aumentar por0.5%	; --%	;166	;Aumentar por12.2%	; --%	;3468	;Disminuir por35.8%	; --%	;3473	;Disminuir por37.8%	; --%	;253	;Disminuir por41.7%	; --%	;204	;Disminuir por44.3%	; --%	;
74	;(Jueves)2026/02/12	;174	;Aumentar por41.5%	; --%	;154	;Aumentar por45.3%	; --%	;3626	;Aumentar por2.3%	; --%	;3594	;Aumentar por8.8%	; --%	;186	;Disminuir por36.5%	; --%	;146	;Disminuir por45.9%	; --%	;
75	;(Viernes)2026/02/13	;161	;Aumentar por6.6%	; --%	;147	;Aumentar por16.7%	; --%	;4109	;Aumentar por21.9%	; --%	;3736	;Aumentar por20.6%	; --%	;140	;Disminuir por48.0%	; --%	;108	;Disminuir por56.5%	; --%	;
76	;(Sábado)2026/02/14	;98	;Disminuir por61.3%	; --%	;81	;Disminuir por62.8%	; --%	;1994	;Disminuir por63.8%	; --%	;1735	;Disminuir por67.4%	; --%	;15	;Disminuir por96.8%	; --%	;12	;Disminuir por96.9%	; --%	;
77	;(Domingo)2026/02/15	;153	;Disminuir por53.8%	; --%	;150	;Disminuir por32.4%	; --%	;2864	;Disminuir por56.7%	; --%	;3226	;Disminuir por41.4%	; --%	;185	;Disminuir por56.5%	; --%	;153	;Disminuir por60.6%	; --%	;
78	;(Lunes)2026/02/16	;218	;Disminuir por41.9%	; --%	;183	;Disminuir por38.4%	; --%	;3852	;Disminuir por40.1%	; --%	;3796	;Disminuir por33.7%	; --%	;353	;Disminuir por23.4%	; --%	;252	;Disminuir por33.9%	; --%	;
79	;(Martes)2026/02/17	;170	;Disminuir por30.0%	; --%	;155	;Disminuir por28.6%	; --%	;3697	;Disminuir por32.4%	; --%	;3712	;Disminuir por46.9%	; --%	;308	;Disminuir por34.5%	; --%	;228	;Disminuir por44.7%	; --%	;
80	;(Miércoles)2026/02/18	;169	;Disminuir por41.7%	; --%	;153	;Disminuir por38.1%	; --%	;3716	;Disminuir por38.9%	; --%	;3630	;Disminuir por39.2%	; --%	;243	;Disminuir por52.4%	; --%	;183	;Disminuir por60.3%	; --%	;
81	;(Jueves)2026/02/19	;175	;Disminuir por57.7%	; --%	;151	;Disminuir por58.7%	; --%	;3796	;Disminuir por34.9%	; --%	;3540	;Disminuir por39.0%	; --%	;199	;Disminuir por60.9%	; --%	;124	;Disminuir por72.1%	; --%	;
82	;(Viernes)2026/02/20	;188	;Disminuir por48.9%	; --%	;165	;Disminuir por43.3%	; --%	;4243	;Disminuir por27.9%	; --%	;3858	;Disminuir por36.3%	; --%	;218	;Aumentar por19.1%	; --%	;155	;Disminuir por2.5%	; --%	;
83	;(Sábado)2026/02/21	;205	;Disminuir por48.5%	; --%	;170	;Disminuir por44.3%	; --%	;3605	;Disminuir por38.5%	; --%	;3386	;Disminuir por39.9%	; --%	;302	;Disminuir por32.4%	; --%	;216	;Disminuir por40.5%	; --%	;
84	;(Domingo)2026/02/22	;167	;Disminuir por59.1%	; --%	;148	;Disminuir por49.5%	; --%	;2794	;Disminuir por59.5%	; --%	;3226	;Disminuir por47.7%	; --%	;274	;Disminuir por31.8%	; --%	;205	;Disminuir por42.4%	; --%	;
85	;(Lunes)2026/02/23	;180	;Disminuir por43.9%	; --%	;161	;Disminuir por34.3%	; --%	;3828	;Disminuir por34.2%	; --%	;3827	;Disminuir por31.1%	; --%	;319	;Aumentar por38.7%	; --%	;224	;Aumentar por10.9%	; --%	;
86	;(Martes)2026/02/24	;211	;Disminuir por40.6%	; --%	;179	;Disminuir por44.6%	; --%	;3670	;Disminuir por34.5%	; --%	;3631	;Disminuir por47.1%	; --%	;238	;Disminuir por54.9%	; --%	;163	;Disminuir por60.7%	; --%	;
87	;(Miércoles)2026/02/25	;134	;Disminuir por69.3%	; --%	;113	;Disminuir por68.0%	; --%	;3683	;Disminuir por42.7%	; --%	;3622	;Disminuir por41.6%	; --%	;192	;Disminuir por64.6%	; --%	;156	;Disminuir por67.2%	; --%	;
88	;(Jueves)2026/02/26	;143	;Disminuir por62.7%	; --%	;119	;Disminuir por64.3%	; --%	;3827	;Disminuir por34.2%	; --%	;3716	;Disminuir por36.2%	; --%	;288	;Disminuir por48.0%	; --%	;203	;Disminuir por59.4%	; --%	;
89	;(Viernes)2026/02/27	;194	;Disminuir por47.3%	; --%	;169	;Disminuir por49.6%	; --%	;4183	;Disminuir por29.9%	; --%	;3930	;Disminuir por33.4%	; --%	;218	;Disminuir por60.0%	; --%	;186	;Disminuir por59.7%	; --%	;
90	;(Sábado)2026/02/28	;122	;Disminuir por58.6%	; --%	;113	;Disminuir por51.3%	; --%	;3483	;Disminuir por44.5%	; --%	;3212	;Disminuir por46.5%	; --%	;233	;Disminuir por57.1%	; --%	;183	;Disminuir por59.5%	; --%	;
91	;(Domingo)2026/03/01	;154	;Disminuir por64.8%	; --%	;124	;Disminuir por58.5%	; --%	;2818	;Disminuir por60.5%	; --%	;3208	;Disminuir por49.1%	; --%	;253	;Disminuir por51.3%	; --%	;214	;Disminuir por53.6%	; --%	;
92	;(Lunes)2026/03/02	;122	;Disminuir por72.9%	; --%	;110	;Disminuir por66.5%	; --%	;3774	;Disminuir por48.0%	; --%	;3792	;Disminuir por41.7%	; --%	;198	;Disminuir por63.4%	; --%	;169	;Disminuir por62.1%	; --%	;
93	;(Martes)2026/03/03	;57	;Disminuir por82.1%	; --%	;43	;Disminuir por85.0%	; --%	;1753	;Disminuir por69.5%	; --%	;1804	;Disminuir por75.8%	; --%	;56	;Disminuir por89.6%	; --%	;35	;Disminuir por92.6%	; --%	;
94	;(Miércoles)2026/03/04	;79	;Disminuir por78.3%	; --%	;89	;Disminuir por68.4%	; --%	;3122	;Disminuir por54.7%	; --%	;2973	;Disminuir por55.6%	; --%	;74	;Disminuir por87.4%	; --%	;68	;Disminuir por86.5%	; --%	;
95	;(Jueves)2026/03/05	;99	;Disminuir por74.6%	; --%	;87	;Disminuir por72.8%	; --%	;3493	;Disminuir por42.0%	; --%	;3316	;Disminuir por45.8%	; --%	;35	;Disminuir por93.3%	; --%	;29	;Disminuir por93.5%	; --%	;
96	;(Viernes)2026/03/06	;96	;Disminuir por76.9%	; --%	;94	;Disminuir por68.5%	; --%	;3682	;Disminuir por40.9%	; --%	;3544	;Disminuir por43.4%	; --%	;58	;Disminuir por82.4%	; --%	;38	;Disminuir por86.8%	; --%	;
97	;(Sábado)2026/03/07	;83	;Disminuir por83.9%	; --%	;71	;Disminuir por79.7%	; --%	;2637	;Disminuir por63.1%	; --%	;2573	;Disminuir por63.1%	; --%	;49	;Disminuir por83.7%	; --%	;38	;Disminuir por85.6%	; --%	;
98	;(Domingo)2026/03/08	;163	;Disminuir por64.0%	; --%	;124	;Disminuir por59.3%	; --%	;2527	;Disminuir por66.3%	; --%	;2618	;Disminuir por58.8%	; --%	;177	;Disminuir por68.3%	; --%	;121	;Disminuir por71.7%	; --%	;
99	;(Lunes)2026/03/09	;201	;Disminuir por64.0%	; --%	;180	;Disminuir por63.6%	; --%	;3760	;Disminuir por49.3%	; --%	;3673	;Disminuir por48.2%	; --%	;306	;Disminuir por46.4%	; --%	;216	;Disminuir por56.5%	; --%	;
100	;(Martes)2026/03/10	;168	;Disminuir por58.8%	; --%	;146	;Disminuir por57.6%	; --%	;3587	;Disminuir por41.8%	; --%	;3524	;Disminuir por56.0%	; --%	;140	;Disminuir por72.2%	; --%	;119	;Disminuir por74.0%	; --%	;
101	;(Miércoles)2026/03/11	;173	;Disminuir por63.2%	; --%	;136	;Disminuir por61.7%	; --%	;3612	;Disminuir por47.7%	; --%	;3559	;Disminuir por47.9%	; --%	;279	;Disminuir por47.0%	; --%	;221	;Disminuir por53.8%	; --%	;
102	;(Jueves)2026/03/12	;164	;Disminuir por62.6%	; --%	;123	;Disminuir por65.4%	; --%	;3769	;Disminuir por41.0%	; --%	;3691	;Disminuir por43.0%	; --%	;204	;Disminuir por60.0%	; --%	;183	;Disminuir por59.9%	; --%	;
103	;(Viernes)2026/03/13	;182	;Disminuir por61.9%	; --%	;155	;Disminuir por53.7%	; --%	;4244	;Disminuir por35.8%	; --%	;3902	;Disminuir por42.1%	; --%	;256	;Disminuir por42.9%	; --%	;215	;Disminuir por41.7%	; --%	;
104	;(Sábado)2026/03/14	;115	;Disminuir por73.2%	; --%	;110	;Disminuir por60.9%	; --%	;3338	;Disminuir por50.8%	; --%	;3074	;Disminuir por55.1%	; --%	;210	;Disminuir por57.4%	; --%	;183	;Disminuir por56.0%	; --%	;
105	;(Domingo)2026/03/15	;160	;Disminuir por71.1%	; --%	;149	;Disminuir por57.5%	; --%	;2711	;Disminuir por65.1%	; --%	;3025	;Disminuir por54.9%	; --%	;150	;Disminuir por71.3%	; --%	;141	;Disminuir por67.4%	; --%	;
106	;(Lunes)2026/03/16	;179	;Disminuir por69.1%	; --%	;156	;Disminuir por59.7%	; --%	;4119	;Disminuir por47.0%	; --%	;3966	;Disminuir por43.8%	; --%	;303	;Disminuir por44.2%	; --%	;235	;Disminuir por52.3%	; --%	;
107	;(Martes)2026/03/17	;188	;Disminuir por71.5%	; --%	;175	;Disminuir por56.1%	; --%	;3910	;Disminuir por47.2%	; --%	;3773	;Disminuir por48.6%	; --%	;253	;Disminuir por59.9%	; --%	;200	;Disminuir por61.0%	; --%	;
108	;(Miércoles)2026/03/18	;187	;Disminuir por68.5%	; --%	;174	;Disminuir por67.3%	; --%	;4083	;Disminuir por48.0%	; --%	;3802	;Disminuir por53.8%	; --%	;270	;Disminuir por53.1%	; --%	;217	;Disminuir por62.7%	; --%	;
109	;(Jueves)2026/03/19	;157	;Disminuir por67.0%	; --%	;148	;Disminuir por58.7%	; --%	;2958	;Disminuir por58.0%	; --%	;2743	;Disminuir por59.4%	; --%	;227	;Disminuir por63.1%	; --%	;187	;Disminuir por64.4%	; --%	;
110	;(Viernes)2026/03/20	;162	;Disminuir por71.1%	; --%	;128	;Disminuir por66.0%	; --%	;4332	;Disminuir por39.4%	; --%	;3928	;Disminuir por44.5%	; --%	;309	;Disminuir por51.3%	; --%	;256	;Disminuir por53.9%	; --%	;
111	;(Sábado)2026/03/21	;193	;Disminuir por61.3%	; --%	;168	;Disminuir por59.5%	; --%	;3959	;Disminuir por47.7%	; --%	;3581	;Disminuir por51.2%	; --%	;287	;Disminuir por53.6%	; --%	;238	;Disminuir por55.2%	; --%	;
112	;(Domingo)2026/03/22	;173	;Disminuir por65.1%	; --%	;148	;Disminuir por51.5%	; --%	;3068	;Disminuir por61.4%	; --%	;3668	;Disminuir por51.5%	; --%	;307	;Disminuir por47.2%	; --%	;239	;Disminuir por51.0%	; --%	;
113	;(Lunes)2026/03/23	;157	;Disminuir por70.6%	; --%	;140	;Disminuir por62.9%	; --%	;3997	;Disminuir por51.2%	; --%	;3953	;Disminuir por49.6%	; --%	;178	;Disminuir por71.6%	; --%	;132	;Disminuir por75.7%	; --%	;
114	;(Martes)2026/03/24	;191	;Disminuir por54.0%	; --%	;174	;Disminuir por46.6%	; --%	;3917	;Disminuir por44.1%	; --%	;3804	;Disminuir por52.3%	; --%	;277	;Disminuir por53.2%	; --%	;222	;Disminuir por56.2%	; --%	;
115	;(Miércoles)2026/03/25	;85	;Disminuir por84.9%	; --%	;89	;Disminuir por77.8%	; --%	;1885	;Disminuir por77.1%	; --%	;1988	;Disminuir por74.3%	; --%	;113	;Disminuir por82.8%	; --%	;139	;Disminuir por76.3%	; --%	;
116	;(Jueves)2026/03/26	;151	;Disminuir por68.9%	; --%	;147	;Disminuir por58.7%	; --%	;4201	;Disminuir por43.9%	; --%	;3938	;Disminuir por46.0%	; --%	;207	;Disminuir por66.8%	; --%	;174	;Disminuir por68.3%	; --%	;
117	;(Viernes)2026/03/27	;184	;Disminuir por70.0%	; --%	;135	;Disminuir por63.7%	; --%	;5147	;Disminuir por32.4%	; --%	;4541	;Disminuir por40.2%	; --%	;284	;Disminuir por55.9%	; --%	;205	;Disminuir por65.3%	; --%	;
118	;(Sábado)2026/03/28	;180	;Disminuir por63.7%	; --%	;139	;Disminuir por64.2%	; --%	;4754	;Disminuir por41.4%	; --%	;3940	;Disminuir por48.3%	; --%	;324	;Disminuir por45.6%	; --%	;266	;Disminuir por49.4%	; --%	;
119	;(Domingo)2026/03/29	;89	;Disminuir por85.4%	; --%	;74	;Disminuir por81.9%	; --%	;3644	;Disminuir por53.9%	; --%	;3817	;Disminuir por50.1%	; --%	;79	;Disminuir por86.7%	; --%	;87	;Disminuir por83.3%	; --%	;
120	;(Lunes)2026/03/30	;256	;Disminuir por57.0%	; --%	;212	;Disminuir por53.7%	; --%	;5203	;Disminuir por33.7%	; --%	;4970	;Disminuir por38.2%	; --%	;310	;Disminuir por50.5%	; --%	;237	;Disminuir por57.2%	; --%	;
121	;(Martes)2026/03/31	;257	;Disminuir por41.2%	; --%	;190	;Disminuir por49.7%	; --%	;5240	;Disminuir por20.0%	; --%	;5033	;Disminuir por39.5%	; --%	;253	;Disminuir por57.5%	; --%	;204	;Disminuir por63.0%	; --%	;
122	;(Miércoles)2026/04/01	;286	;Disminuir por53.9%	; --%	;226	;Disminuir por44.9%	; --%	;6329	;Disminuir por20.1%	; --%	;5411	;Disminuir por28.2%	; --%	;276	;Disminuir por44.5%	; --%	;219	;Disminuir por52.7%	; --%	;
123	;(Jueves)2026/04/02	;498	;Disminuir por12.5%	; --%	;331	;Disminuir por7.3%	; --%	;7503	;Aumentar por4.0%	; --%	;5905	;Disminuir por17.1%	; --%	;297	;Disminuir por34.1%	; --%	;241	;Disminuir por39.9%	; --%	;
124	;(Viernes)2026/04/03	;467	;Disminuir por16.9%	; --%	;404	;Aumentar por2.5%	; --%	;6874	;Disminuir por4.8%	; --%	;6236	;Disminuir por10.3%	; --%	;453	;Disminuir por20.0%	; --%	;373	;Disminuir por25.4%	; --%	;
125	;(Sábado)2026/04/04	;452	;Disminuir por16.3%	; --%	;400	;Aumentar por1.0%	; --%	;6955	;Disminuir por5.7%	; --%	;7361	;Disminuir por1.5%	; --%	;551	;Aumentar por13.4%	; --%	;422	;Disminuir por0.7%	; --%	;
126	;(Domingo)2026/04/05	;369	;Disminuir por33.0%	; --%	;334	;Disminuir por11.6%	; --%	;6224	;Disminuir por18.2%	; --%	;8449	;Aumentar por13.5%	; --%	;463	;Disminuir por17.8%	; --%	;427	;Disminuir por10.1%	; --%	;
127	;(Lunes)2026/04/06	;305	;Disminuir por51.7%	; --%	;284	;Disminuir por31.2%	; --%	;5271	;Disminuir por28.0%	; --%	;6903	;Disminuir por9.9%	; --%	;431	;Disminuir por9.8%	; --%	;371	;Disminuir por14.1%	; --%	;
128	;(Martes)2026/04/07	;260	;Disminuir por30.9%	; --%	;196	;Disminuir por28.5%	; --%	;4602	;Disminuir por20.9%	; --%	;4849	;Disminuir por34.9%	; --%	;378	;Disminuir por6.0%	; --%	;342	;Disminuir por7.6%	; --%	;
129	;(Miércoles)2026/04/08	;241	;Disminuir por59.3%	; --%	;195	;Disminuir por49.7%	; --%	;4344	;Disminuir por40.5%	; --%	;4397	;Disminuir por35.8%	; --%	;341	;Disminuir por34.0%	; --%	;289	;Disminuir por37.3%	; --%	;
130	;(Jueves)2026/04/09	;245	;Disminuir por46.0%	; --%	;227	;Disminuir por35.9%	; --%	;4419	;Disminuir por29.1%	; --%	;4403	;Disminuir por28.5%	; --%	;378	;Disminuir por23.2%	; --%	;310	;Disminuir por23.6%	; --%	;
131	;(Viernes)2026/04/10	;256	;Disminuir por48.0%	; --%	;196	;Disminuir por45.3%	; --%	;4750	;Disminuir por26.1%	; --%	;4520	;Disminuir por30.6%	; --%	;399	;Disminuir por15.8%	; --%	;319	;Disminuir por24.2%	; --%	;
132	;(Sábado)2026/04/11	;283	;Disminuir por40.0%	; --%	;218	;Disminuir por33.9%	; --%	;4451	;Disminuir por28.2%	; --%	;4440	;Disminuir por30.6%	; --%	;358	;Disminuir por23.2%	; --%	;306	;Disminuir por25.2%	; --%	;
133	;(Domingo)2026/04/12	;89	;Disminuir por78.6%	; --%	;85	;Disminuir por70.7%	; --%	;2847	;Disminuir por57.5%	; --%	;3508	;Disminuir por46.9%	; --%	;88	;Disminuir por82.5%	; --%	;85	;Disminuir por78.9%	; --%	;
134	;(Lunes)2026/04/13	;160	;Disminuir por55.2%	; --%	;125	;Disminuir por57.8%	; --%	;3691	;Disminuir por41.4%	; --%	;4097	;Disminuir por40.1%	; --%	;149	;Disminuir por68.5%	; --%	;122	;Disminuir por68.4%	; --%	;
135	;(Martes)2026/04/14	;177	;Disminuir por39.8%	; --%	;151	;Disminuir por48.5%	; --%	;4032	;Disminuir por21.3%	; --%	;4031	;Disminuir por42.0%	; --%	;290	;Disminuir por37.2%	; --%	;213	;Disminuir por51.5%	; --%	;
136	;(Miércoles)2026/04/15	;144	;Disminuir por59.8%	; --%	;165	;Disminuir por46.9%	; --%	;3968	;Disminuir por34.6%	; --%	;3973	;Disminuir por27.7%	; --%	;261	;Disminuir por41.1%	; --%	;221	;Disminuir por36.1%	; --%	;
137	;(Jueves)2026/04/16	;203	;Disminuir por35.8%	; --%	;201	;Disminuir por30.0%	; --%	;4183	;Disminuir por22.9%	; --%	;3964	;Disminuir por25.6%	; --%	;328	;Disminuir por22.6%	; --%	;272	;Disminuir por21.6%	; --%	;
138	;(Viernes)2026/04/17	;197	;Disminuir por43.1%	; --%	;156	;Disminuir por48.7%	; --%	;4620	;Disminuir por10.6%	; --%	;4229	;Disminuir por17.3%	; --%	;441	;Disminuir por5.6%	; --%	;311	;Disminuir por23.4%	; --%	;
139	;(Sábado)2026/04/18	;233	;Disminuir por25.3%	;Disminuir por43.7%	;198	;Disminuir por24.4%	;Disminuir por35.5%	;4454	;Disminuir por16.0%	;Disminuir por27.2%	;4080	;Disminuir por22.9%	;Disminuir por25.2%	;401	;Aumentar por3.4%	;Aumentar por0.8%	;309	;Disminuir por12.0%	;Disminuir por10.4%	;
140	;(Domingo)2026/04/19	;189	;Disminuir por34.4%	;Disminuir por64.2%	;183	;Disminuir por11.6%	;Disminuir por59.2%	;3561	;Disminuir por44.9%	;Disminuir por50.6%	;4074	;Disminuir por32.5%	;Disminuir por46.8%	;336	;Aumentar por58.5%	;Disminuir por28.1%	;338	;Aumentar por65.7%	;Disminuir por23.5%	;
141	;(Lunes)2026/04/20	;191	;Disminuir por41.9%	;Disminuir por45.0%	;162	;Disminuir por36.5%	;Disminuir por50.8%	;4115	;Disminuir por30.0%	;Disminuir por39.1%	;4166	;Disminuir por24.4%	;Disminuir por50.1%	;310	;Disminuir por35.6%	;Disminuir por31.4%	;252	;Disminuir por36.7%	;Disminuir por30.6%	;
142	;(Martes)2026/04/21	;208	;Disminuir por25.7%	;Disminuir por29.7%	;181	;Disminuir por8.6%	;Disminuir por30.7%	;3933	;Disminuir por19.0%	;Disminuir por31.1%	;3908	;Disminuir por38.1%	;Disminuir por47.7%	;336	;Disminuir por23.8%	;Disminuir por23.8%	;279	;Disminuir por35.1%	;Disminuir por31.3%	;
143	;(Miércoles)2026/04/22	;197	;Disminuir por35.6%	;Disminuir por6.6%	;160	;Disminuir por25.2%	;Disminuir por24.2%	;4396	;Disminuir por13.7%	;Disminuir por5.1%	;3889	;Disminuir por21.9%	;Disminuir por20.8%	;299	;Disminuir por20.7%	;Aumentar por59.9%	;220	;Disminuir por31.7%	;Aumentar por42.9%	;
144	;(Jueves)2026/04/23	;209	;Disminuir por30.3%	;Disminuir por34.9%	;161	;Disminuir por29.4%	;Disminuir por43.7%	;4927	;Aumentar por4.3%	;Aumentar por2.2%	;4380	;Disminuir por4.6%	;Disminuir por10.3%	;318	;Disminuir por8.9%	;Disminuir por15.0%	;286	;Disminuir por8.0%	;Disminuir por6.8%	;
145	;(Viernes)2026/04/24	;293	;Disminuir por12.5%	;Aumentar por8.5%	;245	;Disminuir por6.5%	;Aumentar por7.0%	;5517	;Aumentar por6.7%	;Aumentar por18.0%	;4643	;Disminuir por2.2%	;Disminuir por1.1%	;388	;Disminuir por21.5%	;Aumentar por13.8%	;322	;Disminuir por22.6%	;Aumentar por9.9%	;
146	;(Sábado)2026/04/25	;318	;Aumentar por5.3%	;Aumentar por10.8%	;271	;Aumentar por9.3%	;Aumentar por12.0%	;4870	;Disminuir por19.2%	;Disminuir por5.7%	;4178	;Disminuir por23.6%	;Disminuir por16.5%	;854	;Aumentar por60.8%	;Aumentar por129.6%	;664	;Aumentar por50.6%	;Aumentar por115.6%	;
147	;(Domingo)2026/04/26	;292	;Disminuir por12.8%	;Aumentar por19.7%	;352	;Aumentar por31.8%	;Aumentar por66.8%	;2802	;Disminuir por57.6%	;Disminuir por41.3%	;4522	;Disminuir por17.8%	;Aumentar por0.7%	;1231	;Aumentar por131.4%	;Aumentar por224.8%	;660	;Aumentar por52.8%	;Aumentar por121.5%	;
148	;(Lunes)2026/04/27	;203	;Disminuir por48.9%	;Aumentar por2.5%	;167	;Disminuir por44.3%	;Sin cambios	;4187	;Disminuir por33.1%	;Aumentar por9.5%	;4484	;Disminuir por21.2%	;Aumentar por0.7%	;385	;Disminuir por27.8%	;Aumentar por15.3%	;288	;Disminuir por33.0%	;Aumentar por26.3%	;
149	;(Martes)2026/04/28	;216	;Disminuir por10.0%	;Aumentar por105.7%	;175	;Disminuir por26.5%	;Aumentar por161.2%	;4147	;Disminuir por10.6%	;Aumentar por143.8%	;4209	;Disminuir por41.1%	;Aumentar por128.1%	;327	;Disminuir por31.3%	;Aumentar por91.2%	;273	;Disminuir por44.2%	;Aumentar por152.8%	;
150	;(Miércoles)2026/04/29	;211	;Disminuir por29.2%	;Aumentar por90.1%	;161	;Disminuir por35.3%	;Aumentar por64.3%	;4419	;Disminuir por10.1%	;Aumentar por87.9%	;4239	;Disminuir por14.8%	;Aumentar por78.2%	;281	;Disminuir por42.2%	;Aumentar por48.7%	;219	;Disminuir por49.0%	;Aumentar por46.0%	;
151	;(Jueves)2026/04/30	;253	;Disminuir por13.9%	;Aumentar por2.8%	;187	;Disminuir por24.0%	;Disminuir por6.0%	;5657	;Aumentar por24.0%	;Aumentar por9.1%	;4661	;Aumentar por1.9%	;Aumentar por5.0%	;375	;Disminuir por22.4%	;Aumentar por29.8%	;304	;Disminuir por29.3%	;Aumentar por16.5%	;
152	;(Viernes)2026/05/01	;409	;Aumentar por59.8%	;Aumentar por36.8%	;274	;Aumentar por27.4%	;Aumentar por10.0%	;6099	;Aumentar por38.0%	;Aumentar por2.5%	;4559	;Aumentar por1.8%	;Aumentar por7.6%	;266	;Disminuir por41.9%	;Disminuir por17.4%	;198	;Disminuir por50.7%	;Disminuir por29.0%	;
153	;(Sábado)2026/05/02	;345	;Aumentar por28.3%	;Aumentar por6800.0%	;223	;Disminuir por9.0%	;Aumentar por2377.8%	;5340	;Aumentar por11.9%	;Aumentar por2755.6%	;5434	;Aumentar por17.7%	;Aumentar por1800.0%	;245	;Disminuir por48.9%	;Aumentar por3983.3%	;214	;Disminuir por43.2%	;Aumentar por1428.6%	;
154	;(Domingo)2026/05/03	;162	;Disminuir por44.5%	; --%	;150	;Disminuir por22.7%	; --%	;3771	;Disminuir por34.2%	; --%	;6127	;Aumentar por26.3%	; --%	;234	;Disminuir por48.9%	; --%	;193	;Disminuir por48.7%	; --%	;
155	;(Lunes)2026/05/04	;145	;Disminuir por56.6%	; --%	;117	;Disminuir por50.8%	; --%	;4256	;Disminuir por26.8%	; --%	;4542	;Disminuir por9.8%	; --%	;176	;Disminuir por70.4%	; --%	;154	;Disminuir por67.0%	; --%	;
156	;(Martes)2026/05/05	;185	;Sin cambios	;Aumentar por213.6%	;166	;Aumentar por13.7%	;Aumentar por167.7%	;4082	;Disminuir por3.7%	;Aumentar por259.3%	;4063	;Disminuir por32.2%	;Aumentar por278.0%	;257	;Disminuir por27.6%	;Aumentar por321.3%	;200	;Disminuir por43.0%	;Aumentar por257.1%	;
157	;(Miércoles)2026/05/06	;193	;Disminuir por33.2%	;Disminuir por6.3%	;157	;Disminuir por32.9%	;Disminuir por1.3%	;4156	;Disminuir por17.3%	;Aumentar por2.0%	;4100	;Disminuir por19.9%	;Aumentar por0.4%	;320	;Disminuir por21.4%	;Aumentar por4.9%	;224	;Disminuir por33.3%	;Aumentar por2.8%	;
158	;(Jueves)2026/05/07	;180	;Disminuir por30.0%	;Disminuir por14.7%	;151	;Disminuir por30.4%	;Disminuir por15.2%	;4290	;Disminuir por7.4%	;Aumentar por3.3%	;4252	;Disminuir por9.5%	;Aumentar por2.8%	;284	;Disminuir por29.7%	;Disminuir por9.8%	;225	;Disminuir por34.8%	;Disminuir por14.1%	;
159	;(Viernes)2026/05/08	;258	;Disminuir por5.1%	;Aumentar por52.7%	;181	;Disminuir por12.1%	;Aumentar por33.1%	;4900	;Aumentar por4.7%	;Aumentar por15.7%	;4373	;Disminuir por7.2%	;Aumentar por3.7%	;326	;Disminuir por6.1%	;Aumentar por78.1%	;251	;Disminuir por14.6%	;Aumentar por65.1%	;
160	;(Sábado)2026/05/09	;154	;Disminuir por35.3%	;Disminuir por38.2%	;148	;Disminuir por24.5%	;Disminuir por26.7%	;3928	;Disminuir por16.6%	;Disminuir por16.5%	;3608	;Disminuir por23.0%	;Disminuir por18.8%	;123	;Disminuir por68.2%	;Disminuir por61.8%	;144	;Disminuir por56.8%	;Disminuir por44.2%	;
161	;(Domingo)2026/05/10	;180	;Disminuir por30.2%	;Disminuir por7.2%	;176	;Disminuir por16.6%	;Aumentar por20.5%	;3469	;Disminuir por36.3%	;Disminuir por18.1%	;4027	;Disminuir por18.3%	;Aumentar por3.0%	;434	;Disminuir por5.7%	;Aumentar por70.9%	;325	;Disminuir por13.3%	;Aumentar por64.1%	;
162	;(Lunes)2026/05/11	;248	;Disminuir por19.7%	;Aumentar por64.2%	;187	;Disminuir por23.4%	;Aumentar por15.4%	;4293	;Disminuir por8.6%	;Aumentar por38.1%	;4240	;Disminuir por8.7%	;Aumentar por10.8%	;410	;Disminuir por17.0%	;Aumentar por22.8%	;293	;Disminuir por25.4%	;Aumentar por15.8%	;
163	;(Martes)2026/05/12	;217	;Aumentar por11.3%	;Disminuir por9.2%	;186	;Aumentar por7.5%	;Disminuir por3.1%	;4131	;Aumentar por17.7%	;Aumentar por0.8%	;4035	;Disminuir por18.3%	;Disminuir por6.3%	;383	;Aumentar por13.6%	;Aumentar por11.3%	;255	;Disminuir por24.1%	;Aumentar por6.7%	;
164	;(Miércoles)2026/05/13	;217	;Aumentar por108.7%	;Aumentar por7.4%	;173	;Aumentar por71.3%	;Aumentar por13.8%	;4264	;Aumentar por61.7%	;Aumentar por8.7%	;4072	;Aumentar por37.8%	;Aumentar por3.0%	;368	;Aumentar por1126.7%	;Disminuir por8.9%	;307	;Aumentar por729.7%	;Aumentar por19.9%	;
165	;(Jueves)2026/05/14	;217	;Disminuir por10.7%	;Aumentar por75.0%	;159	;Disminuir por16.3%	;Aumentar por39.5%	;4569	;Aumentar por9.7%	;Aumentar por50.4%	;4200	;Disminuir por3.4%	;Aumentar por35.0%	;343	;Aumentar por6.2%	;Aumentar por73.2%	;279	;Disminuir por3.5%	;Aumentar por75.5%	;
166	;(Viernes)2026/05/15	;252	;Disminuir por10.3%	; --%	;194	;Disminuir por16.0%	; --%	;5393	;Aumentar por32.1%	; --%	;4792	;Aumentar por19.7%	; --%	;320	;Disminuir por26.3%	; --%	;289	;Aumentar por0.3%	; --%	;
167	;(Sábado)2026/05/16	;297	;Aumentar por27.5%	;Aumentar por241.4%	;237	;Aumentar por33.1%	;Aumentar por229.2%	;4870	;Aumentar por17.0%	;Aumentar por155.8%	;4377	;Aumentar por8.1%	;Aumentar por186.5%	;376	;Disminuir por5.8%	;Aumentar por272.3%	;288	;Disminuir por8.3%	;Aumentar por247.0%	;
168	;(Domingo)2026/05/17	;227	;Disminuir por1.3%	;Disminuir por18.6%	;216	;Aumentar por42.1%	;Disminuir por15.6%	;3481	;Disminuir por28.1%	;Disminuir por21.8%	;4743	;Aumentar por9.0%	;Aumentar por14.7%	;456	;Aumentar por2.9%	;Disminuir por2.6%	;348	;Aumentar por1.8%	;Disminuir por3.1%	;
169	;(Lunes)2026/05/18	;216	;Disminuir por5.7%	;Aumentar por20.0%	;167	;Aumentar por7.1%	;Disminuir por4.6%	;4446	;Aumentar por2.5%	;Aumentar por28.6%	;4587	;Aumentar por12.1%	;Aumentar por2.5%	;369	;Disminuir por22.2%	;Disminuir por6.1%	;310	;Disminuir por19.5%	;Disminuir por8.6%	;
170	;(Martes)2026/05/19	;215	;Aumentar por7.0%	;Aumentar por3.9%	;185	;Aumentar por15.6%	;Aumentar por0.5%	;4181	;Aumentar por23.6%	;Disminuir por0.9%	;4101	;Disminuir por2.9%	;Disminuir por5.0%	;389	;Aumentar por2.9%	;Disminuir por1.5%	;305	;Disminuir por17.3%	;Disminuir por2.6%	;
171	;(Miércoles)2026/05/20	;228	;Sin cambios	;Aumentar por3.2%	;189	;Disminuir por5.5%	;Disminuir por4.5%	;4176	;Disminuir por4.0%	;Aumentar por5.2%	;4132	;Disminuir por6.4%	;Aumentar por2.2%	;361	;Disminuir por1.6%	;Disminuir por22.4%	;325	;Aumentar por19.5%	;Aumentar por9.4%	;
172	;(Jueves)2026/05/21	;234	;Aumentar por4.5%	;Aumentar por22.5%	;163	;Disminuir por19.3%	;Disminuir por0.6%	;4361	;Aumentar por8.0%	;Aumentar por7.1%	;4162	;Aumentar por3.1%	;Aumentar por2.6%	;397	;Aumentar por2.3%	;Aumentar por29.3%	;345	;Aumentar por7.1%	;Aumentar por44.4%	;
173	;(Viernes)2026/05/22	;244	;Aumentar por17.9%	;Aumentar por8.4%	;177	;Aumentar por3.5%	;Disminuir por6.3%	;5671	;Aumentar por33.4%	;Aumentar por32.8%	;4617	;Aumentar por11.2%	;Aumentar por10.9%	;424	;Aumentar por24.0%	;Aumentar por33.8%	;290	;Aumentar por5.5%	;Aumentar por20.3%	;
174	;(Sábado)2026/05/23	;233	;Aumentar por38.7%	;Disminuir por7.9%	;226	;Aumentar por60.3%	;Aumentar por9.7%	;5403	;Aumentar por55.4%	;Aumentar por5.3%	;4494	;Aumentar por46.4%	;Aumentar por1.0%	;480	;Aumentar por140.0%	;Aumentar por17.1%	;372	;Aumentar por126.8%	;Aumentar por36.8%	;
175	;(Domingo)2026/05/24	;255	;Aumentar por48.3%	;Aumentar por4.9%	;211	;Aumentar por59.8%	;Aumentar por2.4%	;4203	;Disminuir por6.7%	;Disminuir por11.2%	;5280	;Aumentar por26.9%	;Aumentar por25.3%	;427	;Aumentar por157.2%	;Aumentar por14.5%	;360	;Aumentar por168.7%	;Aumentar por19.2%	;
176	;(Lunes)2026/05/25	;194	;Aumentar por139.5%	;Aumentar por4.9%	;167	;Aumentar por128.8%	;Disminuir por3.5%	;4739	;Aumentar por55.3%	;Aumentar por32.8%	;5151	;Aumentar por54.8%	;Aumentar por9.5%	;432	;Aumentar por800.0%	;Aumentar por42.6%	;355	;Aumentar por859.5%	;Aumentar por35.5%	;
177	;(Martes)2026/05/26	;181	;Aumentar por36.1%	;Disminuir por16.6%	;155	;Aumentar por30.3%	;Disminuir por19.7%	;4349	;Aumentar por78.9%	;Disminuir por1.3%	;4284	;Aumentar por26.2%	;Disminuir por3.4%	;334	;Aumentar por363.9%	;Disminuir por5.4%	;302	;Aumentar por379.4%	;Aumentar por0.7%	;
178	;(Miércoles)2026/05/27	;179	;Aumentar por21.8%	;Disminuir por15.2%	;151	;Aumentar por12.7%	;Disminuir por5.6%	;4245	;Aumentar por15.1%	;Aumentar por4.5%	;4174	;Aumentar por7.1%	;Aumentar por2.9%	;381	;Aumentar por348.2%	;Disminuir por6.6%	;310	;Aumentar por313.3%	;Disminuir por7.5%	;
179	;(Jueves)2026/05/28	;236	;Aumentar por6.8%	;Aumentar por55.3%	;167	;Disminuir por8.7%	;Aumentar por25.6%	;4561	;Aumentar por23.2%	;Aumentar por4.0%	;4412	;Aumentar por19.5%	;Aumentar por3.5%	;357	;Aumentar por25.7%	;Disminuir por5.3%	;328	;Aumentar por43.2%	;Aumentar por9.3%	;
180	;(Viernes)2026/05/29	;253	;Aumentar por22.8%	;Aumentar por31.8%	;186	;Aumentar por8.8%	;Aumentar por10.1%	;5951	;Aumentar por51.6%	;Aumentar por28.2%	;4643	;Aumentar por21.6%	;Aumentar por7.3%	;452	;Aumentar por7.4%	;Aumentar por26.3%	;356	;Disminuir por3.8%	;Aumentar por33.8%	;
181	;(Sábado)2026/05/30	;291	;Aumentar por33.5%	;Aumentar por52.4%	;196	;Aumentar por23.3%	;Aumentar por5.4%	;5284	;Aumentar por32.4%	;Disminuir por5.3%	;4398	;Aumentar por15.1%	;Disminuir por5.0%	;444	;Disminuir por28.4%	;Aumentar por5.5%	;362	;Aumentar por11.0%	;Aumentar por7.7%	;
182	;(Domingo)2026/05/31	;222	;Disminuir por23.4%	;Aumentar por22.0%	;188	;Disminuir por4.6%	;Aumentar por24.5%	;3876	;Disminuir por19.7%	;Disminuir por28.1%	;5719	;Aumentar por40.5%	;Aumentar por23.4%	;366	;Disminuir por83.0%	;Disminuir por20.4%	;361	;Disminuir por54.4%	;Aumentar por5.9%	;
183	;(Lunes)2026/06/01	;198	;Disminuir por41.1%	;Aumentar por12.5%	;155	;Disminuir por43.0%	;Disminuir por8.8%	;4830	;Aumentar por7.4%	;Aumentar por20.9%	;4782	;Aumentar por24.9%	;Disminuir por16.0%	;432	;Disminuir por84.8%	;Aumentar por11.9%	;382	;Disminuir por83.6%	;Aumentar por3.8%	;
184	;(Martes)2026/06/02	;223	;Disminuir por7.1%	;Aumentar por14.9%	;202	;Disminuir por28.4%	;Aumentar por29.5%	;4475	;Aumentar por29.1%	;Disminuir por3.6%	;4304	;Aumentar por2.5%	;Disminuir por9.0%	;420	;Disminuir por60.2%	;Aumentar por9.4%	;362	;Disminuir por84.9%	;Aumentar por15.7%	;
185	;(Miércoles)2026/06/03	;185	;Disminuir por13.1%	;Aumentar por10.8%	;139	;Disminuir por11.5%	;Disminuir por7.9%	;4480	;Aumentar por9.8%	;Aumentar por5.8%	;4288	;Aumentar por4.4%	;Disminuir por0.6%	;390	;Aumentar por41.3%	;Aumentar por1.0%	;323	;Aumentar por28.7%	;Disminuir por4.7%	;
186	;(Jueves)2026/06/04	;218	;Aumentar por2.8%	;Aumentar por29.8%	;181	;Disminuir por1.6%	;Aumentar por15.3%	;4829	;Aumentar por27.8%	;Aumentar por12.0%	;4547	;Aumentar por21.1%	;Aumentar por6.7%	;428	;Aumentar por32.9%	;Aumentar por20.6%	;360	;Aumentar por36.4%	;Aumentar por9.4%	;
187	;(Viernes)2026/06/05	;296	;Aumentar por54.2%	;Aumentar por66.3%	;231	;Aumentar por48.1%	;Aumentar por65.0%	;6338	;Aumentar por59.7%	;Aumentar por40.2%	;5214	;Aumentar por37.9%	;Aumentar por19.9%	;218	;Disminuir por31.2%	;Disminuir por44.5%	;199	;Disminuir por17.8%	;Disminuir por38.8%	;
188	;(Sábado)2026/06/06	;485	;Aumentar por113.7%	;Aumentar por105.5%	;302	;Aumentar por64.1%	;Aumentar por51.0%	;5936	;Aumentar por48.7%	;Aumentar por1.0%	;4619	;Aumentar por17.7%	;Aumentar por0.5%	;534	;Aumentar por103.8%	;Aumentar por12.2%	;363	;Aumentar por68.1%	;Aumentar por0.3%	;
189	;(Domingo)2026/06/07	;225	;Disminuir por10.0%	;Disminuir por23.7%	;203	;Aumentar por6.8%	;Disminuir por16.5%	;4241	;Disminuir por10.9%	;Disminuir por31.1%	;6015	;Aumentar por46.3%	;Aumentar por27.0%	;450	;Aumentar por44.7%	;Disminuir por9.8%	;382	;Aumentar por45.2%	;Disminuir por7.7%	;
190	;(Lunes)2026/06/08	;335	;Aumentar por53.7%	;Aumentar por30.4%	;241	;Aumentar por45.2%	;Aumentar por10.6%	;5076	;Aumentar por26.1%	;Aumentar por12.5%	;4961	;Aumentar por28.5%	;Disminuir por19.0%	;426	;Aumentar por30.7%	;Disminuir por11.8%	;367	;Aumentar por44.5%	;Disminuir por12.4%	;
191	;(Martes)2026/06/09	;262	;Aumentar por204.7%	;Disminuir por2.2%	;201	;Aumentar por116.1%	;Disminuir por4.3%	;4661	;Aumentar por53.1%	;Disminuir por12.4%	;4828	;Aumentar por23.0%	;Disminuir por15.9%	;414	;Aumentar por276.4%	;Aumentar por2.2%	;388	;Aumentar por300.0%	;Aumentar por0.5%	;
192	;(Miércoles)2026/06/10	;274	;Aumentar por42.0%	;Aumentar por19.7%	;201	;Aumentar por34.0%	;Aumentar por11.7%	;4717	;Aumentar por18.8%	;Aumentar por7.6%	;4519	;Aumentar por12.2%	;Aumentar por1.5%	;395	;Aumentar por32.1%	;Disminuir por3.9%	;340	;Aumentar por48.5%	;Disminuir por8.1%	;
193	;(Jueves)2026/06/11	;239	;Aumentar por14.4%	;Aumentar por15.5%	;203	;Aumentar por17.3%	;Aumentar por30.1%	;5046	;Aumentar por35.7%	;Aumentar por10.6%	;4966	;Aumentar por33.0%	;Aumentar por5.5%	;452	;Aumentar por45.8%	;Aumentar por3.4%	;379	;Aumentar por52.2%	;Aumentar por8.9%	;
194	;(Viernes)2026/06/12	;238	;Aumentar por44.2%	;Aumentar por13.9%	;171	;Aumentar por25.7%	;Aumentar por5.6%	;6039	;Aumentar por60.0%	;Aumentar por33.3%	;4925	;Aumentar por32.0%	;Aumentar por10.5%	;490	;Aumentar por125.8%	;Aumentar por25.3%	;380	;Aumentar por114.7%	;Aumentar por10.5%	;
195	;(Sábado)2026/06/13	;339	;Aumentar por48.7%	;Aumentar por67.0%	;229	;Aumentar por30.9%	;Aumentar por50.7%	;5865	;Aumentar por52.3%	;Disminuir por0.4%	;5103	;Aumentar por35.5%	;Aumentar por4.3%	;492	;Aumentar por90.7%	;Aumentar por6.0%	;418	;Aumentar por120.0%	;Aumentar por12.7%	;
196	;(Domingo)2026/06/14	;213	;Disminuir por12.3%	;Disminuir por8.6%	;192	;Disminuir por6.3%	;Aumentar por9.1%	;4309	;Disminuir por2.9%	;Disminuir por19.7%	;6112	;Aumentar por52.3%	;Aumentar por29.2%	;416	;Aumentar por28.4%	;Disminuir por7.8%	;365	;Aumentar por28.5%	;Disminuir por5.4%	;
197	;(Lunes)2026/06/15	;304	;Aumentar por61.7%	;Aumentar por59.2%	;246	;Aumentar por45.6%	;Aumentar por39.0%	;4972	;Aumentar por30.6%	;Aumentar por15.1%	;4832	;Aumentar por30.0%	;Disminuir por20.2%	;471	;Aumentar por40.6%	;Aumentar por16.6%	;382	;Aumentar por72.1%	;Disminuir por1.3%	;
198	;(Martes)2026/06/16	;212	;Aumentar por35.9%	;Disminuir por10.9%	;169	;Aumentar por19.0%	;Disminuir por15.5%	;4712	;Aumentar por57.5%	;Disminuir por4.9%	;4572	;Aumentar por23.8%	;Disminuir por5.4%	;430	;Aumentar por36.1%	;Aumentar por2.1%	;362	;Aumentar por46.6%	;Aumentar por2.5%	;
199	;(Miércoles)2026/06/17	;240	;Aumentar por33.3%	;Aumentar por10.1%	;197	;Aumentar por26.3%	;Sin cambios	;4604	;Aumentar por27.5%	;Aumentar por2.8%	;4526	;Aumentar por20.7%	;Aumentar por0.3%	;432	;Aumentar por70.1%	;Disminuir por5.7%	;366	;Aumentar por77.7%	;Disminuir por12.6%	;
200	;(Jueves)2026/06/18	;282	;Aumentar por91.8%	;Aumentar por38.9%	;216	;Aumentar por71.4%	;Aumentar por20.7%	;5051	;Aumentar por46.0%	;Aumentar por8.1%	;4896	;Aumentar por44.1%	;Aumentar por8.3%	;431	;Aumentar por89.0%	;Aumentar por3.1%	;381	;Aumentar por84.1%	;Aumentar por9.5%	;
201	;(Viernes)2026/06/19	;347	;Aumentar por102.9%	;Aumentar por52.9%	;213	;Aumentar por53.2%	;Aumentar por17.0%	;6184	;Aumentar por78.3%	;Aumentar por24.0%	;5098	;Aumentar por45.6%	;Aumentar por7.7%	;479	;Aumentar por127.0%	;Aumentar por10.9%	;377	;Aumentar por110.6%	;Disminuir por1.3%	;
202	;(Sábado)2026/06/20	;410	;Aumentar por98.1%	;Aumentar por59.5%	;270	;Aumentar por31.1%	;Aumentar por22.2%	;6183	;Aumentar por77.1%	;Aumentar por1.4%	;5089	;Aumentar por47.6%	;Aumentar por0.1%	;524	;Aumentar por187.9%	;Aumentar por16.7%	;400	;Aumentar por164.9%	;Aumentar por11.7%	;
203	;(Domingo)2026/06/21	;193	;Disminuir por1.0%	;Disminuir por38.1%	;147	;Disminuir por15.5%	;Disminuir por40.7%	;4638	;Aumentar por16.6%	;Disminuir por27.3%	;5886	;Aumentar por61.4%	;Aumentar por11.5%	;455	;Aumentar por93.6%	;Disminuir por8.1%	;441	;Aumentar por150.6%	;Aumentar por7.8%	;
204	;(Lunes)2026/06/22	;319	;Aumentar por91.0%	;Aumentar por18.6%	;217	;Aumentar por46.6%	;Disminuir por4.8%	;5903	;Aumentar por73.5%	;Aumentar por22.1%	;5447	;Aumentar por65.4%	;Disminuir por4.1%	;485	;Aumentar por187.0%	;Aumentar por9.5%	;413	;Aumentar por210.5%	;Aumentar por7.6%	;
205	;(Martes)2026/06/23	;297	;Aumentar por72.7%	;Aumentar por88.0%	;191	;Aumentar por25.7%	;Aumentar por124.7%	;5875	;Aumentar por112.6%	;Aumentar por177.6%	;5128	;Aumentar por69.4%	;Aumentar por208.4%	;497	;Aumentar por121.9%	;Aumentar por168.6%	;391	;Aumentar por117.2%	;Aumentar por160.7%	;
206	;(Miércoles)2026/06/24	;244	;Aumentar por33.3%	;Aumentar por6.1%	;238	;Aumentar por36.0%	;Disminuir por5.2%	;4842	;Aumentar por35.8%	;Disminuir por3.1%	;5286	;Aumentar por44.0%	;Disminuir por10.0%	;425	;Aumentar por51.8%	;Aumentar por1.0%	;422	;Aumentar por86.7%	;Aumentar por4.5%	;
207	;(Jueves)2026/06/25	;235	;Aumentar por37.4%	;Disminuir por7.5%	;152	;Aumentar por2.7%	;Disminuir por24.0%	;5934	;Aumentar por77.9%	;Aumentar por11.8%	;5819	;Aumentar por76.0%	;Aumentar por9.2%	;458	;Aumentar por112.0%	;Aumentar por6.0%	;387	;Aumentar por111.5%	;Aumentar por8.1%	;
208	;(Viernes)2026/06/26	;287	;Aumentar por92.6%	;Aumentar por64.0%	;192	;Aumentar por42.2%	;Aumentar por28.9%	;6713	;Aumentar por99.9%	;Aumentar por24.7%	;5709	;Aumentar por70.6%	;Aumentar por7.3%	;486	;Aumentar por120.9%	;Disminuir por6.9%	;404	;Aumentar por132.2%	;Aumentar por5.2%	;
209	;(Sábado)2026/06/27	;399	;Aumentar por154.1%	;Aumentar por76.5%	;288	;Aumentar por152.6%	;Aumentar por53.2%	;6116	;Aumentar por78.9%	;Disminuir por2.0%	;5629	;Aumentar por63.8%	;Aumentar por2.4%	;525	;Aumentar por150.0%	;Disminuir por4.4%	;408	;Aumentar por127.9%	;Disminuir por3.5%	;
210	;(Domingo)2026/06/28	;275	;Aumentar por63.7%	;Aumentar por13.6%	;217	;Aumentar por41.8%	;Aumentar por5.9%	;4925	;Aumentar por25.3%	;Disminuir por16.2%	;6951	;Aumentar por88.6%	;Aumentar por26.1%	;406	;Aumentar por74.2%	;Disminuir por26.6%	;360	;Aumentar por84.6%	;Disminuir por23.4%	;
211	;(Lunes)2026/06/29	;298	;Aumentar por30.7%	;Aumentar por46.8%	;219	;Aumentar por17.1%	;Aumentar por17.1%	;5429	;Aumentar por68.2%	;Aumentar por15.7%	;5471	;Aumentar por72.9%	;Disminuir por18.6%	;500	;Aumentar por114.6%	;Aumentar por30.9%	;427	;Aumentar por132.1%	;Sin cambios	;
212	;(Martes)2026/06/30	;276	;Aumentar por93.0%	;Aumentar por40.1%	;217	;Aumentar por64.4%	;Aumentar por46.6%	;5336	;Aumentar por118.6%	;Disminuir por1.2%	;5446	;Aumentar por97.5%	;Disminuir por2.5%	;436	;Aumentar por84.0%	;Aumentar por0.5%	;395	;Aumentar por128.3%	;Aumentar por7.9%	;

Exportar contenido:Subtipos de vehículos a motor	;
Hora del informe: 2025/12/01 00:00:00 - 2026/07/14 23:59:59	;

N.º	;Hora	;Autobuses	; 	; 	; 	; 	; 	;Monovolúmenes	; 	; 	; 	; 	; 	;Sedanes pequeños	; 	; 	; 	; 	; 	;Camiones	;
	;	;Avanzar	; 	; 	;Retroceso	; 	; 	;Avanzar	; 	; 	;Retroceso	; 	; 	;Avanzar	; 	; 	;Retroceso	; 	; 	;Avanzar	; 	; 	;Retroceso	;
	;	;Valor	;Tasa de cambio (ciclo tras ciclo)	;Tasa de cambio (año tras año)	;Valor	;Tasa de cambio (ciclo tras ciclo)	;Tasa de cambio (año tras año)	;Valor	;Tasa de cambio (ciclo tras ciclo)	;Tasa de cambio (año tras año)	;Valor	;Tasa de cambio (ciclo tras ciclo)	;Tasa de cambio (año tras año)	;Valor	;Tasa de cambio (ciclo tras ciclo)	;Tasa de cambio (año tras año)	;Valor	;Tasa de cambio (ciclo tras ciclo)	;Tasa de cambio (año tras año)	;Valor	;Tasa de cambio (ciclo tras ciclo)	;Tasa de cambio (año tras año)	;Valor	;Tasa de cambio (ciclo tras ciclo)	;Tasa de cambio (año tras año)	;
1	;(Lunes)2025/12/01	;94	; --%	; --%	;38	; --%	; --%	;409	; --%	; --%	;672	; --%	; --%	;2960	; --%	; --%	;2840	; --%	; --%	;142	; --%	; --%	;135	; --%	; --%	;
2	;(Martes)2025/12/02	;77	; --%	; --%	;29	; --%	; --%	;349	; --%	; --%	;607	; --%	; --%	;2872	; --%	; --%	;2650	; --%	; --%	;149	; --%	; --%	;126	; --%	; --%	;
3	;(Miércoles)2025/12/03	;72	; --%	; --%	;36	; --%	; --%	;438	; --%	; --%	;612	; --%	; --%	;3011	; --%	; --%	;2710	; --%	; --%	;162	; --%	; --%	;135	; --%	; --%	;
4	;(Jueves)2025/12/04	;67	; --%	; --%	;25	; --%	; --%	;352	; --%	; --%	;650	; --%	; --%	;3136	; --%	; --%	;2863	; --%	; --%	;182	; --%	; --%	;147	; --%	; --%	;
5	;(Viernes)2025/12/05	;83	;Aumentar por730.0%	; --%	;22	;Aumentar por633.3%	; --%	;430	;Aumentar por514.3%	; --%	;624	;Aumentar por273.7%	; --%	;4228	;Aumentar por286.1%	; --%	;3140	;Aumentar por201.1%	; --%	;211	;Aumentar por653.6%	; --%	;143	;Aumentar por521.7%	; --%	;
6	;(Sábado)2025/12/06	;68	;Aumentar por54.5%	; --%	;22	;Disminuir por53.2%	; --%	;351	;Disminuir por35.6%	; --%	;427	;Disminuir por49.2%	; --%	;6191	;Aumentar por58.5%	; --%	;5074	;Aumentar por40.8%	; --%	;85	;Disminuir por53.3%	; --%	;56	;Disminuir por72.8%	; --%	;
7	;(Domingo)2025/12/07	;91	;Aumentar por82.0%	; --%	;39	;Disminuir por18.8%	; --%	;287	;Disminuir por47.6%	; --%	;448	;Disminuir por46.2%	; --%	;6207	;Aumentar por42.6%	; --%	;6200	;Aumentar por58.6%	; --%	;63	;Disminuir por70.7%	; --%	;46	;Disminuir por78.2%	; --%	;
8	;(Lunes)2025/12/08	;124	;Aumentar por125.5%	; --%	;39	;Sin cambios	; --%	;263	;Disminuir por19.1%	; --%	;523	;Aumentar por8.3%	; --%	;4044	;Disminuir por6.2%	; --%	;5371	;Aumentar por37.9%	; --%	;84	;Aumentar por7.7%	; --%	;95	;Aumentar por28.4%	; --%	;
9	;(Martes)2025/12/09	;98	;Aumentar por108.5%	; --%	;33	;Disminuir por17.5%	; --%	;306	;Aumentar por17.7%	; --%	;625	;Aumentar por57.8%	; --%	;2932	;Disminuir por15.2%	; --%	;2963	;Disminuir por25.3%	; --%	;159	;Aumentar por174.1%	; --%	;153	;Aumentar por212.2%	; --%	;
10	;(Miércoles)2025/12/10	;83	;Aumentar por315.0%	; --%	;35	;Aumentar por66.7%	; --%	;306	;Aumentar por12.5%	; --%	;598	;Aumentar por95.4%	; --%	;2789	;Aumentar por106.6%	; --%	;2720	;Aumentar por86.2%	; --%	;194	;Aumentar por228.8%	; --%	;188	;Aumentar por235.7%	; --%	;
11	;(Jueves)2025/12/11	;110	;Aumentar por340.0%	; --%	;32	;Aumentar por33.3%	; --%	;339	;Aumentar por89.4%	; --%	;622	;Aumentar por67.2%	; --%	;2828	;Aumentar por35.6%	; --%	;2618	;Aumentar por37.1%	; --%	;167	;Aumentar por160.9%	; --%	;146	;Aumentar por97.3%	; --%	;
12	;(Viernes)2025/12/12	;113	;Aumentar por36.1%	; --%	;34	;Disminuir por22.7%	; --%	;296	;Disminuir por37.4%	; --%	;589	;Disminuir por15.4%	; --%	;3427	;Disminuir por23.0%	; --%	;2984	;Disminuir por15.3%	; --%	;176	;Disminuir por2.2%	; --%	;158	;Disminuir por11.7%	; --%	;
13	;(Sábado)2025/12/13	;119	;Aumentar por91.9%	; --%	;24	;Disminuir por20.0%	; --%	;192	;Disminuir por44.7%	; --%	;380	;Disminuir por7.5%	; --%	;3700	;Disminuir por32.3%	; --%	;3333	;Disminuir por10.7%	; --%	;93	;Aumentar por20.8%	; --%	;52	;Disminuir por21.2%	; --%	;
14	;(Domingo)2025/12/14	;90	;Aumentar por328.6%	; --%	;14	;Aumentar por250.0%	; --%	;75	;Aumentar por837.5%	; --%	;241	;Aumentar por864.0%	; --%	;1602	;Aumentar por1028.2%	; --%	;2132	;Aumentar por795.8%	; --%	;97	;Aumentar por506.3%	; --%	;49	;Aumentar por172.2%	; --%	;
15	;(Lunes)2025/12/15	;51	; --%	; --%	;28	; --%	; --%	;193	; --%	; --%	;488	; --%	; --%	;2725	; --%	; --%	;2512	; --%	; --%	;137	; --%	; --%	;129	; --%	; --%	;
16	;(Martes)2025/12/16	;49	; --%	; --%	;28	; --%	; --%	;294	; --%	; --%	;565	; --%	; --%	;2648	; --%	; --%	;2372	; --%	; --%	;189	; --%	; --%	;165	; --%	; --%	;
17	;(Miércoles)2025/12/17	;42	;Aumentar por320.0%	; --%	;23	;Aumentar por475.0%	; --%	;252	;Aumentar por200.0%	; --%	;502	;Aumentar por239.2%	; --%	;2734	;Aumentar por166.5%	; --%	;2464	;Aumentar por173.2%	; --%	;139	;Aumentar por768.8%	; --%	;141	;Aumentar por513.0%	; --%	;
18	;(Jueves)2025/12/18	;41	;Disminuir por12.8%	; --%	;34	;Disminuir por19.0%	; --%	;353	;Disminuir por25.2%	; --%	;631	;Disminuir por12.5%	; --%	;3112	;Disminuir por8.1%	; --%	;2726	;Disminuir por13.7%	; --%	;159	;Disminuir por4.8%	; --%	;157	;Disminuir por3.7%	; --%	;
19	;(Viernes)2025/12/19	;50	;Disminuir por3.8%	; --%	;29	;Disminuir por38.3%	; --%	;366	;Disminuir por28.9%	; --%	;601	;Disminuir por22.5%	; --%	;3315	;Disminuir por2.6%	; --%	;2834	;Disminuir por8.8%	; --%	;183	;Aumentar por0.5%	; --%	;178	;Disminuir por14.4%	; --%	;
20	;(Sábado)2025/12/20	;38	;Disminuir por38.7%	; --%	;24	;Disminuir por48.9%	; --%	;251	;Disminuir por51.8%	; --%	;362	;Disminuir por52.8%	; --%	;3637	;Aumentar por5.5%	; --%	;3271	;Aumentar por2.3%	; --%	;78	;Disminuir por61.6%	; --%	;48	;Disminuir por76.9%	; --%	;
21	;(Domingo)2025/12/21	;29	;Disminuir por38.3%	; --%	;25	;Disminuir por37.5%	; --%	;203	;Disminuir por58.9%	; --%	;327	;Disminuir por56.3%	; --%	;3032	;Disminuir por23.8%	; --%	;3264	;Disminuir por6.1%	; --%	;54	;Disminuir por70.7%	; --%	;31	;Disminuir por82.8%	; --%	;
22	;(Lunes)2025/12/22	;50	;Disminuir por29.6%	; --%	;36	;Aumentar por63.6%	; --%	;403	;Aumentar por42.4%	; --%	;672	;Aumentar por54.1%	; --%	;3252	;Disminuir por14.8%	; --%	;3069	;Disminuir por9.7%	; --%	;140	;Aumentar por118.8%	; --%	;155	;Aumentar por176.8%	; --%	;
23	;(Martes)2025/12/23	;42	;Aumentar por2.4%	; --%	;17	;Disminuir por32.0%	; --%	;380	;Aumentar por101.1%	; --%	;601	;Aumentar por125.1%	; --%	;3284	;Aumentar por16.1%	; --%	;3076	;Disminuir por12.1%	; --%	;124	;Aumentar por153.1%	; --%	;154	;Aumentar por352.9%	; --%	;
24	;(Miércoles)2025/12/24	;33	;Disminuir por23.3%	; --%	;18	;Disminuir por55.0%	; --%	;257	;Disminuir por51.6%	; --%	;443	;Disminuir por44.9%	; --%	;2678	;Disminuir por19.9%	; --%	;2397	;Disminuir por27.0%	; --%	;89	;Disminuir por50.3%	; --%	;88	;Disminuir por51.1%	; --%	;
25	;(Jueves)2025/12/25	;14	;Disminuir por68.2%	; --%	;7	;Disminuir por82.1%	; --%	;105	;Disminuir por76.1%	; --%	;183	;Disminuir por72.9%	; --%	;1984	;Disminuir por38.8%	; --%	;1798	;Disminuir por40.8%	; --%	;32	;Disminuir por83.8%	; --%	;20	;Disminuir por90.3%	; --%	;
26	;(Viernes)2025/12/26	;58	;Aumentar por52.6%	; --%	;17	;Disminuir por51.4%	; --%	;206	;Disminuir por51.6%	; --%	;378	;Disminuir por36.4%	; --%	;3312	;Aumentar por36.2%	; --%	;2683	;Aumentar por15.2%	; --%	;90	;Disminuir por37.1%	; --%	;63	;Disminuir por58.6%	; --%	;
27	;(Sábado)2025/12/27	;35	; --%	; --%	;10	; --%	; --%	;197	; --%	; --%	;333	; --%	; --%	;3151	; --%	; --%	;2858	; --%	; --%	;63	; --%	; --%	;44	; --%	; --%	;
28	;(Domingo)2025/12/28	;32	;Aumentar por146.2%	; --%	;18	;Aumentar por28.6%	; --%	;214	;Aumentar por91.1%	; --%	;298	;Aumentar por61.1%	; --%	;2626	;Aumentar por50.9%	; --%	;2844	;Aumentar por119.6%	; --%	;49	;Aumentar por25.6%	; --%	;36	;Aumentar por5.9%	; --%	;
29	;(Lunes)2025/12/29	;55	;Aumentar por7.8%	; --%	;20	;Disminuir por44.4%	; --%	;423	;Aumentar por49.5%	; --%	;660	;Aumentar por68.8%	; --%	;3837	;Disminuir por5.4%	; --%	;3442	;Disminuir por5.5%	; --%	;169	;Aumentar por164.1%	; --%	;118	;Aumentar por76.1%	; --%	;
30	;(Martes)2025/12/30	;47	;Disminuir por21.7%	; --%	;31	;Aumentar por6.9%	; --%	;437	;Aumentar por113.2%	; --%	;601	;Aumentar por69.8%	; --%	;4215	;Aumentar por34.1%	; --%	;3875	;Disminuir por4.4%	; --%	;159	;Aumentar por238.3%	; --%	;137	;Aumentar por251.3%	; --%	;
31	;(Miércoles)2025/12/31	;36	;Disminuir por29.4%	; --%	;19	;Disminuir por56.8%	; --%	;321	;Disminuir por38.7%	; --%	;442	;Disminuir por43.5%	; --%	;3456	;Disminuir por0.9%	; --%	;2713	;Disminuir por18.4%	; --%	;117	;Disminuir por23.5%	; --%	;99	;Disminuir por41.4%	; --%	;
32	;(Jueves)2026/01/01	;18	;Disminuir por58.1%	; --%	;13	;Disminuir por69.0%	; --%	;236	;Disminuir por47.7%	; --%	;342	;Disminuir por52.2%	; --%	;2968	;Disminuir por10.7%	; --%	;3167	;Aumentar por1.5%	; --%	;59	;Disminuir por60.4%	; --%	;39	;Disminuir por76.5%	; --%	;
33	;(Viernes)2026/01/02	;31	;Disminuir por26.2%	; --%	;28	;Disminuir por39.1%	; --%	;426	;Sin cambios	; --%	;681	;Disminuir por7.5%	; --%	;4113	;Aumentar por19.6%	; --%	;3970	;Aumentar por28.4%	; --%	;132	;Disminuir por20.5%	; --%	;117	;Disminuir por36.1%	; --%	;
34	;(Sábado)2026/01/03	;38	;Disminuir por28.3%	; --%	;25	;Disminuir por41.9%	; --%	;271	;Disminuir por37.6%	; --%	;434	;Disminuir por38.4%	; --%	;3529	;Disminuir por1.6%	; --%	;3489	;Aumentar por8.1%	; --%	;70	;Disminuir por64.5%	; --%	;53	;Disminuir por71.8%	; --%	;
35	;(Domingo)2026/01/04	;27	;Disminuir por66.3%	; --%	;6	;Disminuir por89.3%	; --%	;190	;Disminuir por60.5%	; --%	;315	;Disminuir por52.7%	; --%	;2117	;Disminuir por51.7%	; --%	;2407	;Disminuir por32.0%	; --%	;52	;Disminuir por72.2%	; --%	;15	;Disminuir por92.1%	; --%	;
36	;(Lunes)2026/01/05	;32	;Disminuir por38.5%	; --%	;17	;Disminuir por51.4%	; --%	;278	;Disminuir por12.3%	; --%	;514	;Aumentar por16.3%	; --%	;2755	;Disminuir por36.0%	; --%	;2689	;Disminuir por26.8%	; --%	;121	;Aumentar por108.6%	; --%	;96	;Aumentar por47.7%	; --%	;
37	;(Martes)2026/01/06	;19	;Disminuir por62.7%	; --%	;20	;Disminuir por45.9%	; --%	;174	;Disminuir por7.0%	; --%	;249	;Disminuir por26.3%	; --%	;1841	;Disminuir por43.9%	; --%	;1855	;Disminuir por56.6%	; --%	;65	;Aumentar por30.0%	; --%	;56	;Aumentar por14.3%	; --%	;
38	;(Miércoles)2026/01/07	;37	;Disminuir por37.3%	; --%	;37	;Disminuir por5.1%	; --%	;381	;Disminuir por21.8%	; --%	;557	;Disminuir por25.2%	; --%	;2823	;Disminuir por23.3%	; --%	;2619	;Disminuir por24.3%	; --%	;155	;Disminuir por13.9%	; --%	;150	;Disminuir por20.6%	; --%	;
39	;(Jueves)2026/01/08	;46	;Sin cambios	; --%	;33	;Disminuir por19.5%	; --%	;347	;Disminuir por12.4%	; --%	;579	;Disminuir por6.0%	; --%	;2713	;Disminuir por21.4%	; --%	;2467	;Disminuir por23.7%	; --%	;180	;Aumentar por6.5%	; --%	;188	;Aumentar por11.9%	; --%	;
40	;(Viernes)2026/01/09	;48	;Disminuir por23.8%	; --%	;39	;Disminuir por20.4%	; --%	;402	;Disminuir por13.4%	; --%	;617	;Disminuir por13.0%	; --%	;2993	;Disminuir por18.0%	; --%	;2648	;Disminuir por20.1%	; --%	;158	;Disminuir por22.9%	; --%	;145	;Disminuir por24.5%	; --%	;
41	;(Sábado)2026/01/10	;19	;Disminuir por71.6%	; --%	;25	;Disminuir por43.2%	; --%	;242	;Disminuir por46.3%	; --%	;344	;Disminuir por54.7%	; --%	;2583	;Disminuir por34.6%	; --%	;2418	;Disminuir por27.8%	; --%	;89	;Disminuir por48.3%	; --%	;75	;Disminuir por57.1%	; --%	;
42	;(Domingo)2026/01/11	;22	;Disminuir por64.5%	; --%	;11	;Disminuir por77.6%	; --%	;156	;Disminuir por68.5%	; --%	;227	;Disminuir por67.0%	; --%	;2015	;Disminuir por58.4%	; --%	;2049	;Disminuir por44.9%	; --%	;49	;Disminuir por72.5%	; --%	;29	;Disminuir por83.0%	; --%	;
43	;(Lunes)2026/01/12	;52	;Aumentar por6.1%	; --%	;31	;Disminuir por8.8%	; --%	;408	;Aumentar por29.1%	; --%	;660	;Aumentar por40.1%	; --%	;2807	;Disminuir por43.2%	; --%	;2564	;Disminuir por36.9%	; --%	;149	;Aumentar por79.5%	; --%	;150	;Aumentar por127.3%	; --%	;
44	;(Martes)2026/01/13	;57	;Aumentar por23.9%	; --%	;35	;Aumentar por25.0%	; --%	;361	;Aumentar por64.1%	; --%	;660	;Aumentar por67.1%	; --%	;2645	;Disminuir por28.2%	; --%	;2418	;Disminuir por53.7%	; --%	;166	;Aumentar por260.9%	; --%	;169	;Aumentar por275.6%	; --%	;
45	;(Miércoles)2026/01/14	;52	;Disminuir por11.9%	; --%	;30	;Disminuir por18.9%	; --%	;354	;Disminuir por30.5%	; --%	;598	;Disminuir por28.7%	; --%	;2664	;Disminuir por31.5%	; --%	;2429	;Disminuir por33.9%	; --%	;151	;Disminuir por18.8%	; --%	;137	;Disminuir por23.0%	; --%	;
46	;(Jueves)2026/01/15	;54	;Disminuir por5.3%	; --%	;32	;Disminuir por20.0%	; --%	;325	;Disminuir por29.3%	; --%	;575	;Disminuir por23.9%	; --%	;2739	;Disminuir por22.8%	; --%	;2555	;Disminuir por23.3%	; --%	;165	;Disminuir por4.1%	; --%	;154	;Disminuir por15.8%	; --%	;
47	;(Viernes)2026/01/16	;59	;Disminuir por15.7%	; --%	;35	;Disminuir por32.7%	; --%	;350	;Disminuir por26.3%	; --%	;634	;Disminuir por10.7%	; --%	;2835	;Disminuir por21.6%	; --%	;2564	;Disminuir por23.1%	; --%	;171	;Aumentar por14.8%	; --%	;151	;Disminuir por8.5%	; --%	;
48	;(Sábado)2026/01/17	;19	;Disminuir por58.7%	; --%	;11	;Disminuir por62.1%	; --%	;150	;Disminuir por67.2%	; --%	;278	;Disminuir por61.5%	; --%	;2124	;Disminuir por44.7%	; --%	;2144	;Disminuir por37.0%	; --%	;58	;Disminuir por67.8%	; --%	;30	;Disminuir por84.5%	; --%	;
49	;(Domingo)2026/01/18	;17	;Disminuir por78.5%	; --%	;11	;Disminuir por79.6%	; --%	;142	;Disminuir por71.7%	; --%	;210	;Disminuir por71.8%	; --%	;1910	;Disminuir por62.6%	; --%	;1893	;Disminuir por47.8%	; --%	;25	;Disminuir por86.3%	; --%	;28	;Disminuir por83.6%	; --%	;
50	;(Lunes)2026/01/19	;35	;Disminuir por37.5%	; --%	;29	;Aumentar por11.5%	; --%	;335	;Aumentar por7.7%	; --%	;608	;Aumentar por37.9%	; --%	;2697	;Disminuir por52.8%	; --%	;2465	;Disminuir por41.4%	; --%	;144	;Aumentar por80.0%	; --%	;121	;Aumentar por92.1%	; --%	;
51	;(Martes)2026/01/20	;38	;Disminuir por34.5%	; --%	;21	;Disminuir por40.0%	; --%	;262	;Aumentar por17.5%	; --%	;556	;Aumentar por37.6%	; --%	;2436	;Disminuir por41.5%	; --%	;2205	;Disminuir por60.8%	; --%	;159	;Aumentar por148.4%	; --%	;153	;Aumentar por194.2%	; --%	;
52	;(Miércoles)2026/01/21	;45	;Disminuir por38.4%	; --%	;33	;Disminuir por26.7%	; --%	;354	;Disminuir por32.7%	; --%	;596	;Disminuir por31.0%	; --%	;2734	;Disminuir por39.3%	; --%	;2523	;Disminuir por45.3%	; --%	;156	;Disminuir por28.8%	; --%	;147	;Disminuir por32.6%	; --%	;
53	;(Jueves)2026/01/22	;47	;Disminuir por6.0%	; --%	;35	;Disminuir por2.8%	; --%	;335	;Disminuir por20.4%	; --%	;603	;Disminuir por7.2%	; --%	;2867	;Disminuir por23.8%	; --%	;2529	;Disminuir por29.6%	; --%	;192	;Aumentar por27.2%	; --%	;186	;Aumentar por6.3%	; --%	;
54	;(Viernes)2026/01/23	;38	;Disminuir por28.3%	; --%	;30	;Disminuir por31.8%	; --%	;378	;Disminuir por4.1%	; --%	;614	;Disminuir por11.3%	; --%	;3083	;Disminuir por21.6%	; --%	;2718	;Disminuir por28.2%	; --%	;172	;Disminuir por5.0%	; --%	;161	;Disminuir por13.4%	; --%	;
55	;(Sábado)2026/01/24	;27	;Disminuir por50.0%	; --%	;23	;Disminuir por53.1%	; --%	;250	;Disminuir por35.6%	; --%	;345	;Disminuir por51.3%	; --%	;2640	;Disminuir por32.5%	; --%	;2334	;Disminuir por33.6%	; --%	;79	;Disminuir por54.9%	; --%	;49	;Disminuir por73.7%	; --%	;
56	;(Domingo)2026/01/25	;24	;Disminuir por71.8%	; --%	;17	;Disminuir por66.0%	; --%	;172	;Disminuir por58.7%	; --%	;242	;Disminuir por67.0%	; --%	;1987	;Disminuir por61.6%	; --%	;2169	;Disminuir por44.4%	; --%	;56	;Disminuir por73.3%	; --%	;37	;Disminuir por82.0%	; --%	;
57	;(Lunes)2026/01/26	;21	;Disminuir por56.3%	; --%	;26	;Aumentar por8.3%	; --%	;436	;Aumentar por53.0%	; --%	;719	;Aumentar por69.6%	; --%	;2808	;Disminuir por43.2%	; --%	;2591	;Disminuir por38.5%	; --%	;192	;Aumentar por106.5%	; --%	;169	;Aumentar por156.1%	; --%	;
58	;(Martes)2026/01/27	;43	;Disminuir por35.8%	; --%	;28	;Disminuir por3.4%	; --%	;355	;Aumentar por117.8%	; --%	;624	;Aumentar por71.9%	; --%	;2714	;Disminuir por32.7%	; --%	;2527	;Disminuir por55.1%	; --%	;187	;Aumentar por228.1%	; --%	;182	;Aumentar por355.0%	; --%	;
59	;(Miércoles)2026/01/28	;36	;Disminuir por41.0%	; --%	;24	;Disminuir por42.9%	; --%	;299	;Disminuir por35.4%	; --%	;600	;Disminuir por18.6%	; --%	;2737	;Disminuir por34.9%	; --%	;2402	;Disminuir por37.2%	; --%	;133	;Disminuir por41.2%	; --%	;119	;Disminuir por48.0%	; --%	;
60	;(Jueves)2026/01/29	;36	;Disminuir por34.5%	; --%	;35	;Disminuir por5.4%	; --%	;334	;Disminuir por16.9%	; --%	;653	;Disminuir por0.2%	; --%	;2867	;Disminuir por24.6%	; --%	;2490	;Disminuir por30.7%	; --%	;144	;Disminuir por33.9%	; --%	;128	;Disminuir por43.1%	; --%	;
61	;(Viernes)2026/01/30	;48	;Disminuir por23.8%	; --%	;43	;Disminuir por4.4%	; --%	;390	;Aumentar por5.4%	; --%	;595	;Disminuir por8.7%	; --%	;3097	;Disminuir por23.8%	; --%	;2755	;Disminuir por24.3%	; --%	;193	;Aumentar por10.9%	; --%	;165	;Disminuir por9.8%	; --%	;
62	;(Sábado)2026/01/31	;27	;Disminuir por43.8%	; --%	;26	;Disminuir por10.3%	; --%	;246	;Disminuir por43.1%	; --%	;311	;Disminuir por57.8%	; --%	;2516	;Disminuir por42.1%	; --%	;2391	;Disminuir por37.0%	; --%	;59	;Disminuir por63.4%	; --%	;45	;Disminuir por74.1%	; --%	;
63	;(Domingo)2026/02/01	;48	;Disminuir por17.2%	; --%	;25	;Disminuir por45.7%	; --%	;171	;Disminuir por65.9%	; --%	;287	;Disminuir por61.9%	; --%	;2168	;Disminuir por59.7%	; --%	;2375	;Disminuir por42.4%	; --%	;46	;Disminuir por70.7%	; --%	;29	;Disminuir por82.3%	; --%	;
64	;(Lunes)2026/02/02	;42	;Disminuir por33.3%	; --%	;31	;Disminuir por18.4%	; --%	;399	;Aumentar por14.0%	; --%	;670	;Aumentar por44.7%	; --%	;2816	;Disminuir por52.1%	; --%	;2620	;Disminuir por44.1%	; --%	;162	;Aumentar por84.1%	; --%	;135	;Aumentar por48.4%	; --%	;
65	;(Martes)2026/02/03	;54	;Aumentar por86.2%	; --%	;40	;Aumentar por135.3%	; --%	;373	;Aumentar por99.5%	; --%	;603	;Aumentar por82.7%	; --%	;2753	;Disminuir por39.9%	; --%	;2517	;Disminuir por52.4%	; --%	;202	;Aumentar por405.0%	; --%	;202	;Aumentar por417.9%	; --%	;
66	;(Miércoles)2026/02/04	;53	;Aumentar por211.8%	; --%	;34	;Aumentar por750.0%	; --%	;377	;Aumentar por338.4%	; --%	;590	;Aumentar por213.8%	; --%	;2788	;Aumentar por40.1%	; --%	;2543	;Aumentar por76.0%	; --%	;142	;Aumentar por491.7%	; --%	;142	;Aumentar por446.2%	; --%	;
67	;(Jueves)2026/02/05	;47	;Aumentar por27.0%	; --%	;30	;Aumentar por57.9%	; --%	;392	;Aumentar por17.4%	; --%	;607	;Disminuir por1.5%	; --%	;2944	;Disminuir por34.7%	; --%	;2606	;Disminuir por49.1%	; --%	;157	;Aumentar por33.1%	; --%	;144	;Aumentar por16.1%	; --%	;
68	;(Viernes)2026/02/06	;39	;Sin cambios	; --%	;34	;Aumentar por54.5%	; --%	;445	;Aumentar por6.5%	; --%	;679	;Disminuir por9.3%	; --%	;3285	;Disminuir por29.7%	; --%	;2836	;Disminuir por35.3%	; --%	;224	;Aumentar por24.4%	; --%	;214	;Aumentar por25.1%	; --%	;
69	;(Sábado)2026/02/07	;30	;Disminuir por43.4%	; --%	;26	;Disminuir por3.7%	; --%	;293	;Disminuir por34.3%	; --%	;377	;Disminuir por48.1%	; --%	;2982	;Disminuir por36.7%	; --%	;2678	;Disminuir por38.8%	; --%	;62	;Disminuir por64.6%	; --%	;50	;Disminuir por73.1%	; --%	;
70	;(Domingo)2026/02/08	;22	;Disminuir por56.0%	; --%	;30	;Disminuir por9.1%	; --%	;207	;Disminuir por54.9%	; --%	;303	;Disminuir por61.0%	; --%	;2212	;Disminuir por60.1%	; --%	;2460	;Disminuir por45.3%	; --%	;57	;Disminuir por69.8%	; --%	;25	;Disminuir por86.8%	; --%	;
71	;(Lunes)2026/02/09	;52	;Aumentar por4.0%	; --%	;30	;Aumentar por11.1%	; --%	;444	;Aumentar por40.5%	; --%	;700	;Aumentar por52.5%	; --%	;2879	;Disminuir por47.0%	; --%	;2615	;Disminuir por47.2%	; --%	;152	;Aumentar por87.7%	; --%	;156	;Aumentar por105.3%	; --%	;
72	;(Martes)2026/02/10	;57	;Aumentar por39.0%	; --%	;36	;Aumentar por44.0%	; --%	;403	;Aumentar por105.6%	; --%	;634	;Aumentar por49.9%	; --%	;2865	;Disminuir por34.9%	; --%	;2627	;Disminuir por57.8%	; --%	;187	;Aumentar por240.0%	; --%	;182	;Aumentar por313.6%	; --%	;
73	;(Miércoles)2026/02/11	;42	;Disminuir por12.5%	; --%	;32	;Aumentar por28.0%	; --%	;450	;Disminuir por4.3%	; --%	;699	;Disminuir por10.4%	; --%	;2819	;Disminuir por40.0%	; --%	;2565	;Disminuir por44.1%	; --%	;157	;Disminuir por15.1%	; --%	;177	;Disminuir por8.3%	; --%	;
74	;(Jueves)2026/02/12	;52	;Aumentar por57.6%	; --%	;35	;Aumentar por29.6%	; --%	;402	;Aumentar por17.5%	; --%	;661	;Aumentar por31.4%	; --%	;2994	;Disminuir por1.9%	; --%	;2724	;Aumentar por2.9%	; --%	;178	;Aumentar por56.1%	; --%	;174	;Aumentar por37.0%	; --%	;
75	;(Viernes)2026/02/13	;43	;Aumentar por59.3%	; --%	;29	;Aumentar por61.1%	; --%	;452	;Aumentar por99.1%	; --%	;705	;Aumentar por68.7%	; --%	;3422	;Aumentar por12.4%	; --%	;2823	;Aumentar por9.1%	; --%	;192	;Aumentar por163.0%	; --%	;179	;Aumentar por135.5%	; --%	;
76	;(Sábado)2026/02/14	;21	;Disminuir por61.1%	; --%	;13	;Disminuir por45.8%	; --%	;133	;Disminuir por66.6%	; --%	;208	;Disminuir por70.1%	; --%	;1787	;Disminuir por63.4%	; --%	;1484	;Disminuir por66.4%	; --%	;53	;Disminuir por68.6%	; --%	;30	;Disminuir por83.3%	; --%	;
77	;(Domingo)2026/02/15	;43	;Disminuir por6.5%	; --%	;32	;Aumentar por18.5%	; --%	;250	;Disminuir por48.8%	; --%	;325	;Disminuir por55.4%	; --%	;2522	;Disminuir por57.3%	; --%	;2839	;Disminuir por38.1%	; --%	;49	;Disminuir por73.1%	; --%	;30	;Disminuir por81.5%	; --%	;
78	;(Lunes)2026/02/16	;45	;Disminuir por6.3%	; --%	;38	;Aumentar por52.0%	; --%	;497	;Aumentar por56.8%	; --%	;728	;Aumentar por59.0%	; --%	;3115	;Disminuir por47.9%	; --%	;2853	;Disminuir por44.8%	; --%	;195	;Aumentar por124.1%	; --%	;177	;Aumentar por124.1%	; --%	;
79	;(Martes)2026/02/17	;56	;Aumentar por21.7%	; --%	;40	;Aumentar por66.7%	; --%	;423	;Aumentar por101.4%	; --%	;663	;Aumentar por71.3%	; --%	;3020	;Disminuir por41.4%	; --%	;2809	;Disminuir por57.1%	; --%	;198	;Aumentar por253.6%	; --%	;200	;Aumentar por455.6%	; --%	;
80	;(Miércoles)2026/02/18	;56	;Aumentar por43.6%	; --%	;37	;Aumentar por37.0%	; --%	;429	;Disminuir por14.7%	; --%	;694	;Disminuir por13.0%	; --%	;3031	;Disminuir por43.6%	; --%	;2701	;Disminuir por46.0%	; --%	;200	;Aumentar por20.5%	; --%	;198	;Aumentar por38.5%	; --%	;
81	;(Jueves)2026/02/19	;57	;Aumentar por29.5%	; --%	;46	;Aumentar por58.6%	; --%	;451	;Aumentar por6.1%	; --%	;664	;Disminuir por4.9%	; --%	;3101	;Disminuir por40.4%	; --%	;2680	;Disminuir por45.4%	; --%	;187	;Aumentar por19.1%	; --%	;150	;Disminuir por9.6%	; --%	;
82	;(Viernes)2026/02/20	;57	;Aumentar por26.7%	; --%	;36	;Sin cambios	; --%	;523	;Aumentar por41.4%	; --%	;739	;Aumentar por12.0%	; --%	;3473	;Disminuir por34.8%	; --%	;2904	;Disminuir por44.5%	; --%	;190	;Aumentar por37.7%	; --%	;179	;Aumentar por32.6%	; --%	;
83	;(Sábado)2026/02/21	;52	;Aumentar por26.8%	; --%	;33	;Aumentar por17.9%	; --%	;324	;Disminuir por25.3%	; --%	;429	;Disminuir por39.1%	; --%	;3144	;Disminuir por39.9%	; --%	;2862	;Disminuir por39.8%	; --%	;85	;Disminuir por46.2%	; --%	;62	;Disminuir por57.8%	; --%	;
84	;(Domingo)2026/02/22	;35	;Disminuir por31.4%	; --%	;29	;Disminuir por17.1%	; --%	;210	;Disminuir por58.7%	; --%	;341	;Disminuir por56.1%	; --%	;2490	;Disminuir por59.6%	; --%	;2806	;Disminuir por45.9%	; --%	;59	;Disminuir por68.4%	; --%	;50	;Disminuir por70.2%	; --%	;
85	;(Lunes)2026/02/23	;55	;Aumentar por77.4%	; --%	;36	;Aumentar por125.0%	; --%	;504	;Aumentar por85.3%	; --%	;744	;Aumentar por77.1%	; --%	;3096	;Disminuir por43.0%	; --%	;2855	;Disminuir por43.4%	; --%	;173	;Aumentar por106.0%	; --%	;192	;Aumentar por149.4%	; --%	;
86	;(Martes)2026/02/24	;58	;Aumentar por13.7%	; --%	;39	;Aumentar por5.4%	; --%	;433	;Aumentar por95.0%	; --%	;699	;Aumentar por72.2%	; --%	;2979	;Disminuir por43.5%	; --%	;2700	;Disminuir por57.6%	; --%	;200	;Aumentar por233.3%	; --%	;193	;Aumentar por370.7%	; --%	;
87	;(Miércoles)2026/02/25	;77	;Aumentar por71.1%	; --%	;20	;Disminuir por48.7%	; --%	;380	;Disminuir por29.8%	; --%	;712	;Disminuir por13.6%	; --%	;3028	;Disminuir por46.6%	; --%	;2723	;Disminuir por47.3%	; --%	;198	;Aumentar por14.5%	; --%	;167	;Disminuir por1.8%	; --%	;
88	;(Jueves)2026/02/26	;68	;Aumentar por83.8%	; --%	;32	;Aumentar por6.7%	; --%	;437	;Disminuir por9.9%	; --%	;704	;Disminuir por5.9%	; --%	;3153	;Disminuir por38.8%	; --%	;2814	;Disminuir por42.4%	; --%	;169	;Aumentar por21.6%	; --%	;166	;Aumentar por0.6%	; --%	;
89	;(Viernes)2026/02/27	;61	;Aumentar por35.6%	; --%	;32	;Disminuir por11.1%	; --%	;481	;Aumentar por3.2%	; --%	;747	;Disminuir por3.6%	; --%	;3449	;Disminuir por34.9%	; --%	;2984	;Disminuir por39.6%	; --%	;192	;Aumentar por23.9%	; --%	;167	;Aumentar por6.4%	; --%	;
90	;(Sábado)2026/02/28	;32	;Disminuir por28.9%	; --%	;15	;Disminuir por51.6%	; --%	;271	;Disminuir por45.0%	; --%	;389	;Disminuir por48.1%	; --%	;3097	;Disminuir por44.4%	; --%	;2752	;Disminuir por45.5%	; --%	;83	;Disminuir por50.0%	; --%	;56	;Disminuir por68.2%	; --%	;
91	;(Domingo)2026/03/01	;42	;Disminuir por25.0%	; --%	;32	;Disminuir por8.6%	; --%	;173	;Disminuir por66.9%	; --%	;316	;Disminuir por58.6%	; --%	;2555	;Disminuir por60.1%	; --%	;2831	;Disminuir por46.9%	; --%	;48	;Disminuir por68.2%	; --%	;29	;Disminuir por82.8%	; --%	;
92	;(Lunes)2026/03/02	;63	;Aumentar por8.6%	; --%	;31	;Disminuir por31.1%	; --%	;436	;Aumentar por16.9%	; --%	;742	;Aumentar por67.9%	; --%	;3053	;Disminuir por54.7%	; --%	;2845	;Disminuir por52.1%	; --%	;222	;Aumentar por174.1%	; --%	;174	;Aumentar por138.4%	; --%	;
93	;(Martes)2026/03/03	;18	;Disminuir por61.7%	; --%	;9	;Disminuir por72.7%	; --%	;192	;Disminuir por17.9%	; --%	;384	;Disminuir por3.8%	; --%	;1447	;Disminuir por73.3%	; --%	;1319	;Disminuir por81.1%	; --%	;96	;Aumentar por74.5%	; --%	;92	;Aumentar por114.0%	; --%	;
94	;(Miércoles)2026/03/04	;38	;Disminuir por37.7%	; --%	;22	;Disminuir por50.0%	; --%	;334	;Disminuir por41.4%	; --%	;578	;Disminuir por30.5%	; --%	;2594	;Disminuir por57.5%	; --%	;2241	;Disminuir por60.4%	; --%	;156	;Aumentar por0.6%	; --%	;133	;Disminuir por17.4%	; --%	;
95	;(Jueves)2026/03/05	;69	;Aumentar por50.0%	; --%	;22	;Disminuir por26.7%	; --%	;357	;Disminuir por15.0%	; --%	;608	;Disminuir por14.5%	; --%	;2916	;Disminuir por45.9%	; --%	;2577	;Disminuir por50.4%	; --%	;151	;Disminuir por13.2%	; --%	;109	;Disminuir por38.4%	; --%	;
96	;(Viernes)2026/03/06	;64	;Aumentar por39.1%	; --%	;33	;Disminuir por2.9%	; --%	;325	;Disminuir por25.5%	; --%	;640	;Disminuir por15.0%	; --%	;3136	;Disminuir por43.9%	; --%	;2737	;Disminuir por48.5%	; --%	;157	;Aumentar por3.3%	; --%	;134	;Disminuir por14.1%	; --%	;
97	;(Sábado)2026/03/07	;38	;Aumentar por8.6%	; --%	;19	;Disminuir por40.6%	; --%	;194	;Disminuir por57.0%	; --%	;298	;Disminuir por58.7%	; --%	;2340	;Disminuir por64.1%	; --%	;2222	;Disminuir por63.3%	; --%	;65	;Disminuir por57.5%	; --%	;34	;Disminuir por77.6%	; --%	;
98	;(Domingo)2026/03/08	;22	;Disminuir por54.2%	; --%	;23	;Disminuir por37.8%	; --%	;202	;Disminuir por62.4%	; --%	;275	;Disminuir por62.6%	; --%	;2255	;Disminuir por66.6%	; --%	;2281	;Disminuir por57.8%	; --%	;48	;Disminuir por71.4%	; --%	;39	;Disminuir por77.3%	; --%	;
99	;(Lunes)2026/03/09	;52	;Aumentar por20.9%	; --%	;37	;Aumentar por8.8%	; --%	;457	;Aumentar por13.4%	; --%	;716	;Aumentar por39.3%	; --%	;3081	;Disminuir por55.2%	; --%	;2749	;Disminuir por57.4%	; --%	;170	;Aumentar por71.7%	; --%	;171	;Aumentar por81.9%	; --%	;
100	;(Martes)2026/03/10	;51	;Aumentar por13.3%	; --%	;28	;Disminuir por30.0%	; --%	;388	;Aumentar por34.7%	; --%	;639	;Aumentar por22.2%	; --%	;2984	;Disminuir por48.4%	; --%	;2707	;Disminuir por63.5%	; --%	;164	;Aumentar por228.0%	; --%	;150	;Aumentar por233.3%	; --%	;
101	;(Miércoles)2026/03/11	;52	;Aumentar por2.0%	; --%	;43	;Aumentar por13.2%	; --%	;422	;Disminuir por31.4%	; --%	;706	;Disminuir por17.7%	; --%	;2980	;Disminuir por50.9%	; --%	;2649	;Disminuir por54.1%	; --%	;158	;Disminuir por8.1%	; --%	;161	;Disminuir por0.6%	; --%	;
102	;(Jueves)2026/03/12	;55	;Aumentar por37.5%	; --%	;46	;Aumentar por39.4%	; --%	;428	;Disminuir por6.1%	; --%	;705	;Disminuir por8.1%	; --%	;3096	;Disminuir por46.0%	; --%	;2762	;Disminuir por50.0%	; --%	;190	;Aumentar por25.8%	; --%	;178	;Aumentar por17.9%	; --%	;
103	;(Viernes)2026/03/13	;34	;Disminuir por39.3%	; --%	;29	;Disminuir por17.1%	; --%	;457	;Disminuir por5.2%	; --%	;713	;Disminuir por11.5%	; --%	;3554	;Disminuir por40.1%	; --%	;2989	;Disminuir por48.1%	; --%	;199	;Aumentar por35.4%	; --%	;171	;Aumentar por14.8%	; --%	;
104	;(Sábado)2026/03/14	;33	;Sin cambios	; --%	;43	;Aumentar por19.4%	; --%	;288	;Disminuir por43.2%	; --%	;382	;Disminuir por50.5%	; --%	;2951	;Disminuir por51.5%	; --%	;2592	;Disminuir por55.9%	; --%	;66	;Disminuir por59.3%	; --%	;57	;Disminuir por64.4%	; --%	;
105	;(Domingo)2026/03/15	;28	;Disminuir por44.0%	; --%	;35	;Disminuir por5.4%	; --%	;253	;Disminuir por57.3%	; --%	;350	;Disminuir por57.3%	; --%	;2399	;Disminuir por65.6%	; --%	;2587	;Disminuir por54.6%	; --%	;31	;Disminuir por80.1%	; --%	;53	;Disminuir por64.7%	; --%	;
106	;(Lunes)2026/03/16	;38	;Disminuir por9.5%	; --%	;47	;Aumentar por46.9%	; --%	;537	;Aumentar por27.0%	; --%	;766	;Aumentar por47.6%	; --%	;3353	;Disminuir por53.7%	; --%	;2956	;Disminuir por54.0%	; --%	;191	;Aumentar por189.4%	; --%	;197	;Aumentar por169.9%	; --%	;
107	;(Martes)2026/03/17	;50	;Aumentar por35.1%	; --%	;42	;Aumentar por7.7%	; --%	;435	;Aumentar por33.0%	; --%	;704	;Aumentar por58.2%	; --%	;3228	;Disminuir por53.8%	; --%	;2824	;Disminuir por58.5%	; --%	;197	;Aumentar por258.2%	; --%	;203	;Aumentar por407.5%	; --%	;
108	;(Miércoles)2026/03/18	;50	;Aumentar por2.0%	; --%	;50	;Aumentar por47.1%	; --%	;446	;Disminuir por25.3%	; --%	;719	;Disminuir por19.7%	; --%	;3414	;Disminuir por51.5%	; --%	;2872	;Disminuir por59.7%	; --%	;173	;Disminuir por3.4%	; --%	;161	;Disminuir por7.5%	; --%	;
109	;(Jueves)2026/03/19	;38	;Disminuir por9.5%	; --%	;34	;Aumentar por21.4%	; --%	;264	;Disminuir por48.8%	; --%	;375	;Disminuir por53.1%	; --%	;2609	;Disminuir por59.0%	; --%	;2277	;Disminuir por60.7%	; --%	;47	;Disminuir por64.7%	; --%	;57	;Disminuir por58.1%	; --%	;
110	;(Viernes)2026/03/20	;42	;Disminuir por25.0%	; --%	;48	;Aumentar por23.1%	; --%	;430	;Disminuir por18.7%	; --%	;680	;Disminuir por13.9%	; --%	;3696	;Disminuir por42.6%	; --%	;3034	;Disminuir por50.3%	; --%	;164	;Aumentar por30.2%	; --%	;166	;Aumentar por11.4%	; --%	;
111	;(Sábado)2026/03/21	;38	;Disminuir por22.4%	; --%	;38	;Aumentar por11.8%	; --%	;302	;Disminuir por40.7%	; --%	;433	;Disminuir por42.3%	; --%	;3560	;Disminuir por47.9%	; --%	;3058	;Disminuir por52.1%	; --%	;59	;Disminuir por66.3%	; --%	;52	;Disminuir por70.1%	; --%	;
112	;(Domingo)2026/03/22	;23	;Disminuir por50.0%	; --%	;22	;Disminuir por37.1%	; --%	;228	;Disminuir por62.6%	; --%	;351	;Disminuir por56.3%	; --%	;2779	;Disminuir por61.1%	; --%	;3264	;Disminuir por50.2%	; --%	;38	;Disminuir por76.4%	; --%	;31	;Disminuir por81.3%	; --%	;
113	;(Lunes)2026/03/23	;42	;Disminuir por36.4%	; --%	;37	;Disminuir por7.5%	; --%	;480	;Aumentar por10.6%	; --%	;831	;Aumentar por43.5%	; --%	;3275	;Disminuir por56.9%	; --%	;2890	;Disminuir por59.5%	; --%	;200	;Aumentar por110.5%	; --%	;194	;Aumentar por106.4%	; --%	;
114	;(Martes)2026/03/24	;47	;Disminuir por14.5%	; --%	;53	;Aumentar por15.2%	; --%	;399	;Aumentar por25.9%	; --%	;724	;Aumentar por56.7%	; --%	;3271	;Disminuir por50.3%	; --%	;2825	;Disminuir por62.0%	; --%	;200	;Aumentar por239.0%	; --%	;203	;Aumentar por331.9%	; --%	;
115	;(Miércoles)2026/03/25	;22	;Disminuir por51.1%	; --%	;22	;Disminuir por40.5%	; --%	;173	;Disminuir por73.3%	; --%	;340	;Disminuir por60.4%	; --%	;1613	;Disminuir por78.0%	; --%	;1538	;Disminuir por76.9%	; --%	;77	;Disminuir por58.8%	; --%	;88	;Disminuir por51.6%	; --%	;
116	;(Jueves)2026/03/26	;33	;Disminuir por29.8%	; --%	;39	;Aumentar por50.0%	; --%	;494	;Disminuir por3.3%	; --%	;757	;Disminuir por7.2%	; --%	;3447	;Disminuir por49.2%	; --%	;2909	;Disminuir por54.0%	; --%	;227	;Aumentar por58.7%	; --%	;233	;Aumentar por72.6%	; --%	;
117	;(Viernes)2026/03/27	;54	;Aumentar por1.9%	; --%	;58	;Aumentar por65.7%	; --%	;574	;Aumentar por7.5%	; --%	;788	;Aumentar por1.5%	; --%	;4321	;Disminuir por37.1%	; --%	;3488	;Disminuir por47.2%	; --%	;198	;Aumentar por30.3%	; --%	;207	;Aumentar por16.9%	; --%	;
118	;(Sábado)2026/03/28	;34	;Disminuir por37.0%	; --%	;45	;Aumentar por9.8%	; --%	;364	;Disminuir por36.3%	; --%	;472	;Disminuir por37.3%	; --%	;4274	;Disminuir por41.5%	; --%	;3346	;Disminuir por49.7%	; --%	;82	;Disminuir por53.1%	; --%	;77	;Disminuir por56.0%	; --%	;
119	;(Domingo)2026/03/29	;25	;Disminuir por60.9%	; --%	;38	;Disminuir por13.6%	; --%	;267	;Disminuir por34.4%	; --%	;374	;Disminuir por29.2%	; --%	;3305	;Disminuir por54.8%	; --%	;3368	;Disminuir por51.7%	; --%	;47	;Disminuir por57.3%	; --%	;37	;Disminuir por64.4%	; --%	;
120	;(Lunes)2026/03/30	;56	;Aumentar por19.1%	; --%	;46	;Aumentar por64.3%	; --%	;566	;Aumentar por30.7%	; --%	;837	;Aumentar por45.6%	; --%	;4381	;Disminuir por39.9%	; --%	;3908	;Disminuir por46.8%	; --%	;200	;Aumentar por153.2%	; --%	;179	;Aumentar por98.9%	; --%	;
121	;(Martes)2026/03/31	;56	;Aumentar por12.0%	; --%	;55	;Aumentar por61.8%	; --%	;553	;Aumentar por90.7%	; --%	;826	;Aumentar por74.6%	; --%	;4458	;Disminuir por27.5%	; --%	;3976	;Disminuir por48.8%	; --%	;173	;Aumentar por203.5%	; --%	;176	;Aumentar por291.1%	; --%	;
122	;(Miércoles)2026/04/01	;63	;Aumentar por65.8%	; --%	;35	;Aumentar por52.2%	; --%	;674	;Aumentar por5.0%	; --%	;866	;Aumentar por1.4%	; --%	;5381	;Disminuir por23.9%	; --%	;4340	;Disminuir por33.4%	; --%	;211	;Aumentar por25.6%	; --%	;170	;Aumentar por14.9%	; --%	;
123	;(Jueves)2026/04/02	;66	;Aumentar por50.0%	; --%	;37	;Aumentar por42.3%	; --%	;719	;Aumentar por37.0%	; --%	;883	;Aumentar por23.8%	; --%	;6454	;Disminuir por0.5%	; --%	;4776	;Disminuir por23.4%	; --%	;264	;Aumentar por68.2%	; --%	;207	;Aumentar por39.9%	; --%	;
124	;(Viernes)2026/04/03	;69	;Aumentar por76.9%	; --%	;38	;Aumentar por22.6%	; --%	;508	;Aumentar por4.1%	; --%	;615	;Disminuir por10.1%	; --%	;6192	;Disminuir por5.3%	; --%	;5507	;Disminuir por9.7%	; --%	;105	;Disminuir por31.8%	; --%	;76	;Disminuir por47.6%	; --%	;
125	;(Sábado)2026/04/04	;66	;Aumentar por78.4%	; --%	;36	;Aumentar por28.6%	; --%	;487	;Disminuir por10.6%	; --%	;631	;Disminuir por15.8%	; --%	;6287	;Disminuir por5.3%	; --%	;6608	;Aumentar por1.0%	; --%	;115	;Disminuir por23.8%	; --%	;85	;Disminuir por43.7%	; --%	;
126	;(Domingo)2026/04/05	;50	;Aumentar por35.1%	; --%	;34	;Aumentar por54.5%	; --%	;407	;Disminuir por26.4%	; --%	;628	;Disminuir por17.8%	; --%	;5697	;Disminuir por16.9%	; --%	;7745	;Aumentar por19.2%	; --%	;70	;Disminuir por57.6%	; --%	;43	;Disminuir por73.0%	; --%	;
127	;(Lunes)2026/04/06	;38	;Disminuir por24.0%	; --%	;37	;Disminuir por14.0%	; --%	;430	;Aumentar por10.3%	; --%	;626	;Aumentar por15.5%	; --%	;4744	;Disminuir por30.2%	; --%	;6184	;Disminuir por11.5%	; --%	;59	;Disminuir por35.9%	; --%	;55	;Disminuir por37.5%	; --%	;
128	;(Martes)2026/04/07	;38	;Disminuir por13.6%	; --%	;25	;Disminuir por24.2%	; --%	;457	;Aumentar por62.6%	; --%	;783	;Aumentar por79.6%	; --%	;3935	;Disminuir por27.4%	; --%	;3875	;Disminuir por44.1%	; --%	;172	;Aumentar por129.3%	; --%	;166	;Aumentar por201.8%	; --%	;
129	;(Miércoles)2026/04/08	;48	;Disminuir por20.0%	; --%	;37	;Aumentar por37.0%	; --%	;458	;Disminuir por19.6%	; --%	;772	;Disminuir por1.4%	; --%	;3662	;Disminuir por43.5%	; --%	;3421	;Disminuir por41.9%	; --%	;176	;Disminuir por6.9%	; --%	;167	;Aumentar por14.4%	; --%	;
130	;(Jueves)2026/04/09	;42	;Disminuir por6.7%	; --%	;34	;Aumentar por30.8%	; --%	;477	;Aumentar por6.2%	; --%	;784	;Aumentar por16.5%	; --%	;3737	;Disminuir por33.0%	; --%	;3426	;Disminuir por35.4%	; --%	;163	;Aumentar por3.2%	; --%	;159	;Aumentar por5.3%	; --%	;
131	;(Viernes)2026/04/10	;40	;Disminuir por23.1%	; --%	;40	;Aumentar por60.0%	; --%	;496	;Aumentar por14.0%	; --%	;778	;Aumentar por16.5%	; --%	;4034	;Disminuir por30.2%	; --%	;3516	;Disminuir por38.0%	; --%	;180	;Aumentar por15.4%	; --%	;186	;Aumentar por20.8%	; --%	;
132	;(Sábado)2026/04/11	;24	;Disminuir por50.0%	; --%	;26	;Aumentar por13.0%	; --%	;295	;Disminuir por34.4%	; --%	;486	;Disminuir por29.3%	; --%	;4073	;Disminuir por26.5%	; --%	;3873	;Disminuir por29.8%	; --%	;59	;Disminuir por63.4%	; --%	;55	;Disminuir por67.8%	; --%	;
133	;(Domingo)2026/04/12	;18	;Disminuir por60.0%	; --%	;21	;Disminuir por36.4%	; --%	;199	;Disminuir por60.3%	; --%	;329	;Disminuir por54.9%	; --%	;2585	;Disminuir por57.0%	; --%	;3131	;Disminuir por45.2%	; --%	;45	;Disminuir por70.2%	; --%	;27	;Disminuir por80.3%	; --%	;
134	;(Lunes)2026/04/13	;32	;Disminuir por37.3%	; --%	;28	;Disminuir por9.7%	; --%	;390	;Aumentar por4.3%	; --%	;631	;Aumentar por21.3%	; --%	;3178	;Disminuir por45.1%	; --%	;3346	;Disminuir por46.0%	; --%	;91	;Disminuir por4.2%	; --%	;92	;Aumentar por9.5%	; --%	;
135	;(Martes)2026/04/14	;41	;Disminuir por21.2%	; --%	;56	;Aumentar por80.6%	; --%	;410	;Aumentar por41.4%	; --%	;721	;Aumentar por52.4%	; --%	;3429	;Disminuir por27.3%	; --%	;3104	;Disminuir por51.4%	; --%	;152	;Aumentar por126.9%	; --%	;150	;Aumentar por194.1%	; --%	;
136	;(Miércoles)2026/04/15	;49	;Disminuir por9.3%	; --%	;57	;Aumentar por90.0%	; --%	;383	;Disminuir por31.9%	; --%	;705	;Disminuir por7.0%	; --%	;3383	;Disminuir por35.9%	; --%	;3053	;Disminuir por32.8%	; --%	;153	;Disminuir por12.6%	; --%	;158	;Disminuir por4.8%	; --%	;
137	;(Jueves)2026/04/16	;38	;Aumentar por18.8%	; --%	;43	;Aumentar por72.0%	; --%	;441	;Disminuir por10.0%	; --%	;769	;Aumentar por8.2%	; --%	;3536	;Disminuir por25.7%	; --%	;2990	;Disminuir por33.0%	; --%	;168	;Aumentar por16.7%	; --%	;162	;Aumentar por20.9%	; --%	;
138	;(Viernes)2026/04/17	;43	;Disminuir por42.7%	; --%	;47	;Aumentar por34.3%	; --%	;449	;Aumentar por4.2%	; --%	;764	;Aumentar por24.4%	; --%	;3960	;Disminuir por12.3%	; --%	;3234	;Disminuir por25.0%	; --%	;168	;Aumentar por15.1%	; --%	;184	;Aumentar por23.5%	; --%	;
139	;(Sábado)2026/04/18	;41	;Disminuir por45.3%	; --%	;28	;Disminuir por9.7%	; --%	;234	;Disminuir por41.6%	; --%	;421	;Disminuir por33.1%	; --%	;4129	;Disminuir por11.7%	; --%	;3580	;Disminuir por20.2%	; --%	;50	;Disminuir por67.3%	; --%	;50	;Disminuir por65.8%	; --%	;
140	;(Domingo)2026/04/19	;29	;Disminuir por50.0%	; --%	;34	;Aumentar por25.9%	; --%	;184	;Disminuir por55.8%	; --%	;332	;Disminuir por45.8%	; --%	;3316	;Disminuir por43.0%	; --%	;3679	;Disminuir por30.0%	; --%	;32	;Disminuir por81.4%	; --%	;29	;Disminuir por79.4%	; --%	;
141	;(Lunes)2026/04/20	;36	;Disminuir por29.4%	; --%	;35	;Sin cambios	; --%	;459	;Aumentar por31.1%	; --%	;755	;Aumentar por69.3%	; --%	;3465	;Disminuir por35.9%	; --%	;3218	;Disminuir por35.1%	; --%	;155	;Aumentar por115.3%	; --%	;158	;Aumentar por116.4%	; --%	;
142	;(Martes)2026/04/21	;46	;Disminuir por16.4%	; --%	;38	;Aumentar por8.6%	; --%	;397	;Aumentar por65.4%	; --%	;683	;Aumentar por60.7%	; --%	;3322	;Disminuir por26.3%	; --%	;3026	;Disminuir por48.0%	; --%	;168	;Aumentar por236.0%	; --%	;160	;Aumentar por310.3%	; --%	;
143	;(Miércoles)2026/04/22	;50	;Disminuir por35.9%	; --%	;49	;Aumentar por2.1%	; --%	;435	;Disminuir por8.8%	; --%	;672	;Disminuir por0.9%	; --%	;3731	;Disminuir por15.2%	; --%	;2991	;Disminuir por27.7%	; --%	;180	;Aumentar por30.4%	; --%	;178	;Aumentar por48.3%	; --%	;
144	;(Jueves)2026/04/23	;45	;Disminuir por10.0%	;Aumentar por350.0%	;43	;Aumentar por13.2%	;Aumentar por1333.3%	;498	;Aumentar por27.4%	;Aumentar por611.4%	;783	;Aumentar por42.6%	;Aumentar por368.9%	;4199	;Aumentar por1.2%	;Aumentar por283.5%	;3377	;Disminuir por13.1%	;Aumentar por223.8%	;185	;Aumentar por41.2%	;Aumentar por560.7%	;177	;Aumentar por47.5%	;Aumentar por669.6%	;
145	;(Viernes)2026/04/24	;62	;Sin cambios	;Aumentar por40.9%	;44	;Disminuir por8.3%	;Disminuir por6.4%	;522	;Aumentar por6.3%	;Disminuir por4.2%	;764	;Aumentar por18.4%	;Disminuir por9.2%	;4735	;Aumentar por5.8%	;Aumentar por21.3%	;3644	;Disminuir por7.1%	;Aumentar por1.1%	;198	;Aumentar por37.5%	;Aumentar por8.8%	;191	;Aumentar por43.6%	;Disminuir por7.3%	;
146	;(Sábado)2026/04/25	;46	;Aumentar por4.5%	;Disminuir por8.0%	;40	;Disminuir por7.0%	;Disminuir por16.7%	;313	;Disminuir por45.2%	;Disminuir por42.9%	;424	;Disminuir por39.9%	;Disminuir por49.1%	;4446	;Disminuir por15.5%	;Aumentar por2.2%	;3647	;Disminuir por20.1%	;Disminuir por6.7%	;65	;Disminuir por57.8%	;Disminuir por69.8%	;64	;Disminuir por58.7%	;Disminuir por69.7%	;
147	;(Domingo)2026/04/26	;25	;Disminuir por59.7%	;Disminuir por54.5%	;30	;Disminuir por36.2%	;Disminuir por23.1%	;162	;Disminuir por72.0%	;Disminuir por50.2%	;358	;Disminuir por50.1%	;Disminuir por25.9%	;2588	;Disminuir por55.4%	;Disminuir por40.0%	;4109	;Disminuir por9.7%	;Aumentar por5.5%	;27	;Disminuir por83.9%	;Disminuir por65.4%	;26	;Disminuir por85.9%	;Disminuir por64.9%	;
148	;(Lunes)2026/04/27	;44	;Disminuir por44.3%	;Disminuir por6.4%	;48	;Aumentar por9.1%	;Aumentar por20.0%	;522	;Aumentar por38.5%	;Aumentar por100.8%	;864	;Aumentar por79.3%	;Aumentar por118.2%	;3475	;Disminuir por38.9%	;Aumentar por0.5%	;3420	;Disminuir por32.8%	;Disminuir por13.8%	;146	;Aumentar por30.4%	;Aumentar por151.7%	;152	;Aumentar por97.4%	;Aumentar por210.2%	;
149	;(Martes)2026/04/28	;45	;Disminuir por13.5%	;Aumentar por125.0%	;41	;Aumentar por2.5%	;Aumentar por95.2%	;460	;Aumentar por63.1%	;Aumentar por69.1%	;790	;Aumentar por55.8%	;Aumentar por158.2%	;3455	;Disminuir por18.6%	;Aumentar por155.9%	;3195	;Disminuir por51.1%	;Aumentar por118.7%	;187	;Aumentar por211.7%	;Aumentar por216.9%	;182	;Aumentar por213.8%	;Aumentar por225.0%	;
150	;(Miércoles)2026/04/29	;45	;Disminuir por38.4%	;Aumentar por80.0%	;50	;Disminuir por13.8%	;Aumentar por108.3%	;457	;Disminuir por9.1%	;Aumentar por155.3%	;755	;Aumentar por3.3%	;Aumentar por103.0%	;3742	;Disminuir por10.1%	;Aumentar por79.5%	;3249	;Disminuir por18.9%	;Aumentar por70.1%	;175	;Disminuir por3.3%	;Aumentar por173.4%	;186	;Aumentar por1.6%	;Aumentar por151.4%	;
151	;(Jueves)2026/04/30	;46	;Disminuir por17.9%	;Disminuir por44.6%	;49	;Aumentar por36.1%	;Aumentar por11.4%	;555	;Aumentar por28.8%	;Aumentar por17.3%	;829	;Aumentar por20.0%	;Aumentar por19.1%	;4880	;Aumentar por24.5%	;Aumentar por9.7%	;3605	;Disminuir por2.3%	;Aumentar por2.4%	;175	;Aumentar por14.4%	;Disminuir por2.8%	;178	;Aumentar por12.7%	;Disminuir por0.6%	;
152	;(Viernes)2026/05/01	;42	;Disminuir por35.4%	;Disminuir por32.3%	;23	;Disminuir por39.5%	;Disminuir por23.3%	;347	;Disminuir por15.4%	;Sin cambios	;406	;Disminuir por36.0%	;Disminuir por1.2%	;5646	;Aumentar por49.0%	;Aumentar por3.3%	;4084	;Aumentar por11.7%	;Aumentar por9.5%	;65	;Disminuir por58.9%	;Disminuir por15.6%	;46	;Disminuir por69.3%	;Disminuir por30.3%	;
153	;(Sábado)2026/05/02	;42	;Disminuir por48.1%	;Aumentar por100.0%	;28	;Disminuir por34.9%	;Aumentar por600.0%	;315	;Disminuir por32.7%	;Aumentar por3837.5%	;505	;Disminuir por28.1%	;Aumentar por1920.0%	;4917	;Aumentar por20.9%	;Aumentar por3362.7%	;4842	;Aumentar por30.4%	;Aumentar por1934.5%	;66	;Disminuir por57.7%	;Aumentar por312.5%	;59	;Disminuir por62.9%	;Aumentar por227.8%	;
154	;(Domingo)2026/05/03	;28	;Disminuir por68.5%	; --%	;25	;Disminuir por54.5%	; --%	;206	;Disminuir por59.0%	; --%	;420	;Disminuir por36.7%	; --%	;3495	;Disminuir por29.6%	; --%	;5652	;Aumentar por41.9%	; --%	;42	;Disminuir por75.7%	; --%	;29	;Disminuir por80.5%	; --%	;
155	;(Lunes)2026/05/04	;32	;Disminuir por51.5%	; --%	;34	;Disminuir por15.0%	; --%	;460	;Aumentar por39.4%	; --%	;833	;Aumentar por83.5%	; --%	;3588	;Disminuir por32.7%	; --%	;3510	;Disminuir por21.5%	; --%	;176	;Aumentar por102.3%	; --%	;165	;Aumentar por142.6%	; --%	;
156	;(Martes)2026/05/05	;42	;Disminuir por47.5%	;Aumentar por320.0%	;37	;Disminuir por14.0%	;Aumentar por825.0%	;430	;Aumentar por76.2%	;Aumentar por411.9%	;724	;Aumentar por60.2%	;Aumentar por389.2%	;3438	;Disminuir por11.1%	;Aumentar por235.1%	;3139	;Disminuir por42.2%	;Aumentar por248.0%	;172	;Aumentar por244.0%	;Aumentar por975.0%	;163	;Aumentar por162.9%	;Aumentar por608.7%	;
157	;(Miércoles)2026/05/06	;43	;Disminuir por14.0%	;Disminuir por8.5%	;52	;Disminuir por11.9%	;Aumentar por23.8%	;444	;Disminuir por24.0%	;Disminuir por5.9%	;748	;Disminuir por5.7%	;Aumentar por3.7%	;3458	;Disminuir por18.2%	;Aumentar por2.1%	;3108	;Disminuir por24.5%	;Disminuir por1.6%	;211	;Aumentar por27.1%	;Aumentar por26.3%	;192	;Aumentar por27.2%	;Aumentar por17.8%	;
158	;(Jueves)2026/05/07	;50	;Aumentar por2.0%	;Disminuir por3.8%	;40	;Disminuir por32.2%	;Disminuir por14.9%	;499	;Disminuir por1.8%	;Disminuir por3.1%	;803	;Aumentar por10.2%	;Aumentar por3.6%	;3530	;Disminuir por9.7%	;Aumentar por3.7%	;3188	;Disminuir por14.7%	;Aumentar por2.6%	;211	;Aumentar por26.3%	;Aumentar por15.9%	;221	;Aumentar por27.0%	;Aumentar por6.3%	;
159	;(Viernes)2026/05/08	;61	;Aumentar por27.1%	;Disminuir por1.6%	;63	;Aumentar por23.5%	;Aumentar por34.0%	;480	;Disminuir por7.7%	;Disminuir por7.9%	;771	;Aumentar por3.6%	;Aumentar por0.5%	;4166	;Aumentar por5.2%	;Aumentar por20.8%	;3352	;Disminuir por10.3%	;Aumentar por4.9%	;193	;Aumentar por25.3%	;Disminuir por4.9%	;187	;Aumentar por3.3%	;Disminuir por10.1%	;
160	;(Sábado)2026/05/09	;43	;Disminuir por25.9%	;Disminuir por8.5%	;29	;Disminuir por52.5%	;Disminuir por27.5%	;210	;Disminuir por60.1%	;Disminuir por57.5%	;418	;Disminuir por42.7%	;Disminuir por44.2%	;3602	;Disminuir por8.7%	;Disminuir por9.5%	;3119	;Disminuir por16.5%	;Disminuir por10.3%	;73	;Disminuir por59.0%	;Disminuir por60.3%	;42	;Disminuir por73.6%	;Disminuir por76.7%	;
161	;(Domingo)2026/05/10	;23	;Disminuir por62.9%	;Disminuir por67.6%	;29	;Disminuir por49.1%	;Aumentar por31.8%	;195	;Disminuir por64.9%	;Disminuir por31.1%	;341	;Disminuir por55.8%	;Disminuir por21.8%	;3201	;Disminuir por31.4%	;Disminuir por16.1%	;3624	;Disminuir por8.4%	;Aumentar por6.7%	;50	;Disminuir por69.5%	;Disminuir por21.9%	;33	;Disminuir por77.4%	;Disminuir por41.1%	;
162	;(Lunes)2026/05/11	;42	;Disminuir por16.0%	;Aumentar por2.4%	;39	;Sin cambios	;Aumentar por56.0%	;507	;Aumentar por62.5%	;Aumentar por168.3%	;829	;Aumentar por111.5%	;Aumentar por210.5%	;3568	;Disminuir por16.6%	;Aumentar por26.1%	;3198	;Disminuir por23.0%	;Disminuir por8.6%	;176	;Aumentar por208.8%	;Aumentar por259.2%	;174	;Aumentar por180.6%	;Aumentar por411.8%	;
163	;(Martes)2026/05/12	;51	;Disminuir por5.6%	;Aumentar por18.6%	;51	;Aumentar por18.6%	;Aumentar por27.5%	;412	;Aumentar por58.5%	;Disminuir por22.4%	;697	;Aumentar por65.2%	;Disminuir por13.3%	;3479	;Aumentar por11.1%	;Aumentar por4.0%	;3112	;Disminuir por29.6%	;Disminuir por5.2%	;189	;Aumentar por200.0%	;Aumentar por5.6%	;175	;Aumentar por257.1%	;Disminuir por2.8%	;
164	;(Miércoles)2026/05/13	;49	;Aumentar por6.5%	;Aumentar por11.4%	;42	;Aumentar por5.0%	;Aumentar por7.7%	;485	;Aumentar por115.6%	;Aumentar por10.5%	;767	;Aumentar por75.1%	;Aumentar por13.6%	;3506	;Aumentar por51.8%	;Aumentar por8.2%	;3057	;Aumentar por26.6%	;Aumentar por0.7%	;224	;Aumentar por286.2%	;Aumentar por13.1%	;206	;Aumentar por227.0%	;Sin cambios	;
165	;(Jueves)2026/05/14	;52	;Disminuir por5.5%	;Aumentar por36.8%	;48	;Disminuir por11.1%	;Aumentar por37.1%	;486	;Aumentar por6.3%	;Aumentar por14.1%	;749	;Aumentar por8.4%	;Aumentar por26.1%	;3859	;Aumentar por10.2%	;Aumentar por58.7%	;3234	;Disminuir por6.4%	;Aumentar por38.8%	;172	;Aumentar por13.2%	;Aumentar por20.3%	;169	;Aumentar por12.7%	;Aumentar por11.2%	;
166	;(Viernes)2026/05/15	;59	;Disminuir por4.8%	; --%	;58	;Disminuir por7.9%	; --%	;574	;Aumentar por34.1%	; --%	;805	;Aumentar por24.2%	; --%	;4553	;Aumentar por32.4%	; --%	;3758	;Aumentar por19.8%	; --%	;207	;Aumentar por36.2%	; --%	;170	;Aumentar por11.1%	; --%	;
167	;(Sábado)2026/05/16	;47	;Sin cambios	;Aumentar por261.5%	;33	;Disminuir por34.0%	;Aumentar por135.7%	;332	;Disminuir por31.7%	;Aumentar por196.4%	;486	;Disminuir por27.6%	;Aumentar por162.7%	;4409	;Aumentar por26.9%	;Aumentar por153.4%	;3786	;Aumentar por19.7%	;Aumentar por192.4%	;82	;Disminuir por46.8%	;Aumentar por110.3%	;73	;Disminuir por55.5%	;Aumentar por114.7%	;
168	;(Domingo)2026/05/17	;38	;Disminuir por39.7%	;Disminuir por25.5%	;25	;Disminuir por49.0%	;Disminuir por30.6%	;234	;Disminuir por53.8%	;Disminuir por17.3%	;414	;Disminuir por37.7%	;Aumentar por5.9%	;3159	;Disminuir por22.9%	;Disminuir por22.1%	;4263	;Aumentar por22.9%	;Aumentar por17.1%	;50	;Disminuir por71.4%	;Disminuir por21.9%	;41	;Disminuir por75.6%	;Disminuir por38.8%	;
169	;(Lunes)2026/05/18	;60	;Aumentar por5.3%	;Sin cambios	;51	;Aumentar por18.6%	;Aumentar por75.9%	;497	;Aumentar por65.1%	;Aumentar por142.4%	;855	;Aumentar por117.0%	;Aumentar por141.5%	;3674	;Disminuir por6.3%	;Aumentar por16.9%	;3466	;Disminuir por3.2%	;Disminuir por14.5%	;215	;Aumentar por258.3%	;Aumentar por357.4%	;215	;Aumentar por186.7%	;Aumentar por451.3%	;
170	;(Martes)2026/05/19	;56	;Aumentar por36.6%	;Aumentar por9.8%	;46	;Sin cambios	;Aumentar por4.5%	;448	;Aumentar por75.7%	;Disminuir por14.5%	;746	;Aumentar por122.0%	;Disminuir por4.6%	;3488	;Aumentar por14.3%	;Sin cambios	;3118	;Disminuir por18.2%	;Disminuir por6.2%	;189	;Aumentar por425.0%	;Aumentar por23.5%	;191	;Aumentar por558.6%	;Aumentar por13.0%	;
171	;(Miércoles)2026/05/20	;49	;Sin cambios	;Aumentar por14.0%	;47	;Disminuir por13.0%	;Aumentar por11.9%	;408	;Disminuir por18.4%	;Disminuir por9.5%	;709	;Disminuir por1.7%	;Disminuir por0.8%	;3542	;Disminuir por2.0%	;Aumentar por6.5%	;3201	;Disminuir por8.0%	;Aumentar por2.6%	;177	;Disminuir por5.9%	;Aumentar por18.8%	;175	;Aumentar por9.4%	;Aumentar por5.4%	;
172	;(Jueves)2026/05/21	;50	;Disminuir por18.0%	;Aumentar por19.0%	;49	;Disminuir por2.0%	;Aumentar por6.5%	;495	;Disminuir por3.1%	;Aumentar por16.2%	;780	;Aumentar por12.6%	;Aumentar por6.0%	;3636	;Aumentar por10.5%	;Aumentar por5.7%	;3129	;Disminuir por0.2%	;Aumentar por1.2%	;180	;Aumentar por2.9%	;Aumentar por8.4%	;204	;Aumentar por29.9%	;Aumentar por11.5%	;
173	;(Viernes)2026/05/22	;69	;Aumentar por6.2%	;Aumentar por30.2%	;61	;Aumentar por13.0%	;Aumentar por41.9%	;486	;Aumentar por4.3%	;Aumentar por12.0%	;765	;Aumentar por4.8%	;Aumentar por8.5%	;4927	;Aumentar por38.7%	;Aumentar por37.4%	;3615	;Aumentar por13.0%	;Aumentar por12.0%	;189	;Aumentar por11.8%	;Disminuir por4.1%	;176	;Aumentar por5.4%	;Disminuir por6.4%	;
174	;(Sábado)2026/05/23	;50	;Disminuir por7.4%	;Disminuir por37.5%	;31	;Disminuir por11.4%	;Disminuir por44.6%	;285	;Aumentar por10.5%	;Disminuir por40.7%	;436	;Aumentar por8.2%	;Disminuir por34.5%	;5005	;Aumentar por61.1%	;Aumentar por14.2%	;3975	;Aumentar por54.1%	;Aumentar por12.3%	;63	;Aumentar por6.8%	;Disminuir por66.3%	;51	;Disminuir por3.8%	;Disminuir por73.0%	;
175	;(Domingo)2026/05/24	;42	;Disminuir por6.7%	;Disminuir por19.2%	;42	;Aumentar por7.7%	;Aumentar por20.0%	;244	;Disminuir por35.3%	;Disminuir por23.0%	;390	;Disminuir por37.9%	;Disminuir por11.8%	;3879	;Disminuir por1.9%	;Disminuir por10.0%	;4815	;Aumentar por42.3%	;Aumentar por31.2%	;38	;Disminuir por70.1%	;Disminuir por34.5%	;33	;Disminuir por70.3%	;Disminuir por49.2%	;
176	;(Lunes)2026/05/25	;54	;Aumentar por1.9%	;Aumentar por5.9%	;46	;Aumentar por109.1%	;Aumentar por24.3%	;572	;Aumentar por225.0%	;Aumentar por205.9%	;847	;Aumentar por146.9%	;Aumentar por150.6%	;3920	;Aumentar por42.3%	;Aumentar por19.5%	;4071	;Aumentar por39.4%	;Disminuir por4.8%	;193	;Aumentar por183.8%	;Aumentar por286.0%	;187	;Aumentar por345.2%	;Aumentar por281.6%	;
177	;(Martes)2026/05/26	;48	;Disminuir por5.9%	;Disminuir por18.6%	;42	;Aumentar por82.6%	;Aumentar por7.7%	;474	;Aumentar por220.3%	;Disminuir por2.7%	;735	;Aumentar por188.2%	;Disminuir por1.3%	;3653	;Aumentar por66.7%	;Disminuir por0.8%	;3338	;Aumentar por8.2%	;Disminuir por3.5%	;174	;Aumentar por324.4%	;Disminuir por3.3%	;169	;Aumentar por428.1%	;Disminuir por10.6%	;
178	;(Miércoles)2026/05/27	;56	;Disminuir por8.2%	;Aumentar por21.7%	;51	;Aumentar por13.3%	;Aumentar por24.4%	;438	;Aumentar por34.8%	;Aumentar por10.6%	;730	;Aumentar por32.2%	;Aumentar por18.5%	;3561	;Aumentar por13.7%	;Aumentar por3.2%	;3201	;Aumentar por0.9%	;Disminuir por1.0%	;190	;Aumentar por10.5%	;Aumentar por12.4%	;192	;Aumentar por48.8%	;Aumentar por14.3%	;
179	;(Jueves)2026/05/28	;51	;Sin cambios	;Disminuir por19.0%	;51	;Aumentar por8.5%	;Aumentar por4.1%	;443	;Aumentar por10.2%	;Disminuir por4.5%	;773	;Aumentar por36.8%	;Aumentar por9.0%	;3882	;Aumentar por24.9%	;Aumentar por6.3%	;3392	;Aumentar por14.9%	;Aumentar por2.4%	;185	;Aumentar por31.2%	;Disminuir por9.8%	;196	;Aumentar por51.9%	;Aumentar por2.1%	;
180	;(Viernes)2026/05/29	;58	;Disminuir por27.5%	;Disminuir por13.4%	;44	;Disminuir por25.4%	;Sin cambios	;534	;Aumentar por21.9%	;Aumentar por18.4%	;793	;Aumentar por23.9%	;Aumentar por4.5%	;5129	;Aumentar por59.4%	;Aumentar por29.8%	;3579	;Aumentar por21.3%	;Aumentar por6.8%	;230	;Aumentar por21.1%	;Aumentar por33.7%	;227	;Aumentar por33.5%	;Aumentar por29.7%	;
181	;(Sábado)2026/05/30	;40	;Disminuir por42.0%	;Disminuir por35.5%	;27	;Disminuir por48.1%	;Disminuir por44.9%	;275	;Disminuir por38.8%	;Disminuir por44.6%	;423	;Disminuir por30.0%	;Disminuir por38.5%	;4909	;Aumentar por48.0%	;Aumentar por1.3%	;3894	;Aumentar por29.4%	;Aumentar por4.7%	;60	;Disminuir por61.5%	;Disminuir por66.3%	;53	;Disminuir por66.0%	;Disminuir por69.0%	;
182	;(Domingo)2026/05/31	;26	;Disminuir por63.9%	;Disminuir por46.9%	;24	;Disminuir por52.9%	;Disminuir por29.4%	;219	;Disminuir por58.2%	;Disminuir por30.7%	;428	;Disminuir por38.9%	;Disminuir por9.1%	;3596	;Disminuir por11.6%	;Disminuir por27.3%	;5229	;Aumentar por65.3%	;Aumentar por28.7%	;35	;Disminuir por78.1%	;Disminuir por57.8%	;38	;Disminuir por75.3%	;Disminuir por42.4%	;
183	;(Lunes)2026/06/01	;46	;Disminuir por11.5%	;Sin cambios	;38	;Disminuir por7.3%	;Aumentar por35.7%	;568	;Aumentar por88.1%	;Aumentar por158.2%	;844	;Aumentar por125.7%	;Aumentar por113.7%	;4012	;Disminuir por1.7%	;Aumentar por8.9%	;3712	;Aumentar por10.6%	;Disminuir por29.0%	;204	;Aumentar por213.8%	;Aumentar por343.5%	;187	;Aumentar por211.7%	;Aumentar por315.6%	;
184	;(Martes)2026/06/02	;38	;Disminuir por43.3%	;Disminuir por35.6%	;37	;Disminuir por27.5%	;Sin cambios	;476	;Aumentar por111.6%	;Disminuir por6.5%	;773	;Aumentar por93.7%	;Disminuir por7.9%	;3788	;Aumentar por22.2%	;Disminuir por2.5%	;3315	;Disminuir por10.4%	;Disminuir por9.8%	;173	;Aumentar por133.8%	;Disminuir por7.0%	;180	;Aumentar por252.9%	;Aumentar por1.1%	;
185	;(Miércoles)2026/06/03	;54	;Disminuir por15.6%	;Disminuir por5.3%	;39	;Disminuir por22.0%	;Disminuir por2.5%	;476	;Aumentar por2.1%	;Aumentar por3.5%	;790	;Aumentar por10.8%	;Aumentar por4.5%	;3778	;Aumentar por11.3%	;Aumentar por6.5%	;3262	;Aumentar por2.2%	;Disminuir por2.1%	;172	;Aumentar por11.0%	;Sin cambios	;196	;Aumentar por27.3%	;Aumentar por7.1%	;
186	;(Jueves)2026/06/04	;41	;Disminuir por19.6%	;Disminuir por41.4%	;36	;Disminuir por32.1%	;Disminuir por30.8%	;466	;Aumentar por20.1%	;Disminuir por1.9%	;751	;Aumentar por17.5%	;Aumentar por5.8%	;4122	;Aumentar por30.9%	;Aumentar por13.9%	;3540	;Aumentar por21.9%	;Aumentar por6.2%	;200	;Aumentar por5.3%	;Aumentar por34.2%	;221	;Aumentar por38.1%	;Aumentar por33.9%	;
187	;(Viernes)2026/06/05	;55	;Disminuir por5.2%	;Aumentar por19.6%	;42	;Disminuir por14.3%	;Aumentar por44.8%	;492	;Aumentar por12.3%	;Aumentar por7.4%	;776	;Aumentar por30.4%	;Aumentar por7.5%	;5569	;Aumentar por68.5%	;Aumentar por45.1%	;4195	;Aumentar por40.7%	;Aumentar por23.3%	;222	;Aumentar por33.7%	;Aumentar por23.3%	;201	;Aumentar por29.7%	;Aumentar por3.6%	;
188	;(Sábado)2026/06/06	;31	;Disminuir por45.6%	;Disminuir por60.8%	;37	;Disminuir por22.9%	;Disminuir por31.5%	;342	;Disminuir por17.6%	;Disminuir por31.9%	;471	;Disminuir por27.8%	;Disminuir por36.7%	;5491	;Aumentar por62.4%	;Aumentar por7.4%	;4053	;Aumentar por31.0%	;Aumentar por11.8%	;72	;Disminuir por47.4%	;Disminuir por60.4%	;58	;Disminuir por55.7%	;Disminuir por66.1%	;
189	;(Domingo)2026/06/07	;31	;Disminuir por49.2%	;Disminuir por44.6%	;26	;Disminuir por52.7%	;Sin cambios	;241	;Disminuir por52.6%	;Disminuir por22.5%	;438	;Disminuir por36.7%	;Disminuir por0.7%	;3930	;Disminuir por3.0%	;Disminuir por31.2%	;5507	;Aumentar por70.5%	;Aumentar por31.0%	;39	;Disminuir por72.3%	;Disminuir por51.3%	;43	;Disminuir por68.1%	;Disminuir por31.7%	;
190	;(Lunes)2026/06/08	;38	;Disminuir por11.6%	;Disminuir por34.5%	;33	;Disminuir por5.7%	;Disminuir por5.7%	;583	;Aumentar por97.6%	;Aumentar por161.4%	;809	;Aumentar por86.4%	;Aumentar por100.2%	;4241	;Aumentar por17.0%	;Aumentar por1.8%	;3912	;Aumentar por17.8%	;Disminuir por30.5%	;214	;Aumentar por250.8%	;Aumentar por234.4%	;206	;Aumentar por198.6%	;Aumentar por296.2%	;
191	;(Martes)2026/06/09	;51	;Aumentar por21.4%	;Disminuir por30.1%	;54	;Aumentar por35.0%	;Aumentar por20.0%	;471	;Aumentar por122.2%	;Disminuir por10.5%	;771	;Aumentar por157.9%	;Disminuir por10.8%	;3916	;Aumentar por42.5%	;Disminuir por13.0%	;3772	;Aumentar por5.9%	;Disminuir por18.3%	;223	;Aumentar por431.0%	;Aumentar por1.8%	;231	;Aumentar por904.3%	;Aumentar por6.0%	;
192	;(Miércoles)2026/06/10	;40	;Disminuir por20.0%	;Disminuir por20.0%	;46	;Disminuir por16.4%	;Aumentar por27.8%	;491	;Disminuir por4.3%	;Aumentar por16.6%	;778	;Aumentar por10.7%	;Aumentar por19.7%	;3972	;Aumentar por22.2%	;Aumentar por5.6%	;3499	;Aumentar por12.2%	;Disminuir por2.6%	;214	;Aumentar por36.3%	;Aumentar por41.7%	;196	;Aumentar por30.7%	;Aumentar por12.0%	;
193	;(Jueves)2026/06/11	;47	;Aumentar por67.9%	;Disminuir por11.3%	;42	;Aumentar por5.0%	;Disminuir por4.5%	;471	;Aumentar por2.6%	;Aumentar por19.5%	;777	;Aumentar por21.2%	;Aumentar por12.3%	;4286	;Aumentar por39.3%	;Aumentar por9.0%	;3895	;Aumentar por34.2%	;Aumentar por2.9%	;242	;Aumentar por56.1%	;Aumentar por33.7%	;253	;Aumentar por68.7%	;Aumentar por36.0%	;
194	;(Viernes)2026/06/12	;64	;Aumentar por30.6%	;Aumentar por18.5%	;55	;Aumentar por12.2%	;Aumentar por12.2%	;499	;Aumentar por12.9%	;Aumentar por28.6%	;783	;Aumentar por15.7%	;Aumentar por10.6%	;5259	;Aumentar por68.0%	;Aumentar por34.4%	;3869	;Aumentar por34.3%	;Aumentar por10.1%	;217	;Aumentar por41.8%	;Aumentar por24.0%	;217	;Aumentar por73.6%	;Aumentar por16.7%	;
195	;(Sábado)2026/06/13	;37	;Aumentar por2.8%	;Disminuir por56.5%	;37	;Disminuir por19.6%	;Disminuir por26.0%	;299	;Disminuir por30.0%	;Disminuir por28.1%	;423	;Disminuir por32.6%	;Disminuir por42.3%	;5442	;Aumentar por68.4%	;Aumentar por5.1%	;4578	;Aumentar por56.4%	;Aumentar por17.3%	;87	;Disminuir por44.6%	;Disminuir por58.6%	;65	;Disminuir por60.4%	;Disminuir por68.3%	;
196	;(Domingo)2026/06/14	;38	;Disminuir por24.0%	;Disminuir por20.8%	;36	;Disminuir por20.0%	;Aumentar por50.0%	;215	;Disminuir por56.2%	;Disminuir por24.6%	;398	;Disminuir por41.5%	;Disminuir por6.1%	;4011	;Aumentar por6.9%	;Disminuir por18.8%	;5635	;Aumentar por78.5%	;Aumentar por33.7%	;44	;Disminuir por69.2%	;Disminuir por52.7%	;44	;Disminuir por66.7%	;Disminuir por33.3%	;
197	;(Lunes)2026/06/15	;51	;Aumentar por21.4%	;Disminuir por23.9%	;50	;Aumentar por47.1%	;Aumentar por72.4%	;560	;Aumentar por110.5%	;Aumentar por243.6%	;859	;Aumentar por126.1%	;Aumentar por136.6%	;4150	;Aumentar por20.3%	;Aumentar por3.0%	;3725	;Aumentar por14.2%	;Disminuir por33.8%	;212	;Aumentar por332.7%	;Aumentar por271.9%	;197	;Aumentar por380.5%	;Aumentar por392.5%	;
198	;(Martes)2026/06/16	;46	;Aumentar por100.0%	;Disminuir por24.6%	;46	;Aumentar por119.0%	;Aumentar por9.5%	;473	;Aumentar por127.4%	;Aumentar por2.2%	;715	;Aumentar por120.0%	;Disminuir por3.0%	;4002	;Aumentar por47.3%	;Disminuir por4.8%	;3633	;Aumentar por9.3%	;Disminuir por5.0%	;191	;Aumentar por344.2%	;Disminuir por15.5%	;178	;Aumentar por641.7%	;Disminuir por22.3%	;
199	;(Miércoles)2026/06/17	;49	;Aumentar por16.7%	;Disminuir por10.9%	;59	;Aumentar por43.9%	;Aumentar por59.5%	;434	;Disminuir por10.3%	;Aumentar por8.0%	;756	;Aumentar por13.9%	;Aumentar por15.6%	;3909	;Aumentar por32.3%	;Aumentar por2.8%	;3525	;Aumentar por21.3%	;Disminuir por1.9%	;212	;Aumentar por63.1%	;Disminuir por2.8%	;185	;Aumentar por32.1%	;Disminuir por17.8%	;
200	;(Jueves)2026/06/18	;43	;Aumentar por2.4%	;Disminuir por31.7%	;34	;Disminuir por10.5%	;Disminuir por24.4%	;468	;Aumentar por19.4%	;Aumentar por26.5%	;755	;Aumentar por26.0%	;Aumentar por15.8%	;4346	;Aumentar por51.1%	;Aumentar por6.9%	;3911	;Aumentar por49.0%	;Aumentar por7.5%	;194	;Aumentar por31.1%	;Aumentar por11.5%	;197	;Aumentar por43.8%	;Aumentar por7.7%	;
201	;(Viernes)2026/06/19	;52	;Aumentar por10.6%	;Aumentar por8.3%	;52	;Aumentar por18.2%	;Aumentar por79.3%	;534	;Aumentar por21.4%	;Aumentar por23.6%	;776	;Aumentar por22.4%	;Aumentar por5.3%	;5366	;Aumentar por88.9%	;Aumentar por23.5%	;4048	;Aumentar por49.8%	;Aumentar por6.7%	;232	;Aumentar por65.7%	;Aumentar por44.1%	;222	;Aumentar por83.5%	;Aumentar por27.6%	;
202	;(Sábado)2026/06/20	;38	;Disminuir por17.4%	;Disminuir por34.5%	;32	;Disminuir por17.9%	;Disminuir por30.4%	;339	;Disminuir por19.1%	;Disminuir por32.5%	;499	;Disminuir por21.2%	;Disminuir por33.7%	;5709	;Aumentar por95.8%	;Aumentar por6.1%	;4490	;Aumentar por70.1%	;Aumentar por8.9%	;96	;Disminuir por13.5%	;Disminuir por38.9%	;66	;Disminuir por51.8%	;Disminuir por59.8%	;
203	;(Domingo)2026/06/21	;34	;Disminuir por33.3%	;Disminuir por46.0%	;32	;Disminuir por11.1%	;Disminuir por15.8%	;217	;Disminuir por53.9%	;Disminuir por38.0%	;412	;Disminuir por35.4%	;Disminuir por11.0%	;4347	;Aumentar por31.3%	;Disminuir por26.1%	;5404	;Aumentar por91.3%	;Aumentar por15.3%	;40	;Disminuir por72.0%	;Disminuir por54.5%	;40	;Disminuir por72.8%	;Disminuir por56.0%	;
204	;(Lunes)2026/06/22	;39	;Disminuir por22.0%	;Aumentar por34.5%	;34	;Aumentar por3.0%	;Aumentar por100.0%	;597	;Aumentar por127.0%	;Aumentar por219.3%	;856	;Aumentar por114.0%	;Aumentar por159.4%	;5055	;Aumentar por67.2%	;Aumentar por10.4%	;4347	;Aumentar por55.7%	;Disminuir por17.8%	;212	;Aumentar por221.2%	;Aumentar por430.0%	;209	;Aumentar por207.4%	;Aumentar por435.9%	;
205	;(Martes)2026/06/23	;55	;Aumentar por89.7%	;Aumentar por223.5%	;43	;Aumentar por72.0%	;Aumentar por975.0%	;500	;Aumentar por138.1%	;Aumentar por481.4%	;813	;Aumentar por183.3%	;Aumentar por332.4%	;5118	;Aumentar por105.1%	;Aumentar por157.2%	;4066	;Aumentar por51.5%	;Aumentar por181.4%	;202	;Aumentar por573.3%	;Aumentar por741.7%	;206	;Aumentar por543.8%	;Aumentar por692.3%	;
206	;(Miércoles)2026/06/24	;33	;Disminuir por32.7%	;Disminuir por10.8%	;29	;Disminuir por23.7%	;Aumentar por52.6%	;291	;Disminuir por32.5%	;Disminuir por12.9%	;505	;Disminuir por24.9%	;Disminuir por18.0%	;4444	;Aumentar por52.0%	;Disminuir por1.4%	;4680	;Aumentar por67.3%	;Disminuir por8.5%	;74	;Disminuir por54.3%	;Disminuir por37.3%	;72	;Disminuir por55.6%	;Disminuir por41.9%	;
207	;(Jueves)2026/06/25	;48	;Disminuir por12.7%	;Aumentar por23.1%	;37	;Disminuir por2.6%	;Aumentar por68.2%	;538	;Aumentar por35.5%	;Aumentar por28.7%	;867	;Aumentar por45.2%	;Aumentar por15.8%	;5123	;Aumentar por86.5%	;Aumentar por9.7%	;4689	;Aumentar por83.8%	;Aumentar por6.9%	;224	;Aumentar por63.5%	;Aumentar por24.4%	;226	;Aumentar por86.8%	;Aumentar por32.2%	;
208	;(Viernes)2026/06/26	;40	;Disminuir por37.5%	;Disminuir por24.5%	;35	;Disminuir por12.5%	;Aumentar por29.6%	;520	;Aumentar por37.6%	;Aumentar por16.6%	;802	;Aumentar por38.5%	;Aumentar por10.3%	;5914	;Aumentar por112.8%	;Aumentar por25.6%	;4631	;Aumentar por77.7%	;Aumentar por5.8%	;240	;Aumentar por75.2%	;Aumentar por37.1%	;241	;Aumentar por99.2%	;Aumentar por29.6%	;
209	;(Sábado)2026/06/27	;41	;Disminuir por29.3%	;Disminuir por18.0%	;36	;Disminuir por12.2%	;Aumentar por9.1%	;334	;Disminuir por7.7%	;Disminuir por27.2%	;493	;Disminuir por16.4%	;Disminuir por36.5%	;5643	;Aumentar por98.9%	;Aumentar por1.9%	;5012	;Aumentar por87.2%	;Aumentar por11.4%	;98	;Disminuir por39.1%	;Disminuir por48.1%	;88	;Disminuir por31.3%	;Disminuir por53.4%	;
210	;(Domingo)2026/06/28	;23	;Disminuir por62.9%	;Disminuir por54.0%	;26	;Disminuir por31.6%	;Disminuir por3.7%	;219	;Disminuir por48.1%	;Disminuir por30.7%	;415	;Disminuir por30.0%	;Disminuir por9.6%	;4632	;Aumentar por42.1%	;Disminuir por14.7%	;6468	;Aumentar por120.8%	;Aumentar por30.7%	;51	;Disminuir por72.9%	;Disminuir por37.0%	;41	;Disminuir por67.5%	;Disminuir por46.1%	;
211	;(Lunes)2026/06/29	;35	;Disminuir por22.2%	;Disminuir por14.6%	;22	;Disminuir por15.4%	;Disminuir por12.0%	;549	;Aumentar por123.2%	;Aumentar por180.1%	;809	;Aumentar por124.1%	;Aumentar por91.3%	;4672	;Aumentar por63.3%	;Aumentar por6.2%	;4472	;Aumentar por64.7%	;Disminuir por28.2%	;173	;Aumentar por127.6%	;Aumentar por214.5%	;169	;Aumentar por168.3%	;Aumentar por284.1%	;
212	;(Martes)2026/06/30	;26	;Aumentar por23.8%	;Disminuir por45.8%	;35	;Aumentar por84.2%	;Aumentar por40.0%	;438	;Aumentar por119.0%	;Disminuir por6.8%	;770	;Aumentar por186.2%	;Disminuir por1.3%	;4611	;Aumentar por111.4%	;Disminuir por1.9%	;4381	;Aumentar por79.0%	;Disminuir por4.5%	;261	;Aumentar por569.2%	;Aumentar por41.1%	;260	;Aumentar por1138.1%	;Aumentar por34.7%	;
