Análisis de tipo multiobjetivo	;
Información básica	;
Hora de exportación: 2026/07/14 13:47:14	;
Operador: Touristcheck	;
Objetivo de estadísticas: Casco Antiguo - Marcelino Roca	;
Exportar contenido:Número de personas,Vehículos a motor,Vehículos sin motor	;
Hora del informe: 2025/12/01 00:00:00 - 2026/07/14 23:59:59	;

Personas totales	; 	; 	; 	; 	; 	;Total de vehículos a motor	; 	; 	; 	; 	; 	;Total de vehículos sin motor	;
Avanzar	; 	; 	;Retroceso	; 	; 	;Avanzar	; 	; 	;Retroceso	; 	; 	;Avanzar	; 	; 	;Retroceso	;
Valor	;Tasa de cambio (ciclo tras ciclo)	;Tasa de cambio (año tras año)	;Valor	;Tasa de cambio (ciclo tras ciclo)	;Tasa de cambio (año tras año)	;Valor	;Tasa de cambio (ciclo tras ciclo)	;Tasa de cambio (año tras año)	;Valor	;Tasa de cambio (ciclo tras ciclo)	;Tasa de cambio (año tras año)	;Valor	;Tasa de cambio (ciclo tras ciclo)	;Tasa de cambio (año tras año)	;Valor	;Tasa de cambio (ciclo tras ciclo)	;Tasa de cambio (año tras año)	;
494831	;Aumentar por14.5%	;Aumentar por214.0%	;600072	;Disminuir por5.3%	;Aumentar por159.8%	;47727	;Disminuir por13.0%	;Aumentar por142.5%	;554	;Disminuir por93.6%	;Aumentar por172.9%	;33978	;Disminuir por27.0%	;Aumentar por76.6%	;13537	;Disminuir por41.3%	;Aumentar por56.4%	;

N.º	;Hora	;Personas	; 	; 	; 	; 	; 	;Vehículos a motor	; 	; 	; 	; 	; 	;Vehículos sin motor	;
	;	;Avanzar	; 	; 	;Retroceso	; 	; 	;Avanzar	; 	; 	;Retroceso	; 	; 	;Avanzar	; 	; 	;Retroceso	;
	;	;Valor	;Tasa de cambio (ciclo tras ciclo)	;Tasa de cambio (año tras año)	;Valor	;Tasa de cambio (ciclo tras ciclo)	;Tasa de cambio (año tras año)	;Valor	;Tasa de cambio (ciclo tras ciclo)	;Tasa de cambio (año tras año)	;Valor	;Tasa de cambio (ciclo tras ciclo)	;Tasa de cambio (año tras año)	;Valor	;Tasa de cambio (ciclo tras ciclo)	;Tasa de cambio (año tras año)	;Valor	;Tasa de cambio (ciclo tras ciclo)	;Tasa de cambio (año tras año)	;
1	;(Lunes)2025/12/01	;945	;Disminuir por78.4%	; --%	;1065	;Disminuir por86.2%	; --%	;213	;Aumentar por60.2%	; --%	;1	;Sin cambios	; --%	;107	;Disminuir por56.3%	; --%	;42	;Disminuir por67.4%	; --%	;
2	;(Martes)2025/12/02	;828	;Disminuir por78.4%	; --%	;954	;Disminuir por85.9%	; --%	;235	;Aumentar por135.0%	; --%	;1	;Sin cambios	; --%	;113	;Disminuir por50.2%	; --%	;38	;Disminuir por71.4%	; --%	;
3	;(Miércoles)2025/12/03	;1071	;Disminuir por62.3%	; --%	;1130	;Disminuir por73.9%	; --%	;252	;Aumentar por82.6%	; --%	;2	; --%	; --%	;102	;Disminuir por53.6%	; --%	;43	;Disminuir por64.8%	; --%	;
4	;(Jueves)2025/12/04	;953	;Disminuir por27.8%	; --%	;1056	;Disminuir por42.6%	; --%	;267	;Disminuir por8.9%	; --%	;1	;Sin cambios	; --%	;104	;Disminuir por20.6%	; --%	;41	;Disminuir por22.6%	; --%	;
5	;(Viernes)2025/12/05	;1811	;Aumentar por4.2%	; --%	;2025	;Disminuir por10.7%	; --%	;213	;Disminuir por17.1%	; --%	;0	; --%	; --%	;112	;Disminuir por46.9%	; --%	;54	;Disminuir por47.1%	; --%	;
6	;(Sábado)2025/12/06	;7132	;Aumentar por365.8%	; --%	;11137	;Aumentar por498.4%	; --%	;117	;Disminuir por53.0%	; --%	;6	; --%	; --%	;146	;Disminuir por34.5%	; --%	;73	;Disminuir por7.6%	; --%	;
7	;(Domingo)2025/12/07	;7804	;Aumentar por384.4%	; --%	;14156	;Aumentar por571.9%	; --%	;77	;Disminuir por71.9%	; --%	;8	; --%	; --%	;141	;Disminuir por39.2%	; --%	;88	;Aumentar por12.8%	; --%	;
8	;(Lunes)2025/12/08	;2835	;Aumentar por21.0%	; --%	;4151	;Aumentar por33.6%	; --%	;112	;Disminuir por42.9%	; --%	;3	; --%	; --%	;128	;Disminuir por41.3%	; --%	;65	;Disminuir por41.4%	; --%	;
9	;(Martes)2025/12/09	;1060	;Disminuir por51.7%	; --%	;1102	;Disminuir por63.9%	; --%	;229	;Aumentar por73.5%	; --%	;0	;Disminuir por100.0%	; --%	;116	;Disminuir por14.7%	; --%	;48	;Disminuir por47.3%	; --%	;
10	;(Miércoles)2025/12/10	;890	;Aumentar por80.2%	; --%	;1028	;Aumentar por142.5%	; --%	;213	;Aumentar por97.2%	; --%	;2	;Sin cambios	; --%	;110	;Aumentar por52.8%	; --%	;45	;Aumentar por60.7%	; --%	;
11	;(Jueves)2025/12/11	;980	;Aumentar por79.5%	; --%	;1121	;Aumentar por38.2%	; --%	;204	;Aumentar por63.2%	; --%	;2	;Aumentar por100.0%	; --%	;111	;Disminuir por8.3%	; --%	;52	;Disminuir por8.8%	; --%	;
12	;(Viernes)2025/12/12	;1158	;Aumentar por11.8%	; --%	;1294	;Aumentar por1.8%	; --%	;237	;Disminuir por28.0%	; --%	;0	;Disminuir por100.0%	; --%	;104	;Disminuir por52.1%	; --%	;32	;Disminuir por67.0%	; --%	;
13	;(Sábado)2025/12/13	;2683	;Disminuir por5.9%	; --%	;3561	;Disminuir por17.9%	; --%	;117	;Disminuir por24.0%	; --%	;1	;Sin cambios	; --%	;100	;Disminuir por49.0%	; --%	;36	;Disminuir por65.4%	; --%	;
14	;(Domingo)2025/12/14	;1005	;Disminuir por66.1%	; --%	;1326	;Disminuir por69.5%	; --%	;166	;Disminuir por40.5%	; --%	;2	;Disminuir por33.3%	; --%	;26	;Disminuir por84.7%	; --%	;17	;Disminuir por83.7%	; --%	;
15	;(Lunes)2025/12/15	;564	;Disminuir por79.5%	; --%	;764	;Disminuir por81.5%	; --%	;220	;Aumentar por23.6%	; --%	;1	;Disminuir por66.7%	; --%	;10	;Disminuir por96.2%	; --%	;7	;Disminuir por94.9%	; --%	;
16	;(Martes)2025/12/16	;600	;Disminuir por63.3%	; --%	;666	;Disminuir por71.7%	; --%	;231	;Aumentar por62.7%	; --%	;0	; --%	; --%	;49	;Disminuir por72.6%	; --%	;8	;Disminuir por91.9%	; --%	;
17	;(Miércoles)2025/12/17	;568	;Disminuir por45.6%	; --%	;592	;Disminuir por47.5%	; --%	;261	;Disminuir por9.1%	; --%	;0	;Disminuir por100.0%	; --%	;13	;Disminuir por92.8%	; --%	;7	;Disminuir por85.7%	; --%	;
18	;(Jueves)2025/12/18	;802	;Disminuir por15.8%	; --%	;1013	;Disminuir por9.1%	; --%	;258	;Disminuir por4.4%	; --%	;1	;Disminuir por66.7%	; --%	;96	;Disminuir por47.3%	; --%	;55	;Disminuir por33.7%	; --%	;
19	;(Viernes)2025/12/19	;1014	;Aumentar por21.1%	; --%	;1167	;Aumentar por11.7%	; --%	;251	;Disminuir por12.2%	; --%	;16	;Aumentar por1500.0%	; --%	;109	;Disminuir por40.1%	; --%	;57	;Disminuir por33.7%	; --%	;
20	;(Sábado)2025/12/20	;2218	;Aumentar por139.8%	; --%	;3082	;Aumentar por201.0%	; --%	;139	;Disminuir por56.2%	; --%	;14	;Aumentar por366.7%	; --%	;108	;Disminuir por10.0%	; --%	;67	;Aumentar por8.1%	; --%	;
21	;(Domingo)2025/12/21	;1945	;Aumentar por114.7%	; --%	;2706	;Aumentar por131.1%	; --%	;118	;Disminuir por55.8%	; --%	;5	;Aumentar por400.0%	; --%	;78	;Disminuir por56.2%	; --%	;29	;Disminuir por54.0%	; --%	;
22	;(Lunes)2025/12/22	;1220	;Disminuir por22.0%	; --%	;1556	;Disminuir por24.4%	; --%	;227	;Aumentar por27.5%	; --%	;0	;Disminuir por100.0%	; --%	;109	;Disminuir por25.9%	; --%	;52	;Disminuir por30.7%	; --%	;
23	;(Martes)2025/12/23	;1150	;Disminuir por16.4%	; --%	;1373	;Disminuir por26.8%	; --%	;240	;Aumentar por71.4%	; --%	;0	;Disminuir por100.0%	; --%	;79	;Disminuir por39.7%	; --%	;56	;Disminuir por24.3%	; --%	;
24	;(Miércoles)2025/12/24	;1158	;Aumentar por30.8%	; --%	;1459	;Aumentar por38.3%	; --%	;206	;Disminuir por25.6%	; --%	;1	; --%	; --%	;91	;Disminuir por48.9%	; --%	;45	;Disminuir por36.6%	; --%	;
25	;(Jueves)2025/12/25	;975	;Disminuir por5.8%	; --%	;1143	;Disminuir por1.0%	; --%	;162	;Disminuir por34.4%	; --%	;1	;Sin cambios	; --%	;9	;Disminuir por94.6%	; --%	;13	;Disminuir por83.8%	; --%	;
26	;(Viernes)2025/12/26	;1834	;Aumentar por103.1%	; --%	;2122	;Aumentar por87.1%	; --%	;178	;Disminuir por28.2%	; --%	;2	;Aumentar por100.0%	; --%	;31	;Disminuir por83.6%	; --%	;21	;Disminuir por79.4%	; --%	;
27	;(Sábado)2025/12/27	;1406	;Aumentar por25.6%	; --%	;1688	;Aumentar por13.2%	; --%	;175	;Disminuir por43.2%	; --%	;1	;Disminuir por90.9%	; --%	;14	;Disminuir por91.5%	; --%	;17	;Disminuir por76.4%	; --%	;
28	;(Domingo)2025/12/28	;1990	;Aumentar por57.2%	; --%	;2605	;Aumentar por65.9%	; --%	;92	;Disminuir por69.4%	; --%	;58	;Aumentar por866.7%	; --%	;34	;Disminuir por81.0%	; --%	;37	;Disminuir por58.0%	; --%	;
29	;(Lunes)2025/12/29	;1517	;Disminuir por23.9%	; --%	;1877	;Disminuir por33.8%	; --%	;182	;Aumentar por30.9%	; --%	;74	;Aumentar por3600.0%	; --%	;49	;Disminuir por73.1%	; --%	;53	;Disminuir por40.4%	; --%	;
30	;(Martes)2025/12/30	;2527	;Aumentar por69.8%	; --%	;2914	;Aumentar por33.2%	; --%	;195	;Aumentar por74.1%	; --%	;70	;Aumentar por1650.0%	; --%	;120	;Disminuir por17.2%	; --%	;105	;Aumentar por40.0%	; --%	;
31	;(Miércoles)2025/12/31	;2276	;Aumentar por149.8%	; --%	;2924	;Aumentar por179.0%	; --%	;142	;Disminuir por37.7%	; --%	;78	;Aumentar por7700.0%	; --%	;103	;Disminuir por47.4%	; --%	;72	;Aumentar por14.3%	; --%	;
32	;(Jueves)2026/01/01	;2696	;Aumentar por175.4%	; --%	;3894	;Aumentar por228.1%	; --%	;71	;Disminuir por72.9%	; --%	;43	;Aumentar por2050.0%	; --%	;62	;Disminuir por70.6%	; --%	;60	;Disminuir por41.7%	; --%	;
33	;(Viernes)2026/01/02	;2515	;Aumentar por167.3%	; --%	;3392	;Aumentar por201.8%	; --%	;197	;Disminuir por27.6%	; --%	;2	;Disminuir por71.4%	; --%	;109	;Disminuir por42.9%	; --%	;78	;Aumentar por21.9%	; --%	;
34	;(Sábado)2026/01/03	;2383	;Aumentar por163.6%	; --%	;3262	;Aumentar por173.2%	; --%	;163	;Disminuir por39.4%	; --%	;0	;Disminuir por100.0%	; --%	;78	;Disminuir por63.7%	; --%	;57	;Disminuir por30.5%	; --%	;
35	;(Domingo)2026/01/04	;1242	;Aumentar por12.5%	; --%	;1716	;Aumentar por6.4%	; --%	;110	;Disminuir por62.8%	; --%	;2	;Disminuir por33.3%	; --%	;17	;Disminuir por92.7%	; --%	;14	;Disminuir por85.9%	; --%	;
36	;(Lunes)2026/01/05	;1035	;Disminuir por41.0%	; --%	;1094	;Disminuir por60.7%	; --%	;205	;Aumentar por32.3%	; --%	;1	;Disminuir por94.7%	; --%	;39	;Disminuir por81.8%	; --%	;17	;Disminuir por79.8%	; --%	;
37	;(Martes)2026/01/06	;1116	;Disminuir por23.1%	; --%	;1296	;Disminuir por42.0%	; --%	;108	;Disminuir por2.7%	; --%	;0	;Disminuir por100.0%	; --%	;47	;Disminuir por75.5%	; --%	;23	;Disminuir por80.8%	; --%	;
38	;(Miércoles)2026/01/07	;700	;Disminuir por31.4%	; --%	;691	;Disminuir por43.8%	; --%	;211	;Disminuir por19.2%	; --%	;0	;Disminuir por100.0%	; --%	;79	;Disminuir por63.6%	; --%	;32	;Disminuir por64.8%	; --%	;
39	;(Jueves)2026/01/08	;661	;Disminuir por36.4%	; --%	;646	;Disminuir por51.0%	; --%	;206	;Disminuir por18.9%	; --%	;0	;Disminuir por100.0%	; --%	;91	;Disminuir por58.6%	; --%	;43	;Disminuir por44.9%	; --%	;
40	;(Viernes)2026/01/09	;732	;Disminuir por32.8%	; --%	;749	;Disminuir por42.9%	; --%	;276	;Disminuir por7.1%	; --%	;7	;Aumentar por16.7%	; --%	;96	;Disminuir por52.0%	; --%	;60	;Disminuir por24.1%	; --%	;
41	;(Sábado)2026/01/10	;1221	;Aumentar por15.6%	; --%	;1319	;Disminuir por6.4%	; --%	;145	;Disminuir por51.8%	; --%	;0	; --%	; --%	;109	;Disminuir por50.5%	; --%	;50	;Disminuir por46.2%	; --%	;
42	;(Domingo)2026/01/11	;1220	;Aumentar por2.9%	; --%	;1274	;Disminuir por26.7%	; --%	;129	;Disminuir por51.7%	; --%	;1	;Disminuir por66.7%	; --%	;70	;Disminuir por65.9%	; --%	;37	;Disminuir por59.3%	; --%	;
43	;(Lunes)2026/01/12	;630	;Disminuir por68.0%	; --%	;628	;Disminuir por79.2%	; --%	;242	;Aumentar por33.0%	; --%	;0	;Disminuir por100.0%	; --%	;104	;Disminuir por55.7%	; --%	;53	;Disminuir por55.5%	; --%	;
44	;(Martes)2026/01/13	;642	;Disminuir por60.1%	; --%	;622	;Disminuir por76.7%	; --%	;242	;Aumentar por130.5%	; --%	;1	; --%	; --%	;119	;Disminuir por45.2%	; --%	;42	;Disminuir por59.2%	; --%	;
45	;(Miércoles)2026/01/14	;769	;Disminuir por37.8%	; --%	;747	;Disminuir por47.1%	; --%	;235	;Disminuir por10.3%	; --%	;0	;Disminuir por100.0%	; --%	;104	;Disminuir por50.7%	; --%	;39	;Disminuir por59.8%	; --%	;
46	;(Jueves)2026/01/15	;674	;Disminuir por35.6%	; --%	;624	;Disminuir por58.3%	; --%	;241	;Disminuir por13.3%	; --%	;0	;Disminuir por100.0%	; --%	;112	;Disminuir por42.0%	; --%	;35	;Disminuir por62.8%	; --%	;
47	;(Viernes)2026/01/16	;651	;Disminuir por39.1%	; --%	;710	;Disminuir por47.9%	; --%	;241	;Disminuir por16.6%	; --%	;0	;Disminuir por100.0%	; --%	;101	;Disminuir por54.5%	; --%	;39	;Disminuir por50.6%	; --%	;
48	;(Sábado)2026/01/17	;797	;Disminuir por18.2%	; --%	;771	;Disminuir por40.9%	; --%	;236	;Disminuir por6.0%	; --%	;0	;Disminuir por100.0%	; --%	;15	;Disminuir por92.4%	; --%	;11	;Disminuir por89.6%	; --%	;
49	;(Domingo)2026/01/18	;1018	;Disminuir por38.2%	; --%	;1136	;Disminuir por47.1%	; --%	;106	;Disminuir por59.8%	; --%	;0	; --%	; --%	;65	;Disminuir por76.3%	; --%	;26	;Disminuir por75.0%	; --%	;
50	;(Lunes)2026/01/19	;546	;Disminuir por81.7%	; --%	;531	;Disminuir por87.0%	; --%	;211	;Aumentar por36.1%	; --%	;0	; --%	; --%	;45	;Disminuir por80.9%	; --%	;17	;Disminuir por80.9%	; --%	;
51	;(Martes)2026/01/20	;684	;Disminuir por77.0%	; --%	;676	;Disminuir por84.6%	; --%	;240	;Aumentar por128.6%	; --%	;0	; --%	; --%	;22	;Disminuir por90.4%	; --%	;9	;Disminuir por92.7%	; --%	;
52	;(Miércoles)2026/01/21	;610	;Disminuir por62.4%	; --%	;677	;Disminuir por68.2%	; --%	;206	;Disminuir por16.3%	; --%	;1	;Disminuir por66.7%	; --%	;80	;Disminuir por65.5%	; --%	;31	;Disminuir por64.0%	; --%	;
53	;(Jueves)2026/01/22	;840	;Disminuir por36.6%	; --%	;791	;Disminuir por60.9%	; --%	;216	;Disminuir por12.2%	; --%	;0	;Disminuir por100.0%	; --%	;86	;Disminuir por65.2%	; --%	;26	;Disminuir por70.8%	; --%	;
54	;(Viernes)2026/01/23	;782	;Disminuir por49.4%	; --%	;804	;Disminuir por63.8%	; --%	;225	;Disminuir por14.8%	; --%	;4	; --%	; --%	;91	;Disminuir por62.9%	; --%	;37	;Disminuir por68.4%	; --%	;
55	;(Sábado)2026/01/24	;1331	;Disminuir por11.3%	; --%	;1344	;Disminuir por27.6%	; --%	;131	;Disminuir por49.8%	; --%	;1	;Disminuir por83.3%	; --%	;70	;Disminuir por74.0%	; --%	;52	;Disminuir por53.6%	; --%	;
56	;(Domingo)2026/01/25	;1241	;Disminuir por30.4%	; --%	;1424	;Disminuir por40.2%	; --%	;85	;Disminuir por72.7%	; --%	;1	;Disminuir por50.0%	; --%	;91	;Disminuir por66.9%	; --%	;61	;Disminuir por52.0%	; --%	;
57	;(Lunes)2026/01/26	;661	;Disminuir por67.5%	; --%	;680	;Disminuir por79.9%	; --%	;238	;Aumentar por47.8%	; --%	;0	;Disminuir por100.0%	; --%	;86	;Disminuir por68.7%	; --%	;35	;Disminuir por67.3%	; --%	;
58	;(Martes)2026/01/27	;572	;Disminuir por64.2%	; --%	;606	;Disminuir por78.2%	; --%	;243	;Aumentar por57.8%	; --%	;2	;Disminuir por33.3%	; --%	;85	;Disminuir por60.3%	; --%	;42	;Disminuir por63.8%	; --%	;
59	;(Miércoles)2026/01/28	;561	;Disminuir por62.3%	; --%	;622	;Disminuir por67.0%	; --%	;232	;Disminuir por10.1%	; --%	;0	;Disminuir por100.0%	; --%	;47	;Disminuir por79.8%	; --%	;17	;Disminuir por81.1%	; --%	;
60	;(Jueves)2026/01/29	;634	;Disminuir por51.6%	; --%	;675	;Disminuir por67.4%	; --%	;216	;Aumentar por11.9%	; --%	;0	;Disminuir por100.0%	; --%	;68	;Disminuir por70.8%	; --%	;30	;Disminuir por65.1%	; --%	;
61	;(Viernes)2026/01/30	;1037	;Disminuir por28.1%	; --%	;940	;Disminuir por51.1%	; --%	;250	;Disminuir por16.7%	; --%	;0	;Disminuir por100.0%	; --%	;93	;Disminuir por62.8%	; --%	;35	;Disminuir por58.8%	; --%	;
62	;(Sábado)2026/01/31	;1462	;Aumentar por3.2%	; --%	;1517	;Disminuir por28.3%	; --%	;154	;Disminuir por42.3%	; --%	;1	;Disminuir por66.7%	; --%	;56	;Disminuir por79.5%	; --%	;25	;Disminuir por73.7%	; --%	;
63	;(Domingo)2026/02/01	;1412	;Disminuir por15.1%	; --%	;1520	;Disminuir por32.4%	; --%	;107	;Disminuir por62.8%	; --%	;0	; --%	; --%	;68	;Disminuir por76.9%	; --%	;26	;Disminuir por76.8%	; --%	;
64	;(Lunes)2026/02/02	;640	;Disminuir por74.7%	; --%	;687	;Disminuir por81.9%	; --%	;236	;Disminuir por0.8%	; --%	;0	;Disminuir por100.0%	; --%	;81	;Disminuir por64.6%	; --%	;32	;Disminuir por58.4%	; --%	;
65	;(Martes)2026/02/03	;723	;Disminuir por66.7%	; --%	;662	;Disminuir por82.3%	; --%	;228	;Aumentar por192.3%	; --%	;0	; --%	; --%	;104	;Disminuir por53.6%	; --%	;37	;Disminuir por72.0%	; --%	;
66	;(Miércoles)2026/02/04	;757	;Disminuir por61.5%	; --%	;772	;Disminuir por73.7%	; --%	;235	;Disminuir por7.5%	; --%	;0	;Disminuir por100.0%	; --%	;99	;Disminuir por61.2%	; --%	;39	;Disminuir por65.2%	; --%	;
67	;(Jueves)2026/02/05	;377	;Disminuir por83.0%	; --%	;368	;Disminuir por88.6%	; --%	;122	;Disminuir por46.0%	; --%	;0	;Disminuir por100.0%	; --%	;41	;Disminuir por84.2%	; --%	;26	;Disminuir por79.5%	; --%	;
68	;(Viernes)2026/02/06	;929	;Disminuir por54.2%	; --%	;914	;Disminuir por70.2%	; --%	;231	;Disminuir por2.9%	; --%	;6	;Aumentar por500.0%	; --%	;129	;Disminuir por46.9%	; --%	;55	;Disminuir por56.7%	; --%	;
69	;(Sábado)2026/02/07	;1786	;Disminuir por10.8%	; --%	;1757	;Disminuir por41.7%	; --%	;139	;Disminuir por48.3%	; --%	;0	;Disminuir por100.0%	; --%	;94	;Disminuir por67.0%	; --%	;49	;Disminuir por54.6%	; --%	;
70	;(Domingo)2026/02/08	;1960	;Disminuir por8.2%	; --%	;2031	;Disminuir por30.9%	; --%	;104	;Disminuir por58.2%	; --%	;1	;Disminuir por66.7%	; --%	;77	;Disminuir por71.7%	; --%	;42	;Disminuir por60.4%	; --%	;
71	;(Lunes)2026/02/09	;770	;Disminuir por69.7%	; --%	;742	;Disminuir por80.6%	; --%	;218	;Aumentar por29.0%	; --%	;0	; --%	; --%	;92	;Disminuir por63.8%	; --%	;36	;Disminuir por65.7%	; --%	;
72	;(Martes)2026/02/10	;855	;Disminuir por58.1%	; --%	;968	;Disminuir por72.9%	; --%	;205	;Aumentar por84.7%	; --%	;0	;Disminuir por100.0%	; --%	;112	;Disminuir por50.0%	; --%	;30	;Disminuir por72.2%	; --%	;
73	;(Miércoles)2026/02/11	;885	;Disminuir por44.6%	; --%	;885	;Disminuir por62.5%	; --%	;225	;Disminuir por8.5%	; --%	;0	;Disminuir por100.0%	; --%	;129	;Disminuir por47.8%	; --%	;63	;Disminuir por31.5%	; --%	;
74	;(Jueves)2026/02/12	;901	;Disminuir por46.0%	; --%	;978	;Disminuir por60.2%	; --%	;239	;Aumentar por2.1%	; --%	;0	;Disminuir por100.0%	; --%	;108	;Disminuir por64.6%	; --%	;55	;Disminuir por55.6%	; --%	;
75	;(Viernes)2026/02/13	;1159	;Disminuir por45.9%	; --%	;973	;Disminuir por67.5%	; --%	;282	;Disminuir por2.1%	; --%	;1	;Disminuir por75.0%	; --%	;71	;Disminuir por74.0%	; --%	;26	;Disminuir por74.0%	; --%	;
76	;(Sábado)2026/02/14	;1140	;Disminuir por41.4%	; --%	;1038	;Disminuir por67.6%	; --%	;131	;Disminuir por48.6%	; --%	;1	; --%	; --%	;16	;Disminuir por93.6%	; --%	;9	;Disminuir por90.2%	; --%	;
77	;(Domingo)2026/02/15	;2206	;Disminuir por5.2%	; --%	;2561	;Disminuir por26.7%	; --%	;103	;Disminuir por60.8%	; --%	;0	; --%	; --%	;95	;Disminuir por69.2%	; --%	;44	;Disminuir por63.3%	; --%	;
78	;(Lunes)2026/02/16	;1187	;Disminuir por58.6%	; --%	;1205	;Disminuir por73.6%	; --%	;240	;Aumentar por34.8%	; --%	;0	; --%	; --%	;131	;Disminuir por46.3%	; --%	;55	;Disminuir por56.3%	; --%	;
79	;(Martes)2026/02/17	;1336	;Disminuir por46.1%	; --%	;1291	;Disminuir por68.5%	; --%	;246	;Aumentar por79.6%	; --%	;3	; --%	; --%	;136	;Disminuir por44.3%	; --%	;74	;Disminuir por26.0%	; --%	;
80	;(Miércoles)2026/02/18	;1568	;Disminuir por19.4%	; --%	;1442	;Disminuir por50.8%	; --%	;248	;Disminuir por2.4%	; --%	;0	; --%	; --%	;97	;Disminuir por64.2%	; --%	;47	;Disminuir por58.0%	; --%	;
81	;(Jueves)2026/02/19	;1280	;Disminuir por54.7%	; --%	;1423	;Disminuir por63.8%	; --%	;258	;Aumentar por4.0%	; --%	;1	; --%	; --%	;110	;Disminuir por61.8%	; --%	;48	;Disminuir por68.0%	; --%	;
82	;(Viernes)2026/02/20	;1673	;Disminuir por35.9%	; --%	;1721	;Disminuir por58.7%	; --%	;268	;Aumentar por2.7%	; --%	;0	;Disminuir por100.0%	; --%	;149	;Aumentar por1.4%	; --%	;48	;Disminuir por54.7%	; --%	;
83	;(Sábado)2026/02/21	;2572	;Aumentar por13.6%	; --%	;2791	;Disminuir por8.6%	; --%	;220	;Disminuir por14.4%	; --%	;4	;Aumentar por100.0%	; --%	;115	;Disminuir por57.7%	; --%	;53	;Disminuir por50.0%	; --%	;
84	;(Domingo)2026/02/22	;2241	;Disminuir por8.6%	; --%	;2454	;Disminuir por36.5%	; --%	;136	;Disminuir por52.8%	; --%	;0	;Disminuir por100.0%	; --%	;104	;Disminuir por58.9%	; --%	;49	;Disminuir por61.7%	; --%	;
85	;(Lunes)2026/02/23	;1165	;Disminuir por52.3%	; --%	;1182	;Disminuir por70.5%	; --%	;274	;Aumentar por49.7%	; --%	;0	; --%	; --%	;131	;Disminuir por24.3%	; --%	;49	;Disminuir por44.3%	; --%	;
86	;(Martes)2026/02/24	;1191	;Disminuir por52.8%	; --%	;1195	;Disminuir por71.1%	; --%	;242	;Aumentar por75.4%	; --%	;0	;Disminuir por100.0%	; --%	;140	;Disminuir por42.9%	; --%	;64	;Disminuir por49.2%	; --%	;
87	;(Miércoles)2026/02/25	;1024	;Disminuir por51.7%	; --%	;1131	;Disminuir por64.7%	; --%	;268	;Aumentar por16.5%	; --%	;0	;Disminuir por100.0%	; --%	;108	;Disminuir por57.8%	; --%	;45	;Disminuir por66.7%	; --%	;
88	;(Jueves)2026/02/26	;1352	;Disminuir por37.6%	; --%	;1386	;Disminuir por61.6%	; --%	;275	;Aumentar por26.7%	; --%	;1	;Sin cambios	; --%	;124	;Disminuir por53.2%	; --%	;48	;Disminuir por53.4%	; --%	;
89	;(Viernes)2026/02/27	;1435	;Disminuir por43.3%	; --%	;1535	;Disminuir por58.9%	; --%	;275	;Aumentar por5.4%	; --%	;1	;Sin cambios	; --%	;133	;Disminuir por51.6%	; --%	;49	;Disminuir por54.2%	; --%	;
90	;(Sábado)2026/02/28	;2385	;Disminuir por7.9%	; --%	;2481	;Disminuir por38.0%	; --%	;180	;Disminuir por24.4%	; --%	;0	;Disminuir por100.0%	; --%	;110	;Disminuir por54.9%	; --%	;55	;Disminuir por40.9%	; --%	;
91	;(Domingo)2026/03/01	;2101	;Disminuir por17.0%	; --%	;2334	;Disminuir por39.5%	; --%	;137	;Disminuir por59.3%	; --%	;0	;Disminuir por100.0%	; --%	;100	;Disminuir por60.0%	; --%	;55	;Disminuir por50.9%	; --%	;
92	;(Lunes)2026/03/02	;992	;Disminuir por68.7%	; --%	;955	;Disminuir por79.5%	; --%	;262	;Aumentar por67.9%	; --%	;0	;Disminuir por100.0%	; --%	;68	;Disminuir por73.6%	; --%	;18	;Disminuir por83.3%	; --%	;
93	;(Martes)2026/03/03	;458	;Disminuir por84.5%	; --%	;399	;Disminuir por91.5%	; --%	;147	;Aumentar por11.4%	; --%	;0	;Disminuir por100.0%	; --%	;28	;Disminuir por88.4%	; --%	;8	;Disminuir por93.4%	; --%	;
94	;(Miércoles)2026/03/04	;839	;Disminuir por70.5%	; --%	;734	;Disminuir por82.4%	; --%	;251	;Aumentar por9.6%	; --%	;0	;Disminuir por100.0%	; --%	;41	;Disminuir por85.4%	; --%	;19	;Disminuir por85.5%	; --%	;
95	;(Jueves)2026/03/05	;677	;Disminuir por72.4%	; --%	;698	;Disminuir por82.6%	; --%	;283	;Aumentar por24.1%	; --%	;1	;Sin cambios	; --%	;19	;Disminuir por94.0%	; --%	;10	;Disminuir por92.8%	; --%	;
96	;(Viernes)2026/03/06	;814	;Disminuir por75.2%	; --%	;827	;Disminuir por83.7%	; --%	;322	;Aumentar por27.8%	; --%	;0	;Disminuir por100.0%	; --%	;23	;Disminuir por90.0%	; --%	;16	;Disminuir por87.3%	; --%	;
97	;(Sábado)2026/03/07	;1141	;Disminuir por69.2%	; --%	;1121	;Disminuir por81.9%	; --%	;196	;Disminuir por22.8%	; --%	;0	;Disminuir por100.0%	; --%	;15	;Disminuir por93.5%	; --%	;5	;Disminuir por96.8%	; --%	;
98	;(Domingo)2026/03/08	;2085	;Disminuir por36.2%	; --%	;2265	;Disminuir por48.3%	; --%	;142	;Disminuir por48.2%	; --%	;0	;Disminuir por100.0%	; --%	;76	;Disminuir por72.0%	; --%	;44	;Disminuir por56.4%	; --%	;
99	;(Lunes)2026/03/09	;1278	;Disminuir por65.3%	; --%	;1288	;Disminuir por76.5%	; --%	;269	;Aumentar por65.0%	; --%	;0	;Disminuir por100.0%	; --%	;90	;Disminuir por71.8%	; --%	;37	;Disminuir por77.4%	; --%	;
100	;(Martes)2026/03/10	;998	;Disminuir por69.0%	; --%	;965	;Disminuir por81.7%	; --%	;244	;Aumentar por73.0%	; --%	;3	;Sin cambios	; --%	;43	;Disminuir por82.3%	; --%	;20	;Disminuir por84.1%	; --%	;
101	;(Miércoles)2026/03/11	;1489	;Disminuir por49.9%	; --%	;1497	;Disminuir por67.1%	; --%	;306	;Aumentar por49.3%	; --%	;11	;Aumentar por175.0%	; --%	;147	;Disminuir por38.8%	; --%	;70	;Disminuir por49.3%	; --%	;
102	;(Jueves)2026/03/12	;1241	;Disminuir por61.1%	; --%	;1293	;Disminuir por72.2%	; --%	;267	;Aumentar por13.1%	; --%	;0	;Disminuir por100.0%	; --%	;118	;Disminuir por51.0%	; --%	;44	;Disminuir por67.2%	; --%	;
103	;(Viernes)2026/03/13	;1413	;Disminuir por57.5%	; --%	;1432	;Disminuir por71.8%	; --%	;287	;Aumentar por38.0%	; --%	;4	;Sin cambios	; --%	;113	;Disminuir por61.2%	; --%	;45	;Disminuir por71.7%	; --%	;
104	;(Sábado)2026/03/14	;2550	;Disminuir por5.0%	; --%	;2868	;Disminuir por34.8%	; --%	;171	;Disminuir por31.9%	; --%	;0	;Disminuir por100.0%	; --%	;90	;Disminuir por66.2%	; --%	;61	;Disminuir por52.3%	; --%	;
105	;(Domingo)2026/03/15	;2582	;Disminuir por15.1%	; --%	;2933	;Disminuir por38.0%	; --%	;149	;Disminuir por46.2%	; --%	;1	;Disminuir por95.2%	; --%	;75	;Disminuir por75.4%	; --%	;42	;Disminuir por71.2%	; --%	;
106	;(Lunes)2026/03/16	;1563	;Disminuir por55.5%	; --%	;1651	;Disminuir por67.4%	; --%	;273	;Aumentar por53.4%	; --%	;0	;Disminuir por100.0%	; --%	;151	;Disminuir por43.2%	; --%	;59	;Disminuir por57.6%	; --%	;
107	;(Martes)2026/03/17	;1671	;Disminuir por46.5%	; --%	;1660	;Disminuir por68.8%	; --%	;281	;Aumentar por170.2%	; --%	;0	; --%	; --%	;139	;Disminuir por46.1%	; --%	;51	;Disminuir por67.3%	; --%	;
108	;(Miércoles)2026/03/18	;1813	;Disminuir por45.8%	; --%	;1891	;Disminuir por59.9%	; --%	;291	;Aumentar por28.2%	; --%	;0	;Disminuir por100.0%	; --%	;136	;Disminuir por53.1%	; --%	;48	;Disminuir por66.4%	; --%	;
109	;(Jueves)2026/03/19	;2723	;Disminuir por13.9%	; --%	;2875	;Disminuir por46.8%	; --%	;154	;Disminuir por30.3%	; --%	;2	;Disminuir por33.3%	; --%	;129	;Disminuir por58.0%	; --%	;48	;Disminuir por70.6%	; --%	;
110	;(Viernes)2026/03/20	;2878	;Disminuir por25.0%	; --%	;2973	;Disminuir por49.7%	; --%	;281	;Aumentar por24.3%	; --%	;3	;Aumentar por50.0%	; --%	;152	;Disminuir por43.7%	; --%	;53	;Disminuir por65.8%	; --%	;
111	;(Sábado)2026/03/21	;3517	;Aumentar por9.8%	; --%	;4208	;Disminuir por22.8%	; --%	;215	;Aumentar por5.9%	; --%	;2	; --%	; --%	;129	;Disminuir por57.1%	; --%	;66	;Disminuir por53.8%	; --%	;
112	;(Domingo)2026/03/22	;2730	;Disminuir por16.2%	; --%	;3137	;Disminuir por40.6%	; --%	;145	;Disminuir por39.3%	; --%	;1	;Disminuir por66.7%	; --%	;115	;Disminuir por62.0%	; --%	;43	;Disminuir por71.3%	; --%	;
113	;(Lunes)2026/03/23	;1405	;Disminuir por61.6%	; --%	;1392	;Disminuir por75.0%	; --%	;297	;Aumentar por91.6%	; --%	;0	;Disminuir por100.0%	; --%	;92	;Disminuir por66.3%	; --%	;40	;Disminuir por75.2%	; --%	;
114	;(Martes)2026/03/24	;1751	;Disminuir por53.0%	; --%	;1925	;Disminuir por65.6%	; --%	;323	;Aumentar por141.0%	; --%	;1	;Sin cambios	; --%	;141	;Disminuir por48.5%	; --%	;54	;Disminuir por62.8%	; --%	;
115	;(Miércoles)2026/03/25	;772	;Disminuir por76.2%	; --%	;1064	;Disminuir por79.6%	; --%	;130	;Disminuir por35.6%	; --%	;0	; --%	; --%	;95	;Disminuir por65.9%	; --%	;52	;Disminuir por47.5%	; --%	;
116	;(Jueves)2026/03/26	;1422	;Disminuir por59.2%	; --%	;1497	;Disminuir por72.9%	; --%	;306	;Aumentar por15.9%	; --%	;0	;Disminuir por100.0%	; --%	;154	;Disminuir por44.0%	; --%	;56	;Disminuir por52.9%	; --%	;
117	;(Viernes)2026/03/27	;1897	;Disminuir por47.2%	; --%	;2162	;Disminuir por63.5%	; --%	;303	;Aumentar por35.9%	; --%	;1	;Disminuir por83.3%	; --%	;164	;Disminuir por43.8%	; --%	;48	;Disminuir por65.2%	; --%	;
118	;(Sábado)2026/03/28	;3686	;Aumentar por8.5%	; --%	;4275	;Disminuir por17.8%	; --%	;191	;Disminuir por16.2%	; --%	;0	; --%	; --%	;184	;Disminuir por37.4%	; --%	;72	;Disminuir por50.7%	; --%	;
119	;(Domingo)2026/03/29	;3737	;Disminuir por1.0%	; --%	;4370	;Disminuir por24.2%	; --%	;160	;Disminuir por17.5%	; --%	;2	;Disminuir por50.0%	; --%	;88	;Disminuir por69.6%	; --%	;31	;Disminuir por78.5%	; --%	;
120	;(Lunes)2026/03/30	;2886	;Disminuir por18.2%	; --%	;3474	;Disminuir por37.7%	; --%	;265	;Aumentar por21.6%	; --%	;3	;Disminuir por96.1%	; --%	;173	;Disminuir por34.7%	; --%	;72	;Disminuir por46.7%	; --%	;
121	;(Martes)2026/03/31	;3178	;Disminuir por7.0%	; --%	;4034	;Disminuir por25.5%	; --%	;282	;Aumentar por116.9%	; --%	;0	;Disminuir por100.0%	; --%	;184	;Disminuir por26.7%	; --%	;72	;Disminuir por34.5%	; --%	;
122	;(Miércoles)2026/04/01	;3688	;Aumentar por30.1%	; --%	;4010	;Disminuir por16.4%	; --%	;305	;Aumentar por35.6%	; --%	;0	;Disminuir por100.0%	; --%	;185	;Disminuir por31.5%	; --%	;59	;Disminuir por50.0%	; --%	;
123	;(Jueves)2026/04/02	;5733	;Aumentar por55.2%	; --%	;7280	;Aumentar por28.7%	; --%	;238	;Disminuir por10.2%	; --%	;3	;Disminuir por88.9%	; --%	;218	;Disminuir por13.1%	; --%	;95	;Disminuir por31.2%	; --%	;
124	;(Viernes)2026/04/03	;9939	;Aumentar por169.2%	; --%	;11530	;Aumentar por90.4%	; --%	;104	;Disminuir por46.7%	; --%	;3	; --%	; --%	;249	;Disminuir por21.0%	; --%	;120	;Disminuir por25.9%	; --%	;
125	;(Sábado)2026/04/04	;8738	;Aumentar por132.0%	; --%	;11504	;Aumentar por89.2%	; --%	;132	;Disminuir por39.2%	; --%	;1	; --%	; --%	;217	;Disminuir por28.9%	; --%	;92	;Disminuir por32.8%	; --%	;
126	;(Domingo)2026/04/05	;7638	;Aumentar por132.9%	; --%	;10062	;Aumentar por95.6%	; --%	;98	;Disminuir por55.5%	; --%	;2	;Disminuir por50.0%	; --%	;218	;Disminuir por25.9%	; --%	;92	;Disminuir por30.8%	; --%	;
127	;(Lunes)2026/04/06	;5256	;Aumentar por48.2%	; --%	;6158	;Aumentar por5.2%	; --%	;132	;Disminuir por17.0%	; --%	;3	;Disminuir por81.3%	; --%	;255	;Disminuir por7.9%	; --%	;82	;Disminuir por49.4%	; --%	;
128	;(Martes)2026/04/07	;2763	;Disminuir por11.6%	; --%	;2864	;Disminuir por41.9%	; --%	;238	;Aumentar por91.9%	; --%	;1	;Disminuir por75.0%	; --%	;193	;Disminuir por17.2%	; --%	;77	;Disminuir por39.8%	; --%	;
129	;(Miércoles)2026/04/08	;2595	;Disminuir por18.6%	; --%	;2799	;Disminuir por43.0%	; --%	;230	;Disminuir por3.8%	; --%	;1	;Disminuir por75.0%	; --%	;185	;Disminuir por28.0%	; --%	;45	;Disminuir por64.8%	; --%	;
130	;(Jueves)2026/04/09	;2448	;Disminuir por16.0%	; --%	;2656	;Disminuir por41.4%	; --%	;262	;Aumentar por21.3%	; --%	;0	;Disminuir por100.0%	; --%	;197	;Disminuir por26.2%	; --%	;65	;Disminuir por40.9%	; --%	;
131	;(Viernes)2026/04/10	;2689	;Disminuir por17.6%	; --%	;3053	;Disminuir por43.3%	; --%	;234	;Aumentar por11.4%	; --%	;0	;Disminuir por100.0%	; --%	;193	;Disminuir por28.8%	; --%	;57	;Disminuir por62.7%	; --%	;
132	;(Sábado)2026/04/11	;3837	;Aumentar por16.8%	; --%	;4437	;Disminuir por11.2%	; --%	;137	;Disminuir por37.4%	; --%	;0	;Disminuir por100.0%	; --%	;188	;Disminuir por34.7%	; --%	;74	;Disminuir por45.6%	; --%	;
133	;(Domingo)2026/04/12	;1991	;Disminuir por36.3%	; --%	;2049	;Disminuir por56.1%	; --%	;128	;Disminuir por41.6%	; --%	;2	;Disminuir por33.3%	; --%	;50	;Disminuir por81.9%	; --%	;25	;Disminuir por84.2%	; --%	;
134	;(Lunes)2026/04/13	;2540	;Disminuir por13.0%	; --%	;2980	;Disminuir por36.9%	; --%	;171	;Aumentar por11.8%	; --%	;0	;Disminuir por100.0%	; --%	;91	;Disminuir por64.0%	; --%	;32	;Disminuir por70.6%	; --%	;
135	;(Martes)2026/04/14	;2038	;Disminuir por12.3%	; --%	;1886	;Disminuir por51.5%	; --%	;266	;Aumentar por97.0%	; --%	;0	;Disminuir por100.0%	; --%	;137	;Disminuir por43.9%	; --%	;55	;Disminuir por53.8%	; --%	;
136	;(Miércoles)2026/04/15	;1849	;Disminuir por12.0%	; --%	;1901	;Disminuir por40.1%	; --%	;254	;Aumentar por9.5%	; --%	;0	;Disminuir por100.0%	; --%	;184	;Disminuir por21.0%	; --%	;53	;Disminuir por50.0%	; --%	;
137	;(Jueves)2026/04/16	;2042	;Disminuir por17.2%	; --%	;2075	;Disminuir por47.3%	; --%	;252	;Disminuir por15.2%	; --%	;1	;Disminuir por98.6%	; --%	;176	;Disminuir por34.8%	; --%	;51	;Disminuir por57.9%	; --%	;
138	;(Viernes)2026/04/17	;1871	;Disminuir por27.3%	;Aumentar por99.0%	;2084	;Disminuir por42.4%	;Disminuir por0.3%	;255	;Disminuir por55.7%	;Aumentar por5000.0%	;0	;Disminuir por100.0%	; --%	;189	;Disminuir por33.2%	;Aumentar por1160.0%	;56	;Disminuir por44.0%	;Aumentar por51.4%	;
139	;(Sábado)2026/04/18	;3562	;Aumentar por50.0%	;Disminuir por25.2%	;4030	;Aumentar por13.9%	;Disminuir por47.6%	;151	;Disminuir por83.3%	;Aumentar por36.0%	;0	;Disminuir por100.0%	; --%	;181	;Disminuir por31.4%	;Disminuir por26.4%	;48	;Disminuir por64.7%	;Disminuir por65.0%	;
140	;(Domingo)2026/04/19	;2819	;Disminuir por6.9%	;Disminuir por35.7%	;3449	;Disminuir por27.7%	;Disminuir por55.4%	;102	;Disminuir por80.2%	;Disminuir por23.3%	;1	;Disminuir por99.6%	;Sin cambios	;146	;Disminuir por9.3%	;Disminuir por40.4%	;52	;Disminuir por41.6%	;Disminuir por59.7%	;
141	;(Lunes)2026/04/20	;1657	;Disminuir por46.1%	;Disminuir por56.7%	;1976	;Disminuir por55.1%	;Disminuir por70.8%	;250	;Disminuir por71.7%	;Aumentar por150.0%	;0	;Disminuir por100.0%	;Disminuir por100.0%	;154	;Disminuir por48.7%	;Disminuir por32.2%	;50	;Disminuir por65.8%	;Disminuir por62.4%	;
142	;(Martes)2026/04/21	;1782	;Disminuir por30.0%	;Disminuir por37.2%	;1687	;Disminuir por58.9%	;Disminuir por61.0%	;241	;Disminuir por74.0%	;Aumentar por74.6%	;1	;Disminuir por99.9%	; --%	;155	;Disminuir por43.2%	;Disminuir por29.5%	;43	;Disminuir por65.9%	;Disminuir por64.8%	;
143	;(Miércoles)2026/04/22	;1637	;Disminuir por16.6%	;Aumentar por24.0%	;1866	;Disminuir por30.2%	;Aumentar por1.5%	;261	;Disminuir por64.3%	;Disminuir por10.9%	;0	;Disminuir por100.0%	;Disminuir por100.0%	;150	;Disminuir por39.0%	;Aumentar por14.5%	;44	;Disminuir por68.8%	;Disminuir por17.0%	;
144	;(Jueves)2026/04/23	;2390	;Disminuir por8.6%	;Aumentar por37.5%	;2490	;Disminuir por45.0%	;Aumentar por9.8%	;253	;Disminuir por73.3%	;Disminuir por1.6%	;0	;Disminuir por100.0%	; --%	;184	;Disminuir por25.8%	;Disminuir por12.8%	;47	;Disminuir por72.0%	;Disminuir por53.9%	;
145	;(Viernes)2026/04/24	;2680	;Aumentar por5.4%	;Aumentar por75.0%	;3470	;Aumentar por5.1%	;Aumentar por86.5%	;271	;Disminuir por55.7%	;Aumentar por8.8%	;2	;Disminuir por99.5%	; --%	;206	;Disminuir por2.8%	;Disminuir por7.6%	;79	;Disminuir por58.2%	;Sin cambios	;
146	;(Sábado)2026/04/25	;4129	;Aumentar por37.9%	;Aumentar por156.3%	;4980	;Aumentar por25.8%	;Aumentar por136.4%	;119	;Disminuir por24.2%	;Disminuir por56.6%	;2	;Disminuir por84.6%	; --%	;234	;Disminuir por10.7%	;Aumentar por0.9%	;128	;Disminuir por47.1%	;Aumentar por64.1%	;
147	;(Domingo)2026/04/26	;3570	;Disminuir por0.2%	;Aumentar por52.4%	;5922	;Aumentar por35.2%	;Aumentar por90.7%	;73	;Disminuir por60.8%	;Disminuir por62.8%	;4	;Disminuir por87.1%	; --%	;197	;Disminuir por34.6%	;Disminuir por9.6%	;133	;Disminuir por54.1%	;Aumentar por19.8%	;
148	;(Lunes)2026/04/27	;1986	;Disminuir por56.9%	;Disminuir por9.5%	;2112	;Disminuir por63.5%	;Disminuir por30.8%	;239	;Aumentar por129.8%	;Aumentar por81.1%	;0	;Disminuir por100.0%	;Disminuir por100.0%	;184	;Disminuir por23.0%	;Aumentar por35.3%	;89	;Disminuir por61.1%	;Disminuir por2.2%	;
149	;(Martes)2026/04/28	;1805	;Disminuir por37.5%	;Aumentar por265.4%	;1868	;Disminuir por52.6%	;Aumentar por340.6%	;253	;Disminuir por48.5%	;Aumentar por134.3%	;0	;Disminuir por100.0%	;Disminuir por100.0%	;198	;Disminuir por18.2%	;Aumentar por175.0%	;53	;Disminuir por80.7%	;Aumentar por89.3%	;
150	;(Miércoles)2026/04/29	;2009	;Aumentar por12.6%	;Aumentar por267.9%	;2185	;Aumentar por1.4%	;Aumentar por169.4%	;270	;Disminuir por83.0%	;Aumentar por116.0%	;0	;Disminuir por100.0%	;Disminuir por100.0%	;176	;Disminuir por33.1%	;Aumentar por45.5%	;68	;Disminuir por61.6%	;Aumentar por19.3%	;
151	;(Jueves)2026/04/30	;2299	;Aumentar por59.2%	;Aumentar por121.9%	;2555	;Aumentar por25.9%	;Aumentar por101.0%	;299	;Aumentar por27.8%	;Disminuir por9.1%	;0	;Disminuir por100.0%	;Disminuir por100.0%	;211	;Disminuir por12.8%	;Disminuir por2.8%	;59	;Disminuir por49.1%	;Disminuir por39.2%	;
152	;(Viernes)2026/05/01	;6220	;Aumentar por337.1%	;Aumentar por118.2%	;7740	;Aumentar por262.4%	;Aumentar por78.5%	;107	;Disminuir por52.4%	;Disminuir por30.5%	;0	;Disminuir por100.0%	;Disminuir por100.0%	;177	;Disminuir por23.4%	;Disminuir por9.7%	;52	;Disminuir por63.4%	;Disminuir por50.0%	;
153	;(Sábado)2026/05/02	;6116	;Aumentar por299.7%	;Aumentar por106.3%	;7845	;Aumentar por264.2%	;Aumentar por80.6%	;141	;Disminuir por38.7%	;Disminuir por49.5%	;0	;Disminuir por100.0%	;Disminuir por100.0%	;215	;Disminuir por13.7%	;Aumentar por26.5%	;109	;Disminuir por4.4%	;Aumentar por4.8%	;
154	;(Domingo)2026/05/03	;3438	;Aumentar por39.2%	;Aumentar por25.1%	;4180	;Aumentar por21.1%	;Aumentar por1.2%	;162	;Disminuir por36.5%	;Disminuir por9.0%	;0	;Disminuir por100.0%	;Disminuir por100.0%	;142	;Disminuir por49.5%	;Disminuir por46.4%	;55	;Disminuir por53.8%	;Disminuir por59.9%	;
155	;(Lunes)2026/05/04	;1437	;Disminuir por44.2%	;Disminuir por12.1%	;1531	;Disminuir por54.3%	;Disminuir por34.9%	;254	;Aumentar por115.3%	;Aumentar por78.9%	;1	;Sin cambios	; --%	;94	;Disminuir por58.2%	;Disminuir por47.5%	;24	;Disminuir por84.3%	;Disminuir por75.8%	;
156	;(Martes)2026/05/05	;1460	;Disminuir por41.8%	;Aumentar por39.8%	;1586	;Disminuir por43.2%	;Aumentar por40.6%	;283	;Aumentar por225.3%	;Disminuir por1.4%	;0	;Disminuir por100.0%	;Disminuir por100.0%	;132	;Disminuir por25.4%	;Disminuir por26.7%	;40	;Disminuir por69.2%	;Disminuir por18.4%	;
157	;(Miércoles)2026/05/06	;1690	;Aumentar por0.7%	;Aumentar por77.3%	;1773	;Disminuir por25.7%	;Aumentar por59.2%	;282	;Aumentar por8.9%	;Aumentar por4.4%	;2	;Disminuir por60.0%	;Disminuir por33.3%	;157	;Disminuir por24.2%	;Disminuir por13.7%	;53	;Disminuir por38.4%	;Disminuir por36.1%	;
158	;(Jueves)2026/05/07	;1743	;Aumentar por4.7%	;Aumentar por108.2%	;2019	;Disminuir por9.5%	;Aumentar por93.2%	;251	;Disminuir por0.8%	;Disminuir por12.2%	;1	;Sin cambios	;Sin cambios	;160	;Disminuir por28.6%	;Disminuir por12.1%	;46	;Disminuir por60.3%	;Disminuir por46.5%	;
159	;(Viernes)2026/05/08	;2139	;Aumentar por23.9%	;Aumentar por131.2%	;2341	;Aumentar por0.4%	;Aumentar por128.6%	;253	;Aumentar por17.1%	;Disminuir por20.2%	;2	;Disminuir por50.0%	;Disminuir por33.3%	;183	;Disminuir por18.3%	;Aumentar por52.5%	;63	;Disminuir por45.7%	;Aumentar por1.6%	;
160	;(Sábado)2026/05/09	;2274	;Aumentar por35.8%	;Aumentar por151.0%	;2654	;Aumentar por10.1%	;Aumentar por126.6%	;191	;Disminuir por25.4%	;Disminuir por28.5%	;0	;Disminuir por100.0%	;Disminuir por100.0%	;93	;Disminuir por56.7%	;Disminuir por47.8%	;32	;Disminuir por71.2%	;Disminuir por49.2%	;
161	;(Domingo)2026/05/10	;2910	;Aumentar por74.7%	;Aumentar por86.1%	;3517	;Aumentar por53.8%	;Aumentar por70.8%	;113	;Disminuir por72.8%	;Disminuir por36.5%	;1	;Disminuir por99.4%	;Sin cambios	;174	;Disminuir por26.9%	;Aumentar por18.4%	;55	;Disminuir por49.1%	;Disminuir por26.7%	;
162	;(Lunes)2026/05/11	;1757	;Disminuir por25.4%	;Aumentar por27.7%	;2148	;Disminuir por33.9%	;Aumentar por14.6%	;235	;Aumentar por16.9%	;Aumentar por67.9%	;0	;Disminuir por100.0%	;Disminuir por100.0%	;203	;Aumentar por2.0%	;Aumentar por55.0%	;63	;Disminuir por28.4%	;Disminuir por14.9%	;
163	;(Martes)2026/05/12	;1505	;Disminuir por7.1%	;Aumentar por70.1%	;1518	;Disminuir por35.3%	;Aumentar por43.9%	;229	;Aumentar por59.0%	;Disminuir por17.3%	;1	;Disminuir por66.7%	; --%	;147	;Disminuir por4.5%	;Disminuir por17.4%	;54	;Disminuir por29.9%	;Disminuir por23.9%	;
164	;(Miércoles)2026/05/13	;1586	;Aumentar por198.1%	;Aumentar por53.2%	;1781	;Aumentar por147.0%	;Aumentar por54.3%	;171	;Disminuir por7.6%	;Disminuir por30.8%	;0	;Disminuir por100.0%	;Disminuir por100.0%	;197	;Aumentar por994.4%	;Aumentar por18.0%	;66	;Aumentar por633.3%	;Disminuir por17.5%	;
165	;(Jueves)2026/05/14	;1839	;Aumentar por30.6%	;Aumentar por103.7%	;2093	;Aumentar por33.0%	;Aumentar por84.6%	;254	;Aumentar por3.7%	;Aumentar por2.4%	;0	;Disminuir por100.0%	;Disminuir por100.0%	;206	;Sin cambios	;Aumentar por9.0%	;64	;Disminuir por36.6%	;Disminuir por37.3%	;
166	;(Viernes)2026/05/15	;2767	;Aumentar por131.4%	;Aumentar por147.3%	;3236	;Aumentar por130.0%	;Aumentar por117.0%	;277	;Disminuir por7.0%	;Disminuir por10.1%	;1	;Disminuir por96.0%	;Disminuir por90.9%	;194	;Aumentar por12.8%	;Aumentar por18.3%	;76	;Disminuir por5.0%	;Aumentar por5.6%	;
167	;(Sábado)2026/05/16	;3860	;Aumentar por288.3%	;Aumentar por204.9%	;4756	;Aumentar por270.1%	;Aumentar por202.9%	;158	;Disminuir por84.4%	;Disminuir por47.5%	;0	;Disminuir por100.0%	;Disminuir por100.0%	;233	;Aumentar por35.5%	;Aumentar por30.2%	;103	;Aumentar por56.1%	;Aumentar por17.0%	;
168	;(Domingo)2026/05/17	;2866	;Aumentar por157.3%	;Aumentar por43.8%	;3418	;Aumentar por121.5%	;Aumentar por20.5%	;118	;Disminuir por54.4%	;Disminuir por15.1%	;0	;Disminuir por100.0%	;Disminuir por100.0%	;198	;Disminuir por5.7%	;Aumentar por8.8%	;92	;Disminuir por24.0%	;Aumentar por3.4%	;
169	;(Lunes)2026/05/18	;1953	;Disminuir por7.8%	;Aumentar por31.3%	;2053	;Disminuir por25.3%	;Disminuir por6.2%	;236	;Aumentar por39.6%	;Aumentar por110.7%	;3	;Aumentar por200.0%	;Disminuir por25.0%	;159	;Disminuir por9.1%	;Aumentar por9.7%	;54	;Disminuir por41.3%	;Disminuir por28.0%	;
170	;(Martes)2026/05/19	;1826	;Aumentar por4.0%	;Aumentar por100.4%	;1886	;Disminuir por17.7%	;Aumentar por80.0%	;237	;Aumentar por24.7%	;Aumentar por3.9%	;3	;Disminuir por92.1%	;Aumentar por200.0%	;196	;Aumentar por18.1%	;Sin cambios	;71	;Disminuir por20.2%	;Aumentar por12.7%	;
171	;(Miércoles)2026/05/20	;1734	;Aumentar por43.5%	;Aumentar por77.1%	;1889	;Aumentar por25.6%	;Aumentar por59.1%	;229	;Disminuir por12.3%	;Disminuir por12.6%	;0	;Disminuir por100.0%	;Disminuir por100.0%	;212	;Aumentar por15.8%	;Aumentar por0.5%	;79	;Aumentar por8.2%	;Disminuir por23.3%	;
172	;(Jueves)2026/05/21	;1569	;Aumentar por38.7%	;Aumentar por66.7%	;1765	;Aumentar por29.6%	;Aumentar por57.0%	;250	;Aumentar por7.3%	;Disminuir por8.1%	;0	; --%	;Disminuir por100.0%	;205	;Aumentar por12.0%	;Aumentar por7.3%	;63	;Disminuir por14.9%	;Disminuir por1.6%	;
173	;(Viernes)2026/05/22	;2211	;Aumentar por180.2%	;Aumentar por144.6%	;2375	;Aumentar por181.4%	;Aumentar por98.9%	;235	;Aumentar por6.8%	;Disminuir por12.6%	;1	;Disminuir por75.0%	;Sin cambios	;209	;Aumentar por51.4%	;Disminuir por2.8%	;79	;Aumentar por41.1%	;Disminuir por3.7%	;
174	;(Sábado)2026/05/23	;3295	;Aumentar por183.6%	;Aumentar por198.5%	;3916	;Aumentar por139.4%	;Aumentar por142.8%	;155	;Aumentar por59.8%	;Disminuir por47.6%	;0	;Disminuir por100.0%	;Disminuir por100.0%	;195	;Aumentar por56.0%	;Disminuir por15.9%	;68	;Disminuir por34.0%	;Disminuir por31.3%	;
175	;(Domingo)2026/05/24	;2908	;Aumentar por83.8%	;Aumentar por65.7%	;3959	;Aumentar por71.8%	;Aumentar por42.1%	;108	;Disminuir por53.2%	;Disminuir por30.3%	;0	;Disminuir por100.0%	;Disminuir por100.0%	;223	;Aumentar por110.4%	;Aumentar por4.2%	;98	;Aumentar por24.1%	;Aumentar por16.7%	;
176	;(Lunes)2026/05/25	;2143	;Aumentar por102.7%	;Aumentar por47.7%	;2407	;Aumentar por68.6%	;Aumentar por7.7%	;272	;Aumentar por52.8%	;Aumentar por145.0%	;0	;Disminuir por100.0%	;Disminuir por100.0%	;232	;Aumentar por1004.8%	;Aumentar por20.8%	;78	;Aumentar por310.5%	;Disminuir por35.0%	;
177	;(Martes)2026/05/26	;1800	;Aumentar por75.1%	;Aumentar por76.3%	;1994	;Aumentar por67.7%	;Aumentar por62.2%	;245	;Aumentar por85.6%	;Disminuir por6.1%	;0	;Disminuir por100.0%	;Disminuir por100.0%	;213	;Aumentar por688.9%	;Disminuir por1.8%	;71	;Aumentar por343.8%	;Disminuir por22.0%	;
178	;(Miércoles)2026/05/27	;1973	;Aumentar por262.7%	;Aumentar por89.9%	;2390	;Aumentar por255.7%	;Aumentar por81.2%	;253	;Aumentar por5.9%	;Disminuir por0.4%	;2	;Aumentar por100.0%	;Disminuir por33.3%	;231	;Aumentar por524.3%	;Aumentar por5.0%	;72	;Aumentar por350.0%	;Disminuir por7.7%	;
179	;(Jueves)2026/05/28	;2516	;Aumentar por180.5%	;Aumentar por131.0%	;2702	;Aumentar por150.9%	;Aumentar por105.9%	;267	;Aumentar por23.0%	;Disminuir por10.1%	;0	;Disminuir por100.0%	;Disminuir por100.0%	;213	;Aumentar por62.6%	;Aumentar por6.5%	;63	;Aumentar por23.5%	;Disminuir por20.3%	;
180	;(Viernes)2026/05/29	;2354	;Aumentar por152.3%	;Aumentar por122.9%	;2523	;Aumentar por114.0%	;Aumentar por79.1%	;278	;Aumentar por16.3%	;Disminuir por7.6%	;0	;Disminuir por100.0%	; --%	;269	;Aumentar por99.3%	;Aumentar por22.3%	;81	;Aumentar por52.8%	;Disminuir por12.9%	;
181	;(Sábado)2026/05/30	;2862	;Aumentar por284.2%	;Aumentar por141.3%	;4048	;Aumentar por292.2%	;Aumentar por133.0%	;129	;Disminuir por43.4%	;Disminuir por51.7%	;0	;Disminuir por100.0%	;Disminuir por100.0%	;211	;Aumentar por26.3%	;Aumentar por2.9%	;75	;Aumentar por21.0%	;Disminuir por17.6%	;
182	;(Domingo)2026/05/31	;2510	;Aumentar por77.3%	;Aumentar por27.4%	;3595	;Aumentar por116.2%	;Aumentar por19.2%	;106	;Disminuir por49.5%	;Disminuir por41.8%	;0	;Disminuir por100.0%	;Disminuir por100.0%	;219	;Disminuir por22.6%	;Disminuir por6.8%	;85	;Disminuir por20.6%	;Disminuir por28.6%	;
183	;(Lunes)2026/06/01	;1792	;Disminuir por20.1%	;Aumentar por11.3%	;2145	;Disminuir por31.7%	;Disminuir por19.7%	;261	;Aumentar por163.6%	;Aumentar por148.6%	;0	;Disminuir por100.0%	; --%	;216	;Disminuir por25.8%	;Disminuir por0.5%	;80	;Disminuir por18.4%	;Disminuir por22.3%	;
184	;(Martes)2026/06/02	;2081	;Aumentar por47.4%	;Aumentar por68.2%	;2235	;Aumentar por13.2%	;Aumentar por58.3%	;262	;Aumentar por167.3%	;Sin cambios	;2	;Sin cambios	;Sin cambios	;230	;Aumentar por24.3%	;Aumentar por9.0%	;65	;Disminuir por38.1%	;Disminuir por33.0%	;
185	;(Miércoles)2026/06/03	;2261	;Aumentar por151.5%	;Aumentar por116.2%	;2659	;Aumentar por134.9%	;Aumentar por77.6%	;254	;Aumentar por20.4%	;Disminuir por8.6%	;0	;Disminuir por100.0%	;Disminuir por100.0%	;226	;Aumentar por46.8%	;Aumentar por17.1%	;75	;Aumentar por1.4%	;Disminuir por20.2%	;
186	;(Jueves)2026/06/04	;1965	;Aumentar por147.2%	;Aumentar por83.8%	;2408	;Aumentar por105.1%	;Aumentar por76.5%	;255	;Aumentar por17.5%	;Disminuir por11.8%	;0	;Disminuir por100.0%	;Disminuir por100.0%	;263	;Aumentar por61.3%	;Aumentar por18.5%	;77	;Aumentar por2.7%	;Disminuir por2.5%	;
187	;(Viernes)2026/06/05	;2783	;Aumentar por319.8%	;Aumentar por185.7%	;3637	;Aumentar por254.8%	;Aumentar por178.7%	;292	;Aumentar por29.8%	;Aumentar por16.3%	;0	;Disminuir por100.0%	;Disminuir por100.0%	;129	;Disminuir por26.3%	;Disminuir por34.8%	;58	;Disminuir por25.6%	;Disminuir por45.3%	;
188	;(Sábado)2026/06/06	;3680	;Aumentar por336.0%	;Aumentar por123.3%	;5034	;Aumentar por450.2%	;Aumentar por134.5%	;154	;Disminuir por8.3%	;Disminuir por41.7%	;0	;Disminuir por100.0%	; --%	;194	;Aumentar por96.0%	;Disminuir por29.2%	;87	;Aumentar por64.2%	;Disminuir por16.3%	;
189	;(Domingo)2026/06/07	;3223	;Aumentar por250.7%	;Aumentar por7.9%	;4435	;Aumentar por343.1%	;Aumentar por8.6%	;72	;Disminuir por49.7%	;Disminuir por53.5%	;1	;Disminuir por66.7%	; --%	;195	;Aumentar por114.3%	;Disminuir por17.0%	;84	;Aumentar por16.7%	;Disminuir por5.6%	;
190	;(Lunes)2026/06/08	;2332	;Aumentar por38.6%	;Disminuir por21.7%	;2892	;Aumentar por22.1%	;Disminuir por34.3%	;235	;Aumentar por80.8%	;Aumentar por123.8%	;2	;Aumentar por100.0%	; --%	;199	;Aumentar por29.2%	;Disminuir por12.7%	;80	;Disminuir por14.9%	;Disminuir por35.0%	;
191	;(Martes)2026/06/09	;2359	;Aumentar por139.0%	;Aumentar por45.3%	;3139	;Aumentar por140.2%	;Aumentar por47.6%	;246	;Aumentar por70.8%	;Sin cambios	;0	;Disminuir por100.0%	;Disminuir por100.0%	;234	;Aumentar por212.0%	;Aumentar por0.9%	;90	;Aumentar por87.5%	;Aumentar por4.7%	;
192	;(Miércoles)2026/06/10	;2359	;Aumentar por371.8%	;Aumentar por78.0%	;2876	;Aumentar por319.2%	;Aumentar por42.2%	;265	;Aumentar por96.3%	;Aumentar por7.7%	;0	;Disminuir por100.0%	;Disminuir por100.0%	;249	;Aumentar por130.6%	;Aumentar por0.8%	;101	;Aumentar por48.5%	;Aumentar por13.5%	;
193	;(Jueves)2026/06/11	;2552	;Aumentar por84966.7%	;Aumentar por65.1%	;2986	; --%	;Aumentar por34.4%	;271	; --%	;Aumentar por2.7%	;0	; --%	; --%	;239	;Aumentar por23800.0%	;Disminuir por2.4%	;87	;Aumentar por8600.0%	;Disminuir por25.6%	;
194	;(Viernes)2026/06/12	;2719	;Aumentar por240.3%	;Aumentar por81.1%	;3286	;Aumentar por278.1%	;Aumentar por77.0%	;246	;Aumentar por0.8%	;Disminuir por5.7%	;0	;Disminuir por100.0%	;Disminuir por100.0%	;276	;Aumentar por128.1%	;Aumentar por2.6%	;107	;Aumentar por81.4%	;Disminuir por4.5%	;
195	;(Sábado)2026/06/13	;4112	;Aumentar por552.7%	;Aumentar por130.6%	;5327	;Aumentar por662.1%	;Aumentar por123.5%	;155	;Disminuir por33.5%	;Disminuir por50.2%	;0	; --%	;Disminuir por100.0%	;249	;Aumentar por75.4%	;Disminuir por9.5%	;93	;Aumentar por29.2%	;Disminuir por26.8%	;
196	;(Domingo)2026/06/14	;3061	;Aumentar por271.0%	;Aumentar por50.7%	;4237	;Aumentar por272.0%	;Aumentar por25.4%	;127	;Disminuir por47.7%	;Disminuir por21.1%	;0	;Disminuir por100.0%	;Disminuir por100.0%	;211	;Aumentar por13.4%	;Disminuir por23.3%	;87	;Aumentar por19.2%	;Disminuir por18.7%	;
197	;(Lunes)2026/06/15	;2007	;Aumentar por35.3%	;Aumentar por25.6%	;2402	;Aumentar por10.4%	;Disminuir por13.4%	;253	;Aumentar por35.3%	;Aumentar por64.3%	;0	; --%	;Disminuir por100.0%	;221	;Aumentar por53.5%	;Aumentar por3.3%	;74	;Disminuir por14.9%	;Disminuir por36.2%	;
198	;(Martes)2026/06/16	;2560	;Aumentar por113.9%	;Aumentar por72.2%	;3167	;Aumentar por76.6%	;Aumentar por68.1%	;263	;Aumentar por97.7%	;Aumentar por1.9%	;1	;Sin cambios	;Disminuir por50.0%	;240	;Aumentar por118.2%	;Aumentar por3.0%	;89	;Aumentar por12.7%	;Disminuir por1.1%	;
199	;(Miércoles)2026/06/17	;2473	;Aumentar por333.1%	;Aumentar por88.9%	;3198	;Aumentar por363.5%	;Aumentar por54.6%	;271	;Aumentar por29.7%	;Aumentar por40.4%	;0	; --%	;Disminuir por100.0%	;269	;Aumentar por126.1%	;Aumentar por15.5%	;96	;Aumentar por68.4%	;Aumentar por11.6%	;
200	;(Jueves)2026/06/18	;2228	;Aumentar por352.8%	;Aumentar por54.4%	;3087	;Aumentar por484.7%	;Aumentar por60.5%	;273	;Aumentar por15.7%	;Disminuir por9.0%	;0	;Disminuir por100.0%	;Disminuir por100.0%	;268	;Aumentar por129.1%	;Aumentar por7.2%	;111	;Aumentar por85.0%	;Aumentar por30.6%	;
201	;(Viernes)2026/06/19	;2636	;Aumentar por471.8%	;Aumentar por86.0%	;3233	;Aumentar por432.6%	;Aumentar por52.8%	;295	;Aumentar por19.4%	;Aumentar por10.5%	;2	; --%	;Disminuir por33.3%	;263	;Aumentar por179.8%	;Disminuir por3.7%	;106	;Aumentar por49.3%	;Aumentar por11.6%	;
202	;(Sábado)2026/06/20	;3968	;Aumentar por775.9%	;Aumentar por138.5%	;5631	;Aumentar por872.5%	;Aumentar por150.6%	;161	;Disminuir por35.1%	;Disminuir por44.1%	;0	;Disminuir por100.0%	; --%	;231	;Aumentar por108.1%	;Disminuir por21.7%	;89	;Aumentar por45.9%	;Disminuir por20.5%	;
203	;(Domingo)2026/06/21	;3178	;Aumentar por391.2%	;Aumentar por25.4%	;4450	;Aumentar por573.2%	;Aumentar por17.1%	;138	;Disminuir por53.2%	;Disminuir por42.0%	;0	;Disminuir por100.0%	;Disminuir por100.0%	;224	;Aumentar por82.1%	;Disminuir por2.2%	;68	;Disminuir por20.9%	;Disminuir por11.7%	;
204	;(Lunes)2026/06/22	;3146	;Aumentar por236.5%	;Aumentar por44.8%	;3946	;Aumentar por194.5%	;Aumentar por5.7%	;246	;Aumentar por65.1%	;Aumentar por215.4%	;0	;Disminuir por100.0%	; --%	;242	;Aumentar por120.0%	;Aumentar por8.0%	;92	;Aumentar por91.7%	;Disminuir por30.3%	;
205	;(Martes)2026/06/23	;3149	;Aumentar por263.2%	;Aumentar por60.1%	;4237	;Aumentar por218.1%	;Aumentar por44.2%	;277	;Aumentar por134.7%	;Aumentar por9.1%	;0	;Disminuir por100.0%	;Disminuir por100.0%	;264	;Aumentar por158.8%	;Aumentar por3.5%	;101	;Aumentar por48.5%	;Disminuir por9.8%	;
206	;(Miércoles)2026/06/24	;3557	;Aumentar por484.1%	;Aumentar por60.5%	;4456	;Aumentar por543.9%	;Aumentar por38.3%	;175	;Disminuir por20.1%	;Disminuir por22.6%	;1	;Disminuir por66.7%	;Sin cambios	;263	;Aumentar por80.1%	;Aumentar por1.2%	;99	;Aumentar por41.4%	;Disminuir por22.0%	;
207	;(Jueves)2026/06/25	;3492	;Aumentar por646.2%	;Aumentar por72.0%	;4361	;Aumentar por597.8%	;Aumentar por42.3%	;276	;Aumentar por19.5%	;Aumentar por16.0%	;2	;Disminuir por75.0%	;Aumentar por100.0%	;288	;Aumentar por140.0%	;Aumentar por18.5%	;114	;Aumentar por44.3%	;Disminuir por10.2%	;
208	;(Viernes)2026/06/26	;3488	;Aumentar por711.2%	;Aumentar por74.1%	;4404	;Aumentar por727.8%	;Aumentar por46.2%	;289	;Aumentar por21.9%	;Aumentar por7.4%	;0	;Disminuir por100.0%	;Disminuir por100.0%	;304	;Aumentar por120.3%	;Aumentar por6.7%	;114	;Aumentar por81.0%	;Aumentar por5.6%	;
209	;(Sábado)2026/06/27	;3894	;Aumentar por753.9%	;Aumentar por82.3%	;5705	;Aumentar por937.3%	;Aumentar por94.0%	;175	;Disminuir por25.2%	;Disminuir por29.7%	;0	;Disminuir por100.0%	;Disminuir por100.0%	;333	;Aumentar por170.7%	;Aumentar por22.4%	;109	;Aumentar por81.7%	;Aumentar por2.8%	;
210	;(Domingo)2026/06/28	;3280	;Aumentar por374.0%	;Aumentar por29.0%	;4969	;Aumentar por534.6%	;Aumentar por30.2%	;148	;Disminuir por39.1%	;Disminuir por12.4%	;0	;Disminuir por100.0%	; --%	;244	;Aumentar por117.9%	;Disminuir por3.9%	;91	;Aumentar por82.0%	;Disminuir por13.3%	;
211	;(Lunes)2026/06/29	;2768	;Aumentar por179.3%	;Aumentar por35.6%	;3586	;Aumentar por187.6%	;Aumentar por0.2%	;252	;Aumentar por48.2%	;Aumentar por127.0%	;6	; --%	;Aumentar por20.0%	;247	;Aumentar por139.8%	;Aumentar por10.3%	;81	;Aumentar por32.8%	;Disminuir por25.0%	;
212	;(Martes)2026/06/30	;2754	;Aumentar por264.3%	;Aumentar por72.3%	;3333	;Aumentar por214.7%	;Aumentar por41.3%	;259	;Aumentar por137.6%	;Aumentar por5.3%	;0	;Disminuir por100.0%	;Disminuir por100.0%	;325	;Aumentar por228.3%	;Aumentar por31.6%	;111	;Aumentar por50.0%	;Aumentar por20.7%	;
213	;(Miércoles)2026/07/01	;2774	;Aumentar por495.3%	;Aumentar por66.1%	;3642	;Aumentar por552.7%	;Aumentar por48.2%	;245	;Aumentar por9.9%	;Aumentar por4.7%	;0	; --%	;Disminuir por100.0%	;263	;Aumentar por148.1%	;Disminuir por13.8%	;87	;Aumentar por70.6%	;Disminuir por29.8%	;
214	;(Jueves)2026/07/02	;2443	;Aumentar por503.2%	;Aumentar por14.0%	;3215	;Aumentar por539.2%	;Aumentar por7.4%	;226	;Aumentar por13.6%	;Disminuir por21.5%	;2	;Disminuir por50.0%	;Disminuir por50.0%	;362	;Aumentar por226.1%	;Aumentar por32.6%	;130	;Aumentar por100.0%	;Aumentar por30.0%	;
215	;(Viernes)2026/07/03	;3842	;Aumentar por568.2%	;Aumentar por97.6%	;4677	;Aumentar por700.9%	;Aumentar por45.8%	;250	;Aumentar por11.1%	;Disminuir por2.0%	;3	;Aumentar por200.0%	; --%	;349	;Aumentar por287.8%	;Aumentar por39.6%	;158	;Aumentar por182.1%	;Aumentar por71.7%	;
216	;(Sábado)2026/07/04	;4746	;Aumentar por911.9%	;Aumentar por103.9%	;6066	;Aumentar por938.7%	;Aumentar por73.7%	;175	;Disminuir por23.9%	;Disminuir por33.5%	;2	;Aumentar por100.0%	; --%	;311	;Aumentar por180.2%	;Aumentar por1.0%	;135	;Aumentar por60.7%	;Aumentar por12.5%	;
217	;(Domingo)2026/07/05	;3769	;Aumentar por426.4%	;Aumentar por31.5%	;5653	;Aumentar por586.9%	;Aumentar por23.9%	;139	;Disminuir por61.2%	;Disminuir por21.9%	;0	;Disminuir por100.0%	; --%	;256	;Aumentar por224.1%	;Aumentar por4.9%	;91	;Aumentar por59.6%	;Disminuir por27.8%	;
218	;(Lunes)2026/07/06	;2498	;Aumentar por92.0%	;Aumentar por0.7%	;3443	;Aumentar por83.2%	;Disminuir por16.1%	;252	;Aumentar por196.5%	;Aumentar por83.9%	;4	;Disminuir por89.2%	; --%	;255	;Aumentar por244.6%	;Aumentar por4.5%	;97	;Aumentar por24.4%	;Disminuir por3.0%	;
219	;(Martes)2026/07/07	;4002	;Aumentar por359.5%	;Aumentar por105.8%	;4895	;Aumentar por275.7%	;Aumentar por67.1%	;224	;Aumentar por206.8%	;Disminuir por11.8%	;0	;Disminuir por100.0%	; --%	;307	;Aumentar por265.5%	;Aumentar por13.3%	;107	;Aumentar por57.4%	;Disminuir por4.5%	;
220	;(Miércoles)2026/07/08	;4016	;Aumentar por704.8%	;Aumentar por42.2%	;5367	;Aumentar por846.6%	;Aumentar por36.4%	;258	;Aumentar por13.7%	;Aumentar por4.0%	;1	;Disminuir por94.1%	; --%	;311	;Aumentar por214.1%	;Aumentar por8.0%	;109	;Aumentar por55.7%	;Disminuir por27.3%	;
221	;(Jueves)2026/07/09	;3695	;Aumentar por1549.6%	;Aumentar por41.7%	;4980	;Aumentar por1245.9%	;Aumentar por19.6%	;262	;Aumentar por7.8%	;Aumentar por0.4%	;4	;Aumentar por33.3%	;Aumentar por100.0%	;313	;Aumentar por306.5%	;Aumentar por112.9%	;113	;Aumentar por189.7%	;Aumentar por6.6%	;
222	;(Viernes)2026/07/10	;3027	;Aumentar por338.7%	;Aumentar por33.7%	;3965	;Aumentar por388.9%	;Aumentar por29.9%	;269	;Aumentar por21.7%	;Aumentar por4.7%	;2	;Sin cambios	;Sin cambios	;320	;Aumentar por236.8%	;Aumentar por17.6%	;121	;Aumentar por152.1%	;Aumentar por14.2%	;
223	;(Sábado)2026/07/11	;6006	;Aumentar por511.0%	;Aumentar por144.9%	;7164	;Aumentar por558.5%	;Aumentar por85.5%	;162	;Disminuir por40.0%	;Disminuir por43.8%	;0	; --%	;Disminuir por100.0%	;321	;Aumentar por176.7%	;Aumentar por26.9%	;136	;Aumentar por151.9%	;Aumentar por6.3%	;
224	;(Domingo)2026/07/12	;4624	;Aumentar por83.1%	;Aumentar por89.4%	;6983	;Aumentar por61.5%	;Aumentar por74.4%	;127	;Disminuir por49.4%	;Disminuir por30.6%	;0	;Disminuir por100.0%	; --%	;287	;Aumentar por127.8%	;Aumentar por65.9%	;122	;Aumentar por110.3%	;Aumentar por38.6%	;
225	;(Lunes)2026/07/13	;3603	;Aumentar por25.7%	;Aumentar por42.8%	;4848	;Aumentar por28.6%	;Aumentar por17.3%	;229	;Aumentar por68.4%	;Aumentar por65.9%	;1	;Sin cambios	;Sin cambios	;314	;Aumentar por168.4%	;Aumentar por28.2%	;134	;Aumentar por127.1%	;Aumentar por6.3%	;
226	;(Martes)2026/07/14	;910	;Disminuir por51.7%	;Disminuir por57.1%	;1252	;Disminuir por50.8%	;Disminuir por60.9%	;161	;Aumentar por35.3%	;Disminuir por30.0%	;1	;Disminuir por50.0%	;Disminuir por66.7%	;145	;Aumentar por43.6%	;Disminuir por43.4%	;54	;Aumentar por3.8%	;Disminuir por60.0%	;

Exportar contenido:Subtipos de vehículos a motor	;
Hora del informe: 2025/12/01 00:00:00 - 2026/07/14 23:59:59	;

N.º	;Hora	;Autobuses	; 	; 	; 	; 	; 	;Monovolúmenes	; 	; 	; 	; 	; 	;Sedanes pequeños	; 	; 	; 	; 	; 	;Camiones	;
	;	;Avanzar	; 	; 	;Retroceso	; 	; 	;Avanzar	; 	; 	;Retroceso	; 	; 	;Avanzar	; 	; 	;Retroceso	; 	; 	;Avanzar	; 	; 	;Retroceso	;
	;	;Valor	;Tasa de cambio (ciclo tras ciclo)	;Tasa de cambio (año tras año)	;Valor	;Tasa de cambio (ciclo tras ciclo)	;Tasa de cambio (año tras año)	;Valor	;Tasa de cambio (ciclo tras ciclo)	;Tasa de cambio (año tras año)	;Valor	;Tasa de cambio (ciclo tras ciclo)	;Tasa de cambio (año tras año)	;Valor	;Tasa de cambio (ciclo tras ciclo)	;Tasa de cambio (año tras año)	;Valor	;Tasa de cambio (ciclo tras ciclo)	;Tasa de cambio (año tras año)	;Valor	;Tasa de cambio (ciclo tras ciclo)	;Tasa de cambio (año tras año)	;Valor	;Tasa de cambio (ciclo tras ciclo)	;Tasa de cambio (año tras año)	;
1	;(Lunes)2025/12/01	;0	; --%	; --%	;0	; --%	; --%	;53	; --%	; --%	;0	; --%	; --%	;153	; --%	; --%	;1	; --%	; --%	;6	; --%	; --%	;0	; --%	; --%	;
2	;(Martes)2025/12/02	;0	; --%	; --%	;0	; --%	; --%	;49	; --%	; --%	;1	; --%	; --%	;178	; --%	; --%	;0	; --%	; --%	;8	; --%	; --%	;0	; --%	; --%	;
3	;(Miércoles)2025/12/03	;0	; --%	; --%	;0	; --%	; --%	;67	; --%	; --%	;0	; --%	; --%	;176	; --%	; --%	;2	; --%	; --%	;9	; --%	; --%	;0	; --%	; --%	;
4	;(Jueves)2025/12/04	;2	; --%	; --%	;0	; --%	; --%	;58	; --%	; --%	;0	; --%	; --%	;198	; --%	; --%	;1	; --%	; --%	;6	; --%	; --%	;0	; --%	; --%	;
5	;(Viernes)2025/12/05	;0	; --%	; --%	;0	; --%	; --%	;70	;Aumentar por1066.7%	; --%	;0	; --%	; --%	;135	;Aumentar por206.8%	; --%	;0	; --%	; --%	;8	; --%	; --%	;0	; --%	; --%	;
6	;(Sábado)2025/12/06	;0	; --%	; --%	;0	; --%	; --%	;22	;Disminuir por69.4%	; --%	;0	; --%	; --%	;93	;Disminuir por44.3%	; --%	;5	; --%	; --%	;2	;Disminuir por80.0%	; --%	;0	; --%	; --%	;
7	;(Domingo)2025/12/07	;1	; --%	; --%	;0	; --%	; --%	;8	;Disminuir por89.0%	; --%	;0	; --%	; --%	;63	;Disminuir por66.5%	; --%	;8	; --%	; --%	;4	;Disminuir por71.4%	; --%	;1	; --%	; --%	;
8	;(Lunes)2025/12/08	;0	; --%	; --%	;0	; --%	; --%	;17	;Disminuir por46.9%	; --%	;0	; --%	; --%	;92	;Disminuir por41.4%	; --%	;3	; --%	; --%	;2	;Disminuir por33.3%	; --%	;0	; --%	; --%	;
9	;(Martes)2025/12/09	;0	; --%	; --%	;0	; --%	; --%	;54	;Aumentar por260.0%	; --%	;0	; --%	; --%	;163	;Aumentar por45.5%	; --%	;0	;Disminuir por100.0%	; --%	;12	;Aumentar por500.0%	; --%	;0	; --%	; --%	;
10	;(Miércoles)2025/12/10	;0	; --%	; --%	;0	; --%	; --%	;49	;Aumentar por32.4%	; --%	;0	; --%	; --%	;155	;Aumentar por134.8%	; --%	;2	;Sin cambios	; --%	;9	;Aumentar por125.0%	; --%	;0	; --%	; --%	;
11	;(Jueves)2025/12/11	;0	; --%	; --%	;0	; --%	; --%	;55	;Aumentar por161.9%	; --%	;1	; --%	; --%	;145	;Aumentar por46.5%	; --%	;1	; --%	; --%	;4	;Aumentar por100.0%	; --%	;0	; --%	; --%	;
12	;(Viernes)2025/12/12	;0	; --%	; --%	;0	; --%	; --%	;55	;Disminuir por46.6%	; --%	;0	;Disminuir por100.0%	; --%	;172	;Disminuir por18.1%	; --%	;0	;Disminuir por100.0%	; --%	;9	;Disminuir por30.8%	; --%	;0	; --%	; --%	;
13	;(Sábado)2025/12/13	;0	; --%	; --%	;0	; --%	; --%	;25	;Aumentar por38.9%	; --%	;0	; --%	; --%	;90	;Disminuir por32.8%	; --%	;1	;Sin cambios	; --%	;2	;Disminuir por33.3%	; --%	;0	; --%	; --%	;
14	;(Domingo)2025/12/14	;0	; --%	; --%	;0	; --%	; --%	;13	;Disminuir por80.9%	; --%	;0	;Disminuir por100.0%	; --%	;152	;Disminuir por23.6%	; --%	;2	;Sin cambios	; --%	;1	;Disminuir por90.9%	; --%	;0	; --%	; --%	;
15	;(Lunes)2025/12/15	;0	; --%	; --%	;0	; --%	; --%	;43	;Aumentar por43.3%	; --%	;0	; --%	; --%	;173	;Aumentar por23.6%	; --%	;1	;Disminuir por50.0%	; --%	;4	;Disminuir por33.3%	; --%	;0	; --%	; --%	;
16	;(Martes)2025/12/16	;0	; --%	; --%	;0	; --%	; --%	;34	;Aumentar por88.9%	; --%	;0	; --%	; --%	;190	;Aumentar por57.0%	; --%	;0	; --%	; --%	;7	;Aumentar por75.0%	; --%	;0	; --%	; --%	;
17	;(Miércoles)2025/12/17	;0	; --%	; --%	;0	; --%	; --%	;41	;Disminuir por47.4%	; --%	;0	; --%	; --%	;213	;Aumentar por9.8%	; --%	;0	;Disminuir por100.0%	; --%	;7	;Disminuir por36.4%	; --%	;0	; --%	; --%	;
18	;(Jueves)2025/12/18	;0	; --%	; --%	;0	; --%	; --%	;60	;Disminuir por18.9%	; --%	;0	; --%	; --%	;193	;Aumentar por11.6%	; --%	;0	;Disminuir por100.0%	; --%	;5	;Disminuir por78.3%	; --%	;1	; --%	; --%	;
19	;(Viernes)2025/12/19	;0	; --%	; --%	;0	; --%	; --%	;54	;Disminuir por31.6%	; --%	;0	; --%	; --%	;187	;Sin cambios	; --%	;16	;Aumentar por700.0%	; --%	;10	;Disminuir por41.2%	; --%	;0	; --%	; --%	;
20	;(Sábado)2025/12/20	;0	; --%	; --%	;0	; --%	; --%	;20	;Disminuir por72.6%	; --%	;0	; --%	; --%	;117	;Disminuir por47.5%	; --%	;14	;Aumentar por366.7%	; --%	;2	;Disminuir por90.5%	; --%	;0	; --%	; --%	;
21	;(Domingo)2025/12/21	;0	; --%	; --%	;0	; --%	; --%	;11	;Disminuir por85.7%	; --%	;0	; --%	; --%	;105	;Disminuir por42.0%	; --%	;5	; --%	; --%	;2	;Disminuir por75.0%	; --%	;0	; --%	; --%	;
22	;(Lunes)2025/12/22	;1	; --%	; --%	;0	; --%	; --%	;39	;Aumentar por11.4%	; --%	;0	; --%	; --%	;180	;Aumentar por29.5%	; --%	;0	;Disminuir por100.0%	; --%	;7	;Aumentar por133.3%	; --%	;0	; --%	; --%	;
23	;(Martes)2025/12/23	;0	; --%	; --%	;0	; --%	; --%	;37	;Aumentar por131.3%	; --%	;0	; --%	; --%	;195	;Aumentar por59.8%	; --%	;0	;Disminuir por100.0%	; --%	;8	;Aumentar por300.0%	; --%	;0	; --%	; --%	;
24	;(Miércoles)2025/12/24	;1	; --%	; --%	;0	; --%	; --%	;30	;Disminuir por60.0%	; --%	;1	; --%	; --%	;171	;Disminuir por10.5%	; --%	;0	; --%	; --%	;4	;Disminuir por63.6%	; --%	;0	; --%	; --%	;
25	;(Jueves)2025/12/25	;0	; --%	; --%	;0	; --%	; --%	;11	;Disminuir por85.5%	; --%	;0	;Disminuir por100.0%	; --%	;149	;Disminuir por6.3%	; --%	;1	; --%	; --%	;2	;Disminuir por71.4%	; --%	;0	; --%	; --%	;
26	;(Viernes)2025/12/26	;0	; --%	; --%	;0	; --%	; --%	;15	;Disminuir por82.8%	; --%	;0	; --%	; --%	;160	;Aumentar por8.8%	; --%	;2	; --%	; --%	;3	;Disminuir por76.9%	; --%	;0	; --%	; --%	;
27	;(Sábado)2025/12/27	;0	; --%	; --%	;0	; --%	; --%	;20	;Disminuir por82.3%	; --%	;0	;Disminuir por100.0%	; --%	;154	;Disminuir por15.4%	; --%	;1	;Disminuir por66.7%	; --%	;1	;Disminuir por92.9%	; --%	;0	; --%	; --%	;
28	;(Domingo)2025/12/28	;0	; --%	; --%	;0	; --%	; --%	;8	;Disminuir por92.2%	; --%	;0	;Disminuir por100.0%	; --%	;83	;Disminuir por54.9%	; --%	;57	;Aumentar por2750.0%	; --%	;1	;Disminuir por91.7%	; --%	;1	; --%	; --%	;
29	;(Lunes)2025/12/29	;0	;Disminuir por100.0%	; --%	;0	; --%	; --%	;40	;Aumentar por37.9%	; --%	;5	;Aumentar por400.0%	; --%	;141	;Aumentar por38.2%	; --%	;67	; --%	; --%	;1	;Disminuir por66.7%	; --%	;1	; --%	; --%	;
30	;(Martes)2025/12/30	;0	;Disminuir por100.0%	; --%	;0	;Disminuir por100.0%	; --%	;49	;Aumentar por206.3%	; --%	;6	; --%	; --%	;141	;Aumentar por54.9%	; --%	;65	;Aumentar por6400.0%	; --%	;5	;Aumentar por66.7%	; --%	;0	; --%	; --%	;
31	;(Miércoles)2025/12/31	;0	;Disminuir por100.0%	; --%	;0	; --%	; --%	;36	;Disminuir por48.6%	; --%	;7	; --%	; --%	;102	;Disminuir por32.0%	; --%	;69	;Aumentar por6800.0%	; --%	;4	;Disminuir por20.0%	; --%	;2	; --%	; --%	;
32	;(Jueves)2026/01/01	;0	; --%	; --%	;0	; --%	; --%	;4	;Disminuir por95.3%	; --%	;1	;Sin cambios	; --%	;65	;Disminuir por62.4%	; --%	;42	;Aumentar por600.0%	; --%	;2	;Disminuir por71.4%	; --%	;0	; --%	; --%	;
33	;(Viernes)2026/01/02	;0	; --%	; --%	;0	;Disminuir por100.0%	; --%	;48	;Disminuir por44.2%	; --%	;0	;Disminuir por100.0%	; --%	;142	;Disminuir por16.0%	; --%	;2	;Aumentar por100.0%	; --%	;7	;Disminuir por46.2%	; --%	;0	; --%	; --%	;
34	;(Sábado)2026/01/03	;0	; --%	; --%	;0	; --%	; --%	;21	;Disminuir por74.7%	; --%	;0	;Disminuir por100.0%	; --%	;139	;Disminuir por21.9%	; --%	;0	; --%	; --%	;2	;Disminuir por75.0%	; --%	;0	; --%	; --%	;
35	;(Domingo)2026/01/04	;0	; --%	; --%	;0	; --%	; --%	;6	;Disminuir por93.9%	; --%	;0	;Disminuir por100.0%	; --%	;102	;Disminuir por45.2%	; --%	;2	;Aumentar por100.0%	; --%	;2	;Disminuir por75.0%	; --%	;0	; --%	; --%	;
36	;(Lunes)2026/01/05	;0	; --%	; --%	;0	; --%	; --%	;34	;Aumentar por41.7%	; --%	;1	; --%	; --%	;168	;Aumentar por29.2%	; --%	;0	;Disminuir por100.0%	; --%	;3	;Disminuir por25.0%	; --%	;0	; --%	; --%	;
37	;(Martes)2026/01/06	;0	; --%	; --%	;0	; --%	; --%	;4	;Disminuir por71.4%	; --%	;0	;Disminuir por100.0%	; --%	;101	;Aumentar por9.8%	; --%	;0	;Disminuir por100.0%	; --%	;3	;Disminuir por25.0%	; --%	;0	; --%	; --%	;
38	;(Miércoles)2026/01/07	;0	;Disminuir por100.0%	; --%	;0	; --%	; --%	;38	;Disminuir por47.2%	; --%	;0	; --%	; --%	;171	;Disminuir por3.4%	; --%	;0	; --%	; --%	;2	;Disminuir por80.0%	; --%	;0	; --%	; --%	;
39	;(Jueves)2026/01/08	;0	; --%	; --%	;0	; --%	; --%	;40	;Disminuir por42.9%	; --%	;0	;Disminuir por100.0%	; --%	;162	;Disminuir por6.4%	; --%	;0	;Disminuir por100.0%	; --%	;4	;Disminuir por55.6%	; --%	;0	;Disminuir por100.0%	; --%	;
40	;(Viernes)2026/01/09	;1	; --%	; --%	;0	; --%	; --%	;65	;Disminuir por25.3%	; --%	;1	; --%	; --%	;207	;Aumentar por1.5%	; --%	;6	;Sin cambios	; --%	;2	;Disminuir por75.0%	; --%	;0	; --%	; --%	;
41	;(Sábado)2026/01/10	;0	;Disminuir por100.0%	; --%	;0	; --%	; --%	;21	;Disminuir por77.2%	; --%	;0	; --%	; --%	;122	;Disminuir por37.8%	; --%	;0	;Disminuir por100.0%	; --%	;2	;Disminuir por81.8%	; --%	;0	; --%	; --%	;
42	;(Domingo)2026/01/11	;0	; --%	; --%	;0	; --%	; --%	;9	;Disminuir por89.3%	; --%	;0	; --%	; --%	;118	;Disminuir por31.8%	; --%	;1	;Disminuir por50.0%	; --%	;2	;Disminuir por71.4%	; --%	;0	; --%	; --%	;
43	;(Lunes)2026/01/12	;0	; --%	; --%	;0	; --%	; --%	;71	;Aumentar por86.8%	; --%	;0	; --%	; --%	;166	;Aumentar por18.6%	; --%	;0	;Disminuir por100.0%	; --%	;5	;Aumentar por25.0%	; --%	;0	; --%	; --%	;
44	;(Martes)2026/01/13	;0	; --%	; --%	;0	; --%	; --%	;71	;Aumentar por491.7%	; --%	;0	; --%	; --%	;165	;Aumentar por83.3%	; --%	;0	; --%	; --%	;6	;Aumentar por100.0%	; --%	;1	; --%	; --%	;
45	;(Miércoles)2026/01/14	;0	; --%	; --%	;0	; --%	; --%	;56	;Disminuir por18.8%	; --%	;0	; --%	; --%	;172	;Disminuir por4.4%	; --%	;0	;Disminuir por100.0%	; --%	;7	;Disminuir por12.5%	; --%	;0	; --%	; --%	;
46	;(Jueves)2026/01/15	;0	;Disminuir por100.0%	; --%	;0	; --%	; --%	;69	;Disminuir por15.9%	; --%	;0	; --%	; --%	;170	;Disminuir por8.6%	; --%	;0	;Disminuir por100.0%	; --%	;2	;Disminuir por75.0%	; --%	;0	; --%	; --%	;
47	;(Viernes)2026/01/16	;2	; --%	; --%	;0	; --%	; --%	;63	;Disminuir por21.3%	; --%	;0	; --%	; --%	;174	;Disminuir por11.7%	; --%	;0	;Disminuir por100.0%	; --%	;2	;Disminuir por83.3%	; --%	;0	; --%	; --%	;
48	;(Sábado)2026/01/17	;0	;Disminuir por100.0%	; --%	;0	; --%	; --%	;26	;Disminuir por65.3%	; --%	;0	; --%	; --%	;208	;Aumentar por23.8%	; --%	;0	; --%	; --%	;2	;Disminuir por75.0%	; --%	;0	; --%	; --%	;
49	;(Domingo)2026/01/18	;0	; --%	; --%	;0	; --%	; --%	;11	;Disminuir por86.7%	; --%	;0	; --%	; --%	;94	;Disminuir por45.7%	; --%	;0	; --%	; --%	;1	;Disminuir por85.7%	; --%	;0	; --%	; --%	;
50	;(Lunes)2026/01/19	;0	; --%	; --%	;0	; --%	; --%	;36	;Aumentar por63.6%	; --%	;0	; --%	; --%	;170	;Aumentar por32.8%	; --%	;0	; --%	; --%	;5	;Sin cambios	; --%	;0	; --%	; --%	;
51	;(Martes)2026/01/20	;0	; --%	; --%	;0	; --%	; --%	;57	;Aumentar por338.5%	; --%	;0	; --%	; --%	;180	;Aumentar por111.8%	; --%	;0	; --%	; --%	;3	;Disminuir por25.0%	; --%	;0	; --%	; --%	;
52	;(Miércoles)2026/01/21	;1	; --%	; --%	;0	; --%	; --%	;48	;Disminuir por28.4%	; --%	;0	;Disminuir por100.0%	; --%	;153	;Disminuir por3.8%	; --%	;1	;Sin cambios	; --%	;4	;Disminuir por63.6%	; --%	;0	;Disminuir por100.0%	; --%	;
53	;(Jueves)2026/01/22	;1	; --%	; --%	;0	; --%	; --%	;52	;Disminuir por29.7%	; --%	;0	; --%	; --%	;159	;Disminuir por2.5%	; --%	;0	;Disminuir por100.0%	; --%	;4	;Disminuir por63.6%	; --%	;0	; --%	; --%	;
54	;(Viernes)2026/01/23	;1	;Sin cambios	; --%	;1	; --%	; --%	;51	;Disminuir por32.9%	; --%	;1	; --%	; --%	;162	;Disminuir por6.4%	; --%	;1	; --%	; --%	;11	;Disminuir por15.4%	; --%	;1	; --%	; --%	;
55	;(Sábado)2026/01/24	;1	;Sin cambios	; --%	;0	; --%	; --%	;20	;Disminuir por74.7%	; --%	;0	;Disminuir por100.0%	; --%	;110	;Disminuir por34.1%	; --%	;0	;Disminuir por100.0%	; --%	;0	;Disminuir por100.0%	; --%	;0	;Disminuir por100.0%	; --%	;
56	;(Domingo)2026/01/25	;0	; --%	; --%	;0	; --%	; --%	;7	;Disminuir por93.5%	; --%	;0	;Disminuir por100.0%	; --%	;76	;Disminuir por60.6%	; --%	;1	;Disminuir por50.0%	; --%	;2	;Disminuir por81.8%	; --%	;0	; --%	; --%	;
57	;(Lunes)2026/01/26	;0	; --%	; --%	;0	; --%	; --%	;65	;Aumentar por97.0%	; --%	;0	; --%	; --%	;160	;Aumentar por30.1%	; --%	;0	; --%	; --%	;13	;Aumentar por225.0%	; --%	;0	; --%	; --%	;
58	;(Martes)2026/01/27	;0	; --%	; --%	;0	; --%	; --%	;55	;Aumentar por205.6%	; --%	;1	; --%	; --%	;174	;Aumentar por32.8%	; --%	;1	;Disminuir por66.7%	; --%	;14	;Aumentar por180.0%	; --%	;0	; --%	; --%	;
59	;(Miércoles)2026/01/28	;0	; --%	; --%	;0	; --%	; --%	;56	;Disminuir por30.9%	; --%	;0	; --%	; --%	;168	;Sin cambios	; --%	;0	;Disminuir por100.0%	; --%	;8	;Aumentar por60.0%	; --%	;0	; --%	; --%	;
60	;(Jueves)2026/01/29	;0	; --%	; --%	;0	; --%	; --%	;42	;Aumentar por2.4%	; --%	;0	; --%	; --%	;166	;Aumentar por15.3%	; --%	;0	;Disminuir por100.0%	; --%	;8	;Aumentar por14.3%	; --%	;0	; --%	; --%	;
61	;(Viernes)2026/01/30	;0	; --%	; --%	;0	; --%	; --%	;56	;Disminuir por47.7%	; --%	;0	; --%	; --%	;186	;Aumentar por0.5%	; --%	;0	;Disminuir por100.0%	; --%	;6	;Disminuir por25.0%	; --%	;0	; --%	; --%	;
62	;(Sábado)2026/01/31	;0	; --%	; --%	;0	; --%	; --%	;24	;Disminuir por74.2%	; --%	;1	; --%	; --%	;125	;Disminuir por23.8%	; --%	;0	;Disminuir por100.0%	; --%	;5	;Disminuir por50.0%	; --%	;0	;Disminuir por100.0%	; --%	;
63	;(Domingo)2026/02/01	;0	; --%	; --%	;0	; --%	; --%	;10	;Disminuir por90.0%	; --%	;0	; --%	; --%	;95	;Disminuir por47.8%	; --%	;0	; --%	; --%	;2	;Disminuir por75.0%	; --%	;0	; --%	; --%	;
64	;(Lunes)2026/02/02	;0	; --%	; --%	;0	; --%	; --%	;44	;Disminuir por2.2%	; --%	;0	; --%	; --%	;187	;Sin cambios	; --%	;0	;Disminuir por100.0%	; --%	;5	;Disminuir por16.7%	; --%	;0	; --%	; --%	;
65	;(Martes)2026/02/03	;0	; --%	; --%	;0	; --%	; --%	;50	;Aumentar por525.0%	; --%	;0	; --%	; --%	;174	;Aumentar por167.7%	; --%	;0	; --%	; --%	;4	;Sin cambios	; --%	;0	; --%	; --%	;
66	;(Miércoles)2026/02/04	;0	;Disminuir por100.0%	; --%	;0	; --%	; --%	;47	;Disminuir por50.5%	; --%	;0	;Disminuir por100.0%	; --%	;181	;Aumentar por22.3%	; --%	;0	; --%	; --%	;7	;Disminuir por22.2%	; --%	;0	; --%	; --%	;
67	;(Jueves)2026/02/05	;0	; --%	; --%	;0	; --%	; --%	;28	;Disminuir por60.0%	; --%	;0	; --%	; --%	;88	;Disminuir por41.7%	; --%	;0	;Disminuir por100.0%	; --%	;6	;Disminuir por14.3%	; --%	;0	; --%	; --%	;
68	;(Viernes)2026/02/06	;0	; --%	; --%	;0	; --%	; --%	;54	;Disminuir por28.0%	; --%	;3	; --%	; --%	;167	;Aumentar por8.4%	; --%	;0	;Disminuir por100.0%	; --%	;10	;Aumentar por42.9%	; --%	;3	; --%	; --%	;
69	;(Sábado)2026/02/07	;0	; --%	; --%	;0	; --%	; --%	;22	;Disminuir por75.0%	; --%	;0	; --%	; --%	;113	;Disminuir por35.4%	; --%	;0	;Disminuir por100.0%	; --%	;4	;Disminuir por42.9%	; --%	;0	; --%	; --%	;
70	;(Domingo)2026/02/08	;0	; --%	; --%	;0	; --%	; --%	;12	;Disminuir por85.5%	; --%	;0	; --%	; --%	;90	;Disminuir por42.7%	; --%	;1	;Disminuir por50.0%	; --%	;2	;Disminuir por77.8%	; --%	;0	; --%	; --%	;
71	;(Lunes)2026/02/09	;0	; --%	; --%	;0	; --%	; --%	;53	;Aumentar por51.4%	; --%	;0	; --%	; --%	;160	;Aumentar por25.0%	; --%	;0	; --%	; --%	;5	;Aumentar por25.0%	; --%	;0	; --%	; --%	;
72	;(Martes)2026/02/10	;0	; --%	; --%	;0	; --%	; --%	;43	;Aumentar por168.8%	; --%	;0	;Disminuir por100.0%	; --%	;159	;Aumentar por76.7%	; --%	;0	;Disminuir por100.0%	; --%	;3	;Disminuir por40.0%	; --%	;0	;Disminuir por100.0%	; --%	;
73	;(Miércoles)2026/02/11	;0	;Disminuir por100.0%	; --%	;0	; --%	; --%	;49	;Disminuir por30.0%	; --%	;0	;Disminuir por100.0%	; --%	;167	;Disminuir por2.3%	; --%	;0	;Disminuir por100.0%	; --%	;9	;Aumentar por125.0%	; --%	;0	; --%	; --%	;
74	;(Jueves)2026/02/12	;0	; --%	; --%	;0	; --%	; --%	;45	;Disminuir por31.8%	; --%	;0	; --%	; --%	;186	;Aumentar por17.0%	; --%	;0	;Disminuir por100.0%	; --%	;8	;Sin cambios	; --%	;0	; --%	; --%	;
75	;(Viernes)2026/02/13	;0	; --%	; --%	;0	; --%	; --%	;52	;Disminuir por31.6%	; --%	;0	; --%	; --%	;222	;Aumentar por12.1%	; --%	;1	;Disminuir por66.7%	; --%	;8	;Disminuir por38.5%	; --%	;0	;Disminuir por100.0%	; --%	;
76	;(Sábado)2026/02/14	;0	;Disminuir por100.0%	; --%	;0	; --%	; --%	;19	;Disminuir por76.5%	; --%	;0	; --%	; --%	;112	;Disminuir por31.7%	; --%	;1	; --%	; --%	;0	;Disminuir por100.0%	; --%	;0	; --%	; --%	;
77	;(Domingo)2026/02/15	;0	; --%	; --%	;0	; --%	; --%	;12	;Disminuir por85.5%	; --%	;0	; --%	; --%	;88	;Disminuir por46.3%	; --%	;0	; --%	; --%	;3	;Disminuir por82.4%	; --%	;0	; --%	; --%	;
78	;(Lunes)2026/02/16	;0	; --%	; --%	;0	; --%	; --%	;72	;Aumentar por67.4%	; --%	;0	; --%	; --%	;157	;Aumentar por25.6%	; --%	;0	; --%	; --%	;10	;Aumentar por66.7%	; --%	;0	; --%	; --%	;
79	;(Martes)2026/02/17	;0	; --%	; --%	;0	; --%	; --%	;64	;Aumentar por392.3%	; --%	;1	; --%	; --%	;169	;Aumentar por43.2%	; --%	;1	; --%	; --%	;13	;Aumentar por116.7%	; --%	;1	; --%	; --%	;
80	;(Miércoles)2026/02/18	;0	;Disminuir por100.0%	; --%	;0	; --%	; --%	;67	;Disminuir por11.8%	; --%	;0	; --%	; --%	;168	;Aumentar por1.8%	; --%	;0	; --%	; --%	;13	;Aumentar por18.2%	; --%	;0	; --%	; --%	;
81	;(Jueves)2026/02/19	;0	; --%	; --%	;0	; --%	; --%	;69	;Aumentar por9.5%	; --%	;1	; --%	; --%	;177	;Aumentar por2.9%	; --%	;0	; --%	; --%	;12	;Sin cambios	; --%	;0	; --%	; --%	;
82	;(Viernes)2026/02/20	;0	; --%	; --%	;0	; --%	; --%	;77	;Aumentar por35.1%	; --%	;0	;Disminuir por100.0%	; --%	;181	;Disminuir por7.2%	; --%	;0	; --%	; --%	;10	;Aumentar por11.1%	; --%	;0	; --%	; --%	;
83	;(Sábado)2026/02/21	;0	; --%	; --%	;0	; --%	; --%	;42	;Disminuir por51.7%	; --%	;0	; --%	; --%	;175	;Aumentar por10.1%	; --%	;3	;Aumentar por50.0%	; --%	;3	;Disminuir por70.0%	; --%	;1	; --%	; --%	;
84	;(Domingo)2026/02/22	;0	;Disminuir por100.0%	; --%	;0	; --%	; --%	;19	;Disminuir por76.5%	; --%	;0	; --%	; --%	;114	;Disminuir por42.1%	; --%	;0	;Disminuir por100.0%	; --%	;2	;Disminuir por75.0%	; --%	;0	; --%	; --%	;
85	;(Lunes)2026/02/23	;0	;Disminuir por100.0%	; --%	;0	; --%	; --%	;81	;Aumentar por62.0%	; --%	;0	; --%	; --%	;186	;Aumentar por44.2%	; --%	;0	; --%	; --%	;7	;Aumentar por75.0%	; --%	;0	; --%	; --%	;
86	;(Martes)2026/02/24	;0	; --%	; --%	;0	; --%	; --%	;65	;Aumentar por150.0%	; --%	;0	;Disminuir por100.0%	; --%	;169	;Aumentar por59.4%	; --%	;0	; --%	; --%	;8	;Aumentar por60.0%	; --%	;0	; --%	; --%	;
87	;(Miércoles)2026/02/25	;0	;Disminuir por100.0%	; --%	;0	; --%	; --%	;55	;Disminuir por23.6%	; --%	;0	;Disminuir por100.0%	; --%	;204	;Aumentar por41.7%	; --%	;0	;Disminuir por100.0%	; --%	;9	;Disminuir por25.0%	; --%	;0	; --%	; --%	;
88	;(Jueves)2026/02/26	;0	;Disminuir por100.0%	; --%	;0	; --%	; --%	;65	;Disminuir por4.4%	; --%	;0	; --%	; --%	;203	;Aumentar por44.0%	; --%	;1	; --%	; --%	;7	;Aumentar por16.7%	; --%	;0	; --%	; --%	;
89	;(Viernes)2026/02/27	;1	; --%	; --%	;0	; --%	; --%	;72	;Disminuir por6.5%	; --%	;0	; --%	; --%	;192	;Aumentar por11.0%	; --%	;1	;Sin cambios	; --%	;10	;Disminuir por9.1%	; --%	;0	; --%	; --%	;
90	;(Sábado)2026/02/28	;1	; --%	; --%	;0	; --%	; --%	;29	;Disminuir por64.6%	; --%	;0	;Disminuir por100.0%	; --%	;148	;Disminuir por1.3%	; --%	;0	;Disminuir por100.0%	; --%	;2	;Disminuir por71.4%	; --%	;0	; --%	; --%	;
91	;(Domingo)2026/03/01	;0	; --%	; --%	;0	; --%	; --%	;15	;Disminuir por84.0%	; --%	;0	;Disminuir por100.0%	; --%	;120	;Disminuir por49.2%	; --%	;0	;Disminuir por100.0%	; --%	;2	;Disminuir por66.7%	; --%	;0	; --%	; --%	;
92	;(Lunes)2026/03/02	;1	; --%	; --%	;0	; --%	; --%	;66	;Aumentar por94.1%	; --%	;0	; --%	; --%	;186	;Aumentar por57.6%	; --%	;0	;Disminuir por100.0%	; --%	;9	;Aumentar por350.0%	; --%	;0	; --%	; --%	;
93	;(Martes)2026/03/03	;0	; --%	; --%	;0	; --%	; --%	;44	;Aumentar por51.7%	; --%	;0	; --%	; --%	;97	;Disminuir por2.0%	; --%	;0	;Disminuir por100.0%	; --%	;6	;Aumentar por50.0%	; --%	;0	; --%	; --%	;
94	;(Miércoles)2026/03/04	;0	; --%	; --%	;0	; --%	; --%	;55	;Disminuir por27.6%	; --%	;0	; --%	; --%	;190	;Aumentar por33.8%	; --%	;0	; --%	; --%	;6	;Disminuir por40.0%	; --%	;0	; --%	; --%	;
95	;(Jueves)2026/03/05	;0	; --%	; --%	;0	; --%	; --%	;76	;Aumentar por5.6%	; --%	;0	; --%	; --%	;201	;Aumentar por35.8%	; --%	;1	;Disminuir por50.0%	; --%	;6	;Disminuir por25.0%	; --%	;0	; --%	; --%	;
96	;(Viernes)2026/03/06	;0	; --%	; --%	;0	; --%	; --%	;79	;Disminuir por3.7%	; --%	;0	;Disminuir por100.0%	; --%	;234	;Aumentar por51.0%	; --%	;0	;Disminuir por100.0%	; --%	;9	;Disminuir por30.8%	; --%	;0	; --%	; --%	;
97	;(Sábado)2026/03/07	;0	; --%	; --%	;0	; --%	; --%	;25	;Disminuir por68.4%	; --%	;0	; --%	; --%	;168	;Aumentar por5.0%	; --%	;0	;Disminuir por100.0%	; --%	;2	;Disminuir por80.0%	; --%	;0	;Disminuir por100.0%	; --%	;
98	;(Domingo)2026/03/08	;0	; --%	; --%	;0	; --%	; --%	;16	;Disminuir por79.5%	; --%	;0	;Disminuir por100.0%	; --%	;121	;Disminuir por31.3%	; --%	;0	;Disminuir por100.0%	; --%	;2	;Disminuir por77.8%	; --%	;0	; --%	; --%	;
99	;(Lunes)2026/03/09	;0	; --%	; --%	;0	; --%	; --%	;77	;Aumentar por108.1%	; --%	;0	;Disminuir por100.0%	; --%	;186	;Aumentar por48.8%	; --%	;0	;Disminuir por100.0%	; --%	;6	;Disminuir por25.0%	; --%	;0	; --%	; --%	;
100	;(Martes)2026/03/10	;1	; --%	; --%	;0	; --%	; --%	;49	;Aumentar por75.0%	; --%	;0	; --%	; --%	;190	;Aumentar por75.9%	; --%	;3	;Sin cambios	; --%	;3	;Disminuir por40.0%	; --%	;0	; --%	; --%	;
101	;(Miércoles)2026/03/11	;0	;Disminuir por100.0%	; --%	;0	; --%	; --%	;71	;Aumentar por18.3%	; --%	;0	; --%	; --%	;225	;Aumentar por63.0%	; --%	;11	;Aumentar por120.0%	; --%	;9	;Aumentar por28.6%	; --%	;0	; --%	; --%	;
102	;(Jueves)2026/03/12	;1	;Disminuir por50.0%	; --%	;0	; --%	; --%	;69	;Disminuir por9.2%	; --%	;0	;Disminuir por100.0%	; --%	;190	;Aumentar por28.4%	; --%	;0	;Disminuir por100.0%	; --%	;6	;Disminuir por33.3%	; --%	;0	;Disminuir por100.0%	; --%	;
103	;(Viernes)2026/03/13	;1	; --%	; --%	;0	; --%	; --%	;85	;Aumentar por30.8%	; --%	;2	;Aumentar por100.0%	; --%	;189	;Aumentar por41.0%	; --%	;0	;Disminuir por100.0%	; --%	;12	;Aumentar por100.0%	; --%	;2	; --%	; --%	;
104	;(Sábado)2026/03/14	;1	; --%	; --%	;0	; --%	; --%	;28	;Disminuir por66.7%	; --%	;0	;Disminuir por100.0%	; --%	;135	;Disminuir por16.1%	; --%	;0	;Disminuir por100.0%	; --%	;2	;Disminuir por66.7%	; --%	;0	; --%	; --%	;
105	;(Domingo)2026/03/15	;0	; --%	; --%	;0	; --%	; --%	;14	;Disminuir por85.3%	; --%	;0	;Disminuir por100.0%	; --%	;131	;Disminuir por17.6%	; --%	;1	; --%	; --%	;2	;Disminuir por66.7%	; --%	;0	; --%	; --%	;
106	;(Lunes)2026/03/16	;0	; --%	; --%	;0	; --%	; --%	;69	;Aumentar por91.7%	; --%	;0	; --%	; --%	;196	;Aumentar por29.8%	; --%	;0	;Disminuir por100.0%	; --%	;8	;Aumentar por33.3%	; --%	;0	; --%	; --%	;
107	;(Martes)2026/03/17	;1	; --%	; --%	;0	; --%	; --%	;80	;Aumentar por344.4%	; --%	;0	; --%	; --%	;186	;Aumentar por129.6%	; --%	;0	; --%	; --%	;14	;Aumentar por180.0%	; --%	;0	; --%	; --%	;
108	;(Miércoles)2026/03/18	;1	;Sin cambios	; --%	;0	; --%	; --%	;80	;Aumentar por14.3%	; --%	;0	; --%	; --%	;199	;Aumentar por40.1%	; --%	;0	;Disminuir por100.0%	; --%	;11	;Disminuir por8.3%	; --%	;0	;Disminuir por100.0%	; --%	;
109	;(Jueves)2026/03/19	;0	; --%	; --%	;0	; --%	; --%	;26	;Disminuir por63.4%	; --%	;0	; --%	; --%	;120	;Disminuir por18.4%	; --%	;2	;Disminuir por66.7%	; --%	;6	;Sin cambios	; --%	;0	; --%	; --%	;
110	;(Viernes)2026/03/20	;1	;Sin cambios	; --%	;0	; --%	; --%	;80	;Aumentar por31.1%	; --%	;2	; --%	; --%	;188	;Aumentar por22.1%	; --%	;1	;Disminuir por50.0%	; --%	;7	;Disminuir por22.2%	; --%	;0	; --%	; --%	;
111	;(Sábado)2026/03/21	;0	;Disminuir por100.0%	; --%	;0	; --%	; --%	;42	;Disminuir por37.3%	; --%	;0	; --%	; --%	;167	;Aumentar por34.7%	; --%	;2	;Aumentar por100.0%	; --%	;3	;Disminuir por70.0%	; --%	;0	; --%	; --%	;
112	;(Domingo)2026/03/22	;0	; --%	; --%	;0	; --%	; --%	;27	;Disminuir por68.6%	; --%	;0	; --%	; --%	;115	;Disminuir por19.6%	; --%	;1	;Sin cambios	; --%	;1	;Disminuir por85.7%	; --%	;0	; --%	; --%	;
113	;(Lunes)2026/03/23	;1	;Sin cambios	; --%	;0	; --%	; --%	;82	;Aumentar por141.2%	; --%	;0	;Disminuir por100.0%	; --%	;211	;Aumentar por81.9%	; --%	;0	;Disminuir por100.0%	; --%	;2	;Disminuir por66.7%	; --%	;0	; --%	; --%	;
114	;(Martes)2026/03/24	;0	; --%	; --%	;0	; --%	; --%	;103	;Aumentar por296.2%	; --%	;1	; --%	; --%	;213	;Aumentar por108.8%	; --%	;0	; --%	; --%	;7	;Aumentar por40.0%	; --%	;0	; --%	; --%	;
115	;(Miércoles)2026/03/25	;0	; --%	; --%	;0	; --%	; --%	;19	;Disminuir por69.8%	; --%	;0	; --%	; --%	;109	;Disminuir por16.2%	; --%	;0	; --%	; --%	;1	;Disminuir por88.9%	; --%	;0	; --%	; --%	;
116	;(Jueves)2026/03/26	;0	; --%	; --%	;0	; --%	; --%	;80	;Sin cambios	; --%	;0	;Disminuir por100.0%	; --%	;220	;Aumentar por27.2%	; --%	;0	;Disminuir por100.0%	; --%	;6	;Disminuir por45.5%	; --%	;0	; --%	; --%	;
117	;(Viernes)2026/03/27	;0	; --%	; --%	;0	; --%	; --%	;94	;Aumentar por49.2%	; --%	;0	;Disminuir por100.0%	; --%	;200	;Aumentar por32.5%	; --%	;0	;Disminuir por100.0%	; --%	;9	;Aumentar por12.5%	; --%	;1	; --%	; --%	;
118	;(Sábado)2026/03/28	;0	; --%	; --%	;0	; --%	; --%	;52	;Disminuir por28.8%	; --%	;0	; --%	; --%	;131	;Disminuir por12.1%	; --%	;0	; --%	; --%	;4	;Disminuir por33.3%	; --%	;0	; --%	; --%	;
119	;(Domingo)2026/03/29	;0	; --%	; --%	;0	; --%	; --%	;18	;Disminuir por67.9%	; --%	;0	; --%	; --%	;138	;Aumentar por6.2%	; --%	;2	;Disminuir por50.0%	; --%	;4	;Disminuir por42.9%	; --%	;0	; --%	; --%	;
120	;(Lunes)2026/03/30	;1	;Sin cambios	; --%	;0	; --%	; --%	;72	;Aumentar por148.3%	; --%	;0	; --%	; --%	;180	;Aumentar por0.6%	; --%	;0	;Disminuir por100.0%	; --%	;11	;Aumentar por120.0%	; --%	;3	; --%	; --%	;
121	;(Martes)2026/03/31	;0	; --%	; --%	;0	; --%	; --%	;96	;Aumentar por357.1%	; --%	;0	; --%	; --%	;181	;Aumentar por84.7%	; --%	;0	;Disminuir por100.0%	; --%	;5	;Sin cambios	; --%	;0	; --%	; --%	;
122	;(Miércoles)2026/04/01	;0	; --%	; --%	;0	; --%	; --%	;83	;Aumentar por33.9%	; --%	;0	; --%	; --%	;217	;Aumentar por48.6%	; --%	;0	; --%	; --%	;5	;Disminuir por37.5%	; --%	;0	; --%	; --%	;
123	;(Jueves)2026/04/02	;0	;Disminuir por100.0%	; --%	;0	; --%	; --%	;82	;Aumentar por22.4%	; --%	;0	; --%	; --%	;146	;Disminuir por6.4%	; --%	;3	; --%	; --%	;8	;Disminuir por20.0%	; --%	;0	; --%	; --%	;
124	;(Viernes)2026/04/03	;0	;Disminuir por100.0%	; --%	;0	; --%	; --%	;24	;Disminuir por59.3%	; --%	;0	; --%	; --%	;73	;Disminuir por40.2%	; --%	;3	; --%	; --%	;3	;Disminuir por70.0%	; --%	;0	; --%	; --%	;
125	;(Sábado)2026/04/04	;0	;Disminuir por100.0%	; --%	;0	; --%	; --%	;32	;Disminuir por50.0%	; --%	;0	; --%	; --%	;83	;Disminuir por40.3%	; --%	;1	; --%	; --%	;6	;Disminuir por40.0%	; --%	;0	; --%	; --%	;
126	;(Domingo)2026/04/05	;0	; --%	; --%	;0	; --%	; --%	;13	;Disminuir por82.9%	; --%	;0	; --%	; --%	;68	;Disminuir por50.4%	; --%	;2	;Sin cambios	; --%	;4	;Disminuir por20.0%	; --%	;0	; --%	; --%	;
127	;(Lunes)2026/04/06	;0	; --%	; --%	;0	; --%	; --%	;24	;Disminuir por20.0%	; --%	;0	;Disminuir por100.0%	; --%	;96	;Disminuir por41.8%	; --%	;3	;Disminuir por95.0%	; --%	;4	;Disminuir por55.6%	; --%	;0	; --%	; --%	;
128	;(Martes)2026/04/07	;1	;Sin cambios	; --%	;1	; --%	; --%	;57	;Aumentar por256.3%	; --%	;0	;Disminuir por100.0%	; --%	;171	;Aumentar por74.5%	; --%	;0	;Disminuir por100.0%	; --%	;8	;Aumentar por60.0%	; --%	;0	; --%	; --%	;
129	;(Miércoles)2026/04/08	;0	; --%	; --%	;0	; --%	; --%	;70	;Disminuir por7.9%	; --%	;1	;Sin cambios	; --%	;148	;Disminuir por1.3%	; --%	;0	;Disminuir por100.0%	; --%	;10	;Disminuir por9.1%	; --%	;0	; --%	; --%	;
130	;(Jueves)2026/04/09	;0	; --%	; --%	;0	; --%	; --%	;88	;Aumentar por37.5%	; --%	;0	;Disminuir por100.0%	; --%	;164	;Aumentar por13.9%	; --%	;0	;Disminuir por100.0%	; --%	;10	;Aumentar por42.9%	; --%	;0	;Disminuir por100.0%	; --%	;
131	;(Viernes)2026/04/10	;0	;Disminuir por100.0%	; --%	;0	; --%	; --%	;74	;Aumentar por8.8%	; --%	;0	; --%	; --%	;148	;Aumentar por15.6%	; --%	;0	;Disminuir por100.0%	; --%	;11	;Disminuir por15.4%	; --%	;0	; --%	; --%	;
132	;(Sábado)2026/04/11	;0	; --%	; --%	;0	; --%	; --%	;20	;Disminuir por68.3%	; --%	;0	; --%	; --%	;109	;Disminuir por24.8%	; --%	;0	;Disminuir por100.0%	; --%	;4	;Disminuir por50.0%	; --%	;0	; --%	; --%	;
133	;(Domingo)2026/04/12	;0	; --%	; --%	;0	; --%	; --%	;11	;Disminuir por85.5%	; --%	;1	;Sin cambios	; --%	;112	;Disminuir por15.2%	; --%	;1	;Sin cambios	; --%	;4	;Disminuir por60.0%	; --%	;0	; --%	; --%	;
134	;(Lunes)2026/04/13	;0	; --%	; --%	;0	; --%	; --%	;38	;Aumentar por8.6%	; --%	;0	; --%	; --%	;123	;Aumentar por12.8%	; --%	;0	;Disminuir por100.0%	; --%	;7	;Sin cambios	; --%	;0	; --%	; --%	;
135	;(Martes)2026/04/14	;0	; --%	; --%	;0	; --%	; --%	;64	;Aumentar por300.0%	; --%	;0	;Disminuir por100.0%	; --%	;196	;Aumentar por71.9%	; --%	;0	;Disminuir por100.0%	; --%	;6	;Aumentar por20.0%	; --%	;0	; --%	; --%	;
136	;(Miércoles)2026/04/15	;0	; --%	; --%	;0	; --%	; --%	;74	;Disminuir por14.0%	; --%	;0	;Disminuir por100.0%	; --%	;165	;Aumentar por19.6%	; --%	;0	;Disminuir por100.0%	; --%	;12	;Aumentar por71.4%	; --%	;0	; --%	; --%	;
137	;(Jueves)2026/04/16	;0	;Disminuir por100.0%	; --%	;0	; --%	; --%	;59	;Disminuir por35.9%	; --%	;0	;Disminuir por100.0%	; --%	;183	;Disminuir por3.7%	; --%	;1	;Disminuir por97.9%	; --%	;9	;Disminuir por30.8%	; --%	;0	;Disminuir por100.0%	; --%	;
138	;(Viernes)2026/04/17	;0	;Disminuir por100.0%	; --%	;0	;Disminuir por100.0%	; --%	;70	;Disminuir por57.8%	; --%	;0	;Disminuir por100.0%	; --%	;176	;Disminuir por54.5%	; --%	;0	;Disminuir por100.0%	; --%	;9	;Disminuir por10.0%	; --%	;0	;Disminuir por100.0%	; --%	;
139	;(Sábado)2026/04/18	;0	;Disminuir por100.0%	; --%	;0	; --%	; --%	;29	;Disminuir por65.9%	; --%	;0	;Disminuir por100.0%	; --%	;117	;Disminuir por84.7%	; --%	;0	;Disminuir por100.0%	; --%	;4	;Disminuir por50.0%	; --%	;0	; --%	; --%	;
140	;(Domingo)2026/04/19	;1	; --%	; --%	;0	; --%	; --%	;7	;Disminuir por95.4%	; --%	;0	;Disminuir por100.0%	; --%	;89	;Disminuir por76.6%	; --%	;0	;Disminuir por100.0%	; --%	;4	;Disminuir por55.6%	; --%	;1	; --%	; --%	;
141	;(Lunes)2026/04/20	;1	; --%	; --%	;0	; --%	; --%	;62	;Disminuir por54.1%	; --%	;0	;Disminuir por100.0%	; --%	;179	;Disminuir por75.4%	; --%	;0	;Disminuir por100.0%	; --%	;6	;Disminuir por85.4%	; --%	;0	;Disminuir por100.0%	; --%	;
142	;(Martes)2026/04/21	;0	; --%	; --%	;0	; --%	; --%	;64	;Disminuir por40.2%	; --%	;1	;Disminuir por98.7%	; --%	;169	;Disminuir por59.6%	; --%	;0	;Disminuir por100.0%	; --%	;7	;Aumentar por75.0%	; --%	;0	; --%	; --%	;
143	;(Miércoles)2026/04/22	;1	;Sin cambios	; --%	;0	; --%	; --%	;70	;Aumentar por70.7%	; --%	;0	;Disminuir por100.0%	; --%	;184	;Disminuir por80.8%	; --%	;0	;Disminuir por100.0%	; --%	;6	;Disminuir por14.3%	; --%	;0	;Disminuir por100.0%	; --%	;
144	;(Jueves)2026/04/23	;0	; --%	; --%	;0	; --%	; --%	;71	;Aumentar por65.1%	;Aumentar por1083.3%	;0	;Disminuir por100.0%	; --%	;176	;Disminuir por79.7%	;Aumentar por300.0%	;0	;Disminuir por100.0%	; --%	;6	;Disminuir por14.3%	; --%	;0	; --%	; --%	;
145	;(Viernes)2026/04/24	;0	;Disminuir por100.0%	; --%	;0	; --%	; --%	;78	;Aumentar por30.0%	;Aumentar por8.3%	;0	;Disminuir por100.0%	; --%	;187	;Disminuir por55.8%	;Aumentar por12.0%	;0	;Disminuir por100.0%	; --%	;6	;Disminuir por94.4%	;Disminuir por40.0%	;2	;Disminuir por98.0%	; --%	;
146	;(Sábado)2026/04/25	;0	; --%	; --%	;0	; --%	; --%	;22	;Disminuir por60.0%	;Disminuir por69.9%	;0	;Disminuir por100.0%	; --%	;91	;Disminuir por56.7%	;Disminuir por51.6%	;1	;Disminuir por99.2%	; --%	;3	;Disminuir por66.7%	;Disminuir por78.6%	;1	;Disminuir por50.0%	; --%	;
147	;(Domingo)2026/04/26	;0	; --%	; --%	;0	; --%	; --%	;12	;Disminuir por81.5%	;Disminuir por62.5%	;1	;Disminuir por75.0%	; --%	;59	;Disminuir por47.3%	;Disminuir por62.4%	;3	;Disminuir por88.0%	; --%	;2	;Disminuir por80.0%	;Disminuir por33.3%	;0	;Disminuir por100.0%	; --%	;
148	;(Lunes)2026/04/27	;0	; --%	; --%	;0	; --%	; --%	;69	;Aumentar por176.0%	;Aumentar por360.0%	;0	;Disminuir por100.0%	; --%	;160	;Aumentar por119.2%	;Aumentar por42.9%	;0	;Disminuir por100.0%	;Disminuir por100.0%	;9	;Aumentar por80.0%	;Aumentar por350.0%	;0	;Disminuir por100.0%	; --%	;
149	;(Martes)2026/04/28	;0	; --%	; --%	;0	; --%	; --%	;95	;Disminuir por70.5%	;Aumentar por156.8%	;0	;Disminuir por100.0%	; --%	;150	;Aumentar por7.1%	;Aumentar por127.3%	;0	;Disminuir por100.0%	;Disminuir por100.0%	;8	;Aumentar por60.0%	;Aumentar por100.0%	;0	;Disminuir por100.0%	; --%	;
150	;(Miércoles)2026/04/29	;1	; --%	; --%	;0	; --%	; --%	;80	;Disminuir por90.7%	;Aumentar por281.0%	;0	;Disminuir por100.0%	; --%	;183	;Disminuir por24.1%	;Aumentar por84.8%	;0	;Disminuir por100.0%	; --%	;6	;Sin cambios	;Aumentar por200.0%	;0	; --%	; --%	;
151	;(Jueves)2026/04/30	;0	; --%	; --%	;0	; --%	; --%	;102	;Aumentar por10.9%	;Disminuir por1.0%	;0	;Disminuir por100.0%	;Disminuir por100.0%	;189	;Disminuir por70.4%	;Disminuir por10.0%	;0	;Disminuir por100.0%	;Disminuir por100.0%	;7	;Aumentar por16.7%	;Disminuir por46.2%	;0	;Disminuir por100.0%	; --%	;
152	;(Viernes)2026/05/01	;0	;Disminuir por100.0%	; --%	;0	; --%	; --%	;13	;Disminuir por74.0%	;Disminuir por27.8%	;0	; --%	; --%	;90	;Disminuir por44.8%	;Disminuir por32.8%	;0	;Disminuir por100.0%	;Disminuir por100.0%	;2	;Disminuir por77.8%	;Disminuir por33.3%	;0	; --%	; --%	;
153	;(Sábado)2026/05/02	;0	; --%	; --%	;0	; --%	; --%	;23	;Disminuir por68.9%	;Disminuir por66.2%	;0	; --%	;Disminuir por100.0%	;107	;Disminuir por27.2%	;Disminuir por46.2%	;0	;Disminuir por100.0%	;Disminuir por100.0%	;4	;Disminuir por50.0%	;Disminuir por63.6%	;0	; --%	; --%	;
154	;(Domingo)2026/05/03	;0	; --%	; --%	;0	; --%	; --%	;14	;Disminuir por80.8%	;Disminuir por53.3%	;0	; --%	; --%	;141	;Disminuir por19.0%	;Aumentar por0.7%	;0	;Disminuir por100.0%	;Disminuir por100.0%	;3	;Disminuir por70.0%	;Disminuir por50.0%	;0	; --%	; --%	;
155	;(Lunes)2026/05/04	;0	; --%	; --%	;0	; --%	; --%	;63	;Aumentar por173.9%	;Aumentar por250.0%	;1	; --%	; --%	;186	;Aumentar por104.4%	;Aumentar por53.7%	;0	;Disminuir por100.0%	; --%	;5	;Aumentar por25.0%	;Aumentar por25.0%	;0	; --%	; --%	;
156	;(Martes)2026/05/05	;0	; --%	; --%	;0	; --%	; --%	;83	;Aumentar por730.0%	;Aumentar por6.4%	;0	; --%	; --%	;191	;Aumentar por165.3%	;Disminuir por1.5%	;0	;Disminuir por100.0%	;Disminuir por100.0%	;9	;Aumentar por125.0%	;Disminuir por18.2%	;0	; --%	; --%	;
157	;(Miércoles)2026/05/06	;0	; --%	; --%	;0	; --%	; --%	;69	;Sin cambios	;Disminuir por6.8%	;1	;Disminuir por50.0%	; --%	;200	;Aumentar por14.9%	;Aumentar por15.6%	;0	;Disminuir por100.0%	;Disminuir por100.0%	;11	;Aumentar por37.5%	;Disminuir por52.2%	;1	;Sin cambios	; --%	;
158	;(Jueves)2026/05/07	;0	; --%	; --%	;0	; --%	; --%	;71	;Disminuir por7.8%	;Disminuir por10.1%	;1	; --%	; --%	;175	;Aumentar por2.3%	;Disminuir por6.4%	;0	;Disminuir por100.0%	;Disminuir por100.0%	;5	;Aumentar por25.0%	;Disminuir por70.6%	;0	; --%	; --%	;
159	;(Viernes)2026/05/08	;0	; --%	; --%	;0	; --%	; --%	;85	;Aumentar por44.1%	;Aumentar por16.4%	;0	;Disminuir por100.0%	; --%	;156	;Aumentar por7.6%	;Disminuir por30.0%	;0	;Disminuir por100.0%	;Disminuir por100.0%	;10	;Aumentar por11.1%	;Disminuir por52.4%	;2	;Aumentar por100.0%	; --%	;
160	;(Sábado)2026/05/09	;0	; --%	; --%	;0	; --%	; --%	;32	;Disminuir por52.2%	;Disminuir por58.4%	;0	;Disminuir por100.0%	; --%	;151	;Disminuir por15.2%	;Disminuir por16.6%	;0	;Disminuir por100.0%	; --%	;6	;Disminuir por25.0%	;Disminuir por25.0%	;0	; --%	; --%	;
161	;(Domingo)2026/05/10	;0	; --%	; --%	;0	; --%	; --%	;17	;Disminuir por83.3%	;Disminuir por51.4%	;0	;Disminuir por100.0%	; --%	;92	;Disminuir por62.3%	;Disminuir por33.8%	;1	;Disminuir por98.4%	;Sin cambios	;3	;Disminuir por57.1%	;Sin cambios	;0	; --%	; --%	;
162	;(Lunes)2026/05/11	;1	; --%	; --%	;0	; --%	; --%	;65	;Aumentar por116.7%	;Aumentar por306.3%	;0	; --%	; --%	;158	;Disminuir por31.0%	;Aumentar por29.5%	;0	;Disminuir por100.0%	;Disminuir por100.0%	;11	;Aumentar por120.0%	;Aumentar por450.0%	;0	; --%	; --%	;
163	;(Martes)2026/05/12	;0	; --%	; --%	;0	; --%	; --%	;75	;Aumentar por368.8%	;Sin cambios	;1	; --%	; --%	;149	;Aumentar por23.1%	;Disminuir por22.0%	;0	;Disminuir por100.0%	; --%	;5	;Aumentar por25.0%	;Disminuir por54.5%	;0	; --%	; --%	;
164	;(Miércoles)2026/05/13	;0	; --%	; --%	;0	; --%	; --%	;53	;Aumentar por23.3%	;Disminuir por30.3%	;0	;Disminuir por100.0%	;Disminuir por100.0%	;116	;Disminuir por17.1%	;Disminuir por27.0%	;0	;Disminuir por100.0%	; --%	;2	;Disminuir por33.3%	;Disminuir por71.4%	;0	; --%	; --%	;
165	;(Jueves)2026/05/14	;0	; --%	; --%	;0	; --%	; --%	;92	;Aumentar por37.3%	;Aumentar por5.7%	;0	;Disminuir por100.0%	; --%	;152	;Disminuir por10.1%	;Aumentar por3.4%	;0	;Disminuir por100.0%	; --%	;10	;Aumentar por66.7%	;Disminuir por23.1%	;0	; --%	; --%	;
166	;(Viernes)2026/05/15	;0	;Disminuir por100.0%	; --%	;0	;Disminuir por100.0%	; --%	;88	;Aumentar por35.4%	;Disminuir por22.1%	;0	; --%	;Disminuir por100.0%	;179	;Disminuir por9.1%	;Disminuir por1.6%	;1	;Disminuir por87.5%	;Disminuir por66.7%	;10	;Disminuir por65.5%	;Disminuir por28.6%	;0	;Disminuir por100.0%	; --%	;
167	;(Sábado)2026/05/16	;0	;Disminuir por100.0%	; --%	;0	;Disminuir por100.0%	; --%	;38	;Disminuir por67.8%	;Disminuir por63.1%	;0	;Disminuir por100.0%	;Disminuir por100.0%	;111	;Disminuir por87.3%	;Disminuir por39.7%	;0	;Disminuir por100.0%	;Disminuir por100.0%	;7	;Disminuir por56.3%	;Disminuir por41.7%	;0	;Disminuir por100.0%	; --%	;
168	;(Domingo)2026/05/17	;0	; --%	;Disminuir por100.0%	;0	; --%	; --%	;11	;Disminuir por84.3%	;Disminuir por62.1%	;0	; --%	;Disminuir por100.0%	;103	;Disminuir por41.8%	;Aumentar por1.0%	;0	; --%	; --%	;3	;Disminuir por75.0%	;Sin cambios	;0	; --%	; --%	;
169	;(Lunes)2026/05/18	;0	; --%	;Disminuir por100.0%	;0	; --%	;Disminuir por100.0%	;57	;Aumentar por78.1%	;Aumentar por256.3%	;1	; --%	; --%	;168	;Aumentar por33.3%	;Aumentar por84.6%	;1	;Disminuir por50.0%	;Sin cambios	;11	;Aumentar por120.0%	;Aumentar por266.7%	;1	; --%	; --%	;
170	;(Martes)2026/05/19	;0	;Disminuir por100.0%	;Disminuir por100.0%	;0	;Disminuir por100.0%	; --%	;64	;Aumentar por146.2%	;Disminuir por8.6%	;2	;Disminuir por71.4%	; --%	;163	;Aumentar por27.3%	;Aumentar por8.7%	;1	;Disminuir por90.0%	;Sin cambios	;9	;Disminuir por57.1%	;Aumentar por80.0%	;0	;Disminuir por100.0%	; --%	;
171	;(Miércoles)2026/05/20	;2	; --%	; --%	;0	; --%	; --%	;63	;Disminuir por1.6%	;Disminuir por26.7%	;0	; --%	;Disminuir por100.0%	;150	;Disminuir por9.1%	;Disminuir por13.3%	;0	;Disminuir por100.0%	;Disminuir por100.0%	;12	;Disminuir por60.0%	;Aumentar por71.4%	;0	;Disminuir por100.0%	; --%	;
172	;(Jueves)2026/05/21	;0	; --%	; --%	;0	; --%	;Disminuir por100.0%	;69	;Disminuir por4.2%	;Disminuir por19.8%	;0	; --%	;Disminuir por100.0%	;173	;Aumentar por13.1%	;Aumentar por2.4%	;0	; --%	;Disminuir por100.0%	;8	;Sin cambios	;Disminuir por38.5%	;0	; --%	; --%	;
173	;(Viernes)2026/05/22	;0	; --%	; --%	;0	; --%	; --%	;74	;Aumentar por19.4%	;Disminuir por10.8%	;0	; --%	;Disminuir por100.0%	;152	;Aumentar por2.0%	;Disminuir por14.6%	;1	;Disminuir por66.7%	; --%	;9	;Sin cambios	;Aumentar por12.5%	;0	;Disminuir por100.0%	; --%	;
174	;(Sábado)2026/05/23	;0	; --%	; --%	;0	; --%	; --%	;25	;Aumentar por78.6%	;Disminuir por74.5%	;0	; --%	;Disminuir por100.0%	;128	;Aumentar por62.0%	;Disminuir por31.2%	;0	;Disminuir por100.0%	;Disminuir por100.0%	;2	;Sin cambios	;Disminuir por75.0%	;0	; --%	; --%	;
175	;(Domingo)2026/05/24	;0	; --%	; --%	;0	; --%	; --%	;15	;Disminuir por74.6%	;Disminuir por37.5%	;0	;Disminuir por100.0%	; --%	;90	;Disminuir por46.1%	;Disminuir por30.8%	;0	;Disminuir por100.0%	;Disminuir por100.0%	;3	;Disminuir por50.0%	;Disminuir por25.0%	;0	; --%	; --%	;
176	;(Lunes)2026/05/25	;0	; --%	; --%	;0	; --%	; --%	;76	;Aumentar por230.4%	;Aumentar por442.9%	;0	; --%	;Disminuir por100.0%	;183	;Aumentar por19.6%	;Aumentar por98.9%	;0	;Disminuir por100.0%	;Disminuir por100.0%	;12	;Aumentar por1100.0%	;Aumentar por200.0%	;0	; --%	; --%	;
177	;(Martes)2026/05/26	;1	; --%	;Sin cambios	;0	; --%	; --%	;70	;Aumentar por366.7%	;Disminuir por2.8%	;0	; --%	; --%	;163	;Aumentar por44.2%	;Disminuir por7.9%	;0	;Disminuir por100.0%	; --%	;11	;Aumentar por266.7%	;Aumentar por10.0%	;0	; --%	; --%	;
178	;(Miércoles)2026/05/27	;3	;Aumentar por200.0%	; --%	;0	; --%	; --%	;73	;Aumentar por52.1%	;Aumentar por4.3%	;1	; --%	;Disminuir por50.0%	;168	;Disminuir por8.2%	;Disminuir por2.9%	;1	;Disminuir por50.0%	;Sin cambios	;9	;Aumentar por12.5%	;Sin cambios	;0	;Disminuir por100.0%	;Disminuir por100.0%	;
179	;(Jueves)2026/05/28	;1	; --%	; --%	;0	; --%	; --%	;93	;Aumentar por93.8%	;Aumentar por6.9%	;0	;Disminuir por100.0%	; --%	;160	;Disminuir por4.2%	;Disminuir por21.6%	;0	;Disminuir por100.0%	;Disminuir por100.0%	;13	;Aumentar por1200.0%	;Aumentar por62.5%	;0	; --%	; --%	;
180	;(Viernes)2026/05/29	;1	; --%	;Sin cambios	;0	; --%	; --%	;86	;Aumentar por65.4%	;Disminuir por6.5%	;0	; --%	; --%	;179	;Sin cambios	;Disminuir por8.7%	;0	; --%	;Disminuir por100.0%	;9	;Aumentar por80.0%	;Disminuir por18.2%	;0	; --%	; --%	;
181	;(Sábado)2026/05/30	;0	; --%	; --%	;0	; --%	; --%	;25	;Disminuir por47.9%	;Disminuir por70.2%	;0	;Disminuir por100.0%	; --%	;100	;Disminuir por41.9%	;Disminuir por42.2%	;0	;Disminuir por100.0%	;Disminuir por100.0%	;4	;Disminuir por55.6%	;Disminuir por42.9%	;0	; --%	; --%	;
182	;(Domingo)2026/05/31	;0	; --%	; --%	;0	; --%	; --%	;18	;Disminuir por67.9%	;Disminuir por52.6%	;0	; --%	; --%	;87	;Disminuir por39.6%	;Disminuir por37.9%	;0	;Disminuir por100.0%	;Disminuir por100.0%	;2	;Disminuir por75.0%	;Disminuir por50.0%	;0	; --%	; --%	;
183	;(Lunes)2026/06/01	;2	; --%	; --%	;0	; --%	; --%	;60	;Aumentar por361.5%	;Aumentar por400.0%	;0	; --%	; --%	;183	;Aumentar por125.9%	;Aumentar por103.3%	;0	;Disminuir por100.0%	; --%	;15	;Aumentar por275.0%	;Aumentar por400.0%	;0	; --%	; --%	;
184	;(Martes)2026/06/02	;0	; --%	; --%	;0	; --%	; --%	;83	;Aumentar por730.0%	;Aumentar por20.3%	;1	; --%	; --%	;171	;Aumentar por98.8%	;Disminuir por5.0%	;1	;Disminuir por50.0%	;Disminuir por75.0%	;8	;Aumentar por166.7%	;Sin cambios	;0	; --%	; --%	;
185	;(Miércoles)2026/06/03	;1	; --%	;Sin cambios	;0	; --%	; --%	;68	;Aumentar por44.7%	;Disminuir por17.1%	;0	; --%	; --%	;177	;Aumentar por17.2%	;Disminuir por4.8%	;0	;Disminuir por100.0%	;Disminuir por100.0%	;8	;Disminuir por27.3%	;Sin cambios	;0	; --%	; --%	;
186	;(Jueves)2026/06/04	;0	;Disminuir por100.0%	; --%	;0	; --%	; --%	;70	;Aumentar por29.6%	;Disminuir por12.5%	;0	;Disminuir por100.0%	; --%	;175	;Aumentar por12.2%	;Disminuir por11.2%	;0	; --%	;Disminuir por100.0%	;10	;Aumentar por100.0%	;Disminuir por16.7%	;0	; --%	; --%	;
187	;(Viernes)2026/06/05	;0	; --%	;Disminuir por100.0%	;0	; --%	; --%	;84	;Aumentar por61.5%	;Aumentar por12.0%	;0	;Disminuir por100.0%	; --%	;198	;Aumentar por19.3%	;Aumentar por17.9%	;0	;Disminuir por100.0%	; --%	;9	;Sin cambios	;Aumentar por12.5%	;0	; --%	; --%	;
188	;(Sábado)2026/06/06	;0	; --%	; --%	;0	; --%	; --%	;38	;Disminuir por13.6%	;Disminuir por54.2%	;0	;Disminuir por100.0%	; --%	;112	;Disminuir por1.8%	;Disminuir por35.3%	;0	;Disminuir por100.0%	; --%	;3	;Disminuir por70.0%	;Disminuir por57.1%	;0	; --%	; --%	;
189	;(Domingo)2026/06/07	;2	; --%	; --%	;0	; --%	; --%	;16	;Disminuir por61.0%	;Disminuir por27.3%	;0	;Disminuir por100.0%	; --%	;50	;Disminuir por46.8%	;Disminuir por60.9%	;1	;Sin cambios	; --%	;4	;Disminuir por50.0%	;Disminuir por20.0%	;0	; --%	; --%	;
190	;(Lunes)2026/06/08	;1	; --%	; --%	;0	; --%	; --%	;62	;Aumentar por138.5%	;Aumentar por376.9%	;1	;Sin cambios	; --%	;159	;Aumentar por59.0%	;Aumentar por87.1%	;0	; --%	; --%	;11	;Aumentar por266.7%	;Aumentar por175.0%	;1	; --%	; --%	;
191	;(Martes)2026/06/09	;0	; --%	; --%	;0	; --%	; --%	;77	;Aumentar por450.0%	;Aumentar por14.9%	;0	; --%	;Disminuir por100.0%	;157	;Aumentar por25.6%	;Disminuir por1.3%	;0	;Disminuir por100.0%	;Disminuir por100.0%	;11	;Aumentar por175.0%	;Sin cambios	;0	; --%	;Disminuir por100.0%	;
192	;(Miércoles)2026/06/10	;2	;Aumentar por100.0%	; --%	;0	; --%	; --%	;77	;Aumentar por102.6%	;Aumentar por4.1%	;0	;Disminuir por100.0%	; --%	;170	;Aumentar por82.8%	;Aumentar por4.3%	;0	;Disminuir por100.0%	;Disminuir por100.0%	;16	;Aumentar por220.0%	;Aumentar por45.5%	;0	;Disminuir por100.0%	; --%	;
193	;(Jueves)2026/06/11	;0	; --%	;Disminuir por100.0%	;0	; --%	; --%	;79	; --%	;Aumentar por3.9%	;0	; --%	; --%	;176	; --%	;Aumentar por1.7%	;0	; --%	; --%	;15	; --%	;Aumentar por15.4%	;0	; --%	; --%	;
194	;(Viernes)2026/06/12	;0	; --%	;Disminuir por100.0%	;0	; --%	; --%	;70	;Aumentar por42.9%	;Disminuir por11.4%	;0	; --%	;Disminuir por100.0%	;164	;Disminuir por12.8%	;Disminuir por1.8%	;0	;Disminuir por100.0%	;Disminuir por100.0%	;11	;Aumentar por83.3%	;Disminuir por15.4%	;0	; --%	;Disminuir por100.0%	;
195	;(Sábado)2026/06/13	;1	; --%	; --%	;0	; --%	; --%	;29	;Disminuir por40.8%	;Disminuir por73.1%	;0	; --%	;Disminuir por100.0%	;118	;Disminuir por34.4%	;Disminuir por38.9%	;0	;Disminuir por100.0%	;Disminuir por100.0%	;6	;Sin cambios	;Disminuir por45.5%	;0	; --%	; --%	;
196	;(Domingo)2026/06/14	;0	; --%	; --%	;0	; --%	; --%	;15	;Disminuir por76.2%	;Disminuir por54.5%	;0	;Disminuir por100.0%	; --%	;105	;Disminuir por38.2%	;Disminuir por14.6%	;0	;Disminuir por100.0%	; --%	;5	;Disminuir por37.5%	;Aumentar por25.0%	;0	;Disminuir por100.0%	; --%	;
197	;(Lunes)2026/06/15	;1	; --%	; --%	;0	; --%	; --%	;69	;Aumentar por146.4%	;Aumentar por283.3%	;0	; --%	; --%	;171	;Aumentar por9.6%	;Aumentar por30.5%	;0	; --%	;Disminuir por100.0%	;11	; --%	;Aumentar por120.0%	;0	; --%	; --%	;
198	;(Martes)2026/06/16	;0	; --%	; --%	;0	; --%	; --%	;75	;Aumentar por525.0%	;Disminuir por7.4%	;0	; --%	; --%	;176	;Aumentar por43.1%	;Aumentar por4.8%	;1	;Sin cambios	;Disminuir por50.0%	;10	; --%	;Aumentar por100.0%	;0	; --%	; --%	;
199	;(Miércoles)2026/06/17	;0	; --%	; --%	;0	; --%	; --%	;77	;Aumentar por30.5%	;Aumentar por87.8%	;0	; --%	; --%	;182	;Aumentar por22.1%	;Aumentar por26.4%	;0	; --%	;Disminuir por100.0%	;12	;Aumentar por500.0%	;Aumentar por71.4%	;0	; --%	; --%	;
200	;(Jueves)2026/06/18	;0	;Disminuir por100.0%	; --%	;0	; --%	; --%	;85	;Aumentar por39.3%	;Disminuir por20.6%	;0	;Disminuir por100.0%	; --%	;179	;Aumentar por7.8%	;Disminuir por3.2%	;0	;Disminuir por100.0%	;Disminuir por100.0%	;9	;Aumentar por12.5%	;Aumentar por12.5%	;0	;Disminuir por100.0%	; --%	;
201	;(Viernes)2026/06/19	;0	; --%	; --%	;0	; --%	; --%	;107	;Aumentar por75.4%	;Aumentar por15.1%	;1	; --%	; --%	;177	;Disminuir por1.7%	;Aumentar por7.9%	;1	; --%	;Disminuir por50.0%	;11	;Aumentar por175.0%	;Aumentar por10.0%	;0	; --%	;Disminuir por100.0%	;
202	;(Sábado)2026/06/20	;0	; --%	; --%	;0	; --%	; --%	;29	;Disminuir por50.0%	;Disminuir por71.0%	;0	;Disminuir por100.0%	; --%	;127	;Disminuir por31.7%	;Disminuir por30.2%	;0	;Disminuir por100.0%	; --%	;5	;Aumentar por25.0%	;Disminuir por37.5%	;0	; --%	; --%	;
203	;(Domingo)2026/06/21	;1	; --%	; --%	;0	; --%	; --%	;20	;Disminuir por62.3%	;Disminuir por55.6%	;0	;Disminuir por100.0%	; --%	;114	;Disminuir por51.5%	;Disminuir por39.0%	;0	;Disminuir por100.0%	;Disminuir por100.0%	;3	;Disminuir por57.1%	;Disminuir por50.0%	;0	;Disminuir por100.0%	; --%	;
204	;(Lunes)2026/06/22	;1	; --%	; --%	;0	; --%	; --%	;78	;Aumentar por609.1%	;Aumentar por875.0%	;0	; --%	; --%	;158	;Aumentar por16.2%	;Aumentar por143.1%	;0	;Disminuir por100.0%	; --%	;9	;Aumentar por800.0%	;Aumentar por125.0%	;0	; --%	; --%	;
205	;(Martes)2026/06/23	;0	; --%	;Disminuir por100.0%	;0	; --%	; --%	;94	;Aumentar por683.3%	;Disminuir por1.1%	;0	; --%	;Disminuir por100.0%	;175	;Aumentar por68.3%	;Aumentar por18.2%	;0	;Disminuir por100.0%	; --%	;8	;Aumentar por700.0%	;Disminuir por11.1%	;0	; --%	; --%	;
206	;(Miércoles)2026/06/24	;3	; --%	; --%	;0	; --%	; --%	;41	;Disminuir por25.5%	;Disminuir por41.4%	;0	; --%	; --%	;127	;Disminuir por18.6%	;Disminuir por15.9%	;1	;Disminuir por50.0%	;Sin cambios	;4	;Disminuir por55.6%	;Disminuir por42.9%	;0	;Disminuir por100.0%	; --%	;
207	;(Jueves)2026/06/25	;0	; --%	; --%	;0	; --%	; --%	;90	;Aumentar por57.9%	;Aumentar por20.0%	;2	;Disminuir por71.4%	; --%	;174	;Aumentar por3.6%	;Aumentar por13.0%	;0	;Disminuir por100.0%	;Disminuir por100.0%	;11	;Aumentar por175.0%	;Aumentar por57.1%	;0	; --%	; --%	;
208	;(Viernes)2026/06/26	;0	; --%	; --%	;0	; --%	; --%	;103	;Aumentar por102.0%	;Aumentar por17.0%	;0	; --%	; --%	;176	;Disminuir por3.8%	;Aumentar por0.6%	;0	;Disminuir por100.0%	;Disminuir por100.0%	;10	;Aumentar por150.0%	;Aumentar por42.9%	;0	; --%	; --%	;
209	;(Sábado)2026/06/27	;0	; --%	; --%	;0	; --%	; --%	;32	;Disminuir por40.7%	;Disminuir por61.4%	;0	; --%	; --%	;138	;Disminuir por19.8%	;Disminuir por12.1%	;0	;Disminuir por100.0%	;Disminuir por100.0%	;5	;Sin cambios	;Disminuir por44.4%	;0	; --%	; --%	;
210	;(Domingo)2026/06/28	;0	; --%	; --%	;0	; --%	; --%	;27	;Disminuir por50.9%	;Disminuir por22.9%	;0	; --%	; --%	;117	;Disminuir por35.7%	;Disminuir por8.6%	;0	;Disminuir por100.0%	; --%	;4	;Disminuir por33.3%	;Sin cambios	;0	;Disminuir por100.0%	; --%	;
211	;(Lunes)2026/06/29	;0	; --%	; --%	;0	; --%	; --%	;71	;Aumentar por373.3%	;Aumentar por343.8%	;0	; --%	;Disminuir por100.0%	;161	;Aumentar por5.9%	;Aumentar por78.9%	;3	; --%	;Aumentar por50.0%	;20	;Aumentar por900.0%	;Aumentar por300.0%	;3	; --%	;Aumentar por200.0%	;
212	;(Martes)2026/06/30	;1	; --%	;Sin cambios	;0	; --%	; --%	;81	;Aumentar por912.5%	;Aumentar por15.7%	;0	; --%	;Disminuir por100.0%	;156	;Aumentar por52.9%	;Disminuir por8.8%	;0	;Disminuir por100.0%	;Disminuir por100.0%	;21	;Aumentar por2000.0%	;Aumentar por425.0%	;0	; --%	; --%	;
213	;(Miércoles)2026/07/01	;2	; --%	; --%	;0	; --%	; --%	;74	;Aumentar por10.4%	;Aumentar por12.1%	;0	; --%	; --%	;159	;Aumentar por4.6%	;Sin cambios	;0	; --%	;Disminuir por100.0%	;10	;Aumentar por150.0%	;Aumentar por25.0%	;0	; --%	; --%	;
214	;(Jueves)2026/07/02	;0	; --%	; --%	;0	; --%	; --%	;70	;Aumentar por89.2%	;Disminuir por7.9%	;1	; --%	; --%	;147	;Disminuir por1.3%	;Disminuir por25.8%	;1	;Sin cambios	;Disminuir por66.7%	;9	;Disminuir por25.0%	;Disminuir por30.8%	;0	;Disminuir por100.0%	;Disminuir por100.0%	;
215	;(Viernes)2026/07/03	;0	;Disminuir por100.0%	;Disminuir por100.0%	;0	; --%	; --%	;83	;Aumentar por40.7%	;Aumentar por2.5%	;0	;Disminuir por100.0%	; --%	;158	;Disminuir por1.9%	;Disminuir por3.7%	;3	; --%	; --%	;9	;Aumentar por80.0%	;Aumentar por12.5%	;0	; --%	; --%	;
216	;(Sábado)2026/07/04	;1	; --%	; --%	;0	; --%	; --%	;35	;Disminuir por39.7%	;Disminuir por57.8%	;0	; --%	; --%	;131	;Disminuir por21.6%	;Disminuir por20.1%	;0	;Disminuir por100.0%	; --%	;7	;Aumentar por75.0%	;Disminuir por58.8%	;1	; --%	; --%	;
217	;(Domingo)2026/07/05	;0	;Disminuir por100.0%	; --%	;0	; --%	; --%	;24	;Disminuir por63.1%	;Disminuir por44.2%	;0	; --%	; --%	;110	;Disminuir por49.1%	;Disminuir por12.0%	;0	;Disminuir por100.0%	; --%	;5	;Disminuir por92.1%	;Disminuir por16.7%	;0	;Disminuir por100.0%	; --%	;
218	;(Lunes)2026/07/06	;2	; --%	; --%	;0	; --%	; --%	;78	;Aumentar por333.3%	;Aumentar por500.0%	;1	;Disminuir por75.0%	; --%	;160	;Aumentar por150.0%	;Aumentar por35.6%	;3	;Disminuir por90.6%	; --%	;13	;Aumentar por333.3%	;Aumentar por116.7%	;0	;Disminuir por100.0%	; --%	;
219	;(Martes)2026/07/07	;0	; --%	;Disminuir por100.0%	;0	; --%	; --%	;78	;Aumentar por1200.0%	;Aumentar por2.6%	;0	;Disminuir por100.0%	; --%	;138	;Aumentar por112.3%	;Disminuir por16.4%	;0	;Disminuir por100.0%	; --%	;6	;Aumentar por100.0%	;Disminuir por45.5%	;0	;Disminuir por100.0%	; --%	;
220	;(Miércoles)2026/07/08	;0	; --%	; --%	;0	; --%	; --%	;73	;Aumentar por49.0%	;Aumentar por15.9%	;0	;Disminuir por100.0%	; --%	;174	;Aumentar por5.5%	;Aumentar por1.2%	;1	;Disminuir por91.7%	; --%	;11	;Aumentar por10.0%	;Disminuir por8.3%	;0	; --%	; --%	;
221	;(Jueves)2026/07/09	;0	;Disminuir por100.0%	; --%	;0	; --%	; --%	;86	;Aumentar por48.3%	;Aumentar por50.9%	;2	; --%	;Sin cambios	;167	;Disminuir por2.9%	;Disminuir por14.4%	;2	;Sin cambios	; --%	;9	;Disminuir por18.2%	;Sin cambios	;0	;Disminuir por100.0%	; --%	;
222	;(Viernes)2026/07/10	;0	; --%	; --%	;0	; --%	; --%	;87	;Aumentar por70.6%	;Sin cambios	;1	;Sin cambios	; --%	;167	;Aumentar por4.4%	;Aumentar por5.0%	;1	; --%	;Disminuir por50.0%	;14	;Aumentar por27.3%	;Aumentar por40.0%	;0	;Disminuir por100.0%	; --%	;
223	;(Sábado)2026/07/11	;1	; --%	;Sin cambios	;0	; --%	; --%	;32	;Disminuir por53.6%	;Disminuir por60.5%	;0	; --%	; --%	;117	;Disminuir por39.1%	;Disminuir por40.6%	;0	; --%	;Disminuir por100.0%	;8	;Disminuir por11.1%	;Sin cambios	;0	; --%	; --%	;
224	;(Domingo)2026/07/12	;0	;Disminuir por100.0%	;Disminuir por100.0%	;0	; --%	; --%	;22	;Disminuir por70.3%	;Disminuir por56.0%	;0	;Disminuir por100.0%	; --%	;97	;Disminuir por41.9%	;Disminuir por24.8%	;0	;Disminuir por100.0%	; --%	;8	;Disminuir por11.1%	;Aumentar por100.0%	;0	; --%	; --%	;
225	;(Lunes)2026/07/13	;1	; --%	; --%	;0	; --%	; --%	;68	;Aumentar por277.8%	;Aumentar por161.5%	;0	; --%	;Disminuir por100.0%	;148	;Aumentar por27.6%	;Aumentar por39.6%	;0	;Disminuir por100.0%	; --%	;11	;Aumentar por450.0%	;Aumentar por120.0%	;1	; --%	; --%	;
226	;(Martes)2026/07/14	;2	; --%	;Aumentar por100.0%	;0	; --%	; --%	;59	;Aumentar por490.0%	;Disminuir por18.1%	;0	; --%	;Disminuir por100.0%	;89	;Disminuir por17.6%	;Disminuir por38.2%	;1	;Disminuir por50.0%	;Disminuir por50.0%	;11	;Aumentar por1000.0%	;Disminuir por8.3%	;0	; --%	; --%	;
