Análisis de tipo multiobjetivo	;
Información básica	;
Hora de exportación: 2026/07/14 13:48:02	;
Operador: Touristcheck	;
Objetivo de estadísticas: Cruce CV-140 - Cami Vell	;
Exportar contenido:Número de personas,Vehículos a motor,Vehículos sin motor	;
Hora del informe: 2025/12/01 00:00:00 - 2026/07/14 23:59:59	;

Personas totales	; 	; 	; 	; 	; 	;Total de vehículos a motor	; 	; 	; 	; 	; 	;Total de vehículos sin motor	;
Avanzar	; 	; 	;Retroceso	; 	; 	;Avanzar	; 	; 	;Retroceso	; 	; 	;Avanzar	; 	; 	;Retroceso	;
Valor	;Tasa de cambio (ciclo tras ciclo)	;Tasa de cambio (año tras año)	;Valor	;Tasa de cambio (ciclo tras ciclo)	;Tasa de cambio (año tras año)	;Valor	;Tasa de cambio (ciclo tras ciclo)	;Tasa de cambio (año tras año)	;Valor	;Tasa de cambio (ciclo tras ciclo)	;Tasa de cambio (año tras año)	;Valor	;Tasa de cambio (ciclo tras ciclo)	;Tasa de cambio (año tras año)	;Valor	;Tasa de cambio (ciclo tras ciclo)	;Tasa de cambio (año tras año)	;
20351	;Disminuir por33.6%	;Aumentar por123.8%	;17635	;Disminuir por34.8%	;Aumentar por124.5%	;556664	;Disminuir por11.8%	;Aumentar por143.8%	;551955	;Disminuir por13.6%	;Aumentar por138.7%	;60169	;Disminuir por23.2%	;Aumentar por125.1%	;90813	;Disminuir por23.2%	;Aumentar por125.4%	;

N.º	;Hora	;Personas	; 	; 	; 	; 	; 	;Vehículos a motor	; 	; 	; 	; 	; 	;Vehículos sin motor	;
	;	;Avanzar	; 	; 	;Retroceso	; 	; 	;Avanzar	; 	; 	;Retroceso	; 	; 	;Avanzar	; 	; 	;Retroceso	;
	;	;Valor	;Tasa de cambio (ciclo tras ciclo)	;Tasa de cambio (año tras año)	;Valor	;Tasa de cambio (ciclo tras ciclo)	;Tasa de cambio (año tras año)	;Valor	;Tasa de cambio (ciclo tras ciclo)	;Tasa de cambio (año tras año)	;Valor	;Tasa de cambio (ciclo tras ciclo)	;Tasa de cambio (año tras año)	;Valor	;Tasa de cambio (ciclo tras ciclo)	;Tasa de cambio (año tras año)	;Valor	;Tasa de cambio (ciclo tras ciclo)	;Tasa de cambio (año tras año)	;
1	;(Lunes)2025/12/01	;71	;Disminuir por69.8%	; --%	;68	;Disminuir por66.5%	; --%	;2269	;Disminuir por46.2%	; --%	;2254	;Disminuir por42.7%	; --%	;217	;Disminuir por63.3%	; --%	;302	;Disminuir por61.7%	; --%	;
2	;(Martes)2025/12/02	;62	;Disminuir por62.4%	; --%	;59	;Disminuir por66.1%	; --%	;2185	;Disminuir por19.7%	; --%	;2260	;Disminuir por21.9%	; --%	;180	;Disminuir por56.7%	; --%	;261	;Disminuir por51.7%	; --%	;
3	;(Miércoles)2025/12/03	;77	;Disminuir por42.5%	; --%	;72	;Disminuir por41.9%	; --%	;2194	;Disminuir por10.6%	; --%	;2291	;Disminuir por14.6%	; --%	;151	;Disminuir por60.7%	; --%	;246	;Disminuir por53.1%	; --%	;
4	;(Jueves)2025/12/04	;74	;Disminuir por34.5%	; --%	;58	;Disminuir por35.6%	; --%	;2347	;Disminuir por19.3%	; --%	;2329	;Disminuir por20.6%	; --%	;198	;Disminuir por15.0%	; --%	;256	;Disminuir por11.1%	; --%	;
5	;(Viernes)2025/12/05	;86	;Disminuir por39.0%	; --%	;66	;Disminuir por43.6%	; --%	;2571	;Disminuir por3.1%	; --%	;2531	;Disminuir por6.7%	; --%	;240	;Disminuir por25.7%	; --%	;324	;Disminuir por32.1%	; --%	;
6	;(Sábado)2025/12/06	;95	;Disminuir por25.2%	; --%	;94	;Disminuir por21.7%	; --%	;2858	;Aumentar por7.5%	; --%	;2705	;Aumentar por0.4%	; --%	;291	;Disminuir por19.2%	; --%	;402	;Disminuir por16.6%	; --%	;
7	;(Domingo)2025/12/07	;116	;Disminuir por0.9%	; --%	;81	;Disminuir por10.0%	; --%	;2699	;Sin cambios	; --%	;2716	;Disminuir por3.2%	; --%	;258	;Disminuir por29.1%	; --%	;340	;Disminuir por33.2%	; --%	;
8	;(Lunes)2025/12/08	;96	;Disminuir por12.7%	; --%	;93	;Aumentar por19.2%	; --%	;1740	;Disminuir por29.3%	; --%	;1746	;Disminuir por31.5%	; --%	;196	;Disminuir por41.0%	; --%	;278	;Disminuir por38.6%	; --%	;
9	;(Martes)2025/12/09	;81	;Disminuir por6.9%	; --%	;70	;Disminuir por20.5%	; --%	;2358	;Aumentar por32.0%	; --%	;2374	;Aumentar por29.3%	; --%	;230	;Aumentar por5.0%	; --%	;342	;Aumentar por2.1%	; --%	;
10	;(Miércoles)2025/12/10	;77	;Aumentar por113.9%	; --%	;74	;Aumentar por196.0%	; --%	;2311	;Aumentar por157.9%	; --%	;2318	;Aumentar por154.2%	; --%	;187	;Aumentar por22.2%	; --%	;289	;Aumentar por80.6%	; --%	;
11	;(Jueves)2025/12/11	;74	;Aumentar por54.2%	; --%	;55	;Aumentar por14.6%	; --%	;2191	;Aumentar por32.9%	; --%	;2257	;Aumentar por36.8%	; --%	;174	;Aumentar por16.8%	; --%	;291	;Aumentar por11.1%	; --%	;
12	;(Viernes)2025/12/12	;73	;Disminuir por9.9%	; --%	;45	;Disminuir por40.0%	; --%	;2506	;Disminuir por18.3%	; --%	;2407	;Disminuir por18.7%	; --%	;241	;Disminuir por17.2%	; --%	;350	;Disminuir por14.6%	; --%	;
13	;(Sábado)2025/12/13	;75	;Disminuir por31.2%	; --%	;55	;Disminuir por40.2%	; --%	;2027	;Disminuir por13.8%	; --%	;2013	;Disminuir por13.8%	; --%	;199	;Disminuir por37.0%	; --%	;253	;Disminuir por39.5%	; --%	;
14	;(Domingo)2025/12/14	;23	;Aumentar por666.7%	; --%	;16	;Aumentar por300.0%	; --%	;1104	;Aumentar por903.6%	; --%	;1107	;Aumentar por658.2%	; --%	;19	;Aumentar por375.0%	; --%	;35	;Aumentar por169.2%	; --%	;
15	;(Lunes)2025/12/15	;25	; --%	; --%	;29	; --%	; --%	;2085	; --%	; --%	;2035	; --%	; --%	;61	; --%	; --%	;70	; --%	; --%	;
16	;(Martes)2025/12/16	;40	; --%	; --%	;36	; --%	; --%	;2189	; --%	; --%	;2227	; --%	; --%	;88	; --%	; --%	;120	; --%	; --%	;
17	;(Miércoles)2025/12/17	;27	;Aumentar por8.0%	; --%	;20	;Disminuir por4.8%	; --%	;2131	;Aumentar por139.7%	; --%	;2027	;Aumentar por145.1%	; --%	;35	;Disminuir por35.2%	; --%	;51	;Disminuir por49.5%	; --%	;
18	;(Jueves)2025/12/18	;60	;Disminuir por22.1%	; --%	;67	;Disminuir por24.7%	; --%	;2252	;Disminuir por12.3%	; --%	;2345	;Disminuir por9.5%	; --%	;207	;Disminuir por26.3%	; --%	;295	;Disminuir por25.5%	; --%	;
19	;(Viernes)2025/12/19	;73	;Sin cambios	; --%	;59	;Disminuir por28.0%	; --%	;2437	;Disminuir por7.5%	; --%	;2443	;Disminuir por9.1%	; --%	;236	;Disminuir por14.2%	; --%	;317	;Disminuir por21.9%	; --%	;
20	;(Sábado)2025/12/20	;65	;Aumentar por8.3%	; --%	;52	;Aumentar por26.8%	; --%	;2140	;Disminuir por19.4%	; --%	;2028	;Disminuir por24.1%	; --%	;232	;Aumentar por16.0%	; --%	;270	;Aumentar por12.0%	; --%	;
21	;(Domingo)2025/12/21	;69	;Disminuir por30.3%	; --%	;46	;Disminuir por48.9%	; --%	;1458	;Disminuir por47.7%	; --%	;1465	;Disminuir por46.2%	; --%	;130	;Disminuir por57.7%	; --%	;189	;Disminuir por54.2%	; --%	;
22	;(Lunes)2025/12/22	;76	;Disminuir por6.2%	; --%	;54	;Aumentar por3.8%	; --%	;2476	;Aumentar por1.9%	; --%	;2347	;Disminuir por2.9%	; --%	;211	;Disminuir por24.4%	; --%	;338	;Disminuir por6.6%	; --%	;
23	;(Martes)2025/12/23	;66	;Disminuir por27.5%	; --%	;51	;Disminuir por32.0%	; --%	;2336	;Aumentar por36.9%	; --%	;2353	;Aumentar por27.8%	; --%	;222	;Disminuir por14.9%	; --%	;290	;Disminuir por13.9%	; --%	;
24	;(Miércoles)2025/12/24	;73	;Disminuir por21.5%	; --%	;62	;Disminuir por24.4%	; --%	;2004	;Disminuir por24.2%	; --%	;2068	;Disminuir por22.3%	; --%	;176	;Disminuir por54.3%	; --%	;254	;Disminuir por51.7%	; --%	;
25	;(Jueves)2025/12/25	;19	;Disminuir por79.8%	; --%	;21	;Disminuir por73.8%	; --%	;1186	;Disminuir por52.4%	; --%	;1251	;Disminuir por50.1%	; --%	;17	;Disminuir por94.8%	; --%	;32	;Disminuir por93.3%	; --%	;
26	;(Viernes)2025/12/26	;34	;Disminuir por38.2%	; --%	;26	;Disminuir por31.6%	; --%	;1822	;Disminuir por3.3%	; --%	;1921	;Disminuir por1.6%	; --%	;48	;Disminuir por78.9%	; --%	;63	;Disminuir por77.7%	; --%	;
27	;(Sábado)2025/12/27	;25	; --%	; --%	;17	; --%	; --%	;1533	; --%	; --%	;1533	; --%	; --%	;37	; --%	; --%	;48	; --%	; --%	;
28	;(Domingo)2025/12/28	;55	;Aumentar por31.0%	; --%	;45	;Sin cambios	; --%	;1387	;Aumentar por24.7%	; --%	;1251	;Aumentar por8.6%	; --%	;39	;Disminuir por58.1%	; --%	;56	;Disminuir por68.2%	; --%	;
29	;(Lunes)2025/12/29	;58	;Disminuir por38.9%	; --%	;57	;Disminuir por32.1%	; --%	;2070	;Disminuir por20.4%	; --%	;2125	;Disminuir por17.1%	; --%	;107	;Disminuir por66.8%	; --%	;154	;Disminuir por68.3%	; --%	;
30	;(Martes)2025/12/30	;79	;Disminuir por13.2%	; --%	;72	;Disminuir por20.0%	; --%	;2461	;Aumentar por37.8%	; --%	;2373	;Aumentar por30.8%	; --%	;277	;Disminuir por2.1%	; --%	;372	;Disminuir por11.8%	; --%	;
31	;(Miércoles)2025/12/31	;77	;Disminuir por30.6%	; --%	;73	;Disminuir por20.7%	; --%	;2161	;Disminuir por16.7%	; --%	;2130	;Disminuir por20.2%	; --%	;243	;Disminuir por38.9%	; --%	;317	;Disminuir por40.3%	; --%	;
32	;(Jueves)2026/01/01	;36	;Disminuir por64.7%	; --%	;48	;Disminuir por49.5%	; --%	;1332	;Disminuir por47.7%	; --%	;1400	;Disminuir por45.6%	; --%	;141	;Disminuir por51.7%	; --%	;189	;Disminuir por63.5%	; --%	;
33	;(Viernes)2026/01/02	;56	;Disminuir por45.6%	; --%	;57	;Disminuir por33.7%	; --%	;2287	;Disminuir por13.2%	; --%	;2251	;Disminuir por16.4%	; --%	;252	;Disminuir por14.3%	; --%	;284	;Disminuir por36.7%	; --%	;
34	;(Sábado)2026/01/03	;59	;Disminuir por43.3%	; --%	;75	;Disminuir por13.8%	; --%	;2054	;Disminuir por23.2%	; --%	;1999	;Disminuir por27.4%	; --%	;230	;Disminuir por19.6%	; --%	;269	;Disminuir por35.5%	; --%	;
35	;(Domingo)2026/01/04	;24	;Disminuir por78.4%	; --%	;17	;Disminuir por79.0%	; --%	;1158	;Disminuir por59.7%	; --%	;1179	;Disminuir por58.8%	; --%	;40	;Disminuir por87.8%	; --%	;61	;Disminuir por87.8%	; --%	;
36	;(Lunes)2026/01/05	;57	;Disminuir por52.5%	; --%	;53	;Disminuir por39.1%	; --%	;2032	;Disminuir por19.2%	; --%	;2106	;Disminuir por18.9%	; --%	;166	;Disminuir por46.6%	; --%	;197	;Disminuir por57.8%	; --%	;
37	;(Martes)2026/01/06	;33	;Disminuir por64.5%	; --%	;31	;Disminuir por67.0%	; --%	;1165	;Disminuir por33.6%	; --%	;1186	;Disminuir por33.9%	; --%	;88	;Disminuir por67.5%	; --%	;110	;Disminuir por69.6%	; --%	;
38	;(Miércoles)2026/01/07	;83	;Disminuir por20.2%	; --%	;73	;Disminuir por25.5%	; --%	;2182	;Disminuir por17.2%	; --%	;2234	;Disminuir por17.6%	; --%	;231	;Disminuir por29.4%	; --%	;284	;Disminuir por44.3%	; --%	;
39	;(Jueves)2026/01/08	;52	;Disminuir por41.6%	; --%	;53	;Disminuir por41.1%	; --%	;2150	;Disminuir por17.5%	; --%	;2131	;Disminuir por19.3%	; --%	;220	;Disminuir por33.9%	; --%	;314	;Disminuir por36.3%	; --%	;
40	;(Viernes)2026/01/09	;74	;Disminuir por20.4%	; --%	;59	;Disminuir por42.7%	; --%	;2247	;Disminuir por15.4%	; --%	;2228	;Disminuir por18.1%	; --%	;222	;Disminuir por16.9%	; --%	;297	;Disminuir por35.6%	; --%	;
41	;(Sábado)2026/01/10	;49	;Disminuir por51.5%	; --%	;57	;Disminuir por47.7%	; --%	;1747	;Disminuir por35.7%	; --%	;1732	;Disminuir por38.8%	; --%	;205	;Disminuir por11.6%	; --%	;294	;Disminuir por27.4%	; --%	;
42	;(Domingo)2026/01/11	;47	;Disminuir por54.4%	; --%	;48	;Disminuir por42.2%	; --%	;1136	;Disminuir por61.0%	; --%	;1182	;Disminuir por60.8%	; --%	;165	;Disminuir por42.5%	; --%	;220	;Disminuir por59.6%	; --%	;
43	;(Lunes)2026/01/12	;65	;Disminuir por31.6%	; --%	;74	;Disminuir por11.9%	; --%	;2206	;Disminuir por21.8%	; --%	;2217	;Disminuir por21.5%	; --%	;271	;Disminuir por13.4%	; --%	;405	;Disminuir por24.4%	; --%	;
44	;(Martes)2026/01/13	;67	;Disminuir por23.9%	; --%	;75	;Disminuir por13.8%	; --%	;2195	;Aumentar por14.9%	; --%	;2200	;Aumentar por7.6%	; --%	;260	;Disminuir por20.2%	; --%	;355	;Disminuir por22.8%	; --%	;
45	;(Miércoles)2026/01/14	;71	;Disminuir por31.1%	; --%	;67	;Disminuir por32.3%	; --%	;2092	;Disminuir por33.7%	; --%	;2123	;Disminuir por34.5%	; --%	;261	;Disminuir por35.6%	; --%	;336	;Disminuir por38.6%	; --%	;
46	;(Jueves)2026/01/15	;65	;Disminuir por34.3%	; --%	;67	;Disminuir por6.9%	; --%	;2181	;Disminuir por20.7%	; --%	;2157	;Disminuir por22.7%	; --%	;251	;Disminuir por25.7%	; --%	;351	;Disminuir por27.3%	; --%	;
47	;(Viernes)2026/01/16	;65	;Disminuir por32.3%	; --%	;57	;Disminuir por26.0%	; --%	;2219	;Disminuir por20.1%	; --%	;2281	;Disminuir por17.8%	; --%	;250	;Disminuir por19.6%	; --%	;366	;Disminuir por25.8%	; --%	;
48	;(Sábado)2026/01/17	;37	;Disminuir por48.6%	; --%	;35	;Disminuir por45.3%	; --%	;1596	;Disminuir por43.4%	; --%	;1519	;Disminuir por46.6%	; --%	;54	;Disminuir por84.6%	; --%	;67	;Disminuir por87.3%	; --%	;
49	;(Domingo)2026/01/18	;51	;Disminuir por44.6%	; --%	;60	;Disminuir por11.8%	; --%	;1169	;Disminuir por62.2%	; --%	;1182	;Disminuir por60.9%	; --%	;173	;Disminuir por54.4%	; --%	;206	;Disminuir por62.5%	; --%	;
50	;(Lunes)2026/01/19	;65	;Disminuir por39.8%	; --%	;55	;Disminuir por35.3%	; --%	;2155	;Disminuir por32.7%	; --%	;2143	;Disminuir por31.6%	; --%	;218	;Disminuir por40.6%	; --%	;277	;Disminuir por52.9%	; --%	;
51	;(Martes)2026/01/20	;31	;Disminuir por69.3%	; --%	;28	;Disminuir por67.1%	; --%	;2266	;Aumentar por1.7%	; --%	;2379	;Disminuir por5.5%	; --%	;50	;Disminuir por85.9%	; --%	;83	;Disminuir por82.8%	; --%	;
52	;(Miércoles)2026/01/21	;68	;Disminuir por45.6%	; --%	;53	;Disminuir por39.8%	; --%	;2466	;Disminuir por21.5%	; --%	;2664	;Disminuir por18.9%	; --%	;245	;Disminuir por40.0%	; --%	;320	;Disminuir por44.5%	; --%	;
53	;(Jueves)2026/01/22	;75	;Disminuir por19.4%	; --%	;59	;Disminuir por19.2%	; --%	;2329	;Disminuir por16.6%	; --%	;2309	;Disminuir por18.3%	; --%	;200	;Disminuir por42.9%	; --%	;300	;Disminuir por38.4%	; --%	;
54	;(Viernes)2026/01/23	;95	;Disminuir por18.8%	; --%	;81	;Disminuir por12.0%	; --%	;2335	;Disminuir por20.0%	; --%	;2320	;Disminuir por21.8%	; --%	;244	;Disminuir por37.9%	; --%	;351	;Disminuir por35.2%	; --%	;
55	;(Sábado)2026/01/24	;59	;Disminuir por50.0%	; --%	;58	;Disminuir por24.7%	; --%	;1953	;Disminuir por32.2%	; --%	;1941	;Disminuir por31.3%	; --%	;231	;Disminuir por35.1%	; --%	;265	;Disminuir por50.2%	; --%	;
56	;(Domingo)2026/01/25	;52	;Disminuir por49.5%	; --%	;63	;Disminuir por14.9%	; --%	;1279	;Disminuir por59.2%	; --%	;1357	;Disminuir por58.8%	; --%	;167	;Disminuir por61.9%	; --%	;232	;Disminuir por62.3%	; --%	;
57	;(Lunes)2026/01/26	;71	;Disminuir por39.8%	; --%	;56	;Disminuir por39.8%	; --%	;2249	;Disminuir por25.3%	; --%	;2227	;Disminuir por25.1%	; --%	;323	;Disminuir por17.2%	; --%	;426	;Disminuir por26.0%	; --%	;
58	;(Martes)2026/01/27	;65	;Disminuir por15.6%	; --%	;55	;Disminuir por8.3%	; --%	;2155	;Disminuir por0.8%	; --%	;2175	;Disminuir por5.8%	; --%	;177	;Disminuir por47.9%	; --%	;258	;Disminuir por49.6%	; --%	;
59	;(Miércoles)2026/01/28	;48	;Disminuir por52.5%	; --%	;45	;Disminuir por45.8%	; --%	;2151	;Disminuir por30.7%	; --%	;2209	;Disminuir por30.2%	; --%	;96	;Disminuir por72.4%	; --%	;146	;Disminuir por74.0%	; --%	;
60	;(Jueves)2026/01/29	;59	;Disminuir por49.6%	; --%	;41	;Disminuir por56.4%	; --%	;2177	;Disminuir por26.2%	; --%	;2238	;Disminuir por24.5%	; --%	;227	;Disminuir por45.6%	; --%	;305	;Disminuir por49.2%	; --%	;
61	;(Viernes)2026/01/30	;68	;Disminuir por34.0%	; --%	;63	;Disminuir por25.9%	; --%	;2319	;Disminuir por21.2%	; --%	;2337	;Disminuir por22.4%	; --%	;245	;Disminuir por20.2%	; --%	;360	;Disminuir por34.8%	; --%	;
62	;(Sábado)2026/01/31	;54	;Disminuir por45.5%	; --%	;53	;Disminuir por44.8%	; --%	;1802	;Disminuir por39.2%	; --%	;1736	;Disminuir por42.6%	; --%	;118	;Disminuir por66.9%	; --%	;167	;Disminuir por68.5%	; --%	;
63	;(Domingo)2026/02/01	;53	;Disminuir por55.8%	; --%	;51	;Disminuir por41.4%	; --%	;1184	;Disminuir por63.6%	; --%	;1204	;Disminuir por62.8%	; --%	;180	;Disminuir por50.3%	; --%	;230	;Disminuir por61.4%	; --%	;
64	;(Lunes)2026/02/02	;68	;Disminuir por46.0%	; --%	;42	;Disminuir por59.6%	; --%	;2265	;Disminuir por31.3%	; --%	;2315	;Disminuir por29.0%	; --%	;322	;Disminuir por13.7%	; --%	;452	;Disminuir por26.7%	; --%	;
65	;(Martes)2026/02/03	;63	;Disminuir por50.4%	; --%	;63	;Disminuir por46.6%	; --%	;2189	;Disminuir por4.2%	; --%	;2202	;Disminuir por2.5%	; --%	;256	;Disminuir por29.1%	; --%	;326	;Disminuir por34.8%	; --%	;
66	;(Miércoles)2026/02/04	;73	;Aumentar por58.7%	; --%	;53	;Aumentar por47.2%	; --%	;2161	;Aumentar por66.6%	; --%	;2194	;Aumentar por84.5%	; --%	;211	;Aumentar por59.8%	; --%	;303	;Aumentar por62.0%	; --%	;
67	;(Jueves)2026/02/05	;56	;Disminuir por44.0%	; --%	;54	;Disminuir por55.0%	; --%	;2205	;Disminuir por23.0%	; --%	;2268	;Disminuir por26.5%	; --%	;203	;Disminuir por41.7%	; --%	;304	;Disminuir por46.9%	; --%	;
68	;(Viernes)2026/02/06	;64	;Disminuir por45.8%	; --%	;68	;Disminuir por39.8%	; --%	;2259	;Disminuir por30.8%	; --%	;2285	;Disminuir por31.3%	; --%	;279	;Disminuir por19.4%	; --%	;417	;Disminuir por30.7%	; --%	;
69	;(Sábado)2026/02/07	;64	;Disminuir por42.3%	; --%	;66	;Disminuir por39.4%	; --%	;1892	;Disminuir por40.3%	; --%	;1866	;Disminuir por42.5%	; --%	;288	;Disminuir por10.3%	; --%	;391	;Disminuir por32.2%	; --%	;
70	;(Domingo)2026/02/08	;54	;Disminuir por56.5%	; --%	;50	;Disminuir por45.7%	; --%	;1242	;Disminuir por63.3%	; --%	;1369	;Disminuir por59.4%	; --%	;156	;Disminuir por52.4%	; --%	;225	;Disminuir por61.3%	; --%	;
71	;(Lunes)2026/02/09	;82	;Disminuir por37.4%	; --%	;60	;Disminuir por54.9%	; --%	;2265	;Disminuir por31.3%	; --%	;2283	;Disminuir por29.0%	; --%	;390	;Aumentar por24.6%	; --%	;510	;Disminuir por8.8%	; --%	;
72	;(Martes)2026/02/10	;59	;Disminuir por44.3%	; --%	;54	;Disminuir por44.9%	; --%	;2193	;Disminuir por9.7%	; --%	;2219	;Disminuir por14.2%	; --%	;297	;Disminuir por7.5%	; --%	;369	;Disminuir por26.9%	; --%	;
73	;(Miércoles)2026/02/11	;58	;Disminuir por44.8%	; --%	;61	;Disminuir por39.0%	; --%	;2232	;Disminuir por32.9%	; --%	;2246	;Disminuir por32.3%	; --%	;302	;Disminuir por0.3%	; --%	;443	;Disminuir por23.6%	; --%	;
74	;(Jueves)2026/02/12	;59	;Disminuir por32.2%	; --%	;64	;Disminuir por14.7%	; --%	;2211	;Aumentar por6.2%	; --%	;2317	;Aumentar por6.7%	; --%	;190	;Disminuir por6.4%	; --%	;320	;Disminuir por10.6%	; --%	;
75	;(Viernes)2026/02/13	;56	;Disminuir por9.7%	; --%	;39	;Disminuir por31.6%	; --%	;2508	;Aumentar por18.1%	; --%	;2532	;Aumentar por21.8%	; --%	;215	;Aumentar por27.2%	; --%	;273	;Disminuir por13.3%	; --%	;
76	;(Sábado)2026/02/14	;16	;Disminuir por88.1%	; --%	;19	;Disminuir por83.0%	; --%	;1191	;Disminuir por64.0%	; --%	;1202	;Disminuir por64.7%	; --%	;11	;Disminuir por97.0%	; --%	;17	;Disminuir por97.2%	; --%	;
77	;(Domingo)2026/02/15	;48	;Disminuir por67.6%	; --%	;61	;Disminuir por48.3%	; --%	;1318	;Disminuir por62.9%	; --%	;1371	;Disminuir por61.0%	; --%	;151	;Disminuir por63.7%	; --%	;218	;Disminuir por66.1%	; --%	;
78	;(Lunes)2026/02/16	;82	;Disminuir por47.8%	; --%	;77	;Disminuir por32.5%	; --%	;2336	;Disminuir por34.0%	; --%	;2465	;Disminuir por28.6%	; --%	;411	;Aumentar por0.7%	; --%	;587	;Aumentar por4.3%	; --%	;
79	;(Martes)2026/02/17	;83	;Disminuir por43.9%	; --%	;72	;Disminuir por46.3%	; --%	;2321	;Disminuir por14.9%	; --%	;2263	;Disminuir por17.7%	; --%	;316	;Disminuir por9.5%	; --%	;450	;Disminuir por21.9%	; --%	;
80	;(Miércoles)2026/02/18	;65	;Disminuir por60.8%	; --%	;74	;Disminuir por43.9%	; --%	;2278	;Disminuir por36.4%	; --%	;2213	;Disminuir por37.5%	; --%	;280	;Disminuir por18.8%	; --%	;351	;Disminuir por44.1%	; --%	;
81	;(Jueves)2026/02/19	;77	;Disminuir por59.5%	; --%	;56	;Disminuir por65.4%	; --%	;2243	;Disminuir por36.0%	; --%	;2241	;Disminuir por36.7%	; --%	;176	;Disminuir por53.9%	; --%	;268	;Disminuir por60.2%	; --%	;
82	;(Viernes)2026/02/20	;95	;Disminuir por18.1%	; --%	;65	;Disminuir por34.3%	; --%	;2482	;Disminuir por30.5%	; --%	;2341	;Disminuir por37.0%	; --%	;225	;Aumentar por25.0%	; --%	;362	;Aumentar por46.6%	; --%	;
83	;(Sábado)2026/02/21	;96	;Disminuir por42.5%	; --%	;88	;Disminuir por30.2%	; --%	;2121	;Disminuir por35.9%	; --%	;2004	;Disminuir por39.9%	; --%	;338	;Disminuir por28.7%	; --%	;438	;Disminuir por28.3%	; --%	;
84	;(Domingo)2026/02/22	;79	;Disminuir por48.0%	; --%	;67	;Disminuir por51.8%	; --%	;1361	;Disminuir por62.0%	; --%	;1215	;Disminuir por67.6%	; --%	;198	;Disminuir por34.2%	; --%	;261	;Disminuir por45.1%	; --%	;
85	;(Lunes)2026/02/23	;86	;Disminuir por24.6%	; --%	;79	;Disminuir por24.0%	; --%	;2350	;Disminuir por31.4%	; --%	;2260	;Disminuir por31.7%	; --%	;351	;Aumentar por84.7%	; --%	;505	;Aumentar por79.1%	; --%	;
86	;(Martes)2026/02/24	;73	;Disminuir por59.4%	; --%	;76	;Disminuir por49.7%	; --%	;2216	;Disminuir por18.6%	; --%	;2194	;Disminuir por22.1%	; --%	;293	;Disminuir por18.6%	; --%	;399	;Disminuir por25.4%	; --%	;
87	;(Miércoles)2026/02/25	;68	;Disminuir por53.7%	; --%	;59	;Disminuir por52.0%	; --%	;2287	;Disminuir por37.4%	; --%	;2215	;Disminuir por40.5%	; --%	;213	;Disminuir por40.8%	; --%	;295	;Disminuir por53.0%	; --%	;
88	;(Jueves)2026/02/26	;59	;Disminuir por63.6%	; --%	;55	;Disminuir por61.8%	; --%	;2299	;Disminuir por33.7%	; --%	;2272	;Disminuir por34.6%	; --%	;260	;Disminuir por23.1%	; --%	;384	;Disminuir por36.7%	; --%	;
89	;(Viernes)2026/02/27	;70	;Disminuir por60.2%	; --%	;69	;Disminuir por59.6%	; --%	;2552	;Disminuir por27.3%	; --%	;2396	;Disminuir por32.0%	; --%	;281	;Disminuir por12.5%	; --%	;356	;Disminuir por43.6%	; --%	;
90	;(Sábado)2026/02/28	;58	;Disminuir por67.0%	; --%	;46	;Disminuir por64.6%	; --%	;1987	;Disminuir por44.3%	; --%	;1860	;Disminuir por49.1%	; --%	;273	;Disminuir por32.8%	; --%	;357	;Disminuir por43.9%	; --%	;
91	;(Domingo)2026/03/01	;66	;Disminuir por63.5%	; --%	;78	;Disminuir por50.3%	; --%	;1454	;Disminuir por60.5%	; --%	;1340	;Disminuir por64.4%	; --%	;246	;Disminuir por44.7%	; --%	;302	;Disminuir por54.3%	; --%	;
92	;(Lunes)2026/03/02	;53	;Disminuir por69.9%	; --%	;44	;Disminuir por71.8%	; --%	;2391	;Disminuir por37.5%	; --%	;2259	;Disminuir por40.4%	; --%	;291	;Disminuir por31.5%	; --%	;374	;Disminuir por42.9%	; --%	;
93	;(Martes)2026/03/03	;14	;Disminuir por92.2%	; --%	;17	;Disminuir por89.2%	; --%	;1171	;Disminuir por61.9%	; --%	;1031	;Disminuir por66.8%	; --%	;87	;Disminuir por77.3%	; --%	;123	;Disminuir por80.0%	; --%	;
94	;(Miércoles)2026/03/04	;32	;Disminuir por83.3%	; --%	;22	;Disminuir por86.4%	; --%	;2104	;Disminuir por47.4%	; --%	;2054	;Disminuir por48.4%	; --%	;86	;Disminuir por79.6%	; --%	;122	;Disminuir por83.8%	; --%	;
95	;(Jueves)2026/03/05	;29	;Disminuir por83.2%	; --%	;20	;Disminuir por87.3%	; --%	;2298	;Disminuir por36.4%	; --%	;2192	;Disminuir por38.6%	; --%	;33	;Disminuir por92.5%	; --%	;41	;Disminuir por94.1%	; --%	;
96	;(Viernes)2026/03/06	;38	;Disminuir por77.6%	; --%	;27	;Disminuir por79.5%	; --%	;2383	;Disminuir por34.4%	; --%	;2278	;Disminuir por37.7%	; --%	;70	;Disminuir por78.7%	; --%	;95	;Disminuir por80.0%	; --%	;
97	;(Sábado)2026/03/07	;21	;Disminuir por90.1%	; --%	;24	;Disminuir por84.9%	; --%	;1807	;Disminuir por53.8%	; --%	;1715	;Disminuir por56.8%	; --%	;81	;Disminuir por76.9%	; --%	;101	;Disminuir por78.5%	; --%	;
98	;(Domingo)2026/03/08	;53	;Disminuir por74.5%	; --%	;44	;Disminuir por75.4%	; --%	;1458	;Disminuir por63.5%	; --%	;1353	;Disminuir por64.7%	; --%	;167	;Disminuir por61.6%	; --%	;201	;Disminuir por68.2%	; --%	;
99	;(Lunes)2026/03/09	;74	;Disminuir por71.0%	; --%	;70	;Disminuir por69.0%	; --%	;2442	;Disminuir por40.2%	; --%	;2353	;Disminuir por42.2%	; --%	;325	;Disminuir por31.4%	; --%	;470	;Disminuir por39.8%	; --%	;
100	;(Martes)2026/03/10	;63	;Disminuir por72.0%	; --%	;52	;Disminuir por70.1%	; --%	;2420	;Disminuir por18.5%	; --%	;2367	;Disminuir por22.1%	; --%	;159	;Disminuir por61.8%	; --%	;197	;Disminuir por72.2%	; --%	;
101	;(Miércoles)2026/03/11	;66	;Disminuir por66.5%	; --%	;49	;Disminuir por74.9%	; --%	;2392	;Disminuir por39.0%	; --%	;2294	;Disminuir por42.3%	; --%	;249	;Disminuir por42.8%	; --%	;366	;Disminuir por49.1%	; --%	;
102	;(Jueves)2026/03/12	;80	;Disminuir por66.9%	; --%	;59	;Disminuir por70.2%	; --%	;2403	;Disminuir por33.7%	; --%	;2309	;Disminuir por36.5%	; --%	;277	;Disminuir por33.9%	; --%	;383	;Disminuir por45.9%	; --%	;
103	;(Viernes)2026/03/13	;70	;Disminuir por69.3%	; --%	;58	;Disminuir por69.6%	; --%	;2546	;Disminuir por32.5%	; --%	;2554	;Disminuir por31.9%	; --%	;211	;Disminuir por53.3%	; --%	;344	;Disminuir por51.7%	; --%	;
104	;(Sábado)2026/03/14	;61	;Disminuir por73.9%	; --%	;57	;Disminuir por68.3%	; --%	;2267	;Disminuir por36.9%	; --%	;2122	;Disminuir por42.1%	; --%	;212	;Disminuir por50.6%	; --%	;315	;Disminuir por56.1%	; --%	;
105	;(Domingo)2026/03/15	;49	;Disminuir por80.1%	; --%	;44	;Disminuir por81.0%	; --%	;1713	;Disminuir por57.3%	; --%	;1549	;Disminuir por61.4%	; --%	;95	;Disminuir por80.2%	; --%	;180	;Disminuir por75.1%	; --%	;
106	;(Lunes)2026/03/16	;76	;Disminuir por70.7%	; --%	;65	;Disminuir por71.0%	; --%	;2527	;Disminuir por40.9%	; --%	;2493	;Disminuir por37.9%	; --%	;326	;Disminuir por28.7%	; --%	;462	;Disminuir por35.8%	; --%	;
107	;(Martes)2026/03/17	;87	;Disminuir por65.1%	; --%	;66	;Disminuir por68.6%	; --%	;2436	;Disminuir por34.0%	; --%	;2439	;Disminuir por26.0%	; --%	;258	;Disminuir por55.0%	; --%	;433	;Disminuir por39.5%	; --%	;
108	;(Miércoles)2026/03/18	;81	;Disminuir por70.4%	; --%	;92	;Disminuir por65.5%	; --%	;2008	;Disminuir por53.1%	; --%	;2308	;Disminuir por52.4%	; --%	;229	;Disminuir por58.3%	; --%	;395	;Disminuir por60.0%	; --%	;
109	;(Jueves)2026/03/19	;75	;Disminuir por72.3%	; --%	;66	;Disminuir por69.7%	; --%	;1921	;Disminuir por51.7%	; --%	;1760	;Disminuir por55.6%	; --%	;221	;Disminuir por59.2%	; --%	;314	;Disminuir por61.0%	; --%	;
110	;(Viernes)2026/03/20	;74	;Disminuir por72.3%	; --%	;79	;Disminuir por68.3%	; --%	;2560	;Disminuir por38.5%	; --%	;2294	;Disminuir por44.9%	; --%	;310	;Disminuir por47.1%	; --%	;448	;Disminuir por48.4%	; --%	;
111	;(Sábado)2026/03/21	;83	;Disminuir por68.8%	; --%	;96	;Disminuir por57.5%	; --%	;2207	;Disminuir por46.4%	; --%	;1983	;Disminuir por52.1%	; --%	;320	;Disminuir por40.5%	; --%	;403	;Disminuir por52.9%	; --%	;
112	;(Domingo)2026/03/22	;65	;Disminuir por76.3%	; --%	;67	;Disminuir por70.6%	; --%	;1561	;Disminuir por62.9%	; --%	;1408	;Disminuir por67.1%	; --%	;188	;Disminuir por64.4%	; --%	;280	;Disminuir por66.4%	; --%	;
113	;(Lunes)2026/03/23	;80	;Disminuir por71.5%	; --%	;75	;Disminuir por73.0%	; --%	;2568	;Disminuir por39.3%	; --%	;2503	;Disminuir por39.1%	; --%	;193	;Disminuir por63.4%	; --%	;289	;Disminuir por65.5%	; --%	;
114	;(Martes)2026/03/24	;93	;Disminuir por65.7%	; --%	;69	;Disminuir por65.7%	; --%	;2450	;Disminuir por29.0%	; --%	;2367	;Disminuir por31.3%	; --%	;287	;Disminuir por45.5%	; --%	;376	;Disminuir por52.4%	; --%	;
115	;(Miércoles)2026/03/25	;38	;Disminuir por85.3%	; --%	;52	;Disminuir por79.7%	; --%	;1392	;Disminuir por68.3%	; --%	;1292	;Disminuir por71.2%	; --%	;126	;Disminuir por79.0%	; --%	;215	;Disminuir por76.1%	; --%	;
116	;(Jueves)2026/03/26	;72	;Disminuir por71.9%	; --%	;58	;Disminuir por73.4%	; --%	;2463	;Disminuir por40.5%	; --%	;2443	;Disminuir por42.8%	; --%	;186	;Disminuir por64.6%	; --%	;299	;Disminuir por66.2%	; --%	;
117	;(Viernes)2026/03/27	;86	;Disminuir por68.3%	; --%	;55	;Disminuir por79.0%	; --%	;2838	;Disminuir por32.9%	; --%	;2749	;Disminuir por35.3%	; --%	;262	;Disminuir por60.5%	; --%	;397	;Disminuir por55.5%	; --%	;
118	;(Sábado)2026/03/28	;115	;Disminuir por57.9%	; --%	;70	;Disminuir por71.8%	; --%	;2504	;Disminuir por43.0%	; --%	;2502	;Disminuir por43.8%	; --%	;284	;Disminuir por46.9%	; --%	;420	;Disminuir por52.1%	; --%	;
119	;(Domingo)2026/03/29	;51	;Disminuir por81.1%	; --%	;56	;Disminuir por74.3%	; --%	;1789	;Disminuir por56.5%	; --%	;1871	;Disminuir por53.3%	; --%	;52	;Disminuir por90.8%	; --%	;133	;Disminuir por83.6%	; --%	;
120	;(Lunes)2026/03/30	;94	;Disminuir por65.2%	; --%	;96	;Disminuir por57.1%	; --%	;3118	;Disminuir por28.0%	; --%	;3158	;Disminuir por27.7%	; --%	;320	;Disminuir por36.6%	; --%	;434	;Disminuir por47.6%	; --%	;
121	;(Martes)2026/03/31	;108	;Disminuir por54.0%	; --%	;97	;Disminuir por48.9%	; --%	;3175	;Disminuir por7.1%	; --%	;3181	;Disminuir por7.1%	; --%	;195	;Disminuir por63.6%	; --%	;322	;Disminuir por57.2%	; --%	;
122	;(Miércoles)2026/04/01	;129	;Disminuir por42.7%	; --%	;96	;Disminuir por44.2%	; --%	;3509	;Disminuir por19.2%	; --%	;3412	;Disminuir por21.3%	; --%	;301	;Disminuir por38.4%	; --%	;459	;Disminuir por38.5%	; --%	;
123	;(Jueves)2026/04/02	;136	;Disminuir por39.6%	; --%	;104	;Disminuir por47.7%	; --%	;3971	;Disminuir por4.2%	; --%	;3744	;Disminuir por8.2%	; --%	;297	;Disminuir por36.1%	; --%	;423	;Disminuir por32.8%	; --%	;
124	;(Viernes)2026/04/03	;196	;Disminuir por25.5%	; --%	;203	;Disminuir por1.5%	; --%	;3925	;Disminuir por0.2%	; --%	;3507	;Disminuir por11.4%	; --%	;419	;Disminuir por27.1%	; --%	;579	;Disminuir por31.8%	; --%	;
125	;(Sábado)2026/04/04	;219	;Disminuir por24.5%	; --%	;195	;Disminuir por20.1%	; --%	;4176	;Aumentar por5.2%	; --%	;3882	;Disminuir por2.2%	; --%	;544	;Aumentar por3.4%	; --%	;788	;Disminuir por2.1%	; --%	;
126	;(Domingo)2026/04/05	;181	;Disminuir por24.6%	; --%	;182	;Disminuir por16.5%	; --%	;3019	;Disminuir por24.1%	; --%	;3089	;Disminuir por24.2%	; --%	;406	;Disminuir por24.8%	; --%	;551	;Disminuir por32.8%	; --%	;
127	;(Lunes)2026/04/06	;139	;Disminuir por44.6%	; --%	;122	;Disminuir por39.3%	; --%	;2456	;Disminuir por38.2%	; --%	;2582	;Disminuir por35.4%	; --%	;388	;Disminuir por25.8%	; --%	;570	;Disminuir por22.1%	; --%	;
128	;(Martes)2026/04/07	;108	;Disminuir por52.4%	; --%	;120	;Disminuir por32.6%	; --%	;2879	;Disminuir por3.8%	; --%	;2785	;Disminuir por9.3%	; --%	;371	;Disminuir por13.3%	; --%	;556	;Disminuir por8.1%	; --%	;
129	;(Miércoles)2026/04/08	;89	;Disminuir por60.4%	; --%	;86	;Disminuir por50.9%	; --%	;2627	;Disminuir por35.8%	; --%	;2692	;Disminuir por31.6%	; --%	;311	;Disminuir por39.6%	; --%	;489	;Disminuir por30.2%	; --%	;
130	;(Jueves)2026/04/09	;120	;Disminuir por45.0%	; --%	;89	;Disminuir por49.1%	; --%	;2544	;Disminuir por27.9%	; --%	;2622	;Disminuir por28.5%	; --%	;316	;Disminuir por34.3%	; --%	;493	;Disminuir por29.8%	; --%	;
131	;(Viernes)2026/04/10	;102	;Disminuir por57.0%	; --%	;81	;Disminuir por61.4%	; --%	;2756	;Disminuir por26.0%	; --%	;2725	;Disminuir por27.8%	; --%	;387	;Disminuir por16.4%	; --%	;590	;Disminuir por15.0%	; --%	;
132	;(Sábado)2026/04/11	;106	;Disminuir por50.2%	; --%	;80	;Disminuir por52.7%	; --%	;2550	;Disminuir por30.4%	; --%	;2479	;Disminuir por29.3%	; --%	;384	;Disminuir por11.9%	; --%	;509	;Disminuir por24.1%	; --%	;
133	;(Domingo)2026/04/12	;38	;Disminuir por81.8%	; --%	;33	;Disminuir por78.4%	; --%	;1566	;Disminuir por56.9%	; --%	;1505	;Disminuir por60.2%	; --%	;85	;Disminuir por80.0%	; --%	;126	;Disminuir por81.3%	; --%	;
134	;(Lunes)2026/04/13	;72	;Disminuir por63.5%	; --%	;59	;Disminuir por62.4%	; --%	;2387	;Disminuir por31.2%	; --%	;2236	;Disminuir por36.4%	; --%	;155	;Disminuir por60.7%	; --%	;244	;Disminuir por63.0%	; --%	;
135	;(Martes)2026/04/14	;73	;Disminuir por60.1%	; --%	;79	;Disminuir por44.4%	; --%	;2737	;Aumentar por3.0%	; --%	;2549	;Disminuir por8.6%	; --%	;264	;Disminuir por38.3%	; --%	;395	;Disminuir por38.3%	; --%	;
136	;(Miércoles)2026/04/15	;96	;Disminuir por45.1%	; --%	;87	;Disminuir por50.6%	; --%	;2644	;Disminuir por23.8%	; --%	;2591	;Disminuir por27.0%	; --%	;245	;Disminuir por34.7%	; --%	;414	;Disminuir por33.8%	; --%	;
137	;(Jueves)2026/04/16	;97	;Disminuir por43.3%	; --%	;96	;Disminuir por36.4%	; --%	;2589	;Disminuir por19.5%	; --%	;2617	;Disminuir por20.3%	; --%	;251	;Disminuir por38.6%	; --%	;429	;Disminuir por36.3%	; --%	;
138	;(Viernes)2026/04/17	;117	;Disminuir por27.8%	; --%	;100	;Disminuir por36.3%	; --%	;2724	;Disminuir por14.1%	; --%	;2674	;Disminuir por17.1%	; --%	;275	;Disminuir por24.5%	; --%	;457	;Disminuir por25.9%	; --%	;
139	;(Sábado)2026/04/18	;80	;Disminuir por53.5%	;Disminuir por53.5%	;75	;Disminuir por53.7%	;Disminuir por53.1%	;2392	;Disminuir por25.5%	;Disminuir por23.2%	;2319	;Disminuir por28.8%	;Disminuir por20.0%	;336	;Disminuir por4.5%	;Disminuir por19.8%	;497	;Disminuir por11.6%	;Disminuir por12.2%	;
140	;(Domingo)2026/04/19	;85	;Disminuir por33.6%	;Disminuir por63.8%	;57	;Disminuir por46.2%	;Disminuir por71.9%	;1742	;Disminuir por50.7%	;Disminuir por58.7%	;1797	;Disminuir por49.3%	;Disminuir por54.3%	;259	;Aumentar por9.7%	;Disminuir por56.3%	;379	;Aumentar por16.3%	;Disminuir por51.9%	;
141	;(Lunes)2026/04/20	;98	;Disminuir por47.0%	;Disminuir por40.6%	;65	;Disminuir por56.4%	;Disminuir por62.6%	;2636	;Disminuir por19.9%	;Disminuir por3.1%	;2631	;Disminuir por15.5%	;Disminuir por9.0%	;328	;Disminuir por35.2%	;Disminuir por21.2%	;457	;Disminuir por32.5%	;Disminuir por15.4%	;
142	;(Martes)2026/04/21	;103	;Disminuir por24.3%	;Disminuir por23.1%	;106	;Disminuir por17.8%	;Disminuir por14.5%	;2485	;Aumentar por2.7%	;Aumentar por1.3%	;2478	;Disminuir por6.1%	;Disminuir por7.6%	;295	;Disminuir por35.4%	;Disminuir por23.2%	;414	;Disminuir por36.0%	;Disminuir por21.1%	;
143	;(Miércoles)2026/04/22	;88	;Disminuir por29.6%	;Disminuir por22.1%	;68	;Disminuir por44.7%	;Disminuir por24.4%	;2508	;Disminuir por16.0%	;Disminuir por13.8%	;2567	;Disminuir por21.9%	;Disminuir por12.5%	;277	;Disminuir por39.1%	;Aumentar por18.9%	;443	;Disminuir por31.3%	;Aumentar por53.8%	;
144	;(Jueves)2026/04/23	;95	;Disminuir por29.1%	;Disminuir por32.6%	;81	;Disminuir por35.7%	;Disminuir por30.8%	;2788	;Disminuir por5.8%	;Aumentar por5.1%	;2771	;Disminuir por8.4%	;Aumentar por2.1%	;239	;Disminuir por42.8%	;Disminuir por26.0%	;351	;Disminuir por36.8%	;Disminuir por26.4%	;
145	;(Viernes)2026/04/24	;130	;Disminuir por13.3%	;Aumentar por2.4%	;101	;Disminuir por28.9%	;Disminuir por15.8%	;3099	;Disminuir por1.3%	;Aumentar por16.6%	;3064	;Disminuir por7.8%	;Aumentar por13.7%	;333	;Disminuir por25.3%	;Disminuir por7.5%	;462	;Disminuir por29.6%	;Disminuir por4.1%	;
146	;(Sábado)2026/04/25	;125	;Disminuir por27.3%	;Aumentar por6.8%	;93	;Disminuir por32.1%	;Aumentar por3.3%	;2562	;Disminuir por18.9%	;Disminuir por5.1%	;2569	;Disminuir por21.8%	;Disminuir por8.4%	;365	;Disminuir por19.1%	;Aumentar por0.3%	;542	;Disminuir por29.3%	;Aumentar por6.5%	;
147	;(Domingo)2026/04/26	;121	;Disminuir por33.1%	;Aumentar por10.0%	;119	;Disminuir por19.0%	;Aumentar por52.6%	;2378	;Disminuir por31.2%	;Disminuir por3.4%	;2393	;Disminuir por31.8%	;Disminuir por6.1%	;343	;Disminuir por34.7%	;Aumentar por3.3%	;516	;Disminuir por34.2%	;Aumentar por13.9%	;
148	;(Lunes)2026/04/27	;117	;Disminuir por33.9%	;Aumentar por34.5%	;115	;Disminuir por26.8%	;Aumentar por30.7%	;2678	;Disminuir por23.5%	;Aumentar por49.9%	;2647	;Disminuir por19.8%	;Aumentar por44.2%	;331	;Disminuir por43.9%	;Aumentar por51.1%	;477	;Disminuir por38.1%	;Aumentar por42.4%	;
149	;(Martes)2026/04/28	;110	;Disminuir por22.0%	;Aumentar por205.6%	;90	;Disminuir por46.1%	;Aumentar por260.0%	;2558	;Aumentar por1.6%	;Aumentar por185.5%	;2523	;Disminuir por14.6%	;Aumentar por176.6%	;341	;Disminuir por26.0%	;Aumentar por122.9%	;476	;Disminuir por36.2%	;Aumentar por197.5%	;
150	;(Miércoles)2026/04/29	;109	;Disminuir por28.8%	;Aumentar por127.1%	;87	;Disminuir por43.5%	;Aumentar por81.3%	;2807	;Disminuir por3.8%	;Aumentar por70.3%	;2783	;Disminuir por10.3%	;Aumentar por68.7%	;294	;Disminuir por49.7%	;Aumentar por97.3%	;424	;Disminuir por45.8%	;Aumentar por61.8%	;
151	;(Jueves)2026/04/30	;117	;Disminuir por20.4%	;Aumentar por44.4%	;94	;Disminuir por31.4%	;Aumentar por25.3%	;3154	;Aumentar por9.9%	;Aumentar por2.8%	;3114	;Aumentar por7.2%	;Aumentar por5.2%	;342	;Disminuir por29.8%	;Aumentar por17.5%	;534	;Disminuir por22.9%	;Aumentar por30.2%	;
152	;(Viernes)2026/05/01	;116	;Disminuir por32.9%	;Aumentar por6.4%	;112	;Disminuir por20.6%	;Aumentar por21.7%	;2481	;Disminuir por12.2%	;Aumentar por5.5%	;2592	;Disminuir por9.8%	;Aumentar por11.0%	;271	;Disminuir por31.4%	;Disminuir por14.2%	;362	;Disminuir por42.3%	;Disminuir por13.4%	;
153	;(Sábado)2026/05/02	;124	;Disminuir por18.4%	;Aumentar por4033.3%	;116	;Disminuir por17.1%	;Aumentar por2800.0%	;3350	;Aumentar por14.1%	;Aumentar por2945.5%	;3272	;Aumentar por9.2%	;Aumentar por2141.1%	;299	;Disminuir por39.1%	;Aumentar por7375.0%	;388	;Disminuir por46.2%	;Aumentar por2884.6%	;
154	;(Domingo)2026/05/03	;91	;Disminuir por50.8%	; --%	;79	;Disminuir por51.2%	; --%	;2044	;Disminuir por35.5%	; --%	;2073	;Disminuir por35.9%	; --%	;203	;Disminuir por59.6%	; --%	;327	;Disminuir por56.8%	; --%	;
155	;(Lunes)2026/05/04	;78	;Disminuir por54.7%	; --%	;61	;Disminuir por61.1%	; --%	;2751	;Disminuir por22.4%	; --%	;2675	;Disminuir por24.0%	; --%	;167	;Disminuir por74.9%	; --%	;239	;Disminuir por72.7%	; --%	;
156	;(Martes)2026/05/05	;74	;Disminuir por31.5%	;Aumentar por196.0%	;64	;Disminuir por48.0%	;Aumentar por204.8%	;2604	;Aumentar por13.9%	;Aumentar por192.9%	;2560	;Disminuir por2.7%	;Aumentar por209.6%	;234	;Disminuir por33.9%	;Aumentar por333.3%	;367	;Disminuir por29.8%	;Aumentar por263.4%	;
157	;(Miércoles)2026/05/06	;104	;Disminuir por35.4%	;Aumentar por35.1%	;78	;Disminuir por49.4%	;Disminuir por12.4%	;2634	;Disminuir por13.5%	;Aumentar por2.5%	;2657	;Disminuir por13.1%	;Aumentar por2.5%	;273	;Disminuir por35.8%	;Disminuir por2.8%	;495	;Disminuir por26.2%	;Aumentar por25.0%	;
158	;(Jueves)2026/05/07	;90	;Disminuir por47.4%	;Aumentar por23.3%	;65	;Disminuir por58.3%	;Disminuir por20.7%	;2562	;Disminuir por8.0%	;Disminuir por2.7%	;2604	;Disminuir por6.3%	;Disminuir por3.2%	;275	;Disminuir por33.9%	;Sin cambios	;444	;Disminuir por25.4%	;Aumentar por9.4%	;
159	;(Viernes)2026/05/08	;109	;Disminuir por40.4%	;Aumentar por81.7%	;76	;Disminuir por55.0%	;Aumentar por85.4%	;2822	;Disminuir por1.2%	;Aumentar por6.3%	;2798	;Disminuir por1.6%	;Aumentar por4.8%	;333	;Disminuir por10.7%	;Aumentar por66.5%	;498	;Disminuir por14.9%	;Aumentar por106.6%	;
160	;(Sábado)2026/05/09	;95	;Disminuir por40.6%	;Disminuir por4.0%	;55	;Disminuir por61.3%	;Disminuir por38.9%	;2588	;Disminuir por7.3%	;Disminuir por7.2%	;2458	;Disminuir por11.2%	;Disminuir por9.8%	;145	;Disminuir por66.0%	;Disminuir por52.8%	;193	;Disminuir por70.6%	;Disminuir por53.3%	;
161	;(Domingo)2026/05/10	;117	;Disminuir por32.8%	;Aumentar por44.4%	;99	;Disminuir por34.0%	;Aumentar por90.4%	;1819	;Disminuir por37.5%	;Disminuir por25.1%	;1803	;Disminuir por38.6%	;Disminuir por25.4%	;343	;Disminuir por24.3%	;Aumentar por22.9%	;464	;Disminuir por34.0%	;Aumentar por28.2%	;
162	;(Lunes)2026/05/11	;107	;Disminuir por35.5%	;Aumentar por17.6%	;105	;Disminuir por22.8%	;Aumentar por40.0%	;2739	;Aumentar por1.1%	;Aumentar por60.6%	;2761	;Aumentar por4.2%	;Aumentar por50.0%	;406	;Disminuir por18.0%	;Aumentar por55.6%	;619	;Disminuir por12.6%	;Aumentar por83.7%	;
163	;(Martes)2026/05/12	;101	;Disminuir por1.0%	;Aumentar por8.6%	;76	;Disminuir por27.6%	;Disminuir por7.3%	;2556	;Aumentar por44.0%	;Disminuir por3.3%	;2641	;Aumentar por45.7%	;Disminuir por0.8%	;312	;Disminuir por8.5%	;Disminuir por19.0%	;557	;Aumentar por13.9%	;Aumentar por5.9%	;
164	;(Miércoles)2026/05/13	;115	;Aumentar por85.5%	;Aumentar por22.3%	;112	;Aumentar por64.7%	;Aumentar por40.0%	;2577	;Aumentar por67.1%	;Aumentar por3.5%	;2639	;Aumentar por81.7%	;Aumentar por5.3%	;303	;Aumentar por471.7%	;Disminuir por7.1%	;496	;Aumentar por663.1%	;Aumentar por3.1%	;
165	;(Jueves)2026/05/14	;114	;Disminuir por18.0%	;Aumentar por107.3%	;95	;Disminuir por28.0%	;Aumentar por150.0%	;2720	;Aumentar por4.5%	;Aumentar por44.3%	;2797	;Aumentar por6.5%	;Aumentar por43.2%	;334	;Disminuir por22.1%	;Aumentar por46.5%	;572	;Disminuir por11.3%	;Aumentar por102.1%	;
166	;(Viernes)2026/05/15	;109	;Disminuir por19.9%	; --%	;81	;Disminuir por40.4%	; --%	;3116	;Aumentar por14.9%	; --%	;3047	;Aumentar por12.9%	; --%	;335	;Disminuir por10.2%	; --%	;410	;Disminuir por32.6%	; --%	;
167	;(Sábado)2026/05/16	;142	;Sin cambios	;Aumentar por238.1%	;134	;Aumentar por12.6%	;Aumentar por197.8%	;2717	;Aumentar por4.9%	;Aumentar por144.3%	;2648	;Aumentar por0.5%	;Aumentar por129.9%	;349	;Disminuir por10.3%	;Aumentar por275.3%	;522	;Disminuir por22.6%	;Aumentar por196.6%	;
168	;(Domingo)2026/05/17	;103	;Disminuir por29.9%	;Aumentar por8.4%	;100	;Disminuir por30.1%	;Aumentar por19.0%	;1829	;Disminuir por32.1%	;Disminuir por29.6%	;1855	;Disminuir por32.8%	;Disminuir por27.6%	;325	;Disminuir por33.0%	;Aumentar por0.9%	;475	;Disminuir por29.8%	;Disminuir por2.3%	;
169	;(Lunes)2026/05/18	;126	;Disminuir por24.1%	;Aumentar por38.5%	;96	;Disminuir por33.8%	;Aumentar por6.7%	;2760	;Aumentar por10.6%	;Aumentar por54.5%	;2758	;Aumentar por10.7%	;Aumentar por52.0%	;383	;Disminuir por23.2%	;Aumentar por35.3%	;625	;Disminuir por8.0%	;Aumentar por48.1%	;
170	;(Martes)2026/05/19	;116	;Aumentar por10.5%	;Aumentar por4.5%	;105	;Aumentar por4.0%	;Aumentar por14.1%	;2642	;Aumentar por58.8%	;Aumentar por1.9%	;2620	;Aumentar por50.7%	;Disminuir por1.8%	;371	;Aumentar por40.5%	;Disminuir por6.8%	;585	;Aumentar por28.0%	;Aumentar por10.2%	;
171	;(Miércoles)2026/05/20	;104	;Disminuir por13.3%	;Aumentar por2.0%	;89	;Disminuir por17.6%	;Disminuir por6.3%	;2627	;Disminuir por1.3%	;Aumentar por3.1%	;2672	;Aumentar por1.4%	;Aumentar por3.8%	;346	;Disminuir por33.8%	;Aumentar por18.5%	;560	;Disminuir por14.8%	;Aumentar por8.1%	;
172	;(Jueves)2026/05/21	;104	;Disminuir por31.1%	;Aumentar por1.0%	;96	;Disminuir por14.3%	;Aumentar por11.6%	;2759	;Aumentar por7.8%	;Aumentar por4.7%	;2755	;Aumentar por7.3%	;Aumentar por2.3%	;401	;Disminuir por6.1%	;Aumentar por36.4%	;669	;Aumentar por13.2%	;Aumentar por49.0%	;
173	;(Viernes)2026/05/22	;121	;Disminuir por6.2%	;Aumentar por16.3%	;81	;Disminuir por28.9%	;Disminuir por6.9%	;2917	;Aumentar por7.6%	;Aumentar por9.1%	;2876	;Aumentar por4.2%	;Aumentar por4.4%	;375	;Disminuir por1.1%	;Aumentar por31.1%	;592	;Aumentar por6.3%	;Aumentar por42.0%	;
174	;(Sábado)2026/05/23	;120	;Aumentar por14.3%	;Aumentar por8.1%	;96	;Aumentar por17.1%	;Aumentar por18.5%	;2806	;Aumentar por67.3%	;Disminuir por2.2%	;2702	;Aumentar por63.4%	;Disminuir por5.6%	;377	;Aumentar por76.2%	;Aumentar por14.9%	;612	;Aumentar por101.3%	;Aumentar por22.2%	;
175	;(Domingo)2026/05/24	;93	;Aumentar por8.1%	;Disminuir por22.5%	;100	;Aumentar por35.1%	;Aumentar por14.9%	;2022	;Disminuir por25.7%	;Disminuir por19.6%	;2027	;Disminuir por25.1%	;Disminuir por21.9%	;333	;Aumentar por25.2%	;Aumentar por7.1%	;528	;Aumentar por44.3%	;Aumentar por13.1%	;
176	;(Lunes)2026/05/25	;103	;Aumentar por164.1%	;Aumentar por10.8%	;98	;Aumentar por216.1%	;Aumentar por4.3%	;2937	;Aumentar por68.0%	;Aumentar por67.4%	;2973	;Aumentar por66.5%	;Aumentar por65.6%	;363	;Aumentar por656.3%	;Aumentar por33.9%	;581	;Aumentar por919.3%	;Aumentar por60.5%	;
177	;(Martes)2026/05/26	;90	;Aumentar por87.5%	;Disminuir por13.5%	;87	;Aumentar por89.1%	;Disminuir por11.2%	;2807	;Aumentar por150.6%	;Aumentar por6.6%	;2799	;Aumentar por141.9%	;Aumentar por3.3%	;356	;Aumentar por456.3%	;Aumentar por8.9%	;562	;Aumentar por538.6%	;Aumentar por10.2%	;
178	;(Miércoles)2026/05/27	;115	;Aumentar por194.9%	;Aumentar por29.2%	;121	;Aumentar por266.7%	;Aumentar por34.4%	;2742	;Aumentar por16.7%	;Aumentar por5.2%	;2788	;Aumentar por20.4%	;Aumentar por5.6%	;339	;Aumentar por133.8%	;Aumentar por1.8%	;545	;Aumentar por204.5%	;Aumentar por10.5%	;
179	;(Jueves)2026/05/28	;113	;Aumentar por15.3%	;Aumentar por21.5%	;85	;Aumentar por3.7%	;Disminuir por17.5%	;2805	;Aumentar por12.7%	;Aumentar por5.6%	;2867	;Aumentar por13.4%	;Aumentar por5.3%	;303	;Aumentar por17.4%	;Aumentar por13.5%	;515	;Aumentar por28.1%	;Aumentar por11.7%	;
180	;(Viernes)2026/05/29	;116	;Disminuir por7.2%	;Aumentar por14.9%	;100	;Disminuir por2.0%	;Disminuir por8.3%	;3165	;Aumentar por31.0%	;Aumentar por16.6%	;3087	;Aumentar por24.6%	;Aumentar por9.0%	;343	;Aumentar por24.3%	;Aumentar por47.8%	;567	;Aumentar por32.2%	;Aumentar por40.0%	;
181	;(Sábado)2026/05/30	;119	;Aumentar por16.7%	;Aumentar por15.5%	;98	;Disminuir por16.2%	;Aumentar por18.1%	;3017	;Aumentar por24.2%	;Aumentar por3.6%	;2875	;Aumentar por14.7%	;Disminuir por4.6%	;411	;Aumentar por34.3%	;Aumentar por43.2%	;605	;Aumentar por36.0%	;Aumentar por11.2%	;
182	;(Domingo)2026/05/31	;112	;Disminuir por8.9%	;Aumentar por17.9%	;74	;Disminuir por30.8%	;Disminuir por11.9%	;2087	;Disminuir por23.2%	;Disminuir por26.0%	;2117	;Disminuir por22.8%	;Disminuir por25.1%	;357	;Disminuir por6.8%	;Aumentar por14.1%	;526	;Disminuir por20.8%	;Disminuir por1.9%	;
183	;(Lunes)2026/06/01	;100	;Disminuir por28.6%	;Aumentar por13.6%	;99	;Disminuir por32.7%	;Aumentar por13.8%	;2977	;Aumentar por19.8%	;Aumentar por55.9%	;3006	;Aumentar por15.5%	;Aumentar por47.0%	;406	;Disminuir por5.8%	;Aumentar por24.5%	;598	;Disminuir por32.1%	;Aumentar por30.0%	;
184	;(Martes)2026/06/02	;132	;Aumentar por24.5%	;Aumentar por28.2%	;90	;Disminuir por21.1%	;Disminuir por9.1%	;2820	;Aumentar por63.8%	;Disminuir por10.6%	;2914	;Aumentar por50.5%	;Disminuir por10.1%	;387	;Aumentar por31.6%	;Disminuir por4.4%	;594	;Aumentar por5.7%	;Aumentar por8.6%	;
185	;(Miércoles)2026/06/03	;110	;Disminuir por6.8%	;Aumentar por11.1%	;98	;Disminuir por4.9%	;Aumentar por36.1%	;2876	;Aumentar por14.3%	;Aumentar por4.5%	;2868	;Aumentar por11.6%	;Aumentar por2.7%	;298	;Disminuir por20.7%	;Disminuir por11.8%	;533	;Disminuir por1.8%	;Aumentar por10.4%	;
186	;(Jueves)2026/06/04	;119	;Aumentar por4.4%	;Aumentar por24.0%	;92	;Disminuir por20.7%	;Aumentar por19.5%	;2888	;Aumentar por19.7%	;Aumentar por4.0%	;2916	;Aumentar por20.0%	;Aumentar por5.1%	;412	;Aumentar por15.1%	;Aumentar por32.5%	;613	;Aumentar por16.8%	;Aumentar por24.3%	;
187	;(Viernes)2026/06/05	;73	;Disminuir por29.1%	;Aumentar por1.4%	;69	;Disminuir por49.6%	;Aumentar por7.8%	;3359	;Aumentar por37.9%	;Aumentar por19.2%	;3294	;Aumentar por30.5%	;Aumentar por15.7%	;190	;Disminuir por42.4%	;Disminuir por45.7%	;262	;Disminuir por48.8%	;Disminuir por50.5%	;
188	;(Sábado)2026/06/06	;134	;Aumentar por22.9%	;Aumentar por45.7%	;126	;Aumentar por22.3%	;Aumentar por85.3%	;3147	;Aumentar por29.4%	;Aumentar por1.8%	;3005	;Aumentar por21.0%	;Disminuir por0.5%	;444	;Aumentar por49.5%	;Aumentar por17.2%	;601	;Aumentar por33.6%	;Aumentar por9.5%	;
189	;(Domingo)2026/06/07	;109	;Disminuir por21.0%	;Aumentar por0.9%	;113	;Disminuir por10.3%	;Aumentar por32.9%	;2008	;Disminuir por23.2%	;Disminuir por37.3%	;2203	;Disminuir por17.0%	;Disminuir por29.7%	;350	;Aumentar por7.4%	;Disminuir por4.6%	;523	;Aumentar por10.3%	;Disminuir por11.1%	;
190	;(Lunes)2026/06/08	;95	;Disminuir por1.0%	;Disminuir por5.9%	;96	;Disminuir por5.0%	;Aumentar por12.9%	;3060	;Aumentar por32.5%	;Aumentar por37.3%	;3164	;Aumentar por36.7%	;Aumentar por25.7%	;441	;Aumentar por29.7%	;Aumentar por24.6%	;603	;Aumentar por24.8%	;Aumentar por24.8%	;
191	;(Martes)2026/06/09	;115	;Aumentar por101.8%	;Disminuir por8.0%	;98	;Aumentar por81.5%	;Aumentar por11.4%	;2921	;Aumentar por94.9%	;Disminuir por7.1%	;2925	;Aumentar por86.8%	;Disminuir por10.9%	;361	;Aumentar por216.7%	;Disminuir por11.5%	;588	;Aumentar por224.9%	;Aumentar por1.9%	;
192	;(Miércoles)2026/06/10	;141	;Aumentar por0.7%	;Aumentar por51.6%	;117	;Disminuir por3.3%	;Aumentar por60.3%	;2923	;Aumentar por21.8%	;Aumentar por4.6%	;3035	;Aumentar por26.5%	;Aumentar por7.4%	;373	;Aumentar por8.4%	;Aumentar por6.6%	;562	;Aumentar por7.9%	;Aumentar por15.4%	;
193	;(Jueves)2026/06/11	;125	;Aumentar por10.6%	;Aumentar por6.8%	;110	;Aumentar por0.9%	;Aumentar por19.6%	;2988	;Aumentar por20.9%	;Aumentar por2.4%	;3048	;Aumentar por24.2%	;Aumentar por2.8%	;351	;Aumentar por13.2%	;Disminuir por10.7%	;566	;Aumentar por27.5%	;Aumentar por4.4%	;
194	;(Viernes)2026/06/12	;144	;Aumentar por33.3%	;Aumentar por22.0%	;118	;Aumentar por38.8%	;Aumentar por53.2%	;3266	;Aumentar por31.9%	;Aumentar por13.4%	;3295	;Aumentar por33.8%	;Aumentar por16.7%	;392	;Aumentar por47.9%	;Aumentar por10.1%	;626	;Aumentar por72.9%	;Aumentar por17.7%	;
195	;(Sábado)2026/06/13	;142	;Aumentar por9.2%	;Aumentar por37.9%	;122	;Disminuir por2.4%	;Aumentar por64.9%	;3143	;Aumentar por36.8%	;Aumentar por0.3%	;3031	;Aumentar por25.2%	;Disminuir por7.9%	;405	;Aumentar por45.2%	;Disminuir por7.5%	;698	;Aumentar por53.7%	;Aumentar por13.3%	;
196	;(Domingo)2026/06/14	;141	;Aumentar por11.9%	;Aumentar por19.5%	;112	;Aumentar por13.1%	;Aumentar por20.4%	;2158	;Disminuir por19.2%	;Disminuir por28.4%	;2365	;Disminuir por13.4%	;Disminuir por20.5%	;325	;Aumentar por1.2%	;Disminuir por16.7%	;567	;Aumentar por16.9%	;Disminuir por1.6%	;
197	;(Lunes)2026/06/15	;130	;Aumentar por26.2%	;Aumentar por68.8%	;104	;Disminuir por11.1%	;Aumentar por73.3%	;2937	;Aumentar por39.9%	;Aumentar por35.2%	;2940	;Aumentar por42.6%	;Aumentar por27.3%	;399	;Aumentar por29.1%	;Aumentar por17.4%	;681	;Aumentar por53.7%	;Aumentar por33.0%	;
198	;(Martes)2026/06/16	;120	;Aumentar por30.4%	;Aumentar por18.8%	;101	;Sin cambios	;Aumentar por21.7%	;2898	;Aumentar por102.0%	;Disminuir por6.6%	;2926	;Aumentar por105.5%	;Disminuir por7.5%	;352	;Aumentar por80.5%	;Aumentar por1.1%	;593	;Aumentar por70.4%	;Aumentar por5.7%	;
199	;(Miércoles)2026/06/17	;112	;Disminuir por3.4%	;Disminuir por4.3%	;127	;Aumentar por15.5%	;Aumentar por35.1%	;3017	;Aumentar por31.4%	;Aumentar por2.2%	;3051	;Aumentar por32.4%	;Aumentar por2.9%	;305	;Aumentar por7.4%	;Disminuir por26.9%	;594	;Aumentar por32.3%	;Disminuir por1.0%	;
200	;(Jueves)2026/06/18	;126	;Aumentar por0.8%	;Aumentar por22.3%	;89	;Disminuir por16.0%	;Aumentar por4.7%	;3131	;Aumentar por42.3%	;Aumentar por6.4%	;3101	;Aumentar por32.0%	;Aumentar por3.0%	;356	;Aumentar por35.4%	;Aumentar por16.0%	;597	;Aumentar por60.5%	;Aumentar por8.2%	;
201	;(Viernes)2026/06/19	;131	;Aumentar por19.1%	;Aumentar por32.3%	;112	;Aumentar por24.4%	;Aumentar por16.7%	;3280	;Aumentar por44.8%	;Aumentar por10.7%	;3354	;Aumentar por51.7%	;Aumentar por10.8%	;380	;Aumentar por83.6%	;Aumentar por6.4%	;676	;Aumentar por127.6%	;Aumentar por27.3%	;
202	;(Sábado)2026/06/20	;137	;Aumentar por44.2%	;Aumentar por14.2%	;103	;Aumentar por33.8%	;Aumentar por18.4%	;3353	;Aumentar por47.1%	;Aumentar por3.1%	;3170	;Aumentar por34.2%	;Disminuir por2.1%	;368	;Aumentar por68.0%	;Aumentar por1.7%	;623	;Aumentar por92.9%	;Aumentar por4.5%	;
203	;(Domingo)2026/06/21	;124	;Aumentar por17.0%	;Disminuir por1.6%	;115	;Aumentar por4.5%	;Aumentar por10.6%	;2292	;Disminuir por3.0%	;Disminuir por30.4%	;2292	;Disminuir por4.5%	;Disminuir por29.7%	;341	;Aumentar por46.4%	;Disminuir por8.6%	;581	;Aumentar por47.5%	;Disminuir por5.8%	;
204	;(Lunes)2026/06/22	;128	;Aumentar por48.8%	;Aumentar por0.8%	;108	;Aumentar por22.7%	;Disminuir por8.5%	;3414	;Aumentar por75.9%	;Aumentar por49.3%	;3426	;Aumentar por80.8%	;Aumentar por51.7%	;408	;Aumentar por120.5%	;Aumentar por13.0%	;691	;Aumentar por155.9%	;Aumentar por38.2%	;
205	;(Martes)2026/06/23	;136	;Aumentar por94.3%	;Aumentar por195.7%	;91	;Aumentar por15.2%	;Aumentar por152.8%	;3273	;Aumentar por121.1%	;Aumentar por152.4%	;3246	;Aumentar por120.7%	;Aumentar por173.0%	;374	;Aumentar por90.8%	;Aumentar por183.3%	;581	;Aumentar por125.2%	;Aumentar por210.7%	;
206	;(Miércoles)2026/06/24	;134	;Aumentar por21.8%	;Aumentar por34.0%	;119	;Aumentar por15.5%	;Disminuir por0.8%	;2704	;Aumentar por24.5%	;Disminuir por5.5%	;2739	;Aumentar por27.0%	;Disminuir por11.2%	;299	;Aumentar por9.1%	;Disminuir por14.1%	;595	;Aumentar por53.7%	;Aumentar por4.0%	;
207	;(Jueves)2026/06/25	;121	;Aumentar por40.7%	;Aumentar por2.5%	;108	;Aumentar por6.9%	;Disminuir por4.4%	;3402	;Aumentar por58.4%	;Aumentar por4.2%	;3447	;Aumentar por56.5%	;Aumentar por3.6%	;338	;Aumentar por19.9%	;Disminuir por2.3%	;617	;Aumentar por58.2%	;Aumentar por2.5%	;
208	;(Viernes)2026/06/26	;154	;Aumentar por85.5%	;Aumentar por38.7%	;148	;Aumentar por68.2%	;Aumentar por35.8%	;3718	;Aumentar por72.4%	;Aumentar por17.3%	;3747	;Aumentar por70.2%	;Aumentar por15.4%	;320	;Aumentar por44.8%	;Disminuir por0.3%	;667	;Aumentar por108.4%	;Aumentar por15.6%	;
209	;(Sábado)2026/06/27	;140	;Aumentar por48.9%	;Aumentar por12.9%	;111	;Aumentar por58.6%	;Aumentar por20.7%	;3632	;Aumentar por69.2%	;Aumentar por7.5%	;3345	;Aumentar por52.6%	;Disminuir por0.8%	;360	;Aumentar por33.8%	;Aumentar por9.8%	;612	;Aumentar por70.9%	;Aumentar por5.2%	;
210	;(Domingo)2026/06/28	;118	;Aumentar por24.2%	;Disminuir por9.9%	;107	;Aumentar por12.6%	;Disminuir por19.5%	;2841	;Aumentar por18.1%	;Disminuir por13.8%	;2962	;Aumentar por23.5%	;Disminuir por7.9%	;371	;Aumentar por42.7%	;Aumentar por18.5%	;588	;Aumentar por69.0%	;Aumentar por5.2%	;
211	;(Lunes)2026/06/29	;125	;Aumentar por52.4%	;Aumentar por17.9%	;97	;Aumentar por19.8%	;Disminuir por1.0%	;3380	;Aumentar por69.8%	;Aumentar por39.2%	;3419	;Aumentar por77.3%	;Aumentar por32.3%	;342	;Aumentar por17.1%	;Aumentar por6.5%	;654	;Aumentar por72.6%	;Aumentar por29.5%	;
212	;(Martes)2026/06/30	;103	;Aumentar por66.1%	;Disminuir por1.9%	;98	;Aumentar por66.1%	;Disminuir por2.0%	;3206	;Aumentar por134.5%	;Disminuir por3.6%	;3261	;Aumentar por152.2%	;Disminuir por1.8%	;325	;Aumentar por72.9%	;Aumentar por7.3%	;591	;Aumentar por137.3%	;Aumentar por1.9%	;
213	;(Miércoles)2026/07/01	;134	;Aumentar por47.3%	;Aumentar por54.0%	;113	;Aumentar por43.0%	;Aumentar por50.7%	;3302	;Aumentar por51.8%	;Aumentar por58.6%	;3347	;Aumentar por49.1%	;Aumentar por54.1%	;313	;Aumentar por7.6%	;Aumentar por54.2%	;599	;Aumentar por43.6%	;Aumentar por67.3%	;
214	;(Jueves)2026/07/02	;151	;Aumentar por46.6%	;Aumentar por143.5%	;117	;Aumentar por21.9%	;Aumentar por105.3%	;3226	;Aumentar por52.0%	;Aumentar por52.0%	;3279	;Aumentar por52.2%	;Aumentar por57.8%	;336	;Aumentar por57.0%	;Aumentar por98.8%	;646	;Aumentar por102.5%	;Aumentar por105.1%	;
215	;(Viernes)2026/07/03	;157	;Aumentar por67.0%	;Aumentar por17.2%	;122	;Aumentar por32.6%	;Aumentar por8.9%	;3508	;Aumentar por61.5%	;Aumentar por6.1%	;3474	;Aumentar por57.4%	;Aumentar por2.1%	;373	;Aumentar por108.4%	;Aumentar por2.5%	;712	;Aumentar por165.7%	;Aumentar por16.7%	;
216	;(Sábado)2026/07/04	;140	;Aumentar por102.9%	;Disminuir por5.4%	;112	;Aumentar por49.3%	;Disminuir por5.1%	;3684	;Aumentar por69.3%	;Aumentar por3.8%	;3598	;Aumentar por59.9%	;Aumentar por2.4%	;323	;Aumentar por59.1%	;Disminuir por22.4%	;622	;Aumentar por144.9%	;Disminuir por3.4%	;
217	;(Domingo)2026/07/05	;144	;Aumentar por89.5%	;Disminuir por8.3%	;123	;Aumentar por75.7%	;Aumentar por7.9%	;2793	;Aumentar por15.8%	;Disminuir por21.1%	;2822	;Aumentar por17.2%	;Disminuir por18.3%	;377	;Aumentar por177.2%	;Disminuir por7.6%	;584	;Aumentar por170.4%	;Aumentar por3.7%	;
218	;(Lunes)2026/07/06	;153	;Aumentar por131.8%	;Aumentar por3.4%	;122	;Aumentar por106.8%	;Disminuir por9.0%	;3528	;Aumentar por79.0%	;Aumentar por29.4%	;3529	;Aumentar por81.8%	;Aumentar por28.4%	;362	;Aumentar por143.0%	;Aumentar por3.7%	;718	;Aumentar por226.4%	;Aumentar por24.7%	;
219	;(Martes)2026/07/07	;157	;Aumentar por134.3%	;Disminuir por5.4%	;106	;Aumentar por35.9%	;Disminuir por19.7%	;3407	;Aumentar por150.7%	;Disminuir por4.8%	;3374	;Aumentar por132.5%	;Disminuir por4.7%	;412	;Aumentar por121.5%	;Aumentar por19.4%	;687	;Aumentar por188.7%	;Aumentar por9.4%	;
220	;(Miércoles)2026/07/08	;171	;Aumentar por125.0%	;Disminuir por10.0%	;134	;Aumentar por97.1%	;Disminuir por17.3%	;3559	;Aumentar por68.7%	;Aumentar por1.5%	;3515	;Aumentar por61.5%	;Disminuir por0.7%	;439	;Aumentar por79.2%	;Aumentar por14.9%	;699	;Aumentar por79.2%	;Aumentar por3.9%	;
221	;(Jueves)2026/07/09	;174	;Aumentar por135.1%	;Aumentar por50.0%	;139	;Aumentar por82.9%	;Aumentar por40.4%	;3639	;Aumentar por75.2%	;Aumentar por2.0%	;3575	;Aumentar por65.6%	;Disminuir por3.8%	;405	;Aumentar por189.3%	;Aumentar por125.0%	;680	;Aumentar por196.9%	;Aumentar por175.3%	;
222	;(Viernes)2026/07/10	;181	;Aumentar por144.6%	;Aumentar por8.4%	;119	;Aumentar por138.0%	;Disminuir por5.6%	;3811	;Aumentar por82.3%	;Aumentar por15.1%	;3603	;Aumentar por63.6%	;Aumentar por8.1%	;426	;Aumentar por301.9%	;Disminuir por10.1%	;668	;Aumentar por207.8%	;Aumentar por9.3%	;
223	;(Sábado)2026/07/11	;189	;Aumentar por130.5%	;Aumentar por24.3%	;152	;Aumentar por81.0%	;Aumentar por9.4%	;4067	;Aumentar por82.1%	;Aumentar por13.4%	;3666	;Aumentar por61.0%	;Disminuir por2.3%	;437	;Aumentar por115.3%	;Aumentar por45.2%	;670	;Aumentar por152.8%	;Aumentar por41.1%	;
224	;(Domingo)2026/07/12	;183	;Aumentar por123.2%	;Aumentar por60.5%	;165	;Aumentar por126.0%	;Aumentar por58.7%	;3156	;Aumentar por4.3%	;Disminuir por7.8%	;3101	;Aumentar por7.3%	;Disminuir por6.3%	;419	;Aumentar por98.6%	;Aumentar por120.5%	;671	;Aumentar por114.4%	;Aumentar por137.9%	;
225	;(Lunes)2026/07/13	;159	;Aumentar por137.3%	;Disminuir por11.7%	;127	;Aumentar por104.8%	;Disminuir por15.9%	;4249	;Aumentar por93.8%	;Aumentar por56.0%	;3771	;Aumentar por75.2%	;Aumentar por34.0%	;464	;Aumentar por84.9%	;Aumentar por28.9%	;706	;Aumentar por90.8%	;Aumentar por32.0%	;
226	;(Martes)2026/07/14	;89	;Aumentar por93.5%	;Disminuir por39.5%	;68	;Aumentar por47.8%	;Disminuir por44.7%	;1689	;Aumentar por18.4%	;Disminuir por53.8%	;1758	;Aumentar por18.1%	;Disminuir por52.8%	;283	;Aumentar por81.4%	;Disminuir por21.4%	;387	;Aumentar por83.4%	;Disminuir por38.3%	;

Exportar contenido:Subtipos de vehículos a motor	;
Hora del informe: 2025/12/01 00:00:00 - 2026/07/14 23:59:59	;

N.º	;Hora	;Autobuses	; 	; 	; 	; 	; 	;Monovolúmenes	; 	; 	; 	; 	; 	;Sedanes pequeños	; 	; 	; 	; 	; 	;Camiones	;
	;	;Avanzar	; 	; 	;Retroceso	; 	; 	;Avanzar	; 	; 	;Retroceso	; 	; 	;Avanzar	; 	; 	;Retroceso	; 	; 	;Avanzar	; 	; 	;Retroceso	;
	;	;Valor	;Tasa de cambio (ciclo tras ciclo)	;Tasa de cambio (año tras año)	;Valor	;Tasa de cambio (ciclo tras ciclo)	;Tasa de cambio (año tras año)	;Valor	;Tasa de cambio (ciclo tras ciclo)	;Tasa de cambio (año tras año)	;Valor	;Tasa de cambio (ciclo tras ciclo)	;Tasa de cambio (año tras año)	;Valor	;Tasa de cambio (ciclo tras ciclo)	;Tasa de cambio (año tras año)	;Valor	;Tasa de cambio (ciclo tras ciclo)	;Tasa de cambio (año tras año)	;Valor	;Tasa de cambio (ciclo tras ciclo)	;Tasa de cambio (año tras año)	;Valor	;Tasa de cambio (ciclo tras ciclo)	;Tasa de cambio (año tras año)	;
1	;(Lunes)2025/12/01	;16	; --%	; --%	;11	; --%	; --%	;245	; --%	; --%	;124	; --%	; --%	;1979	; --%	; --%	;2083	; --%	; --%	;29	; --%	; --%	;36	; --%	; --%	;
2	;(Martes)2025/12/02	;16	; --%	; --%	;7	; --%	; --%	;252	; --%	; --%	;117	; --%	; --%	;1895	; --%	; --%	;2104	; --%	; --%	;22	; --%	; --%	;32	; --%	; --%	;
3	;(Miércoles)2025/12/03	;9	; --%	; --%	;10	; --%	; --%	;237	; --%	; --%	;146	; --%	; --%	;1927	; --%	; --%	;2099	; --%	; --%	;21	; --%	; --%	;36	; --%	; --%	;
4	;(Jueves)2025/12/04	;12	; --%	; --%	;8	; --%	; --%	;247	; --%	; --%	;107	; --%	; --%	;2070	; --%	; --%	;2175	; --%	; --%	;18	; --%	; --%	;39	; --%	; --%	;
5	;(Viernes)2025/12/05	;13	;Aumentar por1200.0%	; --%	;7	;Aumentar por600.0%	; --%	;260	;Aumentar por282.4%	; --%	;156	;Aumentar por310.5%	; --%	;2278	;Aumentar por212.9%	; --%	;2333	;Aumentar por220.5%	; --%	;20	;Aumentar por233.3%	; --%	;35	;Aumentar por1066.7%	; --%	;
6	;(Sábado)2025/12/06	;18	;Disminuir por5.3%	; --%	;14	;Aumentar por75.0%	; --%	;193	;Disminuir por34.6%	; --%	;73	;Disminuir por55.8%	; --%	;2642	;Aumentar por14.7%	; --%	;2609	;Aumentar por5.6%	; --%	;5	;Disminuir por87.8%	; --%	;9	;Disminuir por82.0%	; --%	;
7	;(Domingo)2025/12/07	;13	;Disminuir por38.1%	; --%	;7	;Disminuir por56.3%	; --%	;115	;Disminuir por62.8%	; --%	;49	;Disminuir por72.3%	; --%	;2568	;Aumentar por9.6%	; --%	;2652	;Aumentar por3.0%	; --%	;3	;Disminuir por88.0%	; --%	;8	;Disminuir por78.9%	; --%	;
8	;(Lunes)2025/12/08	;9	;Disminuir por50.0%	; --%	;10	;Aumentar por42.9%	; --%	;116	;Disminuir por43.1%	; --%	;68	;Disminuir por40.4%	; --%	;1606	;Disminuir por28.0%	; --%	;1660	;Disminuir por31.2%	; --%	;9	;Disminuir por10.0%	; --%	;8	;Disminuir por42.9%	; --%	;
9	;(Martes)2025/12/09	;11	;Disminuir por21.4%	; --%	;7	;Disminuir por36.4%	; --%	;203	;Aumentar por95.2%	; --%	;134	;Aumentar por103.0%	; --%	;2118	;Aumentar por27.2%	; --%	;2194	;Aumentar por25.4%	; --%	;26	;Aumentar por550.0%	; --%	;39	;Aumentar por333.3%	; --%	;
10	;(Miércoles)2025/12/10	;16	;Aumentar por60.0%	; --%	;13	;Aumentar por225.0%	; --%	;232	;Aumentar por73.1%	; --%	;113	;Aumentar por85.2%	; --%	;2030	;Aumentar por174.7%	; --%	;2149	;Aumentar por157.1%	; --%	;33	;Aumentar por153.8%	; --%	;43	;Aumentar por290.9%	; --%	;
11	;(Jueves)2025/12/11	;10	;Disminuir por16.7%	; --%	;5	;Disminuir por37.5%	; --%	;251	;Aumentar por43.4%	; --%	;134	;Aumentar por24.1%	; --%	;1903	;Aumentar por31.4%	; --%	;2074	;Aumentar por36.8%	; --%	;27	;Aumentar por80.0%	; --%	;44	;Aumentar por131.6%	; --%	;
12	;(Viernes)2025/12/12	;11	;Disminuir por57.7%	; --%	;10	;Disminuir por37.5%	; --%	;270	;Disminuir por20.8%	; --%	;129	;Disminuir por24.1%	; --%	;2201	;Disminuir por17.6%	; --%	;2237	;Disminuir por18.1%	; --%	;24	;Disminuir por20.0%	; --%	;31	;Disminuir por22.5%	; --%	;
13	;(Sábado)2025/12/13	;10	;Disminuir por37.5%	; --%	;9	;Aumentar por12.5%	; --%	;141	;Disminuir por20.3%	; --%	;72	;Disminuir por14.3%	; --%	;1870	;Disminuir por13.3%	; --%	;1919	;Disminuir por14.2%	; --%	;6	;Aumentar por100.0%	; --%	;13	;Aumentar por85.7%	; --%	;
14	;(Domingo)2025/12/14	;11	; --%	; --%	;10	;Aumentar por900.0%	; --%	;67	;Aumentar por458.3%	; --%	;32	;Aumentar por300.0%	; --%	;1021	;Aumentar por963.5%	; --%	;1059	;Aumentar por696.2%	; --%	;5	;Aumentar por150.0%	; --%	;6	;Aumentar por50.0%	; --%	;
15	;(Lunes)2025/12/15	;9	; --%	; --%	;9	; --%	; --%	;213	; --%	; --%	;112	; --%	; --%	;1850	; --%	; --%	;1893	; --%	; --%	;13	; --%	; --%	;21	; --%	; --%	;
16	;(Martes)2025/12/16	;11	; --%	; --%	;7	; --%	; --%	;225	; --%	; --%	;116	; --%	; --%	;1932	; --%	; --%	;2076	; --%	; --%	;21	; --%	; --%	;28	; --%	; --%	;
17	;(Miércoles)2025/12/17	;6	;Aumentar por500.0%	; --%	;12	; --%	; --%	;210	;Aumentar por191.7%	; --%	;101	;Aumentar por102.0%	; --%	;1896	;Aumentar por132.9%	; --%	;1881	;Aumentar por142.4%	; --%	;19	;Aumentar por850.0%	; --%	;33	;Aumentar por3200.0%	; --%	;
18	;(Jueves)2025/12/18	;11	;Disminuir por38.9%	; --%	;8	;Disminuir por33.3%	; --%	;250	;Disminuir por26.7%	; --%	;144	;Disminuir por19.6%	; --%	;1973	;Disminuir por9.4%	; --%	;2159	;Disminuir por8.5%	; --%	;18	;Disminuir por43.8%	; --%	;34	;Disminuir por17.1%	; --%	;
19	;(Viernes)2025/12/19	;7	;Disminuir por65.0%	; --%	;4	;Disminuir por69.2%	; --%	;252	;Disminuir por21.3%	; --%	;126	;Disminuir por28.4%	; --%	;2160	;Disminuir por4.6%	; --%	;2282	;Disminuir por7.3%	; --%	;18	;Disminuir por40.0%	; --%	;31	;Disminuir por16.2%	; --%	;
20	;(Sábado)2025/12/20	;10	;Disminuir por47.4%	; --%	;4	;Disminuir por66.7%	; --%	;143	;Disminuir por57.2%	; --%	;63	;Disminuir por62.5%	; --%	;1981	;Disminuir por12.7%	; --%	;1949	;Disminuir por20.4%	; --%	;6	;Disminuir por81.8%	; --%	;12	;Disminuir por70.7%	; --%	;
21	;(Domingo)2025/12/21	;8	;Disminuir por38.5%	; --%	;5	;Disminuir por61.5%	; --%	;125	;Disminuir por56.6%	; --%	;41	;Disminuir por73.2%	; --%	;1323	;Disminuir por46.1%	; --%	;1415	;Disminuir por43.7%	; --%	;2	;Disminuir por93.9%	; --%	;4	;Disminuir por91.3%	; --%	;
22	;(Lunes)2025/12/22	;15	;Aumentar por25.0%	; --%	;14	;Aumentar por180.0%	; --%	;248	;Aumentar por25.9%	; --%	;142	;Aumentar por42.0%	; --%	;2195	;Disminuir por1.0%	; --%	;2166	;Disminuir por5.9%	; --%	;18	;Aumentar por500.0%	; --%	;25	;Aumentar por150.0%	; --%	;
23	;(Martes)2025/12/23	;8	;Disminuir por33.3%	; --%	;4	;Disminuir por42.9%	; --%	;243	;Aumentar por138.2%	; --%	;123	;Aumentar por146.0%	; --%	;2065	;Aumentar por30.3%	; --%	;2192	;Aumentar por23.4%	; --%	;20	;Aumentar por185.7%	; --%	;34	;Aumentar por325.0%	; --%	;
24	;(Miércoles)2025/12/24	;6	;Disminuir por70.0%	; --%	;8	;Disminuir por27.3%	; --%	;182	;Disminuir por44.7%	; --%	;82	;Disminuir por55.2%	; --%	;1803	;Disminuir por20.6%	; --%	;1958	;Disminuir por19.2%	; --%	;13	;Disminuir por48.0%	; --%	;20	;Disminuir por54.5%	; --%	;
25	;(Jueves)2025/12/25	;3	;Disminuir por84.2%	; --%	;1	;Disminuir por93.3%	; --%	;79	;Disminuir por76.5%	; --%	;29	;Disminuir por81.5%	; --%	;1101	;Disminuir por47.5%	; --%	;1220	;Disminuir por46.9%	; --%	;3	;Disminuir por92.3%	; --%	;1	;Disminuir por97.4%	; --%	;
26	;(Viernes)2025/12/26	;9	;Disminuir por59.1%	; --%	;4	;Disminuir por69.2%	; --%	;132	;Disminuir por51.1%	; --%	;62	;Disminuir por53.7%	; --%	;1679	;Aumentar por6.7%	; --%	;1846	;Aumentar por3.9%	; --%	;2	;Disminuir por90.0%	; --%	;9	;Disminuir por69.0%	; --%	;
27	;(Sábado)2025/12/27	;7	; --%	; --%	;5	; --%	; --%	;127	; --%	; --%	;53	; --%	; --%	;1395	; --%	; --%	;1466	; --%	; --%	;4	; --%	; --%	;9	; --%	; --%	;
28	;(Domingo)2025/12/28	;4	;Sin cambios	; --%	;2	; --%	; --%	;92	;Aumentar por17.9%	; --%	;29	;Disminuir por29.3%	; --%	;1290	;Aumentar por25.9%	; --%	;1211	;Aumentar por9.6%	; --%	;1	;Disminuir por80.0%	; --%	;9	;Aumentar por50.0%	; --%	;
29	;(Lunes)2025/12/29	;6	;Disminuir por53.8%	; --%	;7	;Aumentar por16.7%	; --%	;249	;Aumentar por13.7%	; --%	;133	;Aumentar por17.7%	; --%	;1801	;Disminuir por23.7%	; --%	;1962	;Disminuir por19.4%	; --%	;14	;Aumentar por133.3%	; --%	;23	;Aumentar por187.5%	; --%	;
30	;(Martes)2025/12/30	;16	;Aumentar por100.0%	; --%	;11	;Aumentar por83.3%	; --%	;227	;Aumentar por104.5%	; --%	;128	;Aumentar por151.0%	; --%	;2194	;Aumentar por32.0%	; --%	;2202	;Aumentar por25.9%	; --%	;24	;Aumentar por380.0%	; --%	;32	;Aumentar por300.0%	; --%	;
31	;(Miércoles)2025/12/31	;14	;Disminuir por30.0%	; --%	;10	;Disminuir por16.7%	; --%	;227	;Disminuir por24.3%	; --%	;105	;Disminuir por38.6%	; --%	;1905	;Disminuir por15.0%	; --%	;1999	;Disminuir por18.5%	; --%	;15	;Disminuir por54.5%	; --%	;16	;Disminuir por48.4%	; --%	;
32	;(Jueves)2026/01/01	;11	;Disminuir por65.6%	; --%	;5	;Disminuir por70.6%	; --%	;88	;Disminuir por70.1%	; --%	;32	;Disminuir por81.1%	; --%	;1229	;Disminuir por43.1%	; --%	;1361	;Disminuir por40.9%	; --%	;4	;Disminuir por93.5%	; --%	;2	;Disminuir por97.7%	; --%	;
33	;(Viernes)2026/01/02	;9	;Disminuir por50.0%	; --%	;9	;Disminuir por35.7%	; --%	;232	;Disminuir por29.1%	; --%	;108	;Disminuir por31.6%	; --%	;2032	;Disminuir por8.6%	; --%	;2120	;Disminuir por13.4%	; --%	;14	;Disminuir por78.5%	; --%	;14	;Disminuir por81.1%	; --%	;
34	;(Sábado)2026/01/03	;11	;Disminuir por45.0%	; --%	;7	;Disminuir por63.2%	; --%	;167	;Disminuir por46.1%	; --%	;73	;Disminuir por54.7%	; --%	;1874	;Disminuir por17.7%	; --%	;1908	;Disminuir por23.3%	; --%	;2	;Disminuir por97.0%	; --%	;11	;Disminuir por87.5%	; --%	;
35	;(Domingo)2026/01/04	;3	;Disminuir por87.5%	; --%	;7	;Disminuir por30.0%	; --%	;80	;Disminuir por74.9%	; --%	;35	;Disminuir por80.7%	; --%	;1073	;Disminuir por56.4%	; --%	;1134	;Disminuir por56.4%	; --%	;2	;Disminuir por96.9%	; --%	;3	;Disminuir por95.7%	; --%	;
36	;(Lunes)2026/01/05	;8	;Disminuir por27.3%	; --%	;6	;Aumentar por20.0%	; --%	;207	;Disminuir por1.0%	; --%	;109	;Disminuir por9.9%	; --%	;1810	;Disminuir por20.9%	; --%	;1971	;Disminuir por19.8%	; --%	;7	;Disminuir por22.2%	; --%	;20	;Aumentar por81.8%	; --%	;
37	;(Martes)2026/01/06	;15	;Aumentar por25.0%	; --%	;7	;Sin cambios	; --%	;74	;Disminuir por27.5%	; --%	;32	;Disminuir por45.8%	; --%	;1072	;Disminuir por34.4%	; --%	;1138	;Disminuir por33.9%	; --%	;4	;Disminuir por42.9%	; --%	;9	;Aumentar por12.5%	; --%	;
38	;(Miércoles)2026/01/07	;15	;Disminuir por31.8%	; --%	;14	;Disminuir por17.6%	; --%	;210	;Disminuir por30.9%	; --%	;143	;Disminuir por17.3%	; --%	;1928	;Disminuir por15.2%	; --%	;2039	;Disminuir por17.7%	; --%	;29	;Disminuir por14.7%	; --%	;38	;Disminuir por11.6%	; --%	;
39	;(Jueves)2026/01/08	;16	;Aumentar por33.3%	; --%	;8	;Disminuir por27.3%	; --%	;240	;Disminuir por17.2%	; --%	;133	;Disminuir por14.7%	; --%	;1873	;Disminuir por17.6%	; --%	;1956	;Disminuir por19.6%	; --%	;21	;Disminuir por34.4%	; --%	;34	;Disminuir por15.0%	; --%	;
40	;(Viernes)2026/01/09	;16	;Disminuir por27.3%	; --%	;14	;Aumentar por27.3%	; --%	;242	;Disminuir por15.4%	; --%	;145	;Disminuir por19.4%	; --%	;1968	;Disminuir por14.9%	; --%	;2039	;Disminuir por18.1%	; --%	;21	;Disminuir por41.7%	; --%	;30	;Disminuir por28.6%	; --%	;
41	;(Sábado)2026/01/10	;11	;Sin cambios	; --%	;5	;Disminuir por58.3%	; --%	;140	;Disminuir por51.7%	; --%	;85	;Disminuir por50.9%	; --%	;1587	;Disminuir por33.0%	; --%	;1625	;Disminuir por37.3%	; --%	;9	;Disminuir por79.5%	; --%	;17	;Disminuir por69.6%	; --%	;
42	;(Domingo)2026/01/11	;7	;Disminuir por65.0%	; --%	;6	;Disminuir por68.4%	; --%	;91	;Disminuir por71.8%	; --%	;43	;Disminuir por76.2%	; --%	;1036	;Disminuir por59.4%	; --%	;1128	;Disminuir por59.2%	; --%	;2	;Disminuir por89.5%	; --%	;5	;Disminuir por90.2%	; --%	;
43	;(Lunes)2026/01/12	;22	;Aumentar por83.3%	; --%	;9	;Disminuir por10.0%	; --%	;274	;Aumentar por21.8%	; --%	;168	;Aumentar por66.3%	; --%	;1886	;Disminuir por26.7%	; --%	;2010	;Disminuir por25.5%	; --%	;24	;Aumentar por118.2%	; --%	;30	;Aumentar por76.5%	; --%	;
44	;(Martes)2026/01/13	;17	;Aumentar por30.8%	; --%	;11	;Sin cambios	; --%	;266	;Aumentar por107.8%	; --%	;166	;Aumentar por196.4%	; --%	;1895	;Aumentar por7.4%	; --%	;1992	;Aumentar por1.2%	; --%	;17	;Aumentar por325.0%	; --%	;31	;Aumentar por210.0%	; --%	;
45	;(Miércoles)2026/01/14	;17	;Disminuir por43.3%	; --%	;12	;Disminuir por60.0%	; --%	;239	;Disminuir por35.6%	; --%	;148	;Disminuir por33.9%	; --%	;1819	;Disminuir por33.0%	; --%	;1934	;Disminuir por34.1%	; --%	;17	;Disminuir por59.5%	; --%	;29	;Disminuir por45.3%	; --%	;
46	;(Jueves)2026/01/15	;14	;Disminuir por17.6%	; --%	;5	;Disminuir por44.4%	; --%	;274	;Disminuir por14.1%	; --%	;140	;Disminuir por12.5%	; --%	;1877	;Disminuir por21.2%	; --%	;1986	;Disminuir por23.4%	; --%	;16	;Disminuir por52.9%	; --%	;26	;Disminuir por16.1%	; --%	;
47	;(Viernes)2026/01/16	;10	;Disminuir por37.5%	; --%	;8	;Disminuir por27.3%	; --%	;235	;Disminuir por22.4%	; --%	;129	;Disminuir por28.7%	; --%	;1950	;Disminuir por19.6%	; --%	;2119	;Disminuir por16.1%	; --%	;24	;Disminuir por29.4%	; --%	;25	;Disminuir por55.4%	; --%	;
48	;(Sábado)2026/01/17	;8	;Disminuir por65.2%	; --%	;3	;Disminuir por85.7%	; --%	;138	;Disminuir por56.5%	; --%	;61	;Disminuir por62.1%	; --%	;1448	;Disminuir por40.8%	; --%	;1447	;Disminuir por45.0%	; --%	;2	;Disminuir por93.8%	; --%	;8	;Disminuir por75.0%	; --%	;
49	;(Domingo)2026/01/18	;8	;Disminuir por57.9%	; --%	;4	;Disminuir por71.4%	; --%	;91	;Disminuir por69.2%	; --%	;38	;Disminuir por77.8%	; --%	;1067	;Disminuir por61.1%	; --%	;1134	;Disminuir por59.5%	; --%	;3	;Disminuir por91.2%	; --%	;6	;Disminuir por83.8%	; --%	;
50	;(Lunes)2026/01/19	;13	;Disminuir por18.8%	; --%	;6	;Disminuir por53.8%	; --%	;264	;Aumentar por21.1%	; --%	;143	;Aumentar por37.5%	; --%	;1864	;Disminuir por37.1%	; --%	;1968	;Disminuir por34.6%	; --%	;14	;Aumentar por250.0%	; --%	;26	;Aumentar por160.0%	; --%	;
51	;(Martes)2026/01/20	;32	;Aumentar por113.3%	; --%	;27	;Aumentar por125.0%	; --%	;261	;Aumentar por117.5%	; --%	;131	;Aumentar por111.3%	; --%	;1963	;Disminuir por6.1%	; --%	;2195	;Disminuir por9.9%	; --%	;10	;Aumentar por233.3%	; --%	;26	;Aumentar por333.3%	; --%	;
52	;(Miércoles)2026/01/21	;50	;Aumentar por138.1%	; --%	;47	;Aumentar por193.8%	; --%	;276	;Disminuir por21.1%	; --%	;157	;Disminuir por26.3%	; --%	;2111	;Disminuir por22.9%	; --%	;2417	;Disminuir por19.8%	; --%	;29	;Disminuir por12.1%	; --%	;43	;Aumentar por10.3%	; --%	;
53	;(Jueves)2026/01/22	;17	;Sin cambios	; --%	;9	;Disminuir por47.1%	; --%	;251	;Disminuir por9.4%	; --%	;142	;Disminuir por16.5%	; --%	;2037	;Disminuir por17.4%	; --%	;2119	;Disminuir por18.4%	; --%	;24	;Disminuir por27.3%	; --%	;39	;Disminuir por7.1%	; --%	;
54	;(Viernes)2026/01/23	;13	;Disminuir por35.0%	; --%	;10	;Disminuir por16.7%	; --%	;259	;Disminuir por11.6%	; --%	;127	;Disminuir por20.1%	; --%	;2041	;Disminuir por20.6%	; --%	;2155	;Disminuir por22.0%	; --%	;22	;Disminuir por35.3%	; --%	;28	;Disminuir por12.5%	; --%	;
55	;(Sábado)2026/01/24	;12	;Disminuir por25.0%	; --%	;6	;Disminuir por14.3%	; --%	;180	;Disminuir por43.4%	; --%	;80	;Disminuir por54.5%	; --%	;1749	;Disminuir por30.7%	; --%	;1833	;Disminuir por29.7%	; --%	;12	;Disminuir por50.0%	; --%	;22	;Disminuir por33.3%	; --%	;
56	;(Domingo)2026/01/25	;11	;Disminuir por47.6%	; --%	;6	;Disminuir por62.5%	; --%	;82	;Disminuir por75.9%	; --%	;47	;Disminuir por75.6%	; --%	;1176	;Disminuir por57.0%	; --%	;1294	;Disminuir por57.4%	; --%	;10	;Disminuir por71.4%	; --%	;10	;Disminuir por75.6%	; --%	;
57	;(Lunes)2026/01/26	;21	;Aumentar por61.5%	; --%	;9	;Aumentar por50.0%	; --%	;256	;Aumentar por28.6%	; --%	;158	;Aumentar por36.2%	; --%	;1940	;Disminuir por30.3%	; --%	;2025	;Disminuir por28.4%	; --%	;32	;Aumentar por113.3%	; --%	;35	;Aumentar por59.1%	; --%	;
58	;(Martes)2026/01/27	;14	;Aumentar por55.6%	; --%	;14	;Disminuir por41.7%	; --%	;228	;Aumentar por79.5%	; --%	;115	;Aumentar por94.9%	; --%	;1890	;Disminuir por6.9%	; --%	;2004	;Disminuir por9.7%	; --%	;23	;Aumentar por283.3%	; --%	;42	;Aumentar por500.0%	; --%	;
59	;(Miércoles)2026/01/28	;14	;Disminuir por39.1%	; --%	;10	;Disminuir por47.4%	; --%	;227	;Disminuir por29.1%	; --%	;131	;Disminuir por26.8%	; --%	;1890	;Disminuir por30.6%	; --%	;2037	;Disminuir por30.0%	; --%	;20	;Disminuir por45.9%	; --%	;31	;Disminuir por42.6%	; --%	;
60	;(Jueves)2026/01/29	;14	;Disminuir por26.3%	; --%	;8	;Disminuir por57.9%	; --%	;223	;Disminuir por26.2%	; --%	;133	;Disminuir por29.3%	; --%	;1921	;Disminuir por26.3%	; --%	;2069	;Disminuir por23.3%	; --%	;19	;Disminuir por24.0%	; --%	;28	;Disminuir por51.7%	; --%	;
61	;(Viernes)2026/01/30	;20	;Disminuir por20.0%	; --%	;8	;Disminuir por57.9%	; --%	;255	;Disminuir por17.5%	; --%	;136	;Disminuir por26.9%	; --%	;2021	;Disminuir por21.5%	; --%	;2156	;Disminuir por21.7%	; --%	;23	;Disminuir por34.3%	; --%	;37	;Disminuir por26.0%	; --%	;
62	;(Sábado)2026/01/31	;11	;Disminuir por21.4%	; --%	;7	;Disminuir por56.3%	; --%	;133	;Disminuir por57.9%	; --%	;78	;Disminuir por53.8%	; --%	;1646	;Disminuir por36.8%	; --%	;1641	;Disminuir por41.1%	; --%	;12	;Disminuir por53.8%	; --%	;10	;Disminuir por82.1%	; --%	;
63	;(Domingo)2026/02/01	;7	;Disminuir por12.5%	; --%	;3	;Disminuir por75.0%	; --%	;92	;Disminuir por72.8%	; --%	;42	;Disminuir por74.9%	; --%	;1084	;Disminuir por62.1%	; --%	;1156	;Disminuir por61.3%	; --%	;1	;Disminuir por97.7%	; --%	;3	;Disminuir por95.9%	; --%	;
64	;(Lunes)2026/02/02	;19	;Sin cambios	; --%	;10	;Disminuir por33.3%	; --%	;282	;Aumentar por41.0%	; --%	;161	;Aumentar por50.5%	; --%	;1940	;Disminuir por36.6%	; --%	;2101	;Disminuir por32.5%	; --%	;24	;Aumentar por33.3%	; --%	;43	;Aumentar por72.0%	; --%	;
65	;(Martes)2026/02/03	;10	;Aumentar por25.0%	; --%	;7	;Disminuir por12.5%	; --%	;275	;Aumentar por135.0%	; --%	;148	;Aumentar por150.8%	; --%	;1877	;Disminuir por12.8%	; --%	;2011	;Disminuir por7.3%	; --%	;27	;Aumentar por200.0%	; --%	;36	;Aumentar por56.5%	; --%	;
66	;(Miércoles)2026/02/04	;15	;Aumentar por1400.0%	; --%	;12	;Aumentar por500.0%	; --%	;275	;Aumentar por195.7%	; --%	;148	;Aumentar por190.2%	; --%	;1851	;Aumentar por54.1%	; --%	;2004	;Aumentar por78.0%	; --%	;20	;Aumentar por900.0%	; --%	;30	;Aumentar por200.0%	; --%	;
67	;(Jueves)2026/02/05	;11	;Aumentar por57.1%	; --%	;10	;Aumentar por25.0%	; --%	;236	;Disminuir por12.9%	; --%	;141	;Aumentar por0.7%	; --%	;1934	;Disminuir por24.4%	; --%	;2082	;Disminuir por28.0%	; --%	;24	;Disminuir por4.0%	; --%	;35	;Disminuir por27.1%	; --%	;
68	;(Viernes)2026/02/06	;22	;Aumentar por83.3%	; --%	;11	;Disminuir por8.3%	; --%	;264	;Disminuir por14.0%	; --%	;140	;Disminuir por15.2%	; --%	;1947	;Disminuir por32.9%	; --%	;2104	;Disminuir por31.8%	; --%	;26	;Disminuir por40.9%	; --%	;30	;Disminuir por55.9%	; --%	;
69	;(Sábado)2026/02/07	;12	;Sin cambios	; --%	;7	;Disminuir por46.2%	; --%	;138	;Disminuir por53.1%	; --%	;64	;Disminuir por60.2%	; --%	;1730	;Disminuir por38.9%	; --%	;1778	;Disminuir por41.3%	; --%	;12	;Disminuir por64.7%	; --%	;17	;Disminuir por60.5%	; --%	;
70	;(Domingo)2026/02/08	;10	;Aumentar por25.0%	; --%	;2	;Disminuir por84.6%	; --%	;69	;Disminuir por79.8%	; --%	;35	;Disminuir por81.7%	; --%	;1161	;Disminuir por61.2%	; --%	;1328	;Disminuir por57.4%	; --%	;2	;Disminuir por94.4%	; --%	;4	;Disminuir por92.3%	; --%	;
71	;(Lunes)2026/02/09	;26	;Aumentar por73.3%	; --%	;11	;Disminuir por21.4%	; --%	;254	;Aumentar por15.5%	; --%	;146	;Aumentar por28.1%	; --%	;1967	;Disminuir por35.4%	; --%	;2095	;Disminuir por31.5%	; --%	;18	;Aumentar por5.9%	; --%	;31	;Aumentar por14.8%	; --%	;
72	;(Martes)2026/02/10	;12	;Aumentar por50.0%	; --%	;14	;Disminuir por6.7%	; --%	;244	;Aumentar por79.4%	; --%	;123	;Aumentar por95.2%	; --%	;1913	;Disminuir por16.1%	; --%	;2046	;Disminuir por18.0%	; --%	;24	;Aumentar por300.0%	; --%	;36	;Aumentar por227.3%	; --%	;
73	;(Miércoles)2026/02/11	;15	;Aumentar por7.1%	; --%	;15	;Disminuir por34.8%	; --%	;277	;Disminuir por5.5%	; --%	;161	;Sin cambios	; --%	;1910	;Disminuir por36.1%	; --%	;2027	;Disminuir por34.4%	; --%	;30	;Disminuir por9.1%	; --%	;43	;Disminuir por6.5%	; --%	;
74	;(Jueves)2026/02/12	;25	;Aumentar por108.3%	; --%	;12	;Aumentar por20.0%	; --%	;239	;Disminuir por3.2%	; --%	;123	;Disminuir por4.7%	; --%	;1922	;Aumentar por7.4%	; --%	;2140	;Aumentar por7.4%	; --%	;25	;Disminuir por26.5%	; --%	;42	;Aumentar por5.0%	; --%	;
75	;(Viernes)2026/02/13	;13	;Aumentar por160.0%	; --%	;9	;Disminuir por40.0%	; --%	;318	;Aumentar por103.8%	; --%	;156	;Aumentar por43.1%	; --%	;2143	;Aumentar por10.0%	; --%	;2324	;Aumentar por20.2%	; --%	;34	;Aumentar por161.5%	; --%	;43	;Aumentar por115.0%	; --%	;
76	;(Sábado)2026/02/14	;7	;Disminuir por36.4%	; --%	;3	;Disminuir por72.7%	; --%	;107	;Disminuir por66.8%	; --%	;57	;Disminuir por68.7%	; --%	;1075	;Disminuir por63.5%	; --%	;1136	;Disminuir por64.0%	; --%	;2	;Disminuir por93.5%	; --%	;6	;Disminuir por89.3%	; --%	;
77	;(Domingo)2026/02/15	;21	;Aumentar por90.9%	; --%	;14	;Aumentar por27.3%	; --%	;102	;Disminuir por65.8%	; --%	;62	;Disminuir por62.0%	; --%	;1187	;Disminuir por62.9%	; --%	;1290	;Disminuir por60.6%	; --%	;8	;Disminuir por77.8%	; --%	;5	;Disminuir por92.4%	; --%	;
78	;(Lunes)2026/02/16	;18	;Aumentar por260.0%	; --%	;14	;Aumentar por100.0%	; --%	;274	;Aumentar por33.7%	; --%	;184	;Aumentar por61.4%	; --%	;2012	;Disminuir por39.2%	; --%	;2240	;Disminuir por32.2%	; --%	;31	;Aumentar por63.2%	; --%	;27	;Sin cambios	; --%	;
79	;(Martes)2026/02/17	;18	;Aumentar por157.1%	; --%	;12	;Aumentar por50.0%	; --%	;274	;Aumentar por67.1%	; --%	;147	;Aumentar por107.0%	; --%	;2008	;Disminuir por21.1%	; --%	;2078	;Disminuir por21.5%	; --%	;21	;Aumentar por90.9%	; --%	;26	;Aumentar por18.2%	; --%	;
80	;(Miércoles)2026/02/18	;15	;Aumentar por50.0%	; --%	;16	;Aumentar por128.6%	; --%	;259	;Disminuir por12.8%	; --%	;157	;Aumentar por4.7%	; --%	;1976	;Disminuir por38.8%	; --%	;2001	;Disminuir por39.9%	; --%	;28	;Disminuir por39.1%	; --%	;39	;Disminuir por26.4%	; --%	;
81	;(Jueves)2026/02/19	;22	;Aumentar por100.0%	; --%	;14	;Aumentar por180.0%	; --%	;242	;Disminuir por13.3%	; --%	;157	;Aumentar por9.8%	; --%	;1958	;Disminuir por38.6%	; --%	;2031	;Disminuir por39.2%	; --%	;21	;Disminuir por25.0%	; --%	;39	;Disminuir por18.8%	; --%	;
82	;(Viernes)2026/02/20	;23	;Aumentar por91.7%	; --%	;12	;Aumentar por20.0%	; --%	;280	;Aumentar por14.8%	; --%	;166	;Aumentar por26.7%	; --%	;2153	;Disminuir por34.5%	; --%	;2133	;Disminuir por39.5%	; --%	;26	;Disminuir por7.1%	; --%	;30	;Disminuir por40.0%	; --%	;
83	;(Sábado)2026/02/21	;14	;Aumentar por55.6%	; --%	;7	;Sin cambios	; --%	;185	;Disminuir por37.3%	; --%	;90	;Disminuir por35.3%	; --%	;1916	;Disminuir por35.6%	; --%	;1898	;Disminuir por39.3%	; --%	;6	;Disminuir por79.3%	; --%	;9	;Disminuir por84.5%	; --%	;
84	;(Domingo)2026/02/22	;6	;Disminuir por53.8%	; --%	;6	;Disminuir por50.0%	; --%	;78	;Disminuir por72.1%	; --%	;33	;Disminuir por80.5%	; --%	;1274	;Disminuir por60.9%	; --%	;1171	;Disminuir por66.7%	; --%	;3	;Disminuir por91.4%	; --%	;5	;Disminuir por90.7%	; --%	;
85	;(Lunes)2026/02/23	;23	;Aumentar por475.0%	; --%	;11	;Aumentar por57.1%	; --%	;263	;Aumentar por50.3%	; --%	;154	;Aumentar por79.1%	; --%	;2037	;Disminuir por36.9%	; --%	;2061	;Disminuir por35.3%	; --%	;27	;Aumentar por80.0%	; --%	;34	;Aumentar por25.9%	; --%	;
86	;(Martes)2026/02/24	;26	;Aumentar por188.9%	; --%	;13	;Disminuir por13.3%	; --%	;233	;Aumentar por42.1%	; --%	;138	;Aumentar por106.0%	; --%	;1940	;Disminuir por23.5%	; --%	;2015	;Disminuir por25.6%	; --%	;17	;Aumentar por21.4%	; --%	;28	;Aumentar por16.7%	; --%	;
87	;(Miércoles)2026/02/25	;15	;Aumentar por50.0%	; --%	;11	;Sin cambios	; --%	;268	;Disminuir por6.3%	; --%	;121	;Disminuir por28.0%	; --%	;1976	;Disminuir por40.6%	; --%	;2042	;Disminuir por41.4%	; --%	;28	;Disminuir por3.4%	; --%	;41	;Disminuir por25.5%	; --%	;
88	;(Jueves)2026/02/26	;17	;Aumentar por21.4%	; --%	;11	;Disminuir por15.4%	; --%	;234	;Disminuir por26.6%	; --%	;131	;Disminuir por13.2%	; --%	;2024	;Disminuir por34.8%	; --%	;2089	;Disminuir por35.8%	; --%	;24	;Disminuir por27.3%	; --%	;41	;Disminuir por22.6%	; --%	;
89	;(Viernes)2026/02/27	;18	;Aumentar por38.5%	; --%	;14	;Aumentar por27.3%	; --%	;267	;Disminuir por1.1%	; --%	;136	;Aumentar por0.7%	; --%	;2238	;Disminuir por29.9%	; --%	;2209	;Disminuir por33.5%	; --%	;29	;Disminuir por19.4%	; --%	;37	;Disminuir por37.3%	; --%	;
90	;(Sábado)2026/02/28	;9	;Disminuir por35.7%	; --%	;11	;Disminuir por15.4%	; --%	;175	;Disminuir por35.7%	; --%	;67	;Disminuir por54.7%	; --%	;1799	;Disminuir por44.5%	; --%	;1776	;Disminuir por48.3%	; --%	;4	;Disminuir por90.0%	; --%	;6	;Disminuir por88.9%	; --%	;
91	;(Domingo)2026/03/01	;11	;Aumentar por10.0%	; --%	;6	;Disminuir por53.8%	; --%	;113	;Disminuir por63.7%	; --%	;35	;Disminuir por75.9%	; --%	;1327	;Disminuir por60.1%	; --%	;1291	;Disminuir por63.6%	; --%	;3	;Disminuir por90.3%	; --%	;8	;Disminuir por86.2%	; --%	;
92	;(Lunes)2026/03/02	;15	;Aumentar por66.7%	; --%	;10	;Aumentar por25.0%	; --%	;255	;Aumentar por32.8%	; --%	;131	;Aumentar por54.1%	; --%	;2107	;Disminuir por41.5%	; --%	;2082	;Disminuir por43.1%	; --%	;14	;Disminuir por22.2%	; --%	;36	;Aumentar por5.9%	; --%	;
93	;(Martes)2026/03/03	;7	;Disminuir por36.4%	; --%	;4	;Disminuir por60.0%	; --%	;153	;Aumentar por6.3%	; --%	;67	;Disminuir por5.6%	; --%	;995	;Disminuir por65.8%	; --%	;942	;Disminuir por68.6%	; --%	;15	;Aumentar por150.0%	; --%	;18	;Disminuir por10.0%	; --%	;
94	;(Miércoles)2026/03/04	;14	;Aumentar por27.3%	; --%	;9	;Disminuir por25.0%	; --%	;228	;Disminuir por36.7%	; --%	;101	;Disminuir por32.7%	; --%	;1844	;Disminuir por48.7%	; --%	;1911	;Disminuir por49.2%	; --%	;19	;Disminuir por45.7%	; --%	;33	;Disminuir por44.1%	; --%	;
95	;(Jueves)2026/03/05	;10	;Disminuir por9.1%	; --%	;13	;Sin cambios	; --%	;219	;Disminuir por25.0%	; --%	;115	;Disminuir por20.1%	; --%	;2053	;Disminuir por37.3%	; --%	;2031	;Disminuir por39.6%	; --%	;16	;Disminuir por56.8%	; --%	;33	;Disminuir por34.0%	; --%	;
96	;(Viernes)2026/03/06	;10	;Aumentar por25.0%	; --%	;16	;Sin cambios	; --%	;232	;Disminuir por18.6%	; --%	;113	;Disminuir por24.2%	; --%	;2127	;Disminuir por35.9%	; --%	;2130	;Disminuir por38.3%	; --%	;14	;Disminuir por36.4%	; --%	;18	;Disminuir por52.6%	; --%	;
97	;(Sábado)2026/03/07	;7	;Disminuir por46.2%	; --%	;0	;Disminuir por100.0%	; --%	;141	;Disminuir por52.2%	; --%	;57	;Disminuir por61.0%	; --%	;1654	;Disminuir por53.8%	; --%	;1647	;Disminuir por56.4%	; --%	;5	;Disminuir por80.8%	; --%	;11	;Disminuir por75.0%	; --%	;
98	;(Domingo)2026/03/08	;9	;Disminuir por60.9%	; --%	;4	;Disminuir por73.3%	; --%	;102	;Disminuir por68.9%	; --%	;34	;Disminuir por78.3%	; --%	;1339	;Disminuir por62.8%	; --%	;1312	;Disminuir por63.6%	; --%	;8	;Disminuir por78.9%	; --%	;3	;Disminuir por94.1%	; --%	;
99	;(Lunes)2026/03/09	;21	;Aumentar por90.9%	; --%	;11	;Disminuir por21.4%	; --%	;256	;Aumentar por8.9%	; --%	;119	;Aumentar por8.2%	; --%	;2137	;Disminuir por44.1%	; --%	;2192	;Disminuir por44.0%	; --%	;28	;Aumentar por64.7%	; --%	;31	;Aumentar por10.7%	; --%	;
100	;(Martes)2026/03/10	;12	;Aumentar por9.1%	; --%	;13	;Disminuir por7.1%	; --%	;277	;Aumentar por79.9%	; --%	;141	;Aumentar por69.9%	; --%	;2104	;Disminuir por24.7%	; --%	;2173	;Disminuir por25.6%	; --%	;27	;Aumentar por200.0%	; --%	;40	;Aumentar por81.8%	; --%	;
101	;(Miércoles)2026/03/11	;20	;Aumentar por53.8%	; --%	;10	;Disminuir por16.7%	; --%	;281	;Disminuir por13.3%	; --%	;126	;Disminuir por36.4%	; --%	;2060	;Disminuir por41.9%	; --%	;2121	;Disminuir por43.1%	; --%	;31	;Disminuir por13.9%	; --%	;37	;Aumentar por2.8%	; --%	;
102	;(Jueves)2026/03/12	;18	;Aumentar por80.0%	; --%	;12	;Aumentar por20.0%	; --%	;287	;Disminuir por4.7%	; --%	;125	;Disminuir por19.9%	; --%	;2074	;Disminuir por36.7%	; --%	;2144	;Disminuir por37.4%	; --%	;24	;Disminuir por29.4%	; --%	;28	;Disminuir por42.9%	; --%	;
103	;(Viernes)2026/03/13	;12	;Aumentar por100.0%	; --%	;12	;Aumentar por50.0%	; --%	;274	;Disminuir por6.2%	; --%	;156	;Aumentar por3.3%	; --%	;2234	;Disminuir por35.0%	; --%	;2342	;Disminuir por33.8%	; --%	;26	;Disminuir por36.6%	; --%	;44	;Disminuir por18.5%	; --%	;
104	;(Sábado)2026/03/14	;18	;Aumentar por38.5%	; --%	;6	;Disminuir por50.0%	; --%	;173	;Disminuir por41.8%	; --%	;89	;Disminuir por32.6%	; --%	;2070	;Disminuir por36.4%	; --%	;2018	;Disminuir por42.1%	; --%	;6	;Disminuir por79.3%	; --%	;9	;Disminuir por73.5%	; --%	;
105	;(Domingo)2026/03/15	;19	;Aumentar por46.2%	; --%	;8	;Disminuir por63.6%	; --%	;103	;Disminuir por68.1%	; --%	;44	;Disminuir por72.7%	; --%	;1588	;Disminuir por56.4%	; --%	;1492	;Disminuir por60.5%	; --%	;3	;Disminuir por90.6%	; --%	;5	;Disminuir por90.0%	; --%	;
106	;(Lunes)2026/03/16	;31	;Aumentar por63.2%	; --%	;15	;Aumentar por7.1%	; --%	;296	;Aumentar por28.1%	; --%	;169	;Aumentar por48.2%	; --%	;2177	;Disminuir por45.7%	; --%	;2273	;Disminuir por41.3%	; --%	;23	;Aumentar por53.3%	; --%	;36	;Aumentar por125.0%	; --%	;
107	;(Martes)2026/03/17	;27	;Aumentar por107.7%	; --%	;18	;Aumentar por5.9%	; --%	;285	;Aumentar por48.4%	; --%	;153	;Aumentar por96.2%	; --%	;2094	;Disminuir por39.8%	; --%	;2225	;Disminuir por30.3%	; --%	;30	;Aumentar por328.6%	; --%	;43	;Aumentar por437.5%	; --%	;
108	;(Miércoles)2026/03/18	;29	;Aumentar por107.1%	; --%	;15	;Disminuir por16.7%	; --%	;228	;Disminuir por20.6%	; --%	;133	;Disminuir por24.9%	; --%	;1734	;Disminuir por56.1%	; --%	;2127	;Disminuir por53.9%	; --%	;17	;Disminuir por50.0%	; --%	;33	;Disminuir por10.8%	; --%	;
109	;(Jueves)2026/03/19	;18	;Aumentar por157.1%	; --%	;11	;Disminuir por21.4%	; --%	;135	;Disminuir por54.1%	; --%	;60	;Disminuir por60.8%	; --%	;1756	;Disminuir por51.9%	; --%	;1677	;Disminuir por55.4%	; --%	;12	;Disminuir por53.8%	; --%	;12	;Disminuir por69.2%	; --%	;
110	;(Viernes)2026/03/20	;17	;Aumentar por240.0%	; --%	;12	;Disminuir por7.7%	; --%	;253	;Disminuir por17.9%	; --%	;118	;Disminuir por33.7%	; --%	;2267	;Disminuir por40.6%	; --%	;2138	;Disminuir por45.7%	; --%	;23	;Disminuir por28.1%	; --%	;26	;Disminuir por29.7%	; --%	;
111	;(Sábado)2026/03/21	;20	;Aumentar por33.3%	; --%	;6	;Disminuir por45.5%	; --%	;170	;Disminuir por48.5%	; --%	;74	;Disminuir por58.4%	; --%	;2010	;Disminuir por46.3%	; --%	;1889	;Disminuir por51.8%	; --%	;7	;Disminuir por75.9%	; --%	;14	;Disminuir por50.0%	; --%	;
112	;(Domingo)2026/03/22	;17	;Aumentar por88.9%	; --%	;4	;Disminuir por66.7%	; --%	;114	;Disminuir por64.2%	; --%	;40	;Disminuir por77.8%	; --%	;1428	;Disminuir por62.8%	; --%	;1354	;Disminuir por66.5%	; --%	;2	;Disminuir por94.3%	; --%	;10	;Disminuir por76.7%	; --%	;
113	;(Lunes)2026/03/23	;12	;Aumentar por50.0%	; --%	;18	;Aumentar por28.6%	; --%	;303	;Aumentar por28.9%	; --%	;156	;Aumentar por20.9%	; --%	;2229	;Disminuir por43.9%	; --%	;2296	;Disminuir por41.8%	; --%	;24	;Aumentar por84.6%	; --%	;33	;Aumentar por73.7%	; --%	;
114	;(Martes)2026/03/24	;21	;Aumentar por75.0%	; --%	;15	;Aumentar por36.4%	; --%	;305	;Aumentar por87.1%	; --%	;129	;Aumentar por48.3%	; --%	;2094	;Disminuir por36.0%	; --%	;2195	;Disminuir por34.3%	; --%	;30	;Aumentar por650.0%	; --%	;28	;Aumentar por211.1%	; --%	;
115	;(Miércoles)2026/03/25	;12	;Disminuir por29.4%	; --%	;5	;Disminuir por75.0%	; --%	;128	;Disminuir por58.7%	; --%	;66	;Disminuir por60.0%	; --%	;1241	;Disminuir por69.3%	; --%	;1214	;Disminuir por71.5%	; --%	;11	;Disminuir por63.3%	; --%	;7	;Disminuir por81.6%	; --%	;
116	;(Jueves)2026/03/26	;19	;Aumentar por137.5%	; --%	;13	;Disminuir por7.1%	; --%	;305	;Disminuir por9.0%	; --%	;143	;Disminuir por7.1%	; --%	;2116	;Disminuir por43.9%	; --%	;2244	;Disminuir por44.7%	; --%	;23	;Disminuir por11.5%	; --%	;43	;Disminuir por2.3%	; --%	;
117	;(Viernes)2026/03/27	;23	;Aumentar por187.5%	; --%	;13	;Disminuir por7.1%	; --%	;299	;Disminuir por11.8%	; --%	;183	;Aumentar por11.6%	; --%	;2472	;Disminuir por35.8%	; --%	;2511	;Disminuir por37.8%	; --%	;44	;Aumentar por51.7%	; --%	;42	;Aumentar por27.3%	; --%	;
118	;(Sábado)2026/03/28	;18	;Aumentar por28.6%	; --%	;11	;Disminuir por21.4%	; --%	;211	;Disminuir por36.6%	; --%	;92	;Disminuir por50.3%	; --%	;2259	;Disminuir por43.7%	; --%	;2386	;Disminuir por43.3%	; --%	;15	;Disminuir por57.1%	; --%	;13	;Disminuir por65.8%	; --%	;
119	;(Domingo)2026/03/29	;12	;Disminuir por25.0%	; --%	;12	;Disminuir por40.0%	; --%	;112	;Disminuir por49.1%	; --%	;40	;Disminuir por60.0%	; --%	;1663	;Disminuir por57.0%	; --%	;1811	;Disminuir por53.2%	; --%	;3	;Disminuir por70.0%	; --%	;8	;Disminuir por61.9%	; --%	;
120	;(Lunes)2026/03/30	;25	;Aumentar por127.3%	; --%	;26	;Aumentar por62.5%	; --%	;341	;Aumentar por53.6%	; --%	;159	;Aumentar por29.3%	; --%	;2720	;Disminuir por33.5%	; --%	;2938	;Disminuir por30.3%	; --%	;32	;Aumentar por220.0%	; --%	;35	;Aumentar por118.8%	; --%	;
121	;(Martes)2026/03/31	;19	;Aumentar por137.5%	; --%	;11	;Sin cambios	; --%	;342	;Aumentar por78.1%	; --%	;175	;Aumentar por103.5%	; --%	;2770	;Disminuir por13.8%	; --%	;2947	;Disminuir por11.3%	; --%	;44	;Aumentar por2100.0%	; --%	;48	;Aumentar por860.0%	; --%	;
122	;(Miércoles)2026/04/01	;23	;Aumentar por130.0%	; --%	;24	;Aumentar por100.0%	; --%	;356	;Aumentar por23.6%	; --%	;183	;Aumentar por6.4%	; --%	;3087	;Disminuir por23.2%	; --%	;3159	;Disminuir por23.3%	; --%	;42	;Aumentar por44.8%	; --%	;46	;Aumentar por39.4%	; --%	;
123	;(Jueves)2026/04/02	;29	;Aumentar por141.7%	; --%	;23	;Aumentar por91.7%	; --%	;361	;Aumentar por32.2%	; --%	;201	;Aumentar por45.7%	; --%	;3541	;Disminuir por7.6%	; --%	;3480	;Disminuir por10.6%	; --%	;41	;Aumentar por70.8%	; --%	;40	;Aumentar por14.3%	; --%	;
124	;(Viernes)2026/04/03	;31	;Aumentar por244.4%	; --%	;19	;Aumentar por46.2%	; --%	;239	;Disminuir por12.8%	; --%	;114	;Disminuir por14.9%	; --%	;3644	;Aumentar por0.6%	; --%	;3363	;Disminuir por11.1%	; --%	;11	;Disminuir por63.3%	; --%	;11	;Disminuir por65.6%	; --%	;
125	;(Sábado)2026/04/04	;33	;Aumentar por266.7%	; --%	;24	;Aumentar por242.9%	; --%	;250	;Disminuir por7.4%	; --%	;127	;Disminuir por7.3%	; --%	;3878	;Aumentar por5.8%	; --%	;3717	;Disminuir por2.2%	; --%	;15	;Disminuir por34.8%	; --%	;14	;Disminuir por41.7%	; --%	;
126	;(Domingo)2026/04/05	;18	;Aumentar por50.0%	; --%	;15	;Aumentar por66.7%	; --%	;136	;Disminuir por51.1%	; --%	;81	;Disminuir por46.4%	; --%	;2863	;Disminuir por21.8%	; --%	;2985	;Disminuir por23.1%	; --%	;2	;Disminuir por92.9%	; --%	;8	;Disminuir por76.5%	; --%	;
127	;(Lunes)2026/04/06	;26	;Aumentar por188.9%	; --%	;15	;Aumentar por66.7%	; --%	;156	;Disminuir por33.3%	; --%	;78	;Disminuir por31.0%	; --%	;2270	;Disminuir por39.0%	; --%	;2483	;Disminuir por35.7%	; --%	;4	;Disminuir por63.6%	; --%	;6	;Disminuir por53.8%	; --%	;
128	;(Martes)2026/04/07	;13	;Aumentar por62.5%	; --%	;10	;Aumentar por11.1%	; --%	;321	;Aumentar por145.0%	; --%	;164	;Aumentar por164.5%	; --%	;2511	;Disminuir por11.9%	; --%	;2572	;Disminuir por14.1%	; --%	;33	;Aumentar por560.0%	; --%	;38	;Aumentar por442.9%	; --%	;
129	;(Miércoles)2026/04/08	;16	;Aumentar por45.5%	; --%	;12	;Sin cambios	; --%	;268	;Disminuir por10.4%	; --%	;156	;Disminuir por5.5%	; --%	;2319	;Disminuir por38.4%	; --%	;2486	;Disminuir por33.1%	; --%	;24	;Aumentar por26.3%	; --%	;38	;Disminuir por11.6%	; --%	;
130	;(Jueves)2026/04/09	;21	;Aumentar por75.0%	; --%	;10	;Disminuir por33.3%	; --%	;285	;Aumentar por5.2%	; --%	;175	;Aumentar por7.4%	; --%	;2210	;Disminuir por31.4%	; --%	;2404	;Disminuir por30.5%	; --%	;28	;Aumentar por27.3%	; --%	;33	;Aumentar por13.8%	; --%	;
131	;(Viernes)2026/04/10	;20	;Aumentar por150.0%	; --%	;16	;Disminuir por5.9%	; --%	;334	;Aumentar por39.2%	; --%	;164	;Aumentar por28.1%	; --%	;2369	;Disminuir por31.3%	; --%	;2510	;Disminuir por30.3%	; --%	;32	;Aumentar por23.1%	; --%	;35	;Aumentar por29.6%	; --%	;
132	;(Sábado)2026/04/11	;20	;Aumentar por100.0%	; --%	;11	;Disminuir por8.3%	; --%	;182	;Disminuir por34.5%	; --%	;76	;Disminuir por39.7%	; --%	;2340	;Disminuir por30.2%	; --%	;2375	;Disminuir por28.8%	; --%	;9	;Disminuir por62.5%	; --%	;17	;Disminuir por45.2%	; --%	;
133	;(Domingo)2026/04/12	;3	;Disminuir por81.3%	; --%	;6	;Disminuir por62.5%	; --%	;110	;Disminuir por55.8%	; --%	;41	;Disminuir por74.2%	; --%	;1450	;Disminuir por56.6%	; --%	;1450	;Disminuir por59.5%	; --%	;3	;Disminuir por87.0%	; --%	;8	;Disminuir por77.1%	; --%	;
134	;(Lunes)2026/04/13	;14	;Aumentar por55.6%	; --%	;8	;Disminuir por20.0%	; --%	;247	;Aumentar por14.9%	; --%	;138	;Aumentar por32.7%	; --%	;2107	;Disminuir por34.8%	; --%	;2069	;Disminuir por38.9%	; --%	;18	;Aumentar por28.6%	; --%	;21	;Aumentar por50.0%	; --%	;
135	;(Martes)2026/04/14	;23	;Aumentar por155.6%	; --%	;9	;Disminuir por50.0%	; --%	;302	;Aumentar por108.3%	; --%	;146	;Aumentar por82.5%	; --%	;2387	;Disminuir por4.4%	; --%	;2361	;Disminuir por12.0%	; --%	;25	;Aumentar por212.5%	; --%	;33	;Aumentar por450.0%	; --%	;
136	;(Miércoles)2026/04/15	;18	;Disminuir por18.2%	; --%	;19	;Disminuir por5.0%	; --%	;279	;Disminuir por6.7%	; --%	;124	;Disminuir por16.2%	; --%	;2312	;Disminuir por26.0%	; --%	;2415	;Disminuir por27.8%	; --%	;35	;Aumentar por29.6%	; --%	;33	;Disminuir por8.3%	; --%	;
137	;(Jueves)2026/04/16	;26	;Aumentar por136.4%	; --%	;12	;Disminuir por14.3%	; --%	;286	;Aumentar por7.9%	; --%	;136	;Disminuir por6.2%	; --%	;2248	;Disminuir por22.8%	; --%	;2435	;Disminuir por21.1%	; --%	;29	;Aumentar por11.5%	; --%	;34	;Disminuir por5.6%	; --%	;
138	;(Viernes)2026/04/17	;21	;Aumentar por23.5%	; --%	;13	;Aumentar por8.3%	; --%	;286	;Aumentar por5.5%	; --%	;162	;Aumentar por15.7%	; --%	;2389	;Disminuir por16.5%	; --%	;2461	;Disminuir por18.8%	; --%	;28	;Aumentar por27.3%	; --%	;38	;Disminuir por11.6%	; --%	;
139	;(Sábado)2026/04/18	;13	;Aumentar por30.0%	; --%	;8	;Disminuir por11.1%	; --%	;176	;Disminuir por29.9%	; --%	;80	;Disminuir por45.6%	; --%	;2192	;Disminuir por25.1%	; --%	;2210	;Disminuir por27.9%	; --%	;11	;Disminuir por54.2%	; --%	;20	;Disminuir por39.4%	; --%	;
140	;(Domingo)2026/04/19	;10	;Disminuir por16.7%	; --%	;6	;Disminuir por50.0%	; --%	;79	;Disminuir por68.4%	; --%	;36	;Disminuir por69.7%	; --%	;1648	;Disminuir por49.4%	; --%	;1747	;Disminuir por48.4%	; --%	;5	;Disminuir por75.0%	; --%	;9	;Disminuir por71.9%	; --%	;
141	;(Lunes)2026/04/20	;16	;Aumentar por23.1%	; --%	;16	;Aumentar por23.1%	; --%	;293	;Aumentar por45.0%	; --%	;152	;Aumentar por49.0%	; --%	;2301	;Disminuir por25.0%	; --%	;2429	;Disminuir por18.8%	; --%	;24	;Aumentar por242.9%	; --%	;34	;Aumentar por385.7%	; --%	;
142	;(Martes)2026/04/21	;21	;Aumentar por40.0%	; --%	;9	;Disminuir por25.0%	; --%	;273	;Aumentar por108.4%	; --%	;131	;Aumentar por89.9%	; --%	;2161	;Disminuir por4.7%	; --%	;2305	;Disminuir por9.6%	; --%	;32	;Aumentar por540.0%	; --%	;33	;Aumentar por312.5%	; --%	;
143	;(Miércoles)2026/04/22	;15	;Disminuir por40.0%	; --%	;7	;Disminuir por77.4%	; --%	;281	;Aumentar por7.7%	; --%	;142	;Disminuir por8.4%	; --%	;2190	;Disminuir por18.3%	; --%	;2385	;Disminuir por22.2%	; --%	;22	;Aumentar por22.2%	; --%	;33	;Aumentar por3.1%	; --%	;
144	;(Jueves)2026/04/23	;16	;Disminuir por42.9%	;Aumentar por1500.0%	;11	;Disminuir por54.2%	;Aumentar por1000.0%	;295	;Aumentar por21.9%	;Aumentar por333.8%	;139	;Aumentar por5.3%	;Aumentar por265.8%	;2449	;Disminuir por8.3%	;Aumentar por236.4%	;2578	;Disminuir por9.2%	;Aumentar por254.1%	;28	;Aumentar por40.0%	;Aumentar por366.7%	;43	;Aumentar por48.3%	;Aumentar por1333.3%	;
145	;(Viernes)2026/04/24	;13	;Disminuir por61.8%	;Disminuir por31.6%	;8	;Disminuir por70.4%	;Sin cambios	;293	;Aumentar por10.2%	;Disminuir por0.7%	;147	;Disminuir por17.9%	;Disminuir por10.9%	;2774	;Disminuir por1.5%	;Aumentar por20.5%	;2873	;Disminuir por6.9%	;Aumentar por16.3%	;19	;Disminuir por24.0%	;Disminuir por53.7%	;36	;Aumentar por24.1%	;Disminuir por28.0%	;
146	;(Sábado)2026/04/25	;8	;Disminuir por61.9%	;Disminuir por61.9%	;5	;Disminuir por66.7%	;Disminuir por68.8%	;186	;Disminuir por33.3%	;Disminuir por39.8%	;75	;Disminuir por58.3%	;Disminuir por57.6%	;2364	;Disminuir por16.6%	;Aumentar por0.9%	;2473	;Disminuir por19.2%	;Disminuir por4.0%	;4	;Disminuir por84.0%	;Disminuir por84.0%	;16	;Disminuir por48.4%	;Disminuir por57.9%	;
147	;(Domingo)2026/04/26	;23	;Sin cambios	;Aumentar por27.8%	;13	;Disminuir por27.8%	;Aumentar por85.7%	;173	;Disminuir por38.7%	;Disminuir por15.2%	;81	;Disminuir por49.1%	;Disminuir por28.9%	;2177	;Disminuir por30.2%	;Disminuir por2.4%	;2286	;Disminuir por30.6%	;Disminuir por5.3%	;5	;Disminuir por84.8%	;Disminuir por50.0%	;13	;Disminuir por65.8%	;Disminuir por7.1%	;
148	;(Lunes)2026/04/27	;26	;Disminuir por10.3%	;Aumentar por85.7%	;14	;Disminuir por26.3%	;Aumentar por27.3%	;305	;Aumentar por33.2%	;Aumentar por193.3%	;165	;Aumentar por73.7%	;Aumentar por150.0%	;2314	;Disminuir por28.4%	;Aumentar por39.0%	;2434	;Disminuir por23.3%	;Aumentar por39.1%	;33	;Aumentar por175.0%	;Aumentar por725.0%	;34	;Aumentar por240.0%	;Aumentar por277.8%	;
149	;(Martes)2026/04/28	;19	;Disminuir por5.0%	;Aumentar por90.0%	;11	;Disminuir por35.3%	;Aumentar por175.0%	;309	;Aumentar por82.8%	;Aumentar por130.6%	;140	;Aumentar por75.0%	;Aumentar por129.5%	;2206	;Disminuir por5.1%	;Aumentar por198.5%	;2334	;Disminuir por18.0%	;Aumentar por179.2%	;24	;Aumentar por700.0%	;Aumentar por84.6%	;38	;Aumentar por322.2%	;Aumentar por245.5%	;
150	;(Miércoles)2026/04/29	;20	;Disminuir por45.9%	;Aumentar por66.7%	;11	;Disminuir por42.1%	;Aumentar por37.5%	;313	;Aumentar por6.5%	;Aumentar por78.9%	;158	;Disminuir por13.7%	;Aumentar por46.3%	;2436	;Disminuir por5.0%	;Aumentar por68.2%	;2559	;Disminuir por10.9%	;Aumentar por68.8%	;38	;Aumentar por65.2%	;Aumentar por153.3%	;55	;Aumentar por111.5%	;Aumentar por189.5%	;
151	;(Jueves)2026/04/30	;18	;Disminuir por14.3%	;Disminuir por30.8%	;15	;Disminuir por31.8%	;Disminuir por6.3%	;323	;Aumentar por2.2%	;Disminuir por5.3%	;161	;Aumentar por11.0%	;Disminuir por5.3%	;2772	;Aumentar por10.7%	;Aumentar por3.8%	;2900	;Aumentar por7.0%	;Aumentar por6.1%	;41	;Aumentar por32.3%	;Aumentar por36.7%	;38	;Aumentar por46.2%	;Disminuir por5.0%	;
152	;(Viernes)2026/05/01	;10	;Disminuir por41.2%	;Disminuir por37.5%	;9	;Disminuir por10.0%	;Aumentar por12.5%	;148	;Disminuir por44.4%	;Disminuir por16.4%	;80	;Disminuir por51.2%	;Disminuir por4.8%	;2318	;Disminuir por7.9%	;Aumentar por7.5%	;2490	;Disminuir por6.7%	;Aumentar por11.3%	;5	;Disminuir por79.2%	;Aumentar por66.7%	;12	;Disminuir por58.6%	;Aumentar por71.4%	;
153	;(Sábado)2026/05/02	;6	;Disminuir por72.7%	; --%	;7	;Disminuir por61.1%	;Aumentar por600.0%	;203	;Disminuir por28.3%	;Aumentar por1591.7%	;96	;Disminuir por36.0%	;Aumentar por1100.0%	;3130	;Aumentar por20.2%	;Aumentar por3160.4%	;3159	;Aumentar por13.0%	;Aumentar por2275.2%	;11	;Disminuir por59.3%	;Aumentar por450.0%	;11	;Disminuir por66.7%	;Aumentar por175.0%	;
154	;(Domingo)2026/05/03	;10	;Disminuir por64.3%	; --%	;5	;Disminuir por76.2%	; --%	;95	;Disminuir por65.9%	; --%	;44	;Disminuir por72.3%	; --%	;1938	;Disminuir por31.6%	; --%	;2021	;Disminuir por33.0%	; --%	;1	;Disminuir por96.2%	; --%	;3	;Disminuir por92.1%	; --%	;
155	;(Lunes)2026/05/04	;21	;Disminuir por8.7%	; --%	;17	;Disminuir por19.0%	; --%	;312	;Aumentar por45.8%	; --%	;147	;Aumentar por51.5%	; --%	;2397	;Disminuir por27.3%	; --%	;2471	;Disminuir por27.1%	; --%	;21	;Aumentar por133.3%	; --%	;40	;Aumentar por300.0%	; --%	;
156	;(Martes)2026/05/05	;12	;Disminuir por14.3%	;Aumentar por1100.0%	;11	;Disminuir por60.7%	; --%	;331	;Aumentar por178.2%	;Aumentar por359.7%	;151	;Aumentar por128.8%	;Aumentar por202.0%	;2234	;Aumentar por3.9%	;Aumentar por174.4%	;2355	;Disminuir por6.9%	;Aumentar por203.5%	;27	;Aumentar por575.0%	;Aumentar por1250.0%	;43	;Aumentar por514.3%	;Aumentar por4200.0%	;
157	;(Miércoles)2026/05/06	;17	;Disminuir por46.9%	;Disminuir por5.6%	;14	;Disminuir por36.4%	;Aumentar por16.7%	;299	;Aumentar por6.0%	;Disminuir por12.3%	;132	;Disminuir por12.0%	;Disminuir por26.3%	;2298	;Disminuir por15.4%	;Aumentar por5.5%	;2480	;Disminuir por13.2%	;Aumentar por5.1%	;20	;Aumentar por42.9%	;Disminuir por37.5%	;31	;Aumentar por3.3%	;Disminuir por24.4%	;
158	;(Jueves)2026/05/07	;24	;Disminuir por4.0%	;Aumentar por20.0%	;18	;Aumentar por12.5%	;Aumentar por38.5%	;316	;Aumentar por21.1%	;Disminuir por1.3%	;153	;Aumentar por13.3%	;Disminuir por13.1%	;2185	;Disminuir por11.8%	;Disminuir por3.5%	;2390	;Disminuir por8.2%	;Disminuir por3.0%	;37	;Aumentar por76.2%	;Aumentar por23.3%	;43	;Aumentar por65.4%	;Aumentar por16.2%	;
159	;(Viernes)2026/05/08	;20	;Disminuir por31.0%	;Aumentar por5.3%	;9	;Disminuir por52.6%	;Disminuir por25.0%	;310	;Aumentar por12.7%	;Disminuir por7.2%	;168	;Aumentar por10.5%	;Sin cambios	;2466	;Disminuir por2.7%	;Aumentar por8.7%	;2585	;Disminuir por2.3%	;Aumentar por5.5%	;26	;Aumentar por52.9%	;Disminuir por21.2%	;36	;Aumentar por33.3%	;Disminuir por12.2%	;
160	;(Sábado)2026/05/09	;6	;Disminuir por76.9%	;Disminuir por53.8%	;9	;Disminuir por30.8%	;Disminuir por30.8%	;206	;Disminuir por21.7%	;Disminuir por28.5%	;70	;Disminuir por44.9%	;Disminuir por54.2%	;2367	;Disminuir por4.8%	;Disminuir por3.6%	;2364	;Disminuir por9.1%	;Disminuir por5.9%	;9	;Disminuir por43.8%	;Disminuir por72.7%	;15	;Disminuir por44.4%	;Disminuir por67.4%	;
161	;(Domingo)2026/05/10	;12	;Disminuir por47.8%	;Sin cambios	;4	;Disminuir por55.6%	;Disminuir por20.0%	;93	;Disminuir por66.7%	;Disminuir por52.8%	;42	;Disminuir por74.1%	;Disminuir por58.0%	;1711	;Disminuir por33.5%	;Disminuir por22.8%	;1750	;Disminuir por35.8%	;Disminuir por24.0%	;3	;Disminuir por91.4%	;Sin cambios	;7	;Disminuir por81.6%	;Disminuir por30.0%	;
162	;(Lunes)2026/05/11	;26	;Aumentar por52.9%	;Aumentar por116.7%	;15	;Aumentar por66.7%	;Aumentar por114.3%	;331	;Aumentar por104.3%	;Aumentar por224.5%	;167	;Aumentar por79.6%	;Aumentar por234.0%	;2352	;Disminuir por6.5%	;Aumentar por48.4%	;2540	;Aumentar por0.2%	;Aumentar por43.0%	;29	;Aumentar por123.1%	;Aumentar por314.3%	;39	;Aumentar por225.0%	;Aumentar por387.5%	;
163	;(Martes)2026/05/12	;13	;Disminuir por18.8%	;Disminuir por35.0%	;14	;Disminuir por6.7%	;Aumentar por27.3%	;285	;Aumentar por109.6%	;Disminuir por13.4%	;155	;Aumentar por181.8%	;Disminuir por15.3%	;2234	;Aumentar por38.1%	;Disminuir por1.6%	;2437	;Aumentar por40.1%	;Aumentar por0.6%	;24	;Aumentar por380.0%	;Disminuir por4.0%	;35	;Aumentar por775.0%	;Disminuir por20.5%	;
164	;(Miércoles)2026/05/13	;22	;Aumentar por37.5%	;Aumentar por15.8%	;9	;Aumentar por12.5%	;Disminuir por40.0%	;283	;Aumentar por105.1%	;Disminuir por15.8%	;192	;Aumentar por170.4%	;Aumentar por22.3%	;2246	;Aumentar por63.3%	;Aumentar por7.2%	;2395	;Aumentar por75.8%	;Aumentar por4.3%	;26	;Aumentar por100.0%	;Disminuir por33.3%	;43	;Aumentar por290.9%	;Aumentar por13.2%	;
165	;(Jueves)2026/05/14	;30	;Sin cambios	;Aumentar por36.4%	;25	;Aumentar por31.6%	;Aumentar por92.3%	;334	;Aumentar por28.0%	;Aumentar por23.7%	;163	;Aumentar por25.4%	;Aumentar por21.6%	;2318	;Aumentar por1.0%	;Aumentar por47.4%	;2558	;Aumentar por4.5%	;Aumentar por44.0%	;38	;Aumentar por111.1%	;Aumentar por90.0%	;51	;Aumentar por75.9%	;Aumentar por75.9%	;
166	;(Viernes)2026/05/15	;19	;Disminuir por44.1%	; --%	;13	;Disminuir por13.3%	; --%	;323	;Aumentar por18.3%	; --%	;162	;Aumentar por1.3%	; --%	;2732	;Aumentar por15.0%	; --%	;2823	;Aumentar por13.4%	; --%	;41	;Aumentar por36.7%	; --%	;49	;Aumentar por40.0%	; --%	;
167	;(Sábado)2026/05/16	;14	;Disminuir por44.0%	;Aumentar por250.0%	;5	;Disminuir por70.6%	; --%	;187	;Disminuir por33.0%	;Aumentar por139.7%	;101	;Disminuir por33.6%	;Aumentar por146.3%	;2500	;Aumentar por10.5%	;Aumentar por143.9%	;2532	;Aumentar por3.9%	;Aumentar por129.1%	;16	;Disminuir por27.3%	;Aumentar por220.0%	;9	;Disminuir por70.0%	;Aumentar por50.0%	;
168	;(Domingo)2026/05/17	;10	;Disminuir por60.0%	;Disminuir por23.1%	;10	;Disminuir por56.5%	;Aumentar por66.7%	;118	;Disminuir por58.2%	;Disminuir por46.1%	;59	;Disminuir por67.9%	;Disminuir por47.8%	;1699	;Disminuir por27.8%	;Disminuir por28.0%	;1780	;Disminuir por29.2%	;Disminuir por26.9%	;3	;Disminuir por91.4%	;Disminuir por50.0%	;7	;Disminuir por82.5%	;Disminuir por12.5%	;
169	;(Lunes)2026/05/18	;26	;Aumentar por36.8%	;Aumentar por225.0%	;23	;Aumentar por76.9%	;Aumentar por283.3%	;297	;Aumentar por68.8%	;Aumentar por167.6%	;136	;Aumentar por43.2%	;Aumentar por166.7%	;2390	;Aumentar por4.5%	;Aumentar por43.8%	;2555	;Aumentar por8.1%	;Aumentar por46.1%	;46	;Aumentar por283.3%	;Aumentar por820.0%	;44	;Aumentar por109.5%	;Aumentar por450.0%	;
170	;(Martes)2026/05/19	;15	;Aumentar por25.0%	;Disminuir por25.0%	;12	;Aumentar por71.4%	;Sin cambios	;285	;Aumentar por243.4%	;Disminuir por5.0%	;148	;Aumentar por261.0%	;Disminuir por13.5%	;2300	;Aumentar por46.8%	;Aumentar por2.6%	;2408	;Aumentar por43.1%	;Disminuir por1.9%	;42	;Aumentar por950.0%	;Aumentar por27.3%	;52	;Aumentar por642.9%	;Aumentar por67.7%	;
171	;(Miércoles)2026/05/20	;13	;Disminuir por55.2%	;Disminuir por59.4%	;15	;Disminuir por34.8%	;Disminuir por11.8%	;256	;Disminuir por4.1%	;Disminuir por12.9%	;142	;Disminuir por16.5%	;Disminuir por16.0%	;2309	;Disminuir por1.5%	;Aumentar por6.8%	;2456	;Aumentar por1.9%	;Aumentar por6.7%	;48	;Aumentar por118.2%	;Disminuir por22.6%	;59	;Aumentar por90.3%	;Disminuir por33.0%	;
172	;(Jueves)2026/05/21	;17	;Sin cambios	;Disminuir por5.6%	;18	;Aumentar por20.0%	;Aumentar por28.6%	;283	;Aumentar por1.8%	;Disminuir por13.5%	;155	;Disminuir por2.5%	;Disminuir por1.9%	;2410	;Aumentar por7.4%	;Aumentar por8.4%	;2531	;Aumentar por7.2%	;Aumentar por3.4%	;50	;Aumentar por138.1%	;Disminuir por23.1%	;51	;Aumentar por64.5%	;Disminuir por31.1%	;
173	;(Viernes)2026/05/22	;20	;Disminuir por25.9%	;Sin cambios	;10	;Disminuir por50.0%	;Disminuir por47.4%	;263	;Aumentar por11.0%	;Disminuir por15.2%	;154	;Aumentar por13.2%	;Disminuir por4.3%	;2593	;Aumentar por6.5%	;Aumentar por13.9%	;2658	;Aumentar por3.2%	;Aumentar por6.9%	;41	;Aumentar por241.7%	;Disminuir por37.9%	;54	;Aumentar por92.9%	;Disminuir por38.6%	;
174	;(Sábado)2026/05/23	;12	;Aumentar por20.0%	;Disminuir por50.0%	;7	;Disminuir por46.2%	;Disminuir por30.0%	;209	;Aumentar por46.2%	;Disminuir por34.5%	;84	;Aumentar por25.4%	;Disminuir por53.6%	;2574	;Aumentar por69.7%	;Aumentar por4.5%	;2598	;Aumentar por65.7%	;Disminuir por0.2%	;11	;Aumentar por57.1%	;Disminuir por82.8%	;13	;Aumentar por116.7%	;Disminuir por81.4%	;
175	;(Domingo)2026/05/24	;18	;Aumentar por63.6%	;Aumentar por63.6%	;9	;Aumentar por50.0%	;Aumentar por80.0%	;114	;Disminuir por53.3%	;Disminuir por45.5%	;43	;Disminuir por67.4%	;Disminuir por64.5%	;1886	;Disminuir por23.0%	;Disminuir por17.5%	;1968	;Disminuir por22.7%	;Disminuir por20.0%	;3	;Disminuir por82.4%	;Disminuir por66.7%	;7	;Disminuir por66.7%	;Disminuir por36.4%	;
176	;(Lunes)2026/05/25	;26	;Aumentar por420.0%	;Aumentar por116.7%	;20	;Aumentar por300.0%	;Aumentar por185.7%	;289	;Aumentar por194.9%	;Aumentar por183.3%	;174	;Aumentar por286.7%	;Aumentar por194.9%	;2562	;Aumentar por56.5%	;Aumentar por56.9%	;2711	;Aumentar por56.7%	;Aumentar por57.5%	;60	;Aumentar por650.0%	;Aumentar por757.1%	;68	;Aumentar por1033.3%	;Aumentar por750.0%	;
177	;(Martes)2026/05/26	;19	;Aumentar por171.4%	;Disminuir por13.6%	;16	;Aumentar por300.0%	;Disminuir por5.9%	;292	;Aumentar por356.3%	;Disminuir por3.9%	;152	;Aumentar por360.6%	;Disminuir por12.1%	;2399	;Aumentar por128.7%	;Aumentar por5.5%	;2532	;Aumentar por127.3%	;Aumentar por2.2%	;97	; --%	;Aumentar por185.3%	;99	;Aumentar por1550.0%	;Aumentar por130.2%	;
178	;(Miércoles)2026/05/27	;19	;Disminuir por5.0%	;Aumentar por58.3%	;16	;Disminuir por15.8%	;Aumentar por45.5%	;306	;Aumentar por31.9%	;Aumentar por5.5%	;164	;Aumentar por41.4%	;Aumentar por5.1%	;2330	;Aumentar por11.8%	;Aumentar por2.6%	;2504	;Aumentar por16.1%	;Aumentar por2.9%	;87	;Aumentar por480.0%	;Aumentar por171.9%	;104	;Aumentar por352.2%	;Aumentar por160.0%	;
179	;(Jueves)2026/05/28	;23	;Aumentar por15.0%	;Aumentar por4.5%	;16	;Disminuir por27.3%	;Aumentar por45.5%	;300	;Aumentar por27.7%	;Aumentar por4.9%	;149	;Aumentar por12.9%	;Disminuir por17.2%	;2389	;Aumentar por7.7%	;Aumentar por3.3%	;2594	;Aumentar por10.5%	;Aumentar por4.2%	;93	;Aumentar por481.3%	;Aumentar por158.3%	;108	;Aumentar por285.7%	;Aumentar por157.1%	;
180	;(Viernes)2026/05/29	;18	;Disminuir por25.0%	;Aumentar por63.6%	;15	;Disminuir por28.6%	;Aumentar por25.0%	;311	;Aumentar por35.2%	;Aumentar por7.2%	;161	;Aumentar por34.2%	;Disminuir por6.9%	;2766	;Aumentar por29.2%	;Aumentar por16.7%	;2829	;Aumentar por22.3%	;Aumentar por9.2%	;70	;Aumentar por233.3%	;Aumentar por59.1%	;82	;Aumentar por256.5%	;Aumentar por46.4%	;
181	;(Sábado)2026/05/30	;12	;Disminuir por52.0%	;Disminuir por40.0%	;6	;Disminuir por75.0%	;Disminuir por68.4%	;203	;Disminuir por21.6%	;Disminuir por37.2%	;94	;Disminuir por36.1%	;Disminuir por48.1%	;2794	;Aumentar por31.1%	;Aumentar por9.6%	;2763	;Aumentar por19.5%	;Sin cambios	;7	;Disminuir por50.0%	;Disminuir por63.2%	;12	;Disminuir por47.8%	;Disminuir por76.5%	;
182	;(Domingo)2026/05/31	;17	;Disminuir por15.0%	;Aumentar por41.7%	;17	;Sin cambios	;Aumentar por70.0%	;141	;Disminuir por46.0%	;Disminuir por37.3%	;55	;Disminuir por66.9%	;Disminuir por45.5%	;1927	;Disminuir por19.7%	;Disminuir por25.1%	;2043	;Disminuir por19.1%	;Disminuir por24.3%	;2	;Disminuir por94.1%	;Disminuir por81.8%	;2	;Disminuir por94.1%	;Disminuir por88.2%	;
183	;(Lunes)2026/06/01	;22	;Aumentar por120.0%	;Aumentar por69.2%	;21	;Aumentar por110.0%	;Aumentar por90.9%	;282	;Aumentar por77.4%	;Aumentar por120.3%	;150	;Aumentar por87.5%	;Aumentar por167.9%	;2594	;Aumentar por12.3%	;Aumentar por47.0%	;2737	;Aumentar por9.3%	;Aumentar por39.1%	;79	;Aumentar por1480.0%	;Aumentar por1875.0%	;98	;Aumentar por880.0%	;Aumentar por880.0%	;
184	;(Martes)2026/06/02	;15	;Sin cambios	;Disminuir por50.0%	;9	;Disminuir por30.8%	;Disminuir por70.0%	;317	;Aumentar por185.6%	;Disminuir por14.6%	;168	;Aumentar por250.0%	;Disminuir por25.0%	;2406	;Aumentar por50.8%	;Disminuir por11.3%	;2633	;Aumentar por40.7%	;Disminuir por10.3%	;82	;Aumentar por8100.0%	;Aumentar por95.2%	;104	;Aumentar por3366.7%	;Aumentar por96.2%	;
185	;(Miércoles)2026/06/03	;23	;Aumentar por15.0%	;Aumentar por35.3%	;12	;Disminuir por47.8%	;Aumentar por33.3%	;300	;Aumentar por15.4%	;Disminuir por6.0%	;145	;Disminuir por2.0%	;Disminuir por9.4%	;2465	;Aumentar por11.5%	;Aumentar por3.5%	;2623	;Aumentar por10.9%	;Aumentar por1.2%	;88	;Aumentar por225.9%	;Aumentar por158.8%	;88	;Aumentar por166.7%	;Aumentar por183.9%	;
186	;(Jueves)2026/06/04	;19	;Disminuir por5.0%	;Aumentar por18.8%	;7	;Disminuir por63.2%	;Disminuir por36.4%	;268	;Aumentar por15.0%	;Disminuir por11.6%	;136	;Aumentar por9.7%	;Disminuir por24.9%	;2529	;Aumentar por18.0%	;Aumentar por4.3%	;2688	;Aumentar por19.8%	;Aumentar por6.4%	;72	;Aumentar por350.0%	;Aumentar por111.8%	;85	;Aumentar por102.4%	;Aumentar por51.8%	;
187	;(Viernes)2026/06/05	;23	;Disminuir por14.8%	;Sin cambios	;20	;Sin cambios	;Disminuir por4.8%	;303	;Aumentar por35.3%	;Disminuir por4.4%	;155	;Aumentar por11.5%	;Disminuir por3.7%	;2961	;Aumentar por37.1%	;Aumentar por21.0%	;3026	;Aumentar por29.9%	;Aumentar por15.0%	;72	;Aumentar por188.0%	;Aumentar por125.0%	;93	;Aumentar por151.4%	;Aumentar por190.6%	;
188	;(Sábado)2026/06/06	;17	;Disminuir por5.6%	;Disminuir por10.5%	;17	;Aumentar por70.0%	;Aumentar por21.4%	;229	;Disminuir por13.9%	;Disminuir por22.4%	;97	;Disminuir por34.9%	;Disminuir por43.3%	;2897	;Aumentar por36.3%	;Aumentar por5.7%	;2881	;Aumentar por25.4%	;Aumentar por2.9%	;4	;Disminuir por81.8%	;Disminuir por88.2%	;10	;Disminuir por63.0%	;Disminuir por73.0%	;
189	;(Domingo)2026/06/07	;12	;Disminuir por55.6%	;Disminuir por25.0%	;8	;Disminuir por42.9%	;Disminuir por38.5%	;118	;Disminuir por47.8%	;Disminuir por45.9%	;66	;Disminuir por52.2%	;Disminuir por36.5%	;1876	;Disminuir por20.1%	;Disminuir por36.7%	;2123	;Disminuir por14.2%	;Disminuir por29.4%	;2	;Disminuir por86.7%	;Disminuir por50.0%	;6	;Disminuir por76.9%	;Disminuir por40.0%	;
190	;(Lunes)2026/06/08	;20	;Aumentar por66.7%	;Aumentar por33.3%	;10	;Aumentar por42.9%	;Disminuir por16.7%	;318	;Aumentar por77.7%	;Aumentar por165.0%	;175	;Aumentar por98.9%	;Aumentar por182.3%	;2624	;Aumentar por24.2%	;Aumentar por25.5%	;2888	;Aumentar por30.7%	;Aumentar por18.5%	;98	;Aumentar por1533.3%	;Aumentar por3166.7%	;91	;Aumentar por810.0%	;Aumentar por1416.7%	;
191	;(Martes)2026/06/09	;14	;Disminuir por6.7%	;Disminuir por33.3%	;10	;Disminuir por37.5%	;Disminuir por37.5%	;319	;Aumentar por232.3%	;Disminuir por8.9%	;170	;Aumentar por277.8%	;Disminuir por20.2%	;2497	;Aumentar por80.0%	;Disminuir por8.8%	;2646	;Aumentar por76.3%	;Disminuir por12.2%	;91	;Aumentar por9000.0%	;Aumentar por175.8%	;98	;Aumentar por2350.0%	;Aumentar por151.3%	;
192	;(Miércoles)2026/06/10	;18	;Disminuir por40.0%	;Aumentar por5.9%	;13	;Disminuir por50.0%	;Disminuir por23.5%	;270	;Aumentar por11.6%	;Disminuir por2.5%	;167	;Aumentar por20.1%	;Disminuir por1.8%	;2550	;Aumentar por20.6%	;Aumentar por3.4%	;2753	;Aumentar por24.6%	;Aumentar por6.0%	;85	;Aumentar por553.8%	;Aumentar por157.6%	;102	;Aumentar por325.0%	;Aumentar por142.9%	;
193	;(Jueves)2026/06/11	;22	;Sin cambios	;Aumentar por10.0%	;18	;Disminuir por25.0%	;Aumentar por50.0%	;293	;Aumentar por18.6%	;Sin cambios	;160	;Aumentar por15.9%	;Aumentar por0.6%	;2584	;Aumentar por18.8%	;Aumentar por0.5%	;2779	;Aumentar por23.2%	;Aumentar por0.6%	;89	;Aumentar por229.6%	;Aumentar por161.8%	;91	;Aumentar por152.8%	;Aumentar por184.4%	;
194	;(Viernes)2026/06/12	;27	;Aumentar por8.0%	;Aumentar por68.8%	;11	;Disminuir por21.4%	;Aumentar por57.1%	;275	;Disminuir por1.1%	;Disminuir por13.5%	;154	;Sin cambios	;Disminuir por12.5%	;2907	;Aumentar por35.1%	;Aumentar por15.3%	;3050	;Aumentar por34.7%	;Aumentar por16.9%	;57	;Aumentar por147.8%	;Aumentar por137.5%	;80	;Aumentar por166.7%	;Aumentar por142.4%	;
195	;(Sábado)2026/06/13	;10	;Disminuir por47.4%	;Disminuir por52.4%	;6	;Disminuir por50.0%	;Disminuir por62.5%	;198	;Disminuir por19.5%	;Disminuir por41.8%	;86	;Disminuir por39.4%	;Disminuir por55.4%	;2919	;Aumentar por44.7%	;Aumentar por6.6%	;2924	;Aumentar por30.7%	;Disminuir por3.8%	;16	;Aumentar por6.7%	;Disminuir por54.3%	;15	;Disminuir por50.0%	;Disminuir por63.4%	;
196	;(Domingo)2026/06/14	;5	;Disminuir por72.2%	;Disminuir por61.5%	;4	;Disminuir por63.6%	;Disminuir por33.3%	;115	;Disminuir por59.9%	;Disminuir por42.2%	;50	;Disminuir por68.9%	;Disminuir por56.9%	;2035	;Disminuir por13.3%	;Disminuir por26.9%	;2305	;Disminuir por8.9%	;Disminuir por18.5%	;3	;Disminuir por82.4%	;Disminuir por80.0%	;6	;Disminuir por77.8%	;Disminuir por72.7%	;
197	;(Lunes)2026/06/15	;18	;Aumentar por50.0%	;Aumentar por100.0%	;15	;Aumentar por36.4%	;Disminuir por37.5%	;262	;Aumentar por79.5%	;Aumentar por106.3%	;146	;Aumentar por121.2%	;Aumentar por147.5%	;2617	;Aumentar por35.1%	;Aumentar por28.9%	;2740	;Aumentar por38.5%	;Aumentar por23.5%	;40	;Aumentar por700.0%	;Aumentar por566.7%	;38	;Aumentar por442.9%	;Aumentar por442.9%	;
198	;(Martes)2026/06/16	;25	;Aumentar por56.3%	;Aumentar por8.7%	;19	;Aumentar por375.0%	;Sin cambios	;305	;Aumentar por221.1%	;Disminuir por4.7%	;176	;Aumentar por274.5%	;Disminuir por1.7%	;2540	;Aumentar por92.1%	;Disminuir por6.7%	;2693	;Aumentar por97.1%	;Disminuir por7.5%	;28	;Aumentar por1300.0%	;Disminuir por24.3%	;38	;Aumentar por442.9%	;Disminuir por29.6%	;
199	;(Miércoles)2026/06/17	;27	;Aumentar por50.0%	;Aumentar por42.1%	;19	;Aumentar por26.7%	;Sin cambios	;310	;Aumentar por8.0%	;Aumentar por2.6%	;168	;Aumentar por3.1%	;Disminuir por10.6%	;2650	;Aumentar por34.2%	;Aumentar por1.7%	;2820	;Aumentar por34.2%	;Aumentar por4.5%	;30	;Aumentar por87.5%	;Aumentar por20.0%	;44	;Aumentar por76.0%	;Disminuir por24.1%	;
200	;(Jueves)2026/06/18	;25	;Aumentar por66.7%	;Sin cambios	;14	;Aumentar por55.6%	;Disminuir por26.3%	;305	;Aumentar por36.8%	;Disminuir por1.3%	;157	;Aumentar por6.8%	;Disminuir por15.6%	;2775	;Aumentar por42.3%	;Aumentar por7.8%	;2901	;Aumentar por34.1%	;Aumentar por5.3%	;26	;Aumentar por100.0%	;Disminuir por25.7%	;29	;Disminuir por3.3%	;Disminuir por42.0%	;
201	;(Viernes)2026/06/19	;15	;Disminuir por21.1%	;Aumentar por7.1%	;12	;Disminuir por14.3%	;Disminuir por25.0%	;324	;Aumentar por27.1%	;Aumentar por2.5%	;157	;Aumentar por27.6%	;Disminuir por7.1%	;2903	;Aumentar por46.6%	;Aumentar por11.4%	;3139	;Aumentar por53.2%	;Aumentar por12.7%	;38	;Aumentar por245.5%	;Aumentar por46.2%	;46	;Aumentar por84.0%	;Disminuir por17.9%	;
202	;(Sábado)2026/06/20	;10	;Disminuir por44.4%	;Aumentar por25.0%	;9	;Disminuir por40.0%	;Disminuir por25.0%	;219	;Disminuir por18.3%	;Disminuir por35.2%	;89	;Disminuir por33.6%	;Disminuir por46.7%	;3106	;Aumentar por57.1%	;Aumentar por8.5%	;3052	;Aumentar por40.0%	;Aumentar por2.2%	;17	;Aumentar por13.3%	;Disminuir por60.5%	;20	;Disminuir por39.4%	;Disminuir por72.6%	;
203	;(Domingo)2026/06/21	;8	;Disminuir por57.9%	;Disminuir por57.9%	;9	;Aumentar por28.6%	;Disminuir por40.0%	;125	;Disminuir por49.4%	;Disminuir por37.5%	;61	;Disminuir por58.8%	;Disminuir por43.0%	;2157	;Aumentar por3.8%	;Disminuir por29.5%	;2217	;Disminuir por0.1%	;Disminuir por28.8%	;2	;Disminuir por88.2%	;Disminuir por88.9%	;5	;Disminuir por80.8%	;Disminuir por80.0%	;
204	;(Lunes)2026/06/22	;14	;Aumentar por75.0%	;Aumentar por75.0%	;9	;Aumentar por28.6%	;Aumentar por12.5%	;327	;Aumentar por105.7%	;Aumentar por179.5%	;167	;Aumentar por135.2%	;Aumentar por183.1%	;3041	;Aumentar por72.1%	;Aumentar por41.3%	;3219	;Aumentar por78.2%	;Aumentar por48.4%	;32	;Aumentar por357.1%	;Aumentar por255.6%	;31	;Aumentar por181.8%	;Aumentar por34.8%	;
205	;(Martes)2026/06/23	;9	;Disminuir por25.0%	;Aumentar por800.0%	;12	;Aumentar por71.4%	;Aumentar por500.0%	;315	;Aumentar por200.0%	;Aumentar por238.7%	;182	;Aumentar por506.7%	;Aumentar por256.9%	;2918	;Aumentar por114.7%	;Aumentar por143.0%	;3010	;Aumentar por110.5%	;Aumentar por167.3%	;31	;Aumentar por675.0%	;Aumentar por1450.0%	;42	;Aumentar por950.0%	;Aumentar por320.0%	;
206	;(Miércoles)2026/06/24	;10	;Disminuir por56.5%	;Aumentar por42.9%	;3	;Disminuir por75.0%	;Disminuir por62.5%	;182	;Disminuir por30.5%	;Disminuir por32.8%	;82	;Disminuir por40.1%	;Disminuir por41.4%	;2501	;Aumentar por33.9%	;Disminuir por2.3%	;2638	;Aumentar por33.6%	;Disminuir por8.7%	;10	;Disminuir por47.4%	;Disminuir por60.0%	;16	;Disminuir por50.0%	;Disminuir por66.7%	;
207	;(Jueves)2026/06/25	;17	;Aumentar por41.7%	;Aumentar por41.7%	;8	;Disminuir por33.3%	;Disminuir por33.3%	;304	;Aumentar por28.8%	;Disminuir por1.0%	;171	;Aumentar por17.1%	;Aumentar por3.6%	;3053	;Aumentar por62.0%	;Aumentar por5.2%	;3225	;Aumentar por59.6%	;Aumentar por4.6%	;29	;Aumentar por81.3%	;Disminuir por34.1%	;43	;Aumentar por79.2%	;Disminuir por36.8%	;
208	;(Viernes)2026/06/26	;10	;Disminuir por54.5%	;Disminuir por16.7%	;9	;Aumentar por12.5%	;Disminuir por30.8%	;296	;Aumentar por28.1%	;Aumentar por0.7%	;146	;Aumentar por28.1%	;Disminuir por9.3%	;3375	;Aumentar por79.2%	;Aumentar por19.2%	;3550	;Aumentar por73.0%	;Aumentar por17.1%	;37	;Aumentar por85.0%	;Aumentar por8.8%	;42	;Aumentar por50.0%	;Disminuir por2.3%	;
209	;(Sábado)2026/06/27	;8	;Disminuir por42.9%	;Sin cambios	;7	;Disminuir por36.4%	;Disminuir por46.2%	;224	;Disminuir por3.4%	;Disminuir por34.3%	;88	;Disminuir por29.0%	;Disminuir por53.9%	;3389	;Aumentar por80.7%	;Aumentar por13.2%	;3238	;Aumentar por59.1%	;Aumentar por3.9%	;11	;Disminuir por54.2%	;Disminuir por69.4%	;12	;Disminuir por45.5%	;Disminuir por76.9%	;
210	;(Domingo)2026/06/28	;9	;Disminuir por30.8%	;Disminuir por40.0%	;4	;Disminuir por71.4%	;Disminuir por71.4%	;143	;Disminuir por44.1%	;Disminuir por35.0%	;57	;Disminuir por60.7%	;Disminuir por50.0%	;2685	;Aumentar por27.0%	;Disminuir por11.8%	;2894	;Aumentar por31.0%	;Disminuir por5.4%	;4	;Disminuir por82.6%	;Disminuir por76.5%	;7	;Disminuir por77.4%	;Disminuir por74.1%	;
211	;(Lunes)2026/06/29	;12	;Sin cambios	;Aumentar por50.0%	;14	;Aumentar por40.0%	;Disminuir por6.7%	;282	;Aumentar por90.5%	;Aumentar por107.4%	;153	;Aumentar por112.5%	;Aumentar por142.9%	;3056	;Aumentar por67.5%	;Aumentar por34.1%	;3221	;Aumentar por75.4%	;Aumentar por29.1%	;29	;Aumentar por383.3%	;Aumentar por383.3%	;31	;Aumentar por210.0%	;Aumentar por181.8%	;
212	;(Martes)2026/06/30	;12	;Disminuir por33.3%	;Disminuir por14.3%	;10	;Aumentar por100.0%	;Disminuir por56.5%	;282	;Aumentar por184.8%	;Disminuir por3.8%	;149	;Aumentar por351.5%	;Disminuir por7.5%	;2883	;Aumentar por131.2%	;Disminuir por3.5%	;3066	;Aumentar por145.5%	;Disminuir por0.8%	;30	;Aumentar por900.0%	;Disminuir por9.1%	;36	;Aumentar por500.0%	;Disminuir por21.7%	;
213	;(Miércoles)2026/07/01	;23	;Aumentar por21.1%	;Aumentar por91.7%	;13	;Disminuir por23.5%	;Aumentar por30.0%	;307	;Aumentar por14.6%	;Aumentar por24.3%	;173	;Aumentar por10.2%	;Aumentar por34.1%	;2939	;Aumentar por56.9%	;Aumentar por64.3%	;3124	;Aumentar por53.1%	;Aumentar por56.7%	;33	;Aumentar por120.0%	;Disminuir por2.9%	;37	;Aumentar por23.3%	;Disminuir por7.5%	;
214	;(Jueves)2026/07/02	;14	;Disminuir por30.0%	;Aumentar por180.0%	;12	;Aumentar por9.1%	;Disminuir por20.0%	;296	;Aumentar por17.0%	;Aumentar por89.7%	;143	;Aumentar por10.0%	;Aumentar por31.2%	;2889	;Aumentar por58.0%	;Aumentar por48.2%	;3084	;Aumentar por55.1%	;Aumentar por59.5%	;27	;Aumentar por22.7%	;Aumentar por107.7%	;40	;Aumentar por66.7%	;Aumentar por100.0%	;
215	;(Viernes)2026/07/03	;10	;Disminuir por16.7%	;Disminuir por9.1%	;8	;Disminuir por20.0%	;Disminuir por27.3%	;306	;Aumentar por29.7%	;Disminuir por5.0%	;145	;Aumentar por6.6%	;Disminuir por20.3%	;3166	;Aumentar por67.2%	;Aumentar por7.6%	;3285	;Aumentar por62.1%	;Aumentar por4.2%	;26	;Disminuir por13.3%	;Disminuir por16.1%	;36	;Aumentar por2.9%	;Disminuir por35.7%	;
216	;(Sábado)2026/07/04	;14	;Disminuir por22.2%	;Aumentar por27.3%	;7	;Sin cambios	;Disminuir por36.4%	;199	;Disminuir por22.0%	;Disminuir por33.2%	;87	;Disminuir por32.0%	;Disminuir por46.6%	;3459	;Aumentar por83.6%	;Aumentar por8.0%	;3494	;Aumentar por67.5%	;Aumentar por6.8%	;12	;Disminuir por36.8%	;Disminuir por66.7%	;10	;Disminuir por65.5%	;Disminuir por84.8%	;
217	;(Domingo)2026/07/05	;7	;Disminuir por63.2%	;Aumentar por40.0%	;4	;Disminuir por80.0%	;Disminuir por42.9%	;132	;Disminuir por48.4%	;Disminuir por35.6%	;63	;Disminuir por52.3%	;Disminuir por44.7%	;2649	;Aumentar por25.5%	;Disminuir por20.0%	;2747	;Aumentar por24.4%	;Disminuir por16.9%	;4	;Disminuir por84.0%	;Disminuir por78.9%	;8	;Disminuir por83.0%	;Disminuir por70.4%	;
218	;(Lunes)2026/07/06	;12	;Disminuir por7.7%	;Aumentar por71.4%	;7	;Disminuir por30.0%	;Disminuir por12.5%	;301	;Aumentar por106.2%	;Aumentar por83.5%	;161	;Aumentar por177.6%	;Aumentar por126.8%	;3190	;Aumentar por76.9%	;Aumentar por25.4%	;3333	;Aumentar por79.5%	;Aumentar por25.9%	;25	;Aumentar por177.8%	;Aumentar por127.3%	;29	;Aumentar por81.3%	;Aumentar por31.8%	;
219	;(Martes)2026/07/07	;15	;Aumentar por66.7%	;Aumentar por50.0%	;8	;Aumentar por60.0%	;Aumentar por14.3%	;294	;Aumentar por200.0%	;Disminuir por1.0%	;128	;Aumentar por220.0%	;Disminuir por14.7%	;3066	;Aumentar por145.3%	;Disminuir por5.0%	;3196	;Aumentar por128.6%	;Disminuir por4.0%	;32	;Aumentar por1500.0%	;Disminuir por30.4%	;42	;Aumentar por500.0%	;Disminuir por20.8%	;
220	;(Miércoles)2026/07/08	;10	;Disminuir por37.5%	;Disminuir por9.1%	;6	;Disminuir por40.0%	;Aumentar por20.0%	;318	;Aumentar por25.2%	;Aumentar por14.0%	;131	;Disminuir por14.4%	;Disminuir por8.4%	;3209	;Aumentar por75.9%	;Aumentar por0.7%	;3345	;Aumentar por68.3%	;Aumentar por0.1%	;22	;Aumentar por37.5%	;Disminuir por21.4%	;33	;Aumentar por26.9%	;Disminuir por31.3%	;
221	;(Jueves)2026/07/09	;12	;Disminuir por25.0%	;Sin cambios	;13	;Aumentar por62.5%	;Aumentar por30.0%	;302	;Aumentar por37.9%	;Aumentar por23.8%	;139	;Aumentar por8.6%	;Aumentar por6.1%	;3296	;Aumentar por80.8%	;Aumentar por0.3%	;3380	;Aumentar por69.3%	;Disminuir por4.1%	;29	;Aumentar por45.0%	;Aumentar por3.6%	;43	;Aumentar por59.3%	;Disminuir por14.0%	;
222	;(Viernes)2026/07/10	;14	;Disminuir por22.2%	;Aumentar por55.6%	;8	;Disminuir por33.3%	;Aumentar por14.3%	;330	;Aumentar por59.4%	;Aumentar por11.9%	;148	;Aumentar por25.4%	;Aumentar por6.5%	;3427	;Aumentar por85.4%	;Aumentar por15.1%	;3403	;Aumentar por66.6%	;Aumentar por8.8%	;40	;Aumentar por135.3%	;Aumentar por37.9%	;44	;Aumentar por51.7%	;Disminuir por24.1%	;
223	;(Sábado)2026/07/11	;6	;Disminuir por71.4%	;Disminuir por53.8%	;9	;Disminuir por35.7%	;Disminuir por25.0%	;208	;Disminuir por7.1%	;Disminuir por25.7%	;96	;Disminuir por25.6%	;Disminuir por43.2%	;3840	;Aumentar por95.1%	;Aumentar por17.9%	;3545	;Aumentar por68.0%	;Aumentar por0.8%	;13	;Disminuir por35.0%	;Disminuir por62.9%	;16	;Disminuir por33.3%	;Disminuir por70.4%	;
224	;(Domingo)2026/07/12	;12	;Disminuir por20.0%	;Aumentar por200.0%	;8	;Disminuir por20.0%	;Aumentar por14.3%	;158	;Disminuir por38.8%	;Disminuir por9.7%	;71	;Disminuir por47.0%	;Disminuir por17.4%	;2981	;Aumentar por9.0%	;Disminuir por7.7%	;3016	;Aumentar por10.9%	;Disminuir por5.4%	;5	;Disminuir por72.2%	;Disminuir por66.7%	;6	;Disminuir por76.9%	;Disminuir por77.8%	;
225	;(Lunes)2026/07/13	;18	;Aumentar por157.1%	;Aumentar por100.0%	;23	;Aumentar por283.3%	;Aumentar por53.3%	;328	;Aumentar por103.7%	;Aumentar por100.0%	;170	;Aumentar por97.7%	;Aumentar por153.7%	;3873	;Aumentar por91.9%	;Aumentar por52.7%	;3542	;Aumentar por73.3%	;Aumentar por30.7%	;30	;Aumentar por328.6%	;Aumentar por114.3%	;36	;Aumentar por111.8%	;Aumentar por50.0%	;
226	;(Martes)2026/07/14	;7	;Aumentar por75.0%	;Disminuir por30.0%	;5	;Sin cambios	;Disminuir por54.5%	;193	;Aumentar por105.3%	;Disminuir por32.5%	;107	;Aumentar por132.6%	;Disminuir por36.3%	;1463	;Aumentar por10.5%	;Disminuir por56.1%	;1622	;Aumentar por13.3%	;Disminuir por53.5%	;26	;Aumentar por550.0%	;Disminuir por10.3%	;24	;Aumentar por300.0%	;Disminuir por56.4%	;
