Análisis de tipo multiobjetivo	;
Información básica	;
Hora de exportación: 2026/07/14 13:50:22	;
Operador: Touristcheck	;
Objetivo de estadísticas: Rotonda 3 CV-140	;
Exportar contenido:Número de personas,Vehículos a motor,Vehículos sin motor	;
Hora del informe: 2025/12/01 00:00:00 - 2026/07/14 23:59:59	;

Personas totales	; 	; 	; 	; 	; 	;Total de vehículos a motor	; 	; 	; 	; 	; 	;Total de vehículos sin motor	;
Avanzar	; 	; 	;Retroceso	; 	; 	;Avanzar	; 	; 	;Retroceso	; 	; 	;Avanzar	; 	; 	;Retroceso	;
Valor	;Tasa de cambio (ciclo tras ciclo)	;Tasa de cambio (año tras año)	;Valor	;Tasa de cambio (ciclo tras ciclo)	;Tasa de cambio (año tras año)	;Valor	;Tasa de cambio (ciclo tras ciclo)	;Tasa de cambio (año tras año)	;Valor	;Tasa de cambio (ciclo tras ciclo)	;Tasa de cambio (año tras año)	;Valor	;Tasa de cambio (ciclo tras ciclo)	;Tasa de cambio (año tras año)	;Valor	;Tasa de cambio (ciclo tras ciclo)	;Tasa de cambio (año tras año)	;
26468	;Disminuir por20.2%	;Aumentar por141.4%	;21142	;Disminuir por25.4%	;Aumentar por118.2%	;544454	;Disminuir por23.0%	;Aumentar por101.0%	;387951	;Disminuir por32.6%	;Aumentar por64.6%	;77935	;Disminuir por35.6%	;Aumentar por69.3%	;54200	;Disminuir por40.1%	;Aumentar por51.0%	;

N.º	;Hora	;Personas	; 	; 	; 	; 	; 	;Vehículos a motor	; 	; 	; 	; 	; 	;Vehículos sin motor	;
	;	;Avanzar	; 	; 	;Retroceso	; 	; 	;Avanzar	; 	; 	;Retroceso	; 	; 	;Avanzar	; 	; 	;Retroceso	;
	;	;Valor	;Tasa de cambio (ciclo tras ciclo)	;Tasa de cambio (año tras año)	;Valor	;Tasa de cambio (ciclo tras ciclo)	;Tasa de cambio (año tras año)	;Valor	;Tasa de cambio (ciclo tras ciclo)	;Tasa de cambio (año tras año)	;Valor	;Tasa de cambio (ciclo tras ciclo)	;Tasa de cambio (año tras año)	;Valor	;Tasa de cambio (ciclo tras ciclo)	;Tasa de cambio (año tras año)	;Valor	;Tasa de cambio (ciclo tras ciclo)	;Tasa de cambio (año tras año)	;
1	;(Lunes)2025/12/01	;112	;Disminuir por38.8%	; --%	;72	;Disminuir por63.1%	; --%	;2393	;Disminuir por42.4%	; --%	;1566	;Disminuir por57.3%	; --%	;213	;Disminuir por73.2%	; --%	;159	;Disminuir por75.7%	; --%	;
2	;(Martes)2025/12/02	;82	;Disminuir por59.6%	; --%	;55	;Disminuir por68.9%	; --%	;2420	;Disminuir por20.4%	; --%	;1576	;Disminuir por39.6%	; --%	;245	;Disminuir por57.9%	; --%	;164	;Disminuir por68.5%	; --%	;
3	;(Miércoles)2025/12/03	;84	;Disminuir por45.1%	; --%	;63	;Disminuir por47.5%	; --%	;2446	;Disminuir por14.2%	; --%	;1594	;Disminuir por35.2%	; --%	;238	;Disminuir por59.0%	; --%	;161	;Disminuir por66.9%	; --%	;
4	;(Jueves)2025/12/04	;72	;Disminuir por20.0%	; --%	;61	;Disminuir por32.2%	; --%	;2536	;Disminuir por18.7%	; --%	;1900	;Disminuir por29.8%	; --%	;239	;Disminuir por16.7%	; --%	;163	;Disminuir por30.3%	; --%	;
5	;(Viernes)2025/12/05	;104	;Disminuir por18.8%	; --%	;70	;Disminuir por45.7%	; --%	;2712	;Disminuir por5.8%	; --%	;1880	;Disminuir por24.5%	; --%	;251	;Disminuir por50.1%	; --%	;166	;Disminuir por64.1%	; --%	;
6	;(Sábado)2025/12/06	;153	;Aumentar por25.4%	; --%	;57	;Disminuir por52.1%	; --%	;2687	;Disminuir por5.8%	; --%	;1900	;Disminuir por23.8%	; --%	;337	;Disminuir por40.5%	; --%	;255	;Disminuir por43.6%	; --%	;
7	;(Domingo)2025/12/07	;142	;Aumentar por34.0%	; --%	;117	;Aumentar por8.3%	; --%	;2665	;Disminuir por10.4%	; --%	;1819	;Disminuir por28.9%	; --%	;325	;Disminuir por39.4%	; --%	;263	;Disminuir por36.8%	; --%	;
8	;(Lunes)2025/12/08	;132	;Aumentar por20.0%	; --%	;71	;Disminuir por34.9%	; --%	;1731	;Disminuir por34.8%	; --%	;1199	;Disminuir por49.6%	; --%	;254	;Disminuir por46.2%	; --%	;167	;Disminuir por56.8%	; --%	;
9	;(Martes)2025/12/09	;88	;Disminuir por3.3%	; --%	;61	;Disminuir por37.1%	; --%	;2509	;Aumentar por28.4%	; --%	;1676	;Disminuir por7.6%	; --%	;295	;Disminuir por17.1%	; --%	;190	;Disminuir por38.3%	; --%	;
10	;(Miércoles)2025/12/10	;118	;Aumentar por218.9%	; --%	;74	;Aumentar por80.5%	; --%	;2470	;Aumentar por156.2%	; --%	;1599	;Aumentar por95.7%	; --%	;251	;Aumentar por47.6%	; --%	;190	;Aumentar por13.8%	; --%	;
11	;(Jueves)2025/12/11	;90	;Aumentar por210.3%	; --%	;64	;Aumentar por106.5%	; --%	;2407	;Aumentar por61.1%	; --%	;1730	;Aumentar por38.0%	; --%	;250	;Aumentar por22.0%	; --%	;172	;Disminuir por1.1%	; --%	;
12	;(Viernes)2025/12/12	;90	;Aumentar por4.7%	; --%	;87	;Aumentar por14.5%	; --%	;2666	;Disminuir por18.3%	; --%	;2087	;Disminuir por28.0%	; --%	;274	;Disminuir por36.1%	; --%	;203	;Disminuir por38.7%	; --%	;
13	;(Sábado)2025/12/13	;74	;Disminuir por45.2%	; --%	;57	;Disminuir por40.6%	; --%	;2070	;Disminuir por17.6%	; --%	;1676	;Disminuir por25.5%	; --%	;233	;Disminuir por47.9%	; --%	;162	;Disminuir por58.6%	; --%	;
14	;(Domingo)2025/12/14	;29	;Disminuir por68.5%	; --%	;22	;Disminuir por71.4%	; --%	;1153	;Disminuir por69.7%	; --%	;960	;Disminuir por71.0%	; --%	;29	;Disminuir por89.5%	; --%	;19	;Disminuir por91.1%	; --%	;
15	;(Lunes)2025/12/15	;29	;Disminuir por78.5%	; --%	;15	;Disminuir por86.0%	; --%	;2146	;Disminuir por27.4%	; --%	;1556	;Disminuir por42.8%	; --%	;64	;Disminuir por89.8%	; --%	;47	;Disminuir por90.1%	; --%	;
16	;(Martes)2025/12/16	;43	;Disminuir por54.3%	; --%	;32	;Disminuir por54.9%	; --%	;2392	;Aumentar por13.3%	; --%	;1700	;Disminuir por14.8%	; --%	;103	;Disminuir por74.6%	; --%	;64	;Disminuir por80.5%	; --%	;
17	;(Miércoles)2025/12/17	;11	;Disminuir por87.1%	; --%	;6	;Disminuir por91.9%	; --%	;2191	;Disminuir por24.6%	; --%	;1604	;Disminuir por36.2%	; --%	;36	;Disminuir por91.5%	; --%	;18	;Disminuir por94.0%	; --%	;
18	;(Jueves)2025/12/18	;67	;Disminuir por23.0%	; --%	;47	;Disminuir por43.4%	; --%	;2522	;Disminuir por10.5%	; --%	;1506	;Disminuir por37.4%	; --%	;237	;Disminuir por43.8%	; --%	;174	;Disminuir por48.8%	; --%	;
19	;(Viernes)2025/12/19	;93	;Disminuir por1.1%	; --%	;58	;Disminuir por14.7%	; --%	;2643	;Disminuir por9.6%	; --%	;1738	;Disminuir por30.9%	; --%	;250	;Disminuir por42.7%	; --%	;168	;Disminuir por43.8%	; --%	;
20	;(Sábado)2025/12/20	;73	;Aumentar por37.7%	; --%	;52	;Disminuir por10.3%	; --%	;2054	;Disminuir por29.8%	; --%	;1476	;Disminuir por41.5%	; --%	;213	;Disminuir por12.7%	; --%	;186	;Disminuir por13.1%	; --%	;
21	;(Domingo)2025/12/21	;58	;Disminuir por43.1%	; --%	;60	;Disminuir por36.8%	; --%	;1549	;Disminuir por46.2%	; --%	;1171	;Disminuir por54.1%	; --%	;177	;Disminuir por56.5%	; --%	;133	;Disminuir por66.3%	; --%	;
22	;(Lunes)2025/12/22	;83	;Aumentar por2.5%	; --%	;45	;Disminuir por37.5%	; --%	;2475	;Disminuir por0.8%	; --%	;1618	;Disminuir por29.4%	; --%	;258	;Disminuir por17.0%	; --%	;172	;Disminuir por34.6%	; --%	;
23	;(Martes)2025/12/23	;81	;Disminuir por12.0%	; --%	;43	;Disminuir por43.4%	; --%	;2412	;Aumentar por23.4%	; --%	;1767	;Aumentar por1.7%	; --%	;238	;Disminuir por34.4%	; --%	;200	;Disminuir por27.8%	; --%	;
24	;(Miércoles)2025/12/24	;73	;Disminuir por16.1%	; --%	;45	;Disminuir por30.8%	; --%	;2094	;Disminuir por25.4%	; --%	;1311	;Disminuir por46.3%	; --%	;204	;Disminuir por54.3%	; --%	;158	;Disminuir por56.0%	; --%	;
25	;(Jueves)2025/12/25	;25	;Disminuir por76.2%	; --%	;21	;Disminuir por74.1%	; --%	;1330	;Disminuir por50.8%	; --%	;1039	;Disminuir por55.3%	; --%	;21	;Disminuir por96.3%	; --%	;13	;Disminuir por96.3%	; --%	;
26	;(Viernes)2025/12/26	;31	;Disminuir por73.0%	; --%	;25	;Disminuir por72.2%	; --%	;2016	;Disminuir por30.9%	; --%	;1505	;Disminuir por37.8%	; --%	;49	;Disminuir por88.0%	; --%	;34	;Disminuir por90.5%	; --%	;
27	;(Sábado)2025/12/27	;10	;Disminuir por90.2%	; --%	;6	;Disminuir por92.9%	; --%	;1572	;Disminuir por45.6%	; --%	;1138	;Disminuir por55.1%	; --%	;30	;Disminuir por93.3%	; --%	;20	;Disminuir por95.2%	; --%	;
28	;(Domingo)2025/12/28	;36	;Disminuir por68.7%	; --%	;22	;Disminuir por79.2%	; --%	;1290	;Disminuir por58.6%	; --%	;992	;Disminuir por63.0%	; --%	;59	;Disminuir por86.9%	; --%	;38	;Disminuir por89.1%	; --%	;
29	;(Lunes)2025/12/29	;35	;Disminuir por62.8%	; --%	;30	;Disminuir por64.3%	; --%	;2168	;Disminuir por18.2%	; --%	;1513	;Disminuir por36.5%	; --%	;128	;Disminuir por73.5%	; --%	;91	;Disminuir por75.6%	; --%	;
30	;(Martes)2025/12/30	;74	;Disminuir por32.7%	; --%	;38	;Disminuir por63.1%	; --%	;2449	;Aumentar por26.6%	; --%	;1613	;Disminuir por10.8%	; --%	;277	;Disminuir por42.4%	; --%	;224	;Disminuir por30.0%	; --%	;
31	;(Miércoles)2025/12/31	;73	;Disminuir por38.1%	; --%	;52	;Disminuir por46.9%	; --%	;2187	;Disminuir por22.9%	; --%	;1411	;Disminuir por40.6%	; --%	;240	;Disminuir por51.1%	; --%	;185	;Disminuir por54.0%	; --%	;
32	;(Jueves)2026/01/01	;83	;Disminuir por23.1%	; --%	;37	;Disminuir por62.6%	; --%	;1454	;Disminuir por48.0%	; --%	;1075	;Disminuir por54.4%	; --%	;143	;Disminuir por68.0%	; --%	;134	;Disminuir por61.0%	; --%	;
33	;(Viernes)2026/01/02	;83	;Disminuir por37.6%	; --%	;44	;Disminuir por60.7%	; --%	;2342	;Disminuir por19.4%	; --%	;1723	;Disminuir por29.9%	; --%	;221	;Disminuir por54.5%	; --%	;220	;Disminuir por48.1%	; --%	;
34	;(Sábado)2026/01/03	;79	;Disminuir por21.8%	; --%	;45	;Disminuir por53.6%	; --%	;2071	;Disminuir por30.6%	; --%	;1714	;Disminuir por31.8%	; --%	;249	;Disminuir por41.3%	; --%	;209	;Disminuir por43.7%	; --%	;
35	;(Domingo)2026/01/04	;18	;Disminuir por80.2%	; --%	;14	;Disminuir por84.4%	; --%	;1258	;Disminuir por59.4%	; --%	;1052	;Disminuir por60.3%	; --%	;57	;Disminuir por88.5%	; --%	;37	;Disminuir por90.0%	; --%	;
36	;(Lunes)2026/01/05	;67	;Disminuir por43.2%	; --%	;50	;Disminuir por51.9%	; --%	;2144	;Disminuir por20.4%	; --%	;1542	;Disminuir por33.8%	; --%	;132	;Disminuir por71.4%	; --%	;137	;Disminuir por63.2%	; --%	;
37	;(Martes)2026/01/06	;42	;Disminuir por60.0%	; --%	;23	;Disminuir por77.0%	; --%	;1244	;Disminuir por35.4%	; --%	;886	;Disminuir por49.9%	; --%	;98	;Disminuir por73.9%	; --%	;74	;Disminuir por76.0%	; --%	;
38	;(Miércoles)2026/01/07	;86	;Disminuir por21.8%	; --%	;57	;Disminuir por44.1%	; --%	;2420	;Disminuir por18.0%	; --%	;1455	;Disminuir por42.6%	; --%	;207	;Disminuir por57.0%	; --%	;180	;Disminuir por50.3%	; --%	;
39	;(Jueves)2026/01/08	;64	;Disminuir por43.4%	; --%	;49	;Disminuir por46.2%	; --%	;2328	;Disminuir por19.0%	; --%	;1564	;Disminuir por37.8%	; --%	;233	;Disminuir por54.8%	; --%	;199	;Disminuir por46.9%	; --%	;
40	;(Viernes)2026/01/09	;87	;Disminuir por14.7%	; --%	;67	;Disminuir por35.0%	; --%	;2385	;Disminuir por18.8%	; --%	;1525	;Disminuir por40.3%	; --%	;321	;Disminuir por39.2%	; --%	;294	;Disminuir por22.6%	; --%	;
41	;(Sábado)2026/01/10	;87	;Disminuir por17.9%	; --%	;50	;Disminuir por47.9%	; --%	;1759	;Disminuir por42.3%	; --%	;1224	;Disminuir por50.9%	; --%	;214	;Disminuir por51.3%	; --%	;174	;Disminuir por48.5%	; --%	;
42	;(Domingo)2026/01/11	;112	;Aumentar por4.7%	; --%	;68	;Disminuir por20.9%	; --%	;1238	;Disminuir por62.3%	; --%	;804	;Disminuir por70.6%	; --%	;212	;Disminuir por61.0%	; --%	;179	;Disminuir por53.4%	; --%	;
43	;(Lunes)2026/01/12	;89	;Disminuir por23.3%	; --%	;42	;Disminuir por58.4%	; --%	;2386	;Disminuir por19.7%	; --%	;1512	;Disminuir por43.1%	; --%	;274	;Disminuir por48.9%	; --%	;210	;Disminuir por45.6%	; --%	;
44	;(Martes)2026/01/13	;88	;Disminuir por27.9%	; --%	;58	;Disminuir por46.3%	; --%	;2400	;Aumentar por9.3%	; --%	;1557	;Disminuir por21.7%	; --%	;279	;Disminuir por42.4%	; --%	;223	;Disminuir por43.8%	; --%	;
45	;(Miércoles)2026/01/14	;83	;Disminuir por33.1%	; --%	;75	;Disminuir por16.7%	; --%	;2293	;Disminuir por34.6%	; --%	;1509	;Disminuir por49.1%	; --%	;288	;Disminuir por49.7%	; --%	;214	;Disminuir por53.9%	; --%	;
46	;(Jueves)2026/01/15	;86	;Disminuir por24.6%	; --%	;60	;Disminuir por40.6%	; --%	;2358	;Disminuir por22.3%	; --%	;1405	;Disminuir por46.1%	; --%	;276	;Disminuir por46.4%	; --%	;244	;Disminuir por37.4%	; --%	;
47	;(Viernes)2026/01/16	;91	;Disminuir por15.7%	; --%	;54	;Disminuir por40.7%	; --%	;2403	;Disminuir por20.4%	; --%	;1576	;Disminuir por39.3%	; --%	;272	;Disminuir por51.9%	; --%	;220	;Disminuir por48.6%	; --%	;
48	;(Sábado)2026/01/17	;33	;Disminuir por70.3%	; --%	;25	;Disminuir por74.2%	; --%	;1516	;Disminuir por51.4%	; --%	;1222	;Disminuir por54.2%	; --%	;65	;Disminuir por88.2%	; --%	;44	;Disminuir por89.2%	; --%	;
49	;(Domingo)2026/01/18	;80	;Disminuir por32.2%	; --%	;54	;Disminuir por43.2%	; --%	;1210	;Disminuir por63.5%	; --%	;924	;Disminuir por68.1%	; --%	;176	;Disminuir por70.1%	; --%	;165	;Disminuir por62.9%	; --%	;
50	;(Lunes)2026/01/19	;71	;Disminuir por44.1%	; --%	;32	;Disminuir por71.4%	; --%	;2333	;Disminuir por29.2%	; --%	;1707	;Disminuir por44.2%	; --%	;178	;Disminuir por71.3%	; --%	;141	;Disminuir por70.2%	; --%	;
51	;(Martes)2026/01/20	;38	;Disminuir por74.7%	; --%	;23	;Disminuir por82.2%	; --%	;2522	;Disminuir por5.5%	; --%	;1821	;Disminuir por21.0%	; --%	;58	;Disminuir por89.2%	; --%	;34	;Disminuir por92.4%	; --%	;
52	;(Miércoles)2026/01/21	;83	;Disminuir por25.9%	; --%	;77	;Disminuir por34.2%	; --%	;2852	;Disminuir por19.8%	; --%	;1792	;Disminuir por39.8%	; --%	;254	;Disminuir por57.7%	; --%	;195	;Disminuir por58.2%	; --%	;
53	;(Jueves)2026/01/22	;105	;Disminuir por7.9%	; --%	;79	;Disminuir por29.5%	; --%	;2480	;Disminuir por20.2%	; --%	;1641	;Disminuir por39.0%	; --%	;267	;Disminuir por48.4%	; --%	;201	;Disminuir por48.1%	; --%	;
54	;(Viernes)2026/01/23	;132	;Disminuir por2.2%	; --%	;106	;Disminuir por13.1%	; --%	;2549	;Disminuir por20.0%	; --%	;1584	;Disminuir por44.3%	; --%	;302	;Disminuir por52.0%	; --%	;247	;Disminuir por50.6%	; --%	;
55	;(Sábado)2026/01/24	;79	;Disminuir por38.3%	; --%	;49	;Disminuir por55.0%	; --%	;1968	;Disminuir por35.9%	; --%	;1481	;Disminuir por45.1%	; --%	;200	;Disminuir por64.2%	; --%	;178	;Disminuir por61.3%	; --%	;
56	;(Domingo)2026/01/25	;106	;Disminuir por8.6%	; --%	;60	;Disminuir por42.3%	; --%	;1410	;Disminuir por61.0%	; --%	;1036	;Disminuir por65.3%	; --%	;237	;Disminuir por63.3%	; --%	;164	;Disminuir por68.7%	; --%	;
57	;(Lunes)2026/01/26	;96	;Disminuir por25.0%	; --%	;64	;Disminuir por40.7%	; --%	;2406	;Disminuir por23.1%	; --%	;1668	;Disminuir por42.4%	; --%	;295	;Disminuir por48.7%	; --%	;220	;Disminuir por51.9%	; --%	;
58	;(Martes)2026/01/27	;85	;Disminuir por33.1%	; --%	;70	;Disminuir por36.9%	; --%	;2380	;Disminuir por5.4%	; --%	;1704	;Disminuir por23.9%	; --%	;193	;Disminuir por64.8%	; --%	;139	;Disminuir por67.3%	; --%	;
59	;(Miércoles)2026/01/28	;55	;Disminuir por58.3%	; --%	;59	;Disminuir por46.4%	; --%	;2417	;Disminuir por29.1%	; --%	;1720	;Disminuir por39.5%	; --%	;111	;Disminuir por80.0%	; --%	;81	;Disminuir por81.3%	; --%	;
60	;(Jueves)2026/01/29	;8	;Disminuir por94.7%	; --%	;21	;Disminuir por83.5%	; --%	;561	;Disminuir por82.6%	; --%	;372	;Disminuir por86.7%	; --%	;45	;Disminuir por92.8%	; --%	;30	;Disminuir por93.6%	; --%	;
61	;(Viernes)2026/01/30	;0	;Disminuir por100.0%	; --%	;0	;Disminuir por100.0%	; --%	;0	;Disminuir por100.0%	; --%	;0	;Disminuir por100.0%	; --%	;0	;Disminuir por100.0%	; --%	;0	;Disminuir por100.0%	; --%	;
62	;(Sábado)2026/01/31	;0	;Disminuir por100.0%	; --%	;0	;Disminuir por100.0%	; --%	;0	;Disminuir por100.0%	; --%	;0	;Disminuir por100.0%	; --%	;0	;Disminuir por100.0%	; --%	;0	;Disminuir por100.0%	; --%	;
63	;(Domingo)2026/02/01	;0	;Disminuir por100.0%	; --%	;0	;Disminuir por100.0%	; --%	;0	;Disminuir por100.0%	; --%	;0	;Disminuir por100.0%	; --%	;0	;Disminuir por100.0%	; --%	;0	;Disminuir por100.0%	; --%	;
64	;(Lunes)2026/02/02	;0	;Disminuir por100.0%	; --%	;0	;Disminuir por100.0%	; --%	;0	;Disminuir por100.0%	; --%	;0	;Disminuir por100.0%	; --%	;0	;Disminuir por100.0%	; --%	;0	;Disminuir por100.0%	; --%	;
65	;(Martes)2026/02/03	;0	;Disminuir por100.0%	; --%	;0	;Disminuir por100.0%	; --%	;0	;Disminuir por100.0%	; --%	;0	;Disminuir por100.0%	; --%	;0	;Disminuir por100.0%	; --%	;0	;Disminuir por100.0%	; --%	;
66	;(Miércoles)2026/02/04	;0	;Disminuir por100.0%	; --%	;0	;Disminuir por100.0%	; --%	;0	;Disminuir por100.0%	; --%	;0	;Disminuir por100.0%	; --%	;0	;Disminuir por100.0%	; --%	;0	;Disminuir por100.0%	; --%	;
67	;(Jueves)2026/02/05	;0	;Disminuir por100.0%	; --%	;0	;Disminuir por100.0%	; --%	;0	;Disminuir por100.0%	; --%	;0	;Disminuir por100.0%	; --%	;0	;Disminuir por100.0%	; --%	;0	;Disminuir por100.0%	; --%	;
68	;(Viernes)2026/02/06	;0	;Disminuir por100.0%	; --%	;0	;Disminuir por100.0%	; --%	;0	;Disminuir por100.0%	; --%	;0	;Disminuir por100.0%	; --%	;0	;Disminuir por100.0%	; --%	;0	;Disminuir por100.0%	; --%	;
69	;(Sábado)2026/02/07	;0	;Disminuir por100.0%	; --%	;0	;Disminuir por100.0%	; --%	;0	;Disminuir por100.0%	; --%	;0	;Disminuir por100.0%	; --%	;0	;Disminuir por100.0%	; --%	;0	;Disminuir por100.0%	; --%	;
70	;(Domingo)2026/02/08	;0	;Disminuir por100.0%	; --%	;0	;Disminuir por100.0%	; --%	;0	;Disminuir por100.0%	; --%	;0	;Disminuir por100.0%	; --%	;0	;Disminuir por100.0%	; --%	;0	;Disminuir por100.0%	; --%	;
71	;(Lunes)2026/02/09	;0	;Disminuir por100.0%	; --%	;0	;Disminuir por100.0%	; --%	;0	;Disminuir por100.0%	; --%	;0	;Disminuir por100.0%	; --%	;0	;Disminuir por100.0%	; --%	;0	;Disminuir por100.0%	; --%	;
72	;(Martes)2026/02/10	;0	;Disminuir por100.0%	; --%	;0	;Disminuir por100.0%	; --%	;0	;Disminuir por100.0%	; --%	;0	;Disminuir por100.0%	; --%	;0	;Disminuir por100.0%	; --%	;0	;Disminuir por100.0%	; --%	;
73	;(Miércoles)2026/02/11	;72	;Disminuir por47.8%	; --%	;26	;Disminuir por77.2%	; --%	;1370	;Disminuir por62.3%	; --%	;1069	;Disminuir por66.5%	; --%	;178	;Disminuir por73.6%	; --%	;168	;Disminuir por64.9%	; --%	;
74	;(Jueves)2026/02/12	;103	;Disminuir por30.4%	; --%	;76	;Disminuir por40.2%	; --%	;2523	;Disminuir por30.9%	; --%	;1605	;Disminuir por48.0%	; --%	;273	;Disminuir por55.5%	; --%	;190	;Disminuir por55.9%	; --%	;
75	;(Viernes)2026/02/13	;62	;Disminuir por58.7%	; --%	;45	;Disminuir por69.4%	; --%	;2763	;Disminuir por24.4%	; --%	;1905	;Disminuir por40.0%	; --%	;222	;Disminuir por64.5%	; --%	;141	;Disminuir por70.8%	; --%	;
76	;(Sábado)2026/02/14	;24	;Disminuir por82.5%	; --%	;27	;Disminuir por79.7%	; --%	;1182	;Disminuir por65.4%	; --%	;912	;Disminuir por67.4%	; --%	;12	;Disminuir por97.9%	; --%	;12	;Disminuir por97.2%	; --%	;
77	;(Domingo)2026/02/15	;85	;Disminuir por44.4%	; --%	;61	;Disminuir por58.5%	; --%	;1474	;Disminuir por60.3%	; --%	;1063	;Disminuir por67.7%	; --%	;197	;Disminuir por70.5%	; --%	;146	;Disminuir por72.8%	; --%	;
78	;(Lunes)2026/02/16	;105	;Disminuir por33.5%	; --%	;76	;Disminuir por51.9%	; --%	;2660	;Disminuir por28.8%	; --%	;1593	;Disminuir por52.4%	; --%	;436	;Disminuir por31.0%	; --%	;308	;Disminuir por38.9%	; --%	;
79	;(Martes)2026/02/17	;96	;Disminuir por45.5%	; --%	;77	;Disminuir por46.2%	; --%	;2470	;Disminuir por16.8%	; --%	;1556	;Disminuir por43.0%	; --%	;401	;Disminuir por37.0%	; --%	;279	;Disminuir por42.4%	; --%	;
80	;(Miércoles)2026/02/18	;89	;Disminuir por45.4%	; --%	;71	;Disminuir por53.3%	; --%	;2425	;Disminuir por38.2%	; --%	;1661	;Disminuir por50.8%	; --%	;305	;Disminuir por55.7%	; --%	;284	;Disminuir por44.6%	; --%	;
81	;(Jueves)2026/02/19	;94	;Disminuir por50.8%	; --%	;73	;Disminuir por59.4%	; --%	;2419	;Disminuir por37.4%	; --%	;1573	;Disminuir por53.7%	; --%	;237	;Disminuir por69.1%	; --%	;167	;Disminuir por69.2%	; --%	;
82	;(Viernes)2026/02/20	;85	;Disminuir por36.1%	; --%	;68	;Disminuir por35.8%	; --%	;2495	;Disminuir por40.1%	; --%	;1712	;Disminuir por51.3%	; --%	;277	;Disminuir por2.8%	; --%	;194	;Sin cambios	; --%	;
83	;(Sábado)2026/02/21	;133	;Disminuir por22.7%	; --%	;85	;Disminuir por51.4%	; --%	;2111	;Disminuir por42.0%	; --%	;1388	;Disminuir por55.3%	; --%	;372	;Disminuir por42.9%	; --%	;305	;Disminuir por46.4%	; --%	;
84	;(Domingo)2026/02/22	;112	;Disminuir por37.8%	; --%	;82	;Disminuir por52.3%	; --%	;1316	;Disminuir por67.7%	; --%	;952	;Disminuir por72.0%	; --%	;259	;Disminuir por50.8%	; --%	;214	;Disminuir por48.3%	; --%	;
85	;(Lunes)2026/02/23	;117	;Aumentar por3.5%	; --%	;70	;Disminuir por17.6%	; --%	;2463	;Disminuir por31.8%	; --%	;1429	;Disminuir por56.3%	; --%	;366	;Aumentar por19.2%	; --%	;274	;Aumentar por20.7%	; --%	;
86	;(Martes)2026/02/24	;101	;Disminuir por41.3%	; --%	;75	;Disminuir por52.2%	; --%	;2396	;Disminuir por21.3%	; --%	;1437	;Disminuir por46.5%	; --%	;362	;Disminuir por38.6%	; --%	;262	;Disminuir por45.4%	; --%	;
87	;(Miércoles)2026/02/25	;78	;Disminuir por57.1%	; --%	;70	;Disminuir por55.4%	; --%	;2470	;Disminuir por38.2%	; --%	;1824	;Disminuir por46.4%	; --%	;262	;Disminuir por62.5%	; --%	;180	;Disminuir por67.5%	; --%	;
88	;(Jueves)2026/02/26	;102	;Disminuir por45.5%	; --%	;53	;Disminuir por65.4%	; --%	;2489	;Disminuir por34.9%	; --%	;1504	;Disminuir por53.5%	; --%	;357	;Disminuir por51.6%	; --%	;241	;Disminuir por57.0%	; --%	;
89	;(Viernes)2026/02/27	;107	;Disminuir por53.5%	; --%	;85	;Disminuir por58.7%	; --%	;2582	;Disminuir por33.9%	; --%	;1678	;Disminuir por48.1%	; --%	;290	;Disminuir por59.1%	; --%	;207	;Disminuir por59.9%	; --%	;
90	;(Sábado)2026/02/28	;83	;Disminuir por48.1%	; --%	;55	;Disminuir por69.8%	; --%	;1877	;Disminuir por52.9%	; --%	;1556	;Disminuir por52.8%	; --%	;322	;Disminuir por54.1%	; --%	;245	;Disminuir por54.1%	; --%	;
91	;(Domingo)2026/03/01	;114	;Disminuir por27.8%	; --%	;83	;Disminuir por52.6%	; --%	;1431	;Disminuir por62.7%	; --%	;1163	;Disminuir por62.2%	; --%	;285	;Disminuir por58.4%	; --%	;242	;Disminuir por51.3%	; --%	;
92	;(Lunes)2026/03/02	;66	;Disminuir por70.7%	; --%	;54	;Disminuir por73.4%	; --%	;2443	;Disminuir por40.2%	; --%	;1843	;Disminuir por48.2%	; --%	;262	;Disminuir por66.1%	; --%	;175	;Disminuir por69.8%	; --%	;
93	;(Martes)2026/03/03	;24	;Disminuir por87.4%	; --%	;31	;Disminuir por82.9%	; --%	;1153	;Disminuir por65.8%	; --%	;841	;Disminuir por72.3%	; --%	;89	;Disminuir por87.0%	; --%	;55	;Disminuir por90.2%	; --%	;
94	;(Miércoles)2026/03/04	;50	;Disminuir por75.8%	; --%	;28	;Disminuir por85.7%	; --%	;2232	;Disminuir por48.2%	; --%	;1741	;Disminuir por51.8%	; --%	;84	;Disminuir por89.5%	; --%	;60	;Disminuir por90.3%	; --%	;
95	;(Jueves)2026/03/05	;22	;Disminuir por88.8%	; --%	;20	;Disminuir por89.5%	; --%	;2523	;Disminuir por37.8%	; --%	;1927	;Disminuir por43.6%	; --%	;42	;Disminuir por94.5%	; --%	;28	;Disminuir por95.3%	; --%	;
96	;(Viernes)2026/03/06	;35	;Disminuir por78.9%	; --%	;23	;Disminuir por84.0%	; --%	;2505	;Disminuir por38.8%	; --%	;1839	;Disminuir por45.9%	; --%	;78	;Disminuir por84.6%	; --%	;46	;Disminuir por87.9%	; --%	;
97	;(Sábado)2026/03/07	;29	;Disminuir por84.7%	; --%	;20	;Disminuir por89.2%	; --%	;1853	;Disminuir por57.6%	; --%	;1452	;Disminuir por60.0%	; --%	;71	;Disminuir por85.2%	; --%	;61	;Disminuir por84.5%	; --%	;
98	;(Domingo)2026/03/08	;76	;Disminuir por61.2%	; --%	;67	;Disminuir por64.0%	; --%	;1430	;Disminuir por66.9%	; --%	;1113	;Disminuir por69.2%	; --%	;201	;Disminuir por71.9%	; --%	;184	;Disminuir por66.7%	; --%	;
99	;(Lunes)2026/03/09	;103	;Disminuir por56.9%	; --%	;70	;Disminuir por68.8%	; --%	;2508	;Disminuir por43.7%	; --%	;1654	;Disminuir por55.5%	; --%	;360	;Disminuir por55.9%	; --%	;238	;Disminuir por60.5%	; --%	;
100	;(Martes)2026/03/10	;84	;Disminuir por54.8%	; --%	;68	;Disminuir por65.7%	; --%	;2584	;Disminuir por20.2%	; --%	;1802	;Disminuir por36.7%	; --%	;201	;Disminuir por72.0%	; --%	;151	;Disminuir por71.0%	; --%	;
101	;(Miércoles)2026/03/11	;96	;Disminuir por54.9%	; --%	;77	;Disminuir por63.0%	; --%	;2545	;Disminuir por39.0%	; --%	;1685	;Disminuir por50.1%	; --%	;360	;Disminuir por50.1%	; --%	;250	;Disminuir por55.6%	; --%	;
102	;(Jueves)2026/03/12	;108	;Disminuir por50.7%	; --%	;84	;Disminuir por63.8%	; --%	;2566	;Disminuir por35.0%	; --%	;1689	;Disminuir por47.0%	; --%	;369	;Disminuir por52.1%	; --%	;235	;Disminuir por60.8%	; --%	;
103	;(Viernes)2026/03/13	;105	;Disminuir por52.1%	; --%	;71	;Disminuir por65.5%	; --%	;2887	;Disminuir por29.0%	; --%	;1917	;Disminuir por43.5%	; --%	;338	;Disminuir por56.4%	; --%	;206	;Disminuir por66.2%	; --%	;
104	;(Sábado)2026/03/14	;100	;Disminuir por52.6%	; --%	;61	;Disminuir por71.5%	; --%	;2264	;Disminuir por43.3%	; --%	;1777	;Disminuir por44.3%	; --%	;285	;Disminuir por62.8%	; --%	;212	;Disminuir por61.7%	; --%	;
105	;(Domingo)2026/03/15	;68	;Disminuir por70.6%	; --%	;52	;Disminuir por75.6%	; --%	;1710	;Disminuir por60.8%	; --%	;1463	;Disminuir por58.7%	; --%	;188	;Disminuir por75.6%	; --%	;127	;Disminuir por78.1%	; --%	;
106	;(Lunes)2026/03/16	;86	;Disminuir por61.8%	; --%	;74	;Disminuir por64.1%	; --%	;2678	;Disminuir por38.9%	; --%	;1633	;Disminuir por56.1%	; --%	;360	;Disminuir por52.9%	; --%	;248	;Disminuir por56.2%	; --%	;
107	;(Martes)2026/03/17	;91	;Disminuir por60.1%	; --%	;83	;Disminuir por66.9%	; --%	;2685	;Disminuir por26.3%	; --%	;1606	;Disminuir por52.2%	; --%	;376	;Disminuir por48.1%	; --%	;249	;Disminuir por59.8%	; --%	;
108	;(Miércoles)2026/03/18	;89	;Disminuir por69.9%	; --%	;85	;Disminuir por64.7%	; --%	;2429	;Disminuir por51.7%	; --%	;1527	;Disminuir por58.9%	; --%	;365	;Disminuir por63.6%	; --%	;227	;Disminuir por66.1%	; --%	;
109	;(Jueves)2026/03/19	;117	;Disminuir por43.8%	; --%	;78	;Disminuir por69.4%	; --%	;1935	;Disminuir por54.7%	; --%	;1483	;Disminuir por58.0%	; --%	;295	;Disminuir por66.7%	; --%	;221	;Disminuir por66.8%	; --%	;
110	;(Viernes)2026/03/20	;106	;Disminuir por56.7%	; --%	;82	;Disminuir por69.3%	; --%	;2397	;Disminuir por46.2%	; --%	;1672	;Disminuir por54.4%	; --%	;379	;Disminuir por58.0%	; --%	;250	;Disminuir por63.1%	; --%	;
111	;(Sábado)2026/03/21	;128	;Disminuir por44.1%	; --%	;108	;Disminuir por55.7%	; --%	;2082	;Disminuir por52.9%	; --%	;1667	;Disminuir por54.3%	; --%	;334	;Disminuir por62.8%	; --%	;287	;Disminuir por54.0%	; --%	;
112	;(Domingo)2026/03/22	;118	;Disminuir por53.5%	; --%	;106	;Disminuir por59.7%	; --%	;1520	;Disminuir por67.2%	; --%	;1114	;Disminuir por70.6%	; --%	;292	;Disminuir por66.3%	; --%	;217	;Disminuir por67.6%	; --%	;
113	;(Lunes)2026/03/23	;79	;Disminuir por69.0%	; --%	;78	;Disminuir por66.8%	; --%	;2700	;Disminuir por39.0%	; --%	;1792	;Disminuir por53.6%	; --%	;230	;Disminuir por74.3%	; --%	;161	;Disminuir por76.4%	; --%	;
114	;(Martes)2026/03/24	;109	;Disminuir por51.6%	; --%	;117	;Disminuir por52.2%	; --%	;2558	;Disminuir por31.3%	; --%	;1570	;Disminuir por52.1%	; --%	;373	;Disminuir por54.8%	; --%	;294	;Disminuir por53.3%	; --%	;
115	;(Miércoles)2026/03/25	;32	;Disminuir por88.0%	; --%	;31	;Disminuir por87.0%	; --%	;716	;Disminuir por85.2%	; --%	;428	;Disminuir por89.2%	; --%	;105	;Disminuir por88.7%	; --%	;90	;Disminuir por87.5%	; --%	;
116	;(Jueves)2026/03/26	;0	;Disminuir por100.0%	; --%	;0	;Disminuir por100.0%	; --%	;0	;Disminuir por100.0%	; --%	;0	;Disminuir por100.0%	; --%	;0	;Disminuir por100.0%	; --%	;0	;Disminuir por100.0%	; --%	;
117	;(Viernes)2026/03/27	;0	;Disminuir por100.0%	; --%	;0	;Disminuir por100.0%	; --%	;0	;Disminuir por100.0%	; --%	;0	;Disminuir por100.0%	; --%	;0	;Disminuir por100.0%	; --%	;0	;Disminuir por100.0%	; --%	;
118	;(Sábado)2026/03/28	;0	;Disminuir por100.0%	; --%	;0	;Disminuir por100.0%	; --%	;0	;Disminuir por100.0%	; --%	;0	;Disminuir por100.0%	; --%	;0	;Disminuir por100.0%	; --%	;0	;Disminuir por100.0%	; --%	;
119	;(Domingo)2026/03/29	;0	;Disminuir por100.0%	; --%	;0	;Disminuir por100.0%	; --%	;0	;Disminuir por100.0%	; --%	;0	;Disminuir por100.0%	; --%	;0	;Disminuir por100.0%	; --%	;0	;Disminuir por100.0%	; --%	;
120	;(Lunes)2026/03/30	;0	;Disminuir por100.0%	; --%	;0	;Disminuir por100.0%	; --%	;0	;Disminuir por100.0%	; --%	;0	;Disminuir por100.0%	; --%	;0	;Disminuir por100.0%	; --%	;0	;Disminuir por100.0%	; --%	;
121	;(Martes)2026/03/31	;0	;Disminuir por100.0%	; --%	;0	;Disminuir por100.0%	; --%	;0	;Disminuir por100.0%	; --%	;0	;Disminuir por100.0%	; --%	;0	;Disminuir por100.0%	; --%	;0	;Disminuir por100.0%	; --%	;
122	;(Miércoles)2026/04/01	;0	;Disminuir por100.0%	; --%	;0	;Disminuir por100.0%	; --%	;0	;Disminuir por100.0%	; --%	;0	;Disminuir por100.0%	; --%	;0	;Disminuir por100.0%	; --%	;0	;Disminuir por100.0%	; --%	;
123	;(Jueves)2026/04/02	;207	;Sin cambios	; --%	;166	;Disminuir por16.6%	; --%	;3779	;Disminuir por13.3%	; --%	;2692	;Disminuir por24.8%	; --%	;334	;Disminuir por47.2%	; --%	;240	;Disminuir por46.8%	; --%	;
124	;(Viernes)2026/04/03	;351	;Aumentar por38.2%	; --%	;287	;Aumentar por20.1%	; --%	;3728	;Disminuir por12.4%	; --%	;2461	;Disminuir por29.7%	; --%	;600	;Disminuir por31.6%	; --%	;429	;Disminuir por32.1%	; --%	;
125	;(Sábado)2026/04/04	;347	;Aumentar por37.7%	; --%	;253	;Aumentar por7.7%	; --%	;4078	;Disminuir por4.1%	; --%	;2685	;Disminuir por23.5%	; --%	;757	;Disminuir por13.7%	; --%	;581	;Disminuir por6.4%	; --%	;
126	;(Domingo)2026/04/05	;288	;Aumentar por19.0%	; --%	;223	;Aumentar por0.5%	; --%	;3234	;Disminuir por25.8%	; --%	;2239	;Disminuir por37.1%	; --%	;606	;Disminuir por31.8%	; --%	;487	;Disminuir por22.6%	; --%	;
127	;(Lunes)2026/04/06	;218	;Disminuir por11.0%	; --%	;157	;Disminuir por24.5%	; --%	;2757	;Disminuir por35.1%	; --%	;1797	;Disminuir por49.3%	; --%	;580	;Disminuir por25.5%	; --%	;469	;Disminuir por15.9%	; --%	;
128	;(Martes)2026/04/07	;219	;Aumentar por2.8%	; --%	;146	;Disminuir por25.9%	; --%	;2925	;Disminuir por11.7%	; --%	;1858	;Disminuir por32.9%	; --%	;511	;Disminuir por13.2%	; --%	;290	;Disminuir por35.0%	; --%	;
129	;(Miércoles)2026/04/08	;188	;Disminuir por9.2%	; --%	;134	;Disminuir por36.5%	; --%	;2925	;Disminuir por29.5%	; --%	;1759	;Disminuir por53.0%	; --%	;559	;Disminuir por18.8%	; --%	;356	;Disminuir por30.6%	; --%	;
130	;(Jueves)2026/04/09	;158	;Disminuir por26.2%	; --%	;156	;Disminuir por26.1%	; --%	;2850	;Disminuir por25.3%	; --%	;1721	;Disminuir por43.3%	; --%	;481	;Disminuir por35.7%	; --%	;340	;Disminuir por35.6%	; --%	;
131	;(Viernes)2026/04/10	;131	;Disminuir por42.8%	; --%	;116	;Disminuir por46.0%	; --%	;2907	;Disminuir por27.8%	; --%	;1921	;Disminuir por42.5%	; --%	;526	;Disminuir por32.2%	; --%	;361	;Disminuir por32.9%	; --%	;
132	;(Sábado)2026/04/11	;137	;Disminuir por37.2%	; --%	;96	;Disminuir por52.9%	; --%	;2580	;Disminuir por30.1%	; --%	;2005	;Disminuir por37.6%	; --%	;449	;Disminuir por38.3%	; --%	;352	;Disminuir por32.3%	; --%	;
133	;(Domingo)2026/04/12	;55	;Disminuir por71.1%	; --%	;62	;Disminuir por64.6%	; --%	;1609	;Disminuir por59.7%	; --%	;1296	;Disminuir por58.6%	; --%	;126	;Disminuir por80.7%	; --%	;75	;Disminuir por85.3%	; --%	;
134	;(Lunes)2026/04/13	;155	;Disminuir por15.3%	; --%	;147	;Disminuir por13.0%	; --%	;2473	;Disminuir por33.4%	; --%	;1801	;Disminuir por39.7%	; --%	;298	;Disminuir por51.5%	; --%	;183	;Disminuir por59.1%	; --%	;
135	;(Martes)2026/04/14	;124	;Disminuir por40.7%	; --%	;98	;Disminuir por35.9%	; --%	;2840	;Disminuir por3.7%	; --%	;1853	;Disminuir por24.4%	; --%	;387	;Disminuir por40.1%	; --%	;251	;Disminuir por46.3%	; --%	;
136	;(Miércoles)2026/04/15	;135	;Disminuir por27.8%	; --%	;101	;Disminuir por24.1%	; --%	;2836	;Disminuir por24.0%	; --%	;1835	;Disminuir por35.7%	; --%	;451	;Disminuir por26.9%	; --%	;311	;Disminuir por28.7%	; --%	;
137	;(Jueves)2026/04/16	;142	;Disminuir por23.7%	; --%	;126	;Disminuir por20.3%	; --%	;2913	;Disminuir por15.4%	; --%	;1868	;Disminuir por28.6%	; --%	;398	;Disminuir por40.1%	; --%	;251	;Disminuir por43.5%	; --%	;
138	;(Viernes)2026/04/17	;157	;Disminuir por13.7%	; --%	;124	;Disminuir por16.2%	; --%	;2934	;Disminuir por15.0%	; --%	;1958	;Disminuir por25.5%	; --%	;462	;Disminuir por29.4%	; --%	;337	;Disminuir por21.4%	; --%	;
139	;(Sábado)2026/04/18	;163	;Disminuir por7.4%	;Aumentar por6.5%	;111	;Disminuir por9.0%	;Disminuir por5.1%	;2438	;Disminuir por28.8%	;Disminuir por21.6%	;1747	;Disminuir por34.1%	;Disminuir por31.2%	;452	;Disminuir por17.4%	;Disminuir por21.9%	;297	;Disminuir por22.7%	;Disminuir por37.5%	;
140	;(Domingo)2026/04/19	;128	;Aumentar por4.1%	;Disminuir por30.1%	;100	;Aumentar por14.9%	;Disminuir por48.7%	;1933	;Disminuir por49.0%	;Disminuir por53.4%	;1356	;Disminuir por57.3%	;Disminuir por63.0%	;367	;Aumentar por26.1%	;Disminuir por53.8%	;282	;Aumentar por28.2%	;Disminuir por56.9%	;
141	;(Lunes)2026/04/20	;122	;Disminuir por34.1%	;Disminuir por39.9%	;102	;Disminuir por33.8%	;Disminuir por42.4%	;2914	;Disminuir por10.9%	;Disminuir por4.2%	;1984	;Disminuir por29.4%	;Disminuir por24.0%	;380	;Disminuir por39.3%	;Disminuir por34.7%	;297	;Disminuir por44.0%	;Disminuir por42.9%	;
142	;(Martes)2026/04/21	;135	;Disminuir por14.6%	;Disminuir por11.8%	;123	;Disminuir por4.7%	;Aumentar por2.5%	;2744	;Disminuir por2.0%	;Disminuir por3.7%	;1785	;Disminuir por19.1%	;Disminuir por27.4%	;411	;Disminuir por32.3%	;Disminuir por29.3%	;292	;Disminuir por35.4%	;Disminuir por40.0%	;
143	;(Miércoles)2026/04/22	;121	;Disminuir por20.9%	;Aumentar por34.4%	;89	;Disminuir por16.8%	;Disminuir por1.1%	;2815	;Disminuir por20.3%	;Disminuir por9.7%	;1824	;Disminuir por32.9%	;Disminuir por32.6%	;434	;Disminuir por18.3%	;Aumentar por51.2%	;298	;Disminuir por25.3%	;Aumentar por27.4%	;
144	;(Jueves)2026/04/23	;150	;Disminuir por10.7%	;Aumentar por17.2%	;107	;Disminuir por25.2%	;Disminuir por17.1%	;3023	;Disminuir por7.9%	;Aumentar por5.0%	;2074	;Disminuir por20.6%	;Disminuir por16.7%	;346	;Disminuir por35.2%	;Disminuir por31.2%	;243	;Disminuir por38.0%	;Disminuir por47.5%	;
145	;(Viernes)2026/04/24	;158	;Aumentar por0.6%	;Aumentar por29.5%	;133	;Disminuir por2.2%	;Aumentar por11.8%	;3321	;Disminuir por6.6%	;Aumentar por16.4%	;2273	;Disminuir por15.2%	;Disminuir por8.8%	;406	;Disminuir por36.9%	;Disminuir por28.3%	;308	;Disminuir por35.7%	;Disminuir por31.9%	;
146	;(Sábado)2026/04/25	;181	;Aumentar por6.5%	;Aumentar por70.8%	;122	;Disminuir por9.6%	;Aumentar por13.0%	;2691	;Disminuir por24.7%	;Disminuir por9.5%	;1888	;Disminuir por30.3%	;Disminuir por26.2%	;486	;Disminuir por36.4%	;Disminuir por9.3%	;340	;Disminuir por41.1%	;Disminuir por18.3%	;
147	;(Domingo)2026/04/26	;175	;Disminuir por3.3%	;Aumentar por59.1%	;158	;Disminuir por1.9%	;Aumentar por45.0%	;2280	;Disminuir por40.3%	;Disminuir por14.2%	;1752	;Disminuir por40.4%	;Disminuir por26.3%	;465	;Disminuir por34.4%	;Disminuir por1.5%	;362	;Disminuir por29.4%	;Disminuir por6.5%	;
148	;(Lunes)2026/04/27	;148	;Disminuir por17.3%	;Aumentar por62.6%	;112	;Disminuir por14.5%	;Aumentar por15.5%	;2837	;Disminuir por17.1%	;Aumentar por45.2%	;1834	;Disminuir por36.9%	;Aumentar por1.2%	;449	;Disminuir por37.8%	;Aumentar por26.1%	;332	;Disminuir por38.2%	;Aumentar por7.8%	;
149	;(Martes)2026/04/28	;136	;Disminuir por36.4%	;Aumentar por267.6%	;134	;Aumentar por18.6%	;Aumentar por226.8%	;2496	;Disminuir por16.9%	;Aumentar por158.9%	;1667	;Disminuir por26.8%	;Aumentar por104.0%	;404	;Disminuir por40.9%	;Aumentar por137.6%	;300	;Disminuir por39.3%	;Aumentar por79.6%	;
150	;(Miércoles)2026/04/29	;120	;Disminuir por34.1%	;Aumentar por313.8%	;117	;Disminuir por7.9%	;Aumentar por277.4%	;3025	;Disminuir por10.9%	;Aumentar por102.5%	;2018	;Disminuir por18.3%	;Aumentar por60.9%	;400	;Disminuir por42.6%	;Aumentar por95.1%	;307	;Disminuir por41.1%	;Aumentar por76.4%	;
151	;(Jueves)2026/04/30	;144	;Disminuir por11.1%	;Aumentar por67.4%	;119	;Disminuir por9.2%	;Aumentar por56.6%	;3421	;Aumentar por9.6%	;Aumentar por4.9%	;2166	;Disminuir por8.5%	;Disminuir por25.3%	;496	;Disminuir por23.0%	;Aumentar por15.6%	;343	;Disminuir por24.6%	;Aumentar por3.6%	;
152	;(Viernes)2026/05/01	;162	;Disminuir por16.5%	;Aumentar por20.0%	;132	;Disminuir por14.8%	;Aumentar por37.5%	;2805	;Disminuir por10.0%	;Aumentar por11.7%	;2070	;Disminuir por11.8%	;Disminuir por8.0%	;341	;Disminuir por49.2%	;Disminuir por23.7%	;285	;Disminuir por34.8%	;Disminuir por27.1%	;
153	;(Sábado)2026/05/02	;156	;Disminuir por21.6%	;Aumentar por69.6%	;125	;Disminuir por15.0%	;Aumentar por62.3%	;3467	;Aumentar por5.7%	;Disminuir por8.9%	;2565	;Aumentar por5.6%	;Disminuir por22.6%	;321	;Disminuir por53.5%	;Aumentar por16.3%	;243	;Disminuir por53.0%	;Aumentar por13.6%	;
154	;(Domingo)2026/05/03	;134	;Disminuir por29.5%	;Disminuir por0.7%	;102	;Disminuir por36.3%	;Disminuir por4.7%	;2205	;Disminuir por36.2%	;Disminuir por25.4%	;1727	;Disminuir por36.0%	;Disminuir por36.5%	;277	;Disminuir por57.0%	;Disminuir por56.0%	;189	;Disminuir por60.4%	;Disminuir por60.4%	;
155	;(Lunes)2026/05/04	;76	;Disminuir por60.8%	;Disminuir por19.1%	;62	;Disminuir por60.3%	;Disminuir por12.7%	;2943	;Disminuir por19.4%	;Aumentar por39.4%	;2053	;Disminuir por31.6%	;Aumentar por2.9%	;186	;Disminuir por75.8%	;Disminuir por54.2%	;143	;Disminuir por75.5%	;Disminuir por56.5%	;
156	;(Martes)2026/05/05	;107	;Disminuir por27.2%	;Aumentar por25.9%	;90	;Disminuir por3.2%	;Aumentar por21.6%	;2862	;Aumentar por5.8%	;Disminuir por1.5%	;1814	;Disminuir por15.4%	;Disminuir por27.8%	;316	;Disminuir por37.1%	;Disminuir por25.3%	;217	;Disminuir por44.1%	;Disminuir por27.9%	;
157	;(Miércoles)2026/05/06	;130	;Disminuir por21.7%	;Aumentar por49.4%	;107	;Disminuir por21.9%	;Aumentar por28.9%	;2877	;Disminuir por11.7%	;Aumentar por2.1%	;1842	;Disminuir por22.4%	;Disminuir por23.4%	;476	;Disminuir por7.0%	;Aumentar por12.8%	;320	;Disminuir por12.6%	;Disminuir por5.9%	;
158	;(Jueves)2026/05/07	;121	;Disminuir por25.8%	;Aumentar por28.7%	;98	;Disminuir por12.5%	;Aumentar por44.1%	;2868	;Disminuir por6.8%	;Disminuir por1.9%	;1837	;Disminuir por16.5%	;Disminuir por27.0%	;443	;Disminuir por15.8%	;Aumentar por1.6%	;287	;Disminuir por31.3%	;Disminuir por4.0%	;
159	;(Viernes)2026/05/08	;152	;Disminuir por18.3%	;Aumentar por186.8%	;121	;Disminuir por1.6%	;Aumentar por108.6%	;3094	;Aumentar por0.3%	;Aumentar por5.7%	;2278	;Aumentar por2.4%	;Disminuir por9.8%	;424	;Disminuir por30.7%	;Aumentar por73.8%	;285	;Disminuir por29.6%	;Aumentar por33.2%	;
160	;(Sábado)2026/05/09	;94	;Disminuir por46.3%	;Disminuir por7.8%	;98	;Disminuir por31.0%	;Aumentar por3.2%	;2614	;Disminuir por13.0%	;Disminuir por9.2%	;2033	;Disminuir por5.8%	;Disminuir por20.3%	;149	;Disminuir por75.3%	;Disminuir por63.4%	;114	;Disminuir por72.2%	;Disminuir por71.1%	;
161	;(Domingo)2026/05/10	;178	;Aumentar por4.7%	;Aumentar por119.8%	;145	;Aumentar por9.8%	;Aumentar por101.4%	;1877	;Disminuir por41.7%	;Disminuir por24.8%	;1414	;Disminuir por38.8%	;Disminuir por38.3%	;424	;Disminuir por30.6%	;Aumentar por36.3%	;348	;Disminuir por22.0%	;Aumentar por32.3%	;
162	;(Lunes)2026/05/11	;161	;Disminuir por4.7%	;Aumentar por75.0%	;127	;Aumentar por36.6%	;Aumentar por67.1%	;2934	;Aumentar por8.9%	;Aumentar por50.1%	;2018	;Disminuir por5.3%	;Aumentar por16.1%	;455	;Disminuir por24.7%	;Aumentar por25.3%	;353	;Disminuir por20.0%	;Aumentar por27.4%	;
163	;(Martes)2026/05/12	;131	;Aumentar por4.0%	;Aumentar por50.6%	;108	;Aumentar por27.1%	;Aumentar por66.2%	;2889	;Aumentar por52.7%	;Aumentar por2.9%	;1881	;Aumentar por25.9%	;Disminuir por22.9%	;469	;Aumentar por8.3%	;Aumentar por5.2%	;330	;Aumentar por14.6%	;Disminuir por8.1%	;
164	;(Miércoles)2026/05/13	;171	;Aumentar por242.0%	;Aumentar por62.9%	;140	;Aumentar por241.5%	;Aumentar por72.8%	;2872	;Aumentar por91.3%	;Aumentar por6.2%	;1952	;Aumentar por77.8%	;Disminuir por16.0%	;491	;Aumentar por1344.1%	;Disminuir por12.8%	;353	;Aumentar por1160.7%	;Sin cambios	;
165	;(Jueves)2026/05/14	;168	;Aumentar por16.7%	;Aumentar por46.1%	;119	;Disminuir por2.5%	;Aumentar por32.2%	;3061	;Aumentar por8.0%	;Aumentar por5.0%	;2000	;Disminuir por0.7%	;Disminuir por17.4%	;544	;Aumentar por19.3%	;Aumentar por33.0%	;325	;Disminuir por12.2%	;Disminuir por9.5%	;
166	;(Viernes)2026/05/15	;147	;Disminuir por4.5%	;Aumentar por44.1%	;120	;Aumentar por0.8%	;Aumentar por41.2%	;3276	;Aumentar por13.0%	;Aumentar por13.4%	;2479	;Aumentar por16.5%	;Disminuir por2.1%	;367	;Disminuir por31.7%	;Disminuir por18.6%	;271	;Disminuir por24.5%	;Disminuir por34.5%	;
167	;(Sábado)2026/05/16	;170	;Aumentar por4.9%	;Aumentar por47.8%	;156	;Aumentar por40.5%	;Aumentar por47.2%	;2721	;Disminuir por4.8%	;Disminuir por12.7%	;2014	;Sin cambios	;Disminuir por24.8%	;414	;Disminuir por31.9%	;Disminuir por7.8%	;309	;Disminuir por19.5%	;Disminuir por11.7%	;
168	;(Domingo)2026/05/17	;175	;Aumentar por15.1%	;Aumentar por86.2%	;121	;Aumentar por6.1%	;Aumentar por44.0%	;1980	;Disminuir por33.3%	;Disminuir por25.3%	;1468	;Disminuir por30.9%	;Disminuir por38.4%	;429	;Disminuir por24.7%	;Disminuir por11.2%	;333	;Disminuir por19.6%	;Disminuir por10.7%	;
169	;(Lunes)2026/05/18	;180	;Aumentar por4.7%	;Aumentar por63.6%	;135	;Aumentar por20.5%	;Aumentar por31.1%	;2983	;Aumentar por15.4%	;Aumentar por54.2%	;2078	;Aumentar por3.7%	;Aumentar por14.9%	;427	;Disminuir por16.3%	;Disminuir por11.2%	;333	;Disminuir por20.0%	;Aumentar por4.1%	;
170	;(Martes)2026/05/19	;136	;Aumentar por9.7%	;Aumentar por15.3%	;109	;Aumentar por13.5%	;Aumentar por11.2%	;2845	;Aumentar por57.8%	;Aumentar por0.3%	;1932	;Aumentar por35.6%	;Disminuir por18.7%	;498	;Aumentar por22.1%	;Aumentar por1.4%	;338	;Aumentar por23.8%	;Disminuir por15.9%	;
171	;(Miércoles)2026/05/20	;143	;Aumentar por5.1%	;Aumentar por32.4%	;103	;Aumentar por15.7%	;Aumentar por4.0%	;2887	;Aumentar por0.2%	;Aumentar por3.2%	;1968	;Disminuir por8.3%	;Disminuir por16.5%	;553	;Aumentar por14.0%	;Aumentar por23.7%	;371	;Disminuir por5.1%	;Aumentar por7.8%	;
172	;(Jueves)2026/05/21	;144	;Disminuir por0.7%	;Aumentar por8.3%	;117	;Aumentar por19.4%	;Aumentar por4.5%	;2994	;Aumentar por6.5%	;Aumentar por3.1%	;2062	;Aumentar por4.0%	;Disminuir por16.1%	;639	;Aumentar por36.0%	;Aumentar por31.5%	;384	;Aumentar por12.6%	;Disminuir por9.4%	;
173	;(Viernes)2026/05/22	;172	;Aumentar por33.3%	;Aumentar por70.3%	;132	;Aumentar por26.9%	;Aumentar por36.1%	;3098	;Aumentar por4.5%	;Aumentar por3.8%	;2179	;Aumentar por5.3%	;Disminuir por13.3%	;511	;Aumentar por3.9%	;Aumentar por20.5%	;298	;Disminuir por15.1%	;Disminuir por19.7%	;
174	;(Sábado)2026/05/23	;177	;Aumentar por92.4%	;Aumentar por94.5%	;134	;Aumentar por71.8%	;Aumentar por48.9%	;2798	;Aumentar por60.5%	;Disminuir por9.7%	;2149	;Aumentar por44.6%	;Disminuir por18.8%	;541	;Aumentar por116.4%	;Aumentar por9.3%	;370	;Aumentar por81.4%	;Disminuir por0.3%	;
175	;(Domingo)2026/05/24	;154	;Aumentar por94.9%	;Aumentar por30.5%	;117	;Aumentar por125.0%	;Aumentar por12.5%	;2175	;Disminuir por23.3%	;Disminuir por19.3%	;1741	;Disminuir por22.5%	;Disminuir por25.3%	;485	;Aumentar por59.0%	;Aumentar por5.2%	;353	;Aumentar por56.2%	;Disminuir por5.1%	;
176	;(Lunes)2026/05/25	;163	;Aumentar por393.9%	;Aumentar por55.2%	;131	;Aumentar por495.5%	;Aumentar por31.0%	;3177	;Aumentar por70.1%	;Aumentar por64.9%	;2160	;Aumentar por44.0%	;Aumentar por22.1%	;534	;Aumentar por721.5%	;Aumentar por42.0%	;351	;Aumentar por631.3%	;Aumentar por14.0%	;
177	;(Martes)2026/05/26	;143	;Aumentar por286.5%	;Aumentar por30.0%	;131	;Aumentar por322.6%	;Aumentar por28.4%	;2985	;Aumentar por133.4%	;Aumentar por1.2%	;2063	;Aumentar por81.1%	;Disminuir por18.7%	;521	;Aumentar por512.9%	;Aumentar por8.3%	;350	;Aumentar por514.0%	;Disminuir por3.3%	;
178	;(Miércoles)2026/05/27	;158	;Aumentar por187.3%	;Aumentar por39.8%	;126	;Aumentar por207.3%	;Aumentar por38.5%	;3016	;Aumentar por20.0%	;Aumentar por4.9%	;2091	;Aumentar por0.8%	;Disminuir por16.9%	;550	;Aumentar por386.7%	;Aumentar por6.8%	;355	;Aumentar por308.0%	;Disminuir por5.3%	;
179	;(Jueves)2026/05/28	;157	;Aumentar por26.6%	;Aumentar por53.9%	;132	;Aumentar por61.0%	;Aumentar por28.2%	;3071	;Aumentar por12.2%	;Aumentar por4.5%	;2111	;Aumentar por8.1%	;Disminuir por17.4%	;513	;Aumentar por54.1%	;Disminuir por2.8%	;330	;Aumentar por42.2%	;Disminuir por13.2%	;
180	;(Viernes)2026/05/29	;154	;Disminuir por17.6%	;Aumentar por45.3%	;121	;Aumentar por13.1%	;Aumentar por26.0%	;3352	;Aumentar por25.3%	;Aumentar por9.9%	;2330	;Aumentar por28.6%	;Disminuir por6.5%	;519	;Aumentar por28.1%	;Aumentar por18.2%	;335	;Aumentar por20.1%	;Disminuir por0.9%	;
181	;(Sábado)2026/05/30	;169	;Aumentar por12.7%	;Aumentar por57.9%	;149	;Aumentar por65.6%	;Aumentar por73.3%	;2953	;Aumentar por10.1%	;Disminuir por10.2%	;2403	;Aumentar por28.1%	;Disminuir por12.2%	;556	;Aumentar por30.8%	;Aumentar por2.4%	;389	;Aumentar por36.5%	;Aumentar por1.3%	;
182	;(Domingo)2026/05/31	;195	;Aumentar por40.3%	;Aumentar por68.1%	;163	;Aumentar por79.1%	;Aumentar por61.4%	;2233	;Disminuir por21.6%	;Disminuir por24.8%	;1768	;Disminuir por12.1%	;Disminuir por33.5%	;492	;Disminuir por24.0%	;Disminuir por8.2%	;357	;Aumentar por0.3%	;Disminuir por7.5%	;
183	;(Lunes)2026/06/01	;152	;Sin cambios	;Aumentar por24.6%	;119	;Aumentar por24.0%	;Aumentar por10.2%	;3214	;Aumentar por21.7%	;Aumentar por46.4%	;2281	;Aumentar por19.5%	;Aumentar por14.7%	;537	;Disminuir por40.5%	;Aumentar por11.0%	;326	;Disminuir por34.1%	;Disminuir por17.9%	;
184	;(Martes)2026/06/02	;148	;Disminuir por0.7%	;Aumentar por19.4%	;139	;Aumentar por61.6%	;Aumentar por54.4%	;2958	;Aumentar por49.6%	;Disminuir por15.7%	;2137	;Aumentar por51.7%	;Disminuir por28.0%	;529	;Aumentar por2.9%	;Disminuir por7.7%	;377	;Aumentar por37.1%	;Disminuir por18.8%	;
185	;(Miércoles)2026/06/03	;164	;Aumentar por34.4%	;Aumentar por43.9%	;142	;Aumentar por51.1%	;Aumentar por40.6%	;3136	;Aumentar por13.4%	;Aumentar por3.3%	;2210	;Aumentar por8.7%	;Disminuir por15.2%	;525	;Aumentar por23.2%	;Aumentar por1.9%	;336	;Aumentar por11.6%	;Disminuir por13.8%	;
186	;(Jueves)2026/06/04	;159	;Aumentar por16.1%	;Aumentar por47.2%	;141	;Aumentar por43.9%	;Aumentar por54.9%	;3234	;Aumentar por22.6%	;Aumentar por7.2%	;2376	;Aumentar por24.5%	;Disminuir por8.4%	;599	;Aumentar por43.0%	;Aumentar por5.8%	;378	;Aumentar por23.1%	;Disminuir por11.7%	;
187	;(Viernes)2026/06/05	;97	;Disminuir por27.6%	;Disminuir por12.6%	;97	;Aumentar por2.1%	;Sin cambios	;3640	;Aumentar por36.3%	;Aumentar por16.7%	;2660	;Aumentar por43.2%	;Disminuir por0.3%	;218	;Disminuir por54.7%	;Disminuir por60.4%	;161	;Disminuir por54.9%	;Disminuir por60.4%	;
188	;(Sábado)2026/06/06	;207	;Aumentar por60.5%	;Aumentar por75.4%	;170	;Aumentar por88.9%	;Aumentar por78.9%	;3154	;Aumentar por20.1%	;Disminuir por4.8%	;2409	;Aumentar por26.3%	;Disminuir por16.8%	;583	;Aumentar por34.0%	;Disminuir por0.9%	;406	;Aumentar por49.8%	;Disminuir por8.8%	;
189	;(Domingo)2026/06/07	;199	;Aumentar por37.2%	;Aumentar por56.7%	;152	;Aumentar por43.4%	;Aumentar por35.7%	;2343	;Disminuir por19.0%	;Disminuir por28.9%	;1818	;Disminuir por9.7%	;Disminuir por40.5%	;549	;Aumentar por32.9%	;Disminuir por11.5%	;396	;Aumentar por26.9%	;Disminuir por16.3%	;
190	;(Lunes)2026/06/08	;157	;Aumentar por37.7%	;Aumentar por4.7%	;139	;Aumentar por104.4%	;Aumentar por7.8%	;3386	;Aumentar por41.5%	;Aumentar por26.9%	;2304	;Aumentar por30.4%	;Sin cambios	;523	;Aumentar por39.8%	;Disminuir por3.0%	;347	;Aumentar por14.9%	;Disminuir por22.7%	;
191	;(Martes)2026/06/09	;168	;Aumentar por140.0%	;Aumentar por50.0%	;143	;Aumentar por210.9%	;Aumentar por22.2%	;3179	;Aumentar por93.4%	;Disminuir por10.6%	;2222	;Aumentar por62.9%	;Disminuir por25.3%	;617	;Aumentar por273.9%	;Aumentar por2.8%	;400	;Aumentar por244.8%	;Disminuir por14.2%	;
192	;(Miércoles)2026/06/10	;188	;Aumentar por41.4%	;Aumentar por64.9%	;173	;Aumentar por63.2%	;Aumentar por54.5%	;3281	;Aumentar por27.8%	;Aumentar por5.6%	;2304	;Aumentar por40.9%	;Disminuir por14.3%	;588	;Aumentar por49.2%	;Aumentar por13.7%	;403	;Aumentar por43.9%	;Aumentar por4.1%	;
193	;(Jueves)2026/06/11	;188	;Aumentar por67.9%	;Aumentar por39.3%	;162	;Aumentar por110.4%	;Aumentar por32.8%	;3282	;Aumentar por24.2%	;Aumentar por2.9%	;2214	;Aumentar por28.3%	;Disminuir por22.1%	;583	;Aumentar por44.7%	;Disminuir por7.3%	;349	;Aumentar por22.9%	;Disminuir por30.2%	;
194	;(Viernes)2026/06/12	;176	;Aumentar por60.0%	;Aumentar por37.5%	;161	;Aumentar por159.7%	;Aumentar por47.7%	;3419	;Aumentar por29.1%	;Aumentar por11.4%	;2474	;Aumentar por22.4%	;Disminuir por8.2%	;576	;Aumentar por80.0%	;Aumentar por3.2%	;371	;Aumentar por40.5%	;Disminuir por19.3%	;
195	;(Sábado)2026/06/13	;221	;Aumentar por53.5%	;Aumentar por90.5%	;182	;Aumentar por109.2%	;Aumentar por75.0%	;3234	;Aumentar por25.5%	;Disminuir por10.5%	;2620	;Aumentar por58.8%	;Disminuir por12.3%	;657	;Aumentar por61.4%	;Aumentar por1.9%	;394	;Aumentar por42.2%	;Disminuir por24.8%	;
196	;(Domingo)2026/06/14	;168	;Aumentar por37.7%	;Aumentar por31.3%	;181	;Aumentar por90.5%	;Aumentar por67.6%	;2548	;Disminuir por14.4%	;Disminuir por18.5%	;1947	;Disminuir por4.1%	;Disminuir por32.7%	;566	;Aumentar por27.2%	;Disminuir por1.6%	;371	;Aumentar por22.4%	;Disminuir por18.8%	;
197	;(Lunes)2026/06/15	;158	;Aumentar por12.1%	;Aumentar por24.4%	;154	;Aumentar por52.5%	;Aumentar por38.7%	;3227	;Aumentar por50.3%	;Aumentar por28.2%	;2389	;Aumentar por49.0%	;Aumentar por6.7%	;606	;Aumentar por63.3%	;Aumentar por10.6%	;359	;Aumentar por27.3%	;Disminuir por15.5%	;
198	;(Martes)2026/06/16	;164	;Aumentar por42.6%	;Aumentar por24.2%	;152	;Aumentar por85.4%	;Aumentar por38.2%	;3191	;Aumentar por112.5%	;Disminuir por6.4%	;2322	;Aumentar por96.6%	;Disminuir por18.3%	;588	;Aumentar por79.3%	;Aumentar por5.8%	;360	;Aumentar por69.0%	;Disminuir por16.9%	;
199	;(Miércoles)2026/06/17	;177	;Aumentar por37.2%	;Aumentar por18.0%	;147	;Aumentar por69.0%	;Aumentar por15.7%	;3300	;Aumentar por34.7%	;Aumentar por2.3%	;2458	;Aumentar por55.4%	;Disminuir por12.4%	;626	;Aumentar por81.4%	;Disminuir por0.3%	;393	;Aumentar por58.5%	;Disminuir por16.7%	;
200	;(Jueves)2026/06/18	;212	;Aumentar por133.0%	;Aumentar por55.9%	;170	;Aumentar por120.8%	;Aumentar por68.3%	;3420	;Aumentar por35.3%	;Aumentar por6.0%	;2561	;Aumentar por57.9%	;Disminuir por7.5%	;594	;Aumentar por70.7%	;Disminuir por3.7%	;350	;Aumentar por51.5%	;Disminuir por25.8%	;
201	;(Viernes)2026/06/19	;189	;Aumentar por139.2%	;Aumentar por62.9%	;171	;Aumentar por113.8%	;Aumentar por62.9%	;3687	;Aumentar por54.4%	;Aumentar por9.7%	;2687	;Aumentar por43.8%	;Disminuir por7.7%	;655	;Aumentar por129.8%	;Aumentar por11.2%	;386	;Aumentar por92.0%	;Disminuir por7.7%	;
202	;(Sábado)2026/06/20	;225	;Aumentar por122.8%	;Aumentar por64.2%	;184	;Aumentar por192.1%	;Aumentar por52.1%	;3478	;Aumentar por36.5%	;Disminuir por4.3%	;2889	;Aumentar por68.8%	;Disminuir por9.0%	;652	;Aumentar por155.7%	;Aumentar por7.4%	;406	;Aumentar por137.4%	;Disminuir por10.8%	;
203	;(Domingo)2026/06/21	;218	;Aumentar por81.7%	;Aumentar por36.3%	;195	;Aumentar por163.5%	;Aumentar por27.5%	;2535	;Disminuir por2.0%	;Disminuir por29.4%	;2129	;Aumentar por21.4%	;Disminuir por33.8%	;571	;Aumentar por83.0%	;Disminuir por10.2%	;379	;Aumentar por74.7%	;Disminuir por17.1%	;
204	;(Lunes)2026/06/22	;213	;Aumentar por106.8%	;Aumentar por24.6%	;186	;Aumentar por195.2%	;Aumentar por60.3%	;3707	;Aumentar por92.7%	;Aumentar por33.9%	;2819	;Aumentar por83.8%	;Aumentar por13.8%	;678	;Aumentar por164.8%	;Aumentar por10.2%	;439	;Aumentar por152.3%	;Disminuir por3.7%	;
205	;(Martes)2026/06/23	;218	;Aumentar por127.1%	;Aumentar por59.1%	;193	;Aumentar por232.8%	;Aumentar por37.9%	;3449	;Aumentar por126.8%	;Disminuir por9.9%	;2651	;Aumentar por125.8%	;Disminuir por20.2%	;644	;Aumentar por135.9%	;Disminuir por0.3%	;420	;Aumentar por112.1%	;Disminuir por10.3%	;
206	;(Miércoles)2026/06/24	;228	;Aumentar por150.5%	;Aumentar por54.1%	;172	;Aumentar por164.6%	;Aumentar por29.3%	;2967	;Aumentar por25.9%	;Disminuir por10.1%	;2366	;Aumentar por56.7%	;Disminuir por16.4%	;594	;Aumentar por88.6%	;Disminuir por7.5%	;384	;Aumentar por73.8%	;Disminuir por21.1%	;
207	;(Jueves)2026/06/25	;225	;Aumentar por150.0%	;Aumentar por30.8%	;181	;Aumentar por217.5%	;Aumentar por37.1%	;3773	;Aumentar por58.7%	;Aumentar por5.2%	;2876	;Aumentar por87.2%	;Disminuir por7.0%	;629	;Aumentar por105.6%	;Disminuir por8.7%	;400	;Aumentar por98.0%	;Disminuir por21.7%	;
208	;(Viernes)2026/06/26	;239	;Aumentar por195.1%	;Aumentar por55.2%	;211	;Aumentar por298.1%	;Aumentar por67.5%	;4070	;Aumentar por67.5%	;Aumentar por11.7%	;3104	;Aumentar por87.4%	;Disminuir por2.1%	;709	;Aumentar por128.7%	;Aumentar por11.5%	;398	;Aumentar por73.8%	;Disminuir por16.2%	;
209	;(Sábado)2026/06/27	;238	;Aumentar por176.7%	;Aumentar por63.0%	;209	;Aumentar por216.7%	;Aumentar por50.4%	;3585	;Aumentar por52.2%	;Disminuir por5.2%	;3162	;Aumentar por77.7%	;Disminuir por3.0%	;605	;Aumentar por96.4%	;Disminuir por11.4%	;398	;Aumentar por64.5%	;Disminuir por18.8%	;
210	;(Domingo)2026/06/28	;235	;Aumentar por106.1%	;Aumentar por35.8%	;199	;Aumentar por158.4%	;Aumentar por49.6%	;3188	;Aumentar por22.9%	;Disminuir por2.8%	;2595	;Aumentar por31.7%	;Disminuir por12.7%	;583	;Aumentar por99.0%	;Aumentar por5.8%	;386	;Aumentar por75.5%	;Disminuir por6.1%	;
211	;(Lunes)2026/06/29	;237	;Aumentar por166.3%	;Aumentar por75.6%	;189	;Aumentar por220.3%	;Aumentar por62.9%	;3674	;Aumentar por84.4%	;Aumentar por29.1%	;2848	;Aumentar por84.9%	;Aumentar por10.5%	;695	;Aumentar por132.4%	;Aumentar por22.6%	;410	;Aumentar por85.5%	;Disminuir por10.5%	;
212	;(Martes)2026/06/30	;200	;Aumentar por141.0%	;Aumentar por44.9%	;188	;Aumentar por203.2%	;Aumentar por64.9%	;3569	;Aumentar por164.6%	;Disminuir por1.7%	;2732	;Aumentar por164.7%	;Disminuir por14.4%	;604	;Aumentar por158.1%	;Disminuir por10.4%	;382	;Aumentar por77.7%	;Disminuir por20.1%	;
213	;(Miércoles)2026/07/01	;229	;Aumentar por133.7%	;Aumentar por54.7%	;191	;Aumentar por198.4%	;Aumentar por50.4%	;3618	;Aumentar por52.2%	;Disminuir por0.9%	;2724	;Aumentar por60.7%	;Disminuir por11.8%	;663	;Aumentar por131.0%	;Aumentar por8.0%	;402	;Aumentar por75.5%	;Disminuir por6.7%	;
214	;(Jueves)2026/07/02	;251	;Aumentar por112.7%	;Aumentar por67.3%	;214	;Aumentar por154.8%	;Aumentar por45.6%	;3516	;Aumentar por49.2%	;Disminuir por3.8%	;2654	;Aumentar por86.6%	;Disminuir por16.4%	;729	;Aumentar por157.6%	;Aumentar por16.6%	;472	;Aumentar por125.8%	;Disminuir por2.3%	;
215	;(Viernes)2026/07/03	;188	;Aumentar por70.9%	;Aumentar por37.2%	;154	;Aumentar por152.5%	;Aumentar por15.8%	;3811	;Aumentar por60.5%	;Aumentar por11.5%	;3032	;Aumentar por70.1%	;Aumentar por8.5%	;739	;Aumentar por210.5%	;Aumentar por27.4%	;495	;Aumentar por178.1%	;Aumentar por16.5%	;
216	;(Sábado)2026/07/04	;201	;Aumentar por175.3%	;Aumentar por31.4%	;183	;Aumentar por195.2%	;Aumentar por24.5%	;3881	;Aumentar por61.7%	;Aumentar por4.5%	;3225	;Aumentar por95.2%	;Disminuir por1.9%	;647	;Aumentar por203.8%	;Disminuir por3.1%	;439	;Aumentar por155.2%	;Disminuir por18.2%	;
217	;(Domingo)2026/07/05	;211	;Aumentar por108.9%	;Aumentar por33.5%	;172	;Aumentar por164.6%	;Aumentar por8.9%	;3334	;Aumentar por31.7%	;Disminuir por10.7%	;2507	;Aumentar por41.2%	;Disminuir por25.1%	;622	;Aumentar por230.9%	;Disminuir por1.6%	;418	;Aumentar por234.4%	;Disminuir por17.1%	;
218	;(Lunes)2026/07/06	;226	;Aumentar por205.4%	;Aumentar por28.4%	;171	;Aumentar por242.0%	;Aumentar por19.6%	;3898	;Aumentar por104.2%	;Aumentar por31.4%	;2916	;Aumentar por118.4%	;Aumentar por6.8%	;758	;Aumentar por382.8%	;Aumentar por19.0%	;462	;Aumentar por340.0%	;Disminuir por4.5%	;
219	;(Martes)2026/07/07	;196	;Aumentar por108.5%	;Aumentar por20.2%	;181	;Aumentar por166.2%	;Aumentar por19.1%	;3906	;Aumentar por166.1%	;Disminuir por0.4%	;2927	;Aumentar por186.4%	;Disminuir por13.3%	;745	;Aumentar por240.2%	;Aumentar por8.3%	;463	;Aumentar por143.7%	;Disminuir por9.7%	;
220	;(Miércoles)2026/07/08	;220	;Aumentar por165.1%	;Aumentar por15.2%	;213	;Aumentar por249.2%	;Aumentar por18.3%	;4101	;Aumentar por75.8%	;Aumentar por6.2%	;3177	;Aumentar por96.6%	;Disminuir por6.4%	;797	;Aumentar por167.4%	;Aumentar por3.9%	;509	;Aumentar por179.7%	;Disminuir por6.1%	;
221	;(Jueves)2026/07/09	;232	;Aumentar por169.8%	;Aumentar por74.4%	;203	;Aumentar por262.5%	;Aumentar por91.5%	;4170	;Aumentar por78.5%	;Aumentar por0.1%	;3233	;Aumentar por105.3%	;Disminuir por8.0%	;767	;Aumentar por312.4%	;Aumentar por169.1%	;456	;Aumentar por259.1%	;Aumentar por135.1%	;
222	;(Viernes)2026/07/10	;226	;Aumentar por189.7%	;Aumentar por31.4%	;226	;Aumentar por310.9%	;Aumentar por29.1%	;4269	;Aumentar por83.9%	;Aumentar por17.2%	;3381	;Aumentar por115.6%	;Aumentar por8.8%	;829	;Aumentar por358.0%	;Aumentar por27.3%	;555	;Aumentar por503.3%	;Disminuir por2.5%	;
223	;(Sábado)2026/07/11	;238	;Aumentar por140.4%	;Aumentar por32.2%	;207	;Aumentar por223.4%	;Aumentar por20.3%	;4281	;Aumentar por76.2%	;Aumentar por5.1%	;3682	;Aumentar por147.8%	;Aumentar por8.1%	;785	;Aumentar por200.8%	;Aumentar por49.2%	;525	;Aumentar por172.0%	;Aumentar por26.8%	;
224	;(Domingo)2026/07/12	;260	;Aumentar por152.4%	;Aumentar por130.1%	;213	;Aumentar por222.7%	;Aumentar por150.6%	;3803	;Aumentar por24.6%	;Aumentar por5.3%	;2976	;Aumentar por50.1%	;Disminuir por9.0%	;754	;Aumentar por177.2%	;Aumentar por145.6%	;535	;Aumentar por195.6%	;Aumentar por135.7%	;
225	;(Lunes)2026/07/13	;179	;Aumentar por86.5%	;Aumentar por4.1%	;163	;Aumentar por139.7%	;Aumentar por3.8%	;4462	;Aumentar por106.6%	;Aumentar por46.5%	;3529	;Aumentar por135.7%	;Aumentar por31.4%	;756	;Aumentar por164.3%	;Aumentar por28.1%	;504	;Aumentar por131.2%	;Aumentar por5.0%	;
226	;(Martes)2026/07/14	;108	;Aumentar por35.0%	;Disminuir por40.7%	;93	;Aumentar por60.3%	;Disminuir por40.8%	;2097	;Aumentar por39.2%	;Disminuir por47.5%	;1397	;Aumentar por14.2%	;Disminuir por59.0%	;450	;Aumentar por108.3%	;Disminuir por35.6%	;290	;Aumentar por97.3%	;Disminuir por47.6%	;

Exportar contenido:Subtipos de vehículos a motor	;
Hora del informe: 2025/12/01 00:00:00 - 2026/07/14 23:59:59	;

N.º	;Hora	;Autobuses	; 	; 	; 	; 	; 	;Monovolúmenes	; 	; 	; 	; 	; 	;Sedanes pequeños	; 	; 	; 	; 	; 	;Camiones	;
	;	;Avanzar	; 	; 	;Retroceso	; 	; 	;Avanzar	; 	; 	;Retroceso	; 	; 	;Avanzar	; 	; 	;Retroceso	; 	; 	;Avanzar	; 	; 	;Retroceso	;
	;	;Valor	;Tasa de cambio (ciclo tras ciclo)	;Tasa de cambio (año tras año)	;Valor	;Tasa de cambio (ciclo tras ciclo)	;Tasa de cambio (año tras año)	;Valor	;Tasa de cambio (ciclo tras ciclo)	;Tasa de cambio (año tras año)	;Valor	;Tasa de cambio (ciclo tras ciclo)	;Tasa de cambio (año tras año)	;Valor	;Tasa de cambio (ciclo tras ciclo)	;Tasa de cambio (año tras año)	;Valor	;Tasa de cambio (ciclo tras ciclo)	;Tasa de cambio (año tras año)	;Valor	;Tasa de cambio (ciclo tras ciclo)	;Tasa de cambio (año tras año)	;Valor	;Tasa de cambio (ciclo tras ciclo)	;Tasa de cambio (año tras año)	;
1	;(Lunes)2025/12/01	;23	; --%	; --%	;2	; --%	; --%	;378	; --%	; --%	;53	; --%	; --%	;1951	; --%	; --%	;1509	; --%	; --%	;41	; --%	; --%	;2	; --%	; --%	;
2	;(Martes)2025/12/02	;22	; --%	; --%	;3	; --%	; --%	;318	; --%	; --%	;55	; --%	; --%	;2042	; --%	; --%	;1515	; --%	; --%	;38	; --%	; --%	;3	; --%	; --%	;
3	;(Miércoles)2025/12/03	;20	; --%	; --%	;1	; --%	; --%	;330	; --%	; --%	;56	; --%	; --%	;2046	; --%	; --%	;1534	; --%	; --%	;50	; --%	; --%	;3	; --%	; --%	;
4	;(Jueves)2025/12/04	;16	; --%	; --%	;2	; --%	; --%	;334	; --%	; --%	;69	; --%	; --%	;2146	; --%	; --%	;1822	; --%	; --%	;40	; --%	; --%	;7	; --%	; --%	;
5	;(Viernes)2025/12/05	;18	;Aumentar por800.0%	; --%	;0	;Disminuir por100.0%	; --%	;397	;Aumentar por309.3%	; --%	;84	;Aumentar por121.1%	; --%	;2263	;Aumentar por217.4%	; --%	;1795	;Aumentar por133.7%	; --%	;34	;Aumentar por325.0%	; --%	;1	;Disminuir por75.0%	; --%	;
6	;(Sábado)2025/12/06	;17	;Aumentar por21.4%	; --%	;6	;Aumentar por20.0%	; --%	;200	;Disminuir por53.6%	; --%	;57	;Disminuir por52.5%	; --%	;2456	;Aumentar por4.2%	; --%	;1835	;Disminuir por22.4%	; --%	;14	;Disminuir por73.1%	; --%	;2	;Disminuir por50.0%	; --%	;
7	;(Domingo)2025/12/07	;15	;Aumentar por50.0%	; --%	;3	;Disminuir por57.1%	; --%	;143	;Disminuir por65.0%	; --%	;41	;Disminuir por64.0%	; --%	;2496	;Disminuir por0.6%	; --%	;1774	;Disminuir por26.9%	; --%	;11	;Disminuir por74.4%	; --%	;1	;Disminuir por88.9%	; --%	;
8	;(Lunes)2025/12/08	;14	;Aumentar por133.3%	; --%	;1	;Disminuir por88.9%	; --%	;149	;Disminuir por43.3%	; --%	;32	;Disminuir por63.6%	; --%	;1555	;Disminuir por34.2%	; --%	;1165	;Disminuir por48.9%	; --%	;12	;Disminuir por47.8%	; --%	;1	;Disminuir por50.0%	; --%	;
9	;(Martes)2025/12/09	;17	;Aumentar por41.7%	; --%	;4	;Aumentar por100.0%	; --%	;327	;Aumentar por113.7%	; --%	;72	;Aumentar por60.0%	; --%	;2126	;Aumentar por19.4%	; --%	;1598	;Disminuir por9.5%	; --%	;39	;Aumentar por387.5%	; --%	;2	; --%	; --%	;
10	;(Miércoles)2025/12/10	;20	;Aumentar por1900.0%	; --%	;0	;Disminuir por100.0%	; --%	;326	;Aumentar por115.9%	; --%	;55	;Aumentar por44.7%	; --%	;2060	;Aumentar por160.1%	; --%	;1541	;Aumentar por98.8%	; --%	;64	;Aumentar por220.0%	; --%	;3	;Sin cambios	; --%	;
11	;(Jueves)2025/12/11	;22	;Aumentar por69.2%	; --%	;4	;Aumentar por33.3%	; --%	;333	;Aumentar por69.0%	; --%	;67	;Aumentar por28.8%	; --%	;2004	;Aumentar por58.5%	; --%	;1656	;Aumentar por38.5%	; --%	;48	;Aumentar por152.6%	; --%	;3	;Sin cambios	; --%	;
12	;(Viernes)2025/12/12	;24	;Disminuir por14.3%	; --%	;6	;Disminuir por33.3%	; --%	;338	;Disminuir por28.5%	; --%	;88	;Disminuir por42.1%	; --%	;2268	;Disminuir por16.3%	; --%	;1988	;Disminuir por27.1%	; --%	;36	;Disminuir por29.4%	; --%	;5	;Disminuir por58.3%	; --%	;
13	;(Sábado)2025/12/13	;6	;Disminuir por40.0%	; --%	;1	;Sin cambios	; --%	;185	;Disminuir por10.2%	; --%	;57	;Aumentar por11.8%	; --%	;1861	;Disminuir por18.6%	; --%	;1617	;Disminuir por26.4%	; --%	;18	;Aumentar por63.6%	; --%	;1	;Sin cambios	; --%	;
14	;(Domingo)2025/12/14	;11	;Disminuir por38.9%	; --%	;10	;Disminuir por58.3%	; --%	;90	;Disminuir por79.5%	; --%	;24	;Disminuir por79.5%	; --%	;1047	;Disminuir por68.3%	; --%	;924	;Disminuir por70.8%	; --%	;5	;Disminuir por88.6%	; --%	;2	;Disminuir por83.3%	; --%	;
15	;(Lunes)2025/12/15	;20	;Aumentar por100.0%	; --%	;17	;Disminuir por5.6%	; --%	;265	;Aumentar por6.9%	; --%	;65	;Disminuir por14.5%	; --%	;1843	;Disminuir por31.2%	; --%	;1458	;Disminuir por44.3%	; --%	;18	;Disminuir por10.0%	; --%	;16	;Aumentar por128.6%	; --%	;
16	;(Martes)2025/12/16	;20	;Aumentar por122.2%	; --%	;16	;Aumentar por45.5%	; --%	;335	;Aumentar por104.3%	; --%	;77	;Aumentar por32.8%	; --%	;1999	;Aumentar por3.5%	; --%	;1596	;Disminuir por17.0%	; --%	;38	;Aumentar por442.9%	; --%	;11	;Aumentar por175.0%	; --%	;
17	;(Miércoles)2025/12/17	;20	;Disminuir por31.0%	; --%	;18	;Aumentar por125.0%	; --%	;275	;Disminuir por40.6%	; --%	;66	;Disminuir por44.5%	; --%	;1862	;Disminuir por21.7%	; --%	;1507	;Disminuir por36.8%	; --%	;34	;Disminuir por12.8%	; --%	;13	;Aumentar por225.0%	; --%	;
18	;(Jueves)2025/12/18	;21	;Disminuir por22.2%	; --%	;14	;Aumentar por366.7%	; --%	;341	;Disminuir por23.7%	; --%	;69	;Disminuir por46.1%	; --%	;2121	;Disminuir por7.8%	; --%	;1416	;Disminuir por37.6%	; --%	;39	;Disminuir por7.1%	; --%	;7	;Sin cambios	; --%	;
19	;(Viernes)2025/12/19	;18	;Disminuir por33.3%	; --%	;12	;Aumentar por140.0%	; --%	;346	;Disminuir por21.5%	; --%	;67	;Disminuir por39.1%	; --%	;2242	;Disminuir por7.4%	; --%	;1652	;Disminuir por31.1%	; --%	;37	;Aumentar por2.8%	; --%	;7	;Aumentar por133.3%	; --%	;
20	;(Sábado)2025/12/20	;6	;Disminuir por77.8%	; --%	;13	;Aumentar por44.4%	; --%	;201	;Disminuir por53.1%	; --%	;52	;Disminuir por57.4%	; --%	;1836	;Disminuir por24.3%	; --%	;1409	;Disminuir por41.0%	; --%	;11	;Disminuir por76.6%	; --%	;2	;Disminuir por60.0%	; --%	;
21	;(Domingo)2025/12/21	;14	;Disminuir por41.7%	; --%	;13	;Aumentar por62.5%	; --%	;139	;Disminuir por61.3%	; --%	;35	;Disminuir por63.2%	; --%	;1389	;Disminuir por43.2%	; --%	;1120	;Disminuir por54.1%	; --%	;7	;Disminuir por86.0%	; --%	;3	;Disminuir por62.5%	; --%	;
22	;(Lunes)2025/12/22	;28	;Aumentar por154.5%	; --%	;18	;Disminuir por25.0%	; --%	;353	;Aumentar por50.9%	; --%	;70	;Aumentar por29.6%	; --%	;2054	;Disminuir por8.0%	; --%	;1526	;Disminuir por30.8%	; --%	;40	;Aumentar por122.2%	; --%	;4	;Disminuir por55.6%	; --%	;
23	;(Martes)2025/12/23	;13	;Disminuir por7.1%	; --%	;16	;Aumentar por45.5%	; --%	;343	;Aumentar por145.0%	; --%	;86	;Aumentar por83.0%	; --%	;2015	;Aumentar por12.6%	; --%	;1664	;Disminuir por0.7%	; --%	;41	;Aumentar por272.7%	; --%	;1	;Disminuir por75.0%	; --%	;
24	;(Miércoles)2025/12/24	;14	;Disminuir por44.0%	; --%	;13	;Aumentar por44.4%	; --%	;238	;Disminuir por42.7%	; --%	;63	;Disminuir por37.0%	; --%	;1823	;Disminuir por21.7%	; --%	;1232	;Disminuir por47.0%	; --%	;17	;Disminuir por55.3%	; --%	;2	;Disminuir por71.4%	; --%	;
25	;(Jueves)2025/12/25	;2	;Disminuir por91.3%	; --%	;9	;Aumentar por28.6%	; --%	;78	;Disminuir por81.8%	; --%	;43	;Disminuir por58.3%	; --%	;1242	;Disminuir por44.1%	; --%	;982	;Disminuir por55.5%	; --%	;8	;Disminuir por75.8%	; --%	;5	;Disminuir por37.5%	; --%	;
26	;(Viernes)2025/12/26	;10	;Disminuir por56.5%	; --%	;5	;Disminuir por16.7%	; --%	;203	;Disminuir por55.6%	; --%	;48	;Disminuir por44.2%	; --%	;1792	;Disminuir por25.1%	; --%	;1442	;Disminuir por38.0%	; --%	;11	;Disminuir por73.8%	; --%	;10	;Aumentar por150.0%	; --%	;
27	;(Sábado)2025/12/27	;12	;Disminuir por42.9%	; --%	;16	;Aumentar por100.0%	; --%	;139	;Disminuir por65.1%	; --%	;32	;Disminuir por64.8%	; --%	;1409	;Disminuir por41.9%	; --%	;1083	;Disminuir por55.4%	; --%	;11	;Disminuir por75.6%	; --%	;7	;Sin cambios	; --%	;
28	;(Domingo)2025/12/28	;7	;Disminuir por72.0%	; --%	;4	;Disminuir por33.3%	; --%	;107	;Disminuir por73.8%	; --%	;25	;Disminuir por77.7%	; --%	;1166	;Disminuir por55.8%	; --%	;959	;Disminuir por62.4%	; --%	;10	;Disminuir por78.7%	; --%	;4	;Disminuir por63.6%	; --%	;
29	;(Lunes)2025/12/29	;13	;Aumentar por18.2%	; --%	;8	;Aumentar por14.3%	; --%	;300	;Aumentar por14.9%	; --%	;71	;Disminuir por2.7%	; --%	;1807	;Disminuir por23.5%	; --%	;1428	;Disminuir por37.9%	; --%	;48	;Aumentar por220.0%	; --%	;6	;Aumentar por20.0%	; --%	;
30	;(Martes)2025/12/30	;17	;Aumentar por88.9%	; --%	;9	;Aumentar por28.6%	; --%	;286	;Aumentar por95.9%	; --%	;71	;Aumentar por91.9%	; --%	;2095	;Aumentar por18.4%	; --%	;1525	;Disminuir por13.4%	; --%	;50	;Aumentar por354.5%	; --%	;8	;Aumentar por100.0%	; --%	;
31	;(Miércoles)2025/12/31	;16	;Disminuir por30.4%	; --%	;5	;Disminuir por28.6%	; --%	;279	;Disminuir por29.2%	; --%	;66	;Disminuir por8.3%	; --%	;1863	;Disminuir por21.6%	; --%	;1336	;Disminuir por41.7%	; --%	;30	;Disminuir por26.8%	; --%	;4	;Sin cambios	; --%	;
32	;(Jueves)2026/01/01	;9	;Disminuir por57.1%	; --%	;9	;Aumentar por350.0%	; --%	;102	;Disminuir por73.7%	; --%	;34	;Disminuir por63.4%	; --%	;1340	;Disminuir por41.7%	; --%	;1031	;Disminuir por54.2%	; --%	;3	;Disminuir por96.7%	; --%	;1	;Disminuir por90.9%	; --%	;
33	;(Viernes)2026/01/02	;16	;Disminuir por36.0%	; --%	;10	;Aumentar por25.0%	; --%	;287	;Disminuir por32.0%	; --%	;57	;Disminuir por36.7%	; --%	;2018	;Disminuir por14.9%	; --%	;1653	;Disminuir por29.7%	; --%	;20	;Disminuir por77.3%	; --%	;3	;Disminuir por66.7%	; --%	;
34	;(Sábado)2026/01/03	;13	;Disminuir por31.6%	; --%	;5	;Disminuir por37.5%	; --%	;182	;Disminuir por56.6%	; --%	;58	;Disminuir por50.8%	; --%	;1860	;Disminuir por24.1%	; --%	;1647	;Disminuir por30.6%	; --%	;17	;Disminuir por82.3%	; --%	;4	;Disminuir por66.7%	; --%	;
35	;(Domingo)2026/01/04	;8	;Disminuir por50.0%	; --%	;17	;Aumentar por183.3%	; --%	;112	;Disminuir por73.5%	; --%	;25	;Disminuir por74.7%	; --%	;1128	;Disminuir por56.0%	; --%	;1009	;Disminuir por60.2%	; --%	;10	;Disminuir por89.5%	; --%	;1	;Disminuir por87.5%	; --%	;
36	;(Lunes)2026/01/05	;10	;Disminuir por52.4%	; --%	;6	;Disminuir por33.3%	; --%	;263	;Aumentar por1.9%	; --%	;66	;Disminuir por22.4%	; --%	;1837	;Disminuir por23.4%	; --%	;1466	;Disminuir por34.3%	; --%	;34	;Aumentar por70.0%	; --%	;4	;Aumentar por33.3%	; --%	;
37	;(Martes)2026/01/06	;6	;Disminuir por33.3%	; --%	;4	;Disminuir por63.6%	; --%	;106	;Disminuir por26.9%	; --%	;35	;Disminuir por10.3%	; --%	;1125	;Disminuir por36.3%	; --%	;846	;Disminuir por50.7%	; --%	;7	;Disminuir por12.5%	; --%	;1	;Disminuir por50.0%	; --%	;
38	;(Miércoles)2026/01/07	;31	;Aumentar por6.9%	; --%	;8	;Aumentar por60.0%	; --%	;347	;Disminuir por18.2%	; --%	;93	;Disminuir por7.9%	; --%	;1994	;Disminuir por18.5%	; --%	;1347	;Disminuir por44.4%	; --%	;48	;Disminuir por4.0%	; --%	;7	;Disminuir por22.2%	; --%	;
39	;(Jueves)2026/01/08	;25	;Disminuir por7.4%	; --%	;16	;Aumentar por128.6%	; --%	;343	;Disminuir por15.9%	; --%	;79	;Disminuir por20.2%	; --%	;1918	;Disminuir por19.6%	; --%	;1466	;Disminuir por39.0%	; --%	;42	;Disminuir por20.8%	; --%	;3	;Disminuir por40.0%	; --%	;
40	;(Viernes)2026/01/09	;19	;Disminuir por24.0%	; --%	;8	;Aumentar por33.3%	; --%	;333	;Disminuir por26.3%	; --%	;86	;Disminuir por25.2%	; --%	;1972	;Disminuir por18.1%	; --%	;1420	;Disminuir por41.6%	; --%	;61	;Aumentar por15.1%	; --%	;11	;Aumentar por175.0%	; --%	;
41	;(Sábado)2026/01/10	;10	;Disminuir por65.5%	; --%	;10	;Aumentar por66.7%	; --%	;178	;Disminuir por58.5%	; --%	;54	;Disminuir por41.3%	; --%	;1554	;Disminuir por38.8%	; --%	;1160	;Disminuir por51.4%	; --%	;17	;Disminuir por67.3%	; --%	;0	;Disminuir por100.0%	; --%	;
42	;(Domingo)2026/01/11	;13	;Disminuir por55.2%	; --%	;8	;Disminuir por42.9%	; --%	;106	;Disminuir por77.4%	; --%	;37	;Disminuir por66.1%	; --%	;1107	;Disminuir por59.5%	; --%	;759	;Disminuir por70.9%	; --%	;12	;Disminuir por78.6%	; --%	;0	;Disminuir por100.0%	; --%	;
43	;(Lunes)2026/01/12	;29	;Aumentar por52.6%	; --%	;2	;Disminuir por60.0%	; --%	;345	;Aumentar por25.9%	; --%	;78	;Disminuir por6.0%	; --%	;1970	;Disminuir por25.8%	; --%	;1425	;Disminuir por44.4%	; --%	;42	;Aumentar por90.9%	; --%	;7	;Aumentar por40.0%	; --%	;
44	;(Martes)2026/01/13	;24	;Aumentar por84.6%	; --%	;12	;Aumentar por20.0%	; --%	;388	;Aumentar por139.5%	; --%	;79	;Aumentar por51.9%	; --%	;1953	;Disminuir por3.0%	; --%	;1463	;Disminuir por24.0%	; --%	;35	;Aumentar por400.0%	; --%	;3	;Aumentar por50.0%	; --%	;
45	;(Miércoles)2026/01/14	;22	;Disminuir por46.3%	; --%	;13	;Aumentar por18.2%	; --%	;358	;Disminuir por31.8%	; --%	;61	;Disminuir por46.5%	; --%	;1880	;Disminuir por34.6%	; --%	;1432	;Disminuir por49.5%	; --%	;33	;Disminuir por50.0%	; --%	;3	;Disminuir por57.1%	; --%	;
46	;(Jueves)2026/01/15	;15	;Disminuir por42.3%	; --%	;10	;Disminuir por16.7%	; --%	;357	;Disminuir por21.0%	; --%	;68	;Disminuir por27.7%	; --%	;1953	;Disminuir por22.7%	; --%	;1324	;Disminuir por46.8%	; --%	;33	;Aumentar por3.1%	; --%	;3	;Disminuir por66.7%	; --%	;
47	;(Viernes)2026/01/16	;20	;Aumentar por5.3%	; --%	;17	;Aumentar por88.9%	; --%	;337	;Disminuir por25.1%	; --%	;78	;Disminuir por28.4%	; --%	;2018	;Disminuir por19.3%	; --%	;1475	;Disminuir por40.3%	; --%	;28	;Disminuir por42.9%	; --%	;6	;Aumentar por20.0%	; --%	;
48	;(Sábado)2026/01/17	;7	;Disminuir por70.8%	; --%	;9	;Aumentar por80.0%	; --%	;148	;Disminuir por67.7%	; --%	;40	;Disminuir por63.3%	; --%	;1348	;Disminuir por48.1%	; --%	;1167	;Disminuir por54.2%	; --%	;13	;Disminuir por68.3%	; --%	;6	;Disminuir por14.3%	; --%	;
49	;(Domingo)2026/01/18	;7	;Disminuir por58.8%	; --%	;8	;Disminuir por27.3%	; --%	;115	;Disminuir por71.5%	; --%	;28	;Disminuir por67.8%	; --%	;1079	;Disminuir por62.1%	; --%	;886	;Disminuir por68.3%	; --%	;9	;Disminuir por80.4%	; --%	;2	;Disminuir por33.3%	; --%	;
50	;(Lunes)2026/01/19	;19	;Aumentar por58.3%	; --%	;14	;Disminuir por12.5%	; --%	;332	;Aumentar por15.3%	; --%	;76	;Aumentar por7.0%	; --%	;1956	;Disminuir por34.3%	; --%	;1610	;Disminuir por45.6%	; --%	;26	;Aumentar por30.0%	; --%	;7	;Disminuir por30.0%	; --%	;
51	;(Martes)2026/01/20	;40	;Aumentar por110.5%	; --%	;20	;Aumentar por185.7%	; --%	;384	;Aumentar por118.2%	; --%	;96	;Aumentar por100.0%	; --%	;2071	;Disminuir por15.8%	; --%	;1696	;Disminuir por24.4%	; --%	;27	;Aumentar por145.5%	; --%	;9	;Sin cambios	; --%	;
52	;(Miércoles)2026/01/21	;54	;Aumentar por116.0%	; --%	;19	;Aumentar por90.0%	; --%	;423	;Disminuir por13.8%	; --%	;82	;Disminuir por34.4%	; --%	;2320	;Disminuir por22.8%	; --%	;1681	;Disminuir por40.7%	; --%	;55	;Aumentar por52.8%	; --%	;10	;Aumentar por42.9%	; --%	;
53	;(Jueves)2026/01/22	;22	;Disminuir por8.3%	; --%	;7	;Disminuir por46.2%	; --%	;368	;Disminuir por18.6%	; --%	;88	;Disminuir por5.4%	; --%	;2049	;Disminuir por20.4%	; --%	;1539	;Disminuir por40.2%	; --%	;41	;Disminuir por26.8%	; --%	;7	;Disminuir por22.2%	; --%	;
54	;(Viernes)2026/01/23	;24	;Aumentar por33.3%	; --%	;16	;Aumentar por45.5%	; --%	;382	;Disminuir por6.8%	; --%	;82	;Disminuir por28.7%	; --%	;2098	;Disminuir por22.6%	; --%	;1477	;Disminuir por45.4%	; --%	;45	;Disminuir por8.2%	; --%	;9	;Sin cambios	; --%	;
55	;(Sábado)2026/01/24	;16	;Disminuir por20.0%	; --%	;7	;Disminuir por56.3%	; --%	;232	;Disminuir por47.2%	; --%	;60	;Disminuir por45.9%	; --%	;1700	;Disminuir por33.9%	; --%	;1411	;Disminuir por44.9%	; --%	;20	;Disminuir por51.2%	; --%	;3	;Disminuir por50.0%	; --%	;
56	;(Domingo)2026/01/25	;13	;Disminuir por43.5%	; --%	;6	;Disminuir por62.5%	; --%	;137	;Disminuir por71.3%	; --%	;26	;Disminuir por77.4%	; --%	;1247	;Disminuir por59.3%	; --%	;1002	;Disminuir por64.8%	; --%	;13	;Disminuir por74.0%	; --%	;2	;Disminuir por80.0%	; --%	;
57	;(Lunes)2026/01/26	;26	;Aumentar por30.0%	; --%	;9	;Disminuir por70.0%	; --%	;361	;Aumentar por27.1%	; --%	;77	;Disminuir por3.8%	; --%	;1971	;Disminuir por29.8%	; --%	;1576	;Disminuir por43.4%	; --%	;48	;Aumentar por200.0%	; --%	;6	;Aumentar por100.0%	; --%	;
58	;(Martes)2026/01/27	;29	;Aumentar por16.0%	; --%	;15	;Disminuir por25.0%	; --%	;351	;Aumentar por107.7%	; --%	;80	;Aumentar por142.4%	; --%	;1949	;Disminuir por15.8%	; --%	;1604	;Disminuir por26.4%	; --%	;51	;Aumentar por537.5%	; --%	;5	;Sin cambios	; --%	;
59	;(Miércoles)2026/01/28	;21	;Disminuir por38.2%	; --%	;14	;Disminuir por6.7%	; --%	;349	;Disminuir por19.6%	; --%	;85	;Disminuir por26.7%	; --%	;2004	;Disminuir por30.3%	; --%	;1616	;Disminuir por40.1%	; --%	;43	;Disminuir por33.8%	; --%	;5	;Disminuir por61.5%	; --%	;
60	;(Jueves)2026/01/29	;4	;Disminuir por90.0%	; --%	;2	;Disminuir por88.2%	; --%	;74	;Disminuir por83.1%	; --%	;19	;Disminuir por82.6%	; --%	;473	;Disminuir por82.5%	; --%	;349	;Disminuir por86.9%	; --%	;9	;Disminuir por80.0%	; --%	;2	;Disminuir por77.8%	; --%	;
61	;(Viernes)2026/01/30	;0	;Disminuir por100.0%	; --%	;0	;Disminuir por100.0%	; --%	;0	;Disminuir por100.0%	; --%	;0	;Disminuir por100.0%	; --%	;0	;Disminuir por100.0%	; --%	;0	;Disminuir por100.0%	; --%	;0	;Disminuir por100.0%	; --%	;0	;Disminuir por100.0%	; --%	;
62	;(Sábado)2026/01/31	;0	;Disminuir por100.0%	; --%	;0	;Disminuir por100.0%	; --%	;0	;Disminuir por100.0%	; --%	;0	;Disminuir por100.0%	; --%	;0	;Disminuir por100.0%	; --%	;0	;Disminuir por100.0%	; --%	;0	;Disminuir por100.0%	; --%	;0	;Disminuir por100.0%	; --%	;
63	;(Domingo)2026/02/01	;0	;Disminuir por100.0%	; --%	;0	;Disminuir por100.0%	; --%	;0	;Disminuir por100.0%	; --%	;0	;Disminuir por100.0%	; --%	;0	;Disminuir por100.0%	; --%	;0	;Disminuir por100.0%	; --%	;0	;Disminuir por100.0%	; --%	;0	;Disminuir por100.0%	; --%	;
64	;(Lunes)2026/02/02	;0	;Disminuir por100.0%	; --%	;0	;Disminuir por100.0%	; --%	;0	;Disminuir por100.0%	; --%	;0	;Disminuir por100.0%	; --%	;0	;Disminuir por100.0%	; --%	;0	;Disminuir por100.0%	; --%	;0	;Disminuir por100.0%	; --%	;0	;Disminuir por100.0%	; --%	;
65	;(Martes)2026/02/03	;0	;Disminuir por100.0%	; --%	;0	;Disminuir por100.0%	; --%	;0	;Disminuir por100.0%	; --%	;0	;Disminuir por100.0%	; --%	;0	;Disminuir por100.0%	; --%	;0	;Disminuir por100.0%	; --%	;0	;Disminuir por100.0%	; --%	;0	;Disminuir por100.0%	; --%	;
66	;(Miércoles)2026/02/04	;0	;Disminuir por100.0%	; --%	;0	;Disminuir por100.0%	; --%	;0	;Disminuir por100.0%	; --%	;0	;Disminuir por100.0%	; --%	;0	;Disminuir por100.0%	; --%	;0	;Disminuir por100.0%	; --%	;0	;Disminuir por100.0%	; --%	;0	;Disminuir por100.0%	; --%	;
67	;(Jueves)2026/02/05	;0	;Disminuir por100.0%	; --%	;0	;Disminuir por100.0%	; --%	;0	;Disminuir por100.0%	; --%	;0	;Disminuir por100.0%	; --%	;0	;Disminuir por100.0%	; --%	;0	;Disminuir por100.0%	; --%	;0	;Disminuir por100.0%	; --%	;0	;Disminuir por100.0%	; --%	;
68	;(Viernes)2026/02/06	;0	;Disminuir por100.0%	; --%	;0	;Disminuir por100.0%	; --%	;0	;Disminuir por100.0%	; --%	;0	;Disminuir por100.0%	; --%	;0	;Disminuir por100.0%	; --%	;0	;Disminuir por100.0%	; --%	;0	;Disminuir por100.0%	; --%	;0	;Disminuir por100.0%	; --%	;
69	;(Sábado)2026/02/07	;0	;Disminuir por100.0%	; --%	;0	;Disminuir por100.0%	; --%	;0	;Disminuir por100.0%	; --%	;0	;Disminuir por100.0%	; --%	;0	;Disminuir por100.0%	; --%	;0	;Disminuir por100.0%	; --%	;0	;Disminuir por100.0%	; --%	;0	;Disminuir por100.0%	; --%	;
70	;(Domingo)2026/02/08	;0	;Disminuir por100.0%	; --%	;0	;Disminuir por100.0%	; --%	;0	;Disminuir por100.0%	; --%	;0	;Disminuir por100.0%	; --%	;0	;Disminuir por100.0%	; --%	;0	;Disminuir por100.0%	; --%	;0	;Disminuir por100.0%	; --%	;0	;Disminuir por100.0%	; --%	;
71	;(Lunes)2026/02/09	;0	;Disminuir por100.0%	; --%	;0	;Disminuir por100.0%	; --%	;0	;Disminuir por100.0%	; --%	;0	;Disminuir por100.0%	; --%	;0	;Disminuir por100.0%	; --%	;0	;Disminuir por100.0%	; --%	;0	;Disminuir por100.0%	; --%	;0	;Disminuir por100.0%	; --%	;
72	;(Martes)2026/02/10	;0	;Disminuir por100.0%	; --%	;0	;Disminuir por100.0%	; --%	;0	;Disminuir por100.0%	; --%	;0	;Disminuir por100.0%	; --%	;0	;Disminuir por100.0%	; --%	;0	;Disminuir por100.0%	; --%	;0	;Disminuir por100.0%	; --%	;0	;Disminuir por100.0%	; --%	;
73	;(Miércoles)2026/02/11	;12	;Disminuir por50.0%	; --%	;3	;Disminuir por75.0%	; --%	;180	;Disminuir por58.8%	; --%	;41	;Disminuir por68.5%	; --%	;1154	;Disminuir por63.0%	; --%	;1024	;Disminuir por66.4%	; --%	;24	;Disminuir por54.7%	; --%	;1	;Disminuir por80.0%	; --%	;
74	;(Jueves)2026/02/12	;26	;Disminuir por7.1%	; --%	;3	;Disminuir por75.0%	; --%	;355	;Disminuir por18.0%	; --%	;71	;Disminuir por31.1%	; --%	;2096	;Disminuir por33.1%	; --%	;1529	;Disminuir por48.4%	; --%	;46	;Disminuir por13.2%	; --%	;2	;Disminuir por80.0%	; --%	;
75	;(Viernes)2026/02/13	;23	;Disminuir por14.8%	; --%	;0	;Disminuir por100.0%	; --%	;407	;Disminuir por10.0%	; --%	;75	;Disminuir por38.0%	; --%	;2276	;Disminuir por27.2%	; --%	;1826	;Disminuir por39.8%	; --%	;57	;Aumentar por18.8%	; --%	;4	;Disminuir por66.7%	; --%	;
76	;(Sábado)2026/02/14	;7	;Disminuir por70.8%	; --%	;0	;Disminuir por100.0%	; --%	;140	;Disminuir por65.9%	; --%	;38	;Disminuir por68.1%	; --%	;1028	;Disminuir por64.9%	; --%	;874	;Disminuir por67.1%	; --%	;7	;Disminuir por87.0%	; --%	;0	;Disminuir por100.0%	; --%	;
77	;(Domingo)2026/02/15	;13	;Disminuir por53.6%	; --%	;2	;Disminuir por71.4%	; --%	;140	;Disminuir por66.5%	; --%	;32	;Disminuir por71.2%	; --%	;1315	;Disminuir por59.1%	; --%	;1029	;Disminuir por67.5%	; --%	;6	;Disminuir por88.5%	; --%	;0	;Disminuir por100.0%	; --%	;
78	;(Lunes)2026/02/16	;15	;Disminuir por25.0%	; --%	;0	;Disminuir por100.0%	; --%	;425	;Aumentar por48.6%	; --%	;71	;Disminuir por25.3%	; --%	;2180	;Disminuir por36.0%	; --%	;1522	;Disminuir por52.8%	; --%	;40	;Aumentar por110.5%	; --%	;0	;Disminuir por100.0%	; --%	;
79	;(Martes)2026/02/17	;26	;Disminuir por13.3%	; --%	;0	;Disminuir por100.0%	; --%	;350	;Aumentar por90.2%	; --%	;57	;Aumentar por5.6%	; --%	;2048	;Disminuir por25.4%	; --%	;1496	;Disminuir por43.8%	; --%	;46	;Aumentar por360.0%	; --%	;3	;Aumentar por50.0%	; --%	;
80	;(Miércoles)2026/02/18	;26	;Disminuir por7.1%	; --%	;2	;Disminuir por60.0%	; --%	;377	;Disminuir por10.0%	; --%	;67	;Disminuir por45.5%	; --%	;1971	;Disminuir por42.7%	; --%	;1587	;Disminuir por51.1%	; --%	;51	;Aumentar por30.8%	; --%	;5	;Aumentar por66.7%	; --%	;
81	;(Jueves)2026/02/19	;20	;Disminuir por9.1%	; --%	;3	;Disminuir por62.5%	; --%	;352	;Disminuir por14.8%	; --%	;72	;Disminuir por39.0%	; --%	;1994	;Disminuir por41.0%	; --%	;1497	;Disminuir por54.1%	; --%	;53	;Aumentar por8.2%	; --%	;1	;Disminuir por83.3%	; --%	;
82	;(Viernes)2026/02/20	;30	;Disminuir por3.2%	; --%	;4	;Disminuir por75.0%	; --%	;358	;Disminuir por12.7%	; --%	;63	;Disminuir por53.0%	; --%	;2052	;Disminuir por44.4%	; --%	;1640	;Disminuir por51.2%	; --%	;55	;Aumentar por52.8%	; --%	;5	;Disminuir por16.7%	; --%	;
83	;(Sábado)2026/02/21	;10	;Disminuir por65.5%	; --%	;0	;Disminuir por100.0%	; --%	;225	;Disminuir por49.1%	; --%	;45	;Disminuir por66.2%	; --%	;1859	;Disminuir por40.4%	; --%	;1342	;Disminuir por54.6%	; --%	;17	;Disminuir por68.5%	; --%	;1	;Disminuir por85.7%	; --%	;
84	;(Domingo)2026/02/22	;11	;Disminuir por63.3%	; --%	;1	;Disminuir por83.3%	; --%	;128	;Disminuir por71.4%	; --%	;23	;Disminuir por81.7%	; --%	;1162	;Disminuir por67.1%	; --%	;928	;Disminuir por71.6%	; --%	;15	;Disminuir por76.2%	; --%	;0	;Disminuir por100.0%	; --%	;
85	;(Lunes)2026/02/23	;17	;Disminuir por34.6%	; --%	;2	;Disminuir por33.3%	; --%	;386	;Aumentar por43.0%	; --%	;48	;Disminuir por40.0%	; --%	;2016	;Disminuir por38.8%	; --%	;1375	;Disminuir por56.7%	; --%	;44	;Aumentar por91.3%	; --%	;4	;Disminuir por42.9%	; --%	;
86	;(Martes)2026/02/24	;23	;Disminuir por41.0%	; --%	;1	;Disminuir por50.0%	; --%	;362	;Aumentar por92.6%	; --%	;52	;Disminuir por40.2%	; --%	;1969	;Disminuir por29.9%	; --%	;1382	;Disminuir por46.7%	; --%	;42	;Aumentar por500.0%	; --%	;2	;Sin cambios	; --%	;
87	;(Miércoles)2026/02/25	;22	;Disminuir por37.1%	; --%	;5	;Aumentar por150.0%	; --%	;354	;Disminuir por21.0%	; --%	;75	;Disminuir por41.9%	; --%	;2051	;Disminuir por40.9%	; --%	;1742	;Disminuir por46.7%	; --%	;43	;Aumentar por2.4%	; --%	;2	;Disminuir por60.0%	; --%	;
88	;(Jueves)2026/02/26	;20	;Disminuir por42.9%	; --%	;3	;Aumentar por200.0%	; --%	;327	;Disminuir por17.8%	; --%	;41	;Disminuir por66.4%	; --%	;2093	;Disminuir por37.3%	; --%	;1458	;Disminuir por53.0%	; --%	;49	;Disminuir por3.9%	; --%	;2	;Disminuir por66.7%	; --%	;
89	;(Viernes)2026/02/27	;18	;Disminuir por48.6%	; --%	;2	;Disminuir por66.7%	; --%	;345	;Disminuir por9.4%	; --%	;64	;Disminuir por50.8%	; --%	;2172	;Disminuir por36.6%	; --%	;1610	;Disminuir por48.0%	; --%	;47	;Disminuir por21.7%	; --%	;2	;Disminuir por33.3%	; --%	;
90	;(Sábado)2026/02/28	;16	;Disminuir por54.3%	; --%	;1	;Disminuir por80.0%	; --%	;158	;Disminuir por58.4%	; --%	;36	;Disminuir por68.4%	; --%	;1687	;Disminuir por52.0%	; --%	;1517	;Disminuir por52.1%	; --%	;16	;Disminuir por71.4%	; --%	;2	;Disminuir por77.8%	; --%	;
91	;(Domingo)2026/03/01	;9	;Disminuir por66.7%	; --%	;0	;Disminuir por100.0%	; --%	;123	;Disminuir por69.1%	; --%	;32	;Disminuir por70.1%	; --%	;1288	;Disminuir por61.9%	; --%	;1130	;Disminuir por61.8%	; --%	;11	;Disminuir por68.6%	; --%	;1	;Disminuir por75.0%	; --%	;
92	;(Lunes)2026/03/02	;24	;Disminuir por27.3%	; --%	;1	;Disminuir por83.3%	; --%	;317	;Aumentar por19.6%	; --%	;57	;Disminuir por36.7%	; --%	;2056	;Disminuir por45.3%	; --%	;1779	;Disminuir por48.6%	; --%	;46	;Aumentar por70.4%	; --%	;6	;Aumentar por50.0%	; --%	;
93	;(Martes)2026/03/03	;5	;Disminuir por80.8%	; --%	;0	;Disminuir por100.0%	; --%	;166	;Disminuir por11.2%	; --%	;21	;Disminuir por68.7%	; --%	;957	;Disminuir por69.6%	; --%	;819	;Disminuir por72.3%	; --%	;25	;Aumentar por56.3%	; --%	;1	;Disminuir por66.7%	; --%	;
94	;(Miércoles)2026/03/04	;12	;Disminuir por61.3%	; --%	;7	;Aumentar por600.0%	; --%	;313	;Disminuir por27.5%	; --%	;64	;Disminuir por49.6%	; --%	;1857	;Disminuir por51.1%	; --%	;1664	;Disminuir por52.2%	; --%	;50	;Aumentar por2.0%	; --%	;7	;Aumentar por75.0%	; --%	;
95	;(Jueves)2026/03/05	;19	;Disminuir por29.6%	; --%	;22	;Aumentar por266.7%	; --%	;342	;Disminuir por16.8%	; --%	;82	;Disminuir por36.4%	; --%	;2124	;Disminuir por40.4%	; --%	;1816	;Disminuir por44.6%	; --%	;38	;Disminuir por28.3%	; --%	;7	;Aumentar por40.0%	; --%	;
96	;(Viernes)2026/03/06	;28	;Disminuir por15.2%	; --%	;10	;Aumentar por233.3%	; --%	;321	;Disminuir por24.5%	; --%	;45	;Disminuir por61.2%	; --%	;2133	;Disminuir por40.8%	; --%	;1781	;Disminuir por45.7%	; --%	;23	;Disminuir por32.4%	; --%	;3	;Aumentar por50.0%	; --%	;
97	;(Sábado)2026/03/07	;6	;Disminuir por79.3%	; --%	;11	;Aumentar por120.0%	; --%	;166	;Disminuir por62.4%	; --%	;38	;Disminuir por64.5%	; --%	;1669	;Disminuir por56.5%	; --%	;1400	;Disminuir por60.1%	; --%	;11	;Disminuir por79.6%	; --%	;3	;Disminuir por62.5%	; --%	;
98	;(Domingo)2026/03/08	;8	;Disminuir por78.9%	; --%	;9	;Aumentar por125.0%	; --%	;134	;Disminuir por68.2%	; --%	;25	;Disminuir por81.3%	; --%	;1280	;Disminuir por66.4%	; --%	;1077	;Disminuir por69.0%	; --%	;8	;Disminuir por83.3%	; --%	;2	;Disminuir por71.4%	; --%	;
99	;(Lunes)2026/03/09	;17	;Disminuir por37.0%	; --%	;0	;Disminuir por100.0%	; --%	;364	;Aumentar por6.7%	; --%	;48	;Disminuir por59.7%	; --%	;2087	;Disminuir por48.6%	; --%	;1602	;Disminuir por55.3%	; --%	;40	;Aumentar por66.7%	; --%	;4	;Aumentar por33.3%	; --%	;
100	;(Martes)2026/03/10	;12	;Disminuir por61.3%	; --%	;1	;Disminuir por75.0%	; --%	;375	;Aumentar por101.6%	; --%	;47	;Disminuir por44.0%	; --%	;2146	;Disminuir por28.7%	; --%	;1752	;Disminuir por36.4%	; --%	;51	;Aumentar por292.3%	; --%	;2	;Disminuir por33.3%	; --%	;
101	;(Miércoles)2026/03/11	;18	;Disminuir por30.8%	; --%	;3	;Aumentar por50.0%	; --%	;397	;Disminuir por12.9%	; --%	;52	;Disminuir por59.7%	; --%	;2087	;Disminuir por42.8%	; --%	;1625	;Disminuir por49.9%	; --%	;43	;Aumentar por4.9%	; --%	;5	;Aumentar por150.0%	; --%	;
102	;(Jueves)2026/03/12	;14	;Disminuir por56.3%	; --%	;0	;Disminuir por100.0%	; --%	;348	;Disminuir por17.1%	; --%	;59	;Disminuir por49.1%	; --%	;2162	;Disminuir por37.2%	; --%	;1627	;Disminuir por46.9%	; --%	;42	;Disminuir por16.0%	; --%	;3	;Disminuir por25.0%	; --%	;
103	;(Viernes)2026/03/13	;19	;Disminuir por24.0%	; --%	;1	;Disminuir por88.9%	; --%	;385	;Disminuir por8.8%	; --%	;71	;Disminuir por50.0%	; --%	;2443	;Disminuir por31.6%	; --%	;1843	;Disminuir por43.0%	; --%	;40	;Disminuir por16.7%	; --%	;2	;Disminuir por71.4%	; --%	;
104	;(Sábado)2026/03/14	;16	;Disminuir por33.3%	; --%	;0	;Disminuir por100.0%	; --%	;205	;Disminuir por49.4%	; --%	;60	;Disminuir por45.0%	; --%	;2027	;Disminuir por42.3%	; --%	;1714	;Disminuir por44.2%	; --%	;16	;Disminuir por67.3%	; --%	;2	;Disminuir por33.3%	; --%	;
105	;(Domingo)2026/03/15	;15	;Disminuir por28.6%	; --%	;0	;Disminuir por100.0%	; --%	;121	;Disminuir por71.5%	; --%	;56	;Disminuir por47.2%	; --%	;1567	;Disminuir por59.4%	; --%	;1407	;Disminuir por58.9%	; --%	;7	;Disminuir por88.5%	; --%	;1	;Disminuir por80.0%	; --%	;
106	;(Lunes)2026/03/16	;34	;Aumentar por17.2%	; --%	;3	;Disminuir por66.7%	; --%	;376	;Aumentar por32.4%	; --%	;47	;Disminuir por43.4%	; --%	;2214	;Disminuir por45.4%	; --%	;1581	;Disminuir por56.4%	; --%	;54	;Aumentar por217.6%	; --%	;2	;Disminuir por33.3%	; --%	;
107	;(Martes)2026/03/17	;36	;Aumentar por50.0%	; --%	;4	;Disminuir por55.6%	; --%	;384	;Aumentar por82.0%	; --%	;58	;Disminuir por31.0%	; --%	;2204	;Disminuir por35.1%	; --%	;1541	;Disminuir por52.8%	; --%	;61	;Aumentar por454.5%	; --%	;3	;Aumentar por200.0%	; --%	;
108	;(Miércoles)2026/03/18	;25	;Disminuir por7.4%	; --%	;3	;Disminuir por40.0%	; --%	;284	;Disminuir por39.7%	; --%	;43	;Disminuir por57.4%	; --%	;2073	;Disminuir por53.8%	; --%	;1480	;Disminuir por59.0%	; --%	;46	;Aumentar por21.1%	; --%	;1	;Disminuir por80.0%	; --%	;
109	;(Jueves)2026/03/19	;18	;Disminuir por5.3%	; --%	;2	;Disminuir por60.0%	; --%	;153	;Disminuir por64.7%	; --%	;40	;Disminuir por65.8%	; --%	;1750	;Disminuir por53.6%	; --%	;1441	;Disminuir por57.6%	; --%	;14	;Disminuir por73.1%	; --%	;0	;Disminuir por100.0%	; --%	;
110	;(Viernes)2026/03/20	;22	;Disminuir por18.5%	; --%	;1	;Disminuir por83.3%	; --%	;305	;Disminuir por29.9%	; --%	;53	;Disminuir por51.8%	; --%	;2026	;Disminuir por48.8%	; --%	;1618	;Disminuir por54.4%	; --%	;44	;Aumentar por10.0%	; --%	;0	;Disminuir por100.0%	; --%	;
111	;(Sábado)2026/03/21	;10	;Disminuir por58.3%	; --%	;0	;Disminuir por100.0%	; --%	;204	;Disminuir por50.1%	; --%	;37	;Disminuir por67.3%	; --%	;1846	;Disminuir por53.1%	; --%	;1628	;Disminuir por53.8%	; --%	;22	;Disminuir por58.5%	; --%	;2	;Disminuir por80.0%	; --%	;
112	;(Domingo)2026/03/22	;8	;Disminuir por60.0%	; --%	;1	;Disminuir por75.0%	; --%	;137	;Disminuir por68.9%	; --%	;24	;Disminuir por81.4%	; --%	;1360	;Disminuir por66.9%	; --%	;1088	;Disminuir por70.2%	; --%	;15	;Disminuir por72.7%	; --%	;1	;Disminuir por85.7%	; --%	;
113	;(Lunes)2026/03/23	;23	;Aumentar por9.5%	; --%	;26	;Aumentar por550.0%	; --%	;418	;Aumentar por31.9%	; --%	;76	;Disminuir por27.6%	; --%	;2207	;Disminuir por45.7%	; --%	;1664	;Disminuir por55.6%	; --%	;52	;Aumentar por92.6%	; --%	;26	;Aumentar por225.0%	; --%	;
114	;(Martes)2026/03/24	;21	;Aumentar por31.3%	; --%	;3	;Disminuir por25.0%	; --%	;390	;Aumentar por68.1%	; --%	;52	;Disminuir por30.7%	; --%	;2106	;Disminuir por39.1%	; --%	;1510	;Disminuir por52.8%	; --%	;41	;Aumentar por192.9%	; --%	;5	; --%	; --%	;
115	;(Miércoles)2026/03/25	;7	;Disminuir por75.0%	; --%	;1	;Disminuir por80.0%	; --%	;102	;Disminuir por76.8%	; --%	;10	;Disminuir por91.4%	; --%	;601	;Disminuir por86.1%	; --%	;418	;Disminuir por89.1%	; --%	;5	;Disminuir por88.1%	; --%	;0	;Disminuir por100.0%	; --%	;
116	;(Jueves)2026/03/26	;0	;Disminuir por100.0%	; --%	;0	;Disminuir por100.0%	; --%	;0	;Disminuir por100.0%	; --%	;0	;Disminuir por100.0%	; --%	;0	;Disminuir por100.0%	; --%	;0	;Disminuir por100.0%	; --%	;0	;Disminuir por100.0%	; --%	;0	;Disminuir por100.0%	; --%	;
117	;(Viernes)2026/03/27	;0	;Disminuir por100.0%	; --%	;0	;Disminuir por100.0%	; --%	;0	;Disminuir por100.0%	; --%	;0	;Disminuir por100.0%	; --%	;0	;Disminuir por100.0%	; --%	;0	;Disminuir por100.0%	; --%	;0	;Disminuir por100.0%	; --%	;0	;Disminuir por100.0%	; --%	;
118	;(Sábado)2026/03/28	;0	;Disminuir por100.0%	; --%	;0	;Disminuir por100.0%	; --%	;0	;Disminuir por100.0%	; --%	;0	;Disminuir por100.0%	; --%	;0	;Disminuir por100.0%	; --%	;0	;Disminuir por100.0%	; --%	;0	;Disminuir por100.0%	; --%	;0	;Disminuir por100.0%	; --%	;
119	;(Domingo)2026/03/29	;0	;Disminuir por100.0%	; --%	;0	;Disminuir por100.0%	; --%	;0	;Disminuir por100.0%	; --%	;0	;Disminuir por100.0%	; --%	;0	;Disminuir por100.0%	; --%	;0	;Disminuir por100.0%	; --%	;0	;Disminuir por100.0%	; --%	;0	;Disminuir por100.0%	; --%	;
120	;(Lunes)2026/03/30	;0	;Disminuir por100.0%	; --%	;0	;Disminuir por100.0%	; --%	;0	;Disminuir por100.0%	; --%	;0	;Disminuir por100.0%	; --%	;0	;Disminuir por100.0%	; --%	;0	;Disminuir por100.0%	; --%	;0	;Disminuir por100.0%	; --%	;0	; --%	; --%	;
121	;(Martes)2026/03/31	;0	;Disminuir por100.0%	; --%	;0	;Disminuir por100.0%	; --%	;0	;Disminuir por100.0%	; --%	;0	;Disminuir por100.0%	; --%	;0	;Disminuir por100.0%	; --%	;0	;Disminuir por100.0%	; --%	;0	;Disminuir por100.0%	; --%	;0	;Disminuir por100.0%	; --%	;
122	;(Miércoles)2026/04/01	;0	;Disminuir por100.0%	; --%	;0	;Disminuir por100.0%	; --%	;0	;Disminuir por100.0%	; --%	;0	;Disminuir por100.0%	; --%	;0	;Disminuir por100.0%	; --%	;0	;Disminuir por100.0%	; --%	;0	;Disminuir por100.0%	; --%	;0	;Disminuir por100.0%	; --%	;
123	;(Jueves)2026/04/02	;39	;Aumentar por129.4%	; --%	;3	;Disminuir por25.0%	; --%	;466	;Aumentar por7.9%	; --%	;91	;Disminuir por15.0%	; --%	;3232	;Disminuir por16.5%	; --%	;2592	;Disminuir por25.2%	; --%	;42	;Aumentar por2.4%	; --%	;6	;Sin cambios	; --%	;
124	;(Viernes)2026/04/03	;41	;Aumentar por173.3%	; --%	;3	;Disminuir por25.0%	; --%	;283	;Disminuir por28.7%	; --%	;52	;Disminuir por40.2%	; --%	;3384	;Disminuir por11.0%	; --%	;2405	;Disminuir por29.4%	; --%	;17	;Disminuir por61.4%	; --%	;1	;Disminuir por50.0%	; --%	;
125	;(Sábado)2026/04/04	;23	;Aumentar por15.0%	; --%	;2	;Disminuir por71.4%	; --%	;324	;Disminuir por8.7%	; --%	;64	;Disminuir por45.8%	; --%	;3714	;Disminuir por3.5%	; --%	;2616	;Disminuir por22.7%	; --%	;20	;Disminuir por33.3%	; --%	;3	;Aumentar por200.0%	; --%	;
126	;(Domingo)2026/04/05	;30	;Aumentar por42.9%	; --%	;2	;Aumentar por100.0%	; --%	;236	;Disminuir por41.0%	; --%	;40	;Disminuir por64.9%	; --%	;2956	;Disminuir por24.1%	; --%	;2197	;Disminuir por36.1%	; --%	;12	;Disminuir por71.4%	; --%	;0	;Disminuir por100.0%	; --%	;
127	;(Lunes)2026/04/06	;26	;Aumentar por30.0%	; --%	;0	;Disminuir por100.0%	; --%	;243	;Disminuir por19.8%	; --%	;45	;Disminuir por56.7%	; --%	;2472	;Disminuir por36.7%	; --%	;1749	;Disminuir por49.0%	; --%	;16	;Disminuir por23.8%	; --%	;3	;Disminuir por50.0%	; --%	;
128	;(Martes)2026/04/07	;14	;Disminuir por26.3%	; --%	;1	;Disminuir por87.5%	; --%	;399	;Aumentar por103.6%	; --%	;42	;Disminuir por40.0%	; --%	;2451	;Disminuir por20.5%	; --%	;1811	;Disminuir por32.5%	; --%	;56	;Aumentar por366.7%	; --%	;2	;Disminuir por66.7%	; --%	;
129	;(Miércoles)2026/04/08	;15	;Disminuir por25.0%	; --%	;2	;Disminuir por66.7%	; --%	;411	;Aumentar por10.2%	; --%	;46	;Disminuir por56.6%	; --%	;2443	;Disminuir por34.2%	; --%	;1706	;Disminuir por53.0%	; --%	;56	;Aumentar por36.6%	; --%	;5	;Aumentar por25.0%	; --%	;
130	;(Jueves)2026/04/09	;18	;Sin cambios	; --%	;3	;Disminuir por25.0%	; --%	;418	;Aumentar por5.3%	; --%	;32	;Disminuir por61.0%	; --%	;2344	;Disminuir por30.1%	; --%	;1675	;Disminuir por43.2%	; --%	;70	;Aumentar por62.8%	; --%	;11	; --%	; --%	;
131	;(Viernes)2026/04/10	;24	;Aumentar por26.3%	; --%	;3	;Disminuir por25.0%	; --%	;406	;Aumentar por9.7%	; --%	;58	;Disminuir por33.3%	; --%	;2433	;Disminuir por32.3%	; --%	;1852	;Disminuir por42.8%	; --%	;44	;Aumentar por7.3%	; --%	;8	;Disminuir por11.1%	; --%	;
132	;(Sábado)2026/04/11	;11	;Disminuir por38.9%	; --%	;0	;Disminuir por100.0%	; --%	;243	;Disminuir por30.0%	; --%	;50	;Disminuir por44.4%	; --%	;2307	;Disminuir por29.9%	; --%	;1953	;Disminuir por37.3%	; --%	;18	;Disminuir por48.6%	; --%	;2	;Disminuir por60.0%	; --%	;
133	;(Domingo)2026/04/12	;11	;Disminuir por50.0%	; --%	;2	;Disminuir por33.3%	; --%	;142	;Disminuir por64.6%	; --%	;27	;Disminuir por70.7%	; --%	;1451	;Disminuir por58.8%	; --%	;1266	;Disminuir por58.2%	; --%	;6	;Disminuir por85.7%	; --%	;1	;Disminuir por80.0%	; --%	;
134	;(Lunes)2026/04/13	;17	;Disminuir por29.2%	; --%	;4	;Disminuir por50.0%	; --%	;370	;Aumentar por31.7%	; --%	;38	;Disminuir por60.4%	; --%	;2046	;Disminuir por39.6%	; --%	;1740	;Disminuir por39.6%	; --%	;40	;Aumentar por60.0%	; --%	;19	;Aumentar por533.3%	; --%	;
135	;(Martes)2026/04/14	;29	;Aumentar por26.1%	; --%	;1	;Disminuir por87.5%	; --%	;390	;Aumentar por105.3%	; --%	;59	;Aumentar por20.4%	; --%	;2374	;Disminuir por12.8%	; --%	;1791	;Disminuir por25.1%	; --%	;47	;Aumentar por291.7%	; --%	;2	;Disminuir por50.0%	; --%	;
136	;(Miércoles)2026/04/15	;22	;Disminuir por18.5%	; --%	;0	;Disminuir por100.0%	; --%	;411	;Disminuir por4.9%	; --%	;74	;Disminuir por39.8%	; --%	;2351	;Disminuir por27.3%	; --%	;1758	;Disminuir por35.4%	; --%	;52	;Aumentar por20.9%	; --%	;3	;Disminuir por25.0%	; --%	;
137	;(Jueves)2026/04/16	;24	;Aumentar por14.3%	; --%	;2	;Disminuir por50.0%	; --%	;422	;Aumentar por16.6%	; --%	;67	;Disminuir por14.1%	; --%	;2390	;Disminuir por20.7%	; --%	;1765	;Disminuir por30.1%	; --%	;77	;Aumentar por60.4%	; --%	;34	;Aumentar por240.0%	; --%	;
138	;(Viernes)2026/04/17	;15	;Disminuir por51.6%	; --%	;1	;Disminuir por83.3%	; --%	;456	;Aumentar por19.4%	; --%	;72	;Disminuir por28.0%	; --%	;2412	;Disminuir por19.2%	; --%	;1870	;Disminuir por25.6%	; --%	;51	;Disminuir por7.3%	; --%	;15	;Aumentar por50.0%	; --%	;
139	;(Sábado)2026/04/18	;7	;Disminuir por66.7%	; --%	;3	;Sin cambios	; --%	;209	;Disminuir por43.8%	; --%	;46	;Disminuir por39.5%	; --%	;2200	;Disminuir por26.3%	; --%	;1697	;Disminuir por33.9%	; --%	;22	;Disminuir por55.1%	; --%	;1	;Disminuir por66.7%	; --%	;
140	;(Domingo)2026/04/19	;11	;Disminuir por57.7%	; --%	;0	;Disminuir por100.0%	; --%	;113	;Disminuir por69.7%	; --%	;23	;Disminuir por74.2%	; --%	;1799	;Disminuir por46.3%	; --%	;1332	;Disminuir por56.6%	; --%	;10	;Disminuir por75.0%	; --%	;1	;Disminuir por85.7%	; --%	;
141	;(Lunes)2026/04/20	;25	;Aumentar por31.6%	; --%	;1	;Disminuir por91.7%	; --%	;422	;Aumentar por66.1%	; --%	;61	;Disminuir por15.3%	; --%	;2416	;Disminuir por18.7%	; --%	;1920	;Disminuir por29.5%	; --%	;51	;Aumentar por88.9%	; --%	;2	;Disminuir por60.0%	; --%	;
142	;(Martes)2026/04/21	;24	;Aumentar por20.0%	; --%	;2	;Disminuir por84.6%	; --%	;373	;Aumentar por84.7%	; --%	;57	;Sin cambios	; --%	;2301	;Disminuir por10.1%	; --%	;1722	;Disminuir por19.3%	; --%	;46	;Aumentar por170.6%	; --%	;4	;Sin cambios	; --%	;
143	;(Miércoles)2026/04/22	;15	;Disminuir por57.1%	; --%	;3	;Disminuir por66.7%	; --%	;406	;Aumentar por2.0%	; --%	;56	;Disminuir por30.9%	; --%	;2342	;Disminuir por23.2%	; --%	;1764	;Disminuir por32.7%	; --%	;52	;Aumentar por6.1%	; --%	;1	;Disminuir por85.7%	; --%	;
144	;(Jueves)2026/04/23	;23	;Disminuir por36.1%	;Aumentar por1050.0%	;0	;Disminuir por100.0%	;Disminuir por100.0%	;419	;Aumentar por9.7%	;Aumentar por332.0%	;65	;Disminuir por13.3%	;Aumentar por71.1%	;2523	;Disminuir por10.6%	;Aumentar por253.9%	;2007	;Disminuir por20.2%	;Aumentar por161.3%	;58	;Aumentar por34.9%	;Aumentar por625.0%	;2	;Disminuir por77.8%	;Disminuir por50.0%	;
145	;(Viernes)2026/04/24	;18	;Disminuir por63.3%	;Aumentar por28.6%	;4	;Disminuir por42.9%	;Disminuir por20.0%	;433	;Aumentar por8.3%	;Aumentar por0.5%	;64	;Disminuir por17.9%	;Disminuir por46.7%	;2825	;Disminuir por7.8%	;Aumentar por19.9%	;2205	;Disminuir por14.7%	;Disminuir por6.7%	;45	;Aumentar por2.3%	;Disminuir por13.5%	;0	;Disminuir por100.0%	;Disminuir por100.0%	;
146	;(Sábado)2026/04/25	;15	;Disminuir por65.9%	;Aumentar por50.0%	;1	;Disminuir por92.9%	;Disminuir por85.7%	;243	;Disminuir por38.2%	;Disminuir por40.6%	;50	;Disminuir por53.3%	;Disminuir por56.1%	;2414	;Disminuir por21.9%	;Disminuir por3.9%	;1837	;Disminuir por28.9%	;Disminuir por24.3%	;17	;Disminuir por63.8%	;Disminuir por60.5%	;0	;Disminuir por100.0%	;Disminuir por100.0%	;
147	;(Domingo)2026/04/26	;15	;Disminuir por66.7%	;Aumentar por150.0%	;3	;Disminuir por62.5%	;Disminuir por66.7%	;185	;Disminuir por58.7%	;Disminuir por29.7%	;36	;Disminuir por65.4%	;Disminuir por59.1%	;2065	;Disminuir por37.1%	;Disminuir por12.6%	;1712	;Disminuir por39.2%	;Disminuir por24.9%	;17	;Disminuir por62.2%	;Disminuir por26.1%	;1	;Disminuir por87.5%	;Disminuir por50.0%	;
148	;(Lunes)2026/04/27	;36	;Aumentar por63.6%	;Aumentar por200.0%	;3	;Disminuir por70.0%	;Aumentar por50.0%	;429	;Aumentar por53.2%	;Aumentar por180.4%	;54	;Disminuir por1.8%	;Aumentar por20.0%	;2327	;Disminuir por25.0%	;Aumentar por30.7%	;1774	;Disminuir por37.5%	;Aumentar por0.5%	;45	;Aumentar por125.0%	;Aumentar por462.5%	;3	;Disminuir por25.0%	; --%	;
149	;(Martes)2026/04/28	;24	;Disminuir por14.3%	;Aumentar por2300.0%	;1	;Disminuir por91.7%	;Sin cambios	;368	;Aumentar por84.9%	;Aumentar por143.7%	;58	;Aumentar por11.5%	;Aumentar por52.6%	;2062	;Disminuir por25.4%	;Aumentar por160.4%	;1605	;Disminuir por27.4%	;Aumentar por107.1%	;42	;Aumentar por180.0%	;Aumentar por110.0%	;3	;Aumentar por200.0%	;Sin cambios	;
150	;(Miércoles)2026/04/29	;23	;Disminuir por32.4%	;Aumentar por76.9%	;1	;Disminuir por83.3%	;Disminuir por66.7%	;435	;Aumentar por1.4%	;Aumentar por120.8%	;65	;Disminuir por18.8%	;Aumentar por25.0%	;2506	;Disminuir por13.5%	;Aumentar por98.3%	;1947	;Disminuir por18.2%	;Aumentar por62.8%	;61	;Aumentar por84.8%	;Aumentar por221.1%	;5	;Sin cambios	;Aumentar por66.7%	;
151	;(Jueves)2026/04/30	;28	;Disminuir por22.2%	;Sin cambios	;3	;Disminuir por62.5%	;Disminuir por66.7%	;443	;Aumentar por9.4%	;Disminuir por6.3%	;57	;Disminuir por24.0%	;Disminuir por62.5%	;2901	;Aumentar por10.1%	;Aumentar por7.0%	;2100	;Disminuir por8.0%	;Disminuir por23.0%	;49	;Aumentar por6.5%	;Disminuir por3.9%	;6	;Aumentar por200.0%	;Disminuir por50.0%	;
152	;(Viernes)2026/05/01	;10	;Disminuir por64.3%	;Sin cambios	;0	;Disminuir por100.0%	;Disminuir por100.0%	;241	;Disminuir por39.8%	;Aumentar por17.0%	;48	;Disminuir por42.9%	;Disminuir por5.9%	;2541	;Disminuir por3.8%	;Aumentar por11.2%	;2020	;Disminuir por10.4%	;Disminuir por8.0%	;13	;Disminuir por70.5%	;Aumentar por18.2%	;2	;Sin cambios	;Aumentar por100.0%	;
153	;(Sábado)2026/05/02	;10	;Disminuir por76.2%	;Disminuir por44.4%	;3	;Disminuir por50.0%	;Disminuir por87.5%	;272	;Disminuir por37.9%	;Disminuir por38.2%	;55	;Disminuir por28.6%	;Disminuir por53.0%	;3161	;Aumentar por14.6%	;Disminuir por4.3%	;2500	;Aumentar por6.9%	;Disminuir por20.9%	;24	;Disminuir por41.5%	;Disminuir por45.5%	;7	;Disminuir por12.5%	;Disminuir por41.7%	;
154	;(Domingo)2026/05/03	;8	;Disminuir por73.3%	;Disminuir por20.0%	;1	;Disminuir por88.9%	;Disminuir por94.4%	;137	;Disminuir por69.0%	;Disminuir por44.8%	;22	;Disminuir por77.3%	;Disminuir por71.1%	;2053	;Disminuir por29.9%	;Disminuir por23.3%	;1704	;Disminuir por34.1%	;Disminuir por34.9%	;7	;Disminuir por87.3%	;Disminuir por65.0%	;0	;Disminuir por100.0%	;Disminuir por100.0%	;
155	;(Lunes)2026/05/04	;22	;Disminuir por18.5%	;Aumentar por144.4%	;1	;Disminuir por90.0%	;Disminuir por90.9%	;411	;Aumentar por49.5%	;Aumentar por150.6%	;57	;Disminuir por32.9%	;Disminuir por1.7%	;2451	;Disminuir por26.3%	;Aumentar por26.9%	;1990	;Disminuir por31.4%	;Aumentar por3.5%	;59	;Aumentar por181.0%	;Aumentar por742.9%	;5	;Aumentar por25.0%	;Aumentar por25.0%	;
156	;(Martes)2026/05/05	;21	;Disminuir por40.0%	;Disminuir por27.6%	;2	;Disminuir por83.3%	;Disminuir por75.0%	;433	;Aumentar por137.9%	;Disminuir por6.5%	;64	;Aumentar por73.0%	;Disminuir por46.2%	;2348	;Disminuir por5.3%	;Disminuir por1.2%	;1742	;Disminuir por16.4%	;Disminuir por26.9%	;59	;Aumentar por637.5%	;Aumentar por51.3%	;6	;Disminuir por40.0%	;Aumentar por50.0%	;
157	;(Miércoles)2026/05/06	;27	;Disminuir por22.9%	;Sin cambios	;16	;Aumentar por700.0%	;Aumentar por433.3%	;421	;Aumentar por1.7%	;Disminuir por5.8%	;62	;Disminuir por39.2%	;Disminuir por51.6%	;2382	;Disminuir por14.0%	;Aumentar por3.5%	;1747	;Disminuir por22.9%	;Disminuir por23.0%	;48	;Aumentar por23.1%	;Aumentar por14.3%	;17	;Aumentar por466.7%	;Aumentar por142.9%	;
158	;(Jueves)2026/05/07	;24	;Disminuir por29.4%	;Disminuir por11.1%	;5	;Disminuir por16.7%	;Sin cambios	;453	;Aumentar por14.1%	;Aumentar por2.7%	;62	;Disminuir por25.3%	;Disminuir por43.6%	;2336	;Disminuir por10.4%	;Disminuir por3.5%	;1766	;Disminuir por16.1%	;Disminuir por26.4%	;55	;Aumentar por37.5%	;Aumentar por52.8%	;4	;Disminuir por33.3%	;Aumentar por33.3%	;
159	;(Viernes)2026/05/08	;19	;Disminuir por40.6%	;Disminuir por29.6%	;3	;Disminuir por25.0%	;Disminuir por66.7%	;428	;Aumentar por12.9%	;Disminuir por0.2%	;72	;Disminuir por1.4%	;Disminuir por41.0%	;2591	;Disminuir por1.9%	;Aumentar por6.9%	;2197	;Aumentar por2.5%	;Disminuir por8.0%	;56	;Aumentar por69.7%	;Aumentar por19.1%	;6	;Aumentar por100.0%	;Aumentar por20.0%	;
160	;(Sábado)2026/05/09	;10	;Disminuir por60.0%	;Disminuir por58.3%	;1	;Disminuir por75.0%	;Disminuir por87.5%	;241	;Disminuir por32.7%	;Disminuir por32.9%	;43	;Disminuir por29.5%	;Disminuir por54.7%	;2347	;Disminuir por9.3%	;Disminuir por4.1%	;1989	;Disminuir por4.8%	;Disminuir por18.5%	;16	;Disminuir por48.4%	;Disminuir por68.0%	;0	;Disminuir por100.0%	;Disminuir por100.0%	;
161	;(Domingo)2026/05/10	;6	;Disminuir por71.4%	;Disminuir por45.5%	;0	;Disminuir por100.0%	;Disminuir por100.0%	;122	;Disminuir por69.0%	;Disminuir por47.9%	;17	;Disminuir por78.2%	;Disminuir por68.5%	;1742	;Disminuir por36.5%	;Disminuir por22.0%	;1397	;Disminuir por37.2%	;Disminuir por36.6%	;7	;Disminuir por87.9%	;Disminuir por61.1%	;0	;Disminuir por100.0%	;Disminuir por100.0%	;
162	;(Lunes)2026/05/11	;27	;Aumentar por92.9%	;Aumentar por92.9%	;4	;Sin cambios	;Disminuir por63.6%	;412	;Aumentar por61.6%	;Aumentar por194.3%	;56	;Disminuir por11.1%	;Aumentar por19.1%	;2447	;Aumentar por1.7%	;Aumentar por36.7%	;1958	;Disminuir por5.1%	;Aumentar por16.8%	;48	;Aumentar por166.7%	;Aumentar por336.4%	;0	;Disminuir por100.0%	;Disminuir por100.0%	;
163	;(Martes)2026/05/12	;20	;Aumentar por25.0%	;Disminuir por20.0%	;1	;Disminuir por50.0%	;Disminuir por88.9%	;429	;Aumentar por200.0%	;Aumentar por3.4%	;69	;Aumentar por64.3%	;Disminuir por31.0%	;2391	;Aumentar por38.8%	;Aumentar por2.7%	;1806	;Aumentar por24.6%	;Disminuir por22.3%	;49	;Aumentar por390.0%	;Aumentar por28.9%	;5	;Aumentar por400.0%	;Disminuir por28.6%	;
164	;(Miércoles)2026/05/13	;20	;Aumentar por25.0%	;Disminuir por13.0%	;1	;Disminuir por90.0%	;Disminuir por85.7%	;417	;Aumentar por112.8%	;Disminuir por2.8%	;60	;Aumentar por71.4%	;Disminuir por41.7%	;2393	;Aumentar por88.7%	;Aumentar por7.8%	;1890	;Aumentar por80.0%	;Disminuir por14.3%	;42	;Aumentar por100.0%	;Aumentar por27.3%	;1	;Disminuir por66.7%	;Disminuir por87.5%	;
165	;(Jueves)2026/05/14	;32	;Aumentar por18.5%	;Aumentar por39.1%	;5	;Disminuir por44.4%	;Disminuir por16.7%	;432	;Aumentar por16.1%	;Disminuir por5.5%	;58	;Disminuir por25.6%	;Disminuir por32.6%	;2526	;Aumentar por5.3%	;Aumentar por5.6%	;1934	;Aumentar por0.4%	;Disminuir por16.8%	;71	;Aumentar por91.9%	;Aumentar por69.0%	;3	;Aumentar por200.0%	;Disminuir por25.0%	;
166	;(Viernes)2026/05/15	;21	;Disminuir por36.4%	;Sin cambios	;2	;Disminuir por60.0%	;Disminuir por75.0%	;453	;Aumentar por16.5%	;Aumentar por13.8%	;84	;Aumentar por20.0%	;Disminuir por7.7%	;2748	;Aumentar por12.9%	;Aumentar por13.4%	;2389	;Aumentar por16.7%	;Disminuir por1.5%	;54	;Aumentar por25.6%	;Aumentar por20.0%	;4	;Disminuir por33.3%	;Disminuir por42.9%	;
167	;(Sábado)2026/05/16	;16	;Disminuir por38.5%	;Disminuir por36.0%	;3	;Disminuir por25.0%	;Disminuir por50.0%	;239	;Disminuir por40.1%	;Disminuir por41.4%	;52	;Disminuir por32.5%	;Disminuir por53.6%	;2447	;Aumentar por2.0%	;Disminuir por7.2%	;1956	;Aumentar por1.3%	;Disminuir por23.3%	;19	;Disminuir por42.4%	;Disminuir por59.6%	;3	;Sin cambios	;Disminuir por72.7%	;
168	;(Domingo)2026/05/17	;19	;Disminuir por42.4%	;Aumentar por72.7%	;0	;Disminuir por100.0%	;Disminuir por100.0%	;160	;Disminuir por60.9%	;Disminuir por38.7%	;24	;Disminuir por64.2%	;Disminuir por67.1%	;1791	;Disminuir por27.8%	;Disminuir por24.2%	;1444	;Disminuir por29.6%	;Disminuir por37.2%	;7	;Disminuir por85.1%	;Disminuir por53.3%	;0	;Disminuir por100.0%	;Disminuir por100.0%	;
169	;(Lunes)2026/05/18	;27	;Aumentar por50.0%	;Aumentar por200.0%	;0	;Disminuir por100.0%	;Disminuir por100.0%	;421	;Aumentar por100.5%	;Aumentar por188.4%	;74	;Aumentar por15.6%	;Aumentar por100.0%	;2474	;Aumentar por6.2%	;Aumentar por39.9%	;2003	;Aumentar por3.7%	;Aumentar por13.8%	;63	;Aumentar por133.3%	;Aumentar por472.7%	;1	;Disminuir por75.0%	;Disminuir por75.0%	;
170	;(Martes)2026/05/19	;21	;Aumentar por61.5%	;Disminuir por8.7%	;1	; --%	;Disminuir por85.7%	;409	;Aumentar por238.0%	;Aumentar por3.8%	;45	;Aumentar por15.4%	;Disminuir por37.5%	;2359	;Aumentar por42.1%	;Disminuir por0.8%	;1882	;Aumentar por36.0%	;Disminuir por17.9%	;56	;Aumentar por522.2%	;Aumentar por36.6%	;4	;Aumentar por100.0%	;Sin cambios	;
171	;(Miércoles)2026/05/20	;21	;Disminuir por4.5%	;Sin cambios	;2	;Sin cambios	;Sin cambios	;419	;Aumentar por5.5%	;Aumentar por8.0%	;55	;Disminuir por42.1%	;Disminuir por40.9%	;2375	;Disminuir por1.9%	;Aumentar por3.3%	;1907	;Disminuir por6.9%	;Disminuir por15.3%	;72	;Aumentar por71.4%	;Disminuir por20.9%	;4	;Aumentar por100.0%	;Disminuir por63.6%	;
172	;(Jueves)2026/05/21	;27	;Aumentar por17.4%	;Aumentar por8.0%	;2	;Sin cambios	;Disminuir por75.0%	;402	;Aumentar por1.0%	;Disminuir por4.7%	;72	;Disminuir por10.0%	;Disminuir por20.0%	;2499	;Aumentar por6.4%	;Aumentar por5.4%	;1985	;Aumentar por4.7%	;Disminuir por15.6%	;66	;Aumentar por61.0%	;Disminuir por25.0%	;3	;Disminuir por50.0%	;Disminuir por66.7%	;
173	;(Viernes)2026/05/22	;27	;Aumentar por50.0%	;Aumentar por42.1%	;4	;Aumentar por100.0%	;Disminuir por50.0%	;409	;Aumentar por12.7%	;Disminuir por2.4%	;65	;Disminuir por3.0%	;Disminuir por44.9%	;2616	;Aumentar por2.5%	;Aumentar por6.8%	;2103	;Aumentar por5.4%	;Disminuir por11.4%	;46	;Aumentar por39.4%	;Disminuir por52.1%	;7	;Aumentar por40.0%	;Disminuir por41.7%	;
174	;(Sábado)2026/05/23	;18	;Aumentar por5.9%	;Aumentar por12.5%	;3	;Disminuir por25.0%	;Disminuir por50.0%	;229	;Aumentar por33.1%	;Disminuir por45.9%	;47	;Sin cambios	;Disminuir por52.5%	;2532	;Aumentar por64.1%	;Disminuir por1.2%	;2097	;Aumentar por46.1%	;Disminuir por17.3%	;19	;Aumentar por72.7%	;Disminuir por80.0%	;2	; --%	;Disminuir por75.0%	;
175	;(Domingo)2026/05/24	;17	;Aumentar por70.0%	;Disminuir por19.0%	;0	;Disminuir por100.0%	;Disminuir por100.0%	;123	;Disminuir por62.7%	;Disminuir por52.3%	;35	;Disminuir por35.2%	;Disminuir por58.8%	;2026	;Disminuir por17.6%	;Disminuir por15.5%	;1706	;Disminuir por21.7%	;Disminuir por23.6%	;9	;Disminuir por75.0%	;Disminuir por55.0%	;0	;Disminuir por100.0%	;Disminuir por100.0%	;
176	;(Lunes)2026/05/25	;26	;Aumentar por136.4%	;Aumentar por188.9%	;4	;Disminuir por84.6%	;Disminuir por63.6%	;430	;Aumentar por235.9%	;Aumentar por196.6%	;52	;Aumentar por26.8%	;Aumentar por33.3%	;2652	;Aumentar por54.5%	;Aumentar por50.3%	;2095	;Aumentar por47.8%	;Aumentar por22.0%	;69	;Aumentar por527.3%	;Aumentar por762.5%	;9	;Disminuir por43.8%	;Aumentar por350.0%	;
177	;(Martes)2026/05/26	;22	;Aumentar por144.4%	;Disminuir por24.1%	;0	;Disminuir por100.0%	;Disminuir por100.0%	;407	;Aumentar por311.1%	;Disminuir por4.0%	;56	;Aumentar por143.5%	;Disminuir por44.6%	;2454	;Aumentar por110.6%	;Aumentar por0.2%	;2001	;Aumentar por82.4%	;Disminuir por17.4%	;102	;Aumentar por1600.0%	;Aumentar por104.0%	;6	;Aumentar por50.0%	;Disminuir por33.3%	;
178	;(Miércoles)2026/05/27	;24	;Disminuir por11.1%	;Disminuir por11.1%	;2	;Disminuir por33.3%	;Disminuir por71.4%	;411	;Aumentar por27.2%	;Aumentar por0.7%	;74	;Aumentar por32.1%	;Disminuir por25.3%	;2480	;Aumentar por16.1%	;Aumentar por3.9%	;2013	;Aumentar por0.1%	;Disminuir por16.3%	;101	;Aumentar por274.1%	;Aumentar por90.6%	;2	;Disminuir por50.0%	;Disminuir por60.0%	;
179	;(Jueves)2026/05/28	;26	;Aumentar por4.0%	;Aumentar por4.0%	;1	;Disminuir por80.0%	;Disminuir por83.3%	;389	;Aumentar por6.3%	;Disminuir por13.9%	;55	;Disminuir por12.7%	;Disminuir por52.2%	;2539	;Aumentar por9.9%	;Aumentar por5.4%	;2046	;Aumentar por8.7%	;Disminuir por15.8%	;117	;Aumentar por234.3%	;Aumentar por120.8%	;9	;Aumentar por200.0%	;Aumentar por125.0%	;
180	;(Viernes)2026/05/29	;24	;Aumentar por4.3%	;Disminuir por17.2%	;1	;Disminuir por66.7%	;Disminuir por83.3%	;436	;Aumentar por26.4%	;Aumentar por1.6%	;53	;Disminuir por8.6%	;Disminuir por42.4%	;2818	;Aumentar por24.1%	;Aumentar por10.9%	;2271	;Aumentar por29.8%	;Disminuir por4.9%	;74	;Aumentar por100.0%	;Aumentar por42.3%	;5	;Aumentar por150.0%	;Disminuir por28.6%	;
181	;(Sábado)2026/05/30	;6	;Disminuir por80.0%	;Disminuir por79.3%	;1	;Disminuir por50.0%	;Disminuir por92.9%	;263	;Disminuir por25.7%	;Disminuir por43.9%	;42	;Disminuir por28.8%	;Disminuir por61.5%	;2663	;Aumentar por17.4%	;Disminuir por2.6%	;2358	;Aumentar por30.1%	;Disminuir por9.5%	;21	;Disminuir por27.6%	;Disminuir por62.5%	;2	;Disminuir por33.3%	;Disminuir por75.0%	;
182	;(Domingo)2026/05/31	;19	;Disminuir por13.6%	;Sin cambios	;1	;Disminuir por75.0%	;Disminuir por80.0%	;165	;Disminuir por56.1%	;Disminuir por39.8%	;32	;Disminuir por50.0%	;Disminuir por61.4%	;2042	;Disminuir por15.2%	;Disminuir por23.1%	;1734	;Disminuir por10.6%	;Disminuir por32.4%	;7	;Disminuir por83.3%	;Disminuir por68.2%	;1	;Disminuir por75.0%	;Disminuir por80.0%	;
183	;(Lunes)2026/06/01	;29	;Aumentar por190.0%	;Aumentar por123.1%	;1	;Disminuir por75.0%	;Disminuir por90.0%	;427	;Aumentar por108.3%	;Aumentar por163.6%	;73	;Aumentar por62.2%	;Aumentar por40.4%	;2657	;Aumentar por10.5%	;Aumentar por32.0%	;2203	;Aumentar por18.6%	;Aumentar por14.5%	;100	;Aumentar por376.2%	;Aumentar por1328.6%	;4	;Aumentar por100.0%	;Aumentar por100.0%	;
184	;(Martes)2026/06/02	;19	;Disminuir por5.0%	;Disminuir por53.7%	;0	;Disminuir por100.0%	;Disminuir por100.0%	;426	;Aumentar por220.3%	;Disminuir por18.9%	;46	;Aumentar por27.8%	;Disminuir por59.6%	;2420	;Aumentar por33.3%	;Disminuir por15.8%	;2085	;Aumentar por52.9%	;Disminuir por26.4%	;94	;Aumentar por944.4%	;Aumentar por42.4%	;6	;Aumentar por50.0%	;Disminuir por14.3%	;
185	;(Miércoles)2026/06/03	;17	;Disminuir por45.2%	;Disminuir por34.6%	;2	;Disminuir por50.0%	;Disminuir por83.3%	;386	;Aumentar por2.7%	;Disminuir por14.6%	;46	;Disminuir por39.5%	;Disminuir por51.1%	;2649	;Aumentar por14.3%	;Aumentar por4.9%	;2159	;Aumentar por10.7%	;Disminuir por13.3%	;84	;Aumentar por100.0%	;Aumentar por162.5%	;3	;Sin cambios	;Disminuir por66.7%	;
186	;(Jueves)2026/06/04	;20	;Disminuir por28.6%	;Aumentar por5.3%	;3	;Disminuir por25.0%	;Disminuir por66.7%	;421	;Aumentar por27.2%	;Disminuir por6.4%	;70	;Disminuir por6.7%	;Disminuir por35.8%	;2689	;Aumentar por20.4%	;Aumentar por7.6%	;2291	;Aumentar por25.5%	;Disminuir por7.3%	;104	;Aumentar por136.4%	;Aumentar por112.2%	;12	;Aumentar por200.0%	;Aumentar por140.0%	;
187	;(Viernes)2026/06/05	;21	;Disminuir por12.5%	;Disminuir por12.5%	;4	;Aumentar por300.0%	;Disminuir por20.0%	;438	;Aumentar por24.1%	;Disminuir por4.4%	;69	;Aumentar por6.2%	;Disminuir por36.7%	;3081	;Aumentar por36.6%	;Aumentar por18.6%	;2580	;Aumentar por44.4%	;Aumentar por1.3%	;99	;Aumentar por160.5%	;Aumentar por141.5%	;7	;Aumentar por40.0%	;Sin cambios	;
188	;(Sábado)2026/06/06	;20	;Disminuir por9.1%	;Aumentar por17.6%	;0	;Disminuir por100.0%	;Disminuir por100.0%	;289	;Disminuir por16.2%	;Disminuir por28.5%	;41	;Disminuir por31.7%	;Disminuir por52.9%	;2825	;Aumentar por27.0%	;Disminuir por0.8%	;2366	;Aumentar por28.7%	;Disminuir por15.3%	;20	;Disminuir por42.9%	;Disminuir por56.5%	;2	;Disminuir por50.0%	;Disminuir por33.3%	;
189	;(Domingo)2026/06/07	;13	;Disminuir por43.5%	;Aumentar por8.3%	;2	;Disminuir por33.3%	;Disminuir por87.5%	;178	;Disminuir por52.0%	;Disminuir por38.2%	;29	;Disminuir por56.1%	;Disminuir por59.2%	;2141	;Disminuir por12.6%	;Disminuir por28.1%	;1786	;Disminuir por7.9%	;Disminuir por39.6%	;11	;Disminuir por76.1%	;Disminuir por45.0%	;1	;Disminuir por83.3%	;Disminuir por90.0%	;
190	;(Lunes)2026/06/08	;26	;Aumentar por62.5%	;Aumentar por36.8%	;2	;Aumentar por100.0%	;Disminuir por71.4%	;426	;Aumentar por100.9%	;Aumentar por142.0%	;65	;Aumentar por14.0%	;Aumentar por35.4%	;2850	;Aumentar por32.6%	;Aumentar por15.8%	;2231	;Aumentar por30.9%	;Disminuir por0.5%	;84	;Aumentar por425.0%	;Aumentar por663.6%	;6	;Aumentar por50.0%	;Disminuir por33.3%	;
191	;(Martes)2026/06/09	;30	;Aumentar por76.5%	;Aumentar por20.0%	;3	;Aumentar por200.0%	;Disminuir por70.0%	;454	;Aumentar por272.1%	;Disminuir por7.5%	;48	;Aumentar por108.7%	;Disminuir por61.6%	;2594	;Aumentar por73.4%	;Disminuir por13.6%	;2165	;Aumentar por61.8%	;Disminuir por23.6%	;100	;Aumentar por1011.1%	;Aumentar por177.8%	;6	;Aumentar por200.0%	;Disminuir por14.3%	;
192	;(Miércoles)2026/06/10	;28	;Disminuir por17.6%	;Aumentar por16.7%	;2	;Aumentar por100.0%	;Disminuir por84.6%	;435	;Aumentar por24.3%	;Disminuir por3.8%	;83	;Aumentar por22.1%	;Disminuir por10.8%	;2714	;Aumentar por26.5%	;Aumentar por5.4%	;2213	;Aumentar por41.9%	;Disminuir por14.0%	;104	;Aumentar por173.7%	;Aumentar por85.7%	;6	;Disminuir por14.3%	;Disminuir por33.3%	;
193	;(Jueves)2026/06/11	;22	;Disminuir por31.3%	;Aumentar por22.2%	;2	;Disminuir por50.0%	;Disminuir por81.8%	;470	;Aumentar por42.0%	;Aumentar por14.6%	;69	;Aumentar por19.0%	;Disminuir por40.0%	;2692	;Aumentar por20.6%	;Disminuir por0.7%	;2138	;Aumentar por28.7%	;Disminuir por21.0%	;97	;Aumentar por106.4%	;Aumentar por98.0%	;5	;Aumentar por66.7%	;Disminuir por44.4%	;
194	;(Viernes)2026/06/12	;18	;Disminuir por40.0%	;Disminuir por10.0%	;2	;Disminuir por84.6%	;Disminuir por87.5%	;432	;Aumentar por20.3%	;Disminuir por1.6%	;77	;Disminuir por12.5%	;Disminuir por30.6%	;2891	;Aumentar por29.6%	;Aumentar por12.5%	;2383	;Aumentar por24.3%	;Disminuir por7.0%	;78	;Aumentar por160.0%	;Aumentar por90.2%	;12	;Aumentar por300.0%	;Aumentar por100.0%	;
195	;(Sábado)2026/06/13	;26	;Aumentar por23.8%	;Aumentar por13.0%	;3	;Aumentar por50.0%	;Disminuir por81.3%	;265	;Disminuir por23.6%	;Disminuir por44.4%	;52	;Disminuir por14.8%	;Disminuir por54.8%	;2922	;Aumentar por34.9%	;Disminuir por4.6%	;2561	;Aumentar por61.5%	;Disminuir por10.0%	;21	;Disminuir por50.0%	;Disminuir por58.0%	;4	;Aumentar por300.0%	;Disminuir por60.0%	;
196	;(Domingo)2026/06/14	;18	;Disminuir por5.3%	;Disminuir por10.0%	;1	;Disminuir por75.0%	;Disminuir por96.7%	;163	;Disminuir por54.8%	;Disminuir por42.6%	;48	;Disminuir por34.2%	;Disminuir por40.0%	;2355	;Disminuir por7.7%	;Disminuir por16.1%	;1896	;Disminuir por2.7%	;Disminuir por31.8%	;12	;Disminuir por72.7%	;Disminuir por25.0%	;2	;Disminuir por50.0%	;Disminuir por33.3%	;
197	;(Lunes)2026/06/15	;37	;Aumentar por68.2%	;Aumentar por48.0%	;1	;Disminuir por80.0%	;Disminuir por95.0%	;451	;Aumentar por149.2%	;Aumentar por166.9%	;70	;Aumentar por52.2%	;Aumentar por112.1%	;2695	;Aumentar por39.4%	;Aumentar por16.5%	;2313	;Aumentar por49.0%	;Aumentar por6.1%	;44	;Aumentar por340.0%	;Aumentar por450.0%	;5	; --%	;Sin cambios	;
198	;(Martes)2026/06/16	;47	;Aumentar por370.0%	;Aumentar por38.2%	;1	;Sin cambios	;Disminuir por93.3%	;439	;Aumentar por202.8%	;Aumentar por1.2%	;71	;Aumentar por82.1%	;Disminuir por38.8%	;2659	;Aumentar por99.2%	;Disminuir por7.6%	;2244	;Aumentar por96.8%	;Disminuir por16.8%	;46	;Aumentar por283.3%	;Disminuir por29.2%	;6	;Aumentar por500.0%	;Disminuir por53.8%	;
199	;(Miércoles)2026/06/17	;41	;Aumentar por36.7%	;Aumentar por2.5%	;2	;Sin cambios	;Disminuir por88.2%	;425	;Aumentar por18.4%	;Disminuir por3.0%	;68	;Aumentar por23.6%	;Disminuir por37.6%	;2776	;Aumentar por37.0%	;Aumentar por2.7%	;2382	;Aumentar por56.5%	;Disminuir por10.8%	;58	;Aumentar por70.6%	;Aumentar por28.9%	;6	;Aumentar por100.0%	;Disminuir por33.3%	;
200	;(Jueves)2026/06/18	;52	;Aumentar por205.9%	;Aumentar por48.6%	;9	;Aumentar por50.0%	;Disminuir por30.8%	;429	;Aumentar por22.9%	;Disminuir por7.7%	;63	;Disminuir por19.2%	;Disminuir por44.2%	;2883	;Aumentar por35.9%	;Aumentar por7.5%	;2479	;Aumentar por61.4%	;Disminuir por6.1%	;56	;Aumentar por36.6%	;Aumentar por27.3%	;10	;Aumentar por400.0%	;Aumentar por233.3%	;
201	;(Viernes)2026/06/19	;40	;Aumentar por100.0%	;Aumentar por14.3%	;2	;Sin cambios	;Disminuir por84.6%	;445	;Aumentar por29.0%	;Aumentar por3.2%	;67	;Disminuir por1.5%	;Disminuir por33.0%	;3156	;Aumentar por57.9%	;Aumentar por11.4%	;2607	;Aumentar por44.9%	;Disminuir por6.7%	;46	;Aumentar por91.7%	;Disminuir por25.8%	;11	; --%	;Aumentar por120.0%	;
202	;(Sábado)2026/06/20	;26	;Aumentar por18.2%	;Disminuir por13.3%	;4	;Aumentar por100.0%	;Disminuir por73.3%	;284	;Disminuir por25.1%	;Disminuir por29.7%	;40	;Disminuir por32.2%	;Disminuir por64.6%	;3141	;Aumentar por48.7%	;Disminuir por0.1%	;2844	;Aumentar por72.9%	;Disminuir por6.4%	;27	;Disminuir por22.9%	;Disminuir por53.4%	;1	;Disminuir por80.0%	;Disminuir por85.7%	;
203	;(Domingo)2026/06/21	;27	;Aumentar por50.0%	;Aumentar por12.5%	;1	;Disminuir por50.0%	;Disminuir por92.3%	;159	;Disminuir por53.6%	;Disminuir por45.4%	;21	;Disminuir por70.0%	;Disminuir por68.2%	;2342	;Aumentar por7.0%	;Disminuir por28.1%	;2104	;Aumentar por25.4%	;Disminuir por32.8%	;7	;Disminuir por81.1%	;Disminuir por58.8%	;3	;Sin cambios	;Disminuir por62.5%	;
204	;(Lunes)2026/06/22	;31	;Aumentar por342.9%	;Aumentar por34.8%	;5	;Sin cambios	;Disminuir por68.8%	;452	;Aumentar por159.8%	;Aumentar por123.8%	;76	;Aumentar por58.3%	;Aumentar por26.7%	;3168	;Aumentar por83.8%	;Aumentar por24.9%	;2732	;Aumentar por84.7%	;Aumentar por14.0%	;56	;Aumentar por194.7%	;Aumentar por1020.0%	;6	;Aumentar por200.0%	;Aumentar por20.0%	;
205	;(Martes)2026/06/23	;28	;Aumentar por211.1%	;Disminuir por15.2%	;1	;Sin cambios	;Disminuir por92.9%	;448	;Aumentar por252.8%	;Disminuir por3.4%	;71	;Aumentar por115.2%	;Disminuir por46.2%	;2916	;Aumentar por111.9%	;Disminuir por11.1%	;2576	;Aumentar por126.0%	;Disminuir por18.7%	;57	;Aumentar por533.3%	;Aumentar por11.8%	;3	; --%	;Disminuir por50.0%	;
206	;(Miércoles)2026/06/24	;30	;Aumentar por30.4%	;Aumentar por15.4%	;2	;Disminuir por33.3%	;Disminuir por60.0%	;263	;Disminuir por22.2%	;Disminuir por31.7%	;54	;Aumentar por1.9%	;Disminuir por44.9%	;2657	;Aumentar por35.6%	;Disminuir por7.1%	;2310	;Aumentar por59.0%	;Disminuir por15.3%	;17	;Disminuir por52.8%	;Disminuir por46.9%	;0	;Disminuir por100.0%	;Disminuir por100.0%	;
207	;(Jueves)2026/06/25	;37	;Aumentar por68.2%	;Aumentar por54.2%	;6	;Aumentar por200.0%	;Disminuir por40.0%	;473	;Aumentar por29.6%	;Aumentar por12.4%	;76	;Aumentar por46.2%	;Disminuir por43.3%	;3211	;Aumentar por64.6%	;Aumentar por4.2%	;2787	;Aumentar por88.6%	;Disminuir por5.3%	;51	;Aumentar por30.8%	;Disminuir por17.7%	;7	;Aumentar por75.0%	;Aumentar por16.7%	;
208	;(Viernes)2026/06/26	;23	;Aumentar por4.5%	;Disminuir por28.1%	;1	;Disminuir por50.0%	;Disminuir por88.9%	;474	;Aumentar por34.3%	;Aumentar por16.5%	;80	;Aumentar por2.6%	;Disminuir por32.8%	;3518	;Aumentar por75.1%	;Aumentar por11.4%	;3019	;Aumentar por91.9%	;Disminuir por0.6%	;56	;Aumentar por21.7%	;Aumentar por21.7%	;4	;Aumentar por33.3%	;Disminuir por42.9%	;
209	;(Sábado)2026/06/27	;26	;Aumentar por4.0%	;Disminuir por10.3%	;6	;Sin cambios	;Disminuir por62.5%	;296	;Disminuir por18.7%	;Disminuir por36.1%	;61	;Disminuir por29.1%	;Disminuir por47.4%	;3238	;Aumentar por67.0%	;Aumentar por0.2%	;3091	;Aumentar por83.4%	;Disminuir por0.8%	;25	;Disminuir por7.4%	;Disminuir por55.4%	;4	;Aumentar por100.0%	;Disminuir por66.7%	;
210	;(Domingo)2026/06/28	;22	;Sin cambios	;Disminuir por18.5%	;0	; --%	;Disminuir por100.0%	;207	;Disminuir por44.5%	;Disminuir por25.5%	;44	;Disminuir por35.3%	;Disminuir por48.8%	;2948	;Aumentar por37.5%	;Disminuir por0.1%	;2549	;Aumentar por34.3%	;Disminuir por11.3%	;10	;Disminuir por81.5%	;Disminuir por56.5%	;1	;Disminuir por80.0%	;Disminuir por80.0%	;
211	;(Lunes)2026/06/29	;35	;Aumentar por191.7%	;Aumentar por75.0%	;2	; --%	;Disminuir por77.8%	;421	;Aumentar por103.4%	;Aumentar por121.6%	;91	;Aumentar por62.5%	;Aumentar por42.2%	;3172	;Aumentar por80.4%	;Aumentar por20.8%	;2747	;Aumentar por85.4%	;Aumentar por9.9%	;46	;Aumentar por206.7%	;Aumentar por360.0%	;8	;Aumentar por300.0%	;Aumentar por33.3%	;
212	;(Martes)2026/06/30	;32	;Aumentar por220.0%	;Aumentar por33.3%	;2	;Sin cambios	;Disminuir por83.3%	;446	;Aumentar por313.0%	;Aumentar por2.1%	;79	;Aumentar por163.3%	;Disminuir por39.2%	;3043	;Aumentar por148.4%	;Disminuir por2.4%	;2647	;Aumentar por164.7%	;Disminuir por13.1%	;48	;Aumentar por700.0%	;Disminuir por9.4%	;4	; --%	;Disminuir por20.0%	;
213	;(Miércoles)2026/07/01	;37	;Aumentar por15.6%	;Aumentar por32.1%	;3	;Disminuir por25.0%	;Disminuir por75.0%	;452	;Aumentar por20.2%	;Aumentar por4.4%	;70	;Aumentar por2.9%	;Disminuir por32.0%	;3079	;Aumentar por60.3%	;Disminuir por1.7%	;2646	;Aumentar por63.4%	;Disminuir por10.7%	;47	;Disminuir por2.1%	;Disminuir por11.3%	;5	;Aumentar por25.0%	;Disminuir por50.0%	;
214	;(Jueves)2026/07/02	;32	;Aumentar por60.0%	;Aumentar por18.5%	;3	; --%	;Disminuir por66.7%	;432	;Aumentar por26.3%	;Disminuir por4.4%	;91	;Aumentar por65.5%	;Disminuir por24.8%	;2998	;Aumentar por53.9%	;Disminuir por4.1%	;2556	;Aumentar por87.3%	;Disminuir por15.8%	;55	;Aumentar por17.0%	;Aumentar por14.6%	;4	;Aumentar por100.0%	;Disminuir por66.7%	;
215	;(Viernes)2026/07/03	;43	;Aumentar por115.0%	;Aumentar por79.2%	;2	;Sin cambios	;Disminuir por80.0%	;421	;Aumentar por33.7%	;Aumentar por2.4%	;71	;Aumentar por24.6%	;Disminuir por40.3%	;3297	;Aumentar por64.6%	;Aumentar por12.6%	;2956	;Aumentar por71.8%	;Aumentar por11.4%	;50	;Aumentar por35.1%	;Disminuir por7.4%	;3	;Sin cambios	;Disminuir por75.0%	;
216	;(Sábado)2026/07/04	;28	;Aumentar por86.7%	;Sin cambios	;3	;Disminuir por25.0%	;Disminuir por57.1%	;274	;Disminuir por16.5%	;Disminuir por34.4%	;57	;Disminuir por13.6%	;Disminuir por48.6%	;3568	;Aumentar por77.6%	;Aumentar por10.9%	;3162	;Aumentar por100.4%	;Sin cambios	;11	;Disminuir por77.1%	;Disminuir por78.8%	;3	;Disminuir por25.0%	;Disminuir por40.0%	;
217	;(Domingo)2026/07/05	;34	;Aumentar por9.7%	;Aumentar por70.0%	;31	;Aumentar por933.3%	;Aumentar por82.4%	;194	;Disminuir por44.1%	;Disminuir por32.2%	;53	;Disminuir por13.1%	;Disminuir por44.2%	;3096	;Aumentar por46.7%	;Disminuir por9.2%	;2413	;Aumentar por41.4%	;Disminuir por25.2%	;10	;Disminuir por76.7%	;Disminuir por47.4%	;10	;Aumentar por150.0%	;Sin cambios	;
218	;(Lunes)2026/07/06	;43	;Aumentar por290.9%	;Aumentar por43.3%	;22	;Aumentar por1000.0%	;Aumentar por100.0%	;434	;Aumentar por153.8%	;Aumentar por135.9%	;94	;Aumentar por147.4%	;Aumentar por74.1%	;3374	;Aumentar por97.9%	;Aumentar por23.0%	;2797	;Aumentar por116.3%	;Aumentar por5.0%	;48	;Aumentar por128.6%	;Aumentar por380.0%	;3	;Aumentar por200.0%	;Aumentar por50.0%	;
219	;(Martes)2026/07/07	;42	;Aumentar por425.0%	;Aumentar por50.0%	;17	; --%	;Aumentar por240.0%	;439	;Aumentar por235.1%	;Aumentar por4.8%	;71	;Aumentar por173.1%	;Disminuir por42.3%	;3362	;Aumentar por154.9%	;Disminuir por2.2%	;2828	;Aumentar por184.5%	;Disminuir por12.8%	;62	;Aumentar por463.6%	;Aumentar por59.0%	;11	;Aumentar por450.0%	;Aumentar por266.7%	;
220	;(Miércoles)2026/07/08	;36	;Aumentar por50.0%	;Aumentar por63.6%	;6	;Aumentar por200.0%	;Disminuir por25.0%	;462	;Aumentar por29.4%	;Aumentar por11.9%	;75	;Aumentar por19.0%	;Disminuir por36.4%	;3553	;Aumentar por84.2%	;Aumentar por5.1%	;3093	;Aumentar por99.8%	;Disminuir por5.2%	;50	;Aumentar por117.4%	;Aumentar por2.0%	;3	;Sin cambios	;Disminuir por50.0%	;
221	;(Jueves)2026/07/09	;39	;Aumentar por129.4%	;Aumentar por25.8%	;1	;Disminuir por50.0%	;Disminuir por93.8%	;477	;Aumentar por42.8%	;Aumentar por16.3%	;102	;Aumentar por70.0%	;Disminuir por23.9%	;3592	;Aumentar por84.4%	;Disminuir por2.6%	;3124	;Aumentar por106.9%	;Disminuir por7.0%	;61	;Aumentar por64.9%	;Aumentar por69.4%	;6	;Aumentar por50.0%	;Sin cambios	;
222	;(Viernes)2026/07/10	;43	;Aumentar por38.7%	;Aumentar por48.3%	;3	;Disminuir por25.0%	;Disminuir por72.7%	;436	;Aumentar por41.1%	;Disminuir por1.4%	;82	;Aumentar por20.6%	;Disminuir por38.3%	;3738	;Aumentar por92.3%	;Aumentar por19.9%	;3290	;Aumentar por120.4%	;Aumentar por11.3%	;52	;Aumentar por40.5%	;Disminuir por3.7%	;6	;Aumentar por100.0%	;Disminuir por14.3%	;
223	;(Sábado)2026/07/11	;30	;Aumentar por42.9%	;Sin cambios	;3	; --%	;Disminuir por50.0%	;313	;Disminuir por7.1%	;Disminuir por30.1%	;70	;Aumentar por6.1%	;Disminuir por44.4%	;3920	;Aumentar por92.3%	;Aumentar por11.0%	;3605	;Aumentar por154.4%	;Aumentar por10.3%	;17	;Disminuir por50.0%	;Disminuir por73.0%	;4	;Aumentar por33.3%	;Disminuir por20.0%	;
224	;(Domingo)2026/07/12	;33	;Aumentar por57.1%	;Aumentar por26.9%	;1	;Disminuir por75.0%	;Disminuir por66.7%	;226	;Disminuir por36.3%	;Disminuir por16.3%	;48	;Disminuir por36.8%	;Disminuir por40.0%	;3540	;Aumentar por34.6%	;Aumentar por7.5%	;2926	;Aumentar por53.8%	;Disminuir por8.0%	;5	;Disminuir por89.1%	;Disminuir por78.3%	;1	;Sin cambios	;Disminuir por85.7%	;
225	;(Lunes)2026/07/13	;36	;Aumentar por227.3%	;Disminuir por7.7%	;1	;Disminuir por50.0%	;Disminuir por50.0%	;488	;Aumentar por119.8%	;Aumentar por159.6%	;95	;Aumentar por93.9%	;Aumentar por9.2%	;3881	;Aumentar por103.0%	;Aumentar por38.1%	;3426	;Aumentar por137.1%	;Aumentar por32.1%	;57	;Aumentar por280.0%	;Aumentar por714.3%	;7	;Aumentar por600.0%	;Aumentar por250.0%	;
226	;(Martes)2026/07/14	;20	;Aumentar por81.8%	;Disminuir por42.9%	;2	;Aumentar por100.0%	;Sin cambios	;247	;Aumentar por87.1%	;Disminuir por44.9%	;49	;Aumentar por48.5%	;Disminuir por62.0%	;1785	;Aumentar por31.5%	;Disminuir por48.6%	;1344	;Aumentar por13.2%	;Disminuir por58.9%	;44	;Aumentar por633.3%	;Aumentar por4.8%	;2	;Sin cambios	;Disminuir por60.0%	;
