Análisis de tipo multiobjetivo	;
Información básica	;
Hora de exportación: 2026/07/14 13:36:31	;
Operador: Touristcheck	;
Objetivo de estadísticas: Avda. Del Mar - Marcelino Roca	;
Exportar contenido:Número de personas,Vehículos a motor,Vehículos sin motor	;
Hora del informe: 2025/12/01 00:00:00 - 2026/07/14 23:59:59	;

Personas totales	; 	; 	; 	; 	; 	;Total de vehículos a motor	; 	; 	; 	; 	; 	;Total de vehículos sin motor	;
Avanzar	; 	; 	;Retroceso	; 	; 	;Avanzar	; 	; 	;Retroceso	; 	; 	;Avanzar	; 	; 	;Retroceso	;
Valor	;Tasa de cambio (ciclo tras ciclo)	;Tasa de cambio (año tras año)	;Valor	;Tasa de cambio (ciclo tras ciclo)	;Tasa de cambio (año tras año)	;Valor	;Tasa de cambio (ciclo tras ciclo)	;Tasa de cambio (año tras año)	;Valor	;Tasa de cambio (ciclo tras ciclo)	;Tasa de cambio (año tras año)	;Valor	;Tasa de cambio (ciclo tras ciclo)	;Tasa de cambio (año tras año)	;Valor	;Tasa de cambio (ciclo tras ciclo)	;Tasa de cambio (año tras año)	;
1199328	;Disminuir por42.4%	;Aumentar por60.4%	;1259794	;Disminuir por42.4%	;Aumentar por61.0%	;90309	;Aumentar por1.1%	;Aumentar por141.1%	;44054	;Aumentar por1.5%	;Aumentar por142.9%	;56452	;Disminuir por35.4%	;Aumentar por60.9%	;44473	;Disminuir por38.7%	;Aumentar por58.6%	;

N.º	;Hora	;Personas	; 	; 	; 	; 	; 	;Vehículos a motor	; 	; 	; 	; 	; 	;Vehículos sin motor	;
	;	;Avanzar	; 	; 	;Retroceso	; 	; 	;Avanzar	; 	; 	;Retroceso	; 	; 	;Avanzar	; 	; 	;Retroceso	;
	;	;Valor	;Tasa de cambio (ciclo tras ciclo)	;Tasa de cambio (año tras año)	;Valor	;Tasa de cambio (ciclo tras ciclo)	;Tasa de cambio (año tras año)	;Valor	;Tasa de cambio (ciclo tras ciclo)	;Tasa de cambio (año tras año)	;Valor	;Tasa de cambio (ciclo tras ciclo)	;Tasa de cambio (año tras año)	;Valor	;Tasa de cambio (ciclo tras ciclo)	;Tasa de cambio (año tras año)	;Valor	;Tasa de cambio (ciclo tras ciclo)	;Tasa de cambio (año tras año)	;
1	;(Lunes)2025/12/01	;1600	;Disminuir por92.6%	; --%	;1543	;Disminuir por93.5%	; --%	;340	;Aumentar por43.5%	; --%	;135	;Disminuir por4.9%	; --%	;149	;Disminuir por66.0%	; --%	;103	;Disminuir por74.3%	; --%	;
2	;(Martes)2025/12/02	;1448	;Disminuir por92.6%	; --%	;1305	;Disminuir por93.9%	; --%	;364	;Aumentar por52.9%	; --%	;139	;Disminuir por5.4%	; --%	;176	;Disminuir por60.7%	; --%	;110	;Disminuir por71.5%	; --%	;
3	;(Miércoles)2025/12/03	;1637	;Disminuir por88.6%	; --%	;1539	;Disminuir por89.6%	; --%	;428	;Aumentar por53.4%	; --%	;173	;Aumentar por18.5%	; --%	;141	;Disminuir por73.0%	; --%	;97	;Disminuir por76.1%	; --%	;
4	;(Jueves)2025/12/04	;1871	;Disminuir por61.9%	; --%	;1888	;Disminuir por63.3%	; --%	;439	;Disminuir por22.6%	; --%	;180	;Disminuir por36.2%	; --%	;156	;Disminuir por32.8%	; --%	;116	;Disminuir por33.3%	; --%	;
5	;(Viernes)2025/12/05	;5323	;Disminuir por33.2%	; --%	;5575	;Disminuir por30.3%	; --%	;389	;Disminuir por18.4%	; --%	;176	;Disminuir por22.5%	; --%	;249	;Disminuir por38.2%	; --%	;224	;Disminuir por14.8%	; --%	;
6	;(Sábado)2025/12/06	;18616	;Aumentar por199.1%	; --%	;21491	;Aumentar por243.9%	; --%	;192	;Disminuir por61.8%	; --%	;83	;Disminuir por67.1%	; --%	;386	;Disminuir por2.5%	; --%	;381	;Aumentar por50.0%	; --%	;
7	;(Domingo)2025/12/07	;22265	;Aumentar por223.5%	; --%	;25506	;Aumentar por262.5%	; --%	;114	;Disminuir por77.1%	; --%	;59	;Disminuir por73.4%	; --%	;319	;Disminuir por29.0%	; --%	;339	;Aumentar por11.1%	; --%	;
8	;(Lunes)2025/12/08	;11581	;Aumentar por22.0%	; --%	;10719	;Aumentar por9.8%	; --%	;189	;Disminuir por53.1%	; --%	;88	;Disminuir por55.6%	; --%	;312	;Disminuir por12.4%	; --%	;254	;Disminuir por9.9%	; --%	;
9	;(Martes)2025/12/09	;1836	;Disminuir por81.4%	; --%	;1694	;Disminuir por82.6%	; --%	;370	;Aumentar por51.6%	; --%	;147	;Aumentar por18.5%	; --%	;177	;Disminuir por52.0%	; --%	;103	;Disminuir por70.6%	; --%	;
10	;(Miércoles)2025/12/10	;1711	;Aumentar por32.2%	; --%	;1595	;Aumentar por3.2%	; --%	;348	;Aumentar por101.2%	; --%	;145	;Aumentar por70.6%	; --%	;159	;Aumentar por120.8%	; --%	;110	;Aumentar por50.7%	; --%	;
11	;(Jueves)2025/12/11	;1503	;Disminuir por36.3%	; --%	;1438	;Disminuir por25.1%	; --%	;342	;Aumentar por25.3%	; --%	;137	;Aumentar por7.0%	; --%	;161	;Disminuir por24.1%	; --%	;113	;Aumentar por3.7%	; --%	;
12	;(Viernes)2025/12/12	;2836	;Disminuir por13.9%	; --%	;2873	;Disminuir por17.9%	; --%	;414	;Disminuir por31.6%	; --%	;181	;Disminuir por38.4%	; --%	;182	;Disminuir por40.7%	; --%	;147	;Disminuir por26.9%	; --%	;
13	;(Sábado)2025/12/13	;7492	;Disminuir por34.5%	; --%	;7712	;Disminuir por40.9%	; --%	;193	;Disminuir por34.8%	; --%	;73	;Disminuir por47.1%	; --%	;178	;Disminuir por50.6%	; --%	;176	;Disminuir por52.7%	; --%	;
14	;(Domingo)2025/12/14	;1075	;Disminuir por90.3%	; --%	;795	;Disminuir por93.1%	; --%	;334	;Disminuir por43.6%	; --%	;174	;Disminuir por45.5%	; --%	;46	;Disminuir por78.5%	; --%	;40	;Disminuir por80.8%	; --%	;
15	;(Lunes)2025/12/15	;622	;Disminuir por95.6%	; --%	;604	;Disminuir por96.1%	; --%	;382	;Aumentar por24.0%	; --%	;161	;Aumentar por21.1%	; --%	;28	;Disminuir por94.5%	; --%	;25	;Disminuir por93.9%	; --%	;
16	;(Martes)2025/12/16	;616	;Disminuir por92.5%	; --%	;587	;Disminuir por92.6%	; --%	;368	;Aumentar por14.6%	; --%	;145	;Disminuir por9.4%	; --%	;79	;Disminuir por81.3%	; --%	;40	;Disminuir por87.5%	; --%	;
17	;(Miércoles)2025/12/17	;443	;Disminuir por87.5%	; --%	;410	;Disminuir por87.5%	; --%	;449	;Disminuir por13.2%	; --%	;187	;Disminuir por23.7%	; --%	;17	;Disminuir por93.9%	; --%	;20	;Disminuir por89.1%	; --%	;
18	;(Jueves)2025/12/18	;1275	;Disminuir por57.8%	; --%	;1236	;Disminuir por56.2%	; --%	;414	;Disminuir por22.6%	; --%	;158	;Disminuir por40.8%	; --%	;154	;Disminuir por43.4%	; --%	;115	;Disminuir por36.1%	; --%	;
19	;(Viernes)2025/12/19	;2501	;Disminuir por13.9%	; --%	;2538	;Disminuir por6.9%	; --%	;409	;Disminuir por19.2%	; --%	;170	;Disminuir por26.7%	; --%	;165	;Disminuir por34.0%	; --%	;151	;Disminuir por11.2%	; --%	;
20	;(Sábado)2025/12/20	;7290	;Aumentar por211.8%	; --%	;7426	;Aumentar por229.8%	; --%	;216	;Disminuir por62.6%	; --%	;81	;Disminuir por69.8%	; --%	;204	;Aumentar por26.7%	; --%	;184	;Aumentar por72.0%	; --%	;
21	;(Domingo)2025/12/21	;5892	;Aumentar por42.8%	; --%	;5567	;Aumentar por29.7%	; --%	;158	;Disminuir por65.5%	; --%	;53	;Disminuir por74.0%	; --%	;166	;Disminuir por46.5%	; --%	;175	;Disminuir por1.1%	; --%	;
22	;(Lunes)2025/12/22	;2093	;Disminuir por65.2%	; --%	;2023	;Disminuir por68.4%	; --%	;369	;Disminuir por3.4%	; --%	;150	;Disminuir por27.2%	; --%	;134	;Disminuir por51.1%	; --%	;106	;Disminuir por53.1%	; --%	;
23	;(Martes)2025/12/23	;2112	;Disminuir por66.7%	; --%	;2033	;Disminuir por66.7%	; --%	;397	;Aumentar por31.5%	; --%	;167	;Aumentar por17.6%	; --%	;137	;Disminuir por52.6%	; --%	;116	;Disminuir por46.0%	; --%	;
24	;(Miércoles)2025/12/24	;1986	;Disminuir por45.4%	; --%	;2064	;Disminuir por41.5%	; --%	;354	;Disminuir por30.6%	; --%	;149	;Disminuir por37.1%	; --%	;133	;Disminuir por73.1%	; --%	;110	;Disminuir por67.8%	; --%	;
25	;(Jueves)2025/12/25	;1422	;Disminuir por47.3%	; --%	;1363	;Disminuir por46.6%	; --%	;235	;Disminuir por61.5%	; --%	;76	;Disminuir por79.5%	; --%	;23	;Disminuir por90.9%	; --%	;26	;Disminuir por83.6%	; --%	;
26	;(Viernes)2025/12/26	;3382	;Aumentar por3.6%	; --%	;3489	;Aumentar por2.7%	; --%	;345	;Disminuir por30.0%	; --%	;174	;Disminuir por30.7%	; --%	;57	;Disminuir por78.4%	; --%	;65	;Disminuir por65.1%	; --%	;
27	;(Sábado)2025/12/27	;1899	;Disminuir por50.1%	; --%	;1994	;Disminuir por48.5%	; --%	;353	;Disminuir por37.7%	; --%	;176	;Disminuir por34.6%	; --%	;20	;Disminuir por93.7%	; --%	;35	;Disminuir por85.9%	; --%	;
28	;(Domingo)2025/12/28	;5681	;Disminuir por3.1%	; --%	;5345	;Disminuir por12.6%	; --%	;113	;Disminuir por79.3%	; --%	;76	;Disminuir por70.0%	; --%	;85	;Disminuir por81.8%	; --%	;125	;Disminuir por66.9%	; --%	;
29	;(Lunes)2025/12/29	;4829	;Disminuir por52.2%	; --%	;4309	;Disminuir por58.6%	; --%	;230	;Disminuir por11.5%	; --%	;122	;Disminuir por3.9%	; --%	;59	;Disminuir por84.6%	; --%	;93	;Disminuir por69.5%	; --%	;
30	;(Martes)2025/12/30	;7248	;Disminuir por6.6%	; --%	;6613	;Disminuir por9.6%	; --%	;258	;Aumentar por1.2%	; --%	;130	;Disminuir por3.7%	; --%	;172	;Disminuir por56.7%	; --%	;195	;Disminuir por36.7%	; --%	;
31	;(Miércoles)2025/12/31	;5404	;Aumentar por26.3%	; --%	;6261	;Aumentar por59.9%	; --%	;181	;Disminuir por62.8%	; --%	;121	;Disminuir por52.5%	; --%	;142	;Disminuir por63.3%	; --%	;211	;Disminuir por14.6%	; --%	;
32	;(Jueves)2026/01/01	;8529	;Aumentar por106.6%	; --%	;7549	;Aumentar por100.7%	; --%	;115	;Disminuir por77.8%	; --%	;89	;Disminuir por66.2%	; --%	;125	;Disminuir por63.6%	; --%	;154	;Disminuir por38.2%	; --%	;
33	;(Viernes)2026/01/02	;5809	;Aumentar por45.8%	; --%	;5662	;Aumentar por45.2%	; --%	;326	;Disminuir por37.1%	; --%	;150	;Disminuir por38.8%	; --%	;151	;Disminuir por57.8%	; --%	;149	;Disminuir por41.3%	; --%	;
34	;(Sábado)2026/01/03	;5231	;Aumentar por42.2%	; --%	;5055	;Aumentar por32.2%	; --%	;271	;Disminuir por46.9%	; --%	;116	;Disminuir por52.8%	; --%	;119	;Disminuir por61.6%	; --%	;125	;Disminuir por34.2%	; --%	;
35	;(Domingo)2026/01/04	;2226	;Disminuir por57.5%	; --%	;2256	;Disminuir por60.4%	; --%	;244	;Disminuir por56.4%	; --%	;124	;Disminuir por54.4%	; --%	;57	;Disminuir por87.2%	; --%	;64	;Disminuir por80.5%	; --%	;
36	;(Lunes)2026/01/05	;1292	;Disminuir por86.5%	; --%	;1302	;Disminuir por87.2%	; --%	;356	;Aumentar por16.0%	; --%	;165	;Aumentar por7.1%	; --%	;77	;Disminuir por83.7%	; --%	;71	;Disminuir por79.9%	; --%	;
37	;(Martes)2026/01/06	;872	;Disminuir por88.8%	; --%	;907	;Disminuir por87.9%	; --%	;246	;Disminuir por14.0%	; --%	;123	;Disminuir por29.7%	; --%	;51	;Disminuir por89.4%	; --%	;38	;Disminuir por89.5%	; --%	;
38	;(Miércoles)2026/01/07	;655	;Disminuir por85.5%	; --%	;625	;Disminuir por85.4%	; --%	;334	;Disminuir por30.1%	; --%	;129	;Disminuir por43.7%	; --%	;105	;Disminuir por70.2%	; --%	;76	;Disminuir por67.9%	; --%	;
39	;(Jueves)2026/01/08	;738	;Disminuir por80.5%	; --%	;712	;Disminuir por80.2%	; --%	;373	;Disminuir por26.6%	; --%	;163	;Disminuir por36.8%	; --%	;135	;Disminuir por58.6%	; --%	;94	;Disminuir por53.0%	; --%	;
40	;(Viernes)2026/01/09	;945	;Disminuir por78.7%	; --%	;946	;Disminuir por77.8%	; --%	;446	;Disminuir por14.9%	; --%	;190	;Disminuir por18.5%	; --%	;155	;Disminuir por63.1%	; --%	;127	;Disminuir por54.2%	; --%	;
41	;(Sábado)2026/01/10	;1488	;Disminuir por71.8%	; --%	;1383	;Disminuir por72.8%	; --%	;257	;Disminuir por56.0%	; --%	;126	;Disminuir por55.8%	; --%	;136	;Disminuir por69.0%	; --%	;78	;Disminuir por77.8%	; --%	;
42	;(Domingo)2026/01/11	;1339	;Disminuir por78.7%	; --%	;1317	;Disminuir por80.2%	; --%	;227	;Disminuir por58.3%	; --%	;92	;Disminuir por62.9%	; --%	;107	;Disminuir por75.2%	; --%	;84	;Disminuir por74.0%	; --%	;
43	;(Lunes)2026/01/12	;605	;Disminuir por94.4%	; --%	;569	;Disminuir por95.2%	; --%	;419	;Aumentar por35.2%	; --%	;177	;Aumentar por45.1%	; --%	;131	;Disminuir por70.1%	; --%	;89	;Disminuir por75.6%	; --%	;
44	;(Martes)2026/01/13	;614	;Disminuir por93.2%	; --%	;576	;Disminuir por93.1%	; --%	;409	;Aumentar por76.3%	; --%	;169	;Aumentar por26.1%	; --%	;134	;Disminuir por69.8%	; --%	;69	;Disminuir por81.6%	; --%	;
45	;(Miércoles)2026/01/14	;595	;Disminuir por87.2%	; --%	;576	;Disminuir por87.7%	; --%	;420	;Disminuir por15.5%	; --%	;186	;Disminuir por24.1%	; --%	;118	;Disminuir por68.0%	; --%	;58	;Disminuir por81.1%	; --%	;
46	;(Jueves)2026/01/15	;584	;Disminuir por85.5%	; --%	;525	;Disminuir por86.8%	; --%	;419	;Disminuir por21.7%	; --%	;187	;Disminuir por25.2%	; --%	;159	;Disminuir por44.0%	; --%	;92	;Disminuir por54.5%	; --%	;
47	;(Viernes)2026/01/16	;678	;Disminuir por85.4%	; --%	;669	;Disminuir por85.3%	; --%	;428	;Disminuir por12.7%	; --%	;198	;Disminuir por2.9%	; --%	;140	;Disminuir por65.9%	; --%	;75	;Disminuir por73.8%	; --%	;
48	;(Sábado)2026/01/17	;839	;Disminuir por83.1%	; --%	;815	;Disminuir por83.6%	; --%	;418	;Disminuir por17.7%	; --%	;179	;Disminuir por22.5%	; --%	;20	;Disminuir por95.1%	; --%	;13	;Disminuir por95.7%	; --%	;
49	;(Domingo)2026/01/18	;1284	;Disminuir por82.6%	; --%	;1232	;Disminuir por84.3%	; --%	;215	;Disminuir por57.4%	; --%	;108	;Disminuir por55.4%	; --%	;104	;Disminuir por77.0%	; --%	;70	;Disminuir por81.5%	; --%	;
50	;(Lunes)2026/01/19	;474	;Disminuir por96.3%	; --%	;414	;Disminuir por97.2%	; --%	;420	;Aumentar por57.9%	; --%	;196	;Aumentar por86.7%	; --%	;70	;Disminuir por84.3%	; --%	;37	;Disminuir por90.9%	; --%	;
51	;(Martes)2026/01/20	;347	;Disminuir por97.4%	; --%	;364	;Disminuir por97.3%	; --%	;432	;Aumentar por94.6%	; --%	;191	;Aumentar por61.9%	; --%	;30	;Disminuir por93.3%	; --%	;20	;Disminuir por95.2%	; --%	;
52	;(Miércoles)2026/01/21	;517	;Disminuir por93.3%	; --%	;497	;Disminuir por93.5%	; --%	;388	;Disminuir por20.5%	; --%	;178	;Disminuir por29.1%	; --%	;97	;Disminuir por76.1%	; --%	;62	;Disminuir por79.7%	; --%	;
53	;(Jueves)2026/01/22	;723	;Disminuir por87.9%	; --%	;726	;Disminuir por88.6%	; --%	;408	;Disminuir por7.7%	; --%	;202	;Disminuir por3.8%	; --%	;133	;Disminuir por60.2%	; --%	;71	;Disminuir por67.4%	; --%	;
54	;(Viernes)2026/01/23	;776	;Disminuir por88.7%	; --%	;825	;Disminuir por87.9%	; --%	;429	;Disminuir por10.1%	; --%	;205	;Disminuir por1.4%	; --%	;108	;Disminuir por75.4%	; --%	;70	;Disminuir por79.4%	; --%	;
55	;(Sábado)2026/01/24	;1912	;Disminuir por66.5%	; --%	;1973	;Disminuir por65.9%	; --%	;252	;Disminuir por46.3%	; --%	;110	;Disminuir por48.6%	; --%	;69	;Disminuir por83.1%	; --%	;61	;Disminuir por78.7%	; --%	;
56	;(Domingo)2026/01/25	;2385	;Disminuir por70.2%	; --%	;2572	;Disminuir por70.5%	; --%	;148	;Disminuir por72.1%	; --%	;70	;Disminuir por68.8%	; --%	;146	;Disminuir por69.1%	; --%	;154	;Disminuir por57.7%	; --%	;
57	;(Lunes)2026/01/26	;671	;Disminuir por94.5%	; --%	;605	;Disminuir por95.5%	; --%	;418	;Aumentar por40.3%	; --%	;190	;Aumentar por36.7%	; --%	;110	;Disminuir por78.3%	; --%	;69	;Disminuir por85.5%	; --%	;
58	;(Martes)2026/01/27	;615	;Disminuir por93.5%	; --%	;610	;Disminuir por93.3%	; --%	;427	;Aumentar por47.8%	; --%	;191	;Aumentar por40.4%	; --%	;101	;Disminuir por79.9%	; --%	;61	;Disminuir por84.5%	; --%	;
59	;(Miércoles)2026/01/28	;497	;Disminuir por93.5%	; --%	;471	;Disminuir por93.9%	; --%	;403	;Disminuir por7.4%	; --%	;176	;Disminuir por10.7%	; --%	;55	;Disminuir por90.3%	; --%	;26	;Disminuir por96.0%	; --%	;
60	;(Jueves)2026/01/29	;621	;Disminuir por92.1%	; --%	;602	;Disminuir por92.2%	; --%	;401	;Disminuir por10.1%	; --%	;183	;Disminuir por28.8%	; --%	;79	;Disminuir por78.2%	; --%	;51	;Disminuir por80.2%	; --%	;
61	;(Viernes)2026/01/30	;1129	;Disminuir por85.0%	; --%	;1071	;Disminuir por86.4%	; --%	;426	;Disminuir por15.0%	; --%	;181	;Disminuir por13.4%	; --%	;131	;Disminuir por68.5%	; --%	;85	;Disminuir por71.0%	; --%	;
62	;(Sábado)2026/01/31	;1266	;Disminuir por83.5%	; --%	;1409	;Disminuir por81.6%	; --%	;272	;Disminuir por43.7%	; --%	;126	;Disminuir por43.5%	; --%	;68	;Disminuir por86.4%	; --%	;42	;Disminuir por88.6%	; --%	;
63	;(Domingo)2026/02/01	;2086	;Disminuir por76.1%	; --%	;1962	;Disminuir por78.7%	; --%	;213	;Disminuir por60.0%	; --%	;97	;Disminuir por62.4%	; --%	;136	;Disminuir por72.6%	; --%	;115	;Disminuir por69.7%	; --%	;
64	;(Lunes)2026/02/02	;621	;Disminuir por95.3%	; --%	;618	;Disminuir por95.9%	; --%	;414	;Aumentar por12.5%	; --%	;181	;Aumentar por38.2%	; --%	;87	;Disminuir por80.7%	; --%	;45	;Disminuir por90.5%	; --%	;
65	;(Martes)2026/02/03	;831	;Disminuir por93.4%	; --%	;812	;Disminuir por93.7%	; --%	;434	;Aumentar por77.1%	; --%	;205	;Aumentar por19.9%	; --%	;147	;Disminuir por66.1%	; --%	;87	;Disminuir por78.6%	; --%	;
66	;(Miércoles)2026/02/04	;792	;Disminuir por92.6%	; --%	;686	;Disminuir por94.2%	; --%	;397	;Disminuir por13.5%	; --%	;163	;Disminuir por23.1%	; --%	;117	;Disminuir por76.4%	; --%	;70	;Disminuir por85.1%	; --%	;
67	;(Jueves)2026/02/05	;491	;Disminuir por95.9%	; --%	;383	;Disminuir por96.9%	; --%	;225	;Disminuir por42.3%	; --%	;104	;Disminuir por37.0%	; --%	;62	;Disminuir por87.3%	; --%	;27	;Disminuir por93.3%	; --%	;
68	;(Viernes)2026/02/06	;1308	;Disminuir por86.9%	; --%	;1294	;Disminuir por87.7%	; --%	;440	;Aumentar por0.7%	; --%	;225	;Aumentar por5.1%	; --%	;162	;Disminuir por60.9%	; --%	;92	;Disminuir por71.6%	; --%	;
69	;(Sábado)2026/02/07	;2526	;Disminuir por75.8%	; --%	;2697	;Disminuir por75.7%	; --%	;258	;Disminuir por45.7%	; --%	;123	;Disminuir por39.1%	; --%	;142	;Disminuir por72.8%	; --%	;129	;Disminuir por63.9%	; --%	;
70	;(Domingo)2026/02/08	;2138	;Disminuir por80.9%	; --%	;1942	;Disminuir por84.1%	; --%	;191	;Disminuir por59.7%	; --%	;83	;Disminuir por65.0%	; --%	;116	;Disminuir por79.1%	; --%	;115	;Disminuir por73.1%	; --%	;
71	;(Lunes)2026/02/09	;911	;Disminuir por93.5%	; --%	;865	;Disminuir por94.4%	; --%	;407	;Aumentar por42.3%	; --%	;186	;Aumentar por56.3%	; --%	;168	;Disminuir por64.1%	; --%	;122	;Disminuir por69.1%	; --%	;
72	;(Martes)2026/02/10	;989	;Disminuir por91.9%	; --%	;1058	;Disminuir por91.2%	; --%	;382	;Aumentar por62.6%	; --%	;175	;Aumentar por43.4%	; --%	;172	;Disminuir por57.7%	; --%	;101	;Disminuir por70.0%	; --%	;
73	;(Miércoles)2026/02/11	;1059	;Disminuir por86.9%	; --%	;1006	;Disminuir por87.9%	; --%	;408	;Disminuir por9.7%	; --%	;187	;Disminuir por9.7%	; --%	;197	;Disminuir por56.7%	; --%	;142	;Disminuir por58.7%	; --%	;
74	;(Jueves)2026/02/12	;1478	;Disminuir por82.1%	; --%	;1586	;Disminuir por81.4%	; --%	;424	;Disminuir por7.0%	; --%	;184	;Disminuir por18.9%	; --%	;128	;Disminuir por71.9%	; --%	;87	;Disminuir por73.5%	; --%	;
75	;(Viernes)2026/02/13	;1318	;Disminuir por87.2%	; --%	;1209	;Disminuir por88.7%	; --%	;489	;Disminuir por3.9%	; --%	;202	;Disminuir por12.6%	; --%	;88	;Disminuir por82.5%	; --%	;48	;Disminuir por90.6%	; --%	;
76	;(Sábado)2026/02/14	;326	;Disminuir por96.8%	; --%	;409	;Disminuir por96.2%	; --%	;243	;Disminuir por45.1%	; --%	;137	;Disminuir por27.9%	; --%	;10	;Disminuir por97.9%	; --%	;5	;Disminuir por98.9%	; --%	;
77	;(Domingo)2026/02/15	;2994	;Disminuir por74.5%	; --%	;3133	;Disminuir por75.5%	; --%	;236	;Disminuir por51.4%	; --%	;121	;Disminuir por48.3%	; --%	;114	;Disminuir por77.0%	; --%	;87	;Disminuir por78.0%	; --%	;
78	;(Lunes)2026/02/16	;2022	;Disminuir por85.2%	; --%	;1960	;Disminuir por87.7%	; --%	;442	;Aumentar por41.2%	; --%	;199	;Aumentar por39.2%	; --%	;266	;Disminuir por31.6%	; --%	;197	;Disminuir por43.1%	; --%	;
79	;(Martes)2026/02/17	;1764	;Disminuir por87.5%	; --%	;1737	;Disminuir por87.8%	; --%	;440	;Aumentar por52.2%	; --%	;209	;Aumentar por41.2%	; --%	;212	;Disminuir por57.3%	; --%	;150	;Disminuir por66.1%	; --%	;
80	;(Miércoles)2026/02/18	;1575	;Disminuir por85.4%	; --%	;1563	;Disminuir por86.1%	; --%	;434	;Disminuir por12.0%	; --%	;198	;Disminuir por19.5%	; --%	;145	;Disminuir por71.3%	; --%	;105	;Disminuir por77.4%	; --%	;
81	;(Jueves)2026/02/19	;1252	;Disminuir por90.8%	; --%	;1320	;Disminuir por91.0%	; --%	;454	;Disminuir por29.1%	; --%	;201	;Disminuir por49.1%	; --%	;140	;Disminuir por75.0%	; --%	;110	;Disminuir por76.7%	; --%	;
82	;(Viernes)2026/02/20	;1590	;Disminuir por87.0%	; --%	;1776	;Disminuir por86.4%	; --%	;466	;Disminuir por11.6%	; --%	;214	;Disminuir por19.5%	; --%	;180	;Disminuir por24.4%	; --%	;107	;Disminuir por52.7%	; --%	;
83	;(Sábado)2026/02/21	;3667	;Disminuir por67.0%	; --%	;3824	;Disminuir por68.6%	; --%	;350	;Disminuir por24.9%	; --%	;133	;Disminuir por36.4%	; --%	;163	;Disminuir por63.5%	; --%	;142	;Disminuir por59.5%	; --%	;
84	;(Domingo)2026/02/22	;4046	;Disminuir por65.9%	; --%	;3898	;Disminuir por69.2%	; --%	;254	;Disminuir por51.2%	; --%	;113	;Disminuir por51.9%	; --%	;279	;Disminuir por25.4%	; --%	;228	;Disminuir por37.7%	; --%	;
85	;(Lunes)2026/02/23	;1456	;Disminuir por88.4%	; --%	;1441	;Disminuir por90.1%	; --%	;465	;Aumentar por28.8%	; --%	;202	;Aumentar por8.6%	; --%	;177	;Disminuir por24.0%	; --%	;121	;Disminuir por23.9%	; --%	;
86	;(Martes)2026/02/24	;1459	;Disminuir por89.5%	; --%	;1409	;Disminuir por90.2%	; --%	;459	;Aumentar por66.3%	; --%	;230	;Aumentar por74.2%	; --%	;205	;Disminuir por46.5%	; --%	;152	;Disminuir por54.4%	; --%	;
87	;(Miércoles)2026/02/25	;1043	;Disminuir por90.9%	; --%	;989	;Disminuir por91.6%	; --%	;456	;Aumentar por1.3%	; --%	;187	;Disminuir por17.6%	; --%	;113	;Disminuir por73.2%	; --%	;65	;Disminuir por80.1%	; --%	;
88	;(Jueves)2026/02/26	;1488	;Disminuir por86.5%	; --%	;1509	;Disminuir por88.0%	; --%	;456	;Aumentar por14.9%	; --%	;183	;Aumentar por0.5%	; --%	;173	;Disminuir por56.6%	; --%	;120	;Disminuir por55.2%	; --%	;
89	;(Viernes)2026/02/27	;1865	;Disminuir por85.5%	; --%	;2020	;Disminuir por85.2%	; --%	;492	;Aumentar por8.4%	; --%	;227	;Aumentar por11.3%	; --%	;157	;Disminuir por68.3%	; --%	;91	;Disminuir por74.4%	; --%	;
90	;(Sábado)2026/02/28	;3196	;Disminuir por75.0%	; --%	;3471	;Disminuir por75.3%	; --%	;334	;Disminuir por26.4%	; --%	;146	;Disminuir por32.7%	; --%	;124	;Disminuir por76.3%	; --%	;90	;Disminuir por77.6%	; --%	;
91	;(Domingo)2026/03/01	;3514	;Disminuir por74.2%	; --%	;3474	;Disminuir por76.3%	; --%	;275	;Disminuir por44.1%	; --%	;136	;Disminuir por39.0%	; --%	;203	;Disminuir por60.0%	; --%	;162	;Disminuir por64.0%	; --%	;
92	;(Lunes)2026/03/02	;1134	;Disminuir por93.0%	; --%	;1160	;Disminuir por93.4%	; --%	;425	;Aumentar por40.7%	; --%	;167	;Aumentar por10.6%	; --%	;92	;Disminuir por82.9%	; --%	;47	;Disminuir por90.2%	; --%	;
93	;(Martes)2026/03/03	;415	;Disminuir por97.3%	; --%	;505	;Disminuir por96.7%	; --%	;233	;Disminuir por16.5%	; --%	;112	;Disminuir por24.8%	; --%	;26	;Disminuir por95.1%	; --%	;8	;Disminuir por98.4%	; --%	;
94	;(Miércoles)2026/03/04	;453	;Disminuir por96.9%	; --%	;595	;Disminuir por96.2%	; --%	;445	;Disminuir por3.7%	; --%	;175	;Disminuir por26.5%	; --%	;41	;Disminuir por92.3%	; --%	;20	;Disminuir por95.1%	; --%	;
95	;(Jueves)2026/03/05	;457	;Disminuir por96.4%	; --%	;566	;Disminuir por95.8%	; --%	;478	;Aumentar por14.9%	; --%	;208	;Aumentar por9.5%	; --%	;23	;Disminuir por96.2%	; --%	;17	;Disminuir por97.0%	; --%	;
96	;(Viernes)2026/03/06	;766	;Disminuir por95.0%	; --%	;822	;Disminuir por94.9%	; --%	;543	;Aumentar por24.5%	; --%	;232	;Aumentar por18.4%	; --%	;29	;Disminuir por92.0%	; --%	;24	;Disminuir por91.5%	; --%	;
97	;(Sábado)2026/03/07	;906	;Disminuir por95.0%	; --%	;1057	;Disminuir por94.7%	; --%	;344	;Disminuir por23.2%	; --%	;155	;Disminuir por22.9%	; --%	;18	;Disminuir por95.7%	; --%	;25	;Disminuir por94.3%	; --%	;
98	;(Domingo)2026/03/08	;2825	;Disminuir por79.9%	; --%	;2995	;Disminuir por81.9%	; --%	;282	;Disminuir por41.5%	; --%	;126	;Disminuir por46.8%	; --%	;141	;Disminuir por69.1%	; --%	;127	;Disminuir por67.2%	; --%	;
99	;(Lunes)2026/03/09	;1516	;Disminuir por91.5%	; --%	;1465	;Disminuir por92.5%	; --%	;501	;Aumentar por58.5%	; --%	;237	;Aumentar por51.0%	; --%	;140	;Disminuir por77.2%	; --%	;106	;Disminuir por80.5%	; --%	;
100	;(Martes)2026/03/10	;960	;Disminuir por94.2%	; --%	;901	;Disminuir por94.6%	; --%	;478	;Aumentar por99.2%	; --%	;240	;Aumentar por133.0%	; --%	;94	;Disminuir por79.4%	; --%	;72	;Disminuir por81.0%	; --%	;
101	;(Miércoles)2026/03/11	;1590	;Disminuir por89.7%	; --%	;1461	;Disminuir por90.8%	; --%	;515	;Aumentar por25.6%	; --%	;237	;Aumentar por11.3%	; --%	;170	;Disminuir por71.9%	; --%	;129	;Disminuir por73.3%	; --%	;
102	;(Jueves)2026/03/12	;1800	;Disminuir por88.7%	; --%	;1959	;Disminuir por88.1%	; --%	;512	;Aumentar por21.3%	; --%	;247	;Aumentar por24.1%	; --%	;181	;Disminuir por67.9%	; --%	;127	;Disminuir por69.1%	; --%	;
103	;(Viernes)2026/03/13	;2577	;Disminuir por82.9%	; --%	;2500	;Disminuir por84.8%	; --%	;564	;Aumentar por41.7%	; --%	;284	;Aumentar por43.4%	; --%	;215	;Disminuir por54.5%	; --%	;157	;Disminuir por62.4%	; --%	;
104	;(Sábado)2026/03/14	;3161	;Disminuir por77.9%	; --%	;3314	;Disminuir por78.3%	; --%	;340	;Disminuir por29.5%	; --%	;185	;Disminuir por19.9%	; --%	;127	;Disminuir por74.3%	; --%	;149	;Disminuir por64.0%	; --%	;
105	;(Domingo)2026/03/15	;2179	;Disminuir por85.7%	; --%	;2262	;Disminuir por86.3%	; --%	;312	;Disminuir por36.5%	; --%	;159	;Disminuir por34.3%	; --%	;97	;Disminuir por82.9%	; --%	;88	;Disminuir por81.8%	; --%	;
106	;(Lunes)2026/03/16	;1920	;Disminuir por89.3%	; --%	;2032	;Disminuir por89.5%	; --%	;495	;Aumentar por54.2%	; --%	;223	;Aumentar por44.8%	; --%	;249	;Disminuir por59.8%	; --%	;179	;Disminuir por67.6%	; --%	;
107	;(Martes)2026/03/17	;2142	;Disminuir por88.4%	; --%	;2153	;Disminuir por89.3%	; --%	;544	;Aumentar por115.0%	; --%	;263	;Aumentar por75.3%	; --%	;211	;Disminuir por64.5%	; --%	;132	;Disminuir por69.9%	; --%	;
108	;(Miércoles)2026/03/18	;2007	;Disminuir por90.0%	; --%	;2182	;Disminuir por90.0%	; --%	;532	;Aumentar por13.0%	; --%	;233	;Disminuir por9.0%	; --%	;191	;Disminuir por63.1%	; --%	;115	;Disminuir por73.5%	; --%	;
109	;(Jueves)2026/03/19	;2799	;Disminuir por82.7%	; --%	;3114	;Disminuir por82.5%	; --%	;314	;Disminuir por26.5%	; --%	;166	;Disminuir por18.2%	; --%	;186	;Disminuir por61.4%	; --%	;133	;Disminuir por63.9%	; --%	;
110	;(Viernes)2026/03/20	;3548	;Disminuir por79.0%	; --%	;3840	;Disminuir por79.3%	; --%	;528	;Aumentar por24.8%	; --%	;260	;Aumentar por23.2%	; --%	;204	;Disminuir por62.1%	; --%	;161	;Disminuir por66.7%	; --%	;
111	;(Sábado)2026/03/21	;6456	;Disminuir por62.7%	; --%	;6999	;Disminuir por63.2%	; --%	;348	;Disminuir por9.4%	; --%	;146	;Disminuir por19.3%	; --%	;209	;Disminuir por62.9%	; --%	;177	;Disminuir por64.2%	; --%	;
112	;(Domingo)2026/03/22	;4315	;Disminuir por74.4%	; --%	;4392	;Disminuir por75.7%	; --%	;300	;Disminuir por28.6%	; --%	;148	;Disminuir por20.9%	; --%	;239	;Disminuir por55.7%	; --%	;191	;Disminuir por62.2%	; --%	;
113	;(Lunes)2026/03/23	;1689	;Disminuir por90.0%	; --%	;1664	;Disminuir por91.1%	; --%	;573	;Aumentar por92.3%	; --%	;281	;Aumentar por92.5%	; --%	;135	;Disminuir por77.7%	; --%	;66	;Disminuir por87.8%	; --%	;
114	;(Martes)2026/03/24	;2175	;Disminuir por87.9%	; --%	;2027	;Disminuir por89.1%	; --%	;602	;Aumentar por122.1%	; --%	;293	;Aumentar por112.3%	; --%	;199	;Disminuir por67.9%	; --%	;134	;Disminuir por79.5%	; --%	;
115	;(Miércoles)2026/03/25	;1288	;Disminuir por92.0%	; --%	;1092	;Disminuir por93.6%	; --%	;282	;Disminuir por34.3%	; --%	;142	;Disminuir por37.7%	; --%	;158	;Disminuir por70.8%	; --%	;77	;Disminuir por83.5%	; --%	;
116	;(Jueves)2026/03/26	;1941	;Disminuir por87.6%	; --%	;1898	;Disminuir por88.9%	; --%	;623	;Aumentar por28.7%	; --%	;309	;Aumentar por33.2%	; --%	;191	;Disminuir por67.7%	; --%	;102	;Disminuir por80.5%	; --%	;
117	;(Viernes)2026/03/27	;3292	;Disminuir por80.7%	; --%	;3350	;Disminuir por82.2%	; --%	;602	;Aumentar por41.3%	; --%	;327	;Aumentar por57.2%	; --%	;251	;Disminuir por57.7%	; --%	;153	;Disminuir por70.5%	; --%	;
118	;(Sábado)2026/03/28	;6642	;Disminuir por60.6%	; --%	;7391	;Disminuir por58.6%	; --%	;393	;Disminuir por11.9%	; --%	;199	;Disminuir por11.2%	; --%	;263	;Disminuir por58.1%	; --%	;237	;Disminuir por62.1%	; --%	;
119	;(Domingo)2026/03/29	;3286	;Disminuir por82.6%	; --%	;3621	;Disminuir por82.3%	; --%	;405	;Aumentar por8.9%	; --%	;251	;Aumentar por31.4%	; --%	;97	;Disminuir por82.3%	; --%	;61	;Disminuir por86.6%	; --%	;
120	;(Lunes)2026/03/30	;5798	;Disminuir por69.1%	; --%	;6214	;Disminuir por69.1%	; --%	;543	;Aumentar por72.9%	; --%	;281	;Aumentar por71.3%	; --%	;279	;Disminuir por45.2%	; --%	;213	;Disminuir por45.5%	; --%	;
121	;(Martes)2026/03/31	;4993	;Disminuir por71.7%	; --%	;5644	;Disminuir por69.0%	; --%	;556	;Aumentar por114.7%	; --%	;272	;Aumentar por104.5%	; --%	;240	;Disminuir por59.3%	; --%	;159	;Disminuir por67.6%	; --%	;
122	;(Miércoles)2026/04/01	;5622	;Disminuir por62.9%	; --%	;6060	;Disminuir por63.4%	; --%	;586	;Aumentar por26.0%	; --%	;281	;Aumentar por9.3%	; --%	;252	;Disminuir por50.0%	; --%	;167	;Disminuir por61.3%	; --%	;
123	;(Jueves)2026/04/02	;10612	;Disminuir por40.9%	; --%	;12347	;Disminuir por38.0%	; --%	;521	;Aumentar por22.6%	; --%	;268	;Aumentar por36.7%	; --%	;537	;Aumentar por11.2%	; --%	;291	;Disminuir por38.6%	; --%	;
124	;(Viernes)2026/04/03	;21767	;Aumentar por15.9%	; --%	;25414	;Aumentar por23.2%	; --%	;210	;Disminuir por42.6%	; --%	;109	;Disminuir por33.5%	; --%	;505	;Disminuir por14.0%	; --%	;540	;Aumentar por5.1%	; --%	;
125	;(Sábado)2026/04/04	;22935	;Aumentar por27.6%	; --%	;24751	;Aumentar por28.6%	; --%	;259	;Disminuir por35.4%	; --%	;154	;Disminuir por15.8%	; --%	;547	;Disminuir por9.4%	; --%	;477	;Disminuir por13.9%	; --%	;
126	;(Domingo)2026/04/05	;19225	;Aumentar por12.5%	; --%	;20545	;Aumentar por12.8%	; --%	;267	;Disminuir por34.7%	; --%	;164	;Disminuir por17.2%	; --%	;385	;Disminuir por19.3%	; --%	;346	;Disminuir por19.9%	; --%	;
127	;(Lunes)2026/04/06	;13146	;Disminuir por29.9%	; --%	;13037	;Disminuir por34.2%	; --%	;280	;Disminuir por42.5%	; --%	;159	;Disminuir por52.8%	; --%	;506	;Aumentar por0.6%	; --%	;372	;Disminuir por27.2%	; --%	;
128	;(Martes)2026/04/07	;5433	;Disminuir por66.1%	; --%	;5375	;Disminuir por69.3%	; --%	;446	;Aumentar por74.9%	; --%	;224	;Aumentar por62.3%	; --%	;330	;Disminuir por32.2%	; --%	;237	;Disminuir por50.0%	; --%	;
129	;(Miércoles)2026/04/08	;4901	;Disminuir por67.4%	; --%	;4861	;Disminuir por70.5%	; --%	;446	;Aumentar por4.2%	; --%	;210	;Aumentar por1.4%	; --%	;310	;Disminuir por42.6%	; --%	;210	;Disminuir por56.6%	; --%	;
130	;(Jueves)2026/04/09	;5289	;Disminuir por64.4%	; --%	;5337	;Disminuir por65.8%	; --%	;471	;Aumentar por14.3%	; --%	;213	;Aumentar por3.4%	; --%	;319	;Disminuir por32.6%	; --%	;215	;Disminuir por53.1%	; --%	;
131	;(Viernes)2026/04/10	;5712	;Disminuir por66.5%	; --%	;6104	;Disminuir por65.9%	; --%	;455	;Aumentar por23.3%	; --%	;224	;Aumentar por38.3%	; --%	;332	;Disminuir por39.0%	; --%	;246	;Disminuir por45.2%	; --%	;
132	;(Sábado)2026/04/11	;10311	;Disminuir por31.3%	; --%	;10697	;Disminuir por36.4%	; --%	;336	;Disminuir por10.9%	; --%	;200	;Aumentar por14.9%	; --%	;389	;Disminuir por14.9%	; --%	;400	;Disminuir por3.4%	; --%	;
133	;(Domingo)2026/04/12	;2689	;Disminuir por82.4%	; --%	;2500	;Disminuir por84.7%	; --%	;310	;Disminuir por24.9%	; --%	;190	;Disminuir por5.0%	; --%	;76	;Disminuir por86.5%	; --%	;53	;Disminuir por90.4%	; --%	;
134	;(Lunes)2026/04/13	;2735	;Disminuir por83.6%	; --%	;2694	;Disminuir por84.9%	; --%	;395	;Aumentar por46.3%	; --%	;222	;Aumentar por86.6%	; --%	;152	;Disminuir por77.0%	; --%	;111	;Disminuir por82.5%	; --%	;
135	;(Martes)2026/04/14	;2711	;Disminuir por81.9%	; --%	;2421	;Disminuir por83.6%	; --%	;521	;Aumentar por102.7%	; --%	;264	;Aumentar por106.3%	; --%	;206	;Disminuir por66.8%	; --%	;131	;Disminuir por76.0%	; --%	;
136	;(Miércoles)2026/04/15	;3367	;Disminuir por73.3%	; --%	;3142	;Disminuir por76.3%	; --%	;485	;Aumentar por10.7%	; --%	;241	;Aumentar por8.6%	; --%	;277	;Disminuir por45.5%	; --%	;203	;Disminuir por49.9%	; --%	;
137	;(Jueves)2026/04/16	;3224	;Disminuir por78.5%	; --%	;3070	;Disminuir por80.1%	; --%	;491	;Aumentar por47.9%	; --%	;246	;Aumentar por110.3%	; --%	;252	;Disminuir por49.3%	; --%	;153	;Disminuir por67.0%	; --%	;
138	;(Viernes)2026/04/17	;4021	;Disminuir por70.5%	; --%	;4090	;Disminuir por70.9%	; --%	;526	;Aumentar por64.4%	; --%	;277	;Aumentar por194.7%	; --%	;251	;Disminuir por51.7%	; --%	;159	;Disminuir por58.2%	; --%	;
139	;(Sábado)2026/04/18	;8097	;Disminuir por42.7%	;Disminuir por59.2%	;8445	;Disminuir por41.9%	;Disminuir por63.1%	;309	;Aumentar por2.7%	;Aumentar por200.0%	;148	;Aumentar por114.5%	;Aumentar por236.4%	;291	;Disminuir por28.1%	;Disminuir por31.4%	;228	;Disminuir por34.5%	;Disminuir por54.1%	;
140	;(Domingo)2026/04/19	;6122	;Disminuir por54.3%	;Disminuir por71.7%	;6238	;Disminuir por55.8%	;Disminuir por73.7%	;250	;Disminuir por41.5%	;Aumentar por5.5%	;145	;Disminuir por11.6%	;Aumentar por2.1%	;300	;Aumentar por8.7%	;Disminuir por31.5%	;229	;Disminuir por15.2%	;Disminuir por42.9%	;
141	;(Lunes)2026/04/20	;2954	;Disminuir por81.5%	;Disminuir por85.0%	;2979	;Disminuir por82.7%	;Disminuir por86.2%	;471	;Aumentar por77.7%	;Aumentar por97.9%	;220	;Aumentar por233.3%	;Aumentar por49.7%	;257	;Disminuir por47.3%	;Disminuir por42.6%	;169	;Disminuir por65.2%	;Disminuir por56.2%	;
142	;(Martes)2026/04/21	;2314	;Disminuir por83.6%	;Disminuir por83.9%	;2232	;Disminuir por84.9%	;Disminuir por85.0%	;464	;Aumentar por118.9%	;Aumentar por66.3%	;239	;Aumentar por378.0%	;Aumentar por63.7%	;235	;Disminuir por53.8%	;Disminuir por55.1%	;135	;Disminuir por69.0%	;Disminuir por66.7%	;
143	;(Miércoles)2026/04/22	;3379	;Disminuir por64.2%	;Disminuir por31.2%	;3436	;Disminuir por63.9%	;Disminuir por33.2%	;486	;Aumentar por67.0%	;Disminuir por14.3%	;243	;Aumentar por65.3%	;Disminuir por13.8%	;227	;Disminuir por38.1%	;Disminuir por2.2%	;148	;Disminuir por56.1%	;Disminuir por14.9%	;
144	;(Jueves)2026/04/23	;4145	;Disminuir por67.4%	;Disminuir por48.0%	;4532	;Disminuir por67.6%	;Disminuir por43.4%	;508	;Aumentar por100.8%	;Aumentar por6.5%	;279	;Aumentar por121.4%	;Aumentar por22.9%	;214	;Disminuir por40.9%	;Disminuir por46.9%	;121	;Disminuir por67.2%	;Disminuir por54.0%	;
145	;(Viernes)2026/04/24	;7252	;Disminuir por49.5%	;Aumentar por16.5%	;8308	;Disminuir por48.9%	;Aumentar por32.9%	;502	;Aumentar por93.1%	;Sin cambios	;235	;Aumentar por167.0%	;Disminuir por6.7%	;315	;Aumentar por3.6%	;Disminuir por20.5%	;215	;Disminuir por44.3%	;Disminuir por15.4%	;
146	;(Sábado)2026/04/25	;12854	;Disminuir por22.0%	;Aumentar por86.8%	;13352	;Disminuir por25.6%	;Aumentar por89.8%	;221	;Disminuir por16.3%	;Disminuir por55.6%	;98	;Disminuir por21.0%	;Disminuir por55.9%	;433	;Aumentar por30.0%	;Disminuir por3.6%	;319	;Disminuir por13.8%	;Aumentar por4.6%	;
147	;(Domingo)2026/04/26	;12208	;Disminuir por29.1%	;Aumentar por28.7%	;13062	;Disminuir por29.1%	;Aumentar por33.8%	;133	;Disminuir por63.0%	;Disminuir por67.0%	;75	;Disminuir por65.1%	;Disminuir por62.1%	;397	;Disminuir por4.6%	;Aumentar por11.5%	;330	;Disminuir por36.5%	;Aumentar por17.0%	;
148	;(Lunes)2026/04/27	;4054	;Disminuir por81.0%	;Disminuir por58.9%	;3995	;Disminuir por82.5%	;Disminuir por59.0%	;470	;Aumentar por264.3%	;Aumentar por92.6%	;222	;Aumentar por303.6%	;Aumentar por79.0%	;344	;Disminuir por3.9%	;Disminuir por6.8%	;244	;Disminuir por50.0%	;Disminuir por30.3%	;
149	;(Martes)2026/04/28	;3158	;Disminuir por82.6%	;Aumentar por144.0%	;3105	;Disminuir por83.1%	;Aumentar por100.8%	;479	;Aumentar por302.5%	;Aumentar por176.9%	;239	;Aumentar por368.6%	;Aumentar por181.2%	;269	;Disminuir por7.6%	;Aumentar por273.6%	;149	;Disminuir por60.4%	;Aumentar por104.1%	;
150	;(Miércoles)2026/04/29	;3215	;Disminuir por57.9%	;Aumentar por36.3%	;3424	;Disminuir por53.7%	;Aumentar por78.3%	;479	;Aumentar por39.7%	;Aumentar por75.5%	;211	;Aumentar por46.5%	;Aumentar por64.8%	;269	;Disminuir por25.7%	;Aumentar por26.9%	;179	;Disminuir por44.2%	;Aumentar por64.2%	;
151	;(Jueves)2026/04/30	;4539	;Disminuir por26.1%	;Aumentar por37.9%	;4873	;Disminuir por22.6%	;Aumentar por39.2%	;515	;Aumentar por57.5%	;Disminuir por14.9%	;232	;Aumentar por64.5%	;Disminuir por21.1%	;422	;Aumentar por28.3%	;Aumentar por37.5%	;284	;Aumentar por16.4%	;Aumentar por41.3%	;
152	;(Viernes)2026/05/01	;13931	;Aumentar por86.1%	;Aumentar por21.7%	;16000	;Aumentar por106.8%	;Aumentar por22.6%	;230	;Disminuir por42.4%	;Disminuir por22.3%	;127	;Disminuir por34.2%	;Disminuir por8.0%	;282	;Disminuir por27.1%	;Disminuir por21.7%	;303	;Disminuir por12.4%	;Disminuir por18.5%	;
153	;(Sábado)2026/05/02	;13904	;Aumentar por74.2%	;Aumentar por25.8%	;15414	;Aumentar por94.1%	;Aumentar por34.1%	;285	;Disminuir por33.1%	;Disminuir por51.9%	;152	;Disminuir por25.9%	;Disminuir por52.4%	;260	;Disminuir por51.6%	;Aumentar por21.5%	;241	;Disminuir por41.8%	;Aumentar por15.9%	;
154	;(Domingo)2026/05/03	;6838	;Disminuir por38.2%	;Disminuir por51.1%	;6670	;Disminuir por43.3%	;Disminuir por56.6%	;393	;Disminuir por22.6%	;Aumentar por27.6%	;207	;Disminuir por8.0%	;Aumentar por55.6%	;221	;Disminuir por55.3%	;Disminuir por56.8%	;170	;Disminuir por59.7%	;Disminuir por58.6%	;
155	;(Lunes)2026/05/04	;2483	;Disminuir por86.5%	;Disminuir por69.7%	;2547	;Disminuir por86.6%	;Disminuir por67.8%	;558	;Aumentar por189.1%	;Aumentar por73.8%	;308	;Aumentar por310.7%	;Aumentar por92.5%	;137	;Disminuir por83.4%	;Disminuir por67.5%	;95	;Disminuir por87.3%	;Disminuir por70.3%	;
156	;(Martes)2026/05/05	;2552	;Disminuir por72.7%	;Disminuir por27.8%	;2680	;Disminuir por72.0%	;Disminuir por18.1%	;535	;Aumentar por195.6%	;Aumentar por3.5%	;253	;Aumentar por169.1%	;Aumentar por3.3%	;186	;Disminuir por40.6%	;Disminuir por32.9%	;104	;Disminuir por67.1%	;Disminuir por43.5%	;
157	;(Miércoles)2026/05/06	;4359	;Disminuir por47.8%	;Aumentar por44.3%	;4151	;Disminuir por51.0%	;Aumentar por47.1%	;500	;Aumentar por12.9%	;Disminuir por6.5%	;218	;Disminuir por4.0%	;Disminuir por18.4%	;317	;Disminuir por26.8%	;Aumentar por16.5%	;207	;Disminuir por39.3%	;Aumentar por15.0%	;
158	;(Jueves)2026/05/07	;3382	;Disminuir por48.6%	;Aumentar por16.4%	;3619	;Disminuir por44.0%	;Aumentar por32.7%	;492	;Aumentar por10.8%	;Disminuir por2.8%	;249	;Aumentar por23.3%	;Aumentar por7.3%	;235	;Disminuir por31.7%	;Disminuir por6.0%	;158	;Disminuir por35.0%	;Disminuir por7.1%	;
159	;(Viernes)2026/05/08	;4295	;Disminuir por43.9%	;Aumentar por83.7%	;4722	;Disminuir por38.7%	;Aumentar por109.7%	;511	;Aumentar por24.0%	;Disminuir por11.6%	;275	;Aumentar por34.1%	;Aumentar por2.6%	;271	;Disminuir por35.0%	;Aumentar por68.3%	;170	;Disminuir por41.0%	;Aumentar por58.9%	;
160	;(Sábado)2026/05/09	;4446	;Disminuir por46.7%	;Aumentar por7.8%	;5267	;Disminuir por37.8%	;Aumentar por22.7%	;413	;Disminuir por7.2%	;Disminuir por9.8%	;230	;Aumentar por16.2%	;Aumentar por12.7%	;210	;Disminuir por56.3%	;Disminuir por32.3%	;194	;Disminuir por46.7%	;Aumentar por9.6%	;
161	;(Domingo)2026/05/10	;7673	;Disminuir por20.6%	;Aumentar por27.7%	;7955	;Disminuir por19.3%	;Aumentar por24.1%	;265	;Disminuir por46.8%	;Disminuir por30.6%	;129	;Disminuir por49.0%	;Disminuir por37.4%	;368	;Disminuir por24.4%	;Aumentar por34.3%	;307	;Disminuir por23.3%	;Aumentar por35.8%	;
162	;(Lunes)2026/05/11	;4871	;Disminuir por63.4%	;Disminuir por23.1%	;4956	;Disminuir por63.7%	;Disminuir por18.8%	;466	;Aumentar por35.5%	;Aumentar por54.3%	;248	;Aumentar por67.6%	;Aumentar por74.6%	;322	;Disminuir por26.0%	;Aumentar por11.4%	;185	;Disminuir por49.6%	;Disminuir por14.0%	;
163	;(Martes)2026/05/12	;2737	;Disminuir por65.5%	;Disminuir por24.7%	;2894	;Disminuir por62.5%	;Disminuir por18.0%	;460	;Aumentar por55.9%	;Disminuir por9.8%	;250	;Aumentar por63.4%	;Aumentar por5.5%	;219	;Disminuir por37.8%	;Disminuir por55.7%	;171	;Disminuir por30.5%	;Disminuir por50.0%	;
164	;(Miércoles)2026/05/13	;4381	;Aumentar por126.1%	;Aumentar por62.3%	;4395	;Aumentar por114.8%	;Aumentar por72.1%	;374	;Aumentar por1.9%	;Disminuir por38.8%	;200	;Aumentar por5.3%	;Disminuir por46.1%	;309	;Aumentar por965.5%	;Aumentar por22.1%	;225	;Aumentar por800.0%	;Aumentar por41.5%	;
165	;(Jueves)2026/05/14	;5042	;Aumentar por18.5%	;Aumentar por54.4%	;5155	;Aumentar por24.6%	;Aumentar por51.7%	;512	;Aumentar por15.8%	;Aumentar por3.9%	;265	;Aumentar por36.6%	;Aumentar por5.6%	;394	;Aumentar por15.2%	;Aumentar por49.2%	;249	;Disminuir por2.4%	;Aumentar por33.9%	;
166	;(Viernes)2026/05/15	;6320	;Aumentar por29.2%	;Aumentar por65.9%	;6909	;Aumentar por45.3%	;Aumentar por78.3%	;608	;Aumentar por36.3%	;Aumentar por7.2%	;322	;Aumentar por73.1%	;Aumentar por19.7%	;241	;Disminuir por42.5%	;Disminuir por24.2%	;190	;Disminuir por41.7%	;Disminuir por23.4%	;
167	;(Sábado)2026/05/16	;11381	;Aumentar por167.3%	;Aumentar por94.1%	;12109	;Aumentar por186.4%	;Aumentar por98.0%	;323	;Disminuir por23.5%	;Disminuir por40.7%	;170	;Disminuir por8.1%	;Disminuir por32.8%	;339	;Disminuir por1.5%	;Disminuir por27.3%	;233	;Disminuir por10.7%	;Disminuir por38.4%	;
168	;(Domingo)2026/05/17	;7801	;Aumentar por38.7%	;Disminuir por22.8%	;7838	;Aumentar por32.0%	;Disminuir por24.7%	;270	;Disminuir por43.8%	;Aumentar por3.8%	;133	;Disminuir por42.2%	;Aumentar por4.7%	;370	;Disminuir por5.9%	;Disminuir por3.6%	;273	;Disminuir por8.4%	;Disminuir por10.5%	;
169	;(Lunes)2026/05/18	;4730	;Disminuir por58.0%	;Disminuir por39.0%	;4700	;Disminuir por58.9%	;Disminuir por35.8%	;478	;Aumentar por57.8%	;Aumentar por87.5%	;252	;Aumentar por75.0%	;Aumentar por86.7%	;367	;Disminuir por14.5%	;Disminuir por7.6%	;263	;Disminuir por25.9%	;Disminuir por14.6%	;
170	;(Martes)2026/05/19	;3721	;Disminuir por54.2%	;Disminuir por13.1%	;3585	;Disminuir por54.0%	;Disminuir por8.4%	;464	;Aumentar por66.9%	;Disminuir por4.7%	;233	;Aumentar por72.6%	;Disminuir por8.6%	;280	;Disminuir por20.2%	;Disminuir por27.6%	;175	;Disminuir por43.9%	;Disminuir por29.1%	;
171	;(Miércoles)2026/05/20	;4336	;Disminuir por8.1%	;Aumentar por5.0%	;4423	;Disminuir por3.1%	;Aumentar por17.6%	;465	;Aumentar por3.3%	;Disminuir por10.1%	;229	;Disminuir por6.1%	;Disminuir por12.9%	;478	;Aumentar por23.8%	;Aumentar por39.4%	;372	;Aumentar por31.4%	;Aumentar por49.4%	;
172	;(Jueves)2026/05/21	;3902	;Aumentar por7.1%	;Disminuir por2.0%	;4081	;Aumentar por13.9%	;Aumentar por4.6%	;483	;Aumentar por9.0%	;Disminuir por6.8%	;251	;Aumentar por25.5%	;Aumentar por2.4%	;289	;Disminuir por15.2%	;Disminuir por19.3%	;167	;Disminuir por20.1%	;Disminuir por34.3%	;
173	;(Viernes)2026/05/22	;6248	;Aumentar por114.3%	;Aumentar por69.9%	;6585	;Aumentar por115.5%	;Aumentar por72.2%	;489	;Aumentar por35.1%	;Disminuir por4.1%	;270	;Aumentar por88.8%	;Aumentar por9.8%	;308	;Aumentar por13.2%	;Disminuir por0.6%	;243	;Aumentar por27.9%	;Aumentar por27.9%	;
174	;(Sábado)2026/05/23	;11587	;Aumentar por131.9%	;Aumentar por121.3%	;12607	;Aumentar por143.0%	;Aumentar por121.2%	;280	;Aumentar por84.2%	;Disminuir por49.9%	;146	;Aumentar por75.9%	;Disminuir por46.3%	;389	;Aumentar por126.2%	;Disminuir por12.6%	;331	;Aumentar por109.5%	;Aumentar por0.6%	;
175	;(Domingo)2026/05/24	;11732	;Aumentar por93.0%	;Aumentar por22.7%	;11827	;Aumentar por87.2%	;Aumentar por16.6%	;294	;Disminuir por35.0%	;Disminuir por4.2%	;181	;Disminuir por28.2%	;Aumentar por17.5%	;414	;Aumentar por176.0%	;Disminuir por12.1%	;360	;Aumentar por141.6%	;Aumentar por2.0%	;
176	;(Lunes)2026/05/25	;6836	;Aumentar por134.3%	;Disminuir por12.1%	;6602	;Aumentar por120.6%	;Disminuir por11.8%	;649	;Aumentar por66.8%	;Aumentar por126.9%	;384	;Aumentar por77.0%	;Aumentar por119.4%	;339	;Aumentar por769.2%	;Disminuir por29.2%	;237	;Aumentar por355.8%	;Disminuir por34.5%	;
177	;(Martes)2026/05/26	;4712	;Aumentar por45.8%	;Aumentar por4.4%	;4685	;Aumentar por46.4%	;Aumentar por9.2%	;496	;Aumentar por76.5%	;Aumentar por3.8%	;251	;Aumentar por79.3%	;Aumentar por9.6%	;336	;Aumentar por290.7%	;Disminuir por4.5%	;195	;Aumentar por143.8%	;Disminuir por17.7%	;
178	;(Miércoles)2026/05/27	;5522	;Aumentar por248.6%	;Aumentar por45.9%	;5616	;Aumentar por257.5%	;Aumentar por56.1%	;521	;Aumentar por7.0%	;Aumentar por2.6%	;272	;Aumentar por8.8%	;Aumentar por5.4%	;332	;Aumentar por381.2%	;Aumentar por1.8%	;216	;Aumentar por369.6%	;Aumentar por8.0%	;
179	;(Jueves)2026/05/28	;5595	;Aumentar por48.8%	;Aumentar por25.8%	;5705	;Aumentar por48.4%	;Aumentar por33.8%	;505	;Aumentar por18.3%	;Disminuir por3.6%	;249	;Aumentar por14.2%	;Aumentar por6.9%	;335	;Aumentar por6.7%	;Disminuir por20.2%	;224	;Disminuir por3.9%	;Disminuir por19.1%	;
180	;(Viernes)2026/05/29	;7091	;Aumentar por105.8%	;Aumentar por34.4%	;7611	;Aumentar por125.0%	;Aumentar por49.5%	;590	;Aumentar por29.1%	;Aumentar por1.0%	;332	;Aumentar por41.3%	;Aumentar por16.5%	;388	;Aumentar por36.6%	;Disminuir por11.6%	;260	;Aumentar por24.4%	;Disminuir por25.9%	;
181	;(Sábado)2026/05/30	;11913	;Aumentar por236.3%	;Aumentar por89.3%	;13592	;Aumentar por286.6%	;Aumentar por103.8%	;262	;Disminuir por41.9%	;Disminuir por51.8%	;148	;Disminuir por35.1%	;Disminuir por40.3%	;376	;Aumentar por39.8%	;Disminuir por13.0%	;314	;Aumentar por33.1%	;Disminuir por2.8%	;
182	;(Domingo)2026/05/31	;9943	;Aumentar por33.5%	;Disminuir por7.3%	;10017	;Aumentar por29.2%	;Disminuir por15.7%	;272	;Disminuir por35.8%	;Disminuir por12.3%	;143	;Disminuir por36.7%	;Aumentar por17.2%	;392	;Disminuir por25.6%	;Disminuir por10.5%	;305	;Disminuir por31.9%	;Disminuir por16.4%	;
183	;(Lunes)2026/06/01	;5141	;Disminuir por70.3%	;Disminuir por42.6%	;5429	;Disminuir por69.9%	;Disminuir por34.7%	;507	;Aumentar por218.9%	;Aumentar por118.5%	;255	;Aumentar por275.0%	;Aumentar por90.3%	;333	;Disminuir por58.5%	;Disminuir por24.8%	;251	;Disminuir por59.2%	;Disminuir por33.1%	;
184	;(Martes)2026/06/02	;5768	;Disminuir por38.5%	;Aumentar por24.3%	;5639	;Disminuir por36.6%	;Aumentar por20.9%	;545	;Aumentar por152.3%	;Aumentar por9.7%	;284	;Aumentar por134.7%	;Aumentar por15.9%	;406	;Disminuir por29.0%	;Aumentar por10.0%	;289	;Disminuir por36.2%	;Disminuir por5.9%	;
185	;(Miércoles)2026/06/03	;5800	;Aumentar por24.7%	;Aumentar por43.8%	;6019	;Aumentar por36.6%	;Aumentar por51.5%	;502	;Aumentar por19.2%	;Disminuir por6.2%	;252	;Aumentar por18.3%	;Aumentar por0.8%	;322	;Disminuir por10.6%	;Aumentar por13.4%	;250	;Disminuir por12.6%	;Aumentar por23.8%	;
186	;(Jueves)2026/06/04	;6168	;Aumentar por23.6%	;Aumentar por32.7%	;6643	;Aumentar por29.0%	;Aumentar por46.2%	;505	;Aumentar por20.0%	;Aumentar por3.1%	;257	;Aumentar por21.8%	;Aumentar por26.0%	;416	;Aumentar por32.9%	;Aumentar por1.5%	;303	;Aumentar por51.5%	;Aumentar por5.9%	;
187	;(Viernes)2026/06/05	;8683	;Aumentar por122.8%	;Aumentar por74.8%	;9425	;Aumentar por133.9%	;Aumentar por90.2%	;552	;Aumentar por22.1%	;Aumentar por8.7%	;253	;Aumentar por5.9%	;Aumentar por9.5%	;198	;Disminuir por36.7%	;Disminuir por51.5%	;217	;Aumentar por9.0%	;Disminuir por27.9%	;
188	;(Sábado)2026/06/06	;14485	;Aumentar por440.7%	;Aumentar por96.6%	;15080	;Aumentar por476.0%	;Aumentar por91.7%	;288	;Disminuir por36.6%	;Disminuir por43.0%	;137	;Disminuir por35.1%	;Disminuir por43.4%	;425	;Aumentar por73.5%	;Disminuir por6.2%	;463	;Aumentar por170.8%	;Aumentar por22.5%	;
189	;(Domingo)2026/06/07	;11970	;Aumentar por216.8%	;Disminuir por5.8%	;12101	;Aumentar por227.9%	;Disminuir por16.7%	;252	;Disminuir por50.7%	;Disminuir por5.3%	;171	;Disminuir por39.4%	;Aumentar por62.9%	;396	;Aumentar por15.8%	;Disminuir por11.4%	;360	;Aumentar por36.9%	;Disminuir por11.5%	;
190	;(Lunes)2026/06/08	;7891	;Aumentar por4.8%	;Disminuir por41.4%	;8330	;Aumentar por12.6%	;Disminuir por38.0%	;472	;Aumentar por61.6%	;Aumentar por112.6%	;247	;Aumentar por50.6%	;Aumentar por109.3%	;400	;Aumentar por10.5%	;Disminuir por10.9%	;352	;Aumentar por8.0%	;Disminuir por16.0%	;
191	;(Martes)2026/06/09	;7228	;Aumentar por123.5%	;Disminuir por6.4%	;7504	;Aumentar por136.9%	;Disminuir por1.2%	;448	;Aumentar por66.5%	;Disminuir por8.2%	;203	;Aumentar por89.7%	;Disminuir por19.1%	;363	;Aumentar por111.0%	;Disminuir por10.6%	;296	;Aumentar por169.1%	;Disminuir por3.0%	;
192	;(Miércoles)2026/06/10	;7875	;Aumentar por502.5%	;Aumentar por31.6%	;8079	;Aumentar por542.2%	;Aumentar por27.1%	;502	;Aumentar por107.4%	;Aumentar por13.6%	;256	;Aumentar por104.8%	;Aumentar por21.9%	;467	;Aumentar por264.8%	;Aumentar por39.8%	;460	;Aumentar por289.8%	;Aumentar por111.0%	;
193	;(Jueves)2026/06/11	;7606	; --%	;Aumentar por10.9%	;7622	; --%	;Aumentar por12.2%	;543	;Aumentar por54200.0%	;Aumentar por13.8%	;276	;Aumentar por27500.0%	;Aumentar por32.7%	;365	; --%	;Disminuir por16.9%	;295	; --%	;Disminuir por13.2%	;
194	;(Viernes)2026/06/12	;9449	;Aumentar por364.6%	;Aumentar por65.4%	;10368	;Aumentar por388.1%	;Aumentar por79.0%	;562	;Aumentar por29.5%	;Aumentar por19.8%	;340	;Aumentar por72.6%	;Aumentar por58.9%	;528	;Aumentar por144.4%	;Aumentar por29.1%	;451	;Aumentar por189.1%	;Aumentar por57.1%	;
195	;(Sábado)2026/06/13	;13327	;Aumentar por585.9%	;Aumentar por66.8%	;15155	;Aumentar por738.7%	;Aumentar por74.1%	;330	;Disminuir por17.3%	;Disminuir por37.7%	;183	;Aumentar por7.6%	;Disminuir por18.3%	;499	;Aumentar por121.8%	;Aumentar por5.7%	;495	;Aumentar por221.4%	;Aumentar por36.0%	;
196	;(Domingo)2026/06/14	;11529	;Aumentar por295.4%	;Disminuir por5.9%	;11144	;Aumentar por246.0%	;Disminuir por16.9%	;289	;Disminuir por36.1%	;Disminuir por3.0%	;147	;Disminuir por33.2%	;Aumentar por5.8%	;512	;Aumentar por96.2%	;Aumentar por0.8%	;417	;Aumentar por163.9%	;Disminuir por12.4%	;
197	;(Lunes)2026/06/15	;6921	;Disminuir por6.7%	;Disminuir por26.5%	;7006	;Disminuir por10.2%	;Disminuir por22.6%	;485	;Aumentar por48.3%	;Aumentar por67.8%	;264	;Aumentar por74.8%	;Aumentar por94.1%	;421	;Aumentar por49.8%	;Disminuir por16.1%	;329	;Aumentar por58.2%	;Disminuir por16.5%	;
198	;(Martes)2026/06/16	;7424	;Aumentar por64.4%	;Disminuir por3.4%	;7763	;Aumentar por67.7%	;Aumentar por0.3%	;502	;Aumentar por75.5%	;Aumentar por15.4%	;258	;Aumentar por84.3%	;Aumentar por31.0%	;455	;Aumentar por64.3%	;Disminuir por20.0%	;318	;Aumentar por24.7%	;Disminuir por51.2%	;
199	;(Miércoles)2026/06/17	;7814	;Aumentar por334.4%	;Disminuir por0.2%	;8282	;Aumentar por376.5%	;Aumentar por7.2%	;473	;Aumentar por12.9%	;Aumentar por6.1%	;202	;Disminuir por4.7%	;Disminuir por21.4%	;393	;Aumentar por110.2%	;Aumentar por8.3%	;281	;Aumentar por121.3%	;Aumentar por9.3%	;
200	;(Jueves)2026/06/18	;8333	;Aumentar por505.2%	;Aumentar por10.4%	;8832	;Aumentar por610.0%	;Aumentar por12.3%	;523	;Aumentar por26.6%	;Aumentar por4.4%	;263	;Aumentar por44.5%	;Aumentar por25.8%	;501	;Aumentar por158.2%	;Aumentar por20.4%	;366	;Aumentar por192.8%	;Aumentar por24.9%	;
201	;(Viernes)2026/06/19	;8677	;Aumentar por516.7%	;Aumentar por12.8%	;9387	;Aumentar por579.7%	;Aumentar por22.3%	;579	;Aumentar por33.4%	;Aumentar por19.9%	;309	;Aumentar por57.7%	;Aumentar por38.6%	;429	;Aumentar por155.4%	;Disminuir por14.4%	;375	;Aumentar por151.7%	;Aumentar por1.4%	;
202	;(Sábado)2026/06/20	;14656	;Aumentar por1056.7%	;Aumentar por68.0%	;16619	;Aumentar por1122.0%	;Aumentar por80.1%	;323	;Disminuir por26.8%	;Disminuir por39.4%	;170	;Disminuir por11.9%	;Disminuir por34.1%	;456	;Aumentar por159.1%	;Disminuir por8.2%	;452	;Aumentar por227.5%	;Aumentar por18.9%	;
203	;(Domingo)2026/06/21	;11578	;Aumentar por507.1%	;Disminuir por12.8%	;11999	;Aumentar por546.8%	;Disminuir por20.1%	;283	;Disminuir por39.9%	;Disminuir por23.1%	;149	;Disminuir por37.4%	;Aumentar por13.7%	;485	;Aumentar por115.6%	;Aumentar por7.8%	;472	;Aumentar por166.7%	;Disminuir por0.8%	;
204	;(Lunes)2026/06/22	;10519	;Aumentar por317.9%	;Disminuir por17.0%	;11026	;Aumentar por311.3%	;Disminuir por14.0%	;501	;Aumentar por53.2%	;Aumentar por104.5%	;264	;Aumentar por40.4%	;Aumentar por54.4%	;437	;Aumentar por101.4%	;Aumentar por0.9%	;385	;Aumentar por122.5%	;Disminuir por5.2%	;
205	;(Martes)2026/06/23	;10819	;Aumentar por142.1%	;Aumentar por1.6%	;12279	;Aumentar por179.2%	;Aumentar por3.5%	;514	;Aumentar por91.1%	;Aumentar por12.0%	;256	;Aumentar por84.2%	;Aumentar por20.8%	;538	;Aumentar por122.3%	;Aumentar por8.5%	;441	;Aumentar por118.3%	;Disminuir por6.4%	;
206	;(Miércoles)2026/06/24	;12395	;Aumentar por639.1%	;Aumentar por4.7%	;13486	;Aumentar por705.1%	;Aumentar por9.1%	;351	;Disminuir por15.4%	;Disminuir por10.0%	;185	;Disminuir por8.4%	;Aumentar por12.1%	;500	;Aumentar por105.8%	;Aumentar por2.0%	;455	;Aumentar por189.8%	;Aumentar por12.3%	;
207	;(Jueves)2026/06/25	;11619	;Aumentar por677.2%	;Aumentar por16.0%	;12721	;Aumentar por790.2%	;Aumentar por21.1%	;503	;Aumentar por15.1%	;Aumentar por15.1%	;241	;Aumentar por16.4%	;Aumentar por12.6%	;490	;Aumentar por127.9%	;Aumentar por18.4%	;397	;Aumentar por171.9%	;Aumentar por22.5%	;
208	;(Viernes)2026/06/26	;12290	;Aumentar por687.3%	;Aumentar por17.6%	;13480	;Aumentar por807.7%	;Aumentar por21.5%	;563	;Aumentar por27.1%	;Aumentar por18.5%	;290	;Aumentar por34.3%	;Aumentar por43.6%	;520	;Aumentar por100.0%	;Disminuir por0.4%	;405	;Aumentar por134.1%	;Aumentar por13.4%	;
209	;(Sábado)2026/06/27	;14766	;Aumentar por1144.0%	;Aumentar por31.7%	;16515	;Aumentar por1247.1%	;Aumentar por35.5%	;326	;Disminuir por24.2%	;Disminuir por31.2%	;167	;Disminuir por19.7%	;Disminuir por29.5%	;510	;Aumentar por191.4%	;Disminuir por7.9%	;444	;Aumentar por276.3%	;Aumentar por3.7%	;
210	;(Domingo)2026/06/28	;13473	;Aumentar por585.0%	;Disminuir por3.4%	;13292	;Aumentar por578.5%	;Disminuir por14.1%	;308	;Disminuir por36.8%	;Aumentar por7.7%	;160	;Disminuir por32.8%	;Aumentar por34.5%	;470	;Aumentar por119.6%	;Aumentar por0.4%	;480	;Aumentar por224.3%	;Aumentar por21.5%	;
211	;(Lunes)2026/06/29	;9833	;Aumentar por158.8%	;Disminuir por19.0%	;10347	;Aumentar por175.1%	;Disminuir por13.5%	;511	;Aumentar por41.6%	;Aumentar por117.4%	;280	;Aumentar por34.0%	;Aumentar por129.5%	;454	;Aumentar por83.1%	;Aumentar por11.5%	;367	;Aumentar por79.0%	;Aumentar por8.9%	;
212	;(Martes)2026/06/30	;10528	;Aumentar por268.1%	;Aumentar por30.2%	;10788	;Aumentar por284.3%	;Aumentar por29.9%	;514	;Aumentar por96.9%	;Aumentar por13.7%	;264	;Aumentar por76.0%	;Aumentar por27.5%	;467	;Aumentar por97.9%	;Aumentar por2.6%	;369	;Aumentar por76.6%	;Aumentar por7.3%	;
213	;(Miércoles)2026/07/01	;11075	;Aumentar por813.0%	;Aumentar por33.8%	;11949	;Aumentar por965.9%	;Aumentar por39.9%	;491	;Aumentar por15.0%	;Aumentar por7.7%	;251	;Aumentar por32.8%	;Aumentar por10.6%	;504	;Aumentar por159.8%	;Aumentar por10.8%	;403	;Aumentar por200.7%	;Aumentar por22.9%	;
214	;(Jueves)2026/07/02	;10421	;Aumentar por875.7%	;Aumentar por1.6%	;10576	;Aumentar por922.8%	;Disminuir por1.1%	;493	;Aumentar por21.4%	;Disminuir por3.1%	;264	;Aumentar por26.3%	;Aumentar por14.3%	;552	;Aumentar por297.1%	;Aumentar por9.5%	;450	;Aumentar por389.1%	;Disminuir por11.9%	;
215	;(Viernes)2026/07/03	;13362	;Aumentar por1219.1%	;Aumentar por30.8%	;15060	;Aumentar por1465.5%	;Aumentar por39.2%	;487	;Aumentar por18.2%	;Aumentar por9.9%	;259	;Aumentar por41.5%	;Aumentar por36.3%	;495	;Aumentar por261.3%	;Aumentar por4.7%	;463	;Aumentar por328.7%	;Aumentar por6.4%	;
216	;(Sábado)2026/07/04	;16850	;Aumentar por1706.0%	;Aumentar por43.6%	;18545	;Aumentar por1981.4%	;Aumentar por45.3%	;342	;Disminuir por20.1%	;Disminuir por29.6%	;172	;Disminuir por10.4%	;Disminuir por26.5%	;575	;Aumentar por319.7%	;Aumentar por15.9%	;526	;Aumentar por436.7%	;Aumentar por32.8%	;
217	;(Domingo)2026/07/05	;15042	;Aumentar por1100.5%	;Aumentar por10.2%	;15257	;Aumentar por1002.4%	;Disminuir por4.4%	;327	;Disminuir por46.9%	;Aumentar por4.5%	;196	;Disminuir por50.5%	;Aumentar por37.1%	;536	;Aumentar por441.4%	;Aumentar por37.8%	;524	;Aumentar por463.4%	;Aumentar por51.4%	;
218	;(Lunes)2026/07/06	;8737	;Aumentar por67.3%	;Disminuir por38.0%	;9043	;Aumentar por73.7%	;Disminuir por36.6%	;521	;Aumentar por120.8%	;Aumentar por80.3%	;286	;Aumentar por67.3%	;Aumentar por93.2%	;542	;Aumentar por416.2%	;Aumentar por9.3%	;395	;Aumentar por197.0%	;Disminuir por10.6%	;
219	;(Martes)2026/07/07	;12810	;Aumentar por173.3%	;Aumentar por18.4%	;14311	;Aumentar por246.1%	;Aumentar por27.6%	;448	;Aumentar por190.9%	;Disminuir por9.1%	;238	;Aumentar por133.3%	;Disminuir por3.3%	;448	;Aumentar por146.2%	;Disminuir por11.3%	;408	;Aumentar por111.4%	;Disminuir por12.1%	;
220	;(Miércoles)2026/07/08	;13216	;Aumentar por1164.7%	;Disminuir por3.1%	;13872	;Aumentar por1138.6%	;Disminuir por5.4%	;491	;Aumentar por11.1%	;Disminuir por23.3%	;242	;Aumentar por8.5%	;Disminuir por38.7%	;474	;Aumentar por261.8%	;Disminuir por15.4%	;351	;Aumentar por290.0%	;Disminuir por25.6%	;
221	;(Jueves)2026/07/09	;12419	;Aumentar por2033.8%	;Aumentar por1.4%	;13720	;Aumentar por2265.5%	;Aumentar por5.3%	;509	;Aumentar por14.6%	;Disminuir por3.4%	;257	;Aumentar por23.6%	;Disminuir por3.4%	;557	;Aumentar por380.2%	;Aumentar por134.0%	;427	;Aumentar por484.9%	;Aumentar por88.9%	;
222	;(Viernes)2026/07/10	;10706	;Aumentar por2067.2%	;Disminuir por3.7%	;10943	;Aumentar por2213.5%	;Disminuir por10.0%	;530	;Aumentar por38.4%	;Aumentar por13.7%	;275	;Aumentar por60.8%	;Aumentar por31.6%	;537	;Aumentar por524.4%	;Aumentar por20.1%	;450	;Aumentar por857.4%	;Aumentar por28.2%	;
223	;(Sábado)2026/07/11	;16847	;Aumentar por1576.3%	;Aumentar por42.1%	;19205	;Aumentar por1794.0%	;Aumentar por52.0%	;334	;Disminuir por53.0%	;Disminuir por35.9%	;179	;Disminuir por59.9%	;Disminuir por23.8%	;550	;Aumentar por298.6%	;Aumentar por47.1%	;548	;Aumentar por568.3%	;Aumentar por49.7%	;
224	;(Domingo)2026/07/12	;18056	;Aumentar por129.2%	;Aumentar por44.3%	;18463	;Aumentar por75.1%	;Aumentar por26.5%	;301	;Disminuir por42.9%	;Disminuir por16.6%	;172	;Disminuir por35.6%	;Disminuir por7.5%	;636	;Aumentar por214.9%	;Aumentar por173.0%	;589	;Aumentar por165.3%	;Aumentar por270.4%	;
225	;(Lunes)2026/07/13	;13442	;Aumentar por28.7%	;Disminuir por3.7%	;14806	;Aumentar por40.6%	;Aumentar por3.2%	;465	;Aumentar por116.3%	;Aumentar por68.5%	;244	;Aumentar por154.2%	;Aumentar por84.8%	;504	;Aumentar por99.2%	;Aumentar por31.6%	;426	;Aumentar por59.6%	;Aumentar por27.9%	;
226	;(Martes)2026/07/14	;2945	;Disminuir por44.4%	;Disminuir por74.2%	;2765	;Disminuir por42.8%	;Disminuir por76.6%	;295	;Aumentar por49.0%	;Disminuir por34.4%	;162	;Aumentar por92.9%	;Disminuir por28.6%	;217	;Aumentar por40.0%	;Disminuir por48.6%	;142	;Disminuir por12.3%	;Disminuir por56.4%	;

Exportar contenido:Subtipos de vehículos a motor	;
Hora del informe: 2025/12/01 00:00:00 - 2026/07/14 23:59:59	;

N.º	;Hora	;Autobuses	; 	; 	; 	; 	; 	;Monovolúmenes	; 	; 	; 	; 	; 	;Sedanes pequeños	; 	; 	; 	; 	; 	;Camiones	;
	;	;Avanzar	; 	; 	;Retroceso	; 	; 	;Avanzar	; 	; 	;Retroceso	; 	; 	;Avanzar	; 	; 	;Retroceso	; 	; 	;Avanzar	; 	; 	;Retroceso	;
	;	;Valor	;Tasa de cambio (ciclo tras ciclo)	;Tasa de cambio (año tras año)	;Valor	;Tasa de cambio (ciclo tras ciclo)	;Tasa de cambio (año tras año)	;Valor	;Tasa de cambio (ciclo tras ciclo)	;Tasa de cambio (año tras año)	;Valor	;Tasa de cambio (ciclo tras ciclo)	;Tasa de cambio (año tras año)	;Valor	;Tasa de cambio (ciclo tras ciclo)	;Tasa de cambio (año tras año)	;Valor	;Tasa de cambio (ciclo tras ciclo)	;Tasa de cambio (año tras año)	;Valor	;Tasa de cambio (ciclo tras ciclo)	;Tasa de cambio (año tras año)	;Valor	;Tasa de cambio (ciclo tras ciclo)	;Tasa de cambio (año tras año)	;
1	;(Lunes)2025/12/01	;0	; --%	; --%	;1	; --%	; --%	;79	; --%	; --%	;18	; --%	; --%	;246	; --%	; --%	;107	; --%	; --%	;15	; --%	; --%	;9	; --%	; --%	;
2	;(Martes)2025/12/02	;0	; --%	; --%	;0	; --%	; --%	;91	; --%	; --%	;25	; --%	; --%	;265	; --%	; --%	;109	; --%	; --%	;8	; --%	; --%	;5	; --%	; --%	;
3	;(Miércoles)2025/12/03	;0	; --%	; --%	;0	; --%	; --%	;119	; --%	; --%	;30	; --%	; --%	;289	; --%	; --%	;132	; --%	; --%	;20	; --%	; --%	;11	; --%	; --%	;
4	;(Jueves)2025/12/04	;2	; --%	; --%	;0	; --%	; --%	;93	; --%	; --%	;21	; --%	; --%	;327	; --%	; --%	;147	; --%	; --%	;17	; --%	; --%	;12	; --%	; --%	;
5	;(Viernes)2025/12/05	;3	; --%	; --%	;1	; --%	; --%	;137	;Aumentar por1041.7%	; --%	;45	;Aumentar por4400.0%	; --%	;214	;Aumentar por296.3%	; --%	;112	;Aumentar por180.0%	; --%	;20	; --%	; --%	;16	; --%	; --%	;
6	;(Sábado)2025/12/06	;0	;Disminuir por100.0%	; --%	;0	; --%	; --%	;34	;Disminuir por76.7%	; --%	;8	;Disminuir por84.3%	; --%	;95	;Disminuir por65.7%	; --%	;62	;Disminuir por67.0%	; --%	;2	;Disminuir por90.0%	; --%	;4	;Disminuir por50.0%	; --%	;
7	;(Domingo)2025/12/07	;1	;Disminuir por50.0%	; --%	;1	;Sin cambios	; --%	;16	;Disminuir por85.6%	; --%	;1	;Disminuir por97.7%	; --%	;66	;Disminuir por76.6%	; --%	;47	;Disminuir por67.8%	; --%	;1	;Disminuir por95.5%	; --%	;2	;Disminuir por89.5%	; --%	;
8	;(Lunes)2025/12/08	;0	;Disminuir por100.0%	; --%	;2	;Aumentar por100.0%	; --%	;32	;Disminuir por44.8%	; --%	;10	;Disminuir por41.2%	; --%	;122	;Disminuir por45.8%	; --%	;69	;Disminuir por55.2%	; --%	;1	;Disminuir por88.9%	; --%	;5	;Disminuir por16.7%	; --%	;
9	;(Martes)2025/12/09	;1	;Disminuir por50.0%	; --%	;0	; --%	; --%	;97	;Aumentar por288.0%	; --%	;23	;Aumentar por228.6%	; --%	;252	;Aumentar por64.7%	; --%	;110	;Aumentar por6.8%	; --%	;20	;Aumentar por900.0%	; --%	;14	;Aumentar por250.0%	; --%	;
10	;(Miércoles)2025/12/10	;0	;Disminuir por100.0%	; --%	;0	; --%	; --%	;93	;Aumentar por78.8%	; --%	;27	;Aumentar por28.6%	; --%	;238	;Aumentar por170.5%	; --%	;106	;Aumentar por86.0%	; --%	;17	;Aumentar por142.9%	; --%	;12	;Aumentar por200.0%	; --%	;
11	;(Jueves)2025/12/11	;0	; --%	; --%	;0	; --%	; --%	;91	;Aumentar por42.2%	; --%	;21	;Aumentar por23.5%	; --%	;235	;Aumentar por16.3%	; --%	;103	;Disminuir por4.6%	; --%	;16	;Aumentar por128.6%	; --%	;13	;Aumentar por333.3%	; --%	;
12	;(Viernes)2025/12/12	;3	;Aumentar por50.0%	; --%	;0	; --%	; --%	;131	;Disminuir por26.8%	; --%	;53	;Aumentar por6.0%	; --%	;260	;Disminuir por33.8%	; --%	;106	;Disminuir por52.7%	; --%	;20	;Disminuir por23.1%	; --%	;22	;Aumentar por10.0%	; --%	;
13	;(Sábado)2025/12/13	;1	;Sin cambios	; --%	;0	; --%	; --%	;42	;Aumentar por10.5%	; --%	;12	;Sin cambios	; --%	;142	;Disminuir por28.3%	; --%	;57	;Disminuir por53.3%	; --%	;2	;Disminuir por33.3%	; --%	;3	;Aumentar por50.0%	; --%	;
14	;(Domingo)2025/12/14	;2	; --%	; --%	;0	;Disminuir por100.0%	; --%	;40	;Disminuir por74.4%	; --%	;9	;Disminuir por89.5%	; --%	;291	;Disminuir por15.7%	; --%	;161	;Disminuir por21.5%	; --%	;1	;Disminuir por96.0%	; --%	;4	;Disminuir por82.6%	; --%	;
15	;(Lunes)2025/12/15	;4	; --%	; --%	;1	;Sin cambios	; --%	;83	;Aumentar por112.8%	; --%	;23	;Aumentar por109.1%	; --%	;287	;Aumentar por64.9%	; --%	;132	;Aumentar por29.4%	; --%	;8	;Aumentar por33.3%	; --%	;5	;Aumentar por25.0%	; --%	;
16	;(Martes)2025/12/16	;1	;Sin cambios	; --%	;1	; --%	; --%	;61	;Aumentar por84.8%	; --%	;11	;Aumentar por57.1%	; --%	;297	;Aumentar por51.5%	; --%	;125	;Disminuir por3.1%	; --%	;9	;Aumentar por200.0%	; --%	;8	;Aumentar por300.0%	; --%	;
17	;(Miércoles)2025/12/17	;2	;Aumentar por100.0%	; --%	;0	; --%	; --%	;79	;Disminuir por47.0%	; --%	;20	;Disminuir por53.5%	; --%	;359	;Aumentar por7.5%	; --%	;160	;Disminuir por15.3%	; --%	;9	;Disminuir por60.9%	; --%	;7	;Disminuir por41.7%	; --%	;
18	;(Jueves)2025/12/18	;3	;Aumentar por200.0%	; --%	;1	; --%	; --%	;116	;Disminuir por23.2%	; --%	;36	;Disminuir por18.2%	; --%	;285	;Disminuir por16.2%	; --%	;113	;Disminuir por42.9%	; --%	;10	;Disminuir por76.2%	; --%	;8	;Disminuir por68.0%	; --%	;
19	;(Viernes)2025/12/19	;0	;Disminuir por100.0%	; --%	;0	; --%	; --%	;110	;Disminuir por32.1%	; --%	;31	;Disminuir por27.9%	; --%	;279	;Disminuir por11.1%	; --%	;126	;Disminuir por28.0%	; --%	;19	;Disminuir por34.5%	; --%	;13	;Disminuir por7.1%	; --%	;
20	;(Sábado)2025/12/20	;1	;Disminuir por50.0%	; --%	;0	; --%	; --%	;41	;Disminuir por70.3%	; --%	;12	;Disminuir por70.0%	; --%	;167	;Disminuir por57.8%	; --%	;67	;Disminuir por68.7%	; --%	;3	;Disminuir por91.4%	; --%	;2	;Disminuir por84.6%	; --%	;
21	;(Domingo)2025/12/21	;0	;Disminuir por100.0%	; --%	;1	;Sin cambios	; --%	;28	;Disminuir por78.6%	; --%	;6	;Disminuir por84.2%	; --%	;129	;Disminuir por55.1%	; --%	;46	;Disminuir por69.3%	; --%	;1	;Disminuir por95.8%	; --%	;0	;Disminuir por100.0%	; --%	;
22	;(Lunes)2025/12/22	;1	;Disminuir por66.7%	; --%	;2	;Disminuir por50.0%	; --%	;92	;Aumentar por48.4%	; --%	;27	;Aumentar por68.8%	; --%	;263	;Disminuir por5.1%	; --%	;111	;Disminuir por36.6%	; --%	;13	;Aumentar por160.0%	; --%	;10	;Aumentar por42.9%	; --%	;
23	;(Martes)2025/12/23	;1	; --%	; --%	;0	; --%	; --%	;91	;Aumentar por175.8%	; --%	;21	;Aumentar por133.3%	; --%	;290	;Aumentar por42.9%	; --%	;133	;Aumentar por10.8%	; --%	;15	;Aumentar por400.0%	; --%	;13	;Aumentar por160.0%	; --%	;
24	;(Miércoles)2025/12/24	;1	; --%	; --%	;1	; --%	; --%	;60	;Disminuir por53.5%	; --%	;23	;Disminuir por39.5%	; --%	;284	;Disminuir por15.5%	; --%	;121	;Disminuir por35.3%	; --%	;9	;Disminuir por52.6%	; --%	;4	;Disminuir por50.0%	; --%	;
25	;(Jueves)2025/12/25	;1	;Sin cambios	; --%	;1	; --%	; --%	;18	;Disminuir por87.4%	; --%	;1	;Disminuir por98.0%	; --%	;216	;Disminuir por51.4%	; --%	;73	;Disminuir por76.1%	; --%	;0	;Disminuir por100.0%	; --%	;1	;Disminuir por93.8%	; --%	;
26	;(Viernes)2025/12/26	;1	;Disminuir por75.0%	; --%	;0	;Disminuir por100.0%	; --%	;61	;Disminuir por56.7%	; --%	;29	;Disminuir por9.4%	; --%	;276	;Disminuir por11.3%	; --%	;138	;Disminuir por29.6%	; --%	;7	;Disminuir por80.6%	; --%	;7	;Disminuir por68.2%	; --%	;
27	;(Sábado)2025/12/27	;2	;Sin cambios	; --%	;1	; --%	; --%	;55	;Disminuir por63.1%	; --%	;21	;Disminuir por43.2%	; --%	;284	;Disminuir por23.7%	; --%	;147	;Disminuir por30.3%	; --%	;12	;Disminuir por53.8%	; --%	;7	;Disminuir por66.7%	; --%	;
28	;(Domingo)2025/12/28	;1	;Disminuir por66.7%	; --%	;2	; --%	; --%	;15	;Disminuir por90.2%	; --%	;5	;Disminuir por87.5%	; --%	;93	;Disminuir por71.4%	; --%	;68	;Disminuir por63.0%	; --%	;1	;Disminuir por96.8%	; --%	;1	;Disminuir por95.8%	; --%	;
29	;(Lunes)2025/12/29	;2	;Aumentar por100.0%	; --%	;1	;Sin cambios	; --%	;52	;Aumentar por40.5%	; --%	;17	;Aumentar por21.4%	; --%	;168	;Aumentar por4.3%	; --%	;96	;Disminuir por2.0%	; --%	;8	;Aumentar por100.0%	; --%	;8	;Aumentar por60.0%	; --%	;
30	;(Martes)2025/12/30	;0	;Disminuir por100.0%	; --%	;0	;Disminuir por100.0%	; --%	;73	;Aumentar por204.2%	; --%	;22	;Aumentar por340.0%	; --%	;162	;Disminuir por8.0%	; --%	;92	;Disminuir por20.7%	; --%	;14	;Aumentar por100.0%	; --%	;14	;Aumentar por366.7%	; --%	;
31	;(Miércoles)2025/12/31	;0	; --%	; --%	;1	;Sin cambios	; --%	;56	;Disminuir por51.7%	; --%	;26	;Disminuir por43.5%	; --%	;107	;Disminuir por64.5%	; --%	;85	;Disminuir por54.1%	; --%	;13	;Aumentar por8.3%	; --%	;9	;Disminuir por25.0%	; --%	;
32	;(Jueves)2026/01/01	;0	;Disminuir por100.0%	; --%	;0	;Disminuir por100.0%	; --%	;22	;Disminuir por85.4%	; --%	;18	;Disminuir por63.3%	; --%	;85	;Disminuir por74.3%	; --%	;66	;Disminuir por65.8%	; --%	;2	;Disminuir por90.0%	; --%	;5	;Disminuir por72.2%	; --%	;
33	;(Viernes)2026/01/02	;5	;Aumentar por25.0%	; --%	;1	;Disminuir por50.0%	; --%	;81	;Disminuir por42.6%	; --%	;23	;Disminuir por45.2%	; --%	;214	;Disminuir por37.6%	; --%	;113	;Disminuir por39.2%	; --%	;15	;Disminuir por34.8%	; --%	;11	;Disminuir por26.7%	; --%	;
34	;(Sábado)2026/01/03	;0	;Disminuir por100.0%	; --%	;0	;Disminuir por100.0%	; --%	;46	;Disminuir por70.5%	; --%	;13	;Disminuir por72.3%	; --%	;214	;Disminuir por32.9%	; --%	;100	;Disminuir por44.8%	; --%	;4	;Disminuir por83.3%	; --%	;3	;Disminuir por82.4%	; --%	;
35	;(Domingo)2026/01/04	;1	;Disminuir por66.7%	; --%	;0	;Disminuir por100.0%	; --%	;28	;Disminuir por83.4%	; --%	;2	;Disminuir por95.7%	; --%	;215	;Disminuir por38.0%	; --%	;119	;Disminuir por40.8%	; --%	;0	;Disminuir por100.0%	; --%	;3	;Disminuir por84.2%	; --%	;
36	;(Lunes)2026/01/05	;0	; --%	; --%	;0	;Disminuir por100.0%	; --%	;66	;Aumentar por34.7%	; --%	;19	;Aumentar por11.8%	; --%	;275	;Aumentar por42.5%	; --%	;139	;Aumentar por14.9%	; --%	;10	;Aumentar por11.1%	; --%	;6	;Sin cambios	; --%	;
37	;(Martes)2026/01/06	;1	;Disminuir por66.7%	; --%	;0	;Disminuir por100.0%	; --%	;18	;Disminuir por40.0%	; --%	;7	;Aumentar por75.0%	; --%	;224	;Aumentar por24.4%	; --%	;111	;Disminuir por25.0%	; --%	;4	;Disminuir por50.0%	; --%	;5	;Disminuir por37.5%	; --%	;
38	;(Miércoles)2026/01/07	;0	;Disminuir por100.0%	; --%	;0	; --%	; --%	;69	;Disminuir por36.7%	; --%	;16	;Disminuir por51.5%	; --%	;261	;Disminuir por17.9%	; --%	;110	;Disminuir por38.2%	; --%	;4	;Disminuir por76.5%	; --%	;3	;Disminuir por76.9%	; --%	;
39	;(Jueves)2026/01/08	;1	;Disminuir por66.7%	; --%	;1	;Sin cambios	; --%	;76	;Disminuir por40.2%	; --%	;17	;Disminuir por63.8%	; --%	;287	;Disminuir por18.7%	; --%	;139	;Disminuir por26.8%	; --%	;9	;Disminuir por60.9%	; --%	;6	;Disminuir por68.4%	; --%	;
40	;(Viernes)2026/01/09	;0	;Disminuir por100.0%	; --%	;2	;Aumentar por100.0%	; --%	;115	;Disminuir por19.0%	; --%	;26	;Disminuir por42.2%	; --%	;323	;Disminuir por9.5%	; --%	;155	;Disminuir por11.9%	; --%	;8	;Disminuir por57.9%	; --%	;7	;Disminuir por30.0%	; --%	;
41	;(Sábado)2026/01/10	;0	;Disminuir por100.0%	; --%	;0	;Disminuir por100.0%	; --%	;57	;Disminuir por65.9%	; --%	;19	;Disminuir por58.7%	; --%	;200	;Disminuir por46.2%	; --%	;106	;Disminuir por51.2%	; --%	;0	;Disminuir por100.0%	; --%	;1	;Disminuir por95.5%	; --%	;
42	;(Domingo)2026/01/11	;0	;Disminuir por100.0%	; --%	;0	; --%	; --%	;27	;Disminuir por82.9%	; --%	;9	;Disminuir por79.5%	; --%	;197	;Disminuir por41.2%	; --%	;79	;Disminuir por54.6%	; --%	;3	;Disminuir por90.6%	; --%	;4	;Disminuir por86.7%	; --%	;
43	;(Lunes)2026/01/12	;0	; --%	; --%	;0	; --%	; --%	;112	;Aumentar por138.3%	; --%	;22	;Aumentar por100.0%	; --%	;298	;Aumentar por43.3%	; --%	;149	;Aumentar por40.6%	; --%	;9	;Aumentar por12.5%	; --%	;6	;Aumentar por50.0%	; --%	;
44	;(Martes)2026/01/13	;0	; --%	; --%	;1	;Sin cambios	; --%	;110	;Aumentar por254.8%	; --%	;13	;Aumentar por44.4%	; --%	;293	;Aumentar por79.8%	; --%	;150	;Aumentar por35.1%	; --%	;6	;Aumentar por100.0%	; --%	;5	;Aumentar por66.7%	; --%	;
45	;(Miércoles)2026/01/14	;0	;Disminuir por100.0%	; --%	;0	;Disminuir por100.0%	; --%	;99	;Disminuir por24.4%	; --%	;22	;Disminuir por42.1%	; --%	;313	;Disminuir por2.5%	; --%	;157	;Disminuir por18.7%	; --%	;8	;Disminuir por38.5%	; --%	;7	;Disminuir por30.0%	; --%	;
46	;(Jueves)2026/01/15	;0	;Disminuir por100.0%	; --%	;1	; --%	; --%	;97	;Disminuir por27.6%	; --%	;20	;Disminuir por42.9%	; --%	;314	;Disminuir por12.8%	; --%	;158	;Disminuir por17.3%	; --%	;8	;Disminuir por76.5%	; --%	;8	;Disminuir por66.7%	; --%	;
47	;(Viernes)2026/01/16	;0	; --%	; --%	;0	; --%	; --%	;86	;Disminuir por30.6%	; --%	;14	;Disminuir por46.2%	; --%	;332	;Aumentar por0.9%	; --%	;177	;Aumentar por9.3%	; --%	;10	;Disminuir por50.0%	; --%	;7	;Disminuir por50.0%	; --%	;
48	;(Sábado)2026/01/17	;0	;Disminuir por100.0%	; --%	;0	; --%	; --%	;60	;Disminuir por55.9%	; --%	;7	;Disminuir por78.1%	; --%	;354	;Aumentar por3.5%	; --%	;168	;Disminuir por7.2%	; --%	;4	;Disminuir por76.5%	; --%	;4	;Disminuir por76.5%	; --%	;
49	;(Domingo)2026/01/18	;0	;Disminuir por100.0%	; --%	;0	; --%	; --%	;32	;Disminuir por75.9%	; --%	;5	;Disminuir por87.5%	; --%	;171	;Disminuir por45.4%	; --%	;101	;Disminuir por41.6%	; --%	;0	;Disminuir por100.0%	; --%	;2	;Disminuir por92.0%	; --%	;
50	;(Lunes)2026/01/19	;1	;Disminuir por66.7%	; --%	;1	;Sin cambios	; --%	;80	;Aumentar por63.3%	; --%	;13	;Disminuir por7.1%	; --%	;330	;Aumentar por88.6%	; --%	;177	;Aumentar por115.9%	; --%	;9	;Disminuir por10.0%	; --%	;5	;Disminuir por28.6%	; --%	;
51	;(Martes)2026/01/20	;3	; --%	; --%	;2	;Aumentar por100.0%	; --%	;99	;Aumentar por421.1%	; --%	;15	;Aumentar por1400.0%	; --%	;323	;Aumentar por204.7%	; --%	;169	;Aumentar por72.4%	; --%	;7	;Aumentar por40.0%	; --%	;5	;Aumentar por150.0%	; --%	;
52	;(Miércoles)2026/01/21	;1	; --%	; --%	;0	;Disminuir por100.0%	; --%	;107	;Disminuir por8.5%	; --%	;18	;Disminuir por66.0%	; --%	;277	;Aumentar por5.3%	; --%	;155	;Disminuir por12.9%	; --%	;3	;Disminuir por80.0%	; --%	;5	;Disminuir por58.3%	; --%	;
53	;(Jueves)2026/01/22	;0	; --%	; --%	;0	; --%	; --%	;98	;Disminuir por16.2%	; --%	;23	;Disminuir por41.0%	; --%	;302	;Aumentar por9.0%	; --%	;174	;Aumentar por18.4%	; --%	;8	;Disminuir por71.4%	; --%	;5	;Disminuir por76.2%	; --%	;
54	;(Viernes)2026/01/23	;3	;Aumentar por50.0%	; --%	;0	; --%	; --%	;102	;Disminuir por7.3%	; --%	;33	;Aumentar por22.2%	; --%	;304	;Disminuir por0.7%	; --%	;154	;Disminuir por3.1%	; --%	;20	;Sin cambios	; --%	;18	;Aumentar por12.5%	; --%	;
55	;(Sábado)2026/01/24	;0	;Disminuir por100.0%	; --%	;0	; --%	; --%	;45	;Disminuir por66.2%	; --%	;12	;Disminuir por58.6%	; --%	;200	;Disminuir por32.2%	; --%	;95	;Disminuir por42.8%	; --%	;5	;Disminuir por80.8%	; --%	;1	;Disminuir por94.4%	; --%	;
56	;(Domingo)2026/01/25	;1	; --%	; --%	;0	;Disminuir por100.0%	; --%	;18	;Disminuir por88.8%	; --%	;8	;Disminuir por84.6%	; --%	;122	;Disminuir por59.7%	; --%	;61	;Disminuir por53.8%	; --%	;3	;Disminuir por89.3%	; --%	;1	;Disminuir por96.9%	; --%	;
57	;(Lunes)2026/01/26	;1	;Disminuir por50.0%	; --%	;2	; --%	; --%	;105	;Aumentar por114.3%	; --%	;30	;Aumentar por172.7%	; --%	;297	;Aumentar por43.5%	; --%	;154	;Aumentar por31.6%	; --%	;15	;Aumentar por66.7%	; --%	;4	;Disminuir por63.6%	; --%	;
58	;(Martes)2026/01/27	;1	;Sin cambios	; --%	;1	;Disminuir por66.7%	; --%	;100	;Aumentar por270.4%	; --%	;18	;Aumentar por500.0%	; --%	;305	;Aumentar por40.6%	; --%	;159	;Aumentar por33.6%	; --%	;21	;Aumentar por600.0%	; --%	;13	;Aumentar por1200.0%	; --%	;
59	;(Miércoles)2026/01/28	;1	;Disminuir por50.0%	; --%	;1	;Disminuir por50.0%	; --%	;104	;Disminuir por12.6%	; --%	;20	;Disminuir por33.3%	; --%	;288	;Aumentar por15.7%	; --%	;154	;Aumentar por6.2%	; --%	;10	;Disminuir por61.5%	; --%	;1	;Disminuir por94.1%	; --%	;
60	;(Jueves)2026/01/29	;1	; --%	; --%	;0	; --%	; --%	;92	;Disminuir por9.8%	; --%	;16	;Disminuir por66.7%	; --%	;297	;Aumentar por6.5%	; --%	;162	;Disminuir por9.0%	; --%	;11	;Disminuir por59.3%	; --%	;5	;Disminuir por81.5%	; --%	;
61	;(Viernes)2026/01/30	;2	;Sin cambios	; --%	;1	;Sin cambios	; --%	;114	;Disminuir por20.8%	; --%	;23	;Sin cambios	; --%	;304	;Aumentar por5.6%	; --%	;154	;Disminuir por6.7%	; --%	;6	;Disminuir por62.5%	; --%	;3	;Disminuir por75.0%	; --%	;
62	;(Sábado)2026/01/31	;0	;Disminuir por100.0%	; --%	;0	;Disminuir por100.0%	; --%	;54	;Disminuir por61.2%	; --%	;9	;Disminuir por65.4%	; --%	;211	;Disminuir por26.7%	; --%	;116	;Disminuir por30.1%	; --%	;7	;Disminuir por70.8%	; --%	;1	;Disminuir por95.8%	; --%	;
63	;(Domingo)2026/02/01	;0	;Disminuir por100.0%	; --%	;0	;Disminuir por100.0%	; --%	;23	;Disminuir por86.1%	; --%	;2	;Disminuir por95.9%	; --%	;187	;Disminuir por38.7%	; --%	;95	;Disminuir por44.8%	; --%	;0	;Disminuir por100.0%	; --%	;0	;Disminuir por100.0%	; --%	;
64	;(Lunes)2026/02/02	;0	; --%	; --%	;0	;Disminuir por100.0%	; --%	;97	;Aumentar por47.0%	; --%	;22	;Aumentar por46.7%	; --%	;311	;Aumentar por23.4%	; --%	;156	;Aumentar por45.8%	; --%	;6	;Sin cambios	; --%	;3	;Disminuir por25.0%	; --%	;
65	;(Martes)2026/02/03	;0	; --%	; --%	;0	; --%	; --%	;111	;Aumentar por344.0%	; --%	;33	;Aumentar por200.0%	; --%	;311	;Aumentar por76.7%	; --%	;162	;Aumentar por13.3%	; --%	;12	;Sin cambios	; --%	;10	;Disminuir por16.7%	; --%	;
66	;(Miércoles)2026/02/04	;1	;Disminuir por75.0%	; --%	;2	;Disminuir por33.3%	; --%	;92	;Disminuir por25.2%	; --%	;19	;Disminuir por55.8%	; --%	;297	;Aumentar por20.2%	; --%	;137	;Sin cambios	; --%	;6	;Disminuir por68.4%	; --%	;5	;Disminuir por79.2%	; --%	;
67	;(Jueves)2026/02/05	;0	;Disminuir por100.0%	; --%	;1	;Sin cambios	; --%	;48	;Disminuir por53.8%	; --%	;10	;Disminuir por52.4%	; --%	;174	;Disminuir por26.0%	; --%	;90	;Disminuir por26.2%	; --%	;4	;Disminuir por80.0%	; --%	;3	;Disminuir por82.4%	; --%	;
68	;(Viernes)2026/02/06	;1	;Disminuir por75.0%	; --%	;0	; --%	; --%	;101	;Disminuir por21.7%	; --%	;25	;Disminuir por39.0%	; --%	;321	;Aumentar por18.9%	; --%	;188	;Aumentar por24.5%	; --%	;17	;Disminuir por10.5%	; --%	;12	;Disminuir por36.8%	; --%	;
69	;(Sábado)2026/02/07	;1	;Disminuir por66.7%	; --%	;1	;Disminuir por50.0%	; --%	;57	;Disminuir por54.4%	; --%	;9	;Disminuir por77.5%	; --%	;195	;Disminuir por35.0%	; --%	;111	;Disminuir por22.4%	; --%	;5	;Disminuir por82.8%	; --%	;2	;Disminuir por87.5%	; --%	;
70	;(Domingo)2026/02/08	;0	;Disminuir por100.0%	; --%	;1	;Sin cambios	; --%	;28	;Disminuir por79.3%	; --%	;7	;Disminuir por85.4%	; --%	;161	;Disminuir por41.5%	; --%	;75	;Disminuir por51.0%	; --%	;2	;Disminuir por95.3%	; --%	;0	;Disminuir por100.0%	; --%	;
71	;(Lunes)2026/02/09	;2	;Aumentar por100.0%	; --%	;0	;Disminuir por100.0%	; --%	;115	;Aumentar por82.5%	; --%	;29	;Aumentar por107.1%	; --%	;283	;Aumentar por53.8%	; --%	;153	;Aumentar por64.5%	; --%	;7	;Aumentar por16.7%	; --%	;4	;Disminuir por60.0%	; --%	;
72	;(Martes)2026/02/10	;0	;Disminuir por100.0%	; --%	;0	;Disminuir por100.0%	; --%	;92	;Aumentar por300.0%	; --%	;21	;Aumentar por200.0%	; --%	;281	;Aumentar por57.9%	; --%	;148	;Aumentar por43.7%	; --%	;7	;Disminuir por50.0%	; --%	;5	;Disminuir por37.5%	; --%	;
73	;(Miércoles)2026/02/11	;2	;Aumentar por100.0%	; --%	;0	;Disminuir por100.0%	; --%	;103	;Disminuir por21.4%	; --%	;26	;Disminuir por25.7%	; --%	;292	;Aumentar por5.0%	; --%	;154	;Aumentar por5.5%	; --%	;11	;Disminuir por59.3%	; --%	;7	;Disminuir por69.6%	; --%	;
74	;(Jueves)2026/02/12	;2	;Sin cambios	; --%	;0	; --%	; --%	;93	;Disminuir por26.2%	; --%	;25	;Disminuir por41.9%	; --%	;315	;Aumentar por12.1%	; --%	;152	;Disminuir por3.8%	; --%	;12	;Disminuir por62.5%	; --%	;6	;Disminuir por76.0%	; --%	;
75	;(Viernes)2026/02/13	;0	;Disminuir por100.0%	; --%	;0	;Disminuir por100.0%	; --%	;90	;Disminuir por30.8%	; --%	;24	;Disminuir por48.9%	; --%	;377	;Aumentar por38.6%	; --%	;167	;Aumentar por41.5%	; --%	;18	;Disminuir por75.7%	; --%	;11	;Disminuir por82.3%	; --%	;
76	;(Sábado)2026/02/14	;0	;Disminuir por100.0%	; --%	;0	; --%	; --%	;22	;Disminuir por83.7%	; --%	;2	;Disminuir por94.3%	; --%	;221	;Disminuir por16.3%	; --%	;134	;Disminuir por4.3%	; --%	;0	;Disminuir por100.0%	; --%	;1	;Disminuir por92.9%	; --%	;
77	;(Domingo)2026/02/15	;0	;Disminuir por100.0%	; --%	;0	; --%	; --%	;26	;Disminuir por82.3%	; --%	;8	;Disminuir por83.3%	; --%	;204	;Disminuir por20.9%	; --%	;111	;Disminuir por20.1%	; --%	;3	;Disminuir por93.9%	; --%	;2	;Disminuir por95.2%	; --%	;
78	;(Lunes)2026/02/16	;1	;Sin cambios	; --%	;1	; --%	; --%	;108	;Aumentar por89.5%	; --%	;27	;Aumentar por107.7%	; --%	;318	;Aumentar por71.0%	; --%	;166	;Aumentar por46.9%	; --%	;13	;Disminuir por13.3%	; --%	;5	;Disminuir por61.5%	; --%	;
79	;(Martes)2026/02/17	;1	;Sin cambios	; --%	;2	; --%	; --%	;97	;Aumentar por131.0%	; --%	;23	;Aumentar por53.3%	; --%	;318	;Aumentar por58.2%	; --%	;165	;Aumentar por29.9%	; --%	;24	;Aumentar por1100.0%	; --%	;19	;Aumentar por375.0%	; --%	;
80	;(Miércoles)2026/02/18	;2	;Disminuir por33.3%	; --%	;1	;Disminuir por66.7%	; --%	;84	;Disminuir por42.9%	; --%	;26	;Disminuir por42.2%	; --%	;332	;Aumentar por14.5%	; --%	;165	;Disminuir por8.8%	; --%	;16	;Disminuir por20.0%	; --%	;6	;Disminuir por57.1%	; --%	;
81	;(Jueves)2026/02/19	;4	;Aumentar por33.3%	; --%	;1	;Disminuir por50.0%	; --%	;121	;Aumentar por26.0%	; --%	;27	;Disminuir por6.9%	; --%	;309	;Disminuir por29.3%	; --%	;162	;Disminuir por50.8%	; --%	;18	;Disminuir por33.3%	; --%	;11	;Disminuir por60.7%	; --%	;
82	;(Viernes)2026/02/20	;0	;Disminuir por100.0%	; --%	;1	;Sin cambios	; --%	;117	;Disminuir por9.3%	; --%	;42	;Disminuir por35.4%	; --%	;331	;Disminuir por0.6%	; --%	;158	;Disminuir por13.2%	; --%	;18	;Aumentar por5.9%	; --%	;13	;Aumentar por8.3%	; --%	;
83	;(Sábado)2026/02/21	;1	;Disminuir por50.0%	; --%	;0	;Disminuir por100.0%	; --%	;50	;Disminuir por61.5%	; --%	;5	;Disminuir por84.4%	; --%	;294	;Aumentar por5.8%	; --%	;124	;Disminuir por20.5%	; --%	;4	;Disminuir por81.8%	; --%	;4	;Disminuir por75.0%	; --%	;
84	;(Domingo)2026/02/22	;0	;Disminuir por100.0%	; --%	;1	;Disminuir por50.0%	; --%	;40	;Disminuir por70.8%	; --%	;10	;Disminuir por75.0%	; --%	;206	;Disminuir por29.5%	; --%	;98	;Disminuir por38.0%	; --%	;4	;Disminuir por87.5%	; --%	;4	;Disminuir por87.5%	; --%	;
85	;(Lunes)2026/02/23	;4	;Aumentar por300.0%	; --%	;6	;Aumentar por200.0%	; --%	;108	;Aumentar por40.3%	; --%	;27	;Aumentar por80.0%	; --%	;341	;Aumentar por35.9%	; --%	;163	;Aumentar por3.2%	; --%	;12	;Aumentar por20.0%	; --%	;6	;Disminuir por33.3%	; --%	;
86	;(Martes)2026/02/24	;11	;Aumentar por1000.0%	; --%	;8	;Aumentar por700.0%	; --%	;107	;Aumentar por234.4%	; --%	;20	;Aumentar por150.0%	; --%	;327	;Aumentar por66.0%	; --%	;192	;Aumentar por62.7%	; --%	;13	;Aumentar por85.7%	; --%	;10	;Aumentar por233.3%	; --%	;
87	;(Miércoles)2026/02/25	;5	;Aumentar por25.0%	; --%	;3	;Aumentar por200.0%	; --%	;55	;Disminuir por57.7%	; --%	;16	;Disminuir por61.9%	; --%	;383	;Aumentar por45.1%	; --%	;160	;Disminuir por0.6%	; --%	;13	;Disminuir por38.1%	; --%	;8	;Disminuir por63.6%	; --%	;
88	;(Jueves)2026/02/26	;1	;Disminuir por83.3%	; --%	;6	;Aumentar por50.0%	; --%	;84	;Disminuir por22.2%	; --%	;13	;Disminuir por68.3%	; --%	;357	;Aumentar por48.1%	; --%	;160	;Aumentar por39.1%	; --%	;11	;Disminuir por50.0%	; --%	;3	;Disminuir por84.2%	; --%	;
89	;(Viernes)2026/02/27	;0	;Disminuir por100.0%	; --%	;2	;Disminuir por33.3%	; --%	;116	;Disminuir por8.7%	; --%	;28	;Disminuir por12.5%	; --%	;357	;Aumentar por29.8%	; --%	;185	;Aumentar por30.3%	; --%	;17	;Disminuir por50.0%	; --%	;12	;Disminuir por55.6%	; --%	;
90	;(Sábado)2026/02/28	;0	;Disminuir por100.0%	; --%	;0	;Disminuir por100.0%	; --%	;45	;Disminuir por68.8%	; --%	;11	;Disminuir por79.6%	; --%	;284	;Aumentar por10.5%	; --%	;130	;Disminuir por8.5%	; --%	;5	;Disminuir por73.7%	; --%	;5	;Disminuir por70.6%	; --%	;
91	;(Domingo)2026/03/01	;1	;Disminuir por75.0%	; --%	;0	;Disminuir por100.0%	; --%	;27	;Disminuir por80.6%	; --%	;7	;Disminuir por84.4%	; --%	;231	;Disminuir por17.8%	; --%	;127	;Disminuir por13.6%	; --%	;3	;Disminuir por89.3%	; --%	;2	;Disminuir por91.3%	; --%	;
92	;(Lunes)2026/03/02	;0	;Disminuir por100.0%	; --%	;1	;Disminuir por50.0%	; --%	;103	;Aumentar por106.0%	; --%	;18	;Aumentar por20.0%	; --%	;307	;Aumentar por89.5%	; --%	;144	;Aumentar por23.1%	; --%	;14	;Aumentar por55.6%	; --%	;4	;Disminuir por50.0%	; --%	;
93	;(Martes)2026/03/03	;1	;Disminuir por50.0%	; --%	;0	;Disminuir por100.0%	; --%	;51	;Aumentar por8.5%	; --%	;9	;Disminuir por10.0%	; --%	;169	;Disminuir por8.6%	; --%	;96	;Disminuir por25.0%	; --%	;11	;Aumentar por266.7%	; --%	;7	;Aumentar por250.0%	; --%	;
94	;(Miércoles)2026/03/04	;1	;Disminuir por50.0%	; --%	;0	;Disminuir por100.0%	; --%	;67	;Disminuir por41.7%	; --%	;17	;Disminuir por65.3%	; --%	;371	;Aumentar por50.2%	; --%	;154	;Disminuir por1.3%	; --%	;7	;Disminuir por76.7%	; --%	;4	;Disminuir por82.6%	; --%	;
95	;(Jueves)2026/03/05	;7	;Aumentar por250.0%	; --%	;6	;Aumentar por500.0%	; --%	;52	;Disminuir por50.9%	; --%	;16	;Disminuir por56.8%	; --%	;417	;Aumentar por73.0%	; --%	;183	;Aumentar por41.9%	; --%	;2	;Disminuir por92.3%	; --%	;3	;Disminuir por84.2%	; --%	;
96	;(Viernes)2026/03/06	;3	;Aumentar por200.0%	; --%	;1	; --%	; --%	;72	;Disminuir por35.7%	; --%	;24	;Disminuir por35.1%	; --%	;461	;Aumentar por119.5%	; --%	;201	;Aumentar por58.3%	; --%	;7	;Disminuir por76.7%	; --%	;6	;Disminuir por76.9%	; --%	;
97	;(Sábado)2026/03/07	;4	;Aumentar por100.0%	; --%	;0	;Disminuir por100.0%	; --%	;23	;Disminuir por78.7%	; --%	;9	;Disminuir por79.5%	; --%	;316	;Aumentar por55.7%	; --%	;145	;Aumentar por12.4%	; --%	;1	;Disminuir por90.9%	; --%	;1	;Disminuir por87.5%	; --%	;
98	;(Domingo)2026/03/08	;0	;Disminuir por100.0%	; --%	;0	;Disminuir por100.0%	; --%	;35	;Disminuir por75.2%	; --%	;4	;Disminuir por92.5%	; --%	;241	;Disminuir por2.4%	; --%	;119	;Disminuir por6.3%	; --%	;1	;Disminuir por97.5%	; --%	;3	;Disminuir por93.2%	; --%	;
99	;(Lunes)2026/03/09	;2	;Aumentar por100.0%	; --%	;0	;Disminuir por100.0%	; --%	;139	;Aumentar por223.3%	; --%	;34	;Aumentar por54.5%	; --%	;353	;Aumentar por81.0%	; --%	;197	;Aumentar por69.8%	; --%	;7	;Disminuir por41.7%	; --%	;6	;Disminuir por45.5%	; --%	;
100	;(Martes)2026/03/10	;2	; --%	; --%	;0	; --%	; --%	;88	;Aumentar por166.7%	; --%	;20	;Aumentar por400.0%	; --%	;379	;Aumentar por161.4%	; --%	;212	;Aumentar por149.4%	; --%	;9	;Aumentar por200.0%	; --%	;8	;Aumentar por100.0%	; --%	;
101	;(Miércoles)2026/03/11	;1	;Disminuir por66.7%	; --%	;0	;Disminuir por100.0%	; --%	;139	;Aumentar por44.8%	; --%	;36	;Disminuir por14.3%	; --%	;352	;Aumentar por58.6%	; --%	;182	;Aumentar por23.8%	; --%	;20	;Aumentar por5.3%	; --%	;19	;Aumentar por18.8%	; --%	;
102	;(Jueves)2026/03/12	;5	;Aumentar por25.0%	; --%	;1	;Disminuir por50.0%	; --%	;126	;Aumentar por6.8%	; --%	;24	;Disminuir por41.5%	; --%	;355	;Aumentar por42.6%	; --%	;206	;Aumentar por63.5%	; --%	;20	;Disminuir por23.1%	; --%	;13	;Disminuir por45.8%	; --%	;
103	;(Viernes)2026/03/13	;5	;Aumentar por400.0%	; --%	;3	; --%	; --%	;153	;Aumentar por43.0%	; --%	;50	;Aumentar por47.1%	; --%	;368	;Aumentar por65.0%	; --%	;211	;Aumentar por51.8%	; --%	;25	;Sin cambios	; --%	;18	;Disminuir por5.3%	; --%	;
104	;(Sábado)2026/03/14	;1	;Disminuir por80.0%	; --%	;0	;Disminuir por100.0%	; --%	;69	;Disminuir por50.0%	; --%	;12	;Disminuir por81.8%	; --%	;264	;Disminuir por2.9%	; --%	;173	;Aumentar por31.1%	; --%	;2	;Disminuir por94.6%	; --%	;0	;Disminuir por100.0%	; --%	;
105	;(Domingo)2026/03/15	;1	;Disminuir por75.0%	; --%	;0	;Disminuir por100.0%	; --%	;34	;Disminuir por74.4%	; --%	;6	;Disminuir por88.2%	; --%	;273	;Aumentar por4.2%	; --%	;151	;Aumentar por3.4%	; --%	;3	;Disminuir por91.9%	; --%	;2	;Disminuir por94.3%	; --%	;
106	;(Lunes)2026/03/16	;3	;Aumentar por50.0%	; --%	;0	;Disminuir por100.0%	; --%	;151	;Aumentar por151.7%	; --%	;37	;Aumentar por117.6%	; --%	;318	;Aumentar por74.7%	; --%	;172	;Aumentar por55.0%	; --%	;18	;Disminuir por10.0%	; --%	;14	;Aumentar por7.7%	; --%	;
107	;(Martes)2026/03/17	;0	;Disminuir por100.0%	; --%	;0	;Disminuir por100.0%	; --%	;168	;Aumentar por309.8%	; --%	;46	;Aumentar por170.6%	; --%	;348	;Aumentar por127.5%	; --%	;205	;Aumentar por78.3%	; --%	;28	;Aumentar por600.0%	; --%	;12	;Aumentar por71.4%	; --%	;
108	;(Miércoles)2026/03/18	;1	;Disminuir por66.7%	; --%	;0	; --%	; --%	;154	;Aumentar por37.5%	; --%	;42	;Disminuir por23.6%	; --%	;351	;Aumentar por41.0%	; --%	;175	;Sin cambios	; --%	;25	;Disminuir por10.7%	; --%	;16	;Sin cambios	; --%	;
109	;(Jueves)2026/03/19	;1	;Disminuir por80.0%	; --%	;1	;Disminuir por50.0%	; --%	;65	;Disminuir por42.5%	; --%	;12	;Disminuir por75.5%	; --%	;233	;Aumentar por5.0%	; --%	;147	;Aumentar por23.5%	; --%	;12	;Disminuir por58.6%	; --%	;5	;Disminuir por79.2%	; --%	;
110	;(Viernes)2026/03/20	;4	;Aumentar por300.0%	; --%	;0	; --%	; --%	;154	;Aumentar por62.1%	; --%	;46	;Aumentar por4.5%	; --%	;341	;Aumentar por43.3%	; --%	;195	;Aumentar por50.0%	; --%	;23	;Disminuir por4.2%	; --%	;18	;Disminuir por30.8%	; --%	;
111	;(Sábado)2026/03/21	;0	;Disminuir por100.0%	; --%	;0	;Disminuir por100.0%	; --%	;62	;Disminuir por37.4%	; --%	;13	;Disminuir por71.1%	; --%	;233	;Aumentar por6.4%	; --%	;126	;Aumentar por13.5%	; --%	;6	;Disminuir por73.9%	; --%	;4	;Disminuir por77.8%	; --%	;
112	;(Domingo)2026/03/22	;0	;Disminuir por100.0%	; --%	;1	;Sin cambios	; --%	;46	;Disminuir por64.9%	; --%	;3	;Disminuir por93.8%	; --%	;225	;Aumentar por8.7%	; --%	;140	;Aumentar por34.6%	; --%	;3	;Disminuir por90.9%	; --%	;2	;Disminuir por92.6%	; --%	;
113	;(Lunes)2026/03/23	;2	;Disminuir por50.0%	; --%	;1	;Disminuir por50.0%	; --%	;141	;Aumentar por227.9%	; --%	;35	;Aumentar por133.3%	; --%	;415	;Aumentar por138.5%	; --%	;232	;Aumentar por98.3%	; --%	;15	;Aumentar por15.4%	; --%	;13	;Aumentar por44.4%	; --%	;
114	;(Martes)2026/03/24	;2	;Sin cambios	; --%	;2	;Sin cambios	; --%	;196	;Aumentar por575.9%	; --%	;62	;Aumentar por933.3%	; --%	;369	;Aumentar por126.4%	; --%	;207	;Aumentar por91.7%	; --%	;27	;Aumentar por350.0%	; --%	;19	;Aumentar por375.0%	; --%	;
115	;(Miércoles)2026/03/25	;1	;Disminuir por83.3%	; --%	;1	;Sin cambios	; --%	;61	;Disminuir por40.8%	; --%	;13	;Disminuir por59.4%	; --%	;213	;Disminuir por8.2%	; --%	;123	;Disminuir por28.5%	; --%	;5	;Disminuir por72.2%	; --%	;5	;Disminuir por64.3%	; --%	;
116	;(Jueves)2026/03/26	;5	;Disminuir por16.7%	; --%	;0	;Disminuir por100.0%	; --%	;165	;Aumentar por21.3%	; --%	;59	;Aumentar por9.3%	; --%	;426	;Aumentar por59.6%	; --%	;228	;Aumentar por62.9%	; --%	;28	;Disminuir por12.5%	; --%	;22	;Disminuir por24.1%	; --%	;
117	;(Viernes)2026/03/27	;2	;Disminuir por50.0%	; --%	;1	;Disminuir por75.0%	; --%	;179	;Aumentar por82.7%	; --%	;73	;Aumentar por97.3%	; --%	;349	;Aumentar por67.0%	; --%	;218	;Aumentar por69.0%	; --%	;35	;Sin cambios	; --%	;29	;Disminuir por9.4%	; --%	;
118	;(Sábado)2026/03/28	;0	;Disminuir por100.0%	; --%	;0	; --%	; --%	;92	;Disminuir por28.7%	; --%	;24	;Disminuir por47.8%	; --%	;250	;Aumentar por9.2%	; --%	;167	;Aumentar por20.1%	; --%	;7	;Disminuir por77.4%	; --%	;7	;Disminuir por73.1%	; --%	;
119	;(Domingo)2026/03/29	;2	;Sin cambios	; --%	;0	;Disminuir por100.0%	; --%	;78	;Sin cambios	; --%	;43	;Aumentar por59.3%	; --%	;313	;Aumentar por79.9%	; --%	;202	;Aumentar por57.8%	; --%	;9	;Disminuir por47.1%	; --%	;6	;Disminuir por66.7%	; --%	;
120	;(Lunes)2026/03/30	;8	;Aumentar por300.0%	; --%	;0	; --%	; --%	;144	;Aumentar por176.9%	; --%	;62	;Aumentar por121.4%	; --%	;339	;Aumentar por101.8%	; --%	;204	;Aumentar por72.9%	; --%	;19	;Aumentar por26.7%	; --%	;9	;Disminuir por30.8%	; --%	;
121	;(Martes)2026/03/31	;6	; --%	; --%	;3	; --%	; --%	;172	;Aumentar por405.9%	; --%	;54	;Aumentar por440.0%	; --%	;329	;Aumentar por131.7%	; --%	;188	;Aumentar por67.9%	; --%	;25	;Aumentar por316.7%	; --%	;27	;Aumentar por575.0%	; --%	;
122	;(Miércoles)2026/04/01	;2	;Disminuir por71.4%	; --%	;0	;Disminuir por100.0%	; --%	;169	;Aumentar por57.9%	; --%	;63	;Aumentar por43.2%	; --%	;381	;Aumentar por56.1%	; --%	;199	;Aumentar por9.3%	; --%	;22	;Aumentar por15.8%	; --%	;19	;Aumentar por26.7%	; --%	;
123	;(Jueves)2026/04/02	;2	;Disminuir por50.0%	; --%	;1	;Sin cambios	; --%	;162	;Aumentar por86.2%	; --%	;60	;Aumentar por62.2%	; --%	;270	;Aumentar por36.4%	; --%	;173	;Aumentar por44.2%	; --%	;30	;Aumentar por76.5%	; --%	;24	;Aumentar por9.1%	; --%	;
124	;(Viernes)2026/04/03	;2	;Sin cambios	; --%	;2	; --%	; --%	;43	;Disminuir por44.9%	; --%	;9	;Disminuir por62.5%	; --%	;100	;Disminuir por31.0%	; --%	;75	;Disminuir por24.2%	; --%	;5	;Disminuir por73.7%	; --%	;7	;Disminuir por56.3%	; --%	;
125	;(Sábado)2026/04/04	;2	; --%	; --%	;0	;Disminuir por100.0%	; --%	;38	;Disminuir por56.3%	; --%	;16	;Disminuir por46.7%	; --%	;96	;Disminuir por48.4%	; --%	;85	;Disminuir por32.5%	; --%	;15	;Disminuir por25.0%	; --%	;12	;Disminuir por33.3%	; --%	;
126	;(Domingo)2026/04/05	;0	;Disminuir por100.0%	; --%	;0	; --%	; --%	;30	;Disminuir por76.0%	; --%	;6	;Disminuir por87.5%	; --%	;147	;Disminuir por18.3%	; --%	;131	;Aumentar por14.9%	; --%	;5	;Disminuir por82.1%	; --%	;4	;Disminuir por85.7%	; --%	;
127	;(Lunes)2026/04/06	;0	;Disminuir por100.0%	; --%	;1	; --%	; --%	;42	;Aumentar por7.7%	; --%	;12	;Disminuir por25.0%	; --%	;140	;Aumentar por9.4%	; --%	;110	;Aumentar por50.7%	; --%	;15	;Disminuir por93.7%	; --%	;13	;Disminuir por94.5%	; --%	;
128	;(Martes)2026/04/07	;0	; --%	; --%	;0	; --%	; --%	;128	;Aumentar por287.9%	; --%	;42	;Aumentar por600.0%	; --%	;269	;Aumentar por75.8%	; --%	;160	;Aumentar por37.9%	; --%	;23	;Aumentar por187.5%	; --%	;15	;Aumentar por200.0%	; --%	;
129	;(Miércoles)2026/04/08	;1	; --%	; --%	;0	;Disminuir por100.0%	; --%	;132	;Aumentar por15.8%	; --%	;40	;Aumentar por11.1%	; --%	;273	;Aumentar por30.0%	; --%	;159	;Aumentar por12.0%	; --%	;20	;Aumentar por42.9%	; --%	;10	;Disminuir por9.1%	; --%	;
130	;(Jueves)2026/04/09	;2	;Disminuir por66.7%	; --%	;1	;Disminuir por50.0%	; --%	;141	;Aumentar por42.4%	; --%	;36	;Disminuir por26.5%	; --%	;267	;Aumentar por17.1%	; --%	;153	;Aumentar por26.4%	; --%	;18	;Disminuir por45.5%	; --%	;18	;Disminuir por45.5%	; --%	;
131	;(Viernes)2026/04/10	;6	;Aumentar por200.0%	; --%	;1	; --%	; --%	;130	;Aumentar por64.6%	; --%	;44	;Aumentar por51.7%	; --%	;246	;Aumentar por78.3%	; --%	;145	;Aumentar por57.6%	; --%	;23	;Aumentar por4.5%	; --%	;22	;Aumentar por29.4%	; --%	;
132	;(Sábado)2026/04/11	;0	;Disminuir por100.0%	; --%	;0	; --%	; --%	;28	;Disminuir por67.8%	; --%	;13	;Disminuir por48.0%	; --%	;163	;Disminuir por16.4%	; --%	;160	;Aumentar por34.5%	; --%	;4	;Disminuir por76.5%	; --%	;5	;Disminuir por68.8%	; --%	;
133	;(Domingo)2026/04/12	;0	;Disminuir por100.0%	; --%	;0	;Disminuir por100.0%	; --%	;47	;Disminuir por58.0%	; --%	;9	;Disminuir por80.4%	; --%	;253	;Aumentar por29.7%	; --%	;178	;Aumentar por69.5%	; --%	;7	;Disminuir por77.4%	; --%	;3	;Disminuir por89.7%	; --%	;
134	;(Lunes)2026/04/13	;1	;Disminuir por66.7%	; --%	;1	;Disminuir por50.0%	; --%	;95	;Aumentar por69.6%	; --%	;24	;Aumentar por33.3%	; --%	;279	;Aumentar por76.6%	; --%	;183	;Aumentar por115.3%	; --%	;18	;Aumentar por12.5%	; --%	;14	;Aumentar por40.0%	; --%	;
135	;(Martes)2026/04/14	;6	;Aumentar por500.0%	; --%	;3	;Aumentar por200.0%	; --%	;150	;Aumentar por341.2%	; --%	;43	;Aumentar por760.0%	; --%	;344	;Aumentar por116.4%	; --%	;204	;Aumentar por82.1%	; --%	;17	;Aumentar por183.3%	; --%	;14	;Aumentar por250.0%	; --%	;
136	;(Miércoles)2026/04/15	;3	;Disminuir por57.1%	; --%	;1	;Disminuir por75.0%	; --%	;128	;Aumentar por36.2%	; --%	;35	;Aumentar por52.2%	; --%	;329	;Aumentar por29.0%	; --%	;191	;Aumentar por31.7%	; --%	;22	;Disminuir por45.0%	; --%	;14	;Disminuir por63.2%	; --%	;
137	;(Jueves)2026/04/16	;1	;Disminuir por92.9%	; --%	;0	;Disminuir por100.0%	; --%	;138	;Aumentar por68.3%	; --%	;43	;Aumentar por65.4%	; --%	;335	;Aumentar por89.3%	; --%	;194	;Aumentar por181.2%	; --%	;15	;Disminuir por31.8%	; --%	;9	;Disminuir por30.8%	; --%	;
138	;(Viernes)2026/04/17	;3	;Disminuir por76.9%	; --%	;2	;Disminuir por66.7%	; --%	;146	;Aumentar por65.9%	; --%	;44	;Aumentar por193.3%	; --%	;338	;Aumentar por97.7%	; --%	;205	;Aumentar por230.6%	; --%	;30	;Aumentar por66.7%	; --%	;24	;Aumentar por200.0%	; --%	;
139	;(Sábado)2026/04/18	;1	;Disminuir por92.3%	; --%	;1	;Disminuir por75.0%	; --%	;44	;Disminuir por17.0%	; --%	;10	;Aumentar por25.0%	; --%	;184	;Aumentar por8.9%	; --%	;121	;Aumentar por181.4%	; --%	;7	;Disminuir por68.2%	; --%	;10	;Sin cambios	; --%	;
140	;(Domingo)2026/04/19	;3	;Disminuir por66.7%	; --%	;0	;Disminuir por100.0%	; --%	;28	;Disminuir por71.4%	; --%	;9	;Disminuir por59.1%	; --%	;175	;Disminuir por30.8%	; --%	;123	;Aumentar por5.1%	; --%	;3	;Disminuir por84.2%	; --%	;4	;Disminuir por75.0%	; --%	;
141	;(Lunes)2026/04/20	;0	;Disminuir por100.0%	; --%	;0	;Disminuir por100.0%	; --%	;127	;Aumentar por176.1%	; --%	;38	;Aumentar por1166.7%	; --%	;321	;Aumentar por100.6%	; --%	;165	;Aumentar por184.5%	; --%	;15	;Aumentar por150.0%	; --%	;16	;Aumentar por700.0%	; --%	;
142	;(Martes)2026/04/21	;0	;Disminuir por100.0%	; --%	;0	;Disminuir por100.0%	; --%	;126	;Aumentar por500.0%	; --%	;42	;Aumentar por4100.0%	; --%	;310	;Aumentar por167.2%	; --%	;175	;Aumentar por288.9%	; --%	;28	;Aumentar por250.0%	; --%	;22	;Aumentar por633.3%	; --%	;
143	;(Miércoles)2026/04/22	;3	;Disminuir por50.0%	; --%	;1	;Disminuir por66.7%	; --%	;127	;Aumentar por164.6%	; --%	;34	;Aumentar por100.0%	; --%	;327	;Aumentar por101.9%	; --%	;184	;Aumentar por70.4%	; --%	;20	;Aumentar por66.7%	; --%	;20	;Aumentar por185.7%	; --%	;
144	;(Jueves)2026/04/23	;4	;Aumentar por33.3%	; --%	;1	;Disminuir por66.7%	; --%	;146	;Aumentar por231.8%	;Aumentar por1116.7%	;41	;Aumentar por141.2%	;Aumentar por4000.0%	;337	;Aumentar por149.6%	;Aumentar por524.1%	;211	;Aumentar por174.0%	;Aumentar por427.5%	;17	;Aumentar por13.3%	; --%	;26	;Aumentar por44.4%	; --%	;
145	;(Viernes)2026/04/24	;0	;Disminuir por100.0%	;Disminuir por100.0%	;0	;Disminuir por100.0%	; --%	;134	;Aumentar por100.0%	;Disminuir por8.2%	;38	;Aumentar por137.5%	;Disminuir por25.5%	;296	;Aumentar por119.3%	;Aumentar por6.9%	;172	;Aumentar por266.0%	;Disminuir por8.5%	;21	;Disminuir por25.0%	;Aumentar por5.0%	;21	;Aumentar por16.7%	;Aumentar por162.5%	;
146	;(Sábado)2026/04/25	;1	;Disminuir por93.3%	;Disminuir por50.0%	;2	;Disminuir por33.3%	;Aumentar por100.0%	;28	;Disminuir por61.6%	;Disminuir por74.8%	;6	;Disminuir por60.0%	;Disminuir por86.0%	;135	;Aumentar por10.7%	;Disminuir por52.1%	;74	;Disminuir por14.9%	;Disminuir por49.3%	;4	;Disminuir por78.9%	;Disminuir por81.8%	;7	;Disminuir por56.3%	;Disminuir por63.2%	;
147	;(Domingo)2026/04/26	;1	;Disminuir por99.1%	;Sin cambios	;0	;Disminuir por100.0%	;Disminuir por100.0%	;18	;Disminuir por72.3%	;Disminuir por69.0%	;2	;Disminuir por84.6%	;Disminuir por88.2%	;93	;Disminuir por14.7%	;Disminuir por58.7%	;67	;Aumentar por24.1%	;Disminuir por56.5%	;5	;Disminuir por91.5%	;Disminuir por44.4%	;3	;Disminuir por94.2%	;Disminuir por50.0%	;
148	;(Lunes)2026/04/27	;1	;Disminuir por88.9%	;Disminuir por50.0%	;0	;Disminuir por100.0%	; --%	;125	;Aumentar por443.5%	;Aumentar por400.0%	;30	;Aumentar por400.0%	;Aumentar por328.6%	;297	;Aumentar por421.1%	;Aumentar por94.1%	;169	;Aumentar por482.8%	;Aumentar por64.1%	;25	;Aumentar por92.3%	;Aumentar por1150.0%	;22	;Aumentar por144.4%	;Aumentar por450.0%	;
149	;(Martes)2026/04/28	;6	;Aumentar por20.0%	;Aumentar por500.0%	;0	;Disminuir por100.0%	; --%	;150	;Aumentar por900.0%	;Aumentar por188.5%	;40	; --%	;Aumentar por90.5%	;301	;Aumentar por385.5%	;Aumentar por242.0%	;185	;Aumentar por460.6%	;Aumentar por224.6%	;18	;Aumentar por20.0%	;Aumentar por157.1%	;14	;Aumentar por16.7%	;Aumentar por250.0%	;
150	;(Miércoles)2026/04/29	;2	;Disminuir por71.4%	; --%	;0	;Disminuir por100.0%	; --%	;129	;Aumentar por74.3%	;Aumentar por101.6%	;31	;Aumentar por72.2%	;Aumentar por82.4%	;316	;Aumentar por63.7%	;Aumentar por56.4%	;167	;Aumentar por92.0%	;Aumentar por54.6%	;20	;Disminuir por48.7%	;Aumentar por185.7%	;13	;Disminuir por58.1%	;Aumentar por333.3%	;
151	;(Jueves)2026/04/30	;3	;Disminuir por78.6%	;Aumentar por50.0%	;0	;Disminuir por100.0%	; --%	;156	;Aumentar por79.3%	;Disminuir por12.8%	;38	;Aumentar por40.7%	;Disminuir por24.0%	;324	;Aumentar por61.2%	;Disminuir por17.6%	;173	;Aumentar por106.0%	;Disminuir por22.8%	;28	;Aumentar por55.6%	;Aumentar por7.7%	;20	;Disminuir por20.0%	;Sin cambios	;
152	;(Viernes)2026/05/01	;0	;Disminuir por100.0%	;Disminuir por100.0%	;0	;Disminuir por100.0%	; --%	;37	;Disminuir por61.5%	;Disminuir por2.6%	;7	;Disminuir por73.1%	;Disminuir por41.7%	;118	;Disminuir por48.7%	;Disminuir por40.4%	;108	;Disminuir por13.6%	;Disminuir por11.5%	;6	;Disminuir por86.0%	;Aumentar por100.0%	;4	;Disminuir por87.5%	;Aumentar por100.0%	;
153	;(Sábado)2026/05/02	;0	;Disminuir por100.0%	; --%	;1	;Disminuir por80.0%	;Disminuir por50.0%	;41	;Disminuir por64.7%	;Disminuir por73.7%	;18	;Disminuir por37.9%	;Disminuir por79.1%	;158	;Disminuir por37.3%	;Disminuir por54.2%	;109	;Disminuir por23.2%	;Disminuir por46.8%	;5	;Disminuir por82.8%	;Disminuir por80.0%	;6	;Disminuir por76.9%	;Disminuir por73.9%	;
154	;(Domingo)2026/05/03	;9	;Aumentar por50.0%	; --%	;4	;Aumentar por33.3%	;Aumentar por300.0%	;34	;Disminuir por72.1%	;Disminuir por12.8%	;10	;Disminuir por78.3%	;Disminuir por9.1%	;322	;Aumentar por8.1%	;Aumentar por85.1%	;187	;Aumentar por32.6%	;Aumentar por83.3%	;6	;Disminuir por80.6%	;Sin cambios	;2	;Disminuir por92.9%	;Disminuir por50.0%	;
155	;(Lunes)2026/05/04	;22	;Aumentar por2100.0%	;Aumentar por2100.0%	;10	;Aumentar por900.0%	; --%	;132	;Aumentar por207.0%	;Aumentar por300.0%	;41	;Aumentar por310.0%	;Aumentar por485.7%	;388	;Aumentar por220.7%	;Aumentar por98.0%	;239	;Aumentar por334.5%	;Aumentar por85.3%	;18	;Aumentar por63.6%	;Aumentar por500.0%	;18	;Aumentar por125.0%	;Aumentar por800.0%	;
156	;(Martes)2026/05/05	;2	;Sin cambios	;Aumentar por100.0%	;1	; --%	; --%	;146	;Aumentar por711.1%	;Disminuir por2.0%	;34	;Aumentar por580.0%	;Disminuir por20.9%	;360	;Aumentar por159.0%	;Aumentar por7.8%	;200	;Aumentar por135.3%	;Aumentar por5.8%	;23	;Aumentar por666.7%	;Sin cambios	;18	;Aumentar por350.0%	;Aumentar por50.0%	;
157	;(Miércoles)2026/05/06	;3	;Aumentar por50.0%	;Aumentar por200.0%	;1	;Sin cambios	; --%	;89	;Disminuir por23.3%	;Disminuir por41.1%	;20	;Disminuir por23.1%	;Disminuir por54.5%	;347	;Aumentar por42.2%	;Aumentar por2.1%	;180	;Aumentar por3.4%	;Disminuir por9.1%	;20	;Aumentar por17.6%	;Disminuir por52.4%	;13	;Disminuir por13.3%	;Disminuir por48.0%	;
158	;(Jueves)2026/05/07	;2	;Sin cambios	;Aumentar por100.0%	;1	;Disminuir por66.7%	; --%	;137	;Aumentar por13.2%	;Disminuir por15.4%	;41	;Aumentar por41.4%	;Disminuir por4.7%	;323	;Aumentar por12.5%	;Aumentar por2.9%	;195	;Aumentar por22.6%	;Aumentar por11.4%	;19	;Aumentar por26.7%	;Disminuir por34.5%	;11	;Sin cambios	;Disminuir por21.4%	;
159	;(Viernes)2026/05/08	;2	;Disminuir por60.0%	;Sin cambios	;1	; --%	; --%	;145	;Aumentar por59.3%	;Aumentar por5.1%	;42	;Aumentar por61.5%	;Aumentar por5.0%	;321	;Aumentar por24.9%	;Disminuir por18.9%	;203	;Aumentar por26.9%	;Disminuir por5.1%	;33	;Aumentar por50.0%	;Disminuir por5.7%	;29	;Aumentar por93.3%	;Aumentar por123.1%	;
160	;(Sábado)2026/05/09	;0	;Disminuir por100.0%	;Disminuir por100.0%	;0	;Disminuir por100.0%	;Disminuir por100.0%	;58	;Disminuir por45.8%	;Disminuir por55.7%	;13	;Disminuir por59.4%	;Disminuir por65.8%	;337	;Aumentar por31.6%	;Aumentar por17.4%	;212	;Aumentar por49.3%	;Aumentar por41.3%	;9	;Disminuir por47.1%	;Disminuir por62.5%	;5	;Disminuir por58.3%	;Disminuir por66.7%	;
161	;(Domingo)2026/05/10	;2	;Aumentar por100.0%	;Disminuir por33.3%	;1	;Disminuir por50.0%	;Disminuir por75.0%	;31	;Disminuir por72.1%	;Disminuir por50.0%	;3	;Disminuir por92.9%	;Disminuir por81.3%	;170	;Disminuir por39.9%	;Disminuir por38.6%	;111	;Disminuir por35.5%	;Disminuir por36.6%	;5	;Disminuir por83.3%	;Sin cambios	;5	;Disminuir por82.8%	;Disminuir por28.6%	;
162	;(Lunes)2026/05/11	;0	;Disminuir por100.0%	; --%	;2	; --%	; --%	;98	;Aumentar por133.3%	;Aumentar por197.0%	;27	;Aumentar por200.0%	;Aumentar por200.0%	;298	;Aumentar por51.3%	;Aumentar por46.8%	;194	;Aumentar por79.6%	;Aumentar por61.7%	;16	;Aumentar por77.8%	;Aumentar por433.3%	;16	;Aumentar por166.7%	;Aumentar por220.0%	;
163	;(Martes)2026/05/12	;2	; --%	; --%	;4	;Aumentar por300.0%	; --%	;144	;Aumentar por526.1%	;Aumentar por11.6%	;43	;Aumentar por1333.3%	;Aumentar por13.2%	;292	;Aumentar por39.7%	;Disminuir por13.1%	;184	;Aumentar por39.4%	;Disminuir por1.6%	;22	;Aumentar por633.3%	;Aumentar por15.8%	;19	;Aumentar por375.0%	;Aumentar por137.5%	;
164	;(Miércoles)2026/05/13	;1	; --%	;Sin cambios	;0	;Disminuir por100.0%	; --%	;105	;Aumentar por52.2%	;Disminuir por26.6%	;31	;Aumentar por158.3%	;Disminuir por36.7%	;240	;Disminuir por17.8%	;Disminuir por45.9%	;160	;Disminuir por7.0%	;Disminuir por47.7%	;10	;Aumentar por66.7%	;Disminuir por56.5%	;8	;Aumentar por60.0%	;Disminuir por50.0%	;
165	;(Jueves)2026/05/14	;3	;Aumentar por50.0%	;Disminuir por25.0%	;0	; --%	;Disminuir por100.0%	;141	;Aumentar por15.6%	;Sin cambios	;45	;Aumentar por28.6%	;Aumentar por40.6%	;320	;Aumentar por5.6%	;Aumentar por2.9%	;206	;Aumentar por35.5%	;Aumentar por5.1%	;18	;Aumentar por50.0%	;Disminuir por50.0%	;11	;Aumentar por57.1%	;Disminuir por50.0%	;
166	;(Viernes)2026/05/15	;16	;Aumentar por700.0%	;Aumentar por700.0%	;4	; --%	; --%	;163	;Aumentar por49.5%	;Aumentar por9.4%	;54	;Aumentar por92.9%	;Aumentar por45.9%	;375	;Aumentar por26.3%	;Aumentar por0.8%	;239	;Aumentar por71.9%	;Aumentar por13.3%	;27	;Aumentar por28.6%	;Aumentar por3.8%	;21	;Aumentar por61.5%	;Sin cambios	;
167	;(Sábado)2026/05/16	;2	;Disminuir por50.0%	;Disminuir por33.3%	;0	; --%	; --%	;44	;Disminuir por60.0%	;Disminuir por71.2%	;13	;Disminuir por60.6%	;Disminuir por67.5%	;171	;Disminuir por37.1%	;Disminuir por47.4%	;137	;Aumentar por1.5%	;Disminuir por25.5%	;6	;Disminuir por53.8%	;Disminuir por80.6%	;5	;Disminuir por64.3%	;Disminuir por79.2%	;
168	;(Domingo)2026/05/17	;1	;Sin cambios	;Sin cambios	;0	; --%	;Disminuir por100.0%	;26	;Disminuir por77.2%	;Disminuir por29.7%	;2	;Disminuir por93.5%	;Disminuir por85.7%	;168	;Disminuir por42.3%	;Aumentar por4.3%	;110	;Disminuir por34.9%	;Aumentar por12.2%	;6	;Disminuir por80.0%	;Aumentar por50.0%	;4	;Disminuir por84.0%	;Disminuir por20.0%	;
169	;(Lunes)2026/05/18	;0	;Disminuir por100.0%	;Disminuir por100.0%	;1	; --%	;Disminuir por66.7%	;110	;Aumentar por189.5%	;Aumentar por358.3%	;41	;Aumentar por1266.7%	;Aumentar por720.0%	;315	;Aumentar por86.4%	;Aumentar por79.0%	;197	;Aumentar por60.2%	;Aumentar por69.8%	;13	;Aumentar por62.5%	;Aumentar por85.7%	;9	;Aumentar por80.0%	;Aumentar por200.0%	;
170	;(Martes)2026/05/19	;4	; --%	; --%	;3	; --%	;Aumentar por200.0%	;137	;Aumentar por389.3%	;Aumentar por18.1%	;39	;Aumentar por1850.0%	;Disminuir por15.2%	;295	;Aumentar por46.0%	;Disminuir por2.0%	;165	;Aumentar por43.5%	;Disminuir por10.8%	;24	;Aumentar por140.0%	;Aumentar por100.0%	;25	;Aumentar por257.1%	;Aumentar por108.3%	;
171	;(Miércoles)2026/05/20	;2	;Aumentar por100.0%	;Sin cambios	;0	; --%	;Disminuir por100.0%	;106	;Disminuir por6.2%	;Disminuir por29.8%	;22	;Disminuir por50.0%	;Disminuir por55.1%	;319	;Aumentar por16.4%	;Disminuir por3.6%	;191	;Aumentar por9.8%	;Disminuir por1.0%	;20	;Disminuir por4.8%	;Sin cambios	;13	;Disminuir por43.5%	;Disminuir por27.8%	;
172	;(Jueves)2026/05/21	;2	;Disminuir por33.3%	;Disminuir por50.0%	;0	; --%	;Disminuir por100.0%	;141	;Aumentar por18.5%	;Sin cambios	;51	;Aumentar por54.5%	;Aumentar por21.4%	;309	;Aumentar por8.0%	;Disminuir por9.9%	;187	;Aumentar por29.0%	;Aumentar por0.5%	;17	;Disminuir por22.7%	;Disminuir por26.1%	;13	;Disminuir por40.9%	;Disminuir por13.3%	;
173	;(Viernes)2026/05/22	;7	;Aumentar por250.0%	;Aumentar por250.0%	;0	;Disminuir por100.0%	;Disminuir por100.0%	;140	;Aumentar por59.1%	;Disminuir por10.3%	;46	;Aumentar por170.6%	;Disminuir por2.1%	;300	;Aumentar por26.1%	;Disminuir por6.0%	;197	;Aumentar por72.8%	;Aumentar por8.8%	;22	;Aumentar por46.7%	;Disminuir por8.3%	;24	;Aumentar por300.0%	;Aumentar por41.2%	;
174	;(Sábado)2026/05/23	;3	;Aumentar por200.0%	;Sin cambios	;0	;Disminuir por100.0%	;Disminuir por100.0%	;39	;Aumentar por44.4%	;Disminuir por76.9%	;12	;Aumentar por50.0%	;Disminuir por74.5%	;158	;Aumentar por46.3%	;Disminuir por54.5%	;117	;Aumentar por72.1%	;Disminuir por41.8%	;8	;Aumentar por33.3%	;Disminuir por70.4%	;5	;Aumentar por66.7%	;Disminuir por73.7%	;
175	;(Domingo)2026/05/24	;1	;Disminuir por66.7%	; --%	;1	;Disminuir por66.7%	;Sin cambios	;41	;Disminuir por58.2%	;Disminuir por16.3%	;9	;Disminuir por72.7%	;Disminuir por47.1%	;198	;Disminuir por34.4%	;Aumentar por2.6%	;148	;Disminuir por23.3%	;Aumentar por22.3%	;6	;Disminuir por77.8%	;Disminuir por33.3%	;3	;Disminuir por84.2%	;Disminuir por50.0%	;
176	;(Lunes)2026/05/25	;5	; --%	;Aumentar por66.7%	;0	; --%	;Disminuir por100.0%	;258	;Aumentar por616.7%	;Aumentar por760.0%	;142	;Aumentar por7000.0%	;Aumentar por3450.0%	;339	;Disminuir por1.7%	;Aumentar por88.3%	;222	;Aumentar por6.2%	;Aumentar por50.0%	;18	;Aumentar por125.0%	;Aumentar por125.0%	;16	;Aumentar por166.7%	;Aumentar por100.0%	;
177	;(Martes)2026/05/26	;3	;Disminuir por25.0%	;Aumentar por200.0%	;4	; --%	; --%	;136	;Aumentar por444.0%	;Aumentar por24.8%	;42	;Aumentar por600.0%	;Aumentar por27.3%	;328	;Aumentar por34.4%	;Aumentar por3.1%	;189	;Aumentar por41.0%	;Aumentar por6.2%	;26	;Aumentar por1200.0%	;Aumentar por52.9%	;16	; --%	;Aumentar por23.1%	;
178	;(Miércoles)2026/05/27	;2	;Aumentar por100.0%	;Disminuir por33.3%	;1	;Sin cambios	;Sin cambios	;144	;Aumentar por60.0%	;Aumentar por13.4%	;38	;Aumentar por153.3%	;Disminuir por19.1%	;329	;Disminuir por14.5%	;Disminuir por6.8%	;211	;Disminuir por7.5%	;Aumentar por11.1%	;37	;Aumentar por311.1%	;Aumentar por60.9%	;22	;Aumentar por266.7%	;Aumentar por15.8%	;
179	;(Jueves)2026/05/28	;6	;Aumentar por500.0%	;Aumentar por200.0%	;2	; --%	;Aumentar por100.0%	;138	;Aumentar por45.3%	;Disminuir por2.8%	;33	;Aumentar por22.2%	;Disminuir por26.7%	;307	;Aumentar por13.7%	;Disminuir por14.0%	;196	;Aumentar por15.3%	;Aumentar por11.4%	;30	;Aumentar por50.0%	;Aumentar por57.9%	;17	;Disminuir por5.6%	;Aumentar por70.0%	;
180	;(Viernes)2026/05/29	;15	;Aumentar por1400.0%	;Aumentar por650.0%	;10	;Aumentar por900.0%	;Aumentar por900.0%	;149	;Aumentar por65.6%	;Disminuir por10.8%	;62	;Aumentar por138.5%	;Aumentar por34.8%	;344	;Aumentar por6.5%	;Disminuir por7.5%	;221	;Aumentar por14.5%	;Aumentar por1.8%	;43	;Aumentar por330.0%	;Aumentar por65.4%	;31	;Aumentar por287.5%	;Aumentar por40.9%	;
181	;(Sábado)2026/05/30	;0	;Disminuir por100.0%	;Disminuir por100.0%	;1	; --%	; --%	;54	;Disminuir por41.3%	;Disminuir por65.8%	;15	;Disminuir por46.4%	;Disminuir por65.9%	;158	;Disminuir por52.3%	;Disminuir por52.8%	;113	;Disminuir por40.2%	;Disminuir por35.1%	;5	;Disminuir por58.3%	;Disminuir por84.4%	;6	;Disminuir por45.5%	;Disminuir por80.0%	;
182	;(Domingo)2026/05/31	;3	;Disminuir por57.1%	; --%	;1	;Disminuir por87.5%	; --%	;23	;Disminuir por74.7%	;Disminuir por51.1%	;6	;Disminuir por85.0%	;Disminuir por45.5%	;171	;Disminuir por18.2%	;Disminuir por17.8%	;122	;Disminuir por3.9%	;Aumentar por15.1%	;10	;Disminuir por67.7%	;Aumentar por25.0%	;6	;Disminuir por76.0%	;Aumentar por50.0%	;
183	;(Lunes)2026/06/01	;2	; --%	; --%	;0	; --%	;Disminuir por100.0%	;113	;Aumentar por527.8%	;Aumentar por264.5%	;38	;Aumentar por442.9%	;Aumentar por322.2%	;321	;Aumentar por273.3%	;Aumentar por96.9%	;192	;Aumentar por336.4%	;Aumentar por73.0%	;32	;Aumentar por433.3%	;Aumentar por966.7%	;18	;Aumentar por200.0%	;Aumentar por500.0%	;
184	;(Martes)2026/06/02	;0	; --%	;Disminuir por100.0%	;1	; --%	;Disminuir por66.7%	;147	;Aumentar por818.8%	;Aumentar por12.2%	;36	;Aumentar por620.0%	;Disminuir por5.3%	;334	;Aumentar por124.2%	;Aumentar por4.0%	;220	;Aumentar por105.6%	;Aumentar por14.0%	;30	;Aumentar por650.0%	;Aumentar por130.8%	;24	;Aumentar por1100.0%	;Aumentar por140.0%	;
185	;(Miércoles)2026/06/03	;1	;Disminuir por75.0%	;Disminuir por66.7%	;0	;Disminuir por100.0%	; --%	;131	;Aumentar por57.8%	;Disminuir por2.2%	;29	;Disminuir por14.7%	;Disminuir por17.1%	;325	;Aumentar por23.1%	;Disminuir por9.7%	;204	;Aumentar por23.6%	;Aumentar por6.8%	;26	;Aumentar por85.7%	;Disminuir por23.5%	;15	;Aumentar por114.3%	;Disminuir por37.5%	;
186	;(Jueves)2026/06/04	;1	; --%	; --%	;2	; --%	; --%	;138	;Aumentar por48.4%	;Aumentar por11.3%	;37	;Sin cambios	;Aumentar por42.3%	;317	;Aumentar por17.0%	;Disminuir por3.6%	;200	;Aumentar por31.6%	;Aumentar por23.5%	;18	;Disminuir por25.0%	;Disminuir por10.0%	;12	;Disminuir por29.4%	;Disminuir por14.3%	;
187	;(Viernes)2026/06/05	;1	;Disminuir por66.7%	;Sin cambios	;0	;Disminuir por100.0%	; --%	;116	;Aumentar por9.4%	;Disminuir por14.7%	;40	;Aumentar por48.1%	;Aumentar por25.0%	;353	;Aumentar por13.9%	;Aumentar por3.2%	;188	;Disminuir por4.1%	;Aumentar por3.9%	;30	;Aumentar por30.4%	;Aumentar por76.5%	;18	;Aumentar por50.0%	;Aumentar por5.9%	;
188	;(Sábado)2026/06/06	;0	;Disminuir por100.0%	;Disminuir por100.0%	;2	; --%	; --%	;53	;Disminuir por47.0%	;Disminuir por60.2%	;12	;Disminuir por47.8%	;Disminuir por70.0%	;174	;Disminuir por46.8%	;Disminuir por44.4%	;114	;Disminuir por35.6%	;Disminuir por34.1%	;6	;Disminuir por66.7%	;Disminuir por79.3%	;3	;Disminuir por75.0%	;Disminuir por88.0%	;
189	;(Domingo)2026/06/07	;2	;Aumentar por100.0%	;Disminuir por33.3%	;1	; --%	;Sin cambios	;25	;Disminuir por82.6%	;Disminuir por49.0%	;6	;Disminuir por87.8%	;Disminuir por57.1%	;156	;Disminuir por53.4%	;Disminuir por10.9%	;150	;Disminuir por28.9%	;Aumentar por82.9%	;5	;Disminuir por80.0%	;Disminuir por50.0%	;4	;Disminuir por81.8%	;Disminuir por42.9%	;
190	;(Lunes)2026/06/08	;0	;Disminuir por100.0%	; --%	;0	; --%	;Disminuir por100.0%	;120	;Aumentar por100.0%	;Aumentar por531.6%	;37	;Aumentar por184.6%	;Aumentar por3600.0%	;291	;Aumentar por43.3%	;Aumentar por174.5%	;190	;Aumentar por32.9%	;Aumentar por93.9%	;23	;Aumentar por228.6%	;Aumentar por360.0%	;15	;Aumentar por114.3%	;Aumentar por650.0%	;
191	;(Martes)2026/06/09	;3	;Aumentar por200.0%	; --%	;2	; --%	;Aumentar por100.0%	;125	;Aumentar por363.0%	;Aumentar por6.8%	;35	;Aumentar por775.0%	;Disminuir por34.0%	;252	;Aumentar por8.2%	;Disminuir por4.2%	;138	;Aumentar por36.6%	;Disminuir por22.5%	;28	;Aumentar por2700.0%	;Aumentar por86.7%	;21	;Aumentar por950.0%	;Aumentar por75.0%	;
192	;(Miércoles)2026/06/10	;4	;Aumentar por33.3%	; --%	;2	; --%	; --%	;139	;Aumentar por101.4%	;Aumentar por18.8%	;40	;Aumentar por21.2%	;Aumentar por2.6%	;285	;Aumentar por78.1%	;Aumentar por2.9%	;187	;Aumentar por122.6%	;Aumentar por27.2%	;23	;Aumentar por187.5%	;Disminuir por17.9%	;19	;Aumentar por137.5%	;Disminuir por9.5%	;
193	;(Jueves)2026/06/11	;7	; --%	;Aumentar por250.0%	;4	;Aumentar por300.0%	; --%	;149	; --%	;Aumentar por35.5%	;41	; --%	;Aumentar por51.9%	;318	;Aumentar por31700.0%	;Aumentar por3.9%	;196	; --%	;Aumentar por23.3%	;32	; --%	;Aumentar por60.0%	;19	; --%	;Aumentar por18.8%	;
194	;(Viernes)2026/06/12	;5	;Aumentar por400.0%	;Aumentar por25.0%	;0	;Disminuir por100.0%	; --%	;162	;Aumentar por80.0%	;Aumentar por21.8%	;83	;Aumentar por361.1%	;Aumentar por186.2%	;296	;Disminuir por11.1%	;Aumentar por0.3%	;196	;Aumentar por17.4%	;Aumentar por18.1%	;49	;Aumentar por600.0%	;Aumentar por88.5%	;45	;Aumentar por350.0%	;Aumentar por150.0%	;
195	;(Sábado)2026/06/13	;2	; --%	; --%	;2	;Aumentar por100.0%	;Sin cambios	;64	;Disminuir por34.0%	;Disminuir por60.2%	;17	;Disminuir por46.9%	;Disminuir por67.3%	;204	;Disminuir por29.9%	;Disminuir por32.7%	;149	;Aumentar por12.0%	;Aumentar por12.9%	;13	;Aumentar por18.2%	;Disminuir por53.6%	;10	;Aumentar por150.0%	;Disminuir por68.8%	;
196	;(Domingo)2026/06/14	;3	;Aumentar por50.0%	;Aumentar por50.0%	;3	; --%	; --%	;34	;Disminuir por73.6%	;Disminuir por30.6%	;12	;Disminuir por66.7%	;Aumentar por9.1%	;206	;Disminuir por32.2%	;Disminuir por0.5%	;109	;Disminuir por35.9%	;Disminuir por6.8%	;9	;Disminuir por40.0%	;Sin cambios	;6	;Disminuir por57.1%	;Disminuir por45.5%	;
197	;(Lunes)2026/06/15	;4	; --%	;Aumentar por300.0%	;3	; --%	;Sin cambios	;139	;Aumentar por215.9%	;Aumentar por414.8%	;62	;Aumentar por675.0%	;Aumentar por1966.7%	;295	;Aumentar por48.2%	;Aumentar por35.9%	;171	;Aumentar por29.5%	;Aumentar por43.7%	;24	;Aumentar por1100.0%	;Aumentar por700.0%	;20	;Aumentar por566.7%	;Aumentar por1900.0%	;
198	;(Martes)2026/06/16	;6	; --%	;Aumentar por200.0%	;3	; --%	;Aumentar por50.0%	;152	;Aumentar por310.8%	;Aumentar por27.7%	;59	;Aumentar por742.9%	;Aumentar por96.7%	;290	;Aumentar por30.0%	;Aumentar por16.5%	;170	;Aumentar por32.8%	;Aumentar por17.2%	;32	;Aumentar por966.7%	;Aumentar por23.1%	;24	;Aumentar por1100.0%	;Aumentar por41.2%	;
199	;(Miércoles)2026/06/17	;3	;Sin cambios	; --%	;0	;Disminuir por100.0%	; --%	;126	;Aumentar por16.7%	;Aumentar por23.5%	;26	;Disminuir por33.3%	;Disminuir por45.8%	;286	;Disminuir por5.0%	;Aumentar por2.5%	;147	;Disminuir por13.5%	;Disminuir por17.4%	;20	;Aumentar por300.0%	;Disminuir por25.9%	;17	;Aumentar por750.0%	;Disminuir por37.0%	;
200	;(Jueves)2026/06/18	;4	;Aumentar por300.0%	;Aumentar por100.0%	;1	; --%	;Sin cambios	;138	;Aumentar por15.0%	;Disminuir por4.2%	;39	;Aumentar por18.2%	;Aumentar por69.6%	;327	;Aumentar por14.7%	;Aumentar por13.5%	;202	;Aumentar por41.3%	;Aumentar por22.4%	;20	;Aumentar por185.7%	;Aumentar por25.0%	;18	;Aumentar por200.0%	;Aumentar por50.0%	;
201	;(Viernes)2026/06/19	;6	; --%	;Aumentar por50.0%	;3	;Sin cambios	;Aumentar por200.0%	;167	;Aumentar por47.8%	;Aumentar por20.1%	;58	;Aumentar por176.2%	;Aumentar por123.1%	;315	;Disminuir por0.6%	;Aumentar por9.4%	;206	;Aumentar por23.4%	;Aumentar por24.1%	;53	;Aumentar por1225.0%	;Aumentar por120.8%	;38	;Aumentar por850.0%	;Aumentar por58.3%	;
202	;(Sábado)2026/06/20	;2	; --%	;Disminuir por60.0%	;4	; --%	;Aumentar por33.3%	;64	;Disminuir por43.9%	;Disminuir por61.4%	;18	;Disminuir por35.7%	;Disminuir por63.3%	;179	;Disminuir por44.1%	;Disminuir por41.3%	;122	;Disminuir por23.8%	;Disminuir por29.1%	;15	;Aumentar por114.3%	;Disminuir por58.3%	;15	;Aumentar por200.0%	;Disminuir por53.1%	;
203	;(Domingo)2026/06/21	;2	;Disminuir por50.0%	; --%	;1	;Sin cambios	;Sin cambios	;30	;Disminuir por74.1%	;Disminuir por54.5%	;7	;Disminuir por82.5%	;Disminuir por53.3%	;207	;Disminuir por37.3%	;Disminuir por17.9%	;130	;Disminuir por26.6%	;Aumentar por21.5%	;6	;Disminuir por64.7%	;Sin cambios	;2	;Disminuir por90.0%	;Disminuir por50.0%	;
204	;(Lunes)2026/06/22	;5	; --%	; --%	;2	; --%	; --%	;150	;Aumentar por284.6%	;Aumentar por500.0%	;58	;Aumentar por544.4%	;Aumentar por427.3%	;288	;Aumentar por1.1%	;Aumentar por63.6%	;179	;Aumentar por1.1%	;Aumentar por25.2%	;20	;Aumentar por900.0%	;Aumentar por66.7%	;20	;Aumentar por900.0%	;Aumentar por66.7%	;
205	;(Martes)2026/06/23	;5	; --%	;Aumentar por25.0%	;6	; --%	;Aumentar por100.0%	;151	;Aumentar por556.5%	;Aumentar por22.8%	;43	;Aumentar por1333.3%	;Sin cambios	;306	;Aumentar por53.0%	;Aumentar por23.9%	;178	;Aumentar por43.5%	;Aumentar por29.9%	;29	;Aumentar por2800.0%	;Aumentar por52.6%	;24	;Aumentar por1100.0%	;Sin cambios	;
206	;(Miércoles)2026/06/24	;2	;Aumentar por100.0%	;Aumentar por100.0%	;2	;Aumentar por100.0%	;Aumentar por100.0%	;69	;Disminuir por23.3%	;Disminuir por33.7%	;9	;Disminuir por55.0%	;Disminuir por57.1%	;234	;Disminuir por26.6%	;Disminuir por0.4%	;159	;Disminuir por8.1%	;Aumentar por30.3%	;11	;Aumentar por120.0%	;Disminuir por45.0%	;9	;Aumentar por12.5%	;Disminuir por47.1%	;
207	;(Jueves)2026/06/25	;6	;Aumentar por500.0%	;Aumentar por50.0%	;1	; --%	; --%	;136	;Aumentar por37.4%	;Aumentar por5.4%	;32	;Aumentar por39.1%	;Disminuir por22.0%	;297	;Disminuir por8.3%	;Aumentar por10.0%	;169	;Disminuir por1.7%	;Aumentar por11.9%	;30	;Aumentar por130.8%	;Aumentar por57.9%	;26	;Aumentar por116.7%	;Aumentar por36.8%	;
208	;(Viernes)2026/06/26	;7	;Aumentar por600.0%	;Aumentar por133.3%	;3	; --%	;Aumentar por50.0%	;172	;Aumentar por73.7%	;Aumentar por37.6%	;63	;Aumentar por162.5%	;Aumentar por57.5%	;308	;Disminuir por8.3%	;Aumentar por2.7%	;174	;Disminuir por5.4%	;Aumentar por21.7%	;45	;Aumentar por542.9%	;Aumentar por55.2%	;44	;Aumentar por450.0%	;Aumentar por175.0%	;
209	;(Sábado)2026/06/27	;2	;Sin cambios	;Disminuir por33.3%	;1	; --%	;Sin cambios	;53	;Disminuir por46.5%	;Disminuir por60.7%	;15	;Disminuir por51.6%	;Disminuir por68.8%	;212	;Disminuir por33.8%	;Disminuir por22.9%	;118	;Disminuir por28.9%	;Disminuir por22.9%	;18	;Aumentar por100.0%	;Disminuir por58.1%	;19	;Aumentar por72.7%	;Disminuir por40.6%	;
210	;(Domingo)2026/06/28	;1	; --%	;Sin cambios	;3	; --%	;Aumentar por50.0%	;38	;Disminuir por66.1%	;Disminuir por39.7%	;14	;Disminuir por57.6%	;Sin cambios	;199	;Disminuir por44.6%	;Aumentar por8.2%	;121	;Disminuir por36.3%	;Aumentar por30.1%	;12	;Disminuir por14.3%	;Aumentar por100.0%	;10	;Disminuir por23.1%	;Sin cambios	;
211	;(Lunes)2026/06/29	;6	; --%	;Aumentar por100.0%	;2	; --%	;Disminuir por33.3%	;130	;Aumentar por242.1%	;Aumentar por465.2%	;49	;Aumentar por880.0%	;Aumentar por600.0%	;320	;Aumentar por3.2%	;Aumentar por79.8%	;202	;Aumentar por1.5%	;Aumentar por96.1%	;26	;Aumentar por550.0%	;Aumentar por85.7%	;21	;Aumentar por425.0%	;Aumentar por162.5%	;
212	;(Martes)2026/06/30	;4	;Aumentar por300.0%	;Aumentar por300.0%	;1	;Sin cambios	;Sin cambios	;155	;Aumentar por520.0%	;Aumentar por18.3%	;49	;Aumentar por1125.0%	;Aumentar por40.0%	;285	;Aumentar por23.9%	;Aumentar por2.5%	;182	;Aumentar por25.5%	;Aumentar por24.7%	;39	; --%	;Aumentar por44.4%	;25	; --%	;Aumentar por8.7%	;
213	;(Miércoles)2026/07/01	;2	;Sin cambios	;Sin cambios	;1	;Sin cambios	; --%	;146	;Aumentar por40.4%	;Aumentar por15.9%	;42	;Aumentar por180.0%	;Disminuir por2.3%	;294	;Disminuir por6.7%	;Aumentar por4.6%	;187	;Aumentar por12.0%	;Aumentar por18.4%	;21	;Aumentar por250.0%	;Disminuir por34.4%	;17	;Aumentar por183.3%	;Disminuir por32.0%	;
214	;(Jueves)2026/07/02	;10	;Aumentar por900.0%	;Aumentar por100.0%	;5	; --%	;Aumentar por400.0%	;128	;Aumentar por40.7%	;Disminuir por1.5%	;50	;Aumentar por108.3%	;Aumentar por6.4%	;287	;Disminuir por5.3%	;Aumentar por5.5%	;176	;Aumentar por1.1%	;Aumentar por49.2%	;29	;Aumentar por163.6%	;Disminuir por60.8%	;28	;Aumentar por154.5%	;Disminuir por54.8%	;
215	;(Viernes)2026/07/03	;3	;Aumentar por200.0%	;Aumentar por50.0%	;3	;Aumentar por50.0%	; --%	;148	;Aumentar por34.5%	;Aumentar por9.6%	;45	;Aumentar por50.0%	;Aumentar por28.6%	;275	;Disminuir por2.1%	;Aumentar por4.2%	;172	;Aumentar por26.5%	;Aumentar por22.9%	;29	;Aumentar por45.0%	;Aumentar por52.6%	;33	;Aumentar por120.0%	;Aumentar por135.7%	;
216	;(Sábado)2026/07/04	;3	;Aumentar por200.0%	;Aumentar por200.0%	;1	;Disminuir por50.0%	; --%	;54	;Disminuir por46.5%	;Disminuir por63.3%	;14	;Disminuir por41.7%	;Disminuir por70.8%	;237	;Disminuir por24.8%	;Disminuir por8.1%	;137	;Disminuir por12.2%	;Disminuir por1.4%	;14	;Aumentar por27.3%	;Disminuir por71.4%	;16	;Aumentar por60.0%	;Disminuir por61.9%	;
217	;(Domingo)2026/07/05	;4	; --%	;Aumentar por300.0%	;1	; --%	; --%	;46	;Disminuir por77.0%	;Disminuir por19.3%	;6	;Disminuir por95.5%	;Disminuir por53.8%	;206	;Disminuir por46.6%	;Aumentar por10.8%	;147	;Disminuir por38.8%	;Aumentar por30.1%	;31	;Aumentar por3.3%	;Aumentar por106.7%	;32	;Aumentar por33.3%	;Aumentar por146.2%	;
218	;(Lunes)2026/07/06	;4	;Aumentar por300.0%	;Aumentar por300.0%	;3	; --%	; --%	;149	;Aumentar por210.4%	;Aumentar por254.8%	;51	;Aumentar por240.0%	;Aumentar por240.0%	;313	;Aumentar por74.9%	;Aumentar por55.7%	;203	;Aumentar por37.2%	;Aumentar por59.8%	;24	;Aumentar por380.0%	;Aumentar por1100.0%	;27	;Aumentar por237.5%	;Aumentar por575.0%	;
219	;(Martes)2026/07/07	;3	;Aumentar por200.0%	;Sin cambios	;3	; --%	;Sin cambios	;123	;Aumentar por623.5%	;Disminuir por16.3%	;35	;Aumentar por191.7%	;Disminuir por22.2%	;255	;Aumentar por102.4%	;Disminuir por12.1%	;168	;Aumentar por110.0%	;Disminuir por7.2%	;31	;Aumentar por244.4%	;Aumentar por55.0%	;23	;Aumentar por130.0%	;Aumentar por64.3%	;
220	;(Miércoles)2026/07/08	;5	; --%	;Aumentar por66.7%	;1	; --%	;Disminuir por50.0%	;136	;Aumentar por6.3%	;Aumentar por41.7%	;40	;Aumentar por17.6%	;Aumentar por37.9%	;289	;Aumentar por2.5%	;Disminuir por33.9%	;166	;Aumentar por2.5%	;Disminuir por49.5%	;22	;Disminuir por31.3%	;Disminuir por18.5%	;18	;Disminuir por33.3%	;Disminuir por35.7%	;
221	;(Jueves)2026/07/09	;1	;Disminuir por80.0%	;Disminuir por50.0%	;1	; --%	;Sin cambios	;142	;Aumentar por27.9%	;Aumentar por10.1%	;33	;Disminuir por26.7%	;Disminuir por49.2%	;313	;Aumentar por2.6%	;Disminuir por6.0%	;193	;Aumentar por32.2%	;Aumentar por6.0%	;21	;Disminuir por8.7%	;Aumentar por23.5%	;23	;Aumentar por35.3%	;Aumentar por91.7%	;
222	;(Viernes)2026/07/10	;4	; --%	;Aumentar por100.0%	;5	;Aumentar por400.0%	;Aumentar por400.0%	;144	;Aumentar por65.5%	;Aumentar por10.8%	;54	;Aumentar por145.5%	;Aumentar por68.8%	;278	;Aumentar por0.7%	;Sin cambios	;166	;Aumentar por23.0%	;Aumentar por6.4%	;46	;Aumentar por130.0%	;Aumentar por109.1%	;40	;Aumentar por207.7%	;Aumentar por150.0%	;
223	;(Sábado)2026/07/11	;0	;Disminuir por100.0%	;Disminuir por100.0%	;1	; --%	;Disminuir por50.0%	;60	;Disminuir por65.5%	;Disminuir por56.2%	;19	;Disminuir por77.1%	;Disminuir por52.5%	;179	;Disminuir por44.9%	;Disminuir por38.7%	;139	;Disminuir por12.0%	;Disminuir por12.0%	;10	;Disminuir por95.3%	;Disminuir por68.8%	;7	;Disminuir por96.6%	;Disminuir por78.1%	;
224	;(Domingo)2026/07/12	;1	; --%	;Sin cambios	;2	;Aumentar por100.0%	;Sin cambios	;35	;Disminuir por77.0%	;Disminuir por54.5%	;8	;Disminuir por86.4%	;Disminuir por46.7%	;148	;Disminuir por57.2%	;Disminuir por41.0%	;130	;Disminuir por29.0%	;Disminuir por17.7%	;8	;Disminuir por71.4%	;Disminuir por20.0%	;4	;Disminuir por83.3%	;Disminuir por55.6%	;
225	;(Lunes)2026/07/13	;7	;Aumentar por600.0%	;Aumentar por600.0%	;1	; --%	;Sin cambios	;117	;Aumentar por244.1%	;Aumentar por265.6%	;45	;Aumentar por164.7%	;Aumentar por462.5%	;258	;Aumentar por80.4%	;Aumentar por31.0%	;164	;Aumentar por141.2%	;Aumentar por39.0%	;23	;Aumentar por475.0%	;Aumentar por228.6%	;25	;Aumentar por316.7%	;Aumentar por733.3%	;
226	;(Martes)2026/07/14	;1	; --%	;Disminuir por75.0%	;2	; --%	;Aumentar por100.0%	;79	;Aumentar por295.0%	;Disminuir por39.2%	;30	;Aumentar por2900.0%	;Disminuir por28.6%	;165	;Disminuir por2.9%	;Disminuir por37.5%	;106	;Aumentar por32.5%	;Disminuir por34.2%	;24	;Aumentar por1100.0%	;Aumentar por14.3%	;20	;Aumentar por900.0%	;Disminuir por9.1%	;
