Análisis de tipo multiobjetivo	;
Información básica	;
Hora de exportación: 2026/07/14 13:50:59	;
Operador: Touristcheck	;
Objetivo de estadísticas: Rotonda Avda. Papa Luna Sur	;
Exportar contenido:Número de personas,Vehículos a motor,Vehículos sin motor	;
Hora del informe: 2025/12/01 00:00:00 - 2026/07/14 23:59:59	;

Personas totales	; 	; 	; 	; 	; 	;Total de vehículos a motor	; 	; 	; 	; 	; 	;Total de vehículos sin motor	;
Avanzar	; 	; 	;Retroceso	; 	; 	;Avanzar	; 	; 	;Retroceso	; 	; 	;Avanzar	; 	; 	;Retroceso	;
Valor	;Tasa de cambio (ciclo tras ciclo)	;Tasa de cambio (año tras año)	;Valor	;Tasa de cambio (ciclo tras ciclo)	;Tasa de cambio (año tras año)	;Valor	;Tasa de cambio (ciclo tras ciclo)	;Tasa de cambio (año tras año)	;Valor	;Tasa de cambio (ciclo tras ciclo)	;Tasa de cambio (año tras año)	;Valor	;Tasa de cambio (ciclo tras ciclo)	;Tasa de cambio (año tras año)	;Valor	;Tasa de cambio (ciclo tras ciclo)	;Tasa de cambio (año tras año)	;
503253	;Disminuir por40.8%	;Aumentar por86.5%	;597568	;Disminuir por37.1%	;Aumentar por98.4%	;389492	;Aumentar por57.3%	;Aumentar por309.3%	;686814	;Aumentar por30.1%	;Aumentar por239.4%	;103295	;Disminuir por7.0%	;Aumentar por176.8%	;133992	;Disminuir por17.9%	;Aumentar por136.3%	;

N.º	;Hora	;Personas	; 	; 	; 	; 	; 	;Vehículos a motor	; 	; 	; 	; 	; 	;Vehículos sin motor	;
	;	;Avanzar	; 	; 	;Retroceso	; 	; 	;Avanzar	; 	; 	;Retroceso	; 	; 	;Avanzar	; 	; 	;Retroceso	;
	;	;Valor	;Tasa de cambio (ciclo tras ciclo)	;Tasa de cambio (año tras año)	;Valor	;Tasa de cambio (ciclo tras ciclo)	;Tasa de cambio (año tras año)	;Valor	;Tasa de cambio (ciclo tras ciclo)	;Tasa de cambio (año tras año)	;Valor	;Tasa de cambio (ciclo tras ciclo)	;Tasa de cambio (año tras año)	;Valor	;Tasa de cambio (ciclo tras ciclo)	;Tasa de cambio (año tras año)	;Valor	;Tasa de cambio (ciclo tras ciclo)	;Tasa de cambio (año tras año)	;
1	;(Lunes)2025/12/01	;681	; --%	; --%	;669	; --%	; --%	;912	; --%	; --%	;1893	; --%	; --%	;303	; --%	; --%	;359	; --%	; --%	;
2	;(Martes)2025/12/02	;626	; --%	; --%	;694	; --%	; --%	;824	; --%	; --%	;1842	; --%	; --%	;186	; --%	; --%	;272	; --%	; --%	;
3	;(Miércoles)2025/12/03	;589	; --%	; --%	;611	; --%	; --%	;945	; --%	; --%	;2136	; --%	; --%	;177	; --%	; --%	;256	; --%	; --%	;
4	;(Jueves)2025/12/04	;755	; --%	; --%	;776	; --%	; --%	;870	; --%	; --%	;1966	; --%	; --%	;158	; --%	; --%	;305	; --%	; --%	;
5	;(Viernes)2025/12/05	;1385	; --%	; --%	;1464	; --%	; --%	;1236	; --%	; --%	;2195	; --%	; --%	;228	; --%	; --%	;362	; --%	; --%	;
6	;(Sábado)2025/12/06	;4346	; --%	; --%	;4865	; --%	; --%	;1854	; --%	; --%	;2967	; --%	; --%	;436	; --%	; --%	;549	; --%	; --%	;
7	;(Domingo)2025/12/07	;5109	;Aumentar por99.2%	; --%	;5940	;Aumentar por115.5%	; --%	;1446	;Aumentar por60.0%	; --%	;3123	;Aumentar por65.2%	; --%	;413	;Aumentar por3.5%	; --%	;503	;Disminuir por11.4%	; --%	;
8	;(Lunes)2025/12/08	;2083	;Disminuir por44.7%	; --%	;2712	;Disminuir por33.5%	; --%	;1306	;Aumentar por22.2%	; --%	;2233	;Aumentar por7.3%	; --%	;353	;Disminuir por19.0%	; --%	;433	;Disminuir por29.9%	; --%	;
9	;(Martes)2025/12/09	;741	;Disminuir por74.1%	; --%	;783	;Disminuir por75.9%	; --%	;1019	;Aumentar por5.9%	; --%	;1858	;Aumentar por1.7%	; --%	;252	;Disminuir por32.3%	; --%	;324	;Disminuir por43.2%	; --%	;
10	;(Miércoles)2025/12/10	;608	;Disminuir por25.4%	; --%	;656	;Disminuir por2.8%	; --%	;914	;Aumentar por107.3%	; --%	;1781	;Aumentar por82.9%	; --%	;228	;Aumentar por16.3%	; --%	;319	;Aumentar por45.7%	; --%	;
11	;(Jueves)2025/12/11	;583	;Disminuir por28.8%	; --%	;605	;Disminuir por45.3%	; --%	;960	;Aumentar por56.9%	; --%	;1769	;Aumentar por17.9%	; --%	;207	;Disminuir por5.5%	; --%	;273	;Disminuir por28.3%	; --%	;
12	;(Viernes)2025/12/12	;892	;Disminuir por51.3%	; --%	;833	;Disminuir por59.5%	; --%	;1160	;Disminuir por8.7%	; --%	;1965	;Disminuir por31.2%	; --%	;252	;Disminuir por22.5%	; --%	;291	;Disminuir por45.9%	; --%	;
13	;(Sábado)2025/12/13	;1676	;Disminuir por65.2%	; --%	;1875	;Disminuir por64.6%	; --%	;1204	;Disminuir por8.9%	; --%	;2007	;Disminuir por19.1%	; --%	;240	;Disminuir por41.9%	; --%	;314	;Disminuir por44.9%	; --%	;
14	;(Domingo)2025/12/14	;300	;Disminuir por93.5%	; --%	;392	;Disminuir por92.6%	; --%	;687	;Disminuir por59.6%	; --%	;1165	;Disminuir por61.6%	; --%	;50	;Disminuir por79.6%	; --%	;62	;Disminuir por83.8%	; --%	;
15	;(Lunes)2025/12/15	;318	;Disminuir por94.0%	; --%	;356	;Disminuir por94.2%	; --%	;946	;Disminuir por13.7%	; --%	;1740	;Disminuir por23.5%	; --%	;40	;Disminuir por92.3%	; --%	;52	;Disminuir por93.7%	; --%	;
16	;(Martes)2025/12/16	;387	;Disminuir por85.9%	; --%	;362	;Disminuir por89.2%	; --%	;889	;Disminuir por28.4%	; --%	;1655	;Disminuir por39.1%	; --%	;95	;Disminuir por72.8%	; --%	;125	;Disminuir por80.3%	; --%	;
17	;(Miércoles)2025/12/17	;320	;Disminuir por79.6%	; --%	;318	;Disminuir por82.6%	; --%	;952	;Disminuir por17.2%	; --%	;1536	;Disminuir por42.2%	; --%	;44	;Disminuir por88.8%	; --%	;34	;Disminuir por94.2%	; --%	;
18	;(Jueves)2025/12/18	;625	;Disminuir por55.9%	; --%	;550	;Disminuir por65.8%	; --%	;939	;Disminuir por11.7%	; --%	;1816	;Disminuir por23.9%	; --%	;198	;Disminuir por36.5%	; --%	;260	;Disminuir por50.7%	; --%	;
19	;(Viernes)2025/12/19	;700	;Disminuir por55.1%	; --%	;727	;Disminuir por56.3%	; --%	;1182	;Aumentar por11.8%	; --%	;1988	;Disminuir por16.0%	; --%	;217	;Disminuir por32.8%	; --%	;268	;Disminuir por50.0%	; --%	;
20	;(Sábado)2025/12/20	;1335	;Aumentar por5.5%	; --%	;1589	;Aumentar por18.2%	; --%	;1134	;Aumentar por6.4%	; --%	;1909	;Disminuir por21.0%	; --%	;249	;Aumentar por29.0%	; --%	;359	;Disminuir por1.4%	; --%	;
21	;(Domingo)2025/12/21	;1209	;Disminuir por20.6%	; --%	;1350	;Disminuir por20.4%	; --%	;894	;Aumentar por10.0%	; --%	;1615	;Disminuir por5.9%	; --%	;216	;Disminuir por25.5%	; --%	;296	;Disminuir por34.1%	; --%	;
22	;(Lunes)2025/12/22	;813	;Disminuir por67.5%	; --%	;964	;Disminuir por65.5%	; --%	;1093	;Disminuir por2.9%	; --%	;2195	;Disminuir por7.5%	; --%	;338	;Aumentar por7.6%	; --%	;348	;Disminuir por29.7%	; --%	;
23	;(Martes)2025/12/23	;782	;Disminuir por62.4%	; --%	;810	;Disminuir por67.6%	; --%	;1024	;Aumentar por16.2%	; --%	;1886	;Aumentar por1.1%	; --%	;212	;Disminuir por45.1%	; --%	;285	;Disminuir por49.6%	; --%	;
24	;(Miércoles)2025/12/24	;713	;Disminuir por61.9%	; --%	;775	;Disminuir por62.0%	; --%	;911	;Disminuir por15.6%	; --%	;1711	;Disminuir por31.2%	; --%	;225	;Disminuir por59.4%	; --%	;322	;Disminuir por58.3%	; --%	;
25	;(Jueves)2025/12/25	;440	;Disminuir por72.6%	; --%	;530	;Disminuir por68.9%	; --%	;789	;Disminuir por15.3%	; --%	;1373	;Disminuir por36.9%	; --%	;22	;Disminuir por94.9%	; --%	;32	;Disminuir por95.3%	; --%	;
26	;(Viernes)2025/12/26	;904	;Disminuir por39.3%	; --%	;1100	;Disminuir por28.4%	; --%	;1062	;Aumentar por11.7%	; --%	;1651	;Disminuir por26.8%	; --%	;56	;Disminuir por82.4%	; --%	;84	;Disminuir por83.5%	; --%	;
27	;(Sábado)2025/12/27	;606	;Disminuir por64.1%	; --%	;737	;Disminuir por59.3%	; --%	;1123	;Aumentar por10.1%	; --%	;1702	;Disminuir por30.6%	; --%	;29	;Disminuir por93.4%	; --%	;32	;Disminuir por95.3%	; --%	;
28	;(Domingo)2025/12/28	;1061	;Disminuir por50.4%	; --%	;1433	;Disminuir por41.9%	; --%	;1102	;Aumentar por5.4%	; --%	;1622	;Disminuir por24.2%	; --%	;108	;Disminuir por75.6%	; --%	;124	;Disminuir por78.2%	; --%	;
29	;(Lunes)2025/12/29	;1295	;Disminuir por59.9%	; --%	;1515	;Disminuir por57.5%	; --%	;1305	;Aumentar por36.5%	; --%	;2265	;Aumentar por17.1%	; --%	;143	;Disminuir por68.4%	; --%	;141	;Disminuir por77.9%	; --%	;
30	;(Martes)2025/12/30	;1720	;Disminuir por23.9%	; --%	;1949	;Disminuir por28.2%	; --%	;1362	;Aumentar por32.0%	; --%	;2377	;Aumentar por8.4%	; --%	;310	;Disminuir por33.6%	; --%	;400	;Disminuir por42.2%	; --%	;
31	;(Miércoles)2025/12/31	;1529	;Disminuir por20.0%	; --%	;1623	;Disminuir por25.3%	; --%	;1158	;Aumentar por4.5%	; --%	;2018	;Disminuir por19.3%	; --%	;300	;Disminuir por52.6%	; --%	;389	;Disminuir por56.7%	; --%	;
32	;(Jueves)2026/01/01	;1931	;Aumentar por12.2%	; --%	;2370	;Aumentar por27.1%	; --%	;1077	;Disminuir por5.8%	; --%	;2001	;Disminuir por16.3%	; --%	;218	;Disminuir por58.7%	; --%	;282	;Disminuir por64.8%	; --%	;
33	;(Viernes)2026/01/02	;1070	;Disminuir por37.6%	; --%	;1217	;Disminuir por31.5%	; --%	;1108	;Aumentar por5.5%	; --%	;2148	;Disminuir por11.4%	; --%	;213	;Disminuir por53.9%	; --%	;297	;Disminuir por53.0%	; --%	;
34	;(Sábado)2026/01/03	;1536	;Disminuir por10.5%	; --%	;1946	;Aumentar por6.1%	; --%	;1036	;Disminuir por0.8%	; --%	;1814	;Disminuir por24.5%	; --%	;194	;Disminuir por57.0%	; --%	;295	;Disminuir por55.1%	; --%	;
35	;(Domingo)2026/01/04	;661	;Disminuir por69.8%	; --%	;985	;Disminuir por58.0%	; --%	;773	;Disminuir por39.3%	; --%	;1341	;Disminuir por50.8%	; --%	;48	;Disminuir por91.8%	; --%	;72	;Disminuir por91.1%	; --%	;
36	;(Lunes)2026/01/05	;939	;Disminuir por70.5%	; --%	;988	;Disminuir por72.7%	; --%	;977	;Aumentar por11.3%	; --%	;1829	;Aumentar por5.4%	; --%	;173	;Disminuir por61.4%	; --%	;194	;Disminuir por70.5%	; --%	;
37	;(Martes)2026/01/06	;511	;Disminuir por80.0%	; --%	;508	;Disminuir por84.0%	; --%	;803	;Disminuir por24.7%	; --%	;1607	;Disminuir por30.0%	; --%	;97	;Disminuir por79.1%	; --%	;161	;Disminuir por77.4%	; --%	;
38	;(Miércoles)2026/01/07	;546	;Disminuir por72.8%	; --%	;532	;Disminuir por77.1%	; --%	;1620	;Aumentar por37.8%	; --%	;2526	;Disminuir por5.9%	; --%	;219	;Disminuir por59.7%	; --%	;278	;Disminuir por65.3%	; --%	;
39	;(Jueves)2026/01/08	;534	;Disminuir por74.6%	; --%	;577	;Disminuir por74.7%	; --%	;993	;Disminuir por9.1%	; --%	;1834	;Disminuir por28.3%	; --%	;248	;Disminuir por40.8%	; --%	;329	;Disminuir por52.2%	; --%	;
40	;(Viernes)2026/01/09	;625	;Disminuir por67.3%	; --%	;639	;Disminuir por69.5%	; --%	;944	;Disminuir por17.1%	; --%	;1844	;Disminuir por29.9%	; --%	;249	;Disminuir por29.7%	; --%	;339	;Disminuir por48.9%	; --%	;
41	;(Sábado)2026/01/10	;833	;Disminuir por59.0%	; --%	;898	;Disminuir por63.3%	; --%	;870	;Disminuir por36.5%	; --%	;1543	;Disminuir por45.3%	; --%	;230	;Disminuir por52.5%	; --%	;316	;Disminuir por53.3%	; --%	;
42	;(Domingo)2026/01/11	;657	;Disminuir por76.1%	; --%	;648	;Disminuir por78.1%	; --%	;660	;Disminuir por37.8%	; --%	;1359	;Disminuir por41.1%	; --%	;269	;Disminuir por45.2%	; --%	;390	;Disminuir por44.2%	; --%	;
43	;(Lunes)2026/01/12	;608	;Disminuir por86.2%	; --%	;601	;Disminuir por86.7%	; --%	;973	;Disminuir por19.5%	; --%	;1822	;Aumentar por32.3%	; --%	;454	;Disminuir por14.3%	; --%	;455	;Disminuir por25.5%	; --%	;
44	;(Martes)2026/01/13	;538	;Disminuir por84.2%	; --%	;555	;Disminuir por85.6%	; --%	;875	;Disminuir por29.0%	; --%	;1735	;Disminuir por26.2%	; --%	;222	;Disminuir por58.6%	; --%	;308	;Disminuir por60.9%	; --%	;
45	;(Miércoles)2026/01/14	;542	;Disminuir por78.1%	; --%	;521	;Disminuir por80.7%	; --%	;915	;Disminuir por25.2%	; --%	;1749	;Disminuir por37.1%	; --%	;209	;Disminuir por61.9%	; --%	;288	;Disminuir por64.3%	; --%	;
46	;(Jueves)2026/01/15	;520	;Disminuir por77.5%	; --%	;468	;Disminuir por81.4%	; --%	;858	;Disminuir por31.6%	; --%	;1737	;Disminuir por32.1%	; --%	;207	;Disminuir por49.8%	; --%	;303	;Disminuir por55.0%	; --%	;
47	;(Viernes)2026/01/16	;567	;Disminuir por73.8%	; --%	;608	;Disminuir por74.7%	; --%	;888	;Disminuir por24.3%	; --%	;1779	;Disminuir por29.1%	; --%	;220	;Disminuir por51.0%	; --%	;315	;Disminuir por60.7%	; --%	;
48	;(Sábado)2026/01/17	;455	;Disminuir por81.1%	; --%	;580	;Disminuir por77.2%	; --%	;844	;Disminuir por33.5%	; --%	;1491	;Disminuir por42.5%	; --%	;39	;Disminuir por92.1%	; --%	;57	;Disminuir por92.2%	; --%	;
49	;(Domingo)2026/01/18	;592	;Disminuir por82.1%	; --%	;666	;Disminuir por80.9%	; --%	;651	;Disminuir por42.3%	; --%	;1316	;Disminuir por54.6%	; --%	;206	;Disminuir por63.7%	; --%	;309	;Disminuir por63.1%	; --%	;
50	;(Lunes)2026/01/19	;456	;Disminuir por91.3%	; --%	;433	;Disminuir por92.5%	; --%	;920	;Aumentar por30.3%	; --%	;1734	;Disminuir por45.7%	; --%	;172	;Disminuir por69.4%	; --%	;182	;Disminuir por81.3%	; --%	;
51	;(Martes)2026/01/20	;294	;Disminuir por94.7%	; --%	;297	;Disminuir por95.5%	; --%	;889	;Disminuir por27.5%	; --%	;1795	;Disminuir por20.4%	; --%	;49	;Disminuir por92.3%	; --%	;58	;Disminuir por93.7%	; --%	;
52	;(Miércoles)2026/01/21	;427	;Disminuir por88.1%	; --%	;443	;Disminuir por89.5%	; --%	;829	;Disminuir por43.2%	; --%	;1630	;Disminuir por49.9%	; --%	;155	;Disminuir por71.8%	; --%	;195	;Disminuir por74.4%	; --%	;
53	;(Jueves)2026/01/22	;511	;Disminuir por84.2%	; --%	;543	;Disminuir por84.3%	; --%	;965	;Disminuir por23.4%	; --%	;1902	;Disminuir por28.4%	; --%	;231	;Disminuir por52.4%	; --%	;285	;Disminuir por66.2%	; --%	;
54	;(Viernes)2026/01/23	;619	;Disminuir por79.2%	; --%	;591	;Disminuir por80.8%	; --%	;988	;Disminuir por25.8%	; --%	;1890	;Disminuir por33.4%	; --%	;244	;Disminuir por50.4%	; --%	;316	;Disminuir por64.6%	; --%	;
55	;(Sábado)2026/01/24	;815	;Disminuir por72.7%	; --%	;915	;Disminuir por70.5%	; --%	;966	;Disminuir por32.0%	; --%	;1651	;Disminuir por43.5%	; --%	;173	;Disminuir por67.1%	; --%	;268	;Disminuir por69.9%	; --%	;
56	;(Domingo)2026/01/25	;855	;Disminuir por78.3%	; --%	;1019	;Disminuir por74.9%	; --%	;570	;Disminuir por63.9%	; --%	;1404	;Disminuir por58.0%	; --%	;256	;Disminuir por54.4%	; --%	;386	;Disminuir por55.5%	; --%	;
57	;(Lunes)2026/01/26	;666	;Disminuir por86.5%	; --%	;682	;Disminuir por86.5%	; --%	;950	;Disminuir por20.2%	; --%	;1949	;Disminuir por23.3%	; --%	;375	;Disminuir por32.3%	; --%	;412	;Disminuir por49.4%	; --%	;
58	;(Martes)2026/01/27	;522	;Disminuir por86.8%	; --%	;578	;Disminuir por88.2%	; --%	;914	;Disminuir por20.7%	; --%	;1735	;Disminuir por30.6%	; --%	;136	;Disminuir por74.5%	; --%	;256	;Disminuir por69.9%	; --%	;
59	;(Miércoles)2026/01/28	;381	;Disminuir por89.6%	; --%	;431	;Disminuir por89.5%	; --%	;960	;Disminuir por30.7%	; --%	;1841	;Disminuir por39.7%	; --%	;98	;Disminuir por84.0%	; --%	;129	;Disminuir por85.3%	; --%	;
60	;(Jueves)2026/01/29	;498	;Disminuir por84.6%	; --%	;608	;Disminuir por82.5%	; --%	;965	;Disminuir por34.0%	; --%	;1833	;Disminuir por36.8%	; --%	;184	;Disminuir por64.7%	; --%	;236	;Disminuir por72.5%	; --%	;
61	;(Viernes)2026/01/30	;735	;Disminuir por75.1%	; --%	;813	;Disminuir por75.3%	; --%	;991	;Disminuir por31.7%	; --%	;1910	;Disminuir por34.4%	; --%	;248	;Disminuir por51.8%	; --%	;350	;Disminuir por58.9%	; --%	;
62	;(Sábado)2026/01/31	;748	;Disminuir por77.8%	; --%	;881	;Disminuir por75.6%	; --%	;910	;Disminuir por39.9%	; --%	;1639	;Disminuir por45.9%	; --%	;96	;Disminuir por79.2%	; --%	;152	;Disminuir por80.4%	; --%	;
63	;(Domingo)2026/02/01	;707	;Disminuir por81.6%	; --%	;776	;Disminuir por81.0%	; --%	;747	;Disminuir por41.2%	; --%	;1471	;Disminuir por43.2%	; --%	;219	;Disminuir por54.6%	; --%	;340	;Disminuir por51.7%	; --%	;
64	;(Lunes)2026/02/02	;641	;Disminuir por87.8%	; --%	;660	;Disminuir por89.3%	; --%	;1025	;Disminuir por25.3%	; --%	;1946	;Disminuir por25.8%	; --%	;388	;Disminuir por30.8%	; --%	;414	;Disminuir por49.9%	; --%	;
65	;(Martes)2026/02/03	;499	;Disminuir por90.2%	; --%	;534	;Disminuir por91.1%	; --%	;986	;Disminuir por17.3%	; --%	;1899	;Disminuir por20.7%	; --%	;254	;Disminuir por53.2%	; --%	;348	;Disminuir por52.7%	; --%	;
66	;(Miércoles)2026/02/04	;543	;Disminuir por89.6%	; --%	;589	;Disminuir por88.6%	; --%	;957	;Disminuir por39.4%	; --%	;1855	;Disminuir por42.2%	; --%	;238	;Disminuir por64.0%	; --%	;330	;Disminuir por64.2%	; --%	;
67	;(Jueves)2026/02/05	;318	;Disminuir por93.3%	; --%	;338	;Disminuir por94.2%	; --%	;549	;Disminuir por57.1%	; --%	;1035	;Disminuir por61.1%	; --%	;75	;Disminuir por85.8%	; --%	;143	;Disminuir por82.7%	; --%	;
68	;(Viernes)2026/02/06	;736	;Disminuir por81.7%	; --%	;866	;Disminuir por81.5%	; --%	;1122	;Aumentar por1.7%	; --%	;2156	;Disminuir por8.9%	; --%	;307	;Disminuir por32.7%	; --%	;419	;Disminuir por45.1%	; --%	;
69	;(Sábado)2026/02/07	;1238	;Disminuir por68.9%	; --%	;1442	;Disminuir por67.6%	; --%	;939	;Disminuir por13.9%	; --%	;1664	;Disminuir por29.6%	; --%	;313	;Disminuir por28.2%	; --%	;361	;Disminuir por50.0%	; --%	;
70	;(Domingo)2026/02/08	;891	;Disminuir por79.2%	; --%	;1038	;Disminuir por78.5%	; --%	;795	;Disminuir por31.7%	; --%	;1482	;Disminuir por41.3%	; --%	;294	;Disminuir por38.1%	; --%	;376	;Disminuir por45.6%	; --%	;
71	;(Lunes)2026/02/09	;673	;Disminuir por87.1%	; --%	;687	;Disminuir por88.2%	; --%	;1229	;Aumentar por6.4%	; --%	;2177	;Disminuir por4.1%	; --%	;452	;Disminuir por6.6%	; --%	;426	;Disminuir por37.9%	; --%	;
72	;(Martes)2026/02/10	;674	;Disminuir por84.8%	; --%	;741	;Disminuir por86.3%	; --%	;986	;Disminuir por1.6%	; --%	;1855	;Disminuir por18.5%	; --%	;327	;Disminuir por27.2%	; --%	;412	;Disminuir por42.5%	; --%	;
73	;(Miércoles)2026/02/11	;779	;Disminuir por74.8%	; --%	;731	;Disminuir por80.9%	; --%	;1029	;Disminuir por8.5%	; --%	;1972	;Disminuir por33.8%	; --%	;335	;Disminuir por36.7%	; --%	;434	;Disminuir por47.4%	; --%	;
74	;(Jueves)2026/02/12	;665	;Disminuir por81.4%	; --%	;672	;Disminuir por82.9%	; --%	;1030	;Disminuir por11.9%	; --%	;1971	;Disminuir por22.2%	; --%	;229	;Disminuir por49.9%	; --%	;304	;Disminuir por59.8%	; --%	;
75	;(Viernes)2026/02/13	;787	;Disminuir por79.5%	; --%	;793	;Disminuir por80.7%	; --%	;1144	;Aumentar por4.9%	; --%	;2201	;Disminuir por7.8%	; --%	;139	;Disminuir por71.5%	; --%	;228	;Disminuir por70.8%	; --%	;
76	;(Sábado)2026/02/14	;630	;Disminuir por83.7%	; --%	;682	;Disminuir por84.3%	; --%	;778	;Disminuir por34.3%	; --%	;1505	;Disminuir por37.9%	; --%	;19	;Disminuir por96.4%	; --%	;22	;Disminuir por97.1%	; --%	;
77	;(Domingo)2026/02/15	;1151	;Disminuir por76.6%	; --%	;1258	;Disminuir por74.4%	; --%	;909	;Disminuir por25.9%	; --%	;1711	;Disminuir por32.0%	; --%	;237	;Disminuir por53.1%	; --%	;357	;Disminuir por53.3%	; --%	;
78	;(Lunes)2026/02/16	;1083	;Disminuir por82.3%	; --%	;1084	;Disminuir por83.5%	; --%	;1164	;Disminuir por5.2%	; --%	;2254	;Disminuir por13.1%	; --%	;553	;Aumentar por20.2%	; --%	;605	;Disminuir por17.8%	; --%	;
79	;(Martes)2026/02/17	;1035	;Disminuir por80.2%	; --%	;1011	;Disminuir por84.3%	; --%	;1159	;Aumentar por4.4%	; --%	;3132	;Aumentar por33.3%	; --%	;368	;Disminuir por26.7%	; --%	;539	;Disminuir por26.2%	; --%	;
80	;(Miércoles)2026/02/18	;874	;Disminuir por81.7%	; --%	;888	;Disminuir por83.5%	; --%	;1132	;Disminuir por22.3%	; --%	;4389	;Aumentar por51.9%	; --%	;294	;Disminuir por47.0%	; --%	;471	;Disminuir por42.9%	; --%	;
81	;(Jueves)2026/02/19	;777	;Disminuir por84.4%	; --%	;892	;Disminuir por83.2%	; --%	;1153	;Disminuir por23.9%	; --%	;4428	;Aumentar por57.0%	; --%	;254	;Disminuir por51.9%	; --%	;406	;Disminuir por48.7%	; --%	;
82	;(Viernes)2026/02/20	;1244	;Disminuir por72.8%	; --%	;1275	;Disminuir por72.8%	; --%	;1269	;Disminuir por9.2%	; --%	;4894	;Aumentar por72.1%	; --%	;294	;Aumentar por13.1%	; --%	;478	;Aumentar por49.4%	; --%	;
83	;(Sábado)2026/02/21	;1380	;Disminuir por68.1%	; --%	;1625	;Disminuir por65.3%	; --%	;1116	;Disminuir por7.2%	; --%	;4500	;Aumentar por85.0%	; --%	;308	;Disminuir por35.3%	; --%	;568	;Disminuir por18.7%	; --%	;
84	;(Domingo)2026/02/22	;1173	;Disminuir por77.9%	; --%	;1211	;Disminuir por79.6%	; --%	;880	;Disminuir por38.1%	; --%	;3842	;Aumentar por37.9%	; --%	;343	;Disminuir por22.0%	; --%	;593	;Disminuir por5.7%	; --%	;
85	;(Lunes)2026/02/23	;1039	;Disminuir por81.8%	; --%	;1017	;Disminuir por83.1%	; --%	;1116	;Disminuir por18.3%	; --%	;4315	;Aumentar por50.1%	; --%	;539	;Aumentar por108.1%	; --%	;694	;Aumentar por71.8%	; --%	;
86	;(Martes)2026/02/24	;797	;Disminuir por86.5%	; --%	;851	;Disminuir por88.4%	; --%	;1177	;Aumentar por0.5%	; --%	;4275	;Aumentar por65.2%	; --%	;262	;Disminuir por45.1%	; --%	;461	;Disminuir por38.9%	; --%	;
87	;(Miércoles)2026/02/25	;804	;Disminuir por85.3%	; --%	;873	;Disminuir por86.3%	; --%	;1220	;Disminuir por16.8%	; --%	;4202	;Aumentar por36.7%	; --%	;213	;Disminuir por63.1%	; --%	;337	;Disminuir por61.1%	; --%	;
88	;(Jueves)2026/02/26	;841	;Disminuir por84.2%	; --%	;905	;Disminuir por85.0%	; --%	;1134	;Disminuir por0.5%	; --%	;4255	;Aumentar por71.6%	; --%	;329	;Disminuir por35.5%	; --%	;571	;Disminuir por30.2%	; --%	;
89	;(Viernes)2026/02/27	;1212	;Disminuir por76.5%	; --%	;1258	;Disminuir por78.2%	; --%	;1288	;Aumentar por5.0%	; --%	;4692	;Aumentar por91.4%	; --%	;306	;Disminuir por39.5%	; --%	;473	;Disminuir por44.2%	; --%	;
90	;(Sábado)2026/02/28	;1618	;Disminuir por70.6%	; --%	;1744	;Disminuir por72.7%	; --%	;1206	;Disminuir por4.4%	; --%	;4181	;Aumentar por61.9%	; --%	;254	;Disminuir por50.7%	; --%	;461	;Disminuir por42.4%	; --%	;
91	;(Domingo)2026/03/01	;1479	;Disminuir por76.4%	; --%	;1586	;Disminuir por76.9%	; --%	;1000	;Disminuir por23.1%	; --%	;3929	;Aumentar por53.5%	; --%	;318	;Disminuir por40.4%	; --%	;597	;Disminuir por29.8%	; --%	;
92	;(Lunes)2026/03/02	;909	;Disminuir por88.6%	; --%	;1013	;Disminuir por88.2%	; --%	;1157	;Disminuir por11.6%	; --%	;4378	;Aumentar por64.3%	; --%	;320	;Disminuir por41.2%	; --%	;457	;Disminuir por49.4%	; --%	;
93	;(Martes)2026/03/03	;422	;Disminuir por93.7%	; --%	;316	;Disminuir por96.3%	; --%	;630	;Disminuir por47.4%	; --%	;2096	;Disminuir por13.4%	; --%	;61	;Disminuir por88.2%	; --%	;90	;Disminuir por89.6%	; --%	;
94	;(Miércoles)2026/03/04	;656	;Disminuir por88.9%	; --%	;624	;Disminuir por90.9%	; --%	;1013	;Disminuir por33.7%	; --%	;3592	;Aumentar por6.4%	; --%	;84	;Disminuir por87.2%	; --%	;133	;Disminuir por86.2%	; --%	;
95	;(Jueves)2026/03/05	;460	;Disminuir por92.4%	; --%	;530	;Disminuir por91.9%	; --%	;1255	;Aumentar por0.6%	; --%	;4108	;Aumentar por59.5%	; --%	;37	;Disminuir por94.5%	; --%	;53	;Disminuir por95.0%	; --%	;
96	;(Viernes)2026/03/06	;569	;Disminuir por90.3%	; --%	;677	;Disminuir por89.6%	; --%	;1326	;Aumentar por3.9%	; --%	;4212	;Aumentar por68.1%	; --%	;63	;Disminuir por85.4%	; --%	;79	;Disminuir por89.0%	; --%	;
97	;(Sábado)2026/03/07	;605	;Disminuir por91.7%	; --%	;742	;Disminuir por90.9%	; --%	;1071	;Disminuir por31.1%	; --%	;3320	;Aumentar por20.1%	; --%	;49	;Disminuir por89.0%	; --%	;66	;Disminuir por90.1%	; --%	;
98	;(Domingo)2026/03/08	;1044	;Disminuir por83.7%	; --%	;1260	;Disminuir por81.4%	; --%	;870	;Disminuir por44.7%	; --%	;3513	;Aumentar por17.0%	; --%	;227	;Disminuir por66.1%	; --%	;451	;Disminuir por50.1%	; --%	;
99	;(Lunes)2026/03/09	;1073	;Disminuir por86.9%	; --%	;1095	;Disminuir por88.5%	; --%	;1250	;Disminuir por5.8%	; --%	;4483	;Aumentar por57.6%	; --%	;421	;Disminuir por34.8%	; --%	;635	;Disminuir por44.3%	; --%	;
100	;(Martes)2026/03/10	;756	;Disminuir por90.0%	; --%	;784	;Disminuir por91.3%	; --%	;1155	;Aumentar por6.2%	; --%	;4354	;Aumentar por79.3%	; --%	;142	;Disminuir por75.3%	; --%	;274	;Disminuir por69.2%	; --%	;
101	;(Miércoles)2026/03/11	;1024	;Disminuir por84.8%	; --%	;1042	;Disminuir por86.4%	; --%	;1276	;Disminuir por4.5%	; --%	;4436	;Aumentar por58.0%	; --%	;303	;Disminuir por54.7%	; --%	;516	;Disminuir por46.3%	; --%	;
102	;(Jueves)2026/03/12	;1048	;Disminuir por82.7%	; --%	;1097	;Disminuir por84.3%	; --%	;1164	;Disminuir por7.6%	; --%	;4466	;Aumentar por72.6%	; --%	;269	;Disminuir por53.7%	; --%	;541	;Disminuir por40.4%	; --%	;
103	;(Viernes)2026/03/13	;1194	;Disminuir por80.5%	; --%	;1217	;Disminuir por82.4%	; --%	;1312	;Aumentar por2.5%	; --%	;4896	;Aumentar por91.3%	; --%	;296	;Disminuir por56.7%	; --%	;586	;Disminuir por44.6%	; --%	;
104	;(Sábado)2026/03/14	;1533	;Disminuir por72.4%	; --%	;1805	;Disminuir por71.6%	; --%	;1176	;Disminuir por13.3%	; --%	;4388	;Aumentar por60.4%	; --%	;232	;Disminuir por65.3%	; --%	;461	;Disminuir por54.4%	; --%	;
105	;(Domingo)2026/03/15	;1147	;Disminuir por83.2%	; --%	;1276	;Disminuir por81.8%	; --%	;1008	;Disminuir por17.3%	; --%	;3837	;Aumentar por45.0%	; --%	;204	;Disminuir por62.2%	; --%	;343	;Disminuir por63.3%	; --%	;
106	;(Lunes)2026/03/16	;1329	;Disminuir por83.8%	; --%	;1405	;Disminuir por83.9%	; --%	;1259	;Aumentar por1.0%	; --%	;4836	;Aumentar por72.7%	; --%	;526	;Disminuir por13.8%	; --%	;810	;Disminuir por13.9%	; --%	;
107	;(Martes)2026/03/17	;1285	;Disminuir por88.9%	; --%	;1388	;Disminuir por89.8%	; --%	;1255	;Aumentar por7.2%	; --%	;4682	;Aumentar por87.1%	; --%	;351	;Disminuir por59.8%	; --%	;679	;Disminuir por42.5%	; --%	;
108	;(Miércoles)2026/03/18	;1405	;Disminuir por84.8%	; --%	;1362	;Disminuir por86.4%	; --%	;1407	;Disminuir por12.1%	; --%	;4924	;Aumentar por44.2%	; --%	;334	;Disminuir por49.1%	; --%	;573	;Disminuir por43.8%	; --%	;
109	;(Jueves)2026/03/19	;1444	;Disminuir por80.6%	; --%	;1501	;Disminuir por81.5%	; --%	;1003	;Disminuir por23.5%	; --%	;3936	;Aumentar por38.1%	; --%	;295	;Disminuir por57.2%	; --%	;573	;Disminuir por50.3%	; --%	;
110	;(Viernes)2026/03/20	;1905	;Disminuir por75.7%	; --%	;1985	;Disminuir por77.1%	; --%	;1337	;Disminuir por3.0%	; --%	;5132	;Aumentar por72.0%	; --%	;343	;Disminuir por43.5%	; --%	;689	;Disminuir por30.5%	; --%	;
111	;(Sábado)2026/03/21	;2451	;Disminuir por69.2%	; --%	;2867	;Disminuir por67.4%	; --%	;1338	;Aumentar por37.5%	; --%	;5042	;Aumentar por32.5%	; --%	;352	;Disminuir por45.3%	; --%	;672	;Disminuir por34.2%	; --%	;
112	;(Domingo)2026/03/22	;1668	;Disminuir por79.4%	; --%	;1764	;Disminuir por80.1%	; --%	;1051	;Aumentar por15.2%	; --%	;4327	;Aumentar por28.1%	; --%	;327	;Disminuir por50.5%	; --%	;678	;Disminuir por32.7%	; --%	;
113	;(Lunes)2026/03/23	;1073	;Disminuir por87.5%	; --%	;1185	;Disminuir por88.4%	; --%	;1496	;Aumentar por4.2%	; --%	;4996	;Aumentar por60.8%	; --%	;230	;Disminuir por70.1%	; --%	;400	;Disminuir por65.1%	; --%	;
114	;(Martes)2026/03/24	;1133	;Disminuir por86.9%	; --%	;1185	;Disminuir por87.7%	; --%	;1419	;Aumentar por16.7%	; --%	;4940	;Aumentar por87.3%	; --%	;356	;Disminuir por54.1%	; --%	;683	;Disminuir por38.0%	; --%	;
115	;(Miércoles)2026/03/25	;635	;Disminuir por91.6%	; --%	;753	;Disminuir por91.5%	; --%	;655	;Disminuir por56.3%	; --%	;2471	;Disminuir por26.7%	; --%	;152	;Disminuir por85.0%	; --%	;374	;Disminuir por74.3%	; --%	;
116	;(Jueves)2026/03/26	;1069	;Disminuir por86.6%	; --%	;1126	;Disminuir por87.3%	; --%	;1354	;Aumentar por8.8%	; --%	;5036	;Aumentar por82.3%	; --%	;302	;Disminuir por55.3%	; --%	;580	;Disminuir por44.5%	; --%	;
117	;(Viernes)2026/03/27	;1532	;Disminuir por81.1%	; --%	;1632	;Disminuir por81.4%	; --%	;1473	;Aumentar por17.2%	; --%	;4166	;Aumentar por46.6%	; --%	;324	;Disminuir por52.7%	; --%	;614	;Disminuir por39.8%	; --%	;
118	;(Sábado)2026/03/28	;2755	;Disminuir por65.2%	; --%	;3248	;Disminuir por62.5%	; --%	;1343	;Disminuir por2.5%	; --%	;2976	;Disminuir por0.2%	; --%	;390	;Disminuir por45.7%	; --%	;642	;Disminuir por39.2%	; --%	;
119	;(Domingo)2026/03/29	;1808	;Disminuir por81.5%	; --%	;2303	;Disminuir por79.5%	; --%	;1252	;Disminuir por21.1%	; --%	;2514	;Disminuir por22.0%	; --%	;127	;Disminuir por84.4%	; --%	;211	;Disminuir por81.1%	; --%	;
120	;(Lunes)2026/03/30	;2684	;Disminuir por70.5%	; --%	;3042	;Disminuir por71.7%	; --%	;1497	;Aumentar por5.5%	; --%	;3136	;Disminuir por1.9%	; --%	;438	;Disminuir por35.9%	; --%	;656	;Disminuir por37.6%	; --%	;
121	;(Martes)2026/03/31	;2228	;Disminuir por72.4%	; --%	;2915	;Disminuir por67.2%	; --%	;1482	;Aumentar por20.3%	; --%	;3020	;Aumentar por17.4%	; --%	;301	;Disminuir por64.0%	; --%	;517	;Disminuir por58.0%	; --%	;
122	;(Miércoles)2026/04/01	;2916	;Disminuir por57.8%	; --%	;3396	;Disminuir por58.0%	; --%	;1499	;Disminuir por5.8%	; --%	;3282	;Aumentar por2.3%	; --%	;336	;Disminuir por49.0%	; --%	;578	;Disminuir por43.5%	; --%	;
123	;(Jueves)2026/04/02	;5342	;Disminuir por33.3%	; --%	;6566	;Disminuir por28.7%	; --%	;1416	;Disminuir por4.1%	; --%	;2982	;Aumentar por4.4%	; --%	;376	;Disminuir por37.1%	; --%	;580	;Disminuir por28.7%	; --%	;
124	;(Viernes)2026/04/03	;7361	;Disminuir por6.1%	; --%	;8559	;Disminuir por1.3%	; --%	;1528	;Aumentar por8.4%	; --%	;2741	;Aumentar por0.6%	; --%	;504	;Disminuir por30.4%	; --%	;737	;Disminuir por28.7%	; --%	;
125	;(Sábado)2026/04/04	;7727	;Disminuir por2.4%	; --%	;9172	;Aumentar por0.4%	; --%	;1640	;Aumentar por19.7%	; --%	;3103	;Aumentar por10.3%	; --%	;564	;Disminuir por38.7%	; --%	;823	;Disminuir por36.3%	; --%	;
126	;(Domingo)2026/04/05	;6401	;Disminuir por20.0%	; --%	;7578	;Disminuir por13.7%	; --%	;1453	;Aumentar por0.4%	; --%	;2617	;Disminuir por9.7%	; --%	;517	;Disminuir por48.1%	; --%	;751	;Disminuir por47.1%	; --%	;
127	;(Lunes)2026/04/06	;3938	;Disminuir por50.2%	; --%	;4649	;Disminuir por51.7%	; --%	;1390	;Aumentar por5.5%	; --%	;2663	;Disminuir por9.5%	; --%	;552	;Disminuir por6.3%	; --%	;888	;Aumentar por1.7%	; --%	;
128	;(Martes)2026/04/07	;2118	;Disminuir por69.9%	; --%	;2328	;Disminuir por70.5%	; --%	;1115	;Aumentar por5.9%	; --%	;2418	;Aumentar por7.7%	; --%	;466	;Disminuir por16.0%	; --%	;683	;Disminuir por22.3%	; --%	;
129	;(Miércoles)2026/04/08	;2021	;Disminuir por71.9%	; --%	;2238	;Disminuir por71.8%	; --%	;1208	;Disminuir por21.6%	; --%	;2410	;Disminuir por23.4%	; --%	;423	;Disminuir por38.0%	; --%	;632	;Disminuir por39.7%	; --%	;
130	;(Jueves)2026/04/09	;2082	;Disminuir por69.6%	; --%	;2191	;Disminuir por71.2%	; --%	;1171	;Disminuir por5.3%	; --%	;2520	;Aumentar por0.2%	; --%	;417	;Disminuir por27.2%	; --%	;680	;Disminuir por28.1%	; --%	;
131	;(Viernes)2026/04/10	;2359	;Disminuir por62.5%	; --%	;2622	;Disminuir por62.6%	; --%	;1297	;Disminuir por22.3%	; --%	;2625	;Disminuir por10.5%	; --%	;455	;Disminuir por59.8%	; --%	;722	;Disminuir por50.7%	; --%	;
132	;(Sábado)2026/04/11	;2925	;Disminuir por50.9%	; --%	;3521	;Disminuir por46.6%	; --%	;1312	;Aumentar por8.8%	; --%	;2499	;Disminuir por2.2%	; --%	;424	;Disminuir por19.8%	; --%	;746	;Disminuir por7.2%	; --%	;
133	;(Domingo)2026/04/12	;1388	;Disminuir por73.0%	; --%	;1998	;Disminuir por65.9%	; --%	;1143	;Disminuir por13.1%	; --%	;2320	;Disminuir por13.6%	; --%	;100	;Disminuir por83.3%	; --%	;161	;Disminuir por82.9%	; --%	;
134	;(Lunes)2026/04/13	;1596	;Disminuir por64.0%	; --%	;1789	;Disminuir por68.2%	; --%	;1153	;Disminuir por5.2%	; --%	;4440	;Aumentar por74.2%	; --%	;222	;Disminuir por61.6%	; --%	;426	;Disminuir por48.9%	; --%	;
135	;(Martes)2026/04/14	;1347	;Disminuir por66.2%	; --%	;1438	;Disminuir por72.3%	; --%	;1292	;Aumentar por11.8%	; --%	;4806	;Aumentar por103.2%	; --%	;317	;Disminuir por30.8%	; --%	;682	;Disminuir por11.8%	; --%	;
136	;(Miércoles)2026/04/15	;1139	;Disminuir por77.0%	; --%	;1297	;Disminuir por74.9%	; --%	;1171	;Disminuir por20.3%	; --%	;3426	;Aumentar por14.0%	; --%	;342	;Disminuir por40.4%	; --%	;600	;Disminuir por27.6%	; --%	;
137	;(Jueves)2026/04/16	;1384	;Disminuir por72.4%	; --%	;1499	;Disminuir por73.8%	; --%	;1243	;Aumentar por2.1%	; --%	;3405	;Aumentar por40.1%	; --%	;361	;Disminuir por42.4%	; --%	;607	;Disminuir por36.2%	; --%	;
138	;(Viernes)2026/04/17	;1743	;Disminuir por61.5%	; --%	;1813	;Disminuir por63.8%	; --%	;1372	;Aumentar por28.1%	; --%	;3586	;Aumentar por59.4%	; --%	;388	;Disminuir por22.1%	; --%	;628	;Disminuir por22.5%	; --%	;
139	;(Sábado)2026/04/18	;2537	;Disminuir por42.3%	; --%	;2754	;Disminuir por42.4%	; --%	;1384	;Aumentar por22.5%	; --%	;3059	;Aumentar por31.2%	; --%	;402	;Disminuir por15.5%	; --%	;741	;Disminuir por5.5%	; --%	;
140	;(Domingo)2026/04/19	;2427	;Disminuir por50.9%	; --%	;2891	;Disminuir por43.6%	; --%	;1355	;Disminuir por4.6%	; --%	;2902	;Disminuir por0.2%	; --%	;450	;Aumentar por25.0%	; --%	;701	;Aumentar por21.5%	; --%	;
141	;(Lunes)2026/04/20	;1696	;Disminuir por71.9%	; --%	;1894	;Disminuir por70.2%	; --%	;1286	;Aumentar por8.4%	; --%	;3092	;Aumentar por20.3%	; --%	;428	;Disminuir por36.9%	; --%	;655	;Disminuir por40.1%	; --%	;
142	;(Martes)2026/04/21	;1371	;Disminuir por82.2%	; --%	;1386	;Disminuir por84.6%	; --%	;1250	;Aumentar por357.9%	; --%	;2812	;Aumentar por540.5%	; --%	;395	;Disminuir por4.4%	; --%	;599	;Disminuir por3.7%	; --%	;
143	;(Miércoles)2026/04/22	;1649	;Disminuir por62.2%	; --%	;1759	;Disminuir por64.6%	; --%	;1334	;Aumentar por6.8%	; --%	;2969	;Aumentar por13.2%	; --%	;330	;Disminuir por46.1%	; --%	;525	;Disminuir por42.9%	; --%	;
144	;(Jueves)2026/04/23	;2313	;Disminuir por54.3%	; --%	;2560	;Disminuir por51.8%	; --%	;1421	;Aumentar por40.3%	; --%	;3283	;Aumentar por68.0%	; --%	;350	;Disminuir por36.6%	; --%	;514	;Disminuir por29.7%	; --%	;
145	;(Viernes)2026/04/24	;2061	;Disminuir por60.1%	; --%	;2278	;Disminuir por56.3%	; --%	;4253	;Aumentar por355.8%	; --%	;6128	;Aumentar por363.5%	; --%	;471	;Disminuir por30.6%	; --%	;632	;Disminuir por22.5%	; --%	;
146	;(Sábado)2026/04/25	;2636	;Disminuir por51.2%	;Aumentar por2.8%	;3077	;Disminuir por47.8%	;Aumentar por11.6%	;9145	;Aumentar por709.3%	;Aumentar por911.6%	;10550	;Aumentar por428.8%	;Aumentar por458.2%	;830	;Aumentar por25.8%	;Aumentar por108.0%	;931	;Aumentar por5.3%	;Aumentar por63.9%	;
147	;(Domingo)2026/04/26	;2624	;Disminuir por62.4%	;Disminuir por30.4%	;3348	;Disminuir por55.6%	;Disminuir por17.9%	;11823	;Aumentar por1070.6%	;Aumentar por1006.0%	;13119	;Aumentar por528.3%	;Aumentar por530.1%	;602	;Disminuir por55.4%	;Aumentar por38.1%	;862	;Disminuir por44.7%	;Aumentar por39.5%	;
148	;(Lunes)2026/04/27	;1713	;Disminuir por83.6%	;Disminuir por40.1%	;2078	;Disminuir por82.2%	;Disminuir por36.0%	;1426	;Aumentar por35.3%	;Aumentar por48.2%	;2886	;Aumentar por38.4%	;Aumentar por58.0%	;484	;Disminuir por50.5%	;Aumentar por30.1%	;682	;Disminuir por48.6%	;Aumentar por19.6%	;
149	;(Martes)2026/04/28	;1542	;Disminuir por78.8%	;Aumentar por89.2%	;1823	;Disminuir por76.7%	;Aumentar por170.1%	;1263	;Aumentar por36.7%	;Aumentar por186.4%	;2811	;Aumentar por50.3%	;Aumentar por188.6%	;468	;Disminuir por32.1%	;Aumentar por138.8%	;648	;Disminuir por35.3%	;Aumentar por195.9%	;
150	;(Miércoles)2026/04/29	;1722	;Disminuir por57.5%	;Aumentar por110.3%	;1822	;Disminuir por62.0%	;Aumentar por64.6%	;1323	;Disminuir por7.0%	;Aumentar por116.2%	;2813	;Disminuir por3.2%	;Aumentar por87.4%	;407	;Disminuir por47.9%	;Aumentar por85.8%	;597	;Disminuir por45.2%	;Aumentar por56.7%	;
151	;(Jueves)2026/04/30	;2086	;Disminuir por45.7%	;Aumentar por13.9%	;2330	;Disminuir por45.0%	;Aumentar por13.4%	;1850	;Aumentar por60.9%	;Aumentar por45.7%	;3361	;Aumentar por33.9%	;Aumentar por17.6%	;446	;Disminuir por21.9%	;Aumentar por37.2%	;664	;Disminuir por24.8%	;Aumentar por23.4%	;
152	;(Viernes)2026/05/01	;5788	;Aumentar por59.9%	;Aumentar por20.1%	;6663	;Aumentar por65.3%	;Aumentar por25.7%	;1574	;Aumentar por35.2%	;Aumentar por19.2%	;2625	;Aumentar por3.5%	;Aumentar por5.8%	;410	;Disminuir por27.3%	;Disminuir por0.7%	;513	;Disminuir por38.5%	;Disminuir por10.0%	;
153	;(Sábado)2026/05/02	;5077	;Aumentar por38.9%	;Aumentar por9.5%	;5815	;Aumentar por43.4%	;Aumentar por9.6%	;1755	;Aumentar por49.1%	;Aumentar por3.2%	;2962	;Aumentar por14.9%	;Disminuir por2.4%	;411	;Disminuir por30.2%	;Aumentar por67.8%	;593	;Disminuir por35.8%	;Aumentar por54.8%	;
154	;(Domingo)2026/05/03	;2971	;Disminuir por29.1%	;Disminuir por43.5%	;3445	;Disminuir por24.3%	;Disminuir por43.8%	;1524	;Aumentar por4.5%	;Aumentar por39.1%	;2729	;Disminuir por6.9%	;Aumentar por20.0%	;333	;Disminuir por51.6%	;Disminuir por36.1%	;501	;Disminuir por47.8%	;Disminuir por38.9%	;
155	;(Lunes)2026/05/04	;1813	;Disminuir por81.4%	;Disminuir por34.1%	;2149	;Disminuir por79.9%	;Disminuir por35.6%	;2152	;Aumentar por130.2%	;Aumentar por73.3%	;3088	;Aumentar por61.7%	;Aumentar por13.6%	;305	;Disminuir por56.7%	;Disminuir por12.6%	;403	;Disminuir por56.5%	;Disminuir por36.3%	;
156	;(Martes)2026/05/05	;1904	;Disminuir por60.0%	;Aumentar por21.7%	;2317	;Disminuir por61.8%	;Aumentar por26.5%	;2338	;Aumentar por214.2%	;Aumentar por103.3%	;2799	;Aumentar por77.8%	;Aumentar por5.3%	;428	;Disminuir por2.5%	;Aumentar por8.9%	;487	;Disminuir por19.1%	;Disminuir por17.5%	;
157	;(Miércoles)2026/05/06	;2108	;Disminuir por49.9%	;Aumentar por48.9%	;2402	;Disminuir por48.8%	;Aumentar por49.3%	;2266	;Aumentar por61.1%	;Aumentar por113.0%	;2648	;Disminuir por9.3%	;Aumentar por11.0%	;560	;Disminuir por25.0%	;Aumentar por79.5%	;662	;Disminuir por34.3%	;Aumentar por25.6%	;
158	;(Jueves)2026/05/07	;2219	;Disminuir por38.7%	;Aumentar por42.4%	;2541	;Disminuir por38.9%	;Aumentar por52.9%	;2368	;Aumentar por91.9%	;Aumentar por124.0%	;2771	;Aumentar por5.7%	;Aumentar por17.0%	;617	;Aumentar por17.7%	;Aumentar por91.0%	;689	;Disminuir por20.4%	;Aumentar por28.5%	;
159	;(Viernes)2026/05/08	;2498	;Disminuir por25.8%	;Aumentar por97.5%	;2845	;Disminuir por18.2%	;Aumentar por111.7%	;2581	;Aumentar por109.8%	;Aumentar por142.1%	;2899	;Aumentar por10.6%	;Aumentar por20.0%	;661	;Aumentar por24.5%	;Aumentar por242.5%	;722	;Disminuir por4.5%	;Aumentar por98.4%	;
160	;(Sábado)2026/05/09	;2854	;Disminuir por19.5%	;Aumentar por87.5%	;3255	;Disminuir por9.8%	;Aumentar por91.9%	;2587	;Aumentar por116.7%	;Aumentar por218.2%	;2866	;Aumentar por12.3%	;Aumentar por66.9%	;311	;Disminuir por41.4%	;Aumentar por7.2%	;320	;Disminuir por59.8%	;Disminuir por28.7%	;
161	;(Domingo)2026/05/10	;2946	;Disminuir por22.5%	;Aumentar por17.6%	;3417	;Disminuir por13.0%	;Aumentar por22.3%	;2152	;Aumentar por59.1%	;Aumentar por91.1%	;2582	;Disminuir por8.3%	;Aumentar por8.9%	;767	;Aumentar por34.8%	;Aumentar por144.3%	;826	;Disminuir por1.7%	;Aumentar por66.9%	;
162	;(Lunes)2026/05/11	;2587	;Disminuir por48.0%	;Aumentar por24.5%	;3330	;Disminuir por40.7%	;Aumentar por33.2%	;2628	;Aumentar por87.0%	;Aumentar por198.3%	;2953	;Aumentar por3.4%	;Aumentar por58.3%	;910	;Aumentar por28.0%	;Aumentar por135.8%	;1055	;Aumentar por1.6%	;Aumentar por86.4%	;
163	;(Martes)2026/05/12	;1779	;Disminuir por42.4%	;Disminuir por4.9%	;1978	;Disminuir por45.9%	;Disminuir por3.1%	;2105	;Aumentar por81.3%	;Aumentar por94.9%	;2341	;Disminuir por2.0%	;Disminuir por5.9%	;636	;Aumentar por26.4%	;Aumentar por14.8%	;715	;Disminuir por10.6%	;Disminuir por7.4%	;
164	;(Miércoles)2026/05/13	;1950	;Aumentar por29.6%	;Aumentar por21.3%	;2372	;Aumentar por27.0%	;Aumentar por39.4%	;1966	;Aumentar por120.2%	;Aumentar por111.2%	;2402	;Aumentar por15.6%	;Aumentar por10.4%	;617	;Aumentar por1523.7%	;Aumentar por44.2%	;743	;Aumentar por917.8%	;Aumentar por9.1%	;
165	;(Jueves)2026/05/14	;2131	;Disminuir por4.5%	;Aumentar por43.0%	;2504	;Disminuir por0.4%	;Aumentar por63.0%	;2780	;Aumentar por151.8%	;Aumentar por192.3%	;3172	;Aumentar por33.1%	;Aumentar por40.5%	;761	;Aumentar por30.8%	;Aumentar por139.3%	;793	;Disminuir por7.1%	;Aumentar por56.1%	;
166	;(Viernes)2026/05/15	;3054	;Aumentar por43.4%	;Aumentar por81.1%	;3750	;Aumentar por52.6%	;Aumentar por107.2%	;3151	;Aumentar por185.9%	;Aumentar por208.9%	;3478	;Aumentar por49.5%	;Aumentar por41.8%	;718	;Aumentar por36.2%	;Aumentar por64.3%	;781	;Disminuir por7.4%	;Aumentar por14.9%	;
167	;(Sábado)2026/05/16	;4143	;Aumentar por75.1%	;Aumentar por93.5%	;5027	;Aumentar por101.6%	;Aumentar por103.9%	;2886	;Aumentar por160.9%	;Aumentar por175.9%	;3075	;Aumentar por31.5%	;Aumentar por43.6%	;828	;Aumentar por46.0%	;Aumentar por87.3%	;857	;Aumentar por3.8%	;Aumentar por50.6%	;
168	;(Domingo)2026/05/17	;3058	;Aumentar por16.7%	;Disminuir por5.3%	;3707	;Aumentar por27.9%	;Aumentar por4.0%	;2388	;Aumentar por81.0%	;Aumentar por149.8%	;2849	;Aumentar por9.5%	;Aumentar por47.2%	;754	;Aumentar por20.3%	;Aumentar por66.4%	;884	;Aumentar por2.4%	;Aumentar por38.6%	;
169	;(Lunes)2026/05/18	;2505	;Disminuir por32.8%	;Aumentar por10.8%	;2968	;Disminuir por31.6%	;Aumentar por9.3%	;2700	;Aumentar por29.6%	;Aumentar por161.6%	;3066	;Disminuir por4.2%	;Aumentar por39.9%	;912	;Aumentar por48.1%	;Aumentar por95.3%	;1076	;Aumentar por20.6%	;Aumentar por55.5%	;
170	;(Martes)2026/05/19	;2000	;Disminuir por22.5%	;Aumentar por4.7%	;2662	;Disminuir por12.4%	;Aumentar por22.5%	;2488	;Aumentar por125.8%	;Aumentar por124.5%	;2850	;Aumentar por25.4%	;Aumentar por13.9%	;736	;Aumentar por50.8%	;Aumentar por16.3%	;841	;Aumentar por12.3%	;Disminuir por6.3%	;
171	;(Miércoles)2026/05/20	;2142	;Aumentar por2.5%	;Aumentar por24.5%	;2530	;Aumentar por5.5%	;Aumentar por35.7%	;2383	;Aumentar por107.2%	;Aumentar por108.5%	;2778	;Aumentar por10.6%	;Aumentar por16.2%	;709	;Aumentar por12.2%	;Aumentar por34.3%	;870	;Disminuir por2.2%	;Aumentar por8.5%	;
172	;(Jueves)2026/05/21	;1867	;Disminuir por1.6%	;Aumentar por8.8%	;2350	;Aumentar por9.9%	;Aumentar por32.3%	;2472	;Aumentar por152.5%	;Aumentar por135.4%	;2769	;Aumentar por22.8%	;Aumentar por14.2%	;772	;Aumentar por59.8%	;Aumentar por67.1%	;812	;Aumentar por9.3%	;Aumentar por28.5%	;
173	;(Viernes)2026/05/22	;2759	;Aumentar por115.7%	;Aumentar por60.8%	;3323	;Aumentar por150.0%	;Aumentar por81.2%	;2924	;Aumentar por255.7%	;Aumentar por180.1%	;3205	;Aumentar por60.5%	;Aumentar por33.4%	;876	;Aumentar por141.3%	;Aumentar por94.2%	;894	;Aumentar por64.9%	;Aumentar por36.1%	;
174	;(Sábado)2026/05/23	;4116	;Aumentar por90.4%	;Aumentar por87.9%	;4874	;Aumentar por104.6%	;Aumentar por107.8%	;2742	;Aumentar por196.1%	;Aumentar por115.2%	;2793	;Aumentar por50.8%	;Aumentar por2.4%	;788	;Aumentar por156.7%	;Aumentar por34.5%	;832	;Aumentar por101.5%	;Aumentar por3.4%	;
175	;(Domingo)2026/05/24	;4029	;Aumentar por59.2%	;Aumentar por26.7%	;5524	;Aumentar por99.6%	;Aumentar por52.7%	;2643	;Aumentar por100.4%	;Aumentar por201.0%	;3202	;Aumentar por12.8%	;Aumentar por84.4%	;875	;Aumentar por266.1%	;Aumentar por95.3%	;957	;Aumentar por167.3%	;Aumentar por45.7%	;
176	;(Lunes)2026/05/25	;3143	;Aumentar por88.4%	;Aumentar por22.8%	;4072	;Aumentar por103.6%	;Aumentar por28.6%	;2898	;Aumentar por139.5%	;Aumentar por171.6%	;3341	;Aumentar por33.5%	;Aumentar por45.5%	;948	;Aumentar por2006.7%	;Aumentar por103.9%	;1078	;Aumentar por1584.4%	;Aumentar por51.6%	;
177	;(Martes)2026/05/26	;2612	;Aumentar por72.1%	;Aumentar por30.1%	;3350	;Aumentar por94.8%	;Aumentar por44.4%	;2633	;Aumentar por153.7%	;Aumentar por123.9%	;2952	;Aumentar por54.8%	;Aumentar por10.0%	;736	;Aumentar por628.7%	;Aumentar por35.5%	;819	;Aumentar por476.8%	;Aumentar por2.1%	;
178	;(Miércoles)2026/05/27	;2695	;Aumentar por123.1%	;Aumentar por28.0%	;3451	;Aumentar por160.8%	;Aumentar por51.5%	;2576	;Aumentar por147.7%	;Aumentar por135.7%	;3019	;Aumentar por26.1%	;Aumentar por18.0%	;746	;Aumentar por346.7%	;Aumentar por78.0%	;848	;Aumentar por309.7%	;Aumentar por23.1%	;
179	;(Jueves)2026/05/28	;2406	;Aumentar por73.8%	;Aumentar por25.9%	;3016	;Aumentar por94.5%	;Aumentar por44.2%	;2890	;Aumentar por205.2%	;Aumentar por153.7%	;3259	;Aumentar por47.3%	;Aumentar por23.9%	;759	;Aumentar por124.6%	;Aumentar por114.4%	;857	;Aumentar por55.0%	;Aumentar por29.1%	;
180	;(Viernes)2026/05/29	;3414	;Aumentar por131.5%	;Aumentar por68.0%	;4072	;Aumentar por153.2%	;Aumentar por66.3%	;3099	;Aumentar por219.5%	;Aumentar por126.2%	;3343	;Aumentar por47.9%	;Aumentar por18.6%	;903	;Aumentar por185.8%	;Aumentar por86.6%	;924	;Aumentar por64.1%	;Aumentar por36.5%	;
181	;(Sábado)2026/05/30	;5272	;Aumentar por185.0%	;Aumentar por91.6%	;6212	;Aumentar por205.3%	;Aumentar por109.6%	;2328	;Aumentar por238.9%	;Aumentar por119.4%	;2839	;Aumentar por4.8%	;Aumentar por23.0%	;860	;Aumentar por139.6%	;Aumentar por75.2%	;978	;Aumentar por43.0%	;Aumentar por39.9%	;
182	;(Domingo)2026/05/31	;4277	;Aumentar por27.7%	;Disminuir por2.8%	;5866	;Aumentar por84.1%	;Aumentar por29.5%	;2594	;Aumentar por257.3%	;Aumentar por114.7%	;3168	;Aumentar por46.7%	;Aumentar por130.1%	;898	;Disminuir por37.5%	;Aumentar por69.4%	;1064	;Disminuir por29.8%	;Aumentar por74.1%	;
183	;(Lunes)2026/06/01	;3162	;Disminuir por41.0%	;Disminuir por6.9%	;3872	;Disminuir por30.1%	;Aumentar por0.6%	;3026	;Aumentar por452.2%	;Aumentar por145.6%	;3471	;Aumentar por367.2%	;Aumentar por47.6%	;960	;Disminuir por66.4%	;Aumentar por79.1%	;1065	;Disminuir por57.3%	;Aumentar por35.3%	;
184	;(Martes)2026/06/02	;2957	;Disminuir por17.1%	;Aumentar por19.7%	;3749	;Disminuir por13.8%	;Aumentar por39.2%	;2769	;Aumentar por338.1%	;Aumentar por126.2%	;3176	;Aumentar por136.7%	;Aumentar por14.2%	;870	;Disminuir por36.0%	;Aumentar por58.5%	;974	;Disminuir por45.5%	;Aumentar por20.8%	;
185	;(Miércoles)2026/06/03	;3104	;Aumentar por58.4%	;Aumentar por34.3%	;3767	;Aumentar por69.4%	;Aumentar por49.7%	;10790	;Aumentar por915.1%	;Aumentar por760.4%	;11149	;Aumentar por367.5%	;Aumentar por335.5%	;730	;Aumentar por47.5%	;Aumentar por77.2%	;865	;Aumentar por22.9%	;Aumentar por28.5%	;
186	;(Jueves)2026/06/04	;3043	;Aumentar por96.2%	;Aumentar por40.7%	;4101	;Aumentar por142.8%	;Aumentar por70.6%	;2901	;Aumentar por202.5%	;Aumentar por147.3%	;3263	;Aumentar por47.4%	;Aumentar por30.1%	;810	;Aumentar por105.1%	;Aumentar por80.4%	;923	;Aumentar por46.0%	;Aumentar por15.2%	;
187	;(Viernes)2026/06/05	;3944	;Aumentar por169.8%	;Aumentar por64.2%	;4615	;Aumentar por219.4%	;Aumentar por81.1%	;2824	;Aumentar por191.7%	;Aumentar por122.5%	;3297	;Aumentar por52.8%	;Aumentar por27.1%	;489	;Aumentar por8.7%	;Disminuir por0.8%	;516	;Disminuir por23.6%	;Disminuir por29.5%	;
188	;(Sábado)2026/06/06	;6149	;Aumentar por334.3%	;Aumentar por86.1%	;7092	;Aumentar por320.6%	;Aumentar por103.0%	;1841	;Aumentar por81.4%	;Aumentar por63.1%	;2692	;Aumentar por22.7%	;Disminuir por7.0%	;906	;Aumentar por148.9%	;Aumentar por59.8%	;1068	;Aumentar por100.0%	;Aumentar por27.6%	;
189	;(Domingo)2026/06/07	;5307	;Aumentar por189.2%	;Aumentar por1.8%	;7056	;Aumentar por210.3%	;Aumentar por21.5%	;1926	;Aumentar por71.5%	;Aumentar por172.8%	;2725	;Aumentar por7.2%	;Disminuir por14.7%	;843	;Aumentar por89.0%	;Aumentar por49.7%	;1109	;Aumentar por81.5%	;Aumentar por14.0%	;
190	;(Lunes)2026/06/08	;4316	;Aumentar por50.1%	;Disminuir por21.5%	;5253	;Aumentar por34.1%	;Disminuir por19.9%	;2377	;Aumentar por162.9%	;Aumentar por93.7%	;2989	;Aumentar por73.4%	;Aumentar por32.5%	;954	;Aumentar por77.7%	;Aumentar por50.5%	;1068	;Aumentar por49.0%	;Aumentar por15.5%	;
191	;(Martes)2026/06/09	;3409	;Aumentar por74.1%	;Disminuir por5.3%	;4429	;Aumentar por61.7%	;Aumentar por5.2%	;2690	;Aumentar por124.7%	;Aumentar por84.2%	;3155	;Aumentar por44.5%	;Disminuir por3.1%	;795	;Aumentar por264.7%	;Aumentar por44.5%	;884	;Aumentar por162.3%	;Aumentar por16.0%	;
192	;(Miércoles)2026/06/10	;3499	;Aumentar por361.6%	;Aumentar por8.0%	;4607	;Aumentar por449.1%	;Aumentar por33.0%	;2990	;Aumentar por398.3%	;Aumentar por137.5%	;3368	;Aumentar por134.5%	;Aumentar por26.7%	;735	;Aumentar por48.2%	;Aumentar por51.5%	;861	;Aumentar por82.4%	;Aumentar por2.3%	;
193	;(Jueves)2026/06/11	;3549	;Aumentar por354800.0%	;Aumentar por19.5%	;4431	;Aumentar por221450.0%	;Aumentar por43.7%	;2854	;Aumentar por71250.0%	;Aumentar por114.3%	;3302	;Aumentar por82450.0%	;Aumentar por16.3%	;852	;Aumentar por85100.0%	;Aumentar por73.2%	;915	; --%	;Aumentar por2.6%	;
194	;(Viernes)2026/06/12	;3977	;Aumentar por362.4%	;Aumentar por33.4%	;4943	;Aumentar por437.9%	;Aumentar por59.2%	;3291	;Aumentar por306.3%	;Aumentar por131.6%	;3551	;Aumentar por96.3%	;Aumentar por21.6%	;974	;Aumentar por199.7%	;Aumentar por85.2%	;1086	;Aumentar por145.1%	;Aumentar por22.2%	;
195	;(Sábado)2026/06/13	;5655	;Aumentar por569.2%	;Aumentar por43.7%	;7148	;Aumentar por643.8%	;Aumentar por76.1%	;2901	;Aumentar por282.2%	;Aumentar por83.8%	;3532	;Aumentar por105.8%	;Aumentar por5.8%	;1085	;Aumentar por254.6%	;Aumentar por93.4%	;1168	;Aumentar por187.0%	;Aumentar por34.7%	;
196	;(Domingo)2026/06/14	;5537	;Aumentar por250.9%	;Aumentar por12.2%	;7667	;Aumentar por308.9%	;Aumentar por51.2%	;2233	;Aumentar por170.3%	;Aumentar por87.5%	;2955	;Aumentar por71.2%	;Aumentar por16.3%	;898	;Aumentar por154.4%	;Aumentar por62.1%	;1160	;Aumentar por148.4%	;Aumentar por42.5%	;
197	;(Lunes)2026/06/15	;4032	;Aumentar por84.6%	;Aumentar por1.7%	;5000	;Aumentar por94.8%	;Aumentar por1.9%	;2736	;Aumentar por144.3%	;Aumentar por137.5%	;3174	;Aumentar por57.2%	;Aumentar por27.0%	;991	;Aumentar por181.5%	;Aumentar por85.9%	;1109	;Aumentar por103.1%	;Aumentar por30.3%	;
198	;(Martes)2026/06/16	;3673	;Aumentar por166.9%	;Aumentar por0.2%	;4504	;Aumentar por199.3%	;Aumentar por9.9%	;2986	;Aumentar por223.5%	;Aumentar por115.4%	;3452	;Aumentar por93.0%	;Aumentar por13.0%	;862	;Aumentar por143.5%	;Aumentar por41.1%	;972	;Aumentar por88.7%	;Aumentar por10.7%	;
199	;(Miércoles)2026/06/17	;3794	;Aumentar por439.7%	;Aumentar por17.3%	;4689	;Aumentar por511.3%	;Aumentar por35.3%	;2653	;Aumentar por225.5%	;Aumentar por81.3%	;3081	;Aumentar por62.3%	;Aumentar por6.2%	;839	;Aumentar por116.2%	;Aumentar por61.0%	;943	;Aumentar por126.1%	;Aumentar por10.0%	;
200	;(Jueves)2026/06/18	;3598	;Aumentar por457.8%	;Aumentar por21.8%	;4479	;Aumentar por616.6%	;Aumentar por36.1%	;2845	;Aumentar por268.5%	;Aumentar por95.9%	;3359	;Aumentar por92.2%	;Aumentar por15.4%	;897	;Aumentar por238.5%	;Aumentar por74.5%	;986	;Aumentar por198.8%	;Aumentar por15.9%	;
201	;(Viernes)2026/06/19	;4357	;Aumentar por609.6%	;Aumentar por29.2%	;4990	;Aumentar por773.9%	;Aumentar por38.0%	;3233	;Aumentar por317.7%	;Aumentar por113.4%	;3689	;Aumentar por127.3%	;Aumentar por21.7%	;922	;Aumentar por372.8%	;Aumentar por100.0%	;1012	;Aumentar por230.7%	;Aumentar por30.4%	;
202	;(Sábado)2026/06/20	;6595	;Aumentar por972.4%	;Aumentar por71.5%	;7370	;Aumentar por1252.3%	;Aumentar por80.2%	;2876	;Aumentar por251.6%	;Aumentar por126.3%	;3338	;Aumentar por74.8%	;Aumentar por29.0%	;990	;Aumentar por367.0%	;Aumentar por105.4%	;1082	;Aumentar por245.7%	;Aumentar por53.7%	;
203	;(Domingo)2026/06/21	;5511	;Aumentar por514.4%	;Aumentar por4.9%	;6703	;Aumentar por693.3%	;Aumentar por8.3%	;2468	;Aumentar por188.0%	;Aumentar por79.9%	;3201	;Aumentar por56.9%	;Aumentar por22.0%	;947	;Aumentar por212.5%	;Aumentar por68.8%	;1211	;Aumentar por164.4%	;Aumentar por46.4%	;
204	;(Lunes)2026/06/22	;4936	;Aumentar por386.8%	;Disminuir por2.6%	;5958	;Aumentar por399.4%	;Disminuir por1.0%	;3185	;Aumentar por242.8%	;Aumentar por167.2%	;3611	;Aumentar por85.6%	;Aumentar por50.8%	;1056	;Aumentar por410.1%	;Aumentar por94.5%	;1120	;Aumentar por267.2%	;Aumentar por52.2%	;
205	;(Martes)2026/06/23	;4741	;Aumentar por331.8%	;Disminuir por9.3%	;5432	;Aumentar por404.8%	;Aumentar por5.2%	;3042	;Aumentar por306.7%	;Aumentar por92.8%	;3576	;Aumentar por104.2%	;Aumentar por11.5%	;977	;Aumentar por230.1%	;Aumentar por47.6%	;1011	;Aumentar por116.0%	;Aumentar por9.8%	;
206	;(Miércoles)2026/06/24	;5777	;Aumentar por725.3%	;Aumentar por21.5%	;7612	;Aumentar por924.5%	;Aumentar por31.4%	;2334	;Aumentar por188.5%	;Aumentar por82.2%	;3192	;Aumentar por62.3%	;Aumentar por20.0%	;974	;Aumentar por133.0%	;Aumentar por83.8%	;1187	;Aumentar por130.5%	;Aumentar por43.7%	;
207	;(Jueves)2026/06/25	;5005	;Aumentar por773.5%	;Aumentar por24.5%	;5973	;Aumentar por992.0%	;Aumentar por27.4%	;2796	;Aumentar por255.3%	;Aumentar por153.5%	;3649	;Aumentar por99.7%	;Aumentar por54.2%	;983	;Aumentar por265.4%	;Aumentar por115.6%	;1128	;Aumentar por187.8%	;Aumentar por47.8%	;
208	;(Viernes)2026/06/26	;5013	;Aumentar por658.4%	;Aumentar por25.9%	;6117	;Aumentar por942.1%	;Aumentar por37.4%	;2963	;Aumentar por319.1%	;Aumentar por171.8%	;3694	;Aumentar por112.4%	;Aumentar por56.4%	;978	;Aumentar por258.2%	;Aumentar por124.3%	;1113	;Aumentar por185.4%	;Aumentar por54.2%	;
209	;(Sábado)2026/06/27	;7019	;Aumentar por998.4%	;Aumentar por64.1%	;9081	;Aumentar por1490.4%	;Aumentar por88.2%	;2958	;Aumentar por287.2%	;Aumentar por154.1%	;3874	;Aumentar por117.5%	;Aumentar por53.5%	;1053	;Aumentar por351.9%	;Aumentar por121.7%	;1150	;Aumentar por221.2%	;Aumentar por66.4%	;
210	;(Domingo)2026/06/28	;5818	;Aumentar por630.0%	;Aumentar por11.7%	;7540	;Aumentar por928.6%	;Aumentar por29.5%	;2419	;Aumentar por171.2%	;Aumentar por109.4%	;3449	;Aumentar por74.2%	;Aumentar por51.9%	;880	;Aumentar por218.8%	;Aumentar por81.8%	;1104	;Aumentar por156.1%	;Aumentar por60.9%	;
211	;(Lunes)2026/06/29	;4393	;Aumentar por303.8%	;Disminuir por1.0%	;5261	;Aumentar por408.8%	;Disminuir por2.5%	;2753	;Aumentar por244.1%	;Aumentar por174.8%	;3464	;Aumentar por98.4%	;Aumentar por52.1%	;1100	;Aumentar por291.5%	;Aumentar por145.0%	;1266	;Aumentar por186.4%	;Aumentar por76.8%	;
212	;(Martes)2026/06/30	;4077	;Aumentar por322.5%	;Aumentar por31.9%	;5025	;Aumentar por445.6%	;Aumentar por31.0%	;2664	;Aumentar por282.2%	;Aumentar por137.0%	;3294	;Aumentar por115.2%	;Aumentar por10.6%	;954	;Aumentar por207.7%	;Aumentar por80.3%	;1063	;Aumentar por120.1%	;Aumentar por28.8%	;
213	;(Miércoles)2026/07/01	;4125	;Aumentar por558.9%	;Aumentar por15.4%	;5132	;Aumentar por828.0%	;Aumentar por30.5%	;2691	;Aumentar por249.5%	;Aumentar por130.2%	;3367	;Aumentar por83.9%	;Aumentar por32.9%	;901	;Aumentar por129.8%	;Aumentar por97.2%	;1014	;Aumentar por101.6%	;Aumentar por33.9%	;
214	;(Jueves)2026/07/02	;4008	;Aumentar por636.8%	;Aumentar por4.6%	;5022	;Aumentar por862.1%	;Aumentar por22.0%	;3593	;Aumentar por391.5%	;Aumentar por229.3%	;4412	;Aumentar por147.2%	;Aumentar por84.8%	;977	;Aumentar por388.5%	;Aumentar por100.2%	;1145	;Aumentar por248.0%	;Aumentar por46.8%	;
215	;(Viernes)2026/07/03	;5360	;Aumentar por848.7%	;Aumentar por38.5%	;6201	;Aumentar por1090.2%	;Aumentar por43.1%	;3004	;Aumentar por320.1%	;Aumentar por153.5%	;3785	;Aumentar por125.0%	;Aumentar por56.1%	;1058	;Aumentar por465.8%	;Aumentar por97.8%	;1091	;Aumentar por278.8%	;Aumentar por45.3%	;
216	;(Sábado)2026/07/04	;7351	;Aumentar por1382.1%	;Aumentar por49.1%	;8810	;Aumentar por1879.8%	;Aumentar por79.6%	;2653	;Aumentar por254.7%	;Aumentar por116.2%	;3586	;Aumentar por97.4%	;Aumentar por42.4%	;1185	;Aumentar por601.2%	;Aumentar por134.7%	;1279	;Aumentar por318.0%	;Aumentar por67.2%	;
217	;(Domingo)2026/07/05	;6746	;Aumentar por1153.9%	;Aumentar por10.5%	;8767	;Aumentar por1535.6%	;Aumentar por33.7%	;2218	;Aumentar por145.6%	;Aumentar por80.6%	;3481	;Aumentar por66.3%	;Aumentar por34.1%	;938	;Aumentar por745.0%	;Aumentar por103.9%	;1176	;Aumentar por476.5%	;Aumentar por59.8%	;
218	;(Lunes)2026/07/06	;4931	;Aumentar por385.3%	;Disminuir por5.6%	;6324	;Aumentar por474.9%	;Disminuir por2.0%	;2515	;Aumentar por151.5%	;Aumentar por126.6%	;3409	;Aumentar por77.5%	;Aumentar por45.1%	;1110	;Aumentar por611.5%	;Aumentar por121.1%	;1296	;Aumentar por442.3%	;Aumentar por77.5%	;
219	;(Martes)2026/07/07	;5377	;Aumentar por507.6%	;Aumentar por12.4%	;6186	;Aumentar por519.2%	;Aumentar por15.0%	;2573	;Aumentar por241.2%	;Aumentar por76.6%	;3394	;Aumentar por110.5%	;Aumentar por17.4%	;1005	;Aumentar por229.5%	;Aumentar por81.1%	;1093	;Aumentar por167.2%	;Aumentar por32.5%	;
220	;(Miércoles)2026/07/08	;5243	;Aumentar por654.4%	;Aumentar por5.5%	;6288	;Aumentar por887.1%	;Aumentar por18.7%	;2598	;Aumentar por161.9%	;Aumentar por71.5%	;3804	;Aumentar por83.1%	;Aumentar por34.9%	;973	;Aumentar por173.3%	;Aumentar por84.3%	;1184	;Aumentar por167.3%	;Aumentar por49.5%	;
221	;(Jueves)2026/07/09	;5001	;Aumentar por1008.9%	;Aumentar por9.4%	;5963	;Aumentar por1330.0%	;Aumentar por27.3%	;2026	;Aumentar por180.2%	;Aumentar por44.9%	;4054	;Aumentar por129.7%	;Aumentar por42.5%	;951	;Aumentar por501.9%	;Aumentar por265.8%	;1211	;Aumentar por482.2%	;Aumentar por278.4%	;
222	;(Viernes)2026/07/10	;4902	;Aumentar por1200.3%	;Aumentar por13.4%	;6293	;Aumentar por1628.8%	;Aumentar por34.4%	;2500	;Aumentar por252.6%	;Aumentar por107.8%	;4949	;Aumentar por186.9%	;Aumentar por103.5%	;842	;Aumentar por658.6%	;Aumentar por76.9%	;1287	;Aumentar por623.0%	;Aumentar por84.1%	;
223	;(Sábado)2026/07/11	;6975	;Aumentar por1216.0%	;Aumentar por31.6%	;8214	;Aumentar por1438.2%	;Aumentar por38.4%	;1650	;Aumentar por112.4%	;Aumentar por16.1%	;5494	;Aumentar por201.0%	;Aumentar por97.1%	;853	;Aumentar por366.1%	;Aumentar por93.9%	;1213	;Aumentar por324.1%	;Aumentar por92.8%	;
224	;(Domingo)2026/07/12	;6614	;Aumentar por209.8%	;Aumentar por16.1%	;8302	;Aumentar por265.7%	;Aumentar por37.9%	;1446	;Aumentar por26.3%	;Aumentar por5.9%	;5241	;Aumentar por96.4%	;Aumentar por82.3%	;837	;Aumentar por206.6%	;Aumentar por223.2%	;1428	;Aumentar por255.2%	;Aumentar por253.5%	;
225	;(Lunes)2026/07/13	;5395	;Aumentar por233.0%	;Disminuir por8.8%	;6780	;Aumentar por261.0%	;Disminuir por7.2%	;1839	;Aumentar por74.3%	;Aumentar por57.0%	;4935	;Aumentar por146.3%	;Aumentar por90.8%	;785	;Aumentar por223.0%	;Aumentar por64.6%	;1221	;Aumentar por216.3%	;Aumentar por61.9%	;
226	;(Martes)2026/07/14	;1542	;Aumentar por46.7%	;Disminuir por71.9%	;2111	;Aumentar por61.4%	;Disminuir por66.8%	;1368	;Aumentar por60.2%	;Disminuir por6.7%	;1982	;Aumentar por10.4%	;Disminuir por35.5%	;470	;Aumentar por129.3%	;Disminuir por18.5%	;576	;Aumentar por65.0%	;Disminuir por33.5%	;

Exportar contenido:Subtipos de vehículos a motor	;
Hora del informe: 2025/12/01 00:00:00 - 2026/07/14 23:59:59	;

N.º	;Hora	;Autobuses	; 	; 	; 	; 	; 	;Monovolúmenes	; 	; 	; 	; 	; 	;Sedanes pequeños	; 	; 	; 	; 	; 	;Camiones	;
	;	;Avanzar	; 	; 	;Retroceso	; 	; 	;Avanzar	; 	; 	;Retroceso	; 	; 	;Avanzar	; 	; 	;Retroceso	; 	; 	;Avanzar	; 	; 	;Retroceso	;
	;	;Valor	;Tasa de cambio (ciclo tras ciclo)	;Tasa de cambio (año tras año)	;Valor	;Tasa de cambio (ciclo tras ciclo)	;Tasa de cambio (año tras año)	;Valor	;Tasa de cambio (ciclo tras ciclo)	;Tasa de cambio (año tras año)	;Valor	;Tasa de cambio (ciclo tras ciclo)	;Tasa de cambio (año tras año)	;Valor	;Tasa de cambio (ciclo tras ciclo)	;Tasa de cambio (año tras año)	;Valor	;Tasa de cambio (ciclo tras ciclo)	;Tasa de cambio (año tras año)	;Valor	;Tasa de cambio (ciclo tras ciclo)	;Tasa de cambio (año tras año)	;Valor	;Tasa de cambio (ciclo tras ciclo)	;Tasa de cambio (año tras año)	;
1	;(Lunes)2025/12/01	;3	; --%	; --%	;35	; --%	; --%	;91	; --%	; --%	;142	; --%	; --%	;792	; --%	; --%	;1667	; --%	; --%	;21	; --%	; --%	;42	; --%	; --%	;
2	;(Martes)2025/12/02	;2	; --%	; --%	;37	; --%	; --%	;108	; --%	; --%	;175	; --%	; --%	;693	; --%	; --%	;1587	; --%	; --%	;22	; --%	; --%	;43	; --%	; --%	;
3	;(Miércoles)2025/12/03	;4	; --%	; --%	;38	; --%	; --%	;109	; --%	; --%	;175	; --%	; --%	;819	; --%	; --%	;1878	; --%	; --%	;19	; --%	; --%	;52	; --%	; --%	;
4	;(Jueves)2025/12/04	;2	; --%	; --%	;36	; --%	; --%	;114	; --%	; --%	;188	; --%	; --%	;715	; --%	; --%	;1689	; --%	; --%	;38	; --%	; --%	;53	; --%	; --%	;
5	;(Viernes)2025/12/05	;1	; --%	; --%	;36	; --%	; --%	;145	; --%	; --%	;189	; --%	; --%	;1055	; --%	; --%	;1906	; --%	; --%	;34	; --%	; --%	;62	; --%	; --%	;
6	;(Sábado)2025/12/06	;9	; --%	; --%	;46	; --%	; --%	;69	; --%	; --%	;108	; --%	; --%	;1623	; --%	; --%	;2718	; --%	; --%	;10	; --%	; --%	;36	; --%	; --%	;
7	;(Domingo)2025/12/07	;5	;Aumentar por400.0%	; --%	;30	;Sin cambios	; --%	;49	;Disminuir por64.2%	; --%	;76	;Disminuir por58.9%	; --%	;1314	;Aumentar por83.3%	; --%	;2964	;Aumentar por86.5%	; --%	;9	;Disminuir por80.9%	; --%	;13	;Disminuir por84.7%	; --%	;
8	;(Lunes)2025/12/08	;2	;Disminuir por50.0%	; --%	;39	;Aumentar por5.4%	; --%	;90	;Aumentar por2.3%	; --%	;94	;Disminuir por17.5%	; --%	;1197	;Aumentar por27.5%	; --%	;2070	;Aumentar por10.5%	; --%	;13	;Disminuir por63.9%	; --%	;29	;Disminuir por50.0%	; --%	;
9	;(Martes)2025/12/09	;2	;Disminuir por77.8%	; --%	;33	;Disminuir por21.4%	; --%	;118	;Aumentar por126.9%	; --%	;178	;Aumentar por154.3%	; --%	;875	;Disminuir por0.8%	; --%	;1595	;Disminuir por5.6%	; --%	;25	;Aumentar por25.0%	; --%	;52	;Aumentar por108.0%	; --%	;
10	;(Miércoles)2025/12/10	;6	;Aumentar por100.0%	; --%	;39	;Aumentar por116.7%	; --%	;130	;Aumentar por109.7%	; --%	;152	;Aumentar por120.3%	; --%	;760	;Aumentar por115.9%	; --%	;1534	;Aumentar por80.7%	; --%	;15	;Disminuir por25.0%	; --%	;55	;Aumentar por48.6%	; --%	;
11	;(Jueves)2025/12/11	;3	;Sin cambios	; --%	;36	;Aumentar por20.0%	; --%	;128	;Aumentar por116.9%	; --%	;154	;Aumentar por58.8%	; --%	;804	;Aumentar por47.5%	; --%	;1521	;Aumentar por12.8%	; --%	;28	;Aumentar por366.7%	; --%	;57	;Aumentar por119.2%	; --%	;
12	;(Viernes)2025/12/12	;2	;Disminuir por50.0%	; --%	;41	;Disminuir por14.6%	; --%	;136	;Disminuir por6.8%	; --%	;175	;Disminuir por23.2%	; --%	;975	;Disminuir por8.5%	; --%	;1686	;Disminuir por32.2%	; --%	;44	;Disminuir por12.0%	; --%	;64	;Disminuir por30.4%	; --%	;
13	;(Sábado)2025/12/13	;3	;Disminuir por76.9%	; --%	;44	;Aumentar por7.3%	; --%	;85	;Aumentar por30.8%	; --%	;96	;Aumentar por6.7%	; --%	;1102	;Disminuir por8.9%	; --%	;1850	;Disminuir por20.2%	; --%	;9	;Disminuir por55.0%	; --%	;14	;Disminuir por50.0%	; --%	;
14	;(Domingo)2025/12/14	;3	;Disminuir por81.3%	; --%	;37	;Disminuir por30.2%	; --%	;55	;Disminuir por68.6%	; --%	;60	;Disminuir por73.0%	; --%	;633	;Disminuir por53.4%	; --%	;1065	;Disminuir por58.3%	; --%	;3	;Disminuir por97.1%	; --%	;7	;Disminuir por96.0%	; --%	;
15	;(Lunes)2025/12/15	;1	;Disminuir por83.3%	; --%	;33	;Disminuir por2.9%	; --%	;118	;Aumentar por43.9%	; --%	;132	;Aumentar por43.5%	; --%	;810	;Disminuir por15.7%	; --%	;1547	;Disminuir por25.7%	; --%	;15	;Disminuir por62.5%	; --%	;27	;Disminuir por57.1%	; --%	;
16	;(Martes)2025/12/16	;4	;Disminuir por94.5%	; --%	;35	;Disminuir por66.3%	; --%	;132	;Aumentar por123.7%	; --%	;151	;Aumentar por60.6%	; --%	;738	;Disminuir por32.0%	; --%	;1417	;Disminuir por42.9%	; --%	;17	;Disminuir por22.7%	; --%	;52	;Aumentar por40.5%	; --%	;
17	;(Miércoles)2025/12/17	;2	;Disminuir por77.8%	; --%	;37	;Disminuir por24.5%	; --%	;145	;Aumentar por5.1%	; --%	;122	;Disminuir por34.4%	; --%	;791	;Disminuir por16.6%	; --%	;1347	;Disminuir por42.5%	; --%	;13	;Disminuir por76.8%	; --%	;31	;Disminuir por61.3%	; --%	;
18	;(Jueves)2025/12/18	;2	;Disminuir por77.8%	; --%	;36	;Disminuir por23.4%	; --%	;152	;Aumentar por10.1%	; --%	;174	;Disminuir por2.2%	; --%	;779	;Disminuir por8.1%	; --%	;1565	;Disminuir por23.5%	; --%	;6	;Disminuir por91.0%	; --%	;41	;Disminuir por65.3%	; --%	;
19	;(Viernes)2025/12/19	;6	;Disminuir por62.5%	; --%	;41	;Disminuir por14.6%	; --%	;153	;Aumentar por10.1%	; --%	;202	;Disminuir por1.5%	; --%	;997	;Aumentar por16.9%	; --%	;1694	;Disminuir por16.3%	; --%	;24	;Disminuir por52.0%	; --%	;49	;Disminuir por45.6%	; --%	;
20	;(Sábado)2025/12/20	;2	;Disminuir por77.8%	; --%	;35	;Disminuir por25.5%	; --%	;64	;Disminuir por57.3%	; --%	;82	;Disminuir por56.1%	; --%	;1064	;Aumentar por25.9%	; --%	;1784	;Disminuir por13.6%	; --%	;5	;Disminuir por91.7%	; --%	;9	;Disminuir por92.3%	; --%	;
21	;(Domingo)2025/12/21	;1	;Disminuir por66.7%	; --%	;33	;Aumentar por6.5%	; --%	;59	;Disminuir por46.8%	; --%	;56	;Disminuir por61.6%	; --%	;835	;Aumentar por25.0%	; --%	;1522	;Aumentar por4.7%	; --%	;0	;Disminuir por100.0%	; --%	;4	;Disminuir por95.3%	; --%	;
22	;(Lunes)2025/12/22	;2	;Disminuir por80.0%	; --%	;37	;Disminuir por7.5%	; --%	;121	;Aumentar por120.0%	; --%	;187	;Aumentar por122.6%	; --%	;948	;Disminuir por6.0%	; --%	;1930	;Disminuir por11.3%	; --%	;23	;Disminuir por51.1%	; --%	;41	;Disminuir por37.9%	; --%	;
23	;(Martes)2025/12/23	;4	;Sin cambios	; --%	;35	;Aumentar por25.0%	; --%	;118	;Aumentar por195.0%	; --%	;176	;Aumentar por208.8%	; --%	;873	;Aumentar por6.5%	; --%	;1611	;Disminuir por8.2%	; --%	;28	;Aumentar por47.4%	; --%	;64	;Aumentar por146.2%	; --%	;
24	;(Miércoles)2025/12/24	;2	;Disminuir por75.0%	; --%	;46	;Disminuir por14.8%	; --%	;107	;Disminuir por14.4%	; --%	;139	;Disminuir por21.9%	; --%	;781	;Disminuir por14.0%	; --%	;1480	;Disminuir por32.3%	; --%	;22	;Disminuir por42.1%	; --%	;46	;Disminuir por32.4%	; --%	;
25	;(Jueves)2025/12/25	;4	;Disminuir por33.3%	; --%	;34	;Disminuir por33.3%	; --%	;48	;Disminuir por52.0%	; --%	;48	;Disminuir por71.6%	; --%	;733	;Disminuir por6.3%	; --%	;1281	;Disminuir por31.5%	; --%	;3	;Disminuir por93.0%	; --%	;9	;Disminuir por89.7%	; --%	;
26	;(Viernes)2025/12/26	;4	;Disminuir por42.9%	; --%	;41	;Disminuir por10.9%	; --%	;97	;Disminuir por11.0%	; --%	;104	;Disminuir por31.1%	; --%	;947	;Aumentar por20.3%	; --%	;1478	;Disminuir por24.9%	; --%	;16	;Disminuir por66.0%	; --%	;29	;Disminuir por68.8%	; --%	;
27	;(Sábado)2025/12/27	;3	;Disminuir por57.1%	; --%	;47	;Disminuir por7.8%	; --%	;64	;Disminuir por49.2%	; --%	;82	;Disminuir por60.6%	; --%	;1047	;Aumentar por24.2%	; --%	;1549	;Disminuir por26.4%	; --%	;8	;Disminuir por81.8%	; --%	;23	;Disminuir por74.2%	; --%	;
28	;(Domingo)2025/12/28	;1	;Disminuir por85.7%	; --%	;35	;Disminuir por38.6%	; --%	;64	;Disminuir por51.1%	; --%	;71	;Disminuir por55.1%	; --%	;1036	;Aumentar por24.5%	; --%	;1510	;Disminuir por14.5%	; --%	;2	;Disminuir por97.4%	; --%	;7	;Disminuir por95.6%	; --%	;
29	;(Lunes)2025/12/29	;5	;Disminuir por61.5%	; --%	;42	;Disminuir por10.6%	; --%	;175	;Aumentar por169.2%	; --%	;197	;Aumentar por111.8%	; --%	;1095	;Aumentar por30.2%	; --%	;1974	;Aumentar por13.1%	; --%	;29	;Disminuir por23.7%	; --%	;52	;Aumentar por2.0%	; --%	;
30	;(Martes)2025/12/30	;10	;Aumentar por42.9%	; --%	;47	;Aumentar por34.3%	; --%	;135	;Aumentar por187.2%	; --%	;190	;Aumentar por167.6%	; --%	;1193	;Aumentar por23.6%	; --%	;2079	;Aumentar por1.1%	; --%	;23	;Aumentar por53.3%	; --%	;61	;Aumentar por110.3%	; --%	;
31	;(Miércoles)2025/12/31	;5	;Disminuir por16.7%	; --%	;43	;Disminuir por17.3%	; --%	;122	;Disminuir por10.9%	; --%	;176	;Disminuir por0.6%	; --%	;1013	;Aumentar por10.7%	; --%	;1748	;Disminuir por20.5%	; --%	;17	;Disminuir por63.0%	; --%	;50	;Disminuir por31.5%	; --%	;
32	;(Jueves)2026/01/01	;2	;Disminuir por84.6%	; --%	;44	;Disminuir por21.4%	; --%	;72	;Disminuir por65.2%	; --%	;92	;Disminuir por64.3%	; --%	;998	;Aumentar por15.0%	; --%	;1850	;Disminuir por6.1%	; --%	;6	;Disminuir por89.3%	; --%	;16	;Disminuir por85.2%	; --%	;
33	;(Viernes)2026/01/02	;6	;Disminuir por33.3%	; --%	;35	;Disminuir por35.2%	; --%	;114	;Disminuir por8.8%	; --%	;153	;Disminuir por15.5%	; --%	;966	;Aumentar por11.5%	; --%	;1902	;Disminuir por7.8%	; --%	;20	;Disminuir por60.8%	; --%	;58	;Disminuir por54.0%	; --%	;
34	;(Sábado)2026/01/03	;4	;Disminuir por33.3%	; --%	;37	;Disminuir por17.8%	; --%	;81	;Disminuir por46.4%	; --%	;96	;Disminuir por58.3%	; --%	;942	;Aumentar por12.9%	; --%	;1659	;Disminuir por18.4%	; --%	;7	;Disminuir por86.0%	; --%	;20	;Disminuir por78.3%	; --%	;
35	;(Domingo)2026/01/04	;2	;Disminuir por80.0%	; --%	;32	;Disminuir por5.9%	; --%	;51	;Disminuir por65.5%	; --%	;44	;Disminuir por78.5%	; --%	;715	;Disminuir por32.5%	; --%	;1253	;Disminuir por47.2%	; --%	;7	;Disminuir por87.5%	; --%	;13	;Disminuir por88.7%	; --%	;
36	;(Lunes)2026/01/05	;3	;Disminuir por66.7%	; --%	;27	;Disminuir por32.5%	; --%	;121	;Aumentar por108.6%	; --%	;152	;Aumentar por97.4%	; --%	;833	;Aumentar por6.5%	; --%	;1616	;Aumentar por2.5%	; --%	;20	;Disminuir por37.5%	; --%	;34	;Disminuir por24.4%	; --%	;
37	;(Martes)2026/01/06	;5	;Disminuir por28.6%	; --%	;36	;Disminuir por20.0%	; --%	;45	;Disminuir por37.5%	; --%	;71	;Disminuir por6.6%	; --%	;747	;Disminuir por23.3%	; --%	;1488	;Disminuir por30.7%	; --%	;7	;Disminuir por56.3%	; --%	;13	;Disminuir por53.6%	; --%	;
38	;(Miércoles)2026/01/07	;6	;Disminuir por14.3%	; --%	;39	;Disminuir por27.8%	; --%	;765	;Aumentar por400.0%	; --%	;793	;Aumentar por340.6%	; --%	;732	;Disminuir por25.0%	; --%	;1551	;Disminuir por34.5%	; --%	;14	;Disminuir por63.2%	; --%	;40	;Disminuir por51.2%	; --%	;
39	;(Jueves)2026/01/08	;6	;Disminuir por14.3%	; --%	;40	;Disminuir por29.8%	; --%	;283	;Aumentar por100.7%	; --%	;312	;Aumentar por72.4%	; --%	;785	;Disminuir por11.4%	; --%	;1548	;Disminuir por29.9%	; --%	;21	;Disminuir por63.8%	; --%	;34	;Disminuir por70.2%	; --%	;
40	;(Viernes)2026/01/09	;6	;Disminuir por45.5%	; --%	;41	;Disminuir por21.2%	; --%	;140	;Disminuir por2.8%	; --%	;178	;Disminuir por18.7%	; --%	;778	;Disminuir por17.6%	; --%	;1582	;Disminuir por30.9%	; --%	;19	;Disminuir por51.3%	; --%	;45	;Disminuir por32.8%	; --%	;
41	;(Sábado)2026/01/10	;4	;Disminuir por82.6%	; --%	;38	;Disminuir por45.7%	; --%	;68	;Disminuir por62.4%	; --%	;73	;Disminuir por68.8%	; --%	;788	;Disminuir por29.4%	; --%	;1418	;Disminuir por41.6%	; --%	;8	;Disminuir por84.6%	; --%	;14	;Disminuir por84.3%	; --%	;
42	;(Domingo)2026/01/11	;5	;Disminuir por50.0%	; --%	;33	;Disminuir por17.5%	; --%	;48	;Disminuir por70.0%	; --%	;55	;Disminuir por71.1%	; --%	;595	;Disminuir por27.7%	; --%	;1249	;Disminuir por35.3%	; --%	;10	;Disminuir por84.4%	; --%	;22	;Disminuir por85.2%	; --%	;
43	;(Lunes)2026/01/12	;2	;Disminuir por60.0%	; --%	;35	;Sin cambios	; --%	;133	;Aumentar por64.2%	; --%	;157	;Aumentar por145.3%	; --%	;811	;Disminuir por24.5%	; --%	;1574	;Aumentar por30.7%	; --%	;26	;Disminuir por48.0%	; --%	;57	;Disminuir por24.0%	; --%	;
44	;(Martes)2026/01/13	;3	;Disminuir por57.1%	; --%	;35	;Disminuir por20.5%	; --%	;135	;Aumentar por141.1%	; --%	;169	;Aumentar por111.3%	; --%	;716	;Disminuir por37.4%	; --%	;1476	;Disminuir por32.5%	; --%	;22	;Aumentar por4.8%	; --%	;53	;Aumentar por39.5%	; --%	;
45	;(Miércoles)2026/01/14	;5	;Disminuir por50.0%	; --%	;35	;Disminuir por38.6%	; --%	;126	;Disminuir por18.2%	; --%	;170	;Disminuir por21.7%	; --%	;768	;Disminuir por24.8%	; --%	;1504	;Disminuir por38.0%	; --%	;17	;Disminuir por57.5%	; --%	;42	;Disminuir por50.0%	; --%	;
46	;(Jueves)2026/01/15	;6	;Disminuir por25.0%	; --%	;35	;Disminuir por47.8%	; --%	;133	;Sin cambios	; --%	;178	;Aumentar por0.6%	; --%	;700	;Disminuir por33.8%	; --%	;1476	;Disminuir por33.6%	; --%	;21	;Disminuir por61.8%	; --%	;47	;Disminuir por50.0%	; --%	;
47	;(Viernes)2026/01/16	;2	;Disminuir por80.0%	; --%	;35	;Disminuir por36.4%	; --%	;104	;Disminuir por24.1%	; --%	;167	;Disminuir por5.1%	; --%	;748	;Disminuir por22.9%	; --%	;1512	;Disminuir por30.6%	; --%	;34	;Disminuir por38.2%	; --%	;65	;Disminuir por31.6%	; --%	;
48	;(Sábado)2026/01/17	;7	;Disminuir por12.5%	; --%	;43	;Disminuir por18.9%	; --%	;72	;Disminuir por49.7%	; --%	;68	;Disminuir por64.4%	; --%	;744	;Disminuir por30.5%	; --%	;1359	;Disminuir por39.9%	; --%	;17	;Disminuir por63.0%	; --%	;19	;Disminuir por78.7%	; --%	;
49	;(Domingo)2026/01/18	;1	;Disminuir por90.9%	; --%	;35	;Disminuir por27.1%	; --%	;38	;Disminuir por75.6%	; --%	;61	;Disminuir por72.0%	; --%	;610	;Disminuir por33.0%	; --%	;1214	;Disminuir por51.6%	; --%	;4	;Disminuir por92.6%	; --%	;8	;Disminuir por93.4%	; --%	;
50	;(Lunes)2026/01/19	;2	;Disminuir por60.0%	; --%	;41	;Aumentar por115.8%	; --%	;121	;Aumentar por168.9%	; --%	;161	;Aumentar por47.7%	; --%	;771	;Aumentar por21.2%	; --%	;1487	;Disminuir por50.7%	; --%	;25	;Aumentar por47.1%	; --%	;45	;Disminuir por6.3%	; --%	;
51	;(Martes)2026/01/20	;3	;Disminuir por57.1%	; --%	;36	;Disminuir por12.2%	; --%	;123	;Aumentar por101.6%	; --%	;159	;Aumentar por82.8%	; --%	;736	;Disminuir por35.2%	; --%	;1550	;Disminuir por25.9%	; --%	;26	;Aumentar por100.0%	; --%	;49	;Aumentar por63.3%	; --%	;
52	;(Miércoles)2026/01/21	;6	;Sin cambios	; --%	;40	;Disminuir por28.6%	; --%	;129	;Disminuir por25.0%	; --%	;168	;Disminuir por26.3%	; --%	;679	;Disminuir por45.5%	; --%	;1389	;Disminuir por51.6%	; --%	;17	;Disminuir por37.0%	; --%	;33	;Disminuir por66.3%	; --%	;
53	;(Jueves)2026/01/22	;5	;Sin cambios	; --%	;43	;Disminuir por2.3%	; --%	;257	;Aumentar por129.5%	; --%	;299	;Aumentar por86.9%	; --%	;688	;Disminuir por36.8%	; --%	;1533	;Disminuir por34.5%	; --%	;15	;Disminuir por72.7%	; --%	;28	;Disminuir por75.0%	; --%	;
54	;(Viernes)2026/01/23	;2	;Disminuir por80.0%	; --%	;39	;Disminuir por30.4%	; --%	;105	;Disminuir por13.2%	; --%	;168	;Disminuir por7.7%	; --%	;860	;Disminuir por25.2%	; --%	;1629	;Disminuir por34.9%	; --%	;23	;Disminuir por54.0%	; --%	;55	;Disminuir por45.0%	; --%	;
55	;(Sábado)2026/01/24	;3	;Disminuir por70.0%	; --%	;31	;Disminuir por41.5%	; --%	;84	;Disminuir por43.6%	; --%	;90	;Disminuir por48.9%	; --%	;860	;Disminuir por29.1%	; --%	;1508	;Disminuir por42.0%	; --%	;20	;Disminuir por58.3%	; --%	;22	;Disminuir por76.3%	; --%	;
56	;(Domingo)2026/01/25	;2	;Disminuir por83.3%	; --%	;26	;Disminuir por35.0%	; --%	;48	;Disminuir por71.4%	; --%	;62	;Disminuir por73.8%	; --%	;505	;Disminuir por60.8%	; --%	;1301	;Disminuir por54.6%	; --%	;14	;Disminuir por87.0%	; --%	;14	;Disminuir por92.8%	; --%	;
57	;(Lunes)2026/01/26	;3	;Disminuir por70.0%	; --%	;40	;Sin cambios	; --%	;122	;Aumentar por90.6%	; --%	;182	;Aumentar por89.6%	; --%	;794	;Disminuir por27.0%	; --%	;1680	;Disminuir por28.3%	; --%	;30	;Disminuir por3.2%	; --%	;47	;Disminuir por24.2%	; --%	;
58	;(Martes)2026/01/27	;0	;Disminuir por100.0%	; --%	;35	;Disminuir por2.8%	; --%	;130	;Aumentar por188.9%	; --%	;135	;Aumentar por114.3%	; --%	;755	;Disminuir por29.8%	; --%	;1500	;Disminuir por36.4%	; --%	;28	;Aumentar por21.7%	; --%	;66	;Aumentar por78.4%	; --%	;
59	;(Miércoles)2026/01/28	;1	;Disminuir por92.3%	; --%	;33	;Disminuir por56.0%	; --%	;143	;Disminuir por7.7%	; --%	;159	;Disminuir por16.3%	; --%	;792	;Disminuir por31.9%	; --%	;1606	;Disminuir por40.5%	; --%	;24	;Disminuir por53.8%	; --%	;41	;Disminuir por54.9%	; --%	;
60	;(Jueves)2026/01/29	;9	;Disminuir por35.7%	; --%	;44	;Disminuir por33.3%	; --%	;140	;Aumentar por1.4%	; --%	;159	;Disminuir por2.5%	; --%	;795	;Disminuir por35.5%	; --%	;1578	;Disminuir por37.5%	; --%	;21	;Disminuir por71.2%	; --%	;53	;Disminuir por63.2%	; --%	;
61	;(Viernes)2026/01/30	;2	;Disminuir por83.3%	; --%	;42	;Disminuir por38.2%	; --%	;138	;Disminuir por10.4%	; --%	;177	;Disminuir por0.6%	; --%	;821	;Disminuir por33.4%	; --%	;1634	;Disminuir por36.2%	; --%	;31	;Disminuir por41.5%	; --%	;56	;Disminuir por46.2%	; --%	;
62	;(Sábado)2026/01/31	;1	;Disminuir por95.7%	; --%	;39	;Disminuir por44.3%	; --%	;70	;Disminuir por60.5%	; --%	;84	;Disminuir por63.8%	; --%	;805	;Disminuir por36.2%	; --%	;1471	;Disminuir por43.6%	; --%	;33	;Disminuir por41.1%	; --%	;45	;Disminuir por64.6%	; --%	;
63	;(Domingo)2026/02/01	;3	;Disminuir por80.0%	; --%	;34	;Disminuir por33.3%	; --%	;55	;Disminuir por72.6%	; --%	;56	;Disminuir por77.0%	; --%	;687	;Disminuir por31.4%	; --%	;1376	;Disminuir por35.2%	; --%	;4	;Disminuir por92.2%	; --%	;7	;Disminuir por95.9%	; --%	;
64	;(Lunes)2026/02/02	;3	;Disminuir por70.0%	; --%	;36	;Disminuir por14.3%	; --%	;147	;Aumentar por113.0%	; --%	;164	;Aumentar por131.0%	; --%	;851	;Disminuir por33.0%	; --%	;1709	;Disminuir por30.6%	; --%	;22	;Sin cambios	; --%	;37	;Disminuir por24.5%	; --%	;
65	;(Martes)2026/02/03	;12	;Aumentar por50.0%	; --%	;45	;Aumentar por36.4%	; --%	;147	;Aumentar por182.7%	; --%	;190	;Aumentar por131.7%	; --%	;796	;Disminuir por28.1%	; --%	;1609	;Disminuir por27.5%	; --%	;31	;Aumentar por93.8%	; --%	;53	;Disminuir por3.6%	; --%	;
66	;(Miércoles)2026/02/04	;4	;Disminuir por84.0%	; --%	;35	;Disminuir por52.1%	; --%	;163	;Disminuir por13.3%	; --%	;185	;Disminuir por14.7%	; --%	;770	;Disminuir por40.8%	; --%	;1594	;Disminuir por42.8%	; --%	;20	;Disminuir por65.5%	; --%	;41	;Disminuir por68.7%	; --%	;
67	;(Jueves)2026/02/05	;4	;Disminuir por55.6%	; --%	;19	;Disminuir por62.0%	; --%	;66	;Disminuir por44.1%	; --%	;89	;Disminuir por39.5%	; --%	;467	;Disminuir por57.8%	; --%	;904	;Disminuir por60.8%	; --%	;14	;Disminuir por69.6%	; --%	;27	;Disminuir por82.9%	; --%	;
68	;(Viernes)2026/02/06	;9	;Aumentar por125.0%	; --%	;39	;Disminuir por27.8%	; --%	;141	;Aumentar por6.8%	; --%	;202	;Aumentar por26.3%	; --%	;935	;Aumentar por3.4%	; --%	;1829	;Disminuir por9.0%	; --%	;38	;Disminuir por41.5%	; --%	;86	;Disminuir por41.1%	; --%	;
69	;(Sábado)2026/02/07	;3	;Disminuir por57.1%	; --%	;39	;Disminuir por18.8%	; --%	;73	;Disminuir por41.6%	; --%	;70	;Disminuir por61.3%	; --%	;840	;Disminuir por7.4%	; --%	;1524	;Disminuir por24.3%	; --%	;15	;Disminuir por68.1%	; --%	;26	;Disminuir por77.6%	; --%	;
70	;(Domingo)2026/02/08	;5	;Disminuir por37.5%	; --%	;36	;Disminuir por43.8%	; --%	;46	;Disminuir por71.4%	; --%	;61	;Disminuir por68.6%	; --%	;745	;Disminuir por20.5%	; --%	;1380	;Disminuir por34.9%	; --%	;7	;Disminuir por86.0%	; --%	;10	;Disminuir por92.9%	; --%	;
71	;(Lunes)2026/02/09	;7	;Disminuir por12.5%	; --%	;42	;Disminuir por22.2%	; --%	;168	;Aumentar por171.0%	; --%	;192	;Aumentar por104.3%	; --%	;1019	;Disminuir por4.9%	; --%	;1896	;Disminuir por8.8%	; --%	;32	;Aumentar por68.4%	; --%	;45	;Disminuir por4.3%	; --%	;
72	;(Martes)2026/02/10	;3	;Disminuir por66.7%	; --%	;38	;Disminuir por17.4%	; --%	;136	;Aumentar por216.3%	; --%	;168	;Aumentar por290.7%	; --%	;822	;Disminuir por11.2%	; --%	;1596	;Disminuir por25.5%	; --%	;24	;Aumentar por4.3%	; --%	;53	;Aumentar por23.3%	; --%	;
73	;(Miércoles)2026/02/11	;3	;Sin cambios	; --%	;38	;Disminuir por25.5%	; --%	;132	;Aumentar por13.8%	; --%	;178	;Disminuir por4.8%	; --%	;875	;Disminuir por8.9%	; --%	;1706	;Disminuir por34.6%	; --%	;24	;Disminuir por42.9%	; --%	;53	;Disminuir por58.3%	; --%	;
74	;(Jueves)2026/02/12	;4	;Aumentar por33.3%	; --%	;51	;Aumentar por6.3%	; --%	;158	;Aumentar por42.3%	; --%	;175	;Aumentar por7.4%	; --%	;834	;Disminuir por15.8%	; --%	;1670	;Disminuir por22.9%	; --%	;33	;Disminuir por45.0%	; --%	;73	;Disminuir por53.8%	; --%	;
75	;(Viernes)2026/02/13	;4	;Disminuir por77.8%	; --%	;46	;Disminuir por24.6%	; --%	;135	;Aumentar por14.4%	; --%	;198	;Aumentar por2.6%	; --%	;975	;Aumentar por6.6%	; --%	;1898	;Disminuir por5.3%	; --%	;27	;Disminuir por38.6%	; --%	;61	;Disminuir por53.4%	; --%	;
76	;(Sábado)2026/02/14	;6	;Sin cambios	; --%	;43	;Disminuir por4.4%	; --%	;55	;Disminuir por62.3%	; --%	;63	;Disminuir por65.6%	; --%	;717	;Disminuir por26.1%	; --%	;1391	;Disminuir por32.9%	; --%	;3	;Disminuir por95.0%	; --%	;7	;Disminuir por94.3%	; --%	;
77	;(Domingo)2026/02/15	;4	;Disminuir por20.0%	; --%	;43	;Disminuir por8.5%	; --%	;51	;Disminuir por70.2%	; --%	;72	;Disminuir por66.0%	; --%	;851	;Disminuir por14.0%	; --%	;1588	;Disminuir por24.1%	; --%	;3	;Disminuir por94.8%	; --%	;9	;Disminuir por94.4%	; --%	;
78	;(Lunes)2026/02/16	;6	;Sin cambios	; --%	;39	;Disminuir por18.8%	; --%	;155	;Aumentar por115.3%	; --%	;192	;Aumentar por106.5%	; --%	;970	;Disminuir por12.7%	; --%	;1972	;Disminuir por17.4%	; --%	;30	;Disminuir por14.3%	; --%	;51	;Disminuir por28.2%	; --%	;
79	;(Martes)2026/02/17	;8	;Disminuir por11.1%	; --%	;55	;Aumentar por5.8%	; --%	;179	;Aumentar por272.9%	; --%	;287	;Aumentar por328.4%	; --%	;929	;Disminuir por10.1%	; --%	;2696	;Aumentar por22.4%	; --%	;41	;Aumentar por272.7%	; --%	;90	;Aumentar por246.2%	; --%	;
80	;(Miércoles)2026/02/18	;6	;Disminuir por25.0%	; --%	;70	;Aumentar por45.8%	; --%	;162	;Disminuir por5.3%	; --%	;396	;Aumentar por132.9%	; --%	;935	;Disminuir por23.2%	; --%	;3781	;Aumentar por47.1%	; --%	;30	;Disminuir por41.2%	; --%	;146	;Aumentar por52.1%	; --%	;
81	;(Jueves)2026/02/19	;6	;Disminuir por25.0%	; --%	;80	;Aumentar por56.9%	; --%	;199	;Aumentar por51.9%	; --%	;464	;Aumentar por162.1%	; --%	;910	;Disminuir por30.3%	; --%	;3757	;Aumentar por54.1%	; --%	;41	;Disminuir por47.4%	; --%	;127	;Disminuir por20.6%	; --%	;
82	;(Viernes)2026/02/20	;9	;Disminuir por50.0%	; --%	;71	;Aumentar por34.0%	; --%	;186	;Aumentar por26.5%	; --%	;463	;Aumentar por138.7%	; --%	;1031	;Disminuir por13.4%	; --%	;4216	;Aumentar por67.8%	; --%	;40	;Sin cambios	; --%	;141	;Aumentar por65.9%	; --%	;
83	;(Sábado)2026/02/21	;3	;Disminuir por57.1%	; --%	;70	;Aumentar por62.8%	; --%	;106	;Disminuir por31.2%	; --%	;226	;Aumentar por17.7%	; --%	;988	;Disminuir por0.3%	; --%	;4153	;Aumentar por97.8%	; --%	;18	;Disminuir por60.9%	; --%	;49	;Disminuir por50.0%	; --%	;
84	;(Domingo)2026/02/22	;6	;Disminuir por77.8%	; --%	;61	;Disminuir por11.6%	; --%	;66	;Disminuir por63.9%	; --%	;164	;Disminuir por24.4%	; --%	;800	;Disminuir por29.9%	; --%	;3590	;Aumentar por52.7%	; --%	;7	;Disminuir por89.9%	; --%	;28	;Disminuir por81.1%	; --%	;
85	;(Lunes)2026/02/23	;8	;Aumentar por60.0%	; --%	;70	;Aumentar por34.6%	; --%	;194	;Aumentar por79.6%	; --%	;445	;Aumentar por220.1%	; --%	;887	;Disminuir por26.8%	; --%	;3674	;Aumentar por40.4%	; --%	;31	;Sin cambios	; --%	;126	;Aumentar por96.9%	; --%	;
86	;(Martes)2026/02/24	;6	;Disminuir por57.1%	; --%	;71	;Aumentar por10.9%	; --%	;160	;Aumentar por142.4%	; --%	;360	;Aumentar por295.6%	; --%	;972	;Disminuir por8.6%	; --%	;3714	;Aumentar por54.9%	; --%	;35	;Aumentar por150.0%	; --%	;130	;Aumentar por400.0%	; --%	;
87	;(Miércoles)2026/02/25	;9	;Aumentar por80.0%	; --%	;67	;Aumentar por36.7%	; --%	;222	;Aumentar por44.2%	; --%	;439	;Aumentar por145.3%	; --%	;954	;Disminuir por24.0%	; --%	;3552	;Aumentar por29.7%	; --%	;36	;Disminuir por14.3%	; --%	;144	;Aumentar por41.2%	; --%	;
88	;(Jueves)2026/02/26	;7	;Aumentar por600.0%	; --%	;76	;Aumentar por68.9%	; --%	;177	;Aumentar por52.6%	; --%	;382	;Aumentar por104.3%	; --%	;914	;Disminuir por4.6%	; --%	;3664	;Aumentar por73.2%	; --%	;35	;Disminuir por43.5%	; --%	;132	;Aumentar por1.5%	; --%	;
89	;(Viernes)2026/02/27	;9	;Disminuir por47.1%	; --%	;73	;Aumentar por23.7%	; --%	;205	;Aumentar por78.3%	; --%	;461	;Aumentar por186.3%	; --%	;1033	;Aumentar por1.3%	; --%	;4005	;Aumentar por91.2%	; --%	;41	;Disminuir por29.3%	; --%	;154	;Aumentar por26.2%	; --%	;
90	;(Sábado)2026/02/28	;3	;Disminuir por70.0%	; --%	;54	;Aumentar por8.0%	; --%	;104	;Disminuir por32.0%	; --%	;237	;Aumentar por24.7%	; --%	;1077	;Aumentar por1.6%	; --%	;3831	;Aumentar por70.3%	; --%	;22	;Disminuir por50.0%	; --%	;59	;Disminuir por39.8%	; --%	;
91	;(Domingo)2026/03/01	;2	;Disminuir por83.3%	; --%	;53	;Aumentar por3.9%	; --%	;62	;Disminuir por68.8%	; --%	;180	;Disminuir por20.7%	; --%	;923	;Disminuir por9.3%	; --%	;3662	;Aumentar por68.4%	; --%	;15	;Disminuir por72.2%	; --%	;34	;Disminuir por64.2%	; --%	;
92	;(Lunes)2026/03/02	;6	;Disminuir por76.9%	; --%	;71	;Aumentar por7.6%	; --%	;182	;Aumentar por145.9%	; --%	;421	;Aumentar por383.9%	; --%	;936	;Disminuir por19.2%	; --%	;3748	;Aumentar por52.2%	; --%	;33	;Disminuir por8.3%	; --%	;138	;Aumentar por206.7%	; --%	;
93	;(Martes)2026/03/03	;0	;Disminuir por100.0%	; --%	;30	;Disminuir por52.4%	; --%	;89	;Aumentar por17.1%	; --%	;179	;Aumentar por105.7%	; --%	;497	;Disminuir por54.9%	; --%	;1781	;Disminuir por20.8%	; --%	;40	;Aumentar por263.6%	; --%	;104	;Aumentar por511.8%	; --%	;
94	;(Miércoles)2026/03/04	;4	;Sin cambios	; --%	;63	;Aumentar por16.7%	; --%	;131	;Disminuir por27.6%	; --%	;277	;Aumentar por19.4%	; --%	;851	;Disminuir por33.0%	; --%	;3141	;Aumentar por6.4%	; --%	;26	;Disminuir por45.8%	; --%	;109	;Disminuir por12.8%	; --%	;
95	;(Jueves)2026/03/05	;12	;Aumentar por20.0%	; --%	;73	;Aumentar por40.4%	; --%	;190	;Aumentar por41.8%	; --%	;332	;Aumentar por72.9%	; --%	;1004	;Disminuir por4.5%	; --%	;3555	;Aumentar por59.3%	; --%	;52	;Aumentar por2.0%	; --%	;151	;Aumentar por49.5%	; --%	;
96	;(Viernes)2026/03/06	;5	;Sin cambios	; --%	;65	;Aumentar por38.3%	; --%	;189	;Aumentar por46.5%	; --%	;365	;Aumentar por116.0%	; --%	;1086	;Aumentar por1.4%	; --%	;3643	;Aumentar por69.0%	; --%	;42	;Disminuir por36.4%	; --%	;133	;Aumentar por1.5%	; --%	;
97	;(Sábado)2026/03/07	;9	;Disminuir por10.0%	; --%	;68	;Aumentar por38.8%	; --%	;97	;Disminuir por45.2%	; --%	;167	;Disminuir por28.6%	; --%	;949	;Disminuir por24.0%	; --%	;3060	;Aumentar por29.5%	; --%	;17	;Disminuir por70.2%	; --%	;28	;Disminuir por71.1%	; --%	;
98	;(Domingo)2026/03/08	;8	;Aumentar por33.3%	; --%	;57	;Aumentar por9.6%	; --%	;71	;Disminuir por60.6%	; --%	;164	;Disminuir por29.0%	; --%	;786	;Disminuir por37.2%	; --%	;3264	;Aumentar por29.3%	; --%	;6	;Disminuir por93.2%	; --%	;30	;Disminuir por82.6%	; --%	;
99	;(Lunes)2026/03/09	;7	;Aumentar por40.0%	; --%	;68	;Aumentar por51.1%	; --%	;200	;Aumentar por132.6%	; --%	;470	;Aumentar por312.3%	; --%	;1011	;Disminuir por12.6%	; --%	;3822	;Aumentar por48.3%	; --%	;27	;Disminuir por32.5%	; --%	;116	;Aumentar por43.2%	; --%	;
100	;(Martes)2026/03/10	;7	;Disminuir por30.0%	; --%	;69	;Aumentar por23.2%	; --%	;156	;Aumentar por160.0%	; --%	;355	;Aumentar por322.6%	; --%	;965	;Disminuir por3.3%	; --%	;3815	;Aumentar por68.5%	; --%	;33	;Aumentar por312.5%	; --%	;122	;Aumentar por481.0%	; --%	;
101	;(Miércoles)2026/03/11	;16	;Aumentar por23.1%	; --%	;94	;Aumentar por64.9%	; --%	;177	;Aumentar por22.9%	; --%	;349	;Aumentar por71.1%	; --%	;1043	;Disminuir por5.8%	; --%	;3883	;Aumentar por59.1%	; --%	;35	;Disminuir por35.2%	; --%	;107	;Aumentar por15.1%	; --%	;
102	;(Jueves)2026/03/12	;4	;Disminuir por50.0%	; --%	;76	;Aumentar por35.7%	; --%	;132	;Disminuir por15.9%	; --%	;377	;Aumentar por95.3%	; --%	;978	;Disminuir por6.0%	; --%	;3862	;Aumentar por74.8%	; --%	;51	;Disminuir por1.9%	; --%	;153	;Aumentar por23.4%	; --%	;
103	;(Viernes)2026/03/13	;8	;Aumentar por33.3%	; --%	;71	;Aumentar por47.9%	; --%	;228	;Aumentar por60.6%	; --%	;454	;Aumentar por152.2%	; --%	;1024	;Disminuir por3.8%	; --%	;4212	;Aumentar por88.9%	; --%	;51	;Aumentar por6.3%	; --%	;155	;Aumentar por63.2%	; --%	;
104	;(Sábado)2026/03/14	;6	;Disminuir por14.3%	; --%	;67	;Aumentar por17.5%	; --%	;111	;Disminuir por38.7%	; --%	;233	;Aumentar por17.7%	; --%	;1047	;Disminuir por3.6%	; --%	;4050	;Aumentar por73.6%	; --%	;16	;Disminuir por77.1%	; --%	;44	;Disminuir por67.4%	; --%	;
105	;(Domingo)2026/03/15	;9	;Aumentar por80.0%	; --%	;65	;Aumentar por41.3%	; --%	;54	;Disminuir por66.3%	; --%	;190	;Disminuir por17.7%	; --%	;930	;Disminuir por5.8%	; --%	;3558	;Aumentar por58.3%	; --%	;13	;Disminuir por81.2%	; --%	;23	;Disminuir por82.2%	; --%	;
106	;(Lunes)2026/03/16	;13	;Aumentar por160.0%	; --%	;85	;Aumentar por102.4%	; --%	;187	;Aumentar por122.6%	; --%	;488	;Aumentar por287.3%	; --%	;1007	;Disminuir por8.5%	; --%	;4125	;Aumentar por61.1%	; --%	;51	;Aumentar por50.0%	; --%	;136	;Aumentar por130.5%	; --%	;
107	;(Martes)2026/03/17	;12	;Aumentar por20.0%	; --%	;84	;Aumentar por75.0%	; --%	;163	;Aumentar por69.8%	; --%	;380	;Aumentar por280.0%	; --%	;1027	;Aumentar por1.3%	; --%	;4046	;Aumentar por76.4%	; --%	;52	;Aumentar por188.9%	; --%	;173	;Aumentar por517.9%	; --%	;
108	;(Miércoles)2026/03/18	;15	;Aumentar por87.5%	; --%	;96	;Aumentar por84.6%	; --%	;330	;Aumentar por103.7%	; --%	;548	;Aumentar por162.2%	; --%	;1014	;Disminuir por22.8%	; --%	;4130	;Aumentar por36.9%	; --%	;46	;Disminuir por6.1%	; --%	;145	;Aumentar por55.9%	; --%	;
109	;(Jueves)2026/03/19	;11	;Aumentar por10.0%	; --%	;88	;Aumentar por46.7%	; --%	;89	;Disminuir por31.0%	; --%	;186	;Aumentar por5.7%	; --%	;885	;Disminuir por21.7%	; --%	;3603	;Aumentar por43.0%	; --%	;20	;Disminuir por55.6%	; --%	;63	;Disminuir por38.8%	; --%	;
110	;(Viernes)2026/03/20	;12	;Disminuir por50.0%	; --%	;94	;Aumentar por30.6%	; --%	;162	;Aumentar por24.6%	; --%	;392	;Aumentar por113.0%	; --%	;1099	;Disminuir por3.8%	; --%	;4479	;Aumentar por71.5%	; --%	;61	;Sin cambios	; --%	;165	;Aumentar por55.7%	; --%	;
111	;(Sábado)2026/03/21	;9	;Sin cambios	; --%	;75	;Aumentar por167.9%	; --%	;105	;Aumentar por25.0%	; --%	;235	;Aumentar por20.5%	; --%	;1190	;Aumentar por48.6%	; --%	;4659	;Aumentar por35.7%	; --%	;32	;Disminuir por3.0%	; --%	;74	;Disminuir por38.8%	; --%	;
112	;(Domingo)2026/03/22	;5	;Disminuir por16.7%	; --%	;60	;Aumentar por122.2%	; --%	;67	;Disminuir por33.0%	; --%	;171	;Disminuir por14.9%	; --%	;970	;Aumentar por30.7%	; --%	;4075	;Aumentar por35.9%	; --%	;10	;Disminuir por80.4%	; --%	;22	;Disminuir por84.6%	; --%	;
113	;(Lunes)2026/03/23	;17	;Disminuir por48.5%	; --%	;85	;Sin cambios	; --%	;261	;Aumentar por163.6%	; --%	;495	;Aumentar por309.1%	; --%	;1145	;Disminuir por4.9%	; --%	;4231	;Aumentar por50.6%	; --%	;73	;Aumentar por69.8%	; --%	;185	;Aumentar por160.6%	; --%	;
114	;(Martes)2026/03/24	;13	;Aumentar por62.5%	; --%	;90	;Aumentar por73.1%	; --%	;214	;Aumentar por269.0%	; --%	;417	;Aumentar por408.5%	; --%	;1128	;Aumentar por0.8%	; --%	;4238	;Aumentar por70.9%	; --%	;66	;Aumentar por312.5%	; --%	;195	;Aumentar por875.0%	; --%	;
115	;(Miércoles)2026/03/25	;4	;Sin cambios	; --%	;61	;Aumentar por15.1%	; --%	;74	;Disminuir por51.3%	; --%	;194	;Aumentar por27.6%	; --%	;562	;Disminuir por54.0%	; --%	;2171	;Disminuir por28.6%	; --%	;11	;Disminuir por69.4%	; --%	;43	;Disminuir por47.6%	; --%	;
116	;(Jueves)2026/03/26	;8	;Aumentar por14.3%	; --%	;75	;Aumentar por47.1%	; --%	;242	;Aumentar por60.3%	; --%	;444	;Aumentar por146.7%	; --%	;1052	;Aumentar por4.6%	; --%	;4327	;Aumentar por80.7%	; --%	;58	;Aumentar por9.4%	; --%	;195	;Aumentar por61.2%	; --%	;
117	;(Viernes)2026/03/27	;15	;Aumentar por400.0%	; --%	;80	;Aumentar por77.8%	; --%	;239	;Aumentar por86.7%	; --%	;422	;Aumentar por133.1%	; --%	;1156	;Aumentar por11.3%	; --%	;3507	;Aumentar por41.2%	; --%	;64	;Aumentar por10.3%	; --%	;158	;Aumentar por31.7%	; --%	;
118	;(Sábado)2026/03/28	;20	;Aumentar por150.0%	; --%	;43	;Disminuir por6.5%	; --%	;112	;Disminuir por26.8%	; --%	;157	;Disminuir por24.2%	; --%	;1163	;Aumentar por1.8%	; --%	;2692	;Aumentar por2.9%	; --%	;46	;Disminuir por17.9%	; --%	;82	;Disminuir por21.9%	; --%	;
119	;(Domingo)2026/03/29	;4	;Disminuir por50.0%	; --%	;44	;Disminuir por8.3%	; --%	;84	;Disminuir por22.9%	; --%	;78	;Disminuir por38.1%	; --%	;1141	;Disminuir por14.1%	; --%	;2359	;Disminuir por19.0%	; --%	;23	;Disminuir por48.9%	; --%	;33	;Disminuir por67.0%	; --%	;
120	;(Lunes)2026/03/30	;11	;Aumentar por450.0%	; --%	;58	;Aumentar por18.4%	; --%	;195	;Aumentar por101.0%	; --%	;276	;Aumentar por115.6%	; --%	;1236	;Disminuir por1.6%	; --%	;2701	;Disminuir por8.4%	; --%	;49	;Aumentar por81.5%	; --%	;95	;Aumentar por97.9%	; --%	;
121	;(Martes)2026/03/31	;7	;Disminuir por36.4%	; --%	;50	;Disminuir por3.8%	; --%	;221	;Aumentar por225.0%	; --%	;260	;Aumentar por276.8%	; --%	;1204	;Aumentar por9.1%	; --%	;2585	;Aumentar por7.1%	; --%	;43	;Aumentar por48.3%	; --%	;122	;Aumentar por281.3%	; --%	;
122	;(Miércoles)2026/04/01	;12	;Disminuir por52.0%	; --%	;60	;Sin cambios	; --%	;190	;Aumentar por14.5%	; --%	;248	;Aumentar por19.2%	; --%	;1228	;Disminuir por3.4%	; --%	;2849	;Aumentar por1.5%	; --%	;63	;Disminuir por6.0%	; --%	;120	;Aumentar por6.2%	; --%	;
123	;(Jueves)2026/04/02	;6	;Disminuir por33.3%	; --%	;38	;Disminuir por17.4%	; --%	;181	;Aumentar por7.1%	; --%	;237	;Aumentar por21.5%	; --%	;1119	;Disminuir por5.3%	; --%	;2555	;Aumentar por3.0%	; --%	;70	;Aumentar por29.6%	; --%	;131	;Aumentar por22.4%	; --%	;
124	;(Viernes)2026/04/03	;25	;Aumentar por400.0%	; --%	;53	;Aumentar por3.9%	; --%	;76	;Disminuir por40.2%	; --%	;115	;Disminuir por29.0%	; --%	;1249	;Aumentar por5.9%	; --%	;2471	;Aumentar por3.1%	; --%	;27	;Disminuir por62.0%	; --%	;41	;Disminuir por60.2%	; --%	;
125	;(Sábado)2026/04/04	;6	;Disminuir por53.8%	; --%	;44	;Disminuir por25.4%	; --%	;104	;Disminuir por27.8%	; --%	;122	;Disminuir por33.0%	; --%	;1357	;Aumentar por19.3%	; --%	;2830	;Aumentar por14.5%	; --%	;44	;Disminuir por2.2%	; --%	;55	;Disminuir por35.3%	; --%	;
126	;(Domingo)2026/04/05	;7	;Disminuir por12.5%	; --%	;43	;Disminuir por18.9%	; --%	;67	;Disminuir por52.5%	; --%	;76	;Disminuir por62.9%	; --%	;1132	;Disminuir por5.4%	; --%	;2327	;Disminuir por6.8%	; --%	;21	;Disminuir por68.7%	; --%	;25	;Disminuir por80.2%	; --%	;
127	;(Lunes)2026/04/06	;4	;Aumentar por33.3%	; --%	;34	;Disminuir por35.8%	; --%	;89	;Aumentar por9.9%	; --%	;122	;Aumentar por27.1%	; --%	;1251	;Aumentar por7.5%	; --%	;2475	;Disminuir por8.4%	; --%	;28	;Disminuir por30.0%	; --%	;30	;Disminuir por59.5%	; --%	;
128	;(Martes)2026/04/07	;7	;Aumentar por75.0%	; --%	;46	;Aumentar por9.5%	; --%	;142	;Aumentar por136.7%	; --%	;198	;Aumentar por187.0%	; --%	;936	;Disminuir por2.1%	; --%	;2111	;Sin cambios	; --%	;31	;Aumentar por82.4%	; --%	;64	;Aumentar por220.0%	; --%	;
129	;(Miércoles)2026/04/08	;13	;Aumentar por62.5%	; --%	;48	;Disminuir por5.9%	; --%	;161	;Aumentar por10.3%	; --%	;190	;Aumentar por8.0%	; --%	;988	;Disminuir por20.6%	; --%	;2093	;Disminuir por24.8%	; --%	;43	;Disminuir por4.4%	; --%	;78	;Disminuir por21.2%	; --%	;
130	;(Jueves)2026/04/09	;4	;Disminuir por75.0%	; --%	;47	;Disminuir por25.4%	; --%	;173	;Aumentar por40.7%	; --%	;241	;Aumentar por62.8%	; --%	;952	;Disminuir por6.2%	; --%	;2131	;Disminuir por1.3%	; --%	;44	;Disminuir por37.1%	; --%	;101	;Disminuir por24.1%	; --%	;
131	;(Viernes)2026/04/10	;11	;Disminuir por35.3%	; --%	;47	;Disminuir por21.7%	; --%	;163	;Aumentar por37.0%	; --%	;246	;Aumentar por44.7%	; --%	;1055	;Disminuir por27.6%	; --%	;2238	;Disminuir por13.3%	; --%	;68	;Sin cambios	; --%	;93	;Disminuir por22.5%	; --%	;
132	;(Sábado)2026/04/11	;7	;Disminuir por56.3%	; --%	;47	;Disminuir por20.3%	; --%	;97	;Disminuir por34.9%	; --%	;98	;Disminuir por45.9%	; --%	;1176	;Aumentar por19.3%	; --%	;2321	;Aumentar por5.0%	; --%	;31	;Disminuir por40.4%	; --%	;34	;Disminuir por67.6%	; --%	;
133	;(Domingo)2026/04/12	;5	;Disminuir por28.6%	; --%	;34	;Disminuir por35.8%	; --%	;73	;Disminuir por52.3%	; --%	;91	;Disminuir por57.7%	; --%	;1044	;Disminuir por3.5%	; --%	;2168	;Disminuir por5.3%	; --%	;22	;Disminuir por67.6%	; --%	;27	;Disminuir por78.0%	; --%	;
134	;(Lunes)2026/04/13	;12	;Disminuir por63.6%	; --%	;85	;Aumentar por26.9%	; --%	;145	;Aumentar por54.3%	; --%	;331	;Aumentar por138.1%	; --%	;960	;Disminuir por7.2%	; --%	;3934	;Aumentar por73.4%	; --%	;35	;Disminuir por32.7%	; --%	;90	;Aumentar por20.0%	; --%	;
135	;(Martes)2026/04/14	;12	;Aumentar por71.4%	; --%	;82	;Aumentar por60.8%	; --%	;196	;Aumentar por216.1%	; --%	;361	;Aumentar por280.0%	; --%	;1041	;Disminuir por1.4%	; --%	;4211	;Aumentar por92.6%	; --%	;42	;Aumentar por110.0%	; --%	;152	;Aumentar por590.9%	; --%	;
136	;(Miércoles)2026/04/15	;5	;Disminuir por37.5%	; --%	;69	;Aumentar por19.0%	; --%	;150	;Disminuir por5.1%	; --%	;236	;Aumentar por32.6%	; --%	;962	;Disminuir por24.2%	; --%	;3000	;Aumentar por11.2%	; --%	;54	;Aumentar por45.9%	; --%	;121	;Aumentar por59.2%	; --%	;
137	;(Jueves)2026/04/16	;13	;Aumentar por44.4%	; --%	;75	;Aumentar por33.9%	; --%	;180	;Aumentar por37.4%	; --%	;252	;Aumentar por45.7%	; --%	;1004	;Aumentar por3.6%	; --%	;2954	;Aumentar por44.2%	; --%	;46	;Disminuir por38.7%	; --%	;123	;Aumentar por2.5%	; --%	;
138	;(Viernes)2026/04/17	;8	;Disminuir por38.5%	; --%	;75	;Aumentar por66.7%	; --%	;166	;Aumentar por84.4%	; --%	;265	;Aumentar por93.4%	; --%	;1136	;Aumentar por20.5%	; --%	;3108	;Aumentar por54.9%	; --%	;61	;Aumentar por3.4%	; --%	;138	;Aumentar por39.4%	; --%	;
139	;(Sábado)2026/04/18	;16	;Aumentar por433.3%	; --%	;66	;Aumentar por43.5%	; --%	;93	;Disminuir por27.9%	; --%	;124	;Disminuir por25.7%	; --%	;1239	;Aumentar por33.4%	; --%	;2804	;Aumentar por40.1%	; --%	;34	;Disminuir por52.1%	; --%	;66	;Disminuir por43.6%	; --%	;
140	;(Domingo)2026/04/19	;7	;Disminuir por22.2%	; --%	;60	;Aumentar por25.0%	; --%	;91	;Disminuir por47.4%	; --%	;121	;Disminuir por52.9%	; --%	;1194	;Aumentar por3.1%	; --%	;2634	;Aumentar por6.3%	; --%	;49	;Disminuir por31.0%	; --%	;76	;Disminuir por36.7%	; --%	;
141	;(Lunes)2026/04/20	;16	;Disminuir por63.6%	; --%	;69	;Disminuir por31.7%	; --%	;171	;Aumentar por101.2%	; --%	;222	;Aumentar por72.1%	; --%	;1051	;Aumentar por3.9%	; --%	;2703	;Aumentar por18.2%	; --%	;49	;Aumentar por58.1%	; --%	;100	;Aumentar por117.4%	; --%	;
142	;(Martes)2026/04/21	;9	;Sin cambios	; --%	;64	;Aumentar por326.7%	; --%	;160	;Aumentar por700.0%	; --%	;200	;Aumentar por669.2%	; --%	;1032	;Aumentar por369.1%	; --%	;2430	;Aumentar por563.9%	; --%	;50	;Aumentar por92.3%	; --%	;119	;Aumentar por260.6%	; --%	;
143	;(Miércoles)2026/04/22	;8	;Disminuir por20.0%	; --%	;90	;Aumentar por57.9%	; --%	;158	;Aumentar por27.4%	; --%	;234	;Aumentar por62.5%	; --%	;1107	;Aumentar por7.2%	; --%	;2528	;Aumentar por9.4%	; --%	;57	;Sin cambios	; --%	;115	;Aumentar por25.0%	; --%	;
144	;(Jueves)2026/04/23	;15	;Aumentar por50.0%	; --%	;79	;Aumentar por33.9%	; --%	;186	;Aumentar por47.6%	; --%	;234	;Aumentar por73.3%	; --%	;1161	;Aumentar por41.2%	; --%	;2836	;Aumentar por70.7%	; --%	;61	;Disminuir por7.6%	; --%	;134	;Aumentar por18.6%	; --%	;
145	;(Viernes)2026/04/24	;15	;Aumentar por36.4%	; --%	;91	;Aumentar por46.8%	; --%	;1433	;Aumentar por993.9%	; --%	;1501	;Aumentar por1063.6%	; --%	;1785	;Aumentar por146.2%	; --%	;3404	;Aumentar por223.0%	; --%	;80	;Aumentar por25.0%	; --%	;192	;Aumentar por152.6%	; --%	;
146	;(Sábado)2026/04/25	;75	;Aumentar por141.9%	;Aumentar por7400.0%	;149	;Aumentar por109.9%	;Aumentar por396.7%	;3926	;Aumentar por3040.8%	;Aumentar por2765.7%	;3943	;Aumentar por2443.9%	;Aumentar por2031.4%	;2535	;Aumentar por178.9%	;Aumentar por253.6%	;3828	;Aumentar por129.6%	;Aumentar por140.9%	;821	;Aumentar por1224.2%	;Aumentar por1646.8%	;842	;Aumentar por742.0%	;Aumentar por890.6%	;
147	;(Domingo)2026/04/26	;178	;Aumentar por1877.8%	;Aumentar por4350.0%	;206	;Aumentar por288.7%	;Aumentar por456.8%	;10504	;Aumentar por8170.9%	;Aumentar por11836.4%	;10538	;Aumentar por5787.2%	;Aumentar por9143.9%	;1162	;Aumentar por45.3%	;Aumentar por23.7%	;2378	;Aumentar por37.5%	;Aumentar por27.0%	;199	;Aumentar por206.2%	;Aumentar por452.8%	;215	;Aumentar por83.8%	;Aumentar por270.7%	;
148	;(Lunes)2026/04/27	;14	;Aumentar por40.0%	;Aumentar por55.6%	;80	;Aumentar por60.0%	;Aumentar por90.5%	;210	;Aumentar por165.8%	;Aumentar por303.8%	;246	;Aumentar por106.7%	;Aumentar por251.4%	;1141	;Aumentar por24.8%	;Aumentar por29.4%	;2441	;Aumentar por31.4%	;Aumentar por44.4%	;60	;Aumentar por42.9%	;Aumentar por200.0%	;118	;Aumentar por118.5%	;Aumentar por372.0%	;
149	;(Martes)2026/04/28	;7	;Aumentar por40.0%	;Aumentar por133.3%	;71	;Aumentar por31.5%	;Aumentar por294.4%	;174	;Aumentar por152.2%	;Aumentar por180.6%	;232	;Aumentar por125.2%	;Aumentar por236.2%	;1030	;Aumentar por25.6%	;Aumentar por192.6%	;2389	;Aumentar por42.5%	;Aumentar por181.4%	;49	;Aumentar por133.3%	;Aumentar por145.0%	;118	;Aumentar por353.8%	;Aumentar por218.9%	;
150	;(Miércoles)2026/04/29	;12	;Aumentar por9.1%	;Aumentar por300.0%	;89	;Aumentar por45.9%	;Aumentar por196.7%	;180	;Aumentar por9.8%	;Aumentar por205.1%	;219	;Aumentar por17.7%	;Aumentar por125.8%	;1077	;Disminuir por9.0%	;Aumentar por97.6%	;2383	;Disminuir por7.4%	;Aumentar por76.8%	;58	;Disminuir por6.5%	;Aumentar por866.7%	;123	;Aumentar por43.0%	;Aumentar por373.1%	;
151	;(Jueves)2026/04/30	;12	;Aumentar por100.0%	;Aumentar por200.0%	;71	;Aumentar por39.2%	;Aumentar por47.9%	;410	;Aumentar por225.4%	;Aumentar por180.8%	;451	;Aumentar por126.6%	;Aumentar por97.8%	;1363	;Aumentar por40.4%	;Aumentar por28.0%	;2698	;Aumentar por24.2%	;Aumentar por8.5%	;65	;Aumentar por44.4%	;Aumentar por30.0%	;141	;Aumentar por60.2%	;Aumentar por53.3%	;
152	;(Viernes)2026/05/01	;12	;Aumentar por33.3%	;Disminuir por7.7%	;58	;Aumentar por5.5%	;Aumentar por41.5%	;87	;Disminuir por20.9%	;Aumentar por33.8%	;115	;Disminuir por25.8%	;Aumentar por27.8%	;1361	;Aumentar por37.9%	;Aumentar por12.5%	;2358	;Aumentar por6.6%	;Aumentar por1.7%	;22	;Disminuir por58.5%	;Aumentar por10.0%	;47	;Disminuir por58.8%	;Aumentar por67.9%	;
153	;(Sábado)2026/05/02	;12	;Aumentar por300.0%	;Disminuir por25.0%	;68	;Aumentar por47.8%	;Aumentar por28.3%	;110	;Disminuir por14.7%	;Disminuir por37.1%	;131	;Disminuir por22.9%	;Disminuir por41.0%	;1523	;Aumentar por54.6%	;Aumentar por12.2%	;2681	;Aumentar por18.2%	;Aumentar por4.9%	;21	;Disminuir por63.2%	;Disminuir por79.6%	;50	;Disminuir por44.4%	;Disminuir por71.8%	;
154	;(Domingo)2026/05/03	;12	;Aumentar por20.0%	;Aumentar por100.0%	;60	;Disminuir por7.7%	;Aumentar por76.5%	;86	;Disminuir por34.4%	;Aumentar por4.9%	;81	;Disminuir por57.4%	;Disminuir por12.0%	;1399	;Aumentar por12.3%	;Aumentar por45.6%	;2548	;Disminuir por0.4%	;Aumentar por22.4%	;21	;Disminuir por68.2%	;Disminuir por47.5%	;39	;Disminuir por67.2%	;Disminuir por38.1%	;
155	;(Lunes)2026/05/04	;24	;Aumentar por14.3%	;Disminuir por67.1%	;46	;Disminuir por31.3%	;Disminuir por55.8%	;280	;Aumentar por288.9%	;Aumentar por374.6%	;293	;Aumentar por190.1%	;Aumentar por211.7%	;1789	;Aumentar por127.0%	;Aumentar por64.7%	;2657	;Aumentar por59.8%	;Aumentar por7.1%	;61	;Aumentar por64.9%	;Aumentar por177.3%	;93	;Aumentar por66.1%	;Aumentar por151.4%	;
156	;(Martes)2026/05/05	;29	;Aumentar por2800.0%	;Aumentar por222.2%	;35	;Disminuir por5.4%	;Disminuir por28.6%	;337	;Aumentar por836.1%	;Aumentar por144.2%	;259	;Aumentar por324.6%	;Aumentar por39.2%	;1885	;Aumentar por172.0%	;Aumentar por98.8%	;2394	;Aumentar por63.9%	;Aumentar por2.2%	;87	;Aumentar por521.4%	;Aumentar por55.4%	;110	;Aumentar por633.3%	;Aumentar por37.5%	;
157	;(Miércoles)2026/05/06	;45	;Aumentar por309.1%	;Aumentar por400.0%	;55	;Disminuir por14.1%	;Aumentar por17.0%	;265	;Aumentar por103.8%	;Aumentar por92.0%	;224	;Aumentar por10.3%	;Aumentar por25.8%	;1876	;Aumentar por57.5%	;Aumentar por121.2%	;2268	;Disminuir por11.3%	;Aumentar por10.9%	;74	;Aumentar por25.4%	;Aumentar por10.4%	;99	;Aumentar por8.8%	;Disminuir por16.1%	;
158	;(Jueves)2026/05/07	;34	;Aumentar por161.5%	;Aumentar por112.5%	;38	;Disminuir por33.3%	;Disminuir por20.8%	;313	;Aumentar por142.6%	;Aumentar por125.2%	;252	;Aumentar por38.5%	;Aumentar por22.9%	;1928	;Aumentar por87.2%	;Aumentar por126.0%	;2384	;Aumentar por4.3%	;Aumentar por17.7%	;93	;Aumentar por86.0%	;Aumentar por86.0%	;98	;Aumentar por7.7%	;Aumentar por8.9%	;
159	;(Viernes)2026/05/08	;35	;Aumentar por250.0%	;Aumentar por288.9%	;39	;Disminuir por39.1%	;Disminuir por17.0%	;347	;Aumentar por175.4%	;Aumentar por131.3%	;268	;Aumentar por45.7%	;Aumentar por43.3%	;2099	;Aumentar por104.4%	;Aumentar por148.4%	;2466	;Aumentar por8.1%	;Aumentar por19.4%	;98	;Aumentar por55.6%	;Aumentar por63.3%	;126	;Aumentar por40.0%	;Aumentar por7.7%	;
160	;(Sábado)2026/05/09	;24	;Aumentar por33.3%	;Aumentar por700.0%	;25	;Disminuir por60.3%	;Disminuir por19.4%	;178	;Aumentar por23.6%	;Aumentar por60.4%	;129	;Disminuir por37.1%	;Disminuir por11.6%	;2338	;Aumentar por142.8%	;Aumentar por250.0%	;2675	;Aumentar por22.6%	;Aumentar por84.0%	;35	;Disminuir por42.6%	;Aumentar por25.0%	;34	;Disminuir por66.3%	;Disminuir por60.0%	;
161	;(Domingo)2026/05/10	;25	;Aumentar por108.3%	;Aumentar por150.0%	;22	;Disminuir por60.0%	;Disminuir por45.0%	;97	;Disminuir por30.2%	;Aumentar por76.4%	;79	;Disminuir por58.9%	;Disminuir por6.0%	;2006	;Aumentar por75.3%	;Aumentar por98.8%	;2457	;Aumentar por0.1%	;Aumentar por12.9%	;23	;Disminuir por54.9%	;Disminuir por51.1%	;24	;Disminuir por78.4%	;Disminuir por63.6%	;
162	;(Lunes)2026/05/11	;26	;Disminuir por3.7%	;Aumentar por550.0%	;41	;Disminuir por61.0%	;Aumentar por46.4%	;366	;Aumentar por281.3%	;Aumentar por815.0%	;304	;Aumentar por149.2%	;Aumentar por433.3%	;2085	;Aumentar por68.7%	;Aumentar por154.3%	;2456	;Disminuir por4.8%	;Aumentar por40.0%	;140	;Aumentar por337.5%	;Aumentar por636.8%	;150	;Aumentar por233.3%	;Aumentar por476.9%	;
163	;(Martes)2026/05/12	;34	;Aumentar por277.8%	;Aumentar por325.0%	;51	;Disminuir por5.6%	;Disminuir por5.6%	;303	;Aumentar por373.4%	;Aumentar por142.4%	;206	;Aumentar por110.2%	;Aumentar por15.7%	;1640	;Aumentar por53.6%	;Aumentar por80.6%	;1937	;Disminuir por12.7%	;Disminuir por11.4%	;127	;Aumentar por477.3%	;Aumentar por234.2%	;148	;Aumentar por640.0%	;Aumentar por117.6%	;
164	;(Miércoles)2026/05/13	;33	;Aumentar por450.0%	;Aumentar por450.0%	;37	;Disminuir por27.5%	;Disminuir por27.5%	;253	;Aumentar por212.3%	;Aumentar por153.0%	;206	;Aumentar por62.2%	;Aumentar por21.9%	;1572	;Aumentar por97.7%	;Aumentar por101.0%	;2027	;Aumentar por8.0%	;Aumentar por8.5%	;111	;Aumentar por1010.0%	;Aumentar por158.1%	;134	;Aumentar por482.6%	;Aumentar por54.0%	;
165	;(Jueves)2026/05/14	;53	;Aumentar por278.6%	;Aumentar por657.1%	;64	;Aumentar por20.8%	;Aumentar por39.1%	;389	;Aumentar por226.9%	;Aumentar por256.9%	;272	;Aumentar por47.8%	;Aumentar por80.1%	;2194	;Aumentar por135.9%	;Aumentar por178.8%	;2669	;Aumentar por29.1%	;Aumentar por35.6%	;145	;Aumentar por291.9%	;Aumentar por208.5%	;167	;Aumentar por125.7%	;Aumentar por79.6%	;
166	;(Viernes)2026/05/15	;52	;Aumentar por300.0%	;Aumentar por642.9%	;60	;Disminuir por25.0%	;Aumentar por17.6%	;436	;Aumentar por363.8%	;Aumentar por246.0%	;339	;Aumentar por127.5%	;Aumentar por63.0%	;2550	;Aumentar por170.1%	;Aumentar por202.5%	;2941	;Aumentar por45.6%	;Aumentar por39.7%	;112	;Aumentar por100.0%	;Aumentar por154.5%	;139	;Aumentar por65.5%	;Aumentar por56.2%	;
167	;(Sábado)2026/05/16	;31	;Aumentar por416.7%	;Aumentar por342.9%	;39	;Disminuir por20.4%	;Disminuir por31.6%	;206	;Aumentar por66.1%	;Aumentar por57.3%	;154	;Disminuir por18.5%	;Disminuir por2.5%	;2539	;Aumentar por171.6%	;Aumentar por205.2%	;2801	;Aumentar por38.2%	;Aumentar por58.6%	;48	;Aumentar por17.1%	;Disminuir por36.8%	;52	;Disminuir por29.7%	;Disminuir por67.3%	;
168	;(Domingo)2026/05/17	;33	;Aumentar por230.0%	;Aumentar por153.8%	;41	;Disminuir por25.5%	;Disminuir por12.8%	;129	;Disminuir por29.5%	;Aumentar por98.5%	;99	;Disminuir por55.8%	;Aumentar por6.5%	;2206	;Aumentar por106.7%	;Aumentar por162.3%	;2685	;Aumentar por20.6%	;Aumentar por53.9%	;13	;Disminuir por77.6%	;Disminuir por65.8%	;19	;Disminuir por80.4%	;Disminuir por62.7%	;
169	;(Lunes)2026/05/18	;59	;Disminuir por66.7%	;Aumentar por742.9%	;80	;Disminuir por66.1%	;Aumentar por128.6%	;371	;Aumentar por48.4%	;Aumentar por689.4%	;288	;Aumentar por24.7%	;Aumentar por305.6%	;2096	;Aumentar por45.4%	;Aumentar por117.2%	;2521	;Aumentar por1.4%	;Aumentar por22.6%	;158	;Disminuir por22.2%	;Aumentar por953.3%	;171	;Disminuir por27.8%	;Aumentar por489.7%	;
170	;(Martes)2026/05/19	;33	;Aumentar por153.8%	;Aumentar por450.0%	;36	;Disminuir por36.8%	;Disminuir por30.8%	;369	;Aumentar por738.6%	;Aumentar por169.3%	;267	;Aumentar por323.8%	;Aumentar por50.8%	;1919	;Aumentar por86.1%	;Aumentar por109.7%	;2338	;Aumentar por9.9%	;Aumentar por6.3%	;161	;Aumentar por973.3%	;Aumentar por250.0%	;206	;Aumentar por663.0%	;Aumentar por182.2%	;
171	;(Miércoles)2026/05/20	;41	;Aumentar por412.5%	;Aumentar por215.4%	;47	;Disminuir por21.7%	;Disminuir por16.1%	;305	;Aumentar por87.1%	;Aumentar por47.3%	;233	;Aumentar por2.2%	;Disminuir por9.7%	;1883	;Aumentar por99.5%	;Aumentar por116.9%	;2318	;Aumentar por7.5%	;Aumentar por17.7%	;156	;Aumentar por358.8%	;Aumentar por178.6%	;179	;Aumentar por175.4%	;Aumentar por65.7%	;
172	;(Jueves)2026/05/21	;44	;Aumentar por780.0%	;Aumentar por388.9%	;56	;Aumentar por16.7%	;Aumentar por3.7%	;309	;Aumentar por139.5%	;Aumentar por147.2%	;224	;Aumentar por8.7%	;Aumentar por23.8%	;1975	;Aumentar por142.9%	;Aumentar por128.1%	;2324	;Aumentar por20.0%	;Aumentar por12.7%	;147	;Aumentar por390.0%	;Aumentar por188.2%	;170	;Aumentar por174.2%	;Aumentar por34.9%	;
173	;(Viernes)2026/05/22	;61	;Aumentar por662.5%	;Aumentar por916.7%	;69	;Aumentar por30.2%	;Aumentar por53.3%	;337	;Aumentar por296.5%	;Aumentar por123.2%	;251	;Aumentar por70.7%	;Aumentar por9.1%	;2358	;Aumentar por240.3%	;Aumentar por182.7%	;2653	;Aumentar por54.1%	;Aumentar por30.5%	;166	;Aumentar por304.9%	;Aumentar por232.0%	;234	;Aumentar por196.2%	;Aumentar por154.3%	;
174	;(Sábado)2026/05/23	;37	;Aumentar por311.1%	;Aumentar por270.0%	;43	;Aumentar por19.4%	;Aumentar por26.5%	;152	;Aumentar por114.1%	;Aumentar por2.7%	;113	;Aumentar por8.7%	;Disminuir por44.9%	;2489	;Aumentar por206.2%	;Aumentar por135.0%	;2599	;Aumentar por54.9%	;Aumentar por9.6%	;31	;Aumentar por24.0%	;Disminuir por44.6%	;31	;Disminuir por6.1%	;Disminuir por73.0%	;
175	;(Domingo)2026/05/24	;44	;Aumentar por266.7%	;Aumentar por388.9%	;45	;Disminuir por22.4%	;Aumentar por12.5%	;125	;Disminuir por8.8%	;Aumentar por115.5%	;104	;Disminuir por44.7%	;Aumentar por35.1%	;2433	;Aumentar por121.8%	;Aumentar por211.1%	;3024	;Aumentar por21.9%	;Aumentar por91.8%	;17	;Disminuir por77.3%	;Disminuir por46.9%	;20	;Disminuir por82.5%	;Disminuir por55.6%	;
176	;(Lunes)2026/05/25	;42	;Aumentar por147.1%	;Aumentar por500.0%	;46	;Disminuir por6.1%	;Aumentar por2.2%	;426	;Aumentar por587.1%	;Aumentar por491.7%	;337	;Aumentar por243.9%	;Aumentar por343.4%	;2279	;Aumentar por108.9%	;Aumentar por134.0%	;2796	;Aumentar por22.1%	;Aumentar por30.2%	;146	;Aumentar por284.2%	;Aumentar por812.5%	;165	;Aumentar por150.0%	;Aumentar por489.3%	;
177	;(Martes)2026/05/26	;43	;Aumentar por104.8%	;Aumentar por514.3%	;50	;Aumentar por6.4%	;Disminuir por7.4%	;292	;Aumentar por403.4%	;Aumentar por90.8%	;222	;Aumentar por181.0%	;Aumentar por23.3%	;2127	;Aumentar por127.7%	;Aumentar por117.9%	;2481	;Aumentar por40.4%	;Aumentar por4.8%	;165	;Aumentar por725.0%	;Aumentar por334.2%	;197	;Aumentar por1690.9%	;Aumentar por140.2%	;
178	;(Miércoles)2026/05/27	;39	;Aumentar por550.0%	;Aumentar por457.1%	;39	;Disminuir por13.3%	;Disminuir por31.6%	;289	;Aumentar por115.7%	;Aumentar por105.0%	;231	;Aumentar por35.1%	;Aumentar por27.6%	;2097	;Aumentar por141.6%	;Aumentar por136.7%	;2563	;Aumentar por21.7%	;Aumentar por16.1%	;155	;Aumentar por342.9%	;Aumentar por167.2%	;187	;Aumentar por156.2%	;Aumentar por64.0%	;
179	;(Jueves)2026/05/28	;72	;Aumentar por700.0%	;Aumentar por554.5%	;80	;Aumentar por35.6%	;Aumentar por53.8%	;359	;Aumentar por220.5%	;Aumentar por149.3%	;256	;Aumentar por65.2%	;Aumentar por16.9%	;2258	;Aumentar por185.8%	;Aumentar por139.2%	;2713	;Aumentar por39.4%	;Aumentar por18.4%	;197	;Aumentar por515.6%	;Aumentar por405.1%	;209	;Aumentar por309.8%	;Aumentar por211.9%	;
180	;(Viernes)2026/05/29	;17	;Disminuir por10.5%	;Disminuir por26.1%	;24	;Disminuir por73.0%	;Disminuir por65.7%	;392	;Aumentar por211.1%	;Aumentar por116.6%	;318	;Aumentar por72.8%	;Aumentar por35.9%	;2532	;Aumentar por220.1%	;Aumentar por126.9%	;2841	;Aumentar por47.7%	;Aumentar por17.0%	;145	;Aumentar por302.8%	;Aumentar por178.8%	;160	;Aumentar por150.0%	;Aumentar por79.8%	;
181	;(Sábado)2026/05/30	;3	;Disminuir por40.0%	;Disminuir por70.0%	;4	;Disminuir por83.3%	;Disminuir por90.0%	;118	;Aumentar por31.1%	;Disminuir por26.3%	;121	;Disminuir por48.9%	;Disminuir por36.3%	;2059	;Aumentar por265.1%	;Aumentar por150.2%	;2635	;Aumentar por11.8%	;Aumentar por36.6%	;45	;Aumentar por55.2%	;Disminuir por29.7%	;44	;Disminuir por51.1%	;Disminuir por70.5%	;
182	;(Domingo)2026/05/31	;11	;Aumentar por175.0%	;Aumentar por120.0%	;14	;Disminuir por50.0%	;Disminuir por60.0%	;141	;Aumentar por11.0%	;Aumentar por74.1%	;132	;Disminuir por47.0%	;Aumentar por106.3%	;2413	;Aumentar por328.6%	;Aumentar por124.7%	;2988	;Aumentar por68.1%	;Aumentar por148.2%	;26	;Disminuir por16.1%	;Disminuir por48.0%	;32	;Disminuir por69.2%	;Disminuir por57.3%	;
183	;(Lunes)2026/06/01	;29	;Aumentar por866.7%	;Aumentar por314.3%	;36	;Aumentar por157.1%	;Disminuir por18.2%	;442	;Aumentar por662.1%	;Aumentar por689.3%	;337	;Aumentar por535.8%	;Aumentar por321.3%	;2409	;Aumentar por434.1%	;Aumentar por110.6%	;2946	;Aumentar por361.0%	;Aumentar por34.6%	;135	;Aumentar por513.6%	;Aumentar por542.9%	;150	;Aumentar por341.2%	;Aumentar por294.7%	;
184	;(Martes)2026/06/02	;30	;Aumentar por650.0%	;Aumentar por200.0%	;43	;Aumentar por230.8%	;Disminuir por24.6%	;387	;Aumentar por567.2%	;Aumentar por151.3%	;284	;Aumentar por305.7%	;Aumentar por30.9%	;2179	;Aumentar por300.6%	;Aumentar por113.4%	;2642	;Aumentar por116.0%	;Aumentar por9.0%	;170	;Aumentar por639.1%	;Aumentar por325.0%	;206	;Aumentar por472.2%	;Aumentar por145.2%	;
185	;(Miércoles)2026/06/03	;802	;Aumentar por6583.3%	;Aumentar por9925.0%	;816	;Aumentar por1500.0%	;Aumentar por1117.9%	;3246	;Aumentar por2078.5%	;Aumentar por2340.6%	;3152	;Aumentar por1366.0%	;Aumentar por1680.8%	;3887	;Aumentar por351.5%	;Aumentar por267.4%	;4316	;Aumentar por109.7%	;Aumentar por94.2%	;877	;Aumentar por2039.0%	;Aumentar por1494.5%	;889	;Aumentar por1381.7%	;Aumentar por845.7%	;
186	;(Jueves)2026/06/04	;36	;Aumentar por200.0%	;Aumentar por260.0%	;48	;Disminuir por20.0%	;Disminuir por12.7%	;636	;Aumentar por412.9%	;Aumentar por364.2%	;552	;Aumentar por210.1%	;Aumentar por213.6%	;4033	;Aumentar por413.8%	;Aumentar por315.8%	;4442	;Aumentar por134.8%	;Aumentar por103.8%	;158	;Aumentar por327.0%	;Aumentar por187.3%	;187	;Aumentar por122.6%	;Aumentar por96.8%	;
187	;(Viernes)2026/06/05	;19	;Aumentar por280.0%	;Aumentar por137.5%	;21	;Disminuir por50.0%	;Disminuir por60.4%	;335	;Aumentar por196.5%	;Aumentar por134.3%	;275	;Aumentar por56.3%	;Aumentar por44.0%	;2326	;Aumentar por189.3%	;Aumentar por117.4%	;2876	;Aumentar por53.9%	;Aumentar por27.1%	;119	;Aumentar por158.7%	;Aumentar por158.7%	;123	;Aumentar por73.2%	;Aumentar por38.2%	;
188	;(Sábado)2026/06/06	;10	;Disminuir por9.1%	;Disminuir por9.1%	;14	;Disminuir por73.1%	;Disminuir por70.8%	;150	;Aumentar por33.9%	;Disminuir por3.8%	;139	;Disminuir por21.5%	;Disminuir por36.2%	;1547	;Aumentar por83.5%	;Aumentar por70.0%	;2445	;Aumentar por29.4%	;Disminuir por2.6%	;33	;Disminuir por26.7%	;Disminuir por38.9%	;40	;Disminuir por45.9%	;Disminuir por67.2%	;
189	;(Domingo)2026/06/07	;8	;Disminuir por11.1%	;Aumentar por60.0%	;12	;Disminuir por83.6%	;Disminuir por36.8%	;116	;Disminuir por5.7%	;Aumentar por157.8%	;97	;Disminuir por52.5%	;Disminuir por11.0%	;1756	;Aumentar por83.1%	;Aumentar por176.1%	;2588	;Aumentar por19.3%	;Disminuir por14.2%	;22	;Disminuir por37.1%	;Aumentar por29.4%	;19	;Disminuir por80.0%	;Disminuir por60.4%	;
190	;(Lunes)2026/06/08	;28	;Aumentar por180.0%	;Aumentar por300.0%	;28	;Disminuir por45.1%	;Disminuir por31.7%	;360	;Aumentar por490.2%	;Aumentar por490.2%	;307	;Aumentar por283.8%	;Aumentar por252.9%	;1822	;Aumentar por124.9%	;Aumentar por60.4%	;2471	;Aumentar por59.6%	;Aumentar por18.2%	;158	;Aumentar por618.2%	;Aumentar por1115.4%	;179	;Aumentar por289.1%	;Aumentar por496.7%	;
191	;(Martes)2026/06/09	;37	;Aumentar por1133.3%	;Aumentar por516.7%	;52	;Aumentar por33.3%	;Disminuir por7.1%	;322	;Aumentar por242.6%	;Aumentar por87.2%	;247	;Aumentar por133.0%	;Aumentar por8.3%	;2162	;Aumentar por107.7%	;Aumentar por73.5%	;2646	;Aumentar por34.5%	;Disminuir por7.8%	;165	;Aumentar por189.5%	;Aumentar por511.1%	;208	;Aumentar por201.4%	;Aumentar por112.2%	;
192	;(Miércoles)2026/06/10	;38	;Aumentar por1800.0%	;Aumentar por660.0%	;40	;Aumentar por25.0%	;Disminuir por9.1%	;350	;Aumentar por293.3%	;Aumentar por212.5%	;252	;Aumentar por108.3%	;Aumentar por57.5%	;2403	;Aumentar por396.5%	;Aumentar por120.7%	;2879	;Aumentar por132.4%	;Aumentar por23.1%	;160	;Aumentar por566.7%	;Aumentar por190.9%	;184	;Aumentar por318.2%	;Aumentar por64.3%	;
193	;(Jueves)2026/06/11	;34	; --%	;Aumentar por240.0%	;40	; --%	;Disminuir por28.6%	;363	; --%	;Aumentar por200.0%	;271	; --%	;Aumentar por48.9%	;2253	;Aumentar por112550.0%	;Aumentar por96.1%	;2764	;Aumentar por92033.3%	;Aumentar por10.4%	;200	;Aumentar por19900.0%	;Aumentar por300.0%	;226	; --%	;Aumentar por126.0%	;
194	;(Viernes)2026/06/12	;49	;Aumentar por1125.0%	;Aumentar por390.0%	;58	;Aumentar por38.1%	;Aumentar por9.4%	;365	;Aumentar por217.4%	;Aumentar por145.0%	;309	;Aumentar por100.6%	;Aumentar por75.6%	;2669	;Aumentar por300.1%	;Aumentar por120.0%	;2978	;Aumentar por90.5%	;Aumentar por14.6%	;146	;Aumentar por440.7%	;Aumentar por204.2%	;183	;Aumentar por251.9%	;Aumentar por96.8%	;
195	;(Sábado)2026/06/13	;22	;Aumentar por266.7%	;Aumentar por83.3%	;30	;Disminuir por30.2%	;Disminuir por25.0%	;185	;Aumentar por94.7%	;Aumentar por10.1%	;162	;Aumentar por31.7%	;Disminuir por31.6%	;2486	;Aumentar por286.6%	;Aumentar por93.0%	;3223	;Aumentar por114.6%	;Aumentar por12.5%	;45	;Aumentar por164.7%	;Disminuir por58.3%	;45	;Disminuir por6.3%	;Disminuir por76.8%	;
196	;(Domingo)2026/06/14	;22	;Aumentar por57.1%	;Aumentar por120.0%	;31	;Disminuir por26.2%	;Disminuir por22.5%	;98	;Disminuir por3.0%	;Aumentar por53.1%	;101	;Disminuir por34.4%	;Aumentar por5.2%	;2043	;Aumentar por198.2%	;Aumentar por87.9%	;2776	;Aumentar por89.4%	;Aumentar por18.5%	;35	;Aumentar por34.6%	;Aumentar por12.9%	;32	;Disminuir por50.0%	;Disminuir por48.4%	;
197	;(Lunes)2026/06/15	;31	;Aumentar por342.9%	;Aumentar por416.7%	;36	;Disminuir por37.9%	;Sin cambios	;363	;Aumentar por404.2%	;Aumentar por706.7%	;333	;Aumentar por316.3%	;Aumentar por428.6%	;2183	;Aumentar por113.2%	;Aumentar por103.1%	;2657	;Aumentar por42.9%	;Aumentar por12.6%	;113	;Aumentar por927.3%	;Aumentar por391.3%	;126	;Aumentar por530.0%	;Aumentar por240.5%	;
198	;(Martes)2026/06/16	;41	;Aumentar por720.0%	;Aumentar por215.4%	;47	;Aumentar por11.9%	;Disminuir por37.3%	;329	;Aumentar por545.1%	;Aumentar por112.3%	;296	;Aumentar por401.7%	;Aumentar por55.8%	;2509	;Aumentar por194.8%	;Aumentar por115.7%	;2956	;Aumentar por77.0%	;Aumentar por9.6%	;104	;Aumentar por550.0%	;Aumentar por100.0%	;154	;Aumentar por670.0%	;Aumentar por69.2%	;
199	;(Miércoles)2026/06/17	;35	;Aumentar por600.0%	;Aumentar por150.0%	;42	;Disminuir por14.3%	;Disminuir por36.4%	;265	;Aumentar por150.0%	;Aumentar por92.0%	;197	;Aumentar por28.8%	;Aumentar por20.9%	;2242	;Aumentar por223.5%	;Aumentar por82.0%	;2733	;Aumentar por64.6%	;Aumentar por8.2%	;85	;Aumentar por608.3%	;Aumentar por16.4%	;99	;Aumentar por175.0%	;Disminuir por31.3%	;
200	;(Jueves)2026/06/18	;29	;Aumentar por480.0%	;Aumentar por141.7%	;39	;Disminuir por22.0%	;Disminuir por42.6%	;343	;Aumentar por294.3%	;Aumentar por122.7%	;271	;Aumentar por83.1%	;Aumentar por52.2%	;2348	;Aumentar por257.4%	;Aumentar por90.4%	;2922	;Aumentar por94.9%	;Aumentar por14.1%	;87	;Aumentar por295.5%	;Aumentar por64.2%	;118	;Aumentar por131.4%	;Aumentar por13.5%	;
201	;(Viernes)2026/06/19	;29	;Aumentar por866.7%	;Aumentar por26.1%	;37	;Disminuir por17.8%	;Disminuir por47.1%	;417	;Aumentar por259.5%	;Aumentar por135.6%	;385	;Aumentar por208.0%	;Aumentar por65.9%	;2599	;Aumentar por310.6%	;Aumentar por105.9%	;3070	;Aumentar por119.3%	;Aumentar por17.8%	;142	;Aumentar por517.4%	;Aumentar por153.6%	;179	;Aumentar por244.2%	;Aumentar por40.9%	;
202	;(Sábado)2026/06/20	;27	;Aumentar por575.0%	;Aumentar por80.0%	;27	;Disminuir por32.5%	;Disminuir por47.1%	;158	;Aumentar por19.7%	;Disminuir por21.4%	;149	;Disminuir por31.3%	;Disminuir por38.7%	;2367	;Aumentar por258.1%	;Aumentar por136.5%	;2988	;Aumentar por85.7%	;Aumentar por40.8%	;46	;Aumentar por187.5%	;Disminuir por9.8%	;60	;Aumentar por42.9%	;Disminuir por64.5%	;
203	;(Domingo)2026/06/21	;35	;Aumentar por1066.7%	;Aumentar por250.0%	;38	;Disminuir por7.3%	;Disminuir por9.5%	;119	;Disminuir por1.7%	;Aumentar por72.5%	;131	;Disminuir por33.8%	;Aumentar por84.5%	;2259	;Aumentar por216.8%	;Aumentar por77.9%	;2993	;Aumentar por71.3%	;Aumentar por21.5%	;22	;Disminuir por15.4%	;Sin cambios	;28	;Disminuir por50.0%	;Disminuir por42.9%	;
204	;(Lunes)2026/06/22	;48	;Aumentar por1500.0%	;Aumentar por500.0%	;46	;Aumentar por27.8%	;Aumentar por39.4%	;414	;Aumentar por780.9%	;Aumentar por696.2%	;374	;Aumentar por398.7%	;Aumentar por356.1%	;2553	;Aumentar por196.5%	;Aumentar por130.6%	;3026	;Aumentar por67.0%	;Aumentar por36.4%	;115	;Aumentar por784.6%	;Aumentar por618.8%	;143	;Aumentar por581.0%	;Aumentar por160.0%	;
205	;(Martes)2026/06/23	;29	;Aumentar por480.0%	;Aumentar por16.0%	;28	;Disminuir por33.3%	;Disminuir por61.6%	;372	;Aumentar por830.0%	;Aumentar por97.9%	;321	;Aumentar por379.1%	;Aumentar por47.9%	;2492	;Aumentar por256.5%	;Aumentar por91.7%	;3062	;Aumentar por87.4%	;Aumentar por9.9%	;120	;Aumentar por1900.0%	;Aumentar por106.9%	;164	;Aumentar por1540.0%	;Aumentar por25.2%	;
206	;(Miércoles)2026/06/24	;24	;Aumentar por700.0%	;Aumentar por166.7%	;24	;Disminuir por41.5%	;Disminuir por52.0%	;160	;Aumentar por86.0%	;Aumentar por35.6%	;143	;Disminuir por6.5%	;Disminuir por2.7%	;2017	;Aumentar por187.3%	;Aumentar por82.4%	;2934	;Aumentar por69.5%	;Aumentar por27.2%	;41	;Aumentar por141.2%	;Disminuir por10.9%	;58	;Aumentar por38.1%	;Disminuir por63.3%	;
207	;(Jueves)2026/06/25	;45	;Aumentar por4400.0%	;Aumentar por1025.0%	;40	;Aumentar por2.6%	;Disminuir por25.9%	;292	;Aumentar por189.1%	;Aumentar por121.2%	;247	;Aumentar por57.3%	;Aumentar por54.4%	;2296	;Aumentar por244.7%	;Aumentar por154.0%	;3193	;Aumentar por101.8%	;Aumentar por58.9%	;117	;Aumentar por550.0%	;Aumentar por80.0%	;143	;Aumentar por204.3%	;Disminuir por2.1%	;
208	;(Viernes)2026/06/26	;38	;Aumentar por1800.0%	;Aumentar por442.9%	;25	;Disminuir por41.9%	;Disminuir por47.9%	;356	;Aumentar por278.7%	;Aumentar por184.8%	;299	;Aumentar por91.7%	;Aumentar por65.2%	;2369	;Aumentar por300.2%	;Aumentar por161.2%	;3155	;Aumentar por111.6%	;Aumentar por56.7%	;159	;Aumentar por657.1%	;Aumentar por238.3%	;206	;Aumentar por303.9%	;Aumentar por77.6%	;
209	;(Sábado)2026/06/27	;36	;Aumentar por1100.0%	;Aumentar por350.0%	;34	;Disminuir por17.1%	;Disminuir por46.9%	;313	;Aumentar por219.4%	;Aumentar por94.4%	;302	;Aumentar por75.6%	;Aumentar por55.7%	;2351	;Aumentar por271.4%	;Aumentar por150.9%	;3374	;Aumentar por122.4%	;Aumentar por59.2%	;73	;Aumentar por180.8%	;Aumentar por46.0%	;71	;Aumentar por44.9%	;Disminuir por49.6%	;
210	;(Domingo)2026/06/28	;26	;Aumentar por766.7%	;Aumentar por225.0%	;13	;Disminuir por68.3%	;Disminuir por75.9%	;125	;Aumentar por5.0%	;Aumentar por101.6%	;141	;Disminuir por32.9%	;Aumentar por50.0%	;2193	;Aumentar por194.8%	;Aumentar por104.8%	;3248	;Aumentar por93.3%	;Aumentar por56.3%	;23	;Disminuir por28.1%	;Aumentar por21.1%	;22	;Disminuir por56.9%	;Disminuir por53.2%	;
211	;(Lunes)2026/06/29	;13	;Aumentar por1200.0%	;Aumentar por44.4%	;19	;Disminuir por45.7%	;Disminuir por58.7%	;383	;Aumentar por790.7%	;Aumentar por790.7%	;341	;Aumentar por354.7%	;Aumentar por693.0%	;2215	;Aumentar por200.1%	;Aumentar por139.2%	;2976	;Aumentar por85.3%	;Aumentar por38.9%	;107	;Aumentar por613.3%	;Aumentar por365.2%	;113	;Aumentar por289.7%	;Aumentar por162.8%	;
212	;(Martes)2026/06/30	;22	;Aumentar por633.3%	;Aumentar por633.3%	;13	;Disminuir por63.9%	;Disminuir por74.5%	;307	;Aumentar por777.1%	;Aumentar por164.7%	;270	;Aumentar por409.4%	;Aumentar por44.4%	;2207	;Aumentar por235.4%	;Aumentar por129.7%	;2873	;Aumentar por100.5%	;Aumentar por10.1%	;100	;Aumentar por4900.0%	;Aumentar por138.1%	;130	;Aumentar por1344.4%	;Aumentar por2.4%	;
213	;(Miércoles)2026/07/01	;31	;Aumentar por3000.0%	;Aumentar por933.3%	;25	;Disminuir por24.2%	;Disminuir por47.9%	;280	;Aumentar por141.4%	;Aumentar por152.3%	;235	;Aumentar por49.7%	;Aumentar por44.2%	;2227	;Aumentar por251.3%	;Aumentar por124.7%	;2976	;Aumentar por85.7%	;Aumentar por37.5%	;96	;Aumentar por464.7%	;Aumentar por60.0%	;112	;Aumentar por211.1%	;Disminuir por29.1%	;
214	;(Jueves)2026/07/02	;45	;Aumentar por800.0%	;Aumentar por150.0%	;44	;Aumentar por12.8%	;Disminuir por27.9%	;750	;Aumentar por650.0%	;Aumentar por535.6%	;738	;Aumentar por267.2%	;Aumentar por282.4%	;2638	;Aumentar por331.8%	;Aumentar por188.3%	;3463	;Aumentar por131.6%	;Aumentar por72.8%	;139	;Aumentar por768.8%	;Aumentar por215.9%	;157	;Aumentar por196.2%	;Aumentar por19.8%	;
215	;(Viernes)2026/07/03	;29	;Aumentar por625.0%	;Aumentar por383.3%	;25	;Disminuir por28.6%	;Disminuir por44.4%	;311	;Aumentar por238.0%	;Aumentar por113.0%	;283	;Aumentar por91.2%	;Aumentar por54.6%	;2369	;Aumentar por299.5%	;Aumentar por144.2%	;3234	;Aumentar por123.8%	;Aumentar por56.0%	;137	;Aumentar por426.9%	;Aumentar por128.3%	;171	;Aumentar por216.7%	;Aumentar por40.2%	;
216	;(Sábado)2026/07/04	;33	;Aumentar por1550.0%	;Aumentar por560.0%	;40	;Aumentar por5.3%	;Disminuir por14.9%	;175	;Aumentar por80.4%	;Aumentar por2.3%	;188	;Aumentar por8.7%	;Disminuir por11.3%	;2082	;Aumentar por232.6%	;Aumentar por110.3%	;3100	;Aumentar por100.6%	;Aumentar por48.1%	;74	;Aumentar por236.4%	;Aumentar por27.6%	;81	;Aumentar por35.0%	;Disminuir por49.7%	;
217	;(Domingo)2026/07/05	;31	;Aumentar por181.8%	;Aumentar por416.7%	;29	;Disminuir por40.8%	;Disminuir por39.6%	;150	;Aumentar por37.6%	;Aumentar por108.3%	;156	;Disminuir por13.3%	;Aumentar por67.7%	;1866	;Aumentar por147.8%	;Aumentar por68.0%	;3206	;Aumentar por79.9%	;Aumentar por34.3%	;37	;Aumentar por19.4%	;Aumentar por5.7%	;33	;Disminuir por58.8%	;Disminuir por53.5%	;
218	;(Lunes)2026/07/06	;36	;Aumentar por414.3%	;Aumentar por300.0%	;27	;Disminuir por30.8%	;Disminuir por48.1%	;332	;Aumentar por295.2%	;Aumentar por591.7%	;320	;Aumentar por201.9%	;Aumentar por377.6%	;2001	;Aumentar por124.6%	;Aumentar por93.7%	;2934	;Aumentar por67.8%	;Aumentar por33.2%	;115	;Aumentar por576.5%	;Aumentar por945.5%	;117	;Aumentar por317.9%	;Aumentar por350.0%	;
219	;(Martes)2026/07/07	;28	;Aumentar por1300.0%	;Aumentar por250.0%	;26	;Disminuir por25.7%	;Disminuir por45.8%	;257	;Aumentar por414.0%	;Aumentar por50.3%	;232	;Aumentar por193.7%	;Aumentar por36.5%	;2017	;Aumentar por191.1%	;Aumentar por65.6%	;2913	;Aumentar por96.7%	;Aumentar por13.3%	;90	;Aumentar por900.0%	;Aumentar por76.5%	;126	;Aumentar por530.0%	;Aumentar por31.3%	;
220	;(Miércoles)2026/07/08	;37	;Aumentar por1750.0%	;Aumentar por362.5%	;41	;Aumentar por5.1%	;Disminuir por19.6%	;282	;Aumentar por4.8%	;Aumentar por115.3%	;219	;Disminuir por36.0%	;Aumentar por23.7%	;2126	;Aumentar por209.0%	;Aumentar por62.8%	;3411	;Aumentar por107.7%	;Aumentar por39.9%	;90	;Aumentar por164.7%	;Aumentar por15.4%	;108	;Aumentar por100.0%	;Disminuir por32.5%	;
221	;(Jueves)2026/07/09	;16	;Aumentar por300.0%	;Disminuir por11.1%	;23	;Disminuir por46.5%	;Disminuir por56.6%	;222	;Aumentar por170.7%	;Aumentar por51.0%	;250	;Aumentar por56.3%	;Aumentar por28.9%	;1653	;Aumentar por164.1%	;Aumentar por38.9%	;3610	;Aumentar por138.0%	;Aumentar por43.7%	;84	;Aumentar por500.0%	;Aumentar por110.0%	;137	;Aumentar por204.4%	;Aumentar por61.2%	;
222	;(Viernes)2026/07/10	;87	;Aumentar por1640.0%	;Aumentar por1142.9%	;94	;Aumentar por108.9%	;Aumentar por118.6%	;238	;Aumentar por153.2%	;Aumentar por54.5%	;334	;Aumentar por107.5%	;Aumentar por74.0%	;1913	;Aumentar por223.1%	;Aumentar por93.0%	;4226	;Aumentar por187.3%	;Aumentar por101.2%	;181	;Aumentar por964.7%	;Aumentar por293.5%	;243	;Aumentar por417.0%	;Aumentar por148.0%	;
223	;(Sábado)2026/07/11	;10	;Aumentar por900.0%	;Disminuir por63.0%	;26	;Disminuir por29.7%	;Disminuir por62.3%	;111	;Disminuir por0.9%	;Disminuir por39.3%	;214	;Aumentar por18.2%	;Disminuir por1.4%	;1349	;Aumentar por110.8%	;Aumentar por18.2%	;5017	;Aumentar por221.0%	;Aumentar por113.4%	;50	;Aumentar por117.4%	;Disminuir por27.5%	;93	;Aumentar por106.7%	;Disminuir por37.2%	;
224	;(Domingo)2026/07/12	;17	;Aumentar por240.0%	;Aumentar por240.0%	;33	;Disminuir por25.0%	;Disminuir por36.5%	;85	;Disminuir por44.4%	;Disminuir por21.3%	;166	;Disminuir por25.9%	;Aumentar por19.4%	;1232	;Aumentar por28.9%	;Aumentar por1.7%	;4939	;Aumentar por113.6%	;Aumentar por88.7%	;22	;Disminuir por18.5%	;Disminuir por29.0%	;41	;Disminuir por43.1%	;Disminuir por35.9%	;
225	;(Lunes)2026/07/13	;27	;Aumentar por2600.0%	;Aumentar por92.9%	;46	;Aumentar por48.4%	;Disminuir por28.1%	;229	;Aumentar por332.1%	;Aumentar por247.0%	;357	;Aumentar por310.3%	;Aumentar por292.3%	;1423	;Aumentar por44.8%	;Aumentar por33.9%	;4314	;Aumentar por132.4%	;Aumentar por80.0%	;74	;Aumentar por335.3%	;Aumentar por428.6%	;145	;Aumentar por383.3%	;Aumentar por457.7%	;
226	;(Martes)2026/07/14	;21	;Aumentar por2000.0%	;Aumentar por320.0%	;15	;Disminuir por57.1%	;Disminuir por69.4%	;137	;Aumentar por226.2%	;Disminuir por11.0%	;155	;Aumentar por134.8%	;Disminuir por13.4%	;1168	;Aumentar por45.5%	;Disminuir por6.9%	;1736	;Aumentar por3.1%	;Disminuir por36.6%	;46	;Aumentar por820.0%	;Aumentar por9.5%	;80	;Aumentar por700.0%	;Disminuir por21.6%	;
