Análisis de tipo multiobjetivo	;
Información básica	;
Hora de exportación: 2026/07/14 13:49:15	;
Operador: Touristcheck	;
Objetivo de estadísticas: Estibaliz - CV-140	;
Exportar contenido:Número de personas,Vehículos a motor,Vehículos sin motor	;
Hora del informe: 2025/12/01 00:00:00 - 2026/07/14 23:59:59	;

Personas totales	; 	; 	; 	; 	; 	;Total de vehículos a motor	; 	; 	; 	; 	; 	;Total de vehículos sin motor	;
Avanzar	; 	; 	;Retroceso	; 	; 	;Avanzar	; 	; 	;Retroceso	; 	; 	;Avanzar	; 	; 	;Retroceso	;
Valor	;Tasa de cambio (ciclo tras ciclo)	;Tasa de cambio (año tras año)	;Valor	;Tasa de cambio (ciclo tras ciclo)	;Tasa de cambio (año tras año)	;Valor	;Tasa de cambio (ciclo tras ciclo)	;Tasa de cambio (año tras año)	;Valor	;Tasa de cambio (ciclo tras ciclo)	;Tasa de cambio (año tras año)	;Valor	;Tasa de cambio (ciclo tras ciclo)	;Tasa de cambio (año tras año)	;Valor	;Tasa de cambio (ciclo tras ciclo)	;Tasa de cambio (año tras año)	;
23844	;Disminuir por20.4%	;Aumentar por170.4%	;32151	;Disminuir por18.8%	;Aumentar por181.1%	;597716	;Disminuir por20.0%	;Aumentar por140.6%	;815175	;Disminuir por11.1%	;Aumentar por165.6%	;41588	;Disminuir por34.6%	;Aumentar por93.4%	;65223	;Disminuir por28.2%	;Aumentar por112.9%	;

N.º	;Hora	;Personas	; 	; 	; 	; 	; 	;Vehículos a motor	; 	; 	; 	; 	; 	;Vehículos sin motor	;
	;	;Avanzar	; 	; 	;Retroceso	; 	; 	;Avanzar	; 	; 	;Retroceso	; 	; 	;Avanzar	; 	; 	;Retroceso	;
	;	;Valor	;Tasa de cambio (ciclo tras ciclo)	;Tasa de cambio (año tras año)	;Valor	;Tasa de cambio (ciclo tras ciclo)	;Tasa de cambio (año tras año)	;Valor	;Tasa de cambio (ciclo tras ciclo)	;Tasa de cambio (año tras año)	;Valor	;Tasa de cambio (ciclo tras ciclo)	;Tasa de cambio (año tras año)	;Valor	;Tasa de cambio (ciclo tras ciclo)	;Tasa de cambio (año tras año)	;Valor	;Tasa de cambio (ciclo tras ciclo)	;Tasa de cambio (año tras año)	;
1	;(Lunes)2025/12/01	;103	; --%	; --%	;110	; --%	; --%	;2388	; --%	; --%	;3253	; --%	; --%	;104	; --%	; --%	;164	; --%	; --%	;
2	;(Martes)2025/12/02	;91	; --%	; --%	;94	; --%	; --%	;2305	; --%	; --%	;3064	; --%	; --%	;114	; --%	; --%	;198	; --%	; --%	;
3	;(Miércoles)2025/12/03	;93	; --%	; --%	;136	; --%	; --%	;2356	; --%	; --%	;3116	; --%	; --%	;128	; --%	; --%	;171	; --%	; --%	;
4	;(Jueves)2025/12/04	;78	; --%	; --%	;80	; --%	; --%	;2442	; --%	; --%	;3251	; --%	; --%	;115	; --%	; --%	;191	; --%	; --%	;
5	;(Viernes)2025/12/05	;127	; --%	; --%	;163	; --%	; --%	;2815	; --%	; --%	;3783	; --%	; --%	;131	; --%	; --%	;213	; --%	; --%	;
6	;(Sábado)2025/12/06	;194	; --%	; --%	;223	; --%	; --%	;3199	; --%	; --%	;4243	; --%	; --%	;175	; --%	; --%	;277	; --%	; --%	;
7	;(Domingo)2025/12/07	;186	;Aumentar por35.8%	; --%	;301	;Aumentar por113.5%	; --%	;2708	;Disminuir por8.6%	; --%	;3625	;Aumentar por1.4%	; --%	;145	;Disminuir por35.0%	; --%	;233	;Disminuir por29.2%	; --%	;
8	;(Lunes)2025/12/08	;150	;Aumentar por13.6%	; --%	;183	;Aumentar por1.1%	; --%	;2077	;Disminuir por36.3%	; --%	;2707	;Disminuir por30.8%	; --%	;129	;Disminuir por51.7%	; --%	;196	;Disminuir por47.2%	; --%	;
9	;(Martes)2025/12/09	;91	;Disminuir por9.9%	; --%	;124	;Disminuir por8.8%	; --%	;2402	;Aumentar por9.0%	; --%	;3383	;Aumentar por27.0%	; --%	;135	;Disminuir por28.2%	; --%	;183	;Disminuir por23.8%	; --%	;
10	;(Miércoles)2025/12/10	;93	;Aumentar por132.5%	; --%	;128	;Aumentar por96.9%	; --%	;2196	;Aumentar por110.1%	; --%	;3153	;Aumentar por145.6%	; --%	;142	;Aumentar por65.1%	; --%	;175	;Aumentar por34.6%	; --%	;
11	;(Jueves)2025/12/11	;109	;Aumentar por36.3%	; --%	;111	;Aumentar por16.8%	; --%	;2130	;Aumentar por12.1%	; --%	;2962	;Aumentar por20.3%	; --%	;108	;Disminuir por28.0%	; --%	;155	;Disminuir por26.5%	; --%	;
12	;(Viernes)2025/12/12	;76	;Disminuir por33.9%	; --%	;88	;Disminuir por29.0%	; --%	;2310	;Disminuir por31.9%	; --%	;3396	;Disminuir por22.7%	; --%	;106	;Disminuir por51.2%	; --%	;163	;Disminuir por48.7%	; --%	;
13	;(Sábado)2025/12/13	;83	;Disminuir por22.4%	; --%	;83	;Disminuir por36.2%	; --%	;2246	;Disminuir por16.0%	; --%	;3019	;Disminuir por7.3%	; --%	;105	;Disminuir por54.5%	; --%	;180	;Disminuir por46.4%	; --%	;
14	;(Domingo)2025/12/14	;24	;Aumentar por500.0%	; --%	;26	;Aumentar por1200.0%	; --%	;1097	;Aumentar por678.0%	; --%	;1387	;Aumentar por794.8%	; --%	;10	;Aumentar por11.1%	; --%	;20	;Aumentar por122.2%	; --%	;
15	;(Lunes)2025/12/15	;56	; --%	; --%	;49	; --%	; --%	;2113	; --%	; --%	;2983	; --%	; --%	;36	; --%	; --%	;40	; --%	; --%	;
16	;(Martes)2025/12/16	;63	; --%	; --%	;68	; --%	; --%	;2138	; --%	; --%	;2971	; --%	; --%	;54	; --%	; --%	;85	; --%	; --%	;
17	;(Miércoles)2025/12/17	;37	;Disminuir por5.1%	; --%	;58	;Aumentar por26.1%	; --%	;1957	;Aumentar por122.6%	; --%	;2878	;Aumentar por124.8%	; --%	;16	;Disminuir por68.6%	; --%	;30	;Disminuir por55.2%	; --%	;
18	;(Jueves)2025/12/18	;109	;Disminuir por5.2%	; --%	;151	;Aumentar por48.0%	; --%	;2244	;Disminuir por21.4%	; --%	;3131	;Disminuir por17.5%	; --%	;104	;Disminuir por54.0%	; --%	;175	;Disminuir por43.2%	; --%	;
19	;(Viernes)2025/12/19	;93	;Disminuir por17.7%	; --%	;139	;Aumentar por12.1%	; --%	;2380	;Disminuir por18.4%	; --%	;3352	;Disminuir por11.7%	; --%	;133	;Disminuir por43.2%	; --%	;213	;Disminuir por36.6%	; --%	;
20	;(Sábado)2025/12/20	;108	;Aumentar por68.8%	; --%	;139	;Aumentar por65.5%	; --%	;2268	;Disminuir por23.2%	; --%	;3181	;Disminuir por15.7%	; --%	;114	;Aumentar por9.6%	; --%	;213	;Aumentar por15.1%	; --%	;
21	;(Domingo)2025/12/21	;61	;Disminuir por57.0%	; --%	;90	;Disminuir por37.1%	; --%	;1448	;Disminuir por52.6%	; --%	;2014	;Disminuir por48.8%	; --%	;77	;Disminuir por65.8%	; --%	;139	;Disminuir por59.6%	; --%	;
22	;(Lunes)2025/12/22	;96	;Aumentar por3.2%	; --%	;179	;Aumentar por64.2%	; --%	;2539	;Disminuir por14.6%	; --%	;3639	;Disminuir por1.4%	; --%	;122	;Disminuir por39.3%	; --%	;177	;Disminuir por35.4%	; --%	;
23	;(Martes)2025/12/23	;100	;Aumentar por20.5%	; --%	;102	;Disminuir por10.5%	; --%	;2520	;Aumentar por27.3%	; --%	;3464	;Aumentar por45.9%	; --%	;103	;Disminuir por40.8%	; --%	;172	;Disminuir por37.7%	; --%	;
24	;(Miércoles)2025/12/24	;135	;Sin cambios	; --%	;150	;Aumentar por5.6%	; --%	;2223	;Disminuir por23.8%	; --%	;3024	;Disminuir por22.1%	; --%	;118	;Disminuir por43.8%	; --%	;196	;Disminuir por37.4%	; --%	;
25	;(Jueves)2025/12/25	;23	;Disminuir por78.9%	; --%	;32	;Disminuir por71.7%	; --%	;1180	;Disminuir por55.6%	; --%	;1617	;Disminuir por54.2%	; --%	;19	;Disminuir por90.9%	; --%	;25	;Disminuir por92.0%	; --%	;
26	;(Viernes)2025/12/26	;40	;Disminuir por28.6%	; --%	;53	;Disminuir por30.3%	; --%	;2031	;Disminuir por3.3%	; --%	;2453	;Disminuir por6.6%	; --%	;32	;Disminuir por80.1%	; --%	;56	;Disminuir por75.9%	; --%	;
27	;(Sábado)2025/12/27	;36	; --%	; --%	;44	; --%	; --%	;2209	; --%	; --%	;2679	; --%	; --%	;29	; --%	; --%	;42	; --%	; --%	;
28	;(Domingo)2025/12/28	;69	;Aumentar por40.8%	; --%	;80	;Aumentar por66.7%	; --%	;1462	;Aumentar por15.8%	; --%	;2045	;Aumentar por30.9%	; --%	;22	;Disminuir por75.6%	; --%	;42	;Disminuir por63.5%	; --%	;
29	;(Lunes)2025/12/29	;101	;Disminuir por12.2%	; --%	;121	;Disminuir por23.9%	; --%	;2728	;Disminuir por14.3%	; --%	;3323	;Disminuir por14.3%	; --%	;85	;Disminuir por70.1%	; --%	;112	;Disminuir por71.5%	; --%	;
30	;(Martes)2025/12/30	;165	;Aumentar por89.7%	; --%	;196	;Aumentar por78.2%	; --%	;2870	;Aumentar por40.2%	; --%	;3918	;Aumentar por54.9%	; --%	;169	;Disminuir por23.9%	; --%	;226	;Disminuir por25.9%	; --%	;
31	;(Miércoles)2025/12/31	;174	;Aumentar por37.0%	; --%	;193	;Aumentar por13.5%	; --%	;2568	;Disminuir por13.7%	; --%	;3442	;Disminuir por9.9%	; --%	;151	;Disminuir por43.4%	; --%	;232	;Disminuir por38.9%	; --%	;
32	;(Jueves)2026/01/01	;69	;Disminuir por36.7%	; --%	;99	;Disminuir por39.6%	; --%	;1500	;Disminuir por45.8%	; --%	;1976	;Disminuir por45.5%	; --%	;80	;Disminuir por71.3%	; --%	;132	;Disminuir por64.9%	; --%	;
33	;(Viernes)2026/01/02	;140	;Aumentar por15.7%	; --%	;178	;Aumentar por31.9%	; --%	;2775	;Disminuir por6.1%	; --%	;3664	;Disminuir por0.1%	; --%	;109	;Disminuir por56.9%	; --%	;212	;Disminuir por41.3%	; --%	;
34	;(Sábado)2026/01/03	;87	;Disminuir por1.1%	; --%	;93	;Disminuir por19.1%	; --%	;2463	;Disminuir por15.7%	; --%	;3271	;Disminuir por12.1%	; --%	;110	;Disminuir por49.5%	; --%	;174	;Disminuir por51.3%	; --%	;
35	;(Domingo)2026/01/04	;18	;Disminuir por85.7%	; --%	;21	;Disminuir por87.0%	; --%	;1298	;Disminuir por58.6%	; --%	;1716	;Disminuir por57.8%	; --%	;23	;Disminuir por92.7%	; --%	;44	;Disminuir por89.3%	; --%	;
36	;(Lunes)2026/01/05	;51	;Disminuir por59.2%	; --%	;52	;Disminuir por68.7%	; --%	;2332	;Disminuir por24.9%	; --%	;3207	;Disminuir por17.2%	; --%	;71	;Disminuir por74.8%	; --%	;113	;Disminuir por72.6%	; --%	;
37	;(Martes)2026/01/06	;67	;Disminuir por34.3%	; --%	;97	;Disminuir por27.6%	; --%	;1171	;Disminuir por44.1%	; --%	;1664	;Disminuir por35.2%	; --%	;50	;Disminuir por73.0%	; --%	;82	;Disminuir por71.0%	; --%	;
38	;(Miércoles)2026/01/07	;76	;Disminuir por24.8%	; --%	;119	;Disminuir por15.0%	; --%	;2279	;Disminuir por25.6%	; --%	;3189	;Disminuir por18.3%	; --%	;108	;Disminuir por58.9%	; --%	;162	;Disminuir por53.7%	; --%	;
39	;(Jueves)2026/01/08	;71	;Disminuir por27.6%	; --%	;103	;Aumentar por1.0%	; --%	;2008	;Disminuir por27.9%	; --%	;2949	;Disminuir por19.5%	; --%	;133	;Disminuir por52.5%	; --%	;203	;Disminuir por45.0%	; --%	;
40	;(Viernes)2026/01/09	;86	;Disminuir por4.4%	; --%	;135	;Aumentar por10.7%	; --%	;2324	;Disminuir por20.7%	; --%	;3188	;Disminuir por15.5%	; --%	;123	;Disminuir por52.0%	; --%	;202	;Disminuir por45.6%	; --%	;
41	;(Sábado)2026/01/10	;111	;Aumentar por38.8%	; --%	;147	;Aumentar por15.7%	; --%	;1944	;Disminuir por36.2%	; --%	;2676	;Disminuir por31.3%	; --%	;142	;Disminuir por41.3%	; --%	;177	;Disminuir por50.4%	; --%	;
42	;(Domingo)2026/01/11	;74	;Disminuir por28.2%	; --%	;129	;Disminuir por6.5%	; --%	;1163	;Disminuir por66.5%	; --%	;1595	;Disminuir por63.0%	; --%	;113	;Disminuir por64.4%	; --%	;186	;Disminuir por59.3%	; --%	;
43	;(Lunes)2026/01/12	;95	;Aumentar por37.7%	; --%	;152	;Sin cambios	; --%	;2191	;Disminuir por37.9%	; --%	;3108	;Disminuir por28.2%	; --%	;159	;Disminuir por50.6%	; --%	;205	;Disminuir por55.7%	; --%	;
44	;(Martes)2026/01/13	;89	;Aumentar por7.2%	; --%	;150	;Aumentar por12.8%	; --%	;2098	;Disminuir por15.3%	; --%	;3094	;Aumentar por4.4%	; --%	;131	;Disminuir por49.8%	; --%	;194	;Disminuir por46.0%	; --%	;
45	;(Miércoles)2026/01/14	;76	;Disminuir por38.2%	; --%	;149	;Aumentar por1.4%	; --%	;2026	;Disminuir por42.8%	; --%	;2868	;Disminuir por36.0%	; --%	;135	;Disminuir por56.9%	; --%	;193	;Disminuir por54.8%	; --%	;
46	;(Jueves)2026/01/15	;85	;Disminuir por10.5%	; --%	;147	;Aumentar por16.7%	; --%	;2060	;Disminuir por32.9%	; --%	;2983	;Disminuir por25.1%	; --%	;150	;Disminuir por42.7%	; --%	;202	;Disminuir por46.7%	; --%	;
47	;(Viernes)2026/01/16	;88	;Aumentar por12.8%	; --%	;102	;Disminuir por17.7%	; --%	;2222	;Disminuir por26.2%	; --%	;3102	;Disminuir por19.9%	; --%	;153	;Disminuir por42.0%	; --%	;213	;Disminuir por48.2%	; --%	;
48	;(Sábado)2026/01/17	;52	;Disminuir por52.3%	; --%	;47	;Disminuir por58.0%	; --%	;1732	;Disminuir por43.2%	; --%	;2430	;Disminuir por37.1%	; --%	;32	;Disminuir por89.9%	; --%	;46	;Disminuir por89.1%	; --%	;
49	;(Domingo)2026/01/18	;74	;Disminuir por23.7%	; --%	;113	;Disminuir por19.9%	; --%	;1134	;Disminuir por67.9%	; --%	;1588	;Disminuir por64.8%	; --%	;82	;Disminuir por74.3%	; --%	;145	;Disminuir por69.5%	; --%	;
50	;(Lunes)2026/01/19	;79	;Disminuir por50.6%	; --%	;97	;Disminuir por56.3%	; --%	;2090	;Disminuir por46.5%	; --%	;3020	;Disminuir por37.5%	; --%	;86	;Disminuir por77.7%	; --%	;109	;Disminuir por80.9%	; --%	;
51	;(Martes)2026/01/20	;37	;Disminuir por61.1%	; --%	;29	;Disminuir por76.4%	; --%	;2103	;Disminuir por26.0%	; --%	;2753	;Disminuir por14.9%	; --%	;36	;Disminuir por88.1%	; --%	;40	;Disminuir por90.4%	; --%	;
52	;(Miércoles)2026/01/21	;68	;Disminuir por46.5%	; --%	;84	;Disminuir por52.5%	; --%	;2404	;Disminuir por39.6%	; --%	;3284	;Disminuir por31.2%	; --%	;117	;Disminuir por62.9%	; --%	;145	;Disminuir por65.1%	; --%	;
53	;(Jueves)2026/01/22	;97	;Disminuir por10.2%	; --%	;131	;Disminuir por6.4%	; --%	;2180	;Disminuir por33.0%	; --%	;3132	;Disminuir por24.0%	; --%	;117	;Disminuir por59.2%	; --%	;165	;Disminuir por59.4%	; --%	;
54	;(Viernes)2026/01/23	;93	;Disminuir por17.7%	; --%	;126	;Disminuir por20.3%	; --%	;2231	;Disminuir por31.0%	; --%	;3172	;Disminuir por24.3%	; --%	;148	;Disminuir por52.9%	; --%	;205	;Disminuir por54.4%	; --%	;
55	;(Sábado)2026/01/24	;82	;Disminuir por24.8%	; --%	;125	;Disminuir por6.7%	; --%	;2080	;Disminuir por34.4%	; --%	;2916	;Disminuir por29.4%	; --%	;118	;Disminuir por62.2%	; --%	;198	;Disminuir por59.2%	; --%	;
56	;(Domingo)2026/01/25	;57	;Disminuir por50.0%	; --%	;109	;Disminuir por24.3%	; --%	;1317	;Disminuir por65.8%	; --%	;1766	;Disminuir por62.0%	; --%	;128	;Disminuir por65.3%	; --%	;172	;Disminuir por66.9%	; --%	;
57	;(Lunes)2026/01/26	;95	;Disminuir por22.8%	; --%	;136	;Disminuir por19.5%	; --%	;2234	;Disminuir por40.9%	; --%	;3225	;Disminuir por30.2%	; --%	;162	;Disminuir por53.0%	; --%	;227	;Disminuir por52.0%	; --%	;
58	;(Martes)2026/01/27	;61	;Disminuir por39.6%	; --%	;79	;Disminuir por40.6%	; --%	;2038	;Disminuir por24.8%	; --%	;2931	;Disminuir por7.5%	; --%	;95	;Disminuir por68.2%	; --%	;140	;Disminuir por63.4%	; --%	;
59	;(Miércoles)2026/01/28	;69	;Disminuir por38.9%	; --%	;87	;Disminuir por40.4%	; --%	;2101	;Disminuir por43.7%	; --%	;2937	;Disminuir por36.9%	; --%	;53	;Disminuir por82.3%	; --%	;82	;Disminuir por81.1%	; --%	;
60	;(Jueves)2026/01/29	;74	;Disminuir por37.8%	; --%	;91	;Disminuir por35.9%	; --%	;2153	;Disminuir por34.9%	; --%	;2984	;Disminuir por28.5%	; --%	;102	;Disminuir por70.3%	; --%	;160	;Disminuir por69.7%	; --%	;
61	;(Viernes)2026/01/30	;81	;Disminuir por38.2%	; --%	;104	;Disminuir por35.0%	; --%	;2315	;Disminuir por30.8%	; --%	;3290	;Disminuir por20.9%	; --%	;139	;Disminuir por56.7%	; --%	;192	;Disminuir por61.0%	; --%	;
62	;(Sábado)2026/01/31	;93	;Aumentar por2.2%	; --%	;128	;Aumentar por15.3%	; --%	;2019	;Disminuir por42.4%	; --%	;2793	;Disminuir por34.3%	; --%	;69	;Disminuir por79.6%	; --%	;119	;Disminuir por77.3%	; --%	;
63	;(Domingo)2026/02/01	;95	;Disminuir por16.7%	; --%	;122	;Disminuir por17.0%	; --%	;1281	;Disminuir por66.9%	; --%	;1737	;Disminuir por64.2%	; --%	;105	;Disminuir por69.1%	; --%	;164	;Disminuir por68.0%	; --%	;
64	;(Lunes)2026/02/02	;74	;Disminuir por47.9%	; --%	;99	;Disminuir por53.5%	; --%	;2293	;Disminuir por46.1%	; --%	;3198	;Disminuir por37.2%	; --%	;145	;Disminuir por61.1%	; --%	;189	;Disminuir por63.7%	; --%	;
65	;(Martes)2026/02/03	;93	;Disminuir por11.4%	; --%	;126	;Disminuir por25.9%	; --%	;2066	;Disminuir por22.5%	; --%	;3028	;Disminuir por7.7%	; --%	;115	;Disminuir por63.9%	; --%	;212	;Disminuir por53.1%	; --%	;
66	;(Miércoles)2026/02/04	;90	;Aumentar por38.5%	; --%	;106	;Disminuir por0.9%	; --%	;2039	;Aumentar por34.9%	; --%	;2942	;Aumentar por45.3%	; --%	;139	;Aumentar por12.1%	; --%	;203	;Aumentar por9.7%	; --%	;
67	;(Jueves)2026/02/05	;70	;Disminuir por50.0%	; --%	;100	;Disminuir por51.5%	; --%	;2160	;Disminuir por44.3%	; --%	;3056	;Disminuir por32.1%	; --%	;104	;Disminuir por70.9%	; --%	;166	;Disminuir por66.9%	; --%	;
68	;(Viernes)2026/02/06	;73	;Disminuir por41.6%	; --%	;85	;Disminuir por48.2%	; --%	;2286	;Disminuir por41.6%	; --%	;3263	;Disminuir por30.9%	; --%	;163	;Disminuir por55.1%	; --%	;247	;Disminuir por51.5%	; --%	;
69	;(Sábado)2026/02/07	;119	;Aumentar por8.2%	; --%	;128	;Disminuir por26.9%	; --%	;2031	;Disminuir por48.1%	; --%	;2856	;Disminuir por39.2%	; --%	;169	;Disminuir por54.7%	; --%	;248	;Disminuir por55.0%	; --%	;
70	;(Domingo)2026/02/08	;86	;Disminuir por44.5%	; --%	;101	;Disminuir por48.7%	; --%	;1354	;Disminuir por67.3%	; --%	;1802	;Disminuir por64.9%	; --%	;109	;Disminuir por75.2%	; --%	;171	;Disminuir por69.9%	; --%	;
71	;(Lunes)2026/02/09	;83	;Disminuir por37.1%	; --%	;104	;Disminuir por43.2%	; --%	;2253	;Disminuir por47.7%	; --%	;3183	;Disminuir por38.6%	; --%	;163	;Disminuir por58.9%	; --%	;219	;Disminuir por58.4%	; --%	;
72	;(Martes)2026/02/10	;81	;Disminuir por13.8%	; --%	;111	;Disminuir por33.1%	; --%	;2149	;Disminuir por37.7%	; --%	;3047	;Disminuir por22.6%	; --%	;155	;Disminuir por53.9%	; --%	;235	;Disminuir por49.7%	; --%	;
73	;(Miércoles)2026/02/11	;75	;Disminuir por30.6%	; --%	;90	;Disminuir por51.9%	; --%	;2137	;Disminuir por48.0%	; --%	;3008	;Disminuir por41.0%	; --%	;169	;Disminuir por53.4%	; --%	;240	;Disminuir por49.3%	; --%	;
74	;(Jueves)2026/02/12	;82	;Aumentar por24.2%	; --%	;93	;Aumentar por14.8%	; --%	;2253	;Disminuir por10.1%	; --%	;3093	;Aumentar por3.0%	; --%	;133	;Disminuir por43.2%	; --%	;195	;Disminuir por44.1%	; --%	;
75	;(Viernes)2026/02/13	;77	;Disminuir por13.5%	; --%	;89	;Disminuir por35.5%	; --%	;2582	;Aumentar por3.3%	; --%	;3545	;Aumentar por13.8%	; --%	;97	;Disminuir por55.7%	; --%	;157	;Disminuir por45.7%	; --%	;
76	;(Sábado)2026/02/14	;61	;Disminuir por49.2%	; --%	;52	;Disminuir por68.7%	; --%	;1443	;Disminuir por64.0%	; --%	;1978	;Disminuir por59.3%	; --%	;12	;Disminuir por96.9%	; --%	;18	;Disminuir por96.6%	; --%	;
77	;(Domingo)2026/02/15	;64	;Disminuir por54.9%	; --%	;72	;Disminuir por64.0%	; --%	;1415	;Disminuir por67.6%	; --%	;1936	;Disminuir por63.7%	; --%	;98	;Disminuir por76.5%	; --%	;140	;Disminuir por74.8%	; --%	;
78	;(Lunes)2026/02/16	;93	;Disminuir por47.2%	; --%	;132	;Disminuir por42.6%	; --%	;2548	;Disminuir por44.9%	; --%	;3463	;Disminuir por37.4%	; --%	;238	;Disminuir por34.4%	; --%	;294	;Disminuir por44.7%	; --%	;
79	;(Martes)2026/02/17	;81	;Disminuir por42.1%	; --%	;116	;Disminuir por38.0%	; --%	;2244	;Disminuir por38.0%	; --%	;3243	;Disminuir por23.5%	; --%	;209	;Disminuir por41.0%	; --%	;256	;Disminuir por47.5%	; --%	;
80	;(Miércoles)2026/02/18	;91	;Disminuir por41.3%	; --%	;101	;Disminuir por50.0%	; --%	;2074	;Disminuir por53.6%	; --%	;3128	;Disminuir por43.6%	; --%	;172	;Disminuir por59.0%	; --%	;229	;Disminuir por59.9%	; --%	;
81	;(Jueves)2026/02/19	;81	;Disminuir por62.5%	; --%	;101	;Disminuir por56.3%	; --%	;2122	;Disminuir por50.2%	; --%	;3201	;Disminuir por38.2%	; --%	;113	;Disminuir por74.5%	; --%	;182	;Disminuir por66.9%	; --%	;
82	;(Viernes)2026/02/20	;80	;Disminuir por55.6%	; --%	;119	;Disminuir por35.3%	; --%	;2297	;Disminuir por49.7%	; --%	;3531	;Disminuir por33.7%	; --%	;139	;Aumentar por3.0%	; --%	;209	;Aumentar por6.6%	; --%	;
83	;(Sábado)2026/02/21	;108	;Disminuir por29.9%	; --%	;123	;Disminuir por36.9%	; --%	;2217	;Disminuir por45.5%	; --%	;3239	;Disminuir por34.0%	; --%	;175	;Disminuir por48.5%	; --%	;259	;Disminuir por55.0%	; --%	;
84	;(Domingo)2026/02/22	;82	;Disminuir por57.5%	; --%	;90	;Disminuir por60.4%	; --%	;1256	;Disminuir por73.5%	; --%	;1919	;Disminuir por64.9%	; --%	;107	;Disminuir por65.9%	; --%	;195	;Disminuir por57.7%	; --%	;
85	;(Lunes)2026/02/23	;79	;Disminuir por47.0%	; --%	;129	;Disminuir por23.2%	; --%	;2215	;Disminuir por53.3%	; --%	;3422	;Disminuir por38.8%	; --%	;203	;Aumentar por22.3%	; --%	;295	;Aumentar por19.4%	; --%	;
86	;(Martes)2026/02/24	;92	;Disminuir por44.2%	; --%	;105	;Disminuir por56.8%	; --%	;2091	;Disminuir por42.9%	; --%	;3158	;Disminuir por26.9%	; --%	;163	;Disminuir por53.3%	; --%	;243	;Disminuir por53.8%	; --%	;
87	;(Miércoles)2026/02/25	;72	;Disminuir por69.9%	; --%	;72	;Disminuir por72.1%	; --%	;2055	;Disminuir por57.9%	; --%	;3147	;Disminuir por45.2%	; --%	;127	;Disminuir por66.6%	; --%	;170	;Disminuir por70.4%	; --%	;
88	;(Jueves)2026/02/26	;84	;Disminuir por60.0%	; --%	;101	;Disminuir por59.1%	; --%	;2122	;Disminuir por51.4%	; --%	;3238	;Disminuir por38.3%	; --%	;166	;Disminuir por59.3%	; --%	;242	;Disminuir por61.6%	; --%	;
89	;(Viernes)2026/02/27	;106	;Disminuir por49.0%	; --%	;126	;Disminuir por47.5%	; --%	;2312	;Disminuir por48.6%	; --%	;3583	;Disminuir por33.5%	; --%	;145	;Disminuir por64.3%	; --%	;216	;Disminuir por64.5%	; --%	;
90	;(Sábado)2026/02/28	;74	;Disminuir por58.0%	; --%	;87	;Disminuir por65.2%	; --%	;2062	;Disminuir por55.5%	; --%	;3029	;Disminuir por44.6%	; --%	;149	;Disminuir por63.7%	; --%	;226	;Disminuir por65.0%	; --%	;
91	;(Domingo)2026/03/01	;70	;Disminuir por57.8%	; --%	;80	;Disminuir por67.2%	; --%	;1431	;Disminuir por70.6%	; --%	;2149	;Disminuir por62.6%	; --%	;112	;Disminuir por71.2%	; --%	;209	;Disminuir por65.6%	; --%	;
92	;(Lunes)2026/03/02	;56	;Disminuir por71.7%	; --%	;81	;Disminuir por72.5%	; --%	;2334	;Disminuir por55.9%	; --%	;3545	;Disminuir por42.4%	; --%	;121	;Disminuir por70.3%	; --%	;181	;Disminuir por69.7%	; --%	;
93	;(Martes)2026/03/03	;25	;Disminuir por84.2%	; --%	;31	;Disminuir por87.2%	; --%	;1045	;Disminuir por75.3%	; --%	;1597	;Disminuir por67.6%	; --%	;45	;Disminuir por88.3%	; --%	;52	;Disminuir por91.0%	; --%	;
94	;(Miércoles)2026/03/04	;38	;Disminuir por80.1%	; --%	;43	;Disminuir por85.4%	; --%	;1948	;Disminuir por62.9%	; --%	;2839	;Disminuir por55.1%	; --%	;49	;Disminuir por87.9%	; --%	;60	;Disminuir por90.7%	; --%	;
95	;(Jueves)2026/03/05	;39	;Disminuir por79.4%	; --%	;35	;Disminuir por85.8%	; --%	;2199	;Disminuir por51.2%	; --%	;3220	;Disminuir por40.8%	; --%	;21	;Disminuir por95.2%	; --%	;37	;Disminuir por94.2%	; --%	;
96	;(Viernes)2026/03/06	;57	;Disminuir por67.8%	; --%	;73	;Disminuir por66.5%	; --%	;2222	;Disminuir por53.4%	; --%	;3366	;Disminuir por40.3%	; --%	;28	;Disminuir por90.8%	; --%	;39	;Disminuir por90.8%	; --%	;
97	;(Sábado)2026/03/07	;43	;Disminuir por83.2%	; --%	;46	;Disminuir por82.0%	; --%	;1915	;Disminuir por63.0%	; --%	;2761	;Disminuir por54.5%	; --%	;42	;Disminuir por82.4%	; --%	;61	;Disminuir por84.6%	; --%	;
98	;(Domingo)2026/03/08	;72	;Disminuir por62.7%	; --%	;85	;Disminuir por75.0%	; --%	;1410	;Disminuir por71.3%	; --%	;2063	;Disminuir por65.9%	; --%	;85	;Disminuir por77.9%	; --%	;169	;Disminuir por72.7%	; --%	;
99	;(Lunes)2026/03/09	;85	;Disminuir por70.3%	; --%	;100	;Disminuir por73.4%	; --%	;2336	;Disminuir por57.2%	; --%	;3505	;Disminuir por46.0%	; --%	;179	;Disminuir por60.6%	; --%	;252	;Disminuir por63.7%	; --%	;
100	;(Martes)2026/03/10	;58	;Disminuir por71.0%	; --%	;69	;Disminuir por77.5%	; --%	;2260	;Disminuir por46.4%	; --%	;3324	;Disminuir por31.8%	; --%	;80	;Disminuir por79.1%	; --%	;152	;Disminuir por71.1%	; --%	;
101	;(Miércoles)2026/03/11	;65	;Disminuir por68.0%	; --%	;98	;Disminuir por69.6%	; --%	;2077	;Disminuir por60.2%	; --%	;3242	;Disminuir por47.3%	; --%	;167	;Disminuir por58.6%	; --%	;257	;Disminuir por54.6%	; --%	;
102	;(Jueves)2026/03/12	;75	;Disminuir por68.1%	; --%	;100	;Disminuir por68.1%	; --%	;2180	;Disminuir por53.6%	; --%	;3373	;Disminuir por40.1%	; --%	;159	;Disminuir por62.3%	; --%	;253	;Disminuir por59.4%	; --%	;
103	;(Viernes)2026/03/13	;94	;Disminuir por59.1%	; --%	;113	;Disminuir por64.5%	; --%	;2463	;Disminuir por49.0%	; --%	;3592	;Disminuir por38.0%	; --%	;163	;Disminuir por62.0%	; --%	;265	;Disminuir por56.6%	; --%	;
104	;(Sábado)2026/03/14	;96	;Disminuir por49.2%	; --%	;133	;Disminuir por51.8%	; --%	;2351	;Disminuir por50.6%	; --%	;3341	;Disminuir por40.7%	; --%	;163	;Disminuir por62.5%	; --%	;253	;Disminuir por59.9%	; --%	;
105	;(Domingo)2026/03/15	;79	;Disminuir por69.4%	; --%	;114	;Disminuir por66.2%	; --%	;1644	;Disminuir por69.6%	; --%	;2435	;Disminuir por62.1%	; --%	;110	;Disminuir por74.5%	; --%	;172	;Disminuir por73.9%	; --%	;
106	;(Lunes)2026/03/16	;85	;Disminuir por65.4%	; --%	;121	;Disminuir por61.6%	; --%	;2526	;Disminuir por55.4%	; --%	;3672	;Disminuir por46.3%	; --%	;198	;Disminuir por52.6%	; --%	;295	;Disminuir por52.2%	; --%	;
107	;(Martes)2026/03/17	;95	;Disminuir por61.7%	; --%	;127	;Disminuir por68.3%	; --%	;2297	;Disminuir por48.2%	; --%	;3388	;Disminuir por39.6%	; --%	;205	;Disminuir por51.3%	; --%	;308	;Disminuir por55.6%	; --%	;
108	;(Miércoles)2026/03/18	;101	;Disminuir por67.2%	; --%	;155	;Disminuir por62.3%	; --%	;2409	;Disminuir por60.4%	; --%	;3180	;Disminuir por53.9%	; --%	;178	;Disminuir por66.5%	; --%	;246	;Disminuir por63.8%	; --%	;
109	;(Jueves)2026/03/19	;89	;Disminuir por64.8%	; --%	;119	;Disminuir por61.9%	; --%	;1685	;Disminuir por67.9%	; --%	;2520	;Disminuir por59.3%	; --%	;139	;Disminuir por71.1%	; --%	;236	;Disminuir por66.1%	; --%	;
110	;(Viernes)2026/03/20	;115	;Disminuir por45.8%	; --%	;128	;Disminuir por57.3%	; --%	;2530	;Disminuir por51.6%	; --%	;3776	;Disminuir por39.7%	; --%	;179	;Disminuir por59.1%	; --%	;310	;Disminuir por52.5%	; --%	;
111	;(Sábado)2026/03/21	;104	;Disminuir por57.2%	; --%	;140	;Disminuir por60.8%	; --%	;2305	;Disminuir por55.9%	; --%	;3372	;Disminuir por45.8%	; --%	;175	;Disminuir por63.9%	; --%	;296	;Disminuir por55.4%	; --%	;
112	;(Domingo)2026/03/22	;82	;Disminuir por69.3%	; --%	;123	;Disminuir por69.2%	; --%	;1577	;Disminuir por71.5%	; --%	;2357	;Disminuir por63.8%	; --%	;139	;Disminuir por69.4%	; --%	;200	;Disminuir por70.3%	; --%	;
113	;(Lunes)2026/03/23	;84	;Disminuir por67.3%	; --%	;112	;Disminuir por70.9%	; --%	;2559	;Disminuir por55.6%	; --%	;3772	;Disminuir por44.9%	; --%	;115	;Disminuir por76.2%	; --%	;178	;Disminuir por73.6%	; --%	;
114	;(Martes)2026/03/24	;96	;Disminuir por58.6%	; --%	;149	;Disminuir por51.5%	; --%	;2292	;Disminuir por51.5%	; --%	;3450	;Disminuir por36.8%	; --%	;159	;Disminuir por64.7%	; --%	;262	;Disminuir por57.7%	; --%	;
115	;(Miércoles)2026/03/25	;60	;Disminuir por76.8%	; --%	;92	;Disminuir por75.0%	; --%	;1224	;Disminuir por79.9%	; --%	;1952	;Disminuir por72.1%	; --%	;92	;Disminuir por81.2%	; --%	;170	;Disminuir por75.4%	; --%	;
116	;(Jueves)2026/03/26	;95	;Disminuir por51.8%	; --%	;130	;Disminuir por56.4%	; --%	;2376	;Disminuir por57.7%	; --%	;3528	;Disminuir por45.8%	; --%	;135	;Disminuir por74.5%	; --%	;278	;Disminuir por60.8%	; --%	;
117	;(Viernes)2026/03/27	;93	;Disminuir por57.9%	; --%	;115	;Disminuir por63.0%	; --%	;2951	;Disminuir por47.3%	; --%	;4190	;Disminuir por36.1%	; --%	;195	;Disminuir por58.2%	; --%	;288	;Disminuir por59.6%	; --%	;
118	;(Sábado)2026/03/28	;130	;Disminuir por52.0%	; --%	;158	;Disminuir por57.2%	; --%	;3130	;Disminuir por46.0%	; --%	;3958	;Disminuir por41.9%	; --%	;216	;Disminuir por56.7%	; --%	;325	;Disminuir por54.4%	; --%	;
119	;(Domingo)2026/03/29	;78	;Disminuir por70.9%	; --%	;97	;Disminuir por75.9%	; --%	;2056	;Disminuir por62.6%	; --%	;2568	;Disminuir por60.8%	; --%	;73	;Disminuir por84.1%	; --%	;114	;Disminuir por83.2%	; --%	;
120	;(Lunes)2026/03/30	;129	;Disminuir por51.3%	; --%	;181	;Disminuir por50.9%	; --%	;3681	;Disminuir por40.1%	; --%	;4731	;Disminuir por32.4%	; --%	;191	;Disminuir por62.0%	; --%	;312	;Disminuir por51.3%	; --%	;
121	;(Martes)2026/03/31	;162	;Disminuir por29.3%	; --%	;188	;Disminuir por31.9%	; --%	;3603	;Disminuir por23.3%	; --%	;4639	;Disminuir por14.8%	; --%	;184	;Disminuir por55.8%	; --%	;292	;Disminuir por50.3%	; --%	;
122	;(Miércoles)2026/04/01	;145	;Disminuir por49.1%	; --%	;206	;Disminuir por42.1%	; --%	;4114	;Disminuir por31.6%	; --%	;5262	;Disminuir por24.9%	; --%	;216	;Disminuir por50.8%	; --%	;327	;Disminuir por46.6%	; --%	;
123	;(Jueves)2026/04/02	;252	;Aumentar por9.6%	; --%	;355	;Aumentar por44.3%	; --%	;4716	;Disminuir por11.1%	; --%	;5992	;Disminuir por4.4%	; --%	;191	;Disminuir por45.7%	; --%	;341	;Disminuir por33.7%	; --%	;
124	;(Viernes)2026/04/03	;269	;Disminuir por4.6%	; --%	;421	;Aumentar por23.1%	; --%	;4223	;Disminuir por20.5%	; --%	;5566	;Disminuir por9.8%	; --%	;261	;Disminuir por44.7%	; --%	;457	;Disminuir por35.0%	; --%	;
125	;(Sábado)2026/04/04	;377	;Aumentar por25.7%	; --%	;542	;Aumentar por41.1%	; --%	;5085	;Disminuir por3.5%	; --%	;6420	;Aumentar por3.0%	; --%	;413	;Disminuir por5.1%	; --%	;531	;Disminuir por15.8%	; --%	;
126	;(Domingo)2026/04/05	;254	;Disminuir por7.3%	; --%	;400	;Aumentar por14.3%	; --%	;3833	;Disminuir por29.8%	; --%	;4599	;Disminuir por27.4%	; --%	;285	;Disminuir por36.8%	; --%	;424	;Disminuir por30.6%	; --%	;
127	;(Lunes)2026/04/06	;160	;Disminuir por46.1%	; --%	;266	;Disminuir por15.8%	; --%	;3217	;Disminuir por42.8%	; --%	;3840	;Disminuir por40.1%	; --%	;276	;Disminuir por31.5%	; --%	;393	;Disminuir por31.3%	; --%	;
128	;(Martes)2026/04/07	;143	;Disminuir por25.5%	; --%	;187	;Disminuir por26.7%	; --%	;3453	;Disminuir por18.1%	; --%	;4447	;Disminuir por8.8%	; --%	;281	;Disminuir por6.6%	; --%	;383	;Disminuir por17.6%	; --%	;
129	;(Miércoles)2026/04/08	;122	;Disminuir por47.9%	; --%	;160	;Disminuir por46.3%	; --%	;3128	;Disminuir por40.3%	; --%	;3897	;Disminuir por38.7%	; --%	;231	;Disminuir por44.5%	; --%	;353	;Disminuir por40.6%	; --%	;
130	;(Jueves)2026/04/09	;143	;Disminuir por26.3%	; --%	;186	;Disminuir por32.4%	; --%	;3014	;Disminuir por35.1%	; --%	;3822	;Disminuir por29.0%	; --%	;225	;Disminuir por44.9%	; --%	;363	;Disminuir por39.8%	; --%	;
131	;(Viernes)2026/04/10	;145	;Disminuir por43.8%	; --%	;202	;Disminuir por35.3%	; --%	;3079	;Disminuir por35.6%	; --%	;3964	;Disminuir por29.6%	; --%	;273	;Disminuir por32.6%	; --%	;370	;Disminuir por37.9%	; --%	;
132	;(Sábado)2026/04/11	;122	;Disminuir por41.9%	; --%	;148	;Disminuir por44.4%	; --%	;3139	;Disminuir por31.2%	; --%	;4040	;Disminuir por27.7%	; --%	;231	;Disminuir por34.7%	; --%	;375	;Disminuir por36.3%	; --%	;
133	;(Domingo)2026/04/12	;46	;Disminuir por77.7%	; --%	;54	;Disminuir por81.3%	; --%	;1714	;Disminuir por65.4%	; --%	;2281	;Disminuir por60.1%	; --%	;49	;Disminuir por87.2%	; --%	;95	;Disminuir por82.8%	; --%	;
134	;(Lunes)2026/04/13	;91	;Disminuir por59.0%	; --%	;109	;Disminuir por61.5%	; --%	;2227	;Disminuir por53.5%	; --%	;3260	;Disminuir por42.4%	; --%	;113	;Disminuir por72.1%	; --%	;222	;Disminuir por62.1%	; --%	;
135	;(Martes)2026/04/14	;71	;Disminuir por52.0%	; --%	;114	;Disminuir por45.2%	; --%	;2609	;Disminuir por29.8%	; --%	;3983	;Disminuir por7.2%	; --%	;178	;Disminuir por50.4%	; --%	;321	;Disminuir por40.3%	; --%	;
136	;(Miércoles)2026/04/15	;98	;Disminuir por45.3%	; --%	;124	;Disminuir por46.8%	; --%	;2509	;Disminuir por44.7%	; --%	;3648	;Disminuir por32.5%	; --%	;187	;Disminuir por45.8%	; --%	;320	;Disminuir por34.7%	; --%	;
137	;(Jueves)2026/04/16	;80	;Disminuir por52.4%	; --%	;116	;Disminuir por40.5%	; --%	;2546	;Disminuir por35.7%	; --%	;3646	;Disminuir por24.3%	; --%	;184	;Disminuir por49.7%	; --%	;290	;Disminuir por44.8%	; --%	;
138	;(Viernes)2026/04/17	;108	;Disminuir por24.5%	; --%	;147	;Disminuir por21.8%	; --%	;2667	;Disminuir por31.0%	; --%	;3866	;Disminuir por17.0%	; --%	;253	;Disminuir por31.6%	; --%	;417	;Disminuir por18.7%	; --%	;
139	;(Sábado)2026/04/18	;108	;Disminuir por34.1%	; --%	;170	;Disminuir por13.7%	; --%	;2731	;Disminuir por29.8%	; --%	;3697	;Disminuir por21.1%	; --%	;239	;Disminuir por21.9%	; --%	;362	;Disminuir por24.7%	; --%	;
140	;(Domingo)2026/04/19	;76	;Disminuir por32.7%	; --%	;128	;Aumentar por1.6%	; --%	;1822	;Disminuir por59.5%	; --%	;2429	;Disminuir por54.8%	; --%	;197	;Aumentar por21.6%	; --%	;308	;Aumentar por25.7%	; --%	;
141	;(Lunes)2026/04/20	;101	;Disminuir por36.1%	; --%	;129	;Disminuir por40.8%	; --%	;2814	;Disminuir por31.1%	; --%	;3816	;Disminuir por23.9%	; --%	;187	;Disminuir por48.9%	; --%	;310	;Disminuir por42.4%	; --%	;
142	;(Martes)2026/04/21	;118	;Disminuir por3.3%	; --%	;141	;Disminuir por17.5%	; --%	;2549	;Disminuir por20.3%	; --%	;3564	;Disminuir por1.8%	; --%	;203	;Disminuir por37.7%	; --%	;323	;Disminuir por26.8%	; --%	;
143	;(Miércoles)2026/04/22	;80	;Disminuir por40.3%	; --%	;92	;Disminuir por48.0%	; --%	;2625	;Disminuir por34.9%	; --%	;3589	;Disminuir por22.6%	; --%	;201	;Disminuir por35.2%	; --%	;293	;Disminuir por27.3%	; --%	;
144	;(Jueves)2026/04/23	;98	;Disminuir por43.7%	; --%	;117	;Disminuir por26.4%	; --%	;2922	;Disminuir por16.2%	; --%	;4000	;Disminuir por5.2%	; --%	;176	;Disminuir por41.3%	; --%	;303	;Disminuir por24.8%	; --%	;
145	;(Viernes)2026/04/24	;153	;Disminuir por0.6%	; --%	;168	;Disminuir por11.6%	; --%	;3226	;Disminuir por13.4%	; --%	;4444	;Aumentar por0.1%	; --%	;220	;Disminuir por41.5%	; --%	;347	;Disminuir por31.2%	; --%	;
146	;(Sábado)2026/04/25	;139	;Disminuir por13.1%	;Aumentar por1.5%	;196	;Disminuir por4.9%	;Aumentar por39.0%	;3074	;Disminuir por20.2%	;Aumentar por3.7%	;4003	;Disminuir por13.2%	;Aumentar por11.9%	;273	;Disminuir por34.8%	;Aumentar por22.4%	;421	;Disminuir por26.9%	;Aumentar por28.0%	;
147	;(Domingo)2026/04/26	;137	;Disminuir por14.9%	;Aumentar por3.8%	;205	;Aumentar por3.0%	;Aumentar por13.3%	;2061	;Disminuir por51.0%	;Disminuir por36.8%	;3288	;Disminuir por36.1%	;Disminuir por15.9%	;273	;Disminuir por33.1%	;Aumentar por2.2%	;380	;Disminuir por31.2%	;Aumentar por2.4%	;
148	;(Lunes)2026/04/27	;107	;Disminuir por43.4%	;Aumentar por5.9%	;149	;Disminuir por23.6%	;Aumentar por9.6%	;2871	;Disminuir por31.6%	;Aumentar por30.3%	;3975	;Disminuir por24.5%	;Aumentar por49.3%	;232	;Disminuir por38.9%	;Aumentar por23.4%	;386	;Disminuir por32.4%	;Aumentar por60.8%	;
149	;(Martes)2026/04/28	;112	;Disminuir por17.0%	;Aumentar por180.0%	;143	;Disminuir por26.3%	;Aumentar por120.0%	;2646	;Disminuir por21.6%	;Aumentar por153.2%	;3700	;Disminuir por0.1%	;Aumentar por188.2%	;192	;Disminuir por35.1%	;Aumentar por123.3%	;364	;Disminuir por14.4%	;Aumentar por180.0%	;
150	;(Miércoles)2026/04/29	;87	;Disminuir por29.3%	;Aumentar por8.8%	;93	;Disminuir por45.3%	;Disminuir por2.1%	;2874	;Disminuir por23.3%	;Aumentar por51.3%	;3946	;Disminuir por13.0%	;Aumentar por60.3%	;176	;Disminuir por53.8%	;Aumentar por17.3%	;319	;Disminuir por40.8%	;Aumentar por51.2%	;
151	;(Jueves)2026/04/30	;133	;Disminuir por2.2%	;Aumentar por15.7%	;144	;Disminuir por5.9%	;Aumentar por16.1%	;3391	;Aumentar por5.5%	;Sin cambios	;4699	;Aumentar por15.7%	;Aumentar por7.0%	;257	;Disminuir por29.0%	;Aumentar por18.4%	;424	;Disminuir por14.0%	;Aumentar por33.3%	;
152	;(Viernes)2026/05/01	;134	;Disminuir por6.3%	;Aumentar por25.2%	;118	;Disminuir por35.9%	;Disminuir por9.2%	;2689	;Disminuir por16.2%	;Aumentar por0.5%	;3446	;Disminuir por15.6%	;Aumentar por5.8%	;174	;Disminuir por51.8%	;Disminuir por24.7%	;267	;Disminuir por43.3%	;Disminuir por20.5%	;
153	;(Sábado)2026/05/02	;177	;Aumentar por17.2%	;Aumentar por4325.0%	;188	;Disminuir por2.6%	;Aumentar por9300.0%	;4153	;Aumentar por22.0%	;Aumentar por2845.4%	;5188	;Aumentar por20.9%	;Aumentar por3247.1%	;162	;Disminuir por55.7%	;Aumentar por1700.0%	;271	;Disminuir por46.8%	;Aumentar por2911.1%	;
154	;(Domingo)2026/05/03	;108	;Disminuir por15.0%	; --%	;117	;Disminuir por40.3%	; --%	;2473	;Disminuir por34.6%	; --%	;3156	;Disminuir por32.0%	; --%	;137	;Disminuir por60.7%	; --%	;181	;Disminuir por67.1%	; --%	;
155	;(Lunes)2026/05/04	;78	;Disminuir por52.7%	; --%	;76	;Disminuir por69.4%	; --%	;2871	;Disminuir por30.1%	; --%	;4048	;Disminuir por19.7%	; --%	;76	;Disminuir por79.7%	; --%	;139	;Disminuir por74.0%	; --%	;
156	;(Martes)2026/05/05	;68	;Disminuir por35.2%	;Aumentar por74.4%	;88	;Disminuir por29.0%	;Aumentar por91.3%	;2549	;Disminuir por14.6%	;Aumentar por190.0%	;3618	;Aumentar por10.5%	;Aumentar por182.7%	;150	;Disminuir por38.0%	;Aumentar por194.1%	;254	;Disminuir por18.8%	;Aumentar por279.1%	;
157	;(Miércoles)2026/05/06	;71	;Disminuir por55.1%	;Disminuir por38.3%	;121	;Disminuir por41.5%	;Aumentar por18.6%	;2597	;Disminuir por29.0%	;Disminuir por9.0%	;3687	;Disminuir por20.1%	;Disminuir por2.8%	;218	;Disminuir por23.8%	;Disminuir por3.5%	;327	;Disminuir por20.4%	;Aumentar por6.2%	;
158	;(Jueves)2026/05/07	;87	;Disminuir por40.0%	;Disminuir por23.0%	;113	;Disminuir por34.3%	;Disminuir por8.9%	;2599	;Disminuir por16.2%	;Disminuir por10.9%	;3691	;Disminuir por6.2%	;Disminuir por2.7%	;207	;Disminuir por23.6%	;Disminuir por11.5%	;333	;Disminuir por25.3%	;Disminuir por0.9%	;
159	;(Viernes)2026/05/08	;116	;Disminuir por23.2%	;Aumentar por81.3%	;147	;Disminuir por15.0%	;Aumentar por75.0%	;2923	;Disminuir por9.5%	;Disminuir por1.0%	;4055	;Disminuir por0.4%	;Aumentar por7.5%	;222	;Disminuir por19.6%	;Aumentar por113.5%	;390	;Disminuir por2.7%	;Aumentar por110.8%	;
160	;(Sábado)2026/05/09	;84	;Disminuir por28.8%	;Disminuir por40.8%	;94	;Disminuir por44.7%	;Disminuir por34.3%	;2757	;Disminuir por11.1%	;Disminuir por9.8%	;3760	;Disminuir por5.3%	;Disminuir por4.4%	;68	;Disminuir por78.0%	;Disminuir por69.8%	;128	;Disminuir por69.3%	;Disminuir por62.8%	;
161	;(Domingo)2026/05/10	;109	;Disminuir por1.8%	;Aumentar por17.2%	;154	;Disminuir por1.3%	;Aumentar por41.3%	;1847	;Disminuir por46.1%	;Disminuir por37.9%	;2529	;Disminuir por41.3%	;Disminuir por31.4%	;228	;Disminuir por32.1%	;Aumentar por13.4%	;330	;Disminuir por25.8%	;Aumentar por20.4%	;
162	;(Lunes)2026/05/11	;121	;Disminuir por8.3%	;Aumentar por45.8%	;144	;Disminuir por16.3%	;Aumentar por26.3%	;2880	;Disminuir por14.0%	;Aumentar por45.5%	;3961	;Disminuir por5.2%	;Aumentar por66.8%	;238	;Disminuir por23.7%	;Aumentar por36.8%	;378	;Disminuir por11.7%	;Aumentar por37.0%	;
163	;(Martes)2026/05/12	;83	;Disminuir por5.7%	;Disminuir por38.5%	;94	;Aumentar por5.6%	;Disminuir por33.8%	;2641	;Aumentar por24.2%	;Disminuir por9.4%	;3572	;Aumentar por35.6%	;Disminuir por8.0%	;229	;Aumentar por11.7%	;Aumentar por9.0%	;361	;Aumentar por26.7%	;Aumentar por15.3%	;
164	;(Miércoles)2026/05/13	;113	;Aumentar por61.4%	;Aumentar por3.7%	;141	;Aumentar por166.0%	;Aumentar por24.8%	;2723	;Aumentar por31.0%	;Aumentar por2.4%	;3771	;Aumentar por43.0%	;Aumentar por6.9%	;224	;Aumentar por700.0%	;Aumentar por7.7%	;361	;Aumentar por636.7%	;Aumentar por16.1%	;
165	;(Jueves)2026/05/14	;129	;Disminuir por7.9%	;Aumentar por130.4%	;131	;Disminuir por19.1%	;Aumentar por72.4%	;2852	;Aumentar por0.2%	;Aumentar por35.7%	;3904	;Aumentar por6.3%	;Aumentar por48.6%	;218	;Disminuir por7.2%	;Aumentar por35.4%	;332	;Disminuir por9.8%	;Aumentar por43.1%	;
166	;(Viernes)2026/05/15	;102	;Aumentar por17.2%	; --%	;150	;Aumentar por26.1%	; --%	;3320	;Aumentar por16.9%	; --%	;4547	;Aumentar por22.7%	; --%	;218	;Disminuir por22.1%	; --%	;344	;Disminuir por11.3%	; --%	;
167	;(Sábado)2026/05/16	;153	;Aumentar por37.8%	;Aumentar por212.2%	;228	;Aumentar por48.1%	;Aumentar por375.0%	;3125	;Aumentar por10.8%	;Aumentar por147.4%	;4160	;Aumentar por14.4%	;Aumentar por166.3%	;232	;Disminuir por26.1%	;Aumentar por157.8%	;425	;Aumentar por3.4%	;Aumentar por269.6%	;
168	;(Domingo)2026/05/17	;119	;Aumentar por9.2%	;Aumentar por3.5%	;148	;Aumentar por13.8%	;Disminuir por6.9%	;2134	;Disminuir por29.2%	;Disminuir por33.0%	;2788	;Disminuir por28.1%	;Disminuir por28.1%	;217	;Disminuir por33.0%	;Disminuir por23.6%	;331	;Disminuir por23.2%	;Disminuir por15.8%	;
169	;(Lunes)2026/05/18	;114	;Disminuir por13.6%	;Aumentar por31.0%	;143	;Disminuir por12.8%	;Aumentar por30.0%	;2970	;Disminuir por1.9%	;Aumentar por45.1%	;4097	;Aumentar por10.6%	;Aumentar por61.9%	;226	;Disminuir por25.9%	;Aumentar por1.8%	;363	;Disminuir por21.6%	;Aumentar por19.0%	;
170	;(Martes)2026/05/19	;108	;Aumentar por18.7%	;Disminuir por15.0%	;121	;Disminuir por6.9%	;Disminuir por28.8%	;2719	;Aumentar por44.3%	;Disminuir por8.7%	;3790	;Aumentar por60.7%	;Disminuir por0.8%	;227	;Aumentar por6.6%	;Disminuir por15.0%	;375	;Aumentar por16.8%	;Disminuir por1.3%	;
171	;(Miércoles)2026/05/20	;110	;Disminuir por29.5%	;Aumentar por0.9%	;118	;Disminuir por43.0%	;Disminuir por28.0%	;2742	;Disminuir por7.3%	;Disminuir por0.9%	;3699	;Disminuir por4.9%	;Aumentar por2.0%	;252	;Disminuir por1.6%	;Disminuir por9.7%	;388	;Disminuir por3.2%	;Aumentar por3.2%	;
172	;(Jueves)2026/05/21	;99	;Disminuir por13.2%	;Disminuir por18.2%	;137	;Disminuir por11.6%	;Aumentar por1.5%	;2835	;Aumentar por2.3%	;Disminuir por4.1%	;3890	;Aumentar por7.3%	;Aumentar por6.0%	;279	;Aumentar por14.8%	;Aumentar por10.3%	;423	;Aumentar por23.0%	;Aumentar por17.2%	;
173	;(Viernes)2026/05/22	;125	;Aumentar por12.6%	;Aumentar por42.0%	;168	;Aumentar por12.0%	;Aumentar por46.1%	;3205	;Aumentar por7.6%	;Aumentar por9.8%	;4369	;Aumentar por13.0%	;Aumentar por17.4%	;269	;Aumentar por2.7%	;Aumentar por23.4%	;421	;Aumentar por16.3%	;Aumentar por17.9%	;
174	;(Sábado)2026/05/23	;153	;Aumentar por104.0%	;Aumentar por21.4%	;209	;Aumentar por132.2%	;Aumentar por29.0%	;3191	;Aumentar por71.0%	;Aumentar por1.8%	;4262	;Aumentar por81.3%	;Aumentar por4.9%	;329	;Aumentar por141.9%	;Aumentar por5.1%	;453	;Aumentar por137.2%	;Aumentar por10.0%	;
175	;(Domingo)2026/05/24	;170	;Aumentar por107.3%	;Aumentar por36.0%	;162	;Aumentar por47.3%	;Disminuir por2.4%	;2281	;Disminuir por29.4%	;Disminuir por26.5%	;2985	;Disminuir por26.1%	;Disminuir por22.9%	;242	;Aumentar por74.1%	;Disminuir por14.2%	;332	;Aumentar por59.6%	;Disminuir por19.6%	;
176	;(Lunes)2026/05/25	;109	;Aumentar por165.9%	;Aumentar por6.9%	;152	;Aumentar por192.3%	;Aumentar por13.4%	;3444	;Aumentar por43.7%	;Aumentar por64.5%	;4589	;Aumentar por66.3%	;Aumentar por78.8%	;279	;Aumentar por720.6%	;Aumentar por50.8%	;448	;Aumentar por941.9%	;Aumentar por58.3%	;
177	;(Martes)2026/05/26	;91	;Aumentar por106.8%	;Disminuir por9.9%	;154	;Aumentar por208.0%	;Aumentar por10.0%	;2946	;Aumentar por119.7%	;Disminuir por3.8%	;4066	;Aumentar por149.4%	;Aumentar por4.1%	;271	;Aumentar por530.2%	;Aumentar por3.0%	;396	;Aumentar por473.9%	;Aumentar por13.1%	;
178	;(Miércoles)2026/05/27	;109	;Aumentar por78.7%	;Aumentar por11.2%	;156	;Aumentar por178.6%	;Aumentar por52.9%	;2934	;Aumentar por11.2%	;Aumentar por5.4%	;3947	;Aumentar por11.4%	;Aumentar por7.7%	;276	;Aumentar por294.3%	;Disminuir por1.4%	;422	;Aumentar por339.6%	;Aumentar por14.4%	;
179	;(Jueves)2026/05/28	;105	;Aumentar por2.9%	;Aumentar por16.7%	;146	;Aumentar por9.0%	;Aumentar por19.7%	;2957	;Aumentar por10.8%	;Aumentar por0.9%	;4071	;Aumentar por14.0%	;Aumentar por7.9%	;274	;Aumentar por37.0%	;Aumentar por7.0%	;402	;Aumentar por35.8%	;Aumentar por8.4%	;
180	;(Viernes)2026/05/29	;114	;Aumentar por29.5%	;Aumentar por42.5%	;159	;Aumentar por8.9%	;Aumentar por25.2%	;3447	;Aumentar por32.5%	;Aumentar por13.1%	;4671	;Aumentar por38.2%	;Aumentar por19.9%	;285	;Aumentar por39.7%	;Aumentar por17.8%	;416	;Aumentar por39.1%	;Aumentar por16.5%	;
181	;(Sábado)2026/05/30	;137	;Aumentar por37.0%	;Aumentar por33.0%	;186	;Aumentar por30.1%	;Aumentar por34.8%	;3367	;Aumentar por31.1%	;Disminuir por3.1%	;4436	;Aumentar por31.6%	;Aumentar por3.0%	;275	;Aumentar por15.1%	;Disminuir por13.2%	;445	;Aumentar por21.6%	;Disminuir por2.6%	;
182	;(Domingo)2026/05/31	;81	;Disminuir por22.9%	;Aumentar por17.4%	;138	;Disminuir por29.6%	;Disminuir por9.2%	;2506	;Disminuir por10.9%	;Disminuir por29.0%	;3195	;Disminuir por14.2%	;Disminuir por26.2%	;238	;Disminuir por55.7%	;Disminuir por26.1%	;356	;Disminuir por48.1%	;Disminuir por23.1%	;
183	;(Lunes)2026/06/01	;83	;Disminuir por37.6%	;Sin cambios	;127	;Disminuir por61.2%	;Disminuir por4.5%	;3366	;Aumentar por19.7%	;Aumentar por35.9%	;4547	;Aumentar por28.6%	;Aumentar por53.4%	;273	;Disminuir por69.2%	;Aumentar por4.6%	;442	;Disminuir por60.0%	;Aumentar por23.1%	;
184	;(Martes)2026/06/02	;101	;Disminuir por13.7%	;Disminuir por17.9%	;142	;Disminuir por40.8%	;Disminuir por3.4%	;3037	;Aumentar por55.9%	;Disminuir por14.2%	;4134	;Aumentar por74.7%	;Disminuir por7.7%	;285	;Disminuir por62.9%	;Disminuir por8.9%	;430	;Disminuir por49.7%	;Aumentar por0.7%	;
185	;(Miércoles)2026/06/03	;106	;Aumentar por6.0%	;Aumentar por11.6%	;135	;Disminuir por18.7%	;Aumentar por7.1%	;2989	;Aumentar por4.8%	;Disminuir por2.6%	;4121	;Aumentar por11.9%	;Aumentar por3.5%	;265	;Disminuir por8.3%	;Aumentar por1.1%	;426	;Aumentar por17.0%	;Aumentar por12.4%	;
186	;(Jueves)2026/06/04	;95	;Aumentar por2.2%	;Aumentar por21.8%	;162	;Aumentar por38.5%	;Aumentar por30.6%	;2976	;Aumentar por15.6%	;Disminuir por1.2%	;4132	;Aumentar por22.4%	;Aumentar por6.7%	;326	;Aumentar por46.8%	;Aumentar por23.5%	;494	;Aumentar por46.2%	;Aumentar por20.2%	;
187	;(Viernes)2026/06/05	;110	;Aumentar por25.0%	;Aumentar por0.9%	;156	;Aumentar por21.9%	;Aumentar por39.3%	;3717	;Aumentar por40.9%	;Aumentar por21.9%	;4995	;Aumentar por47.8%	;Aumentar por29.2%	;136	;Disminuir por44.3%	;Disminuir por57.0%	;247	;Disminuir por26.3%	;Disminuir por41.6%	;
188	;(Sábado)2026/06/06	;184	;Aumentar por50.8%	;Aumentar por89.7%	;231	;Aumentar por52.0%	;Aumentar por63.8%	;3426	;Aumentar por31.1%	;Disminuir por3.1%	;4652	;Aumentar por36.3%	;Aumentar por3.0%	;306	;Aumentar por26.4%	;Disminuir por4.1%	;478	;Aumentar por38.2%	;Aumentar por0.4%	;
189	;(Domingo)2026/06/07	;113	;Aumentar por22.8%	;Disminuir por29.4%	;166	;Aumentar por11.4%	;Disminuir por25.2%	;2400	;Disminuir por16.3%	;Disminuir por38.5%	;3068	;Disminuir por18.3%	;Disminuir por36.5%	;279	;Aumentar por24.0%	;Disminuir por27.5%	;400	;Aumentar por29.9%	;Disminuir por29.9%	;
190	;(Lunes)2026/06/08	;161	;Aumentar por36.4%	;Aumentar por69.5%	;224	;Aumentar por67.2%	;Aumentar por82.1%	;3534	;Aumentar por26.9%	;Aumentar por24.4%	;4677	;Aumentar por35.9%	;Aumentar por44.6%	;306	;Aumentar por35.4%	;Aumentar por1.3%	;462	;Aumentar por31.3%	;Aumentar por10.5%	;
191	;(Martes)2026/06/09	;99	;Aumentar por94.1%	;Disminuir por22.0%	;173	;Aumentar por147.1%	;Disminuir por2.3%	;3072	;Aumentar por74.0%	;Disminuir por22.8%	;4238	;Aumentar por96.9%	;Disminuir por11.2%	;284	;Aumentar por222.7%	;Disminuir por9.8%	;453	;Aumentar por277.5%	;Aumentar por9.2%	;
192	;(Miércoles)2026/06/10	;132	;Aumentar por32.0%	;Aumentar por22.2%	;191	;Aumentar por33.6%	;Aumentar por36.4%	;3103	;Aumentar por16.9%	;Disminuir por4.6%	;4238	;Aumentar por20.1%	;Aumentar por2.8%	;273	;Aumentar por31.9%	;Disminuir por4.9%	;422	;Aumentar por49.6%	;Aumentar por3.9%	;
193	;(Jueves)2026/06/11	;135	;Aumentar por55.2%	;Aumentar por19.5%	;191	;Aumentar por27.3%	;Aumentar por20.9%	;3216	;Aumentar por25.5%	;Disminuir por0.5%	;4398	;Aumentar por30.4%	;Aumentar por5.0%	;297	;Aumentar por43.5%	;Disminuir por5.4%	;460	;Aumentar por66.7%	;Aumentar por2.2%	;
194	;(Viernes)2026/06/12	;112	;Aumentar por77.8%	;Aumentar por2.8%	;191	;Aumentar por75.2%	;Aumentar por42.5%	;3617	;Aumentar por37.1%	;Aumentar por14.0%	;4868	;Aumentar por41.0%	;Aumentar por17.9%	;306	;Aumentar por88.9%	;Disminuir por1.9%	;529	;Aumentar por115.0%	;Aumentar por9.1%	;
195	;(Sábado)2026/06/13	;175	;Aumentar por59.1%	;Aumentar por53.5%	;237	;Aumentar por109.7%	;Aumentar por64.6%	;3616	;Aumentar por41.0%	;Disminuir por6.2%	;4787	;Aumentar por46.3%	;Aumentar por3.0%	;353	;Aumentar por50.9%	;Disminuir por4.3%	;551	;Aumentar por73.3%	;Aumentar por6.0%	;
196	;(Domingo)2026/06/14	;91	;Aumentar por1.1%	;Disminuir por26.0%	;186	;Aumentar por31.9%	;Aumentar por10.1%	;2682	;Disminuir por10.9%	;Disminuir por29.0%	;3342	;Disminuir por12.7%	;Disminuir por27.7%	;251	;Disminuir por2.7%	;Disminuir por27.2%	;404	;Aumentar por18.5%	;Disminuir por14.6%	;
197	;(Lunes)2026/06/15	;110	;Aumentar por15.8%	;Aumentar por8.9%	;200	;Aumentar por68.1%	;Aumentar por50.4%	;3325	;Aumentar por33.5%	;Aumentar por22.7%	;4469	;Aumentar por44.0%	;Aumentar por41.0%	;294	;Aumentar por43.4%	;Disminuir por1.7%	;475	;Aumentar por80.6%	;Aumentar por24.0%	;
198	;(Martes)2026/06/16	;103	;Aumentar por30.4%	;Disminuir por8.8%	;167	;Aumentar por44.0%	;Aumentar por14.4%	;3096	;Aumentar por90.6%	;Disminuir por17.0%	;4229	;Aumentar por101.6%	;Disminuir por9.2%	;311	;Aumentar por69.0%	;Aumentar por3.7%	;484	;Aumentar por86.9%	;Aumentar por11.3%	;
199	;(Miércoles)2026/06/17	;101	;Aumentar por3.1%	;Disminuir por15.1%	;167	;Aumentar por14.4%	;Aumentar por17.6%	;3208	;Aumentar por28.7%	;Disminuir por3.1%	;4334	;Aumentar por27.7%	;Aumentar por3.8%	;312	;Aumentar por55.2%	;Disminuir por9.3%	;473	;Aumentar por73.3%	;Disminuir por10.4%	;
200	;(Jueves)2026/06/18	;126	;Aumentar por29.9%	;Disminuir por3.8%	;167	;Aumentar por35.8%	;Aumentar por4.4%	;3361	;Aumentar por42.3%	;Aumentar por0.4%	;4565	;Aumentar por48.5%	;Aumentar por9.7%	;280	;Aumentar por77.2%	;Disminuir por12.8%	;458	;Aumentar por89.3%	;Disminuir por6.9%	;
201	;(Viernes)2026/06/19	;146	;Aumentar por80.2%	;Aumentar por60.4%	;227	;Aumentar por194.8%	;Aumentar por104.5%	;3636	;Aumentar por56.2%	;Aumentar por3.8%	;4880	;Aumentar por56.1%	;Aumentar por14.7%	;318	;Aumentar por148.4%	;Disminuir por6.2%	;558	;Aumentar por184.7%	;Aumentar por6.5%	;
202	;(Sábado)2026/06/20	;178	;Aumentar por83.5%	;Aumentar por56.1%	;234	;Aumentar por91.8%	;Aumentar por59.2%	;4094	;Aumentar por65.9%	;Aumentar por5.7%	;5312	;Aumentar por68.4%	;Aumentar por9.6%	;345	;Aumentar por151.8%	;Aumentar por1.5%	;517	;Aumentar por136.1%	;Aumentar por1.0%	;
203	;(Domingo)2026/06/21	;103	;Disminuir por14.2%	;Disminuir por27.5%	;159	;Aumentar por8.9%	;Disminuir por25.4%	;2589	;Aumentar por1.6%	;Disminuir por39.1%	;3400	;Aumentar por0.3%	;Disminuir por33.3%	;270	;Aumentar por52.5%	;Disminuir por27.6%	;438	;Aumentar por61.0%	;Disminuir por15.8%	;
204	;(Lunes)2026/06/22	;166	;Aumentar por31.7%	;Aumentar por58.1%	;262	;Aumentar por57.8%	;Aumentar por54.1%	;4162	;Aumentar por79.6%	;Aumentar por56.1%	;5435	;Aumentar por81.7%	;Aumentar por65.7%	;322	;Aumentar por161.8%	;Aumentar por0.9%	;534	;Aumentar por182.5%	;Aumentar por18.1%	;
205	;(Martes)2026/06/23	;123	;Aumentar por28.1%	;Aumentar por89.2%	;182	;Aumentar por52.9%	;Aumentar por70.1%	;3705	;Aumentar por137.5%	;Aumentar por145.2%	;4959	;Aumentar por144.4%	;Aumentar por144.9%	;326	;Aumentar por136.2%	;Aumentar por162.9%	;579	;Aumentar por193.9%	;Aumentar por213.0%	;
206	;(Miércoles)2026/06/24	;154	;Aumentar por37.5%	;Aumentar por10.0%	;226	;Aumentar por45.8%	;Aumentar por9.7%	;3340	;Aumentar por39.6%	;Disminuir por13.9%	;4220	;Aumentar por31.3%	;Disminuir por6.2%	;317	;Aumentar por69.5%	;Disminuir por11.2%	;528	;Aumentar por102.3%	;Aumentar por5.2%	;
207	;(Jueves)2026/06/25	;156	;Aumentar por56.0%	;Aumentar por24.8%	;198	;Aumentar por65.0%	;Aumentar por20.7%	;4034	;Aumentar por77.1%	;Aumentar por3.0%	;5224	;Aumentar por73.2%	;Aumentar por10.6%	;298	;Aumentar por85.1%	;Disminuir por17.9%	;498	;Aumentar por111.0%	;Disminuir por2.2%	;
208	;(Viernes)2026/06/26	;121	;Aumentar por47.6%	;Aumentar por10.0%	;205	;Aumentar por60.2%	;Aumentar por17.1%	;4381	;Aumentar por94.8%	;Aumentar por12.0%	;5638	;Aumentar por88.3%	;Aumentar por20.0%	;355	;Aumentar por117.8%	;Disminuir por4.8%	;529	;Aumentar por154.3%	;Disminuir por4.0%	;
209	;(Sábado)2026/06/27	;157	;Aumentar por91.5%	;Aumentar por1.3%	;225	;Aumentar por125.0%	;Aumentar por14.2%	;4324	;Aumentar por86.9%	;Aumentar por4.4%	;5709	;Aumentar por89.0%	;Aumentar por11.4%	;325	;Aumentar por103.1%	;Disminuir por26.1%	;561	;Aumentar por163.4%	;Disminuir por1.4%	;
210	;(Domingo)2026/06/28	;108	;Aumentar por3.8%	;Disminuir por18.2%	;180	;Aumentar por24.1%	;Disminuir por1.6%	;3706	;Aumentar por45.5%	;Disminuir por14.0%	;4522	;Aumentar por32.5%	;Disminuir por12.7%	;269	;Aumentar por71.3%	;Disminuir por32.2%	;447	;Aumentar por91.0%	;Disminuir por15.0%	;
211	;(Lunes)2026/06/29	;143	;Aumentar por26.5%	;Aumentar por52.1%	;233	;Aumentar por67.6%	;Aumentar por40.4%	;4123	;Aumentar por77.2%	;Aumentar por19.6%	;5308	;Aumentar por72.4%	;Aumentar por34.8%	;342	;Aumentar por101.2%	;Aumentar por1.8%	;551	;Aumentar por121.3%	;Aumentar por18.0%	;
212	;(Martes)2026/06/30	;114	;Aumentar por40.7%	;Aumentar por5.6%	;196	;Aumentar por49.6%	;Aumentar por4.8%	;3891	;Aumentar por184.0%	;Disminuir por5.3%	;4980	;Aumentar por169.0%	;Disminuir por2.3%	;312	;Aumentar por151.6%	;Disminuir por14.0%	;492	;Aumentar por151.0%	;Aumentar por4.0%	;
213	;(Miércoles)2026/07/01	;106	;Disminuir por2.8%	;Aumentar por60.6%	;178	;Aumentar por49.6%	;Aumentar por119.8%	;3811	;Aumentar por60.9%	;Aumentar por52.1%	;4925	;Aumentar por56.5%	;Aumentar por64.0%	;308	;Aumentar por75.0%	;Aumentar por31.6%	;516	;Aumentar por127.3%	;Aumentar por47.9%	;
214	;(Jueves)2026/07/02	;136	;Aumentar por21.4%	;Aumentar por52.8%	;223	;Aumentar por78.4%	;Aumentar por61.6%	;3788	;Aumentar por69.2%	;Aumentar por51.6%	;4920	;Aumentar por64.1%	;Aumentar por57.9%	;349	;Aumentar por131.1%	;Aumentar por59.4%	;571	;Aumentar por137.9%	;Aumentar por97.6%	;
215	;(Viernes)2026/07/03	;175	;Aumentar por124.4%	;Aumentar por45.8%	;214	;Aumentar por137.8%	;Aumentar por28.9%	;4171	;Aumentar por84.1%	;Aumentar por4.2%	;5391	;Aumentar por80.7%	;Aumentar por10.9%	;386	;Aumentar por192.4%	;Aumentar por1.0%	;573	;Aumentar por249.4%	;Aumentar por9.4%	;
216	;(Sábado)2026/07/04	;163	;Aumentar por83.1%	;Aumentar por14.8%	;233	;Aumentar por119.8%	;Aumentar por16.5%	;4497	;Aumentar por95.4%	;Aumentar por3.0%	;5755	;Aumentar por88.9%	;Aumentar por7.8%	;350	;Aumentar por243.1%	;Disminuir por16.1%	;582	;Aumentar por223.3%	;Aumentar por4.9%	;
217	;(Domingo)2026/07/05	;117	;Aumentar por7.3%	;Disminuir por33.5%	;200	;Aumentar por44.9%	;Disminuir por13.0%	;3592	;Aumentar por42.6%	;Disminuir por22.3%	;4465	;Aumentar por30.9%	;Disminuir por19.2%	;258	;Aumentar por186.7%	;Disminuir por28.9%	;466	;Aumentar por193.1%	;Disminuir por12.4%	;
218	;(Lunes)2026/07/06	;168	;Aumentar por20.9%	;Aumentar por20.0%	;253	;Aumentar por69.8%	;Aumentar por35.3%	;4238	;Aumentar por83.5%	;Aumentar por17.0%	;5428	;Aumentar por84.6%	;Aumentar por28.1%	;389	;Aumentar por263.6%	;Aumentar por9.9%	;597	;Aumentar por255.4%	;Aumentar por22.3%	;
219	;(Martes)2026/07/07	;151	;Aumentar por73.6%	;Disminuir por2.6%	;201	;Aumentar por86.1%	;Disminuir por0.5%	;3960	;Aumentar por157.3%	;Disminuir por11.4%	;5129	;Aumentar por171.4%	;Disminuir por7.5%	;307	;Aumentar por151.6%	;Disminuir por26.9%	;542	;Aumentar por194.6%	;Disminuir por5.1%	;
220	;(Miércoles)2026/07/08	;167	;Aumentar por85.6%	;Disminuir por22.7%	;221	;Aumentar por84.2%	;Disminuir por4.3%	;4132	;Aumentar por81.5%	;Disminuir por3.1%	;5341	;Aumentar por75.2%	;Aumentar por3.1%	;361	;Aumentar por95.1%	;Disminuir por18.5%	;596	;Aumentar por137.5%	;Aumentar por8.4%	;
221	;(Jueves)2026/07/09	;156	;Aumentar por95.0%	;Disminuir por13.3%	;205	;Aumentar por111.3%	;Aumentar por11.4%	;4236	;Aumentar por91.2%	;Disminuir por7.3%	;5491	;Aumentar por86.7%	;Aumentar por3.2%	;360	;Aumentar por267.3%	;Aumentar por166.7%	;598	;Aumentar por283.3%	;Aumentar por205.1%	;
222	;(Viernes)2026/07/10	;192	;Aumentar por204.8%	;Aumentar por24.7%	;264	;Aumentar por234.2%	;Aumentar por35.4%	;4382	;Aumentar por95.4%	;Aumentar por7.8%	;5753	;Aumentar por94.9%	;Aumentar por17.3%	;342	;Aumentar por307.1%	;Aumentar por0.6%	;582	;Aumentar por377.0%	;Aumentar por1.0%	;
223	;(Sábado)2026/07/11	;199	;Aumentar por114.0%	;Aumentar por3.1%	;306	;Aumentar por161.5%	;Aumentar por34.8%	;4812	;Aumentar por112.3%	;Aumentar por1.6%	;6320	;Aumentar por110.6%	;Aumentar por15.5%	;395	;Aumentar por208.6%	;Aumentar por25.8%	;635	;Aumentar por237.8%	;Aumentar por37.7%	;
224	;(Domingo)2026/07/12	;202	;Aumentar por92.4%	;Aumentar por35.6%	;256	;Aumentar por70.7%	;Aumentar por52.4%	;4028	;Aumentar por33.0%	;Disminuir por15.0%	;5006	;Aumentar por21.4%	;Disminuir por10.5%	;313	;Aumentar por158.7%	;Aumentar por88.6%	;563	;Aumentar por155.9%	;Aumentar por127.9%	;
225	;(Lunes)2026/07/13	;186	;Aumentar por43.1%	;Aumentar por12.7%	;254	;Aumentar por93.9%	;Aumentar por4.5%	;4758	;Aumentar por80.6%	;Aumentar por29.8%	;6392	;Aumentar por91.0%	;Aumentar por47.9%	;344	;Aumentar por97.7%	;Disminuir por1.4%	;586	;Aumentar por199.0%	;Aumentar por11.4%	;
226	;(Martes)2026/07/14	;113	;Aumentar por61.4%	;Disminuir por52.7%	;121	;Aumentar por8.0%	;Disminuir por53.1%	;2122	;Aumentar por28.1%	;Disminuir por56.5%	;2542	;Aumentar por23.6%	;Disminuir por55.7%	;193	;Aumentar por103.2%	;Disminuir por49.2%	;307	;Aumentar por103.3%	;Disminuir por46.6%	;

Exportar contenido:Subtipos de vehículos a motor	;
Hora del informe: 2025/12/01 00:00:00 - 2026/07/14 23:59:59	;

N.º	;Hora	;Autobuses	; 	; 	; 	; 	; 	;Monovolúmenes	; 	; 	; 	; 	; 	;Sedanes pequeños	; 	; 	; 	; 	; 	;Camiones	;
	;	;Avanzar	; 	; 	;Retroceso	; 	; 	;Avanzar	; 	; 	;Retroceso	; 	; 	;Avanzar	; 	; 	;Retroceso	; 	; 	;Avanzar	; 	; 	;Retroceso	;
	;	;Valor	;Tasa de cambio (ciclo tras ciclo)	;Tasa de cambio (año tras año)	;Valor	;Tasa de cambio (ciclo tras ciclo)	;Tasa de cambio (año tras año)	;Valor	;Tasa de cambio (ciclo tras ciclo)	;Tasa de cambio (año tras año)	;Valor	;Tasa de cambio (ciclo tras ciclo)	;Tasa de cambio (año tras año)	;Valor	;Tasa de cambio (ciclo tras ciclo)	;Tasa de cambio (año tras año)	;Valor	;Tasa de cambio (ciclo tras ciclo)	;Tasa de cambio (año tras año)	;Valor	;Tasa de cambio (ciclo tras ciclo)	;Tasa de cambio (año tras año)	;Valor	;Tasa de cambio (ciclo tras ciclo)	;Tasa de cambio (año tras año)	;
1	;(Lunes)2025/12/01	;28	; --%	; --%	;27	; --%	; --%	;322	; --%	; --%	;257	; --%	; --%	;1985	; --%	; --%	;2907	; --%	; --%	;53	; --%	; --%	;62	; --%	; --%	;
2	;(Martes)2025/12/02	;25	; --%	; --%	;22	; --%	; --%	;284	; --%	; --%	;231	; --%	; --%	;1951	; --%	; --%	;2761	; --%	; --%	;45	; --%	; --%	;50	; --%	; --%	;
3	;(Miércoles)2025/12/03	;25	; --%	; --%	;17	; --%	; --%	;330	; --%	; --%	;247	; --%	; --%	;1950	; --%	; --%	;2809	; --%	; --%	;51	; --%	; --%	;43	; --%	; --%	;
4	;(Jueves)2025/12/04	;26	; --%	; --%	;16	; --%	; --%	;298	; --%	; --%	;253	; --%	; --%	;2067	; --%	; --%	;2941	; --%	; --%	;51	; --%	; --%	;41	; --%	; --%	;
5	;(Viernes)2025/12/05	;26	; --%	; --%	;20	; --%	; --%	;364	; --%	; --%	;305	; --%	; --%	;2374	; --%	; --%	;3404	; --%	; --%	;51	; --%	; --%	;54	; --%	; --%	;
6	;(Sábado)2025/12/06	;38	; --%	; --%	;30	; --%	; --%	;216	; --%	; --%	;236	; --%	; --%	;2921	; --%	; --%	;3954	; --%	; --%	;24	; --%	; --%	;23	; --%	; --%	;
7	;(Domingo)2025/12/07	;22	;Disminuir por21.4%	; --%	;17	;Sin cambios	; --%	;157	;Disminuir por61.1%	; --%	;139	;Disminuir por51.4%	; --%	;2513	;Aumentar por1.5%	; --%	;3452	;Aumentar por7.0%	; --%	;14	;Disminuir por74.5%	; --%	;17	;Disminuir por64.6%	; --%	;
8	;(Lunes)2025/12/08	;33	;Disminuir por21.4%	; --%	;19	;Disminuir por29.6%	; --%	;181	;Disminuir por40.5%	; --%	;159	;Disminuir por29.0%	; --%	;1848	;Disminuir por35.9%	; --%	;2512	;Disminuir por30.8%	; --%	;14	;Disminuir por56.3%	; --%	;17	;Disminuir por46.9%	; --%	;
9	;(Martes)2025/12/09	;37	;Sin cambios	; --%	;35	;Aumentar por75.0%	; --%	;307	;Aumentar por66.8%	; --%	;245	;Aumentar por67.8%	; --%	;2004	;Aumentar por2.5%	; --%	;3045	;Aumentar por23.0%	; --%	;55	;Aumentar por96.4%	; --%	;58	;Aumentar por176.2%	; --%	;
10	;(Miércoles)2025/12/10	;18	;Disminuir por25.0%	; --%	;19	;Aumentar por18.8%	; --%	;296	;Aumentar por81.6%	; --%	;237	;Aumentar por70.5%	; --%	;1817	;Aumentar por122.1%	; --%	;2822	;Aumentar por155.6%	; --%	;65	;Aumentar por75.7%	; --%	;75	;Aumentar por200.0%	; --%	;
11	;(Jueves)2025/12/11	;19	;Aumentar por46.2%	; --%	;17	;Aumentar por54.5%	; --%	;272	;Aumentar por14.3%	; --%	;222	;Aumentar por32.9%	; --%	;1782	;Aumentar por9.7%	; --%	;2654	;Aumentar por17.3%	; --%	;57	;Aumentar por119.2%	; --%	;69	;Aumentar por200.0%	; --%	;
12	;(Viernes)2025/12/12	;25	;Disminuir por40.5%	; --%	;26	;Disminuir por38.1%	; --%	;269	;Disminuir por37.7%	; --%	;245	;Disminuir por29.4%	; --%	;1981	;Disminuir por30.3%	; --%	;3075	;Disminuir por21.9%	; --%	;35	;Disminuir por52.7%	; --%	;50	;Disminuir por24.2%	; --%	;
13	;(Sábado)2025/12/13	;18	;Disminuir por18.2%	; --%	;18	;Aumentar por12.5%	; --%	;202	;Disminuir por7.3%	; --%	;142	;Disminuir por20.7%	; --%	;2012	;Disminuir por16.5%	; --%	;2833	;Disminuir por6.9%	; --%	;14	;Disminuir por41.7%	; --%	;26	;Aumentar por52.9%	; --%	;
14	;(Domingo)2025/12/14	;22	; --%	; --%	;26	; --%	; --%	;89	;Aumentar por394.4%	; --%	;67	;Aumentar por318.8%	; --%	;973	;Aumentar por753.5%	; --%	;1261	;Aumentar por848.1%	; --%	;12	;Aumentar por33.3%	; --%	;33	;Aumentar por450.0%	; --%	;
15	;(Lunes)2025/12/15	;21	; --%	; --%	;17	; --%	; --%	;317	; --%	; --%	;261	; --%	; --%	;1743	; --%	; --%	;2650	; --%	; --%	;33	; --%	; --%	;55	; --%	; --%	;
16	;(Martes)2025/12/16	;19	; --%	; --%	;19	; --%	; --%	;294	; --%	; --%	;222	; --%	; --%	;1773	; --%	; --%	;2674	; --%	; --%	;52	; --%	; --%	;56	; --%	; --%	;
17	;(Miércoles)2025/12/17	;14	; --%	; --%	;15	;Aumentar por1400.0%	; --%	;265	;Aumentar por150.0%	; --%	;174	;Aumentar por176.2%	; --%	;1636	;Aumentar por112.2%	; --%	;2633	;Aumentar por117.6%	; --%	;42	;Aumentar por950.0%	; --%	;56	;Aumentar por833.3%	; --%	;
18	;(Jueves)2025/12/18	;22	;Disminuir por35.3%	; --%	;14	;Disminuir por51.7%	; --%	;306	;Disminuir por26.4%	; --%	;250	;Disminuir por20.1%	; --%	;1853	;Disminuir por21.0%	; --%	;2812	;Disminuir por17.0%	; --%	;63	;Aumentar por5.0%	; --%	;55	;Disminuir por12.7%	; --%	;
19	;(Viernes)2025/12/19	;21	;Disminuir por30.0%	; --%	;12	;Disminuir por52.0%	; --%	;312	;Disminuir por31.6%	; --%	;282	;Disminuir por4.1%	; --%	;2004	;Disminuir por15.9%	; --%	;3004	;Disminuir por12.3%	; --%	;42	;Disminuir por8.7%	; --%	;54	;Aumentar por8.0%	; --%	;
20	;(Sábado)2025/12/20	;25	;Disminuir por24.2%	; --%	;11	;Disminuir por66.7%	; --%	;180	;Disminuir por58.7%	; --%	;208	;Disminuir por34.6%	; --%	;2032	;Disminuir por16.1%	; --%	;2941	;Disminuir por12.4%	; --%	;31	;Disminuir por48.3%	; --%	;21	;Disminuir por66.1%	; --%	;
21	;(Domingo)2025/12/21	;13	;Disminuir por61.8%	; --%	;6	;Disminuir por79.3%	; --%	;129	;Disminuir por68.5%	; --%	;135	;Disminuir por52.5%	; --%	;1293	;Disminuir por49.4%	; --%	;1853	;Disminuir por48.0%	; --%	;13	;Disminuir por75.9%	; --%	;20	;Disminuir por64.3%	; --%	;
22	;(Lunes)2025/12/22	;30	;Aumentar por25.0%	; --%	;17	;Aumentar por21.4%	; --%	;340	;Aumentar por24.1%	; --%	;279	;Aumentar por37.4%	; --%	;2113	;Disminuir por20.1%	; --%	;3292	;Disminuir por4.1%	; --%	;56	;Aumentar por100.0%	; --%	;51	;Aumentar por27.5%	; --%	;
23	;(Martes)2025/12/23	;18	;Sin cambios	; --%	;9	;Disminuir por35.7%	; --%	;324	;Aumentar por149.2%	; --%	;255	;Aumentar por155.0%	; --%	;2135	;Aumentar por17.2%	; --%	;3141	;Aumentar por39.9%	; --%	;43	;Aumentar por230.8%	; --%	;59	;Aumentar por293.3%	; --%	;
24	;(Miércoles)2025/12/24	;19	;Disminuir por44.1%	; --%	;18	;Disminuir por28.0%	; --%	;221	;Disminuir por47.4%	; --%	;204	;Disminuir por31.1%	; --%	;1945	;Disminuir por18.8%	; --%	;2766	;Disminuir por20.9%	; --%	;36	;Disminuir por46.3%	; --%	;36	;Disminuir por43.8%	; --%	;
25	;(Jueves)2025/12/25	;11	;Disminuir por59.3%	; --%	;9	;Disminuir por57.1%	; --%	;90	;Disminuir por78.8%	; --%	;97	;Disminuir por67.2%	; --%	;1071	;Disminuir por50.0%	; --%	;1498	;Disminuir por52.1%	; --%	;10	;Disminuir por84.8%	; --%	;13	;Disminuir por84.1%	; --%	;
26	;(Viernes)2025/12/26	;20	;Disminuir por39.4%	; --%	;36	;Aumentar por33.3%	; --%	;210	;Disminuir por40.5%	; --%	;171	;Disminuir por31.0%	; --%	;1774	;Aumentar por5.8%	; --%	;2193	;Disminuir por5.0%	; --%	;27	;Disminuir por28.9%	; --%	;53	;Aumentar por20.5%	; --%	;
27	;(Sábado)2025/12/27	;22	; --%	; --%	;21	; --%	; --%	;212	; --%	; --%	;177	; --%	; --%	;1946	; --%	; --%	;2440	; --%	; --%	;29	; --%	; --%	;41	; --%	; --%	;
28	;(Domingo)2025/12/28	;18	;Aumentar por800.0%	; --%	;13	;Aumentar por116.7%	; --%	;149	;Aumentar por16.4%	; --%	;118	;Aumentar por118.5%	; --%	;1284	;Aumentar por14.0%	; --%	;1900	;Aumentar por27.3%	; --%	;10	;Aumentar por42.9%	; --%	;14	;Aumentar por40.0%	; --%	;
29	;(Lunes)2025/12/29	;30	;Disminuir por14.3%	; --%	;19	;Disminuir por17.4%	; --%	;347	;Aumentar por20.5%	; --%	;281	;Aumentar por34.4%	; --%	;2287	;Disminuir por19.3%	; --%	;2957	;Disminuir por18.4%	; --%	;65	;Aumentar por140.7%	; --%	;66	;Aumentar por175.0%	; --%	;
30	;(Martes)2025/12/30	;47	;Aumentar por261.5%	; --%	;32	;Aumentar por166.7%	; --%	;284	;Aumentar por88.1%	; --%	;302	;Aumentar por172.1%	; --%	;2467	;Aumentar por32.1%	; --%	;3523	;Aumentar por47.0%	; --%	;71	;Aumentar por407.1%	; --%	;61	;Aumentar por454.5%	; --%	;
31	;(Miércoles)2025/12/31	;21	;Disminuir por16.0%	; --%	;11	;Disminuir por66.7%	; --%	;283	;Disminuir por30.8%	; --%	;241	;Disminuir por11.7%	; --%	;2210	;Disminuir por11.2%	; --%	;3148	;Disminuir por8.8%	; --%	;55	;Aumentar por1.9%	; --%	;42	;Disminuir por32.3%	; --%	;
32	;(Jueves)2026/01/01	;24	;Disminuir por22.6%	; --%	;19	;Disminuir por38.7%	; --%	;113	;Disminuir por71.4%	; --%	;139	;Disminuir por46.9%	; --%	;1344	;Disminuir por40.0%	; --%	;1799	;Disminuir por44.3%	; --%	;19	;Disminuir por81.0%	; --%	;19	;Disminuir por81.2%	; --%	;
33	;(Viernes)2026/01/02	;34	;Aumentar por9.7%	; --%	;17	;Disminuir por29.2%	; --%	;336	;Disminuir por17.4%	; --%	;333	;Aumentar por18.5%	; --%	;2352	;Disminuir por2.1%	; --%	;3270	;Disminuir por0.1%	; --%	;52	;Disminuir por54.4%	; --%	;44	;Disminuir por52.2%	; --%	;
34	;(Sábado)2026/01/03	;34	;Aumentar por54.5%	; --%	;16	;Disminuir por27.3%	; --%	;229	;Disminuir por41.1%	; --%	;238	;Disminuir por4.4%	; --%	;2178	;Disminuir por8.4%	; --%	;2991	;Disminuir por10.2%	; --%	;21	;Disminuir por83.7%	; --%	;26	;Disminuir por78.3%	; --%	;
35	;(Domingo)2026/01/04	;22	;Disminuir por29.0%	; --%	;14	;Disminuir por57.6%	; --%	;132	;Disminuir por65.6%	; --%	;125	;Disminuir por48.8%	; --%	;1133	;Disminuir por56.7%	; --%	;1556	;Disminuir por57.8%	; --%	;12	;Disminuir por88.7%	; --%	;21	;Disminuir por77.9%	; --%	;
36	;(Lunes)2026/01/05	;30	;Aumentar por100.0%	; --%	;15	;Sin cambios	; --%	;294	;Aumentar por7.7%	; --%	;255	;Aumentar por25.6%	; --%	;1976	;Disminuir por29.2%	; --%	;2907	;Disminuir por19.9%	; --%	;32	;Aumentar por23.1%	; --%	;30	;Aumentar por20.0%	; --%	;
37	;(Martes)2026/01/06	;23	;Sin cambios	; --%	;16	;Disminuir por27.3%	; --%	;97	;Disminuir por36.2%	; --%	;112	;Disminuir por0.9%	; --%	;1029	;Disminuir por45.6%	; --%	;1518	;Disminuir por37.1%	; --%	;22	;Disminuir por15.4%	; --%	;18	;Aumentar por5.9%	; --%	;
38	;(Miércoles)2026/01/07	;40	;Aumentar por11.1%	; --%	;23	;Disminuir por4.2%	; --%	;332	;Disminuir por18.2%	; --%	;294	;Aumentar por11.8%	; --%	;1852	;Disminuir por27.7%	; --%	;2818	;Disminuir por20.8%	; --%	;55	;Disminuir por8.3%	; --%	;54	;Disminuir por11.5%	; --%	;
39	;(Jueves)2026/01/08	;24	;Disminuir por22.6%	; --%	;24	;Aumentar por4.3%	; --%	;309	;Disminuir por18.3%	; --%	;268	;Aumentar por3.9%	; --%	;1618	;Disminuir por30.2%	; --%	;2601	;Disminuir por21.6%	; --%	;57	;Disminuir por1.7%	; --%	;56	;Disminuir por13.8%	; --%	;
40	;(Viernes)2026/01/09	;30	;Aumentar por11.1%	; --%	;20	;Disminuir por13.0%	; --%	;346	;Disminuir por15.4%	; --%	;285	;Aumentar por10.9%	; --%	;1885	;Disminuir por22.6%	; --%	;2837	;Disminuir por17.6%	; --%	;63	;Aumentar por10.5%	; --%	;46	;Disminuir por2.1%	; --%	;
41	;(Sábado)2026/01/10	;19	;Disminuir por48.6%	; --%	;14	;Disminuir por57.6%	; --%	;199	;Disminuir por51.9%	; --%	;189	;Disminuir por23.8%	; --%	;1686	;Disminuir por33.3%	; --%	;2448	;Disminuir por30.7%	; --%	;40	;Disminuir por43.7%	; --%	;25	;Disminuir por69.9%	; --%	;
42	;(Domingo)2026/01/11	;12	;Disminuir por74.5%	; --%	;6	;Disminuir por77.8%	; --%	;109	;Disminuir por76.0%	; --%	;88	;Disminuir por71.2%	; --%	;1025	;Disminuir por64.7%	; --%	;1490	;Disminuir por62.0%	; --%	;17	;Disminuir por74.6%	; --%	;11	;Disminuir por80.4%	; --%	;
43	;(Lunes)2026/01/12	;24	;Disminuir por35.1%	; --%	;21	;Aumentar por10.5%	; --%	;328	;Aumentar por11.9%	; --%	;292	;Aumentar por41.7%	; --%	;1775	;Disminuir por44.0%	; --%	;2743	;Disminuir por32.7%	; --%	;63	;Aumentar por110.0%	; --%	;52	;Aumentar por79.3%	; --%	;
44	;(Martes)2026/01/13	;31	;Aumentar por14.8%	; --%	;23	;Aumentar por43.8%	; --%	;328	;Aumentar por94.1%	; --%	;319	;Aumentar por177.4%	; --%	;1691	;Disminuir por25.5%	; --%	;2695	;Disminuir por4.3%	; --%	;48	;Aumentar por336.4%	; --%	;57	;Aumentar por200.0%	; --%	;
45	;(Miércoles)2026/01/14	;23	;Disminuir por43.9%	; --%	;20	;Disminuir por37.5%	; --%	;329	;Disminuir por31.0%	; --%	;286	;Disminuir por12.3%	; --%	;1626	;Disminuir por44.7%	; --%	;2523	;Disminuir por37.4%	; --%	;47	;Disminuir por43.4%	; --%	;39	;Disminuir por56.2%	; --%	;
46	;(Jueves)2026/01/15	;21	;Disminuir por12.5%	; --%	;20	;Sin cambios	; --%	;305	;Disminuir por30.2%	; --%	;270	;Disminuir por13.7%	; --%	;1702	;Disminuir por33.5%	; --%	;2657	;Disminuir por25.9%	; --%	;33	;Disminuir por34.0%	; --%	;36	;Disminuir por41.0%	; --%	;
47	;(Viernes)2026/01/16	;22	;Disminuir por12.0%	; --%	;11	;Disminuir por47.6%	; --%	;291	;Disminuir por33.4%	; --%	;252	;Disminuir por11.0%	; --%	;1877	;Disminuir por24.7%	; --%	;2789	;Disminuir por20.2%	; --%	;32	;Disminuir por41.8%	; --%	;50	;Disminuir por32.4%	; --%	;
48	;(Sábado)2026/01/17	;19	;Disminuir por40.6%	; --%	;11	;Disminuir por47.6%	; --%	;176	;Disminuir por59.7%	; --%	;163	;Disminuir por39.6%	; --%	;1517	;Disminuir por40.0%	; --%	;2232	;Disminuir por36.5%	; --%	;20	;Disminuir por60.0%	; --%	;24	;Disminuir por58.6%	; --%	;
49	;(Domingo)2026/01/18	;10	;Disminuir por61.5%	; --%	;7	;Disminuir por61.1%	; --%	;106	;Disminuir por74.0%	; --%	;100	;Disminuir por65.3%	; --%	;1006	;Disminuir por67.0%	; --%	;1471	;Disminuir por64.5%	; --%	;12	;Disminuir por76.5%	; --%	;10	;Disminuir por84.4%	; --%	;
50	;(Lunes)2026/01/19	;34	;Aumentar por21.4%	; --%	;26	;Aumentar por8.3%	; --%	;329	;Aumentar por7.5%	; --%	;296	;Aumentar por59.1%	; --%	;1691	;Disminuir por52.3%	; --%	;2657	;Disminuir por42.1%	; --%	;36	;Aumentar por33.3%	; --%	;41	;Aumentar por24.2%	; --%	;
51	;(Martes)2026/01/20	;41	;Aumentar por46.4%	; --%	;48	;Aumentar por108.7%	; --%	;328	;Aumentar por69.1%	; --%	;246	;Aumentar por83.6%	; --%	;1705	;Disminuir por34.3%	; --%	;2395	;Disminuir por21.7%	; --%	;29	;Aumentar por38.1%	; --%	;64	;Aumentar por255.6%	; --%	;
52	;(Miércoles)2026/01/21	;56	;Aumentar por64.7%	; --%	;58	;Aumentar por65.7%	; --%	;361	;Disminuir por27.7%	; --%	;253	;Disminuir por26.5%	; --%	;1939	;Disminuir por42.9%	; --%	;2913	;Disminuir por32.7%	; --%	;48	;Disminuir por2.0%	; --%	;60	;Disminuir por11.8%	; --%	;
53	;(Jueves)2026/01/22	;24	;Disminuir por41.5%	; --%	;23	;Disminuir por30.3%	; --%	;311	;Disminuir por29.8%	; --%	;278	;Disminuir por2.5%	; --%	;1781	;Disminuir por34.3%	; --%	;2773	;Disminuir por25.8%	; --%	;64	;Aumentar por14.3%	; --%	;58	;Disminuir por12.1%	; --%	;
54	;(Viernes)2026/01/23	;24	;Aumentar por14.3%	; --%	;22	;Disminuir por18.5%	; --%	;301	;Disminuir por24.2%	; --%	;275	;Aumentar por7.0%	; --%	;1859	;Disminuir por32.7%	; --%	;2839	;Disminuir por26.0%	; --%	;47	;Disminuir por4.1%	; --%	;35	;Disminuir por47.8%	; --%	;
55	;(Sábado)2026/01/24	;26	;Disminuir por3.7%	; --%	;11	;Disminuir por57.7%	; --%	;233	;Disminuir por43.9%	; --%	;209	;Disminuir por23.2%	; --%	;1786	;Disminuir por33.4%	; --%	;2665	;Disminuir por29.6%	; --%	;34	;Disminuir por32.0%	; --%	;32	;Disminuir por33.3%	; --%	;
56	;(Domingo)2026/01/25	;14	;Disminuir por51.7%	; --%	;11	;Disminuir por56.0%	; --%	;105	;Disminuir por77.2%	; --%	;112	;Disminuir por64.9%	; --%	;1173	;Disminuir por64.5%	; --%	;1625	;Disminuir por61.6%	; --%	;26	;Disminuir por54.4%	; --%	;18	;Disminuir por74.3%	; --%	;
57	;(Lunes)2026/01/26	;28	;Disminuir por22.2%	; --%	;19	;Sin cambios	; --%	;361	;Aumentar por33.7%	; --%	;347	;Aumentar por71.8%	; --%	;1788	;Disminuir por48.2%	; --%	;2803	;Disminuir por35.8%	; --%	;57	;Aumentar por128.0%	; --%	;56	;Aumentar por69.7%	; --%	;
58	;(Martes)2026/01/27	;25	;Disminuir por19.4%	; --%	;20	;Aumentar por25.0%	; --%	;308	;Aumentar por90.1%	; --%	;232	;Aumentar por123.1%	; --%	;1658	;Disminuir por33.7%	; --%	;2633	;Disminuir por13.0%	; --%	;47	;Aumentar por176.5%	; --%	;46	;Aumentar por84.0%	; --%	;
59	;(Miércoles)2026/01/28	;30	;Disminuir por33.3%	; --%	;19	;Disminuir por42.4%	; --%	;291	;Disminuir por31.0%	; --%	;237	;Disminuir por30.7%	; --%	;1737	;Disminuir por45.3%	; --%	;2631	;Disminuir por37.3%	; --%	;43	;Disminuir por48.2%	; --%	;50	;Disminuir por39.8%	; --%	;
60	;(Jueves)2026/01/29	;20	;Disminuir por56.5%	; --%	;19	;Disminuir por36.7%	; --%	;322	;Disminuir por24.9%	; --%	;246	;Disminuir por4.7%	; --%	;1767	;Disminuir por36.6%	; --%	;2685	;Disminuir por29.8%	; --%	;42	;Disminuir por17.6%	; --%	;33	;Disminuir por44.1%	; --%	;
61	;(Viernes)2026/01/30	;23	;Disminuir por43.9%	; --%	;19	;Disminuir por26.9%	; --%	;327	;Disminuir por15.7%	; --%	;267	;Aumentar por6.0%	; --%	;1911	;Disminuir por32.9%	; --%	;2946	;Disminuir por22.8%	; --%	;56	;Disminuir por18.8%	; --%	;59	;Disminuir por11.9%	; --%	;
62	;(Sábado)2026/01/31	;26	;Disminuir por44.7%	; --%	;27	;Aumentar por28.6%	; --%	;189	;Disminuir por55.1%	; --%	;185	;Disminuir por37.3%	; --%	;1784	;Disminuir por39.8%	; --%	;2564	;Disminuir por33.7%	; --%	;20	;Disminuir por71.4%	; --%	;17	;Disminuir por75.7%	; --%	;
63	;(Domingo)2026/02/01	;27	;Disminuir por32.5%	; --%	;11	;Disminuir por63.3%	; --%	;115	;Disminuir por73.6%	; --%	;109	;Disminuir por59.5%	; --%	;1125	;Disminuir por66.2%	; --%	;1604	;Disminuir por64.0%	; --%	;14	;Disminuir por80.8%	; --%	;13	;Disminuir por85.1%	; --%	;
64	;(Lunes)2026/02/02	;25	;Disminuir por50.0%	; --%	;21	;Disminuir por25.0%	; --%	;362	;Aumentar por22.3%	; --%	;295	;Aumentar por65.7%	; --%	;1830	;Disminuir por52.8%	; --%	;2813	;Disminuir por42.0%	; --%	;76	;Aumentar por162.1%	; --%	;69	;Aumentar por97.1%	; --%	;
65	;(Martes)2026/02/03	;24	;Disminuir por36.8%	; --%	;21	;Aumentar por10.5%	; --%	;304	;Aumentar por68.9%	; --%	;264	;Aumentar por180.9%	; --%	;1683	;Disminuir por30.9%	; --%	;2688	;Disminuir por14.7%	; --%	;55	;Aumentar por400.0%	; --%	;55	;Aumentar por243.8%	; --%	;
66	;(Miércoles)2026/02/04	;26	;Aumentar por100.0%	; --%	;20	;Aumentar por566.7%	; --%	;319	;Aumentar por117.0%	; --%	;248	;Aumentar por217.9%	; --%	;1640	;Aumentar por22.6%	; --%	;2614	;Aumentar por35.2%	; --%	;53	;Aumentar por253.3%	; --%	;60	;Aumentar por445.5%	; --%	;
67	;(Jueves)2026/02/05	;23	;Disminuir por37.8%	; --%	;16	;Aumentar por77.8%	; --%	;310	;Disminuir por21.9%	; --%	;256	;Disminuir por1.9%	; --%	;1779	;Disminuir por47.7%	; --%	;2736	;Disminuir por34.7%	; --%	;49	;Aumentar por25.6%	; --%	;48	;Aumentar por29.7%	; --%	;
68	;(Viernes)2026/02/06	;27	;Disminuir por43.8%	; --%	;30	;Aumentar por76.5%	; --%	;332	;Disminuir por22.6%	; --%	;264	;Disminuir por7.0%	; --%	;1876	;Disminuir por44.3%	; --%	;2921	;Disminuir por32.9%	; --%	;51	;Disminuir por27.1%	; --%	;48	;Disminuir por29.4%	; --%	;
69	;(Sábado)2026/02/07	;27	;Disminuir por30.8%	; --%	;19	;Disminuir por24.0%	; --%	;216	;Disminuir por46.3%	; --%	;150	;Disminuir por40.7%	; --%	;1763	;Disminuir por48.4%	; --%	;2656	;Disminuir por39.1%	; --%	;25	;Disminuir por50.0%	; --%	;31	;Disminuir por48.3%	; --%	;
70	;(Domingo)2026/02/08	;11	;Disminuir por75.0%	; --%	;7	;Disminuir por76.7%	; --%	;104	;Disminuir por76.8%	; --%	;81	;Disminuir por70.2%	; --%	;1221	;Disminuir por66.0%	; --%	;1699	;Disminuir por64.3%	; --%	;18	;Disminuir por69.0%	; --%	;15	;Disminuir por77.3%	; --%	;
71	;(Lunes)2026/02/09	;30	;Disminuir por36.2%	; --%	;23	;Disminuir por20.7%	; --%	;359	;Aumentar por7.5%	; --%	;278	;Aumentar por43.3%	; --%	;1806	;Disminuir por53.7%	; --%	;2827	;Disminuir por42.6%	; --%	;58	;Aumentar por123.1%	; --%	;55	;Aumentar por83.3%	; --%	;
72	;(Martes)2026/02/10	;20	;Disminuir por35.5%	; --%	;20	;Aumentar por53.8%	; --%	;315	;Aumentar por50.7%	; --%	;271	;Aumentar por153.3%	; --%	;1768	;Disminuir por44.5%	; --%	;2714	;Disminuir por28.6%	; --%	;46	;Aumentar por119.0%	; --%	;42	;Aumentar por121.1%	; --%	;
73	;(Miércoles)2026/02/11	;28	;Disminuir por6.7%	; --%	;17	;Aumentar por41.7%	; --%	;324	;Disminuir por23.4%	; --%	;289	;Aumentar por9.1%	; --%	;1722	;Disminuir por52.0%	; --%	;2638	;Disminuir por44.6%	; --%	;63	;Disminuir por4.5%	; --%	;64	;Aumentar por6.7%	; --%	;
74	;(Jueves)2026/02/12	;25	;Aumentar por4.2%	; --%	;21	;Aumentar por50.0%	; --%	;310	;Disminuir por3.1%	; --%	;263	;Aumentar por37.0%	; --%	;1862	;Disminuir por11.9%	; --%	;2751	;Aumentar por0.7%	; --%	;56	;Aumentar por24.4%	; --%	;58	;Disminuir por7.9%	; --%	;
75	;(Viernes)2026/02/13	;38	;Aumentar por90.0%	; --%	;18	;Aumentar por157.1%	; --%	;393	;Aumentar por50.0%	; --%	;278	;Aumentar por91.7%	; --%	;2099	;Disminuir por4.3%	; --%	;3191	;Aumentar por8.5%	; --%	;52	;Aumentar por136.4%	; --%	;58	;Aumentar por152.2%	; --%	;
76	;(Sábado)2026/02/14	;7	;Disminuir por80.6%	; --%	;7	;Disminuir por65.0%	; --%	;154	;Disminuir por64.1%	; --%	;120	;Disminuir por55.4%	; --%	;1266	;Disminuir por63.5%	; --%	;1842	;Disminuir por58.9%	; --%	;15	;Disminuir por77.9%	; --%	;9	;Disminuir por89.4%	; --%	;
77	;(Domingo)2026/02/15	;30	;Disminuir por23.1%	; --%	;22	;Aumentar por10.0%	; --%	;118	;Disminuir por72.9%	; --%	;117	;Disminuir por57.9%	; --%	;1247	;Disminuir por67.4%	; --%	;1778	;Disminuir por64.2%	; --%	;21	;Disminuir por66.7%	; --%	;19	;Disminuir por72.9%	; --%	;
78	;(Lunes)2026/02/16	;28	;Disminuir por17.6%	; --%	;20	;Aumentar por81.8%	; --%	;402	;Aumentar por24.5%	; --%	;340	;Aumentar por61.9%	; --%	;2064	;Disminuir por51.3%	; --%	;3057	;Disminuir por42.0%	; --%	;54	;Aumentar por74.2%	; --%	;46	;Aumentar por12.2%	; --%	;
79	;(Martes)2026/02/17	;24	;Disminuir por22.6%	; --%	;14	;Aumentar por7.7%	; --%	;341	;Aumentar por74.9%	; --%	;293	;Aumentar por132.5%	; --%	;1832	;Disminuir por45.6%	; --%	;2884	;Disminuir por29.1%	; --%	;47	;Aumentar por80.8%	; --%	;52	;Aumentar por79.3%	; --%	;
80	;(Miércoles)2026/02/18	;40	;Aumentar por14.3%	; --%	;29	;Aumentar por93.3%	; --%	;304	;Disminuir por24.0%	; --%	;280	;Aumentar por12.4%	; --%	;1675	;Disminuir por57.9%	; --%	;2770	;Disminuir por46.9%	; --%	;55	;Sin cambios	; --%	;49	;Disminuir por31.0%	; --%	;
81	;(Jueves)2026/02/19	;34	;Aumentar por36.0%	; --%	;25	;Aumentar por78.6%	; --%	;301	;Disminuir por23.0%	; --%	;286	;Aumentar por10.9%	; --%	;1737	;Disminuir por54.3%	; --%	;2848	;Disminuir por41.1%	; --%	;50	;Aumentar por6.4%	; --%	;42	;Disminuir por39.1%	; --%	;
82	;(Viernes)2026/02/20	;35	;Aumentar por9.4%	; --%	;29	;Aumentar por262.5%	; --%	;344	;Disminuir por7.8%	; --%	;335	;Aumentar por20.9%	; --%	;1845	;Disminuir por55.2%	; --%	;3106	;Disminuir por37.4%	; --%	;73	;Aumentar por73.8%	; --%	;61	;Disminuir por16.4%	; --%	;
83	;(Sábado)2026/02/21	;29	;Disminuir por14.7%	; --%	;24	;Disminuir por4.0%	; --%	;208	;Disminuir por47.2%	; --%	;193	;Disminuir por25.2%	; --%	;1953	;Disminuir por45.5%	; --%	;2997	;Disminuir por34.2%	; --%	;27	;Disminuir por51.8%	; --%	;25	;Disminuir por64.3%	; --%	;
84	;(Domingo)2026/02/22	;27	;Disminuir por34.1%	; --%	;19	;Sin cambios	; --%	;116	;Disminuir por74.2%	; --%	;111	;Disminuir por60.8%	; --%	;1096	;Disminuir por73.8%	; --%	;1773	;Disminuir por65.3%	; --%	;17	;Disminuir por73.4%	; --%	;16	;Disminuir por75.0%	; --%	;
85	;(Lunes)2026/02/23	;30	;Disminuir por9.1%	; --%	;31	;Aumentar por34.8%	; --%	;327	;Aumentar por7.9%	; --%	;316	;Aumentar por84.8%	; --%	;1795	;Disminuir por58.9%	; --%	;3017	;Disminuir por43.8%	; --%	;63	;Aumentar por96.9%	; --%	;58	;Aumentar por75.8%	; --%	;
86	;(Martes)2026/02/24	;27	;Disminuir por38.6%	; --%	;22	;Disminuir por18.5%	; --%	;309	;Aumentar por43.1%	; --%	;258	;Aumentar por80.4%	; --%	;1694	;Disminuir por50.0%	; --%	;2820	;Disminuir por31.7%	; --%	;61	;Aumentar por221.1%	; --%	;58	;Aumentar por152.2%	; --%	;
87	;(Miércoles)2026/02/25	;20	;Disminuir por53.5%	; --%	;18	;Disminuir por14.3%	; --%	;308	;Disminuir por27.9%	; --%	;265	;Disminuir por11.4%	; --%	;1665	;Disminuir por61.7%	; --%	;2780	;Disminuir por48.1%	; --%	;62	;Disminuir por4.6%	; --%	;84	;Aumentar por18.3%	; --%	;
88	;(Jueves)2026/02/26	;28	;Disminuir por28.2%	; --%	;22	;Sin cambios	; --%	;297	;Disminuir por27.6%	; --%	;226	;Disminuir por14.4%	; --%	;1731	;Disminuir por55.2%	; --%	;2922	;Disminuir por40.3%	; --%	;66	;Aumentar por15.8%	; --%	;68	;Aumentar por1.5%	; --%	;
89	;(Viernes)2026/02/27	;35	;Sin cambios	; --%	;30	;Aumentar por57.9%	; --%	;317	;Disminuir por20.4%	; --%	;285	;Aumentar por4.4%	; --%	;1905	;Disminuir por52.5%	; --%	;3195	;Disminuir por36.5%	; --%	;55	;Disminuir por5.2%	; --%	;73	;Aumentar por15.9%	; --%	;
90	;(Sábado)2026/02/28	;24	;Disminuir por33.3%	; --%	;14	;Disminuir por30.0%	; --%	;220	;Disminuir por41.2%	; --%	;204	;Disminuir por15.7%	; --%	;1793	;Disminuir por56.8%	; --%	;2781	;Disminuir por45.8%	; --%	;25	;Disminuir por60.9%	; --%	;30	;Disminuir por62.5%	; --%	;
91	;(Domingo)2026/03/01	;16	;Disminuir por55.6%	; --%	;13	;Disminuir por45.8%	; --%	;116	;Disminuir por74.2%	; --%	;110	;Disminuir por61.5%	; --%	;1284	;Disminuir por70.3%	; --%	;1996	;Disminuir por62.8%	; --%	;15	;Disminuir por73.7%	; --%	;30	;Disminuir por55.2%	; --%	;
92	;(Lunes)2026/03/02	;31	;Disminuir por18.4%	; --%	;17	;Disminuir por19.0%	; --%	;308	;Aumentar por2.7%	; --%	;302	;Aumentar por81.9%	; --%	;1951	;Disminuir por60.4%	; --%	;3150	;Disminuir por46.9%	; --%	;44	;Aumentar por63.0%	; --%	;76	;Aumentar por137.5%	; --%	;
93	;(Martes)2026/03/03	;15	;Disminuir por60.5%	; --%	;11	;Disminuir por57.7%	; --%	;173	;Disminuir por16.0%	; --%	;160	;Aumentar por9.6%	; --%	;826	;Disminuir por79.1%	; --%	;1388	;Disminuir por70.7%	; --%	;31	;Aumentar por24.0%	; --%	;38	;Aumentar por81.0%	; --%	;
94	;(Miércoles)2026/03/04	;29	;Disminuir por44.2%	; --%	;29	;Aumentar por3.6%	; --%	;279	;Disminuir por40.9%	; --%	;234	;Disminuir por29.3%	; --%	;1599	;Disminuir por65.6%	; --%	;2525	;Disminuir por57.1%	; --%	;42	;Disminuir por45.5%	; --%	;51	;Disminuir por29.2%	; --%	;
95	;(Jueves)2026/03/05	;30	;Sin cambios	; --%	;21	;Aumentar por61.5%	; --%	;313	;Disminuir por17.8%	; --%	;231	;Disminuir por5.3%	; --%	;1816	;Disminuir por54.9%	; --%	;2908	;Disminuir por43.2%	; --%	;40	;Disminuir por37.5%	; --%	;60	;Disminuir por9.1%	; --%	;
96	;(Viernes)2026/03/06	;29	;Disminuir por17.1%	; --%	;22	;Aumentar por37.5%	; --%	;301	;Disminuir por31.6%	; --%	;201	;Disminuir por34.3%	; --%	;1861	;Disminuir por56.1%	; --%	;3101	;Disminuir por40.8%	; --%	;31	;Disminuir por45.6%	; --%	;42	;Disminuir por40.8%	; --%	;
97	;(Sábado)2026/03/07	;17	;Disminuir por56.4%	; --%	;17	;Disminuir por5.6%	; --%	;177	;Disminuir por61.0%	; --%	;154	;Disminuir por44.0%	; --%	;1696	;Disminuir por63.4%	; --%	;2566	;Disminuir por55.1%	; --%	;25	;Disminuir por47.9%	; --%	;24	;Disminuir por57.9%	; --%	;
98	;(Domingo)2026/03/08	;17	;Disminuir por65.3%	; --%	;14	;Disminuir por56.3%	; --%	;118	;Disminuir por71.0%	; --%	;152	;Disminuir por45.9%	; --%	;1255	;Disminuir por71.5%	; --%	;1873	;Disminuir por67.1%	; --%	;20	;Disminuir por67.2%	; --%	;24	;Disminuir por57.1%	; --%	;
99	;(Lunes)2026/03/09	;21	;Disminuir por41.7%	; --%	;15	;Disminuir por25.0%	; --%	;320	;Aumentar por2.9%	; --%	;281	;Aumentar por28.9%	; --%	;1940	;Disminuir por61.8%	; --%	;3154	;Disminuir por49.2%	; --%	;55	;Aumentar por71.9%	; --%	;55	;Aumentar por34.1%	; --%	;
100	;(Martes)2026/03/10	;28	;Disminuir por34.9%	; --%	;20	;Sin cambios	; --%	;353	;Aumentar por58.3%	; --%	;290	;Aumentar por90.8%	; --%	;1822	;Disminuir por53.7%	; --%	;2944	;Disminuir por37.2%	; --%	;57	;Aumentar por159.1%	; --%	;70	;Aumentar por288.9%	; --%	;
101	;(Miércoles)2026/03/11	;27	;Disminuir por38.6%	; --%	;24	;Aumentar por14.3%	; --%	;332	;Disminuir por32.8%	; --%	;282	;Disminuir por10.8%	; --%	;1668	;Disminuir por64.0%	; --%	;2875	;Disminuir por50.0%	; --%	;50	;Sin cambios	; --%	;61	;Sin cambios	; --%	;
102	;(Jueves)2026/03/12	;24	;Disminuir por22.6%	; --%	;23	;Aumentar por53.3%	; --%	;313	;Disminuir por21.2%	; --%	;290	;Aumentar por12.0%	; --%	;1798	;Disminuir por57.4%	; --%	;3009	;Disminuir por43.1%	; --%	;45	;Disminuir por8.2%	; --%	;51	;Disminuir por19.0%	; --%	;
103	;(Viernes)2026/03/13	;23	;Disminuir por25.8%	; --%	;19	;Aumentar por35.7%	; --%	;358	;Disminuir por11.2%	; --%	;297	;Aumentar por4.9%	; --%	;2020	;Disminuir por53.2%	; --%	;3218	;Disminuir por40.6%	; --%	;62	;Disminuir por13.9%	; --%	;58	;Disminuir por22.7%	; --%	;
104	;(Sábado)2026/03/14	;31	;Disminuir por16.2%	; --%	;19	;Aumentar por5.6%	; --%	;238	;Disminuir por39.9%	; --%	;241	;Aumentar por5.7%	; --%	;2047	;Disminuir por52.1%	; --%	;3052	;Disminuir por42.7%	; --%	;35	;Disminuir por34.0%	; --%	;29	;Disminuir por54.0%	; --%	;
105	;(Domingo)2026/03/15	;33	;Disminuir por19.5%	; --%	;16	;Disminuir por5.9%	; --%	;129	;Disminuir por70.1%	; --%	;152	;Disminuir por47.8%	; --%	;1458	;Disminuir por70.0%	; --%	;2247	;Disminuir por62.8%	; --%	;24	;Disminuir por66.2%	; --%	;20	;Disminuir por72.2%	; --%	;
106	;(Lunes)2026/03/16	;53	;Aumentar por20.5%	; --%	;30	;Disminuir por11.8%	; --%	;385	;Aumentar por12.2%	; --%	;340	;Aumentar por33.3%	; --%	;2021	;Disminuir por61.5%	; --%	;3238	;Disminuir por50.3%	; --%	;67	;Aumentar por76.3%	; --%	;64	;Aumentar por73.0%	; --%	;
107	;(Martes)2026/03/17	;37	;Sin cambios	; --%	;25	;Aumentar por56.3%	; --%	;351	;Aumentar por58.1%	; --%	;304	;Aumentar por76.7%	; --%	;1859	;Disminuir por55.3%	; --%	;3010	;Disminuir por44.1%	; --%	;50	;Aumentar por127.3%	; --%	;49	;Aumentar por63.3%	; --%	;
108	;(Miércoles)2026/03/18	;40	;Aumentar por8.1%	; --%	;28	;Aumentar por33.3%	; --%	;324	;Disminuir por36.1%	; --%	;274	;Disminuir por18.0%	; --%	;1992	;Disminuir por63.7%	; --%	;2828	;Disminuir por56.3%	; --%	;53	;Disminuir por5.4%	; --%	;49	;Disminuir por29.0%	; --%	;
109	;(Jueves)2026/03/19	;34	;Disminuir por15.0%	; --%	;26	;Aumentar por8.3%	; --%	;162	;Disminuir por62.9%	; --%	;142	;Disminuir por50.0%	; --%	;1467	;Disminuir por68.9%	; --%	;2328	;Disminuir por60.0%	; --%	;22	;Disminuir por62.1%	; --%	;24	;Disminuir por62.5%	; --%	;
110	;(Viernes)2026/03/20	;30	;Disminuir por25.0%	; --%	;25	;Aumentar por19.0%	; --%	;330	;Disminuir por28.3%	; --%	;281	;Disminuir por4.7%	; --%	;2116	;Disminuir por54.7%	; --%	;3411	;Disminuir por41.9%	; --%	;54	;Disminuir por3.6%	; --%	;60	;Disminuir por17.8%	; --%	;
111	;(Sábado)2026/03/21	;16	;Disminuir por61.0%	; --%	;20	;Disminuir por20.0%	; --%	;225	;Disminuir por46.0%	; --%	;196	;Disminuir por31.5%	; --%	;2027	;Disminuir por57.0%	; --%	;3126	;Disminuir por46.6%	; --%	;37	;Disminuir por28.8%	; --%	;30	;Disminuir por52.4%	; --%	;
112	;(Domingo)2026/03/22	;20	;Disminuir por48.7%	; --%	;18	;Disminuir por5.3%	; --%	;139	;Disminuir por68.6%	; --%	;126	;Disminuir por56.4%	; --%	;1393	;Disminuir por72.1%	; --%	;2195	;Disminuir por64.2%	; --%	;25	;Disminuir por59.7%	; --%	;18	;Disminuir por75.3%	; --%	;
113	;(Lunes)2026/03/23	;33	;Disminuir por10.8%	; --%	;19	;Disminuir por13.6%	; --%	;435	;Aumentar por17.9%	; --%	;318	;Aumentar por50.0%	; --%	;2029	;Disminuir por61.9%	; --%	;3356	;Disminuir por49.0%	; --%	;62	;Aumentar por82.4%	; --%	;79	;Aumentar por97.5%	; --%	;
114	;(Martes)2026/03/24	;32	;Disminuir por13.5%	; --%	;21	;Aumentar por10.5%	; --%	;370	;Aumentar por44.0%	; --%	;301	;Aumentar por62.7%	; --%	;1834	;Disminuir por58.5%	; --%	;3062	;Disminuir por41.4%	; --%	;56	;Aumentar por180.0%	; --%	;66	;Aumentar por127.6%	; --%	;
115	;(Miércoles)2026/03/25	;12	;Disminuir por76.9%	; --%	;11	;Disminuir por63.3%	; --%	;153	;Disminuir por66.7%	; --%	;119	;Disminuir por65.6%	; --%	;1049	;Disminuir por81.0%	; --%	;1809	;Disminuir por72.4%	; --%	;10	;Disminuir por82.8%	; --%	;13	;Disminuir por80.6%	; --%	;
116	;(Jueves)2026/03/26	;44	;Aumentar por25.7%	; --%	;25	;Aumentar por38.9%	; --%	;350	;Disminuir por24.4%	; --%	;296	;Disminuir por2.6%	; --%	;1924	;Disminuir por61.9%	; --%	;3148	;Disminuir por48.6%	; --%	;58	;Disminuir por10.8%	; --%	;59	;Disminuir por4.8%	; --%	;
117	;(Viernes)2026/03/27	;32	;Disminuir por20.0%	; --%	;22	;Aumentar por4.8%	; --%	;415	;Disminuir por11.3%	; --%	;337	;Aumentar por10.5%	; --%	;2434	;Disminuir por51.6%	; --%	;3752	;Disminuir por39.3%	; --%	;70	;Aumentar por32.1%	; --%	;79	;Aumentar por71.7%	; --%	;
118	;(Sábado)2026/03/28	;40	;Disminuir por13.0%	; --%	;32	;Aumentar por6.7%	; --%	;289	;Disminuir por39.5%	; --%	;224	;Disminuir por31.7%	; --%	;2754	;Disminuir por47.2%	; --%	;3657	;Disminuir por42.7%	; --%	;47	;Disminuir por23.0%	; --%	;45	;Disminuir por35.7%	; --%	;
119	;(Domingo)2026/03/29	;24	;Disminuir por35.1%	; --%	;14	;Disminuir por41.7%	; --%	;167	;Disminuir por47.5%	; --%	;145	;Disminuir por40.6%	; --%	;1840	;Disminuir por64.0%	; --%	;2389	;Disminuir por61.7%	; --%	;24	;Disminuir por36.8%	; --%	;19	;Disminuir por55.8%	; --%	;
120	;(Lunes)2026/03/30	;43	;Aumentar por65.4%	; --%	;29	;Aumentar por81.3%	; --%	;477	;Aumentar por28.2%	; --%	;344	;Aumentar por42.1%	; --%	;3087	;Disminuir por45.8%	; --%	;4292	;Disminuir por35.9%	; --%	;75	;Aumentar por74.4%	; --%	;66	;Aumentar por73.7%	; --%	;
121	;(Martes)2026/03/31	;46	;Aumentar por9.5%	; --%	;25	;Aumentar por47.1%	; --%	;424	;Aumentar por68.3%	; --%	;358	;Aumentar por109.4%	; --%	;3056	;Disminuir por30.3%	; --%	;4185	;Disminuir por19.9%	; --%	;77	;Aumentar por220.8%	; --%	;71	;Aumentar por144.8%	; --%	;
122	;(Miércoles)2026/04/01	;52	;Aumentar por26.8%	; --%	;24	;Disminuir por14.3%	; --%	;518	;Aumentar por6.8%	; --%	;382	;Aumentar por2.1%	; --%	;3466	;Disminuir por36.2%	; --%	;4770	;Disminuir por27.0%	; --%	;77	;Aumentar por26.2%	; --%	;86	;Aumentar por22.9%	; --%	;
123	;(Jueves)2026/04/02	;52	;Aumentar por48.6%	; --%	;39	;Aumentar por77.3%	; --%	;518	;Aumentar por19.6%	; --%	;410	;Aumentar por32.7%	; --%	;4064	;Disminuir por14.9%	; --%	;5453	;Disminuir por6.8%	; --%	;80	;Aumentar por31.1%	; --%	;90	;Aumentar por9.8%	; --%	;
124	;(Viernes)2026/04/03	;55	;Aumentar por71.9%	; --%	;36	;Aumentar por89.5%	; --%	;308	;Disminuir por26.5%	; --%	;297	;Aumentar por11.2%	; --%	;3833	;Disminuir por20.2%	; --%	;5203	;Disminuir por10.6%	; --%	;27	;Disminuir por50.0%	; --%	;30	;Disminuir por55.9%	; --%	;
125	;(Sábado)2026/04/04	;75	;Aumentar por150.0%	; --%	;50	;Aumentar por284.6%	; --%	;400	;Aumentar por16.6%	; --%	;344	;Aumentar por34.4%	; --%	;4564	;Disminuir por5.8%	; --%	;5979	;Aumentar por1.4%	; --%	;46	;Disminuir por6.1%	; --%	;47	;Disminuir por35.6%	; --%	;
126	;(Domingo)2026/04/05	;50	;Aumentar por51.5%	; --%	;32	;Aumentar por88.2%	; --%	;256	;Disminuir por35.8%	; --%	;182	;Disminuir por34.5%	; --%	;3506	;Disminuir por29.7%	; --%	;4360	;Disminuir por27.0%	; --%	;22	;Disminuir por52.2%	; --%	;24	;Disminuir por63.6%	; --%	;
127	;(Lunes)2026/04/06	;53	;Aumentar por47.2%	; --%	;35	;Aumentar por66.7%	; --%	;299	;Disminuir por18.3%	; --%	;226	;Disminuir por8.5%	; --%	;2835	;Disminuir por45.4%	; --%	;3551	;Disminuir por41.8%	; --%	;30	;Aumentar por3.4%	; --%	;27	;Disminuir por34.1%	; --%	;
128	;(Martes)2026/04/07	;43	;Aumentar por48.3%	; --%	;22	;Aumentar por22.2%	; --%	;455	;Aumentar por95.3%	; --%	;343	;Aumentar por114.4%	; --%	;2898	;Disminuir por26.5%	; --%	;4021	;Disminuir por13.8%	; --%	;59	;Aumentar por353.8%	; --%	;63	;Aumentar por90.9%	; --%	;
129	;(Miércoles)2026/04/08	;39	;Aumentar por2.6%	; --%	;27	;Aumentar por35.0%	; --%	;396	;Disminuir por2.9%	; --%	;290	;Disminuir por7.3%	; --%	;2618	;Disminuir por44.7%	; --%	;3523	;Disminuir por41.0%	; --%	;75	;Aumentar por33.9%	; --%	;57	;Disminuir por3.4%	; --%	;
130	;(Jueves)2026/04/09	;33	;Aumentar por6.5%	; --%	;21	;Aumentar por16.7%	; --%	;422	;Disminuir por2.5%	; --%	;298	;Aumentar por13.3%	; --%	;2488	;Disminuir por39.8%	; --%	;3438	;Disminuir por31.8%	; --%	;71	;Aumentar por44.9%	; --%	;65	;Aumentar por3.2%	; --%	;
131	;(Viernes)2026/04/10	;33	;Aumentar por6.5%	; --%	;17	;Sin cambios	; --%	;418	;Aumentar por4.2%	; --%	;348	;Aumentar por39.8%	; --%	;2561	;Disminuir por40.4%	; --%	;3540	;Disminuir por33.2%	; --%	;66	;Aumentar por20.0%	; --%	;59	;Disminuir por13.2%	; --%	;
132	;(Sábado)2026/04/11	;36	;Aumentar por56.5%	; --%	;21	;Aumentar por40.0%	; --%	;292	;Disminuir por23.6%	; --%	;230	;Disminuir por15.4%	; --%	;2777	;Disminuir por32.4%	; --%	;3757	;Disminuir por28.4%	; --%	;35	;Disminuir por23.9%	; --%	;32	;Disminuir por46.7%	; --%	;
133	;(Domingo)2026/04/12	;16	;Disminuir por64.4%	; --%	;7	;Disminuir por68.2%	; --%	;146	;Disminuir por65.2%	; --%	;118	;Disminuir por59.5%	; --%	;1537	;Disminuir por65.4%	; --%	;2133	;Disminuir por60.1%	; --%	;15	;Disminuir por70.6%	; --%	;23	;Disminuir por62.3%	; --%	;
134	;(Lunes)2026/04/13	;36	;Aumentar por5.9%	; --%	;23	;Aumentar por27.8%	; --%	;352	;Aumentar por12.1%	; --%	;237	;Aumentar por13.4%	; --%	;1800	;Disminuir por59.1%	; --%	;2958	;Disminuir por45.2%	; --%	;39	;Aumentar por5.4%	; --%	;42	;Aumentar por20.0%	; --%	;
135	;(Martes)2026/04/14	;33	;Disminuir por10.8%	; --%	;24	;Aumentar por41.2%	; --%	;328	;Aumentar por35.0%	; --%	;249	;Aumentar por33.2%	; --%	;2189	;Disminuir por35.9%	; --%	;3651	;Disminuir por10.1%	; --%	;59	;Aumentar por145.8%	; --%	;59	;Aumentar por110.7%	; --%	;
136	;(Miércoles)2026/04/15	;34	;Disminuir por20.9%	; --%	;29	;Aumentar por52.6%	; --%	;356	;Disminuir por18.2%	; --%	;258	;Disminuir por14.3%	; --%	;2065	;Disminuir por48.2%	; --%	;3304	;Disminuir por34.0%	; --%	;54	;Disminuir por25.0%	; --%	;57	;Disminuir por25.0%	; --%	;
137	;(Jueves)2026/04/16	;38	;Aumentar por8.6%	; --%	;30	;Aumentar por76.5%	; --%	;386	;Disminuir por3.3%	; --%	;263	;Disminuir por12.9%	; --%	;2071	;Disminuir por40.4%	; --%	;3299	;Disminuir por25.5%	; --%	;51	;Sin cambios	; --%	;54	;Disminuir por19.4%	; --%	;
138	;(Viernes)2026/04/17	;26	;Disminuir por42.2%	; --%	;16	;Disminuir por33.3%	; --%	;360	;Disminuir por2.4%	; --%	;240	;Disminuir por7.7%	; --%	;2230	;Disminuir por34.2%	; --%	;3559	;Disminuir por17.4%	; --%	;51	;Disminuir por19.0%	; --%	;51	;Disminuir por20.3%	; --%	;
139	;(Sábado)2026/04/18	;14	;Disminuir por41.7%	; --%	;12	;Disminuir por20.0%	; --%	;238	;Disminuir por38.0%	; --%	;187	;Disminuir por25.2%	; --%	;2442	;Disminuir por28.5%	; --%	;3463	;Disminuir por20.3%	; --%	;35	;Disminuir por46.2%	; --%	;35	;Disminuir por53.3%	; --%	;
140	;(Domingo)2026/04/19	;15	;Disminuir por53.1%	; --%	;6	;Disminuir por66.7%	; --%	;110	;Disminuir por69.4%	; --%	;70	;Disminuir por72.0%	; --%	;1678	;Disminuir por58.4%	; --%	;2331	;Disminuir por53.5%	; --%	;21	;Disminuir por69.1%	; --%	;22	;Disminuir por77.8%	; --%	;
141	;(Lunes)2026/04/20	;31	;Sin cambios	; --%	;24	;Aumentar por60.0%	; --%	;407	;Aumentar por50.2%	; --%	;263	;Aumentar por18.5%	; --%	;2329	;Disminuir por38.0%	; --%	;3478	;Disminuir por26.3%	; --%	;47	;Aumentar por62.1%	; --%	;51	;Disminuir por15.0%	; --%	;
142	;(Martes)2026/04/21	;25	;Disminuir por16.7%	; --%	;20	;Disminuir por9.1%	; --%	;344	;Aumentar por74.6%	; --%	;248	;Aumentar por83.7%	; --%	;2124	;Disminuir por28.0%	; --%	;3229	;Disminuir por5.8%	; --%	;56	;Aumentar por143.5%	; --%	;67	;Aumentar por39.6%	; --%	;
143	;(Miércoles)2026/04/22	;30	;Disminuir por38.8%	; --%	;28	;Disminuir por20.0%	; --%	;331	;Disminuir por21.7%	; --%	;249	;Disminuir por14.1%	; --%	;2203	;Disminuir por37.3%	; --%	;3264	;Disminuir por23.1%	; --%	;61	;Aumentar por35.6%	; --%	;48	;Disminuir por28.4%	; --%	;
144	;(Jueves)2026/04/23	;34	;Disminuir por2.9%	; --%	;27	;Disminuir por10.0%	; --%	;370	;Aumentar por5.1%	; --%	;268	;Aumentar por3.9%	; --%	;2455	;Disminuir por19.7%	; --%	;3649	;Disminuir por5.8%	; --%	;63	;Aumentar por46.5%	; --%	;56	;Disminuir por3.4%	; --%	;
145	;(Viernes)2026/04/24	;22	;Disminuir por46.3%	; --%	;17	;Disminuir por48.5%	; --%	;425	;Aumentar por8.4%	; --%	;301	;Aumentar por11.9%	; --%	;2726	;Disminuir por15.7%	; --%	;4052	;Disminuir por0.4%	; --%	;53	;Disminuir por10.2%	; --%	;74	;Aumentar por10.4%	; --%	;
146	;(Sábado)2026/04/25	;25	;Disminuir por50.0%	;Disminuir por10.7%	;17	;Disminuir por52.8%	;Sin cambios	;271	;Disminuir por35.8%	;Disminuir por32.9%	;169	;Disminuir por38.3%	;Disminuir por40.9%	;2745	;Disminuir por17.3%	;Aumentar por10.8%	;3778	;Disminuir por10.8%	;Aumentar por17.1%	;33	;Disminuir por40.0%	;Disminuir por40.0%	;38	;Disminuir por42.4%	;Disminuir por20.8%	;
147	;(Domingo)2026/04/26	;23	;Disminuir por65.7%	;Disminuir por45.2%	;27	;Disminuir por30.8%	;Sin cambios	;154	;Disminuir por64.4%	;Disminuir por49.3%	;144	;Disminuir por54.0%	;Disminuir por35.7%	;1861	;Disminuir por49.0%	;Disminuir por35.4%	;3085	;Disminuir por34.6%	;Disminuir por15.0%	;23	;Disminuir por63.5%	;Disminuir por28.1%	;32	;Disminuir por60.5%	;Sin cambios	;
148	;(Lunes)2026/04/27	;37	;Disminuir por14.0%	;Sin cambios	;23	;Disminuir por30.3%	;Aumentar por15.0%	;397	;Aumentar por36.4%	;Aumentar por115.8%	;298	;Aumentar por21.6%	;Aumentar por104.1%	;2380	;Disminuir por37.7%	;Aumentar por21.7%	;3609	;Disminuir por26.7%	;Aumentar por45.8%	;57	;Aumentar por39.0%	;Aumentar por103.6%	;45	;Disminuir por26.2%	;Aumentar por114.3%	;
149	;(Martes)2026/04/28	;23	;Disminuir por39.5%	;Disminuir por4.2%	;20	;Disminuir por13.0%	;Aumentar por25.0%	;389	;Aumentar por86.1%	;Aumentar por138.7%	;280	;Aumentar por48.9%	;Aumentar por101.4%	;2180	;Disminuir por29.9%	;Aumentar por166.5%	;3346	;Disminuir por3.4%	;Aumentar por203.1%	;54	;Aumentar por200.0%	;Aumentar por45.9%	;54	;Aumentar por86.2%	;Aumentar por116.0%	;
150	;(Miércoles)2026/04/29	;24	;Disminuir por53.8%	;Aumentar por84.6%	;25	;Disminuir por35.9%	;Aumentar por127.3%	;435	;Aumentar por2.6%	;Aumentar por82.8%	;278	;Disminuir por12.6%	;Aumentar por66.5%	;2344	;Disminuir por27.0%	;Aumentar por44.2%	;3576	;Disminuir por13.0%	;Aumentar por58.1%	;71	;Aumentar por18.3%	;Aumentar por173.1%	;67	;Disminuir por4.3%	;Aumentar por191.3%	;
151	;(Jueves)2026/04/30	;22	;Disminuir por40.5%	;Disminuir por47.6%	;17	;Disminuir por39.3%	;Disminuir por59.5%	;389	;Aumentar por1.3%	;Disminuir por10.0%	;299	;Aumentar por6.4%	;Disminuir por13.8%	;2918	;Aumentar por6.7%	;Aumentar por2.6%	;4317	;Aumentar por17.4%	;Aumentar por9.7%	;62	;Aumentar por10.7%	;Disminuir por16.2%	;66	;Disminuir por12.0%	;Sin cambios	;
152	;(Viernes)2026/05/01	;21	;Disminuir por27.6%	;Disminuir por4.5%	;16	;Disminuir por33.3%	;Sin cambios	;207	;Disminuir por43.0%	;Disminuir por5.0%	;169	;Disminuir por36.0%	;Disminuir por5.6%	;2439	;Disminuir por12.0%	;Aumentar por1.2%	;3231	;Disminuir por13.5%	;Aumentar por6.1%	;20	;Disminuir por55.6%	;Disminuir por16.7%	;30	;Disminuir por49.2%	;Aumentar por76.5%	;
153	;(Sábado)2026/05/02	;10	;Disminuir por75.6%	; --%	;12	;Disminuir por57.1%	; --%	;327	;Disminuir por16.2%	;Aumentar por1716.7%	;250	;Disminuir por20.1%	;Aumentar por1462.5%	;3795	;Aumentar por30.1%	;Aumentar por3228.9%	;4877	;Aumentar por25.5%	;Aumentar por3566.9%	;23	;Disminuir por58.2%	;Aumentar por155.6%	;48	;Disminuir por23.8%	;Aumentar por700.0%	;
154	;(Domingo)2026/05/03	;16	;Disminuir por51.5%	; --%	;16	;Disminuir por36.0%	; --%	;153	;Disminuir por64.2%	; --%	;125	;Disminuir por57.9%	; --%	;2280	;Disminuir por30.0%	; --%	;2977	;Disminuir por29.8%	; --%	;24	;Disminuir por61.3%	; --%	;39	;Disminuir por50.6%	; --%	;
155	;(Lunes)2026/05/04	;35	;Disminuir por28.6%	; --%	;24	;Disminuir por42.9%	; --%	;401	;Aumentar por48.5%	; --%	;312	;Aumentar por41.8%	; --%	;2381	;Disminuir por36.9%	; --%	;3650	;Disminuir por23.0%	; --%	;54	;Aumentar por157.1%	; --%	;62	;Aumentar por67.6%	; --%	;
156	;(Martes)2026/05/05	;23	;Disminuir por43.9%	; --%	;20	;Sin cambios	;Aumentar por1900.0%	;381	;Aumentar por101.6%	;Aumentar por259.4%	;264	;Aumentar por85.9%	;Aumentar por319.0%	;2081	;Disminuir por23.6%	;Aumentar por169.9%	;3265	;Aumentar por6.0%	;Aumentar por169.8%	;64	;Aumentar por120.7%	;Aumentar por1500.0%	;69	;Aumentar por109.1%	;Aumentar por1050.0%	;
157	;(Miércoles)2026/05/06	;24	;Disminuir por40.0%	;Disminuir por29.4%	;25	;Disminuir por10.7%	;Disminuir por13.8%	;383	;Disminuir por10.9%	;Disminuir por7.9%	;242	;Disminuir por25.1%	;Disminuir por22.7%	;2130	;Disminuir por32.0%	;Disminuir por9.2%	;3368	;Disminuir por19.9%	;Disminuir por0.6%	;60	;Aumentar por7.1%	;Sin cambios	;52	;Disminuir por8.8%	;Disminuir por17.5%	;
158	;(Jueves)2026/05/07	;32	;Disminuir por15.8%	;Aumentar por6.7%	;30	;Aumentar por25.0%	;Aumentar por20.0%	;399	;Aumentar por6.1%	;Disminuir por12.5%	;279	;Disminuir por7.3%	;Disminuir por5.1%	;2113	;Disminuir por19.8%	;Disminuir por11.3%	;3318	;Disminuir por6.7%	;Disminuir por3.2%	;54	;Aumentar por5.9%	;Aumentar por17.4%	;64	;Aumentar por18.5%	;Aumentar por28.0%	;
159	;(Viernes)2026/05/08	;18	;Disminuir por37.9%	;Disminuir por45.5%	;24	;Aumentar por50.0%	;Disminuir por27.3%	;389	;Disminuir por2.3%	;Disminuir por10.8%	;278	;Disminuir por12.0%	;Disminuir por12.6%	;2456	;Disminuir por10.8%	;Aumentar por1.4%	;3687	;Aumentar por0.1%	;Aumentar por9.8%	;61	;Aumentar por22.0%	;Aumentar por1.7%	;66	;Aumentar por17.9%	;Aumentar por6.5%	;
160	;(Sábado)2026/05/09	;25	;Disminuir por28.6%	;Disminuir por26.5%	;12	;Disminuir por42.9%	;Disminuir por58.6%	;229	;Disminuir por31.2%	;Disminuir por44.1%	;157	;Disminuir por40.3%	;Disminuir por44.7%	;2475	;Disminuir por7.8%	;Disminuir por3.2%	;3551	;Disminuir por2.5%	;Disminuir por0.3%	;28	;Disminuir por45.1%	;Disminuir por48.1%	;40	;Disminuir por14.9%	;Disminuir por28.6%	;
161	;(Domingo)2026/05/10	;12	;Disminuir por45.5%	;Disminuir por50.0%	;15	;Disminuir por37.5%	;Aumentar por7.1%	;131	;Disminuir por68.0%	;Disminuir por52.2%	;84	;Disminuir por74.5%	;Disminuir por58.6%	;1692	;Disminuir por42.1%	;Disminuir por36.0%	;2411	;Disminuir por38.0%	;Disminuir por29.7%	;12	;Disminuir por84.0%	;Disminuir por57.1%	;19	;Disminuir por71.6%	;Disminuir por52.5%	;
162	;(Lunes)2026/05/11	;37	;Aumentar por23.3%	;Aumentar por105.6%	;27	;Aumentar por42.1%	;Aumentar por92.9%	;413	;Aumentar por54.7%	;Aumentar por217.7%	;307	;Aumentar por38.3%	;Aumentar por207.0%	;2367	;Disminuir por21.5%	;Aumentar por30.0%	;3560	;Disminuir por8.7%	;Aumentar por58.6%	;63	;Aumentar por80.0%	;Aumentar por384.6%	;66	;Aumentar por73.7%	;Aumentar por340.0%	;
163	;(Martes)2026/05/12	;27	;Disminuir por20.6%	;Disminuir por20.6%	;19	;Sin cambios	;Disminuir por24.0%	;395	;Aumentar por140.9%	;Disminuir por6.0%	;251	;Aumentar por56.9%	;Disminuir por15.2%	;2163	;Aumentar por13.1%	;Disminuir por9.7%	;3249	;Aumentar por33.5%	;Disminuir por7.1%	;56	;Aumentar por229.4%	;Disminuir por16.4%	;53	;Aumentar por152.4%	;Disminuir por17.2%	;
164	;(Miércoles)2026/05/13	;39	;Aumentar por39.3%	;Aumentar por44.4%	;20	;Aumentar por11.1%	;Disminuir por4.8%	;409	;Aumentar por99.5%	;Disminuir por3.5%	;275	;Aumentar por44.7%	;Disminuir por7.1%	;2206	;Aumentar por21.1%	;Aumentar por3.0%	;3410	;Aumentar por42.3%	;Aumentar por9.0%	;69	;Aumentar por165.4%	;Aumentar por4.5%	;66	;Aumentar por106.3%	;Disminuir por19.5%	;
165	;(Jueves)2026/05/14	;36	;Aumentar por12.5%	;Aumentar por9.1%	;37	;Aumentar por54.2%	;Aumentar por37.0%	;426	;Aumentar por15.8%	;Aumentar por20.7%	;287	;Disminuir por3.7%	;Aumentar por15.7%	;2323	;Disminuir por2.8%	;Aumentar por38.5%	;3523	;Aumentar por6.8%	;Aumentar por52.6%	;67	;Aumentar por21.8%	;Aumentar por76.3%	;57	;Aumentar por14.0%	;Aumentar por29.5%	;
166	;(Viernes)2026/05/15	;44	;Aumentar por22.2%	; --%	;27	;Disminuir por20.6%	; --%	;430	;Aumentar por28.0%	; --%	;296	;Aumentar por8.0%	; --%	;2778	;Aumentar por15.5%	; --%	;4155	;Aumentar por24.1%	; --%	;68	;Aumentar por7.9%	; --%	;69	;Aumentar por32.7%	; --%	;
167	;(Sábado)2026/05/16	;23	;Disminuir por11.5%	;Aumentar por1050.0%	;10	;Disminuir por63.0%	;Aumentar por66.7%	;249	;Disminuir por25.0%	;Aumentar por94.5%	;231	;Disminuir por16.6%	;Aumentar por327.8%	;2821	;Aumentar por16.4%	;Aumentar por150.5%	;3884	;Aumentar por18.1%	;Aumentar por160.3%	;32	;Disminuir por15.8%	;Aumentar por357.1%	;35	;Disminuir por16.7%	;Aumentar por250.0%	;
168	;(Domingo)2026/05/17	;22	;Disminuir por26.7%	;Disminuir por37.1%	;12	;Disminuir por60.0%	;Disminuir por47.8%	;181	;Disminuir por53.2%	;Disminuir por37.2%	;136	;Disminuir por57.2%	;Disminuir por34.9%	;1912	;Disminuir por24.6%	;Disminuir por32.5%	;2627	;Disminuir por24.4%	;Disminuir por27.5%	;19	;Disminuir por68.9%	;Disminuir por29.6%	;13	;Disminuir por76.4%	;Disminuir por45.8%	;
169	;(Lunes)2026/05/18	;49	;Aumentar por63.3%	;Aumentar por276.9%	;40	;Aumentar por81.8%	;Aumentar por233.3%	;372	;Aumentar por53.7%	;Aumentar por146.4%	;295	;Aumentar por51.3%	;Aumentar por165.8%	;2485	;Disminuir por8.7%	;Aumentar por33.1%	;3678	;Aumentar por6.5%	;Aumentar por53.5%	;64	;Aumentar por106.5%	;Aumentar por357.1%	;84	;Aumentar por162.5%	;Aumentar por663.6%	;
170	;(Martes)2026/05/19	;34	;Aumentar por70.0%	;Aumentar por36.0%	;17	;Aumentar por41.7%	;Disminuir por48.5%	;366	;Aumentar por192.8%	;Disminuir por10.5%	;260	;Aumentar por130.1%	;Disminuir por4.8%	;2254	;Aumentar por30.7%	;Disminuir por9.5%	;3434	;Aumentar por54.5%	;Disminuir por0.5%	;65	;Aumentar por333.3%	;Aumentar por20.4%	;79	;Aumentar por690.0%	;Aumentar por27.4%	;
171	;(Miércoles)2026/05/20	;23	;Disminuir por23.3%	;Disminuir por25.8%	;11	;Disminuir por62.1%	;Disminuir por64.5%	;371	;Disminuir por2.4%	;Disminuir por6.1%	;235	;Disminuir por26.1%	;Disminuir por10.3%	;2270	;Disminuir por9.1%	;Aumentar por1.3%	;3369	;Disminuir por3.5%	;Aumentar por4.2%	;78	;Aumentar por47.2%	;Disminuir por22.0%	;84	;Aumentar por64.7%	;Disminuir por16.8%	;
172	;(Jueves)2026/05/21	;37	;Aumentar por54.2%	;Aumentar por19.4%	;22	;Aumentar por22.2%	;Disminuir por8.3%	;382	;Aumentar por10.1%	;Disminuir por6.1%	;259	;Disminuir por6.8%	;Disminuir por7.8%	;2344	;Aumentar por0.1%	;Disminuir por2.5%	;3529	;Aumentar por7.7%	;Aumentar por7.9%	;72	;Aumentar por24.1%	;Disminuir por36.8%	;80	;Aumentar por56.9%	;Disminuir por13.0%	;
173	;(Viernes)2026/05/22	;21	;Disminuir por41.7%	;Disminuir por4.5%	;26	;Disminuir por3.7%	;Aumentar por18.2%	;407	;Aumentar por20.4%	;Aumentar por4.6%	;250	;Disminuir por16.9%	;Aumentar por0.4%	;2706	;Aumentar por6.1%	;Aumentar por13.8%	;4006	;Aumentar por14.7%	;Aumentar por20.3%	;71	;Aumentar por31.5%	;Disminuir por45.0%	;87	;Aumentar por93.3%	;Disminuir por27.5%	;
174	;(Sábado)2026/05/23	;26	;Disminuir por13.3%	;Disminuir por16.1%	;14	;Disminuir por53.3%	;Disminuir por57.6%	;245	;Aumentar por20.7%	;Disminuir por36.2%	;181	;Aumentar por0.6%	;Disminuir por25.8%	;2889	;Aumentar por79.8%	;Aumentar por10.5%	;4040	;Aumentar por90.7%	;Aumentar por9.5%	;29	;Aumentar por3.6%	;Disminuir por72.6%	;27	;Aumentar por22.7%	;Disminuir por71.6%	;
175	;(Domingo)2026/05/24	;25	;Disminuir por7.4%	;Aumentar por66.7%	;23	;Sin cambios	;Aumentar por53.3%	;140	;Disminuir por60.6%	;Disminuir por48.7%	;102	;Disminuir por60.5%	;Disminuir por49.8%	;2101	;Disminuir por24.9%	;Disminuir por24.7%	;2841	;Disminuir por22.9%	;Disminuir por21.7%	;16	;Disminuir por69.8%	;Disminuir por38.5%	;19	;Disminuir por72.9%	;Disminuir por24.0%	;
176	;(Lunes)2026/05/25	;40	;Aumentar por90.5%	;Aumentar por73.9%	;28	;Aumentar por40.0%	;Aumentar por27.3%	;421	;Aumentar por188.4%	;Aumentar por177.0%	;312	;Aumentar por129.4%	;Aumentar por176.1%	;2876	;Aumentar por29.8%	;Aumentar por51.9%	;4143	;Aumentar por61.8%	;Aumentar por71.6%	;106	;Aumentar por606.7%	;Aumentar por307.7%	;106	;Aumentar por140.9%	;Aumentar por523.5%	;
177	;(Martes)2026/05/26	;39	;Aumentar por160.0%	;Aumentar por8.3%	;35	;Aumentar por218.2%	;Aumentar por45.8%	;385	;Aumentar por305.3%	;Disminuir por5.2%	;248	;Aumentar por217.9%	;Disminuir por5.7%	;2400	;Aumentar por95.9%	;Disminuir por6.3%	;3660	;Aumentar por140.3%	;Aumentar por2.9%	;122	;Aumentar por1933.3%	;Aumentar por103.3%	;123	;Aumentar por583.3%	;Aumentar por101.6%	;
178	;(Miércoles)2026/05/27	;21	;Disminuir por32.3%	;Disminuir por32.3%	;13	;Disminuir por38.1%	;Disminuir por43.5%	;411	;Aumentar por25.7%	;Aumentar por8.7%	;276	;Aumentar por17.9%	;Aumentar por7.0%	;2371	;Aumentar por5.7%	;Aumentar por2.3%	;3532	;Aumentar por9.3%	;Aumentar por6.4%	;130	;Aumentar por251.4%	;Aumentar por124.1%	;126	;Aumentar por113.6%	;Aumentar por93.8%	;
179	;(Jueves)2026/05/28	;42	;Aumentar por16.7%	;Aumentar por55.6%	;33	;Sin cambios	;Aumentar por43.5%	;400	;Aumentar por21.6%	;Disminuir por2.2%	;256	;Aumentar por5.3%	;Disminuir por0.4%	;2396	;Aumentar por6.0%	;Disminuir por1.6%	;3658	;Aumentar por12.5%	;Aumentar por6.2%	;120	;Aumentar por185.7%	;Aumentar por110.5%	;124	;Aumentar por195.2%	;Aumentar por163.8%	;
180	;(Viernes)2026/05/29	;32	;Disminuir por23.8%	;Disminuir por13.5%	;21	;Disminuir por43.2%	;Disminuir por36.4%	;442	;Aumentar por21.4%	;Aumentar por6.8%	;292	;Aumentar por15.9%	;Aumentar por17.7%	;2873	;Aumentar por33.4%	;Aumentar por13.7%	;4251	;Aumentar por39.5%	;Aumentar por20.4%	;99	;Aumentar por141.5%	;Aumentar por39.4%	;107	;Aumentar por137.8%	;Aumentar por28.9%	;
181	;(Sábado)2026/05/30	;22	;Disminuir por56.0%	;Disminuir por53.2%	;17	;Disminuir por56.4%	;Disminuir por37.0%	;288	;Disminuir por6.5%	;Disminuir por36.7%	;168	;Disminuir por32.3%	;Disminuir por45.1%	;3026	;Aumentar por39.7%	;Aumentar por4.1%	;4221	;Aumentar por39.1%	;Aumentar por7.7%	;31	;Disminuir por31.1%	;Disminuir por53.7%	;30	;Disminuir por40.0%	;Disminuir por46.4%	;
182	;(Domingo)2026/05/31	;29	;Aumentar por3.6%	;Disminuir por21.6%	;19	;Disminuir por20.8%	;Sin cambios	;206	;Disminuir por42.8%	;Disminuir por29.7%	;135	;Disminuir por48.7%	;Disminuir por34.5%	;2251	;Disminuir por5.0%	;Disminuir por29.0%	;3029	;Disminuir por10.3%	;Disminuir por25.7%	;19	;Disminuir por66.1%	;Disminuir por36.7%	;12	;Disminuir por80.0%	;Disminuir por58.6%	;
183	;(Lunes)2026/06/01	;30	;Sin cambios	;Aumentar por11.1%	;17	;Disminuir por19.0%	;Aumentar por6.3%	;416	;Aumentar por84.1%	;Aumentar por146.2%	;288	;Aumentar por72.5%	;Aumentar por150.4%	;2779	;Aumentar por9.9%	;Aumentar por22.5%	;4116	;Aumentar por24.1%	;Aumentar por46.2%	;141	;Aumentar por386.2%	;Aumentar por1181.8%	;126	;Aumentar por306.5%	;Aumentar por563.2%	;
184	;(Martes)2026/06/02	;28	;Aumentar por7.7%	;Disminuir por31.7%	;16	;Aumentar por6.7%	;Disminuir por50.0%	;389	;Aumentar por208.7%	;Disminuir por18.4%	;289	;Aumentar por180.6%	;Disminuir por11.3%	;2498	;Aumentar por41.1%	;Disminuir por15.0%	;3694	;Aumentar por66.0%	;Disminuir por8.4%	;122	;Aumentar por388.0%	;Aumentar por47.0%	;135	;Aumentar por487.0%	;Aumentar por51.7%	;
185	;(Miércoles)2026/06/03	;33	;Disminuir por28.3%	;Aumentar por37.5%	;26	;Disminuir por13.3%	;Aumentar por30.0%	;374	;Aumentar por3.6%	;Disminuir por14.4%	;270	;Disminuir por14.3%	;Disminuir por13.7%	;2471	;Aumentar por3.6%	;Disminuir por3.4%	;3712	;Aumentar por13.1%	;Aumentar por3.5%	;111	;Aumentar por88.1%	;Aumentar por122.0%	;113	;Aumentar por101.8%	;Aumentar por85.2%	;
186	;(Jueves)2026/06/04	;16	;Disminuir por52.9%	;Disminuir por36.0%	;18	;Disminuir por33.3%	;Disminuir por14.3%	;356	;Aumentar por19.9%	;Disminuir por18.5%	;238	;Disminuir por8.8%	;Disminuir por15.9%	;2498	;Aumentar por14.9%	;Aumentar por0.2%	;3766	;Aumentar por24.0%	;Aumentar por7.8%	;106	;Aumentar por55.9%	;Aumentar por92.7%	;110	;Aumentar por111.5%	;Aumentar por48.6%	;
187	;(Viernes)2026/06/05	;24	;Disminuir por41.5%	;Disminuir por25.0%	;21	;Disminuir por44.7%	;Sin cambios	;434	;Aumentar por35.2%	;Disminuir por0.7%	;298	;Aumentar por10.0%	;Aumentar por10.4%	;3144	;Aumentar por41.5%	;Aumentar por24.3%	;4558	;Aumentar por50.7%	;Aumentar por29.6%	;115	;Aumentar por113.0%	;Aumentar por130.0%	;118	;Aumentar por156.5%	;Aumentar por103.4%	;
188	;(Sábado)2026/06/06	;28	;Aumentar por12.0%	;Aumentar por7.7%	;17	;Disminuir por5.6%	;Disminuir por5.6%	;284	;Disminuir por12.6%	;Disminuir por30.4%	;200	;Disminuir por26.2%	;Disminuir por30.6%	;3080	;Aumentar por38.1%	;Aumentar por1.0%	;4404	;Aumentar por43.3%	;Aumentar por6.2%	;33	;Sin cambios	;Disminuir por35.3%	;31	;Disminuir por36.7%	;Disminuir por51.6%	;
189	;(Domingo)2026/06/07	;24	;Disminuir por25.0%	;Disminuir por14.3%	;11	;Disminuir por54.2%	;Disminuir por54.2%	;168	;Disminuir por51.0%	;Disminuir por45.1%	;110	;Disminuir por60.7%	;Disminuir por40.9%	;2191	;Disminuir por10.3%	;Disminuir por38.2%	;2926	;Disminuir por13.9%	;Disminuir por36.3%	;17	;Disminuir por66.0%	;Disminuir por37.0%	;21	;Disminuir por60.4%	;Disminuir por36.4%	;
190	;(Lunes)2026/06/08	;46	;Aumentar por100.0%	;Aumentar por64.3%	;34	;Aumentar por126.7%	;Aumentar por47.8%	;403	;Aumentar por69.3%	;Aumentar por107.7%	;316	;Aumentar por42.3%	;Aumentar por135.8%	;2977	;Aumentar por19.1%	;Aumentar por14.6%	;4200	;Aumentar por32.3%	;Aumentar por37.3%	;108	;Aumentar por332.0%	;Aumentar por414.3%	;127	;Aumentar por323.3%	;Aumentar por605.6%	;
191	;(Martes)2026/06/09	;22	;Disminuir por24.1%	;Disminuir por35.3%	;24	;Aumentar por166.7%	;Disminuir por31.4%	;415	;Aumentar por232.0%	;Disminuir por16.8%	;297	;Aumentar por172.5%	;Disminuir por13.7%	;2527	;Aumentar por58.7%	;Disminuir por25.6%	;3798	;Aumentar por88.4%	;Disminuir por12.2%	;108	;Aumentar por440.0%	;Aumentar por120.4%	;119	;Aumentar por561.1%	;Aumentar por75.0%	;
192	;(Miércoles)2026/06/10	;28	;Disminuir por50.0%	;Disminuir por31.7%	;21	;Disminuir por51.2%	;Disminuir por36.4%	;392	;Aumentar por15.3%	;Disminuir por11.5%	;269	;Disminuir por4.6%	;Disminuir por5.6%	;2560	;Aumentar por16.0%	;Disminuir por5.6%	;3833	;Aumentar por21.5%	;Aumentar por2.6%	;121	;Aumentar por142.0%	;Aumentar por116.1%	;115	;Aumentar por144.7%	;Aumentar por74.2%	;
193	;(Jueves)2026/06/11	;28	;Disminuir por26.3%	;Aumentar por33.3%	;21	;Disminuir por30.0%	;Disminuir por22.2%	;398	;Aumentar por26.8%	;Aumentar por0.3%	;268	;Aumentar por5.5%	;Aumentar por4.3%	;2677	;Aumentar por24.6%	;Disminuir por3.1%	;3985	;Aumentar por31.2%	;Aumentar por3.8%	;114	;Aumentar por83.9%	;Aumentar por132.7%	;124	;Aumentar por143.1%	;Aumentar por85.1%	;
194	;(Viernes)2026/06/12	;31	;Aumentar por14.8%	;Aumentar por14.8%	;30	;Disminuir por6.3%	;Aumentar por15.4%	;389	;Aumentar por4.9%	;Disminuir por6.3%	;263	;Disminuir por13.2%	;Disminuir por3.3%	;3096	;Aumentar por41.5%	;Aumentar por15.5%	;4482	;Aumentar por47.0%	;Aumentar por18.4%	;100	;Aumentar por88.7%	;Aumentar por100.0%	;93	;Aumentar por36.8%	;Aumentar por93.8%	;
195	;(Sábado)2026/06/13	;34	;Aumentar por3.0%	;Aumentar por17.2%	;18	;Disminuir por40.0%	;Disminuir por28.0%	;273	;Disminuir por16.3%	;Disminuir por40.8%	;188	;Disminuir por26.8%	;Disminuir por41.1%	;3277	;Aumentar por51.8%	;Disminuir por0.9%	;4552	;Aumentar por54.6%	;Aumentar por7.5%	;31	;Disminuir por29.5%	;Disminuir por45.6%	;29	;Disminuir por29.3%	;Disminuir por58.6%	;
196	;(Domingo)2026/06/14	;41	;Aumentar por32.3%	;Aumentar por13.9%	;16	;Disminuir por27.3%	;Disminuir por15.8%	;157	;Disminuir por54.1%	;Disminuir por41.9%	;116	;Disminuir por58.0%	;Disminuir por42.6%	;2469	;Disminuir por4.2%	;Disminuir por28.4%	;3192	;Disminuir por7.8%	;Disminuir por26.9%	;16	;Disminuir por72.9%	;Disminuir por36.0%	;18	;Disminuir por72.7%	;Disminuir por45.5%	;
197	;(Lunes)2026/06/15	;44	;Aumentar por63.0%	;Aumentar por41.9%	;23	;Aumentar por21.1%	;Aumentar por43.8%	;411	;Aumentar por94.8%	;Aumentar por153.7%	;302	;Aumentar por63.2%	;Aumentar por190.4%	;2801	;Aumentar por25.7%	;Aumentar por12.0%	;4083	;Aumentar por41.7%	;Aumentar por35.0%	;66	;Aumentar por164.0%	;Aumentar por288.2%	;61	;Aumentar por221.1%	;Aumentar por144.0%	;
198	;(Martes)2026/06/16	;59	;Aumentar por210.5%	;Aumentar por31.1%	;50	;Aumentar por233.3%	;Aumentar por51.5%	;391	;Aumentar por181.3%	;Disminuir por7.3%	;282	;Aumentar por145.2%	;Disminuir por17.5%	;2586	;Aumentar por78.5%	;Disminuir por18.6%	;3844	;Aumentar por96.2%	;Disminuir por8.4%	;60	;Aumentar por252.9%	;Disminuir por27.7%	;53	;Aumentar por488.9%	;Disminuir por36.1%	;
199	;(Miércoles)2026/06/17	;51	;Aumentar por82.1%	;Aumentar por10.9%	;39	;Aumentar por105.3%	;Aumentar por30.0%	;399	;Aumentar por11.1%	;Disminuir por7.0%	;251	;Disminuir por17.4%	;Disminuir por2.7%	;2689	;Aumentar por30.7%	;Disminuir por3.4%	;3984	;Aumentar por32.0%	;Aumentar por4.1%	;69	;Aumentar por40.8%	;Aumentar por35.3%	;60	;Aumentar por11.1%	;Aumentar por1.7%	;
200	;(Jueves)2026/06/18	;50	;Aumentar por127.3%	;Aumentar por22.0%	;34	;Aumentar por112.5%	;Aumentar por30.8%	;407	;Aumentar por20.8%	;Aumentar por4.9%	;273	;Aumentar por6.2%	;Aumentar por8.3%	;2847	;Aumentar por45.8%	;Sin cambios	;4198	;Aumentar por52.5%	;Aumentar por10.0%	;57	;Aumentar por14.0%	;Disminuir por17.4%	;60	;Aumentar por22.4%	;Disminuir por10.4%	;
201	;(Viernes)2026/06/19	;46	;Aumentar por84.0%	;Disminuir por2.1%	;34	;Aumentar por100.0%	;Aumentar por61.9%	;404	;Aumentar por27.4%	;Disminuir por4.0%	;257	;Aumentar por4.9%	;Disminuir por12.9%	;3120	;Aumentar por60.2%	;Aumentar por5.3%	;4517	;Aumentar por60.3%	;Aumentar por16.8%	;66	;Aumentar por73.7%	;Disminuir por5.7%	;72	;Aumentar por56.5%	;Aumentar por2.9%	;
202	;(Sábado)2026/06/20	;22	;Disminuir por29.0%	;Disminuir por45.0%	;17	;Disminuir por39.3%	;Disminuir por43.3%	;330	;Disminuir por10.6%	;Disminuir por24.1%	;235	;Disminuir por14.9%	;Disminuir por12.6%	;3702	;Aumentar por83.2%	;Aumentar por11.3%	;5022	;Aumentar por79.3%	;Aumentar por12.6%	;40	;Disminuir por13.0%	;Disminuir por45.2%	;38	;Disminuir por22.4%	;Disminuir por56.3%	;
203	;(Domingo)2026/06/21	;32	;Aumentar por60.0%	;Disminuir por36.0%	;19	;Aumentar por35.7%	;Disminuir por32.1%	;170	;Disminuir por47.5%	;Disminuir por42.6%	;97	;Disminuir por61.0%	;Disminuir por45.5%	;2375	;Aumentar por10.3%	;Disminuir por38.7%	;3270	;Aumentar por6.3%	;Disminuir por32.6%	;12	;Disminuir por76.0%	;Disminuir por58.6%	;14	;Disminuir por72.0%	;Disminuir por60.0%	;
204	;(Lunes)2026/06/22	;49	;Aumentar por122.7%	;Aumentar por28.9%	;32	;Aumentar por220.0%	;Aumentar por68.4%	;448	;Aumentar por93.9%	;Aumentar por148.9%	;299	;Aumentar por56.5%	;Aumentar por218.1%	;3612	;Aumentar por77.1%	;Aumentar por48.2%	;5043	;Aumentar por82.3%	;Aumentar por60.0%	;53	;Aumentar por120.8%	;Aumentar por381.8%	;61	;Aumentar por165.2%	;Aumentar por281.3%	;
205	;(Martes)2026/06/23	;35	;Aumentar por75.0%	;Aumentar por169.2%	;15	;Sin cambios	;Aumentar por400.0%	;456	;Aumentar por334.3%	;Aumentar por210.2%	;295	;Aumentar por173.1%	;Aumentar por278.2%	;3142	;Aumentar por123.3%	;Aumentar por134.8%	;4578	;Aumentar por142.4%	;Aumentar por136.8%	;71	;Aumentar por163.0%	;Aumentar por373.3%	;71	;Aumentar por317.6%	;Aumentar por545.5%	;
206	;(Miércoles)2026/06/24	;49	;Aumentar por75.0%	;Aumentar por32.4%	;25	;Disminuir por13.8%	;Aumentar por177.8%	;285	;Disminuir por18.6%	;Disminuir por28.2%	;162	;Disminuir por43.4%	;Disminuir por37.9%	;2978	;Aumentar por51.9%	;Disminuir por12.5%	;4003	;Aumentar por40.9%	;Disminuir por4.5%	;29	;Disminuir por47.3%	;Disminuir por25.6%	;30	;Disminuir por47.4%	;Disminuir por18.9%	;
207	;(Jueves)2026/06/25	;41	;Aumentar por70.8%	;Disminuir por14.6%	;34	;Aumentar por161.5%	;Aumentar por100.0%	;462	;Aumentar por37.5%	;Aumentar por7.7%	;248	;Disminuir por4.2%	;Disminuir por12.7%	;3459	;Aumentar por84.5%	;Aumentar por2.6%	;4871	;Aumentar por80.1%	;Aumentar por11.8%	;72	;Aumentar por67.4%	;Aumentar por2.9%	;70	;Aumentar por75.0%	;Aumentar por2.9%	;
208	;(Viernes)2026/06/26	;28	;Aumentar por12.0%	;Disminuir por28.2%	;22	;Disminuir por4.3%	;Disminuir por12.0%	;420	;Aumentar por32.1%	;Aumentar por4.5%	;255	;Aumentar por3.7%	;Aumentar por0.8%	;3870	;Aumentar por109.0%	;Aumentar por13.2%	;5279	;Aumentar por96.7%	;Aumentar por21.1%	;62	;Aumentar por14.8%	;Aumentar por24.0%	;82	;Aumentar por100.0%	;Aumentar por36.7%	;
209	;(Sábado)2026/06/27	;36	;Aumentar por20.0%	;Disminuir por18.2%	;18	;Disminuir por10.0%	;Disminuir por40.0%	;322	;Disminuir por2.4%	;Disminuir por28.1%	;205	;Disminuir por17.7%	;Disminuir por24.6%	;3928	;Aumentar por105.1%	;Aumentar por9.4%	;5454	;Aumentar por101.4%	;Aumentar por14.6%	;37	;Disminuir por2.6%	;Disminuir por36.2%	;32	;Disminuir por27.3%	;Disminuir por51.5%	;
210	;(Domingo)2026/06/28	;25	;Disminuir por7.4%	;Disminuir por46.8%	;16	;Disminuir por20.0%	;Disminuir por44.8%	;220	;Disminuir por40.9%	;Disminuir por34.1%	;134	;Disminuir por51.6%	;Disminuir por30.9%	;3440	;Aumentar por64.4%	;Disminuir por11.8%	;4348	;Aumentar por42.1%	;Disminuir por11.8%	;22	;Disminuir por60.0%	;Disminuir por15.4%	;24	;Disminuir por58.6%	;Disminuir por20.0%	;
211	;(Lunes)2026/06/29	;32	;Aumentar por33.3%	;Aumentar por3.2%	;23	;Aumentar por21.1%	;Aumentar por76.9%	;437	;Aumentar por117.4%	;Aumentar por109.1%	;268	;Aumentar por68.6%	;Aumentar por150.5%	;3587	;Aumentar por72.4%	;Aumentar por12.6%	;4941	;Aumentar por71.5%	;Aumentar por30.1%	;67	;Aumentar por219.0%	;Aumentar por219.0%	;76	;Aumentar por300.0%	;Aumentar por300.0%	;
212	;(Martes)2026/06/30	;31	;Aumentar por40.9%	;Aumentar por3.3%	;20	;Aumentar por42.9%	;Aumentar por66.7%	;420	;Aumentar por296.2%	;Disminuir por0.7%	;245	;Aumentar por137.9%	;Disminuir por7.5%	;3384	;Aumentar por174.9%	;Disminuir por5.7%	;4648	;Aumentar por168.8%	;Disminuir por2.3%	;56	;Aumentar por409.1%	;Disminuir por15.2%	;67	;Aumentar por1240.0%	;Aumentar por11.7%	;
213	;(Miércoles)2026/07/01	;48	;Aumentar por77.8%	;Aumentar por100.0%	;32	;Aumentar por88.2%	;Aumentar por128.6%	;416	;Aumentar por10.3%	;Aumentar por30.0%	;243	;Disminuir por10.3%	;Aumentar por26.6%	;3282	;Aumentar por71.1%	;Aumentar por55.3%	;4588	;Aumentar por63.6%	;Aumentar por67.9%	;65	;Aumentar por38.3%	;Aumentar por44.4%	;62	;Aumentar por14.8%	;Disminuir por1.6%	;
214	;(Jueves)2026/07/02	;30	;Aumentar por25.0%	;Aumentar por50.0%	;13	;Disminuir por40.9%	;Aumentar por85.7%	;372	;Aumentar por15.2%	;Aumentar por42.0%	;236	;Disminuir por10.3%	;Aumentar por62.8%	;3322	;Aumentar por80.0%	;Aumentar por51.4%	;4607	;Aumentar por73.3%	;Aumentar por56.6%	;64	;Aumentar por42.2%	;Aumentar por190.9%	;64	;Aumentar por16.4%	;Aumentar por178.3%	;
215	;(Viernes)2026/07/03	;36	;Aumentar por71.4%	;Sin cambios	;21	;Aumentar por61.5%	;Aumentar por5.0%	;421	;Aumentar por36.7%	;Disminuir por1.9%	;259	;Aumentar por4.0%	;Disminuir por3.7%	;3656	;Aumentar por93.5%	;Aumentar por5.3%	;5050	;Aumentar por88.4%	;Aumentar por12.5%	;58	;Aumentar por20.8%	;Disminuir por14.7%	;61	;Aumentar por48.8%	;Disminuir por28.2%	;
216	;(Sábado)2026/07/04	;28	;Sin cambios	;Disminuir por28.2%	;20	;Disminuir por23.1%	;Sin cambios	;311	;Disminuir por4.0%	;Disminuir por28.5%	;184	;Disminuir por33.1%	;Disminuir por33.8%	;4137	;Aumentar por117.6%	;Aumentar por8.0%	;5522	;Aumentar por104.4%	;Aumentar por11.1%	;20	;Disminuir por59.2%	;Disminuir por68.3%	;29	;Disminuir por34.1%	;Disminuir por58.6%	;
217	;(Domingo)2026/07/05	;23	;Disminuir por11.5%	;Disminuir por32.4%	;14	;Disminuir por50.0%	;Aumentar por27.3%	;195	;Disminuir por45.4%	;Disminuir por39.6%	;118	;Disminuir por55.0%	;Disminuir por43.8%	;3362	;Aumentar por62.2%	;Disminuir por20.6%	;4313	;Aumentar por40.9%	;Disminuir por18.1%	;12	;Disminuir por81.0%	;Disminuir por61.3%	;20	;Disminuir por67.2%	;Disminuir por51.2%	;
218	;(Lunes)2026/07/06	;31	;Aumentar por14.8%	;Sin cambios	;24	;Aumentar por71.4%	;Aumentar por84.6%	;419	;Aumentar por112.7%	;Aumentar por114.9%	;264	;Aumentar por64.0%	;Aumentar por109.5%	;3728	;Aumentar por80.9%	;Aumentar por10.7%	;5074	;Aumentar por85.1%	;Aumentar por24.7%	;62	;Aumentar por148.0%	;Aumentar por138.5%	;66	;Aumentar por175.0%	;Aumentar por127.6%	;
219	;(Martes)2026/07/07	;48	;Aumentar por269.2%	;Aumentar por37.1%	;25	;Aumentar por108.3%	;Aumentar por66.7%	;400	;Aumentar por230.6%	;Sin cambios	;232	;Aumentar por152.2%	;Disminuir por6.8%	;3447	;Aumentar por148.2%	;Disminuir por13.4%	;4795	;Aumentar por170.4%	;Disminuir por8.0%	;65	;Aumentar por306.3%	;Aumentar por18.2%	;77	;Aumentar por492.3%	;Aumentar por8.5%	;
220	;(Miércoles)2026/07/08	;41	;Aumentar por95.2%	;Aumentar por64.0%	;27	;Aumentar por68.8%	;Aumentar por92.9%	;431	;Aumentar por36.8%	;Aumentar por10.2%	;258	;Aumentar por4.5%	;Sin cambios	;3601	;Aumentar por90.8%	;Disminuir por5.2%	;4985	;Aumentar por82.0%	;Aumentar por3.1%	;59	;Aumentar por11.3%	;Aumentar por25.5%	;71	;Aumentar por51.1%	;Aumentar por2.9%	;
221	;(Jueves)2026/07/09	;38	;Aumentar por58.3%	;Aumentar por18.8%	;27	;Aumentar por42.1%	;Aumentar por237.5%	;396	;Aumentar por27.7%	;Aumentar por6.2%	;242	;Aumentar por1.3%	;Disminuir por12.6%	;3738	;Aumentar por103.6%	;Disminuir por9.3%	;5143	;Aumentar por95.0%	;Aumentar por3.6%	;63	;Aumentar por37.0%	;Aumentar por50.0%	;79	;Aumentar por75.6%	;Aumentar por8.2%	;
222	;(Viernes)2026/07/10	;34	;Aumentar por47.8%	;Sin cambios	;24	;Aumentar por84.6%	;Disminuir por4.0%	;425	;Aumentar por51.8%	;Aumentar por7.9%	;246	;Aumentar por20.0%	;Disminuir por4.7%	;3851	;Aumentar por102.9%	;Aumentar por7.5%	;5410	;Aumentar por101.6%	;Aumentar por18.8%	;72	;Aumentar por71.4%	;Aumentar por28.6%	;73	;Aumentar por43.1%	;Aumentar por4.3%	;
223	;(Sábado)2026/07/11	;29	;Aumentar por7.4%	;Disminuir por29.3%	;13	;Disminuir por27.8%	;Disminuir por31.6%	;306	;Aumentar por2.0%	;Disminuir por32.0%	;184	;Disminuir por20.3%	;Disminuir por35.0%	;4449	;Aumentar por134.0%	;Aumentar por6.4%	;6087	;Aumentar por124.6%	;Aumentar por19.2%	;29	;Disminuir por25.6%	;Disminuir por54.7%	;36	;Disminuir por14.3%	;Disminuir por43.8%	;
224	;(Domingo)2026/07/12	;36	;Aumentar por80.0%	;Aumentar por9.1%	;22	;Aumentar por22.2%	;Disminuir por4.3%	;211	;Disminuir por39.2%	;Disminuir por30.4%	;121	;Disminuir por55.0%	;Disminuir por29.2%	;3760	;Aumentar por43.8%	;Disminuir por13.9%	;4838	;Aumentar por28.0%	;Disminuir por9.8%	;19	;Disminuir por59.6%	;Disminuir por40.6%	;24	;Disminuir por57.9%	;Disminuir por27.3%	;
225	;(Lunes)2026/07/13	;28	;Aumentar por64.7%	;Disminuir por36.4%	;16	;Disminuir por23.8%	;Disminuir por40.7%	;435	;Aumentar por116.4%	;Aumentar por101.4%	;291	;Aumentar por76.4%	;Aumentar por103.5%	;4229	;Aumentar por77.3%	;Aumentar por24.9%	;6018	;Aumentar por92.1%	;Aumentar por45.7%	;66	;Aumentar por106.3%	;Aumentar por247.4%	;67	;Aumentar por139.3%	;Aumentar por191.3%	;
226	;(Martes)2026/07/14	;24	;Aumentar por50.0%	;Disminuir por44.2%	;14	;Aumentar por40.0%	;Disminuir por33.3%	;222	;Aumentar por57.4%	;Disminuir por48.0%	;168	;Aumentar por35.5%	;Disminuir por43.8%	;1842	;Aumentar por24.4%	;Disminuir por57.6%	;2305	;Aumentar por20.5%	;Disminuir por56.9%	;34	;Aumentar por78.9%	;Disminuir por47.7%	;55	;Aumentar por511.1%	;Disminuir por22.5%	;
