Análisis de tipo multiobjetivo	;
Información básica	;
Hora de exportación: 2026/08/10 14:49:44	;
Operador: Touristcheck	;
Objetivo de estadísticas: Ayuntamiento	;
Exportar contenido:Número de personas,Vehículos a motor,Vehículos sin motor	;
Hora del informe: 2026/06/01 00:00:00 - 2026/08/31 23:59:59	;

Personas totales	; 	; 	; 	; 	; 	;Total de vehículos a motor	; 	; 	; 	; 	; 	;Total de vehículos sin motor	;
Avanzar	; 	; 	;Retroceso	; 	; 	;Avanzar	; 	; 	;Retroceso	; 	; 	;Avanzar	; 	; 	;Retroceso	;
Valor	;Tasa de cambio (ciclo tras ciclo)	;Tasa de cambio (año tras año)	;Valor	;Tasa de cambio (ciclo tras ciclo)	;Tasa de cambio (año tras año)	;Valor	;Tasa de cambio (ciclo tras ciclo)	;Tasa de cambio (año tras año)	;Valor	;Tasa de cambio (ciclo tras ciclo)	;Tasa de cambio (año tras año)	;Valor	;Tasa de cambio (ciclo tras ciclo)	;Tasa de cambio (año tras año)	;Valor	;Tasa de cambio (ciclo tras ciclo)	;Tasa de cambio (año tras año)	;
130991	;Aumentar por11.4%	;Disminuir por16.0%	;165487	;Aumentar por22.0%	;Disminuir por14.7%	;2218	;Disminuir por6.3%	;Disminuir por28.9%	;14605	;Disminuir por20.9%	;Disminuir por10.4%	;1859	;Aumentar por16.4%	;Disminuir por12.0%	;12897	;Aumentar por63.3%	;Disminuir por5.9%	;

N.º	;Hora	;Personas	; 	; 	; 	; 	; 	;Vehículos a motor	; 	; 	; 	; 	; 	;Vehículos sin motor	;
	;	;Avanzar	; 	; 	;Retroceso	; 	; 	;Avanzar	; 	; 	;Retroceso	; 	; 	;Avanzar	; 	; 	;Retroceso	;
	;	;Valor	;Tasa de cambio (ciclo tras ciclo)	;Tasa de cambio (año tras año)	;Valor	;Tasa de cambio (ciclo tras ciclo)	;Tasa de cambio (año tras año)	;Valor	;Tasa de cambio (ciclo tras ciclo)	;Tasa de cambio (año tras año)	;Valor	;Tasa de cambio (ciclo tras ciclo)	;Tasa de cambio (año tras año)	;Valor	;Tasa de cambio (ciclo tras ciclo)	;Tasa de cambio (año tras año)	;Valor	;Tasa de cambio (ciclo tras ciclo)	;Tasa de cambio (año tras año)	;
1	;06/01 00:00 - 01:00	;8	;Aumentar por60.0%	;Disminuir por83.7%	;7	; --%	;Disminuir por94.1%	;0	; --%	; --%	;0	;Disminuir por100.0%	;Disminuir por100.0%	;0	; --%	; --%	;4	; --%	;Disminuir por75.0%	;
2	;06/01 01:00 - 02:00	;2	;Disminuir por71.4%	;Disminuir por88.2%	;1	; --%	;Disminuir por97.7%	;0	; --%	; --%	;1	; --%	;Disminuir por66.7%	;0	; --%	; --%	;1	; --%	;Disminuir por90.0%	;
3	;06/01 02:00 - 03:00	;3	; --%	;Sin cambios	;2	; --%	;Disminuir por81.8%	;0	; --%	; --%	;0	; --%	; --%	;0	; --%	; --%	;0	; --%	; --%	;
4	;06/01 03:00 - 04:00	;14	;Aumentar por1300.0%	;Aumentar por1300.0%	;10	; --%	;Aumentar por900.0%	;0	; --%	; --%	;3	; --%	;Aumentar por200.0%	;0	; --%	; --%	;0	; --%	; --%	;
5	;06/01 04:00 - 05:00	;0	; --%	;Disminuir por100.0%	;0	; --%	;Disminuir por100.0%	;0	; --%	; --%	;0	; --%	;Disminuir por100.0%	;0	; --%	; --%	;0	; --%	; --%	;
6	;06/01 05:00 - 06:00	;1	;Sin cambios	;Sin cambios	;1	; --%	;Sin cambios	;0	; --%	; --%	;0	; --%	; --%	;0	; --%	; --%	;0	; --%	; --%	;
7	;06/01 06:00 - 07:00	;6	; --%	;Aumentar por500.0%	;8	; --%	;Aumentar por300.0%	;1	; --%	; --%	;2	; --%	; --%	;0	; --%	; --%	;2	; --%	;Aumentar por100.0%	;
8	;06/01 07:00 - 08:00	;10	;Aumentar por233.3%	;Aumentar por42.9%	;16	; --%	;Aumentar por433.3%	;0	; --%	; --%	;3	;Aumentar por50.0%	;Aumentar por50.0%	;1	; --%	;Disminuir por50.0%	;6	; --%	;Aumentar por20.0%	;
9	;06/01 08:00 - 09:00	;8	;Aumentar por166.7%	;Disminuir por57.9%	;44	;Aumentar por633.3%	;Aumentar por76.0%	;3	; --%	;Aumentar por50.0%	;31	;Aumentar por1450.0%	;Aumentar por287.5%	;1	; --%	; --%	;8	; --%	;Aumentar por166.7%	;
10	;06/01 09:00 - 10:00	;41	;Aumentar por925.0%	;Aumentar por7.9%	;34	;Aumentar por385.7%	;Disminuir por35.8%	;7	; --%	; --%	;25	;Aumentar por1150.0%	;Aumentar por316.7%	;1	;Sin cambios	; --%	;11	; --%	;Aumentar por57.1%	;
11	;06/01 10:00 - 11:00	;69	;Disminuir por16.9%	;Disminuir por43.0%	;52	;Aumentar por13.0%	;Disminuir por48.0%	;2	;Sin cambios	;Sin cambios	;31	;Aumentar por181.8%	;Aumentar por82.4%	;0	;Disminuir por100.0%	;Disminuir por100.0%	;6	;Aumentar por500.0%	;Disminuir por25.0%	;
12	;06/01 11:00 - 12:00	;79	;Disminuir por6.0%	;Disminuir por57.3%	;79	;Disminuir por41.0%	;Disminuir por50.0%	;10	; --%	; --%	;24	;Aumentar por2300.0%	;Aumentar por166.7%	;0	; --%	;Disminuir por100.0%	;11	; --%	;Disminuir por15.4%	;
13	;06/01 12:00 - 13:00	;79	;Disminuir por31.9%	;Disminuir por33.1%	;74	;Disminuir por43.1%	;Disminuir por59.6%	;2	; --%	;Disminuir por33.3%	;17	;Aumentar por750.0%	;Aumentar por142.9%	;0	;Disminuir por100.0%	;Disminuir por100.0%	;7	;Aumentar por600.0%	;Disminuir por46.2%	;
14	;06/01 13:00 - 14:00	;51	;Disminuir por15.0%	;Disminuir por44.6%	;48	;Disminuir por56.8%	;Disminuir por72.1%	;1	;Sin cambios	; --%	;13	;Aumentar por225.0%	;Aumentar por225.0%	;0	;Disminuir por100.0%	;Disminuir por100.0%	;4	;Aumentar por300.0%	;Disminuir por60.0%	;
15	;06/01 14:00 - 15:00	;36	;Aumentar por20.0%	;Disminuir por37.9%	;40	;Aumentar por21.2%	;Disminuir por48.7%	;3	; --%	; --%	;16	;Aumentar por300.0%	;Aumentar por433.3%	;1	; --%	; --%	;6	; --%	;Disminuir por40.0%	;
16	;06/01 15:00 - 16:00	;48	;Aumentar por100.0%	;Disminuir por51.5%	;64	;Aumentar por77.8%	;Disminuir por55.6%	;1	; --%	; --%	;12	;Aumentar por500.0%	;Aumentar por300.0%	;0	;Disminuir por100.0%	;Disminuir por100.0%	;9	;Aumentar por800.0%	;Aumentar por125.0%	;
17	;06/01 16:00 - 17:00	;28	;Aumentar por21.7%	;Disminuir por66.3%	;31	;Disminuir por8.8%	;Disminuir por70.2%	;3	; --%	; --%	;11	;Aumentar por1000.0%	;Aumentar por120.0%	;0	;Disminuir por100.0%	;Disminuir por100.0%	;8	; --%	;Disminuir por20.0%	;
18	;06/01 17:00 - 18:00	;66	;Aumentar por144.4%	;Aumentar por6.5%	;55	;Aumentar por34.1%	;Disminuir por40.9%	;0	;Disminuir por100.0%	;Disminuir por100.0%	;10	;Aumentar por66.7%	;Aumentar por66.7%	;0	; --%	; --%	;6	; --%	;Disminuir por14.3%	;
19	;06/01 18:00 - 19:00	;136	;Aumentar por2166.7%	;Aumentar por10.6%	;81	;Aumentar por211.5%	;Disminuir por53.2%	;4	; --%	;Aumentar por33.3%	;16	;Aumentar por1500.0%	;Aumentar por77.8%	;4	; --%	;Aumentar por300.0%	;4	; --%	;Disminuir por73.3%	;
20	;06/01 19:00 - 20:00	;49	;Aumentar por716.7%	;Disminuir por72.2%	;54	;Aumentar por1700.0%	;Disminuir por66.0%	;2	;Sin cambios	; --%	;11	;Aumentar por83.3%	;Aumentar por120.0%	;0	; --%	; --%	;7	; --%	;Aumentar por16.7%	;
21	;06/01 20:00 - 21:00	;61	;Aumentar por510.0%	;Aumentar por13.0%	;105	; --%	;Disminuir por36.4%	;0	; --%	; --%	;7	;Aumentar por133.3%	;Aumentar por250.0%	;4	; --%	;Aumentar por300.0%	;12	; --%	;Aumentar por71.4%	;
22	;06/01 21:00 - 22:00	;73	;Aumentar por630.0%	;Aumentar por78.0%	;70	;Aumentar por1300.0%	;Disminuir por13.6%	;1	; --%	; --%	;5	;Aumentar por400.0%	;Aumentar por66.7%	;0	; --%	; --%	;6	; --%	;Disminuir por33.3%	;
23	;06/01 22:00 - 23:00	;44	;Aumentar por4300.0%	;Aumentar por12.8%	;68	; --%	;Aumentar por33.3%	;0	; --%	;Disminuir por100.0%	;5	; --%	;Aumentar por150.0%	;0	; --%	;Disminuir por100.0%	;6	; --%	;Aumentar por20.0%	;
24	;06/01 23:00 - 24:00	;16	;Aumentar por220.0%	;Sin cambios	;30	;Aumentar por2900.0%	;Aumentar por25.0%	;0	;Disminuir por100.0%	; --%	;6	;Aumentar por200.0%	;Aumentar por100.0%	;0	; --%	; --%	;7	; --%	;Aumentar por40.0%	;
25	;06/02 00:00 - 01:00	;3	; --%	;Sin cambios	;16	; --%	;Aumentar por77.8%	;0	; --%	; --%	;5	; --%	;Aumentar por66.7%	;0	; --%	; --%	;3	; --%	;Disminuir por25.0%	;
26	;06/02 01:00 - 02:00	;3	; --%	;Aumentar por200.0%	;1	; --%	;Disminuir por50.0%	;0	; --%	; --%	;1	; --%	; --%	;0	; --%	; --%	;1	; --%	; --%	;
27	;06/02 02:00 - 03:00	;2	;Aumentar por100.0%	; --%	;0	; --%	;Disminuir por100.0%	;0	; --%	; --%	;0	; --%	; --%	;0	; --%	; --%	;0	; --%	; --%	;
28	;06/02 03:00 - 04:00	;0	; --%	; --%	;0	; --%	; --%	;0	; --%	; --%	;0	; --%	; --%	;0	; --%	; --%	;1	; --%	; --%	;
29	;06/02 04:00 - 05:00	;0	;Disminuir por100.0%	; --%	;0	; --%	; --%	;0	; --%	; --%	;0	; --%	; --%	;0	; --%	; --%	;0	; --%	; --%	;
30	;06/02 05:00 - 06:00	;1	; --%	;Sin cambios	;2	; --%	;Disminuir por33.3%	;0	; --%	; --%	;0	; --%	; --%	;0	; --%	; --%	;0	; --%	; --%	;
31	;06/02 06:00 - 07:00	;6	; --%	;Disminuir por33.3%	;8	; --%	;Disminuir por27.3%	;1	; --%	; --%	;3	; --%	;Aumentar por200.0%	;0	; --%	; --%	;2	; --%	;Disminuir por33.3%	;
32	;06/02 07:00 - 08:00	;6	;Disminuir por25.0%	;Disminuir por62.5%	;19	;Aumentar por171.4%	;Disminuir por20.8%	;1	;Disminuir por50.0%	;Sin cambios	;4	;Disminuir por55.6%	;Disminuir por42.9%	;0	; --%	;Disminuir por100.0%	;4	; --%	;Disminuir por42.9%	;
33	;06/02 08:00 - 09:00	;11	;Aumentar por37.5%	;Sin cambios	;33	;Aumentar por106.3%	;Disminuir por21.4%	;0	;Disminuir por100.0%	;Disminuir por100.0%	;11	;Aumentar por22.2%	;Disminuir por52.2%	;1	; --%	; --%	;7	; --%	;Disminuir por12.5%	;
34	;06/02 09:00 - 10:00	;39	;Aumentar por680.0%	;Aumentar por14.7%	;28	;Aumentar por154.5%	;Disminuir por26.3%	;2	;Aumentar por100.0%	;Aumentar por100.0%	;30	;Aumentar por328.6%	;Aumentar por57.9%	;7	;Aumentar por133.3%	;Aumentar por75.0%	;19	;Aumentar por533.3%	;Aumentar por111.1%	;
35	;06/02 10:00 - 11:00	;121	;Aumentar por476.2%	;Aumentar por47.6%	;79	;Aumentar por216.0%	;Aumentar por38.6%	;6	;Aumentar por50.0%	; --%	;29	;Aumentar por123.1%	;Aumentar por38.1%	;3	; --%	;Disminuir por40.0%	;5	;Aumentar por400.0%	;Sin cambios	;
36	;06/02 11:00 - 12:00	;91	;Aumentar por31.9%	;Disminuir por44.2%	;134	;Aumentar por157.7%	;Disminuir por20.7%	;0	;Disminuir por100.0%	; --%	;22	;Aumentar por29.4%	;Aumentar por15.8%	;4	; --%	; --%	;12	;Aumentar por100.0%	;Aumentar por300.0%	;
37	;06/02 12:00 - 13:00	;51	;Aumentar por30.8%	;Disminuir por21.5%	;71	;Aumentar por18.3%	;Aumentar por14.5%	;1	;Disminuir por66.7%	;Sin cambios	;11	;Disminuir por35.3%	;Disminuir por15.4%	;0	;Disminuir por100.0%	; --%	;15	;Aumentar por114.3%	;Aumentar por114.3%	;
38	;06/02 13:00 - 14:00	;53	;Aumentar por96.3%	;Disminuir por8.6%	;72	;Aumentar por89.5%	;Aumentar por33.3%	;2	; --%	;Sin cambios	;21	;Aumentar por110.0%	;Aumentar por31.3%	;2	;Sin cambios	; --%	;8	;Aumentar por14.3%	;Aumentar por60.0%	;
39	;06/02 14:00 - 15:00	;65	;Aumentar por91.2%	;Aumentar por18.2%	;57	;Aumentar por96.6%	;Disminuir por1.7%	;1	; --%	;Sin cambios	;16	;Sin cambios	;Sin cambios	;3	;Aumentar por200.0%	;Disminuir por25.0%	;6	;Aumentar por50.0%	;Disminuir por57.1%	;
40	;06/02 15:00 - 16:00	;54	;Aumentar por116.0%	;Disminuir por26.0%	;60	;Aumentar por150.0%	;Aumentar por15.4%	;1	;Disminuir por75.0%	;Disminuir por80.0%	;11	;Disminuir por26.7%	;Disminuir por47.6%	;1	; --%	;Sin cambios	;12	;Aumentar por1100.0%	;Aumentar por9.1%	;
41	;06/02 16:00 - 17:00	;62	;Aumentar por59.0%	;Aumentar por10.7%	;59	;Aumentar por22.9%	;Disminuir por28.0%	;0	; --%	;Disminuir por100.0%	;9	;Disminuir por43.8%	;Aumentar por12.5%	;2	;Aumentar por100.0%	;Aumentar por100.0%	;6	;Aumentar por200.0%	;Disminuir por50.0%	;
42	;06/02 17:00 - 18:00	;74	;Aumentar por100.0%	;Aumentar por15.6%	;65	;Aumentar por6.6%	;Disminuir por38.7%	;0	;Disminuir por100.0%	;Disminuir por100.0%	;10	;Disminuir por41.2%	;Disminuir por41.2%	;0	; --%	; --%	;10	;Aumentar por900.0%	;Disminuir por16.7%	;
43	;06/02 18:00 - 19:00	;81	;Aumentar por800.0%	;Disminuir por37.2%	;74	;Aumentar por208.3%	;Disminuir por38.8%	;0	; --%	; --%	;8	;Disminuir por11.1%	;Disminuir por46.7%	;1	; --%	;Disminuir por75.0%	;3	; --%	;Disminuir por70.0%	;
44	;06/02 19:00 - 20:00	;100	;Aumentar por1150.0%	;Aumentar por42.9%	;127	;Aumentar por1311.1%	;Aumentar por39.6%	;1	;Sin cambios	; --%	;8	;Disminuir por33.3%	;Aumentar por14.3%	;3	; --%	;Aumentar por200.0%	;12	;Aumentar por1100.0%	;Disminuir por20.0%	;
45	;06/02 20:00 - 21:00	;73	;Aumentar por1725.0%	;Aumentar por23.7%	;100	;Aumentar por1328.6%	;Aumentar por51.5%	;1	; --%	; --%	;6	;Disminuir por53.8%	;Disminuir por33.3%	;1	;Sin cambios	;Disminuir por50.0%	;6	; --%	;Disminuir por60.0%	;
46	;06/02 21:00 - 22:00	;58	;Aumentar por383.3%	;Aumentar por81.3%	;103	;Aumentar por1960.0%	;Aumentar por98.1%	;1	; --%	; --%	;9	;Aumentar por80.0%	;Aumentar por125.0%	;2	; --%	; --%	;16	; --%	;Aumentar por166.7%	;
47	;06/02 22:00 - 23:00	;50	;Aumentar por1150.0%	;Aumentar por28.2%	;85	;Aumentar por1600.0%	;Aumentar por73.5%	;1	; --%	; --%	;5	;Aumentar por150.0%	;Disminuir por28.6%	;0	; --%	; --%	;7	; --%	;Aumentar por250.0%	;
48	;06/02 23:00 - 24:00	;51	;Aumentar por5000.0%	;Aumentar por325.0%	;50	; --%	;Aumentar por42.9%	;0	; --%	; --%	;1	;Disminuir por50.0%	;Disminuir por75.0%	;0	;Disminuir por100.0%	;Disminuir por100.0%	;9	; --%	;Aumentar por50.0%	;
49	;06/03 00:00 - 01:00	;6	;Aumentar por500.0%	;Disminuir por57.1%	;8	;Aumentar por700.0%	;Aumentar por60.0%	;0	; --%	; --%	;3	; --%	;Sin cambios	;0	; --%	; --%	;2	; --%	;Sin cambios	;
50	;06/03 01:00 - 02:00	;2	; --%	; --%	;8	; --%	; --%	;0	; --%	; --%	;0	;Disminuir por100.0%	;Disminuir por100.0%	;0	; --%	; --%	;0	; --%	; --%	;
51	;06/03 02:00 - 03:00	;1	; --%	;Sin cambios	;1	; --%	;Sin cambios	;0	; --%	; --%	;0	; --%	; --%	;0	; --%	; --%	;0	; --%	; --%	;
52	;06/03 03:00 - 04:00	;1	; --%	; --%	;0	; --%	; --%	;0	; --%	; --%	;1	;Sin cambios	;Disminuir por66.7%	;0	; --%	; --%	;1	; --%	; --%	;
53	;06/03 04:00 - 05:00	;0	; --%	; --%	;0	; --%	; --%	;0	; --%	; --%	;0	; --%	; --%	;0	; --%	; --%	;1	; --%	;Sin cambios	;
54	;06/03 05:00 - 06:00	;0	;Disminuir por100.0%	; --%	;0	;Disminuir por100.0%	;Disminuir por100.0%	;0	; --%	; --%	;0	; --%	; --%	;0	; --%	; --%	;0	; --%	; --%	;
55	;06/03 06:00 - 07:00	;3	;Aumentar por200.0%	;Aumentar por50.0%	;3	;Sin cambios	;Aumentar por50.0%	;0	; --%	; --%	;0	; --%	;Disminuir por100.0%	;0	; --%	; --%	;1	; --%	; --%	;
56	;06/03 07:00 - 08:00	;9	;Disminuir por10.0%	;Sin cambios	;18	;Sin cambios	;Disminuir por18.2%	;1	;Disminuir por66.7%	;Disminuir por50.0%	;8	;Disminuir por11.1%	;Sin cambios	;1	; --%	; --%	;6	; --%	;Aumentar por20.0%	;
57	;06/03 08:00 - 09:00	;21	;Aumentar por250.0%	;Aumentar por75.0%	;31	;Aumentar por24.0%	;Disminuir por32.6%	;3	; --%	;Disminuir por25.0%	;24	;Aumentar por9.1%	;Aumentar por20.0%	;0	; --%	; --%	;5	; --%	;Disminuir por28.6%	;
58	;06/03 09:00 - 10:00	;47	;Aumentar por193.8%	;Aumentar por27.0%	;34	;Aumentar por240.0%	;Aumentar por17.2%	;2	;Aumentar por100.0%	;Disminuir por50.0%	;21	;Aumentar por10.5%	;Disminuir por22.2%	;1	;Sin cambios	;Disminuir por66.7%	;9	;Aumentar por50.0%	;Aumentar por28.6%	;
59	;06/03 10:00 - 11:00	;116	;Aumentar por103.5%	;Aumentar por1.8%	;63	;Aumentar por85.3%	;Aumentar por12.5%	;6	;Aumentar por50.0%	;Aumentar por200.0%	;30	;Aumentar por15.4%	;Sin cambios	;1	;Disminuir por50.0%	;Disminuir por50.0%	;7	;Sin cambios	;Disminuir por30.0%	;
60	;06/03 11:00 - 12:00	;133	;Aumentar por5.6%	;Aumentar por47.8%	;179	;Aumentar por55.7%	;Aumentar por159.4%	;5	;Aumentar por150.0%	;Disminuir por28.6%	;23	;Aumentar por4.5%	;Disminuir por20.7%	;3	; --%	; --%	;8	; --%	;Aumentar por60.0%	;
61	;06/03 12:00 - 13:00	;184	;Aumentar por268.0%	;Aumentar por196.8%	;174	;Aumentar por180.6%	;Aumentar por228.3%	;3	;Disminuir por25.0%	;Disminuir por40.0%	;14	;Disminuir por26.3%	;Disminuir por44.0%	;1	;Sin cambios	;Disminuir por50.0%	;6	;Aumentar por200.0%	;Disminuir por45.5%	;
62	;06/03 13:00 - 14:00	;92	;Aumentar por119.0%	;Aumentar por48.4%	;150	;Aumentar por226.1%	;Aumentar por100.0%	;0	;Disminuir por100.0%	;Disminuir por100.0%	;17	;Aumentar por54.5%	;Aumentar por6.3%	;2	; --%	;Disminuir por50.0%	;8	;Aumentar por166.7%	;Sin cambios	;
63	;06/03 14:00 - 15:00	;30	; --%	;Disminuir por26.8%	;38	; --%	;Aumentar por8.6%	;3	; --%	;Aumentar por200.0%	;15	; --%	;Disminuir por6.3%	;1	; --%	;Disminuir por50.0%	;9	; --%	;Aumentar por28.6%	;
64	;06/03 15:00 - 16:00	;53	; --%	;Aumentar por82.8%	;67	; --%	;Aumentar por9.8%	;4	; --%	;Aumentar por300.0%	;21	; --%	;Aumentar por110.0%	;0	; --%	; --%	;10	; --%	;Sin cambios	;
65	;06/03 16:00 - 17:00	;87	; --%	;Aumentar por112.2%	;66	; --%	;Aumentar por3.1%	;2	; --%	; --%	;16	; --%	;Aumentar por60.0%	;2	; --%	; --%	;9	; --%	;Disminuir por35.7%	;
66	;06/03 17:00 - 18:00	;57	; --%	;Disminuir por35.2%	;79	; --%	;Aumentar por58.0%	;1	; --%	; --%	;10	; --%	;Disminuir por28.6%	;7	; --%	;Aumentar por250.0%	;14	; --%	;Aumentar por55.6%	;
67	;06/03 18:00 - 19:00	;85	; --%	;Disminuir por15.0%	;93	; --%	;Aumentar por2.2%	;1	; --%	;Sin cambios	;15	; --%	;Aumentar por200.0%	;2	; --%	; --%	;9	; --%	;Aumentar por12.5%	;
68	;06/03 19:00 - 20:00	;99	; --%	;Disminuir por25.0%	;124	; --%	;Disminuir por10.8%	;2	; --%	; --%	;7	; --%	;Disminuir por30.0%	;0	; --%	;Disminuir por100.0%	;6	; --%	;Disminuir por40.0%	;
69	;06/03 20:00 - 21:00	;111	; --%	;Aumentar por109.4%	;134	; --%	;Aumentar por8.1%	;0	; --%	;Disminuir por100.0%	;3	; --%	;Disminuir por62.5%	;4	; --%	; --%	;9	; --%	;Aumentar por28.6%	;
70	;06/03 21:00 - 22:00	;58	; --%	;Aumentar por81.3%	;97	; --%	;Aumentar por36.6%	;0	; --%	;Disminuir por100.0%	;4	; --%	;Sin cambios	;0	; --%	; --%	;17	; --%	;Aumentar por88.9%	;
71	;06/03 22:00 - 23:00	;37	; --%	;Aumentar por117.6%	;61	; --%	;Aumentar por90.6%	;1	; --%	; --%	;6	; --%	;Disminuir por40.0%	;1	; --%	; --%	;4	; --%	; --%	;
72	;06/03 23:00 - 24:00	;22	; --%	;Aumentar por83.3%	;43	; --%	;Aumentar por87.0%	;0	; --%	; --%	;2	; --%	;Sin cambios	;0	; --%	;Disminuir por100.0%	;6	; --%	;Sin cambios	;
73	;06/04 00:00 - 01:00	;4	; --%	;Sin cambios	;16	; --%	;Aumentar por300.0%	;3	; --%	; --%	;6	; --%	;Aumentar por500.0%	;0	; --%	; --%	;3	; --%	;Aumentar por50.0%	;
74	;06/04 01:00 - 02:00	;2	; --%	;Aumentar por100.0%	;1	; --%	; --%	;0	; --%	;Disminuir por100.0%	;2	; --%	;Disminuir por33.3%	;0	; --%	; --%	;1	; --%	; --%	;
75	;06/04 02:00 - 03:00	;1	; --%	; --%	;1	; --%	; --%	;1	; --%	; --%	;3	; --%	; --%	;0	; --%	; --%	;0	; --%	; --%	;
76	;06/04 03:00 - 04:00	;0	; --%	; --%	;0	; --%	; --%	;0	; --%	; --%	;0	; --%	;Disminuir por100.0%	;0	; --%	; --%	;1	; --%	; --%	;
77	;06/04 04:00 - 05:00	;0	; --%	; --%	;0	; --%	; --%	;0	; --%	; --%	;0	; --%	; --%	;0	; --%	; --%	;0	; --%	;Disminuir por100.0%	;
78	;06/04 05:00 - 06:00	;0	; --%	;Disminuir por100.0%	;1	; --%	;Sin cambios	;0	; --%	; --%	;1	; --%	; --%	;0	; --%	; --%	;0	; --%	; --%	;
79	;06/04 06:00 - 07:00	;8	; --%	;Aumentar por300.0%	;10	; --%	;Aumentar por150.0%	;1	; --%	;Sin cambios	;0	; --%	;Disminuir por100.0%	;2	; --%	; --%	;4	; --%	; --%	;
80	;06/04 07:00 - 08:00	;9	; --%	;Disminuir por18.2%	;19	; --%	;Disminuir por24.0%	;1	; --%	;Sin cambios	;6	; --%	;Aumentar por50.0%	;0	; --%	; --%	;5	; --%	;Disminuir por16.7%	;
81	;06/04 08:00 - 09:00	;13	;Aumentar por1200.0%	;Aumentar por44.4%	;44	;Aumentar por1366.7%	;Aumentar por2.3%	;3	; --%	;Aumentar por50.0%	;20	;Aumentar por300.0%	;Aumentar por53.8%	;1	; --%	; --%	;10	; --%	;Aumentar por100.0%	;
82	;06/04 09:00 - 10:00	;51	;Aumentar por1175.0%	;Disminuir por15.0%	;21	;Aumentar por200.0%	;Disminuir por43.2%	;4	;Aumentar por100.0%	;Aumentar por300.0%	;22	;Disminuir por4.3%	;Aumentar por4.8%	;4	;Disminuir por42.9%	;Sin cambios	;10	;Aumentar por100.0%	;Sin cambios	;
83	;06/04 10:00 - 11:00	;89	;Aumentar por287.0%	;Aumentar por64.8%	;69	;Aumentar por228.6%	;Aumentar por64.3%	;5	;Aumentar por400.0%	;Disminuir por37.5%	;29	;Aumentar por61.1%	;Disminuir por12.1%	;1	; --%	;Sin cambios	;11	; --%	;Aumentar por57.1%	;
84	;06/04 11:00 - 12:00	;88	;Aumentar por69.2%	;Disminuir por2.2%	;61	;Disminuir por6.2%	;Disminuir por20.8%	;7	;Aumentar por16.7%	;Aumentar por600.0%	;36	;Aumentar por44.0%	;Aumentar por50.0%	;3	; --%	; --%	;10	;Aumentar por900.0%	;Aumentar por150.0%	;
85	;06/04 12:00 - 13:00	;110	;Aumentar por323.1%	;Aumentar por59.4%	;79	;Aumentar por192.6%	;Aumentar por3.9%	;2	;Disminuir por50.0%	;Aumentar por100.0%	;11	;Disminuir por59.3%	;Disminuir por42.1%	;0	; --%	;Disminuir por100.0%	;8	;Aumentar por700.0%	;Disminuir por33.3%	;
86	;06/04 13:00 - 14:00	;84	;Aumentar por180.0%	;Aumentar por75.0%	;106	;Aumentar por186.5%	;Aumentar por79.7%	;4	;Aumentar por33.3%	;Aumentar por100.0%	;13	;Sin cambios	;Disminuir por38.1%	;1	;Disminuir por50.0%	;Disminuir por75.0%	;6	;Aumentar por100.0%	;Disminuir por25.0%	;
87	;06/04 14:00 - 15:00	;47	;Aumentar por123.8%	;Aumentar por14.6%	;62	;Aumentar por226.3%	;Aumentar por26.5%	;1	;Disminuir por66.7%	;Disminuir por66.7%	;11	;Disminuir por26.7%	;Disminuir por45.0%	;3	; --%	;Sin cambios	;11	;Aumentar por450.0%	;Sin cambios	;
88	;06/04 15:00 - 16:00	;49	;Aumentar por19.5%	;Aumentar por8.9%	;54	;Aumentar por45.9%	;Disminuir por19.4%	;2	;Disminuir por50.0%	;Sin cambios	;11	;Disminuir por38.9%	;Disminuir por42.1%	;0	; --%	; --%	;8	; --%	;Disminuir por20.0%	;
89	;06/04 16:00 - 17:00	;50	;Aumentar por525.0%	;Disminuir por13.8%	;52	;Aumentar por73.3%	;Sin cambios	;1	; --%	;Sin cambios	;10	;Disminuir por28.6%	;Disminuir por41.2%	;1	; --%	;Sin cambios	;10	;Aumentar por900.0%	;Aumentar por150.0%	;
90	;06/04 17:00 - 18:00	;77	;Aumentar por381.3%	;Aumentar por120.0%	;64	;Aumentar por190.9%	;Aumentar por88.2%	;1	; --%	;Disminuir por75.0%	;13	;Sin cambios	;Disminuir por18.8%	;0	; --%	;Disminuir por100.0%	;9	; --%	;Disminuir por55.0%	;
91	;06/04 18:00 - 19:00	;54	;Aumentar por125.0%	;Disminuir por8.5%	;81	;Aumentar por161.3%	;Aumentar por88.4%	;1	;Disminuir por83.3%	; --%	;6	;Disminuir por70.0%	;Disminuir por50.0%	;0	; --%	; --%	;10	;Aumentar por400.0%	;Aumentar por42.9%	;
92	;06/04 19:00 - 20:00	;128	;Aumentar por814.3%	;Aumentar por62.0%	;97	;Aumentar por708.3%	;Aumentar por7.8%	;1	;Disminuir por80.0%	; --%	;7	;Disminuir por56.3%	;Disminuir por22.2%	;0	; --%	;Disminuir por100.0%	;8	; --%	;Disminuir por11.1%	;
93	;06/04 20:00 - 21:00	;127	;Aumentar por876.9%	;Aumentar por95.4%	;115	;Aumentar por945.5%	;Aumentar por3.6%	;0	; --%	; --%	;6	;Disminuir por45.5%	;Disminuir por14.3%	;0	; --%	; --%	;8	;Aumentar por700.0%	;Disminuir por38.5%	;
94	;06/04 21:00 - 22:00	;75	;Aumentar por733.3%	;Aumentar por56.3%	;109	;Aumentar por3533.3%	;Aumentar por51.4%	;3	;Aumentar por200.0%	;Aumentar por200.0%	;11	;Aumentar por120.0%	;Aumentar por175.0%	;0	; --%	;Disminuir por100.0%	;12	; --%	;Disminuir por33.3%	;
95	;06/04 22:00 - 23:00	;66	;Aumentar por500.0%	;Aumentar por73.7%	;89	;Aumentar por2125.0%	;Aumentar por36.9%	;0	; --%	;Disminuir por100.0%	;1	;Disminuir por66.7%	;Disminuir por83.3%	;0	; --%	; --%	;6	; --%	;Aumentar por200.0%	;
96	;06/04 23:00 - 24:00	;39	;Aumentar por3800.0%	;Aumentar por85.7%	;66	;Aumentar por2100.0%	;Aumentar por73.7%	;1	; --%	; --%	;6	;Aumentar por200.0%	;Aumentar por100.0%	;0	; --%	; --%	;11	; --%	;Aumentar por37.5%	;
97	;06/05 00:00 - 01:00	;5	;Aumentar por25.0%	;Disminuir por37.5%	;21	;Aumentar por200.0%	;Aumentar por50.0%	;0	; --%	; --%	;3	; --%	;Aumentar por200.0%	;0	; --%	; --%	;4	; --%	;Aumentar por100.0%	;
98	;06/05 01:00 - 02:00	;3	;Disminuir por50.0%	; --%	;2	;Disminuir por84.6%	; --%	;1	; --%	; --%	;2	; --%	;Aumentar por100.0%	;0	; --%	; --%	;2	; --%	;Aumentar por100.0%	;
99	;06/05 02:00 - 03:00	;1	; --%	;Disminuir por50.0%	;6	; --%	;Aumentar por500.0%	;0	; --%	; --%	;0	; --%	;Disminuir por100.0%	;0	; --%	; --%	;0	; --%	; --%	;
100	;06/05 03:00 - 04:00	;0	;Disminuir por100.0%	; --%	;0	;Disminuir por100.0%	; --%	;0	; --%	; --%	;0	; --%	;Disminuir por100.0%	;0	; --%	; --%	;1	; --%	; --%	;
101	;06/05 04:00 - 05:00	;0	;Disminuir por100.0%	; --%	;0	;Disminuir por100.0%	;Disminuir por100.0%	;0	; --%	; --%	;1	; --%	;Sin cambios	;0	; --%	; --%	;1	; --%	;Sin cambios	;
102	;06/05 05:00 - 06:00	;0	;Disminuir por100.0%	;Disminuir por100.0%	;2	;Disminuir por93.1%	; --%	;0	; --%	; --%	;1	; --%	; --%	;0	; --%	; --%	;0	; --%	; --%	;
103	;06/05 06:00 - 07:00	;3	;Disminuir por81.3%	;Disminuir por70.0%	;2	;Disminuir por91.7%	;Disminuir por81.8%	;1	; --%	; --%	;2	;Aumentar por100.0%	;Sin cambios	;0	; --%	;Disminuir por100.0%	;0	; --%	;Disminuir por100.0%	;
104	;06/05 07:00 - 08:00	;5	;Disminuir por64.3%	;Disminuir por28.6%	;11	;Disminuir por15.4%	;Disminuir por47.6%	;1	;Disminuir por75.0%	;Disminuir por75.0%	;8	;Disminuir por11.1%	;Disminuir por20.0%	;0	; --%	; --%	;1	; --%	;Disminuir por80.0%	;
105	;06/05 08:00 - 09:00	;9	;Aumentar por800.0%	;Disminuir por30.8%	;38	;Aumentar por442.9%	;Sin cambios	;3	;Aumentar por200.0%	;Sin cambios	;26	;Aumentar por4.0%	;Aumentar por18.2%	;0	; --%	;Disminuir por100.0%	;2	; --%	;Disminuir por66.7%	;
106	;06/05 09:00 - 10:00	;10	;Aumentar por100.0%	;Disminuir por70.6%	;18	;Aumentar por157.1%	;Disminuir por35.7%	;6	;Aumentar por200.0%	; --%	;35	;Aumentar por52.2%	;Aumentar por25.0%	;0	; --%	;Disminuir por100.0%	;0	; --%	;Disminuir por100.0%	;
107	;06/05 10:00 - 11:00	;34	;Aumentar por142.9%	;Disminuir por51.4%	;42	;Aumentar por223.1%	;Aumentar por44.8%	;3	;Sin cambios	;Aumentar por200.0%	;27	;Aumentar por12.5%	;Aumentar por17.4%	;0	; --%	;Disminuir por100.0%	;0	; --%	;Disminuir por100.0%	;
108	;06/05 11:00 - 12:00	;93	;Aumentar por830.0%	;Disminuir por17.0%	;58	;Aumentar por544.4%	;Disminuir por41.4%	;7	;Aumentar por133.3%	;Aumentar por16.7%	;36	;Aumentar por9.1%	;Aumentar por12.5%	;0	; --%	; --%	;1	; --%	;Disminuir por90.0%	;
109	;06/05 12:00 - 13:00	;167	;Aumentar por2285.7%	;Aumentar por111.4%	;132	;Aumentar por842.9%	;Aumentar por76.0%	;0	;Disminuir por100.0%	;Disminuir por100.0%	;23	;Aumentar por53.3%	;Disminuir por11.5%	;5	; --%	;Aumentar por150.0%	;11	; --%	;Disminuir por8.3%	;
110	;06/05 13:00 - 14:00	;110	;Aumentar por816.7%	;Aumentar por41.0%	;139	;Aumentar por768.8%	;Aumentar por47.9%	;3	;Disminuir por25.0%	; --%	;24	;Aumentar por4.3%	;Aumentar por60.0%	;2	; --%	; --%	;3	;Aumentar por200.0%	;Disminuir por25.0%	;
111	;06/05 14:00 - 15:00	;71	;Aumentar por238.1%	;Aumentar por77.5%	;114	;Aumentar por612.5%	;Aumentar por81.0%	;4	;Sin cambios	;Aumentar por33.3%	;22	;Aumentar por10.0%	;Disminuir por15.4%	;2	; --%	;Aumentar por100.0%	;7	; --%	;Disminuir por30.0%	;
112	;06/05 15:00 - 16:00	;117	;Aumentar por735.7%	;Aumentar por148.9%	;86	;Aumentar por273.9%	;Aumentar por45.8%	;1	;Disminuir por75.0%	;Disminuir por50.0%	;14	;Aumentar por7.7%	;Aumentar por16.7%	;1	; --%	; --%	;6	; --%	;Aumentar por50.0%	;
113	;06/05 16:00 - 17:00	;85	;Aumentar por507.1%	;Aumentar por117.9%	;66	;Aumentar por340.0%	;Aumentar por29.4%	;1	; --%	; --%	;12	;Aumentar por50.0%	;Aumentar por33.3%	;1	; --%	; --%	;7	; --%	;Sin cambios	;
114	;06/05 17:00 - 18:00	;153	;Aumentar por393.5%	;Aumentar por337.1%	;139	;Aumentar por321.2%	;Aumentar por202.2%	;1	; --%	; --%	;25	;Aumentar por212.5%	;Aumentar por92.3%	;0	; --%	;Disminuir por100.0%	;9	;Aumentar por350.0%	;Disminuir por18.2%	;
115	;06/05 18:00 - 19:00	;183	;Aumentar por695.7%	;Aumentar por157.7%	;240	;Aumentar por585.7%	;Aumentar por389.8%	;2	; --%	; --%	;16	;Aumentar por14.3%	;Aumentar por45.5%	;1	; --%	;Disminuir por80.0%	;7	; --%	;Disminuir por22.2%	;
116	;06/05 19:00 - 20:00	;178	;Aumentar por1012.5%	;Aumentar por93.5%	;268	;Aumentar por1240.0%	;Aumentar por211.6%	;1	;Disminuir por66.7%	; --%	;5	;Disminuir por54.5%	;Disminuir por54.5%	;1	; --%	;Sin cambios	;2	; --%	;Disminuir por71.4%	;
117	;06/05 20:00 - 21:00	;177	;Aumentar por1164.3%	;Aumentar por124.1%	;258	;Aumentar por2480.0%	;Aumentar por143.4%	;2	; --%	; --%	;6	;Disminuir por57.1%	;Aumentar por50.0%	;0	; --%	; --%	;5	; --%	;Disminuir por44.4%	;
118	;06/05 21:00 - 22:00	;66	;Aumentar por725.0%	;Aumentar por40.4%	;103	;Aumentar por3333.3%	;Aumentar por21.2%	;1	; --%	; --%	;6	;Aumentar por50.0%	;Aumentar por500.0%	;0	; --%	;Disminuir por100.0%	;8	; --%	;Disminuir por20.0%	;
119	;06/05 22:00 - 23:00	;129	;Aumentar por2050.0%	;Aumentar por214.6%	;167	; --%	;Aumentar por138.6%	;1	; --%	; --%	;3	;Aumentar por200.0%	;Aumentar por50.0%	;0	; --%	; --%	;3	; --%	;Disminuir por62.5%	;
120	;06/05 23:00 - 24:00	;84	; --%	;Aumentar por320.0%	;96	;Aumentar por9500.0%	;Aumentar por242.9%	;0	; --%	; --%	;9	;Aumentar por200.0%	;Aumentar por28.6%	;0	; --%	;Disminuir por100.0%	;6	; --%	;Sin cambios	;
121	;06/06 00:00 - 01:00	;22	; --%	;Aumentar por100.0%	;40	;Aumentar por1900.0%	;Aumentar por400.0%	;1	; --%	; --%	;6	; --%	; --%	;0	; --%	; --%	;9	; --%	;Aumentar por350.0%	;
122	;06/06 01:00 - 02:00	;13	; --%	;Disminuir por64.9%	;27	; --%	;Aumentar por125.0%	;0	; --%	; --%	;5	; --%	; --%	;0	; --%	; --%	;2	; --%	;Aumentar por100.0%	;
123	;06/06 02:00 - 03:00	;0	; --%	;Disminuir por100.0%	;12	; --%	;Disminuir por57.1%	;1	; --%	; --%	;2	; --%	;Aumentar por100.0%	;0	; --%	; --%	;0	; --%	; --%	;
124	;06/06 03:00 - 04:00	;7	;Aumentar por600.0%	;Sin cambios	;4	;Aumentar por300.0%	;Disminuir por84.6%	;0	; --%	;Disminuir por100.0%	;0	;Disminuir por100.0%	;Disminuir por100.0%	;0	; --%	; --%	;0	; --%	; --%	;
125	;06/06 04:00 - 05:00	;6	; --%	;Aumentar por200.0%	;1	; --%	;Disminuir por80.0%	;0	; --%	; --%	;0	; --%	; --%	;0	; --%	; --%	;0	; --%	;Disminuir por100.0%	;
126	;06/06 05:00 - 06:00	;1	; --%	; --%	;1	; --%	;Sin cambios	;0	; --%	; --%	;1	; --%	; --%	;0	; --%	; --%	;0	; --%	; --%	;
127	;06/06 06:00 - 07:00	;1	; --%	; --%	;0	;Disminuir por100.0%	;Disminuir por100.0%	;0	; --%	; --%	;1	; --%	; --%	;0	; --%	;Disminuir por100.0%	;0	; --%	;Disminuir por100.0%	;
128	;06/06 07:00 - 08:00	;10	;Sin cambios	;Sin cambios	;8	;Disminuir por52.9%	;Disminuir por61.9%	;0	;Disminuir por100.0%	;Disminuir por100.0%	;7	;Disminuir por30.0%	;Disminuir por22.2%	;0	; --%	;Disminuir por100.0%	;1	; --%	;Disminuir por80.0%	;
129	;06/06 08:00 - 09:00	;23	;Aumentar por666.7%	;Sin cambios	;21	;Aumentar por61.5%	;Disminuir por51.2%	;4	;Aumentar por300.0%	;Disminuir por20.0%	;17	;Disminuir por19.0%	;Disminuir por29.2%	;1	; --%	; --%	;5	; --%	;Disminuir por16.7%	;
130	;06/06 09:00 - 10:00	;38	;Aumentar por533.3%	;Disminuir por17.4%	;52	;Aumentar por372.7%	;Sin cambios	;1	;Disminuir por66.7%	;Disminuir por66.7%	;19	;Aumentar por5.6%	;Disminuir por26.9%	;2	; --%	;Aumentar por100.0%	;6	; --%	;Disminuir por33.3%	;
131	;06/06 10:00 - 11:00	;120	;Aumentar por1100.0%	;Aumentar por16.5%	;73	;Aumentar por563.6%	;Sin cambios	;2	;Disminuir por66.7%	;Disminuir por60.0%	;24	;Disminuir por17.2%	;Disminuir por35.1%	;1	; --%	;Disminuir por75.0%	;11	; --%	;Aumentar por57.1%	;
132	;06/06 11:00 - 12:00	;148	;Aumentar por179.2%	;Aumentar por8.8%	;151	;Aumentar por202.0%	;Disminuir por3.8%	;0	;Disminuir por100.0%	;Disminuir por100.0%	;22	;Disminuir por42.1%	;Disminuir por29.0%	;0	; --%	;Disminuir por100.0%	;6	; --%	;Disminuir por50.0%	;
133	;06/06 12:00 - 13:00	;155	;Aumentar por496.2%	;Aumentar por187.0%	;130	;Aumentar por550.0%	;Aumentar por120.3%	;4	;Aumentar por100.0%	;Aumentar por33.3%	;22	;Sin cambios	;Aumentar por15.8%	;2	; --%	; --%	;11	; --%	;Sin cambios	;
134	;06/06 13:00 - 14:00	;113	;Aumentar por303.6%	;Aumentar por113.2%	;163	;Aumentar por352.8%	;Aumentar por81.1%	;0	;Disminuir por100.0%	;Disminuir por100.0%	;9	;Disminuir por73.5%	;Disminuir por35.7%	;1	;Sin cambios	; --%	;9	;Aumentar por800.0%	;Aumentar por125.0%	;
135	;06/06 14:00 - 15:00	;78	;Aumentar por188.9%	;Aumentar por56.0%	;160	;Aumentar por595.7%	;Aumentar por344.4%	;2	;Disminuir por33.3%	;Disminuir por60.0%	;15	;Disminuir por6.3%	;Disminuir por25.0%	;0	;Disminuir por100.0%	;Disminuir por100.0%	;4	;Aumentar por300.0%	;Disminuir por69.2%	;
136	;06/06 15:00 - 16:00	;75	;Aumentar por226.1%	;Aumentar por212.5%	;84	;Aumentar por342.1%	;Aumentar por61.5%	;0	;Disminuir por100.0%	;Disminuir por100.0%	;3	;Disminuir por89.3%	;Disminuir por76.9%	;1	; --%	; --%	;14	; --%	;Aumentar por133.3%	;
137	;06/06 16:00 - 17:00	;140	;Aumentar por508.7%	;Aumentar por337.5%	;140	;Aumentar por460.0%	;Aumentar por351.6%	;0	;Disminuir por100.0%	;Disminuir por100.0%	;1	;Disminuir por94.7%	;Disminuir por93.8%	;0	; --%	; --%	;6	;Aumentar por500.0%	;Disminuir por53.8%	;
138	;06/06 17:00 - 18:00	;178	;Aumentar por263.3%	;Aumentar por165.7%	;179	;Aumentar por175.4%	;Aumentar por244.2%	;1	; --%	;Disminuir por50.0%	;4	;Disminuir por63.6%	;Disminuir por75.0%	;2	; --%	; --%	;15	; --%	;Aumentar por36.4%	;
139	;06/06 18:00 - 19:00	;382	;Aumentar por1719.0%	;Aumentar por453.6%	;239	;Aumentar por624.2%	;Aumentar por291.8%	;3	;Sin cambios	;Aumentar por200.0%	;6	;Disminuir por60.0%	;Disminuir por33.3%	;1	; --%	;Disminuir por66.7%	;3	; --%	;Disminuir por72.7%	;
140	;06/06 19:00 - 20:00	;385	;Aumentar por2466.7%	;Aumentar por193.9%	;437	;Aumentar por3541.7%	;Aumentar por273.5%	;2	;Aumentar por100.0%	; --%	;7	;Disminuir por50.0%	;Aumentar por16.7%	;2	; --%	; --%	;8	; --%	;Aumentar por60.0%	;
141	;06/06 20:00 - 21:00	;317	;Aumentar por2541.7%	;Aumentar por213.9%	;442	;Aumentar por7266.7%	;Aumentar por375.3%	;0	; --%	; --%	;2	;Disminuir por84.6%	;Disminuir por50.0%	;3	; --%	;Aumentar por50.0%	;13	; --%	;Aumentar por1200.0%	;
142	;06/06 21:00 - 22:00	;178	;Aumentar por1877.8%	;Aumentar por137.3%	;340	;Aumentar por2990.9%	;Aumentar por190.6%	;1	; --%	;Sin cambios	;3	;Disminuir por25.0%	;Aumentar por50.0%	;0	; --%	;Disminuir por100.0%	;10	; --%	;Disminuir por28.6%	;
143	;06/06 22:00 - 23:00	;149	;Aumentar por1254.5%	;Aumentar por75.3%	;216	;Aumentar por5300.0%	;Aumentar por75.6%	;0	; --%	; --%	;2	;Disminuir por50.0%	;Sin cambios	;0	; --%	; --%	;3	; --%	;Disminuir por57.1%	;
144	;06/06 23:00 - 24:00	;109	;Aumentar por2625.0%	;Aumentar por51.4%	;169	;Aumentar por3280.0%	;Aumentar por3.7%	;0	; --%	; --%	;1	;Sin cambios	;Sin cambios	;0	; --%	; --%	;8	; --%	;Disminuir por11.1%	;
145	;06/07 00:00 - 01:00	;19	;Aumentar por1800.0%	;Disminuir por29.6%	;70	;Aumentar por2233.3%	;Aumentar por18.6%	;0	; --%	;Disminuir por100.0%	;4	;Aumentar por300.0%	;Disminuir por20.0%	;0	; --%	;Disminuir por100.0%	;11	; --%	;Aumentar por10.0%	;
146	;06/07 01:00 - 02:00	;15	; --%	;Aumentar por66.7%	;18	; --%	;Aumentar por350.0%	;0	; --%	; --%	;3	;Aumentar por200.0%	;Aumentar por200.0%	;0	; --%	; --%	;10	; --%	;Aumentar por233.3%	;
147	;06/07 02:00 - 03:00	;8	; --%	;Sin cambios	;7	; --%	;Sin cambios	;0	; --%	; --%	;0	; --%	; --%	;0	; --%	; --%	;0	; --%	;Disminuir por100.0%	;
148	;06/07 03:00 - 04:00	;15	; --%	; --%	;1	; --%	; --%	;1	; --%	; --%	;2	; --%	;Aumentar por100.0%	;0	; --%	; --%	;0	; --%	; --%	;
149	;06/07 04:00 - 05:00	;13	; --%	;Aumentar por160.0%	;9	; --%	;Aumentar por200.0%	;2	;Aumentar por100.0%	;Aumentar por100.0%	;2	;Aumentar por100.0%	;Disminuir por33.3%	;1	; --%	; --%	;4	; --%	; --%	;
150	;06/07 05:00 - 06:00	;5	; --%	; --%	;4	; --%	; --%	;0	; --%	; --%	;0	; --%	; --%	;0	; --%	; --%	;0	; --%	; --%	;
151	;06/07 06:00 - 07:00	;2	;Aumentar por100.0%	;Disminuir por50.0%	;2	; --%	;Sin cambios	;0	;Disminuir por100.0%	; --%	;1	;Disminuir por75.0%	;Disminuir por50.0%	;0	; --%	; --%	;0	; --%	;Disminuir por100.0%	;
152	;06/07 07:00 - 08:00	;6	;Aumentar por100.0%	;Disminuir por53.8%	;5	;Aumentar por400.0%	;Sin cambios	;0	; --%	; --%	;2	;Sin cambios	;Sin cambios	;0	; --%	;Disminuir por100.0%	;0	; --%	;Disminuir por100.0%	;
153	;06/07 08:00 - 09:00	;15	;Aumentar por66.7%	;Disminuir por25.0%	;28	;Aumentar por366.7%	;Aumentar por12.0%	;2	;Aumentar por100.0%	;Sin cambios	;7	;Aumentar por40.0%	;Disminuir por56.3%	;4	; --%	; --%	;7	; --%	;Aumentar por75.0%	;
154	;06/07 09:00 - 10:00	;39	;Aumentar por95.0%	;Disminuir por20.4%	;40	;Aumentar por90.5%	;Disminuir por27.3%	;2	;Aumentar por100.0%	;Aumentar por100.0%	;11	;Disminuir por26.7%	;Disminuir por35.3%	;4	; --%	;Aumentar por300.0%	;11	; --%	;Sin cambios	;
155	;06/07 10:00 - 11:00	;241	;Aumentar por136.3%	;Aumentar por84.0%	;118	;Aumentar por151.1%	;Aumentar por61.6%	;0	;Disminuir por100.0%	;Disminuir por100.0%	;1	;Disminuir por92.3%	;Disminuir por92.3%	;3	; --%	; --%	;3	; --%	;Disminuir por72.7%	;
156	;06/07 11:00 - 12:00	;256	;Aumentar por433.3%	;Aumentar por113.3%	;251	;Aumentar por325.4%	;Aumentar por91.6%	;0	; --%	;Disminuir por100.0%	;0	;Disminuir por100.0%	;Disminuir por100.0%	;4	; --%	;Aumentar por300.0%	;4	; --%	;Disminuir por50.0%	;
157	;06/07 12:00 - 13:00	;203	;Aumentar por680.8%	;Aumentar por67.8%	;326	;Aumentar por1107.4%	;Aumentar por188.5%	;0	;Disminuir por100.0%	;Disminuir por100.0%	;0	;Disminuir por100.0%	;Disminuir por100.0%	;4	; --%	;Aumentar por100.0%	;3	; --%	;Disminuir por70.0%	;
158	;06/07 13:00 - 14:00	;94	;Aumentar por1075.0%	;Aumentar por9.3%	;115	;Aumentar por1816.7%	;Aumentar por40.2%	;0	; --%	;Disminuir por100.0%	;4	;Disminuir por60.0%	;Disminuir por60.0%	;3	; --%	;Aumentar por200.0%	;11	; --%	;Aumentar por83.3%	;
159	;06/07 14:00 - 15:00	;86	;Aumentar por290.9%	;Aumentar por6.2%	;100	;Aumentar por300.0%	;Disminuir por33.8%	;0	; --%	;Disminuir por100.0%	;2	;Disminuir por71.4%	;Disminuir por88.9%	;0	; --%	; --%	;6	; --%	;Disminuir por33.3%	;
160	;06/07 15:00 - 16:00	;80	;Aumentar por166.7%	;Aumentar por29.0%	;81	;Aumentar por161.3%	;Aumentar por17.4%	;0	;Disminuir por100.0%	;Disminuir por100.0%	;4	;Disminuir por55.6%	;Disminuir por20.0%	;0	; --%	; --%	;8	; --%	;Disminuir por20.0%	;
161	;06/07 16:00 - 17:00	;82	;Aumentar por412.5%	;Aumentar por22.4%	;116	;Aumentar por300.0%	;Aumentar por34.9%	;0	; --%	; --%	;5	;Disminuir por16.7%	;Aumentar por66.7%	;3	; --%	;Aumentar por50.0%	;7	; --%	;Disminuir por22.2%	;
162	;06/07 17:00 - 18:00	;50	;Aumentar por25.0%	;Disminuir por23.1%	;78	;Aumentar por160.0%	;Aumentar por5.4%	;3	;Aumentar por200.0%	;Aumentar por50.0%	;7	;Aumentar por40.0%	;Disminuir por12.5%	;0	; --%	;Disminuir por100.0%	;7	; --%	;Disminuir por36.4%	;
163	;06/07 18:00 - 19:00	;100	;Aumentar por132.6%	;Aumentar por3.1%	;121	;Aumentar por572.2%	;Aumentar por1.7%	;0	;Disminuir por100.0%	; --%	;6	;Disminuir por64.7%	;Aumentar por20.0%	;0	; --%	;Disminuir por100.0%	;3	; --%	;Disminuir por70.0%	;
164	;06/07 19:00 - 20:00	;182	;Aumentar por600.0%	;Disminuir por52.1%	;160	;Aumentar por263.6%	;Disminuir por41.8%	;0	;Disminuir por100.0%	; --%	;4	;Disminuir por63.6%	;Aumentar por300.0%	;2	; --%	;Aumentar por100.0%	;6	; --%	;Disminuir por40.0%	;
165	;06/07 20:00 - 21:00	;99	;Aumentar por607.1%	;Disminuir por66.8%	;139	;Aumentar por2680.0%	;Disminuir por60.2%	;0	;Disminuir por100.0%	;Disminuir por100.0%	;2	;Disminuir por84.6%	;Disminuir por50.0%	;0	; --%	;Disminuir por100.0%	;6	; --%	;Aumentar por200.0%	;
166	;06/07 21:00 - 22:00	;95	;Aumentar por533.3%	;Disminuir por60.3%	;198	;Aumentar por1880.0%	;Disminuir por32.0%	;0	;Disminuir por100.0%	; --%	;5	;Sin cambios	;Aumentar por66.7%	;2	; --%	; --%	;10	; --%	;Aumentar por100.0%	;
167	;06/07 22:00 - 23:00	;65	;Aumentar por1525.0%	;Disminuir por60.8%	;132	;Aumentar por4300.0%	;Disminuir por54.0%	;0	;Disminuir por100.0%	; --%	;3	;Disminuir por50.0%	;Sin cambios	;1	; --%	;Sin cambios	;2	; --%	;Disminuir por83.3%	;
168	;06/07 23:00 - 24:00	;41	;Aumentar por355.6%	;Disminuir por78.3%	;57	;Aumentar por1800.0%	;Disminuir por76.5%	;2	;Disminuir por33.3%	; --%	;7	;Aumentar por16.7%	;Aumentar por600.0%	;0	; --%	; --%	;4	; --%	;Disminuir por33.3%	;
169	;06/08 00:00 - 01:00	;19	;Aumentar por850.0%	;Disminuir por68.3%	;38	;Aumentar por3700.0%	;Disminuir por66.1%	;0	; --%	; --%	;1	;Disminuir por66.7%	;Disminuir por80.0%	;1	; --%	; --%	;9	; --%	;Disminuir por25.0%	;
170	;06/08 01:00 - 02:00	;7	;Aumentar por600.0%	;Disminuir por76.7%	;4	;Aumentar por300.0%	;Disminuir por87.9%	;0	; --%	;Disminuir por100.0%	;0	; --%	;Disminuir por100.0%	;0	; --%	;Disminuir por100.0%	;0	; --%	;Disminuir por100.0%	;
171	;06/08 02:00 - 03:00	;0	; --%	;Disminuir por100.0%	;2	; --%	;Disminuir por50.0%	;0	; --%	; --%	;0	; --%	;Disminuir por100.0%	;0	; --%	; --%	;0	; --%	; --%	;
172	;06/08 03:00 - 04:00	;1	;Disminuir por66.7%	;Disminuir por85.7%	;0	; --%	;Disminuir por100.0%	;0	; --%	; --%	;0	; --%	; --%	;0	; --%	; --%	;1	; --%	; --%	;
173	;06/08 04:00 - 05:00	;0	; --%	;Disminuir por100.0%	;0	; --%	; --%	;0	; --%	; --%	;0	; --%	;Disminuir por100.0%	;0	; --%	; --%	;0	; --%	;Disminuir por100.0%	;
174	;06/08 05:00 - 06:00	;1	; --%	;Disminuir por66.7%	;1	; --%	;Disminuir por50.0%	;0	; --%	; --%	;0	; --%	; --%	;0	; --%	; --%	;0	; --%	; --%	;
175	;06/08 06:00 - 07:00	;4	; --%	;Disminuir por63.6%	;6	; --%	;Disminuir por25.0%	;0	; --%	; --%	;2	; --%	;Aumentar por100.0%	;0	; --%	; --%	;0	; --%	; --%	;
176	;06/08 07:00 - 08:00	;14	;Aumentar por600.0%	;Aumentar por75.0%	;18	;Aumentar por1700.0%	;Aumentar por80.0%	;2	;Aumentar por100.0%	; --%	;11	;Aumentar por450.0%	;Aumentar por450.0%	;0	; --%	;Disminuir por100.0%	;5	; --%	;Aumentar por150.0%	;
177	;06/08 08:00 - 09:00	;19	;Aumentar por1800.0%	;Aumentar por46.2%	;39	;Aumentar por875.0%	;Aumentar por116.7%	;1	; --%	;Sin cambios	;19	;Aumentar por1800.0%	;Aumentar por280.0%	;0	; --%	; --%	;5	; --%	;Aumentar por400.0%	;
178	;06/08 09:00 - 10:00	;33	;Aumentar por135.7%	;Disminuir por32.7%	;28	;Aumentar por133.3%	;Disminuir por46.2%	;3	; --%	;Disminuir por82.4%	;18	;Aumentar por100.0%	;Disminuir por21.7%	;5	; --%	;Aumentar por150.0%	;8	; --%	;Aumentar por166.7%	;
179	;06/08 10:00 - 11:00	;134	;Aumentar por17.5%	;Aumentar por2.3%	;61	;Aumentar por32.6%	;Disminuir por25.6%	;1	;Sin cambios	;Disminuir por50.0%	;20	;Aumentar por53.8%	;Aumentar por100.0%	;1	; --%	;Disminuir por50.0%	;6	; --%	;Disminuir por45.5%	;
180	;06/08 11:00 - 12:00	;151	;Aumentar por3.4%	;Disminuir por39.4%	;108	;Disminuir por32.1%	;Disminuir por49.8%	;1	;Sin cambios	; --%	;18	;Aumentar por63.6%	;Aumentar por157.1%	;0	;Disminuir por100.0%	; --%	;4	;Aumentar por100.0%	;Disminuir por60.0%	;
181	;06/08 12:00 - 13:00	;80	;Disminuir por61.4%	;Disminuir por80.3%	;112	;Disminuir por51.7%	;Disminuir por71.0%	;0	; --%	;Disminuir por100.0%	;12	;Aumentar por100.0%	;Aumentar por50.0%	;1	;Disminuir por50.0%	;Disminuir por75.0%	;6	;Aumentar por100.0%	;Disminuir por25.0%	;
182	;06/08 13:00 - 14:00	;53	;Disminuir por33.8%	;Disminuir por75.3%	;85	;Aumentar por1.2%	;Disminuir por71.9%	;1	;Sin cambios	;Disminuir por66.7%	;17	;Aumentar por70.0%	;Aumentar por112.5%	;0	; --%	; --%	;10	; --%	;Sin cambios	;
183	;06/08 14:00 - 15:00	;38	;Aumentar por153.3%	;Disminuir por37.7%	;44	;Aumentar por91.3%	;Disminuir por65.6%	;3	; --%	; --%	;20	;Aumentar por400.0%	;Aumentar por400.0%	;1	;Sin cambios	; --%	;5	; --%	;Disminuir por54.5%	;
184	;06/08 15:00 - 16:00	;62	;Aumentar por51.2%	;Disminuir por47.5%	;46	;Aumentar por12.2%	;Disminuir por60.7%	;3	; --%	; --%	;17	;Aumentar por183.3%	;Aumentar por466.7%	;0	;Disminuir por100.0%	;Disminuir por100.0%	;7	; --%	;Aumentar por250.0%	;
185	;06/08 16:00 - 17:00	;71	;Aumentar por57.8%	;Disminuir por23.7%	;69	;Disminuir por6.8%	;Disminuir por54.3%	;1	;Sin cambios	; --%	;12	;Aumentar por9.1%	;Aumentar por1100.0%	;0	;Disminuir por100.0%	; --%	;13	;Aumentar por1200.0%	;Aumentar por44.4%	;
186	;06/08 17:00 - 18:00	;88	;Aumentar por91.3%	;Disminuir por33.8%	;93	;Aumentar por75.5%	;Disminuir por17.0%	;0	;Disminuir por100.0%	;Disminuir por100.0%	;9	;Disminuir por10.0%	;Aumentar por28.6%	;1	; --%	;Disminuir por75.0%	;10	;Aumentar por900.0%	;Aumentar por25.0%	;
187	;06/08 18:00 - 19:00	;137	;Aumentar por1270.0%	;Aumentar por24.5%	;108	;Aumentar por200.0%	;Disminuir por18.2%	;0	; --%	;Disminuir por100.0%	;9	;Aumentar por12.5%	;Aumentar por50.0%	;1	; --%	;Disminuir por75.0%	;8	; --%	;Disminuir por42.9%	;
188	;06/08 19:00 - 20:00	;116	;Aumentar por213.5%	;Disminuir por40.5%	;128	;Aumentar por197.7%	;Disminuir por44.8%	;1	; --%	; --%	;8	;Disminuir por11.1%	;Aumentar por60.0%	;3	;Aumentar por200.0%	;Aumentar por200.0%	;3	;Aumentar por200.0%	;Disminuir por57.1%	;
189	;06/08 20:00 - 21:00	;138	;Aumentar por961.5%	;Aumentar por26.6%	;180	;Aumentar por1536.4%	;Aumentar por4.0%	;0	; --%	;Disminuir por100.0%	;2	;Disminuir por50.0%	;Disminuir por71.4%	;2	; --%	; --%	;8	; --%	;Sin cambios	;
190	;06/08 21:00 - 22:00	;95	;Aumentar por9400.0%	;Aumentar por20.3%	;135	;Aumentar por4400.0%	;Aumentar por2.3%	;0	; --%	; --%	;6	;Aumentar por50.0%	;Aumentar por200.0%	;2	; --%	; --%	;13	; --%	;Disminuir por27.8%	;
191	;06/08 22:00 - 23:00	;82	;Aumentar por8100.0%	;Aumentar por100.0%	;132	;Aumentar por4300.0%	;Aumentar por59.0%	;0	; --%	; --%	;2	;Aumentar por100.0%	;Disminuir por33.3%	;1	; --%	;Disminuir por50.0%	;1	; --%	;Disminuir por87.5%	;
192	;06/08 23:00 - 24:00	;37	;Aumentar por825.0%	;Aumentar por37.0%	;53	;Aumentar por783.3%	;Disminuir por29.3%	;0	; --%	; --%	;3	; --%	;Sin cambios	;0	; --%	;Disminuir por100.0%	;7	; --%	;Disminuir por12.5%	;
193	;06/09 00:00 - 01:00	;12	;Aumentar por300.0%	;Disminuir por20.0%	;29	;Aumentar por866.7%	;Disminuir por12.1%	;0	; --%	;Disminuir por100.0%	;2	;Disminuir por50.0%	;Disminuir por66.7%	;0	; --%	;Disminuir por100.0%	;6	; --%	;Disminuir por50.0%	;
194	;06/09 01:00 - 02:00	;9	;Aumentar por800.0%	;Aumentar por800.0%	;6	; --%	;Aumentar por20.0%	;0	; --%	; --%	;2	; --%	;Aumentar por100.0%	;0	; --%	; --%	;1	; --%	;Disminuir por50.0%	;
195	;06/09 02:00 - 03:00	;1	; --%	;Sin cambios	;3	; --%	; --%	;0	; --%	; --%	;0	; --%	; --%	;0	; --%	; --%	;0	; --%	;Disminuir por100.0%	;
196	;06/09 03:00 - 04:00	;0	; --%	; --%	;0	; --%	; --%	;0	; --%	; --%	;0	;Disminuir por100.0%	;Disminuir por100.0%	;0	; --%	; --%	;1	; --%	; --%	;
197	;06/09 04:00 - 05:00	;0	; --%	;Disminuir por100.0%	;0	; --%	;Disminuir por100.0%	;0	; --%	; --%	;0	; --%	;Disminuir por100.0%	;0	; --%	; --%	;0	; --%	; --%	;
198	;06/09 05:00 - 06:00	;1	;Sin cambios	; --%	;2	;Sin cambios	;Sin cambios	;0	; --%	; --%	;0	; --%	; --%	;0	; --%	; --%	;0	; --%	; --%	;
199	;06/09 06:00 - 07:00	;0	;Disminuir por100.0%	;Disminuir por100.0%	;4	;Aumentar por100.0%	;Disminuir por42.9%	;0	;Disminuir por100.0%	; --%	;0	;Disminuir por100.0%	;Disminuir por100.0%	;0	; --%	;Disminuir por100.0%	;0	; --%	;Disminuir por100.0%	;
200	;06/09 07:00 - 08:00	;11	;Aumentar por120.0%	;Aumentar por37.5%	;29	;Aumentar por480.0%	;Aumentar por52.6%	;2	; --%	;Disminuir por33.3%	;14	;Aumentar por180.0%	;Aumentar por55.6%	;0	; --%	;Disminuir por100.0%	;5	; --%	;Sin cambios	;
201	;06/09 08:00 - 09:00	;10	;Aumentar por150.0%	;Disminuir por33.3%	;48	;Aumentar por182.4%	;Aumentar por9.1%	;7	;Aumentar por600.0%	;Aumentar por600.0%	;24	;Aumentar por50.0%	;Aumentar por14.3%	;0	; --%	; --%	;3	; --%	;Disminuir por76.9%	;
202	;06/09 09:00 - 10:00	;42	;Aumentar por366.7%	;Aumentar por10.5%	;36	;Aumentar por157.1%	;Sin cambios	;4	;Aumentar por100.0%	;Aumentar por300.0%	;21	;Aumentar por40.0%	;Aumentar por50.0%	;4	;Aumentar por100.0%	;Disminuir por20.0%	;11	;Aumentar por1000.0%	;Disminuir por21.4%	;
203	;06/09 10:00 - 11:00	;105	;Aumentar por228.1%	;Aumentar por2.9%	;64	;Aumentar por236.8%	;Disminuir por35.4%	;3	;Disminuir por57.1%	;Disminuir por40.0%	;32	;Aumentar por28.0%	;Sin cambios	;1	;Sin cambios	; --%	;6	; --%	;Disminuir por25.0%	;
204	;06/09 11:00 - 12:00	;111	;Aumentar por85.0%	;Disminuir por57.6%	;85	;Aumentar por142.9%	;Disminuir por70.9%	;0	;Disminuir por100.0%	;Disminuir por100.0%	;17	;Aumentar por6.3%	;Disminuir por5.6%	;1	; --%	; --%	;15	; --%	;Aumentar por114.3%	;
205	;06/09 12:00 - 13:00	;63	;Aumentar por46.5%	;Disminuir por78.1%	;79	;Aumentar por132.4%	;Disminuir por70.4%	;1	;Disminuir por50.0%	;Disminuir por80.0%	;11	;Disminuir por21.4%	;Disminuir por38.9%	;1	; --%	;Sin cambios	;16	; --%	;Aumentar por33.3%	;
206	;06/09 13:00 - 14:00	;50	;Aumentar por61.3%	;Disminuir por40.5%	;67	;Aumentar por34.0%	;Disminuir por54.7%	;0	;Disminuir por100.0%	;Disminuir por100.0%	;8	;Disminuir por50.0%	;Disminuir por61.9%	;0	; --%	; --%	;8	; --%	;Sin cambios	;
207	;06/09 14:00 - 15:00	;111	;Aumentar por311.1%	;Aumentar por32.1%	;83	;Aumentar por151.5%	;Disminuir por12.6%	;1	;Disminuir por50.0%	; --%	;16	;Disminuir por23.8%	;Aumentar por33.3%	;1	;Sin cambios	; --%	;5	;Aumentar por400.0%	;Disminuir por16.7%	;
208	;06/09 15:00 - 16:00	;48	;Aumentar por128.6%	;Disminuir por22.6%	;57	;Aumentar por147.8%	;Disminuir por31.3%	;4	;Aumentar por300.0%	;Sin cambios	;15	;Aumentar por200.0%	;Sin cambios	;0	; --%	;Disminuir por100.0%	;6	; --%	;Disminuir por45.5%	;
209	;06/09 16:00 - 17:00	;44	;Aumentar por91.3%	;Aumentar por2.3%	;41	;Aumentar por51.9%	;Disminuir por10.9%	;1	;Sin cambios	;Sin cambios	;8	;Disminuir por20.0%	;Disminuir por11.1%	;2	; --%	; --%	;14	;Aumentar por1300.0%	;Aumentar por133.3%	;
210	;06/09 17:00 - 18:00	;111	;Aumentar por455.0%	;Aumentar por152.3%	;85	;Aumentar por214.8%	;Aumentar por70.0%	;0	; --%	;Disminuir por100.0%	;12	;Aumentar por9.1%	;Aumentar por20.0%	;0	; --%	;Disminuir por100.0%	;6	; --%	;Disminuir por40.0%	;
211	;06/09 18:00 - 19:00	;135	;Aumentar por125.0%	;Aumentar por104.5%	;108	;Aumentar por45.9%	;Aumentar por83.1%	;1	;Disminuir por80.0%	;Sin cambios	;12	;Disminuir por47.8%	;Aumentar por33.3%	;1	; --%	;Sin cambios	;8	; --%	;Disminuir por27.3%	;
212	;06/09 19:00 - 20:00	;153	;Aumentar por350.0%	;Aumentar por18.6%	;141	;Aumentar por422.2%	;Aumentar por46.9%	;1	; --%	; --%	;8	;Aumentar por33.3%	;Aumentar por100.0%	;2	; --%	; --%	;9	; --%	;Aumentar por350.0%	;
213	;06/09 20:00 - 21:00	;141	;Aumentar por729.4%	;Aumentar por116.9%	;161	;Aumentar por705.0%	;Aumentar por49.1%	;2	;Aumentar por100.0%	; --%	;11	;Aumentar por57.1%	;Aumentar por120.0%	;0	; --%	; --%	;5	; --%	;Disminuir por50.0%	;
214	;06/09 21:00 - 22:00	;87	;Aumentar por1142.9%	;Aumentar por24.3%	;165	;Aumentar por5400.0%	;Aumentar por34.1%	;0	; --%	; --%	;3	;Disminuir por25.0%	;Disminuir por40.0%	;0	;Disminuir por100.0%	; --%	;10	; --%	;Disminuir por28.6%	;
215	;06/09 22:00 - 23:00	;63	;Aumentar por687.5%	;Aumentar por231.6%	;110	;Aumentar por2650.0%	;Aumentar por279.3%	;0	; --%	; --%	;0	;Disminuir por100.0%	;Disminuir por100.0%	;0	; --%	; --%	;7	; --%	;Aumentar por16.7%	;
216	;06/09 23:00 - 24:00	;23	;Aumentar por155.6%	;Aumentar por91.7%	;50	;Aumentar por2400.0%	;Aumentar por72.4%	;0	; --%	; --%	;3	;Sin cambios	;Sin cambios	;0	; --%	; --%	;10	; --%	;Aumentar por42.9%	;
217	;06/10 00:00 - 01:00	;11	;Aumentar por450.0%	;Aumentar por120.0%	;20	; --%	;Aumentar por150.0%	;0	; --%	; --%	;2	;Disminuir por50.0%	;Aumentar por100.0%	;0	; --%	; --%	;6	; --%	;Aumentar por50.0%	;
218	;06/10 01:00 - 02:00	;2	; --%	;Aumentar por100.0%	;4	; --%	; --%	;1	; --%	; --%	;5	; --%	;Aumentar por150.0%	;0	; --%	; --%	;1	; --%	;Sin cambios	;
219	;06/10 02:00 - 03:00	;0	;Disminuir por100.0%	;Disminuir por100.0%	;0	; --%	;Disminuir por100.0%	;0	; --%	; --%	;0	;Disminuir por100.0%	; --%	;0	; --%	;Disminuir por100.0%	;0	; --%	; --%	;
220	;06/10 03:00 - 04:00	;1	; --%	;Sin cambios	;1	;Disminuir por50.0%	;Sin cambios	;0	; --%	; --%	;0	; --%	; --%	;0	; --%	; --%	;1	; --%	; --%	;
221	;06/10 04:00 - 05:00	;0	;Disminuir por100.0%	; --%	;0	; --%	; --%	;0	; --%	; --%	;1	; --%	; --%	;0	; --%	; --%	;0	; --%	;Disminuir por100.0%	;
222	;06/10 05:00 - 06:00	;0	; --%	; --%	;2	; --%	;Aumentar por100.0%	;0	; --%	; --%	;0	; --%	; --%	;0	; --%	; --%	;0	; --%	; --%	;
223	;06/10 06:00 - 07:00	;0	;Disminuir por100.0%	;Disminuir por100.0%	;2	;Sin cambios	;Disminuir por33.3%	;0	;Disminuir por100.0%	; --%	;1	;Disminuir por50.0%	;Sin cambios	;0	; --%	; --%	;1	; --%	;Disminuir por50.0%	;
224	;06/10 07:00 - 08:00	;8	;Aumentar por33.3%	;Disminuir por50.0%	;18	;Aumentar por100.0%	;Disminuir por18.2%	;1	; --%	;Disminuir por66.7%	;7	;Aumentar por75.0%	;Disminuir por12.5%	;1	; --%	;Disminuir por50.0%	;3	; --%	;Disminuir por57.1%	;
225	;06/10 08:00 - 09:00	;17	;Aumentar por466.7%	;Disminuir por5.6%	;46	;Aumentar por142.1%	;Aumentar por4.5%	;1	;Disminuir por75.0%	;Disminuir por85.7%	;26	;Aumentar por100.0%	;Disminuir por7.1%	;0	; --%	; --%	;4	; --%	;Disminuir por60.0%	;
226	;06/10 09:00 - 10:00	;30	;Aumentar por2900.0%	;Disminuir por34.8%	;37	;Aumentar por1133.3%	;Disminuir por9.8%	;1	;Disminuir por66.7%	;Sin cambios	;16	;Disminuir por15.8%	;Disminuir por20.0%	;12	; --%	;Aumentar por140.0%	;17	; --%	;Sin cambios	;
227	;06/10 10:00 - 11:00	;115	;Aumentar por858.3%	;Aumentar por26.4%	;62	;Aumentar por287.5%	;Aumentar por3.3%	;2	;Aumentar por100.0%	;Disminuir por33.3%	;25	;Aumentar por47.1%	;Disminuir por24.2%	;2	; --%	;Disminuir por33.3%	;5	; --%	;Disminuir por58.3%	;
228	;06/10 11:00 - 12:00	;115	;Aumentar por85.5%	;Aumentar por3.6%	;91	;Aumentar por203.3%	;Disminuir por15.0%	;3	;Disminuir por57.1%	;Disminuir por72.7%	;27	;Aumentar por8.0%	;Disminuir por28.9%	;0	;Disminuir por100.0%	;Disminuir por100.0%	;7	;Aumentar por40.0%	;Disminuir por30.0%	;
229	;06/10 12:00 - 13:00	;96	;Aumentar por77.8%	;Aumentar por9.1%	;125	;Aumentar por177.8%	;Aumentar por7.8%	;2	; --%	;Aumentar por100.0%	;17	;Aumentar por41.7%	;Aumentar por54.5%	;0	;Disminuir por100.0%	; --%	;8	; --%	;Disminuir por11.1%	;
230	;06/10 13:00 - 14:00	;55	;Aumentar por77.4%	;Aumentar por3.8%	;86	;Aumentar por65.4%	;Aumentar por56.4%	;0	;Disminuir por100.0%	;Disminuir por100.0%	;12	;Disminuir por40.0%	;Disminuir por20.0%	;1	; --%	;Disminuir por50.0%	;6	; --%	;Disminuir por50.0%	;
231	;06/10 14:00 - 15:00	;51	;Aumentar por70.0%	;Disminuir por3.8%	;51	;Aumentar por64.5%	;Disminuir por16.4%	;2	;Aumentar por100.0%	; --%	;13	;Disminuir por31.6%	;Aumentar por30.0%	;2	; --%	;Aumentar por100.0%	;7	;Aumentar por600.0%	;Disminuir por22.2%	;
232	;06/10 15:00 - 16:00	;50	;Aumentar por47.1%	;Aumentar por38.9%	;66	;Aumentar por37.5%	;Aumentar por20.0%	;3	;Aumentar por50.0%	;Aumentar por50.0%	;12	;Disminuir por29.4%	;Disminuir por7.7%	;1	; --%	; --%	;11	;Aumentar por450.0%	;Aumentar por83.3%	;
233	;06/10 16:00 - 17:00	;61	;Aumentar por221.1%	;Disminuir por23.8%	;60	;Aumentar por100.0%	;Disminuir por11.8%	;1	;Sin cambios	;Disminuir por50.0%	;12	;Aumentar por100.0%	;Aumentar por9.1%	;2	;Disminuir por33.3%	;Aumentar por100.0%	;7	;Aumentar por75.0%	;Disminuir por53.3%	;
234	;06/10 17:00 - 18:00	;50	;Aumentar por100.0%	;Disminuir por33.3%	;66	;Aumentar por26.9%	;Disminuir por13.2%	;0	;Disminuir por100.0%	;Disminuir por100.0%	;11	;Disminuir por31.3%	;Sin cambios	;4	;Aumentar por33.3%	; --%	;9	;Aumentar por125.0%	;Sin cambios	;
235	;06/10 18:00 - 19:00	;151	;Aumentar por556.5%	;Aumentar por132.3%	;72	;Aumentar por71.4%	;Aumentar por5.9%	;0	;Disminuir por100.0%	;Disminuir por100.0%	;12	;Disminuir por7.7%	;Sin cambios	;3	; --%	;Aumentar por200.0%	;5	;Aumentar por400.0%	;Aumentar por25.0%	;
236	;06/10 19:00 - 20:00	;122	;Aumentar por369.2%	;Aumentar por9.9%	;117	;Aumentar por387.5%	;Aumentar por4.5%	;1	;Disminuir por50.0%	;Disminuir por66.7%	;11	;Disminuir por38.9%	;Aumentar por22.2%	;0	; --%	;Disminuir por100.0%	;6	;Aumentar por200.0%	;Sin cambios	;
237	;06/10 20:00 - 21:00	;116	;Aumentar por1833.3%	;Disminuir por1.7%	;161	;Aumentar por1241.7%	;Aumentar por1.3%	;2	;Aumentar por100.0%	; --%	;11	;Aumentar por120.0%	;Aumentar por37.5%	;0	; --%	; --%	;5	;Aumentar por150.0%	;Disminuir por28.6%	;
238	;06/10 21:00 - 22:00	;64	;Aumentar por481.8%	;Disminuir por11.1%	;152	;Aumentar por15100.0%	;Aumentar por47.6%	;0	; --%	; --%	;9	;Aumentar por800.0%	;Aumentar por800.0%	;0	; --%	; --%	;11	; --%	;Disminuir por21.4%	;
239	;06/10 22:00 - 23:00	;49	;Aumentar por2350.0%	;Disminuir por2.0%	;99	;Aumentar por3200.0%	;Disminuir por2.9%	;0	; --%	; --%	;2	;Aumentar por100.0%	;Disminuir por71.4%	;0	; --%	; --%	;5	;Aumentar por150.0%	;Aumentar por150.0%	;
240	;06/10 23:00 - 24:00	;40	;Aumentar por400.0%	;Aumentar por90.5%	;75	;Aumentar por2400.0%	;Aumentar por66.7%	;1	;Sin cambios	; --%	;3	;Sin cambios	;Aumentar por200.0%	;0	; --%	; --%	;8	;Aumentar por700.0%	;Disminuir por20.0%	;
241	;06/11 00:00 - 01:00	;11	;Aumentar por1000.0%	;Aumentar por37.5%	;21	; --%	;Disminuir por12.5%	;0	; --%	; --%	;2	;Sin cambios	;Sin cambios	;0	; --%	;Disminuir por100.0%	;5	; --%	;Disminuir por28.6%	;
242	;06/11 01:00 - 02:00	;2	; --%	;Disminuir por71.4%	;2	; --%	;Disminuir por80.0%	;0	; --%	; --%	;2	;Aumentar por100.0%	;Sin cambios	;0	; --%	; --%	;1	; --%	;Disminuir por50.0%	;
243	;06/11 02:00 - 03:00	;1	; --%	;Disminuir por90.9%	;1	; --%	;Disminuir por83.3%	;1	; --%	; --%	;3	; --%	;Aumentar por200.0%	;0	; --%	; --%	;0	; --%	; --%	;
244	;06/11 03:00 - 04:00	;0	; --%	;Disminuir por100.0%	;0	; --%	;Disminuir por100.0%	;0	; --%	; --%	;0	; --%	; --%	;0	; --%	; --%	;1	; --%	; --%	;
245	;06/11 04:00 - 05:00	;0	; --%	; --%	;0	; --%	; --%	;0	; --%	; --%	;1	; --%	; --%	;0	; --%	; --%	;0	; --%	;Disminuir por100.0%	;
246	;06/11 05:00 - 06:00	;0	;Disminuir por100.0%	; --%	;1	;Disminuir por66.7%	;Sin cambios	;0	; --%	; --%	;0	; --%	; --%	;0	; --%	; --%	;0	; --%	; --%	;
247	;06/11 06:00 - 07:00	;9	;Aumentar por350.0%	; --%	;12	;Aumentar por200.0%	; --%	;0	;Disminuir por100.0%	; --%	;2	;Disminuir por50.0%	;Aumentar por100.0%	;0	; --%	;Disminuir por100.0%	;0	; --%	; --%	;
248	;06/11 07:00 - 08:00	;12	;Aumentar por50.0%	;Aumentar por50.0%	;25	;Aumentar por25.0%	;Aumentar por8.7%	;4	; --%	;Aumentar por100.0%	;15	;Aumentar por200.0%	;Aumentar por66.7%	;0	;Disminuir por100.0%	;Disminuir por100.0%	;5	;Aumentar por150.0%	;Disminuir por28.6%	;
249	;06/11 08:00 - 09:00	;26	;Aumentar por550.0%	;Aumentar por85.7%	;54	;Aumentar por134.8%	;Aumentar por28.6%	;4	;Aumentar por300.0%	;Disminuir por42.9%	;18	;Disminuir por25.0%	;Disminuir por10.0%	;0	; --%	; --%	;8	; --%	;Disminuir por11.1%	;
250	;06/11 09:00 - 10:00	;40	;Aumentar por48.1%	;Disminuir por7.0%	;40	;Aumentar por66.7%	;Aumentar por11.1%	;1	; --%	;Disminuir por50.0%	;22	;Aumentar por175.0%	;Aumentar por29.4%	;4	;Sin cambios	;Sin cambios	;13	;Aumentar por160.0%	;Aumentar por18.2%	;
251	;06/11 10:00 - 11:00	;88	;Aumentar por14.3%	;Aumentar por39.7%	;79	;Aumentar por43.6%	;Aumentar por29.5%	;4	; --%	;Sin cambios	;28	;Aumentar por115.4%	;Disminuir por3.4%	;0	;Disminuir por100.0%	;Disminuir por100.0%	;5	; --%	;Disminuir por61.5%	;
252	;06/11 11:00 - 12:00	;134	;Aumentar por39.6%	;Aumentar por20.7%	;125	;Aumentar por42.0%	;Aumentar por27.6%	;12	;Aumentar por200.0%	;Aumentar por300.0%	;34	;Aumentar por21.4%	;Aumentar por41.7%	;1	; --%	;Disminuir por50.0%	;10	; --%	;Disminuir por9.1%	;
253	;06/11 12:00 - 13:00	;91	;Aumentar por56.9%	;Disminuir por35.5%	;81	;Aumentar por9.5%	;Disminuir por38.6%	;1	;Sin cambios	;Disminuir por80.0%	;15	;Disminuir por46.4%	;Disminuir por28.6%	;1	;Disminuir por66.7%	;Disminuir por75.0%	;4	;Disminuir por33.3%	;Disminuir por66.7%	;
254	;06/11 13:00 - 14:00	;98	;Aumentar por172.2%	;Aumentar por42.0%	;101	;Aumentar por119.6%	;Aumentar por24.7%	;2	;Aumentar por100.0%	;Sin cambios	;20	;Aumentar por100.0%	;Aumentar por66.7%	;1	; --%	; --%	;14	;Aumentar por366.7%	;Sin cambios	;
255	;06/11 14:00 - 15:00	;64	;Aumentar por68.4%	;Aumentar por3.2%	;88	;Aumentar por120.0%	;Aumentar por76.0%	;4	;Aumentar por300.0%	;Sin cambios	;17	;Aumentar por6.3%	;Disminuir por26.1%	;2	; --%	;Sin cambios	;10	;Disminuir por9.1%	;Disminuir por16.7%	;
256	;06/11 15:00 - 16:00	;27	;Disminuir por28.9%	;Disminuir por32.5%	;35	;Disminuir por16.7%	;Disminuir por49.3%	;1	;Disminuir por50.0%	;Disminuir por66.7%	;8	;Disminuir por38.5%	;Disminuir por46.7%	;0	; --%	;Disminuir por100.0%	;6	;Aumentar por200.0%	;Disminuir por53.8%	;
257	;06/11 16:00 - 17:00	;43	;Aumentar por104.8%	;Disminuir por40.3%	;63	;Aumentar por43.2%	;Aumentar por1.6%	;0	;Disminuir por100.0%	;Disminuir por100.0%	;11	;Disminuir por50.0%	;Disminuir por31.3%	;2	;Sin cambios	;Sin cambios	;13	;Aumentar por160.0%	;Disminuir por7.1%	;
258	;06/11 17:00 - 18:00	;112	;Aumentar por67.2%	;Aumentar por77.8%	;140	;Aumentar por57.3%	;Aumentar por66.7%	;0	;Disminuir por100.0%	; --%	;12	;Disminuir por33.3%	;Disminuir por25.0%	;1	;Disminuir por66.7%	; --%	;10	;Aumentar por11.1%	;Disminuir por23.1%	;
259	;06/11 18:00 - 19:00	;122	;Aumentar por171.1%	;Disminuir por10.9%	;145	;Aumentar por262.5%	;Disminuir por0.7%	;0	;Disminuir por100.0%	; --%	;9	;Disminuir por55.0%	;Disminuir por40.0%	;1	; --%	;Disminuir por50.0%	;7	;Aumentar por600.0%	;Disminuir por22.2%	;
260	;06/11 19:00 - 20:00	;167	;Aumentar por695.2%	;Aumentar por40.3%	;139	;Aumentar por334.4%	;Aumentar por17.8%	;0	; --%	; --%	;9	;Disminuir por52.6%	;Aumentar por50.0%	;1	;Disminuir por50.0%	;Disminuir por50.0%	;4	;Aumentar por33.3%	;Disminuir por60.0%	;
261	;06/11 20:00 - 21:00	;179	;Aumentar por1888.9%	;Aumentar por58.4%	;232	;Aumentar por7633.3%	;Aumentar por71.9%	;1	; --%	;Sin cambios	;3	;Disminuir por62.5%	;Disminuir por70.0%	;0	; --%	; --%	;5	;Aumentar por400.0%	;Disminuir por28.6%	;
262	;06/11 21:00 - 22:00	;77	;Aumentar por3750.0%	;Aumentar por48.1%	;145	; --%	;Aumentar por22.9%	;0	;Disminuir por100.0%	;Disminuir por100.0%	;8	;Aumentar por60.0%	;Aumentar por60.0%	;0	; --%	; --%	;14	;Aumentar por1300.0%	;Aumentar por27.3%	;
263	;06/11 22:00 - 23:00	;31	;Aumentar por1450.0%	;Aumentar por6.9%	;77	;Aumentar por3750.0%	;Aumentar por37.5%	;0	; --%	; --%	;2	;Aumentar por100.0%	;Disminuir por33.3%	;4	; --%	;Aumentar por300.0%	;11	; --%	;Aumentar por37.5%	;
264	;06/11 23:00 - 24:00	;34	;Aumentar por1600.0%	;Aumentar por6.3%	;62	;Aumentar por3000.0%	;Aumentar por1.6%	;0	; --%	; --%	;8	;Aumentar por700.0%	;Aumentar por100.0%	;0	; --%	;Disminuir por100.0%	;9	; --%	;Sin cambios	;
265	;06/12 00:00 - 01:00	;3	; --%	;Disminuir por81.3%	;14	; --%	;Sin cambios	;0	; --%	; --%	;4	;Aumentar por100.0%	; --%	;1	; --%	; --%	;5	; --%	;Aumentar por66.7%	;
266	;06/12 01:00 - 02:00	;7	; --%	;Aumentar por75.0%	;4	; --%	; --%	;0	; --%	; --%	;1	; --%	; --%	;0	; --%	;Disminuir por100.0%	;0	; --%	;Disminuir por100.0%	;
267	;06/12 02:00 - 03:00	;0	; --%	;Disminuir por100.0%	;0	; --%	;Disminuir por100.0%	;1	; --%	; --%	;1	; --%	;Disminuir por50.0%	;0	; --%	; --%	;1	; --%	;Sin cambios	;
268	;06/12 03:00 - 04:00	;0	; --%	; --%	;1	; --%	; --%	;0	; --%	; --%	;1	; --%	; --%	;0	; --%	; --%	;1	; --%	; --%	;
269	;06/12 04:00 - 05:00	;0	;Disminuir por100.0%	; --%	;0	;Disminuir por100.0%	; --%	;0	; --%	; --%	;0	; --%	;Disminuir por100.0%	;0	; --%	; --%	;1	; --%	;Sin cambios	;
270	;06/12 05:00 - 06:00	;0	;Disminuir por100.0%	; --%	;1	; --%	;Disminuir por50.0%	;0	; --%	; --%	;0	; --%	; --%	;0	; --%	; --%	;0	; --%	; --%	;
271	;06/12 06:00 - 07:00	;3	;Aumentar por200.0%	;Disminuir por70.0%	;2	;Disminuir por33.3%	;Disminuir por80.0%	;0	; --%	; --%	;1	;Sin cambios	; --%	;0	; --%	; --%	;0	; --%	;Disminuir por100.0%	;
272	;06/12 07:00 - 08:00	;19	;Aumentar por850.0%	;Disminuir por26.9%	;24	;Aumentar por140.0%	;Disminuir por35.1%	;5	;Aumentar por400.0%	;Aumentar por66.7%	;14	;Aumentar por75.0%	;Disminuir por17.6%	;0	; --%	;Disminuir por100.0%	;3	; --%	;Disminuir por70.0%	;
273	;06/12 08:00 - 09:00	;15	;Aumentar por66.7%	;Disminuir por11.8%	;53	;Aumentar por140.9%	;Aumentar por76.7%	;10	;Aumentar por900.0%	;Aumentar por400.0%	;27	;Aumentar por58.8%	;Aumentar por50.0%	;1	; --%	;Disminuir por66.7%	;7	;Aumentar por600.0%	;Disminuir por46.2%	;
274	;06/12 09:00 - 10:00	;31	;Aumentar por138.5%	;Disminuir por8.8%	;32	;Aumentar por39.1%	;Disminuir por25.6%	;3	;Disminuir por25.0%	;Disminuir por50.0%	;20	;Disminuir por20.0%	;Disminuir por16.7%	;2	;Aumentar por100.0%	;Sin cambios	;9	;Aumentar por125.0%	;Disminuir por10.0%	;
275	;06/12 10:00 - 11:00	;99	;Aumentar por98.0%	;Aumentar por13.8%	;69	;Aumentar por115.6%	;Aumentar por16.9%	;6	;Aumentar por200.0%	;Aumentar por20.0%	;37	;Aumentar por27.6%	;Aumentar por23.3%	;5	; --%	;Aumentar por400.0%	;19	;Aumentar por850.0%	;Aumentar por137.5%	;
276	;06/12 11:00 - 12:00	;161	;Aumentar por19.3%	;Aumentar por85.1%	;84	;Disminuir por40.0%	;Disminuir por3.4%	;5	;Aumentar por400.0%	;Disminuir por28.6%	;27	;Aumentar por42.1%	;Disminuir por22.9%	;0	;Disminuir por100.0%	;Disminuir por100.0%	;22	;Aumentar por2100.0%	;Aumentar por46.7%	;
277	;06/12 12:00 - 13:00	;55	;Disminuir por11.3%	;Disminuir por5.2%	;89	;Aumentar por53.4%	;Aumentar por61.8%	;1	;Disminuir por75.0%	;Disminuir por75.0%	;16	;Disminuir por23.8%	;Disminuir por33.3%	;4	;Sin cambios	;Aumentar por300.0%	;12	;Aumentar por50.0%	;Disminuir por25.0%	;
278	;06/12 13:00 - 14:00	;62	;Aumentar por34.8%	;Aumentar por37.8%	;85	;Aumentar por28.8%	;Aumentar por117.9%	;1	;Disminuir por66.7%	;Disminuir por75.0%	;14	;Disminuir por33.3%	;Disminuir por26.3%	;1	; --%	;Sin cambios	;10	;Aumentar por100.0%	;Aumentar por11.1%	;
279	;06/12 14:00 - 15:00	;74	;Aumentar por196.0%	;Aumentar por138.7%	;79	;Aumentar por139.4%	;Disminuir por4.8%	;3	;Aumentar por50.0%	;Aumentar por50.0%	;19	;Sin cambios	;Aumentar por46.2%	;0	;Disminuir por100.0%	; --%	;7	;Aumentar por75.0%	;Disminuir por46.2%	;
280	;06/12 15:00 - 16:00	;57	;Aumentar por42.5%	;Aumentar por58.3%	;71	;Aumentar por86.8%	;Aumentar por54.3%	;3	;Aumentar por200.0%	;Sin cambios	;10	;Disminuir por37.5%	;Disminuir por28.6%	;0	;Disminuir por100.0%	; --%	;4	;Disminuir por20.0%	;Disminuir por55.6%	;
281	;06/12 16:00 - 17:00	;72	;Aumentar por166.7%	;Aumentar por67.4%	;102	;Aumentar por325.0%	;Aumentar por88.9%	;0	; --%	; --%	;10	;Sin cambios	;Disminuir por16.7%	;0	; --%	;Disminuir por100.0%	;7	;Aumentar por16.7%	;Disminuir por36.4%	;
282	;06/12 17:00 - 18:00	;52	;Aumentar por79.3%	;Disminuir por1.9%	;56	;Aumentar por27.3%	;Disminuir por24.3%	;0	; --%	;Disminuir por100.0%	;10	;Disminuir por41.2%	;Disminuir por33.3%	;0	; --%	; --%	;9	;Aumentar por200.0%	;Disminuir por52.6%	;
283	;06/12 18:00 - 19:00	;82	;Aumentar por127.8%	;Disminuir por1.2%	;81	;Aumentar por97.6%	;Aumentar por15.7%	;1	; --%	; --%	;3	;Disminuir por76.9%	;Disminuir por62.5%	;1	;Sin cambios	;Sin cambios	;5	;Sin cambios	;Disminuir por16.7%	;
284	;06/12 19:00 - 20:00	;132	;Aumentar por915.4%	;Aumentar por45.1%	;159	;Aumentar por562.5%	;Aumentar por78.7%	;1	;Disminuir por50.0%	; --%	;10	;Disminuir por37.5%	;Aumentar por100.0%	;0	; --%	; --%	;9	;Aumentar por200.0%	;Aumentar por350.0%	;
285	;06/12 20:00 - 21:00	;124	;Aumentar por675.0%	;Aumentar por72.2%	;180	;Aumentar por847.4%	;Aumentar por25.0%	;0	; --%	; --%	;2	;Disminuir por77.8%	;Disminuir por50.0%	;0	; --%	;Disminuir por100.0%	;5	;Aumentar por400.0%	;Disminuir por50.0%	;
286	;06/12 21:00 - 22:00	;143	;Aumentar por2760.0%	;Aumentar por107.2%	;221	;Aumentar por10950.0%	;Aumentar por97.3%	;0	; --%	; --%	;4	;Disminuir por42.9%	;Sin cambios	;0	; --%	; --%	;6	; --%	;Disminuir por57.1%	;
287	;06/12 22:00 - 23:00	;83	;Aumentar por418.8%	;Aumentar por25.8%	;166	;Aumentar por2271.4%	;Aumentar por90.8%	;0	;Disminuir por100.0%	; --%	;1	;Disminuir por50.0%	;Disminuir por66.7%	;0	; --%	;Disminuir por100.0%	;11	;Aumentar por1000.0%	;Aumentar por83.3%	;
288	;06/12 23:00 - 24:00	;69	;Aumentar por1280.0%	;Aumentar por137.9%	;149	; --%	;Aumentar por104.1%	;0	; --%	; --%	;1	;Sin cambios	;Disminuir por50.0%	;0	; --%	; --%	;5	;Aumentar por400.0%	;Disminuir por37.5%	;
289	;06/13 00:00 - 01:00	;22	;Aumentar por2100.0%	;Aumentar por57.1%	;70	;Aumentar por6900.0%	;Aumentar por105.9%	;0	; --%	; --%	;1	;Disminuir por66.7%	;Disminuir por75.0%	;0	; --%	;Disminuir por100.0%	;14	; --%	;Aumentar por180.0%	;
290	;06/13 01:00 - 02:00	;2	;Aumentar por100.0%	;Sin cambios	;18	; --%	;Aumentar por500.0%	;0	; --%	; --%	;2	; --%	;Disminuir por50.0%	;0	; --%	; --%	;1	; --%	; --%	;
291	;06/13 02:00 - 03:00	;2	; --%	;Aumentar por100.0%	;2	; --%	;Aumentar por100.0%	;0	; --%	;Disminuir por100.0%	;1	;Sin cambios	;Disminuir por75.0%	;0	; --%	; --%	;1	; --%	; --%	;
292	;06/13 03:00 - 04:00	;6	; --%	; --%	;0	; --%	; --%	;0	; --%	; --%	;1	; --%	; --%	;0	; --%	; --%	;3	; --%	; --%	;
293	;06/13 04:00 - 05:00	;1	; --%	; --%	;1	; --%	; --%	;0	; --%	; --%	;2	; --%	; --%	;0	; --%	; --%	;0	; --%	;Disminuir por100.0%	;
294	;06/13 05:00 - 06:00	;4	;Aumentar por300.0%	; --%	;3	; --%	;Aumentar por200.0%	;0	; --%	; --%	;0	; --%	; --%	;0	; --%	; --%	;1	; --%	; --%	;
295	;06/13 06:00 - 07:00	;2	; --%	;Aumentar por100.0%	;4	;Aumentar por100.0%	;Sin cambios	;0	;Disminuir por100.0%	; --%	;0	;Disminuir por100.0%	; --%	;0	; --%	; --%	;0	; --%	; --%	;
296	;06/13 07:00 - 08:00	;7	;Aumentar por75.0%	;Sin cambios	;5	;Disminuir por75.0%	;Disminuir por76.2%	;0	;Disminuir por100.0%	;Disminuir por100.0%	;6	;Disminuir por14.3%	;Disminuir por25.0%	;0	; --%	;Disminuir por100.0%	;2	; --%	;Disminuir por66.7%	;
297	;06/13 08:00 - 09:00	;30	;Aumentar por328.6%	;Aumentar por100.0%	;26	;Disminuir por27.8%	;Disminuir por43.5%	;0	;Disminuir por100.0%	;Disminuir por100.0%	;5	;Disminuir por85.3%	;Disminuir por91.2%	;1	; --%	;Sin cambios	;3	;Aumentar por200.0%	;Disminuir por72.7%	;
298	;06/13 09:00 - 10:00	;50	;Aumentar por150.0%	;Aumentar por85.2%	;41	;Aumentar por156.3%	;Disminuir por2.4%	;0	;Disminuir por100.0%	;Disminuir por100.0%	;12	;Disminuir por47.8%	;Disminuir por66.7%	;1	;Disminuir por50.0%	;Disminuir por66.7%	;10	;Aumentar por66.7%	;Disminuir por23.1%	;
299	;06/13 10:00 - 11:00	;103	;Aumentar por60.9%	;Aumentar por3.0%	;62	;Aumentar por82.4%	;Disminuir por23.5%	;2	;Disminuir por77.8%	;Disminuir por77.8%	;20	;Disminuir por35.5%	;Disminuir por53.5%	;0	; --%	;Disminuir por100.0%	;10	;Aumentar por100.0%	;Sin cambios	;
300	;06/13 11:00 - 12:00	;132	;Aumentar por12.8%	;Aumentar por10.0%	;132	;Aumentar por69.2%	;Disminuir por9.0%	;4	;Disminuir por33.3%	;Disminuir por33.3%	;20	;Disminuir por41.2%	;Disminuir por42.9%	;0	;Disminuir por100.0%	;Disminuir por100.0%	;11	;Aumentar por175.0%	;Aumentar por22.2%	;
301	;06/13 12:00 - 13:00	;112	;Aumentar por166.7%	;Aumentar por23.1%	;130	;Aumentar por109.7%	;Aumentar por22.6%	;1	; --%	;Sin cambios	;14	;Disminuir por33.3%	;Disminuir por22.2%	;0	; --%	;Disminuir por100.0%	;9	;Aumentar por800.0%	;Disminuir por10.0%	;
302	;06/13 13:00 - 14:00	;77	;Aumentar por148.4%	;Aumentar por18.5%	;117	;Aumentar por165.9%	;Aumentar por20.6%	;0	; --%	;Disminuir por100.0%	;9	;Disminuir por18.2%	;Disminuir por50.0%	;2	;Disminuir por33.3%	;Aumentar por100.0%	;6	;Aumentar por100.0%	;Disminuir por45.5%	;
303	;06/13 14:00 - 15:00	;56	;Aumentar por27.3%	;Aumentar por9.8%	;102	;Aumentar por155.0%	;Aumentar por85.5%	;1	;Disminuir por66.7%	;Disminuir por75.0%	;10	;Disminuir por41.2%	;Disminuir por61.5%	;0	;Disminuir por100.0%	;Disminuir por100.0%	;8	;Aumentar por33.3%	;Disminuir por33.3%	;
304	;06/13 15:00 - 16:00	;91	;Aumentar por15.2%	;Aumentar por51.7%	;120	;Aumentar por150.0%	;Aumentar por57.9%	;0	;Disminuir por100.0%	;Disminuir por100.0%	;9	;Disminuir por18.2%	;Disminuir por52.6%	;0	;Disminuir por100.0%	;Disminuir por100.0%	;4	;Aumentar por300.0%	;Disminuir por55.6%	;
305	;06/13 16:00 - 17:00	;100	;Aumentar por177.8%	;Aumentar por143.9%	;134	;Aumentar por100.0%	;Aumentar por185.1%	;0	; --%	; --%	;3	;Disminuir por75.0%	;Disminuir por82.4%	;0	;Disminuir por100.0%	; --%	;13	;Aumentar por333.3%	;Aumentar por8.3%	;
306	;06/13 17:00 - 18:00	;105	;Aumentar por238.7%	;Aumentar por176.3%	;141	;Aumentar por139.0%	;Aumentar por116.9%	;1	; --%	;Disminuir por50.0%	;14	;Aumentar por7.7%	;Aumentar por16.7%	;3	;Aumentar por50.0%	;Disminuir por62.5%	;9	; --%	;Disminuir por43.8%	;
307	;06/13 18:00 - 19:00	;256	;Aumentar por444.7%	;Aumentar por319.7%	;165	;Aumentar por175.0%	;Aumentar por217.3%	;1	;Sin cambios	;Sin cambios	;5	;Disminuir por68.8%	;Disminuir por68.8%	;1	;Sin cambios	; --%	;7	;Aumentar por133.3%	;Disminuir por22.2%	;
308	;06/13 19:00 - 20:00	;267	;Aumentar por229.6%	;Aumentar por62.8%	;365	;Aumentar por261.4%	;Aumentar por223.0%	;1	;Disminuir por75.0%	; --%	;2	;Disminuir por87.5%	;Disminuir por84.6%	;2	; --%	;Sin cambios	;4	;Aumentar por300.0%	;Sin cambios	;
309	;06/13 20:00 - 21:00	;278	;Aumentar por768.8%	;Aumentar por146.0%	;336	;Aumentar por888.2%	;Aumentar por92.0%	;0	;Disminuir por100.0%	;Disminuir por100.0%	;1	;Disminuir por87.5%	;Disminuir por75.0%	;2	;Aumentar por100.0%	; --%	;6	;Aumentar por200.0%	;Aumentar por50.0%	;
310	;06/13 21:00 - 22:00	;204	;Aumentar por1469.2%	;Aumentar por131.8%	;355	;Aumentar por3844.4%	;Aumentar por123.3%	;1	; --%	;Sin cambios	;2	;Disminuir por33.3%	;Disminuir por60.0%	;0	; --%	; --%	;7	;Aumentar por600.0%	;Disminuir por36.4%	;
311	;06/13 22:00 - 23:00	;157	;Aumentar por1327.3%	;Aumentar por96.3%	;247	;Aumentar por2644.4%	;Aumentar por46.2%	;0	; --%	; --%	;2	;Disminuir por66.7%	;Aumentar por100.0%	;1	; --%	; --%	;10	;Aumentar por400.0%	;Aumentar por100.0%	;
312	;06/13 23:00 - 24:00	;107	;Aumentar por1683.3%	;Aumentar por167.5%	;263	;Aumentar por1923.1%	;Aumentar por126.7%	;0	; --%	; --%	;3	;Sin cambios	;Aumentar por50.0%	;0	; --%	;Disminuir por100.0%	;4	;Aumentar por300.0%	;Disminuir por63.6%	;
313	;06/14 00:00 - 01:00	;68	;Aumentar por3300.0%	;Aumentar por277.8%	;135	;Aumentar por2150.0%	;Aumentar por175.5%	;0	; --%	; --%	;1	;Disminuir por50.0%	;Sin cambios	;1	; --%	;Disminuir por50.0%	;12	;Aumentar por500.0%	;Disminuir por25.0%	;
314	;06/14 01:00 - 02:00	;27	;Aumentar por2600.0%	;Aumentar por440.0%	;29	; --%	;Aumentar por163.6%	;0	; --%	; --%	;3	; --%	;Aumentar por50.0%	;0	; --%	; --%	;10	; --%	;Aumentar por150.0%	;
315	;06/14 02:00 - 03:00	;6	; --%	;Disminuir por33.3%	;7	; --%	;Disminuir por41.7%	;0	; --%	; --%	;1	; --%	;Sin cambios	;0	; --%	; --%	;0	;Disminuir por100.0%	; --%	;
316	;06/14 03:00 - 04:00	;5	; --%	;Aumentar por66.7%	;0	; --%	;Disminuir por100.0%	;1	; --%	; --%	;2	; --%	;Aumentar por100.0%	;0	; --%	; --%	;1	; --%	; --%	;
317	;06/14 04:00 - 05:00	;5	; --%	;Aumentar por400.0%	;1	; --%	; --%	;0	; --%	; --%	;1	; --%	; --%	;0	; --%	; --%	;2	; --%	; --%	;
318	;06/14 05:00 - 06:00	;3	;Aumentar por200.0%	;Aumentar por200.0%	;1	;Disminuir por50.0%	; --%	;0	; --%	; --%	;0	; --%	;Disminuir por100.0%	;0	; --%	; --%	;0	; --%	; --%	;
319	;06/14 06:00 - 07:00	;2	; --%	;Aumentar por100.0%	;5	; --%	;Aumentar por400.0%	;0	; --%	; --%	;1	; --%	;Disminuir por50.0%	;0	; --%	; --%	;1	; --%	; --%	;
320	;06/14 07:00 - 08:00	;13	;Aumentar por333.3%	;Aumentar por44.4%	;8	;Aumentar por100.0%	;Sin cambios	;0	; --%	; --%	;2	;Sin cambios	;Disminuir por33.3%	;0	; --%	;Disminuir por100.0%	;0	; --%	;Disminuir por100.0%	;
321	;06/14 08:00 - 09:00	;16	;Aumentar por220.0%	;Disminuir por15.8%	;25	;Aumentar por212.5%	;Aumentar por4.2%	;0	; --%	;Disminuir por100.0%	;7	;Disminuir por36.4%	;Disminuir por46.2%	;2	; --%	;Aumentar por100.0%	;8	; --%	;Aumentar por14.3%	;
322	;06/14 09:00 - 10:00	;26	;Aumentar por85.7%	;Disminuir por42.2%	;32	;Aumentar por113.3%	;Disminuir por25.6%	;0	; --%	;Disminuir por100.0%	;10	;Aumentar por25.0%	;Disminuir por16.7%	;2	; --%	; --%	;11	; --%	;Sin cambios	;
323	;06/14 10:00 - 11:00	;164	;Aumentar por62.4%	;Aumentar por51.9%	;94	;Aumentar por123.8%	;Aumentar por10.6%	;1	; --%	;Disminuir por80.0%	;10	;Disminuir por28.6%	;Disminuir por64.3%	;0	;Disminuir por100.0%	;Disminuir por100.0%	;3	;Aumentar por50.0%	;Disminuir por75.0%	;
324	;06/14 11:00 - 12:00	;208	;Aumentar por26.8%	;Aumentar por57.6%	;277	;Aumentar por82.2%	;Aumentar por130.8%	;3	;Disminuir por57.1%	;Aumentar por50.0%	;12	;Disminuir por40.0%	;Disminuir por36.8%	;2	;Sin cambios	;Sin cambios	;10	;Aumentar por900.0%	;Aumentar por11.1%	;
325	;06/14 12:00 - 13:00	;122	;Aumentar por9.9%	;Aumentar por50.6%	;132	;Aumentar por13.8%	;Aumentar por6.5%	;4	; --%	;Aumentar por300.0%	;8	;Disminuir por27.3%	;Disminuir por42.9%	;3	; --%	;Disminuir por25.0%	;13	;Aumentar por1200.0%	;Disminuir por27.8%	;
326	;06/14 13:00 - 14:00	;110	;Aumentar por111.5%	;Aumentar por129.2%	;142	;Aumentar por82.1%	;Aumentar por61.4%	;1	;Sin cambios	; --%	;9	;Sin cambios	;Sin cambios	;0	; --%	;Disminuir por100.0%	;7	;Aumentar por600.0%	;Disminuir por50.0%	;
327	;06/14 14:00 - 15:00	;52	;Aumentar por52.9%	;Aumentar por57.6%	;97	;Aumentar por185.3%	;Aumentar por67.2%	;0	; --%	;Disminuir por100.0%	;3	;Disminuir por70.0%	;Disminuir por62.5%	;0	; --%	;Disminuir por100.0%	;6	; --%	;Disminuir por40.0%	;
328	;06/14 15:00 - 16:00	;58	;Aumentar por13.7%	;Disminuir por13.4%	;77	;Aumentar por8.5%	;Aumentar por14.9%	;0	; --%	; --%	;7	;Aumentar por75.0%	;Aumentar por133.3%	;1	; --%	;Disminuir por66.7%	;6	; --%	;Disminuir por62.5%	;
329	;06/14 16:00 - 17:00	;114	;Disminuir por10.2%	;Aumentar por37.3%	;159	;Aumentar por44.5%	;Aumentar por89.3%	;0	;Disminuir por100.0%	;Disminuir por100.0%	;5	;Disminuir por54.5%	;Disminuir por50.0%	;2	; --%	;Sin cambios	;15	; --%	;Aumentar por36.4%	;
330	;06/14 17:00 - 18:00	;81	;Aumentar por22.7%	;Disminuir por34.1%	;114	;Aumentar por11.8%	;Disminuir por17.4%	;0	;Disminuir por100.0%	; --%	;6	;Disminuir por50.0%	;Disminuir por14.3%	;2	;Sin cambios	;Disminuir por33.3%	;8	;Aumentar por60.0%	;Disminuir por42.9%	;
331	;06/14 18:00 - 19:00	;92	;Disminuir por15.6%	;Disminuir por30.3%	;104	;Aumentar por4.0%	;Disminuir por38.1%	;0	;Disminuir por100.0%	; --%	;5	;Disminuir por54.5%	;Aumentar por66.7%	;0	;Disminuir por100.0%	; --%	;15	;Aumentar por650.0%	;Aumentar por7.1%	;
332	;06/14 19:00 - 20:00	;94	;Aumentar por32.4%	;Disminuir por70.3%	;112	;Disminuir por11.8%	;Disminuir por50.0%	;2	;Aumentar por100.0%	;Aumentar por100.0%	;8	;Disminuir por11.1%	;Aumentar por60.0%	;1	; --%	;Sin cambios	;5	;Aumentar por400.0%	;Disminuir por16.7%	;
333	;06/14 20:00 - 21:00	;99	;Aumentar por153.8%	;Disminuir por63.5%	;159	;Aumentar por307.7%	;Disminuir por64.2%	;0	;Disminuir por100.0%	;Disminuir por100.0%	;3	;Disminuir por70.0%	;Sin cambios	;0	;Disminuir por100.0%	;Disminuir por100.0%	;6	;Aumentar por20.0%	;Sin cambios	;
334	;06/14 21:00 - 22:00	;72	;Aumentar por453.8%	;Disminuir por58.4%	;112	;Aumentar por522.2%	;Disminuir por55.0%	;0	;Disminuir por100.0%	; --%	;7	;Aumentar por75.0%	;Aumentar por250.0%	;0	; --%	;Disminuir por100.0%	;9	; --%	;Disminuir por25.0%	;
335	;06/14 22:00 - 23:00	;52	; --%	;Disminuir por46.9%	;127	;Aumentar por1487.5%	;Disminuir por32.1%	;0	; --%	; --%	;1	;Sin cambios	;Sin cambios	;0	; --%	;Disminuir por100.0%	;4	; --%	;Disminuir por50.0%	;
336	;06/14 23:00 - 24:00	;28	;Aumentar por366.7%	;Disminuir por72.5%	;53	;Aumentar por562.5%	;Disminuir por71.5%	;0	; --%	; --%	;2	;Disminuir por33.3%	;Aumentar por100.0%	;0	; --%	; --%	;13	;Aumentar por1200.0%	;Aumentar por160.0%	;
337	;06/15 00:00 - 01:00	;15	;Aumentar por275.0%	;Disminuir por74.6%	;22	;Aumentar por450.0%	;Disminuir por85.8%	;0	; --%	; --%	;3	;Sin cambios	;Aumentar por200.0%	;2	; --%	;Aumentar por100.0%	;11	; --%	;Disminuir por38.9%	;
338	;06/15 01:00 - 02:00	;2	;Sin cambios	;Disminuir por85.7%	;7	;Aumentar por600.0%	;Disminuir por78.1%	;1	; --%	;Sin cambios	;3	;Aumentar por50.0%	;Disminuir por57.1%	;0	; --%	; --%	;2	; --%	;Disminuir por50.0%	;
339	;06/15 02:00 - 03:00	;0	;Disminuir por100.0%	; --%	;0	; --%	; --%	;0	; --%	;Disminuir por100.0%	;0	; --%	;Disminuir por100.0%	;0	; --%	; --%	;0	; --%	; --%	;
340	;06/15 03:00 - 04:00	;2	; --%	;Disminuir por50.0%	;0	; --%	;Disminuir por100.0%	;0	; --%	; --%	;1	;Sin cambios	;Sin cambios	;0	; --%	; --%	;1	; --%	;Sin cambios	;
341	;06/15 04:00 - 05:00	;0	; --%	; --%	;0	;Disminuir por100.0%	;Disminuir por100.0%	;0	; --%	; --%	;0	; --%	; --%	;0	; --%	; --%	;0	; --%	; --%	;
342	;06/15 05:00 - 06:00	;1	; --%	;Disminuir por50.0%	;1	; --%	; --%	;0	; --%	; --%	;0	;Disminuir por100.0%	; --%	;0	; --%	; --%	;0	; --%	; --%	;
343	;06/15 06:00 - 07:00	;6	;Aumentar por500.0%	;Aumentar por50.0%	;7	; --%	;Aumentar por133.3%	;1	; --%	; --%	;3	; --%	;Sin cambios	;0	; --%	; --%	;2	; --%	; --%	;
344	;06/15 07:00 - 08:00	;6	;Aumentar por50.0%	;Disminuir por50.0%	;21	;Aumentar por320.0%	;Aumentar por133.3%	;2	; --%	; --%	;6	;Aumentar por500.0%	;Aumentar por500.0%	;1	; --%	; --%	;4	; --%	; --%	;
345	;06/15 08:00 - 09:00	;10	;Aumentar por25.0%	;Disminuir por50.0%	;46	;Aumentar por666.7%	;Aumentar por91.7%	;1	; --%	; --%	;21	;Aumentar por250.0%	;Aumentar por40.0%	;2	; --%	; --%	;11	;Aumentar por1000.0%	;Aumentar por120.0%	;
346	;06/15 09:00 - 10:00	;36	;Aumentar por125.0%	;Disminuir por23.4%	;41	;Aumentar por173.3%	;Disminuir por25.5%	;2	;Aumentar por100.0%	;Disminuir por33.3%	;22	;Aumentar por1000.0%	;Aumentar por83.3%	;3	; --%	; --%	;10	; --%	;Aumentar por233.3%	;
347	;06/15 10:00 - 11:00	;70	;Disminuir por58.1%	;Disminuir por39.7%	;48	;Disminuir por23.8%	;Disminuir por36.8%	;2	;Aumentar por100.0%	;Aumentar por100.0%	;31	;Aumentar por82.4%	;Aumentar por121.4%	;0	; --%	;Disminuir por100.0%	;9	; --%	;Aumentar por12.5%	;
348	;06/15 11:00 - 12:00	;135	;Disminuir por21.5%	;Aumentar por8.0%	;124	;Disminuir por41.0%	;Disminuir por5.3%	;1	;Disminuir por66.7%	; --%	;18	;Aumentar por38.5%	;Aumentar por80.0%	;2	;Aumentar por100.0%	; --%	;11	; --%	;Aumentar por57.1%	;
349	;06/15 12:00 - 13:00	;108	;Disminuir por45.7%	;Disminuir por28.5%	;79	;Disminuir por63.8%	;Disminuir por54.3%	;3	;Aumentar por50.0%	;Aumentar por50.0%	;15	;Aumentar por150.0%	;Aumentar por36.4%	;2	; --%	;Aumentar por100.0%	;15	; --%	;Aumentar por7.1%	;
350	;06/15 13:00 - 14:00	;79	;Aumentar por23.4%	;Disminuir por2.5%	;75	;Disminuir por31.8%	;Disminuir por13.8%	;3	;Disminuir por62.5%	;Aumentar por50.0%	;17	;Disminuir por19.0%	;Aumentar por54.5%	;2	; --%	; --%	;11	; --%	;Aumentar por266.7%	;
351	;06/15 14:00 - 15:00	;49	;Aumentar por44.1%	;Aumentar por11.4%	;66	;Aumentar por100.0%	;Disminuir por10.8%	;8	;Aumentar por700.0%	;Aumentar por166.7%	;19	;Aumentar por137.5%	;Aumentar por72.7%	;1	;Disminuir por50.0%	; --%	;6	; --%	;Disminuir por45.5%	;
352	;06/15 15:00 - 16:00	;37	;Disminuir por43.9%	;Disminuir por46.4%	;57	;Disminuir por44.1%	;Disminuir por29.6%	;1	;Sin cambios	; --%	;14	;Aumentar por40.0%	;Aumentar por250.0%	;0	; --%	;Disminuir por100.0%	;8	; --%	;Aumentar por60.0%	;
353	;06/15 16:00 - 17:00	;39	;Disminuir por40.0%	;Disminuir por53.6%	;62	;Disminuir por29.5%	;Disminuir por38.6%	;0	; --%	; --%	;9	;Aumentar por125.0%	;Aumentar por125.0%	;0	;Disminuir por100.0%	; --%	;5	;Aumentar por150.0%	;Disminuir por50.0%	;
354	;06/15 17:00 - 18:00	;43	;Disminuir por46.9%	;Disminuir por51.1%	;56	;Disminuir por52.5%	;Disminuir por66.1%	;2	; --%	;Aumentar por100.0%	;12	;Aumentar por200.0%	;Aumentar por33.3%	;1	; --%	;Sin cambios	;18	;Aumentar por1700.0%	;Aumentar por100.0%	;
355	;06/15 18:00 - 19:00	;138	;Aumentar por263.2%	;Aumentar por66.3%	;184	;Aumentar por411.1%	;Aumentar por124.4%	;1	; --%	; --%	;15	;Aumentar por87.5%	;Aumentar por87.5%	;0	; --%	;Disminuir por100.0%	;1	; --%	;Disminuir por88.9%	;
356	;06/15 19:00 - 20:00	;79	;Aumentar por182.1%	;Disminuir por64.9%	;115	;Aumentar por144.7%	;Disminuir por61.5%	;2	;Aumentar por100.0%	; --%	;13	;Aumentar por85.7%	;Aumentar por225.0%	;0	; --%	; --%	;10	;Aumentar por400.0%	;Aumentar por42.9%	;
357	;06/15 20:00 - 21:00	;81	;Aumentar por710.0%	;Disminuir por9.0%	;107	;Aumentar por463.2%	;Disminuir por33.1%	;0	; --%	;Disminuir por100.0%	;3	;Disminuir por25.0%	;Disminuir por57.1%	;0	; --%	; --%	;2	; --%	;Disminuir por81.8%	;
358	;06/15 21:00 - 22:00	;80	;Aumentar por788.9%	;Aumentar por66.7%	;135	;Aumentar por2600.0%	;Aumentar por114.3%	;0	; --%	; --%	;6	;Disminuir por25.0%	;Aumentar por100.0%	;2	; --%	; --%	;15	;Aumentar por650.0%	;Aumentar por87.5%	;
359	;06/15 22:00 - 23:00	;70	;Aumentar por900.0%	;Aumentar por204.3%	;111	;Aumentar por1750.0%	;Aumentar por158.1%	;0	; --%	;Disminuir por100.0%	;1	;Disminuir por66.7%	;Disminuir por66.7%	;0	; --%	;Disminuir por100.0%	;8	; --%	;Aumentar por100.0%	;
360	;06/15 23:00 - 24:00	;46	;Aumentar por557.1%	;Aumentar por187.5%	;83	;Aumentar por8200.0%	;Aumentar por80.4%	;0	; --%	; --%	;5	;Aumentar por400.0%	;Aumentar por25.0%	;1	; --%	; --%	;7	; --%	;Aumentar por250.0%	;
361	;06/16 00:00 - 01:00	;15	; --%	;Aumentar por114.3%	;22	; --%	;Aumentar por1000.0%	;0	; --%	; --%	;2	;Aumentar por100.0%	;Sin cambios	;0	; --%	; --%	;6	; --%	;Aumentar por100.0%	;
362	;06/16 01:00 - 02:00	;1	; --%	;Disminuir por75.0%	;2	; --%	; --%	;1	; --%	; --%	;2	; --%	;Sin cambios	;0	; --%	; --%	;2	; --%	;Aumentar por100.0%	;
363	;06/16 02:00 - 03:00	;1	; --%	;Disminuir por83.3%	;1	; --%	;Sin cambios	;0	; --%	; --%	;0	; --%	; --%	;0	; --%	; --%	;0	; --%	; --%	;
364	;06/16 03:00 - 04:00	;0	;Disminuir por100.0%	; --%	;0	; --%	; --%	;0	; --%	; --%	;0	; --%	;Disminuir por100.0%	;0	; --%	; --%	;1	; --%	; --%	;
365	;06/16 04:00 - 05:00	;1	;Disminuir por50.0%	; --%	;1	; --%	; --%	;0	; --%	; --%	;2	; --%	; --%	;0	; --%	; --%	;0	; --%	;Disminuir por100.0%	;
366	;06/16 05:00 - 06:00	;0	;Disminuir por100.0%	;Disminuir por100.0%	;1	;Sin cambios	; --%	;0	; --%	; --%	;0	; --%	; --%	;0	; --%	; --%	;0	; --%	;Disminuir por100.0%	;
367	;06/16 06:00 - 07:00	;6	;Aumentar por500.0%	;Disminuir por40.0%	;5	;Aumentar por25.0%	;Disminuir por61.5%	;1	; --%	; --%	;1	; --%	; --%	;0	; --%	; --%	;2	; --%	; --%	;
368	;06/16 07:00 - 08:00	;15	;Aumentar por66.7%	;Sin cambios	;28	;Aumentar por86.7%	;Aumentar por27.3%	;1	;Disminuir por83.3%	;Disminuir por75.0%	;7	;Disminuir por46.2%	;Disminuir por22.2%	;0	; --%	; --%	;4	; --%	;Aumentar por33.3%	;
369	;06/16 08:00 - 09:00	;11	;Disminuir por35.3%	;Disminuir por31.3%	;34	;Disminuir por22.7%	;Disminuir por26.1%	;3	;Sin cambios	;Disminuir por50.0%	;26	;Sin cambios	;Sin cambios	;2	;Aumentar por100.0%	;Disminuir por75.0%	;8	;Aumentar por300.0%	;Disminuir por38.5%	;
370	;06/16 09:00 - 10:00	;56	;Aumentar por154.5%	;Aumentar por115.4%	;45	;Aumentar por80.0%	;Aumentar por50.0%	;3	;Aumentar por200.0%	;Disminuir por40.0%	;23	;Aumentar por53.3%	;Disminuir por8.0%	;8	;Aumentar por60.0%	;Aumentar por700.0%	;16	;Aumentar por166.7%	;Aumentar por33.3%	;
371	;06/16 10:00 - 11:00	;67	;Aumentar por148.1%	;Disminuir por30.2%	;78	;Aumentar por200.0%	;Aumentar por56.0%	;10	;Aumentar por150.0%	;Aumentar por400.0%	;30	;Aumentar por15.4%	;Aumentar por3.4%	;2	;Aumentar por100.0%	;Disminuir por33.3%	;8	;Aumentar por300.0%	;Disminuir por38.5%	;
372	;06/16 11:00 - 12:00	;98	;Aumentar por69.0%	;Disminuir por24.0%	;117	;Aumentar por129.4%	;Disminuir por21.5%	;1	;Disminuir por75.0%	;Disminuir por75.0%	;19	;Disminuir por45.7%	;Disminuir por42.4%	;1	; --%	; --%	;12	;Aumentar por500.0%	;Disminuir por7.7%	;
373	;06/16 12:00 - 13:00	;66	;Disminuir por14.3%	;Aumentar por153.8%	;81	;Aumentar por24.6%	;Aumentar por28.6%	;1	;Sin cambios	;Disminuir por50.0%	;17	;Aumentar por41.7%	;Disminuir por5.6%	;2	;Disminuir por33.3%	;Aumentar por100.0%	;6	; --%	;Disminuir por14.3%	;
374	;06/16 13:00 - 14:00	;43	;Disminuir por48.8%	;Disminuir por14.0%	;52	;Disminuir por45.3%	;Disminuir por1.9%	;2	; --%	; --%	;18	;Aumentar por5.9%	;Aumentar por80.0%	;3	;Sin cambios	; --%	;11	;Aumentar por1000.0%	;Aumentar por83.3%	;
375	;06/16 14:00 - 15:00	;40	;Aumentar por42.9%	;Aumentar por5.3%	;52	;Aumentar por33.3%	;Aumentar por40.5%	;2	; --%	;Disminuir por60.0%	;23	;Aumentar por64.3%	;Aumentar por27.8%	;0	;Disminuir por100.0%	;Disminuir por100.0%	;5	;Aumentar por400.0%	;Disminuir por37.5%	;
376	;06/16 15:00 - 16:00	;30	;Disminuir por31.8%	;Disminuir por34.8%	;51	;Aumentar por59.4%	;Aumentar por4.1%	;1	;Disminuir por50.0%	;Disminuir por50.0%	;10	;Disminuir por37.5%	;Disminuir por28.6%	;0	; --%	;Disminuir por100.0%	;5	; --%	;Disminuir por37.5%	;
377	;06/16 16:00 - 17:00	;43	;Disminuir por33.8%	;Aumentar por7.5%	;62	;Disminuir por6.1%	;Aumentar por29.2%	;4	; --%	;Aumentar por300.0%	;18	;Aumentar por50.0%	;Aumentar por12.5%	;0	;Disminuir por100.0%	; --%	;14	;Aumentar por180.0%	;Aumentar por55.6%	;
378	;06/16 17:00 - 18:00	;55	;Aumentar por3.8%	;Disminuir por31.3%	;60	;Disminuir por25.0%	;Disminuir por29.4%	;2	; --%	;Sin cambios	;14	;Aumentar por75.0%	;Sin cambios	;1	;Sin cambios	;Disminuir por50.0%	;8	;Aumentar por700.0%	;Disminuir por20.0%	;
379	;06/16 18:00 - 19:00	;94	;Aumentar por88.0%	;Aumentar por20.5%	;69	;Disminuir por5.5%	;Disminuir por40.5%	;2	;Aumentar por100.0%	;Disminuir por50.0%	;9	;Disminuir por50.0%	;Disminuir por43.8%	;0	; --%	;Disminuir por100.0%	;8	;Aumentar por300.0%	;Disminuir por11.1%	;
380	;06/16 19:00 - 20:00	;114	;Aumentar por293.1%	;Aumentar por83.9%	;113	;Aumentar por169.0%	;Disminuir por25.2%	;2	;Aumentar por100.0%	; --%	;11	;Disminuir por31.3%	;Aumentar por22.2%	;0	; --%	; --%	;11	;Aumentar por450.0%	;Aumentar por83.3%	;
381	;06/16 20:00 - 21:00	;153	;Aumentar por1290.9%	;Aumentar por109.6%	;166	;Aumentar por876.5%	;Aumentar por155.4%	;0	; --%	;Disminuir por100.0%	;2	;Disminuir por77.8%	;Disminuir por80.0%	;3	; --%	; --%	;3	;Aumentar por50.0%	;Disminuir por57.1%	;
382	;06/16 21:00 - 22:00	;76	;Aumentar por1420.0%	;Aumentar por31.0%	;122	;Aumentar por1642.9%	;Disminuir por7.6%	;0	; --%	; --%	;4	;Aumentar por33.3%	;Aumentar por33.3%	;0	; --%	; --%	;13	;Aumentar por1200.0%	;Disminuir por13.3%	;
383	;06/16 22:00 - 23:00	;91	;Aumentar por810.0%	;Aumentar por62.5%	;172	;Aumentar por8500.0%	;Aumentar por50.9%	;0	; --%	; --%	;3	;Aumentar por200.0%	;Aumentar por50.0%	;0	; --%	; --%	;7	; --%	;Aumentar por40.0%	;
384	;06/16 23:00 - 24:00	;56	;Aumentar por833.3%	;Aumentar por60.0%	;98	;Aumentar por9700.0%	;Aumentar por32.4%	;0	; --%	; --%	;1	;Disminuir por80.0%	;Sin cambios	;0	; --%	;Disminuir por100.0%	;7	; --%	;Disminuir por30.0%	;
385	;06/17 00:00 - 01:00	;6	; --%	;Disminuir por40.0%	;36	; --%	;Aumentar por63.6%	;0	; --%	; --%	;7	; --%	;Aumentar por133.3%	;1	; --%	; --%	;9	; --%	;Aumentar por80.0%	;
386	;06/17 01:00 - 02:00	;7	; --%	;Aumentar por133.3%	;9	; --%	;Aumentar por80.0%	;1	; --%	; --%	;2	; --%	; --%	;0	; --%	; --%	;2	; --%	; --%	;
387	;06/17 02:00 - 03:00	;3	; --%	;Aumentar por50.0%	;1	; --%	;Sin cambios	;0	; --%	; --%	;0	; --%	; --%	;0	; --%	; --%	;0	; --%	; --%	;
388	;06/17 03:00 - 04:00	;0	; --%	; --%	;0	; --%	; --%	;0	; --%	; --%	;0	; --%	; --%	;0	; --%	; --%	;1	; --%	;Sin cambios	;
389	;06/17 04:00 - 05:00	;0	; --%	; --%	;1	; --%	; --%	;0	; --%	; --%	;0	;Disminuir por100.0%	; --%	;0	; --%	; --%	;0	; --%	; --%	;
390	;06/17 05:00 - 06:00	;1	; --%	;Disminuir por75.0%	;2	; --%	; --%	;0	; --%	; --%	;0	; --%	;Disminuir por100.0%	;0	; --%	; --%	;0	; --%	; --%	;
391	;06/17 06:00 - 07:00	;5	;Aumentar por25.0%	;Aumentar por25.0%	;11	;Aumentar por83.3%	;Aumentar por175.0%	;0	;Disminuir por100.0%	; --%	;2	;Disminuir por83.3%	;Sin cambios	;0	;Disminuir por100.0%	; --%	;0	; --%	;Disminuir por100.0%	;
392	;06/17 07:00 - 08:00	;14	;Aumentar por600.0%	;Disminuir por39.1%	;20	;Aumentar por81.8%	;Disminuir por31.0%	;3	;Sin cambios	;Sin cambios	;12	;Aumentar por71.4%	;Disminuir por25.0%	;0	; --%	;Disminuir por100.0%	;3	;Aumentar por200.0%	;Disminuir por40.0%	;
393	;06/17 08:00 - 09:00	;6	;Disminuir por57.1%	;Disminuir por72.7%	;41	;Aumentar por20.6%	;Disminuir por8.9%	;1	;Disminuir por50.0%	;Sin cambios	;20	;Disminuir por4.8%	;Aumentar por42.9%	;1	; --%	; --%	;9	;Aumentar por350.0%	;Disminuir por18.2%	;
394	;06/17 09:00 - 10:00	;86	;Aumentar por273.9%	;Aumentar por126.3%	;41	;Aumentar por78.3%	;Aumentar por13.9%	;6	;Aumentar por100.0%	; --%	;26	;Aumentar por23.8%	;Aumentar por188.9%	;4	;Aumentar por100.0%	;Sin cambios	;9	;Aumentar por50.0%	;Disminuir por25.0%	;
395	;06/17 10:00 - 11:00	;94	;Disminuir por20.3%	;Disminuir por3.1%	;67	;Disminuir por1.5%	;Aumentar por28.8%	;12	;Aumentar por200.0%	;Aumentar por500.0%	;41	;Aumentar por17.1%	;Aumentar por141.2%	;0	;Disminuir por100.0%	;Disminuir por100.0%	;10	;Aumentar por100.0%	;Aumentar por11.1%	;
396	;06/17 11:00 - 12:00	;119	;Disminuir por8.5%	;Aumentar por52.6%	;151	;Aumentar por64.1%	;Aumentar por52.5%	;0	;Disminuir por100.0%	;Disminuir por100.0%	;21	;Sin cambios	;Disminuir por12.5%	;2	;Disminuir por33.3%	;Aumentar por100.0%	;6	;Sin cambios	;Aumentar por20.0%	;
397	;06/17 12:00 - 13:00	;120	;Aumentar por155.3%	;Aumentar por172.7%	;96	;Aumentar por21.5%	;Aumentar por23.1%	;2	;Aumentar por100.0%	;Sin cambios	;11	;Disminuir por45.0%	;Aumentar por10.0%	;1	;Disminuir por66.7%	;Disminuir por50.0%	;12	;Aumentar por500.0%	;Aumentar por20.0%	;
398	;06/17 13:00 - 14:00	;36	;Disminuir por42.9%	;Disminuir por35.7%	;57	;Disminuir por43.6%	;Disminuir por10.9%	;4	;Disminuir por20.0%	;Aumentar por100.0%	;22	;Disminuir por4.3%	;Aumentar por46.7%	;2	;Disminuir por33.3%	; --%	;11	;Aumentar por83.3%	;Disminuir por21.4%	;
399	;06/17 14:00 - 15:00	;30	;Disminuir por36.2%	;Disminuir por18.9%	;68	;Disminuir por19.0%	;Disminuir por2.9%	;3	; --%	;Aumentar por200.0%	;16	;Aumentar por14.3%	;Aumentar por128.6%	;0	;Disminuir por100.0%	;Disminuir por100.0%	;11	;Aumentar por57.1%	;Aumentar por37.5%	;
400	;06/17 15:00 - 16:00	;43	;Disminuir por17.3%	;Aumentar por26.5%	;42	;Disminuir por36.4%	;Disminuir por20.8%	;4	;Aumentar por100.0%	;Aumentar por100.0%	;14	;Disminuir por33.3%	;Aumentar por75.0%	;0	; --%	;Disminuir por100.0%	;4	;Disminuir por20.0%	;Disminuir por33.3%	;
401	;06/17 16:00 - 17:00	;88	;Aumentar por114.6%	;Aumentar por20.5%	;59	;Disminuir por24.4%	;Aumentar por7.3%	;4	; --%	;Sin cambios	;13	;Disminuir por13.3%	;Sin cambios	;4	;Aumentar por33.3%	; --%	;15	;Aumentar por66.7%	;Aumentar por36.4%	;
402	;06/17 17:00 - 18:00	;76	;Disminuir por20.0%	;Disminuir por54.2%	;94	;Disminuir por17.5%	;Disminuir por43.7%	;6	; --%	;Aumentar por100.0%	;17	;Aumentar por70.0%	;Aumentar por112.5%	;2	;Aumentar por100.0%	;Aumentar por100.0%	;9	;Aumentar por200.0%	;Disminuir por25.0%	;
403	;06/17 18:00 - 19:00	;81	;Aumentar por39.7%	;Disminuir por33.1%	;96	;Aumentar por57.4%	;Disminuir por20.7%	;4	; --%	;Sin cambios	;14	;Aumentar por55.6%	;Disminuir por17.6%	;0	;Disminuir por100.0%	;Disminuir por100.0%	;5	;Aumentar por66.7%	;Disminuir por37.5%	;
404	;06/17 19:00 - 20:00	;70	;Aumentar por141.4%	;Disminuir por47.0%	;84	;Aumentar por82.6%	;Disminuir por41.3%	;0	;Disminuir por100.0%	; --%	;7	;Disminuir por58.8%	;Aumentar por133.3%	;0	; --%	; --%	;6	;Aumentar por50.0%	;Disminuir por40.0%	;
405	;06/17 20:00 - 21:00	;103	;Aumentar por586.7%	;Aumentar por33.8%	;120	;Aumentar por252.9%	;Disminuir por22.1%	;0	;Disminuir por100.0%	; --%	;3	;Disminuir por57.1%	;Sin cambios	;1	; --%	; --%	;6	; --%	;Sin cambios	;
406	;06/17 21:00 - 22:00	;84	;Aumentar por1300.0%	;Disminuir por4.5%	;131	;Aumentar por2083.3%	;Aumentar por11.0%	;1	; --%	;Disminuir por50.0%	;8	;Aumentar por166.7%	;Disminuir por11.1%	;0	; --%	;Disminuir por100.0%	;17	;Aumentar por466.7%	;Aumentar por21.4%	;
407	;06/17 22:00 - 23:00	;81	;Aumentar por912.5%	;Aumentar por35.0%	;136	;Aumentar por1411.1%	;Aumentar por58.1%	;0	; --%	;Disminuir por100.0%	;3	;Aumentar por50.0%	;Disminuir por50.0%	;0	; --%	; --%	;6	; --%	;Disminuir por40.0%	;
408	;06/17 23:00 - 24:00	;87	;Aumentar por1350.0%	;Aumentar por89.1%	;100	;Aumentar por4900.0%	;Aumentar por14.9%	;0	; --%	;Disminuir por100.0%	;5	;Aumentar por400.0%	;Aumentar por400.0%	;0	; --%	;Disminuir por100.0%	;8	; --%	;Aumentar por14.3%	;
409	;06/18 00:00 - 01:00	;28	;Aumentar por2700.0%	;Aumentar por86.7%	;35	;Aumentar por1650.0%	;Aumentar por400.0%	;0	; --%	; --%	;3	;Aumentar por50.0%	;Disminuir por62.5%	;0	; --%	; --%	;7	; --%	;Aumentar por75.0%	;
410	;06/18 01:00 - 02:00	;4	; --%	;Aumentar por100.0%	;10	; --%	;Aumentar por150.0%	;2	; --%	; --%	;2	; --%	;Sin cambios	;0	; --%	; --%	;2	; --%	; --%	;
411	;06/18 02:00 - 03:00	;7	; --%	;Aumentar por250.0%	;5	; --%	;Aumentar por400.0%	;1	; --%	;Disminuir por66.7%	;2	; --%	;Disminuir por33.3%	;0	; --%	; --%	;0	; --%	; --%	;
412	;06/18 03:00 - 04:00	;0	; --%	;Disminuir por100.0%	;0	;Disminuir por100.0%	;Disminuir por100.0%	;0	; --%	; --%	;0	; --%	; --%	;0	; --%	;Disminuir por100.0%	;2	; --%	;Sin cambios	;
413	;06/18 04:00 - 05:00	;0	; --%	; --%	;0	; --%	; --%	;0	; --%	; --%	;1	; --%	; --%	;0	; --%	; --%	;0	; --%	; --%	;
414	;06/18 05:00 - 06:00	;0	;Disminuir por100.0%	; --%	;2	;Sin cambios	;Disminuir por33.3%	;0	; --%	; --%	;1	; --%	; --%	;0	; --%	; --%	;0	; --%	;Disminuir por100.0%	;
415	;06/18 06:00 - 07:00	;5	; --%	;Aumentar por400.0%	;12	;Aumentar por1100.0%	;Aumentar por200.0%	;0	; --%	;Disminuir por100.0%	;0	;Disminuir por100.0%	;Disminuir por100.0%	;0	; --%	; --%	;0	; --%	; --%	;
416	;06/18 07:00 - 08:00	;16	;Aumentar por128.6%	;Aumentar por14.3%	;25	;Aumentar por56.3%	;Aumentar por47.1%	;2	;Aumentar por100.0%	; --%	;9	;Aumentar por28.6%	;Aumentar por80.0%	;0	; --%	;Disminuir por100.0%	;4	;Aumentar por300.0%	;Disminuir por50.0%	;
417	;06/18 08:00 - 09:00	;25	;Aumentar por47.1%	;Aumentar por78.6%	;67	;Aumentar por86.1%	;Aumentar por48.9%	;6	;Sin cambios	;Disminuir por25.0%	;33	;Aumentar por3.1%	;Aumentar por32.0%	;1	;Disminuir por75.0%	;Disminuir por50.0%	;8	;Disminuir por11.1%	;Disminuir por11.1%	;
418	;06/18 09:00 - 10:00	;52	;Aumentar por20.9%	;Aumentar por26.8%	;32	;Aumentar por10.3%	;Disminuir por23.8%	;3	;Aumentar por200.0%	;Disminuir por25.0%	;22	;Aumentar por22.2%	;Disminuir por8.3%	;7	;Aumentar por75.0%	;Aumentar por75.0%	;12	;Aumentar por100.0%	;Disminuir por7.7%	;
419	;06/18 10:00 - 11:00	;121	;Disminuir por42.1%	;Aumentar por40.7%	;81	;Disminuir por47.7%	;Aumentar por28.6%	;3	;Disminuir por40.0%	;Disminuir por57.1%	;31	;Aumentar por10.7%	;Disminuir por27.9%	;4	; --%	;Aumentar por300.0%	;9	;Aumentar por350.0%	;Disminuir por10.0%	;
420	;06/18 11:00 - 12:00	;117	;Aumentar por9.3%	;Aumentar por21.9%	;115	;Disminuir por3.4%	;Aumentar por25.0%	;4	;Aumentar por33.3%	;Disminuir por76.5%	;27	;Aumentar por28.6%	;Disminuir por40.0%	;3	; --%	;Sin cambios	;8	;Aumentar por300.0%	;Sin cambios	;
421	;06/18 12:00 - 13:00	;86	;Disminuir por32.3%	;Aumentar por100.0%	;84	;Disminuir por48.1%	;Disminuir por23.6%	;0	; --%	;Disminuir por100.0%	;14	;Aumentar por7.7%	;Disminuir por39.1%	;2	;Sin cambios	;Aumentar por100.0%	;10	;Aumentar por100.0%	;Disminuir por9.1%	;
422	;06/18 13:00 - 14:00	;47	;Disminuir por16.1%	;Disminuir por11.3%	;74	;Disminuir por3.9%	;Aumentar por23.3%	;0	;Disminuir por100.0%	;Disminuir por100.0%	;14	;Disminuir por22.2%	;Disminuir por12.5%	;0	;Disminuir por100.0%	;Disminuir por100.0%	;9	;Aumentar por350.0%	;Aumentar por12.5%	;
423	;06/18 14:00 - 15:00	;58	;Aumentar por65.7%	;Aumentar por56.8%	;75	;Aumentar por47.1%	;Aumentar por141.9%	;1	;Disminuir por50.0%	;Disminuir por50.0%	;16	;Disminuir por11.1%	;Disminuir por5.9%	;1	;Disminuir por50.0%	;Disminuir por50.0%	;11	;Aumentar por1000.0%	;Sin cambios	;
424	;06/18 15:00 - 16:00	;59	;Aumentar por55.3%	;Aumentar por68.6%	;65	;Aumentar por30.0%	;Aumentar por20.4%	;2	;Disminuir por33.3%	;Disminuir por33.3%	;11	;Disminuir por31.3%	;Disminuir por38.9%	;2	; --%	;Aumentar por100.0%	;8	;Aumentar por100.0%	;Disminuir por11.1%	;
425	;06/18 16:00 - 17:00	;82	;Aumentar por256.5%	;Aumentar por121.6%	;86	;Aumentar por132.4%	;Aumentar por95.5%	;2	;Sin cambios	;Disminuir por33.3%	;16	;Aumentar por60.0%	;Aumentar por60.0%	;6	;Aumentar por200.0%	;Aumentar por500.0%	;26	;Aumentar por271.4%	;Aumentar por160.0%	;
426	;06/18 17:00 - 18:00	;71	;Aumentar por18.3%	;Aumentar por57.8%	;68	;Disminuir por16.0%	;Aumentar por65.9%	;3	;Aumentar por200.0%	;Aumentar por200.0%	;15	;Aumentar por25.0%	;Disminuir por11.8%	;0	;Disminuir por100.0%	;Disminuir por100.0%	;7	;Disminuir por12.5%	;Disminuir por12.5%	;
427	;06/18 18:00 - 19:00	;138	;Aumentar por50.0%	;Aumentar por97.1%	;127	;Aumentar por24.5%	;Aumentar por41.1%	;1	;Sin cambios	;Sin cambios	;9	;Disminuir por52.6%	;Disminuir por30.8%	;2	; --%	;Sin cambios	;10	; --%	;Disminuir por16.7%	;
428	;06/18 19:00 - 20:00	;123	;Aumentar por272.7%	;Aumentar por66.2%	;170	;Aumentar por97.7%	;Aumentar por41.7%	;1	;Disminuir por66.7%	; --%	;8	;Disminuir por60.0%	;Aumentar por14.3%	;1	; --%	;Sin cambios	;10	;Aumentar por150.0%	;Aumentar por66.7%	;
429	;06/18 20:00 - 21:00	;92	;Aumentar por384.2%	;Disminuir por27.0%	;154	;Aumentar por381.3%	;Disminuir por9.9%	;0	;Disminuir por100.0%	;Disminuir por100.0%	;2	;Disminuir por83.3%	;Disminuir por84.6%	;0	; --%	; --%	;4	;Aumentar por300.0%	;Disminuir por20.0%	;
430	;06/18 21:00 - 22:00	;93	;Aumentar por2225.0%	;Aumentar por29.2%	;140	;Aumentar por1900.0%	;Aumentar por2.9%	;0	; --%	;Disminuir por100.0%	;7	;Disminuir por30.0%	;Aumentar por133.3%	;0	; --%	; --%	;13	;Aumentar por550.0%	;Aumentar por44.4%	;
431	;06/18 22:00 - 23:00	;64	;Aumentar por540.0%	;Aumentar por45.5%	;153	;Aumentar por2960.0%	;Aumentar por50.0%	;0	; --%	; --%	;3	;Disminuir por25.0%	;Aumentar por50.0%	;0	; --%	; --%	;7	; --%	;Disminuir por56.3%	;
432	;06/18 23:00 - 24:00	;31	;Aumentar por520.0%	;Disminuir por39.2%	;74	;Aumentar por7300.0%	;Disminuir por14.9%	;0	; --%	; --%	;5	;Aumentar por66.7%	;Aumentar por66.7%	;1	; --%	; --%	;6	; --%	;Disminuir por25.0%	;
433	;06/19 00:00 - 01:00	;4	;Aumentar por100.0%	;Disminuir por71.4%	;20	; --%	;Aumentar por11.1%	;0	; --%	; --%	;0	;Disminuir por100.0%	;Disminuir por100.0%	;1	; --%	;Sin cambios	;10	; --%	;Aumentar por66.7%	;
434	;06/19 01:00 - 02:00	;0	; --%	;Disminuir por100.0%	;4	; --%	;Disminuir por20.0%	;1	; --%	; --%	;5	; --%	;Aumentar por400.0%	;0	; --%	; --%	;3	; --%	;Disminuir por25.0%	;
435	;06/19 02:00 - 03:00	;2	;Aumentar por100.0%	;Sin cambios	;0	; --%	; --%	;0	; --%	;Disminuir por100.0%	;1	; --%	;Disminuir por66.7%	;0	; --%	; --%	;0	; --%	; --%	;
436	;06/19 03:00 - 04:00	;1	;Disminuir por50.0%	;Sin cambios	;1	; --%	;Disminuir por50.0%	;0	; --%	; --%	;1	;Disminuir por50.0%	; --%	;0	; --%	; --%	;1	; --%	;Sin cambios	;
437	;06/19 04:00 - 05:00	;0	; --%	; --%	;3	; --%	; --%	;0	; --%	; --%	;0	; --%	;Disminuir por100.0%	;0	; --%	; --%	;0	; --%	; --%	;
438	;06/19 05:00 - 06:00	;1	; --%	; --%	;5	; --%	;Aumentar por400.0%	;0	; --%	; --%	;0	; --%	; --%	;0	; --%	;Disminuir por100.0%	;0	;Disminuir por100.0%	;Disminuir por100.0%	;
439	;06/19 06:00 - 07:00	;6	; --%	;Disminuir por40.0%	;6	; --%	;Disminuir por62.5%	;2	; --%	;Aumentar por100.0%	;3	; --%	;Aumentar por50.0%	;0	; --%	; --%	;0	; --%	;Disminuir por100.0%	;
440	;06/19 07:00 - 08:00	;7	; --%	;Disminuir por30.0%	;20	;Aumentar por1900.0%	;Aumentar por81.8%	;0	; --%	; --%	;9	; --%	;Aumentar por200.0%	;0	; --%	;Disminuir por100.0%	;2	; --%	;Disminuir por33.3%	;
441	;06/19 08:00 - 09:00	;16	;Aumentar por220.0%	;Disminuir por46.7%	;42	;Aumentar por500.0%	;Disminuir por2.3%	;3	; --%	;Disminuir por25.0%	;26	;Aumentar por420.0%	;Sin cambios	;1	; --%	;Disminuir por50.0%	;7	;Aumentar por600.0%	;Disminuir por53.3%	;
442	;06/19 09:00 - 10:00	;34	;Aumentar por54.5%	;Disminuir por26.1%	;41	;Aumentar por173.3%	;Disminuir por31.7%	;3	; --%	;Aumentar por200.0%	;25	;Aumentar por212.5%	;Sin cambios	;5	;Aumentar por150.0%	;Aumentar por150.0%	;13	;Aumentar por333.3%	;Disminuir por13.3%	;
443	;06/19 10:00 - 11:00	;60	;Disminuir por66.1%	;Disminuir por37.5%	;52	;Disminuir por61.2%	;Disminuir por7.1%	;7	;Aumentar por133.3%	;Aumentar por250.0%	;34	;Aumentar por183.3%	;Aumentar por21.4%	;2	;Aumentar por100.0%	;Aumentar por100.0%	;11	; --%	;Aumentar por10.0%	;
444	;06/19 11:00 - 12:00	;113	;Disminuir por28.5%	;Disminuir por11.0%	;110	;Disminuir por3.5%	;Disminuir por30.8%	;3	; --%	;Aumentar por50.0%	;27	;Aumentar por58.8%	;Disminuir por3.6%	;0	;Disminuir por100.0%	; --%	;14	;Aumentar por366.7%	;Aumentar por16.7%	;
445	;06/19 12:00 - 13:00	;85	;Disminuir por40.6%	;Aumentar por3.7%	;96	;Disminuir por52.0%	;Aumentar por35.2%	;0	; --%	;Disminuir por100.0%	;18	;Aumentar por125.0%	;Disminuir por37.9%	;2	;Disminuir por33.3%	;Aumentar por100.0%	;17	;Aumentar por325.0%	;Aumentar por142.9%	;
446	;06/19 13:00 - 14:00	;29	;Disminuir por46.3%	;Disminuir por48.2%	;48	;Disminuir por47.3%	;Disminuir por17.2%	;2	;Aumentar por100.0%	;Aumentar por100.0%	;19	;Aumentar por280.0%	;Aumentar por58.3%	;1	; --%	;Sin cambios	;12	;Aumentar por71.4%	;Disminuir por7.7%	;
447	;06/19 14:00 - 15:00	;48	;Aumentar por140.0%	;Aumentar por14.3%	;55	;Aumentar por61.8%	;Disminuir por6.8%	;2	; --%	;Sin cambios	;14	;Aumentar por250.0%	;Aumentar por16.7%	;0	;Disminuir por100.0%	;Disminuir por100.0%	;7	;Aumentar por75.0%	;Disminuir por41.7%	;
448	;06/19 15:00 - 16:00	;45	;Disminuir por57.9%	;Aumentar por45.2%	;57	;Disminuir por24.0%	;Aumentar por54.1%	;1	; --%	;Disminuir por80.0%	;9	;Aumentar por200.0%	;Disminuir por47.1%	;1	;Sin cambios	;Disminuir por50.0%	;7	;Aumentar por250.0%	;Disminuir por22.2%	;
449	;06/19 16:00 - 17:00	;80	;Aumentar por35.6%	;Aumentar por122.2%	;100	;Disminuir por6.5%	;Aumentar por143.9%	;0	;Disminuir por100.0%	;Disminuir por100.0%	;13	;Aumentar por85.7%	;Disminuir por13.3%	;0	; --%	; --%	;7	;Aumentar por250.0%	;Aumentar por16.7%	;
450	;06/19 17:00 - 18:00	;49	;Disminuir por44.9%	;Aumentar por28.9%	;81	;Disminuir por50.9%	;Aumentar por52.8%	;1	; --%	; --%	;9	;Sin cambios	;Disminuir por10.0%	;1	; --%	;Disminuir por66.7%	;7	;Aumentar por75.0%	;Disminuir por41.7%	;
451	;06/19 18:00 - 19:00	;72	;Disminuir por20.0%	;Disminuir por4.0%	;69	;Disminuir por50.7%	;Disminuir por22.5%	;1	; --%	; --%	;12	;Aumentar por140.0%	;Aumentar por9.1%	;1	;Sin cambios	;Disminuir por75.0%	;9	;Aumentar por125.0%	;Disminuir por35.7%	;
452	;06/19 19:00 - 20:00	;110	;Disminuir por22.5%	;Aumentar por2.8%	;126	;Disminuir por30.8%	;Disminuir por7.4%	;1	; --%	;Disminuir por50.0%	;11	;Disminuir por15.4%	;Aumentar por22.2%	;0	;Disminuir por100.0%	;Disminuir por100.0%	;9	;Aumentar por125.0%	;Disminuir por43.8%	;
453	;06/19 20:00 - 21:00	;162	;Aumentar por440.0%	;Aumentar por68.8%	;190	;Aumentar por442.9%	;Aumentar por21.0%	;0	;Disminuir por100.0%	; --%	;3	;Disminuir por81.3%	;Disminuir por66.7%	;2	; --%	;Aumentar por100.0%	;9	;Aumentar por200.0%	;Aumentar por800.0%	;
454	;06/19 21:00 - 22:00	;89	;Aumentar por1012.5%	;Disminuir por5.3%	;152	;Aumentar por660.0%	;Disminuir por7.3%	;1	; --%	;Sin cambios	;7	;Aumentar por133.3%	;Disminuir por12.5%	;1	; --%	;Sin cambios	;11	;Aumentar por1000.0%	;Aumentar por22.2%	;
455	;06/19 22:00 - 23:00	;93	;Aumentar por1450.0%	;Aumentar por34.8%	;176	;Aumentar por2100.0%	;Aumentar por38.6%	;0	; --%	;Disminuir por100.0%	;3	;Aumentar por200.0%	;Disminuir por25.0%	;1	; --%	; --%	;3	;Aumentar por200.0%	;Disminuir por62.5%	;
456	;06/19 23:00 - 24:00	;90	;Aumentar por2150.0%	;Aumentar por57.9%	;149	;Aumentar por3625.0%	;Aumentar por35.5%	;0	; --%	; --%	;2	;Disminuir por60.0%	;Sin cambios	;0	;Disminuir por100.0%	; --%	;5	;Aumentar por400.0%	;Disminuir por58.3%	;
457	;06/20 00:00 - 01:00	;28	;Aumentar por833.3%	;Aumentar por100.0%	;66	; --%	;Aumentar por112.9%	;0	; --%	; --%	;2	; --%	;Disminuir por60.0%	;0	; --%	;Disminuir por100.0%	;18	; --%	;Aumentar por200.0%	;
458	;06/20 01:00 - 02:00	;4	; --%	;Sin cambios	;12	; --%	;Aumentar por1100.0%	;0	; --%	; --%	;3	; --%	;Aumentar por200.0%	;0	; --%	; --%	;3	; --%	; --%	;
459	;06/20 02:00 - 03:00	;10	; --%	;Aumentar por400.0%	;9	; --%	;Aumentar por800.0%	;1	; --%	; --%	;2	;Aumentar por100.0%	;Sin cambios	;0	; --%	; --%	;2	; --%	; --%	;
460	;06/20 03:00 - 04:00	;3	; --%	;Sin cambios	;1	;Sin cambios	;Sin cambios	;0	; --%	; --%	;1	;Sin cambios	; --%	;0	; --%	; --%	;1	;Disminuir por50.0%	; --%	;
461	;06/20 04:00 - 05:00	;0	; --%	; --%	;0	; --%	; --%	;0	; --%	; --%	;0	;Disminuir por100.0%	; --%	;0	; --%	; --%	;1	; --%	;Sin cambios	;
462	;06/20 05:00 - 06:00	;0	;Disminuir por100.0%	; --%	;1	;Disminuir por50.0%	; --%	;0	; --%	; --%	;1	;Sin cambios	;Sin cambios	;0	; --%	; --%	;1	; --%	; --%	;
463	;06/20 06:00 - 07:00	;1	; --%	;Disminuir por66.7%	;3	;Aumentar por200.0%	;Sin cambios	;0	; --%	; --%	;0	; --%	;Disminuir por100.0%	;0	; --%	; --%	;0	; --%	;Disminuir por100.0%	;
464	;06/20 07:00 - 08:00	;11	;Aumentar por266.7%	;Disminuir por45.0%	;13	;Disminuir por40.9%	;Disminuir por50.0%	;0	;Disminuir por100.0%	;Disminuir por100.0%	;2	;Disminuir por50.0%	;Disminuir por77.8%	;0	; --%	;Disminuir por100.0%	;2	; --%	;Disminuir por60.0%	;
465	;06/20 08:00 - 09:00	;18	;Aumentar por63.6%	;Aumentar por12.5%	;27	;Aumentar por58.8%	;Aumentar por3.8%	;0	;Disminuir por100.0%	;Disminuir por100.0%	;10	;Disminuir por47.4%	;Disminuir por80.0%	;0	; --%	;Disminuir por100.0%	;4	;Aumentar por100.0%	;Disminuir por55.6%	;
466	;06/20 09:00 - 10:00	;33	;Aumentar por17.9%	;Disminuir por32.7%	;42	;Aumentar por35.5%	;Aumentar por5.0%	;1	;Disminuir por66.7%	;Disminuir por87.5%	;12	;Disminuir por47.8%	;Disminuir por60.0%	;1	;Sin cambios	;Disminuir por66.7%	;6	;Aumentar por20.0%	;Disminuir por75.0%	;
467	;06/20 10:00 - 11:00	;111	;Aumentar por24.7%	;Aumentar por19.4%	;79	;Aumentar por12.9%	;Aumentar por36.2%	;2	;Disminuir por50.0%	;Disminuir por66.7%	;17	;Disminuir por41.4%	;Disminuir por55.3%	;5	; --%	; --%	;6	;Sin cambios	;Disminuir por14.3%	;
468	;06/20 11:00 - 12:00	;151	;Disminuir por14.2%	;Aumentar por67.8%	;127	;Aumentar por5.8%	;Aumentar por42.7%	;3	;Aumentar por200.0%	;Disminuir por40.0%	;17	;Disminuir por39.3%	;Disminuir por50.0%	;0	;Disminuir por100.0%	;Disminuir por100.0%	;8	;Aumentar por100.0%	;Disminuir por38.5%	;
469	;06/20 12:00 - 13:00	;70	;Disminuir por27.8%	;Aumentar por27.3%	;107	;Disminuir por37.1%	;Aumentar por48.6%	;1	;Disminuir por75.0%	;Disminuir por85.7%	;11	;Disminuir por60.7%	;Disminuir por60.7%	;0	; --%	;Disminuir por100.0%	;10	;Aumentar por233.3%	;Disminuir por33.3%	;
470	;06/20 13:00 - 14:00	;60	;Disminuir por47.8%	;Aumentar por20.0%	;63	;Disminuir por33.0%	;Disminuir por14.9%	;2	;Sin cambios	;Aumentar por100.0%	;11	;Disminuir por26.7%	;Disminuir por35.3%	;4	;Aumentar por100.0%	; --%	;18	;Aumentar por350.0%	;Aumentar por125.0%	;
471	;06/20 14:00 - 15:00	;47	;Disminuir por23.0%	;Aumentar por27.0%	;60	;Disminuir por21.1%	;Aumentar por3.4%	;1	;Disminuir por50.0%	; --%	;10	;Disminuir por33.3%	;Disminuir por16.7%	;0	;Disminuir por100.0%	;Disminuir por100.0%	;5	;Disminuir por37.5%	;Disminuir por54.5%	;
472	;06/20 15:00 - 16:00	;40	;Disminuir por14.9%	;Disminuir por38.5%	;69	;Disminuir por8.0%	;Aumentar por19.0%	;0	;Disminuir por100.0%	;Disminuir por100.0%	;7	;Disminuir por56.3%	;Disminuir por58.8%	;0	;Disminuir por100.0%	; --%	;2	;Sin cambios	;Disminuir por66.7%	;
473	;06/20 16:00 - 17:00	;77	;Aumentar por10.0%	;Aumentar por148.4%	;95	;Aumentar por46.2%	;Aumentar por72.7%	;0	; --%	;Disminuir por100.0%	;8	;Disminuir por27.3%	;Disminuir por33.3%	;3	; --%	;Disminuir por57.1%	;14	;Aumentar por250.0%	;Disminuir por44.0%	;
474	;06/20 17:00 - 18:00	;109	;Disminuir por8.4%	;Aumentar por172.5%	;134	;Disminuir por28.0%	;Aumentar por197.8%	;1	;Sin cambios	;Sin cambios	;10	;Disminuir por28.6%	;Disminuir por9.1%	;3	; --%	;Aumentar por200.0%	;13	;Aumentar por116.7%	;Aumentar por225.0%	;
475	;06/20 18:00 - 19:00	;250	;Aumentar por77.3%	;Aumentar por267.6%	;166	;Disminuir por18.6%	;Aumentar por151.5%	;1	; --%	;Disminuir por50.0%	;7	;Disminuir por41.7%	;Disminuir por61.1%	;3	; --%	;Aumentar por200.0%	;14	;Aumentar por250.0%	;Aumentar por55.6%	;
476	;06/20 19:00 - 20:00	;315	;Aumentar por266.3%	;Aumentar por158.2%	;322	;Aumentar por170.6%	;Aumentar por75.0%	;2	; --%	; --%	;1	;Disminuir por87.5%	;Disminuir por83.3%	;1	; --%	;Disminuir por83.3%	;5	;Aumentar por66.7%	;Disminuir por72.2%	;
477	;06/20 20:00 - 21:00	;248	;Aumentar por270.1%	;Aumentar por46.7%	;315	;Aumentar por288.9%	;Aumentar por100.6%	;1	;Disminuir por50.0%	; --%	;2	;Disminuir por81.8%	;Disminuir por66.7%	;2	;Aumentar por100.0%	; --%	;5	;Aumentar por150.0%	;Disminuir por37.5%	;
478	;06/20 21:00 - 22:00	;220	;Aumentar por566.7%	;Aumentar por52.8%	;258	;Aumentar por892.3%	;Aumentar por40.2%	;1	; --%	;Sin cambios	;3	;Disminuir por50.0%	;Disminuir por50.0%	;2	; --%	;Disminuir por33.3%	;3	;Disminuir por25.0%	;Disminuir por50.0%	;
479	;06/20 22:00 - 23:00	;208	;Aumentar por2871.4%	;Aumentar por110.1%	;281	;Aumentar por2061.5%	;Aumentar por57.0%	;0	; --%	; --%	;2	;Disminuir por66.7%	;Sin cambios	;0	; --%	; --%	;11	;Aumentar por1000.0%	;Disminuir por21.4%	;
480	;06/20 23:00 - 24:00	;105	;Aumentar por517.6%	;Aumentar por12.9%	;257	;Aumentar por1017.4%	;Aumentar por30.5%	;0	; --%	; --%	;4	;Aumentar por33.3%	;Aumentar por100.0%	;1	; --%	; --%	;3	; --%	;Disminuir por50.0%	;
481	;06/21 00:00 - 01:00	;71	;Aumentar por7000.0%	;Aumentar por73.2%	;121	;Aumentar por3933.3%	;Aumentar por86.2%	;0	; --%	; --%	;3	;Disminuir por40.0%	;Disminuir por25.0%	;2	; --%	;Disminuir por33.3%	;14	;Aumentar por1300.0%	;Aumentar por7.7%	;
482	;06/21 01:00 - 02:00	;18	; --%	;Aumentar por50.0%	;27	;Aumentar por1250.0%	;Aumentar por80.0%	;0	; --%	; --%	;2	; --%	;Disminuir por71.4%	;0	; --%	; --%	;19	; --%	;Aumentar por280.0%	;
483	;06/21 02:00 - 03:00	;2	;Sin cambios	;Disminuir por81.8%	;2	; --%	;Disminuir por60.0%	;0	; --%	;Disminuir por100.0%	;2	; --%	;Disminuir por50.0%	;0	; --%	; --%	;0	; --%	;Disminuir por100.0%	;
484	;06/21 03:00 - 04:00	;2	;Aumentar por100.0%	;Disminuir por66.7%	;1	; --%	; --%	;1	; --%	; --%	;4	;Aumentar por300.0%	; --%	;0	; --%	; --%	;0	; --%	; --%	;
485	;06/21 04:00 - 05:00	;6	; --%	;Aumentar por200.0%	;5	; --%	;Aumentar por400.0%	;1	; --%	;Sin cambios	;0	;Disminuir por100.0%	;Disminuir por100.0%	;0	; --%	; --%	;0	;Disminuir por100.0%	; --%	;
486	;06/21 05:00 - 06:00	;0	; --%	;Disminuir por100.0%	;1	; --%	; --%	;0	; --%	; --%	;1	; --%	;Sin cambios	;0	; --%	; --%	;2	; --%	; --%	;
487	;06/21 06:00 - 07:00	;1	;Sin cambios	;Disminuir por66.7%	;1	;Sin cambios	;Disminuir por85.7%	;0	; --%	; --%	;0	; --%	;Disminuir por100.0%	;0	; --%	; --%	;0	; --%	; --%	;
488	;06/21 07:00 - 08:00	;7	;Aumentar por133.3%	;Disminuir por50.0%	;8	;Disminuir por20.0%	;Disminuir por60.0%	;0	; --%	; --%	;2	;Aumentar por100.0%	;Sin cambios	;0	; --%	;Disminuir por100.0%	;1	; --%	;Disminuir por83.3%	;
489	;06/21 08:00 - 09:00	;17	;Aumentar por70.0%	;Disminuir por22.7%	;31	;Aumentar por181.8%	;Disminuir por22.5%	;0	; --%	;Disminuir por100.0%	;5	;Disminuir por58.3%	;Disminuir por76.2%	;2	; --%	;Aumentar por100.0%	;9	;Aumentar por350.0%	;Aumentar por28.6%	;
490	;06/21 09:00 - 10:00	;29	;Aumentar por81.3%	;Disminuir por48.2%	;41	;Aumentar por78.3%	;Disminuir por16.3%	;0	; --%	;Disminuir por100.0%	;8	;Disminuir por33.3%	;Disminuir por68.0%	;1	; --%	;Disminuir por75.0%	;7	;Aumentar por250.0%	;Disminuir por22.2%	;
491	;06/21 10:00 - 11:00	;178	;Aumentar por35.9%	;Aumentar por71.2%	;95	;Aumentar por72.7%	;Aumentar por28.4%	;1	;Disminuir por66.7%	;Disminuir por66.7%	;17	;Disminuir por5.6%	;Disminuir por34.6%	;9	; --%	;Aumentar por200.0%	;17	;Aumentar por1600.0%	;Aumentar por88.9%	;
492	;06/21 11:00 - 12:00	;157	;Aumentar por0.6%	;Aumentar por18.9%	;202	;Aumentar por106.1%	;Aumentar por32.0%	;1	;Sin cambios	; --%	;11	;Disminuir por38.9%	;Disminuir por42.1%	;2	;Aumentar por100.0%	;Disminuir por60.0%	;14	;Aumentar por600.0%	;Disminuir por26.3%	;
493	;06/21 12:00 - 13:00	;153	;Disminuir por19.9%	;Aumentar por40.4%	;167	;Disminuir por6.2%	;Aumentar por49.1%	;1	;Disminuir por83.3%	;Sin cambios	;12	;Disminuir por55.6%	;Aumentar por9.1%	;1	;Sin cambios	;Disminuir por50.0%	;14	;Aumentar por366.7%	;Sin cambios	;
494	;06/21 13:00 - 14:00	;112	;Disminuir por46.7%	;Aumentar por10.9%	;127	;Disminuir por28.7%	;Disminuir por5.9%	;1	;Sin cambios	; --%	;11	;Aumentar por37.5%	;Aumentar por22.2%	;3	;Aumentar por50.0%	;Aumentar por50.0%	;15	;Aumentar por400.0%	;Aumentar por36.4%	;
495	;06/21 14:00 - 15:00	;81	;Disminuir por16.5%	;Aumentar por39.7%	;112	;Disminuir por10.4%	;Aumentar por51.4%	;1	;Sin cambios	;Disminuir por50.0%	;7	;Disminuir por12.5%	;Disminuir por41.7%	;1	; --%	; --%	;7	;Aumentar por133.3%	;Aumentar por75.0%	;
496	;06/21 15:00 - 16:00	;48	;Disminuir por42.9%	;Disminuir por39.2%	;64	;Disminuir por32.6%	;Disminuir por4.5%	;0	; --%	;Disminuir por100.0%	;2	;Disminuir por75.0%	;Disminuir por87.5%	;2	;Aumentar por100.0%	;Aumentar por100.0%	;4	;Aumentar por100.0%	;Sin cambios	;
497	;06/21 16:00 - 17:00	;78	;Disminuir por39.1%	;Aumentar por11.4%	;122	;Disminuir por11.6%	;Aumentar por40.2%	;1	;Sin cambios	;Disminuir por66.7%	;4	;Disminuir por42.9%	;Disminuir por71.4%	;1	; --%	; --%	;18	;Aumentar por260.0%	;Aumentar por20.0%	;
498	;06/21 17:00 - 18:00	;66	;Disminuir por32.7%	;Aumentar por4.8%	;74	;Disminuir por61.5%	;Disminuir por47.5%	;1	;Disminuir por66.7%	;Disminuir por50.0%	;10	;Aumentar por11.1%	;Disminuir por56.5%	;0	; --%	;Disminuir por100.0%	;11	;Aumentar por1000.0%	;Aumentar por83.3%	;
499	;06/21 18:00 - 19:00	;71	;Disminuir por71.4%	;Disminuir por48.9%	;77	;Disminuir por71.7%	;Disminuir por38.9%	;1	;Sin cambios	; --%	;9	;Disminuir por18.2%	;Aumentar por28.6%	;2	;Aumentar por100.0%	;Aumentar por100.0%	;9	;Aumentar por12.5%	;Sin cambios	;
500	;06/21 19:00 - 20:00	;68	;Disminuir por30.6%	;Disminuir por78.6%	;70	;Disminuir por64.3%	;Disminuir por67.3%	;0	;Disminuir por100.0%	; --%	;5	;Disminuir por61.5%	;Sin cambios	;0	; --%	;Disminuir por100.0%	;5	;Disminuir por16.7%	;Disminuir por16.7%	;
501	;06/21 20:00 - 21:00	;120	;Aumentar por106.9%	;Disminuir por54.9%	;112	;Aumentar por36.6%	;Disminuir por71.5%	;0	;Disminuir por100.0%	;Disminuir por100.0%	;1	;Disminuir por93.3%	;Sin cambios	;1	;Disminuir por50.0%	;Sin cambios	;3	;Disminuir por25.0%	;Disminuir por25.0%	;
502	;06/21 21:00 - 22:00	;106	;Aumentar por523.5%	;Disminuir por35.8%	;151	;Aumentar por357.6%	;Disminuir por41.7%	;0	; --%	; --%	;1	;Disminuir por83.3%	; --%	;0	; --%	;Disminuir por100.0%	;5	;Aumentar por400.0%	;Aumentar por25.0%	;
503	;06/21 22:00 - 23:00	;131	;Aumentar por1210.0%	;Aumentar por2.3%	;205	;Aumentar por469.4%	;Disminuir por22.1%	;0	; --%	; --%	;4	;Aumentar por300.0%	;Aumentar por300.0%	;1	; --%	;Sin cambios	;10	;Aumentar por400.0%	;Disminuir por23.1%	;
504	;06/21 23:00 - 24:00	;63	;Aumentar por350.0%	;Disminuir por40.0%	;151	;Aumentar por480.8%	;Disminuir por32.3%	;0	; --%	;Disminuir por100.0%	;3	;Aumentar por50.0%	;Disminuir por50.0%	;0	; --%	; --%	;16	; --%	;Aumentar por77.8%	;
505	;06/22 00:00 - 01:00	;24	;Aumentar por200.0%	;Disminuir por60.7%	;37	;Aumentar por184.6%	;Disminuir por63.7%	;0	; --%	;Disminuir por100.0%	;3	;Disminuir por25.0%	;Aumentar por50.0%	;1	; --%	;Disminuir por50.0%	;13	;Aumentar por225.0%	;Disminuir por13.3%	;
506	;06/22 01:00 - 02:00	;11	; --%	;Disminuir por59.3%	;13	;Aumentar por550.0%	;Disminuir por72.3%	;0	; --%	; --%	;6	; --%	;Aumentar por500.0%	;0	; --%	;Disminuir por100.0%	;4	;Aumentar por300.0%	;Disminuir por73.3%	;
507	;06/22 02:00 - 03:00	;2	; --%	;Disminuir por84.6%	;16	; --%	;Aumentar por6.7%	;1	; --%	; --%	;3	; --%	;Disminuir por25.0%	;0	; --%	; --%	;0	;Disminuir por100.0%	; --%	;
508	;06/22 03:00 - 04:00	;0	;Disminuir por100.0%	;Disminuir por100.0%	;0	; --%	;Disminuir por100.0%	;0	; --%	; --%	;0	; --%	; --%	;0	; --%	; --%	;2	; --%	;Aumentar por100.0%	;
509	;06/22 04:00 - 05:00	;0	; --%	;Disminuir por100.0%	;0	; --%	;Disminuir por100.0%	;0	; --%	; --%	;0	;Disminuir por100.0%	;Disminuir por100.0%	;0	; --%	; --%	;0	; --%	; --%	;
510	;06/22 05:00 - 06:00	;0	;Disminuir por100.0%	;Disminuir por100.0%	;1	;Disminuir por50.0%	; --%	;0	; --%	; --%	;0	;Disminuir por100.0%	; --%	;0	; --%	; --%	;1	;Disminuir por50.0%	; --%	;
511	;06/22 06:00 - 07:00	;8	; --%	;Aumentar por166.7%	;11	;Aumentar por1000.0%	;Aumentar por1000.0%	;0	; --%	; --%	;3	; --%	;Aumentar por200.0%	;0	; --%	; --%	;1	; --%	; --%	;
512	;06/22 07:00 - 08:00	;11	; --%	;Aumentar por37.5%	;18	;Aumentar por800.0%	;Aumentar por50.0%	;0	; --%	;Disminuir por100.0%	;6	;Aumentar por500.0%	;Disminuir por14.3%	;0	; --%	; --%	;4	; --%	;Aumentar por100.0%	;
513	;06/22 08:00 - 09:00	;10	;Aumentar por233.3%	;Disminuir por69.7%	;36	;Aumentar por414.3%	;Disminuir por7.7%	;8	; --%	;Aumentar por100.0%	;23	;Aumentar por666.7%	;Aumentar por109.1%	;2	; --%	;Sin cambios	;8	; --%	;Aumentar por14.3%	;
514	;06/22 09:00 - 10:00	;49	;Aumentar por390.0%	;Aumentar por88.5%	;49	;Aumentar por69.0%	;Aumentar por4.3%	;5	; --%	;Aumentar por150.0%	;19	;Aumentar por111.1%	;Aumentar por375.0%	;7	; --%	;Aumentar por600.0%	;13	;Aumentar por1200.0%	;Aumentar por1200.0%	;
515	;06/22 10:00 - 11:00	;82	;Disminuir por57.3%	;Disminuir por63.2%	;44	;Disminuir por44.3%	;Disminuir por54.2%	;2	;Disminuir por50.0%	;Aumentar por100.0%	;28	;Aumentar por64.7%	;Aumentar por2700.0%	;1	; --%	;Disminuir por75.0%	;9	;Aumentar por200.0%	;Disminuir por25.0%	;
516	;06/22 11:00 - 12:00	;130	;Disminuir por38.4%	;Disminuir por21.7%	;117	;Disminuir por19.9%	;Disminuir por25.9%	;6	;Aumentar por200.0%	; --%	;17	;Aumentar por54.5%	; --%	;2	; --%	; --%	;8	;Aumentar por300.0%	;Aumentar por166.7%	;
517	;06/22 12:00 - 13:00	;65	;Disminuir por76.1%	;Disminuir por60.4%	;63	;Disminuir por81.3%	;Disminuir por75.6%	;6	;Aumentar por50.0%	; --%	;19	;Aumentar por58.3%	;Aumentar por375.0%	;1	;Disminuir por50.0%	; --%	;15	;Aumentar por200.0%	;Aumentar por400.0%	;
518	;06/22 13:00 - 14:00	;44	;Disminuir por70.3%	;Disminuir por63.6%	;51	;Disminuir por67.7%	;Disminuir por62.8%	;1	; --%	;Disminuir por50.0%	;13	;Aumentar por333.3%	;Aumentar por160.0%	;8	;Aumentar por300.0%	;Aumentar por300.0%	;16	;Aumentar por166.7%	;Aumentar por23.1%	;
519	;06/22 14:00 - 15:00	;39	;Disminuir por57.6%	;Disminuir por29.1%	;45	;Disminuir por53.1%	;Disminuir por47.7%	;1	; --%	; --%	;20	;Aumentar por150.0%	;Aumentar por1900.0%	;3	; --%	; --%	;12	;Aumentar por33.3%	;Aumentar por500.0%	;
520	;06/22 15:00 - 16:00	;36	;Disminuir por35.7%	;Disminuir por30.8%	;58	;Disminuir por22.7%	;Disminuir por14.7%	;1	;Sin cambios	; --%	;12	;Aumentar por100.0%	;Aumentar por71.4%	;0	;Disminuir por100.0%	; --%	;5	;Aumentar por66.7%	;Sin cambios	;
521	;06/22 16:00 - 17:00	;48	;Disminuir por36.0%	;Disminuir por30.4%	;70	;Disminuir por44.4%	;Disminuir por24.7%	;2	; --%	; --%	;15	;Aumentar por66.7%	;Aumentar por200.0%	;0	; --%	; --%	;6	;Aumentar por50.0%	;Disminuir por50.0%	;
522	;06/22 17:00 - 18:00	;43	;Disminuir por17.3%	;Disminuir por32.8%	;84	;Disminuir por12.5%	;Aumentar por12.0%	;1	;Disminuir por50.0%	; --%	;7	;Disminuir por36.4%	;Disminuir por12.5%	;2	;Aumentar por100.0%	;Disminuir por33.3%	;18	;Aumentar por350.0%	;Aumentar por800.0%	;
523	;06/22 18:00 - 19:00	;109	;Aumentar por55.7%	;Aumentar por2.8%	;80	;Disminuir por5.9%	;Disminuir por17.5%	;2	;Disminuir por33.3%	;Disminuir por33.3%	;8	;Sin cambios	;Aumentar por33.3%	;1	; --%	;Sin cambios	;10	;Aumentar por42.9%	;Aumentar por42.9%	;
524	;06/22 19:00 - 20:00	;83	;Aumentar por207.4%	;Disminuir por53.6%	;99	;Aumentar por70.7%	;Disminuir por48.4%	;1	; --%	;Sin cambios	;7	;Disminuir por22.2%	;Aumentar por250.0%	;0	;Disminuir por100.0%	;Disminuir por100.0%	;6	;Aumentar por50.0%	;Sin cambios	;
525	;06/22 20:00 - 21:00	;158	;Aumentar por887.5%	;Disminuir por13.7%	;200	;Aumentar por700.0%	;Disminuir por21.9%	;0	; --%	; --%	;4	;Sin cambios	;Aumentar por33.3%	;1	; --%	;Sin cambios	;3	;Aumentar por200.0%	;Disminuir por50.0%	;
526	;06/22 21:00 - 22:00	;109	;Aumentar por678.6%	;Aumentar por5.8%	;212	;Aumentar por5200.0%	;Disminuir por3.2%	;1	; --%	; --%	;8	;Aumentar por60.0%	;Aumentar por700.0%	;0	; --%	;Disminuir por100.0%	;6	;Aumentar por500.0%	;Disminuir por66.7%	;
527	;06/22 22:00 - 23:00	;143	;Aumentar por3475.0%	;Aumentar por64.4%	;215	;Aumentar por10650.0%	;Aumentar por51.4%	;0	; --%	; --%	;2	;Sin cambios	;Disminuir por33.3%	;0	; --%	; --%	;6	;Aumentar por200.0%	;Aumentar por200.0%	;
528	;06/22 23:00 - 24:00	;108	;Aumentar por2060.0%	;Aumentar por21.3%	;233	;Aumentar por5725.0%	;Aumentar por49.4%	;1	; --%	;Sin cambios	;6	;Aumentar por200.0%	;Aumentar por100.0%	;5	; --%	; --%	;14	; --%	;Aumentar por16.7%	;
529	;06/23 00:00 - 01:00	;41	;Aumentar por1950.0%	;Aumentar por46.4%	;67	; --%	;Disminuir por2.9%	;0	; --%	; --%	;2	;Sin cambios	;Disminuir por33.3%	;0	; --%	; --%	;13	; --%	;Disminuir por7.1%	;
530	;06/23 01:00 - 02:00	;12	;Aumentar por1100.0%	;Aumentar por71.4%	;29	; --%	;Aumentar por141.7%	;0	; --%	; --%	;2	; --%	; --%	;0	; --%	; --%	;1	; --%	; --%	;
531	;06/23 02:00 - 03:00	;3	; --%	;Disminuir por62.5%	;2	; --%	;Sin cambios	;1	; --%	; --%	;3	; --%	; --%	;0	; --%	; --%	;1	; --%	;Disminuir por75.0%	;
532	;06/23 03:00 - 04:00	;0	; --%	;Disminuir por100.0%	;1	; --%	; --%	;0	; --%	; --%	;0	; --%	; --%	;0	; --%	; --%	;2	; --%	; --%	;
533	;06/23 04:00 - 05:00	;0	; --%	;Disminuir por100.0%	;1	; --%	;Sin cambios	;0	; --%	; --%	;0	; --%	; --%	;0	; --%	; --%	;0	; --%	;Disminuir por100.0%	;
534	;06/23 05:00 - 06:00	;3	; --%	; --%	;1	; --%	;Sin cambios	;0	; --%	; --%	;1	; --%	;Sin cambios	;0	; --%	; --%	;0	; --%	; --%	;
535	;06/23 06:00 - 07:00	;0	;Disminuir por100.0%	;Disminuir por100.0%	;5	;Aumentar por25.0%	;Disminuir por37.5%	;0	; --%	; --%	;0	;Disminuir por100.0%	;Disminuir por100.0%	;0	; --%	;Disminuir por100.0%	;1	; --%	;Disminuir por66.7%	;
536	;06/23 07:00 - 08:00	;15	;Aumentar por36.4%	;Sin cambios	;14	;Disminuir por33.3%	;Disminuir por48.1%	;2	; --%	;Disminuir por33.3%	;11	;Aumentar por175.0%	;Aumentar por83.3%	;1	;Sin cambios	;Sin cambios	;5	;Aumentar por66.7%	;Aumentar por150.0%	;
537	;06/23 08:00 - 09:00	;24	;Aumentar por140.0%	;Aumentar por84.6%	;41	;Aumentar por17.1%	;Disminuir por10.9%	;3	;Disminuir por25.0%	;Aumentar por200.0%	;18	;Disminuir por25.0%	;Disminuir por10.0%	;1	; --%	; --%	;6	;Aumentar por50.0%	;Disminuir por14.3%	;
538	;06/23 09:00 - 10:00	;43	;Aumentar por186.7%	;Aumentar por10.3%	;56	;Aumentar por250.0%	;Disminuir por6.7%	;4	;Aumentar por100.0%	;Sin cambios	;17	;Disminuir por22.7%	;Disminuir por32.0%	;3	;Aumentar por200.0%	;Disminuir por50.0%	;8	; --%	;Disminuir por61.9%	;
539	;06/23 10:00 - 11:00	;104	;Aumentar por511.8%	;Disminuir por30.2%	;80	;Aumentar por400.0%	;Aumentar por3.9%	;8	;Aumentar por100.0%	;Aumentar por300.0%	;40	;Aumentar por60.0%	;Aumentar por53.8%	;1	; --%	; --%	;9	;Aumentar por800.0%	;Aumentar por28.6%	;
540	;06/23 11:00 - 12:00	;79	;Disminuir por3.7%	;Disminuir por11.2%	;98	;Aumentar por63.3%	;Disminuir por10.1%	;9	;Aumentar por200.0%	;Aumentar por125.0%	;29	;Aumentar por11.5%	;Disminuir por21.6%	;0	; --%	;Disminuir por100.0%	;8	;Aumentar por700.0%	;Disminuir por33.3%	;
541	;06/23 12:00 - 13:00	;94	;Aumentar por104.3%	;Aumentar por3.3%	;99	;Aumentar por47.8%	;Disminuir por4.8%	;1	;Disminuir por85.7%	;Disminuir por83.3%	;18	;Disminuir por40.0%	;Disminuir por25.0%	;0	;Disminuir por100.0%	;Disminuir por100.0%	;8	;Aumentar por166.7%	;Disminuir por52.9%	;
542	;06/23 13:00 - 14:00	;38	;Aumentar por46.2%	;Disminuir por65.5%	;77	;Aumentar por220.8%	;Disminuir por21.4%	;1	;Disminuir por66.7%	;Disminuir por50.0%	;13	;Disminuir por23.5%	;Disminuir por43.5%	;1	; --%	;Disminuir por75.0%	;7	; --%	;Disminuir por41.7%	;
543	;06/23 14:00 - 15:00	;69	;Aumentar por72.5%	;Aumentar por50.0%	;68	;Aumentar por161.5%	;Aumentar por23.6%	;4	;Aumentar por100.0%	;Aumentar por300.0%	;18	;Disminuir por21.7%	;Aumentar por63.6%	;4	;Aumentar por300.0%	;Aumentar por300.0%	;6	;Aumentar por50.0%	;Disminuir por25.0%	;
544	;06/23 15:00 - 16:00	;48	;Disminuir por2.0%	;Aumentar por4.3%	;62	;Aumentar por6.9%	;Aumentar por6.9%	;3	;Aumentar por50.0%	;Disminuir por25.0%	;17	;Aumentar por54.5%	;Aumentar por41.7%	;0	;Disminuir por100.0%	; --%	;10	;Aumentar por150.0%	;Aumentar por66.7%	;
545	;06/23 16:00 - 17:00	;45	;Disminuir por6.3%	;Disminuir por10.0%	;51	;Aumentar por13.3%	;Aumentar por15.9%	;1	; --%	;Sin cambios	;14	;Aumentar por16.7%	;Sin cambios	;2	; --%	; --%	;10	;Aumentar por900.0%	;Sin cambios	;
546	;06/23 17:00 - 18:00	;96	;Aumentar por190.9%	;Aumentar por29.7%	;74	;Aumentar por80.5%	;Aumentar por4.2%	;1	;Disminuir por50.0%	; --%	;14	;Aumentar por40.0%	;Aumentar por133.3%	;2	; --%	; --%	;13	;Aumentar por225.0%	;Aumentar por18.2%	;
547	;06/23 18:00 - 19:00	;130	;Aumentar por170.8%	;Aumentar por73.3%	;100	;Aumentar por8.7%	;Aumentar por51.5%	;0	; --%	; --%	;6	;Disminuir por53.8%	;Aumentar por50.0%	;2	; --%	; --%	;6	;Disminuir por14.3%	;Sin cambios	;
548	;06/23 19:00 - 20:00	;89	;Aumentar por147.2%	;Disminuir por33.6%	;126	;Aumentar por147.1%	;Aumentar por12.5%	;2	;Sin cambios	;Aumentar por100.0%	;12	;Disminuir por20.0%	;Aumentar por200.0%	;1	; --%	;Sin cambios	;1	;Sin cambios	;Disminuir por85.7%	;
549	;06/23 20:00 - 21:00	;164	;Aumentar por1071.4%	;Disminuir por6.8%	;214	;Aumentar por1026.3%	;Sin cambios	;2	; --%	; --%	;5	;Disminuir por44.4%	;Aumentar por400.0%	;2	; --%	; --%	;5	; --%	;Sin cambios	;
550	;06/23 21:00 - 22:00	;136	;Aumentar por1136.4%	;Aumentar por8.8%	;215	;Aumentar por21400.0%	;Disminuir por5.7%	;0	; --%	; --%	;1	;Disminuir por80.0%	;Disminuir por50.0%	;0	; --%	; --%	;7	; --%	;Aumentar por40.0%	;
551	;06/23 22:00 - 23:00	;79	;Aumentar por2533.3%	;Disminuir por45.1%	;174	;Aumentar por17300.0%	;Disminuir por42.4%	;0	; --%	; --%	;2	;Aumentar por100.0%	;Sin cambios	;1	; --%	; --%	;10	; --%	;Disminuir por9.1%	;
552	;06/23 23:00 - 24:00	;123	;Aumentar por4000.0%	;Aumentar por25.5%	;215	; --%	;Aumentar por22.2%	;0	; --%	; --%	;3	;Aumentar por200.0%	;Aumentar por50.0%	;0	; --%	;Disminuir por100.0%	;12	; --%	;Disminuir por7.7%	;
553	;06/24 00:00 - 01:00	;63	;Aumentar por6200.0%	;Disminuir por14.9%	;84	;Aumentar por8300.0%	;Aumentar por16.7%	;0	; --%	; --%	;1	; --%	;Disminuir por66.7%	;0	; --%	; --%	;11	; --%	;Sin cambios	;
554	;06/24 01:00 - 02:00	;26	; --%	;Disminuir por16.1%	;28	; --%	;Aumentar por300.0%	;0	; --%	; --%	;1	; --%	;Disminuir por80.0%	;0	; --%	; --%	;4	; --%	;Aumentar por33.3%	;
555	;06/24 02:00 - 03:00	;15	; --%	;Aumentar por36.4%	;11	; --%	;Disminuir por45.0%	;0	; --%	; --%	;1	; --%	;Sin cambios	;1	; --%	; --%	;2	; --%	; --%	;
556	;06/24 03:00 - 04:00	;9	; --%	;Aumentar por28.6%	;5	; --%	; --%	;0	; --%	; --%	;1	;Sin cambios	; --%	;0	; --%	; --%	;1	; --%	; --%	;
557	;06/24 04:00 - 05:00	;2	;Aumentar por100.0%	;Disminuir por66.7%	;8	;Aumentar por700.0%	;Aumentar por700.0%	;0	; --%	; --%	;1	;Sin cambios	;Sin cambios	;0	; --%	; --%	;2	; --%	;Aumentar por100.0%	;
558	;06/24 05:00 - 06:00	;0	;Disminuir por100.0%	; --%	;4	;Sin cambios	; --%	;0	; --%	; --%	;1	; --%	;Sin cambios	;0	; --%	; --%	;1	; --%	;Disminuir por50.0%	;
559	;06/24 06:00 - 07:00	;2	;Aumentar por100.0%	;Sin cambios	;2	;Disminuir por33.3%	;Aumentar por100.0%	;0	; --%	; --%	;1	;Sin cambios	;Disminuir por50.0%	;0	; --%	; --%	;0	; --%	; --%	;
560	;06/24 07:00 - 08:00	;16	;Aumentar por166.7%	;Disminuir por5.9%	;18	;Aumentar por157.1%	;Aumentar por125.0%	;0	;Disminuir por100.0%	; --%	;4	;Disminuir por33.3%	;Aumentar por100.0%	;1	; --%	;Sin cambios	;4	;Aumentar por100.0%	;Aumentar por300.0%	;
561	;06/24 08:00 - 09:00	;16	;Aumentar por433.3%	;Disminuir por20.0%	;19	;Disminuir por47.2%	;Disminuir por42.4%	;1	;Disminuir por66.7%	;Sin cambios	;12	;Disminuir por45.5%	;Disminuir por25.0%	;0	; --%	;Disminuir por100.0%	;5	; --%	;Disminuir por28.6%	;
562	;06/24 09:00 - 10:00	;37	;Aumentar por131.3%	;Disminuir por7.5%	;61	;Aumentar por258.8%	;Disminuir por3.2%	;1	;Disminuir por85.7%	; --%	;11	;Disminuir por63.3%	;Disminuir por31.3%	;1	;Sin cambios	;Sin cambios	;9	;Aumentar por125.0%	;Sin cambios	;
563	;06/24 10:00 - 11:00	;111	;Disminuir por9.8%	;Disminuir por5.9%	;60	;Disminuir por23.1%	;Disminuir por24.1%	;2	;Disminuir por33.3%	;Disminuir por33.3%	;23	;Disminuir por30.3%	;Disminuir por20.7%	;0	; --%	;Disminuir por100.0%	;10	;Aumentar por900.0%	;Disminuir por47.4%	;
564	;06/24 11:00 - 12:00	;143	;Aumentar por23.3%	;Aumentar por2.9%	;91	;Aumentar por18.2%	;Disminuir por30.5%	;4	;Aumentar por33.3%	;Disminuir por55.6%	;17	;Disminuir por39.3%	;Disminuir por43.3%	;2	;Sin cambios	; --%	;17	;Aumentar por750.0%	;Aumentar por30.8%	;
565	;06/24 12:00 - 13:00	;104	;Aumentar por38.7%	;Aumentar por23.8%	;112	;Aumentar por43.6%	;Aumentar por41.8%	;0	;Disminuir por100.0%	;Disminuir por100.0%	;14	;Disminuir por57.6%	;Disminuir por26.3%	;1	; --%	;Disminuir por50.0%	;8	;Aumentar por60.0%	;Disminuir por11.1%	;
566	;06/24 13:00 - 14:00	;50	;Disminuir por18.0%	;Disminuir por7.4%	;86	;Sin cambios	;Aumentar por24.6%	;2	;Disminuir por50.0%	;Sin cambios	;10	;Disminuir por54.5%	;Disminuir por28.6%	;1	; --%	;Sin cambios	;4	;Sin cambios	;Disminuir por71.4%	;
567	;06/24 14:00 - 15:00	;72	;Aumentar por67.4%	;Disminuir por7.7%	;76	;Aumentar por100.0%	;Aumentar por4.1%	;0	;Disminuir por100.0%	;Disminuir por100.0%	;5	;Disminuir por66.7%	;Disminuir por37.5%	;2	;Sin cambios	;Aumentar por100.0%	;8	;Aumentar por60.0%	;Disminuir por27.3%	;
568	;06/24 15:00 - 16:00	;72	;Aumentar por50.0%	;Aumentar por94.6%	;76	;Aumentar por61.7%	;Aumentar por13.4%	;0	;Disminuir por100.0%	;Disminuir por100.0%	;2	;Disminuir por87.5%	;Disminuir por71.4%	;1	;Disminuir por80.0%	; --%	;5	;Disminuir por37.5%	;Disminuir por16.7%	;
569	;06/24 16:00 - 17:00	;70	;Aumentar por32.1%	;Aumentar por14.8%	;96	;Aumentar por45.5%	;Aumentar por6.7%	;1	;Disminuir por66.7%	; --%	;8	;Disminuir por69.2%	;Aumentar por33.3%	;0	; --%	; --%	;12	;Aumentar por300.0%	;Aumentar por9.1%	;
570	;06/24 17:00 - 18:00	;48	;Disminuir por11.1%	;Disminuir por12.7%	;86	;Aumentar por6.2%	;Aumentar por26.5%	;1	;Disminuir por66.7%	;Disminuir por50.0%	;8	;Disminuir por52.9%	;Disminuir por50.0%	;0	;Disminuir por100.0%	; --%	;7	;Aumentar por40.0%	;Aumentar por16.7%	;
571	;06/24 18:00 - 19:00	;167	;Aumentar por279.5%	;Aumentar por103.7%	;176	;Aumentar por122.8%	;Aumentar por83.3%	;1	;Disminuir por50.0%	;Disminuir por50.0%	;6	;Disminuir por33.3%	;Disminuir por33.3%	;2	; --%	;Disminuir por33.3%	;9	;Aumentar por200.0%	;Disminuir por30.8%	;
572	;06/24 19:00 - 20:00	;127	;Aumentar por225.6%	;Disminuir por5.2%	;117	;Aumentar por72.1%	;Disminuir por12.7%	;0	;Disminuir por100.0%	;Disminuir por100.0%	;5	;Disminuir por72.2%	;Aumentar por66.7%	;1	; --%	;Disminuir por50.0%	;6	;Aumentar por50.0%	;Disminuir por33.3%	;
573	;06/24 20:00 - 21:00	;147	;Aumentar por512.5%	;Disminuir por15.0%	;188	;Aumentar por487.5%	;Aumentar por14.6%	;1	; --%	; --%	;5	;Disminuir por68.8%	;Sin cambios	;0	; --%	; --%	;6	;Aumentar por100.0%	;Aumentar por100.0%	;
574	;06/24 21:00 - 22:00	;161	;Aumentar por2583.3%	;Aumentar por28.8%	;178	;Aumentar por2442.9%	;Disminuir por9.6%	;2	;Aumentar por100.0%	;Aumentar por100.0%	;5	;Disminuir por54.5%	;Disminuir por44.4%	;3	; --%	; --%	;12	;Aumentar por500.0%	;Aumentar por33.3%	;
575	;06/24 22:00 - 23:00	;152	;Aumentar por1588.9%	;Aumentar por19.7%	;232	;Aumentar por2800.0%	;Disminuir por2.1%	;0	; --%	; --%	;7	;Aumentar por40.0%	;Aumentar por133.3%	;3	; --%	; --%	;10	;Aumentar por100.0%	;Disminuir por37.5%	;
576	;06/24 23:00 - 24:00	;171	;Aumentar por2342.9%	;Aumentar por58.3%	;257	;Aumentar por6325.0%	;Aumentar por20.7%	;0	; --%	; --%	;6	;Aumentar por100.0%	;Aumentar por500.0%	;1	; --%	;Sin cambios	;13	; --%	;Aumentar por18.2%	;
577	;06/25 00:00 - 01:00	;46	; --%	;Disminuir por41.8%	;70	; --%	;Disminuir por44.0%	;1	; --%	; --%	;12	; --%	;Aumentar por500.0%	;1	; --%	;Disminuir por50.0%	;17	; --%	;Aumentar por21.4%	;
578	;06/25 01:00 - 02:00	;7	; --%	;Disminuir por46.2%	;17	; --%	;Aumentar por41.7%	;0	; --%	; --%	;1	; --%	;Disminuir por50.0%	;0	; --%	; --%	;1	; --%	;Disminuir por50.0%	;
579	;06/25 02:00 - 03:00	;3	; --%	;Disminuir por50.0%	;1	; --%	;Sin cambios	;1	; --%	; --%	;3	; --%	;Aumentar por200.0%	;0	; --%	; --%	;1	; --%	;Disminuir por50.0%	;
580	;06/25 03:00 - 04:00	;3	; --%	;Aumentar por200.0%	;0	; --%	; --%	;0	; --%	; --%	;2	; --%	;Aumentar por100.0%	;0	; --%	; --%	;1	; --%	;Sin cambios	;
581	;06/25 04:00 - 05:00	;0	; --%	; --%	;1	; --%	; --%	;0	; --%	; --%	;0	; --%	;Disminuir por100.0%	;0	; --%	; --%	;0	; --%	;Disminuir por100.0%	;
582	;06/25 05:00 - 06:00	;0	; --%	; --%	;4	; --%	; --%	;0	; --%	; --%	;0	; --%	;Disminuir por100.0%	;0	; --%	; --%	;0	; --%	; --%	;
583	;06/25 06:00 - 07:00	;5	; --%	; --%	;11	; --%	;Aumentar por1000.0%	;0	; --%	; --%	;1	; --%	;Disminuir por66.7%	;0	; --%	;Disminuir por100.0%	;1	; --%	; --%	;
584	;06/25 07:00 - 08:00	;9	; --%	;Disminuir por62.5%	;14	; --%	;Disminuir por63.2%	;2	; --%	;Sin cambios	;8	; --%	;Aumentar por60.0%	;0	; --%	;Disminuir por100.0%	;4	; --%	;Aumentar por33.3%	;
585	;06/25 08:00 - 09:00	;32	; --%	;Aumentar por190.9%	;64	; --%	;Aumentar por100.0%	;4	; --%	;Aumentar por300.0%	;27	; --%	;Aumentar por28.6%	;1	; --%	; --%	;9	; --%	;Aumentar por28.6%	;
586	;06/25 09:00 - 10:00	;50	; --%	;Aumentar por2.0%	;66	; --%	;Aumentar por32.0%	;2	; --%	;Sin cambios	;16	; --%	;Disminuir por20.0%	;5	; --%	;Aumentar por25.0%	;14	; --%	;Disminuir por6.7%	;
587	;06/25 10:00 - 11:00	;122	; --%	;Aumentar por8.0%	;104	; --%	;Aumentar por55.2%	;9	; --%	;Aumentar por80.0%	;37	; --%	;Aumentar por37.0%	;0	; --%	; --%	;10	; --%	;Aumentar por66.7%	;
588	;06/25 11:00 - 12:00	;104	; --%	;Disminuir por27.8%	;87	; --%	;Disminuir por26.3%	;5	; --%	;Aumentar por66.7%	;26	; --%	;Aumentar por13.0%	;1	; --%	; --%	;13	; --%	;Aumentar por44.4%	;
589	;06/25 12:00 - 13:00	;59	; --%	;Disminuir por59.6%	;55	; --%	;Disminuir por66.0%	;7	; --%	;Aumentar por600.0%	;28	; --%	;Aumentar por211.1%	;2	; --%	;Aumentar por100.0%	;12	; --%	;Aumentar por50.0%	;
590	;06/25 13:00 - 14:00	;57	;Aumentar por470.0%	;Disminuir por5.0%	;81	;Aumentar por912.5%	;Disminuir por13.8%	;5	; --%	;Aumentar por25.0%	;22	;Aumentar por450.0%	;Aumentar por10.0%	;0	; --%	; --%	;5	;Aumentar por150.0%	;Disminuir por58.3%	;
591	;06/25 14:00 - 15:00	;40	;Disminuir por27.3%	;Aumentar por14.3%	;72	;Disminuir por6.5%	;Aumentar por148.3%	;2	; --%	;Aumentar por100.0%	;16	;Aumentar por128.6%	;Aumentar por23.1%	;1	;Disminuir por66.7%	;Sin cambios	;7	;Disminuir por12.5%	;Disminuir por12.5%	;
592	;06/25 15:00 - 16:00	;41	;Disminuir por43.1%	;Disminuir por39.7%	;74	;Disminuir por3.9%	;Disminuir por19.6%	;2	;Sin cambios	;Disminuir por33.3%	;10	;Disminuir por33.3%	;Aumentar por11.1%	;1	;Sin cambios	;Disminuir por66.7%	;10	;Aumentar por400.0%	;Sin cambios	;
593	;06/25 16:00 - 17:00	;32	;Disminuir por68.9%	;Disminuir por13.5%	;68	;Disminuir por19.0%	;Aumentar por19.3%	;0	;Disminuir por100.0%	;Disminuir por100.0%	;10	;Disminuir por16.7%	;Disminuir por41.2%	;0	;Disminuir por100.0%	;Disminuir por100.0%	;11	;Aumentar por10.0%	;Aumentar por22.2%	;
594	;06/25 17:00 - 18:00	;91	;Aumentar por28.2%	;Aumentar por13.8%	;92	;Aumentar por15.0%	;Disminuir por2.1%	;1	;Sin cambios	;Sin cambios	;12	;Disminuir por36.8%	;Aumentar por33.3%	;1	;Disminuir por66.7%	;Sin cambios	;13	;Aumentar por116.7%	;Sin cambios	;
595	;06/25 18:00 - 19:00	;88	;Disminuir por8.3%	;Aumentar por17.3%	;103	;Disminuir por29.5%	;Disminuir por5.5%	;3	;Sin cambios	; --%	;18	;Disminuir por10.0%	;Aumentar por50.0%	;5	;Aumentar por150.0%	;Aumentar por400.0%	;15	;Aumentar por150.0%	;Aumentar por150.0%	;
596	;06/25 19:00 - 20:00	;144	;Aumentar por476.0%	;Aumentar por12.5%	;144	;Aumentar por396.6%	;Aumentar por30.9%	;1	;Sin cambios	;Sin cambios	;8	;Disminuir por50.0%	;Aumentar por60.0%	;0	; --%	;Disminuir por100.0%	;7	;Disminuir por12.5%	;Disminuir por12.5%	;
597	;06/25 20:00 - 21:00	;252	;Aumentar por800.0%	;Aumentar por123.0%	;329	;Aumentar por743.6%	;Aumentar por155.0%	;0	; --%	;Disminuir por100.0%	;3	;Disminuir por75.0%	;Aumentar por50.0%	;2	; --%	;Aumentar por100.0%	;8	;Aumentar por60.0%	;Aumentar por300.0%	;
598	;06/25 21:00 - 22:00	;191	;Aumentar por1369.2%	; --%	;270	;Aumentar por1828.6%	; --%	;0	; --%	; --%	;2	;Disminuir por66.7%	; --%	;1	;Sin cambios	; --%	;6	;Aumentar por500.0%	; --%	;
599	;06/25 22:00 - 23:00	;185	;Aumentar por1750.0%	; --%	;235	;Aumentar por2837.5%	; --%	;0	; --%	; --%	;1	;Disminuir por85.7%	; --%	;2	;Aumentar por100.0%	; --%	;6	;Aumentar por100.0%	; --%	;
600	;06/25 23:00 - 24:00	;94	;Aumentar por1242.9%	; --%	;243	; --%	; --%	;0	; --%	; --%	;4	;Sin cambios	; --%	;1	;Disminuir por50.0%	; --%	;14	;Aumentar por600.0%	; --%	;
601	;06/26 00:00 - 01:00	;63	;Aumentar por3050.0%	; --%	;108	;Aumentar por2600.0%	; --%	;0	; --%	; --%	;2	; --%	; --%	;7	; --%	; --%	;30	; --%	; --%	;
602	;06/26 01:00 - 02:00	;12	;Aumentar por1100.0%	; --%	;20	; --%	; --%	;0	; --%	; --%	;3	; --%	; --%	;0	; --%	; --%	;3	; --%	; --%	;
603	;06/26 02:00 - 03:00	;1	; --%	; --%	;4	; --%	; --%	;1	; --%	; --%	;3	; --%	; --%	;0	; --%	; --%	;1	; --%	; --%	;
604	;06/26 03:00 - 04:00	;0	; --%	; --%	;1	; --%	; --%	;0	; --%	; --%	;2	; --%	; --%	;0	; --%	; --%	;2	; --%	; --%	;
605	;06/26 04:00 - 05:00	;1	;Sin cambios	; --%	;0	; --%	; --%	;0	; --%	; --%	;2	; --%	; --%	;0	; --%	; --%	;2	; --%	; --%	;
606	;06/26 05:00 - 06:00	;0	; --%	; --%	;1	;Sin cambios	; --%	;0	; --%	; --%	;0	; --%	; --%	;0	; --%	; --%	;0	; --%	; --%	;
607	;06/26 06:00 - 07:00	;1	;Disminuir por85.7%	; --%	;5	;Disminuir por50.0%	; --%	;0	; --%	; --%	;0	; --%	; --%	;0	; --%	; --%	;0	; --%	; --%	;
608	;06/26 07:00 - 08:00	;21	;Aumentar por250.0%	; --%	;34	;Aumentar por47.8%	; --%	;4	; --%	; --%	;14	;Aumentar por27.3%	; --%	;2	;Sin cambios	; --%	;9	;Aumentar por350.0%	; --%	;
609	;06/26 08:00 - 09:00	;26	;Aumentar por333.3%	; --%	;57	;Aumentar por128.0%	; --%	;8	;Aumentar por300.0%	; --%	;36	;Aumentar por63.6%	; --%	;2	; --%	; --%	;11	;Aumentar por266.7%	; --%	;
610	;06/26 09:00 - 10:00	;83	;Aumentar por167.7%	; --%	;57	;Aumentar por200.0%	; --%	;4	;Aumentar por33.3%	; --%	;19	;Aumentar por58.3%	; --%	;4	;Aumentar por33.3%	; --%	;13	;Sin cambios	; --%	;
611	;06/26 10:00 - 11:00	;121	;Aumentar por146.9%	; --%	;89	;Aumentar por122.5%	; --%	;8	;Aumentar por100.0%	; --%	;48	;Aumentar por37.1%	; --%	;0	; --%	; --%	;6	; --%	; --%	;
612	;06/26 11:00 - 12:00	;101	;Aumentar por23.2%	; --%	;115	;Aumentar por91.7%	; --%	;4	;Sin cambios	; --%	;26	;Disminuir por27.8%	; --%	;2	; --%	; --%	;12	;Aumentar por500.0%	; --%	;
613	;06/26 12:00 - 13:00	;92	;Aumentar por76.9%	; --%	;91	;Aumentar por127.5%	; --%	;3	; --%	; --%	;29	;Aumentar por163.6%	; --%	;0	;Disminuir por100.0%	; --%	;4	;Sin cambios	; --%	;
614	;06/26 13:00 - 14:00	;68	;Aumentar por11.5%	; --%	;106	;Aumentar por30.9%	; --%	;6	;Disminuir por25.0%	; --%	;21	;Disminuir por16.0%	; --%	;0	; --%	; --%	;10	;Aumentar por400.0%	; --%	;
615	;06/26 14:00 - 15:00	;26	;Disminuir por31.6%	; --%	;47	;Disminuir por19.0%	; --%	;1	;Sin cambios	; --%	;10	;Disminuir por41.2%	; --%	;0	;Disminuir por100.0%	; --%	;8	;Aumentar por166.7%	; --%	;
616	;06/26 15:00 - 16:00	;45	;Aumentar por32.4%	; --%	;60	;Aumentar por9.1%	; --%	;3	;Disminuir por25.0%	; --%	;15	;Disminuir por40.0%	; --%	;0	;Disminuir por100.0%	; --%	;5	;Aumentar por400.0%	; --%	;
617	;06/26 16:00 - 17:00	;47	;Aumentar por2.2%	; --%	;103	;Aumentar por87.3%	; --%	;2	;Aumentar por100.0%	; --%	;17	;Aumentar por54.5%	; --%	;2	; --%	; --%	;14	;Aumentar por180.0%	; --%	;
618	;06/26 17:00 - 18:00	;82	;Aumentar por10.8%	; --%	;110	;Aumentar por8.9%	; --%	;0	;Disminuir por100.0%	; --%	;12	;Disminuir por25.0%	; --%	;0	; --%	; --%	;12	;Aumentar por33.3%	; --%	;
619	;06/26 18:00 - 19:00	;141	;Aumentar por220.5%	; --%	;185	;Aumentar por193.7%	; --%	;3	; --%	; --%	;13	;Disminuir por31.6%	; --%	;2	;Aumentar por100.0%	; --%	;7	;Aumentar por75.0%	; --%	;
620	;06/26 19:00 - 20:00	;135	;Aumentar por542.9%	; --%	;121	;Aumentar por202.5%	; --%	;4	;Sin cambios	; --%	;13	;Disminuir por27.8%	; --%	;6	; --%	; --%	;11	;Aumentar por120.0%	; --%	;
621	;06/26 20:00 - 21:00	;171	;Aumentar por850.0%	; --%	;228	;Aumentar por1241.2%	; --%	;2	; --%	; --%	;5	;Disminuir por54.5%	; --%	;1	; --%	; --%	;7	;Aumentar por250.0%	; --%	;
622	;06/26 21:00 - 22:00	;179	;Aumentar por1888.9%	; --%	;236	;Aumentar por1473.3%	; --%	;0	;Disminuir por100.0%	; --%	;1	;Disminuir por93.3%	; --%	;0	; --%	; --%	;6	;Aumentar por100.0%	; --%	;
623	;06/26 22:00 - 23:00	;162	;Aumentar por2214.3%	; --%	;276	;Aumentar por6800.0%	; --%	;0	; --%	; --%	;2	;Disminuir por50.0%	; --%	;1	; --%	; --%	;7	; --%	; --%	;
624	;06/26 23:00 - 24:00	;170	;Aumentar por2733.3%	; --%	;284	;Aumentar por9366.7%	; --%	;0	; --%	; --%	;2	;Aumentar por100.0%	; --%	;0	; --%	; --%	;17	; --%	; --%	;
625	;06/27 00:00 - 01:00	;85	;Aumentar por8400.0%	; --%	;154	; --%	; --%	;1	; --%	; --%	;4	; --%	; --%	;1	; --%	; --%	;15	; --%	; --%	;
626	;06/27 01:00 - 02:00	;17	;Aumentar por1600.0%	; --%	;28	; --%	; --%	;1	; --%	; --%	;6	; --%	; --%	;1	; --%	; --%	;12	; --%	; --%	;
627	;06/27 02:00 - 03:00	;3	; --%	; --%	;11	; --%	; --%	;0	; --%	; --%	;1	; --%	; --%	;0	; --%	; --%	;2	; --%	; --%	;
628	;06/27 03:00 - 04:00	;0	; --%	; --%	;0	; --%	; --%	;0	; --%	; --%	;0	; --%	; --%	;0	; --%	; --%	;0	; --%	; --%	;
629	;06/27 04:00 - 05:00	;1	;Sin cambios	; --%	;1	; --%	; --%	;3	; --%	; --%	;5	; --%	; --%	;0	; --%	; --%	;3	; --%	; --%	;
630	;06/27 05:00 - 06:00	;1	; --%	; --%	;1	; --%	; --%	;0	; --%	; --%	;1	; --%	; --%	;0	; --%	; --%	;0	; --%	; --%	;
631	;06/27 06:00 - 07:00	;2	;Aumentar por100.0%	; --%	;1	;Disminuir por50.0%	; --%	;0	; --%	; --%	;1	; --%	; --%	;0	; --%	; --%	;0	; --%	; --%	;
632	;06/27 07:00 - 08:00	;9	;Disminuir por50.0%	; --%	;14	;Disminuir por50.0%	; --%	;0	;Disminuir por100.0%	; --%	;2	;Disminuir por80.0%	; --%	;0	;Disminuir por100.0%	; --%	;3	;Disminuir por40.0%	; --%	;
633	;06/27 08:00 - 09:00	;32	;Aumentar por190.9%	; --%	;37	;Sin cambios	; --%	;0	;Disminuir por100.0%	; --%	;9	;Disminuir por69.0%	; --%	;0	;Disminuir por100.0%	; --%	;5	;Aumentar por66.7%	; --%	;
634	;06/27 09:00 - 10:00	;48	;Aumentar por33.3%	; --%	;53	;Aumentar por47.2%	; --%	;3	;Disminuir por25.0%	; --%	;17	;Disminuir por10.5%	; --%	;1	;Disminuir por66.7%	; --%	;9	;Disminuir por30.8%	; --%	;
635	;06/27 10:00 - 11:00	;95	;Disminuir por25.2%	;Aumentar por126.2%	;102	;Aumentar por59.4%	;Aumentar por168.4%	;4	;Disminuir por50.0%	;Aumentar por300.0%	;26	;Disminuir por42.2%	;Aumentar por52.9%	;2	;Aumentar por100.0%	; --%	;11	;Aumentar por22.2%	;Aumentar por120.0%	;
636	;06/27 11:00 - 12:00	;126	;Aumentar por32.6%	;Disminuir por3.8%	;92	;Aumentar por29.6%	;Disminuir por25.8%	;2	;Sin cambios	;Disminuir por50.0%	;18	;Disminuir por35.7%	;Disminuir por37.9%	;1	;Sin cambios	;Disminuir por50.0%	;13	;Aumentar por85.7%	;Aumentar por8.3%	;
637	;06/27 12:00 - 13:00	;87	;Disminuir por17.9%	;Disminuir por3.3%	;77	;Disminuir por16.3%	;Disminuir por26.7%	;1	;Disminuir por85.7%	;Disminuir por50.0%	;13	;Disminuir por51.9%	;Disminuir por23.5%	;2	;Aumentar por100.0%	;Disminuir por60.0%	;9	;Sin cambios	;Disminuir por43.8%	;
638	;06/27 13:00 - 14:00	;56	;Disminuir por20.0%	;Disminuir por17.6%	;79	;Disminuir por33.6%	;Disminuir por17.7%	;3	;Aumentar por200.0%	;Disminuir por50.0%	;10	;Disminuir por16.7%	;Disminuir por50.0%	;2	;Sin cambios	; --%	;10	;Aumentar por233.3%	;Aumentar por100.0%	;
639	;06/27 14:00 - 15:00	;42	;Disminuir por44.0%	;Disminuir por2.3%	;77	;Disminuir por6.1%	;Aumentar por26.2%	;2	;Disminuir por33.3%	;Aumentar por100.0%	;15	;Disminuir por31.8%	;Aumentar por36.4%	;1	;Disminuir por50.0%	;Sin cambios	;6	;Disminuir por14.3%	;Disminuir por40.0%	;
640	;06/27 15:00 - 16:00	;68	;Aumentar por74.4%	;Aumentar por74.4%	;90	;Aumentar por50.0%	;Aumentar por69.8%	;1	;Disminuir por66.7%	;Disminuir por50.0%	;4	;Disminuir por73.3%	;Disminuir por71.4%	;2	; --%	; --%	;10	;Aumentar por150.0%	;Aumentar por25.0%	;
641	;06/27 16:00 - 17:00	;80	;Aumentar por37.9%	;Aumentar por48.1%	;87	;Aumentar por70.6%	;Aumentar por58.2%	;0	;Disminuir por100.0%	; --%	;5	;Disminuir por73.7%	;Aumentar por66.7%	;0	; --%	; --%	;12	;Aumentar por300.0%	;Aumentar por20.0%	;
642	;06/27 17:00 - 18:00	;80	;Aumentar por185.7%	;Aumentar por15.9%	;107	;Aumentar por87.7%	;Aumentar por39.0%	;3	;Aumentar por50.0%	;Aumentar por200.0%	;14	;Disminuir por17.6%	;Aumentar por7.7%	;1	; --%	; --%	;13	;Aumentar por225.0%	;Aumentar por44.4%	;
643	;06/27 18:00 - 19:00	;229	;Aumentar por241.8%	;Aumentar por288.1%	;179	;Aumentar por98.9%	;Aumentar por145.2%	;1	; --%	; --%	;5	;Disminuir por50.0%	;Disminuir por50.0%	;3	; --%	;Disminuir por25.0%	;9	;Aumentar por200.0%	;Disminuir por25.0%	;
644	;06/27 19:00 - 20:00	;226	;Aumentar por109.3%	;Aumentar por66.2%	;302	;Aumentar por147.5%	;Aumentar por105.4%	;3	; --%	; --%	;5	;Disminuir por37.5%	;Aumentar por25.0%	;3	; --%	;Aumentar por200.0%	;5	;Disminuir por28.6%	;Disminuir por44.4%	;
645	;06/27 20:00 - 21:00	;229	;Aumentar por689.7%	;Aumentar por62.4%	;297	;Aumentar por642.5%	;Aumentar por55.5%	;0	;Disminuir por100.0%	;Disminuir por100.0%	;2	;Disminuir por81.8%	;Disminuir por33.3%	;0	; --%	; --%	;4	;Disminuir por50.0%	;Aumentar por33.3%	;
646	;06/27 21:00 - 22:00	;166	;Aumentar por937.5%	;Aumentar por3.1%	;223	;Aumentar por913.6%	;Aumentar por18.0%	;0	; --%	; --%	;4	;Disminuir por55.6%	;Aumentar por33.3%	;1	; --%	; --%	;7	; --%	;Aumentar por40.0%	;
647	;06/27 22:00 - 23:00	;159	;Aumentar por783.3%	;Aumentar por35.9%	;277	;Aumentar por1219.0%	;Aumentar por33.8%	;0	;Disminuir por100.0%	;Disminuir por100.0%	;1	;Disminuir por75.0%	;Disminuir por80.0%	;1	; --%	; --%	;6	; --%	;Disminuir por33.3%	;
648	;06/27 23:00 - 24:00	;208	;Aumentar por1980.0%	;Aumentar por76.3%	;302	;Aumentar por7450.0%	;Aumentar por39.8%	;2	; --%	;Aumentar por100.0%	;6	;Disminuir por14.3%	;Aumentar por100.0%	;3	; --%	; --%	;21	;Aumentar por2000.0%	;Aumentar por133.3%	;
649	;06/28 00:00 - 01:00	;127	;Aumentar por2440.0%	;Aumentar por95.4%	;174	;Aumentar por3380.0%	;Aumentar por6.7%	;1	; --%	;Sin cambios	;8	;Aumentar por100.0%	;Aumentar por166.7%	;0	; --%	;Disminuir por100.0%	;18	; --%	;Aumentar por20.0%	;
650	;06/28 01:00 - 02:00	;29	;Aumentar por2800.0%	;Aumentar por16.0%	;51	; --%	;Aumentar por21.4%	;1	; --%	;Disminuir por50.0%	;10	;Aumentar por900.0%	;Aumentar por233.3%	;0	; --%	;Disminuir por100.0%	;12	; --%	;Disminuir por7.7%	;
651	;06/28 02:00 - 03:00	;14	; --%	;Aumentar por250.0%	;10	;Aumentar por400.0%	;Aumentar por100.0%	;0	; --%	; --%	;0	; --%	;Disminuir por100.0%	;0	; --%	; --%	;1	;Sin cambios	; --%	;
652	;06/28 03:00 - 04:00	;4	;Aumentar por33.3%	;Sin cambios	;10	;Aumentar por400.0%	;Aumentar por900.0%	;1	; --%	; --%	;2	; --%	;Aumentar por100.0%	;0	; --%	; --%	;0	; --%	;Disminuir por100.0%	;
653	;06/28 04:00 - 05:00	;0	; --%	;Disminuir por100.0%	;0	; --%	; --%	;0	; --%	; --%	;1	;Disminuir por50.0%	;Sin cambios	;0	; --%	; --%	;0	; --%	; --%	;
654	;06/28 05:00 - 06:00	;1	; --%	;Disminuir por50.0%	;2	; --%	;Aumentar por100.0%	;0	; --%	; --%	;0	; --%	; --%	;0	; --%	; --%	;0	;Disminuir por100.0%	;Disminuir por100.0%	;
655	;06/28 06:00 - 07:00	;6	;Aumentar por500.0%	; --%	;6	;Aumentar por200.0%	;Disminuir por14.3%	;0	; --%	; --%	;0	;Disminuir por100.0%	; --%	;0	; --%	; --%	;1	; --%	; --%	;
656	;06/28 07:00 - 08:00	;12	;Aumentar por20.0%	;Sin cambios	;20	;Aumentar por66.7%	;Aumentar por81.8%	;0	; --%	; --%	;2	;Disminuir por33.3%	;Disminuir por50.0%	;2	;Sin cambios	; --%	;5	;Aumentar por400.0%	;Aumentar por400.0%	;
657	;06/28 08:00 - 09:00	;14	;Aumentar por133.3%	;Disminuir por6.7%	;35	;Aumentar por118.8%	;Aumentar por6.1%	;0	; --%	;Disminuir por100.0%	;5	;Disminuir por64.3%	;Disminuir por58.3%	;0	; --%	;Disminuir por100.0%	;3	; --%	;Disminuir por62.5%	;
658	;06/28 09:00 - 10:00	;48	;Aumentar por29.7%	;Disminuir por2.0%	;42	;Disminuir por2.3%	;Disminuir por20.8%	;1	;Disminuir por50.0%	; --%	;7	;Disminuir por46.2%	;Disminuir por41.7%	;0	; --%	;Disminuir por100.0%	;8	;Aumentar por33.3%	;Disminuir por11.1%	;
659	;06/28 10:00 - 11:00	;176	;Aumentar por21.4%	;Aumentar por81.4%	;117	;Aumentar por23.2%	;Aumentar por41.0%	;1	;Sin cambios	;Sin cambios	;17	;Aumentar por6.3%	;Sin cambios	;0	;Disminuir por100.0%	;Disminuir por100.0%	;7	;Sin cambios	;Disminuir por41.7%	;
660	;06/28 11:00 - 12:00	;153	;Disminuir por31.4%	;Aumentar por75.9%	;192	;Disminuir por2.0%	;Aumentar por86.4%	;3	;Sin cambios	;Sin cambios	;17	;Disminuir por22.7%	;Disminuir por22.7%	;5	; --%	;Sin cambios	;11	;Aumentar por175.0%	;Disminuir por8.3%	;
661	;06/28 12:00 - 13:00	;88	;Disminuir por61.1%	;Aumentar por41.9%	;119	;Disminuir por48.9%	;Aumentar por56.6%	;2	; --%	; --%	;11	;Disminuir por35.3%	;Aumentar por22.2%	;2	;Aumentar por100.0%	;Disminuir por33.3%	;14	;Aumentar por133.3%	;Aumentar por100.0%	;
662	;06/28 13:00 - 14:00	;74	;Disminuir por31.5%	;Aumentar por15.6%	;103	;Disminuir por6.4%	;Aumentar por71.7%	;2	;Aumentar por100.0%	; --%	;11	;Aumentar por37.5%	;Sin cambios	;2	; --%	; --%	;9	;Aumentar por200.0%	;Sin cambios	;
663	;06/28 14:00 - 15:00	;51	;Disminuir por8.9%	;Disminuir por1.9%	;92	;Aumentar por39.4%	;Disminuir por6.1%	;4	;Aumentar por300.0%	;Aumentar por300.0%	;8	;Aumentar por14.3%	;Disminuir por52.9%	;2	; --%	;Aumentar por100.0%	;12	;Aumentar por1100.0%	;Disminuir por7.7%	;
664	;06/28 15:00 - 16:00	;47	;Disminuir por46.6%	;Disminuir por16.1%	;55	;Disminuir por43.3%	;Disminuir por27.6%	;0	;Disminuir por100.0%	; --%	;2	;Disminuir por50.0%	;Sin cambios	;0	; --%	;Disminuir por100.0%	;3	;Disminuir por25.0%	;Disminuir por25.0%	;
665	;06/28 16:00 - 17:00	;69	;Disminuir por64.4%	;Aumentar por6.2%	;111	;Disminuir por43.4%	;Aumentar por113.5%	;0	; --%	;Disminuir por100.0%	;9	;Aumentar por80.0%	;Aumentar por80.0%	;1	; --%	; --%	;14	;Aumentar por250.0%	;Aumentar por75.0%	;
666	;06/28 17:00 - 18:00	;70	;Disminuir por73.1%	;Aumentar por40.0%	;81	;Disminuir por74.3%	;Aumentar por24.6%	;1	;Sin cambios	; --%	;6	;Disminuir por40.0%	;Disminuir por33.3%	;0	;Disminuir por100.0%	; --%	;6	;Disminuir por45.5%	;Sin cambios	;
667	;06/28 18:00 - 19:00	;90	;Disminuir por71.2%	;Aumentar por2.3%	;101	;Disminuir por69.8%	;Disminuir por6.5%	;2	;Sin cambios	;Aumentar por100.0%	;9	;Disminuir por18.2%	;Disminuir por18.2%	;1	;Disminuir por75.0%	;Disminuir por50.0%	;9	;Aumentar por28.6%	;Sin cambios	;
668	;06/28 19:00 - 20:00	;155	;Aumentar por14.0%	;Disminuir por35.4%	;174	;Disminuir por38.3%	;Disminuir por11.2%	;1	;Disminuir por66.7%	;Disminuir por66.7%	;2	;Disminuir por84.6%	;Disminuir por77.8%	;3	;Aumentar por200.0%	;Sin cambios	;5	;Disminuir por28.6%	;Disminuir por54.5%	;
669	;06/28 20:00 - 21:00	;148	;Aumentar por108.5%	;Disminuir por28.5%	;192	;Aumentar por68.4%	;Disminuir por28.9%	;0	;Disminuir por100.0%	;Disminuir por100.0%	;3	;Disminuir por75.0%	;Aumentar por50.0%	;1	;Disminuir por50.0%	;Sin cambios	;6	;Aumentar por50.0%	;Sin cambios	;
670	;06/28 21:00 - 22:00	;111	;Aumentar por164.3%	;Disminuir por61.2%	;164	;Aumentar por113.0%	;Disminuir por57.5%	;0	; --%	; --%	;3	;Disminuir por50.0%	;Aumentar por50.0%	;2	; --%	;Sin cambios	;10	;Aumentar por150.0%	;Aumentar por233.3%	;
671	;06/28 22:00 - 23:00	;132	;Aumentar por1100.0%	;Disminuir por12.0%	;179	;Aumentar por616.0%	;Disminuir por36.1%	;0	; --%	; --%	;1	;Disminuir por50.0%	; --%	;3	; --%	;Aumentar por50.0%	;11	;Aumentar por1000.0%	;Aumentar por120.0%	;
672	;06/28 23:00 - 24:00	;85	;Aumentar por2025.0%	;Disminuir por47.2%	;199	;Aumentar por1321.4%	;Disminuir por31.8%	;0	;Disminuir por100.0%	; --%	;4	;Disminuir por20.0%	;Aumentar por33.3%	;0	; --%	;Disminuir por100.0%	;8	;Aumentar por100.0%	;Disminuir por55.6%	;
673	;06/29 00:00 - 01:00	;40	;Aumentar por3900.0%	;Disminuir por56.0%	;60	;Aumentar por5900.0%	;Disminuir por73.2%	;1	; --%	; --%	;5	;Aumentar por25.0%	;Aumentar por150.0%	;0	; --%	;Disminuir por100.0%	;11	;Aumentar por450.0%	;Disminuir por21.4%	;
674	;06/29 01:00 - 02:00	;13	;Aumentar por550.0%	;Disminuir por76.4%	;15	;Aumentar por400.0%	;Disminuir por72.7%	;0	; --%	; --%	;1	; --%	;Sin cambios	;1	; --%	; --%	;5	; --%	;Disminuir por50.0%	;
675	;06/29 02:00 - 03:00	;1	; --%	;Disminuir por90.9%	;0	; --%	;Disminuir por100.0%	;1	; --%	;Sin cambios	;2	; --%	;Disminuir por33.3%	;0	; --%	;Disminuir por100.0%	;4	; --%	;Aumentar por33.3%	;
676	;06/29 03:00 - 04:00	;1	; --%	;Disminuir por88.9%	;0	; --%	;Disminuir por100.0%	;0	; --%	;Disminuir por100.0%	;1	;Sin cambios	;Disminuir por87.5%	;0	; --%	; --%	;1	; --%	; --%	;
677	;06/29 04:00 - 05:00	;0	; --%	;Disminuir por100.0%	;1	; --%	;Sin cambios	;0	; --%	; --%	;2	;Aumentar por100.0%	; --%	;0	; --%	; --%	;0	; --%	;Disminuir por100.0%	;
678	;06/29 05:00 - 06:00	;0	; --%	;Disminuir por100.0%	;2	;Disminuir por50.0%	;Disminuir por33.3%	;0	; --%	; --%	;0	; --%	; --%	;0	; --%	; --%	;2	;Sin cambios	; --%	;
679	;06/29 06:00 - 07:00	;6	;Aumentar por500.0%	;Aumentar por100.0%	;8	; --%	;Aumentar por100.0%	;0	; --%	; --%	;2	; --%	;Aumentar por100.0%	;0	; --%	; --%	;2	; --%	; --%	;
680	;06/29 07:00 - 08:00	;13	;Aumentar por333.3%	;Aumentar por62.5%	;19	;Aumentar por1800.0%	;Aumentar por171.4%	;2	; --%	; --%	;10	;Aumentar por900.0%	;Aumentar por400.0%	;1	; --%	; --%	;5	; --%	;Aumentar por150.0%	;
681	;06/29 08:00 - 09:00	;21	;Aumentar por600.0%	;Aumentar por23.5%	;47	;Aumentar por2250.0%	;Aumentar por161.1%	;6	; --%	;Aumentar por500.0%	;28	;Aumentar por460.0%	;Aumentar por133.3%	;1	; --%	; --%	;7	; --%	;Aumentar por16.7%	;
682	;06/29 09:00 - 10:00	;48	;Aumentar por500.0%	;Aumentar por14.3%	;45	;Aumentar por150.0%	;Aumentar por25.0%	;2	;Aumentar por100.0%	;Disminuir por33.3%	;12	;Aumentar por20.0%	;Sin cambios	;4	; --%	;Aumentar por33.3%	;12	;Aumentar por300.0%	;Aumentar por50.0%	;
683	;06/29 10:00 - 11:00	;127	;Disminuir por57.9%	;Disminuir por6.6%	;70	;Disminuir por1.4%	;Disminuir por13.6%	;2	;Disminuir por33.3%	;Aumentar por100.0%	;27	;Disminuir por15.6%	;Aumentar por170.0%	;2	;Sin cambios	;Disminuir por33.3%	;8	;Aumentar por33.3%	;Disminuir por42.9%	;
684	;06/29 11:00 - 12:00	;82	;Disminuir por68.9%	;Disminuir por33.9%	;84	;Disminuir por78.0%	;Disminuir por54.3%	;5	;Aumentar por25.0%	;Sin cambios	;22	;Aumentar por57.1%	;Aumentar por83.3%	;2	;Aumentar por100.0%	;Disminuir por66.7%	;13	;Aumentar por1200.0%	;Disminuir por13.3%	;
685	;06/29 12:00 - 13:00	;65	;Disminuir por86.6%	;Disminuir por23.5%	;81	;Disminuir por83.7%	;Disminuir por34.7%	;2	;Disminuir por33.3%	;Aumentar por100.0%	;10	;Disminuir por16.7%	;Aumentar por150.0%	;3	;Sin cambios	;Sin cambios	;10	;Aumentar por100.0%	;Disminuir por9.1%	;
686	;06/29 13:00 - 14:00	;41	;Disminuir por38.8%	;Disminuir por31.7%	;66	;Disminuir por48.4%	;Aumentar por15.8%	;3	;Aumentar por200.0%	; --%	;18	;Aumentar por80.0%	;Aumentar por125.0%	;0	; --%	; --%	;4	;Aumentar por100.0%	;Disminuir por20.0%	;
687	;06/29 14:00 - 15:00	;45	;Disminuir por49.4%	;Aumentar por12.5%	;54	;Disminuir por44.9%	;Disminuir por10.0%	;7	;Aumentar por250.0%	;Aumentar por600.0%	;25	;Aumentar por257.1%	;Aumentar por316.7%	;0	;Disminuir por100.0%	; --%	;5	;Aumentar por25.0%	;Disminuir por61.5%	;
688	;06/29 15:00 - 16:00	;43	;Disminuir por48.8%	;Aumentar por13.2%	;66	;Disminuir por15.4%	;Aumentar por20.0%	;3	;Aumentar por200.0%	; --%	;10	;Sin cambios	;Aumentar por100.0%	;0	;Disminuir por100.0%	; --%	;2	;Sin cambios	;Disminuir por60.0%	;
689	;06/29 16:00 - 17:00	;30	;Disminuir por56.5%	;Disminuir por52.4%	;47	;Disminuir por63.6%	;Disminuir por47.2%	;3	; --%	;Aumentar por200.0%	;11	;Aumentar por175.0%	;Aumentar por175.0%	;1	; --%	; --%	;9	;Aumentar por800.0%	;Aumentar por125.0%	;
690	;06/29 17:00 - 18:00	;33	;Disminuir por60.7%	;Disminuir por34.0%	;56	;Disminuir por52.1%	;Aumentar por107.4%	;3	; --%	; --%	;8	;Disminuir por11.1%	;Aumentar por166.7%	;2	;Aumentar por100.0%	; --%	;10	;Aumentar por150.0%	;Aumentar por150.0%	;
691	;06/29 18:00 - 19:00	;62	;Disminuir por17.3%	;Disminuir por8.8%	;55	;Disminuir por69.1%	;Disminuir por34.5%	;1	; --%	;Sin cambios	;16	;Aumentar por433.3%	;Aumentar por128.6%	;0	;Disminuir por100.0%	; --%	;5	;Disminuir por37.5%	;Sin cambios	;
692	;06/29 19:00 - 20:00	;81	;Disminuir por23.6%	;Disminuir por29.6%	;102	;Disminuir por55.5%	;Disminuir por3.8%	;2	; --%	;Aumentar por100.0%	;10	;Aumentar por233.3%	;Aumentar por150.0%	;5	;Aumentar por66.7%	; --%	;13	;Aumentar por333.3%	;Aumentar por160.0%	;
693	;06/29 20:00 - 21:00	;91	;Aumentar por46.8%	;Disminuir por19.5%	;98	;Disminuir por31.5%	;Disminuir por39.1%	;2	;Aumentar por100.0%	; --%	;8	;Disminuir por27.3%	;Aumentar por700.0%	;2	; --%	;Sin cambios	;7	;Aumentar por250.0%	;Sin cambios	;
694	;06/29 21:00 - 22:00	;117	;Aumentar por485.0%	;Aumentar por67.1%	;133	;Aumentar por125.4%	;Disminuir por27.3%	;0	;Disminuir por100.0%	; --%	;1	;Disminuir por87.5%	;Sin cambios	;2	; --%	; --%	;9	;Aumentar por200.0%	;Aumentar por200.0%	;
695	;06/29 22:00 - 23:00	;66	;Aumentar por633.3%	;Disminuir por39.4%	;138	;Aumentar por820.0%	;Disminuir por28.5%	;0	; --%	;Disminuir por100.0%	;2	;Sin cambios	;Disminuir por50.0%	;0	;Disminuir por100.0%	;Disminuir por100.0%	;6	;Aumentar por500.0%	;Disminuir por64.7%	;
696	;06/29 23:00 - 24:00	;122	;Aumentar por2340.0%	;Aumentar por84.8%	;242	;Aumentar por1761.5%	;Aumentar por33.7%	;0	; --%	; --%	;4	;Aumentar por300.0%	;Aumentar por33.3%	;0	; --%	; --%	;16	;Aumentar por700.0%	;Aumentar por6.7%	;
697	;06/30 00:00 - 01:00	;40	;Aumentar por900.0%	;Aumentar por33.3%	;66	;Aumentar por6500.0%	;Aumentar por11.9%	;0	; --%	; --%	;5	;Aumentar por25.0%	; --%	;1	; --%	;Disminuir por50.0%	;10	; --%	;Disminuir por41.2%	;
698	;06/30 01:00 - 02:00	;10	;Aumentar por400.0%	;Disminuir por23.1%	;16	;Aumentar por700.0%	;Disminuir por20.0%	;1	; --%	; --%	;4	;Aumentar por300.0%	;Aumentar por33.3%	;0	; --%	; --%	;9	; --%	;Aumentar por350.0%	;
699	;06/30 02:00 - 03:00	;4	; --%	;Disminuir por60.0%	;13	; --%	;Aumentar por225.0%	;1	;Sin cambios	;Disminuir por50.0%	;4	;Aumentar por100.0%	;Disminuir por33.3%	;1	; --%	; --%	;0	; --%	; --%	;
700	;06/30 03:00 - 04:00	;3	; --%	;Aumentar por200.0%	;7	; --%	; --%	;0	; --%	; --%	;1	;Sin cambios	; --%	;0	; --%	; --%	;2	; --%	; --%	;
701	;06/30 04:00 - 05:00	;0	; --%	; --%	;1	; --%	; --%	;0	; --%	; --%	;1	;Sin cambios	; --%	;0	; --%	; --%	;1	; --%	;Sin cambios	;
702	;06/30 05:00 - 06:00	;1	; --%	;Sin cambios	;9	; --%	;Aumentar por350.0%	;0	; --%	; --%	;1	; --%	;Sin cambios	;0	; --%	; --%	;2	; --%	;Aumentar por100.0%	;
703	;06/30 06:00 - 07:00	;2	;Sin cambios	;Disminuir por60.0%	;2	;Disminuir por33.3%	;Disminuir por60.0%	;0	;Disminuir por100.0%	; --%	;3	;Disminuir por25.0%	;Aumentar por200.0%	;0	;Disminuir por100.0%	; --%	;1	;Sin cambios	;Disminuir por50.0%	;
704	;06/30 07:00 - 08:00	;10	;Disminuir por16.7%	;Disminuir por37.5%	;17	;Disminuir por15.0%	;Disminuir por10.5%	;1	;Disminuir por50.0%	; --%	;10	;Aumentar por150.0%	;Aumentar por150.0%	;1	;Disminuir por50.0%	;Disminuir por66.7%	;6	;Aumentar por500.0%	;Aumentar por20.0%	;
705	;06/30 08:00 - 09:00	;9	;Disminuir por25.0%	;Disminuir por47.1%	;39	;Disminuir por11.4%	;Disminuir por11.4%	;2	;Disminuir por60.0%	;Aumentar por100.0%	;19	;Disminuir por5.0%	;Aumentar por90.0%	;0	;Disminuir por100.0%	;Disminuir por100.0%	;5	;Aumentar por150.0%	;Disminuir por50.0%	;
706	;06/30 09:00 - 10:00	;35	;Aumentar por59.1%	;Aumentar por2.9%	;30	;Aumentar por11.1%	;Disminuir por46.4%	;4	;Aumentar por300.0%	;Aumentar por100.0%	;25	;Aumentar por92.3%	;Aumentar por31.6%	;2	;Disminuir por60.0%	;Disminuir por71.4%	;15	;Aumentar por15.4%	;Disminuir por11.8%	;
707	;06/30 10:00 - 11:00	;106	;Aumentar por9.3%	;Aumentar por30.9%	;87	;Aumentar por190.0%	;Aumentar por102.3%	;5	;Disminuir por16.7%	;Aumentar por66.7%	;41	;Aumentar por46.4%	;Aumentar por20.6%	;1	;Disminuir por66.7%	;Disminuir por66.7%	;10	;Aumentar por25.0%	;Aumentar por11.1%	;
708	;06/30 11:00 - 12:00	;82	;Disminuir por48.1%	;Aumentar por10.8%	;86	;Aumentar por19.4%	;Aumentar por21.1%	;8	;Aumentar por700.0%	;Aumentar por33.3%	;26	;Aumentar por13.0%	;Disminuir por29.7%	;0	;Disminuir por100.0%	; --%	;6	;Aumentar por50.0%	;Disminuir por40.0%	;
709	;06/30 12:00 - 13:00	;28	;Disminuir por81.1%	;Disminuir por28.2%	;34	;Disminuir por67.6%	;Disminuir por12.8%	;2	;Disminuir por50.0%	;Aumentar por100.0%	;20	;Aumentar por5.3%	;Aumentar por185.7%	;0	;Disminuir por100.0%	;Disminuir por100.0%	;5	;Sin cambios	;Disminuir por16.7%	;
710	;06/30 13:00 - 14:00	;18	;Disminuir por87.1%	;Disminuir por56.1%	;35	;Disminuir por77.6%	;Disminuir por49.3%	;2	;Sin cambios	; --%	;14	;Disminuir por6.7%	;Aumentar por16.7%	;0	; --%	;Disminuir por100.0%	;7	;Aumentar por250.0%	;Aumentar por16.7%	;
711	;06/30 14:00 - 15:00	;21	;Disminuir por50.0%	;Disminuir por40.0%	;38	;Disminuir por40.6%	;Sin cambios	;3	; --%	;Aumentar por200.0%	;13	;Disminuir por18.8%	;Sin cambios	;0	; --%	;Disminuir por100.0%	;5	;Disminuir por16.7%	;Disminuir por50.0%	;
712	;06/30 15:00 - 16:00	;49	;Disminuir por27.9%	;Aumentar por28.9%	;63	;Disminuir por28.4%	;Aumentar por57.5%	;2	;Disminuir por33.3%	;Disminuir por50.0%	;15	;Aumentar por25.0%	;Aumentar por15.4%	;0	; --%	; --%	;7	;Aumentar por75.0%	;Sin cambios	;
713	;06/30 16:00 - 17:00	;28	;Disminuir por54.1%	;Disminuir por22.2%	;46	;Aumentar por4.5%	;Aumentar por4.5%	;1	;Sin cambios	;Disminuir por50.0%	;8	;Disminuir por20.0%	;Disminuir por20.0%	;0	; --%	; --%	;10	;Aumentar por233.3%	;Disminuir por33.3%	;
714	;06/30 17:00 - 18:00	;45	;Disminuir por60.9%	;Aumentar por15.4%	;52	;Disminuir por35.8%	;Aumentar por2.0%	;1	;Disminuir por75.0%	; --%	;7	;Disminuir por61.1%	;Disminuir por30.0%	;0	;Disminuir por100.0%	;Disminuir por100.0%	;13	;Aumentar por225.0%	;Aumentar por44.4%	;
715	;06/30 18:00 - 19:00	;62	;Disminuir por34.7%	;Disminuir por21.5%	;87	;Disminuir por21.6%	;Aumentar por31.8%	;1	; --%	; --%	;11	;Aumentar por37.5%	;Sin cambios	;3	;Aumentar por50.0%	;Aumentar por200.0%	;12	;Aumentar por140.0%	;Aumentar por71.4%	;
716	;06/30 19:00 - 20:00	;140	;Disminuir por21.3%	;Aumentar por150.0%	;164	;Disminuir por26.1%	;Aumentar por134.3%	;1	;Disminuir por50.0%	; --%	;5	;Disminuir por58.3%	;Disminuir por61.5%	;1	; --%	;Disminuir por50.0%	;10	;Aumentar por233.3%	;Aumentar por11.1%	;
717	;06/30 20:00 - 21:00	;113	;Disminuir por22.1%	;Aumentar por14.1%	;135	;Disminuir por44.0%	;Disminuir por2.9%	;2	;Sin cambios	; --%	;2	;Disminuir por84.6%	;Sin cambios	;0	; --%	;Disminuir por100.0%	;2	;Disminuir por80.0%	;Disminuir por33.3%	;
718	;06/30 21:00 - 22:00	;138	;Aumentar por200.0%	;Aumentar por56.8%	;180	;Aumentar por339.0%	;Aumentar por36.4%	;1	;Sin cambios	; --%	;8	;Disminuir por27.3%	; --%	;2	;Sin cambios	;Aumentar por100.0%	;9	;Aumentar por12.5%	;Disminuir por18.2%	;
719	;06/30 22:00 - 23:00	;140	;Aumentar por677.8%	;Aumentar por57.3%	;202	;Aumentar por392.7%	;Aumentar por41.3%	;0	; --%	; --%	;1	;Disminuir por80.0%	;Disminuir por75.0%	;1	; --%	;Disminuir por50.0%	;12	;Aumentar por200.0%	;Aumentar por33.3%	;
720	;06/30 23:00 - 24:00	;72	;Aumentar por350.0%	;Disminuir por1.4%	;233	;Aumentar por2488.9%	;Aumentar por51.3%	;1	; --%	; --%	;2	;Sin cambios	;Disminuir por60.0%	;1	; --%	;Disminuir por66.7%	;24	;Aumentar por500.0%	;Aumentar por50.0%	;
721	;07/01 00:00 - 01:00	;53	; --%	;Aumentar por29.3%	;74	;Aumentar por3600.0%	;Aumentar por29.8%	;0	; --%	; --%	;7	;Aumentar por600.0%	;Aumentar por250.0%	;1	; --%	; --%	;18	; --%	;Aumentar por5.9%	;
722	;07/01 01:00 - 02:00	;13	; --%	;Aumentar por44.4%	;14	; --%	;Disminuir por36.4%	;0	; --%	; --%	;1	; --%	;Sin cambios	;0	; --%	; --%	;1	; --%	;Disminuir por50.0%	;
723	;07/01 02:00 - 03:00	;3	; --%	;Disminuir por40.0%	;3	; --%	;Aumentar por50.0%	;1	; --%	; --%	;3	; --%	; --%	;0	; --%	; --%	;3	; --%	;Aumentar por200.0%	;
724	;07/01 03:00 - 04:00	;0	; --%	;Disminuir por100.0%	;1	; --%	; --%	;0	; --%	; --%	;0	; --%	; --%	;0	; --%	; --%	;1	; --%	; --%	;
725	;07/01 04:00 - 05:00	;0	; --%	;Disminuir por100.0%	;0	; --%	; --%	;0	; --%	; --%	;1	; --%	; --%	;0	; --%	; --%	;0	; --%	;Disminuir por100.0%	;
726	;07/01 05:00 - 06:00	;0	; --%	; --%	;3	;Aumentar por50.0%	;Disminuir por25.0%	;0	; --%	; --%	;0	; --%	; --%	;0	; --%	; --%	;1	; --%	; --%	;
727	;07/01 06:00 - 07:00	;4	; --%	;Disminuir por50.0%	;6	;Aumentar por500.0%	;Aumentar por200.0%	;0	; --%	; --%	;0	;Disminuir por100.0%	;Disminuir por100.0%	;0	;Disminuir por100.0%	;Disminuir por100.0%	;3	;Aumentar por50.0%	;Sin cambios	;
728	;07/01 07:00 - 08:00	;14	;Aumentar por250.0%	;Disminuir por6.7%	;21	;Aumentar por31.3%	;Disminuir por4.5%	;1	;Sin cambios	;Sin cambios	;10	;Aumentar por150.0%	;Aumentar por25.0%	;1	; --%	; --%	;8	; --%	;Aumentar por166.7%	;
729	;07/01 08:00 - 09:00	;18	;Aumentar por125.0%	;Sin cambios	;45	;Aumentar por104.5%	;Aumentar por4.7%	;1	;Disminuir por50.0%	;Disminuir por50.0%	;22	;Aumentar por22.2%	;Disminuir por8.3%	;2	; --%	;Disminuir por33.3%	;6	;Aumentar por500.0%	;Disminuir por40.0%	;
730	;07/01 09:00 - 10:00	;42	;Aumentar por121.1%	;Disminuir por6.7%	;29	;Aumentar por107.1%	;Disminuir por44.2%	;3	; --%	;Aumentar por200.0%	;16	;Disminuir por23.8%	;Disminuir por20.0%	;4	;Aumentar por33.3%	; --%	;10	;Aumentar por42.9%	;Sin cambios	;
731	;07/01 10:00 - 11:00	;66	;Disminuir por24.1%	;Disminuir por4.3%	;42	;Disminuir por14.3%	;Disminuir por27.6%	;1	;Disminuir por50.0%	;Disminuir por50.0%	;24	;Disminuir por27.3%	;Aumentar por26.3%	;0	; --%	;Disminuir por100.0%	;6	;Aumentar por50.0%	;Disminuir por53.8%	;
732	;07/01 11:00 - 12:00	;99	;Disminuir por21.4%	;Aumentar por3.1%	;107	;Aumentar por18.9%	;Aumentar por25.9%	;6	;Disminuir por14.3%	;Aumentar por20.0%	;36	;Disminuir por16.3%	;Aumentar por24.1%	;0	;Disminuir por100.0%	;Disminuir por100.0%	;15	;Aumentar por200.0%	;Aumentar por50.0%	;
733	;07/01 12:00 - 13:00	;60	;Disminuir por68.4%	;Disminuir por23.1%	;75	;Disminuir por52.5%	;Disminuir por9.6%	;2	;Aumentar por100.0%	;Disminuir por71.4%	;17	;Aumentar por21.4%	;Disminuir por29.2%	;2	;Sin cambios	;Sin cambios	;7	;Sin cambios	;Disminuir por22.2%	;
734	;07/01 13:00 - 14:00	;58	;Disminuir por80.5%	;Aumentar por52.6%	;74	;Disminuir por78.4%	;Aumentar por37.0%	;1	;Sin cambios	;Sin cambios	;9	;Disminuir por35.7%	;Disminuir por18.2%	;0	; --%	;Disminuir por100.0%	;7	;Sin cambios	;Disminuir por41.7%	;
735	;07/01 14:00 - 15:00	;43	;Disminuir por12.2%	;Disminuir por12.2%	;89	;Aumentar por36.9%	;Aumentar por64.8%	;2	;Aumentar por100.0%	;Disminuir por50.0%	;12	;Aumentar por33.3%	;Disminuir por25.0%	;2	; --%	;Disminuir por33.3%	;9	;Aumentar por200.0%	;Disminuir por25.0%	;
736	;07/01 15:00 - 16:00	;23	;Disminuir por43.9%	;Disminuir por28.1%	;53	;Disminuir por22.1%	;Aumentar por10.4%	;5	;Sin cambios	;Aumentar por400.0%	;14	;Disminuir por6.7%	;Aumentar por55.6%	;1	;Disminuir por50.0%	; --%	;10	;Aumentar por233.3%	;Disminuir por9.1%	;
737	;07/01 16:00 - 17:00	;45	;Disminuir por69.8%	;Disminuir por6.3%	;77	;Disminuir por29.4%	;Aumentar por37.5%	;1	;Sin cambios	;Disminuir por50.0%	;9	;Disminuir por50.0%	;Disminuir por10.0%	;1	;Disminuir por66.7%	;Disminuir por75.0%	;6	;Disminuir por40.0%	;Disminuir por62.5%	;
738	;07/01 17:00 - 18:00	;78	;Disminuir por28.4%	;Aumentar por47.2%	;66	;Disminuir por54.2%	;Aumentar por46.7%	;1	; --%	;Sin cambios	;9	;Disminuir por35.7%	;Disminuir por35.7%	;0	;Disminuir por100.0%	;Disminuir por100.0%	;11	;Aumentar por120.0%	;Disminuir por8.3%	;
739	;07/01 18:00 - 19:00	;72	;Disminuir por35.7%	;Disminuir por13.3%	;62	;Disminuir por66.8%	;Disminuir por17.3%	;0	;Disminuir por100.0%	; --%	;8	;Disminuir por27.3%	;Aumentar por33.3%	;1	; --%	;Disminuir por75.0%	;8	;Aumentar por300.0%	;Disminuir por38.5%	;
740	;07/01 19:00 - 20:00	;131	;Disminuir por26.8%	;Aumentar por39.4%	;139	;Disminuir por42.1%	;Aumentar por43.3%	;0	;Disminuir por100.0%	;Disminuir por100.0%	;8	;Disminuir por11.1%	;Disminuir por27.3%	;1	; --%	;Sin cambios	;5	;Disminuir por16.7%	;Disminuir por58.3%	;
741	;07/01 20:00 - 21:00	;196	;Aumentar por63.3%	;Aumentar por88.5%	;268	;Aumentar por40.3%	;Aumentar por44.9%	;0	;Disminuir por100.0%	;Disminuir por100.0%	;3	;Disminuir por78.6%	;Disminuir por57.1%	;5	; --%	;Aumentar por25.0%	;13	;Aumentar por30.0%	;Aumentar por44.4%	;
742	;07/01 21:00 - 22:00	;169	;Aumentar por550.0%	;Aumentar por74.2%	;262	;Aumentar por309.4%	;Aumentar por49.7%	;1	;Disminuir por50.0%	;Sin cambios	;6	;Disminuir por50.0%	;Aumentar por200.0%	;0	; --%	;Disminuir por100.0%	;6	;Aumentar por100.0%	;Disminuir por25.0%	;
743	;07/01 22:00 - 23:00	;166	;Aumentar por690.5%	;Aumentar por52.3%	;229	;Aumentar por593.9%	;Aumentar por12.8%	;0	; --%	;Disminuir por100.0%	;7	;Aumentar por250.0%	;Aumentar por75.0%	;0	; --%	;Disminuir por100.0%	;4	; --%	;Disminuir por42.9%	;
744	;07/01 23:00 - 24:00	;128	;Aumentar por814.3%	;Aumentar por45.5%	;223	;Aumentar por725.9%	;Aumentar por37.7%	;0	; --%	; --%	;4	;Disminuir por20.0%	;Aumentar por100.0%	;0	; --%	;Disminuir por100.0%	;17	;Aumentar por240.0%	;Disminuir por19.0%	;
745	;07/02 00:00 - 01:00	;46	;Aumentar por4500.0%	;Disminuir por43.2%	;97	;Aumentar por1516.7%	;Disminuir por15.7%	;0	; --%	; --%	;2	;Disminuir por50.0%	;Disminuir por33.3%	;1	; --%	; --%	;21	;Aumentar por2000.0%	;Aumentar por50.0%	;
746	;07/02 01:00 - 02:00	;8	; --%	;Disminuir por46.7%	;9	; --%	;Disminuir por50.0%	;0	; --%	; --%	;3	; --%	;Aumentar por50.0%	;0	; --%	; --%	;3	; --%	;Aumentar por200.0%	;
747	;07/02 02:00 - 03:00	;2	;Aumentar por100.0%	;Disminuir por81.8%	;2	; --%	;Sin cambios	;0	; --%	;Disminuir por100.0%	;0	;Disminuir por100.0%	;Disminuir por100.0%	;0	; --%	; --%	;0	; --%	; --%	;
748	;07/02 03:00 - 04:00	;0	;Disminuir por100.0%	;Disminuir por100.0%	;1	;Sin cambios	;Sin cambios	;0	; --%	; --%	;0	; --%	; --%	;0	; --%	; --%	;1	; --%	; --%	;
749	;07/02 04:00 - 05:00	;1	;Sin cambios	; --%	;2	; --%	; --%	;0	; --%	; --%	;0	; --%	; --%	;0	; --%	; --%	;0	; --%	;Disminuir por100.0%	;
750	;07/02 05:00 - 06:00	;0	; --%	;Disminuir por100.0%	;1	; --%	;Disminuir por75.0%	;0	; --%	; --%	;2	; --%	;Sin cambios	;0	; --%	; --%	;2	; --%	; --%	;
751	;07/02 06:00 - 07:00	;5	; --%	;Disminuir por16.7%	;8	;Aumentar por700.0%	;Aumentar por100.0%	;0	; --%	; --%	;1	;Sin cambios	;Sin cambios	;0	; --%	;Disminuir por100.0%	;2	; --%	;Sin cambios	;
752	;07/02 07:00 - 08:00	;17	;Aumentar por183.3%	;Aumentar por21.4%	;19	;Disminuir por20.8%	;Disminuir por5.0%	;4	;Aumentar por100.0%	;Aumentar por100.0%	;13	;Aumentar por116.7%	;Aumentar por85.7%	;0	; --%	;Disminuir por100.0%	;6	; --%	;Aumentar por20.0%	;
753	;07/02 08:00 - 09:00	;27	;Aumentar por68.8%	;Aumentar por17.4%	;56	;Aumentar por43.6%	;Aumentar por64.7%	;3	;Aumentar por50.0%	;Aumentar por200.0%	;19	;Disminuir por17.4%	;Disminuir por13.6%	;1	; --%	;Disminuir por83.3%	;11	;Aumentar por83.3%	;Disminuir por15.4%	;
754	;07/02 09:00 - 10:00	;49	;Aumentar por48.5%	;Aumentar por69.0%	;47	;Aumentar por74.1%	;Aumentar por23.7%	;0	; --%	;Disminuir por100.0%	;14	;Disminuir por30.0%	;Disminuir por26.3%	;3	;Disminuir por50.0%	; --%	;11	;Aumentar por10.0%	;Aumentar por57.1%	;
755	;07/02 10:00 - 11:00	;111	;Aumentar por2.8%	;Aumentar por50.0%	;61	;Disminuir por21.8%	;Aumentar por64.9%	;4	;Disminuir por42.9%	;Disminuir por33.3%	;36	;Disminuir por2.7%	;Aumentar por12.5%	;7	;Aumentar por600.0%	;Aumentar por250.0%	;12	;Aumentar por71.4%	;Disminuir por25.0%	;
756	;07/02 11:00 - 12:00	;90	;Disminuir por24.4%	;Aumentar por26.8%	;96	;Aumentar por39.1%	;Disminuir por2.0%	;2	;Disminuir por33.3%	;Disminuir por33.3%	;15	;Disminuir por55.9%	;Disminuir por53.1%	;1	;Disminuir por66.7%	;Sin cambios	;14	;Aumentar por133.3%	;Aumentar por55.6%	;
757	;07/02 12:00 - 13:00	;74	;Disminuir por35.1%	;Aumentar por5.7%	;86	;Disminuir por18.9%	;Aumentar por6.2%	;1	;Disminuir por50.0%	;Disminuir por75.0%	;22	;Aumentar por10.0%	;Aumentar por57.1%	;0	;Disminuir por100.0%	;Disminuir por100.0%	;7	;Sin cambios	;Disminuir por41.7%	;
758	;07/02 13:00 - 14:00	;66	;Disminuir por24.1%	;Aumentar por65.0%	;81	;Disminuir por37.7%	;Aumentar por39.7%	;2	;Sin cambios	;Aumentar por100.0%	;7	;Disminuir por56.3%	;Disminuir por61.1%	;3	; --%	;Aumentar por200.0%	;13	;Aumentar por160.0%	;Disminuir por13.3%	;
759	;07/02 14:00 - 15:00	;34	;Disminuir por43.3%	;Disminuir por41.4%	;59	;Disminuir por34.4%	;Disminuir por4.8%	;5	;Aumentar por25.0%	;Disminuir por44.4%	;14	;Disminuir por6.7%	;Disminuir por41.7%	;0	;Disminuir por100.0%	;Disminuir por100.0%	;10	;Disminuir por28.6%	;Aumentar por42.9%	;
760	;07/02 15:00 - 16:00	;58	;Disminuir por6.5%	;Aumentar por87.1%	;45	;Disminuir por52.6%	;Disminuir por8.2%	;3	;Disminuir por40.0%	;Aumentar por200.0%	;12	;Disminuir por45.5%	;Aumentar por9.1%	;1	; --%	;Disminuir por50.0%	;7	;Aumentar por75.0%	;Disminuir por61.1%	;
761	;07/02 16:00 - 17:00	;32	;Disminuir por59.0%	;Disminuir por22.0%	;57	;Disminuir por48.6%	;Aumentar por9.6%	;0	;Disminuir por100.0%	;Disminuir por100.0%	;14	;Disminuir por12.5%	;Aumentar por40.0%	;1	; --%	;Disminuir por50.0%	;13	;Aumentar por44.4%	;Aumentar por8.3%	;
762	;07/02 17:00 - 18:00	;51	;Disminuir por44.6%	;Disminuir por5.6%	;50	;Disminuir por43.8%	;Disminuir por5.7%	;1	;Disminuir por50.0%	;Sin cambios	;10	;Disminuir por44.4%	;Disminuir por16.7%	;1	; --%	; --%	;10	;Aumentar por11.1%	;Aumentar por100.0%	;
763	;07/02 18:00 - 19:00	;78	;Disminuir por51.3%	;Aumentar por8.3%	;70	;Disminuir por63.9%	;Disminuir por10.3%	;0	;Disminuir por100.0%	; --%	;4	;Disminuir por71.4%	;Disminuir por71.4%	;1	; --%	; --%	;5	;Disminuir por28.6%	;Disminuir por37.5%	;
764	;07/02 19:00 - 20:00	;115	;Disminuir por32.7%	;Disminuir por6.5%	;147	;Disminuir por50.8%	;Aumentar por20.5%	;0	;Disminuir por100.0%	;Disminuir por100.0%	;14	;Aumentar por16.7%	;Aumentar por27.3%	;1	; --%	;Disminuir por66.7%	;11	;Aumentar por175.0%	;Aumentar por22.2%	;
765	;07/02 20:00 - 21:00	;146	;Aumentar por21.7%	;Disminuir por24.4%	;194	;Aumentar por5.4%	;Disminuir por21.1%	;1	;Disminuir por66.7%	; --%	;3	;Disminuir por80.0%	;Sin cambios	;2	;Aumentar por100.0%	;Sin cambios	;10	;Disminuir por16.7%	;Sin cambios	;
766	;07/02 21:00 - 22:00	;80	;Aumentar por100.0%	;Disminuir por45.2%	;159	;Aumentar por148.4%	;Disminuir por29.6%	;1	;Sin cambios	;Sin cambios	;3	;Disminuir por78.6%	;Disminuir por57.1%	;4	;Aumentar por300.0%	;Aumentar por33.3%	;9	;Aumentar por200.0%	;Aumentar por80.0%	;
767	;07/02 22:00 - 23:00	;66	;Aumentar por230.0%	;Disminuir por40.0%	;118	;Aumentar por156.5%	;Disminuir por33.7%	;0	; --%	;Disminuir por100.0%	;3	;Disminuir por25.0%	;Sin cambios	;1	; --%	;Sin cambios	;9	;Aumentar por125.0%	;Disminuir por18.2%	;
768	;07/02 23:00 - 24:00	;101	;Aumentar por1162.5%	;Aumentar por4.1%	;201	;Aumentar por905.0%	;Disminuir por1.0%	;2	; --%	;Aumentar por100.0%	;8	;Aumentar por166.7%	;Aumentar por166.7%	;1	; --%	;Disminuir por50.0%	;18	;Aumentar por500.0%	;Disminuir por5.3%	;
769	;07/03 00:00 - 01:00	;67	;Aumentar por857.1%	;Aumentar por76.3%	;110	;Aumentar por685.7%	;Aumentar por129.2%	;1	; --%	; --%	;4	;Aumentar por300.0%	;Aumentar por100.0%	;0	; --%	;Disminuir por100.0%	;17	;Aumentar por466.7%	;Aumentar por13.3%	;
770	;07/03 01:00 - 02:00	;12	;Aumentar por1100.0%	;Disminuir por33.3%	;22	; --%	;Aumentar por46.7%	;0	; --%	; --%	;1	; --%	; --%	;0	; --%	; --%	;2	;Aumentar por100.0%	; --%	;
771	;07/03 02:00 - 03:00	;6	; --%	;Aumentar por20.0%	;6	;Aumentar por500.0%	;Aumentar por50.0%	;0	; --%	;Disminuir por100.0%	;0	;Disminuir por100.0%	;Disminuir por100.0%	;0	; --%	; --%	;1	; --%	; --%	;
772	;07/03 03:00 - 04:00	;0	;Disminuir por100.0%	;Disminuir por100.0%	;0	;Disminuir por100.0%	; --%	;0	; --%	; --%	;1	; --%	; --%	;0	; --%	; --%	;5	; --%	;Aumentar por400.0%	;
773	;07/03 04:00 - 05:00	;1	; --%	;Disminuir por85.7%	;0	; --%	;Disminuir por100.0%	;0	; --%	; --%	;0	;Disminuir por100.0%	; --%	;0	; --%	; --%	;1	; --%	; --%	;
774	;07/03 05:00 - 06:00	;0	; --%	; --%	;1	; --%	;Disminuir por80.0%	;1	; --%	; --%	;2	;Sin cambios	;Aumentar por100.0%	;0	; --%	;Disminuir por100.0%	;0	;Disminuir por100.0%	;Disminuir por100.0%	;
775	;07/03 06:00 - 07:00	;2	;Disminuir por66.7%	;Disminuir por80.0%	;2	;Disminuir por33.3%	;Disminuir por86.7%	;0	;Disminuir por100.0%	; --%	;0	;Disminuir por100.0%	;Disminuir por100.0%	;0	; --%	;Disminuir por100.0%	;3	;Aumentar por200.0%	;Disminuir por50.0%	;
776	;07/03 07:00 - 08:00	;27	;Aumentar por440.0%	;Aumentar por58.8%	;35	;Aumentar por94.4%	;Aumentar por75.0%	;1	;Sin cambios	;Disminuir por66.7%	;9	;Aumentar por50.0%	;Disminuir por25.0%	;2	;Aumentar por100.0%	; --%	;9	;Aumentar por800.0%	;Aumentar por800.0%	;
777	;07/03 08:00 - 09:00	;27	;Aumentar por170.0%	;Aumentar por3.8%	;44	;Aumentar por37.5%	;Disminuir por2.2%	;1	;Disminuir por66.7%	;Disminuir por50.0%	;19	;Disminuir por17.4%	;Aumentar por18.8%	;0	;Disminuir por100.0%	;Disminuir por100.0%	;3	;Disminuir por40.0%	;Disminuir por82.4%	;
778	;07/03 09:00 - 10:00	;51	;Aumentar por75.9%	;Aumentar por21.4%	;46	;Aumentar por119.0%	;Disminuir por6.1%	;1	;Sin cambios	; --%	;26	;Aumentar por18.2%	;Aumentar por8.3%	;2	;Aumentar por100.0%	;Aumentar por100.0%	;11	;Aumentar por37.5%	;Disminuir por8.3%	;
779	;07/03 10:00 - 11:00	;108	;Disminuir por28.0%	;Aumentar por38.5%	;67	;Disminuir por23.0%	;Aumentar por15.5%	;3	;Disminuir por25.0%	;Disminuir por25.0%	;42	;Aumentar por5.0%	;Aumentar por20.0%	;0	;Disminuir por100.0%	; --%	;4	;Disminuir por33.3%	;Disminuir por50.0%	;
780	;07/03 11:00 - 12:00	;64	;Disminuir por75.5%	;Disminuir por51.9%	;66	;Disminuir por69.0%	;Disminuir por39.4%	;3	;Disminuir por50.0%	;Disminuir por57.1%	;8	;Disminuir por74.2%	;Disminuir por80.0%	;4	;Aumentar por300.0%	;Aumentar por300.0%	;3	;Disminuir por62.5%	;Disminuir por57.1%	;
781	;07/03 12:00 - 13:00	;71	;Disminuir por73.5%	;Sin cambios	;96	;Disminuir por62.8%	;Aumentar por10.3%	;3	;Sin cambios	;Disminuir por25.0%	;13	;Disminuir por7.1%	;Disminuir por13.3%	;0	;Disminuir por100.0%	;Disminuir por100.0%	;7	;Aumentar por16.7%	;Disminuir por46.2%	;
782	;07/03 13:00 - 14:00	;76	;Disminuir por56.6%	;Aumentar por76.7%	;103	;Disminuir por51.2%	;Aumentar por9.6%	;1	;Disminuir por80.0%	;Disminuir por75.0%	;13	;Disminuir por27.8%	;Disminuir por35.0%	;0	; --%	;Disminuir por100.0%	;7	;Sin cambios	;Disminuir por36.4%	;
783	;07/03 14:00 - 15:00	;44	;Disminuir por65.4%	;Disminuir por17.0%	;56	;Disminuir por71.4%	;Disminuir por6.7%	;2	;Disminuir por71.4%	;Disminuir por50.0%	;18	;Disminuir por10.0%	;Aumentar por38.5%	;2	;Sin cambios	; --%	;9	;Aumentar por50.0%	;Aumentar por50.0%	;
784	;07/03 15:00 - 16:00	;52	;Disminuir por57.7%	;Aumentar por73.3%	;53	;Disminuir por62.4%	;Aumentar por29.3%	;2	;Sin cambios	;Disminuir por33.3%	;16	;Aumentar por100.0%	;Aumentar por33.3%	;0	;Disminuir por100.0%	; --%	;8	;Aumentar por60.0%	;Aumentar por14.3%	;
785	;07/03 16:00 - 17:00	;49	;Disminuir por72.3%	;Aumentar por145.0%	;72	;Disminuir por64.5%	;Aumentar por75.6%	;1	;Disminuir por83.3%	; --%	;9	;Disminuir por35.7%	;Aumentar por50.0%	;1	;Disminuir por50.0%	; --%	;11	;Aumentar por37.5%	;Sin cambios	;
786	;07/03 17:00 - 18:00	;58	;Disminuir por71.8%	;Aumentar por16.0%	;60	;Disminuir por78.1%	;Aumentar por57.9%	;1	;Disminuir por83.3%	; --%	;12	;Disminuir por36.8%	;Aumentar por50.0%	;0	;Disminuir por100.0%	;Disminuir por100.0%	;12	;Aumentar por300.0%	;Aumentar por140.0%	;
787	;07/03 18:00 - 19:00	;140	;Disminuir por57.4%	;Aumentar por141.4%	;93	;Disminuir por74.5%	;Aumentar por14.8%	;3	;Disminuir por40.0%	; --%	;14	;Aumentar por40.0%	;Aumentar por75.0%	;1	;Disminuir por85.7%	;Disminuir por66.7%	;13	;Disminuir por18.8%	;Aumentar por85.7%	;
788	;07/03 19:00 - 20:00	;150	;Disminuir por72.4%	;Disminuir por4.5%	;147	;Disminuir por75.3%	;Disminuir por13.5%	;0	; --%	;Disminuir por100.0%	;10	;Aumentar por150.0%	;Aumentar por11.1%	;0	;Disminuir por100.0%	;Disminuir por100.0%	;6	;Aumentar por200.0%	;Disminuir por25.0%	;
789	;07/03 20:00 - 21:00	;268	;Disminuir por26.4%	;Aumentar por6.3%	;345	;Disminuir por44.2%	;Aumentar por21.9%	;1	;Sin cambios	;Disminuir por50.0%	;4	;Aumentar por33.3%	;Disminuir por50.0%	;1	;Disminuir por80.0%	;Disminuir por50.0%	;10	;Disminuir por9.1%	;Aumentar por11.1%	;
790	;07/03 21:00 - 22:00	;159	;Disminuir por67.4%	;Aumentar por29.3%	;246	;Disminuir por18.0%	;Aumentar por7.4%	;0	; --%	;Disminuir por100.0%	;2	; --%	;Disminuir por60.0%	;1	;Disminuir por87.5%	;Sin cambios	;2	;Disminuir por86.7%	;Disminuir por60.0%	;
791	;07/03 22:00 - 23:00	;176	;Disminuir por30.2%	;Aumentar por34.4%	;331	;Aumentar por8.2%	;Aumentar por49.8%	;0	; --%	;Disminuir por100.0%	;3	; --%	;Disminuir por25.0%	;0	; --%	;Disminuir por100.0%	;3	;Aumentar por200.0%	;Disminuir por70.0%	;
792	;07/03 23:00 - 24:00	;124	;Aumentar por72.2%	;Aumentar por21.6%	;320	;Aumentar por1.6%	;Aumentar por50.9%	;0	;Disminuir por100.0%	; --%	;2	;Disminuir por60.0%	;Aumentar por100.0%	;1	;Sin cambios	;Disminuir por66.7%	;14	;Aumentar por366.7%	;Disminuir por30.0%	;
793	;07/04 00:00 - 01:00	;83	;Aumentar por822.2%	;Aumentar por66.0%	;193	;Aumentar por819.0%	;Aumentar por78.7%	;1	; --%	;Disminuir por66.7%	;3	; --%	;Disminuir por62.5%	;0	; --%	;Disminuir por100.0%	;24	;Aumentar por100.0%	;Aumentar por9.1%	;
794	;07/04 01:00 - 02:00	;20	;Aumentar por1900.0%	;Aumentar por5.3%	;59	;Aumentar por5800.0%	;Aumentar por126.9%	;0	;Disminuir por100.0%	;Disminuir por100.0%	;4	;Aumentar por100.0%	;Aumentar por33.3%	;0	; --%	; --%	;5	;Aumentar por400.0%	;Aumentar por25.0%	;
795	;07/04 02:00 - 03:00	;23	; --%	;Aumentar por228.6%	;10	;Aumentar por233.3%	;Aumentar por400.0%	;0	; --%	;Disminuir por100.0%	;0	; --%	;Disminuir por100.0%	;0	; --%	; --%	;2	; --%	;Aumentar por100.0%	;
796	;07/04 03:00 - 04:00	;3	; --%	;Disminuir por57.1%	;3	;Disminuir por25.0%	;Aumentar por200.0%	;0	; --%	;Disminuir por100.0%	;2	; --%	;Disminuir por33.3%	;0	; --%	; --%	;1	; --%	; --%	;
797	;07/04 04:00 - 05:00	;6	; --%	; --%	;11	; --%	; --%	;1	; --%	; --%	;1	;Sin cambios	; --%	;0	; --%	; --%	;1	; --%	;Sin cambios	;
798	;07/04 05:00 - 06:00	;3	; --%	;Disminuir por40.0%	;0	; --%	;Disminuir por100.0%	;0	; --%	; --%	;1	; --%	; --%	;0	; --%	; --%	;2	; --%	;Aumentar por100.0%	;
799	;07/04 06:00 - 07:00	;7	; --%	;Disminuir por50.0%	;12	; --%	;Disminuir por29.4%	;0	; --%	; --%	;1	; --%	;Disminuir por80.0%	;0	; --%	; --%	;0	; --%	;Disminuir por100.0%	;
800	;07/04 07:00 - 08:00	;41	;Aumentar por412.5%	;Aumentar por51.9%	;35	;Aumentar por288.9%	;Aumentar por34.6%	;0	; --%	;Disminuir por100.0%	;3	;Sin cambios	;Disminuir por75.0%	;1	; --%	;Disminuir por75.0%	;3	; --%	;Disminuir por62.5%	;
801	;07/04 08:00 - 09:00	;30	;Disminuir por21.1%	;Disminuir por16.7%	;33	;Aumentar por106.3%	;Disminuir por25.0%	;0	;Disminuir por100.0%	;Disminuir por100.0%	;11	;Disminuir por38.9%	;Disminuir por38.9%	;2	;Aumentar por100.0%	;Disminuir por75.0%	;12	;Aumentar por500.0%	;Disminuir por20.0%	;
802	;07/04 09:00 - 10:00	;40	;Aumentar por5.3%	;Sin cambios	;51	;Aumentar por59.4%	;Aumentar por27.5%	;0	; --%	;Disminuir por100.0%	;20	;Aumentar por42.9%	;Disminuir por9.1%	;0	;Disminuir por100.0%	;Disminuir por100.0%	;7	;Disminuir por53.3%	;Disminuir por22.2%	;
803	;07/04 10:00 - 11:00	;94	;Disminuir por48.1%	;Disminuir por2.1%	;77	;Disminuir por13.5%	;Aumentar por26.2%	;1	;Disminuir por75.0%	;Disminuir por50.0%	;21	;Aumentar por40.0%	;Disminuir por44.7%	;3	;Aumentar por200.0%	; --%	;16	;Aumentar por166.7%	;Aumentar por100.0%	;
804	;07/04 11:00 - 12:00	;118	;Disminuir por73.6%	;Disminuir por10.6%	;90	;Disminuir por70.9%	;Disminuir por17.4%	;2	; --%	;Disminuir por33.3%	;20	;Aumentar por122.2%	;Disminuir por33.3%	;2	;Disminuir por66.7%	; --%	;19	;Aumentar por90.0%	;Aumentar por35.7%	;
805	;07/04 12:00 - 13:00	;86	;Disminuir por86.2%	;Disminuir por23.2%	;126	;Disminuir por75.3%	;Aumentar por26.0%	;1	;Disminuir por50.0%	; --%	;8	;Disminuir por42.9%	;Sin cambios	;0	;Disminuir por100.0%	;Disminuir por100.0%	;6	;Disminuir por14.3%	;Disminuir por33.3%	;
806	;07/04 13:00 - 14:00	;52	;Disminuir por87.9%	;Disminuir por27.8%	;82	;Disminuir por82.8%	;Disminuir por23.4%	;2	;Disminuir por33.3%	; --%	;6	;Aumentar por20.0%	;Disminuir por53.8%	;1	;Sin cambios	;Sin cambios	;7	;Aumentar por75.0%	;Disminuir por41.7%	;
807	;07/04 14:00 - 15:00	;40	;Disminuir por83.3%	;Disminuir por21.6%	;58	;Disminuir por79.1%	;Disminuir por7.9%	;2	;Sin cambios	;Disminuir por33.3%	;11	;Aumentar por120.0%	;Disminuir por15.4%	;0	; --%	; --%	;4	;Aumentar por100.0%	;Disminuir por50.0%	;
808	;07/04 15:00 - 16:00	;73	;Disminuir por61.2%	;Aumentar por82.5%	;95	;Disminuir por46.9%	;Aumentar por82.7%	;3	; --%	;Aumentar por50.0%	;13	;Aumentar por333.3%	;Disminuir por23.5%	;0	; --%	; --%	;6	;Sin cambios	;Disminuir por50.0%	;
809	;07/04 16:00 - 17:00	;51	;Disminuir por87.3%	;Aumentar por15.9%	;70	;Disminuir por80.8%	;Aumentar por55.6%	;1	; --%	; --%	;7	; --%	;Disminuir por30.0%	;1	;Sin cambios	;Disminuir por66.7%	;13	;Aumentar por62.5%	;Aumentar por30.0%	;
810	;07/04 17:00 - 18:00	;69	;Disminuir por84.2%	;Aumentar por23.2%	;143	;Disminuir por67.2%	;Aumentar por127.0%	;0	; --%	;Disminuir por100.0%	;4	;Disminuir por42.9%	;Disminuir por50.0%	;3	;Disminuir por62.5%	;Aumentar por200.0%	;17	;Aumentar por13.3%	;Aumentar por13.3%	;
811	;07/04 18:00 - 19:00	;106	;Disminuir por81.2%	;Disminuir por14.5%	;87	;Disminuir por86.2%	;Disminuir por25.6%	;0	;Disminuir por100.0%	;Disminuir por100.0%	;2	;Sin cambios	;Disminuir por71.4%	;0	;Disminuir por100.0%	;Disminuir por100.0%	;10	;Aumentar por42.9%	;Disminuir por28.6%	;
812	;07/04 19:00 - 20:00	;269	;Disminuir por62.5%	;Aumentar por25.1%	;210	;Disminuir por77.1%	;Aumentar por11.7%	;1	;Sin cambios	;Sin cambios	;9	;Aumentar por200.0%	;Aumentar por200.0%	;1	;Sin cambios	;Disminuir por50.0%	;8	;Aumentar por166.7%	;Aumentar por33.3%	;
813	;07/04 20:00 - 21:00	;263	;Disminuir por45.4%	;Aumentar por85.2%	;420	;Disminuir por34.2%	;Aumentar por72.1%	;2	;Aumentar por100.0%	;Sin cambios	;2	;Sin cambios	;Disminuir por66.7%	;16	;Aumentar por433.3%	;Aumentar por700.0%	;17	;Aumentar por325.0%	;Aumentar por112.5%	;
814	;07/04 21:00 - 22:00	;237	;Disminuir por69.8%	;Aumentar por64.6%	;369	;Disminuir por52.6%	;Aumentar por113.3%	;0	; --%	;Disminuir por100.0%	;2	; --%	;Sin cambios	;6	; --%	;Aumentar por500.0%	;9	;Aumentar por350.0%	;Aumentar por50.0%	;
815	;07/04 22:00 - 23:00	;273	;Disminuir por72.0%	;Aumentar por62.5%	;399	;Disminuir por57.4%	;Aumentar por55.9%	;0	; --%	;Disminuir por100.0%	;0	; --%	;Disminuir por100.0%	;3	;Aumentar por200.0%	;Aumentar por200.0%	;6	;Aumentar por20.0%	;Aumentar por100.0%	;
816	;07/04 23:00 - 24:00	;132	;Disminuir por19.0%	;Disminuir por5.0%	;360	;Aumentar por22.4%	;Aumentar por42.3%	;0	;Disminuir por100.0%	; --%	;1	; --%	;Disminuir por66.7%	;1	;Disminuir por66.7%	; --%	;18	;Aumentar por260.0%	;Sin cambios	;
817	;07/05 00:00 - 01:00	;116	;Aumentar por364.0%	;Aumentar por68.1%	;262	;Aumentar por211.9%	;Aumentar por78.2%	;2	;Aumentar por100.0%	; --%	;5	;Disminuir por16.7%	;Aumentar por66.7%	;0	; --%	;Disminuir por100.0%	;19	;Aumentar por46.2%	;Disminuir por9.5%	;
818	;07/05 01:00 - 02:00	;20	;Aumentar por300.0%	;Disminuir por23.1%	;65	;Aumentar por109.7%	;Aumentar por44.4%	;2	; --%	; --%	;8	; --%	;Aumentar por700.0%	;1	;Sin cambios	;Sin cambios	;17	;Aumentar por325.0%	;Aumentar por240.0%	;
819	;07/05 02:00 - 03:00	;19	;Aumentar por1800.0%	;Aumentar por72.7%	;16	;Aumentar por700.0%	;Aumentar por300.0%	;0	; --%	; --%	;3	; --%	;Aumentar por50.0%	;0	; --%	; --%	;2	;Aumentar por100.0%	; --%	;
820	;07/05 03:00 - 04:00	;11	; --%	;Aumentar por450.0%	;9	; --%	;Aumentar por800.0%	;0	; --%	;Disminuir por100.0%	;1	;Disminuir por50.0%	;Disminuir por50.0%	;0	; --%	; --%	;0	; --%	;Disminuir por100.0%	;
821	;07/05 04:00 - 05:00	;0	; --%	; --%	;3	;Aumentar por200.0%	; --%	;0	; --%	; --%	;0	;Disminuir por100.0%	;Disminuir por100.0%	;0	; --%	; --%	;1	; --%	;Sin cambios	;
822	;07/05 05:00 - 06:00	;5	; --%	;Aumentar por25.0%	;1	; --%	;Sin cambios	;0	; --%	;Disminuir por100.0%	;0	; --%	;Disminuir por100.0%	;0	; --%	; --%	;0	;Disminuir por100.0%	;Disminuir por100.0%	;
823	;07/05 06:00 - 07:00	;6	; --%	;Disminuir por25.0%	;2	;Aumentar por100.0%	;Disminuir por33.3%	;0	; --%	; --%	;1	;Sin cambios	;Disminuir por50.0%	;0	; --%	;Disminuir por100.0%	;1	; --%	;Disminuir por50.0%	;
824	;07/05 07:00 - 08:00	;20	;Aumentar por566.7%	;Aumentar por400.0%	;21	;Aumentar por320.0%	;Aumentar por250.0%	;1	; --%	; --%	;3	;Sin cambios	;Aumentar por200.0%	;0	; --%	; --%	;3	; --%	;Aumentar por50.0%	;
825	;07/05 08:00 - 09:00	;17	;Aumentar por41.7%	;Disminuir por45.2%	;37	;Aumentar por54.2%	;Aumentar por5.7%	;0	;Disminuir por100.0%	;Disminuir por100.0%	;5	;Disminuir por64.3%	;Disminuir por72.2%	;6	;Aumentar por200.0%	;Aumentar por200.0%	;10	;Aumentar por400.0%	;Aumentar por66.7%	;
826	;07/05 09:00 - 10:00	;58	;Sin cambios	;Aumentar por5.5%	;51	;Disminuir por10.5%	;Aumentar por2.0%	;1	; --%	;Disminuir por50.0%	;11	;Disminuir por35.3%	;Aumentar por10.0%	;0	;Disminuir por100.0%	; --%	;5	;Aumentar por66.7%	;Disminuir por58.3%	;
827	;07/05 10:00 - 11:00	;154	;Disminuir por22.2%	;Aumentar por156.7%	;99	;Disminuir por22.0%	;Aumentar por98.0%	;1	;Disminuir por88.9%	;Disminuir por80.0%	;12	;Disminuir por62.5%	;Disminuir por57.1%	;1	;Sin cambios	;Disminuir por50.0%	;9	;Aumentar por80.0%	;Disminuir por18.2%	;
828	;07/05 11:00 - 12:00	;182	;Disminuir por54.7%	;Aumentar por33.8%	;157	;Disminuir por49.8%	;Aumentar por7.5%	;1	;Disminuir por75.0%	;Disminuir por75.0%	;14	;Disminuir por22.2%	;Disminuir por39.1%	;1	;Disminuir por66.7%	;Sin cambios	;10	;Aumentar por25.0%	;Aumentar por100.0%	;
829	;07/05 12:00 - 13:00	;125	;Disminuir por72.3%	;Disminuir por10.1%	;141	;Disminuir por64.8%	;Disminuir por25.8%	;1	;Sin cambios	;Sin cambios	;8	;Aumentar por60.0%	;Disminuir por33.3%	;2	; --%	;Disminuir por50.0%	;9	;Aumentar por50.0%	;Disminuir por18.2%	;
830	;07/05 13:00 - 14:00	;59	;Disminuir por81.6%	;Disminuir por35.9%	;85	;Disminuir por79.7%	;Disminuir por21.3%	;2	;Disminuir por50.0%	;Disminuir por33.3%	;11	;Aumentar por22.2%	;Disminuir por15.4%	;1	;Sin cambios	;Sin cambios	;7	;Aumentar por75.0%	;Sin cambios	;
831	;07/05 14:00 - 15:00	;85	;Disminuir por55.5%	;Aumentar por129.7%	;110	;Disminuir por54.0%	;Aumentar por50.7%	;0	; --%	; --%	;5	;Aumentar por400.0%	;Disminuir por37.5%	;0	; --%	;Disminuir por100.0%	;7	;Aumentar por75.0%	;Aumentar por75.0%	;
832	;07/05 15:00 - 16:00	;66	;Disminuir por67.6%	;Disminuir por25.8%	;93	;Disminuir por65.0%	;Sin cambios	;0	; --%	; --%	;4	;Aumentar por300.0%	;Disminuir por50.0%	;0	; --%	; --%	;5	;Aumentar por150.0%	;Disminuir por50.0%	;
833	;07/05 16:00 - 17:00	;46	;Disminuir por82.2%	;Disminuir por14.8%	;94	;Disminuir por66.1%	;Aumentar por17.5%	;1	; --%	; --%	;7	;Aumentar por75.0%	;Aumentar por75.0%	;1	;Disminuir por83.3%	; --%	;15	;Aumentar por50.0%	;Aumentar por114.3%	;
834	;07/05 17:00 - 18:00	;62	;Disminuir por81.2%	;Disminuir por12.7%	;71	;Disminuir por81.2%	;Disminuir por13.4%	;2	; --%	;Sin cambios	;11	;Aumentar por266.7%	;Aumentar por37.5%	;3	; --%	; --%	;10	;Aumentar por66.7%	;Disminuir por23.1%	;
835	;07/05 18:00 - 19:00	;83	;Disminuir por67.7%	;Disminuir por34.6%	;95	;Disminuir por76.6%	;Disminuir por25.8%	;3	;Disminuir por25.0%	;Aumentar por50.0%	;8	;Disminuir por20.0%	;Disminuir por42.9%	;2	;Disminuir por75.0%	; --%	;8	;Aumentar por300.0%	;Aumentar por166.7%	;
836	;07/05 19:00 - 20:00	;209	;Disminuir por52.5%	;Disminuir por39.9%	;190	;Disminuir por69.9%	;Disminuir por31.7%	;2	;Aumentar por100.0%	;Sin cambios	;7	;Aumentar por600.0%	;Sin cambios	;0	; --%	;Disminuir por100.0%	;3	;Disminuir por40.0%	;Disminuir por66.7%	;
837	;07/05 20:00 - 21:00	;334	;Disminuir por28.8%	;Disminuir por8.2%	;387	;Disminuir por31.7%	;Disminuir por21.2%	;1	; --%	;Disminuir por50.0%	;2	; --%	;Disminuir por50.0%	;2	;Aumentar por100.0%	; --%	;12	;Aumentar por300.0%	;Aumentar por500.0%	;
838	;07/05 21:00 - 22:00	;201	;Disminuir por5.6%	;Disminuir por4.7%	;306	;Aumentar por13.8%	;Aumentar por7.0%	;0	;Disminuir por100.0%	; --%	;2	;Disminuir por71.4%	; --%	;0	;Disminuir por100.0%	;Disminuir por100.0%	;6	;Disminuir por33.3%	;Aumentar por50.0%	;
839	;07/05 22:00 - 23:00	;128	;Disminuir por57.6%	;Disminuir por0.8%	;241	;Disminuir por47.0%	;Disminuir por5.5%	;0	;Disminuir por100.0%	;Disminuir por100.0%	;2	;Disminuir por33.3%	;Sin cambios	;2	;Disminuir por33.3%	; --%	;2	;Disminuir por84.6%	;Aumentar por100.0%	;
840	;07/05 23:00 - 24:00	;169	;Aumentar por128.4%	;Aumentar por17.4%	;276	;Aumentar por69.3%	;Aumentar por3.0%	;0	;Disminuir por100.0%	; --%	;4	;Aumentar por300.0%	; --%	;1	;Disminuir por83.3%	;Sin cambios	;18	;Aumentar por12.5%	;Aumentar por63.6%	;
841	;07/06 00:00 - 01:00	;57	;Aumentar por256.3%	;Disminuir por50.9%	;107	;Aumentar por148.8%	;Disminuir por42.5%	;1	;Sin cambios	; --%	;4	;Disminuir por20.0%	;Aumentar por100.0%	;0	; --%	;Disminuir por100.0%	;19	;Aumentar por280.0%	;Aumentar por26.7%	;
842	;07/06 01:00 - 02:00	;17	; --%	;Disminuir por43.3%	;20	;Aumentar por66.7%	;Disminuir por69.2%	;0	; --%	; --%	;1	;Sin cambios	;Sin cambios	;0	; --%	;Disminuir por100.0%	;4	;Disminuir por42.9%	;Disminuir por63.6%	;
843	;07/06 02:00 - 03:00	;1	;Disminuir por50.0%	;Disminuir por93.3%	;6	;Aumentar por500.0%	;Disminuir por25.0%	;0	; --%	; --%	;1	; --%	;Sin cambios	;0	; --%	; --%	;2	; --%	;Aumentar por100.0%	;
844	;07/06 03:00 - 04:00	;0	;Disminuir por100.0%	;Disminuir por100.0%	;1	;Sin cambios	;Disminuir por66.7%	;0	; --%	;Disminuir por100.0%	;1	;Sin cambios	;Disminuir por66.7%	;0	; --%	; --%	;3	; --%	; --%	;
845	;07/06 04:00 - 05:00	;0	;Disminuir por100.0%	;Disminuir por100.0%	;1	;Disminuir por75.0%	; --%	;1	; --%	; --%	;3	; --%	;Aumentar por200.0%	;0	; --%	; --%	;2	; --%	;Aumentar por100.0%	;
846	;07/06 05:00 - 06:00	;2	;Aumentar por100.0%	; --%	;1	;Sin cambios	;Disminuir por75.0%	;0	; --%	; --%	;1	;Sin cambios	; --%	;0	; --%	; --%	;1	;Sin cambios	;Sin cambios	;
847	;07/06 06:00 - 07:00	;11	;Aumentar por1000.0%	;Aumentar por37.5%	;8	;Aumentar por33.3%	;Aumentar por166.7%	;0	;Disminuir por100.0%	; --%	;2	;Aumentar por100.0%	; --%	;0	; --%	; --%	;4	; --%	; --%	;
848	;07/06 07:00 - 08:00	;33	;Aumentar por266.7%	;Aumentar por200.0%	;37	;Aumentar por516.7%	;Aumentar por208.3%	;2	;Aumentar por100.0%	;Disminuir por50.0%	;12	;Aumentar por300.0%	;Aumentar por71.4%	;0	; --%	; --%	;3	; --%	;Aumentar por200.0%	;
849	;07/06 08:00 - 09:00	;17	;Disminuir por90.0%	;Disminuir por43.3%	;50	;Disminuir por16.7%	;Aumentar por56.3%	;2	;Sin cambios	; --%	;18	;Aumentar por63.6%	;Aumentar por80.0%	;0	; --%	; --%	;9	;Aumentar por50.0%	;Aumentar por50.0%	;
850	;07/06 09:00 - 10:00	;36	;Disminuir por66.7%	;Disminuir por30.8%	;54	;Disminuir por48.6%	;Aumentar por28.6%	;1	; --%	;Sin cambios	;15	; --%	;Aumentar por87.5%	;5	;Aumentar por66.7%	; --%	;11	;Aumentar por1000.0%	;Aumentar por120.0%	;
851	;07/06 10:00 - 11:00	;83	;Disminuir por54.9%	;Aumentar por12.2%	;53	;Disminuir por72.1%	;Aumentar por1.9%	;2	;Disminuir por60.0%	; --%	;23	;Aumentar por64.3%	;Aumentar por64.3%	;2	;Sin cambios	;Sin cambios	;9	;Disminuir por10.0%	;Disminuir por18.2%	;
852	;07/06 11:00 - 12:00	;142	;Disminuir por68.7%	;Disminuir por2.7%	;119	;Disminuir por60.1%	;Disminuir por9.8%	;6	; --%	;Aumentar por100.0%	;35	;Aumentar por250.0%	;Aumentar por105.9%	;8	;Aumentar por300.0%	; --%	;16	;Aumentar por220.0%	;Aumentar por14.3%	;
853	;07/06 12:00 - 13:00	;74	;Disminuir por84.3%	;Disminuir por41.7%	;69	;Disminuir por86.8%	;Disminuir por58.2%	;6	; --%	; --%	;22	;Aumentar por214.3%	;Aumentar por266.7%	;0	;Disminuir por100.0%	; --%	;13	;Disminuir por18.8%	;Aumentar por30.0%	;
854	;07/06 13:00 - 14:00	;53	;Disminuir por84.9%	;Disminuir por17.2%	;59	;Disminuir por82.6%	;Disminuir por44.3%	;2	;Sin cambios	;Sin cambios	;11	;Aumentar por175.0%	;Sin cambios	;0	;Disminuir por100.0%	;Disminuir por100.0%	;9	;Aumentar por28.6%	;Aumentar por28.6%	;
855	;07/06 14:00 - 15:00	;40	;Disminuir por80.7%	;Aumentar por48.1%	;83	;Disminuir por69.7%	;Aumentar por62.7%	;3	;Aumentar por200.0%	; --%	;20	;Aumentar por566.7%	;Aumentar por150.0%	;3	; --%	;Aumentar por200.0%	;7	;Aumentar por40.0%	;Disminuir por22.2%	;
856	;07/06 15:00 - 16:00	;67	;Disminuir por74.8%	;Aumentar por3.1%	;88	;Disminuir por70.8%	;Aumentar por29.4%	;5	; --%	;Aumentar por400.0%	;17	;Aumentar por750.0%	;Aumentar por240.0%	;1	; --%	;Sin cambios	;7	;Aumentar por40.0%	;Disminuir por22.2%	;
857	;07/06 16:00 - 17:00	;37	;Disminuir por87.9%	;Disminuir por43.1%	;71	;Disminuir por76.3%	;Disminuir por9.0%	;3	;Aumentar por200.0%	;Aumentar por200.0%	;13	;Aumentar por225.0%	;Aumentar por160.0%	;1	; --%	;Disminuir por80.0%	;16	;Aumentar por433.3%	;Aumentar por23.1%	;
858	;07/06 17:00 - 18:00	;61	;Disminuir por76.2%	;Disminuir por9.0%	;85	;Disminuir por75.9%	;Aumentar por21.4%	;3	;Disminuir por25.0%	;Aumentar por200.0%	;18	;Aumentar por260.0%	;Aumentar por200.0%	;5	;Aumentar por150.0%	;Aumentar por400.0%	;13	;Aumentar por18.2%	;Aumentar por30.0%	;
859	;07/06 18:00 - 19:00	;86	;Disminuir por64.5%	;Disminuir por3.4%	;74	;Disminuir por81.5%	;Disminuir por23.7%	;2	; --%	;Sin cambios	;10	;Aumentar por150.0%	;Aumentar por42.9%	;2	;Aumentar por100.0%	; --%	;6	;Aumentar por50.0%	;Disminuir por14.3%	;
860	;07/06 19:00 - 20:00	;131	;Disminuir por63.5%	;Disminuir por35.8%	;104	;Disminuir por80.7%	;Disminuir por46.1%	;2	; --%	;Sin cambios	;5	;Aumentar por400.0%	;Disminuir por28.6%	;1	;Sin cambios	;Disminuir por75.0%	;6	; --%	;Disminuir por14.3%	;
861	;07/06 20:00 - 21:00	;131	;Disminuir por42.3%	;Disminuir por56.8%	;186	;Disminuir por54.6%	;Disminuir por44.8%	;3	; --%	; --%	;10	;Aumentar por150.0%	;Aumentar por233.3%	;1	; --%	; --%	;8	;Aumentar por60.0%	; --%	;
862	;07/06 21:00 - 22:00	;82	;Disminuir por51.8%	;Disminuir por56.6%	;129	;Disminuir por52.0%	;Disminuir por45.8%	;0	; --%	;Disminuir por100.0%	;6	;Aumentar por50.0%	;Aumentar por20.0%	;0	;Disminuir por100.0%	;Disminuir por100.0%	;7	;Disminuir por46.2%	;Disminuir por30.0%	;
863	;07/06 22:00 - 23:00	;52	;Disminuir por20.0%	;Disminuir por67.7%	;103	;Disminuir por16.9%	;Disminuir por62.3%	;0	;Disminuir por100.0%	;Disminuir por100.0%	;3	;Disminuir por50.0%	;Disminuir por50.0%	;1	; --%	;Sin cambios	;7	;Aumentar por16.7%	;Aumentar por40.0%	;
864	;07/06 23:00 - 24:00	;94	;Aumentar por487.5%	;Aumentar por19.0%	;143	;Aumentar por204.3%	;Disminuir por36.7%	;1	; --%	;Disminuir por50.0%	;2	;Disminuir por75.0%	;Disminuir por60.0%	;0	;Disminuir por100.0%	;Disminuir por100.0%	;21	;Aumentar por110.0%	;Aumentar por16.7%	;
865	;07/07 00:00 - 01:00	;61	;Aumentar por369.2%	;Aumentar por10.9%	;95	;Aumentar por427.8%	;Disminuir por17.4%	;0	;Disminuir por100.0%	; --%	;6	;Aumentar por20.0%	;Aumentar por500.0%	;0	; --%	;Disminuir por100.0%	;7	;Disminuir por36.4%	;Disminuir por58.8%	;
866	;07/07 01:00 - 02:00	;12	;Aumentar por200.0%	;Disminuir por55.6%	;11	;Aumentar por450.0%	;Disminuir por57.7%	;0	; --%	;Disminuir por100.0%	;2	; --%	;Sin cambios	;1	; --%	;Sin cambios	;0	;Disminuir por100.0%	;Disminuir por100.0%	;
867	;07/07 02:00 - 03:00	;3	; --%	;Sin cambios	;8	;Aumentar por700.0%	;Aumentar por700.0%	;0	; --%	; --%	;0	; --%	; --%	;0	; --%	; --%	;1	; --%	; --%	;
868	;07/07 03:00 - 04:00	;1	; --%	;Disminuir por66.7%	;0	; --%	;Disminuir por100.0%	;0	; --%	; --%	;2	;Aumentar por100.0%	; --%	;0	; --%	; --%	;2	;Aumentar por100.0%	; --%	;
869	;07/07 04:00 - 05:00	;4	;Aumentar por300.0%	; --%	;6	; --%	;Sin cambios	;2	; --%	; --%	;3	;Aumentar por200.0%	;Aumentar por50.0%	;0	; --%	; --%	;3	; --%	;Aumentar por200.0%	;
870	;07/07 05:00 - 06:00	;0	; --%	;Disminuir por100.0%	;0	; --%	;Disminuir por100.0%	;1	; --%	; --%	;3	; --%	; --%	;0	; --%	; --%	;1	; --%	;Sin cambios	;
871	;07/07 06:00 - 07:00	;7	;Aumentar por75.0%	;Disminuir por50.0%	;8	;Aumentar por33.3%	;Disminuir por33.3%	;2	; --%	; --%	;2	;Aumentar por100.0%	;Aumentar por100.0%	;0	; --%	;Disminuir por100.0%	;1	;Sin cambios	;Disminuir por50.0%	;
872	;07/07 07:00 - 08:00	;27	;Aumentar por1250.0%	;Aumentar por92.9%	;33	;Aumentar por560.0%	;Aumentar por175.0%	;2	; --%	;Disminuir por33.3%	;8	;Aumentar por300.0%	;Disminuir por27.3%	;1	;Sin cambios	;Sin cambios	;4	;Aumentar por100.0%	;Aumentar por33.3%	;
873	;07/07 08:00 - 09:00	;28	;Aumentar por133.3%	;Aumentar por21.7%	;58	;Aumentar por262.5%	;Aumentar por31.8%	;1	; --%	;Sin cambios	;15	;Aumentar por87.5%	;Disminuir por28.6%	;0	;Disminuir por100.0%	; --%	;4	;Aumentar por100.0%	;Disminuir por55.6%	;
874	;07/07 09:00 - 10:00	;51	;Aumentar por142.9%	;Aumentar por41.7%	;59	;Aumentar por47.5%	;Aumentar por13.5%	;4	; --%	;Aumentar por300.0%	;18	;Aumentar por63.6%	;Aumentar por20.0%	;5	; --%	;Aumentar por66.7%	;11	;Aumentar por266.7%	;Disminuir por26.7%	;
875	;07/07 10:00 - 11:00	;109	;Aumentar por26.7%	;Aumentar por70.3%	;83	;Aumentar por23.9%	;Aumentar por48.2%	;4	;Sin cambios	;Disminuir por20.0%	;23	;Aumentar por27.8%	;Disminuir por14.8%	;1	; --%	;Sin cambios	;13	;Aumentar por225.0%	;Aumentar por44.4%	;
876	;07/07 11:00 - 12:00	;173	;Aumentar por27.2%	;Aumentar por226.4%	;123	;Aumentar por15.0%	;Aumentar por119.6%	;2	; --%	;Disminuir por50.0%	;28	;Aumentar por75.0%	;Disminuir por20.0%	;1	;Disminuir por50.0%	; --%	;7	;Disminuir por41.7%	;Disminuir por30.0%	;
877	;07/07 12:00 - 13:00	;99	;Disminuir por69.5%	;Aumentar por59.7%	;123	;Disminuir por60.1%	;Aumentar por48.2%	;2	;Aumentar por100.0%	;Disminuir por33.3%	;19	;Aumentar por375.0%	;Aumentar por35.7%	;0	;Disminuir por100.0%	; --%	;6	;Aumentar por50.0%	;Disminuir por33.3%	;
878	;07/07 13:00 - 14:00	;48	;Disminuir por80.1%	;Disminuir por9.4%	;84	;Disminuir por75.4%	;Aumentar por29.2%	;2	; --%	;Disminuir por71.4%	;17	;Aumentar por240.0%	;Disminuir por19.0%	;0	; --%	;Disminuir por100.0%	;16	;Aumentar por300.0%	;Aumentar por100.0%	;
879	;07/07 14:00 - 15:00	;55	;Disminuir por52.2%	;Aumentar por31.0%	;68	;Disminuir por61.1%	;Aumentar por78.9%	;7	; --%	;Aumentar por600.0%	;24	;Aumentar por380.0%	;Aumentar por100.0%	;2	;Aumentar por100.0%	; --%	;12	;Aumentar por200.0%	;Aumentar por33.3%	;
880	;07/07 15:00 - 16:00	;58	;Disminuir por59.2%	;Aumentar por241.2%	;80	;Disminuir por45.9%	;Aumentar por60.0%	;5	; --%	;Aumentar por66.7%	;17	;Aumentar por1600.0%	;Aumentar por88.9%	;1	; --%	; --%	;9	;Aumentar por28.6%	;Sin cambios	;
881	;07/07 16:00 - 17:00	;47	;Disminuir por65.4%	;Aumentar por46.9%	;71	;Disminuir por56.4%	;Aumentar por18.3%	;2	;Aumentar por100.0%	; --%	;4	;Disminuir por50.0%	;Disminuir por63.6%	;1	; --%	;Sin cambios	;17	;Aumentar por240.0%	;Aumentar por70.0%	;
882	;07/07 17:00 - 18:00	;66	;Disminuir por47.2%	;Aumentar por37.5%	;80	;Disminuir por56.5%	;Aumentar por63.3%	;1	;Sin cambios	;Disminuir por66.7%	;9	;Sin cambios	;Disminuir por18.2%	;1	;Disminuir por50.0%	;Disminuir por50.0%	;11	;Disminuir por31.3%	;Disminuir por21.4%	;
883	;07/07 18:00 - 19:00	;173	;Aumentar por3.0%	;Aumentar por94.4%	;119	;Disminuir por42.8%	;Aumentar por63.0%	;3	; --%	; --%	;8	;Aumentar por300.0%	;Disminuir por20.0%	;1	;Disminuir por50.0%	;Disminuir por50.0%	;6	;Disminuir por14.3%	;Sin cambios	;
884	;07/07 19:00 - 20:00	;247	;Aumentar por194.0%	;Aumentar por130.8%	;221	;Aumentar por13.9%	;Aumentar por90.5%	;1	; --%	;Sin cambios	;5	;Aumentar por150.0%	;Disminuir por44.4%	;6	;Aumentar por200.0%	;Aumentar por50.0%	;8	;Aumentar por60.0%	;Disminuir por38.5%	;
885	;07/07 20:00 - 21:00	;203	;Aumentar por170.7%	;Aumentar por6.8%	;272	;Aumentar por50.3%	;Aumentar por36.7%	;1	; --%	; --%	;6	;Disminuir por33.3%	;Aumentar por20.0%	;2	;Aumentar por100.0%	; --%	;5	;Disminuir por54.5%	;Disminuir por16.7%	;
886	;07/07 21:00 - 22:00	;217	;Aumentar por557.6%	;Aumentar por75.0%	;362	;Aumentar por311.4%	;Aumentar por124.8%	;0	; --%	; --%	;2	;Disminuir por80.0%	;Sin cambios	;2	;Aumentar por100.0%	; --%	;4	;Disminuir por60.0%	;Sin cambios	;
887	;07/07 22:00 - 23:00	;227	;Aumentar por1521.4%	;Aumentar por94.0%	;365	;Aumentar por630.0%	;Aumentar por128.1%	;0	; --%	; --%	;2	; --%	;Disminuir por33.3%	;1	;Disminuir por50.0%	;Disminuir por50.0%	;6	;Disminuir por25.0%	;Disminuir por33.3%	;
888	;07/07 23:00 - 24:00	;302	;Aumentar por2416.7%	;Aumentar por155.9%	;462	;Aumentar por1611.1%	;Aumentar por59.9%	;0	; --%	;Disminuir por100.0%	;1	;Disminuir por75.0%	;Disminuir por85.7%	;2	;Aumentar por100.0%	;Aumentar por100.0%	;18	;Aumentar por125.0%	;Aumentar por5.9%	;
889	;07/08 00:00 - 01:00	;57	;Aumentar por1325.0%	;Aumentar por3.6%	;162	;Aumentar por8000.0%	;Aumentar por74.2%	;1	; --%	; --%	;4	;Aumentar por33.3%	;Aumentar por33.3%	;2	;Disminuir por33.3%	; --%	;25	;Aumentar por400.0%	;Aumentar por47.1%	;
890	;07/08 01:00 - 02:00	;17	;Aumentar por750.0%	;Aumentar por54.5%	;15	;Aumentar por650.0%	;Disminuir por11.8%	;1	; --%	; --%	;5	;Aumentar por25.0%	;Aumentar por150.0%	;0	; --%	; --%	;6	; --%	;Aumentar por50.0%	;
891	;07/08 02:00 - 03:00	;5	;Aumentar por400.0%	;Aumentar por66.7%	;6	; --%	;Disminuir por25.0%	;0	; --%	; --%	;3	; --%	;Aumentar por200.0%	;0	; --%	; --%	;1	; --%	; --%	;
892	;07/08 03:00 - 04:00	;1	; --%	;Disminuir por75.0%	;1	; --%	;Disminuir por83.3%	;0	; --%	; --%	;1	; --%	;Disminuir por66.7%	;0	;Disminuir por100.0%	; --%	;2	; --%	; --%	;
893	;07/08 04:00 - 05:00	;0	;Disminuir por100.0%	; --%	;1	;Sin cambios	;Disminuir por50.0%	;0	; --%	; --%	;2	; --%	; --%	;0	; --%	; --%	;3	;Aumentar por200.0%	;Aumentar por50.0%	;
894	;07/08 05:00 - 06:00	;0	; --%	; --%	;1	; --%	;Disminuir por66.7%	;0	; --%	; --%	;1	; --%	;Sin cambios	;0	; --%	; --%	;1	; --%	; --%	;
895	;07/08 06:00 - 07:00	;11	;Aumentar por266.7%	;Aumentar por266.7%	;15	;Aumentar por114.3%	;Aumentar por400.0%	;0	;Disminuir por100.0%	; --%	;1	;Sin cambios	;Disminuir por50.0%	;0	;Disminuir por100.0%	; --%	;1	;Sin cambios	;Disminuir por75.0%	;
896	;07/08 07:00 - 08:00	;30	;Aumentar por200.0%	;Aumentar por150.0%	;35	;Aumentar por84.2%	;Aumentar por94.4%	;1	;Disminuir por50.0%	;Disminuir por66.7%	;5	;Sin cambios	;Disminuir por58.3%	;1	;Sin cambios	;Disminuir por66.7%	;7	; --%	;Aumentar por40.0%	;
897	;07/08 08:00 - 09:00	;15	;Disminuir por6.3%	;Disminuir por57.1%	;41	;Aumentar por7.9%	;Aumentar por5.1%	;1	;Disminuir por50.0%	;Disminuir por75.0%	;13	;Aumentar por8.3%	;Disminuir por53.6%	;1	;Disminuir por75.0%	;Disminuir por75.0%	;6	;Sin cambios	;Disminuir por53.8%	;
898	;07/08 09:00 - 10:00	;41	;Aumentar por24.2%	;Aumentar por64.0%	;67	;Aumentar por179.2%	;Aumentar por39.6%	;3	;Aumentar por200.0%	;Sin cambios	;20	;Aumentar por25.0%	;Disminuir por16.7%	;4	;Aumentar por300.0%	; --%	;14	;Aumentar por100.0%	;Aumentar por16.7%	;
899	;07/08 10:00 - 11:00	;118	;Aumentar por25.5%	;Disminuir por29.3%	;94	;Aumentar por36.2%	;Aumentar por8.0%	;5	;Disminuir por50.0%	;Aumentar por150.0%	;34	;Aumentar por3.0%	;Sin cambios	;6	;Aumentar por100.0%	;Aumentar por50.0%	;10	;Aumentar por66.7%	;Disminuir por16.7%	;
900	;07/08 11:00 - 12:00	;157	;Aumentar por6.8%	;Disminuir por9.2%	;121	;Aumentar por30.1%	;Disminuir por9.0%	;8	;Aumentar por700.0%	; --%	;33	;Aumentar por50.0%	;Aumentar por50.0%	;0	;Disminuir por100.0%	; --%	;7	;Disminuir por53.3%	;Disminuir por12.5%	;
901	;07/08 12:00 - 13:00	;121	;Aumentar por14.2%	;Disminuir por38.3%	;99	;Disminuir por8.3%	;Disminuir por50.5%	;0	;Disminuir por100.0%	;Disminuir por100.0%	;14	;Disminuir por6.7%	;Sin cambios	;2	; --%	;Sin cambios	;13	;Aumentar por333.3%	;Aumentar por8.3%	;
902	;07/08 13:00 - 14:00	;66	;Disminuir por5.7%	;Disminuir por32.0%	;71	;Disminuir por29.7%	;Disminuir por58.0%	;4	;Disminuir por20.0%	;Sin cambios	;19	;Disminuir por5.0%	;Aumentar por46.2%	;4	;Aumentar por33.3%	;Aumentar por100.0%	;11	;Aumentar por37.5%	;Disminuir por15.4%	;
903	;07/08 14:00 - 15:00	;90	;Aumentar por12.5%	;Aumentar por76.5%	;124	;Aumentar por85.1%	;Aumentar por27.8%	;2	; --%	;Aumentar por100.0%	;13	;Aumentar por44.4%	;Aumentar por44.4%	;2	; --%	;Aumentar por100.0%	;10	;Aumentar por150.0%	;Aumentar por100.0%	;
904	;07/08 15:00 - 16:00	;44	;Disminuir por52.7%	;Disminuir por47.6%	;74	;Disminuir por33.3%	;Disminuir por30.2%	;1	;Disminuir por50.0%	;Disminuir por75.0%	;16	;Aumentar por45.5%	;Disminuir por5.9%	;1	; --%	;Sin cambios	;9	;Aumentar por800.0%	;Aumentar por200.0%	;
905	;07/08 16:00 - 17:00	;72	;Aumentar por33.3%	;Disminuir por20.9%	;80	;Disminuir por25.9%	;Disminuir por35.0%	;1	;Disminuir por66.7%	;Disminuir por66.7%	;12	;Disminuir por14.3%	;Disminuir por7.7%	;0	;Disminuir por100.0%	;Disminuir por100.0%	;9	;Disminuir por25.0%	;Disminuir por50.0%	;
906	;07/08 17:00 - 18:00	;75	;Aumentar por25.0%	;Disminuir por14.8%	;66	;Disminuir por35.9%	;Disminuir por29.0%	;3	;Aumentar por50.0%	;Aumentar por200.0%	;14	;Aumentar por16.7%	;Aumentar por27.3%	;0	;Disminuir por100.0%	; --%	;10	;Aumentar por25.0%	;Disminuir por33.3%	;
907	;07/08 18:00 - 19:00	;95	;Disminuir por8.7%	;Disminuir por11.2%	;105	;Disminuir por21.6%	;Disminuir por1.9%	;0	; --%	; --%	;12	;Aumentar por33.3%	;Aumentar por100.0%	;1	; --%	; --%	;12	;Aumentar por100.0%	;Disminuir por7.7%	;
908	;07/08 19:00 - 20:00	;248	;Aumentar por125.5%	;Aumentar por19.8%	;201	;Aumentar por6.9%	;Disminuir por14.8%	;0	; --%	;Disminuir por100.0%	;6	;Aumentar por20.0%	;Disminuir por45.5%	;3	;Aumentar por200.0%	;Sin cambios	;7	;Aumentar por40.0%	;Disminuir por56.3%	;
909	;07/08 20:00 - 21:00	;316	;Aumentar por618.2%	;Aumentar por9.0%	;422	;Aumentar por251.7%	;Aumentar por7.7%	;1	;Sin cambios	; --%	;8	;Sin cambios	;Aumentar por700.0%	;3	; --%	; --%	;10	;Disminuir por23.1%	;Aumentar por66.7%	;
910	;07/08 21:00 - 22:00	;254	;Aumentar por958.3%	;Aumentar por23.3%	;313	;Aumentar por723.7%	;Aumentar por5.4%	;0	;Disminuir por100.0%	;Disminuir por100.0%	;1	;Disminuir por90.0%	;Disminuir por83.3%	;11	; --%	;Aumentar por1000.0%	;19	;Aumentar por533.3%	;Aumentar por171.4%	;
911	;07/08 22:00 - 23:00	;223	;Aumentar por1211.8%	;Aumentar por55.9%	;328	;Aumentar por1031.0%	;Aumentar por43.2%	;0	;Disminuir por100.0%	; --%	;2	;Disminuir por50.0%	; --%	;2	; --%	;Aumentar por100.0%	;6	;Aumentar por500.0%	;Aumentar por50.0%	;
912	;07/08 23:00 - 24:00	;191	;Aumentar por1369.2%	;Aumentar por122.1%	;266	;Aumentar por4333.3%	;Aumentar por15.2%	;1	; --%	;Sin cambios	;3	;Disminuir por40.0%	;Disminuir por25.0%	;1	; --%	;Sin cambios	;24	;Aumentar por1100.0%	;Aumentar por41.2%	;
913	;07/09 00:00 - 01:00	;43	;Aumentar por2050.0%	;Disminuir por20.4%	;69	; --%	;Disminuir por61.2%	;0	; --%	;Disminuir por100.0%	;2	;Sin cambios	;Disminuir por66.7%	;4	; --%	;Aumentar por100.0%	;24	;Aumentar por2300.0%	;Aumentar por26.3%	;
914	;07/09 01:00 - 02:00	;16	;Aumentar por433.3%	;Aumentar por14.3%	;19	;Aumentar por1800.0%	;Disminuir por54.8%	;0	; --%	; --%	;3	; --%	;Sin cambios	;0	; --%	; --%	;8	; --%	;Sin cambios	;
915	;07/09 02:00 - 03:00	;1	;Sin cambios	;Disminuir por80.0%	;3	;Aumentar por200.0%	;Disminuir por66.7%	;0	;Disminuir por100.0%	;Disminuir por100.0%	;2	;Aumentar por100.0%	;Disminuir por50.0%	;0	; --%	; --%	;0	; --%	;Disminuir por100.0%	;
916	;07/09 03:00 - 04:00	;2	;Aumentar por100.0%	;Disminuir por33.3%	;3	; --%	;Sin cambios	;0	; --%	;Disminuir por100.0%	;1	;Sin cambios	;Disminuir por75.0%	;0	; --%	; --%	;0	; --%	; --%	;
917	;07/09 04:00 - 05:00	;0	; --%	;Disminuir por100.0%	;0	; --%	;Disminuir por100.0%	;0	; --%	;Disminuir por100.0%	;0	; --%	;Disminuir por100.0%	;0	; --%	; --%	;3	; --%	; --%	;
918	;07/09 05:00 - 06:00	;8	;Aumentar por700.0%	; --%	;8	;Aumentar por300.0%	;Aumentar por700.0%	;1	; --%	; --%	;2	; --%	;Aumentar por100.0%	;3	; --%	; --%	;2	; --%	; --%	;
919	;07/09 06:00 - 07:00	;0	; --%	; --%	;12	;Aumentar por300.0%	; --%	;1	; --%	; --%	;1	;Disminuir por50.0%	;Sin cambios	;0	; --%	; --%	;4	;Aumentar por300.0%	; --%	;
920	;07/09 07:00 - 08:00	;20	;Aumentar por150.0%	;Aumentar por150.0%	;26	;Aumentar por62.5%	;Aumentar por136.4%	;2	;Sin cambios	;Sin cambios	;7	;Disminuir por30.0%	;Disminuir por30.0%	;0	;Disminuir por100.0%	; --%	;14	;Aumentar por1300.0%	; --%	;
921	;07/09 08:00 - 09:00	;35	;Aumentar por191.7%	;Aumentar por483.3%	;53	;Aumentar por35.9%	;Aumentar por253.3%	;2	;Aumentar por100.0%	; --%	;22	;Aumentar por144.4%	;Aumentar por57.1%	;5	; --%	; --%	;17	;Aumentar por325.0%	; --%	;
922	;07/09 09:00 - 10:00	;53	;Aumentar por96.3%	;Aumentar por253.3%	;52	;Aumentar por147.6%	;Aumentar por73.3%	;4	;Aumentar por33.3%	;Aumentar por300.0%	;23	;Aumentar por4.5%	;Aumentar por64.3%	;4	;Aumentar por300.0%	; --%	;9	;Disminuir por10.0%	;Aumentar por800.0%	;
923	;07/09 10:00 - 11:00	;120	;Disminuir por19.5%	;Aumentar por130.8%	;95	;Aumentar por18.8%	;Aumentar por120.9%	;2	;Disminuir por71.4%	;Aumentar por100.0%	;23	;Disminuir por30.3%	;Disminuir por30.3%	;2	;Disminuir por33.3%	; --%	;8	;Aumentar por60.0%	;Aumentar por700.0%	;
924	;07/09 11:00 - 12:00	;108	;Disminuir por47.3%	;Disminuir por34.5%	;100	;Disminuir por28.6%	;Disminuir por3.8%	;0	;Disminuir por100.0%	;Disminuir por100.0%	;24	;Aumentar por41.2%	;Disminuir por11.1%	;2	;Disminuir por84.6%	; --%	;11	;Disminuir por45.0%	; --%	;
925	;07/09 12:00 - 13:00	;107	;Disminuir por9.3%	;Disminuir por36.7%	;105	;Disminuir por27.6%	;Disminuir por31.8%	;5	;Aumentar por150.0%	;Aumentar por66.7%	;28	;Aumentar por86.7%	;Aumentar por100.0%	;0	;Disminuir por100.0%	;Disminuir por100.0%	;10	;Aumentar por11.1%	;Aumentar por900.0%	;
926	;07/09 13:00 - 14:00	;72	;Disminuir por37.4%	;Disminuir por66.4%	;109	;Disminuir por11.4%	;Disminuir por54.6%	;0	;Disminuir por100.0%	;Disminuir por100.0%	;9	;Disminuir por35.7%	;Disminuir por71.0%	;5	;Aumentar por150.0%	;Aumentar por150.0%	;10	;Aumentar por25.0%	;Aumentar por400.0%	;
927	;07/09 14:00 - 15:00	;61	;Aumentar por38.6%	;Disminuir por21.8%	;84	;Aumentar por23.5%	;Disminuir por25.0%	;0	;Disminuir por100.0%	;Disminuir por100.0%	;8	;Disminuir por38.5%	;Aumentar por14.3%	;1	; --%	; --%	;7	;Aumentar por40.0%	;Aumentar por40.0%	;
928	;07/09 15:00 - 16:00	;64	;Disminuir por19.0%	;Disminuir por39.6%	;81	;Disminuir por12.0%	;Disminuir por35.7%	;3	;Aumentar por50.0%	;Sin cambios	;18	;Sin cambios	;Disminuir por14.3%	;1	;Sin cambios	; --%	;12	;Aumentar por100.0%	;Aumentar por1100.0%	;
929	;07/09 16:00 - 17:00	;58	;Disminuir por42.0%	;Disminuir por58.3%	;64	;Disminuir por44.8%	;Disminuir por54.6%	;3	;Disminuir por40.0%	; --%	;25	;Aumentar por212.5%	;Aumentar por177.8%	;0	; --%	; --%	;6	;Disminuir por25.0%	;Disminuir por25.0%	;
930	;07/09 17:00 - 18:00	;64	;Disminuir por40.2%	;Disminuir por60.0%	;86	;Disminuir por28.3%	;Disminuir por48.8%	;2	;Aumentar por100.0%	; --%	;9	;Disminuir por30.8%	;Disminuir por10.0%	;2	; --%	;Aumentar por100.0%	;12	;Aumentar por33.3%	;Aumentar por100.0%	;
931	;07/09 18:00 - 19:00	;69	;Disminuir por46.1%	;Disminuir por71.1%	;68	;Disminuir por55.6%	;Disminuir por71.4%	;5	;Aumentar por400.0%	; --%	;10	;Aumentar por42.9%	;Aumentar por11.1%	;1	;Disminuir por85.7%	;Disminuir por50.0%	;8	;Disminuir por27.3%	;Aumentar por60.0%	;
932	;07/09 19:00 - 20:00	;145	;Aumentar por25.0%	;Disminuir por38.3%	;148	;Disminuir por24.5%	;Disminuir por56.9%	;0	; --%	;Disminuir por100.0%	;3	;Disminuir por62.5%	;Disminuir por25.0%	;0	;Disminuir por100.0%	;Disminuir por100.0%	;10	;Aumentar por233.3%	;Aumentar por233.3%	;
933	;07/09 20:00 - 21:00	;194	;Aumentar por139.5%	;Disminuir por2.5%	;277	;Aumentar por111.5%	;Disminuir por10.9%	;1	;Sin cambios	; --%	;5	;Disminuir por44.4%	;Aumentar por150.0%	;3	; --%	;Disminuir por40.0%	;13	;Aumentar por160.0%	;Aumentar por85.7%	;
934	;07/09 21:00 - 22:00	;224	;Aumentar por1393.3%	;Aumentar por24.4%	;311	;Aumentar por378.5%	;Aumentar por6.1%	;0	; --%	; --%	;0	;Disminuir por100.0%	;Disminuir por100.0%	;3	;Aumentar por50.0%	; --%	;7	;Aumentar por40.0%	;Aumentar por75.0%	;
935	;07/09 22:00 - 23:00	;196	;Aumentar por1407.7%	;Aumentar por67.5%	;285	;Aumentar por1400.0%	;Aumentar por59.2%	;0	; --%	; --%	;1	;Disminuir por80.0%	; --%	;0	;Disminuir por100.0%	;Disminuir por100.0%	;6	;Aumentar por20.0%	;Sin cambios	;
936	;07/09 23:00 - 24:00	;185	;Aumentar por873.7%	;Aumentar por146.7%	;287	;Aumentar por1950.0%	;Aumentar por75.0%	;2	; --%	;Aumentar por100.0%	;7	;Disminuir por12.5%	;Disminuir por36.4%	;0	; --%	;Disminuir por100.0%	;21	;Aumentar por600.0%	;Aumentar por31.3%	;
937	;07/10 00:00 - 01:00	;62	;Aumentar por6100.0%	;Aumentar por77.1%	;135	; --%	;Aumentar por145.5%	;0	; --%	;Disminuir por100.0%	;1	;Disminuir por66.7%	;Sin cambios	;1	; --%	;Disminuir por85.7%	;19	;Aumentar por1800.0%	;Aumentar por26.7%	;
938	;07/10 01:00 - 02:00	;18	;Aumentar por800.0%	;Aumentar por20.0%	;14	;Aumentar por1300.0%	;Aumentar por16.7%	;0	; --%	; --%	;5	; --%	;Aumentar por400.0%	;0	; --%	; --%	;9	; --%	; --%	;
939	;07/10 02:00 - 03:00	;2	;Aumentar por100.0%	;Disminuir por50.0%	;5	; --%	;Aumentar por66.7%	;0	; --%	;Disminuir por100.0%	;0	;Disminuir por100.0%	;Disminuir por100.0%	;0	; --%	; --%	;0	; --%	; --%	;
940	;07/10 03:00 - 04:00	;2	; --%	;Disminuir por75.0%	;4	; --%	;Sin cambios	;0	; --%	;Disminuir por100.0%	;1	;Sin cambios	;Disminuir por66.7%	;0	; --%	; --%	;2	; --%	; --%	;
941	;07/10 04:00 - 05:00	;0	; --%	; --%	;1	; --%	; --%	;0	; --%	; --%	;1	; --%	; --%	;0	; --%	; --%	;1	; --%	;Sin cambios	;
942	;07/10 05:00 - 06:00	;0	; --%	; --%	;2	; --%	;Aumentar por100.0%	;0	; --%	; --%	;1	;Sin cambios	;Disminuir por50.0%	;0	; --%	; --%	;0	; --%	; --%	;
943	;07/10 06:00 - 07:00	;10	; --%	; --%	;14	;Aumentar por366.7%	;Aumentar por366.7%	;0	; --%	; --%	;1	;Sin cambios	;Sin cambios	;0	; --%	; --%	;1	;Sin cambios	; --%	;
944	;07/10 07:00 - 08:00	;24	;Aumentar por300.0%	;Aumentar por41.2%	;32	;Aumentar por77.8%	;Aumentar por60.0%	;1	;Disminuir por50.0%	;Disminuir por75.0%	;5	;Disminuir por16.7%	;Disminuir por61.5%	;0	; --%	; --%	;3	;Aumentar por200.0%	;Aumentar por50.0%	;
945	;07/10 08:00 - 09:00	;20	;Aumentar por17.6%	;Aumentar por11.1%	;46	;Aumentar por70.4%	;Aumentar por48.4%	;2	;Disminuir por80.0%	;Disminuir por50.0%	;25	;Aumentar por38.9%	;Aumentar por31.6%	;0	; --%	; --%	;6	;Aumentar por200.0%	;Aumentar por50.0%	;
946	;07/10 09:00 - 10:00	;27	;Disminuir por10.0%	;Disminuir por10.0%	;56	;Aumentar por47.4%	;Disminuir por6.7%	;2	;Aumentar por100.0%	;Sin cambios	;25	;Aumentar por78.6%	;Aumentar por19.0%	;6	;Aumentar por50.0%	;Aumentar por100.0%	;10	;Aumentar por100.0%	;Disminuir por9.1%	;
947	;07/10 10:00 - 11:00	;102	;Aumentar por67.2%	;Aumentar por43.7%	;85	;Aumentar por117.9%	;Aumentar por19.7%	;6	;Aumentar por200.0%	;Disminuir por14.3%	;39	;Disminuir por2.5%	;Disminuir por2.5%	;0	; --%	; --%	;10	;Aumentar por66.7%	;Aumentar por42.9%	;
948	;07/10 11:00 - 12:00	;139	;Disminuir por12.6%	;Disminuir por9.2%	;141	;Disminuir por12.4%	;Aumentar por10.2%	;0	;Disminuir por100.0%	;Disminuir por100.0%	;18	;Disminuir por37.9%	;Disminuir por50.0%	;5	;Aumentar por150.0%	;Aumentar por150.0%	;19	;Aumentar por171.4%	;Aumentar por46.2%	;
949	;07/10 12:00 - 13:00	;80	;Disminuir por33.3%	;Disminuir por14.0%	;87	;Disminuir por37.0%	;Disminuir por3.3%	;2	;Disminuir por84.6%	; --%	;7	;Disminuir por77.4%	;Disminuir por61.1%	;0	;Disminuir por100.0%	; --%	;9	;Aumentar por12.5%	;Disminuir por50.0%	;
950	;07/10 13:00 - 14:00	;50	;Disminuir por54.1%	;Disminuir por47.4%	;77	;Disminuir por43.0%	;Disminuir por26.0%	;6	;Aumentar por500.0%	;Aumentar por20.0%	;25	;Aumentar por47.1%	;Aumentar por38.9%	;3	;Sin cambios	; --%	;10	;Aumentar por150.0%	;Aumentar por11.1%	;
951	;07/10 14:00 - 15:00	;67	;Disminuir por13.0%	;Aumentar por8.1%	;71	;Disminuir por12.3%	;Disminuir por15.5%	;1	;Disminuir por50.0%	;Disminuir por66.7%	;16	;Aumentar por23.1%	;Aumentar por14.3%	;2	; --%	;Aumentar por100.0%	;9	;Aumentar por50.0%	;Aumentar por80.0%	;
952	;07/10 15:00 - 16:00	;29	;Disminuir por55.4%	;Disminuir por47.3%	;54	;Disminuir por28.9%	;Disminuir por6.9%	;3	;Aumentar por200.0%	;Disminuir por25.0%	;11	;Sin cambios	;Aumentar por22.2%	;2	;Aumentar por100.0%	; --%	;13	;Aumentar por225.0%	;Aumentar por160.0%	;
953	;07/10 16:00 - 17:00	;41	;Disminuir por43.8%	;Disminuir por44.6%	;69	;Disminuir por10.4%	;Disminuir por28.9%	;2	; --%	; --%	;15	;Aumentar por50.0%	;Aumentar por25.0%	;0	; --%	; --%	;14	;Aumentar por133.3%	;Disminuir por6.7%	;
954	;07/10 17:00 - 18:00	;43	;Disminuir por48.8%	;Aumentar por7.5%	;67	;Disminuir por39.6%	;Aumentar por34.0%	;0	;Disminuir por100.0%	;Disminuir por100.0%	;8	;Disminuir por38.5%	;Aumentar por14.3%	;1	;Disminuir por83.3%	; --%	;12	;Sin cambios	;Disminuir por7.7%	;
955	;07/10 18:00 - 19:00	;94	;Aumentar por14.6%	;Aumentar por34.3%	;127	;Aumentar por33.7%	;Aumentar por76.4%	;3	; --%	; --%	;14	;Aumentar por55.6%	;Aumentar por55.6%	;1	; --%	;Disminuir por80.0%	;11	;Aumentar por57.1%	;Aumentar por37.5%	;
956	;07/10 19:00 - 20:00	;145	;Aumentar por123.1%	;Aumentar por10.7%	;149	;Aumentar por69.3%	;Aumentar por13.7%	;2	; --%	;Disminuir por33.3%	;8	;Sin cambios	;Disminuir por52.9%	;3	; --%	;Aumentar por50.0%	;8	;Aumentar por60.0%	;Disminuir por27.3%	;
957	;07/10 20:00 - 21:00	;115	;Aumentar por51.3%	;Disminuir por48.0%	;190	;Aumentar por30.1%	;Disminuir por29.6%	;1	;Sin cambios	;Disminuir por66.7%	;7	;Disminuir por12.5%	;Aumentar por16.7%	;1	;Disminuir por66.7%	;Sin cambios	;14	;Disminuir por12.5%	;Aumentar por100.0%	;
958	;07/10 21:00 - 22:00	;78	;Aumentar por52.9%	;Disminuir por38.1%	;99	;Aumentar por1.0%	;Disminuir por53.1%	;0	; --%	; --%	;0	;Disminuir por100.0%	;Disminuir por100.0%	;0	; --%	;Disminuir por100.0%	;8	;Aumentar por300.0%	;Aumentar por33.3%	;
959	;07/10 22:00 - 23:00	;59	;Aumentar por118.5%	;Disminuir por59.6%	;128	;Aumentar por220.0%	;Disminuir por46.4%	;0	; --%	; --%	;2	;Disminuir por33.3%	; --%	;0	; --%	;Disminuir por100.0%	;5	;Aumentar por400.0%	;Sin cambios	;
960	;07/10 23:00 - 24:00	;107	;Aumentar por1237.5%	;Disminuir por41.8%	;197	;Aumentar por1541.7%	;Disminuir por40.5%	;0	; --%	; --%	;2	;Disminuir por66.7%	;Aumentar por100.0%	;2	; --%	;Disminuir por33.3%	;21	;Aumentar por2000.0%	;Aumentar por16.7%	;
961	;07/11 00:00 - 01:00	;67	;Aumentar por1575.0%	;Disminuir por13.0%	;102	;Aumentar por3300.0%	;Disminuir por45.7%	;0	; --%	; --%	;7	;Aumentar por250.0%	;Aumentar por16.7%	;0	; --%	;Disminuir por100.0%	;17	;Aumentar por325.0%	;Disminuir por19.0%	;
962	;07/11 01:00 - 02:00	;13	;Aumentar por1200.0%	;Disminuir por27.8%	;26	; --%	;Disminuir por3.7%	;0	; --%	; --%	;4	;Aumentar por300.0%	;Aumentar por300.0%	;0	; --%	; --%	;2	; --%	;Disminuir por81.8%	;
963	;07/11 02:00 - 03:00	;5	; --%	;Aumentar por150.0%	;11	; --%	;Aumentar por175.0%	;0	; --%	;Disminuir por100.0%	;1	;Sin cambios	;Disminuir por75.0%	;1	; --%	; --%	;5	; --%	;Aumentar por150.0%	;
964	;07/11 03:00 - 04:00	;6	; --%	;Aumentar por500.0%	;18	; --%	;Aumentar por500.0%	;2	; --%	; --%	;2	;Aumentar por100.0%	; --%	;0	; --%	; --%	;2	; --%	; --%	;
965	;07/11 04:00 - 05:00	;10	; --%	;Aumentar por150.0%	;9	; --%	; --%	;0	; --%	; --%	;0	; --%	;Disminuir por100.0%	;0	; --%	; --%	;0	; --%	;Disminuir por100.0%	;
966	;07/11 05:00 - 06:00	;1	; --%	;Sin cambios	;4	;Aumentar por100.0%	;Aumentar por100.0%	;1	; --%	; --%	;3	; --%	;Aumentar por200.0%	;0	; --%	; --%	;1	; --%	; --%	;
967	;07/11 06:00 - 07:00	;2	;Disminuir por50.0%	;Disminuir por83.3%	;7	;Sin cambios	;Disminuir por46.2%	;0	;Disminuir por100.0%	;Disminuir por100.0%	;3	;Aumentar por50.0%	;Disminuir por40.0%	;0	; --%	; --%	;1	;Sin cambios	; --%	;
968	;07/11 07:00 - 08:00	;33	;Aumentar por312.5%	;Aumentar por32.0%	;30	;Aumentar por87.5%	;Disminuir por18.9%	;1	;Disminuir por66.7%	;Disminuir por83.3%	;4	;Disminuir por55.6%	;Disminuir por80.0%	;0	;Disminuir por100.0%	;Disminuir por100.0%	;2	;Aumentar por100.0%	;Disminuir por50.0%	;
969	;07/11 08:00 - 09:00	;22	;Aumentar por120.0%	;Aumentar por83.3%	;33	;Aumentar por43.5%	;Disminuir por10.8%	;1	;Disminuir por66.7%	;Disminuir por80.0%	;14	;Sin cambios	;Disminuir por51.7%	;1	;Sin cambios	;Sin cambios	;5	;Aumentar por66.7%	;Aumentar por25.0%	;
970	;07/11 09:00 - 10:00	;51	;Aumentar por88.9%	;Aumentar por64.5%	;49	;Aumentar por88.5%	;Aumentar por32.4%	;1	;Sin cambios	;Disminuir por83.3%	;15	;Sin cambios	;Disminuir por50.0%	;0	;Disminuir por100.0%	;Disminuir por100.0%	;3	;Disminuir por50.0%	;Disminuir por66.7%	;
971	;07/11 10:00 - 11:00	;76	;Disminuir por46.1%	;Disminuir por36.1%	;69	;Disminuir por12.7%	;Disminuir por1.4%	;2	;Disminuir por77.8%	;Disminuir por33.3%	;19	;Disminuir por51.3%	;Disminuir por47.2%	;2	;Sin cambios	;Aumentar por100.0%	;11	;Sin cambios	;Aumentar por83.3%	;
972	;07/11 11:00 - 12:00	;106	;Disminuir por31.6%	;Disminuir por23.7%	;104	;Disminuir por37.0%	;Disminuir por9.6%	;2	;Disminuir por60.0%	;Aumentar por100.0%	;16	;Disminuir por44.8%	;Disminuir por50.0%	;1	; --%	;Disminuir por66.7%	;12	;Aumentar por71.4%	;Sin cambios	;
973	;07/11 12:00 - 13:00	;128	;Aumentar por37.6%	;Disminuir por36.6%	;123	;Aumentar por38.2%	;Disminuir por47.7%	;4	;Aumentar por100.0%	;Aumentar por33.3%	;15	;Disminuir por31.8%	;Disminuir por46.4%	;2	;Disminuir por33.3%	;Disminuir por50.0%	;14	;Aumentar por75.0%	;Aumentar por27.3%	;
974	;07/11 13:00 - 14:00	;75	;Aumentar por2.7%	;Disminuir por47.9%	;109	;Aumentar por23.9%	;Disminuir por40.1%	;0	;Disminuir por100.0%	;Disminuir por100.0%	;9	;Disminuir por43.8%	;Disminuir por52.6%	;3	;Aumentar por50.0%	;Disminuir por25.0%	;9	;Aumentar por50.0%	;Disminuir por25.0%	;
975	;07/11 14:00 - 15:00	;51	;Disminuir por5.6%	;Disminuir por44.6%	;90	;Aumentar por9.8%	;Disminuir por24.4%	;0	;Disminuir por100.0%	;Disminuir por100.0%	;5	;Disminuir por64.3%	;Disminuir por68.8%	;0	;Disminuir por100.0%	;Disminuir por100.0%	;9	;Aumentar por50.0%	;Aumentar por50.0%	;
976	;07/11 15:00 - 16:00	;87	;Aumentar por85.1%	;Sin cambios	;109	;Aumentar por26.7%	;Aumentar por6.9%	;0	;Disminuir por100.0%	;Disminuir por100.0%	;3	;Disminuir por76.9%	;Disminuir por80.0%	;2	;Aumentar por100.0%	; --%	;6	;Aumentar por200.0%	;Disminuir por25.0%	;
977	;07/11 16:00 - 17:00	;45	;Disminuir por26.2%	;Aumentar por21.6%	;77	;Disminuir por30.0%	;Aumentar por22.2%	;0	; --%	;Disminuir por100.0%	;3	;Disminuir por50.0%	;Disminuir por70.0%	;0	;Disminuir por100.0%	;Disminuir por100.0%	;11	;Aumentar por57.1%	;Disminuir por15.4%	;
978	;07/11 17:00 - 18:00	;91	;Aumentar por23.0%	;Disminuir por6.2%	;131	;Aumentar por23.6%	;Aumentar por45.6%	;1	;Sin cambios	; --%	;3	;Disminuir por62.5%	;Disminuir por50.0%	;0	;Disminuir por100.0%	; --%	;9	;Disminuir por55.0%	;Aumentar por28.6%	;
979	;07/11 18:00 - 19:00	;155	;Aumentar por44.9%	;Aumentar por63.2%	;147	;Aumentar por25.6%	;Aumentar por67.0%	;0	; --%	;Disminuir por100.0%	;8	;Disminuir por11.1%	;Disminuir por38.5%	;0	; --%	;Disminuir por100.0%	;4	;Disminuir por20.0%	;Disminuir por20.0%	;
980	;07/11 19:00 - 20:00	;268	;Aumentar por92.8%	;Aumentar por119.7%	;215	;Aumentar por10.3%	;Aumentar por56.9%	;1	;Sin cambios	;Disminuir por66.7%	;5	;Sin cambios	;Disminuir por64.3%	;5	;Aumentar por400.0%	;Aumentar por25.0%	;9	;Aumentar por50.0%	;Aumentar por12.5%	;
981	;07/11 20:00 - 21:00	;361	;Aumentar por314.9%	;Aumentar por222.3%	;454	;Aumentar por152.2%	;Aumentar por141.5%	;3	;Aumentar por200.0%	;Aumentar por50.0%	;7	;Disminuir por36.4%	;Sin cambios	;0	;Disminuir por100.0%	;Disminuir por100.0%	;3	;Disminuir por72.7%	;Disminuir por25.0%	;
982	;07/11 21:00 - 22:00	;249	;Aumentar por378.8%	;Aumentar por62.7%	;375	;Aumentar por420.8%	;Aumentar por56.9%	;0	; --%	; --%	;0	;Disminuir por100.0%	;Disminuir por100.0%	;3	; --%	;Disminuir por25.0%	;10	;Aumentar por100.0%	;Aumentar por66.7%	;
983	;07/11 22:00 - 23:00	;265	;Aumentar por531.0%	;Aumentar por120.8%	;331	;Aumentar por409.2%	;Aumentar por75.1%	;0	; --%	;Disminuir por100.0%	;3	;Aumentar por200.0%	;Disminuir por50.0%	;4	; --%	;Aumentar por300.0%	;1	;Disminuir por50.0%	;Disminuir por83.3%	;
984	;07/11 23:00 - 24:00	;238	;Aumentar por1730.8%	;Aumentar por190.2%	;415	;Aumentar por1704.3%	;Aumentar por153.0%	;0	; --%	; --%	;0	;Disminuir por100.0%	;Disminuir por100.0%	;1	; --%	; --%	;10	;Aumentar por100.0%	;Disminuir por16.7%	;
985	;07/12 00:00 - 01:00	;151	;Aumentar por1577.8%	;Aumentar por128.8%	;304	;Aumentar por2663.6%	;Aumentar por166.7%	;2	; --%	; --%	;3	; --%	;Aumentar por200.0%	;1	; --%	; --%	;18	;Aumentar por157.1%	;Aumentar por12.5%	;
986	;07/12 01:00 - 02:00	;22	;Aumentar por633.3%	;Aumentar por57.1%	;76	;Aumentar por1800.0%	;Aumentar por181.5%	;2	; --%	; --%	;7	; --%	;Aumentar por133.3%	;0	; --%	;Disminuir por100.0%	;17	; --%	;Aumentar por142.9%	;
987	;07/12 02:00 - 03:00	;9	;Aumentar por800.0%	;Aumentar por28.6%	;14	;Aumentar por250.0%	;Aumentar por180.0%	;2	; --%	; --%	;7	; --%	;Aumentar por250.0%	;0	; --%	; --%	;2	; --%	; --%	;
988	;07/12 03:00 - 04:00	;4	;Aumentar por100.0%	;Disminuir por42.9%	;4	;Aumentar por300.0%	;Aumentar por300.0%	;1	; --%	;Sin cambios	;4	; --%	;Aumentar por33.3%	;0	; --%	; --%	;3	; --%	;Aumentar por200.0%	;
989	;07/12 04:00 - 05:00	;8	; --%	;Disminuir por95.1%	;1	; --%	;Disminuir por99.4%	;2	; --%	;Disminuir por99.4%	;5	; --%	;Disminuir por98.6%	;0	; --%	; --%	;0	; --%	; --%	;
990	;07/12 05:00 - 06:00	;2	; --%	;Disminuir por85.7%	;2	;Aumentar por100.0%	;Disminuir por83.3%	;1	; --%	; --%	;4	; --%	;Aumentar por100.0%	;0	; --%	; --%	;0	;Disminuir por100.0%	; --%	;
991	;07/12 06:00 - 07:00	;1	; --%	;Disminuir por50.0%	;2	;Aumentar por100.0%	;Disminuir por60.0%	;0	; --%	; --%	;1	; --%	;Sin cambios	;0	; --%	; --%	;1	; --%	;Sin cambios	;
992	;07/12 07:00 - 08:00	;11	;Aumentar por120.0%	;Aumentar por120.0%	;19	;Aumentar por137.5%	;Aumentar por90.0%	;0	; --%	; --%	;1	;Disminuir por66.7%	;Disminuir por66.7%	;0	; --%	; --%	;0	; --%	; --%	;
993	;07/12 08:00 - 09:00	;26	;Aumentar por333.3%	;Aumentar por160.0%	;33	;Aumentar por65.0%	;Aumentar por83.3%	;0	; --%	; --%	;2	;Disminuir por81.8%	;Disminuir por71.4%	;2	; --%	; --%	;7	;Aumentar por250.0%	;Aumentar por40.0%	;
994	;07/12 09:00 - 10:00	;28	;Aumentar por100.0%	;Aumentar por7.7%	;48	;Aumentar por128.6%	;Aumentar por108.7%	;0	;Disminuir por100.0%	;Disminuir por100.0%	;7	;Disminuir por30.0%	;Sin cambios	;2	;Aumentar por100.0%	;Sin cambios	;8	;Aumentar por60.0%	;Disminuir por11.1%	;
995	;07/12 10:00 - 11:00	;154	;Aumentar por7.7%	;Aumentar por94.9%	;75	;Aumentar por17.2%	;Aumentar por8.7%	;1	;Sin cambios	;Sin cambios	;14	;Disminuir por12.5%	;Disminuir por39.1%	;5	; --%	;Aumentar por150.0%	;15	;Aumentar por200.0%	;Aumentar por150.0%	;
996	;07/12 11:00 - 12:00	;213	;Aumentar por4.9%	;Aumentar por213.2%	;269	;Aumentar por50.3%	;Aumentar por284.3%	;4	; --%	;Aumentar por300.0%	;21	;Aumentar por50.0%	;Aumentar por31.3%	;3	; --%	;Aumentar por50.0%	;8	;Aumentar por300.0%	;Aumentar por100.0%	;
997	;07/12 12:00 - 13:00	;147	;Disminuir por0.7%	;Aumentar por93.4%	;181	;Aumentar por17.5%	;Aumentar por108.0%	;0	;Disminuir por100.0%	;Disminuir por100.0%	;3	;Disminuir por76.9%	;Disminuir por76.9%	;1	; --%	;Sin cambios	;11	;Aumentar por266.7%	;Aumentar por450.0%	;
998	;07/12 13:00 - 14:00	;97	;Disminuir por65.4%	;Aumentar por27.6%	;127	;Disminuir por54.5%	;Aumentar por56.8%	;0	; --%	; --%	;8	;Aumentar por100.0%	;Disminuir por20.0%	;2	; --%	; --%	;10	;Aumentar por25.0%	;Aumentar por400.0%	;
999	;07/12 14:00 - 15:00	;59	;Disminuir por45.9%	;Aumentar por126.9%	;89	;Disminuir por27.0%	;Aumentar por128.2%	;0	;Disminuir por100.0%	; --%	;3	;Sin cambios	;Sin cambios	;1	;Sin cambios	; --%	;7	;Aumentar por40.0%	;Aumentar por600.0%	;
1000	;07/12 15:00 - 16:00	;94	;Aumentar por3.3%	;Aumentar por27.0%	;68	;Disminuir por40.9%	;Disminuir por12.8%	;0	;Disminuir por100.0%	;Disminuir por100.0%	;5	;Sin cambios	;Disminuir por37.5%	;0	; --%	;Disminuir por100.0%	;7	;Aumentar por75.0%	;Aumentar por40.0%	;
1001	;07/12 16:00 - 17:00	;80	;Disminuir por23.8%	;Disminuir por41.2%	;174	;Aumentar por12.3%	;Aumentar por21.7%	;2	; --%	;Sin cambios	;8	;Aumentar por14.3%	;Disminuir por20.0%	;2	;Aumentar por100.0%	;Disminuir por33.3%	;18	;Aumentar por63.6%	;Aumentar por63.6%	;
1002	;07/12 17:00 - 18:00	;89	;Disminuir por33.1%	;Disminuir por37.8%	;91	;Disminuir por41.7%	;Disminuir por35.0%	;3	;Aumentar por200.0%	;Aumentar por200.0%	;8	;Aumentar por166.7%	;Aumentar por60.0%	;1	;Disminuir por66.7%	; --%	;10	;Aumentar por25.0%	;Sin cambios	;
1003	;07/12 18:00 - 19:00	;119	;Disminuir por62.7%	;Aumentar por30.8%	;135	;Disminuir por48.1%	;Aumentar por1.5%	;0	;Disminuir por100.0%	;Disminuir por100.0%	;5	;Aumentar por66.7%	;Disminuir por44.4%	;0	; --%	; --%	;6	;Sin cambios	;Disminuir por14.3%	;
1004	;07/12 19:00 - 20:00	;285	;Aumentar por18.3%	;Aumentar por44.7%	;217	;Disminuir por30.9%	;Aumentar por24.0%	;3	;Aumentar por200.0%	; --%	;11	;Aumentar por175.0%	;Aumentar por175.0%	;5	; --%	;Aumentar por150.0%	;4	;Aumentar por33.3%	;Aumentar por33.3%	;
1005	;07/12 20:00 - 21:00	;256	;Aumentar por271.0%	;Disminuir por4.1%	;415	;Aumentar por123.1%	;Aumentar por27.3%	;0	;Disminuir por100.0%	; --%	;1	;Disminuir por92.3%	;Disminuir por50.0%	;2	; --%	; --%	;4	;Disminuir por55.6%	;Aumentar por33.3%	;
1006	;07/12 21:00 - 22:00	;171	;Aumentar por222.6%	;Disminuir por16.2%	;286	;Aumentar por153.1%	;Disminuir por9.2%	;2	;Aumentar por100.0%	;Aumentar por100.0%	;2	;Disminuir por77.8%	;Disminuir por60.0%	;1	;Sin cambios	; --%	;11	;Aumentar por266.7%	;Aumentar por266.7%	;
1007	;07/12 22:00 - 23:00	;170	;Aumentar por233.3%	;Disminuir por16.7%	;318	;Aumentar por249.5%	;Aumentar por12.8%	;2	; --%	; --%	;3	;Aumentar por50.0%	;Aumentar por200.0%	;3	; --%	;Aumentar por200.0%	;10	;Aumentar por42.9%	;Aumentar por233.3%	;
1008	;07/12 23:00 - 24:00	;143	;Aumentar por410.7%	;Disminuir por13.3%	;287	;Aumentar por287.8%	;Aumentar por3.6%	;1	; --%	;Disminuir por50.0%	;2	;Disminuir por60.0%	;Disminuir por60.0%	;0	; --%	; --%	;23	;Aumentar por475.0%	;Aumentar por155.6%	;
1009	;07/13 00:00 - 01:00	;29	;Aumentar por314.3%	;Disminuir por57.4%	;74	;Aumentar por825.0%	;Disminuir por65.3%	;1	; --%	; --%	;2	;Disminuir por50.0%	;Disminuir por50.0%	;0	; --%	; --%	;19	;Aumentar por171.4%	;Disminuir por5.0%	;
1010	;07/13 01:00 - 02:00	;5	;Disminuir por44.4%	;Disminuir por86.8%	;11	;Aumentar por450.0%	;Disminuir por78.0%	;2	; --%	; --%	;4	; --%	;Aumentar por100.0%	;0	; --%	; --%	;6	;Aumentar por500.0%	;Aumentar por50.0%	;
1011	;07/13 02:00 - 03:00	;13	; --%	;Aumentar por44.4%	;9	; --%	;Disminuir por67.9%	;1	; --%	; --%	;4	;Aumentar por300.0%	;Aumentar por33.3%	;0	; --%	; --%	;3	; --%	; --%	;
1012	;07/13 03:00 - 04:00	;4	;Aumentar por300.0%	;Disminuir por63.6%	;3	;Aumentar por200.0%	;Sin cambios	;0	; --%	;Disminuir por100.0%	;2	; --%	;Disminuir por50.0%	;0	; --%	; --%	;1	; --%	;Disminuir por50.0%	;
1013	;07/13 04:00 - 05:00	;1	; --%	;Sin cambios	;1	; --%	; --%	;1	; --%	; --%	;2	; --%	;Sin cambios	;0	; --%	; --%	;0	;Disminuir por100.0%	; --%	;
1014	;07/13 05:00 - 06:00	;0	; --%	;Disminuir por100.0%	;1	;Disminuir por50.0%	;Sin cambios	;0	; --%	;Disminuir por100.0%	;0	; --%	;Disminuir por100.0%	;0	; --%	; --%	;1	; --%	; --%	;
1015	;07/13 06:00 - 07:00	;6	;Aumentar por500.0%	;Disminuir por25.0%	;9	;Aumentar por800.0%	;Aumentar por200.0%	;0	; --%	;Disminuir por100.0%	;1	; --%	;Disminuir por50.0%	;0	; --%	; --%	;1	; --%	;Disminuir por50.0%	;
1016	;07/13 07:00 - 08:00	;21	;Aumentar por90.9%	;Aumentar por40.0%	;21	;Aumentar por162.5%	;Aumentar por31.3%	;0	; --%	;Disminuir por100.0%	;6	;Aumentar por100.0%	;Sin cambios	;0	; --%	;Disminuir por100.0%	;3	;Aumentar por50.0%	;Disminuir por25.0%	;
1017	;07/13 08:00 - 09:00	;38	;Disminuir por63.8%	;Aumentar por40.7%	;56	;Aumentar por5.7%	;Aumentar por60.0%	;3	; --%	; --%	;17	;Aumentar por41.7%	;Aumentar por240.0%	;0	;Disminuir por100.0%	;Disminuir por100.0%	;3	;Sin cambios	;Disminuir por25.0%	;
1018	;07/13 09:00 - 10:00	;32	;Aumentar por100.0%	;Disminuir por30.4%	;54	;Aumentar por134.8%	;Aumentar por5.9%	;0	; --%	; --%	;14	;Aumentar por180.0%	;Aumentar por55.6%	;3	;Aumentar por200.0%	;Aumentar por50.0%	;5	;Aumentar por66.7%	;Disminuir por54.5%	;
1019	;07/13 10:00 - 11:00	;134	;Aumentar por11.7%	;Aumentar por86.1%	;86	;Disminuir por7.5%	;Aumentar por41.0%	;2	; --%	;Sin cambios	;29	;Aumentar por383.3%	;Aumentar por107.1%	;2	; --%	;Aumentar por100.0%	;11	;Aumentar por175.0%	;Aumentar por120.0%	;
1020	;07/13 11:00 - 12:00	;181	;Aumentar por50.8%	;Aumentar por13.8%	;121	;Disminuir por6.2%	;Aumentar por3.4%	;2	;Aumentar por100.0%	;Aumentar por100.0%	;24	;Aumentar por300.0%	;Aumentar por84.6%	;6	; --%	;Aumentar por500.0%	;16	;Aumentar por1500.0%	;Aumentar por77.8%	;
1021	;07/13 12:00 - 13:00	;123	;Aumentar por61.8%	;Aumentar por2.5%	;135	;Aumentar por1.5%	;Disminuir por31.1%	;2	; --%	;Sin cambios	;16	;Aumentar por300.0%	;Aumentar por100.0%	;2	; --%	; --%	;14	;Aumentar por1300.0%	;Aumentar por55.6%	;
1022	;07/13 13:00 - 14:00	;78	;Aumentar por136.4%	;Aumentar por16.4%	;105	;Aumentar por26.5%	;Aumentar por59.1%	;1	; --%	; --%	;15	;Aumentar por66.7%	;Aumentar por114.3%	;0	;Disminuir por100.0%	;Disminuir por100.0%	;7	;Aumentar por133.3%	;Disminuir por53.3%	;
1023	;07/13 14:00 - 15:00	;54	;Aumentar por170.0%	;Disminuir por21.7%	;71	;Aumentar por129.0%	;Disminuir por5.3%	;2	; --%	; --%	;12	;Aumentar por300.0%	;Aumentar por100.0%	;1	;Sin cambios	;Disminuir por50.0%	;8	;Aumentar por300.0%	;Disminuir por27.3%	;
1024	;07/13 15:00 - 16:00	;40	;Aumentar por60.0%	;Disminuir por25.9%	;54	;Aumentar por74.2%	;Disminuir por32.5%	;4	; --%	; --%	;15	;Aumentar por400.0%	;Aumentar por650.0%	;0	; --%	;Disminuir por100.0%	;13	;Aumentar por1200.0%	;Aumentar por85.7%	;
1025	;07/13 16:00 - 17:00	;27	;Aumentar por125.0%	;Aumentar por22.7%	;46	;Aumentar por43.8%	;Disminuir por19.3%	;1	;Disminuir por50.0%	; --%	;12	;Sin cambios	;Aumentar por200.0%	;0	; --%	;Disminuir por100.0%	;11	;Aumentar por266.7%	;Sin cambios	;
1026	;07/13 17:00 - 18:00	;67	;Aumentar por179.2%	;Aumentar por8.1%	;61	;Aumentar por64.9%	;Disminuir por1.6%	;1	; --%	;Disminuir por66.7%	;6	;Sin cambios	;Disminuir por50.0%	;3	;Aumentar por200.0%	;Aumentar por50.0%	;17	;Aumentar por1600.0%	;Aumentar por88.9%	;
1027	;07/13 18:00 - 19:00	;65	;Aumentar por140.7%	;Aumentar por16.1%	;83	;Aumentar por151.5%	;Aumentar por16.9%	;2	;Disminuir por66.7%	;Aumentar por100.0%	;8	;Disminuir por27.3%	;Sin cambios	;6	; --%	; --%	;14	; --%	;Aumentar por250.0%	;
1028	;07/13 19:00 - 20:00	;125	;Aumentar por557.9%	;Disminuir por33.2%	;136	;Aumentar por156.6%	;Disminuir por22.7%	;4	;Aumentar por100.0%	;Aumentar por100.0%	;9	;Aumentar por12.5%	;Aumentar por12.5%	;0	; --%	;Disminuir por100.0%	;7	; --%	;Aumentar por75.0%	;
1029	;07/13 20:00 - 21:00	;154	;Aumentar por1300.0%	;Disminuir por19.4%	;225	;Aumentar por1945.5%	;Disminuir por25.2%	;2	;Aumentar por100.0%	;Aumentar por100.0%	;4	;Disminuir por33.3%	;Aumentar por100.0%	;2	; --%	;Disminuir por71.4%	;5	;Aumentar por400.0%	;Disminuir por61.5%	;
1030	;07/13 21:00 - 22:00	;191	;Aumentar por1369.2%	;Aumentar por0.5%	;262	;Aumentar por1355.6%	;Disminuir por3.7%	;0	; --%	;Disminuir por100.0%	;0	;Disminuir por100.0%	;Disminuir por100.0%	;1	;Sin cambios	;Sin cambios	;11	;Aumentar por450.0%	;Aumentar por83.3%	;
1031	;07/13 22:00 - 23:00	;214	;Aumentar por3466.7%	;Aumentar por55.1%	;280	;Aumentar por2445.5%	;Aumentar por9.8%	;2	; --%	;Aumentar por100.0%	;2	;Sin cambios	;Sin cambios	;1	; --%	; --%	;7	; --%	;Aumentar por40.0%	;
1032	;07/13 23:00 - 24:00	;199	;Aumentar por2111.1%	;Aumentar por44.2%	;275	;Aumentar por27400.0%	;Aumentar por1.1%	;0	; --%	;Disminuir por100.0%	;3	; --%	;Sin cambios	;2	; --%	; --%	;21	; --%	;Aumentar por40.0%	;
1033	;07/14 00:00 - 01:00	;66	;Aumentar por3200.0%	;Aumentar por22.2%	;126	;Aumentar por3050.0%	;Aumentar por28.6%	;2	; --%	; --%	;4	; --%	;Aumentar por300.0%	;1	; --%	;Disminuir por80.0%	;23	; --%	;Sin cambios	;
1034	;07/14 01:00 - 02:00	;37	; --%	;Aumentar por146.7%	;45	; --%	;Aumentar por80.0%	;0	; --%	; --%	;2	;Aumentar por100.0%	;Disminuir por50.0%	;0	; --%	; --%	;6	; --%	;Disminuir por25.0%	;
1035	;07/14 02:00 - 03:00	;2	; --%	;Disminuir por77.8%	;6	; --%	;Disminuir por14.3%	;0	; --%	; --%	;2	;Aumentar por100.0%	;Aumentar por100.0%	;0	; --%	; --%	;3	; --%	;Aumentar por200.0%	;
1036	;07/14 03:00 - 04:00	;0	; --%	;Disminuir por100.0%	;1	; --%	;Sin cambios	;0	; --%	; --%	;1	; --%	;Sin cambios	;0	; --%	; --%	;1	; --%	; --%	;
1037	;07/14 04:00 - 05:00	;0	; --%	; --%	;0	; --%	;Disminuir por100.0%	;0	;Disminuir por100.0%	; --%	;0	;Disminuir por100.0%	; --%	;0	; --%	; --%	;0	; --%	;Disminuir por100.0%	;
1038	;07/14 05:00 - 06:00	;0	;Disminuir por100.0%	; --%	;4	; --%	;Aumentar por100.0%	;0	; --%	; --%	;2	; --%	;Aumentar por100.0%	;0	; --%	; --%	;0	;Disminuir por100.0%	; --%	;
1039	;07/14 06:00 - 07:00	;5	; --%	;Sin cambios	;7	;Aumentar por250.0%	;Aumentar por40.0%	;0	; --%	; --%	;0	;Disminuir por100.0%	;Disminuir por100.0%	;0	; --%	;Disminuir por100.0%	;1	; --%	;Sin cambios	;
1040	;07/14 07:00 - 08:00	;27	;Aumentar por237.5%	;Aumentar por285.7%	;31	;Aumentar por287.5%	;Aumentar por158.3%	;2	; --%	;Disminuir por60.0%	;9	;Aumentar por350.0%	;Disminuir por35.7%	;1	;Sin cambios	; --%	;6	;Aumentar por500.0%	;Aumentar por100.0%	;
1041	;07/14 08:00 - 09:00	;13	;Aumentar por333.3%	;Disminuir por13.3%	;46	;Aumentar por411.1%	;Aumentar por48.4%	;6	; --%	;Aumentar por500.0%	;23	;Aumentar por155.6%	;Aumentar por35.3%	;0	; --%	;Disminuir por100.0%	;9	; --%	;Sin cambios	;
1042	;07/14 09:00 - 10:00	;44	;Aumentar por633.3%	;Aumentar por4.8%	;54	;Aumentar por134.8%	;Aumentar por5.9%	;1	; --%	;Disminuir por50.0%	;18	;Aumentar por63.6%	;Aumentar por20.0%	;5	;Aumentar por400.0%	;Aumentar por25.0%	;12	; --%	;Disminuir por14.3%	;
1043	;07/14 10:00 - 11:00	;94	;Aumentar por19.0%	;Aumentar por42.4%	;101	;Aumentar por146.3%	;Aumentar por53.0%	;5	;Aumentar por400.0%	;Disminuir por37.5%	;24	;Aumentar por50.0%	;Disminuir por22.6%	;0	; --%	; --%	;8	;Aumentar por700.0%	;Disminuir por20.0%	;
1044	;07/14 11:00 - 12:00	;143	;Disminuir por29.9%	;Aumentar por62.5%	;114	;Disminuir por32.5%	;Aumentar por65.2%	;2	;Aumentar por100.0%	;Disminuir por50.0%	;27	;Aumentar por107.7%	;Sin cambios	;7	;Aumentar por600.0%	;Aumentar por600.0%	;14	;Aumentar por180.0%	;Disminuir por12.5%	;
1045	;07/14 12:00 - 13:00	;58	;Disminuir por54.7%	;Disminuir por20.5%	;74	;Disminuir por50.7%	;Disminuir por5.1%	;4	;Aumentar por100.0%	;Aumentar por100.0%	;21	;Aumentar por133.3%	;Aumentar por16.7%	;1	; --%	;Sin cambios	;5	;Aumentar por25.0%	;Disminuir por54.5%	;
1046	;07/14 13:00 - 14:00	;33	;Disminuir por73.2%	;Disminuir por29.8%	;53	;Disminuir por62.1%	;Disminuir por7.0%	;2	;Aumentar por100.0%	;Disminuir por60.0%	;17	;Aumentar por70.0%	;Sin cambios	;0	; --%	;Disminuir por100.0%	;12	;Aumentar por500.0%	;Aumentar por33.3%	;
1047	;07/14 14:00 - 15:00	;53	;Aumentar por1.9%	;Aumentar por43.2%	;75	;Disminuir por1.3%	;Aumentar por44.2%	;3	;Aumentar por50.0%	;Aumentar por50.0%	;13	;Disminuir por18.8%	;Sin cambios	;1	;Sin cambios	; --%	;5	;Disminuir por16.7%	;Disminuir por16.7%	;
1048	;07/14 15:00 - 16:00	;68	;Disminuir por6.8%	;Aumentar por61.9%	;68	;Disminuir por20.0%	;Aumentar por11.5%	;1	; --%	;Disminuir por80.0%	;13	;Aumentar por225.0%	;Disminuir por7.1%	;1	; --%	;Disminuir por66.7%	;12	;Aumentar por1100.0%	;Sin cambios	;
1049	;07/14 16:00 - 17:00	;74	;Disminuir por15.9%	;Aumentar por34.5%	;71	;Disminuir por35.5%	;Aumentar por22.4%	;0	; --%	; --%	;6	;Sin cambios	;Disminuir por33.3%	;1	;Disminuir por66.7%	; --%	;9	; --%	;Aumentar por28.6%	;
1050	;07/14 17:00 - 18:00	;55	;Disminuir por12.7%	;Disminuir por15.4%	;87	;Aumentar por13.0%	;Aumentar por19.2%	;0	; --%	; --%	;8	;Aumentar por14.3%	;Aumentar por14.3%	;1	;Disminuir por66.7%	; --%	;12	;Aumentar por33.3%	;Sin cambios	;
1051	;07/14 18:00 - 19:00	;80	;Disminuir por25.2%	;Disminuir por13.0%	;107	;Disminuir por4.5%	;Aumentar por15.1%	;3	;Aumentar por50.0%	; --%	;10	;Disminuir por37.5%	;Aumentar por100.0%	;0	; --%	;Disminuir por100.0%	;10	;Aumentar por150.0%	;Aumentar por233.3%	;
1052	;07/14 19:00 - 20:00	;97	;Aumentar por125.6%	;Aumentar por2.1%	;103	;Aumentar por83.9%	;Disminuir por7.2%	;2	; --%	;Aumentar por100.0%	;5	;Disminuir por28.6%	;Aumentar por150.0%	;1	; --%	;Sin cambios	;3	;Aumentar por50.0%	;Disminuir por62.5%	;
1053	;07/14 20:00 - 21:00	;140	;Aumentar por382.8%	;Disminuir por13.6%	;179	;Aumentar por442.4%	;Disminuir por4.3%	;3	;Aumentar por200.0%	;Aumentar por200.0%	;8	;Disminuir por38.5%	;Aumentar por14.3%	;3	; --%	;Sin cambios	;17	;Aumentar por466.7%	;Aumentar por112.5%	;
1054	;07/14 21:00 - 22:00	;127	;Aumentar por807.1%	;Disminuir por18.1%	;105	;Aumentar por854.5%	;Disminuir por50.5%	;0	; --%	; --%	;3	;Disminuir por62.5%	; --%	;1	; --%	;Disminuir por50.0%	;5	;Aumentar por150.0%	;Disminuir por50.0%	;
1055	;07/14 22:00 - 23:00	;115	;Aumentar por2200.0%	;Disminuir por16.7%	;122	;Aumentar por12100.0%	;Disminuir por42.7%	;0	; --%	; --%	;1	;Sin cambios	;Disminuir por66.7%	;2	; --%	;Aumentar por100.0%	;6	;Aumentar por500.0%	;Sin cambios	;
1056	;07/14 23:00 - 24:00	;122	;Aumentar por1255.6%	;Disminuir por6.2%	;176	;Aumentar por5766.7%	;Disminuir por20.7%	;0	; --%	; --%	;3	;Aumentar por200.0%	;Disminuir por25.0%	;0	; --%	;Disminuir por100.0%	;20	; --%	;Aumentar por25.0%	;
1057	;07/15 00:00 - 01:00	;38	;Aumentar por3700.0%	;Disminuir por22.4%	;58	; --%	;Disminuir por44.8%	;0	; --%	; --%	;2	;Aumentar por100.0%	;Disminuir por77.8%	;1	; --%	;Disminuir por50.0%	;9	; --%	;Disminuir por47.1%	;
1058	;07/15 01:00 - 02:00	;24	;Aumentar por2300.0%	;Aumentar por50.0%	;12	; --%	;Disminuir por63.6%	;0	; --%	; --%	;3	;Aumentar por200.0%	;Aumentar por200.0%	;3	; --%	; --%	;6	; --%	;Disminuir por14.3%	;
1059	;07/15 02:00 - 03:00	;3	; --%	;Disminuir por25.0%	;17	; --%	;Aumentar por41.7%	;0	; --%	; --%	;0	; --%	; --%	;0	; --%	; --%	;2	; --%	; --%	;
1060	;07/15 03:00 - 04:00	;1	; --%	;Sin cambios	;1	; --%	;Disminuir por66.7%	;0	; --%	; --%	;2	; --%	;Aumentar por100.0%	;0	; --%	; --%	;1	; --%	; --%	;
1061	;07/15 04:00 - 05:00	;0	; --%	;Disminuir por100.0%	;1	; --%	; --%	;0	; --%	; --%	;0	; --%	; --%	;0	; --%	; --%	;2	; --%	;Aumentar por100.0%	;
1062	;07/15 05:00 - 06:00	;0	; --%	;Disminuir por100.0%	;2	; --%	;Disminuir por60.0%	;0	; --%	; --%	;3	; --%	; --%	;0	; --%	; --%	;1	; --%	;Sin cambios	;
1063	;07/15 06:00 - 07:00	;3	;Aumentar por200.0%	;Disminuir por66.7%	;8	;Aumentar por100.0%	;Sin cambios	;2	; --%	;Aumentar por100.0%	;4	;Aumentar por100.0%	;Aumentar por33.3%	;0	; --%	;Disminuir por100.0%	;2	; --%	;Disminuir por50.0%	;
1064	;07/15 07:00 - 08:00	;14	;Aumentar por27.3%	;Aumentar por75.0%	;15	;Disminuir por34.8%	;Sin cambios	;0	;Disminuir por100.0%	;Disminuir por100.0%	;5	;Disminuir por37.5%	;Disminuir por16.7%	;1	; --%	; --%	;5	; --%	;Sin cambios	;
1065	;07/15 08:00 - 09:00	;10	;Disminuir por41.2%	;Disminuir por69.7%	;38	;Disminuir por2.6%	;Disminuir por22.4%	;2	;Disminuir por93.3%	;Aumentar por100.0%	;14	;Disminuir por67.4%	;Disminuir por33.3%	;2	; --%	;Aumentar por100.0%	;8	; --%	;Aumentar por33.3%	;
1066	;07/15 09:00 - 10:00	;68	;Aumentar por142.9%	;Aumentar por19.3%	;54	;Aumentar por80.0%	;Disminuir por5.3%	;0	;Disminuir por100.0%	;Disminuir por100.0%	;12	;Disminuir por36.8%	;Disminuir por20.0%	;4	;Aumentar por33.3%	;Disminuir por20.0%	;9	;Aumentar por28.6%	;Disminuir por25.0%	;
1067	;07/15 10:00 - 11:00	;141	;Aumentar por116.9%	;Aumentar por27.0%	;90	;Aumentar por125.0%	;Sin cambios	;3	;Disminuir por66.7%	;Disminuir por62.5%	;27	;Disminuir por25.0%	;Disminuir por15.6%	;6	;Aumentar por500.0%	;Aumentar por500.0%	;10	;Aumentar por400.0%	;Aumentar por66.7%	;
1068	;07/15 11:00 - 12:00	;146	;Aumentar por50.5%	;Aumentar por105.6%	;180	;Aumentar por116.9%	;Aumentar por133.8%	;2	;Disminuir por50.0%	;Disminuir por60.0%	;23	;Aumentar por9.5%	;Disminuir por20.7%	;11	;Aumentar por266.7%	;Aumentar por266.7%	;18	;Aumentar por200.0%	;Aumentar por125.0%	;
1069	;07/15 12:00 - 13:00	;192	;Aumentar por93.9%	;Aumentar por123.3%	;160	;Aumentar por68.4%	;Aumentar por60.0%	;1	;Sin cambios	;Disminuir por80.0%	;16	;Disminuir por30.4%	;Disminuir por20.0%	;3	; --%	;Disminuir por25.0%	;9	;Aumentar por350.0%	;Sin cambios	;
1070	;07/15 13:00 - 14:00	;112	;Aumentar por119.6%	;Aumentar por115.4%	;147	;Aumentar por83.8%	;Aumentar por79.3%	;3	;Aumentar por50.0%	;Disminuir por57.1%	;19	;Aumentar por11.8%	;Aumentar por26.7%	;1	;Disminuir por50.0%	;Disminuir por50.0%	;6	;Sin cambios	;Disminuir por60.0%	;
1071	;07/15 14:00 - 15:00	;73	;Aumentar por49.0%	;Aumentar por21.7%	;87	;Aumentar por67.3%	;Aumentar por55.4%	;1	; --%	;Sin cambios	;11	;Aumentar por37.5%	;Disminuir por21.4%	;2	;Disminuir por33.3%	;Disminuir por33.3%	;12	;Aumentar por140.0%	;Disminuir por14.3%	;
1072	;07/15 15:00 - 16:00	;83	;Aumentar por69.4%	;Aumentar por124.3%	;126	;Aumentar por100.0%	;Aumentar por113.6%	;4	;Aumentar por33.3%	;Aumentar por300.0%	;16	;Disminuir por5.9%	;Aumentar por60.0%	;0	;Disminuir por100.0%	; --%	;10	;Aumentar por66.7%	;Aumentar por11.1%	;
1073	;07/15 16:00 - 17:00	;72	;Aumentar por84.6%	;Aumentar por44.0%	;97	;Aumentar por73.2%	;Aumentar por51.6%	;1	;Disminuir por66.7%	;Sin cambios	;11	;Disminuir por38.9%	;Aumentar por120.0%	;0	; --%	; --%	;16	;Aumentar por1500.0%	;Aumentar por60.0%	;
1074	;07/15 17:00 - 18:00	;69	;Aumentar por9.5%	;Aumentar por43.8%	;89	;Aumentar por9.9%	;Aumentar por18.7%	;1	;Disminuir por50.0%	;Disminuir por80.0%	;6	;Disminuir por45.5%	;Disminuir por50.0%	;0	; --%	;Disminuir por100.0%	;10	;Aumentar por233.3%	;Disminuir por9.1%	;
1075	;07/15 18:00 - 19:00	;148	;Aumentar por80.5%	;Aumentar por13.0%	;166	;Aumentar por67.7%	;Aumentar por50.9%	;0	; --%	;Disminuir por100.0%	;9	;Sin cambios	;Disminuir por10.0%	;0	; --%	;Disminuir por100.0%	;7	;Aumentar por40.0%	;Aumentar por40.0%	;
1076	;07/15 19:00 - 20:00	;240	;Aumentar por300.0%	;Aumentar por96.7%	;200	;Aumentar por104.1%	;Aumentar por53.8%	;0	;Disminuir por100.0%	;Disminuir por100.0%	;1	;Disminuir por83.3%	;Disminuir por83.3%	;3	; --%	;Sin cambios	;5	;Disminuir por28.6%	;Disminuir por54.5%	;
1077	;07/15 20:00 - 21:00	;333	;Aumentar por1180.8%	;Aumentar por42.9%	;437	;Aumentar por791.8%	;Aumentar por41.0%	;2	;Disminuir por60.0%	;Aumentar por100.0%	;4	;Disminuir por75.0%	;Sin cambios	;3	; --%	; --%	;7	;Sin cambios	;Aumentar por40.0%	;
1078	;07/15 21:00 - 22:00	;217	;Aumentar por1346.7%	;Aumentar por1.4%	;220	;Aumentar por1057.9%	;Disminuir por26.4%	;0	; --%	;Disminuir por100.0%	;2	;Disminuir por80.0%	;Sin cambios	;1	; --%	;Sin cambios	;4	;Aumentar por33.3%	;Disminuir por20.0%	;
1079	;07/15 22:00 - 23:00	;188	;Aumentar por2585.7%	;Disminuir por17.5%	;236	;Aumentar por2850.0%	;Disminuir por20.3%	;0	; --%	;Disminuir por100.0%	;4	;Aumentar por100.0%	;Aumentar por33.3%	;3	; --%	;Disminuir por25.0%	;6	;Aumentar por500.0%	;Disminuir por40.0%	;
1080	;07/15 23:00 - 24:00	;216	;Aumentar por2600.0%	;Aumentar por12.5%	;315	;Aumentar por15650.0%	;Disminuir por1.3%	;2	; --%	;Aumentar por100.0%	;6	; --%	;Aumentar por50.0%	;2	; --%	; --%	;23	; --%	;Aumentar por155.6%	;
1081	;07/16 00:00 - 01:00	;40	;Aumentar por3900.0%	;Disminuir por45.9%	;70	;Aumentar por2233.3%	;Disminuir por60.7%	;0	; --%	; --%	;2	;Disminuir por50.0%	;Aumentar por100.0%	;1	; --%	; --%	;17	; --%	;Disminuir por26.1%	;
1082	;07/16 01:00 - 02:00	;13	; --%	;Disminuir por55.2%	;22	; --%	;Disminuir por24.1%	;0	; --%	; --%	;3	; --%	; --%	;0	; --%	; --%	;8	; --%	;Aumentar por100.0%	;
1083	;07/16 02:00 - 03:00	;3	;Aumentar por50.0%	;Disminuir por57.1%	;8	; --%	;Disminuir por27.3%	;0	; --%	; --%	;0	; --%	;Disminuir por100.0%	;0	; --%	;Disminuir por100.0%	;0	; --%	;Disminuir por100.0%	;
1084	;07/16 03:00 - 04:00	;0	; --%	;Disminuir por100.0%	;3	; --%	;Aumentar por200.0%	;0	; --%	;Disminuir por100.0%	;1	;Sin cambios	;Disminuir por75.0%	;0	; --%	; --%	;3	; --%	; --%	;
1085	;07/16 04:00 - 05:00	;0	; --%	; --%	;0	; --%	; --%	;0	; --%	; --%	;1	; --%	;Sin cambios	;0	; --%	; --%	;0	; --%	;Disminuir por100.0%	;
1086	;07/16 05:00 - 06:00	;6	;Aumentar por500.0%	;Aumentar por500.0%	;2	;Aumentar por100.0%	;Sin cambios	;0	; --%	; --%	;0	;Disminuir por100.0%	;Disminuir por100.0%	;0	; --%	; --%	;1	; --%	; --%	;
1087	;07/16 06:00 - 07:00	;0	; --%	;Disminuir por100.0%	;9	;Aumentar por125.0%	;Aumentar por28.6%	;0	; --%	;Disminuir por100.0%	;0	; --%	;Disminuir por100.0%	;0	; --%	;Disminuir por100.0%	;1	; --%	;Sin cambios	;
1088	;07/16 07:00 - 08:00	;13	;Aumentar por44.4%	;Disminuir por7.1%	;22	;Aumentar por57.1%	;Aumentar por69.2%	;2	;Aumentar por100.0%	;Aumentar por100.0%	;10	;Aumentar por66.7%	;Disminuir por9.1%	;1	; --%	; --%	;7	;Aumentar por600.0%	;Aumentar por75.0%	;
1089	;07/16 08:00 - 09:00	;26	;Aumentar por160.0%	;Disminuir por45.8%	;50	;Aumentar por42.9%	;Disminuir por7.4%	;3	;Aumentar por200.0%	;Aumentar por200.0%	;17	;Disminuir por32.0%	;Disminuir por10.5%	;0	; --%	;Disminuir por100.0%	;10	;Aumentar por150.0%	;Aumentar por100.0%	;
1090	;07/16 09:00 - 10:00	;52	;Aumentar por205.9%	;Disminuir por25.7%	;53	;Aumentar por140.9%	;Disminuir por19.7%	;0	; --%	;Disminuir por100.0%	;23	;Aumentar por187.5%	;Aumentar por53.3%	;8	;Aumentar por60.0%	;Aumentar por100.0%	;18	;Aumentar por350.0%	;Aumentar por12.5%	;
1091	;07/16 10:00 - 11:00	;131	;Aumentar por129.8%	;Aumentar por56.0%	;80	;Aumentar por45.5%	;Aumentar por3.9%	;4	;Disminuir por66.7%	;Disminuir por55.6%	;22	;Disminuir por46.3%	;Disminuir por31.3%	;2	;Aumentar por100.0%	;Aumentar por100.0%	;11	;Aumentar por120.0%	;Disminuir por8.3%	;
1092	;07/16 11:00 - 12:00	;125	;Aumentar por38.9%	;Aumentar por4.2%	;142	;Aumentar por56.0%	;Aumentar por52.7%	;5	;Disminuir por16.7%	;Aumentar por400.0%	;28	;Aumentar por27.3%	;Aumentar por12.0%	;0	;Disminuir por100.0%	; --%	;16	;Aumentar por14.3%	;Aumentar por100.0%	;
1093	;07/16 12:00 - 13:00	;153	;Aumentar por4.1%	;Aumentar por225.5%	;143	;Disminuir por18.3%	;Aumentar por104.3%	;7	;Aumentar por250.0%	;Aumentar por133.3%	;19	;Aumentar por18.8%	;Sin cambios	;0	;Disminuir por100.0%	;Disminuir por100.0%	;10	;Aumentar por25.0%	;Disminuir por9.1%	;
1094	;07/16 13:00 - 14:00	;66	;Aumentar por13.8%	;Aumentar por15.8%	;77	;Disminuir por11.5%	;Disminuir por1.3%	;2	; --%	;Disminuir por50.0%	;10	;Disminuir por23.1%	;Disminuir por52.4%	;0	;Disminuir por100.0%	;Disminuir por100.0%	;15	;Aumentar por150.0%	;Aumentar por25.0%	;
1095	;07/16 14:00 - 15:00	;90	;Aumentar por221.4%	;Aumentar por109.3%	;102	;Aumentar por88.9%	;Aumentar por92.5%	;3	;Aumentar por200.0%	;Sin cambios	;14	;Aumentar por75.0%	;Disminuir por6.7%	;3	;Disminuir por25.0%	;Aumentar por50.0%	;13	;Aumentar por160.0%	;Aumentar por62.5%	;
1096	;07/16 15:00 - 16:00	;69	;Aumentar por6.2%	;Aumentar por13.1%	;78	;Aumentar por4.0%	;Disminuir por7.1%	;4	;Disminuir por55.6%	;Aumentar por300.0%	;19	;Disminuir por26.9%	;Aumentar por46.2%	;0	;Disminuir por100.0%	; --%	;12	;Aumentar por1100.0%	;Sin cambios	;
1097	;07/16 16:00 - 17:00	;53	;Disminuir por18.5%	;Aumentar por65.6%	;70	;Disminuir por12.5%	;Aumentar por14.8%	;0	; --%	;Disminuir por100.0%	;8	;Disminuir por11.1%	;Disminuir por46.7%	;1	;Sin cambios	;Sin cambios	;11	;Aumentar por175.0%	;Aumentar por37.5%	;
1098	;07/16 17:00 - 18:00	;70	;Disminuir por11.4%	;Aumentar por25.0%	;73	;Aumentar por43.1%	;Aumentar por10.6%	;1	;Disminuir por80.0%	;Disminuir por50.0%	;5	;Disminuir por61.5%	;Disminuir por68.8%	;2	;Disminuir por50.0%	;Sin cambios	;12	;Aumentar por71.4%	;Aumentar por9.1%	;
1099	;07/16 18:00 - 19:00	;73	;Aumentar por2.8%	;Disminuir por37.1%	;90	;Disminuir por2.2%	;Disminuir por17.4%	;0	;Disminuir por100.0%	;Disminuir por100.0%	;5	;Disminuir por64.3%	;Disminuir por58.3%	;3	;Aumentar por50.0%	;Aumentar por50.0%	;12	;Aumentar por140.0%	;Aumentar por100.0%	;
1100	;07/16 19:00 - 20:00	;156	;Aumentar por239.1%	;Disminuir por0.6%	;143	;Aumentar por90.7%	;Disminuir por22.7%	;3	;Aumentar por200.0%	; --%	;9	;Sin cambios	;Aumentar por125.0%	;3	; --%	;Aumentar por50.0%	;1	;Disminuir por83.3%	;Disminuir por92.3%	;
1101	;07/16 20:00 - 21:00	;332	;Aumentar por1343.5%	;Aumentar por21.2%	;322	;Aumentar por455.2%	;Disminuir por9.0%	;2	;Sin cambios	; --%	;8	;Disminuir por11.1%	;Aumentar por700.0%	;2	;Aumentar por100.0%	;Sin cambios	;7	;Disminuir por36.4%	;Aumentar por40.0%	;
1102	;07/16 21:00 - 22:00	;266	;Aumentar por1377.8%	;Aumentar por13.2%	;371	;Aumentar por1225.0%	;Aumentar por20.8%	;1	;Sin cambios	;Sin cambios	;2	;Disminuir por33.3%	;Sin cambios	;0	;Disminuir por100.0%	;Disminuir por100.0%	;2	;Disminuir por60.0%	;Disminuir por60.0%	;
1103	;07/16 22:00 - 23:00	;222	;Aumentar por2366.7%	;Aumentar por3.3%	;302	;Aumentar por1676.5%	;Disminuir por7.1%	;0	; --%	; --%	;2	;Disminuir por60.0%	;Sin cambios	;0	;Disminuir por100.0%	;Disminuir por100.0%	;6	;Disminuir por25.0%	;Aumentar por50.0%	;
1104	;07/16 23:00 - 24:00	;177	;Aumentar por1866.7%	;Aumentar por28.3%	;277	;Aumentar por6825.0%	;Aumentar por9.1%	;1	; --%	; --%	;3	;Aumentar por50.0%	;Aumentar por50.0%	;1	; --%	;Disminuir por50.0%	;22	;Aumentar por1000.0%	;Aumentar por175.0%	;
1105	;07/17 00:00 - 01:00	;68	;Aumentar por2166.7%	;Aumentar por19.3%	;166	; --%	;Aumentar por46.9%	;2	; --%	; --%	;4	;Aumentar por100.0%	;Aumentar por33.3%	;0	; --%	; --%	;25	; --%	;Aumentar por25.0%	;
1106	;07/17 01:00 - 02:00	;14	;Aumentar por1300.0%	;Disminuir por53.3%	;34	;Aumentar por3300.0%	;Disminuir por5.6%	;0	; --%	; --%	;1	; --%	;Disminuir por50.0%	;0	; --%	; --%	;8	; --%	;Sin cambios	;
1107	;07/17 02:00 - 03:00	;4	;Aumentar por300.0%	;Disminuir por50.0%	;10	; --%	;Sin cambios	;0	; --%	; --%	;2	;Aumentar por100.0%	;Aumentar por100.0%	;0	; --%	; --%	;1	; --%	; --%	;
1108	;07/17 03:00 - 04:00	;7	; --%	;Aumentar por75.0%	;4	;Aumentar por100.0%	;Aumentar por300.0%	;1	; --%	;Sin cambios	;2	;Aumentar por100.0%	;Sin cambios	;0	; --%	; --%	;0	; --%	; --%	;
1109	;07/17 04:00 - 05:00	;0	; --%	; --%	;1	; --%	; --%	;0	; --%	; --%	;3	; --%	;Aumentar por50.0%	;0	; --%	; --%	;1	; --%	;Sin cambios	;
1110	;07/17 05:00 - 06:00	;0	; --%	; --%	;2	;Sin cambios	;Disminuir por33.3%	;0	; --%	; --%	;1	; --%	;Sin cambios	;0	; --%	; --%	;0	; --%	;Disminuir por100.0%	;
1111	;07/17 06:00 - 07:00	;7	;Aumentar por250.0%	;Aumentar por40.0%	;12	;Aumentar por50.0%	;Aumentar por200.0%	;1	; --%	; --%	;2	;Disminuir por33.3%	;Sin cambios	;1	;Sin cambios	; --%	;0	;Disminuir por100.0%	; --%	;
1112	;07/17 07:00 - 08:00	;25	;Aumentar por108.3%	;Aumentar por78.6%	;33	;Aumentar por83.3%	;Aumentar por94.1%	;1	;Disminuir por50.0%	;Disminuir por66.7%	;6	;Sin cambios	;Sin cambios	;0	;Disminuir por100.0%	; --%	;5	;Aumentar por150.0%	;Aumentar por25.0%	;
1113	;07/17 08:00 - 09:00	;18	;Aumentar por80.0%	;Disminuir por21.7%	;37	;Aumentar por2.8%	;Disminuir por9.8%	;2	;Disminuir por60.0%	;Aumentar por100.0%	;21	;Disminuir por27.6%	;Sin cambios	;0	;Disminuir por100.0%	;Disminuir por100.0%	;10	;Aumentar por233.3%	;Aumentar por42.9%	;
1114	;07/17 09:00 - 10:00	;46	;Aumentar por109.1%	;Aumentar por39.4%	;50	;Aumentar por127.3%	;Disminuir por12.3%	;5	;Aumentar por66.7%	;Aumentar por150.0%	;23	;Aumentar por4.5%	;Aumentar por35.3%	;4	;Aumentar por100.0%	;Aumentar por100.0%	;12	;Aumentar por71.4%	;Aumentar por50.0%	;
1115	;07/17 10:00 - 11:00	;109	;Aumentar por7.9%	;Aumentar por21.1%	;94	;Aumentar por54.1%	;Aumentar por49.2%	;1	;Disminuir por83.3%	;Disminuir por88.9%	;27	;Disminuir por28.9%	;Disminuir por28.9%	;1	;Sin cambios	;Sin cambios	;12	;Aumentar por50.0%	;Disminuir por7.7%	;
1116	;07/17 11:00 - 12:00	;111	;Aumentar por42.3%	;Disminuir por13.3%	;142	;Aumentar por89.3%	;Aumentar por9.2%	;1	; --%	;Disminuir por90.0%	;32	;Aumentar por220.0%	;Disminuir por5.9%	;4	;Aumentar por300.0%	;Sin cambios	;11	;Aumentar por120.0%	;Disminuir por8.3%	;
1117	;07/17 12:00 - 13:00	;61	;Disminuir por11.6%	;Disminuir por35.8%	;87	;Aumentar por27.9%	;Disminuir por29.8%	;2	;Disminuir por60.0%	;Disminuir por71.4%	;18	;Disminuir por30.8%	;Disminuir por21.7%	;0	;Disminuir por100.0%	;Disminuir por100.0%	;17	;Aumentar por183.3%	;Aumentar por183.3%	;
1118	;07/17 13:00 - 14:00	;68	;Aumentar por161.5%	;Aumentar por47.8%	;72	;Aumentar por35.8%	;Disminuir por25.0%	;4	; --%	;Disminuir por20.0%	;11	;Aumentar por37.5%	;Disminuir por42.1%	;0	; --%	;Disminuir por100.0%	;12	;Aumentar por500.0%	;Disminuir por7.7%	;
1119	;07/17 14:00 - 15:00	;60	;Aumentar por36.4%	;Aumentar por53.8%	;84	;Aumentar por71.4%	;Aumentar por90.9%	;1	; --%	;Sin cambios	;15	;Aumentar por15.4%	;Aumentar por25.0%	;1	; --%	;Disminuir por50.0%	;15	;Aumentar por650.0%	;Aumentar por114.3%	;
1120	;07/17 15:00 - 16:00	;40	;Disminuir por23.1%	;Disminuir por35.5%	;64	;Disminuir por21.0%	;Aumentar por4.9%	;2	;Disminuir por33.3%	;Sin cambios	;15	;Disminuir por11.8%	;Aumentar por7.1%	;1	;Disminuir por83.3%	; --%	;9	;Aumentar por80.0%	;Disminuir por10.0%	;
1121	;07/17 16:00 - 17:00	;44	;Disminuir por52.2%	;Disminuir por24.1%	;63	;Disminuir por31.5%	;Aumentar por8.6%	;2	;Aumentar por100.0%	; --%	;12	;Sin cambios	;Aumentar por100.0%	;1	;Disminuir por50.0%	;Sin cambios	;10	;Aumentar por11.1%	;Disminuir por23.1%	;
1122	;07/17 17:00 - 18:00	;80	;Aumentar por23.1%	;Aumentar por56.9%	;95	;Aumentar por26.7%	;Aumentar por41.8%	;0	;Disminuir por100.0%	; --%	;4	;Disminuir por55.6%	;Disminuir por42.9%	;1	;Disminuir por88.9%	;Disminuir por50.0%	;12	;Aumentar por50.0%	;Disminuir por7.7%	;
1123	;07/17 18:00 - 19:00	;88	;Aumentar por17.3%	;Aumentar por14.3%	;94	;Aumentar por5.6%	;Disminuir por3.1%	;4	; --%	; --%	;14	;Aumentar por7.7%	;Aumentar por366.7%	;4	; --%	;Aumentar por300.0%	;9	;Aumentar por200.0%	;Disminuir por10.0%	;
1124	;07/17 19:00 - 20:00	;142	;Aumentar por118.5%	;Aumentar por14.5%	;139	;Aumentar por87.8%	;Aumentar por9.4%	;4	; --%	;Aumentar por100.0%	;7	;Disminuir por30.0%	;Aumentar por16.7%	;2	; --%	;Disminuir por33.3%	;6	;Disminuir por53.8%	;Disminuir por33.3%	;
1125	;07/17 20:00 - 21:00	;193	;Aumentar por614.8%	;Disminuir por11.9%	;256	;Aumentar por444.7%	;Disminuir por15.5%	;3	; --%	;Sin cambios	;8	;Disminuir por33.3%	;Aumentar por14.3%	;1	; --%	;Sin cambios	;7	;Aumentar por133.3%	;Aumentar por16.7%	;
1126	;07/17 21:00 - 22:00	;192	;Aumentar por860.0%	;Disminuir por15.4%	;271	;Aumentar por903.7%	;Disminuir por31.0%	;1	; --%	; --%	;3	;Disminuir por25.0%	;Aumentar por200.0%	;3	; --%	;Aumentar por50.0%	;5	;Aumentar por400.0%	;Disminuir por16.7%	;
1127	;07/17 22:00 - 23:00	;223	;Aumentar por2687.5%	;Aumentar por30.4%	;342	;Aumentar por2180.0%	;Aumentar por25.3%	;0	; --%	; --%	;1	;Disminuir por80.0%	; --%	;0	; --%	; --%	;1	;Disminuir por80.0%	;Disminuir por83.3%	;
1128	;07/17 23:00 - 24:00	;177	;Aumentar por2428.6%	;Aumentar por38.3%	;293	;Aumentar por3562.5%	;Aumentar por34.4%	;0	; --%	; --%	;1	;Disminuir por50.0%	;Disminuir por66.7%	;2	; --%	; --%	;16	;Aumentar por700.0%	;Sin cambios	;
1129	;07/18 00:00 - 01:00	;94	; --%	;Aumentar por44.6%	;191	; --%	;Aumentar por10.4%	;1	; --%	; --%	;4	; --%	;Sin cambios	;0	; --%	; --%	;18	; --%	;Disminuir por5.3%	;
1130	;07/18 01:00 - 02:00	;21	; --%	;Disminuir por4.5%	;39	; --%	;Disminuir por11.4%	;0	; --%	; --%	;6	; --%	;Aumentar por500.0%	;0	; --%	; --%	;14	;Aumentar por1300.0%	;Aumentar por27.3%	;
1131	;07/18 02:00 - 03:00	;14	; --%	;Aumentar por27.3%	;7	; --%	;Aumentar por40.0%	;1	;Sin cambios	;Sin cambios	;2	;Sin cambios	;Sin cambios	;0	; --%	; --%	;2	; --%	;Aumentar por100.0%	;
1132	;07/18 03:00 - 04:00	;1	; --%	;Disminuir por90.0%	;9	;Aumentar por350.0%	;Disminuir por40.0%	;0	; --%	;Disminuir por100.0%	;3	; --%	;Sin cambios	;0	; --%	;Disminuir por100.0%	;0	; --%	;Disminuir por100.0%	;
1133	;07/18 04:00 - 05:00	;5	; --%	;Aumentar por66.7%	;8	; --%	; --%	;0	; --%	; --%	;0	;Disminuir por100.0%	; --%	;0	; --%	; --%	;0	; --%	;Disminuir por100.0%	;
1134	;07/18 05:00 - 06:00	;0	;Disminuir por100.0%	;Disminuir por100.0%	;3	;Aumentar por50.0%	;Aumentar por200.0%	;0	; --%	; --%	;3	; --%	; --%	;0	; --%	; --%	;1	; --%	;Sin cambios	;
1135	;07/18 06:00 - 07:00	;1	; --%	; --%	;1	;Disminuir por80.0%	; --%	;0	; --%	; --%	;0	;Disminuir por100.0%	; --%	;1	; --%	; --%	;1	;Sin cambios	; --%	;
1136	;07/18 07:00 - 08:00	;15	;Aumentar por50.0%	; --%	;19	;Disminuir por5.0%	; --%	;0	;Disminuir por100.0%	; --%	;1	;Disminuir por90.0%	; --%	;0	;Disminuir por100.0%	; --%	;2	;Aumentar por100.0%	; --%	;
1137	;07/18 08:00 - 09:00	;14	;Aumentar por180.0%	; --%	;33	;Disminuir por5.7%	; --%	;0	;Disminuir por100.0%	; --%	;8	;Disminuir por61.9%	; --%	;0	; --%	; --%	;8	; --%	; --%	;
1138	;07/18 09:00 - 10:00	;32	;Aumentar por14.3%	; --%	;51	;Aumentar por183.3%	; --%	;1	;Disminuir por83.3%	; --%	;11	;Disminuir por56.0%	; --%	;1	;Disminuir por50.0%	; --%	;10	;Aumentar por66.7%	; --%	;
1139	;07/18 10:00 - 11:00	;85	;Disminuir por2.3%	; --%	;69	;Aumentar por64.3%	; --%	;0	;Disminuir por100.0%	; --%	;16	;Disminuir por36.0%	; --%	;0	; --%	; --%	;7	;Aumentar por16.7%	; --%	;
1140	;07/18 11:00 - 12:00	;152	;Aumentar por44.8%	; --%	;137	;Aumentar por61.2%	; --%	;4	;Aumentar por300.0%	; --%	;19	;Aumentar por18.8%	; --%	;1	;Sin cambios	; --%	;11	;Aumentar por120.0%	; --%	;
1141	;07/18 12:00 - 13:00	;157	;Disminuir por1.9%	; --%	;175	;Aumentar por0.6%	; --%	;1	;Sin cambios	; --%	;8	;Disminuir por42.9%	; --%	;0	;Disminuir por100.0%	; --%	;7	;Disminuir por12.5%	; --%	;
1142	;07/18 13:00 - 14:00	;82	;Aumentar por64.0%	; --%	;95	;Aumentar por5.6%	; --%	;2	; --%	; --%	;18	;Aumentar por80.0%	; --%	;1	; --%	; --%	;13	;Aumentar por160.0%	; --%	;
1143	;07/18 14:00 - 15:00	;59	;Aumentar por22.9%	; --%	;82	;Aumentar por67.3%	; --%	;1	;Disminuir por75.0%	; --%	;9	;Disminuir por57.1%	; --%	;0	;Disminuir por100.0%	; --%	;7	;Aumentar por133.3%	; --%	;
1144	;07/18 15:00 - 16:00	;92	;Aumentar por39.4%	; --%	;83	;Aumentar por31.7%	; --%	;5	;Aumentar por66.7%	; --%	;12	;Disminuir por14.3%	; --%	;0	;Disminuir por100.0%	; --%	;8	;Aumentar por100.0%	; --%	;
1145	;07/18 16:00 - 17:00	;82	;Aumentar por82.2%	; --%	;123	;Aumentar por80.9%	; --%	;2	;Disminuir por60.0%	; --%	;7	;Disminuir por53.3%	; --%	;1	;Sin cambios	; --%	;20	;Aumentar por81.8%	; --%	;
1146	;07/18 17:00 - 18:00	;99	;Aumentar por102.0%	; --%	;147	;Aumentar por141.0%	; --%	;2	;Sin cambios	; --%	;10	;Disminuir por41.2%	; --%	;1	;Sin cambios	; --%	;10	;Disminuir por23.1%	; --%	;
1147	;07/18 18:00 - 19:00	;83	;Disminuir por42.0%	; --%	;125	;Disminuir por28.6%	; --%	;1	; --%	; --%	;7	;Aumentar por40.0%	; --%	;0	;Disminuir por100.0%	; --%	;9	;Aumentar por200.0%	; --%	;
1148	;07/18 19:00 - 20:00	;348	;Aumentar por176.2%	; --%	;200	;Aumentar por2.6%	; --%	;1	; --%	; --%	;6	;Disminuir por33.3%	; --%	;3	;Aumentar por200.0%	; --%	;9	;Aumentar por12.5%	; --%	;
1149	;07/18 20:00 - 21:00	;267	;Aumentar por323.8%	; --%	;333	;Aumentar por306.1%	; --%	;1	;Disminuir por50.0%	; --%	;3	;Disminuir por80.0%	; --%	;0	; --%	; --%	;4	;Disminuir por63.6%	; --%	;
1150	;07/18 21:00 - 22:00	;247	;Aumentar por723.3%	; --%	;319	;Aumentar por538.0%	; --%	;2	; --%	; --%	;2	;Disminuir por75.0%	; --%	;0	; --%	; --%	;3	;Aumentar por50.0%	; --%	;
1151	;07/18 22:00 - 23:00	;187	;Aumentar por835.0%	; --%	;275	;Aumentar por759.4%	; --%	;1	;Disminuir por50.0%	; --%	;3	;Disminuir por40.0%	; --%	;2	; --%	; --%	;2	;Disminuir por33.3%	; --%	;
1152	;07/18 23:00 - 24:00	;192	;Aumentar por910.5%	; --%	;245	;Aumentar por1066.7%	; --%	;0	;Disminuir por100.0%	; --%	;2	;Disminuir por77.8%	; --%	;1	; --%	; --%	;12	;Aumentar por100.0%	; --%	;
1153	;07/19 00:00 - 01:00	;106	;Aumentar por5200.0%	; --%	;222	;Aumentar por1918.2%	; --%	;1	; --%	; --%	;3	;Disminuir por25.0%	; --%	;0	; --%	; --%	;18	;Aumentar por157.1%	; --%	;
1154	;07/19 01:00 - 02:00	;26	;Aumentar por766.7%	; --%	;47	;Aumentar por840.0%	; --%	;1	; --%	; --%	;8	;Aumentar por300.0%	; --%	;0	; --%	; --%	;20	;Aumentar por900.0%	; --%	;
1155	;07/19 02:00 - 03:00	;7	;Aumentar por250.0%	; --%	;15	;Aumentar por1400.0%	; --%	;0	;Disminuir por100.0%	; --%	;4	; --%	; --%	;0	; --%	; --%	;1	; --%	; --%	;
1156	;07/19 03:00 - 04:00	;2	;Aumentar por100.0%	; --%	;4	;Aumentar por100.0%	; --%	;0	; --%	; --%	;3	;Aumentar por200.0%	; --%	;0	; --%	; --%	;3	;Aumentar por200.0%	; --%	;
1157	;07/19 04:00 - 05:00	;3	;Aumentar por200.0%	; --%	;0	;Disminuir por100.0%	; --%	;0	; --%	; --%	;1	;Sin cambios	; --%	;0	; --%	; --%	;0	;Disminuir por100.0%	; --%	;
1158	;07/19 05:00 - 06:00	;1	; --%	; --%	;2	; --%	; --%	;0	; --%	; --%	;1	; --%	; --%	;0	; --%	; --%	;2	; --%	; --%	;
1159	;07/19 06:00 - 07:00	;0	;Disminuir por100.0%	; --%	;3	;Aumentar por50.0%	; --%	;0	; --%	; --%	;4	; --%	; --%	;0	; --%	; --%	;1	; --%	; --%	;
1160	;07/19 07:00 - 08:00	;14	;Aumentar por366.7%	; --%	;10	;Aumentar por100.0%	; --%	;0	; --%	; --%	;3	;Disminuir por40.0%	; --%	;0	; --%	; --%	;2	; --%	; --%	;
1161	;07/19 08:00 - 09:00	;13	;Aumentar por333.3%	; --%	;34	;Aumentar por325.0%	; --%	;1	; --%	; --%	;6	;Sin cambios	; --%	;0	; --%	; --%	;2	;Sin cambios	; --%	;
1162	;07/19 09:00 - 10:00	;33	;Aumentar por3.1%	; --%	;53	;Aumentar por120.8%	; --%	;1	; --%	; --%	;6	;Disminuir por50.0%	; --%	;1	; --%	; --%	;10	; --%	; --%	;
1163	;07/19 10:00 - 11:00	;140	;Aumentar por38.6%	; --%	;112	;Aumentar por57.7%	; --%	;3	;Aumentar por50.0%	; --%	;16	;Disminuir por15.8%	; --%	;1	; --%	; --%	;10	;Aumentar por400.0%	; --%	;
1164	;07/19 11:00 - 12:00	;174	;Disminuir por22.0%	; --%	;195	;Disminuir por13.3%	; --%	;1	;Sin cambios	; --%	;12	;Disminuir por14.3%	; --%	;0	;Disminuir por100.0%	; --%	;11	;Aumentar por120.0%	; --%	;
1165	;07/19 12:00 - 13:00	;97	;Disminuir por55.9%	; --%	;136	;Disminuir por40.4%	; --%	;0	; --%	; --%	;10	;Aumentar por25.0%	; --%	;0	;Disminuir por100.0%	; --%	;14	;Aumentar por100.0%	; --%	;
1166	;07/19 13:00 - 14:00	;128	;Disminuir por46.7%	; --%	;101	;Disminuir por62.7%	; --%	;3	; --%	; --%	;12	;Aumentar por140.0%	; --%	;1	;Disminuir por66.7%	; --%	;10	;Sin cambios	; --%	;
1167	;07/19 14:00 - 15:00	;68	;Disminuir por19.0%	; --%	;82	;Disminuir por38.3%	; --%	;2	; --%	; --%	;7	;Disminuir por36.4%	; --%	;0	; --%	; --%	;9	;Aumentar por50.0%	; --%	;
1168	;07/19 15:00 - 16:00	;105	;Aumentar por52.2%	; --%	;118	;Aumentar por31.1%	; --%	;0	; --%	; --%	;5	;Disminuir por16.7%	; --%	;1	;Sin cambios	; --%	;11	;Aumentar por175.0%	; --%	;
1169	;07/19 16:00 - 17:00	;73	;Disminuir por26.3%	; --%	;99	;Aumentar por4.2%	; --%	;0	; --%	; --%	;6	;Aumentar por500.0%	; --%	;1	; --%	; --%	;10	;Sin cambios	; --%	;
1170	;07/19 17:00 - 18:00	;66	;Disminuir por64.1%	; --%	;90	;Disminuir por43.4%	; --%	;3	; --%	; --%	;9	;Sin cambios	; --%	;1	; --%	; --%	;13	;Aumentar por18.2%	; --%	;
1171	;07/19 18:00 - 19:00	;47	;Disminuir por85.4%	; --%	;63	;Disminuir por78.6%	; --%	;2	;Aumentar por100.0%	; --%	;4	;Disminuir por50.0%	; --%	;1	;Disminuir por50.0%	; --%	;5	;Disminuir por16.7%	; --%	;
1172	;07/19 19:00 - 20:00	;124	;Disminuir por53.2%	; --%	;136	;Disminuir por58.0%	; --%	;4	;Aumentar por300.0%	; --%	;7	;Aumentar por40.0%	; --%	;1	;Sin cambios	; --%	;7	;Sin cambios	; --%	;
1173	;07/19 20:00 - 21:00	;191	;Aumentar por35.5%	; --%	;284	;Aumentar por6.0%	; --%	;3	; --%	; --%	;6	;Aumentar por50.0%	; --%	;1	;Disminuir por66.7%	; --%	;14	;Aumentar por16.7%	; --%	;
1174	;07/19 21:00 - 22:00	;189	;Aumentar por225.9%	; --%	;208	;Aumentar por166.7%	; --%	;0	;Disminuir por100.0%	; --%	;1	;Disminuir por85.7%	; --%	;1	; --%	; --%	;5	;Aumentar por25.0%	; --%	;
1175	;07/19 22:00 - 23:00	;101	;Aumentar por431.6%	; --%	;122	;Aumentar por134.6%	; --%	;2	; --%	; --%	;2	;Aumentar por100.0%	; --%	;0	; --%	; --%	;3	;Disminuir por40.0%	; --%	;
1176	;07/19 23:00 - 24:00	;74	;Aumentar por236.4%	; --%	;78	;Aumentar por110.8%	; --%	;0	; --%	; --%	;3	;Disminuir por62.5%	; --%	;0	; --%	; --%	;5	;Disminuir por50.0%	; --%	;
1177	;07/20 00:00 - 01:00	;119	;Aumentar por1387.5%	; --%	;74	;Aumentar por640.0%	; --%	;0	; --%	; --%	;2	;Disminuir por33.3%	; --%	;2	; --%	; --%	;7	;Disminuir por12.5%	; --%	;
1178	;07/20 01:00 - 02:00	;28	;Aumentar por833.3%	; --%	;12	;Aumentar por50.0%	; --%	;0	; --%	; --%	;2	;Aumentar por100.0%	; --%	;1	; --%	; --%	;7	;Aumentar por250.0%	; --%	;
1179	;07/20 02:00 - 03:00	;10	;Aumentar por233.3%	; --%	;17	;Aumentar por1600.0%	; --%	;1	; --%	; --%	;4	;Aumentar por300.0%	; --%	;0	; --%	; --%	;1	; --%	; --%	;
1180	;07/20 03:00 - 04:00	;7	; --%	; --%	;8	;Aumentar por700.0%	; --%	;0	; --%	; --%	;1	; --%	; --%	;0	; --%	; --%	;2	;Aumentar por100.0%	; --%	;
1181	;07/20 04:00 - 05:00	;3	; --%	; --%	;10	; --%	; --%	;0	; --%	; --%	;0	;Disminuir por100.0%	; --%	;0	; --%	; --%	;2	; --%	; --%	;
1182	;07/20 05:00 - 06:00	;1	; --%	; --%	;3	; --%	; --%	;0	; --%	; --%	;3	;Aumentar por200.0%	; --%	;0	; --%	; --%	;0	; --%	; --%	;
1183	;07/20 06:00 - 07:00	;6	; --%	; --%	;14	;Aumentar por1300.0%	; --%	;1	; --%	; --%	;2	; --%	; --%	;1	; --%	; --%	;4	; --%	; --%	;
1184	;07/20 07:00 - 08:00	;14	;Aumentar por366.7%	; --%	;25	;Aumentar por525.0%	; --%	;2	; --%	; --%	;5	;Aumentar por150.0%	; --%	;2	;Aumentar por100.0%	; --%	;6	;Aumentar por500.0%	; --%	;
1185	;07/20 08:00 - 09:00	;23	;Aumentar por360.0%	; --%	;36	;Aumentar por300.0%	; --%	;0	;Disminuir por100.0%	; --%	;15	;Aumentar por200.0%	; --%	;0	; --%	; --%	;4	; --%	; --%	;
1186	;07/20 09:00 - 10:00	;24	;Disminuir por4.0%	; --%	;57	;Aumentar por103.6%	; --%	;3	;Aumentar por200.0%	; --%	;23	;Aumentar por228.6%	; --%	;0	; --%	; --%	;8	;Aumentar por166.7%	; --%	;
1187	;07/20 10:00 - 11:00	;71	;Disminuir por69.9%	; --%	;48	;Disminuir por69.6%	; --%	;6	;Aumentar por500.0%	; --%	;29	;Aumentar por141.7%	; --%	;4	;Aumentar por300.0%	; --%	;13	;Aumentar por160.0%	; --%	;
1188	;07/20 11:00 - 12:00	;68	;Disminuir por65.5%	; --%	;59	;Disminuir por66.9%	; --%	;1	;Disminuir por50.0%	; --%	;17	;Aumentar por183.3%	; --%	;12	;Aumentar por300.0%	; --%	;25	;Aumentar por150.0%	; --%	;
1189	;07/20 12:00 - 13:00	;106	;Disminuir por47.5%	; --%	;104	;Disminuir por63.0%	; --%	;3	;Aumentar por200.0%	; --%	;13	;Aumentar por225.0%	; --%	;0	;Disminuir por100.0%	; --%	;13	;Aumentar por333.3%	; --%	;
1190	;07/20 13:00 - 14:00	;82	;Disminuir por31.7%	; --%	;91	;Disminuir por51.3%	; --%	;3	; --%	; --%	;9	;Aumentar por12.5%	; --%	;1	;Disminuir por75.0%	; --%	;11	;Aumentar por266.7%	; --%	;
1191	;07/20 14:00 - 15:00	;63	;Disminuir por16.0%	; --%	;66	;Disminuir por45.0%	; --%	;0	;Disminuir por100.0%	; --%	;17	;Aumentar por112.5%	; --%	;2	; --%	; --%	;9	;Aumentar por80.0%	; --%	;
1192	;07/20 15:00 - 16:00	;56	;Disminuir por44.0%	; --%	;76	;Disminuir por41.1%	; --%	;3	; --%	; --%	;13	;Aumentar por333.3%	; --%	;0	; --%	; --%	;8	;Aumentar por60.0%	; --%	;
1193	;07/20 16:00 - 17:00	;53	;Disminuir por36.9%	; --%	;95	;Disminuir por7.8%	; --%	;4	; --%	; --%	;13	;Aumentar por225.0%	; --%	;1	; --%	; --%	;11	;Aumentar por37.5%	; --%	;
1194	;07/20 17:00 - 18:00	;57	;Sin cambios	; --%	;80	;Aumentar por6.7%	; --%	;1	;Sin cambios	; --%	;9	;Aumentar por125.0%	; --%	;2	;Sin cambios	; --%	;13	;Aumentar por30.0%	; --%	;
1195	;07/20 18:00 - 19:00	;83	;Aumentar por118.4%	; --%	;74	;Aumentar por12.1%	; --%	;0	; --%	; --%	;10	;Aumentar por150.0%	; --%	;0	;Disminuir por100.0%	; --%	;5	;Disminuir por28.6%	; --%	;
1196	;07/20 19:00 - 20:00	;196	;Aumentar por201.5%	; --%	;164	;Aumentar por60.8%	; --%	;3	; --%	; --%	;9	;Aumentar por200.0%	; --%	;4	;Aumentar por100.0%	; --%	;6	;Disminuir por14.3%	; --%	;
1197	;07/20 20:00 - 21:00	;238	;Aumentar por643.8%	; --%	;269	;Aumentar por301.5%	; --%	;2	; --%	; --%	;6	;Aumentar por20.0%	; --%	;4	;Aumentar por100.0%	; --%	;9	;Aumentar por50.0%	; --%	;
1198	;07/20 21:00 - 22:00	;239	;Aumentar por1227.8%	; --%	;332	;Aumentar por906.1%	; --%	;1	; --%	; --%	;4	;Aumentar por100.0%	; --%	;0	; --%	; --%	;9	;Aumentar por80.0%	; --%	;
1199	;07/20 22:00 - 23:00	;135	;Aumentar por864.3%	; --%	;218	;Aumentar por1111.1%	; --%	;0	; --%	; --%	;1	;Disminuir por66.7%	; --%	;0	; --%	; --%	;5	;Aumentar por66.7%	; --%	;
1200	;07/20 23:00 - 24:00	;188	;Aumentar por1780.0%	; --%	;263	;Aumentar por26200.0%	; --%	;0	; --%	; --%	;3	;Aumentar por50.0%	; --%	;3	; --%	; --%	;22	;Aumentar por2100.0%	; --%	;
1201	;07/21 00:00 - 01:00	;33	;Aumentar por1000.0%	; --%	;91	;Aumentar por4450.0%	; --%	;0	; --%	; --%	;0	;Disminuir por100.0%	; --%	;0	; --%	; --%	;27	;Aumentar por2600.0%	; --%	;
1202	;07/21 01:00 - 02:00	;9	;Aumentar por350.0%	; --%	;13	;Aumentar por333.3%	; --%	;0	; --%	; --%	;2	; --%	; --%	;0	; --%	; --%	;3	; --%	; --%	;
1203	;07/21 02:00 - 03:00	;3	;Aumentar por200.0%	; --%	;8	; --%	; --%	;0	;Disminuir por100.0%	; --%	;0	;Disminuir por100.0%	; --%	;0	; --%	; --%	;5	; --%	; --%	;
1204	;07/21 03:00 - 04:00	;1	; --%	; --%	;1	; --%	; --%	;0	; --%	; --%	;1	; --%	; --%	;0	; --%	; --%	;1	; --%	; --%	;
1205	;07/21 04:00 - 05:00	;2	; --%	; --%	;0	; --%	; --%	;0	; --%	; --%	;1	;Sin cambios	; --%	;0	; --%	; --%	;0	; --%	; --%	;
1206	;07/21 05:00 - 06:00	;2	; --%	; --%	;5	;Aumentar por150.0%	; --%	;0	; --%	; --%	;1	; --%	; --%	;0	;Disminuir por100.0%	; --%	;1	; --%	; --%	;
1207	;07/21 06:00 - 07:00	;0	;Disminuir por100.0%	; --%	;1	;Disminuir por92.3%	; --%	;0	; --%	; --%	;0	;Disminuir por100.0%	; --%	;0	; --%	; --%	;1	;Sin cambios	; --%	;
1208	;07/21 07:00 - 08:00	;13	;Aumentar por85.7%	; --%	;24	;Aumentar por50.0%	; --%	;4	;Aumentar por100.0%	; --%	;10	;Aumentar por100.0%	; --%	;2	;Aumentar por100.0%	; --%	;8	; --%	; --%	;
1209	;07/21 08:00 - 09:00	;21	;Aumentar por425.0%	; --%	;33	;Aumentar por10.0%	; --%	;4	;Sin cambios	; --%	;25	;Aumentar por8.7%	; --%	;2	;Disminuir por33.3%	; --%	;8	;Aumentar por100.0%	; --%	;
1210	;07/21 09:00 - 10:00	;70	;Aumentar por118.8%	; --%	;43	;Aumentar por13.2%	; --%	;5	;Disminuir por16.7%	; --%	;20	;Disminuir por25.9%	; --%	;3	;Disminuir por70.0%	; --%	;10	;Aumentar por25.0%	; --%	;
1211	;07/21 10:00 - 11:00	;156	;Aumentar por169.0%	; --%	;153	;Aumentar por488.5%	; --%	;3	; --%	; --%	;25	;Aumentar por8.7%	; --%	;2	;Disminuir por33.3%	; --%	;13	;Aumentar por30.0%	; --%	;
1212	;07/21 11:00 - 12:00	;258	;Aumentar por55.4%	; --%	;209	;Disminuir por0.5%	; --%	;1	;Disminuir por85.7%	; --%	;20	;Disminuir por4.8%	; --%	;1	;Disminuir por80.0%	; --%	;9	;Disminuir por18.2%	; --%	;
1213	;07/21 12:00 - 13:00	;130	;Aumentar por160.0%	; --%	;189	;Aumentar por152.0%	; --%	;0	;Disminuir por100.0%	; --%	;9	;Disminuir por60.9%	; --%	;4	;Aumentar por33.3%	; --%	;10	;Aumentar por42.9%	; --%	;
1214	;07/21 13:00 - 14:00	;119	;Disminuir por3.3%	; --%	;157	;Aumentar por37.7%	; --%	;0	;Disminuir por100.0%	; --%	;15	;Disminuir por21.1%	; --%	;1	;Disminuir por50.0%	; --%	;11	;Aumentar por10.0%	; --%	;
1215	;07/21 14:00 - 15:00	;81	;Aumentar por47.3%	; --%	;119	;Aumentar por105.2%	; --%	;1	;Disminuir por50.0%	; --%	;16	;Aumentar por77.8%	; --%	;1	; --%	; --%	;8	;Aumentar por33.3%	; --%	;
1216	;07/21 15:00 - 16:00	;110	;Aumentar por189.5%	; --%	;127	;Aumentar por46.0%	; --%	;3	;Aumentar por50.0%	; --%	;11	;Disminuir por26.7%	; --%	;2	;Aumentar por100.0%	; --%	;6	;Disminuir por14.3%	; --%	;
1217	;07/21 16:00 - 17:00	;118	;Aumentar por280.6%	; --%	;148	;Aumentar por322.9%	; --%	;0	; --%	; --%	;9	;Disminuir por30.8%	; --%	;2	; --%	; --%	;14	;Aumentar por133.3%	; --%	;
1218	;07/21 17:00 - 18:00	;70	;Aumentar por6.1%	; --%	;94	;Aumentar por38.2%	; --%	;0	;Disminuir por100.0%	; --%	;11	;Disminuir por8.3%	; --%	;4	; --%	; --%	;16	;Aumentar por220.0%	; --%	;
1219	;07/21 18:00 - 19:00	;119	;Aumentar por70.0%	; --%	;118	;Aumentar por73.5%	; --%	;0	;Disminuir por100.0%	; --%	;9	;Disminuir por35.7%	; --%	;0	;Disminuir por100.0%	; --%	;12	;Aumentar por500.0%	; --%	;
1220	;07/21 19:00 - 20:00	;226	;Aumentar por370.8%	; --%	;191	;Aumentar por260.4%	; --%	;0	;Disminuir por100.0%	; --%	;6	;Disminuir por53.8%	; --%	;2	; --%	; --%	;5	;Disminuir por16.7%	; --%	;
1221	;07/21 20:00 - 21:00	;363	;Aumentar por1412.5%	; --%	;379	;Aumentar por802.4%	; --%	;1	; --%	; --%	;3	;Disminuir por70.0%	; --%	;0	; --%	; --%	;7	;Aumentar por133.3%	; --%	;
1222	;07/21 21:00 - 22:00	;167	;Aumentar por1418.2%	; --%	;278	;Aumentar por2038.5%	; --%	;2	; --%	; --%	;3	;Disminuir por50.0%	; --%	;2	; --%	; --%	;5	;Aumentar por25.0%	; --%	;
1223	;07/21 22:00 - 23:00	;279	;Aumentar por2436.4%	; --%	;338	;Aumentar por2153.3%	; --%	;0	; --%	; --%	;0	;Disminuir por100.0%	; --%	;2	; --%	; --%	;4	;Aumentar por100.0%	; --%	;
1224	;07/21 23:00 - 24:00	;319	;Aumentar por2558.3%	; --%	;460	;Aumentar por15233.3%	; --%	;0	; --%	; --%	;2	; --%	; --%	;1	; --%	; --%	;20	;Aumentar por1900.0%	; --%	;
1225	;07/22 00:00 - 01:00	;68	; --%	; --%	;167	; --%	; --%	;0	; --%	; --%	;3	; --%	; --%	;0	; --%	; --%	;22	; --%	; --%	;
1226	;07/22 01:00 - 02:00	;23	;Aumentar por2200.0%	; --%	;27	;Aumentar por800.0%	; --%	;0	; --%	; --%	;3	; --%	; --%	;0	; --%	; --%	;8	; --%	; --%	;
1227	;07/22 02:00 - 03:00	;4	; --%	; --%	;10	;Aumentar por900.0%	; --%	;0	; --%	; --%	;0	;Disminuir por100.0%	; --%	;0	; --%	; --%	;1	; --%	; --%	;
1228	;07/22 03:00 - 04:00	;5	; --%	; --%	;7	; --%	; --%	;0	; --%	; --%	;1	;Sin cambios	; --%	;0	; --%	; --%	;2	; --%	; --%	;
1229	;07/22 04:00 - 05:00	;0	; --%	; --%	;2	; --%	; --%	;0	; --%	; --%	;0	; --%	; --%	;0	; --%	; --%	;1	; --%	; --%	;
1230	;07/22 05:00 - 06:00	;0	;Disminuir por100.0%	; --%	;0	;Disminuir por100.0%	; --%	;0	; --%	; --%	;3	; --%	; --%	;0	; --%	; --%	;1	; --%	; --%	;
1231	;07/22 06:00 - 07:00	;8	;Aumentar por60.0%	; --%	;13	;Aumentar por44.4%	; --%	;0	;Disminuir por100.0%	; --%	;0	;Disminuir por100.0%	; --%	;0	; --%	; --%	;1	;Sin cambios	; --%	;
1232	;07/22 07:00 - 08:00	;25	;Aumentar por177.8%	; --%	;29	;Aumentar por11.5%	; --%	;2	;Sin cambios	; --%	;11	;Aumentar por10.0%	; --%	;1	; --%	; --%	;5	;Aumentar por66.7%	; --%	;
1233	;07/22 08:00 - 09:00	;16	;Aumentar por33.3%	; --%	;27	;Disminuir por25.0%	; --%	;4	;Disminuir por77.8%	; --%	;8	;Disminuir por77.1%	; --%	;1	;Sin cambios	; --%	;2	;Disminuir por33.3%	; --%	;
1234	;07/22 09:00 - 10:00	;20	;Aumentar por25.0%	; --%	;20	;Disminuir por53.5%	; --%	;2	;Sin cambios	; --%	;4	;Disminuir por81.0%	; --%	;3	;Sin cambios	; --%	;1	;Disminuir por83.3%	; --%	;
1235	;07/22 10:00 - 11:00	;41	;Disminuir por74.2%	; --%	;40	;Disminuir por53.5%	; --%	;0	;Disminuir por100.0%	; --%	;2	;Disminuir por94.4%	; --%	;2	;Aumentar por100.0%	; --%	;0	;Disminuir por100.0%	; --%	;
1236	;07/22 11:00 - 12:00	;68	;Disminuir por41.9%	; --%	;57	;Disminuir por33.7%	; --%	;1	;Disminuir por50.0%	; --%	;1	;Disminuir por95.0%	; --%	;1	;Disminuir por66.7%	; --%	;0	;Disminuir por100.0%	; --%	;
1237	;07/22 12:00 - 13:00	;82	;Sin cambios	; --%	;45	;Disminuir por54.1%	; --%	;0	;Disminuir por100.0%	; --%	;1	;Disminuir por95.2%	; --%	;0	; --%	; --%	;0	;Disminuir por100.0%	; --%	;
1238	;07/22 13:00 - 14:00	;64	;Aumentar por23.1%	; --%	;43	;Aumentar por2.4%	; --%	;5	;Sin cambios	; --%	;5	;Disminuir por80.0%	; --%	;0	;Disminuir por100.0%	; --%	;0	;Disminuir por100.0%	; --%	;
1239	;07/22 14:00 - 15:00	;38	;Aumentar por52.0%	; --%	;81	;Aumentar por107.7%	; --%	;3	; --%	; --%	;10	;Sin cambios	; --%	;2	; --%	; --%	;4	;Disminuir por20.0%	; --%	;
1240	;07/22 15:00 - 16:00	;91	;Aumentar por82.0%	; --%	;101	;Aumentar por106.1%	; --%	;6	;Aumentar por500.0%	; --%	;17	;Aumentar por54.5%	; --%	;2	;Disminuir por60.0%	; --%	;9	;Disminuir por10.0%	; --%	;
1241	;07/22 16:00 - 17:00	;83	;Aumentar por130.6%	; --%	;97	;Aumentar por73.2%	; --%	;0	;Disminuir por100.0%	; --%	;10	;Aumentar por11.1%	; --%	;0	;Disminuir por100.0%	; --%	;8	;Aumentar por33.3%	; --%	;
1242	;07/22 17:00 - 18:00	;80	;Disminuir por1.2%	; --%	;97	;Disminuir por22.4%	; --%	;0	; --%	; --%	;8	;Disminuir por20.0%	; --%	;1	;Sin cambios	; --%	;14	;Aumentar por100.0%	; --%	;
1243	;07/22 18:00 - 19:00	;169	;Aumentar por191.4%	; --%	;158	;Aumentar por105.2%	; --%	;5	; --%	; --%	;13	;Aumentar por85.7%	; --%	;0	; --%	; --%	;10	;Aumentar por11.1%	; --%	;
1244	;07/22 19:00 - 20:00	;269	;Aumentar por156.2%	; --%	;197	;Aumentar por13.9%	; --%	;0	;Disminuir por100.0%	; --%	;9	;Disminuir por40.0%	; --%	;1	;Disminuir por50.0%	; --%	;2	;Disminuir por71.4%	; --%	;
1245	;07/22 20:00 - 21:00	;267	;Aumentar por709.1%	; --%	;379	;Aumentar por564.9%	; --%	;0	; --%	; --%	;1	;Disminuir por83.3%	; --%	;1	;Sin cambios	; --%	;11	;Sin cambios	; --%	;
1246	;07/22 21:00 - 22:00	;341	;Aumentar por1036.7%	; --%	;413	;Aumentar por694.2%	; --%	;0	; --%	; --%	;1	;Disminuir por87.5%	; --%	;1	; --%	; --%	;4	;Aumentar por100.0%	; --%	;
1247	;07/22 22:00 - 23:00	;224	;Aumentar por1936.4%	; --%	;342	;Aumentar por3320.0%	; --%	;0	; --%	; --%	;2	;Sin cambios	; --%	;2	; --%	; --%	;3	;Disminuir por25.0%	; --%	;
1248	;07/22 23:00 - 24:00	;173	;Aumentar por3360.0%	; --%	;271	;Aumentar por6675.0%	; --%	;0	; --%	; --%	;1	; --%	; --%	;1	; --%	; --%	;19	;Aumentar por850.0%	; --%	;
1249	;07/23 00:00 - 01:00	;69	; --%	; --%	;130	; --%	; --%	;0	; --%	; --%	;3	;Aumentar por200.0%	; --%	;1	; --%	; --%	;25	; --%	; --%	;
1250	;07/23 01:00 - 02:00	;26	; --%	; --%	;32	; --%	; --%	;0	; --%	; --%	;4	; --%	; --%	;1	; --%	; --%	;8	; --%	; --%	;
1251	;07/23 02:00 - 03:00	;5	;Aumentar por150.0%	; --%	;9	; --%	; --%	;0	; --%	; --%	;1	; --%	; --%	;1	; --%	; --%	;0	; --%	; --%	;
1252	;07/23 03:00 - 04:00	;3	; --%	; --%	;1	; --%	; --%	;0	; --%	; --%	;0	; --%	; --%	;0	; --%	; --%	;1	; --%	; --%	;
1253	;07/23 04:00 - 05:00	;0	;Disminuir por100.0%	; --%	;1	; --%	; --%	;0	; --%	; --%	;0	; --%	; --%	;0	; --%	; --%	;0	; --%	; --%	;
1254	;07/23 05:00 - 06:00	;1	; --%	; --%	;1	;Disminuir por66.7%	; --%	;0	; --%	; --%	;0	; --%	; --%	;0	;Disminuir por100.0%	; --%	;1	; --%	; --%	;
1255	;07/23 06:00 - 07:00	;8	;Aumentar por700.0%	; --%	;11	;Aumentar por175.0%	; --%	;0	;Disminuir por100.0%	; --%	;3	;Aumentar por50.0%	; --%	;0	; --%	; --%	;1	;Sin cambios	; --%	;
1256	;07/23 07:00 - 08:00	;34	;Aumentar por385.7%	; --%	;47	;Aumentar por291.7%	; --%	;4	;Aumentar por300.0%	; --%	;14	;Aumentar por133.3%	; --%	;1	; --%	; --%	;8	;Aumentar por700.0%	; --%	;
1257	;07/23 08:00 - 09:00	;38	;Aumentar por322.2%	; --%	;53	;Aumentar por60.6%	; --%	;38	;Aumentar por442.9%	; --%	;55	;Aumentar por66.7%	; --%	;1	; --%	; --%	;7	;Aumentar por75.0%	; --%	;
1258	;07/23 09:00 - 10:00	;37	;Aumentar por2.8%	; --%	;58	;Aumentar por81.3%	; --%	;7	;Aumentar por75.0%	; --%	;13	;Disminuir por18.8%	; --%	;6	;Disminuir por33.3%	; --%	;11	;Disminuir por8.3%	; --%	;
1259	;07/23 10:00 - 11:00	;112	;Disminuir por3.4%	; --%	;75	;Aumentar por10.3%	; --%	;1	;Disminuir por66.7%	; --%	;23	;Disminuir por8.0%	; --%	;4	; --%	; --%	;14	;Aumentar por100.0%	; --%	;
1260	;07/23 11:00 - 12:00	;151	;Aumentar por41.1%	; --%	;112	;Disminuir por11.1%	; --%	;2	;Disminuir por71.4%	; --%	;23	;Disminuir por17.9%	; --%	;2	;Sin cambios	; --%	;15	;Aumentar por66.7%	; --%	;
1261	;07/23 12:00 - 13:00	;97	;Disminuir por8.5%	; --%	;97	;Disminuir por4.9%	; --%	;2	;Disminuir por50.0%	; --%	;24	;Aumentar por9.1%	; --%	;1	;Sin cambios	; --%	;18	;Aumentar por200.0%	; --%	;
1262	;07/23 13:00 - 14:00	;72	;Aumentar por41.2%	; --%	;120	;Aumentar por62.2%	; --%	;1	;Sin cambios	; --%	;13	;Aumentar por18.2%	; --%	;2	;Aumentar por100.0%	; --%	;12	;Aumentar por300.0%	; --%	;
1263	;07/23 14:00 - 15:00	;58	;Aumentar por52.6%	; --%	;57	;Aumentar por5.6%	; --%	;8	;Aumentar por166.7%	; --%	;17	;Aumentar por21.4%	; --%	;2	;Disminuir por33.3%	; --%	;6	;Aumentar por20.0%	; --%	;
1264	;07/23 15:00 - 16:00	;64	;Disminuir por1.5%	; --%	;71	;Aumentar por10.9%	; --%	;1	; --%	; --%	;11	;Disminuir por21.4%	; --%	;0	;Disminuir por100.0%	; --%	;10	;Aumentar por25.0%	; --%	;
1265	;07/23 16:00 - 17:00	;24	;Disminuir por64.7%	; --%	;66	;Disminuir por9.6%	; --%	;5	;Aumentar por150.0%	; --%	;11	;Disminuir por21.4%	; --%	;1	;Sin cambios	; --%	;12	;Aumentar por140.0%	; --%	;
1266	;07/23 17:00 - 18:00	;66	;Disminuir por45.0%	; --%	;77	;Disminuir por22.2%	; --%	;0	;Disminuir por100.0%	; --%	;9	;Disminuir por30.8%	; --%	;1	;Disminuir por75.0%	; --%	;18	;Aumentar por28.6%	; --%	;
1267	;07/23 18:00 - 19:00	;142	;Aumentar por40.6%	; --%	;160	;Aumentar por100.0%	; --%	;3	;Aumentar por200.0%	; --%	;12	;Disminuir por36.8%	; --%	;4	; --%	; --%	;10	;Aumentar por233.3%	; --%	;
1268	;07/23 19:00 - 20:00	;213	;Aumentar por460.5%	; --%	;158	;Aumentar por172.4%	; --%	;2	;Sin cambios	; --%	;7	;Disminuir por12.5%	; --%	;1	; --%	; --%	;4	;Disminuir por50.0%	; --%	;
1269	;07/23 20:00 - 21:00	;148	;Aumentar por270.0%	; --%	;218	;Aumentar por246.0%	; --%	;2	; --%	; --%	;6	;Disminuir por33.3%	; --%	;3	; --%	; --%	;4	;Aumentar por33.3%	; --%	;
1270	;07/23 21:00 - 22:00	;190	;Aumentar por900.0%	; --%	;315	;Aumentar por854.5%	; --%	;0	; --%	; --%	;0	;Disminuir por100.0%	; --%	;2	; --%	; --%	;7	;Aumentar por16.7%	; --%	;
1271	;07/23 22:00 - 23:00	;292	;Aumentar por3550.0%	; --%	;374	;Aumentar por2776.9%	; --%	;1	; --%	; --%	;3	;Disminuir por25.0%	; --%	;0	; --%	; --%	;2	;Aumentar por100.0%	; --%	;
1272	;07/23 23:00 - 24:00	;204	;Aumentar por2450.0%	; --%	;324	;Aumentar por3500.0%	; --%	;0	; --%	; --%	;1	;Disminuir por50.0%	; --%	;5	; --%	; --%	;21	;Aumentar por950.0%	; --%	;
1273	;07/24 00:00 - 01:00	;48	;Aumentar por2300.0%	; --%	;94	;Aumentar por9300.0%	; --%	;0	; --%	; --%	;1	;Sin cambios	; --%	;0	; --%	; --%	;25	; --%	; --%	;
1274	;07/24 01:00 - 02:00	;21	;Aumentar por950.0%	; --%	;29	;Aumentar por2800.0%	; --%	;0	; --%	; --%	;3	; --%	; --%	;0	; --%	; --%	;11	; --%	; --%	;
1275	;07/24 02:00 - 03:00	;0	;Disminuir por100.0%	; --%	;9	; --%	; --%	;0	; --%	; --%	;0	; --%	; --%	;0	; --%	; --%	;0	; --%	; --%	;
1276	;07/24 03:00 - 04:00	;6	;Aumentar por500.0%	; --%	;3	;Aumentar por200.0%	; --%	;0	; --%	; --%	;1	; --%	; --%	;0	; --%	; --%	;5	; --%	; --%	;
1277	;07/24 04:00 - 05:00	;1	; --%	; --%	;1	; --%	; --%	;0	; --%	; --%	;1	; --%	; --%	;0	; --%	; --%	;0	; --%	; --%	;
1278	;07/24 05:00 - 06:00	;0	; --%	; --%	;1	;Sin cambios	; --%	;0	; --%	; --%	;1	; --%	; --%	;0	; --%	; --%	;2	; --%	; --%	;
1279	;07/24 06:00 - 07:00	;1	;Disminuir por66.7%	; --%	;4	;Disminuir por50.0%	; --%	;0	; --%	; --%	;1	;Disminuir por50.0%	; --%	;0	; --%	; --%	;1	; --%	; --%	;
1280	;07/24 07:00 - 08:00	;30	;Aumentar por233.3%	; --%	;33	;Aumentar por57.1%	; --%	;5	;Aumentar por150.0%	; --%	;16	;Aumentar por166.7%	; --%	;1	;Sin cambios	; --%	;8	;Aumentar por300.0%	; --%	;
1281	;07/24 08:00 - 09:00	;19	;Aumentar por26.7%	; --%	;55	;Aumentar por37.5%	; --%	;3	;Aumentar por50.0%	; --%	;12	;Disminuir por47.8%	; --%	;3	;Sin cambios	; --%	;5	;Sin cambios	; --%	;
1282	;07/24 09:00 - 10:00	;41	;Aumentar por51.9%	; --%	;57	;Aumentar por119.2%	; --%	;3	;Disminuir por25.0%	; --%	;16	;Disminuir por23.8%	; --%	;4	;Aumentar por33.3%	; --%	;17	;Aumentar por142.9%	; --%	;
1283	;07/24 10:00 - 11:00	;117	;Aumentar por51.9%	; --%	;107	;Aumentar por148.8%	; --%	;9	;Aumentar por50.0%	; --%	;36	;Aumentar por5.9%	; --%	;2	; --%	; --%	;8	;Aumentar por100.0%	; --%	;
1284	;07/24 11:00 - 12:00	;188	;Aumentar por22.9%	; --%	;185	;Aumentar por0.5%	; --%	;8	;Aumentar por300.0%	; --%	;41	;Aumentar por64.0%	; --%	;0	;Disminuir por100.0%	; --%	;19	;Aumentar por280.0%	; --%	;
1285	;07/24 12:00 - 13:00	;79	;Disminuir por9.2%	; --%	;137	;Aumentar por20.2%	; --%	;0	;Disminuir por100.0%	; --%	;12	;Disminuir por33.3%	; --%	;1	;Disminuir por50.0%	; --%	;18	;Aumentar por100.0%	; --%	;
1286	;07/24 13:00 - 14:00	;42	;Disminuir por55.3%	; --%	;87	;Disminuir por2.2%	; --%	;0	;Disminuir por100.0%	; --%	;9	;Disminuir por10.0%	; --%	;1	;Disminuir por50.0%	; --%	;17	;Aumentar por183.3%	; --%	;
1287	;07/24 14:00 - 15:00	;55	;Aumentar por3.8%	; --%	;98	;Aumentar por40.0%	; --%	;3	;Aumentar por200.0%	; --%	;21	;Aumentar por23.5%	; --%	;1	; --%	; --%	;9	;Aumentar por28.6%	; --%	;
1288	;07/24 15:00 - 16:00	;61	;Disminuir por19.7%	; --%	;105	;Aumentar por4.0%	; --%	;1	;Disminuir por75.0%	; --%	;10	;Disminuir por41.2%	; --%	;3	;Disminuir por25.0%	; --%	;7	;Aumentar por133.3%	; --%	;
1289	;07/24 16:00 - 17:00	;78	;Aumentar por32.2%	; --%	;89	;Aumentar por34.8%	; --%	;0	; --%	; --%	;13	;Aumentar por85.7%	; --%	;0	; --%	; --%	;11	;Aumentar por37.5%	; --%	;
1290	;07/24 17:00 - 18:00	;72	;Disminuir por33.9%	; --%	;95	;Disminuir por34.5%	; --%	;6	;Aumentar por100.0%	; --%	;19	;Aumentar por5.6%	; --%	;3	;Sin cambios	; --%	;16	;Aumentar por77.8%	; --%	;
1291	;07/24 18:00 - 19:00	;123	;Disminuir por26.8%	; --%	;99	;Disminuir por31.7%	; --%	;0	; --%	; --%	;6	;Disminuir por25.0%	; --%	;2	; --%	; --%	;8	;Aumentar por33.3%	; --%	;
1292	;07/24 19:00 - 20:00	;189	;Aumentar por51.2%	; --%	;222	;Disminuir por4.7%	; --%	;1	; --%	; --%	;6	;Disminuir por53.8%	; --%	;4	; --%	; --%	;9	;Disminuir por18.2%	; --%	;
1293	;07/24 20:00 - 21:00	;294	;Aumentar por382.0%	; --%	;386	;Aumentar por159.1%	; --%	;1	;Disminuir por50.0%	; --%	;5	;Disminuir por44.4%	; --%	;0	; --%	; --%	;7	;Aumentar por75.0%	; --%	;
1294	;07/24 21:00 - 22:00	;193	;Aumentar por522.6%	; --%	;255	;Aumentar por431.3%	; --%	;1	;Disminuir por50.0%	; --%	;2	;Disminuir por75.0%	; --%	;0	; --%	; --%	;2	;Disminuir por75.0%	; --%	;
1295	;07/24 22:00 - 23:00	;170	;Aumentar por1445.5%	; --%	;232	;Aumentar por439.5%	; --%	;0	; --%	; --%	;2	;Disminuir por33.3%	; --%	;0	; --%	; --%	;0	;Disminuir por100.0%	; --%	;
1296	;07/24 23:00 - 24:00	;113	;Aumentar por1312.5%	; --%	;208	;Aumentar por1500.0%	; --%	;0	; --%	; --%	;3	;Disminuir por25.0%	; --%	;2	; --%	; --%	;24	;Aumentar por300.0%	; --%	;
1297	;07/25 00:00 - 01:00	;73	;Aumentar por3550.0%	; --%	;172	;Aumentar por4200.0%	; --%	;0	; --%	; --%	;3	; --%	; --%	;0	; --%	; --%	;24	;Aumentar por2300.0%	; --%	;
1298	;07/25 01:00 - 02:00	;18	;Aumentar por1700.0%	; --%	;36	; --%	; --%	;0	; --%	; --%	;7	;Aumentar por600.0%	; --%	;1	; --%	; --%	;12	; --%	; --%	;
1299	;07/25 02:00 - 03:00	;15	;Aumentar por400.0%	; --%	;8	;Aumentar por300.0%	; --%	;0	; --%	; --%	;0	; --%	; --%	;0	; --%	; --%	;1	; --%	; --%	;
1300	;07/25 03:00 - 04:00	;3	; --%	; --%	;4	;Aumentar por100.0%	; --%	;0	; --%	; --%	;0	; --%	; --%	;0	; --%	; --%	;0	;Disminuir por100.0%	; --%	;
1301	;07/25 04:00 - 05:00	;3	; --%	; --%	;3	; --%	; --%	;0	;Disminuir por100.0%	; --%	;1	;Sin cambios	; --%	;0	; --%	; --%	;1	; --%	; --%	;
1302	;07/25 05:00 - 06:00	;3	; --%	; --%	;5	;Aumentar por150.0%	; --%	;0	;Disminuir por100.0%	; --%	;1	; --%	; --%	;0	; --%	; --%	;0	; --%	; --%	;
1303	;07/25 06:00 - 07:00	;2	;Disminuir por33.3%	; --%	;2	;Disminuir por71.4%	; --%	;0	;Disminuir por100.0%	; --%	;0	;Disminuir por100.0%	; --%	;0	; --%	; --%	;0	; --%	; --%	;
1304	;07/25 07:00 - 08:00	;11	;Aumentar por175.0%	; --%	;16	;Disminuir por5.9%	; --%	;0	; --%	; --%	;1	;Disminuir por90.0%	; --%	;0	;Disminuir por100.0%	; --%	;0	;Disminuir por100.0%	; --%	;
1305	;07/25 08:00 - 09:00	;20	;Aumentar por185.7%	; --%	;36	;Aumentar por12.5%	; --%	;1	; --%	; --%	;7	;Disminuir por77.4%	; --%	;2	; --%	; --%	;8	;Aumentar por166.7%	; --%	;
1306	;07/25 09:00 - 10:00	;36	;Aumentar por71.4%	; --%	;38	;Aumentar por153.3%	; --%	;2	;Sin cambios	; --%	;13	;Disminuir por18.8%	; --%	;1	;Sin cambios	; --%	;10	;Aumentar por66.7%	; --%	;
1307	;07/25 10:00 - 11:00	;76	;Disminuir por21.6%	; --%	;51	;Aumentar por21.4%	; --%	;4	;Sin cambios	; --%	;20	;Disminuir por52.4%	; --%	;2	; --%	; --%	;11	;Aumentar por83.3%	; --%	;
1308	;07/25 11:00 - 12:00	;124	;Disminuir por13.9%	; --%	;146	;Aumentar por27.0%	; --%	;0	;Disminuir por100.0%	; --%	;13	;Disminuir por59.4%	; --%	;1	;Sin cambios	; --%	;8	;Aumentar por100.0%	; --%	;
1309	;07/25 12:00 - 13:00	;131	;Aumentar por20.2%	; --%	;161	;Aumentar por45.0%	; --%	;3	;Aumentar por200.0%	; --%	;12	;Disminuir por52.0%	; --%	;0	;Disminuir por100.0%	; --%	;13	;Aumentar por44.4%	; --%	;
1310	;07/25 13:00 - 14:00	;66	;Disminuir por55.7%	; --%	;91	;Disminuir por56.0%	; --%	;4	; --%	; --%	;20	;Aumentar por150.0%	; --%	;1	;Disminuir por66.7%	; --%	;6	;Disminuir por45.5%	; --%	;
1311	;07/25 14:00 - 15:00	;83	;Aumentar por29.7%	; --%	;116	;Aumentar por43.2%	; --%	;2	;Disminuir por50.0%	; --%	;16	;Disminuir por44.8%	; --%	;0	; --%	; --%	;2	;Disminuir por60.0%	; --%	;
1312	;07/25 15:00 - 16:00	;71	;Aumentar por6.0%	; --%	;86	;Aumentar por11.7%	; --%	;0	;Disminuir por100.0%	; --%	;7	;Disminuir por66.7%	; --%	;0	;Disminuir por100.0%	; --%	;9	;Aumentar por28.6%	; --%	;
1313	;07/25 16:00 - 17:00	;95	;Aumentar por21.8%	; --%	;114	;Aumentar por14.0%	; --%	;2	;Disminuir por50.0%	; --%	;9	;Disminuir por62.5%	; --%	;3	;Sin cambios	; --%	;14	;Disminuir por6.7%	; --%	;
1314	;07/25 17:00 - 18:00	;86	;Disminuir por5.5%	; --%	;100	;Aumentar por29.9%	; --%	;0	;Disminuir por100.0%	; --%	;3	;Disminuir por81.3%	; --%	;1	;Sin cambios	; --%	;12	;Aumentar por50.0%	; --%	;
1315	;07/25 18:00 - 19:00	;103	;Disminuir por25.9%	; --%	;119	;Disminuir por15.6%	; --%	;2	;Disminuir por50.0%	; --%	;9	;Disminuir por40.0%	; --%	;1	;Sin cambios	; --%	;8	;Aumentar por60.0%	; --%	;
1316	;07/25 19:00 - 20:00	;292	;Aumentar por70.8%	; --%	;168	;Disminuir por30.9%	; --%	;7	;Aumentar por600.0%	; --%	;13	;Aumentar por30.0%	; --%	;3	; --%	; --%	;12	;Aumentar por50.0%	; --%	;
1317	;07/25 20:00 - 21:00	;347	;Aumentar por261.5%	; --%	;406	;Aumentar por118.3%	; --%	;3	;Aumentar por200.0%	; --%	;5	;Disminuir por37.5%	; --%	;1	; --%	; --%	;4	;Disminuir por42.9%	; --%	;
1318	;07/25 21:00 - 22:00	;249	;Aumentar por322.0%	; --%	;345	;Aumentar por222.4%	; --%	;3	; --%	; --%	;4	;Disminuir por20.0%	; --%	;5	; --%	; --%	;5	;Disminuir por16.7%	; --%	;
1319	;07/25 22:00 - 23:00	;282	;Aumentar por1181.8%	; --%	;357	;Aumentar por750.0%	; --%	;0	; --%	; --%	;1	;Disminuir por66.7%	; --%	;1	; --%	; --%	;1	;Disminuir por50.0%	; --%	;
1320	;07/25 23:00 - 24:00	;196	;Aumentar por378.0%	; --%	;418	;Aumentar por375.0%	; --%	;0	; --%	; --%	;2	;Disminuir por50.0%	; --%	;2	; --%	; --%	;22	;Aumentar por340.0%	; --%	;
1321	;07/26 00:00 - 01:00	;130	;Aumentar por1525.0%	; --%	;265	;Aumentar por1372.2%	; --%	;0	; --%	; --%	;2	;Disminuir por50.0%	; --%	;1	; --%	; --%	;27	;Aumentar por440.0%	; --%	;
1322	;07/26 01:00 - 02:00	;23	; --%	; --%	;44	;Aumentar por1000.0%	; --%	;1	; --%	; --%	;9	;Aumentar por200.0%	; --%	;2	; --%	; --%	;11	;Aumentar por1000.0%	; --%	;
1323	;07/26 02:00 - 03:00	;11	;Aumentar por450.0%	; --%	;13	;Aumentar por550.0%	; --%	;0	; --%	; --%	;2	;Sin cambios	; --%	;0	; --%	; --%	;1	;Disminuir por66.7%	; --%	;
1324	;07/26 03:00 - 04:00	;5	; --%	; --%	;4	; --%	; --%	;0	; --%	; --%	;0	;Disminuir por100.0%	; --%	;0	; --%	; --%	;1	;Sin cambios	; --%	;
1325	;07/26 04:00 - 05:00	;4	;Aumentar por33.3%	; --%	;5	;Disminuir por16.7%	; --%	;0	; --%	; --%	;0	;Disminuir por100.0%	; --%	;0	; --%	; --%	;3	; --%	; --%	;
1326	;07/26 05:00 - 06:00	;7	; --%	; --%	;1	;Sin cambios	; --%	;0	; --%	; --%	;0	; --%	; --%	;0	; --%	; --%	;1	; --%	; --%	;
1327	;07/26 06:00 - 07:00	;2	; --%	; --%	;5	;Aumentar por150.0%	; --%	;0	; --%	; --%	;0	;Disminuir por100.0%	; --%	;0	; --%	; --%	;0	; --%	; --%	;
1328	;07/26 07:00 - 08:00	;6	;Aumentar por20.0%	; --%	;20	;Aumentar por400.0%	; --%	;0	; --%	; --%	;3	;Sin cambios	; --%	;0	; --%	; --%	;0	;Disminuir por100.0%	; --%	;
1329	;07/26 08:00 - 09:00	;28	;Aumentar por460.0%	; --%	;27	;Aumentar por145.5%	; --%	;0	; --%	; --%	;6	;Disminuir por40.0%	; --%	;1	; --%	; --%	;8	;Aumentar por100.0%	; --%	;
1330	;07/26 09:00 - 10:00	;39	;Aumentar por34.5%	; --%	;50	;Aumentar por38.9%	; --%	;0	; --%	; --%	;9	;Sin cambios	; --%	;2	;Aumentar por100.0%	; --%	;7	;Aumentar por250.0%	; --%	;
1331	;07/26 10:00 - 11:00	;140	;Aumentar por41.4%	; --%	;140	;Aumentar por50.5%	; --%	;0	; --%	; --%	;12	;Disminuir por14.3%	; --%	;1	;Disminuir por50.0%	; --%	;8	;Aumentar por60.0%	; --%	;
1332	;07/26 11:00 - 12:00	;204	;Aumentar por20.0%	; --%	;199	;Aumentar por55.5%	; --%	;0	;Disminuir por100.0%	; --%	;10	;Disminuir por28.6%	; --%	;3	; --%	; --%	;11	;Aumentar por10.0%	; --%	;
1333	;07/26 12:00 - 13:00	;136	;Aumentar por10.6%	; --%	;159	;Disminuir por2.5%	; --%	;0	; --%	; --%	;7	;Disminuir por22.2%	; --%	;0	; --%	; --%	;13	;Aumentar por116.7%	; --%	;
1334	;07/26 13:00 - 14:00	;120	;Disminuir por7.0%	; --%	;162	;Disminuir por3.6%	; --%	;3	; --%	; --%	;13	;Aumentar por116.7%	; --%	;1	;Sin cambios	; --%	;8	;Disminuir por11.1%	; --%	;
1335	;07/26 14:00 - 15:00	;58	;Disminuir por24.7%	; --%	;108	;Sin cambios	; --%	;0	; --%	; --%	;4	;Aumentar por100.0%	; --%	;0	;Disminuir por100.0%	; --%	;9	;Aumentar por12.5%	; --%	;
1336	;07/26 15:00 - 16:00	;93	;Disminuir por19.1%	; --%	;130	;Aumentar por4.0%	; --%	;0	; --%	; --%	;7	;Aumentar por40.0%	; --%	;0	;Disminuir por100.0%	; --%	;5	;Disminuir por16.7%	; --%	;
1337	;07/26 16:00 - 17:00	;108	;Disminuir por5.3%	; --%	;144	;Aumentar por11.6%	; --%	;1	; --%	; --%	;6	;Disminuir por33.3%	; --%	;0	;Disminuir por100.0%	; --%	;12	;Disminuir por7.7%	; --%	;
1338	;07/26 17:00 - 18:00	;110	;Disminuir por31.7%	; --%	;153	;Disminuir por21.9%	; --%	;0	;Disminuir por100.0%	; --%	;9	;Aumentar por28.6%	; --%	;1	;Disminuir por50.0%	; --%	;8	;Disminuir por11.1%	; --%	;
1339	;07/26 18:00 - 19:00	;117	;Disminuir por61.5%	; --%	;109	;Disminuir por52.2%	; --%	;1	;Disminuir por50.0%	; --%	;6	;Disminuir por40.0%	; --%	;0	;Disminuir por100.0%	; --%	;9	;Aumentar por50.0%	; --%	;
1340	;07/26 19:00 - 20:00	;253	;Aumentar por10.5%	; --%	;268	;Disminuir por22.5%	; --%	;0	; --%	; --%	;3	;Disminuir por50.0%	; --%	;2	;Aumentar por100.0%	; --%	;4	;Sin cambios	; --%	;
1341	;07/26 20:00 - 21:00	;295	;Aumentar por198.0%	; --%	;431	;Aumentar por62.6%	; --%	;1	;Sin cambios	; --%	;3	;Aumentar por200.0%	; --%	;2	; --%	; --%	;4	;Disminuir por69.2%	; --%	;
1342	;07/26 21:00 - 22:00	;256	;Aumentar por181.3%	; --%	;374	;Aumentar por179.1%	; --%	;1	;Sin cambios	; --%	;1	;Disminuir por80.0%	; --%	;1	;Sin cambios	; --%	;6	;Sin cambios	; --%	;
1343	;07/26 22:00 - 23:00	;178	;Aumentar por229.6%	; --%	;363	;Aumentar por307.9%	; --%	;0	; --%	; --%	;1	;Disminuir por66.7%	; --%	;2	; --%	; --%	;9	;Aumentar por200.0%	; --%	;
1344	;07/26 23:00 - 24:00	;154	;Aumentar por633.3%	; --%	;348	;Aumentar por443.8%	; --%	;1	; --%	; --%	;3	;Disminuir por25.0%	; --%	;1	; --%	; --%	;19	;Aumentar por280.0%	; --%	;
1345	;07/27 00:00 - 01:00	;116	;Aumentar por728.6%	; --%	;187	;Aumentar por592.6%	; --%	;0	; --%	; --%	;3	;Aumentar por50.0%	; --%	;4	; --%	; --%	;30	;Aumentar por200.0%	; --%	;
1346	;07/27 01:00 - 02:00	;21	;Aumentar por600.0%	; --%	;29	;Aumentar por141.7%	; --%	;2	; --%	; --%	;6	;Aumentar por500.0%	; --%	;0	; --%	; --%	;8	; --%	; --%	;
1347	;07/27 02:00 - 03:00	;1	;Disminuir por80.0%	; --%	;7	;Aumentar por250.0%	; --%	;0	; --%	; --%	;0	;Disminuir por100.0%	; --%	;0	; --%	; --%	;0	; --%	; --%	;
1348	;07/27 03:00 - 04:00	;1	;Disminuir por83.3%	; --%	;2	;Disminuir por33.3%	; --%	;0	;Disminuir por100.0%	; --%	;0	;Disminuir por100.0%	; --%	;0	; --%	; --%	;3	;Aumentar por200.0%	; --%	;
1349	;07/27 04:00 - 05:00	;0	; --%	; --%	;0	;Disminuir por100.0%	; --%	;0	;Disminuir por100.0%	; --%	;2	;Sin cambios	; --%	;0	; --%	; --%	;1	; --%	; --%	;
1350	;07/27 05:00 - 06:00	;0	;Disminuir por100.0%	; --%	;1	; --%	; --%	;0	; --%	; --%	;1	;Disminuir por50.0%	; --%	;0	; --%	; --%	;2	; --%	; --%	;
1351	;07/27 06:00 - 07:00	;6	;Aumentar por50.0%	; --%	;5	;Disminuir por79.2%	; --%	;1	; --%	; --%	;3	;Aumentar por200.0%	; --%	;3	; --%	; --%	;3	;Aumentar por200.0%	; --%	;
1352	;07/27 07:00 - 08:00	;14	;Aumentar por133.3%	; --%	;34	;Aumentar por100.0%	; --%	;3	; --%	; --%	;7	; --%	; --%	;1	; --%	; --%	;3	;Aumentar por200.0%	; --%	;
1353	;07/27 08:00 - 09:00	;23	;Aumentar por360.0%	; --%	;54	;Aumentar por200.0%	; --%	;3	; --%	; --%	;25	;Aumentar por733.3%	; --%	;0	;Disminuir por100.0%	; --%	;8	;Aumentar por300.0%	; --%	;
1354	;07/27 09:00 - 10:00	;49	;Aumentar por145.0%	; --%	;50	;Aumentar por56.3%	; --%	;4	; --%	; --%	;15	;Aumentar por1400.0%	; --%	;4	;Aumentar por300.0%	; --%	;17	;Aumentar por240.0%	; --%	;
1355	;07/27 10:00 - 11:00	;74	;Disminuir por65.6%	; --%	;67	;Disminuir por36.2%	; --%	;1	; --%	; --%	;25	; --%	; --%	;5	;Aumentar por400.0%	; --%	;16	; --%	; --%	;
1356	;07/27 11:00 - 12:00	;197	;Disminuir por16.5%	; --%	;142	;Disminuir por22.4%	; --%	;0	; --%	; --%	;12	;Aumentar por500.0%	; --%	;1	; --%	; --%	;17	;Aumentar por750.0%	; --%	;
1357	;07/27 12:00 - 13:00	;121	;Disminuir por51.6%	; --%	;119	;Disminuir por58.8%	; --%	;1	; --%	; --%	;18	; --%	; --%	;2	;Aumentar por100.0%	; --%	;10	;Aumentar por233.3%	; --%	;
1358	;07/27 13:00 - 14:00	;62	;Disminuir por67.2%	; --%	;62	;Disminuir por66.3%	; --%	;3	; --%	; --%	;17	; --%	; --%	;8	; --%	; --%	;15	;Aumentar por650.0%	; --%	;
1359	;07/27 14:00 - 15:00	;67	;Disminuir por18.3%	; --%	;72	;Disminuir por28.7%	; --%	;3	; --%	; --%	;22	; --%	; --%	;2	;Sin cambios	; --%	;13	;Aumentar por160.0%	; --%	;
1360	;07/27 15:00 - 16:00	;65	;Disminuir por46.3%	; --%	;103	;Disminuir por31.3%	; --%	;2	; --%	; --%	;15	;Aumentar por275.0%	; --%	;6	; --%	; --%	;13	;Aumentar por62.5%	; --%	;
1361	;07/27 16:00 - 17:00	;87	;Disminuir por67.2%	; --%	;99	;Disminuir por64.4%	; --%	;1	; --%	; --%	;15	;Aumentar por114.3%	; --%	;3	;Aumentar por50.0%	; --%	;14	;Aumentar por55.6%	; --%	;
1362	;07/27 17:00 - 18:00	;64	;Disminuir por43.9%	; --%	;71	;Disminuir por47.8%	; --%	;2	; --%	; --%	;7	;Disminuir por36.4%	; --%	;1	;Sin cambios	; --%	;14	;Aumentar por75.0%	; --%	;
1363	;07/27 18:00 - 19:00	;116	;Disminuir por7.9%	; --%	;126	;Disminuir por9.4%	; --%	;0	; --%	; --%	;5	;Aumentar por25.0%	; --%	;0	;Disminuir por100.0%	; --%	;14	;Aumentar por133.3%	; --%	;
1364	;07/27 19:00 - 20:00	;148	;Aumentar por28.7%	; --%	;139	;Disminuir por9.2%	; --%	;3	; --%	; --%	;7	;Aumentar por16.7%	; --%	;3	;Aumentar por200.0%	; --%	;9	;Aumentar por28.6%	; --%	;
1365	;07/27 20:00 - 21:00	;267	;Aumentar por330.6%	; --%	;280	;Aumentar por156.9%	; --%	;2	; --%	; --%	;5	;Disminuir por44.4%	; --%	;4	;Aumentar por300.0%	; --%	;4	;Disminuir por66.7%	; --%	;
1366	;07/27 21:00 - 22:00	;238	;Aumentar por750.0%	; --%	;345	;Aumentar por407.4%	; --%	;0	; --%	; --%	;1	;Disminuir por80.0%	; --%	;2	; --%	; --%	;6	;Sin cambios	; --%	;
1367	;07/27 22:00 - 23:00	;204	;Aumentar por920.0%	; --%	;313	;Aumentar por702.6%	; --%	;0	; --%	; --%	;1	; --%	; --%	;4	;Disminuir por20.0%	; --%	;10	;Sin cambios	; --%	;
1368	;07/27 23:00 - 24:00	;227	;Aumentar por2170.0%	; --%	;369	;Aumentar por3590.0%	; --%	;0	; --%	; --%	;3	;Sin cambios	; --%	;0	; --%	; --%	;10	;Aumentar por66.7%	; --%	;
1369	;07/28 00:00 - 01:00	;79	;Aumentar por2533.3%	; --%	;173	; --%	; --%	;0	; --%	; --%	;3	; --%	; --%	;0	; --%	; --%	;25	; --%	; --%	;
1370	;07/28 01:00 - 02:00	;14	;Aumentar por600.0%	; --%	;37	;Aumentar por3600.0%	; --%	;0	; --%	; --%	;4	;Aumentar por300.0%	; --%	;0	; --%	; --%	;7	;Aumentar por600.0%	; --%	;
1371	;07/28 02:00 - 03:00	;0	; --%	; --%	;1	; --%	; --%	;0	; --%	; --%	;1	; --%	; --%	;1	; --%	; --%	;0	; --%	; --%	;
1372	;07/28 03:00 - 04:00	;2	; --%	; --%	;0	;Disminuir por100.0%	; --%	;0	;Disminuir por100.0%	; --%	;1	;Disminuir por80.0%	; --%	;0	; --%	; --%	;1	; --%	; --%	;
1373	;07/28 04:00 - 05:00	;1	; --%	; --%	;0	; --%	; --%	;0	; --%	; --%	;0	; --%	; --%	;0	; --%	; --%	;1	; --%	; --%	;
1374	;07/28 05:00 - 06:00	;0	; --%	; --%	;4	; --%	; --%	;0	; --%	; --%	;1	; --%	; --%	;0	; --%	; --%	;1	; --%	; --%	;
1375	;07/28 06:00 - 07:00	;3	;Disminuir por40.0%	; --%	;9	;Aumentar por12.5%	; --%	;1	; --%	; --%	;0	;Disminuir por100.0%	; --%	;0	; --%	; --%	;2	;Aumentar por100.0%	; --%	;
1376	;07/28 07:00 - 08:00	;17	;Aumentar por70.0%	; --%	;25	;Aumentar por38.9%	; --%	;3	;Sin cambios	; --%	;8	;Disminuir por38.5%	; --%	;0	;Disminuir por100.0%	; --%	;8	;Aumentar por100.0%	; --%	;
1377	;07/28 08:00 - 09:00	;23	;Aumentar por187.5%	; --%	;41	;Aumentar por13.9%	; --%	;27	;Aumentar por800.0%	; --%	;42	;Aumentar por68.0%	; --%	;2	; --%	; --%	;6	;Aumentar por50.0%	; --%	;
1378	;07/28 09:00 - 10:00	;57	;Aumentar por200.0%	; --%	;48	;Aumentar por108.7%	; --%	;3	;Disminuir por62.5%	; --%	;24	;Disminuir por17.2%	; --%	;4	;Disminuir por55.6%	; --%	;7	;Disminuir por41.7%	; --%	;
1379	;07/28 10:00 - 11:00	;128	;Aumentar por85.5%	; --%	;100	;Aumentar por85.2%	; --%	;1	;Disminuir por75.0%	; --%	;22	;Disminuir por12.0%	; --%	;2	;Aumentar por100.0%	; --%	;10	;Aumentar por11.1%	; --%	;
1380	;07/28 11:00 - 12:00	;229	;Aumentar por151.6%	; --%	;197	;Aumentar por203.1%	; --%	;0	;Disminuir por100.0%	; --%	;20	;Disminuir por28.6%	; --%	;1	;Disminuir por75.0%	; --%	;8	;Disminuir por11.1%	; --%	;
1381	;07/28 12:00 - 13:00	;90	;Disminuir por34.3%	; --%	;120	;Disminuir por27.3%	; --%	;1	;Disminuir por50.0%	; --%	;15	;Aumentar por50.0%	; --%	;1	;Disminuir por66.7%	; --%	;15	;Aumentar por275.0%	; --%	;
1382	;07/28 13:00 - 14:00	;79	;Aumentar por14.5%	; --%	;87	;Aumentar por4.8%	; --%	;0	;Disminuir por100.0%	; --%	;11	;Aumentar por22.2%	; --%	;2	;Disminuir por66.7%	; --%	;11	;Aumentar por10.0%	; --%	;
1383	;07/28 14:00 - 15:00	;61	;Aumentar por84.8%	;Aumentar por13.0%	;69	;Aumentar por64.3%	;Disminuir por1.4%	;4	;Aumentar por100.0%	; --%	;20	;Aumentar por33.3%	;Aumentar por185.7%	;0	;Disminuir por100.0%	;Disminuir por100.0%	;5	;Disminuir por58.3%	;Disminuir por50.0%	;
1384	;07/28 15:00 - 16:00	;73	;Aumentar por114.7%	;Aumentar por17.7%	;95	;Aumentar por143.6%	;Aumentar por25.0%	;10	;Aumentar por400.0%	;Aumentar por150.0%	;28	;Aumentar por100.0%	;Aumentar por211.1%	;0	; --%	;Disminuir por100.0%	;11	;Aumentar por120.0%	;Aumentar por57.1%	;
1385	;07/28 16:00 - 17:00	;68	;Aumentar por44.7%	;Aumentar por25.9%	;97	;Aumentar por76.4%	;Aumentar por18.3%	;1	; --%	;Sin cambios	;8	;Sin cambios	;Disminuir por27.3%	;1	;Sin cambios	;Sin cambios	;12	;Aumentar por33.3%	;Disminuir por20.0%	;
1386	;07/28 17:00 - 18:00	;74	;Disminuir por3.9%	;Disminuir por12.9%	;86	;Aumentar por11.7%	;Disminuir por23.2%	;2	; --%	; --%	;7	;Aumentar por40.0%	;Disminuir por30.0%	;2	; --%	; --%	;17	;Aumentar por54.5%	;Aumentar por88.9%	;
1387	;07/28 18:00 - 19:00	;107	;Aumentar por37.2%	;Disminuir por17.1%	;104	;Aumentar por44.4%	;Aumentar por6.1%	;3	; --%	;Aumentar por200.0%	;11	;Aumentar por83.3%	;Sin cambios	;0	;Disminuir por100.0%	; --%	;4	;Sin cambios	;Disminuir por20.0%	;
1388	;07/28 19:00 - 20:00	;296	;Aumentar por261.0%	;Aumentar por29.8%	;270	;Aumentar por157.1%	;Aumentar por21.1%	;1	; --%	;Sin cambios	;6	;Sin cambios	;Aumentar por20.0%	;3	;Aumentar por50.0%	;Sin cambios	;11	;Aumentar por83.3%	;Aumentar por450.0%	;
1389	;07/28 20:00 - 21:00	;344	;Aumentar por975.0%	;Aumentar por97.7%	;445	;Aumentar por411.5%	;Aumentar por116.0%	;2	; --%	; --%	;4	;Disminuir por20.0%	;Aumentar por33.3%	;6	; --%	;Aumentar por500.0%	;11	;Aumentar por83.3%	;Aumentar por57.1%	;
1390	;07/28 21:00 - 22:00	;318	;Aumentar por1414.3%	; --%	;431	;Aumentar por977.5%	; --%	;0	; --%	; --%	;0	;Disminuir por100.0%	; --%	;3	; --%	; --%	;7	;Aumentar por250.0%	; --%	;
1391	;07/28 22:00 - 23:00	;237	;Aumentar por4640.0%	; --%	;396	;Aumentar por4300.0%	; --%	;0	; --%	; --%	;1	;Disminuir por50.0%	; --%	;0	; --%	; --%	;3	;Sin cambios	; --%	;
1392	;07/28 23:00 - 24:00	;279	;Aumentar por1643.8%	; --%	;356	;Aumentar por3460.0%	; --%	;0	; --%	; --%	;3	;Aumentar por200.0%	; --%	;1	; --%	; --%	;23	;Aumentar por360.0%	; --%	;
1393	;07/29 00:00 - 01:00	;89	;Aumentar por8800.0%	; --%	;213	;Aumentar por2942.9%	; --%	;2	; --%	; --%	;5	;Aumentar por400.0%	; --%	;0	; --%	; --%	;21	; --%	; --%	;
1394	;07/29 01:00 - 02:00	;17	;Aumentar por1600.0%	; --%	;25	; --%	; --%	;0	; --%	; --%	;4	;Aumentar por300.0%	; --%	;0	; --%	; --%	;9	; --%	; --%	;
1395	;07/29 02:00 - 03:00	;1	; --%	; --%	;3	; --%	; --%	;0	; --%	; --%	;1	; --%	; --%	;0	; --%	; --%	;0	; --%	; --%	;
1396	;07/29 03:00 - 04:00	;0	; --%	; --%	;0	; --%	; --%	;0	; --%	; --%	;2	; --%	; --%	;0	; --%	; --%	;1	; --%	; --%	;
1397	;07/29 04:00 - 05:00	;0	; --%	; --%	;0	; --%	; --%	;0	; --%	; --%	;0	; --%	; --%	;0	; --%	; --%	;3	; --%	; --%	;
1398	;07/29 05:00 - 06:00	;0	; --%	; --%	;5	;Aumentar por400.0%	; --%	;0	; --%	; --%	;1	; --%	; --%	;0	; --%	; --%	;2	; --%	; --%	;
1399	;07/29 06:00 - 07:00	;1	;Disminuir por50.0%	; --%	;4	;Aumentar por33.3%	; --%	;2	; --%	; --%	;2	;Sin cambios	; --%	;0	; --%	; --%	;0	;Disminuir por100.0%	; --%	;
1400	;07/29 07:00 - 08:00	;14	;Aumentar por27.3%	; --%	;20	;Aumentar por5.3%	; --%	;0	;Disminuir por100.0%	; --%	;4	;Disminuir por50.0%	; --%	;0	; --%	; --%	;6	;Aumentar por20.0%	; --%	;
1401	;07/29 08:00 - 09:00	;29	;Aumentar por480.0%	;Aumentar por625.0%	;55	;Aumentar por103.7%	;Aumentar por816.7%	;2	; --%	; --%	;26	;Aumentar por100.0%	;Aumentar por420.0%	;0	; --%	; --%	;7	;Aumentar por40.0%	;Aumentar por600.0%	;
1402	;07/29 09:00 - 10:00	;36	;Aumentar por56.5%	;Aumentar por800.0%	;53	;Aumentar por165.0%	;Aumentar por960.0%	;1	;Sin cambios	; --%	;13	;Disminuir por23.5%	; --%	;3	;Aumentar por50.0%	; --%	;11	;Aumentar por120.0%	;Aumentar por450.0%	;
1403	;07/29 10:00 - 11:00	;85	;Disminuir por26.7%	; --%	;107	;Aumentar por30.5%	; --%	;3	;Disminuir por40.0%	; --%	;32	;Aumentar por10.3%	; --%	;1	; --%	; --%	;13	;Aumentar por160.0%	; --%	;
1404	;07/29 11:00 - 12:00	;133	;Aumentar por10.8%	; --%	;142	;Aumentar por75.3%	; --%	;2	;Aumentar por100.0%	; --%	;24	;Aumentar por9.1%	; --%	;0	;Disminuir por100.0%	; --%	;11	;Aumentar por37.5%	; --%	;
1405	;07/29 12:00 - 13:00	;124	;Aumentar por17.0%	; --%	;144	;Aumentar por14.3%	; --%	;3	; --%	; --%	;21	;Aumentar por75.0%	; --%	;1	;Disminuir por50.0%	; --%	;9	;Aumentar por12.5%	; --%	;
1406	;07/29 13:00 - 14:00	;72	;Aumentar por14.3%	; --%	;107	;Aumentar por10.3%	; --%	;2	;Aumentar por100.0%	; --%	;17	;Aumentar por30.8%	; --%	;0	;Disminuir por100.0%	; --%	;8	;Aumentar por300.0%	; --%	;
1407	;07/29 14:00 - 15:00	;49	;Aumentar por11.4%	; --%	;88	;Aumentar por79.6%	; --%	;4	; --%	; --%	;13	;Aumentar por62.5%	; --%	;0	;Disminuir por100.0%	; --%	;3	;Disminuir por57.1%	; --%	;
1408	;07/29 15:00 - 16:00	;73	;Aumentar por37.7%	; --%	;90	;Aumentar por1.1%	; --%	;5	;Aumentar por25.0%	; --%	;17	;Disminuir por19.0%	; --%	;2	; --%	; --%	;9	;Aumentar por125.0%	; --%	;
1409	;07/29 16:00 - 17:00	;73	;Aumentar por1.4%	; --%	;87	;Aumentar por26.1%	; --%	;2	;Sin cambios	; --%	;11	;Disminuir por31.3%	; --%	;1	; --%	; --%	;15	;Aumentar por200.0%	; --%	;
1410	;07/29 17:00 - 18:00	;101	;Aumentar por8.6%	; --%	;95	;Disminuir por16.7%	; --%	;1	; --%	; --%	;6	;Disminuir por53.8%	; --%	;2	;Aumentar por100.0%	; --%	;14	;Aumentar por7.7%	; --%	;
1411	;07/29 18:00 - 19:00	;138	;Aumentar por150.9%	; --%	;163	;Aumentar por219.6%	; --%	;1	; --%	; --%	;9	;Sin cambios	; --%	;1	;Disminuir por50.0%	; --%	;9	;Aumentar por50.0%	; --%	;
1412	;07/29 19:00 - 20:00	;178	;Aumentar por122.5%	; --%	;152	;Aumentar por61.7%	; --%	;1	;Sin cambios	; --%	;4	;Disminuir por55.6%	; --%	;4	; --%	; --%	;7	;Disminuir por30.0%	; --%	;
1413	;07/29 20:00 - 21:00	;250	;Aumentar por380.8%	; --%	;328	;Aumentar por337.3%	; --%	;1	;Sin cambios	; --%	;2	;Disminuir por60.0%	; --%	;0	; --%	; --%	;6	;Disminuir por25.0%	; --%	;
1414	;07/29 21:00 - 22:00	;353	;Aumentar por854.1%	; --%	;475	;Aumentar por666.1%	; --%	;0	; --%	; --%	;0	;Disminuir por100.0%	; --%	;1	; --%	; --%	;3	;Disminuir por40.0%	; --%	;
1415	;07/29 22:00 - 23:00	;341	;Aumentar por4162.5%	; --%	;437	;Aumentar por2327.8%	; --%	;0	; --%	; --%	;1	;Disminuir por75.0%	; --%	;2	; --%	; --%	;5	;Disminuir por16.7%	; --%	;
1416	;07/29 23:00 - 24:00	;305	;Aumentar por4257.1%	; --%	;380	;Aumentar por12566.7%	; --%	;0	; --%	; --%	;3	;Aumentar por50.0%	; --%	;0	;Disminuir por100.0%	; --%	;13	;Aumentar por550.0%	; --%	;
1417	;07/30 00:00 - 01:00	;105	;Aumentar por10400.0%	; --%	;152	; --%	; --%	;0	; --%	; --%	;1	; --%	; --%	;1	; --%	; --%	;24	; --%	; --%	;
1418	;07/30 01:00 - 02:00	;21	;Aumentar por950.0%	; --%	;21	; --%	; --%	;0	; --%	; --%	;4	; --%	; --%	;0	; --%	; --%	;8	; --%	; --%	;
1419	;07/30 02:00 - 03:00	;4	;Aumentar por33.3%	; --%	;8	; --%	; --%	;0	; --%	; --%	;1	; --%	; --%	;0	; --%	; --%	;1	; --%	; --%	;
1420	;07/30 03:00 - 04:00	;2	; --%	; --%	;7	; --%	; --%	;0	; --%	; --%	;1	; --%	; --%	;0	; --%	; --%	;3	; --%	; --%	;
1421	;07/30 04:00 - 05:00	;1	; --%	; --%	;0	; --%	; --%	;0	; --%	; --%	;0	; --%	; --%	;0	; --%	; --%	;0	; --%	; --%	;
1422	;07/30 05:00 - 06:00	;1	; --%	; --%	;2	;Aumentar por100.0%	; --%	;0	; --%	; --%	;0	; --%	; --%	;0	; --%	; --%	;1	; --%	; --%	;
1423	;07/30 06:00 - 07:00	;0	;Disminuir por100.0%	; --%	;2	;Disminuir por66.7%	; --%	;0	;Disminuir por100.0%	; --%	;1	;Disminuir por50.0%	; --%	;0	; --%	; --%	;0	; --%	; --%	;
1424	;07/30 07:00 - 08:00	;7	;Disminuir por65.0%	; --%	;23	;Disminuir por8.0%	; --%	;6	;Aumentar por200.0%	; --%	;14	;Aumentar por75.0%	; --%	;1	;Disminuir por50.0%	; --%	;4	;Sin cambios	; --%	;
1425	;07/30 08:00 - 09:00	;31	;Aumentar por287.5%	; --%	;59	;Aumentar por68.6%	; --%	;1	;Disminuir por50.0%	; --%	;21	;Disminuir por8.7%	; --%	;1	; --%	; --%	;10	;Aumentar por233.3%	; --%	;
1426	;07/30 09:00 - 10:00	;50	;Aumentar por11.1%	; --%	;68	;Aumentar por112.5%	; --%	;3	;Disminuir por40.0%	; --%	;24	;Aumentar por9.1%	; --%	;7	;Aumentar por16.7%	; --%	;18	;Aumentar por20.0%	; --%	;
1427	;07/30 10:00 - 11:00	;115	;Aumentar por47.4%	;Aumentar por30.7%	;86	;Aumentar por75.5%	;Aumentar por48.3%	;3	;Sin cambios	;Sin cambios	;33	;Aumentar por6.5%	;Aumentar por135.7%	;5	; --%	; --%	;17	;Aumentar por112.5%	;Aumentar por1600.0%	;
1428	;07/30 11:00 - 12:00	;189	;Aumentar por96.9%	;Aumentar por1.6%	;107	;Aumentar por27.4%	;Disminuir por35.9%	;4	;Aumentar por300.0%	;Aumentar por100.0%	;36	;Aumentar por80.0%	;Aumentar por111.8%	;2	; --%	;Sin cambios	;13	;Aumentar por1200.0%	;Aumentar por44.4%	;
1429	;07/30 12:00 - 13:00	;112	;Aumentar por27.3%	;Disminuir por5.9%	;105	;Disminuir por10.3%	;Aumentar por1.0%	;3	; --%	;Aumentar por200.0%	;15	;Aumentar por25.0%	;Aumentar por200.0%	;1	;Sin cambios	; --%	;9	;Aumentar por50.0%	;Aumentar por350.0%	;
1430	;07/30 13:00 - 14:00	;94	;Aumentar por9.3%	;Aumentar por1780.0%	;124	;Aumentar por29.2%	;Aumentar por933.3%	;2	;Disminuir por50.0%	; --%	;14	;Disminuir por39.1%	; --%	;2	;Sin cambios	; --%	;7	;Aumentar por16.7%	;Aumentar por600.0%	;
1431	;07/30 14:00 - 15:00	;77	;Aumentar por6.9%	; --%	;105	;Aumentar por138.6%	; --%	;3	;Sin cambios	; --%	;18	;Aumentar por5.9%	; --%	;3	;Aumentar por200.0%	; --%	;10	;Sin cambios	; --%	;
1432	;07/30 15:00 - 16:00	;75	;Disminuir por20.2%	; --%	;91	;Aumentar por9.6%	; --%	;2	;Disminuir por50.0%	; --%	;15	;Disminuir por21.1%	; --%	;0	;Disminuir por100.0%	; --%	;6	;Disminuir por40.0%	; --%	;
1433	;07/30 16:00 - 17:00	;112	;Aumentar por138.3%	; --%	;115	;Aumentar por36.9%	; --%	;0	;Disminuir por100.0%	; --%	;10	;Disminuir por50.0%	; --%	;4	;Aumentar por33.3%	; --%	;21	;Aumentar por600.0%	; --%	;
1434	;07/30 17:00 - 18:00	;67	;Aumentar por6.3%	; --%	;89	;Aumentar por15.6%	; --%	;0	;Disminuir por100.0%	; --%	;7	;Disminuir por61.1%	; --%	;1	;Disminuir por66.7%	; --%	;12	;Aumentar por33.3%	; --%	;
1435	;07/30 18:00 - 19:00	;119	;Aumentar por95.1%	; --%	;121	;Aumentar por55.1%	; --%	;3	; --%	; --%	;8	;Disminuir por20.0%	; --%	;5	; --%	; --%	;12	;Aumentar por300.0%	; --%	;
1436	;07/30 19:00 - 20:00	;220	;Aumentar por378.3%	; --%	;191	;Aumentar por218.3%	; --%	;1	;Sin cambios	; --%	;6	;Disminuir por14.3%	; --%	;3	;Aumentar por50.0%	; --%	;8	;Disminuir por42.9%	; --%	;
1437	;07/30 20:00 - 21:00	;256	;Aumentar por675.8%	; --%	;336	;Aumentar por888.2%	; --%	;2	;Aumentar por100.0%	; --%	;9	;Aumentar por12.5%	; --%	;1	; --%	; --%	;1	;Disminuir por75.0%	; --%	;
1438	;07/30 21:00 - 22:00	;283	;Aumentar por812.9%	; --%	;393	;Aumentar por1055.9%	; --%	;0	; --%	; --%	;1	;Disminuir por75.0%	; --%	;2	; --%	; --%	;7	;Aumentar por40.0%	; --%	;
1439	;07/30 22:00 - 23:00	;280	;Aumentar por1766.7%	; --%	;463	;Aumentar por3461.5%	; --%	;0	; --%	; --%	;1	;Disminuir por83.3%	; --%	;3	; --%	; --%	;7	;Aumentar por75.0%	; --%	;
1440	;07/30 23:00 - 24:00	;210	;Aumentar por4100.0%	; --%	;396	;Aumentar por4300.0%	; --%	;0	;Disminuir por100.0%	; --%	;3	;Aumentar por50.0%	; --%	;3	; --%	; --%	;21	;Aumentar por600.0%	; --%	;
1441	;07/31 00:00 - 01:00	;85	;Aumentar por4150.0%	; --%	;159	;Aumentar por15800.0%	; --%	;0	; --%	; --%	;1	; --%	; --%	;0	; --%	; --%	;21	; --%	; --%	;
1442	;07/31 01:00 - 02:00	;41	;Aumentar por4000.0%	; --%	;60	; --%	; --%	;0	; --%	; --%	;5	;Aumentar por66.7%	; --%	;1	; --%	; --%	;9	; --%	; --%	;
1443	;07/31 02:00 - 03:00	;5	;Aumentar por150.0%	; --%	;5	;Aumentar por400.0%	; --%	;0	; --%	; --%	;1	;Sin cambios	; --%	;1	; --%	; --%	;4	; --%	; --%	;
1444	;07/31 03:00 - 04:00	;4	;Aumentar por300.0%	; --%	;5	; --%	; --%	;0	; --%	; --%	;1	; --%	; --%	;0	; --%	; --%	;2	; --%	; --%	;
1445	;07/31 04:00 - 05:00	;0	; --%	; --%	;0	; --%	; --%	;0	; --%	; --%	;0	; --%	; --%	;0	; --%	; --%	;3	; --%	; --%	;
1446	;07/31 05:00 - 06:00	;2	; --%	; --%	;0	; --%	; --%	;0	; --%	; --%	;2	; --%	; --%	;0	; --%	; --%	;1	; --%	; --%	;
1447	;07/31 06:00 - 07:00	;3	;Disminuir por57.1%	; --%	;5	;Disminuir por44.4%	; --%	;2	; --%	; --%	;2	;Disminuir por33.3%	; --%	;0	; --%	; --%	;0	; --%	; --%	;
1448	;07/31 07:00 - 08:00	;11	;Aumentar por22.2%	; --%	;21	;Aumentar por23.5%	; --%	;4	;Aumentar por300.0%	; --%	;11	;Aumentar por450.0%	; --%	;0	; --%	; --%	;2	;Disminuir por66.7%	; --%	;
1449	;07/31 08:00 - 09:00	;26	;Aumentar por73.3%	; --%	;56	;Aumentar por40.0%	; --%	;3	;Disminuir por40.0%	; --%	;18	;Disminuir por33.3%	; --%	;0	;Disminuir por100.0%	; --%	;8	;Aumentar por14.3%	; --%	;
1450	;07/31 09:00 - 10:00	;48	;Disminuir por50.0%	; --%	;68	;Disminuir por19.0%	; --%	;1	;Disminuir por50.0%	; --%	;25	;Sin cambios	; --%	;5	;Disminuir por16.7%	; --%	;15	;Aumentar por66.7%	; --%	;
1451	;07/31 10:00 - 11:00	;133	;Aumentar por70.5%	; --%	;118	;Aumentar por247.1%	; --%	;5	;Aumentar por25.0%	; --%	;39	;Aumentar por14.7%	; --%	;1	;Sin cambios	; --%	;11	;Aumentar por37.5%	; --%	;
1452	;07/31 11:00 - 12:00	;142	;Aumentar por56.0%	; --%	;119	;Aumentar por28.0%	; --%	;4	;Disminuir por20.0%	; --%	;32	;Sin cambios	; --%	;1	;Disminuir por50.0%	; --%	;14	;Aumentar por40.0%	; --%	;
1453	;07/31 12:00 - 13:00	;88	;Disminuir por20.0%	; --%	;133	;Disminuir por2.9%	; --%	;3	; --%	; --%	;15	;Disminuir por40.0%	; --%	;3	;Disminuir por40.0%	; --%	;16	;Aumentar por166.7%	; --%	;
1454	;07/31 13:00 - 14:00	;72	;Disminuir por24.2%	; --%	;98	;Disminuir por16.2%	; --%	;2	;Sin cambios	; --%	;17	;Disminuir por22.7%	; --%	;1	;Disminuir por83.3%	; --%	;14	;Aumentar por7.7%	; --%	;
1455	;07/31 14:00 - 15:00	;64	;Aumentar por60.0%	; --%	;96	;Aumentar por104.3%	; --%	;4	;Aumentar por100.0%	; --%	;21	;Aumentar por110.0%	; --%	;0	; --%	; --%	;10	;Aumentar por11.1%	; --%	;
1456	;07/31 15:00 - 16:00	;61	;Disminuir por3.2%	; --%	;68	;Disminuir por15.0%	; --%	;5	;Aumentar por150.0%	; --%	;15	;Sin cambios	; --%	;3	;Aumentar por200.0%	; --%	;9	;Aumentar por50.0%	; --%	;
1457	;07/31 16:00 - 17:00	;39	;Disminuir por31.6%	; --%	;66	;Aumentar por10.0%	; --%	;1	;Sin cambios	; --%	;22	;Aumentar por120.0%	; --%	;1	; --%	; --%	;12	;Aumentar por140.0%	; --%	;
1458	;07/31 17:00 - 18:00	;106	;Aumentar por68.3%	; --%	;100	;Aumentar por88.7%	; --%	;1	;Sin cambios	; --%	;11	;Aumentar por10.0%	; --%	;3	; --%	; --%	;12	;Disminuir por7.7%	; --%	;
1459	;07/31 18:00 - 19:00	;120	;Aumentar por29.0%	; --%	;133	;Aumentar por8.1%	; --%	;2	; --%	; --%	;11	;Aumentar por10.0%	; --%	;2	; --%	; --%	;9	;Aumentar por12.5%	; --%	;
1460	;07/31 19:00 - 20:00	;152	;Disminuir por9.0%	; --%	;163	;Aumentar por1.9%	; --%	;2	;Aumentar por100.0%	; --%	;7	;Disminuir por68.2%	; --%	;3	;Sin cambios	; --%	;4	;Disminuir por60.0%	; --%	;
1461	;07/31 20:00 - 21:00	;267	;Aumentar por256.0%	; --%	;291	;Aumentar por140.5%	; --%	;0	; --%	; --%	;1	;Disminuir por66.7%	; --%	;0	; --%	; --%	;5	;Disminuir por50.0%	; --%	;
1462	;07/31 21:00 - 22:00	;162	;Aumentar por161.3%	; --%	;259	;Aumentar por161.6%	; --%	;0	; --%	; --%	;0	;Disminuir por100.0%	; --%	;1	; --%	; --%	;7	;Aumentar por16.7%	; --%	;
1463	;07/31 22:00 - 23:00	;189	;Aumentar por285.7%	; --%	;338	;Aumentar por493.0%	; --%	;0	; --%	; --%	;1	;Sin cambios	; --%	;0	; --%	; --%	;4	; --%	; --%	;
1464	;07/31 23:00 - 24:00	;109	;Aumentar por159.5%	; --%	;284	;Aumentar por365.6%	; --%	;0	; --%	; --%	;2	;Disminuir por71.4%	; --%	;0	;Disminuir por100.0%	; --%	;19	;Aumentar por280.0%	; --%	;
1465	;08/01 00:00 - 01:00	;99	;Aumentar por800.0%	; --%	;166	;Aumentar por822.2%	; --%	;0	; --%	; --%	;6	;Aumentar por100.0%	; --%	;2	; --%	; --%	;25	;Aumentar por525.0%	; --%	;
1466	;08/01 01:00 - 02:00	;23	;Aumentar por666.7%	; --%	;38	;Aumentar por245.5%	; --%	;0	; --%	; --%	;4	; --%	; --%	;0	; --%	; --%	;11	; --%	; --%	;
1467	;08/01 02:00 - 03:00	;14	;Aumentar por366.7%	; --%	;16	; --%	; --%	;0	; --%	; --%	;1	; --%	; --%	;0	; --%	; --%	;4	; --%	; --%	;
1468	;08/01 03:00 - 04:00	;2	; --%	; --%	;7	; --%	; --%	;0	; --%	; --%	;1	; --%	; --%	;0	; --%	; --%	;1	; --%	; --%	;
1469	;08/01 04:00 - 05:00	;5	; --%	; --%	;14	; --%	; --%	;0	; --%	; --%	;1	; --%	; --%	;0	; --%	; --%	;5	;Aumentar por150.0%	; --%	;
1470	;08/01 05:00 - 06:00	;1	;Disminuir por50.0%	; --%	;0	; --%	; --%	;1	; --%	; --%	;2	;Aumentar por100.0%	; --%	;0	; --%	; --%	;0	; --%	; --%	;
1471	;08/01 06:00 - 07:00	;2	;Aumentar por100.0%	; --%	;2	;Aumentar por100.0%	; --%	;0	; --%	; --%	;0	;Disminuir por100.0%	; --%	;0	; --%	; --%	;1	; --%	; --%	;
1472	;08/01 07:00 - 08:00	;8	;Aumentar por166.7%	; --%	;17	;Aumentar por54.5%	; --%	;0	; --%	; --%	;3	; --%	; --%	;1	;Sin cambios	; --%	;1	; --%	; --%	;
1473	;08/01 08:00 - 09:00	;32	;Aumentar por357.1%	; --%	;35	;Aumentar por75.0%	; --%	;1	;Disminuir por50.0%	; --%	;8	;Sin cambios	; --%	;1	;Disminuir por50.0%	; --%	;9	;Aumentar por125.0%	; --%	;
1474	;08/01 09:00 - 10:00	;45	;Aumentar por125.0%	; --%	;66	;Aumentar por371.4%	; --%	;0	; --%	; --%	;9	;Aumentar por50.0%	; --%	;1	; --%	; --%	;10	;Aumentar por233.3%	; --%	;
1475	;08/01 10:00 - 11:00	;72	;Disminuir por41.0%	;Aumentar por4.3%	;85	;Disminuir por5.6%	;Aumentar por25.0%	;2	; --%	;Disminuir por77.8%	;17	;Disminuir por5.6%	;Disminuir por59.5%	;7	; --%	;Aumentar por16.7%	;21	;Aumentar por320.0%	;Aumentar por16.7%	;
1476	;08/01 11:00 - 12:00	;107	;Disminuir por73.5%	;Disminuir por38.5%	;122	;Disminuir por62.7%	;Disminuir por30.7%	;4	;Sin cambios	;Sin cambios	;18	;Aumentar por80.0%	;Disminuir por40.0%	;1	; --%	;Disminuir por75.0%	;13	;Aumentar por333.3%	;Disminuir por31.6%	;
1477	;08/01 12:00 - 13:00	;122	;Disminuir por67.8%	;Disminuir por3.2%	;134	;Disminuir por66.7%	;Aumentar por16.5%	;1	;Sin cambios	;Disminuir por83.3%	;12	;Aumentar por140.0%	;Disminuir por50.0%	;2	;Aumentar por100.0%	;Disminuir por50.0%	;13	;Aumentar por8.3%	;Aumentar por18.2%	;
1478	;08/01 13:00 - 14:00	;90	;Disminuir por66.4%	;Disminuir por3.2%	;120	;Disminuir por66.9%	;Aumentar por6.2%	;1	; --%	;Disminuir por80.0%	;20	;Aumentar por300.0%	;Disminuir por25.9%	;1	;Sin cambios	;Sin cambios	;7	;Disminuir por22.2%	;Disminuir por36.4%	;
1479	;08/01 14:00 - 15:00	;55	;Disminuir por64.5%	;Disminuir por12.7%	;91	;Disminuir por54.7%	;Aumentar por18.2%	;2	;Aumentar por100.0%	;Disminuir por50.0%	;9	;Aumentar por12.5%	;Disminuir por35.7%	;0	; --%	;Disminuir por100.0%	;7	;Aumentar por16.7%	;Disminuir por30.0%	;
1480	;08/01 15:00 - 16:00	;45	;Disminuir por85.9%	;Disminuir por31.8%	;80	;Disminuir por73.2%	;Aumentar por25.0%	;2	; --%	;Sin cambios	;10	;Aumentar por233.3%	;Sin cambios	;0	;Disminuir por100.0%	;Disminuir por100.0%	;16	;Aumentar por300.0%	;Aumentar por14.3%	;
1481	;08/01 16:00 - 17:00	;112	;Disminuir por68.5%	;Aumentar por5.7%	;119	;Disminuir por64.9%	;Aumentar por15.5%	;1	;Sin cambios	;Disminuir por50.0%	;5	;Disminuir por50.0%	;Disminuir por44.4%	;0	; --%	; --%	;11	;Aumentar por57.1%	;Aumentar por22.2%	;
1482	;08/01 17:00 - 18:00	;91	;Disminuir por75.6%	;Aumentar por11.0%	;126	;Disminuir por67.4%	;Aumentar por31.3%	;2	;Aumentar por100.0%	;Sin cambios	;7	;Sin cambios	;Disminuir por46.2%	;2	;Sin cambios	;Sin cambios	;13	;Aumentar por8.3%	;Aumentar por18.2%	;
1483	;08/01 18:00 - 19:00	;129	;Disminuir por64.6%	;Disminuir por30.3%	;139	;Disminuir por64.1%	;Disminuir por35.3%	;1	; --%	; --%	;8	;Aumentar por700.0%	;Disminuir por20.0%	;3	;Aumentar por200.0%	;Disminuir por25.0%	;11	;Aumentar por57.1%	;Aumentar por57.1%	;
1484	;08/01 19:00 - 20:00	;312	;Disminuir por28.9%	;Aumentar por4.7%	;234	;Disminuir por64.5%	;Disminuir por11.7%	;1	;Sin cambios	;Disminuir por66.7%	;7	;Aumentar por250.0%	;Disminuir por36.4%	;3	; --%	;Aumentar por50.0%	;8	;Aumentar por60.0%	;Aumentar por14.3%	;
1485	;08/01 20:00 - 21:00	;314	;Aumentar por61.9%	;Aumentar por3.0%	;452	;Aumentar por86.0%	;Aumentar por12.4%	;1	; --%	; --%	;4	;Aumentar por300.0%	;Aumentar por33.3%	;0	; --%	;Disminuir por100.0%	;4	;Aumentar por33.3%	;Disminuir por20.0%	;
1486	;08/01 21:00 - 22:00	;286	;Aumentar por191.8%	;Aumentar por22.7%	;418	;Aumentar por117.7%	;Aumentar por25.5%	;3	;Aumentar por200.0%	; --%	;3	;Disminuir por40.0%	;Aumentar por50.0%	;1	;Sin cambios	;Sin cambios	;2	;Disminuir por83.3%	;Aumentar por100.0%	;
1487	;08/01 22:00 - 23:00	;277	;Aumentar por339.7%	;Aumentar por22.6%	;408	;Aumentar por248.7%	;Aumentar por16.2%	;0	; --%	; --%	;1	;Disminuir por50.0%	;Sin cambios	;2	; --%	; --%	;3	;Sin cambios	;Sin cambios	;
1488	;08/01 23:00 - 24:00	;206	;Aumentar por267.9%	;Aumentar por30.4%	;391	;Aumentar por276.0%	;Aumentar por47.0%	;0	; --%	;Disminuir por100.0%	;2	;Sin cambios	;Sin cambios	;1	; --%	;Sin cambios	;17	;Aumentar por112.5%	;Aumentar por70.0%	;
1489	;08/02 00:00 - 01:00	;106	;Aumentar por863.6%	;Aumentar por24.7%	;194	;Aumentar por618.5%	;Aumentar por2.6%	;0	; --%	; --%	;5	;Disminuir por28.6%	;Aumentar por150.0%	;0	;Disminuir por100.0%	; --%	;27	;Aumentar por58.8%	;Aumentar por42.1%	;
1490	;08/02 01:00 - 02:00	;38	;Aumentar por1166.7%	;Sin cambios	;58	;Aumentar por544.4%	;Disminuir por10.8%	;0	; --%	; --%	;4	; --%	;Aumentar por33.3%	;0	; --%	; --%	;10	; --%	;Sin cambios	;
1491	;08/02 02:00 - 03:00	;13	;Aumentar por1200.0%	;Aumentar por116.7%	;32	;Aumentar por3100.0%	;Aumentar por100.0%	;0	; --%	; --%	;3	;Aumentar por200.0%	;Aumentar por50.0%	;0	; --%	; --%	;3	; --%	;Disminuir por62.5%	;
1492	;08/02 03:00 - 04:00	;13	;Aumentar por550.0%	;Aumentar por116.7%	;7	;Aumentar por600.0%	; --%	;0	; --%	; --%	;2	; --%	;Sin cambios	;0	; --%	; --%	;1	; --%	; --%	;
1493	;08/02 04:00 - 05:00	;5	; --%	;Disminuir por28.6%	;4	; --%	;Aumentar por300.0%	;0	; --%	; --%	;2	; --%	;Sin cambios	;0	; --%	; --%	;5	; --%	;Aumentar por150.0%	;
1494	;08/02 05:00 - 06:00	;3	; --%	;Aumentar por200.0%	;1	; --%	;Disminuir por75.0%	;0	; --%	; --%	;1	;Sin cambios	; --%	;0	; --%	; --%	;0	; --%	;Disminuir por100.0%	;
1495	;08/02 06:00 - 07:00	;5	;Aumentar por150.0%	;Disminuir por37.5%	;4	;Aumentar por300.0%	;Disminuir por33.3%	;0	; --%	; --%	;0	;Disminuir por100.0%	;Disminuir por100.0%	;0	; --%	; --%	;0	; --%	; --%	;
1496	;08/02 07:00 - 08:00	;5	;Aumentar por150.0%	;Disminuir por50.0%	;4	;Aumentar por100.0%	;Disminuir por66.7%	;0	; --%	; --%	;1	;Disminuir por50.0%	;Disminuir por66.7%	;0	; --%	;Disminuir por100.0%	;0	; --%	;Disminuir por100.0%	;
1497	;08/02 08:00 - 09:00	;27	;Aumentar por35.0%	;Disminuir por43.8%	;35	;Aumentar por25.0%	;Disminuir por7.9%	;0	;Disminuir por100.0%	;Disminuir por100.0%	;3	;Disminuir por75.0%	;Disminuir por78.6%	;0	; --%	;Disminuir por100.0%	;4	; --%	;Disminuir por63.6%	;
1498	;08/02 09:00 - 10:00	;70	;Aumentar por22.8%	;Aumentar por100.0%	;48	;Disminuir por2.0%	;Disminuir por7.7%	;1	;Sin cambios	;Sin cambios	;10	;Disminuir por28.6%	;Disminuir por28.6%	;0	; --%	;Disminuir por100.0%	;10	;Aumentar por150.0%	;Sin cambios	;
1499	;08/02 10:00 - 11:00	;175	;Disminuir por2.2%	;Aumentar por186.9%	;122	;Aumentar por13.0%	;Aumentar por90.6%	;2	; --%	;Aumentar por100.0%	;16	;Aumentar por6.7%	;Disminuir por15.8%	;3	;Aumentar por200.0%	;Aumentar por200.0%	;8	;Aumentar por166.7%	;Disminuir por38.5%	;
1500	;08/02 11:00 - 12:00	;168	;Disminuir por58.7%	;Aumentar por44.8%	;195	;Disminuir por41.4%	;Aumentar por69.6%	;0	;Disminuir por100.0%	; --%	;7	;Disminuir por53.3%	;Disminuir por46.2%	;2	;Aumentar por100.0%	; --%	;8	;Aumentar por166.7%	;Disminuir por20.0%	;
1501	;08/02 12:00 - 13:00	;102	;Disminuir por81.3%	;Aumentar por13.3%	;130	;Disminuir por74.7%	;Aumentar por28.7%	;0	; --%	;Disminuir por100.0%	;14	;Aumentar por133.3%	;Disminuir por6.7%	;3	; --%	;Aumentar por200.0%	;14	;Aumentar por366.7%	;Aumentar por75.0%	;
1502	;08/02 13:00 - 14:00	;85	;Disminuir por79.1%	;Disminuir por8.6%	;117	;Disminuir por72.9%	;Aumentar por56.0%	;2	;Sin cambios	;Aumentar por100.0%	;9	;Disminuir por10.0%	;Aumentar por28.6%	;0	; --%	;Disminuir por100.0%	;10	;Aumentar por25.0%	;Aumentar por42.9%	;
1503	;08/02 14:00 - 15:00	;73	;Disminuir por49.0%	;Aumentar por30.4%	;98	;Disminuir por49.2%	;Disminuir por3.0%	;0	; --%	;Disminuir por100.0%	;8	;Aumentar por100.0%	;Disminuir por46.7%	;0	; --%	;Disminuir por100.0%	;5	;Disminuir por44.4%	;Disminuir por50.0%	;
1504	;08/02 15:00 - 16:00	;75	;Disminuir por47.9%	;Disminuir por15.7%	;108	;Disminuir por51.1%	;Aumentar por33.3%	;3	; --%	; --%	;10	;Aumentar por233.3%	;Aumentar por233.3%	;0	; --%	; --%	;12	;Aumentar por71.4%	;Aumentar por71.4%	;
1505	;08/02 16:00 - 17:00	;79	;Disminuir por66.8%	;Aumentar por25.4%	;132	;Disminuir por45.5%	;Aumentar por22.2%	;0	;Disminuir por100.0%	; --%	;6	;Sin cambios	;Aumentar por20.0%	;1	; --%	;Disminuir por50.0%	;9	;Disminuir por18.2%	;Disminuir por35.7%	;
1506	;08/02 17:00 - 18:00	;112	;Disminuir por56.9%	;Disminuir por4.3%	;117	;Disminuir por53.2%	;Aumentar por12.5%	;4	;Sin cambios	;Aumentar por300.0%	;9	;Sin cambios	;Disminuir por18.2%	;2	;Disminuir por33.3%	;Disminuir por50.0%	;13	;Aumentar por8.3%	;Aumentar por8.3%	;
1507	;08/02 18:00 - 19:00	;99	;Disminuir por74.4%	;Disminuir por45.3%	;128	;Disminuir por56.5%	;Disminuir por21.5%	;0	;Disminuir por100.0%	; --%	;5	;Disminuir por37.5%	;Disminuir por16.7%	;1	;Disminuir por66.7%	; --%	;6	;Disminuir por25.0%	;Aumentar por20.0%	;
1508	;08/02 19:00 - 20:00	;238	;Disminuir por5.6%	;Disminuir por36.0%	;188	;Disminuir por48.5%	;Disminuir por46.7%	;2	;Disminuir por50.0%	;Sin cambios	;6	;Disminuir por45.5%	;Disminuir por14.3%	;2	;Disminuir por50.0%	;Sin cambios	;2	;Disminuir por80.0%	;Disminuir por80.0%	;
1509	;08/02 20:00 - 21:00	;302	;Aumentar por45.9%	;Disminuir por26.9%	;437	;Aumentar por31.6%	;Disminuir por21.1%	;8	; --%	;Aumentar por700.0%	;10	;Aumentar por150.0%	;Aumentar por233.3%	;3	;Aumentar por200.0%	;Aumentar por200.0%	;2	;Disminuir por50.0%	;Aumentar por100.0%	;
1510	;08/02 21:00 - 22:00	;199	;Aumentar por82.6%	;Disminuir por9.5%	;293	;Aumentar por77.6%	;Disminuir por19.3%	;0	; --%	;Disminuir por100.0%	;1	;Disminuir por75.0%	;Disminuir por75.0%	;0	; --%	;Disminuir por100.0%	;9	;Sin cambios	;Aumentar por80.0%	;
1511	;08/02 22:00 - 23:00	;185	;Aumentar por351.2%	;Disminuir por31.7%	;367	;Aumentar por364.6%	;Disminuir por5.4%	;0	; --%	; --%	;1	;Disminuir por75.0%	;Disminuir por50.0%	;3	; --%	; --%	;8	;Aumentar por700.0%	;Aumentar por700.0%	;
1512	;08/02 23:00 - 24:00	;232	;Aumentar por544.4%	;Aumentar por8.9%	;336	;Aumentar por489.5%	;Disminuir por14.9%	;0	;Disminuir por100.0%	; --%	;3	;Aumentar por50.0%	;Aumentar por50.0%	;2	; --%	; --%	;21	;Aumentar por320.0%	;Aumentar por90.9%	;
1513	;08/03 00:00 - 01:00	;61	;Aumentar por771.4%	;Disminuir por29.1%	;139	;Aumentar por456.0%	;Disminuir por31.5%	;0	; --%	;Disminuir por100.0%	;3	;Disminuir por57.1%	;Disminuir por40.0%	;0	; --%	;Disminuir por100.0%	;23	;Aumentar por666.7%	;Aumentar por35.3%	;
1514	;08/03 01:00 - 02:00	;29	;Aumentar por2800.0%	;Disminuir por31.0%	;12	;Aumentar por20.0%	;Disminuir por84.6%	;0	; --%	;Disminuir por100.0%	;2	; --%	;Disminuir por33.3%	;1	; --%	;Sin cambios	;8	;Aumentar por100.0%	;Disminuir por52.9%	;
1515	;08/03 02:00 - 03:00	;9	;Aumentar por350.0%	;Disminuir por52.6%	;8	;Aumentar por166.7%	;Disminuir por61.9%	;0	;Disminuir por100.0%	;Disminuir por100.0%	;1	;Disminuir por66.7%	;Disminuir por66.7%	;0	; --%	; --%	;1	; --%	;Disminuir por50.0%	;
1516	;08/03 03:00 - 04:00	;3	;Disminuir por40.0%	;Disminuir por50.0%	;2	;Sin cambios	;Aumentar por100.0%	;0	; --%	; --%	;0	; --%	;Disminuir por100.0%	;0	; --%	; --%	;2	; --%	; --%	;
1517	;08/03 04:00 - 05:00	;0	; --%	;Disminuir por100.0%	;3	; --%	;Disminuir por25.0%	;0	; --%	; --%	;1	; --%	; --%	;0	; --%	; --%	;2	;Aumentar por100.0%	; --%	;
1518	;08/03 05:00 - 06:00	;0	; --%	;Disminuir por100.0%	;3	; --%	; --%	;0	; --%	;Disminuir por100.0%	;1	; --%	;Disminuir por75.0%	;0	; --%	; --%	;0	; --%	;Disminuir por100.0%	;
1519	;08/03 06:00 - 07:00	;8	;Aumentar por700.0%	;Aumentar por166.7%	;10	;Aumentar por900.0%	;Aumentar por100.0%	;1	; --%	; --%	;2	;Aumentar por100.0%	;Sin cambios	;1	; --%	; --%	;1	; --%	; --%	;
1520	;08/03 07:00 - 08:00	;15	;Aumentar por200.0%	;Aumentar por25.0%	;20	;Aumentar por233.3%	;Aumentar por122.2%	;2	; --%	; --%	;9	;Aumentar por350.0%	;Aumentar por350.0%	;1	;Sin cambios	;Disminuir por50.0%	;4	;Aumentar por300.0%	;Aumentar por100.0%	;
1521	;08/03 08:00 - 09:00	;40	;Aumentar por100.0%	;Aumentar por29.0%	;60	;Aumentar por185.7%	;Aumentar por27.7%	;4	;Aumentar por300.0%	; --%	;20	;Aumentar por81.8%	;Aumentar por300.0%	;2	; --%	;Sin cambios	;18	;Aumentar por500.0%	;Aumentar por200.0%	;
1522	;08/03 09:00 - 10:00	;40	;Aumentar por48.1%	;Disminuir por37.5%	;75	;Aumentar por158.6%	;Aumentar por36.4%	;1	;Sin cambios	; --%	;15	;Aumentar por200.0%	;Aumentar por66.7%	;6	;Aumentar por200.0%	;Aumentar por200.0%	;12	;Aumentar por500.0%	;Aumentar por71.4%	;
1523	;08/03 10:00 - 11:00	;101	;Disminuir por45.1%	;Disminuir por7.3%	;95	;Disminuir por39.1%	;Sin cambios	;3	;Aumentar por200.0%	;Aumentar por200.0%	;31	;Aumentar por210.0%	;Aumentar por181.8%	;2	;Aumentar por100.0%	;Disminuir por33.3%	;12	;Aumentar por140.0%	;Aumentar por50.0%	;
1524	;08/03 11:00 - 12:00	;132	;Disminuir por76.2%	;Disminuir por31.6%	;151	;Disminuir por63.7%	;Disminuir por17.0%	;9	;Aumentar por200.0%	; --%	;35	;Aumentar por9.4%	;Aumentar por337.5%	;2	;Sin cambios	;Disminuir por33.3%	;18	;Aumentar por500.0%	;Aumentar por5.9%	;
1525	;08/03 12:00 - 13:00	;105	;Disminuir por69.2%	;Disminuir por31.4%	;104	;Disminuir por71.6%	;Disminuir por44.1%	;0	;Disminuir por100.0%	;Disminuir por100.0%	;17	;Sin cambios	;Aumentar por70.0%	;3	; --%	;Sin cambios	;12	;Aumentar por500.0%	;Disminuir por45.5%	;
1526	;08/03 13:00 - 14:00	;119	;Disminuir por56.4%	;Aumentar por63.0%	;100	;Disminuir por81.7%	;Disminuir por10.7%	;1	;Disminuir por50.0%	;Sin cambios	;9	;Disminuir por18.2%	;Aumentar por50.0%	;1	;Sin cambios	;Disminuir por66.7%	;9	;Aumentar por200.0%	;Disminuir por40.0%	;
1527	;08/03 14:00 - 15:00	;78	;Aumentar por14.7%	;Aumentar por8.3%	;114	;Aumentar por9.6%	;Aumentar por52.0%	;1	;Sin cambios	; --%	;13	;Aumentar por116.7%	;Aumentar por160.0%	;4	; --%	;Aumentar por300.0%	;13	;Aumentar por8.3%	;Disminuir por18.8%	;
1528	;08/03 15:00 - 16:00	;108	;Aumentar por44.0%	;Aumentar por31.7%	;88	;Disminuir por38.5%	;Disminuir por10.2%	;1	; --%	; --%	;17	;Aumentar por1600.0%	;Aumentar por325.0%	;2	;Aumentar por100.0%	;Aumentar por100.0%	;15	;Aumentar por114.3%	;Aumentar por114.3%	;
1529	;08/03 16:00 - 17:00	;71	;Disminuir por46.2%	;Aumentar por6.0%	;103	;Disminuir por37.2%	;Aumentar por32.1%	;1	; --%	; --%	;12	;Aumentar por50.0%	;Aumentar por300.0%	;3	;Sin cambios	;Aumentar por50.0%	;11	;Aumentar por57.1%	;Aumentar por37.5%	;
1530	;08/03 17:00 - 18:00	;98	;Aumentar por40.0%	;Aumentar por12.6%	;148	;Aumentar por18.4%	;Aumentar por43.7%	;2	;Aumentar por100.0%	;Disminuir por33.3%	;14	;Aumentar por133.3%	;Aumentar por75.0%	;1	; --%	;Disminuir por50.0%	;16	;Aumentar por166.7%	;Aumentar por77.8%	;
1531	;08/03 18:00 - 19:00	;136	;Disminuir por26.9%	;Disminuir por62.0%	;115	;Disminuir por39.5%	;Disminuir por74.0%	;0	; --%	; --%	;5	;Disminuir por28.6%	;Disminuir por16.7%	;5	;Aumentar por400.0%	;Aumentar por150.0%	;6	;Disminuir por25.0%	;Aumentar por50.0%	;
1532	;08/03 19:00 - 20:00	;212	;Aumentar por123.2%	;Disminuir por64.1%	;274	;Aumentar por37.0%	;Disminuir por56.1%	;3	; --%	;Aumentar por50.0%	;10	;Aumentar por400.0%	;Aumentar por150.0%	;3	;Aumentar por200.0%	; --%	;5	;Disminuir por37.5%	;Aumentar por25.0%	;
1533	;08/03 20:00 - 21:00	;237	;Aumentar por415.2%	;Disminuir por68.1%	;317	;Aumentar por328.4%	;Disminuir por68.7%	;1	; --%	;Sin cambios	;6	;Disminuir por45.5%	;Aumentar por200.0%	;0	;Disminuir por100.0%	;Disminuir por100.0%	;5	;Disminuir por28.6%	;Aumentar por66.7%	;
1534	;08/03 21:00 - 22:00	;195	;Aumentar por387.5%	;Disminuir por64.3%	;305	;Aumentar por797.1%	;Disminuir por65.1%	;0	; --%	;Disminuir por100.0%	;2	;Disminuir por75.0%	;Sin cambios	;2	;Aumentar por100.0%	;Aumentar por100.0%	;1	;Disminuir por80.0%	;Disminuir por66.7%	;
1535	;08/03 22:00 - 23:00	;168	;Aumentar por784.2%	;Disminuir por63.9%	;293	;Aumentar por581.4%	;Disminuir por62.0%	;0	; --%	; --%	;4	;Sin cambios	; --%	;4	; --%	;Disminuir por20.0%	;8	;Aumentar por100.0%	;Aumentar por33.3%	;
1536	;08/03 23:00 - 24:00	;119	;Aumentar por1222.2%	;Disminuir por70.0%	;310	;Aumentar por2483.3%	;Disminuir por50.6%	;0	; --%	;Disminuir por100.0%	;4	;Disminuir por33.3%	;Aumentar por100.0%	;2	; --%	; --%	;24	;Aumentar por380.0%	;Aumentar por242.9%	;
1537	;08/04 00:00 - 01:00	;51	;Aumentar por5000.0%	;Disminuir por75.7%	;90	; --%	;Disminuir por65.8%	;0	; --%	; --%	;1	;Sin cambios	;Sin cambios	;1	; --%	;Disminuir por66.7%	;22	;Aumentar por2100.0%	;Aumentar por144.4%	;
1538	;08/04 01:00 - 02:00	;27	;Aumentar por800.0%	;Disminuir por18.2%	;23	;Aumentar por2200.0%	;Disminuir por65.2%	;2	; --%	; --%	;4	; --%	;Aumentar por100.0%	;1	; --%	; --%	;2	; --%	;Disminuir por75.0%	;
1539	;08/04 02:00 - 03:00	;6	; --%	;Disminuir por80.0%	;2	; --%	;Disminuir por92.0%	;1	; --%	; --%	;2	;Aumentar por100.0%	; --%	;0	; --%	;Disminuir por100.0%	;1	; --%	;Disminuir por66.7%	;
1540	;08/04 03:00 - 04:00	;1	; --%	;Disminuir por90.9%	;0	; --%	;Disminuir por100.0%	;0	; --%	;Disminuir por100.0%	;0	; --%	;Disminuir por100.0%	;0	; --%	; --%	;0	; --%	; --%	;
1541	;08/04 04:00 - 05:00	;0	; --%	;Disminuir por100.0%	;0	; --%	;Disminuir por100.0%	;0	; --%	; --%	;0	; --%	;Disminuir por100.0%	;0	; --%	; --%	;1	;Sin cambios	;Sin cambios	;
1542	;08/04 05:00 - 06:00	;1	;Sin cambios	; --%	;2	;Disminuir por33.3%	;Aumentar por100.0%	;0	; --%	; --%	;1	; --%	; --%	;0	; --%	; --%	;1	; --%	; --%	;
1543	;08/04 06:00 - 07:00	;6	;Sin cambios	;Disminuir por53.8%	;7	;Disminuir por12.5%	;Disminuir por30.0%	;0	; --%	;Disminuir por100.0%	;1	; --%	;Disminuir por80.0%	;0	; --%	;Disminuir por100.0%	;2	;Aumentar por100.0%	;Disminuir por66.7%	;
1544	;08/04 07:00 - 08:00	;10	;Aumentar por42.9%	;Disminuir por28.6%	;22	;Aumentar por22.2%	;Aumentar por57.1%	;2	;Sin cambios	;Aumentar por100.0%	;11	;Aumentar por83.3%	;Aumentar por10.0%	;2	; --%	;Sin cambios	;6	;Aumentar por200.0%	;Aumentar por200.0%	;
1545	;08/04 08:00 - 09:00	;32	;Aumentar por540.0%	;Aumentar por113.3%	;45	;Aumentar por55.2%	;Aumentar por2.3%	;7	;Aumentar por250.0%	;Aumentar por75.0%	;18	;Sin cambios	;Sin cambios	;3	; --%	;Aumentar por50.0%	;7	;Aumentar por600.0%	;Disminuir por30.0%	;
1546	;08/04 09:00 - 10:00	;53	;Aumentar por341.7%	;Aumentar por15.2%	;79	;Aumentar por464.3%	;Disminuir por1.3%	;0	;Disminuir por100.0%	;Disminuir por100.0%	;17	;Sin cambios	;Disminuir por10.5%	;6	; --%	;Aumentar por500.0%	;13	;Aumentar por550.0%	;Aumentar por30.0%	;
1547	;08/04 10:00 - 11:00	;150	;Aumentar por89.9%	;Aumentar por45.6%	;137	;Aumentar por42.7%	;Aumentar por153.7%	;4	;Disminuir por33.3%	;Disminuir por20.0%	;25	;Aumentar por4.2%	;Aumentar por8.7%	;1	; --%	;Sin cambios	;10	;Aumentar por233.3%	;Sin cambios	;
1548	;08/04 11:00 - 12:00	;176	;Aumentar por208.8%	;Aumentar por38.6%	;166	;Aumentar por219.2%	;Aumentar por24.8%	;3	;Aumentar por200.0%	;Disminuir por40.0%	;27	;Aumentar por50.0%	;Aumentar por22.7%	;3	; --%	;Aumentar por200.0%	;13	;Aumentar por333.3%	;Disminuir por13.3%	;
1549	;08/04 12:00 - 13:00	;86	;Aumentar por100.0%	;Disminuir por50.6%	;122	;Aumentar por221.1%	;Disminuir por24.2%	;5	;Aumentar por25.0%	; --%	;24	;Aumentar por4.3%	;Aumentar por71.4%	;2	; --%	; --%	;17	;Aumentar por750.0%	;Aumentar por30.8%	;
1550	;08/04 13:00 - 14:00	;76	;Aumentar por55.1%	;Disminuir por33.3%	;105	;Aumentar por138.6%	;Aumentar por45.8%	;4	;Aumentar por300.0%	;Sin cambios	;17	;Aumentar por88.9%	;Disminuir por19.0%	;4	; --%	; --%	;12	;Aumentar por300.0%	;Disminuir por7.7%	;
1551	;08/04 14:00 - 15:00	;73	;Aumentar por7.4%	;Aumentar por4.3%	;94	;Aumentar por20.5%	;Disminuir por13.8%	;2	;Aumentar por100.0%	;Disminuir por50.0%	;12	;Disminuir por42.9%	;Disminuir por29.4%	;3	;Aumentar por50.0%	;Aumentar por200.0%	;10	;Aumentar por100.0%	;Aumentar por150.0%	;
1552	;08/04 15:00 - 16:00	;123	;Aumentar por156.3%	;Aumentar por39.8%	;155	;Aumentar por297.4%	;Aumentar por42.2%	;3	;Aumentar por200.0%	;Sin cambios	;13	;Sin cambios	;Disminuir por13.3%	;0	;Disminuir por100.0%	;Disminuir por100.0%	;12	;Aumentar por33.3%	;Disminuir por29.4%	;
1553	;08/04 16:00 - 17:00	;51	;Disminuir por17.7%	;Disminuir por29.2%	;86	;Aumentar por30.3%	;Disminuir por34.4%	;0	;Disminuir por100.0%	; --%	;10	;Disminuir por28.6%	;Sin cambios	;2	; --%	; --%	;13	;Aumentar por18.2%	;Aumentar por8.3%	;
1554	;08/04 17:00 - 18:00	;92	;Aumentar por95.7%	;Aumentar por37.3%	;93	;Aumentar por34.8%	;Aumentar por25.7%	;2	;Aumentar por100.0%	; --%	;9	;Disminuir por47.1%	;Aumentar por12.5%	;2	;Aumentar por100.0%	;Disminuir por33.3%	;15	;Aumentar por200.0%	;Aumentar por25.0%	;
1555	;08/04 18:00 - 19:00	;150	;Aumentar por455.6%	;Disminuir por21.9%	;165	;Aumentar por400.0%	;Disminuir por13.2%	;0	; --%	;Disminuir por100.0%	;8	;Disminuir por20.0%	;Disminuir por27.3%	;1	; --%	;Sin cambios	;9	;Aumentar por350.0%	;Aumentar por28.6%	;
1556	;08/04 19:00 - 20:00	;210	;Aumentar por900.0%	;Aumentar por2.4%	;197	;Aumentar por447.2%	;Disminuir por2.0%	;0	;Disminuir por100.0%	;Disminuir por100.0%	;7	;Disminuir por12.5%	;Disminuir por12.5%	;3	; --%	;Aumentar por200.0%	;6	;Aumentar por50.0%	;Disminuir por50.0%	;
1557	;08/04 20:00 - 21:00	;306	;Aumentar por2960.0%	;Aumentar por22.4%	;364	;Aumentar por2326.7%	;Aumentar por10.3%	;4	; --%	;Aumentar por300.0%	;7	;Sin cambios	;Aumentar por75.0%	;0	; --%	;Disminuir por100.0%	;7	;Aumentar por250.0%	;Aumentar por75.0%	;
1558	;08/04 21:00 - 22:00	;280	;Aumentar por2053.8%	;Aumentar por32.7%	;368	;Aumentar por1500.0%	;Disminuir por12.8%	;0	; --%	;Disminuir por100.0%	;0	;Disminuir por100.0%	;Disminuir por100.0%	;1	; --%	;Sin cambios	;4	;Aumentar por300.0%	;Disminuir por60.0%	;
1559	;08/04 22:00 - 23:00	;230	;Aumentar por1669.2%	;Aumentar por19.8%	;314	;Aumentar por3825.0%	;Aumentar por1.9%	;2	; --%	; --%	;2	;Disminuir por50.0%	; --%	;0	; --%	; --%	;3	;Aumentar por50.0%	;Sin cambios	;
1560	;08/04 23:00 - 24:00	;219	;Aumentar por10850.0%	;Disminuir por6.0%	;346	;Aumentar por11433.3%	;Disminuir por0.9%	;0	; --%	; --%	;4	;Aumentar por300.0%	;Aumentar por300.0%	;3	; --%	;Aumentar por200.0%	;20	; --%	;Aumentar por33.3%	;
1561	;08/05 00:00 - 01:00	;76	;Aumentar por3700.0%	;Disminuir por30.9%	;166	; --%	;Disminuir por30.8%	;0	; --%	; --%	;2	;Aumentar por100.0%	;Sin cambios	;1	; --%	;Sin cambios	;22	;Aumentar por2100.0%	;Aumentar por10.0%	;
1562	;08/05 01:00 - 02:00	;9	;Aumentar por200.0%	;Disminuir por73.5%	;25	; --%	;Disminuir por65.3%	;1	; --%	; --%	;2	;Aumentar por100.0%	;Aumentar por100.0%	;0	; --%	;Disminuir por100.0%	;12	; --%	;Aumentar por50.0%	;
1563	;08/05 02:00 - 03:00	;21	;Aumentar por2000.0%	;Aumentar por200.0%	;26	;Aumentar por2500.0%	;Aumentar por136.4%	;0	; --%	; --%	;2	; --%	;Disminuir por33.3%	;0	; --%	; --%	;4	; --%	;Aumentar por300.0%	;
1564	;08/05 03:00 - 04:00	;1	; --%	;Disminuir por66.7%	;7	; --%	;Aumentar por250.0%	;0	; --%	; --%	;0	; --%	;Disminuir por100.0%	;0	; --%	; --%	;2	; --%	; --%	;
1565	;08/05 04:00 - 05:00	;1	; --%	;Disminuir por50.0%	;3	;Aumentar por200.0%	;Aumentar por50.0%	;0	; --%	; --%	;2	; --%	; --%	;0	; --%	; --%	;2	; --%	; --%	;
1566	;08/05 05:00 - 06:00	;0	; --%	; --%	;5	;Aumentar por150.0%	;Aumentar por150.0%	;0	; --%	; --%	;1	; --%	; --%	;0	; --%	; --%	;3	; --%	; --%	;
1567	;08/05 06:00 - 07:00	;5	;Aumentar por400.0%	;Aumentar por400.0%	;11	;Aumentar por175.0%	;Aumentar por450.0%	;1	; --%	;Sin cambios	;5	;Aumentar por400.0%	;Aumentar por400.0%	;0	; --%	; --%	;2	;Aumentar por100.0%	;Aumentar por100.0%	;
1568	;08/05 07:00 - 08:00	;14	;Aumentar por75.0%	;Aumentar por55.6%	;23	;Aumentar por21.1%	;Aumentar por35.3%	;2	;Sin cambios	;Aumentar por100.0%	;8	;Sin cambios	;Aumentar por33.3%	;0	; --%	;Disminuir por100.0%	;3	;Aumentar por50.0%	;Disminuir por62.5%	;
1569	;08/05 08:00 - 09:00	;17	;Aumentar por112.5%	;Disminuir por60.5%	;45	;Aumentar por45.2%	;Disminuir por23.7%	;3	;Sin cambios	;Aumentar por50.0%	;14	;Disminuir por6.7%	;Disminuir por30.0%	;2	;Aumentar por100.0%	;Disminuir por66.7%	;13	;Aumentar por333.3%	;Sin cambios	;
1570	;08/05 09:00 - 10:00	;51	;Aumentar por240.0%	;Disminuir por20.3%	;80	;Aumentar por344.4%	;Aumentar por3.9%	;1	;Sin cambios	;Disminuir por80.0%	;14	;Disminuir por6.7%	;Disminuir por39.1%	;5	;Aumentar por150.0%	;Disminuir por61.5%	;16	;Aumentar por166.7%	;Disminuir por5.9%	;
1571	;08/05 10:00 - 11:00	;173	;Aumentar por58.7%	;Disminuir por1.1%	;138	;Aumentar por76.9%	;Aumentar por72.5%	;5	;Aumentar por66.7%	;Aumentar por25.0%	;25	;Disminuir por19.4%	;Aumentar por4.2%	;5	;Aumentar por400.0%	; --%	;12	;Aumentar por200.0%	;Aumentar por71.4%	;
1572	;08/05 11:00 - 12:00	;195	;Aumentar por35.4%	;Aumentar por18.2%	;153	;Aumentar por44.3%	;Disminuir por5.6%	;5	; --%	;Sin cambios	;32	;Aumentar por28.0%	;Disminuir por5.9%	;3	;Aumentar por50.0%	;Disminuir por40.0%	;15	;Aumentar por50.0%	;Aumentar por15.4%	;
1573	;08/05 12:00 - 13:00	;137	;Aumentar por67.1%	;Disminuir por7.4%	;150	;Aumentar por15.4%	;Disminuir por7.4%	;3	;Aumentar por200.0%	;Aumentar por50.0%	;34	;Aumentar por78.9%	;Aumentar por142.9%	;1	;Disminuir por85.7%	;Sin cambios	;9	;Sin cambios	;Aumentar por12.5%	;
1574	;08/05 13:00 - 14:00	;58	;Aumentar por41.5%	;Disminuir por38.9%	;115	;Aumentar por76.9%	;Aumentar por16.2%	;3	;Aumentar por50.0%	;Aumentar por50.0%	;17	;Disminuir por32.0%	;Aumentar por41.7%	;3	; --%	;Disminuir por25.0%	;18	;Aumentar por200.0%	;Aumentar por125.0%	;
1575	;08/05 14:00 - 15:00	;98	;Aumentar por164.9%	;Aumentar por172.2%	;121	;Aumentar por175.0%	;Aumentar por290.3%	;6	; --%	; --%	;22	;Aumentar por57.1%	;Aumentar por214.3%	;3	; --%	;Aumentar por200.0%	;13	;Aumentar por225.0%	;Aumentar por30.0%	;
1576	;08/05 15:00 - 16:00	;107	;Aumentar por148.8%	;Aumentar por33.8%	;141	;Aumentar por135.0%	;Aumentar por17.5%	;3	;Aumentar por50.0%	;Disminuir por40.0%	;13	;Sin cambios	;Disminuir por23.5%	;0	; --%	; --%	;8	;Sin cambios	;Disminuir por33.3%	;
1577	;08/05 16:00 - 17:00	;97	;Aumentar por86.5%	;Aumentar por2.1%	;126	;Aumentar por103.2%	;Aumentar por23.5%	;2	;Sin cambios	; --%	;15	;Aumentar por15.4%	;Aumentar por50.0%	;2	; --%	;Disminuir por33.3%	;13	;Aumentar por116.7%	;Sin cambios	;
1578	;08/05 17:00 - 18:00	;105	;Aumentar por101.9%	;Aumentar por19.3%	;107	;Aumentar por50.7%	;Aumentar por0.9%	;2	; --%	;Aumentar por100.0%	;11	;Aumentar por37.5%	;Disminuir por15.4%	;4	; --%	;Aumentar por300.0%	;9	;Aumentar por125.0%	;Disminuir por40.0%	;
1579	;08/05 18:00 - 19:00	;135	;Aumentar por114.3%	;Disminuir por27.0%	;164	;Aumentar por331.6%	;Aumentar por10.8%	;0	; --%	;Disminuir por100.0%	;9	;Disminuir por30.8%	;Disminuir por10.0%	;1	; --%	;Disminuir por75.0%	;14	;Aumentar por100.0%	;Aumentar por55.6%	;
1580	;08/05 19:00 - 20:00	;206	;Aumentar por984.2%	;Disminuir por28.5%	;189	;Aumentar por237.5%	;Disminuir por30.3%	;0	; --%	;Disminuir por100.0%	;4	;Disminuir por71.4%	;Disminuir por33.3%	;5	; --%	;Aumentar por150.0%	;13	;Aumentar por333.3%	;Aumentar por116.7%	;
1581	;08/05 20:00 - 21:00	;327	;Aumentar por10800.0%	;Aumentar por8.6%	;387	;Aumentar por1742.9%	;Aumentar por4.3%	;2	;Aumentar por100.0%	;Aumentar por100.0%	;6	;Disminuir por53.8%	;Aumentar por200.0%	;1	; --%	;Sin cambios	;7	;Aumentar por250.0%	;Aumentar por16.7%	;
1582	;08/05 21:00 - 22:00	;361	;Aumentar por2306.7%	;Aumentar por8.4%	;433	;Aumentar por3836.4%	;Aumentar por4.6%	;1	;Sin cambios	; --%	;1	;Disminuir por85.7%	; --%	;2	; --%	; --%	;5	;Aumentar por25.0%	;Disminuir por28.6%	;
1583	;08/05 22:00 - 23:00	;270	;Aumentar por8900.0%	;Disminuir por10.3%	;374	;Aumentar por18600.0%	;Disminuir por7.9%	;0	; --%	; --%	;1	;Disminuir por50.0%	; --%	;2	; --%	; --%	;5	; --%	;Aumentar por66.7%	;
1584	;08/05 23:00 - 24:00	;296	;Aumentar por7300.0%	;Aumentar por30.4%	;435	;Aumentar por21650.0%	;Aumentar por3.1%	;0	; --%	; --%	;1	;Sin cambios	; --%	;2	; --%	;Aumentar por100.0%	;14	; --%	;Aumentar por75.0%	;
1585	;08/06 00:00 - 01:00	;66	;Aumentar por6500.0%	;Disminuir por33.3%	;189	;Aumentar por18800.0%	;Disminuir por6.0%	;0	;Disminuir por100.0%	; --%	;3	;Disminuir por25.0%	;Aumentar por50.0%	;0	; --%	;Disminuir por100.0%	;17	;Aumentar por1600.0%	;Disminuir por19.0%	;
1586	;08/06 01:00 - 02:00	;15	;Aumentar por1400.0%	;Disminuir por16.7%	;44	; --%	;Disminuir por27.9%	;2	; --%	; --%	;4	; --%	;Aumentar por300.0%	;0	;Disminuir por100.0%	;Disminuir por100.0%	;14	; --%	;Aumentar por7.7%	;
1587	;08/06 02:00 - 03:00	;13	;Aumentar por550.0%	;Aumentar por8.3%	;7	;Aumentar por250.0%	;Disminuir por12.5%	;0	; --%	; --%	;1	; --%	; --%	;0	; --%	;Disminuir por100.0%	;0	; --%	;Disminuir por100.0%	;
1588	;08/06 03:00 - 04:00	;2	;Aumentar por100.0%	;Sin cambios	;2	; --%	;Aumentar por100.0%	;0	; --%	;Disminuir por100.0%	;0	; --%	;Disminuir por100.0%	;0	; --%	; --%	;1	; --%	; --%	;
1589	;08/06 04:00 - 05:00	;1	; --%	;Disminuir por50.0%	;5	; --%	;Sin cambios	;0	; --%	; --%	;0	; --%	;Disminuir por100.0%	;0	; --%	; --%	;1	; --%	; --%	;
1590	;08/06 05:00 - 06:00	;0	; --%	; --%	;1	;Sin cambios	;Disminuir por66.7%	;0	; --%	; --%	;0	; --%	;Disminuir por100.0%	;0	; --%	; --%	;0	; --%	; --%	;
1591	;08/06 06:00 - 07:00	;3	;Aumentar por200.0%	;Disminuir por40.0%	;6	;Aumentar por100.0%	;Aumentar por20.0%	;0	; --%	; --%	;0	;Disminuir por100.0%	;Disminuir por100.0%	;0	; --%	; --%	;3	; --%	; --%	;
1592	;08/06 07:00 - 08:00	;12	;Aumentar por100.0%	;Disminuir por33.3%	;18	;Aumentar por28.6%	;Disminuir por18.2%	;2	;Disminuir por33.3%	;Disminuir por50.0%	;8	;Sin cambios	;Disminuir por38.5%	;1	;Sin cambios	;Sin cambios	;5	;Aumentar por400.0%	;Aumentar por66.7%	;
1593	;08/06 08:00 - 09:00	;34	;Aumentar por209.1%	;Aumentar por30.8%	;54	;Aumentar por50.0%	;Aumentar por45.9%	;4	;Aumentar por33.3%	;Aumentar por300.0%	;20	;Disminuir por4.8%	;Aumentar por11.1%	;2	;Aumentar por100.0%	;Disminuir por33.3%	;12	;Aumentar por200.0%	;Aumentar por100.0%	;
1594	;08/06 09:00 - 10:00	;68	;Aumentar por65.9%	;Disminuir por4.2%	;79	;Aumentar por315.8%	;Disminuir por3.7%	;1	; --%	;Disminuir por66.7%	;15	;Disminuir por16.7%	;Disminuir por21.1%	;5	;Aumentar por25.0%	;Aumentar por66.7%	;11	;Sin cambios	;Aumentar por37.5%	;
1595	;08/06 10:00 - 11:00	;162	;Aumentar por141.8%	;Disminuir por5.8%	;142	;Aumentar por163.0%	;Aumentar por13.6%	;2	;Disminuir por33.3%	;Aumentar por100.0%	;35	;Aumentar por75.0%	;Aumentar por94.4%	;5	;Aumentar por400.0%	;Aumentar por66.7%	;20	;Aumentar por233.3%	;Aumentar por53.8%	;
1596	;08/06 11:00 - 12:00	;213	;Aumentar por159.8%	;Aumentar por10.4%	;180	;Aumentar por172.7%	;Aumentar por11.1%	;6	;Aumentar por20.0%	;Aumentar por50.0%	;28	;Disminuir por15.2%	;Disminuir por3.4%	;2	; --%	;Sin cambios	;14	;Aumentar por366.7%	;Disminuir por6.7%	;
1597	;08/06 12:00 - 13:00	;120	;Aumentar por55.8%	;Disminuir por30.6%	;180	;Aumentar por106.9%	;Disminuir por12.2%	;0	;Disminuir por100.0%	;Disminuir por100.0%	;15	;Disminuir por34.8%	;Aumentar por25.0%	;3	;Aumentar por50.0%	;Disminuir por25.0%	;24	;Aumentar por242.9%	;Aumentar por100.0%	;
1598	;08/06 13:00 - 14:00	;80	;Aumentar por66.7%	;Disminuir por38.0%	;101	;Aumentar por18.8%	;Disminuir por15.1%	;4	;Aumentar por300.0%	;Aumentar por100.0%	;18	;Aumentar por12.5%	;Aumentar por5.9%	;5	; --%	;Aumentar por400.0%	;22	;Aumentar por450.0%	;Aumentar por120.0%	;
1599	;08/06 14:00 - 15:00	;88	;Aumentar por183.9%	;Disminuir por2.2%	;82	;Aumentar por67.3%	;Disminuir por8.9%	;1	;Sin cambios	; --%	;15	;Disminuir por6.3%	;Aumentar por50.0%	;4	;Aumentar por100.0%	; --%	;16	;Aumentar por166.7%	;Aumentar por166.7%	;
1600	;08/06 15:00 - 16:00	;67	;Aumentar por11.7%	;Disminuir por32.3%	;82	;Aumentar por54.7%	;Disminuir por21.9%	;1	;Disminuir por80.0%	;Disminuir por83.3%	;8	;Disminuir por57.9%	;Disminuir por61.9%	;0	;Disminuir por100.0%	;Disminuir por100.0%	;9	;Aumentar por80.0%	;Disminuir por18.2%	;
1601	;08/06 16:00 - 17:00	;51	;Disminuir por5.6%	;Disminuir por48.0%	;98	;Aumentar por34.2%	;Disminuir por21.6%	;2	;Aumentar por100.0%	;Aumentar por100.0%	;12	;Aumentar por9.1%	;Aumentar por9.1%	;1	;Disminuir por50.0%	;Disminuir por50.0%	;16	;Aumentar por128.6%	;Aumentar por77.8%	;
1602	;08/06 17:00 - 18:00	;67	;Disminuir por13.0%	;Disminuir por29.5%	;110	;Aumentar por52.8%	;Disminuir por1.8%	;1	;Sin cambios	;Disminuir por75.0%	;6	;Disminuir por40.0%	;Disminuir por40.0%	;5	; --%	;Disminuir por28.6%	;17	;Aumentar por240.0%	;Aumentar por54.5%	;
1603	;08/06 18:00 - 19:00	;120	;Aumentar por10.1%	;Disminuir por42.6%	;127	;Aumentar por35.1%	;Disminuir por19.6%	;0	;Disminuir por100.0%	;Disminuir por100.0%	;6	;Disminuir por60.0%	;Disminuir por33.3%	;5	;Aumentar por150.0%	;Aumentar por400.0%	;9	;Aumentar por125.0%	;Aumentar por80.0%	;
1604	;08/06 19:00 - 20:00	;272	;Aumentar por385.7%	;Disminuir por23.8%	;255	;Aumentar por116.1%	;Disminuir por9.3%	;3	;Aumentar por50.0%	; --%	;9	;Disminuir por40.0%	;Aumentar por200.0%	;4	;Aumentar por100.0%	;Disminuir por63.6%	;8	;Disminuir por38.5%	;Disminuir por33.3%	;
1605	;08/06 20:00 - 21:00	;375	;Aumentar por814.6%	;Disminuir por3.4%	;498	;Aumentar por555.3%	;Aumentar por12.7%	;3	; --%	; --%	;6	;Disminuir por14.3%	;Aumentar por100.0%	;0	; --%	;Disminuir por100.0%	;5	;Disminuir por16.7%	;Disminuir por50.0%	;
1606	;08/06 21:00 - 22:00	;266	;Aumentar por786.7%	;Disminuir por28.3%	;388	;Aumentar por802.3%	;Disminuir por18.5%	;1	;Sin cambios	;Sin cambios	;2	;Disminuir por71.4%	;Sin cambios	;0	; --%	; --%	;3	;Aumentar por50.0%	;Disminuir por62.5%	;
1607	;08/06 22:00 - 23:00	;305	;Aumentar por3288.9%	;Aumentar por4.8%	;376	;Aumentar por2250.0%	;Aumentar por3.3%	;0	;Disminuir por100.0%	; --%	;1	;Disminuir por80.0%	; --%	;3	; --%	; --%	;4	;Sin cambios	;Disminuir por20.0%	;
1608	;08/06 23:00 - 24:00	;213	;Aumentar por1675.0%	;Aumentar por7.0%	;357	;Aumentar por5000.0%	;Aumentar por12.3%	;0	; --%	; --%	;1	;Disminuir por50.0%	;Sin cambios	;1	; --%	;Sin cambios	;13	;Aumentar por1200.0%	;Aumentar por44.4%	;
1609	;08/07 00:00 - 01:00	;79	;Aumentar por1875.0%	;Disminuir por31.3%	;176	;Aumentar por8700.0%	;Aumentar por6.0%	;0	; --%	; --%	;3	; --%	;Sin cambios	;0	; --%	;Disminuir por100.0%	;32	; --%	;Aumentar por45.5%	;
1610	;08/07 01:00 - 02:00	;21	; --%	;Disminuir por47.5%	;51	; --%	;Disminuir por20.3%	;2	; --%	; --%	;3	; --%	;Aumentar por200.0%	;2	; --%	;Aumentar por100.0%	;10	; --%	;Disminuir por28.6%	;
1611	;08/07 02:00 - 03:00	;2	;Sin cambios	;Disminuir por81.8%	;5	;Aumentar por400.0%	;Disminuir por64.3%	;0	; --%	; --%	;1	; --%	; --%	;0	; --%	; --%	;1	; --%	;Disminuir por75.0%	;
1612	;08/07 03:00 - 04:00	;4	; --%	;Aumentar por33.3%	;6	; --%	;Aumentar por200.0%	;0	; --%	; --%	;0	; --%	; --%	;0	; --%	;Disminuir por100.0%	;0	;Disminuir por100.0%	; --%	;
1613	;08/07 04:00 - 05:00	;5	; --%	;Aumentar por66.7%	;8	; --%	;Aumentar por300.0%	;3	; --%	; --%	;3	; --%	; --%	;0	; --%	; --%	;2	; --%	; --%	;
1614	;08/07 05:00 - 06:00	;0	; --%	;Disminuir por100.0%	;2	;Aumentar por100.0%	;Disminuir por66.7%	;0	; --%	; --%	;1	; --%	;Sin cambios	;0	; --%	; --%	;1	; --%	;Disminuir por66.7%	;
1615	;08/07 06:00 - 07:00	;2	;Disminuir por50.0%	;Disminuir por75.0%	;3	;Disminuir por40.0%	;Disminuir por72.7%	;1	;Disminuir por50.0%	;Disminuir por66.7%	;4	;Aumentar por33.3%	;Aumentar por33.3%	;0	; --%	; --%	;3	;Aumentar por200.0%	; --%	;
1616	;08/07 07:00 - 08:00	;14	;Aumentar por600.0%	;Disminuir por12.5%	;27	;Aumentar por92.9%	;Aumentar por8.0%	;2	;Aumentar por100.0%	;Sin cambios	;12	;Aumentar por71.4%	;Aumentar por50.0%	;2	; --%	; --%	;8	;Aumentar por166.7%	;Aumentar por700.0%	;
1617	;08/07 08:00 - 09:00	;30	;Aumentar por76.5%	;Disminuir por9.1%	;58	;Aumentar por56.8%	;Aumentar por3.6%	;6	;Aumentar por100.0%	;Aumentar por100.0%	;30	;Aumentar por11.1%	;Aumentar por66.7%	;1	;Disminuir por50.0%	; --%	;8	;Disminuir por11.1%	;Disminuir por20.0%	;
1618	;08/07 09:00 - 10:00	;58	;Aumentar por16.0%	;Disminuir por22.7%	;69	;Aumentar por81.6%	;Disminuir por13.8%	;2	; --%	;Disminuir por50.0%	;19	;Aumentar por26.7%	;Aumentar por11.8%	;3	;Sin cambios	;Aumentar por50.0%	;10	;Aumentar por42.9%	;Aumentar por11.1%	;
1619	;08/07 10:00 - 11:00	;161	;Aumentar por59.4%	;Aumentar por46.4%	;138	;Aumentar por55.1%	;Aumentar por35.3%	;0	;Disminuir por100.0%	;Disminuir por100.0%	;26	;Aumentar por52.9%	;Disminuir por10.3%	;3	;Aumentar por50.0%	;Disminuir por40.0%	;14	;Aumentar por27.3%	;Aumentar por27.3%	;
1620	;08/07 11:00 - 12:00	;134	;Aumentar por6.3%	;Disminuir por45.3%	;150	;Aumentar por80.7%	;Disminuir por25.7%	;3	;Sin cambios	;Aumentar por50.0%	;31	;Aumentar por24.0%	;Aumentar por34.8%	;1	; --%	;Disminuir por66.7%	;12	;Aumentar por500.0%	;Disminuir por20.0%	;
1621	;08/07 12:00 - 13:00	;107	;Aumentar por27.4%	;Disminuir por15.1%	;89	;Disminuir por5.3%	;Disminuir por39.9%	;12	;Aumentar por300.0%	;Aumentar por100.0%	;25	;Aumentar por31.6%	;Aumentar por25.0%	;1	;Sin cambios	;Sin cambios	;5	;Disminuir por16.7%	;Disminuir por58.3%	;
1622	;08/07 13:00 - 14:00	;76	;Aumentar por72.7%	;Disminuir por18.3%	;112	;Aumentar por77.8%	;Aumentar por14.3%	;3	; --%	;Disminuir por57.1%	;18	;Aumentar por100.0%	;Disminuir por14.3%	;2	;Aumentar por100.0%	;Aumentar por100.0%	;14	;Aumentar por180.0%	;Sin cambios	;
1623	;08/07 14:00 - 15:00	;93	;Aumentar por14.8%	;Aumentar por10.7%	;148	;Aumentar por35.8%	;Aumentar por39.6%	;2	;Sin cambios	; --%	;17	;Aumentar por6.3%	;Aumentar por30.8%	;2	;Aumentar por100.0%	;Aumentar por100.0%	;6	;Aumentar por100.0%	;Disminuir por25.0%	;
1624	;08/07 15:00 - 16:00	;94	;Aumentar por74.1%	;Disminuir por13.0%	;154	;Aumentar por73.0%	;Aumentar por25.2%	;5	;Aumentar por150.0%	; --%	;16	;Aumentar por45.5%	;Aumentar por128.6%	;0	;Disminuir por100.0%	;Disminuir por100.0%	;10	;Aumentar por42.9%	;Disminuir por9.1%	;
1625	;08/07 16:00 - 17:00	;90	;Aumentar por119.5%	;Aumentar por73.1%	;98	;Aumentar por71.9%	;Disminuir por10.1%	;2	; --%	;Sin cambios	;12	;Disminuir por29.4%	;Aumentar por9.1%	;4	; --%	; --%	;16	;Aumentar por433.3%	;Aumentar por23.1%	;
1626	;08/07 17:00 - 18:00	;106	;Disminuir por0.9%	;Aumentar por24.7%	;128	;Aumentar por19.6%	;Aumentar por37.6%	;0	;Disminuir por100.0%	; --%	;7	;Disminuir por22.2%	;Disminuir por12.5%	;0	;Disminuir por100.0%	;Disminuir por100.0%	;10	;Aumentar por11.1%	;Disminuir por9.1%	;
1627	;08/07 18:00 - 19:00	;133	;Aumentar por46.2%	;Disminuir por17.9%	;123	;Aumentar por44.7%	;Disminuir por16.9%	;4	; --%	;Aumentar por100.0%	;12	;Disminuir por7.7%	;Aumentar por71.4%	;2	; --%	;Sin cambios	;8	;Aumentar por14.3%	;Disminuir por11.1%	;
1628	;08/07 19:00 - 20:00	;214	;Aumentar por151.8%	;Disminuir por20.7%	;222	;Aumentar por101.8%	;Disminuir por20.4%	;0	;Disminuir por100.0%	;Disminuir por100.0%	;5	;Disminuir por58.3%	;Aumentar por25.0%	;1	; --%	;Disminuir por50.0%	;4	;Aumentar por33.3%	;Disminuir por42.9%	;
1629	;08/07 20:00 - 21:00	;196	;Aumentar por366.7%	;Disminuir por42.0%	;278	;Aumentar por341.3%	;Disminuir por30.0%	;2	; --%	;Aumentar por100.0%	;4	;Disminuir por55.6%	;Aumentar por33.3%	;1	;Sin cambios	; --%	;5	;Disminuir por37.5%	;Aumentar por150.0%	;
1630	;08/07 21:00 - 22:00	;197	;Aumentar por1690.9%	;Disminuir por25.9%	;261	;Aumentar por1350.0%	;Disminuir por34.9%	;0	;Disminuir por100.0%	;Disminuir por100.0%	;1	;Disminuir por87.5%	;Sin cambios	;1	; --%	;Disminuir por50.0%	;10	;Aumentar por25.0%	;Aumentar por66.7%	;
1631	;08/07 22:00 - 23:00	;222	;Aumentar por2120.0%	;Disminuir por27.2%	;283	;Aumentar por3437.5%	;Disminuir por33.3%	;0	; --%	; --%	;2	;Sin cambios	; --%	;2	; --%	; --%	;2	;Sin cambios	;Disminuir por50.0%	;
1632	;08/07 23:00 - 24:00	;212	;Aumentar por3433.3%	;Disminuir por14.5%	;336	;Aumentar por3260.0%	;Disminuir por7.4%	;0	; --%	; --%	;2	;Aumentar por100.0%	;Aumentar por100.0%	;2	; --%	;Aumentar por100.0%	;20	;Aumentar por300.0%	;Aumentar por17.6%	;
1633	;08/08 00:00 - 01:00	;74	;Aumentar por7300.0%	;Disminuir por27.5%	;189	;Aumentar por3680.0%	;Aumentar por1.6%	;0	; --%	; --%	;4	; --%	;Aumentar por33.3%	;0	; --%	;Disminuir por100.0%	;21	;Aumentar por2000.0%	;Disminuir por4.5%	;
1634	;08/08 01:00 - 02:00	;20	;Aumentar por900.0%	;Disminuir por31.0%	;45	;Aumentar por4400.0%	;Disminuir por27.4%	;1	; --%	; --%	;5	;Aumentar por400.0%	;Aumentar por66.7%	;0	; --%	; --%	;10	;Aumentar por400.0%	;Sin cambios	;
1635	;08/08 02:00 - 03:00	;5	;Aumentar por400.0%	;Disminuir por50.0%	;9	;Aumentar por800.0%	;Disminuir por10.0%	;2	; --%	;Aumentar por100.0%	;3	; --%	;Aumentar por200.0%	;0	; --%	; --%	;3	; --%	;Aumentar por50.0%	;
1636	;08/08 03:00 - 04:00	;24	; --%	;Aumentar por300.0%	;24	;Aumentar por2300.0%	;Aumentar por1100.0%	;2	; --%	; --%	;2	; --%	;Aumentar por100.0%	;0	; --%	; --%	;1	; --%	; --%	;
1637	;08/08 04:00 - 05:00	;0	; --%	;Disminuir por100.0%	;6	; --%	;Aumentar por500.0%	;0	; --%	; --%	;0	; --%	; --%	;0	; --%	; --%	;2	;Sin cambios	; --%	;
1638	;08/08 05:00 - 06:00	;2	; --%	;Disminuir por33.3%	;1	;Sin cambios	;Sin cambios	;0	; --%	; --%	;2	; --%	;Sin cambios	;0	; --%	; --%	;0	; --%	; --%	;
1639	;08/08 06:00 - 07:00	;3	;Aumentar por50.0%	;Sin cambios	;4	;Aumentar por33.3%	;Disminuir por20.0%	;1	; --%	; --%	;1	; --%	;Sin cambios	;0	; --%	; --%	;0	;Disminuir por100.0%	;Disminuir por100.0%	;
1640	;08/08 07:00 - 08:00	;9	;Disminuir por18.2%	;Disminuir por40.0%	;23	;Aumentar por15.0%	;Aumentar por15.0%	;0	;Disminuir por100.0%	;Disminuir por100.0%	;1	;Disminuir por80.0%	;Disminuir por96.8%	;1	; --%	;Sin cambios	;2	;Disminuir por50.0%	;Disminuir por33.3%	;
1641	;08/08 08:00 - 09:00	;33	;Aumentar por450.0%	;Aumentar por37.5%	;58	;Aumentar por81.3%	;Aumentar por34.9%	;0	;Disminuir por100.0%	;Disminuir por100.0%	;9	;Disminuir por55.0%	;Disminuir por47.1%	;0	; --%	;Disminuir por100.0%	;5	;Aumentar por150.0%	;Disminuir por64.3%	;
1642	;08/08 09:00 - 10:00	;74	;Aumentar por146.7%	;Aumentar por23.3%	;73	;Aumentar por247.6%	;Aumentar por5.8%	;2	;Disminuir por33.3%	;Sin cambios	;16	;Disminuir por30.4%	;Disminuir por27.3%	;1	; --%	; --%	;9	;Aumentar por28.6%	;Aumentar por28.6%	;
1643	;08/08 10:00 - 11:00	;107	;Aumentar por21.6%	;Disminuir por11.6%	;95	;Aumentar por41.8%	;Disminuir por28.6%	;3	;Aumentar por200.0%	;Disminuir por72.7%	;22	;Disminuir por24.1%	;Disminuir por47.6%	;1	;Disminuir por50.0%	;Disminuir por75.0%	;13	;Aumentar por225.0%	;Sin cambios	;
1644	;08/08 11:00 - 12:00	;187	;Aumentar por64.0%	;Aumentar por45.0%	;178	;Aumentar por117.1%	;Aumentar por30.9%	;0	;Disminuir por100.0%	;Disminuir por100.0%	;14	;Disminuir por36.4%	;Disminuir por60.0%	;4	; --%	;Aumentar por33.3%	;17	;Aumentar por240.0%	;Aumentar por6.3%	;
1645	;08/08 12:00 - 13:00	;92	;Disminuir por14.0%	;Disminuir por29.8%	;125	;Aumentar por5.9%	;Disminuir por22.8%	;0	;Disminuir por100.0%	;Disminuir por100.0%	;17	;Sin cambios	;Disminuir por10.5%	;4	;Sin cambios	;Aumentar por33.3%	;15	;Aumentar por200.0%	;Disminuir por6.3%	;
1646	;08/08 13:00 - 14:00	;66	;Disminuir por16.5%	;Disminuir por9.6%	;100	;Disminuir por8.3%	;Aumentar por20.5%	;3	;Sin cambios	;Disminuir por40.0%	;13	;Disminuir por23.5%	;Disminuir por13.3%	;0	; --%	;Disminuir por100.0%	;9	;Aumentar por28.6%	;Disminuir por10.0%	;
1647	;08/08 14:00 - 15:00	;62	;Aumentar por17.0%	;Sin cambios	;99	;Aumentar por67.8%	;Disminuir por2.0%	;1	;Disminuir por66.7%	;Disminuir por50.0%	;8	;Disminuir por57.9%	;Disminuir por20.0%	;0	;Disminuir por100.0%	;Disminuir por100.0%	;10	;Disminuir por16.7%	;Disminuir por9.1%	;
1648	;08/08 15:00 - 16:00	;76	;Aumentar por13.4%	;Disminuir por32.1%	;111	;Aumentar por44.2%	;Disminuir por5.1%	;0	;Disminuir por100.0%	;Disminuir por100.0%	;7	;Disminuir por50.0%	;Disminuir por36.4%	;0	;Disminuir por100.0%	;Disminuir por100.0%	;9	;Aumentar por50.0%	;Disminuir por35.7%	;
1649	;08/08 16:00 - 17:00	;102	;Aumentar por155.0%	;Aumentar por59.4%	;154	;Aumentar por214.3%	;Aumentar por69.2%	;1	; --%	;Disminuir por80.0%	;9	;Disminuir por43.8%	;Disminuir por52.6%	;1	;Disminuir por50.0%	; --%	;8	;Aumentar por33.3%	;Disminuir por52.9%	;
1650	;08/08 17:00 - 18:00	;122	;Aumentar por76.8%	;Aumentar por71.8%	;109	;Aumentar por53.5%	;Aumentar por62.7%	;0	;Disminuir por100.0%	;Disminuir por100.0%	;6	;Disminuir por33.3%	;Disminuir por33.3%	;4	; --%	;Aumentar por100.0%	;13	;Aumentar por18.2%	;Aumentar por116.7%	;
1651	;08/08 18:00 - 19:00	;126	;Aumentar por34.0%	;Aumentar por8.6%	;130	;Aumentar por28.7%	;Aumentar por12.1%	;3	; --%	;Aumentar por200.0%	;9	;Aumentar por12.5%	;Aumentar por50.0%	;0	; --%	; --%	;8	;Aumentar por60.0%	;Aumentar por33.3%	;
1652	;08/08 19:00 - 20:00	;319	;Aumentar por431.7%	;Aumentar por85.5%	;270	;Aumentar por303.0%	;Aumentar por37.1%	;2	; --%	;Sin cambios	;7	;Aumentar por75.0%	;Aumentar por16.7%	;1	; --%	;Disminuir por66.7%	;3	;Disminuir por70.0%	;Disminuir por72.7%	;
1653	;08/08 20:00 - 21:00	;362	;Aumentar por358.2%	;Aumentar por15.7%	;473	;Aumentar por318.6%	;Aumentar por33.6%	;2	; --%	;Disminuir por33.3%	;9	;Aumentar por28.6%	;Aumentar por50.0%	;0	; --%	;Disminuir por100.0%	;4	;Disminuir por50.0%	;Disminuir por55.6%	;
1654	;08/08 21:00 - 22:00	;308	;Aumentar por1000.0%	;Aumentar por82.2%	;442	;Aumentar por662.1%	;Aumentar por40.8%	;1	; --%	; --%	;3	;Sin cambios	;Aumentar por200.0%	;5	; --%	; --%	;8	;Aumentar por166.7%	;Aumentar por60.0%	;
1655	;08/08 22:00 - 23:00	;289	;Aumentar por702.8%	;Aumentar por85.3%	;331	;Aumentar por575.5%	;Aumentar por29.8%	;0	; --%	; --%	;1	;Disminuir por50.0%	; --%	;0	; --%	;Disminuir por100.0%	;7	;Aumentar por250.0%	;Aumentar por75.0%	;
1656	;08/08 23:00 - 24:00	;245	;Aumentar por775.0%	;Aumentar por28.9%	;323	;Aumentar por976.7%	;Disminuir por14.6%	;0	; --%	; --%	;0	;Disminuir por100.0%	; --%	;1	; --%	;Sin cambios	;11	;Aumentar por120.0%	;Disminuir por26.7%	;
1657	;08/09 00:00 - 01:00	;135	;Aumentar por1587.5%	;Aumentar por55.2%	;272	;Aumentar por3300.0%	;Aumentar por55.4%	;1	; --%	; --%	;9	; --%	;Aumentar por800.0%	;1	; --%	;Sin cambios	;24	;Aumentar por300.0%	;Aumentar por14.3%	;
1658	;08/09 01:00 - 02:00	;37	;Aumentar por3600.0%	;Disminuir por24.5%	;72	;Aumentar por1340.0%	;Disminuir por30.8%	;0	; --%	; --%	;3	; --%	;Sin cambios	;0	; --%	;Disminuir por100.0%	;14	; --%	;Aumentar por7.7%	;
1659	;08/09 02:00 - 03:00	;18	; --%	;Aumentar por20.0%	;36	; --%	;Aumentar por38.5%	;2	; --%	; --%	;4	; --%	;Aumentar por300.0%	;0	; --%	; --%	;2	; --%	;Aumentar por100.0%	;
1660	;08/09 03:00 - 04:00	;7	;Sin cambios	;Disminuir por12.5%	;10	;Aumentar por42.9%	;Aumentar por100.0%	;0	; --%	; --%	;1	; --%	; --%	;0	; --%	; --%	;4	; --%	;Aumentar por300.0%	;
1661	;08/09 04:00 - 05:00	;4	;Aumentar por300.0%	;Aumentar por300.0%	;5	; --%	; --%	;0	; --%	; --%	;2	; --%	;Aumentar por100.0%	;0	; --%	; --%	;3	; --%	; --%	;
1662	;08/09 05:00 - 06:00	;0	;Disminuir por100.0%	;Disminuir por100.0%	;0	; --%	;Disminuir por100.0%	;0	; --%	; --%	;1	;Sin cambios	; --%	;0	; --%	; --%	;1	; --%	;Sin cambios	;
1663	;08/09 06:00 - 07:00	;2	;Aumentar por100.0%	;Aumentar por100.0%	;4	;Aumentar por100.0%	;Aumentar por33.3%	;0	; --%	; --%	;1	;Sin cambios	;Sin cambios	;0	; --%	; --%	;0	; --%	; --%	;
1664	;08/09 07:00 - 08:00	;33	;Aumentar por725.0%	;Aumentar por153.8%	;43	;Aumentar por760.0%	;Aumentar por186.7%	;0	;Disminuir por100.0%	; --%	;3	;Sin cambios	; --%	;0	;Disminuir por100.0%	; --%	;3	;Aumentar por200.0%	;Aumentar por200.0%	;
1665	;08/09 08:00 - 09:00	;28	;Aumentar por180.0%	;Aumentar por12.0%	;56	;Aumentar por460.0%	;Aumentar por16.7%	;2	;Sin cambios	; --%	;7	;Disminuir por46.2%	;Disminuir por22.2%	;0	;Disminuir por100.0%	;Disminuir por100.0%	;7	;Aumentar por40.0%	;Disminuir por41.7%	;
1666	;08/09 09:00 - 10:00	;78	;Aumentar por387.5%	;Aumentar por34.5%	;72	;Aumentar por200.0%	;Aumentar por56.5%	;0	;Disminuir por100.0%	;Disminuir por100.0%	;8	;Disminuir por38.5%	;Disminuir por46.7%	;1	;Sin cambios	;Sin cambios	;9	;Aumentar por800.0%	;Aumentar por28.6%	;
1667	;08/09 10:00 - 11:00	;165	;Aumentar por60.2%	;Aumentar por47.3%	;135	;Aumentar por66.7%	;Aumentar por36.4%	;2	;Sin cambios	;Sin cambios	;19	;Disminuir por17.4%	;Sin cambios	;5	; --%	;Aumentar por400.0%	;15	;Aumentar por650.0%	;Aumentar por36.4%	;
1668	;08/09 11:00 - 12:00	;189	;Aumentar por37.0%	;Disminuir por4.5%	;260	;Aumentar por173.7%	;Aumentar por60.5%	;2	;Aumentar por100.0%	;Disminuir por60.0%	;17	;Aumentar por6.3%	;Disminuir por15.0%	;3	;Aumentar por200.0%	; --%	;10	;Aumentar por66.7%	;Disminuir por33.3%	;
1669	;08/09 12:00 - 13:00	;155	;Disminuir por8.3%	;Disminuir por6.1%	;212	;Aumentar por15.8%	;Aumentar por36.8%	;2	; --%	;Sin cambios	;15	;Aumentar por36.4%	;Aumentar por25.0%	;2	; --%	; --%	;13	; --%	;Sin cambios	;
1670	;08/09 13:00 - 14:00	;99	;Aumentar por141.5%	;Aumentar por32.0%	;99	;Aumentar por76.8%	;Aumentar por15.1%	;2	;Aumentar por100.0%	;Disminuir por33.3%	;11	;Aumentar por22.2%	;Disminuir por21.4%	;0	;Disminuir por100.0%	;Disminuir por100.0%	;12	;Aumentar por500.0%	;Aumentar por100.0%	;
1671	;08/09 14:00 - 15:00	;56	;Aumentar por154.5%	;Disminuir por41.7%	;107	;Aumentar por282.1%	;Aumentar por30.5%	;1	;Sin cambios	; --%	;6	;Aumentar por20.0%	;Disminuir por14.3%	;0	; --%	;Disminuir por100.0%	;12	;Aumentar por200.0%	;Disminuir por25.0%	;
1672	;08/09 15:00 - 16:00	;104	;Aumentar por153.7%	;Aumentar por11.8%	;131	;Aumentar por285.3%	;Aumentar por40.9%	;0	; --%	; --%	;5	;Disminuir por16.7%	;Aumentar por25.0%	;1	; --%	;Disminuir por50.0%	;6	;Aumentar por500.0%	;Disminuir por14.3%	;
1673	;08/09 16:00 - 17:00	;110	;Aumentar por378.3%	;Aumentar por31.0%	;184	;Aumentar por411.1%	;Aumentar por72.0%	;0	; --%	; --%	;8	;Disminuir por33.3%	;Aumentar por60.0%	;1	;Disminuir por50.0%	;Disminuir por50.0%	;11	;Aumentar por266.7%	;Aumentar por10.0%	;
1674	;08/09 17:00 - 18:00	;52	;Disminuir por33.3%	;Disminuir por62.0%	;122	;Aumentar por62.7%	;Disminuir por19.7%	;3	;Aumentar por200.0%	;Aumentar por200.0%	;13	;Aumentar por44.4%	;Aumentar por62.5%	;3	;Aumentar por200.0%	; --%	;9	;Aumentar por50.0%	;Disminuir por25.0%	;
1675	;08/09 18:00 - 19:00	;131	;Disminuir por28.8%	;Disminuir por14.4%	;142	;Sin cambios	;Disminuir por20.2%	;0	;Disminuir por100.0%	;Disminuir por100.0%	;4	;Disminuir por66.7%	;Disminuir por55.6%	;3	;Aumentar por50.0%	;Aumentar por200.0%	;12	;Aumentar por50.0%	;Aumentar por50.0%	;
1676	;08/09 19:00 - 20:00	;227	;Aumentar por45.5%	;Disminuir por22.5%	;220	;Disminuir por1.8%	;Disminuir por20.6%	;0	;Disminuir por100.0%	;Disminuir por100.0%	;8	;Disminuir por42.9%	;Aumentar por60.0%	;1	; --%	;Disminuir por50.0%	;6	;Sin cambios	;Disminuir por33.3%	;
1677	;08/09 20:00 - 21:00	;348	;Aumentar por286.7%	;Disminuir por3.6%	;472	;Aumentar por247.1%	;Aumentar por6.8%	;0	;Disminuir por100.0%	;Disminuir por100.0%	;1	;Disminuir por90.9%	;Disminuir por66.7%	;3	; --%	;Aumentar por50.0%	;6	;Aumentar por20.0%	;Disminuir por25.0%	;
1678	;08/09 21:00 - 22:00	;214	;Aumentar por98.1%	;Disminuir por25.2%	;359	;Aumentar por164.0%	;Disminuir por17.1%	;0	; --%	;Disminuir por100.0%	;0	;Disminuir por100.0%	;Disminuir por100.0%	;1	; --%	; --%	;7	;Aumentar por75.0%	;Aumentar por40.0%	;
1679	;08/09 22:00 - 23:00	;263	;Aumentar por874.1%	;Aumentar por11.4%	;365	;Aumentar por498.4%	;Aumentar por22.1%	;0	; --%	; --%	;0	;Disminuir por100.0%	; --%	;5	; --%	; --%	;7	; --%	;Aumentar por600.0%	;
1680	;08/09 23:00 - 24:00	;192	;Aumentar por1376.9%	;Aumentar por23.1%	;358	;Aumentar por984.8%	;Aumentar por33.1%	;0	;Disminuir por100.0%	; --%	;2	;Disminuir por66.7%	; --%	;3	; --%	;Aumentar por200.0%	;21	;Aumentar por200.0%	;Aumentar por162.5%	;
1681	;08/10 00:00 - 01:00	;88	;Aumentar por700.0%	;Disminuir por33.8%	;158	;Aumentar por1655.6%	;Disminuir por49.2%	;0	; --%	; --%	;1	;Disminuir por66.7%	;Disminuir por75.0%	;2	;Aumentar por100.0%	; --%	;15	;Aumentar por275.0%	;Disminuir por34.8%	;
1682	;08/10 01:00 - 02:00	;29	;Aumentar por2800.0%	;Disminuir por31.0%	;54	;Aumentar por1700.0%	;Disminuir por47.1%	;2	; --%	; --%	;5	; --%	;Aumentar por400.0%	;0	; --%	; --%	;11	; --%	;Disminuir por38.9%	;
1683	;08/10 02:00 - 03:00	;10	;Aumentar por233.3%	;Disminuir por60.0%	;13	;Aumentar por1200.0%	;Disminuir por53.6%	;0	; --%	; --%	;1	;Sin cambios	;Sin cambios	;0	; --%	; --%	;2	; --%	;Sin cambios	;
1684	;08/10 03:00 - 04:00	;0	;Disminuir por100.0%	;Disminuir por100.0%	;5	;Aumentar por25.0%	;Aumentar por25.0%	;0	; --%	; --%	;1	; --%	;Disminuir por50.0%	;0	; --%	; --%	;0	; --%	; --%	;
1685	;08/10 04:00 - 05:00	;1	; --%	;Disminuir por50.0%	;2	;Aumentar por100.0%	;Sin cambios	;2	; --%	; --%	;3	; --%	; --%	;0	; --%	; --%	;2	;Aumentar por100.0%	;Disminuir por50.0%	;
1686	;08/10 05:00 - 06:00	;2	;Sin cambios	;Disminuir por50.0%	;5	;Aumentar por400.0%	;Aumentar por400.0%	;0	; --%	;Disminuir por100.0%	;1	; --%	;Disminuir por66.7%	;0	; --%	; --%	;2	; --%	; --%	;
1687	;08/10 06:00 - 07:00	;6	;Aumentar por500.0%	;Aumentar por100.0%	;10	; --%	;Aumentar por100.0%	;2	; --%	; --%	;6	; --%	;Aumentar por200.0%	;0	; --%	; --%	;3	; --%	; --%	;
1688	;08/10 07:00 - 08:00	;19	;Aumentar por375.0%	;Aumentar por90.0%	;23	;Aumentar por475.0%	;Aumentar por53.3%	;2	; --%	; --%	;6	;Aumentar por100.0%	;Aumentar por200.0%	;1	; --%	;Sin cambios	;6	; --%	;Aumentar por100.0%	;
1689	;08/10 08:00 - 09:00	;28	;Aumentar por211.1%	;Aumentar por7.7%	;60	;Aumentar por150.0%	;Aumentar por81.8%	;4	;Aumentar por300.0%	; --%	;20	;Aumentar por100.0%	;Aumentar por185.7%	;3	;Aumentar por200.0%	; --%	;9	;Aumentar por125.0%	;Aumentar por12.5%	;
1690	;08/10 09:00 - 10:00	;72	;Aumentar por100.0%	;Disminuir por4.0%	;83	;Aumentar por186.2%	;Aumentar por15.3%	;7	; --%	; --%	;16	;Aumentar por166.7%	;Aumentar por60.0%	;1	;Sin cambios	;Disminuir por83.3%	;7	;Aumentar por40.0%	;Disminuir por50.0%	;
1691	;08/10 10:00 - 11:00	;155	;Aumentar por4.7%	;Aumentar por70.3%	;98	;Aumentar por40.0%	;Aumentar por34.2%	;0	;Disminuir por100.0%	; --%	;22	;Aumentar por120.0%	;Aumentar por37.5%	;1	; --%	;Sin cambios	;8	;Aumentar por166.7%	;Disminuir por27.3%	;
1692	;08/10 11:00 - 12:00	;197	;Disminuir por20.9%	;Aumentar por3.1%	;126	;Disminuir por53.2%	;Disminuir por37.0%	;2	;Sin cambios	;Aumentar por100.0%	;20	;Aumentar por150.0%	;Aumentar por53.8%	;0	;Disminuir por100.0%	;Disminuir por100.0%	;20	;Aumentar por400.0%	;Aumentar por100.0%	;
1693	;08/10 12:00 - 13:00	;113	;Disminuir por54.3%	;Disminuir por25.7%	;122	;Disminuir por52.9%	;Disminuir por51.8%	;1	;Sin cambios	;Disminuir por75.0%	;17	;Aumentar por70.0%	;Aumentar por41.7%	;1	;Disminuir por66.7%	;Disminuir por50.0%	;13	;Aumentar por333.3%	;Aumentar por160.0%	;
1694	;08/10 13:00 - 14:00	;83	;Disminuir por46.8%	;Disminuir por15.3%	;104	;Disminuir por44.7%	;Disminuir por7.1%	;3	; --%	; --%	;25	;Aumentar por1150.0%	;Aumentar por127.3%	;2	;Sin cambios	; --%	;15	;Aumentar por150.0%	;Aumentar por25.0%	;
1695	;08/10 14:00 - 15:00	;53	;Disminuir por46.5%	;Disminuir por32.1%	;72	;Disminuir por30.1%	;Disminuir por12.2%	;1	;Disminuir por50.0%	;Disminuir por50.0%	;12	;Aumentar por71.4%	;Aumentar por71.4%	;1	;Disminuir por75.0%	; --%	;8	;Disminuir por46.7%	;Aumentar por14.3%	;
1696	;08/10 15:00 - 16:00	;0	;Disminuir por100.0%	;Disminuir por100.0%	;0	;Disminuir por100.0%	;Disminuir por100.0%	;0	; --%	; --%	;0	;Disminuir por100.0%	;Disminuir por100.0%	;0	;Disminuir por100.0%	; --%	;0	;Disminuir por100.0%	;Disminuir por100.0%	;
1697	;08/10 16:00 - 17:00	;0	;Disminuir por100.0%	;Disminuir por100.0%	;0	;Disminuir por100.0%	;Disminuir por100.0%	;0	;Disminuir por100.0%	; --%	;0	;Disminuir por100.0%	;Disminuir por100.0%	;0	;Disminuir por100.0%	;Disminuir por100.0%	;0	;Disminuir por100.0%	;Disminuir por100.0%	;
1698	;08/10 17:00 - 18:00	;0	;Disminuir por100.0%	;Disminuir por100.0%	;0	;Disminuir por100.0%	;Disminuir por100.0%	;0	;Disminuir por100.0%	;Disminuir por100.0%	;0	;Disminuir por100.0%	;Disminuir por100.0%	;0	;Disminuir por100.0%	;Disminuir por100.0%	;0	;Disminuir por100.0%	;Disminuir por100.0%	;
1699	;08/10 18:00 - 19:00	;0	;Disminuir por100.0%	;Disminuir por100.0%	;0	;Disminuir por100.0%	;Disminuir por100.0%	;0	; --%	;Disminuir por100.0%	;0	;Disminuir por100.0%	;Disminuir por100.0%	;0	;Disminuir por100.0%	;Disminuir por100.0%	;0	;Disminuir por100.0%	;Disminuir por100.0%	;
1700	;08/10 19:00 - 20:00	;0	;Disminuir por100.0%	;Disminuir por100.0%	;0	;Disminuir por100.0%	;Disminuir por100.0%	;0	;Disminuir por100.0%	;Disminuir por100.0%	;0	;Disminuir por100.0%	;Disminuir por100.0%	;0	; --%	;Disminuir por100.0%	;0	;Disminuir por100.0%	;Disminuir por100.0%	;
1701	;08/10 20:00 - 21:00	;0	;Disminuir por100.0%	;Disminuir por100.0%	;0	;Disminuir por100.0%	;Disminuir por100.0%	;0	; --%	;Disminuir por100.0%	;0	;Disminuir por100.0%	;Disminuir por100.0%	;0	; --%	;Disminuir por100.0%	;0	;Disminuir por100.0%	;Disminuir por100.0%	;
1702	;08/10 21:00 - 22:00	;0	;Disminuir por100.0%	;Disminuir por100.0%	;0	;Disminuir por100.0%	;Disminuir por100.0%	;0	; --%	; --%	;0	;Disminuir por100.0%	;Disminuir por100.0%	;0	; --%	; --%	;0	;Disminuir por100.0%	;Disminuir por100.0%	;
1703	;08/10 22:00 - 23:00	;0	;Disminuir por100.0%	;Disminuir por100.0%	;0	;Disminuir por100.0%	;Disminuir por100.0%	;0	; --%	; --%	;0	;Disminuir por100.0%	; --%	;0	; --%	; --%	;0	;Disminuir por100.0%	;Disminuir por100.0%	;
1704	;08/10 23:00 - 24:00	;0	;Disminuir por100.0%	;Disminuir por100.0%	;0	;Disminuir por100.0%	;Disminuir por100.0%	;0	; --%	; --%	;0	;Disminuir por100.0%	; --%	;0	;Disminuir por100.0%	;Disminuir por100.0%	;0	;Disminuir por100.0%	;Disminuir por100.0%	;
1705	;08/11 00:00 - 01:00	;0	;Disminuir por100.0%	;Disminuir por100.0%	;0	; --%	;Disminuir por100.0%	;0	; --%	; --%	;0	;Disminuir por100.0%	; --%	;0	; --%	; --%	;0	; --%	;Disminuir por100.0%	;
1706	;08/11 01:00 - 02:00	;0	;Disminuir por100.0%	;Disminuir por100.0%	;0	;Disminuir por100.0%	;Disminuir por100.0%	;0	; --%	; --%	;0	;Disminuir por100.0%	;Disminuir por100.0%	;0	; --%	; --%	;0	; --%	;Disminuir por100.0%	;
1707	;08/11 02:00 - 03:00	;0	; --%	;Disminuir por100.0%	;0	; --%	;Disminuir por100.0%	;0	; --%	; --%	;0	; --%	;Disminuir por100.0%	;0	; --%	; --%	;0	; --%	;Disminuir por100.0%	;
1708	;08/11 03:00 - 04:00	;0	;Disminuir por100.0%	;Disminuir por100.0%	;0	; --%	;Disminuir por100.0%	;0	; --%	;Disminuir por100.0%	;0	; --%	;Disminuir por100.0%	;0	; --%	; --%	;0	; --%	; --%	;
1709	;08/11 04:00 - 05:00	;0	; --%	; --%	;0	; --%	;Disminuir por100.0%	;0	; --%	; --%	;0	;Disminuir por100.0%	; --%	;0	; --%	; --%	;0	; --%	; --%	;
1710	;08/11 05:00 - 06:00	;0	; --%	;Disminuir por100.0%	;0	;Disminuir por100.0%	;Disminuir por100.0%	;0	; --%	; --%	;0	; --%	;Disminuir por100.0%	;0	; --%	;Disminuir por100.0%	;0	; --%	; --%	;
1711	;08/11 06:00 - 07:00	;0	;Disminuir por100.0%	;Disminuir por100.0%	;0	;Disminuir por100.0%	;Disminuir por100.0%	;0	; --%	; --%	;0	; --%	;Disminuir por100.0%	;0	; --%	; --%	;0	;Disminuir por100.0%	; --%	;
1712	;08/11 07:00 - 08:00	;0	;Disminuir por100.0%	;Disminuir por100.0%	;0	;Disminuir por100.0%	;Disminuir por100.0%	;0	;Disminuir por100.0%	;Disminuir por100.0%	;0	;Disminuir por100.0%	;Disminuir por100.0%	;0	; --%	;Disminuir por100.0%	;0	;Disminuir por100.0%	;Disminuir por100.0%	;
1713	;08/11 08:00 - 09:00	;0	;Disminuir por100.0%	;Disminuir por100.0%	;0	;Disminuir por100.0%	;Disminuir por100.0%	;0	;Disminuir por100.0%	; --%	;0	;Disminuir por100.0%	;Disminuir por100.0%	;0	;Disminuir por100.0%	;Disminuir por100.0%	;0	;Disminuir por100.0%	;Disminuir por100.0%	;
1714	;08/11 09:00 - 10:00	;0	;Disminuir por100.0%	;Disminuir por100.0%	;0	;Disminuir por100.0%	;Disminuir por100.0%	;0	; --%	; --%	;0	;Disminuir por100.0%	;Disminuir por100.0%	;0	;Disminuir por100.0%	;Disminuir por100.0%	;0	;Disminuir por100.0%	;Disminuir por100.0%	;
1715	;08/11 10:00 - 11:00	;0	;Disminuir por100.0%	;Disminuir por100.0%	;0	;Disminuir por100.0%	;Disminuir por100.0%	;0	;Disminuir por100.0%	;Disminuir por100.0%	;0	;Disminuir por100.0%	;Disminuir por100.0%	;0	;Disminuir por100.0%	;Disminuir por100.0%	;0	;Disminuir por100.0%	;Disminuir por100.0%	;
1716	;08/11 11:00 - 12:00	;0	;Disminuir por100.0%	;Disminuir por100.0%	;0	;Disminuir por100.0%	;Disminuir por100.0%	;0	; --%	;Disminuir por100.0%	;0	;Disminuir por100.0%	;Disminuir por100.0%	;0	;Disminuir por100.0%	;Disminuir por100.0%	;0	;Disminuir por100.0%	;Disminuir por100.0%	;
1717	;08/11 12:00 - 13:00	;0	;Disminuir por100.0%	;Disminuir por100.0%	;0	;Disminuir por100.0%	;Disminuir por100.0%	;0	;Disminuir por100.0%	;Disminuir por100.0%	;0	;Disminuir por100.0%	;Disminuir por100.0%	;0	;Disminuir por100.0%	;Disminuir por100.0%	;0	;Disminuir por100.0%	;Disminuir por100.0%	;
1718	;08/11 13:00 - 14:00	;0	;Disminuir por100.0%	;Disminuir por100.0%	;0	;Disminuir por100.0%	;Disminuir por100.0%	;0	;Disminuir por100.0%	; --%	;0	;Disminuir por100.0%	;Disminuir por100.0%	;0	; --%	;Disminuir por100.0%	;0	;Disminuir por100.0%	;Disminuir por100.0%	;
1719	;08/11 14:00 - 15:00	;0	;Disminuir por100.0%	;Disminuir por100.0%	;0	;Disminuir por100.0%	;Disminuir por100.0%	;0	;Disminuir por100.0%	;Disminuir por100.0%	;0	;Disminuir por100.0%	;Disminuir por100.0%	;0	;Disminuir por100.0%	;Disminuir por100.0%	;0	;Disminuir por100.0%	;Disminuir por100.0%	;
1720	;08/11 15:00 - 16:00	;0	;Disminuir por100.0%	;Disminuir por100.0%	;0	;Disminuir por100.0%	;Disminuir por100.0%	;0	;Disminuir por100.0%	;Disminuir por100.0%	;0	;Disminuir por100.0%	;Disminuir por100.0%	;0	;Disminuir por100.0%	;Disminuir por100.0%	;0	;Disminuir por100.0%	;Disminuir por100.0%	;
1721	;08/11 16:00 - 17:00	;0	;Disminuir por100.0%	;Disminuir por100.0%	;0	;Disminuir por100.0%	;Disminuir por100.0%	;0	;Disminuir por100.0%	; --%	;0	;Disminuir por100.0%	;Disminuir por100.0%	;0	;Disminuir por100.0%	;Disminuir por100.0%	;0	;Disminuir por100.0%	;Disminuir por100.0%	;
1722	;08/11 17:00 - 18:00	;0	;Disminuir por100.0%	;Disminuir por100.0%	;0	;Disminuir por100.0%	;Disminuir por100.0%	;0	; --%	;Disminuir por100.0%	;0	;Disminuir por100.0%	;Disminuir por100.0%	;0	; --%	;Disminuir por100.0%	;0	;Disminuir por100.0%	;Disminuir por100.0%	;
1723	;08/11 18:00 - 19:00	;0	;Disminuir por100.0%	;Disminuir por100.0%	;0	;Disminuir por100.0%	;Disminuir por100.0%	;0	; --%	; --%	;0	;Disminuir por100.0%	;Disminuir por100.0%	;0	; --%	; --%	;0	;Disminuir por100.0%	;Disminuir por100.0%	;
1724	;08/11 19:00 - 20:00	;0	;Disminuir por100.0%	;Disminuir por100.0%	;0	;Disminuir por100.0%	;Disminuir por100.0%	;0	;Disminuir por100.0%	;Disminuir por100.0%	;0	;Disminuir por100.0%	;Disminuir por100.0%	;0	;Disminuir por100.0%	;Disminuir por100.0%	;0	;Disminuir por100.0%	;Disminuir por100.0%	;
1725	;08/11 20:00 - 21:00	;0	;Disminuir por100.0%	;Disminuir por100.0%	;0	;Disminuir por100.0%	;Disminuir por100.0%	;0	;Disminuir por100.0%	; --%	;0	;Disminuir por100.0%	;Disminuir por100.0%	;0	; --%	;Disminuir por100.0%	;0	;Disminuir por100.0%	;Disminuir por100.0%	;
1726	;08/11 21:00 - 22:00	;0	;Disminuir por100.0%	;Disminuir por100.0%	;0	;Disminuir por100.0%	;Disminuir por100.0%	;0	; --%	; --%	;0	;Disminuir por100.0%	; --%	;0	;Disminuir por100.0%	;Disminuir por100.0%	;0	;Disminuir por100.0%	;Disminuir por100.0%	;
1727	;08/11 22:00 - 23:00	;0	;Disminuir por100.0%	;Disminuir por100.0%	;0	;Disminuir por100.0%	;Disminuir por100.0%	;0	; --%	; --%	;0	;Disminuir por100.0%	; --%	;0	; --%	;Disminuir por100.0%	;0	;Disminuir por100.0%	;Disminuir por100.0%	;
1728	;08/11 23:00 - 24:00	;0	;Disminuir por100.0%	;Disminuir por100.0%	;0	;Disminuir por100.0%	;Disminuir por100.0%	;0	; --%	; --%	;0	;Disminuir por100.0%	; --%	;0	; --%	;Disminuir por100.0%	;0	;Disminuir por100.0%	;Disminuir por100.0%	;
1729	;08/12 00:00 - 01:00	;0	;Disminuir por100.0%	;Disminuir por100.0%	;0	;Disminuir por100.0%	;Disminuir por100.0%	;0	; --%	; --%	;0	;Disminuir por100.0%	;Disminuir por100.0%	;0	; --%	; --%	;0	;Disminuir por100.0%	;Disminuir por100.0%	;
1730	;08/12 01:00 - 02:00	;0	;Disminuir por100.0%	;Disminuir por100.0%	;0	; --%	;Disminuir por100.0%	;0	; --%	; --%	;0	; --%	;Disminuir por100.0%	;0	; --%	; --%	;0	; --%	;Disminuir por100.0%	;
1731	;08/12 02:00 - 03:00	;0	;Disminuir por100.0%	;Disminuir por100.0%	;0	;Disminuir por100.0%	;Disminuir por100.0%	;0	; --%	; --%	;0	; --%	; --%	;0	; --%	; --%	;0	; --%	;Disminuir por100.0%	;
1732	;08/12 03:00 - 04:00	;0	; --%	;Disminuir por100.0%	;0	; --%	;Disminuir por100.0%	;0	; --%	; --%	;0	; --%	;Disminuir por100.0%	;0	; --%	; --%	;0	; --%	; --%	;
1733	;08/12 04:00 - 05:00	;0	; --%	; --%	;0	; --%	;Disminuir por100.0%	;0	; --%	; --%	;0	; --%	;Disminuir por100.0%	;0	; --%	; --%	;0	; --%	; --%	;
1734	;08/12 05:00 - 06:00	;0	; --%	; --%	;0	;Disminuir por100.0%	;Disminuir por100.0%	;0	; --%	; --%	;0	; --%	; --%	;0	; --%	; --%	;0	; --%	; --%	;
1735	;08/12 06:00 - 07:00	;0	; --%	;Disminuir por100.0%	;0	;Disminuir por100.0%	;Disminuir por100.0%	;0	; --%	;Disminuir por100.0%	;0	;Disminuir por100.0%	;Disminuir por100.0%	;0	; --%	;Disminuir por100.0%	;0	;Disminuir por100.0%	;Disminuir por100.0%	;
1736	;08/12 07:00 - 08:00	;0	;Disminuir por100.0%	;Disminuir por100.0%	;0	;Disminuir por100.0%	;Disminuir por100.0%	;0	;Disminuir por100.0%	;Disminuir por100.0%	;0	;Disminuir por100.0%	;Disminuir por100.0%	;0	; --%	;Disminuir por100.0%	;0	;Disminuir por100.0%	;Disminuir por100.0%	;
1737	;08/12 08:00 - 09:00	;0	;Disminuir por100.0%	;Disminuir por100.0%	;0	;Disminuir por100.0%	;Disminuir por100.0%	;0	;Disminuir por100.0%	;Disminuir por100.0%	;0	;Disminuir por100.0%	;Disminuir por100.0%	;0	;Disminuir por100.0%	;Disminuir por100.0%	;0	;Disminuir por100.0%	;Disminuir por100.0%	;
1738	;08/12 09:00 - 10:00	;0	;Disminuir por100.0%	;Disminuir por100.0%	;0	;Disminuir por100.0%	;Disminuir por100.0%	;0	;Disminuir por100.0%	;Disminuir por100.0%	;0	;Disminuir por100.0%	;Disminuir por100.0%	;0	;Disminuir por100.0%	;Disminuir por100.0%	;0	;Disminuir por100.0%	;Disminuir por100.0%	;
1739	;08/12 10:00 - 11:00	;0	;Disminuir por100.0%	;Disminuir por100.0%	;0	;Disminuir por100.0%	;Disminuir por100.0%	;0	; --%	;Disminuir por100.0%	;0	;Disminuir por100.0%	;Disminuir por100.0%	;0	;Disminuir por100.0%	;Disminuir por100.0%	;0	;Disminuir por100.0%	;Disminuir por100.0%	;
1740	;08/12 11:00 - 12:00	;0	;Disminuir por100.0%	;Disminuir por100.0%	;0	;Disminuir por100.0%	;Disminuir por100.0%	;0	;Disminuir por100.0%	;Disminuir por100.0%	;0	;Disminuir por100.0%	;Disminuir por100.0%	;0	; --%	;Disminuir por100.0%	;0	;Disminuir por100.0%	;Disminuir por100.0%	;
1741	;08/12 12:00 - 13:00	;0	;Disminuir por100.0%	;Disminuir por100.0%	;0	;Disminuir por100.0%	;Disminuir por100.0%	;0	;Disminuir por100.0%	;Disminuir por100.0%	;0	;Disminuir por100.0%	;Disminuir por100.0%	;0	;Disminuir por100.0%	;Disminuir por100.0%	;0	;Disminuir por100.0%	;Disminuir por100.0%	;
1742	;08/12 13:00 - 14:00	;0	;Disminuir por100.0%	;Disminuir por100.0%	;0	;Disminuir por100.0%	;Disminuir por100.0%	;0	; --%	;Disminuir por100.0%	;0	;Disminuir por100.0%	;Disminuir por100.0%	;0	;Disminuir por100.0%	;Disminuir por100.0%	;0	;Disminuir por100.0%	;Disminuir por100.0%	;
1743	;08/12 14:00 - 15:00	;0	;Disminuir por100.0%	;Disminuir por100.0%	;0	;Disminuir por100.0%	;Disminuir por100.0%	;0	;Disminuir por100.0%	;Disminuir por100.0%	;0	;Disminuir por100.0%	;Disminuir por100.0%	;0	;Disminuir por100.0%	;Disminuir por100.0%	;0	;Disminuir por100.0%	;Disminuir por100.0%	;
1744	;08/12 15:00 - 16:00	;0	;Disminuir por100.0%	;Disminuir por100.0%	;0	;Disminuir por100.0%	;Disminuir por100.0%	;0	;Disminuir por100.0%	;Disminuir por100.0%	;0	;Disminuir por100.0%	;Disminuir por100.0%	;0	;Disminuir por100.0%	; --%	;0	;Disminuir por100.0%	;Disminuir por100.0%	;
1745	;08/12 16:00 - 17:00	;0	;Disminuir por100.0%	;Disminuir por100.0%	;0	;Disminuir por100.0%	;Disminuir por100.0%	;0	;Disminuir por100.0%	;Disminuir por100.0%	;0	;Disminuir por100.0%	;Disminuir por100.0%	;0	; --%	;Disminuir por100.0%	;0	;Disminuir por100.0%	;Disminuir por100.0%	;
1746	;08/12 17:00 - 18:00	;0	;Disminuir por100.0%	;Disminuir por100.0%	;0	;Disminuir por100.0%	;Disminuir por100.0%	;0	; --%	;Disminuir por100.0%	;0	;Disminuir por100.0%	;Disminuir por100.0%	;0	;Disminuir por100.0%	; --%	;0	;Disminuir por100.0%	;Disminuir por100.0%	;
1747	;08/12 18:00 - 19:00	;0	;Disminuir por100.0%	;Disminuir por100.0%	;0	;Disminuir por100.0%	;Disminuir por100.0%	;0	; --%	;Disminuir por100.0%	;0	;Disminuir por100.0%	;Disminuir por100.0%	;0	;Disminuir por100.0%	;Disminuir por100.0%	;0	;Disminuir por100.0%	;Disminuir por100.0%	;
1748	;08/12 19:00 - 20:00	;0	;Disminuir por100.0%	;Disminuir por100.0%	;0	;Disminuir por100.0%	;Disminuir por100.0%	;0	;Disminuir por100.0%	;Disminuir por100.0%	;0	;Disminuir por100.0%	;Disminuir por100.0%	;0	;Disminuir por100.0%	;Disminuir por100.0%	;0	;Disminuir por100.0%	;Disminuir por100.0%	;
1749	;08/12 20:00 - 21:00	;0	;Disminuir por100.0%	;Disminuir por100.0%	;0	;Disminuir por100.0%	;Disminuir por100.0%	;0	;Disminuir por100.0%	; --%	;0	;Disminuir por100.0%	;Disminuir por100.0%	;0	; --%	;Disminuir por100.0%	;0	;Disminuir por100.0%	;Disminuir por100.0%	;
1750	;08/12 21:00 - 22:00	;0	;Disminuir por100.0%	;Disminuir por100.0%	;0	;Disminuir por100.0%	;Disminuir por100.0%	;0	; --%	; --%	;0	;Disminuir por100.0%	; --%	;0	;Disminuir por100.0%	; --%	;0	;Disminuir por100.0%	;Disminuir por100.0%	;
1751	;08/12 22:00 - 23:00	;0	;Disminuir por100.0%	;Disminuir por100.0%	;0	;Disminuir por100.0%	;Disminuir por100.0%	;0	; --%	; --%	;0	;Disminuir por100.0%	;Disminuir por100.0%	;0	; --%	;Disminuir por100.0%	;0	;Disminuir por100.0%	;Disminuir por100.0%	;
1752	;08/12 23:00 - 24:00	;0	;Disminuir por100.0%	;Disminuir por100.0%	;0	;Disminuir por100.0%	;Disminuir por100.0%	;0	; --%	; --%	;0	;Disminuir por100.0%	; --%	;0	; --%	; --%	;0	;Disminuir por100.0%	;Disminuir por100.0%	;
1753	;08/13 00:00 - 01:00	;0	;Disminuir por100.0%	;Disminuir por100.0%	;0	; --%	;Disminuir por100.0%	;0	; --%	; --%	;0	; --%	;Disminuir por100.0%	;0	; --%	;Disminuir por100.0%	;0	; --%	;Disminuir por100.0%	;
1754	;08/13 01:00 - 02:00	;0	;Disminuir por100.0%	;Disminuir por100.0%	;0	; --%	;Disminuir por100.0%	;0	; --%	; --%	;0	; --%	;Disminuir por100.0%	;0	; --%	; --%	;0	; --%	;Disminuir por100.0%	;
1755	;08/13 02:00 - 03:00	;0	;Disminuir por100.0%	;Disminuir por100.0%	;0	;Disminuir por100.0%	;Disminuir por100.0%	;0	; --%	; --%	;0	; --%	; --%	;0	; --%	; --%	;0	;Disminuir por100.0%	;Disminuir por100.0%	;
1756	;08/13 03:00 - 04:00	;0	; --%	;Disminuir por100.0%	;0	; --%	;Disminuir por100.0%	;0	; --%	;Disminuir por100.0%	;0	;Disminuir por100.0%	;Disminuir por100.0%	;0	; --%	; --%	;0	; --%	;Disminuir por100.0%	;
1757	;08/13 04:00 - 05:00	;0	;Disminuir por100.0%	;Disminuir por100.0%	;0	; --%	; --%	;0	; --%	; --%	;0	; --%	;Disminuir por100.0%	;0	; --%	; --%	;0	; --%	; --%	;
1758	;08/13 05:00 - 06:00	;0	; --%	;Disminuir por100.0%	;0	;Disminuir por100.0%	;Disminuir por100.0%	;0	; --%	; --%	;0	; --%	; --%	;0	; --%	;Disminuir por100.0%	;0	; --%	; --%	;
1759	;08/13 06:00 - 07:00	;0	; --%	;Disminuir por100.0%	;0	;Disminuir por100.0%	;Disminuir por100.0%	;0	;Disminuir por100.0%	; --%	;0	;Disminuir por100.0%	;Disminuir por100.0%	;0	; --%	; --%	;0	;Disminuir por100.0%	; --%	;
1760	;08/13 07:00 - 08:00	;0	;Disminuir por100.0%	;Disminuir por100.0%	;0	;Disminuir por100.0%	;Disminuir por100.0%	;0	;Disminuir por100.0%	;Disminuir por100.0%	;0	;Disminuir por100.0%	;Disminuir por100.0%	;0	; --%	; --%	;0	;Disminuir por100.0%	;Disminuir por100.0%	;
1761	;08/13 08:00 - 09:00	;0	;Disminuir por100.0%	;Disminuir por100.0%	;0	;Disminuir por100.0%	;Disminuir por100.0%	;0	;Disminuir por100.0%	;Disminuir por100.0%	;0	;Disminuir por100.0%	;Disminuir por100.0%	;0	; --%	; --%	;0	;Disminuir por100.0%	;Disminuir por100.0%	;
1762	;08/13 09:00 - 10:00	;0	;Disminuir por100.0%	;Disminuir por100.0%	;0	;Disminuir por100.0%	;Disminuir por100.0%	;0	;Disminuir por100.0%	;Disminuir por100.0%	;0	;Disminuir por100.0%	;Disminuir por100.0%	;0	;Disminuir por100.0%	;Disminuir por100.0%	;0	;Disminuir por100.0%	;Disminuir por100.0%	;
1763	;08/13 10:00 - 11:00	;0	;Disminuir por100.0%	;Disminuir por100.0%	;0	;Disminuir por100.0%	;Disminuir por100.0%	;0	;Disminuir por100.0%	;Disminuir por100.0%	;0	;Disminuir por100.0%	;Disminuir por100.0%	;0	;Disminuir por100.0%	;Disminuir por100.0%	;0	;Disminuir por100.0%	;Disminuir por100.0%	;
1764	;08/13 11:00 - 12:00	;0	;Disminuir por100.0%	;Disminuir por100.0%	;0	;Disminuir por100.0%	;Disminuir por100.0%	;0	; --%	;Disminuir por100.0%	;0	;Disminuir por100.0%	;Disminuir por100.0%	;0	;Disminuir por100.0%	; --%	;0	;Disminuir por100.0%	;Disminuir por100.0%	;
1765	;08/13 12:00 - 13:00	;0	;Disminuir por100.0%	;Disminuir por100.0%	;0	;Disminuir por100.0%	;Disminuir por100.0%	;0	;Disminuir por100.0%	;Disminuir por100.0%	;0	;Disminuir por100.0%	;Disminuir por100.0%	;0	;Disminuir por100.0%	;Disminuir por100.0%	;0	;Disminuir por100.0%	;Disminuir por100.0%	;
1766	;08/13 13:00 - 14:00	;0	;Disminuir por100.0%	;Disminuir por100.0%	;0	;Disminuir por100.0%	;Disminuir por100.0%	;0	; --%	;Disminuir por100.0%	;0	;Disminuir por100.0%	;Disminuir por100.0%	;0	;Disminuir por100.0%	;Disminuir por100.0%	;0	;Disminuir por100.0%	;Disminuir por100.0%	;
1767	;08/13 14:00 - 15:00	;0	;Disminuir por100.0%	;Disminuir por100.0%	;0	;Disminuir por100.0%	;Disminuir por100.0%	;0	;Disminuir por100.0%	; --%	;0	;Disminuir por100.0%	;Disminuir por100.0%	;0	;Disminuir por100.0%	;Disminuir por100.0%	;0	;Disminuir por100.0%	;Disminuir por100.0%	;
1768	;08/13 15:00 - 16:00	;0	;Disminuir por100.0%	;Disminuir por100.0%	;0	;Disminuir por100.0%	;Disminuir por100.0%	;0	;Disminuir por100.0%	; --%	;0	;Disminuir por100.0%	;Disminuir por100.0%	;0	;Disminuir por100.0%	; --%	;0	;Disminuir por100.0%	;Disminuir por100.0%	;
1769	;08/13 16:00 - 17:00	;0	;Disminuir por100.0%	;Disminuir por100.0%	;0	;Disminuir por100.0%	;Disminuir por100.0%	;0	; --%	;Disminuir por100.0%	;0	;Disminuir por100.0%	;Disminuir por100.0%	;0	; --%	;Disminuir por100.0%	;0	;Disminuir por100.0%	;Disminuir por100.0%	;
1770	;08/13 17:00 - 18:00	;0	;Disminuir por100.0%	;Disminuir por100.0%	;0	;Disminuir por100.0%	;Disminuir por100.0%	;0	;Disminuir por100.0%	;Disminuir por100.0%	;0	;Disminuir por100.0%	;Disminuir por100.0%	;0	;Disminuir por100.0%	; --%	;0	;Disminuir por100.0%	;Disminuir por100.0%	;
1771	;08/13 18:00 - 19:00	;0	;Disminuir por100.0%	;Disminuir por100.0%	;0	;Disminuir por100.0%	;Disminuir por100.0%	;0	; --%	; --%	;0	;Disminuir por100.0%	;Disminuir por100.0%	;0	; --%	; --%	;0	;Disminuir por100.0%	;Disminuir por100.0%	;
1772	;08/13 19:00 - 20:00	;0	;Disminuir por100.0%	;Disminuir por100.0%	;0	;Disminuir por100.0%	;Disminuir por100.0%	;0	;Disminuir por100.0%	; --%	;0	;Disminuir por100.0%	;Disminuir por100.0%	;0	; --%	;Disminuir por100.0%	;0	;Disminuir por100.0%	;Disminuir por100.0%	;
1773	;08/13 20:00 - 21:00	;0	;Disminuir por100.0%	;Disminuir por100.0%	;0	;Disminuir por100.0%	;Disminuir por100.0%	;0	; --%	;Disminuir por100.0%	;0	;Disminuir por100.0%	;Disminuir por100.0%	;0	; --%	; --%	;0	;Disminuir por100.0%	;Disminuir por100.0%	;
1774	;08/13 21:00 - 22:00	;0	;Disminuir por100.0%	;Disminuir por100.0%	;0	;Disminuir por100.0%	;Disminuir por100.0%	;0	;Disminuir por100.0%	;Disminuir por100.0%	;0	;Disminuir por100.0%	;Disminuir por100.0%	;0	; --%	; --%	;0	;Disminuir por100.0%	;Disminuir por100.0%	;
1775	;08/13 22:00 - 23:00	;0	;Disminuir por100.0%	;Disminuir por100.0%	;0	;Disminuir por100.0%	;Disminuir por100.0%	;0	; --%	; --%	;0	;Disminuir por100.0%	;Disminuir por100.0%	;0	; --%	;Disminuir por100.0%	;0	;Disminuir por100.0%	;Disminuir por100.0%	;
1776	;08/13 23:00 - 24:00	;0	;Disminuir por100.0%	;Disminuir por100.0%	;0	;Disminuir por100.0%	;Disminuir por100.0%	;0	;Disminuir por100.0%	; --%	;0	;Disminuir por100.0%	;Disminuir por100.0%	;0	; --%	; --%	;0	;Disminuir por100.0%	;Disminuir por100.0%	;
1777	;08/14 00:00 - 01:00	;0	;Disminuir por100.0%	;Disminuir por100.0%	;0	; --%	;Disminuir por100.0%	;0	; --%	; --%	;0	;Disminuir por100.0%	;Disminuir por100.0%	;0	; --%	;Disminuir por100.0%	;0	;Disminuir por100.0%	;Disminuir por100.0%	;
1778	;08/14 01:00 - 02:00	;0	; --%	;Disminuir por100.0%	;0	; --%	;Disminuir por100.0%	;0	; --%	; --%	;0	; --%	;Disminuir por100.0%	;0	; --%	; --%	;0	; --%	;Disminuir por100.0%	;
1779	;08/14 02:00 - 03:00	;0	;Disminuir por100.0%	;Disminuir por100.0%	;0	; --%	;Disminuir por100.0%	;0	; --%	; --%	;0	; --%	;Disminuir por100.0%	;0	; --%	; --%	;0	; --%	;Disminuir por100.0%	;
1780	;08/14 03:00 - 04:00	;0	;Disminuir por100.0%	;Disminuir por100.0%	;0	;Disminuir por100.0%	;Disminuir por100.0%	;0	; --%	;Disminuir por100.0%	;0	; --%	;Disminuir por100.0%	;0	; --%	; --%	;0	; --%	; --%	;
1781	;08/14 04:00 - 05:00	;0	; --%	;Disminuir por100.0%	;0	; --%	;Disminuir por100.0%	;0	; --%	; --%	;0	; --%	; --%	;0	; --%	; --%	;0	; --%	; --%	;
1782	;08/14 05:00 - 06:00	;0	; --%	;Disminuir por100.0%	;0	;Disminuir por100.0%	;Disminuir por100.0%	;0	; --%	; --%	;0	; --%	;Disminuir por100.0%	;0	; --%	; --%	;0	;Disminuir por100.0%	; --%	;
1783	;08/14 06:00 - 07:00	;0	;Disminuir por100.0%	;Disminuir por100.0%	;0	;Disminuir por100.0%	;Disminuir por100.0%	;0	; --%	; --%	;0	;Disminuir por100.0%	; --%	;0	; --%	; --%	;0	;Disminuir por100.0%	; --%	;
1784	;08/14 07:00 - 08:00	;0	;Disminuir por100.0%	;Disminuir por100.0%	;0	;Disminuir por100.0%	;Disminuir por100.0%	;0	;Disminuir por100.0%	;Disminuir por100.0%	;0	;Disminuir por100.0%	;Disminuir por100.0%	;0	;Disminuir por100.0%	;Disminuir por100.0%	;0	;Disminuir por100.0%	;Disminuir por100.0%	;
1785	;08/14 08:00 - 09:00	;0	;Disminuir por100.0%	;Disminuir por100.0%	;0	;Disminuir por100.0%	;Disminuir por100.0%	;0	;Disminuir por100.0%	;Disminuir por100.0%	;0	;Disminuir por100.0%	;Disminuir por100.0%	;0	;Disminuir por100.0%	; --%	;0	;Disminuir por100.0%	;Disminuir por100.0%	;
1786	;08/14 09:00 - 10:00	;0	;Disminuir por100.0%	;Disminuir por100.0%	;0	;Disminuir por100.0%	;Disminuir por100.0%	;0	;Disminuir por100.0%	;Disminuir por100.0%	;0	;Disminuir por100.0%	;Disminuir por100.0%	;0	;Disminuir por100.0%	;Disminuir por100.0%	;0	;Disminuir por100.0%	;Disminuir por100.0%	;
1787	;08/14 10:00 - 11:00	;0	;Disminuir por100.0%	;Disminuir por100.0%	;0	;Disminuir por100.0%	;Disminuir por100.0%	;0	;Disminuir por100.0%	;Disminuir por100.0%	;0	;Disminuir por100.0%	;Disminuir por100.0%	;0	;Disminuir por100.0%	;Disminuir por100.0%	;0	;Disminuir por100.0%	;Disminuir por100.0%	;
1788	;08/14 11:00 - 12:00	;0	;Disminuir por100.0%	;Disminuir por100.0%	;0	;Disminuir por100.0%	;Disminuir por100.0%	;0	;Disminuir por100.0%	;Disminuir por100.0%	;0	;Disminuir por100.0%	;Disminuir por100.0%	;0	; --%	; --%	;0	;Disminuir por100.0%	;Disminuir por100.0%	;
1789	;08/14 12:00 - 13:00	;0	;Disminuir por100.0%	;Disminuir por100.0%	;0	;Disminuir por100.0%	;Disminuir por100.0%	;0	;Disminuir por100.0%	;Disminuir por100.0%	;0	;Disminuir por100.0%	;Disminuir por100.0%	;0	;Disminuir por100.0%	;Disminuir por100.0%	;0	;Disminuir por100.0%	;Disminuir por100.0%	;
1790	;08/14 13:00 - 14:00	;0	;Disminuir por100.0%	;Disminuir por100.0%	;0	;Disminuir por100.0%	;Disminuir por100.0%	;0	;Disminuir por100.0%	;Disminuir por100.0%	;0	;Disminuir por100.0%	;Disminuir por100.0%	;0	; --%	;Disminuir por100.0%	;0	;Disminuir por100.0%	;Disminuir por100.0%	;
1791	;08/14 14:00 - 15:00	;0	;Disminuir por100.0%	;Disminuir por100.0%	;0	;Disminuir por100.0%	;Disminuir por100.0%	;0	;Disminuir por100.0%	;Disminuir por100.0%	;0	;Disminuir por100.0%	;Disminuir por100.0%	;0	;Disminuir por100.0%	;Disminuir por100.0%	;0	;Disminuir por100.0%	;Disminuir por100.0%	;
1792	;08/14 15:00 - 16:00	;0	;Disminuir por100.0%	;Disminuir por100.0%	;0	;Disminuir por100.0%	;Disminuir por100.0%	;0	;Disminuir por100.0%	;Disminuir por100.0%	;0	;Disminuir por100.0%	;Disminuir por100.0%	;0	; --%	;Disminuir por100.0%	;0	;Disminuir por100.0%	;Disminuir por100.0%	;
1793	;08/14 16:00 - 17:00	;0	;Disminuir por100.0%	;Disminuir por100.0%	;0	;Disminuir por100.0%	;Disminuir por100.0%	;0	; --%	; --%	;0	;Disminuir por100.0%	;Disminuir por100.0%	;0	; --%	;Disminuir por100.0%	;0	;Disminuir por100.0%	;Disminuir por100.0%	;
1794	;08/14 17:00 - 18:00	;0	;Disminuir por100.0%	;Disminuir por100.0%	;0	;Disminuir por100.0%	;Disminuir por100.0%	;0	;Disminuir por100.0%	;Disminuir por100.0%	;0	;Disminuir por100.0%	;Disminuir por100.0%	;0	; --%	;Disminuir por100.0%	;0	;Disminuir por100.0%	;Disminuir por100.0%	;
1795	;08/14 18:00 - 19:00	;0	;Disminuir por100.0%	;Disminuir por100.0%	;0	;Disminuir por100.0%	;Disminuir por100.0%	;0	; --%	;Disminuir por100.0%	;0	;Disminuir por100.0%	;Disminuir por100.0%	;0	;Disminuir por100.0%	;Disminuir por100.0%	;0	;Disminuir por100.0%	;Disminuir por100.0%	;
1796	;08/14 19:00 - 20:00	;0	;Disminuir por100.0%	;Disminuir por100.0%	;0	;Disminuir por100.0%	;Disminuir por100.0%	;0	; --%	;Disminuir por100.0%	;0	;Disminuir por100.0%	;Disminuir por100.0%	;0	; --%	;Disminuir por100.0%	;0	;Disminuir por100.0%	;Disminuir por100.0%	;
1797	;08/14 20:00 - 21:00	;0	;Disminuir por100.0%	;Disminuir por100.0%	;0	;Disminuir por100.0%	;Disminuir por100.0%	;0	; --%	; --%	;0	;Disminuir por100.0%	;Disminuir por100.0%	;0	;Disminuir por100.0%	;Disminuir por100.0%	;0	;Disminuir por100.0%	;Disminuir por100.0%	;
1798	;08/14 21:00 - 22:00	;0	;Disminuir por100.0%	;Disminuir por100.0%	;0	;Disminuir por100.0%	;Disminuir por100.0%	;0	;Disminuir por100.0%	; --%	;0	;Disminuir por100.0%	;Disminuir por100.0%	;0	; --%	;Disminuir por100.0%	;0	;Disminuir por100.0%	;Disminuir por100.0%	;
1799	;08/14 22:00 - 23:00	;0	;Disminuir por100.0%	;Disminuir por100.0%	;0	;Disminuir por100.0%	;Disminuir por100.0%	;0	; --%	; --%	;0	;Disminuir por100.0%	;Disminuir por100.0%	;0	; --%	;Disminuir por100.0%	;0	;Disminuir por100.0%	;Disminuir por100.0%	;
1800	;08/14 23:00 - 24:00	;0	;Disminuir por100.0%	;Disminuir por100.0%	;0	;Disminuir por100.0%	;Disminuir por100.0%	;0	; --%	; --%	;0	;Disminuir por100.0%	;Disminuir por100.0%	;0	; --%	;Disminuir por100.0%	;0	;Disminuir por100.0%	;Disminuir por100.0%	;
1801	;08/15 00:00 - 01:00	;0	;Disminuir por100.0%	;Disminuir por100.0%	;0	;Disminuir por100.0%	;Disminuir por100.0%	;0	; --%	; --%	;0	;Disminuir por100.0%	;Disminuir por100.0%	;0	; --%	; --%	;0	;Disminuir por100.0%	;Disminuir por100.0%	;
1802	;08/15 01:00 - 02:00	;0	; --%	;Disminuir por100.0%	;0	; --%	;Disminuir por100.0%	;0	; --%	; --%	;0	; --%	; --%	;0	; --%	; --%	;0	;Disminuir por100.0%	;Disminuir por100.0%	;
1803	;08/15 02:00 - 03:00	;0	; --%	;Disminuir por100.0%	;0	; --%	;Disminuir por100.0%	;0	; --%	; --%	;0	; --%	;Disminuir por100.0%	;0	; --%	; --%	;0	; --%	;Disminuir por100.0%	;
1804	;08/15 03:00 - 04:00	;0	;Disminuir por100.0%	;Disminuir por100.0%	;0	; --%	;Disminuir por100.0%	;0	; --%	; --%	;0	; --%	;Disminuir por100.0%	;0	; --%	; --%	;0	; --%	; --%	;
1805	;08/15 04:00 - 05:00	;0	; --%	;Disminuir por100.0%	;0	; --%	; --%	;0	; --%	;Disminuir por100.0%	;0	; --%	;Disminuir por100.0%	;0	; --%	; --%	;0	;Disminuir por100.0%	; --%	;
1806	;08/15 05:00 - 06:00	;0	; --%	;Disminuir por100.0%	;0	;Disminuir por100.0%	;Disminuir por100.0%	;0	; --%	;Disminuir por100.0%	;0	; --%	;Disminuir por100.0%	;0	; --%	;Disminuir por100.0%	;0	;Disminuir por100.0%	; --%	;
1807	;08/15 06:00 - 07:00	;0	;Disminuir por100.0%	;Disminuir por100.0%	;0	;Disminuir por100.0%	;Disminuir por100.0%	;0	; --%	; --%	;0	;Disminuir por100.0%	; --%	;0	;Disminuir por100.0%	; --%	;0	;Disminuir por100.0%	; --%	;
1808	;08/15 07:00 - 08:00	;0	;Disminuir por100.0%	;Disminuir por100.0%	;0	;Disminuir por100.0%	;Disminuir por100.0%	;0	; --%	;Disminuir por100.0%	;0	;Disminuir por100.0%	;Disminuir por100.0%	;0	; --%	; --%	;0	;Disminuir por100.0%	;Disminuir por100.0%	;
1809	;08/15 08:00 - 09:00	;0	;Disminuir por100.0%	;Disminuir por100.0%	;0	;Disminuir por100.0%	;Disminuir por100.0%	;0	;Disminuir por100.0%	; --%	;0	;Disminuir por100.0%	;Disminuir por100.0%	;0	; --%	; --%	;0	;Disminuir por100.0%	;Disminuir por100.0%	;
1810	;08/15 09:00 - 10:00	;0	;Disminuir por100.0%	;Disminuir por100.0%	;0	;Disminuir por100.0%	;Disminuir por100.0%	;0	;Disminuir por100.0%	;Disminuir por100.0%	;0	;Disminuir por100.0%	;Disminuir por100.0%	;0	;Disminuir por100.0%	;Disminuir por100.0%	;0	;Disminuir por100.0%	;Disminuir por100.0%	;
1811	;08/15 10:00 - 11:00	;0	;Disminuir por100.0%	;Disminuir por100.0%	;0	;Disminuir por100.0%	;Disminuir por100.0%	;0	;Disminuir por100.0%	;Disminuir por100.0%	;0	;Disminuir por100.0%	;Disminuir por100.0%	;0	; --%	;Disminuir por100.0%	;0	;Disminuir por100.0%	;Disminuir por100.0%	;
1812	;08/15 11:00 - 12:00	;0	;Disminuir por100.0%	;Disminuir por100.0%	;0	;Disminuir por100.0%	;Disminuir por100.0%	;0	;Disminuir por100.0%	;Disminuir por100.0%	;0	;Disminuir por100.0%	;Disminuir por100.0%	;0	;Disminuir por100.0%	;Disminuir por100.0%	;0	;Disminuir por100.0%	;Disminuir por100.0%	;
1813	;08/15 12:00 - 13:00	;0	;Disminuir por100.0%	;Disminuir por100.0%	;0	;Disminuir por100.0%	;Disminuir por100.0%	;0	;Disminuir por100.0%	;Disminuir por100.0%	;0	;Disminuir por100.0%	;Disminuir por100.0%	;0	;Disminuir por100.0%	;Disminuir por100.0%	;0	;Disminuir por100.0%	;Disminuir por100.0%	;
1814	;08/15 13:00 - 14:00	;0	;Disminuir por100.0%	;Disminuir por100.0%	;0	;Disminuir por100.0%	;Disminuir por100.0%	;0	;Disminuir por100.0%	; --%	;0	;Disminuir por100.0%	;Disminuir por100.0%	;0	;Disminuir por100.0%	; --%	;0	;Disminuir por100.0%	;Disminuir por100.0%	;
1815	;08/15 14:00 - 15:00	;0	;Disminuir por100.0%	;Disminuir por100.0%	;0	;Disminuir por100.0%	;Disminuir por100.0%	;0	;Disminuir por100.0%	; --%	;0	;Disminuir por100.0%	;Disminuir por100.0%	;0	; --%	;Disminuir por100.0%	;0	;Disminuir por100.0%	;Disminuir por100.0%	;
1816	;08/15 15:00 - 16:00	;0	;Disminuir por100.0%	;Disminuir por100.0%	;0	;Disminuir por100.0%	;Disminuir por100.0%	;0	;Disminuir por100.0%	; --%	;0	;Disminuir por100.0%	;Disminuir por100.0%	;0	; --%	; --%	;0	;Disminuir por100.0%	;Disminuir por100.0%	;
1817	;08/15 16:00 - 17:00	;0	;Disminuir por100.0%	;Disminuir por100.0%	;0	;Disminuir por100.0%	;Disminuir por100.0%	;0	;Disminuir por100.0%	; --%	;0	;Disminuir por100.0%	;Disminuir por100.0%	;0	;Disminuir por100.0%	;Disminuir por100.0%	;0	;Disminuir por100.0%	;Disminuir por100.0%	;
1818	;08/15 17:00 - 18:00	;0	;Disminuir por100.0%	;Disminuir por100.0%	;0	;Disminuir por100.0%	;Disminuir por100.0%	;0	; --%	; --%	;0	;Disminuir por100.0%	;Disminuir por100.0%	;0	;Disminuir por100.0%	;Disminuir por100.0%	;0	;Disminuir por100.0%	;Disminuir por100.0%	;
1819	;08/15 18:00 - 19:00	;0	;Disminuir por100.0%	;Disminuir por100.0%	;0	;Disminuir por100.0%	;Disminuir por100.0%	;0	;Disminuir por100.0%	;Disminuir por100.0%	;0	;Disminuir por100.0%	;Disminuir por100.0%	;0	;Disminuir por100.0%	;Disminuir por100.0%	;0	;Disminuir por100.0%	;Disminuir por100.0%	;
1820	;08/15 19:00 - 20:00	;0	;Disminuir por100.0%	;Disminuir por100.0%	;0	;Disminuir por100.0%	;Disminuir por100.0%	;0	; --%	;Disminuir por100.0%	;0	;Disminuir por100.0%	;Disminuir por100.0%	;0	; --%	;Disminuir por100.0%	;0	;Disminuir por100.0%	;Disminuir por100.0%	;
1821	;08/15 20:00 - 21:00	;0	;Disminuir por100.0%	;Disminuir por100.0%	;0	;Disminuir por100.0%	;Disminuir por100.0%	;0	; --%	; --%	;0	;Disminuir por100.0%	;Disminuir por100.0%	;0	; --%	;Disminuir por100.0%	;0	;Disminuir por100.0%	;Disminuir por100.0%	;
1822	;08/15 21:00 - 22:00	;0	;Disminuir por100.0%	;Disminuir por100.0%	;0	;Disminuir por100.0%	;Disminuir por100.0%	;0	; --%	;Disminuir por100.0%	;0	;Disminuir por100.0%	;Disminuir por100.0%	;0	;Disminuir por100.0%	; --%	;0	;Disminuir por100.0%	;Disminuir por100.0%	;
1823	;08/15 22:00 - 23:00	;0	;Disminuir por100.0%	;Disminuir por100.0%	;0	;Disminuir por100.0%	;Disminuir por100.0%	;0	; --%	; --%	;0	;Disminuir por100.0%	;Disminuir por100.0%	;0	; --%	;Disminuir por100.0%	;0	;Disminuir por100.0%	;Disminuir por100.0%	;
1824	;08/15 23:00 - 24:00	;0	;Disminuir por100.0%	;Disminuir por100.0%	;0	;Disminuir por100.0%	;Disminuir por100.0%	;0	;Disminuir por100.0%	; --%	;0	;Disminuir por100.0%	; --%	;0	; --%	;Disminuir por100.0%	;0	;Disminuir por100.0%	;Disminuir por100.0%	;
1825	;08/16 00:00 - 01:00	;0	;Disminuir por100.0%	;Disminuir por100.0%	;0	;Disminuir por100.0%	;Disminuir por100.0%	;0	; --%	; --%	;0	;Disminuir por100.0%	;Disminuir por100.0%	;0	; --%	; --%	;0	;Disminuir por100.0%	;Disminuir por100.0%	;
1826	;08/16 01:00 - 02:00	;0	;Disminuir por100.0%	;Disminuir por100.0%	;0	;Disminuir por100.0%	;Disminuir por100.0%	;0	; --%	; --%	;0	; --%	;Disminuir por100.0%	;0	; --%	; --%	;0	;Disminuir por100.0%	;Disminuir por100.0%	;
1827	;08/16 02:00 - 03:00	;0	; --%	;Disminuir por100.0%	;0	; --%	;Disminuir por100.0%	;0	; --%	;Disminuir por100.0%	;0	; --%	;Disminuir por100.0%	;0	; --%	; --%	;0	; --%	;Disminuir por100.0%	;
1828	;08/16 03:00 - 04:00	;0	;Disminuir por100.0%	;Disminuir por100.0%	;0	;Disminuir por100.0%	;Disminuir por100.0%	;0	; --%	;Disminuir por100.0%	;0	; --%	;Disminuir por100.0%	;0	; --%	; --%	;0	; --%	; --%	;
1829	;08/16 04:00 - 05:00	;0	; --%	;Disminuir por100.0%	;0	;Disminuir por100.0%	; --%	;0	; --%	; --%	;0	; --%	; --%	;0	; --%	; --%	;0	; --%	; --%	;
1830	;08/16 05:00 - 06:00	;0	; --%	; --%	;0	;Disminuir por100.0%	;Disminuir por100.0%	;0	; --%	; --%	;0	; --%	; --%	;0	; --%	; --%	;0	;Disminuir por100.0%	;Disminuir por100.0%	;
1831	;08/16 06:00 - 07:00	;0	; --%	;Disminuir por100.0%	;0	; --%	;Disminuir por100.0%	;0	; --%	;Disminuir por100.0%	;0	;Disminuir por100.0%	;Disminuir por100.0%	;0	; --%	; --%	;0	; --%	; --%	;
1832	;08/16 07:00 - 08:00	;0	;Disminuir por100.0%	;Disminuir por100.0%	;0	;Disminuir por100.0%	;Disminuir por100.0%	;0	; --%	; --%	;0	;Disminuir por100.0%	; --%	;0	; --%	;Disminuir por100.0%	;0	; --%	;Disminuir por100.0%	;
1833	;08/16 08:00 - 09:00	;0	;Disminuir por100.0%	;Disminuir por100.0%	;0	;Disminuir por100.0%	;Disminuir por100.0%	;0	;Disminuir por100.0%	;Disminuir por100.0%	;0	;Disminuir por100.0%	;Disminuir por100.0%	;0	; --%	; --%	;0	;Disminuir por100.0%	;Disminuir por100.0%	;
1834	;08/16 09:00 - 10:00	;0	;Disminuir por100.0%	;Disminuir por100.0%	;0	;Disminuir por100.0%	;Disminuir por100.0%	;0	;Disminuir por100.0%	;Disminuir por100.0%	;0	;Disminuir por100.0%	;Disminuir por100.0%	;0	;Disminuir por100.0%	;Disminuir por100.0%	;0	;Disminuir por100.0%	;Disminuir por100.0%	;
1835	;08/16 10:00 - 11:00	;0	;Disminuir por100.0%	;Disminuir por100.0%	;0	;Disminuir por100.0%	;Disminuir por100.0%	;0	; --%	;Disminuir por100.0%	;0	;Disminuir por100.0%	;Disminuir por100.0%	;0	;Disminuir por100.0%	;Disminuir por100.0%	;0	;Disminuir por100.0%	;Disminuir por100.0%	;
1836	;08/16 11:00 - 12:00	;0	;Disminuir por100.0%	;Disminuir por100.0%	;0	;Disminuir por100.0%	;Disminuir por100.0%	;0	; --%	;Disminuir por100.0%	;0	;Disminuir por100.0%	;Disminuir por100.0%	;0	; --%	;Disminuir por100.0%	;0	;Disminuir por100.0%	;Disminuir por100.0%	;
1837	;08/16 12:00 - 13:00	;0	;Disminuir por100.0%	;Disminuir por100.0%	;0	;Disminuir por100.0%	;Disminuir por100.0%	;0	;Disminuir por100.0%	;Disminuir por100.0%	;0	;Disminuir por100.0%	;Disminuir por100.0%	;0	;Disminuir por100.0%	; --%	;0	;Disminuir por100.0%	;Disminuir por100.0%	;
1838	;08/16 13:00 - 14:00	;0	;Disminuir por100.0%	;Disminuir por100.0%	;0	;Disminuir por100.0%	;Disminuir por100.0%	;0	; --%	;Disminuir por100.0%	;0	;Disminuir por100.0%	;Disminuir por100.0%	;0	; --%	; --%	;0	;Disminuir por100.0%	;Disminuir por100.0%	;
1839	;08/16 14:00 - 15:00	;0	;Disminuir por100.0%	;Disminuir por100.0%	;0	;Disminuir por100.0%	;Disminuir por100.0%	;0	; --%	; --%	;0	;Disminuir por100.0%	;Disminuir por100.0%	;0	; --%	; --%	;0	;Disminuir por100.0%	;Disminuir por100.0%	;
1840	;08/16 15:00 - 16:00	;0	;Disminuir por100.0%	;Disminuir por100.0%	;0	;Disminuir por100.0%	;Disminuir por100.0%	;0	; --%	; --%	;0	;Disminuir por100.0%	;Disminuir por100.0%	;0	; --%	; --%	;0	;Disminuir por100.0%	;Disminuir por100.0%	;
1841	;08/16 16:00 - 17:00	;0	;Disminuir por100.0%	;Disminuir por100.0%	;0	;Disminuir por100.0%	;Disminuir por100.0%	;0	; --%	; --%	;0	;Disminuir por100.0%	;Disminuir por100.0%	;0	; --%	;Disminuir por100.0%	;0	;Disminuir por100.0%	;Disminuir por100.0%	;
1842	;08/16 17:00 - 18:00	;0	;Disminuir por100.0%	;Disminuir por100.0%	;0	;Disminuir por100.0%	;Disminuir por100.0%	;0	;Disminuir por100.0%	;Disminuir por100.0%	;0	;Disminuir por100.0%	;Disminuir por100.0%	;0	; --%	;Disminuir por100.0%	;0	;Disminuir por100.0%	;Disminuir por100.0%	;
1843	;08/16 18:00 - 19:00	;0	;Disminuir por100.0%	;Disminuir por100.0%	;0	;Disminuir por100.0%	;Disminuir por100.0%	;0	;Disminuir por100.0%	; --%	;0	;Disminuir por100.0%	;Disminuir por100.0%	;0	;Disminuir por100.0%	;Disminuir por100.0%	;0	;Disminuir por100.0%	;Disminuir por100.0%	;
1844	;08/16 19:00 - 20:00	;0	;Disminuir por100.0%	;Disminuir por100.0%	;0	;Disminuir por100.0%	;Disminuir por100.0%	;0	; --%	; --%	;0	;Disminuir por100.0%	;Disminuir por100.0%	;0	; --%	;Disminuir por100.0%	;0	;Disminuir por100.0%	;Disminuir por100.0%	;
1845	;08/16 20:00 - 21:00	;0	;Disminuir por100.0%	;Disminuir por100.0%	;0	;Disminuir por100.0%	;Disminuir por100.0%	;0	;Disminuir por100.0%	;Disminuir por100.0%	;0	;Disminuir por100.0%	;Disminuir por100.0%	;0	; --%	;Disminuir por100.0%	;0	;Disminuir por100.0%	;Disminuir por100.0%	;
1846	;08/16 21:00 - 22:00	;0	;Disminuir por100.0%	;Disminuir por100.0%	;0	;Disminuir por100.0%	;Disminuir por100.0%	;0	;Disminuir por100.0%	;Disminuir por100.0%	;0	;Disminuir por100.0%	;Disminuir por100.0%	;0	;Disminuir por100.0%	; --%	;0	;Disminuir por100.0%	;Disminuir por100.0%	;
1847	;08/16 22:00 - 23:00	;0	;Disminuir por100.0%	;Disminuir por100.0%	;0	;Disminuir por100.0%	;Disminuir por100.0%	;0	; --%	; --%	;0	;Disminuir por100.0%	;Disminuir por100.0%	;0	; --%	;Disminuir por100.0%	;0	;Disminuir por100.0%	;Disminuir por100.0%	;
1848	;08/16 23:00 - 24:00	;0	;Disminuir por100.0%	;Disminuir por100.0%	;0	;Disminuir por100.0%	;Disminuir por100.0%	;0	; --%	; --%	;0	;Disminuir por100.0%	; --%	;0	; --%	; --%	;0	;Disminuir por100.0%	;Disminuir por100.0%	;
1849	;08/17 00:00 - 01:00	;0	;Disminuir por100.0%	;Disminuir por100.0%	;0	;Disminuir por100.0%	;Disminuir por100.0%	;0	;Disminuir por100.0%	; --%	;0	;Disminuir por100.0%	;Disminuir por100.0%	;0	; --%	; --%	;0	;Disminuir por100.0%	;Disminuir por100.0%	;
1850	;08/17 01:00 - 02:00	;0	;Disminuir por100.0%	;Disminuir por100.0%	;0	;Disminuir por100.0%	;Disminuir por100.0%	;0	; --%	; --%	;0	;Disminuir por100.0%	;Disminuir por100.0%	;0	; --%	; --%	;0	;Disminuir por100.0%	;Disminuir por100.0%	;
1851	;08/17 02:00 - 03:00	;0	; --%	;Disminuir por100.0%	;0	; --%	;Disminuir por100.0%	;0	; --%	; --%	;0	; --%	;Disminuir por100.0%	;0	; --%	; --%	;0	; --%	;Disminuir por100.0%	;
1852	;08/17 03:00 - 04:00	;0	;Disminuir por100.0%	;Disminuir por100.0%	;0	;Disminuir por100.0%	;Disminuir por100.0%	;0	; --%	;Disminuir por100.0%	;0	; --%	;Disminuir por100.0%	;0	; --%	; --%	;0	; --%	; --%	;
1853	;08/17 04:00 - 05:00	;0	; --%	;Disminuir por100.0%	;0	; --%	;Disminuir por100.0%	;0	; --%	; --%	;0	;Disminuir por100.0%	;Disminuir por100.0%	;0	; --%	; --%	;0	;Disminuir por100.0%	; --%	;
1854	;08/17 05:00 - 06:00	;0	;Disminuir por100.0%	;Disminuir por100.0%	;0	;Disminuir por100.0%	;Disminuir por100.0%	;0	; --%	; --%	;0	; --%	; --%	;0	; --%	; --%	;0	; --%	; --%	;
1855	;08/17 06:00 - 07:00	;0	;Disminuir por100.0%	;Disminuir por100.0%	;0	;Disminuir por100.0%	;Disminuir por100.0%	;0	; --%	; --%	;0	;Disminuir por100.0%	;Disminuir por100.0%	;0	; --%	;Disminuir por100.0%	;0	; --%	; --%	;
1856	;08/17 07:00 - 08:00	;0	;Disminuir por100.0%	;Disminuir por100.0%	;0	;Disminuir por100.0%	;Disminuir por100.0%	;0	; --%	; --%	;0	; --%	;Disminuir por100.0%	;0	; --%	;Disminuir por100.0%	;0	;Disminuir por100.0%	;Disminuir por100.0%	;
1857	;08/17 08:00 - 09:00	;0	;Disminuir por100.0%	;Disminuir por100.0%	;0	;Disminuir por100.0%	;Disminuir por100.0%	;0	; --%	; --%	;0	;Disminuir por100.0%	;Disminuir por100.0%	;0	;Disminuir por100.0%	;Disminuir por100.0%	;0	;Disminuir por100.0%	;Disminuir por100.0%	;
1858	;08/17 09:00 - 10:00	;0	;Disminuir por100.0%	;Disminuir por100.0%	;0	;Disminuir por100.0%	;Disminuir por100.0%	;0	; --%	;Disminuir por100.0%	;0	;Disminuir por100.0%	;Disminuir por100.0%	;0	; --%	;Disminuir por100.0%	;0	;Disminuir por100.0%	;Disminuir por100.0%	;
1859	;08/17 10:00 - 11:00	;0	;Disminuir por100.0%	;Disminuir por100.0%	;0	;Disminuir por100.0%	;Disminuir por100.0%	;0	;Disminuir por100.0%	; --%	;0	;Disminuir por100.0%	;Disminuir por100.0%	;0	;Disminuir por100.0%	;Disminuir por100.0%	;0	;Disminuir por100.0%	;Disminuir por100.0%	;
1860	;08/17 11:00 - 12:00	;0	;Disminuir por100.0%	;Disminuir por100.0%	;0	;Disminuir por100.0%	;Disminuir por100.0%	;0	;Disminuir por100.0%	; --%	;0	;Disminuir por100.0%	;Disminuir por100.0%	;0	;Disminuir por100.0%	; --%	;0	;Disminuir por100.0%	;Disminuir por100.0%	;
1861	;08/17 12:00 - 13:00	;0	;Disminuir por100.0%	;Disminuir por100.0%	;0	;Disminuir por100.0%	;Disminuir por100.0%	;0	; --%	; --%	;0	;Disminuir por100.0%	;Disminuir por100.0%	;0	; --%	;Disminuir por100.0%	;0	;Disminuir por100.0%	;Disminuir por100.0%	;
1862	;08/17 13:00 - 14:00	;0	;Disminuir por100.0%	;Disminuir por100.0%	;0	;Disminuir por100.0%	;Disminuir por100.0%	;0	;Disminuir por100.0%	;Disminuir por100.0%	;0	;Disminuir por100.0%	;Disminuir por100.0%	;0	;Disminuir por100.0%	;Disminuir por100.0%	;0	;Disminuir por100.0%	;Disminuir por100.0%	;
1863	;08/17 14:00 - 15:00	;0	;Disminuir por100.0%	;Disminuir por100.0%	;0	;Disminuir por100.0%	;Disminuir por100.0%	;0	; --%	; --%	;0	;Disminuir por100.0%	;Disminuir por100.0%	;0	; --%	; --%	;0	;Disminuir por100.0%	;Disminuir por100.0%	;
1864	;08/17 15:00 - 16:00	;0	;Disminuir por100.0%	;Disminuir por100.0%	;0	;Disminuir por100.0%	;Disminuir por100.0%	;0	; --%	; --%	;0	;Disminuir por100.0%	;Disminuir por100.0%	;0	;Disminuir por100.0%	;Disminuir por100.0%	;0	;Disminuir por100.0%	;Disminuir por100.0%	;
1865	;08/17 16:00 - 17:00	;0	;Disminuir por100.0%	;Disminuir por100.0%	;0	;Disminuir por100.0%	;Disminuir por100.0%	;0	; --%	; --%	;0	;Disminuir por100.0%	;Disminuir por100.0%	;0	;Disminuir por100.0%	; --%	;0	;Disminuir por100.0%	;Disminuir por100.0%	;
1866	;08/17 17:00 - 18:00	;0	;Disminuir por100.0%	;Disminuir por100.0%	;0	;Disminuir por100.0%	;Disminuir por100.0%	;0	;Disminuir por100.0%	;Disminuir por100.0%	;0	;Disminuir por100.0%	;Disminuir por100.0%	;0	;Disminuir por100.0%	; --%	;0	;Disminuir por100.0%	;Disminuir por100.0%	;
1867	;08/17 18:00 - 19:00	;0	;Disminuir por100.0%	;Disminuir por100.0%	;0	;Disminuir por100.0%	;Disminuir por100.0%	;0	; --%	;Disminuir por100.0%	;0	;Disminuir por100.0%	;Disminuir por100.0%	;0	;Disminuir por100.0%	;Disminuir por100.0%	;0	;Disminuir por100.0%	;Disminuir por100.0%	;
1868	;08/17 19:00 - 20:00	;0	;Disminuir por100.0%	;Disminuir por100.0%	;0	;Disminuir por100.0%	;Disminuir por100.0%	;0	; --%	;Disminuir por100.0%	;0	;Disminuir por100.0%	;Disminuir por100.0%	;0	;Disminuir por100.0%	;Disminuir por100.0%	;0	;Disminuir por100.0%	;Disminuir por100.0%	;
1869	;08/17 20:00 - 21:00	;0	;Disminuir por100.0%	;Disminuir por100.0%	;0	;Disminuir por100.0%	;Disminuir por100.0%	;0	; --%	;Disminuir por100.0%	;0	;Disminuir por100.0%	;Disminuir por100.0%	;0	; --%	;Disminuir por100.0%	;0	;Disminuir por100.0%	;Disminuir por100.0%	;
1870	;08/17 21:00 - 22:00	;0	;Disminuir por100.0%	;Disminuir por100.0%	;0	;Disminuir por100.0%	;Disminuir por100.0%	;0	; --%	; --%	;0	; --%	;Disminuir por100.0%	;0	;Disminuir por100.0%	; --%	;0	;Disminuir por100.0%	;Disminuir por100.0%	;
1871	;08/17 22:00 - 23:00	;0	;Disminuir por100.0%	;Disminuir por100.0%	;0	;Disminuir por100.0%	;Disminuir por100.0%	;0	; --%	;Disminuir por100.0%	;0	;Disminuir por100.0%	; --%	;0	; --%	;Disminuir por100.0%	;0	;Disminuir por100.0%	;Disminuir por100.0%	;
1872	;08/17 23:00 - 24:00	;0	;Disminuir por100.0%	;Disminuir por100.0%	;0	;Disminuir por100.0%	;Disminuir por100.0%	;0	; --%	; --%	;0	;Disminuir por100.0%	;Disminuir por100.0%	;0	; --%	;Disminuir por100.0%	;0	;Disminuir por100.0%	;Disminuir por100.0%	;
1873	;08/18 00:00 - 01:00	;0	;Disminuir por100.0%	;Disminuir por100.0%	;0	;Disminuir por100.0%	;Disminuir por100.0%	;0	; --%	; --%	;0	;Disminuir por100.0%	;Disminuir por100.0%	;0	; --%	;Disminuir por100.0%	;0	; --%	;Disminuir por100.0%	;
1874	;08/18 01:00 - 02:00	;0	;Disminuir por100.0%	;Disminuir por100.0%	;0	;Disminuir por100.0%	;Disminuir por100.0%	;0	; --%	; --%	;0	; --%	;Disminuir por100.0%	;0	; --%	; --%	;0	; --%	;Disminuir por100.0%	;
1875	;08/18 02:00 - 03:00	;0	; --%	;Disminuir por100.0%	;0	; --%	;Disminuir por100.0%	;0	; --%	; --%	;0	; --%	; --%	;0	; --%	; --%	;0	;Disminuir por100.0%	; --%	;
1876	;08/18 03:00 - 04:00	;0	; --%	;Disminuir por100.0%	;0	; --%	; --%	;0	; --%	; --%	;0	; --%	;Disminuir por100.0%	;0	; --%	; --%	;0	; --%	;Disminuir por100.0%	;
1877	;08/18 04:00 - 05:00	;0	;Disminuir por100.0%	;Disminuir por100.0%	;0	; --%	;Disminuir por100.0%	;0	; --%	; --%	;0	; --%	;Disminuir por100.0%	;0	; --%	; --%	;0	; --%	; --%	;
1878	;08/18 05:00 - 06:00	;0	; --%	; --%	;0	;Disminuir por100.0%	;Disminuir por100.0%	;0	; --%	; --%	;0	;Disminuir por100.0%	;Disminuir por100.0%	;0	; --%	; --%	;0	; --%	;Disminuir por100.0%	;
1879	;08/18 06:00 - 07:00	;0	;Disminuir por100.0%	;Disminuir por100.0%	;0	;Disminuir por100.0%	;Disminuir por100.0%	;0	; --%	;Disminuir por100.0%	;0	; --%	;Disminuir por100.0%	;0	; --%	;Disminuir por100.0%	;0	; --%	;Disminuir por100.0%	;
1880	;08/18 07:00 - 08:00	;0	;Disminuir por100.0%	;Disminuir por100.0%	;0	;Disminuir por100.0%	;Disminuir por100.0%	;0	;Disminuir por100.0%	;Disminuir por100.0%	;0	;Disminuir por100.0%	;Disminuir por100.0%	;0	; --%	;Disminuir por100.0%	;0	;Disminuir por100.0%	;Disminuir por100.0%	;
1881	;08/18 08:00 - 09:00	;0	;Disminuir por100.0%	;Disminuir por100.0%	;0	;Disminuir por100.0%	;Disminuir por100.0%	;0	;Disminuir por100.0%	;Disminuir por100.0%	;0	;Disminuir por100.0%	;Disminuir por100.0%	;0	; --%	;Disminuir por100.0%	;0	;Disminuir por100.0%	;Disminuir por100.0%	;
1882	;08/18 09:00 - 10:00	;0	;Disminuir por100.0%	;Disminuir por100.0%	;0	;Disminuir por100.0%	;Disminuir por100.0%	;0	;Disminuir por100.0%	; --%	;0	;Disminuir por100.0%	;Disminuir por100.0%	;0	; --%	;Disminuir por100.0%	;0	;Disminuir por100.0%	;Disminuir por100.0%	;
1883	;08/18 10:00 - 11:00	;0	;Disminuir por100.0%	;Disminuir por100.0%	;0	;Disminuir por100.0%	;Disminuir por100.0%	;0	;Disminuir por100.0%	;Disminuir por100.0%	;0	;Disminuir por100.0%	;Disminuir por100.0%	;0	; --%	; --%	;0	;Disminuir por100.0%	;Disminuir por100.0%	;
1884	;08/18 11:00 - 12:00	;0	;Disminuir por100.0%	;Disminuir por100.0%	;0	;Disminuir por100.0%	;Disminuir por100.0%	;0	;Disminuir por100.0%	;Disminuir por100.0%	;0	;Disminuir por100.0%	;Disminuir por100.0%	;0	;Disminuir por100.0%	;Disminuir por100.0%	;0	;Disminuir por100.0%	;Disminuir por100.0%	;
1885	;08/18 12:00 - 13:00	;0	;Disminuir por100.0%	;Disminuir por100.0%	;0	;Disminuir por100.0%	;Disminuir por100.0%	;0	;Disminuir por100.0%	;Disminuir por100.0%	;0	;Disminuir por100.0%	;Disminuir por100.0%	;0	;Disminuir por100.0%	;Disminuir por100.0%	;0	;Disminuir por100.0%	;Disminuir por100.0%	;
1886	;08/18 13:00 - 14:00	;0	;Disminuir por100.0%	;Disminuir por100.0%	;0	;Disminuir por100.0%	;Disminuir por100.0%	;0	;Disminuir por100.0%	;Disminuir por100.0%	;0	;Disminuir por100.0%	;Disminuir por100.0%	;0	;Disminuir por100.0%	;Disminuir por100.0%	;0	;Disminuir por100.0%	;Disminuir por100.0%	;
1887	;08/18 14:00 - 15:00	;0	;Disminuir por100.0%	;Disminuir por100.0%	;0	;Disminuir por100.0%	;Disminuir por100.0%	;0	;Disminuir por100.0%	;Disminuir por100.0%	;0	;Disminuir por100.0%	;Disminuir por100.0%	;0	; --%	;Disminuir por100.0%	;0	;Disminuir por100.0%	;Disminuir por100.0%	;
1888	;08/18 15:00 - 16:00	;0	;Disminuir por100.0%	;Disminuir por100.0%	;0	;Disminuir por100.0%	;Disminuir por100.0%	;0	;Disminuir por100.0%	;Disminuir por100.0%	;0	;Disminuir por100.0%	;Disminuir por100.0%	;0	;Disminuir por100.0%	;Disminuir por100.0%	;0	;Disminuir por100.0%	;Disminuir por100.0%	;
1889	;08/18 16:00 - 17:00	;0	;Disminuir por100.0%	;Disminuir por100.0%	;0	;Disminuir por100.0%	;Disminuir por100.0%	;0	;Disminuir por100.0%	;Disminuir por100.0%	;0	;Disminuir por100.0%	;Disminuir por100.0%	;0	;Disminuir por100.0%	;Disminuir por100.0%	;0	;Disminuir por100.0%	;Disminuir por100.0%	;
1890	;08/18 17:00 - 18:00	;0	;Disminuir por100.0%	;Disminuir por100.0%	;0	;Disminuir por100.0%	;Disminuir por100.0%	;0	;Disminuir por100.0%	; --%	;0	;Disminuir por100.0%	;Disminuir por100.0%	;0	;Disminuir por100.0%	; --%	;0	;Disminuir por100.0%	;Disminuir por100.0%	;
1891	;08/18 18:00 - 19:00	;0	;Disminuir por100.0%	;Disminuir por100.0%	;0	;Disminuir por100.0%	;Disminuir por100.0%	;0	;Disminuir por100.0%	;Disminuir por100.0%	;0	;Disminuir por100.0%	;Disminuir por100.0%	;0	; --%	;Disminuir por100.0%	;0	;Disminuir por100.0%	;Disminuir por100.0%	;
1892	;08/18 19:00 - 20:00	;0	;Disminuir por100.0%	;Disminuir por100.0%	;0	;Disminuir por100.0%	;Disminuir por100.0%	;0	;Disminuir por100.0%	; --%	;0	;Disminuir por100.0%	;Disminuir por100.0%	;0	;Disminuir por100.0%	;Disminuir por100.0%	;0	;Disminuir por100.0%	;Disminuir por100.0%	;
1893	;08/18 20:00 - 21:00	;0	;Disminuir por100.0%	;Disminuir por100.0%	;0	;Disminuir por100.0%	;Disminuir por100.0%	;0	;Disminuir por100.0%	;Disminuir por100.0%	;0	;Disminuir por100.0%	;Disminuir por100.0%	;0	;Disminuir por100.0%	;Disminuir por100.0%	;0	;Disminuir por100.0%	;Disminuir por100.0%	;
1894	;08/18 21:00 - 22:00	;0	;Disminuir por100.0%	;Disminuir por100.0%	;0	;Disminuir por100.0%	;Disminuir por100.0%	;0	; --%	; --%	;0	;Disminuir por100.0%	; --%	;0	; --%	; --%	;0	;Disminuir por100.0%	;Disminuir por100.0%	;
1895	;08/18 22:00 - 23:00	;0	;Disminuir por100.0%	;Disminuir por100.0%	;0	;Disminuir por100.0%	;Disminuir por100.0%	;0	; --%	; --%	;0	;Disminuir por100.0%	; --%	;0	; --%	;Disminuir por100.0%	;0	;Disminuir por100.0%	;Disminuir por100.0%	;
1896	;08/18 23:00 - 24:00	;0	;Disminuir por100.0%	;Disminuir por100.0%	;0	;Disminuir por100.0%	;Disminuir por100.0%	;0	; --%	; --%	;0	;Disminuir por100.0%	;Disminuir por100.0%	;0	; --%	; --%	;0	;Disminuir por100.0%	;Disminuir por100.0%	;
1897	;08/19 00:00 - 01:00	;0	;Disminuir por100.0%	;Disminuir por100.0%	;0	;Disminuir por100.0%	;Disminuir por100.0%	;0	; --%	; --%	;0	; --%	;Disminuir por100.0%	;0	; --%	;Disminuir por100.0%	;0	;Disminuir por100.0%	;Disminuir por100.0%	;
1898	;08/19 01:00 - 02:00	;0	;Disminuir por100.0%	;Disminuir por100.0%	;0	; --%	;Disminuir por100.0%	;0	; --%	; --%	;0	; --%	;Disminuir por100.0%	;0	; --%	; --%	;0	; --%	;Disminuir por100.0%	;
1899	;08/19 02:00 - 03:00	;0	;Disminuir por100.0%	;Disminuir por100.0%	;0	;Disminuir por100.0%	;Disminuir por100.0%	;0	; --%	;Disminuir por100.0%	;0	; --%	;Disminuir por100.0%	;0	; --%	; --%	;0	; --%	; --%	;
1900	;08/19 03:00 - 04:00	;0	; --%	;Disminuir por100.0%	;0	; --%	; --%	;0	; --%	;Disminuir por100.0%	;0	;Disminuir por100.0%	;Disminuir por100.0%	;0	; --%	; --%	;0	; --%	;Disminuir por100.0%	;
1901	;08/19 04:00 - 05:00	;0	; --%	;Disminuir por100.0%	;0	;Disminuir por100.0%	;Disminuir por100.0%	;0	; --%	; --%	;0	; --%	;Disminuir por100.0%	;0	; --%	; --%	;0	; --%	;Disminuir por100.0%	;
1902	;08/19 05:00 - 06:00	;0	; --%	; --%	;0	;Disminuir por100.0%	; --%	;0	; --%	; --%	;0	; --%	; --%	;0	; --%	; --%	;0	;Disminuir por100.0%	;Disminuir por100.0%	;
1903	;08/19 06:00 - 07:00	;0	;Disminuir por100.0%	;Disminuir por100.0%	;0	;Disminuir por100.0%	;Disminuir por100.0%	;0	; --%	; --%	;0	;Disminuir por100.0%	;Disminuir por100.0%	;0	;Disminuir por100.0%	; --%	;0	;Disminuir por100.0%	; --%	;
1904	;08/19 07:00 - 08:00	;0	;Disminuir por100.0%	;Disminuir por100.0%	;0	;Disminuir por100.0%	;Disminuir por100.0%	;0	;Disminuir por100.0%	;Disminuir por100.0%	;0	;Disminuir por100.0%	;Disminuir por100.0%	;0	; --%	; --%	;0	;Disminuir por100.0%	;Disminuir por100.0%	;
1905	;08/19 08:00 - 09:00	;0	;Disminuir por100.0%	;Disminuir por100.0%	;0	;Disminuir por100.0%	;Disminuir por100.0%	;0	;Disminuir por100.0%	;Disminuir por100.0%	;0	;Disminuir por100.0%	;Disminuir por100.0%	;0	;Disminuir por100.0%	; --%	;0	;Disminuir por100.0%	; --%	;
1906	;08/19 09:00 - 10:00	;0	;Disminuir por100.0%	;Disminuir por100.0%	;0	;Disminuir por100.0%	;Disminuir por100.0%	;0	;Disminuir por100.0%	;Disminuir por100.0%	;0	;Disminuir por100.0%	;Disminuir por100.0%	;0	;Disminuir por100.0%	;Disminuir por100.0%	;0	;Disminuir por100.0%	;Disminuir por100.0%	;
1907	;08/19 10:00 - 11:00	;0	;Disminuir por100.0%	;Disminuir por100.0%	;0	;Disminuir por100.0%	;Disminuir por100.0%	;0	;Disminuir por100.0%	;Disminuir por100.0%	;0	;Disminuir por100.0%	;Disminuir por100.0%	;0	;Disminuir por100.0%	;Disminuir por100.0%	;0	;Disminuir por100.0%	;Disminuir por100.0%	;
1908	;08/19 11:00 - 12:00	;0	;Disminuir por100.0%	;Disminuir por100.0%	;0	;Disminuir por100.0%	;Disminuir por100.0%	;0	;Disminuir por100.0%	;Disminuir por100.0%	;0	;Disminuir por100.0%	;Disminuir por100.0%	;0	;Disminuir por100.0%	; --%	;0	;Disminuir por100.0%	;Disminuir por100.0%	;
1909	;08/19 12:00 - 13:00	;0	;Disminuir por100.0%	;Disminuir por100.0%	;0	;Disminuir por100.0%	;Disminuir por100.0%	;0	;Disminuir por100.0%	;Disminuir por100.0%	;0	;Disminuir por100.0%	;Disminuir por100.0%	;0	; --%	;Disminuir por100.0%	;0	;Disminuir por100.0%	;Disminuir por100.0%	;
1910	;08/19 13:00 - 14:00	;0	;Disminuir por100.0%	;Disminuir por100.0%	;0	;Disminuir por100.0%	;Disminuir por100.0%	;0	;Disminuir por100.0%	;Disminuir por100.0%	;0	;Disminuir por100.0%	;Disminuir por100.0%	;0	;Disminuir por100.0%	;Disminuir por100.0%	;0	;Disminuir por100.0%	;Disminuir por100.0%	;
1911	;08/19 14:00 - 15:00	;0	;Disminuir por100.0%	;Disminuir por100.0%	;0	;Disminuir por100.0%	;Disminuir por100.0%	;0	;Disminuir por100.0%	;Disminuir por100.0%	;0	;Disminuir por100.0%	;Disminuir por100.0%	;0	;Disminuir por100.0%	;Disminuir por100.0%	;0	;Disminuir por100.0%	;Disminuir por100.0%	;
1912	;08/19 15:00 - 16:00	;0	;Disminuir por100.0%	;Disminuir por100.0%	;0	;Disminuir por100.0%	;Disminuir por100.0%	;0	;Disminuir por100.0%	;Disminuir por100.0%	;0	;Disminuir por100.0%	;Disminuir por100.0%	;0	;Disminuir por100.0%	;Disminuir por100.0%	;0	;Disminuir por100.0%	;Disminuir por100.0%	;
1913	;08/19 16:00 - 17:00	;0	;Disminuir por100.0%	;Disminuir por100.0%	;0	;Disminuir por100.0%	;Disminuir por100.0%	;0	;Disminuir por100.0%	; --%	;0	;Disminuir por100.0%	;Disminuir por100.0%	;0	;Disminuir por100.0%	;Disminuir por100.0%	;0	;Disminuir por100.0%	;Disminuir por100.0%	;
1914	;08/19 17:00 - 18:00	;0	;Disminuir por100.0%	;Disminuir por100.0%	;0	;Disminuir por100.0%	;Disminuir por100.0%	;0	; --%	;Disminuir por100.0%	;0	;Disminuir por100.0%	;Disminuir por100.0%	;0	;Disminuir por100.0%	; --%	;0	;Disminuir por100.0%	;Disminuir por100.0%	;
1915	;08/19 18:00 - 19:00	;0	;Disminuir por100.0%	;Disminuir por100.0%	;0	;Disminuir por100.0%	;Disminuir por100.0%	;0	; --%	; --%	;0	;Disminuir por100.0%	;Disminuir por100.0%	;0	;Disminuir por100.0%	;Disminuir por100.0%	;0	;Disminuir por100.0%	;Disminuir por100.0%	;
1916	;08/19 19:00 - 20:00	;0	;Disminuir por100.0%	;Disminuir por100.0%	;0	;Disminuir por100.0%	;Disminuir por100.0%	;0	;Disminuir por100.0%	;Disminuir por100.0%	;0	;Disminuir por100.0%	;Disminuir por100.0%	;0	; --%	; --%	;0	;Disminuir por100.0%	;Disminuir por100.0%	;
1917	;08/19 20:00 - 21:00	;0	;Disminuir por100.0%	;Disminuir por100.0%	;0	;Disminuir por100.0%	;Disminuir por100.0%	;0	;Disminuir por100.0%	;Disminuir por100.0%	;0	;Disminuir por100.0%	;Disminuir por100.0%	;0	; --%	;Disminuir por100.0%	;0	;Disminuir por100.0%	;Disminuir por100.0%	;
1918	;08/19 21:00 - 22:00	;0	;Disminuir por100.0%	;Disminuir por100.0%	;0	;Disminuir por100.0%	;Disminuir por100.0%	;0	; --%	;Disminuir por100.0%	;0	;Disminuir por100.0%	;Disminuir por100.0%	;0	;Disminuir por100.0%	;Disminuir por100.0%	;0	;Disminuir por100.0%	;Disminuir por100.0%	;
1919	;08/19 22:00 - 23:00	;0	;Disminuir por100.0%	;Disminuir por100.0%	;0	;Disminuir por100.0%	;Disminuir por100.0%	;0	;Disminuir por100.0%	; --%	;0	;Disminuir por100.0%	;Disminuir por100.0%	;0	; --%	;Disminuir por100.0%	;0	;Disminuir por100.0%	;Disminuir por100.0%	;
1920	;08/19 23:00 - 24:00	;0	;Disminuir por100.0%	;Disminuir por100.0%	;0	;Disminuir por100.0%	;Disminuir por100.0%	;0	; --%	; --%	;0	;Disminuir por100.0%	;Disminuir por100.0%	;0	; --%	;Disminuir por100.0%	;0	;Disminuir por100.0%	;Disminuir por100.0%	;
1921	;08/20 00:00 - 01:00	;0	;Disminuir por100.0%	;Disminuir por100.0%	;0	;Disminuir por100.0%	;Disminuir por100.0%	;0	;Disminuir por100.0%	; --%	;0	;Disminuir por100.0%	;Disminuir por100.0%	;0	; --%	;Disminuir por100.0%	;0	;Disminuir por100.0%	;Disminuir por100.0%	;
1922	;08/20 01:00 - 02:00	;0	;Disminuir por100.0%	;Disminuir por100.0%	;0	;Disminuir por100.0%	;Disminuir por100.0%	;0	; --%	; --%	;0	;Disminuir por100.0%	;Disminuir por100.0%	;0	; --%	; --%	;0	; --%	;Disminuir por100.0%	;
1923	;08/20 02:00 - 03:00	;0	;Disminuir por100.0%	;Disminuir por100.0%	;0	;Disminuir por100.0%	;Disminuir por100.0%	;0	; --%	; --%	;0	; --%	; --%	;0	; --%	; --%	;0	; --%	; --%	;
1924	;08/20 03:00 - 04:00	;0	;Disminuir por100.0%	;Disminuir por100.0%	;0	; --%	;Disminuir por100.0%	;0	; --%	;Disminuir por100.0%	;0	; --%	;Disminuir por100.0%	;0	; --%	; --%	;0	; --%	;Disminuir por100.0%	;
1925	;08/20 04:00 - 05:00	;0	; --%	; --%	;0	; --%	; --%	;0	; --%	; --%	;0	; --%	; --%	;0	; --%	; --%	;0	; --%	; --%	;
1926	;08/20 05:00 - 06:00	;0	; --%	;Disminuir por100.0%	;0	;Disminuir por100.0%	;Disminuir por100.0%	;0	; --%	; --%	;0	; --%	; --%	;0	; --%	; --%	;0	;Disminuir por100.0%	;Disminuir por100.0%	;
1927	;08/20 06:00 - 07:00	;0	;Disminuir por100.0%	;Disminuir por100.0%	;0	;Disminuir por100.0%	;Disminuir por100.0%	;0	;Disminuir por100.0%	; --%	;0	;Disminuir por100.0%	;Disminuir por100.0%	;0	; --%	; --%	;0	;Disminuir por100.0%	; --%	;
1928	;08/20 07:00 - 08:00	;0	;Disminuir por100.0%	;Disminuir por100.0%	;0	;Disminuir por100.0%	;Disminuir por100.0%	;0	;Disminuir por100.0%	;Disminuir por100.0%	;0	;Disminuir por100.0%	;Disminuir por100.0%	;0	;Disminuir por100.0%	; --%	;0	;Disminuir por100.0%	;Disminuir por100.0%	;
1929	;08/20 08:00 - 09:00	;0	;Disminuir por100.0%	;Disminuir por100.0%	;0	;Disminuir por100.0%	;Disminuir por100.0%	;0	;Disminuir por100.0%	;Disminuir por100.0%	;0	;Disminuir por100.0%	;Disminuir por100.0%	;0	;Disminuir por100.0%	;Disminuir por100.0%	;0	;Disminuir por100.0%	;Disminuir por100.0%	;
1930	;08/20 09:00 - 10:00	;0	;Disminuir por100.0%	;Disminuir por100.0%	;0	;Disminuir por100.0%	;Disminuir por100.0%	;0	;Disminuir por100.0%	;Disminuir por100.0%	;0	;Disminuir por100.0%	;Disminuir por100.0%	;0	;Disminuir por100.0%	;Disminuir por100.0%	;0	;Disminuir por100.0%	;Disminuir por100.0%	;
1931	;08/20 10:00 - 11:00	;0	;Disminuir por100.0%	;Disminuir por100.0%	;0	;Disminuir por100.0%	;Disminuir por100.0%	;0	;Disminuir por100.0%	;Disminuir por100.0%	;0	;Disminuir por100.0%	;Disminuir por100.0%	;0	;Disminuir por100.0%	;Disminuir por100.0%	;0	;Disminuir por100.0%	;Disminuir por100.0%	;
1932	;08/20 11:00 - 12:00	;0	;Disminuir por100.0%	;Disminuir por100.0%	;0	;Disminuir por100.0%	;Disminuir por100.0%	;0	;Disminuir por100.0%	;Disminuir por100.0%	;0	;Disminuir por100.0%	;Disminuir por100.0%	;0	;Disminuir por100.0%	; --%	;0	;Disminuir por100.0%	;Disminuir por100.0%	;
1933	;08/20 12:00 - 13:00	;0	;Disminuir por100.0%	;Disminuir por100.0%	;0	;Disminuir por100.0%	;Disminuir por100.0%	;0	;Disminuir por100.0%	;Disminuir por100.0%	;0	;Disminuir por100.0%	;Disminuir por100.0%	;0	;Disminuir por100.0%	; --%	;0	;Disminuir por100.0%	;Disminuir por100.0%	;
1934	;08/20 13:00 - 14:00	;0	;Disminuir por100.0%	;Disminuir por100.0%	;0	;Disminuir por100.0%	;Disminuir por100.0%	;0	; --%	;Disminuir por100.0%	;0	;Disminuir por100.0%	;Disminuir por100.0%	;0	;Disminuir por100.0%	;Disminuir por100.0%	;0	;Disminuir por100.0%	;Disminuir por100.0%	;
1935	;08/20 14:00 - 15:00	;0	;Disminuir por100.0%	;Disminuir por100.0%	;0	;Disminuir por100.0%	;Disminuir por100.0%	;0	;Disminuir por100.0%	;Disminuir por100.0%	;0	;Disminuir por100.0%	;Disminuir por100.0%	;0	;Disminuir por100.0%	;Disminuir por100.0%	;0	;Disminuir por100.0%	;Disminuir por100.0%	;
1936	;08/20 15:00 - 16:00	;0	;Disminuir por100.0%	;Disminuir por100.0%	;0	;Disminuir por100.0%	;Disminuir por100.0%	;0	; --%	; --%	;0	;Disminuir por100.0%	;Disminuir por100.0%	;0	; --%	;Disminuir por100.0%	;0	;Disminuir por100.0%	;Disminuir por100.0%	;
1937	;08/20 16:00 - 17:00	;0	;Disminuir por100.0%	;Disminuir por100.0%	;0	;Disminuir por100.0%	;Disminuir por100.0%	;0	; --%	;Disminuir por100.0%	;0	;Disminuir por100.0%	;Disminuir por100.0%	;0	;Disminuir por100.0%	;Disminuir por100.0%	;0	;Disminuir por100.0%	;Disminuir por100.0%	;
1938	;08/20 17:00 - 18:00	;0	;Disminuir por100.0%	;Disminuir por100.0%	;0	;Disminuir por100.0%	;Disminuir por100.0%	;0	;Disminuir por100.0%	;Disminuir por100.0%	;0	;Disminuir por100.0%	;Disminuir por100.0%	;0	;Disminuir por100.0%	;Disminuir por100.0%	;0	;Disminuir por100.0%	;Disminuir por100.0%	;
1939	;08/20 18:00 - 19:00	;0	;Disminuir por100.0%	;Disminuir por100.0%	;0	;Disminuir por100.0%	;Disminuir por100.0%	;0	; --%	; --%	;0	;Disminuir por100.0%	;Disminuir por100.0%	;0	; --%	;Disminuir por100.0%	;0	;Disminuir por100.0%	;Disminuir por100.0%	;
1940	;08/20 19:00 - 20:00	;0	;Disminuir por100.0%	;Disminuir por100.0%	;0	;Disminuir por100.0%	;Disminuir por100.0%	;0	; --%	;Disminuir por100.0%	;0	;Disminuir por100.0%	;Disminuir por100.0%	;0	;Disminuir por100.0%	;Disminuir por100.0%	;0	;Disminuir por100.0%	;Disminuir por100.0%	;
1941	;08/20 20:00 - 21:00	;0	;Disminuir por100.0%	;Disminuir por100.0%	;0	;Disminuir por100.0%	;Disminuir por100.0%	;0	;Disminuir por100.0%	; --%	;0	;Disminuir por100.0%	;Disminuir por100.0%	;0	; --%	;Disminuir por100.0%	;0	;Disminuir por100.0%	;Disminuir por100.0%	;
1942	;08/20 21:00 - 22:00	;0	;Disminuir por100.0%	;Disminuir por100.0%	;0	;Disminuir por100.0%	;Disminuir por100.0%	;0	; --%	; --%	;0	;Disminuir por100.0%	;Disminuir por100.0%	;0	; --%	;Disminuir por100.0%	;0	;Disminuir por100.0%	;Disminuir por100.0%	;
1943	;08/20 22:00 - 23:00	;0	;Disminuir por100.0%	;Disminuir por100.0%	;0	;Disminuir por100.0%	;Disminuir por100.0%	;0	; --%	; --%	;0	;Disminuir por100.0%	;Disminuir por100.0%	;0	; --%	; --%	;0	;Disminuir por100.0%	;Disminuir por100.0%	;
1944	;08/20 23:00 - 24:00	;0	;Disminuir por100.0%	;Disminuir por100.0%	;0	;Disminuir por100.0%	;Disminuir por100.0%	;0	; --%	; --%	;0	;Disminuir por100.0%	; --%	;0	;Disminuir por100.0%	; --%	;0	;Disminuir por100.0%	;Disminuir por100.0%	;
1945	;08/21 00:00 - 01:00	;0	;Disminuir por100.0%	;Disminuir por100.0%	;0	;Disminuir por100.0%	;Disminuir por100.0%	;0	; --%	; --%	;0	; --%	; --%	;0	; --%	; --%	;0	;Disminuir por100.0%	;Disminuir por100.0%	;
1946	;08/21 01:00 - 02:00	;0	;Disminuir por100.0%	;Disminuir por100.0%	;0	; --%	;Disminuir por100.0%	;0	; --%	; --%	;0	; --%	;Disminuir por100.0%	;0	; --%	;Disminuir por100.0%	;0	; --%	;Disminuir por100.0%	;
1947	;08/21 02:00 - 03:00	;0	; --%	;Disminuir por100.0%	;0	; --%	;Disminuir por100.0%	;0	; --%	; --%	;0	; --%	;Disminuir por100.0%	;0	; --%	; --%	;0	; --%	;Disminuir por100.0%	;
1948	;08/21 03:00 - 04:00	;0	; --%	;Disminuir por100.0%	;0	; --%	;Disminuir por100.0%	;0	; --%	;Disminuir por100.0%	;0	; --%	;Disminuir por100.0%	;0	; --%	; --%	;0	; --%	; --%	;
1949	;08/21 04:00 - 05:00	;0	; --%	;Disminuir por100.0%	;0	; --%	;Disminuir por100.0%	;0	; --%	;Disminuir por100.0%	;0	; --%	;Disminuir por100.0%	;0	; --%	; --%	;0	; --%	;Disminuir por100.0%	;
1950	;08/21 05:00 - 06:00	;0	; --%	;Disminuir por100.0%	;0	;Disminuir por100.0%	;Disminuir por100.0%	;0	; --%	; --%	;0	; --%	;Disminuir por100.0%	;0	; --%	; --%	;0	;Disminuir por100.0%	; --%	;
1951	;08/21 06:00 - 07:00	;0	; --%	; --%	;0	;Disminuir por100.0%	;Disminuir por100.0%	;0	; --%	; --%	;0	;Disminuir por100.0%	;Disminuir por100.0%	;0	; --%	;Disminuir por100.0%	;0	; --%	;Disminuir por100.0%	;
1952	;08/21 07:00 - 08:00	;0	;Disminuir por100.0%	;Disminuir por100.0%	;0	;Disminuir por100.0%	;Disminuir por100.0%	;0	;Disminuir por100.0%	;Disminuir por100.0%	;0	;Disminuir por100.0%	;Disminuir por100.0%	;0	; --%	;Disminuir por100.0%	;0	;Disminuir por100.0%	;Disminuir por100.0%	;
1953	;08/21 08:00 - 09:00	;0	;Disminuir por100.0%	;Disminuir por100.0%	;0	;Disminuir por100.0%	;Disminuir por100.0%	;0	;Disminuir por100.0%	;Disminuir por100.0%	;0	;Disminuir por100.0%	;Disminuir por100.0%	;0	; --%	;Disminuir por100.0%	;0	;Disminuir por100.0%	;Disminuir por100.0%	;
1954	;08/21 09:00 - 10:00	;0	;Disminuir por100.0%	;Disminuir por100.0%	;0	;Disminuir por100.0%	;Disminuir por100.0%	;0	;Disminuir por100.0%	;Disminuir por100.0%	;0	;Disminuir por100.0%	;Disminuir por100.0%	;0	;Disminuir por100.0%	;Disminuir por100.0%	;0	;Disminuir por100.0%	;Disminuir por100.0%	;
1955	;08/21 10:00 - 11:00	;0	;Disminuir por100.0%	;Disminuir por100.0%	;0	;Disminuir por100.0%	;Disminuir por100.0%	;0	;Disminuir por100.0%	;Disminuir por100.0%	;0	;Disminuir por100.0%	;Disminuir por100.0%	;0	;Disminuir por100.0%	;Disminuir por100.0%	;0	;Disminuir por100.0%	;Disminuir por100.0%	;
1956	;08/21 11:00 - 12:00	;0	;Disminuir por100.0%	;Disminuir por100.0%	;0	;Disminuir por100.0%	;Disminuir por100.0%	;0	;Disminuir por100.0%	;Disminuir por100.0%	;0	;Disminuir por100.0%	;Disminuir por100.0%	;0	; --%	; --%	;0	;Disminuir por100.0%	;Disminuir por100.0%	;
1957	;08/21 12:00 - 13:00	;0	;Disminuir por100.0%	;Disminuir por100.0%	;0	;Disminuir por100.0%	;Disminuir por100.0%	;0	;Disminuir por100.0%	;Disminuir por100.0%	;0	;Disminuir por100.0%	;Disminuir por100.0%	;0	;Disminuir por100.0%	;Disminuir por100.0%	;0	;Disminuir por100.0%	;Disminuir por100.0%	;
1958	;08/21 13:00 - 14:00	;0	;Disminuir por100.0%	;Disminuir por100.0%	;0	;Disminuir por100.0%	;Disminuir por100.0%	;0	;Disminuir por100.0%	; --%	;0	;Disminuir por100.0%	;Disminuir por100.0%	;0	;Disminuir por100.0%	; --%	;0	;Disminuir por100.0%	;Disminuir por100.0%	;
1959	;08/21 14:00 - 15:00	;0	;Disminuir por100.0%	;Disminuir por100.0%	;0	;Disminuir por100.0%	;Disminuir por100.0%	;0	;Disminuir por100.0%	;Disminuir por100.0%	;0	;Disminuir por100.0%	;Disminuir por100.0%	;0	;Disminuir por100.0%	;Disminuir por100.0%	;0	;Disminuir por100.0%	;Disminuir por100.0%	;
1960	;08/21 15:00 - 16:00	;0	;Disminuir por100.0%	;Disminuir por100.0%	;0	;Disminuir por100.0%	;Disminuir por100.0%	;0	; --%	; --%	;0	;Disminuir por100.0%	;Disminuir por100.0%	;0	;Disminuir por100.0%	;Disminuir por100.0%	;0	;Disminuir por100.0%	;Disminuir por100.0%	;
1961	;08/21 16:00 - 17:00	;0	;Disminuir por100.0%	;Disminuir por100.0%	;0	;Disminuir por100.0%	;Disminuir por100.0%	;0	; --%	;Disminuir por100.0%	;0	;Disminuir por100.0%	;Disminuir por100.0%	;0	; --%	;Disminuir por100.0%	;0	;Disminuir por100.0%	;Disminuir por100.0%	;
1962	;08/21 17:00 - 18:00	;0	;Disminuir por100.0%	;Disminuir por100.0%	;0	;Disminuir por100.0%	;Disminuir por100.0%	;0	;Disminuir por100.0%	;Disminuir por100.0%	;0	;Disminuir por100.0%	;Disminuir por100.0%	;0	;Disminuir por100.0%	;Disminuir por100.0%	;0	;Disminuir por100.0%	;Disminuir por100.0%	;
1963	;08/21 18:00 - 19:00	;0	;Disminuir por100.0%	;Disminuir por100.0%	;0	;Disminuir por100.0%	;Disminuir por100.0%	;0	;Disminuir por100.0%	;Disminuir por100.0%	;0	;Disminuir por100.0%	;Disminuir por100.0%	;0	;Disminuir por100.0%	;Disminuir por100.0%	;0	;Disminuir por100.0%	;Disminuir por100.0%	;
1964	;08/21 19:00 - 20:00	;0	;Disminuir por100.0%	;Disminuir por100.0%	;0	;Disminuir por100.0%	;Disminuir por100.0%	;0	;Disminuir por100.0%	;Disminuir por100.0%	;0	;Disminuir por100.0%	;Disminuir por100.0%	;0	;Disminuir por100.0%	;Disminuir por100.0%	;0	;Disminuir por100.0%	;Disminuir por100.0%	;
1965	;08/21 20:00 - 21:00	;0	;Disminuir por100.0%	;Disminuir por100.0%	;0	;Disminuir por100.0%	;Disminuir por100.0%	;0	;Disminuir por100.0%	;Disminuir por100.0%	;0	;Disminuir por100.0%	;Disminuir por100.0%	;0	; --%	;Disminuir por100.0%	;0	;Disminuir por100.0%	;Disminuir por100.0%	;
1966	;08/21 21:00 - 22:00	;0	;Disminuir por100.0%	;Disminuir por100.0%	;0	;Disminuir por100.0%	;Disminuir por100.0%	;0	; --%	; --%	;0	;Disminuir por100.0%	;Disminuir por100.0%	;0	; --%	;Disminuir por100.0%	;0	;Disminuir por100.0%	;Disminuir por100.0%	;
1967	;08/21 22:00 - 23:00	;0	;Disminuir por100.0%	;Disminuir por100.0%	;0	;Disminuir por100.0%	;Disminuir por100.0%	;0	; --%	; --%	;0	;Disminuir por100.0%	;Disminuir por100.0%	;0	; --%	;Disminuir por100.0%	;0	;Disminuir por100.0%	;Disminuir por100.0%	;
1968	;08/21 23:00 - 24:00	;0	;Disminuir por100.0%	;Disminuir por100.0%	;0	;Disminuir por100.0%	;Disminuir por100.0%	;0	; --%	;Disminuir por100.0%	;0	;Disminuir por100.0%	;Disminuir por100.0%	;0	; --%	; --%	;0	;Disminuir por100.0%	;Disminuir por100.0%	;
1969	;08/22 00:00 - 01:00	;0	;Disminuir por100.0%	;Disminuir por100.0%	;0	;Disminuir por100.0%	;Disminuir por100.0%	;0	; --%	; --%	;0	;Disminuir por100.0%	;Disminuir por100.0%	;0	; --%	;Disminuir por100.0%	;0	;Disminuir por100.0%	;Disminuir por100.0%	;
1970	;08/22 01:00 - 02:00	;0	;Disminuir por100.0%	;Disminuir por100.0%	;0	;Disminuir por100.0%	;Disminuir por100.0%	;0	; --%	; --%	;0	;Disminuir por100.0%	;Disminuir por100.0%	;0	; --%	;Disminuir por100.0%	;0	;Disminuir por100.0%	;Disminuir por100.0%	;
1971	;08/22 02:00 - 03:00	;0	;Disminuir por100.0%	;Disminuir por100.0%	;0	;Disminuir por100.0%	;Disminuir por100.0%	;0	; --%	; --%	;0	; --%	; --%	;0	; --%	; --%	;0	;Disminuir por100.0%	;Disminuir por100.0%	;
1972	;08/22 03:00 - 04:00	;0	; --%	;Disminuir por100.0%	;0	; --%	;Disminuir por100.0%	;0	; --%	;Disminuir por100.0%	;0	; --%	;Disminuir por100.0%	;0	; --%	; --%	;0	;Disminuir por100.0%	;Disminuir por100.0%	;
1973	;08/22 04:00 - 05:00	;0	; --%	;Disminuir por100.0%	;0	; --%	;Disminuir por100.0%	;0	; --%	; --%	;0	; --%	; --%	;0	; --%	; --%	;0	; --%	;Disminuir por100.0%	;
1974	;08/22 05:00 - 06:00	;0	; --%	; --%	;0	;Disminuir por100.0%	;Disminuir por100.0%	;0	; --%	; --%	;0	; --%	;Disminuir por100.0%	;0	; --%	; --%	;0	;Disminuir por100.0%	; --%	;
1975	;08/22 06:00 - 07:00	;0	; --%	;Disminuir por100.0%	;0	;Disminuir por100.0%	;Disminuir por100.0%	;0	; --%	;Disminuir por100.0%	;0	; --%	; --%	;0	;Disminuir por100.0%	; --%	;0	;Disminuir por100.0%	;Disminuir por100.0%	;
1976	;08/22 07:00 - 08:00	;0	;Disminuir por100.0%	;Disminuir por100.0%	;0	;Disminuir por100.0%	;Disminuir por100.0%	;0	;Disminuir por100.0%	;Disminuir por100.0%	;0	;Disminuir por100.0%	;Disminuir por100.0%	;0	; --%	;Disminuir por100.0%	;0	;Disminuir por100.0%	;Disminuir por100.0%	;
1977	;08/22 08:00 - 09:00	;0	;Disminuir por100.0%	;Disminuir por100.0%	;0	;Disminuir por100.0%	;Disminuir por100.0%	;0	;Disminuir por100.0%	;Disminuir por100.0%	;0	;Disminuir por100.0%	;Disminuir por100.0%	;0	; --%	;Disminuir por100.0%	;0	;Disminuir por100.0%	;Disminuir por100.0%	;
1978	;08/22 09:00 - 10:00	;0	;Disminuir por100.0%	;Disminuir por100.0%	;0	;Disminuir por100.0%	;Disminuir por100.0%	;0	;Disminuir por100.0%	;Disminuir por100.0%	;0	;Disminuir por100.0%	;Disminuir por100.0%	;0	;Disminuir por100.0%	;Disminuir por100.0%	;0	;Disminuir por100.0%	;Disminuir por100.0%	;
1979	;08/22 10:00 - 11:00	;0	;Disminuir por100.0%	;Disminuir por100.0%	;0	;Disminuir por100.0%	;Disminuir por100.0%	;0	;Disminuir por100.0%	;Disminuir por100.0%	;0	;Disminuir por100.0%	;Disminuir por100.0%	;0	; --%	;Disminuir por100.0%	;0	;Disminuir por100.0%	;Disminuir por100.0%	;
1980	;08/22 11:00 - 12:00	;0	;Disminuir por100.0%	;Disminuir por100.0%	;0	;Disminuir por100.0%	;Disminuir por100.0%	;0	;Disminuir por100.0%	;Disminuir por100.0%	;0	;Disminuir por100.0%	;Disminuir por100.0%	;0	;Disminuir por100.0%	;Disminuir por100.0%	;0	;Disminuir por100.0%	;Disminuir por100.0%	;
1981	;08/22 12:00 - 13:00	;0	;Disminuir por100.0%	;Disminuir por100.0%	;0	;Disminuir por100.0%	;Disminuir por100.0%	;0	;Disminuir por100.0%	;Disminuir por100.0%	;0	;Disminuir por100.0%	;Disminuir por100.0%	;0	; --%	; --%	;0	;Disminuir por100.0%	;Disminuir por100.0%	;
1982	;08/22 13:00 - 14:00	;0	;Disminuir por100.0%	;Disminuir por100.0%	;0	;Disminuir por100.0%	;Disminuir por100.0%	;0	; --%	;Disminuir por100.0%	;0	;Disminuir por100.0%	;Disminuir por100.0%	;0	; --%	;Disminuir por100.0%	;0	;Disminuir por100.0%	;Disminuir por100.0%	;
1983	;08/22 14:00 - 15:00	;0	;Disminuir por100.0%	;Disminuir por100.0%	;0	;Disminuir por100.0%	;Disminuir por100.0%	;0	;Disminuir por100.0%	;Disminuir por100.0%	;0	;Disminuir por100.0%	;Disminuir por100.0%	;0	;Disminuir por100.0%	;Disminuir por100.0%	;0	;Disminuir por100.0%	;Disminuir por100.0%	;
1984	;08/22 15:00 - 16:00	;0	;Disminuir por100.0%	;Disminuir por100.0%	;0	;Disminuir por100.0%	;Disminuir por100.0%	;0	;Disminuir por100.0%	;Disminuir por100.0%	;0	;Disminuir por100.0%	;Disminuir por100.0%	;0	; --%	;Disminuir por100.0%	;0	;Disminuir por100.0%	;Disminuir por100.0%	;
1985	;08/22 16:00 - 17:00	;0	;Disminuir por100.0%	;Disminuir por100.0%	;0	;Disminuir por100.0%	;Disminuir por100.0%	;0	;Disminuir por100.0%	;Disminuir por100.0%	;0	;Disminuir por100.0%	;Disminuir por100.0%	;0	;Disminuir por100.0%	;Disminuir por100.0%	;0	;Disminuir por100.0%	;Disminuir por100.0%	;
1986	;08/22 17:00 - 18:00	;0	;Disminuir por100.0%	;Disminuir por100.0%	;0	;Disminuir por100.0%	;Disminuir por100.0%	;0	;Disminuir por100.0%	;Disminuir por100.0%	;0	;Disminuir por100.0%	;Disminuir por100.0%	;0	;Disminuir por100.0%	; --%	;0	;Disminuir por100.0%	;Disminuir por100.0%	;
1987	;08/22 18:00 - 19:00	;0	;Disminuir por100.0%	;Disminuir por100.0%	;0	;Disminuir por100.0%	;Disminuir por100.0%	;0	;Disminuir por100.0%	; --%	;0	;Disminuir por100.0%	;Disminuir por100.0%	;0	;Disminuir por100.0%	;Disminuir por100.0%	;0	;Disminuir por100.0%	;Disminuir por100.0%	;
1988	;08/22 19:00 - 20:00	;0	;Disminuir por100.0%	;Disminuir por100.0%	;0	;Disminuir por100.0%	;Disminuir por100.0%	;0	; --%	;Disminuir por100.0%	;0	;Disminuir por100.0%	;Disminuir por100.0%	;0	; --%	;Disminuir por100.0%	;0	;Disminuir por100.0%	;Disminuir por100.0%	;
1989	;08/22 20:00 - 21:00	;0	;Disminuir por100.0%	;Disminuir por100.0%	;0	;Disminuir por100.0%	;Disminuir por100.0%	;0	;Disminuir por100.0%	;Disminuir por100.0%	;0	;Disminuir por100.0%	;Disminuir por100.0%	;0	;Disminuir por100.0%	;Disminuir por100.0%	;0	;Disminuir por100.0%	;Disminuir por100.0%	;
1990	;08/22 21:00 - 22:00	;0	;Disminuir por100.0%	;Disminuir por100.0%	;0	;Disminuir por100.0%	;Disminuir por100.0%	;0	; --%	; --%	;0	;Disminuir por100.0%	;Disminuir por100.0%	;0	;Disminuir por100.0%	; --%	;0	;Disminuir por100.0%	;Disminuir por100.0%	;
1991	;08/22 22:00 - 23:00	;0	;Disminuir por100.0%	;Disminuir por100.0%	;0	;Disminuir por100.0%	;Disminuir por100.0%	;0	; --%	; --%	;0	;Disminuir por100.0%	;Disminuir por100.0%	;0	;Disminuir por100.0%	;Disminuir por100.0%	;0	;Disminuir por100.0%	;Disminuir por100.0%	;
1992	;08/22 23:00 - 24:00	;0	;Disminuir por100.0%	;Disminuir por100.0%	;0	;Disminuir por100.0%	;Disminuir por100.0%	;0	; --%	;Disminuir por100.0%	;0	;Disminuir por100.0%	;Disminuir por100.0%	;0	; --%	;Disminuir por100.0%	;0	;Disminuir por100.0%	;Disminuir por100.0%	;
1993	;08/23 00:00 - 01:00	;0	;Disminuir por100.0%	;Disminuir por100.0%	;0	;Disminuir por100.0%	;Disminuir por100.0%	;0	; --%	;Disminuir por100.0%	;0	;Disminuir por100.0%	;Disminuir por100.0%	;0	; --%	;Disminuir por100.0%	;0	;Disminuir por100.0%	;Disminuir por100.0%	;
1994	;08/23 01:00 - 02:00	;0	;Disminuir por100.0%	;Disminuir por100.0%	;0	;Disminuir por100.0%	;Disminuir por100.0%	;0	; --%	; --%	;0	;Disminuir por100.0%	;Disminuir por100.0%	;0	; --%	; --%	;0	; --%	;Disminuir por100.0%	;
1995	;08/23 02:00 - 03:00	;0	;Disminuir por100.0%	;Disminuir por100.0%	;0	;Disminuir por100.0%	;Disminuir por100.0%	;0	; --%	; --%	;0	; --%	; --%	;0	; --%	; --%	;0	; --%	;Disminuir por100.0%	;
1996	;08/23 03:00 - 04:00	;0	;Disminuir por100.0%	;Disminuir por100.0%	;0	;Disminuir por100.0%	;Disminuir por100.0%	;0	; --%	;Disminuir por100.0%	;0	; --%	;Disminuir por100.0%	;0	; --%	; --%	;0	; --%	;Disminuir por100.0%	;
1997	;08/23 04:00 - 05:00	;0	; --%	;Disminuir por100.0%	;0	;Disminuir por100.0%	; --%	;0	; --%	; --%	;0	; --%	;Disminuir por100.0%	;0	; --%	; --%	;0	; --%	;Disminuir por100.0%	;
1998	;08/23 05:00 - 06:00	;0	; --%	; --%	;0	;Disminuir por100.0%	; --%	;0	; --%	; --%	;0	; --%	;Disminuir por100.0%	;0	; --%	; --%	;0	;Disminuir por100.0%	; --%	;
1999	;08/23 06:00 - 07:00	;0	;Disminuir por100.0%	;Disminuir por100.0%	;0	;Disminuir por100.0%	;Disminuir por100.0%	;0	; --%	; --%	;0	; --%	;Disminuir por100.0%	;0	; --%	;Disminuir por100.0%	;0	; --%	; --%	;
2000	;08/23 07:00 - 08:00	;0	;Disminuir por100.0%	;Disminuir por100.0%	;0	;Disminuir por100.0%	;Disminuir por100.0%	;0	; --%	; --%	;0	;Disminuir por100.0%	;Disminuir por100.0%	;0	; --%	; --%	;0	;Disminuir por100.0%	;Disminuir por100.0%	;
2001	;08/23 08:00 - 09:00	;0	;Disminuir por100.0%	;Disminuir por100.0%	;0	;Disminuir por100.0%	;Disminuir por100.0%	;0	;Disminuir por100.0%	; --%	;0	;Disminuir por100.0%	;Disminuir por100.0%	;0	;Disminuir por100.0%	;Disminuir por100.0%	;0	;Disminuir por100.0%	;Disminuir por100.0%	;
2002	;08/23 09:00 - 10:00	;0	;Disminuir por100.0%	;Disminuir por100.0%	;0	;Disminuir por100.0%	;Disminuir por100.0%	;0	;Disminuir por100.0%	;Disminuir por100.0%	;0	;Disminuir por100.0%	;Disminuir por100.0%	;0	;Disminuir por100.0%	;Disminuir por100.0%	;0	;Disminuir por100.0%	;Disminuir por100.0%	;
2003	;08/23 10:00 - 11:00	;0	;Disminuir por100.0%	;Disminuir por100.0%	;0	;Disminuir por100.0%	;Disminuir por100.0%	;0	;Disminuir por100.0%	;Disminuir por100.0%	;0	;Disminuir por100.0%	;Disminuir por100.0%	;0	; --%	;Disminuir por100.0%	;0	;Disminuir por100.0%	;Disminuir por100.0%	;
2004	;08/23 11:00 - 12:00	;0	;Disminuir por100.0%	;Disminuir por100.0%	;0	;Disminuir por100.0%	;Disminuir por100.0%	;0	;Disminuir por100.0%	;Disminuir por100.0%	;0	;Disminuir por100.0%	;Disminuir por100.0%	;0	; --%	; --%	;0	;Disminuir por100.0%	;Disminuir por100.0%	;
2005	;08/23 12:00 - 13:00	;0	;Disminuir por100.0%	;Disminuir por100.0%	;0	;Disminuir por100.0%	;Disminuir por100.0%	;0	;Disminuir por100.0%	; --%	;0	;Disminuir por100.0%	;Disminuir por100.0%	;0	;Disminuir por100.0%	;Disminuir por100.0%	;0	;Disminuir por100.0%	;Disminuir por100.0%	;
2006	;08/23 13:00 - 14:00	;0	;Disminuir por100.0%	;Disminuir por100.0%	;0	;Disminuir por100.0%	;Disminuir por100.0%	;0	;Disminuir por100.0%	;Disminuir por100.0%	;0	;Disminuir por100.0%	;Disminuir por100.0%	;0	;Disminuir por100.0%	;Disminuir por100.0%	;0	;Disminuir por100.0%	;Disminuir por100.0%	;
2007	;08/23 14:00 - 15:00	;0	;Disminuir por100.0%	;Disminuir por100.0%	;0	;Disminuir por100.0%	;Disminuir por100.0%	;0	;Disminuir por100.0%	; --%	;0	;Disminuir por100.0%	;Disminuir por100.0%	;0	;Disminuir por100.0%	; --%	;0	;Disminuir por100.0%	;Disminuir por100.0%	;
2008	;08/23 15:00 - 16:00	;0	;Disminuir por100.0%	;Disminuir por100.0%	;0	;Disminuir por100.0%	;Disminuir por100.0%	;0	; --%	;Disminuir por100.0%	;0	;Disminuir por100.0%	;Disminuir por100.0%	;0	; --%	;Disminuir por100.0%	;0	;Disminuir por100.0%	;Disminuir por100.0%	;
2009	;08/23 16:00 - 17:00	;0	;Disminuir por100.0%	;Disminuir por100.0%	;0	;Disminuir por100.0%	;Disminuir por100.0%	;0	; --%	;Disminuir por100.0%	;0	;Disminuir por100.0%	;Disminuir por100.0%	;0	; --%	; --%	;0	;Disminuir por100.0%	;Disminuir por100.0%	;
2010	;08/23 17:00 - 18:00	;0	;Disminuir por100.0%	;Disminuir por100.0%	;0	;Disminuir por100.0%	;Disminuir por100.0%	;0	; --%	;Disminuir por100.0%	;0	;Disminuir por100.0%	;Disminuir por100.0%	;0	;Disminuir por100.0%	;Disminuir por100.0%	;0	;Disminuir por100.0%	;Disminuir por100.0%	;
2011	;08/23 18:00 - 19:00	;0	;Disminuir por100.0%	;Disminuir por100.0%	;0	;Disminuir por100.0%	;Disminuir por100.0%	;0	;Disminuir por100.0%	;Disminuir por100.0%	;0	;Disminuir por100.0%	;Disminuir por100.0%	;0	;Disminuir por100.0%	;Disminuir por100.0%	;0	;Disminuir por100.0%	;Disminuir por100.0%	;
2012	;08/23 19:00 - 20:00	;0	;Disminuir por100.0%	;Disminuir por100.0%	;0	;Disminuir por100.0%	;Disminuir por100.0%	;0	;Disminuir por100.0%	;Disminuir por100.0%	;0	;Disminuir por100.0%	;Disminuir por100.0%	;0	;Disminuir por100.0%	;Disminuir por100.0%	;0	;Disminuir por100.0%	;Disminuir por100.0%	;
2013	;08/23 20:00 - 21:00	;0	;Disminuir por100.0%	;Disminuir por100.0%	;0	;Disminuir por100.0%	;Disminuir por100.0%	;0	;Disminuir por100.0%	;Disminuir por100.0%	;0	;Disminuir por100.0%	;Disminuir por100.0%	;0	;Disminuir por100.0%	;Disminuir por100.0%	;0	;Disminuir por100.0%	;Disminuir por100.0%	;
2014	;08/23 21:00 - 22:00	;0	;Disminuir por100.0%	;Disminuir por100.0%	;0	;Disminuir por100.0%	;Disminuir por100.0%	;0	;Disminuir por100.0%	; --%	;0	;Disminuir por100.0%	; --%	;0	;Disminuir por100.0%	;Disminuir por100.0%	;0	;Disminuir por100.0%	;Disminuir por100.0%	;
2015	;08/23 22:00 - 23:00	;0	;Disminuir por100.0%	;Disminuir por100.0%	;0	;Disminuir por100.0%	;Disminuir por100.0%	;0	; --%	; --%	;0	;Disminuir por100.0%	;Disminuir por100.0%	;0	; --%	;Disminuir por100.0%	;0	;Disminuir por100.0%	;Disminuir por100.0%	;
2016	;08/23 23:00 - 24:00	;0	;Disminuir por100.0%	;Disminuir por100.0%	;0	;Disminuir por100.0%	;Disminuir por100.0%	;0	; --%	; --%	;0	;Disminuir por100.0%	;Disminuir por100.0%	;0	; --%	;Disminuir por100.0%	;0	;Disminuir por100.0%	;Disminuir por100.0%	;
2017	;08/24 00:00 - 01:00	;0	;Disminuir por100.0%	;Disminuir por100.0%	;0	;Disminuir por100.0%	;Disminuir por100.0%	;0	; --%	; --%	;0	;Disminuir por100.0%	;Disminuir por100.0%	;0	; --%	;Disminuir por100.0%	;0	;Disminuir por100.0%	;Disminuir por100.0%	;
2018	;08/24 01:00 - 02:00	;0	;Disminuir por100.0%	;Disminuir por100.0%	;0	;Disminuir por100.0%	;Disminuir por100.0%	;0	; --%	; --%	;0	;Disminuir por100.0%	;Disminuir por100.0%	;0	; --%	; --%	;0	;Disminuir por100.0%	;Disminuir por100.0%	;
2019	;08/24 02:00 - 03:00	;0	;Disminuir por100.0%	;Disminuir por100.0%	;0	;Disminuir por100.0%	;Disminuir por100.0%	;0	; --%	; --%	;0	; --%	;Disminuir por100.0%	;0	; --%	; --%	;0	; --%	; --%	;
2020	;08/24 03:00 - 04:00	;0	;Disminuir por100.0%	;Disminuir por100.0%	;0	; --%	; --%	;0	; --%	;Disminuir por100.0%	;0	; --%	;Disminuir por100.0%	;0	; --%	; --%	;0	; --%	; --%	;
2021	;08/24 04:00 - 05:00	;0	; --%	;Disminuir por100.0%	;0	; --%	; --%	;0	; --%	; --%	;0	; --%	;Disminuir por100.0%	;0	; --%	; --%	;0	;Disminuir por100.0%	; --%	;
2022	;08/24 05:00 - 06:00	;0	;Disminuir por100.0%	;Disminuir por100.0%	;0	;Disminuir por100.0%	;Disminuir por100.0%	;0	; --%	; --%	;0	; --%	;Disminuir por100.0%	;0	; --%	; --%	;0	;Disminuir por100.0%	;Disminuir por100.0%	;
2023	;08/24 06:00 - 07:00	;0	;Disminuir por100.0%	;Disminuir por100.0%	;0	;Disminuir por100.0%	;Disminuir por100.0%	;0	; --%	; --%	;0	; --%	; --%	;0	; --%	; --%	;0	; --%	; --%	;
2024	;08/24 07:00 - 08:00	;0	;Disminuir por100.0%	;Disminuir por100.0%	;0	;Disminuir por100.0%	;Disminuir por100.0%	;0	;Disminuir por100.0%	; --%	;0	;Disminuir por100.0%	;Disminuir por100.0%	;0	;Disminuir por100.0%	;Disminuir por100.0%	;0	;Disminuir por100.0%	;Disminuir por100.0%	;
2025	;08/24 08:00 - 09:00	;0	;Disminuir por100.0%	;Disminuir por100.0%	;0	;Disminuir por100.0%	;Disminuir por100.0%	;0	;Disminuir por100.0%	; --%	;0	;Disminuir por100.0%	;Disminuir por100.0%	;0	;Disminuir por100.0%	;Disminuir por100.0%	;0	;Disminuir por100.0%	;Disminuir por100.0%	;
2026	;08/24 09:00 - 10:00	;0	;Disminuir por100.0%	;Disminuir por100.0%	;0	;Disminuir por100.0%	;Disminuir por100.0%	;0	;Disminuir por100.0%	;Disminuir por100.0%	;0	;Disminuir por100.0%	;Disminuir por100.0%	;0	;Disminuir por100.0%	;Disminuir por100.0%	;0	;Disminuir por100.0%	;Disminuir por100.0%	;
2027	;08/24 10:00 - 11:00	;0	;Disminuir por100.0%	;Disminuir por100.0%	;0	;Disminuir por100.0%	;Disminuir por100.0%	;0	;Disminuir por100.0%	; --%	;0	;Disminuir por100.0%	;Disminuir por100.0%	;0	; --%	; --%	;0	;Disminuir por100.0%	;Disminuir por100.0%	;
2028	;08/24 11:00 - 12:00	;0	;Disminuir por100.0%	;Disminuir por100.0%	;0	;Disminuir por100.0%	;Disminuir por100.0%	;0	;Disminuir por100.0%	;Disminuir por100.0%	;0	;Disminuir por100.0%	;Disminuir por100.0%	;0	;Disminuir por100.0%	;Disminuir por100.0%	;0	;Disminuir por100.0%	;Disminuir por100.0%	;
2029	;08/24 12:00 - 13:00	;0	;Disminuir por100.0%	;Disminuir por100.0%	;0	;Disminuir por100.0%	;Disminuir por100.0%	;0	;Disminuir por100.0%	; --%	;0	;Disminuir por100.0%	;Disminuir por100.0%	;0	; --%	; --%	;0	;Disminuir por100.0%	;Disminuir por100.0%	;
2030	;08/24 13:00 - 14:00	;0	;Disminuir por100.0%	;Disminuir por100.0%	;0	;Disminuir por100.0%	;Disminuir por100.0%	;0	;Disminuir por100.0%	; --%	;0	;Disminuir por100.0%	;Disminuir por100.0%	;0	;Disminuir por100.0%	; --%	;0	;Disminuir por100.0%	;Disminuir por100.0%	;
2031	;08/24 14:00 - 15:00	;0	;Disminuir por100.0%	;Disminuir por100.0%	;0	;Disminuir por100.0%	;Disminuir por100.0%	;0	; --%	; --%	;0	; --%	;Disminuir por100.0%	;0	;Disminuir por100.0%	; --%	;0	;Disminuir por100.0%	;Disminuir por100.0%	;
2032	;08/24 15:00 - 16:00	;0	;Disminuir por100.0%	;Disminuir por100.0%	;0	;Disminuir por100.0%	;Disminuir por100.0%	;0	;Disminuir por100.0%	; --%	;0	;Disminuir por100.0%	;Disminuir por100.0%	;0	; --%	; --%	;0	;Disminuir por100.0%	;Disminuir por100.0%	;
2033	;08/24 16:00 - 17:00	;0	;Disminuir por100.0%	;Disminuir por100.0%	;0	;Disminuir por100.0%	;Disminuir por100.0%	;0	; --%	; --%	;0	;Disminuir por100.0%	;Disminuir por100.0%	;0	; --%	; --%	;0	;Disminuir por100.0%	;Disminuir por100.0%	;
2034	;08/24 17:00 - 18:00	;0	;Disminuir por100.0%	;Disminuir por100.0%	;0	;Disminuir por100.0%	;Disminuir por100.0%	;0	;Disminuir por100.0%	;Disminuir por100.0%	;0	;Disminuir por100.0%	;Disminuir por100.0%	;0	;Disminuir por100.0%	;Disminuir por100.0%	;0	;Disminuir por100.0%	;Disminuir por100.0%	;
2035	;08/24 18:00 - 19:00	;0	;Disminuir por100.0%	;Disminuir por100.0%	;0	;Disminuir por100.0%	;Disminuir por100.0%	;0	;Disminuir por100.0%	;Disminuir por100.0%	;0	;Disminuir por100.0%	;Disminuir por100.0%	;0	; --%	;Disminuir por100.0%	;0	;Disminuir por100.0%	;Disminuir por100.0%	;
2036	;08/24 19:00 - 20:00	;0	;Disminuir por100.0%	;Disminuir por100.0%	;0	;Disminuir por100.0%	;Disminuir por100.0%	;0	;Disminuir por100.0%	;Disminuir por100.0%	;0	;Disminuir por100.0%	;Disminuir por100.0%	;0	;Disminuir por100.0%	;Disminuir por100.0%	;0	;Disminuir por100.0%	;Disminuir por100.0%	;
2037	;08/24 20:00 - 21:00	;0	;Disminuir por100.0%	;Disminuir por100.0%	;0	;Disminuir por100.0%	;Disminuir por100.0%	;0	; --%	;Disminuir por100.0%	;0	;Disminuir por100.0%	;Disminuir por100.0%	;0	;Disminuir por100.0%	;Disminuir por100.0%	;0	;Disminuir por100.0%	;Disminuir por100.0%	;
2038	;08/24 21:00 - 22:00	;0	;Disminuir por100.0%	;Disminuir por100.0%	;0	;Disminuir por100.0%	;Disminuir por100.0%	;0	; --%	;Disminuir por100.0%	;0	;Disminuir por100.0%	;Disminuir por100.0%	;0	;Disminuir por100.0%	;Disminuir por100.0%	;0	;Disminuir por100.0%	;Disminuir por100.0%	;
2039	;08/24 22:00 - 23:00	;0	;Disminuir por100.0%	;Disminuir por100.0%	;0	;Disminuir por100.0%	;Disminuir por100.0%	;0	;Disminuir por100.0%	; --%	;0	;Disminuir por100.0%	; --%	;0	; --%	; --%	;0	;Disminuir por100.0%	;Disminuir por100.0%	;
2040	;08/24 23:00 - 24:00	;0	;Disminuir por100.0%	;Disminuir por100.0%	;0	;Disminuir por100.0%	;Disminuir por100.0%	;0	; --%	; --%	;0	;Disminuir por100.0%	;Disminuir por100.0%	;0	; --%	; --%	;0	;Disminuir por100.0%	;Disminuir por100.0%	;
2041	;08/25 00:00 - 01:00	;0	;Disminuir por100.0%	;Disminuir por100.0%	;0	;Disminuir por100.0%	;Disminuir por100.0%	;0	; --%	; --%	;0	;Disminuir por100.0%	;Disminuir por100.0%	;0	; --%	;Disminuir por100.0%	;0	;Disminuir por100.0%	;Disminuir por100.0%	;
2042	;08/25 01:00 - 02:00	;0	;Disminuir por100.0%	;Disminuir por100.0%	;0	;Disminuir por100.0%	;Disminuir por100.0%	;0	; --%	; --%	;0	;Disminuir por100.0%	; --%	;0	; --%	; --%	;0	; --%	;Disminuir por100.0%	;
2043	;08/25 02:00 - 03:00	;0	; --%	;Disminuir por100.0%	;0	; --%	;Disminuir por100.0%	;0	; --%	; --%	;0	; --%	;Disminuir por100.0%	;0	; --%	; --%	;0	; --%	;Disminuir por100.0%	;
2044	;08/25 03:00 - 04:00	;0	; --%	;Disminuir por100.0%	;0	; --%	;Disminuir por100.0%	;0	; --%	;Disminuir por100.0%	;0	; --%	;Disminuir por100.0%	;0	; --%	; --%	;0	; --%	;Disminuir por100.0%	;
2045	;08/25 04:00 - 05:00	;0	; --%	;Disminuir por100.0%	;0	; --%	; --%	;0	; --%	; --%	;0	; --%	; --%	;0	; --%	; --%	;0	; --%	;Disminuir por100.0%	;
2046	;08/25 05:00 - 06:00	;0	;Disminuir por100.0%	; --%	;0	;Disminuir por100.0%	;Disminuir por100.0%	;0	; --%	; --%	;0	; --%	;Disminuir por100.0%	;0	; --%	; --%	;0	;Disminuir por100.0%	;Disminuir por100.0%	;
2047	;08/25 06:00 - 07:00	;0	;Disminuir por100.0%	; --%	;0	;Disminuir por100.0%	;Disminuir por100.0%	;0	; --%	; --%	;0	;Disminuir por100.0%	;Disminuir por100.0%	;0	; --%	;Disminuir por100.0%	;0	; --%	; --%	;
2048	;08/25 07:00 - 08:00	;0	;Disminuir por100.0%	;Disminuir por100.0%	;0	;Disminuir por100.0%	;Disminuir por100.0%	;0	;Disminuir por100.0%	;Disminuir por100.0%	;0	;Disminuir por100.0%	;Disminuir por100.0%	;0	; --%	; --%	;0	;Disminuir por100.0%	;Disminuir por100.0%	;
2049	;08/25 08:00 - 09:00	;0	;Disminuir por100.0%	;Disminuir por100.0%	;0	;Disminuir por100.0%	;Disminuir por100.0%	;0	; --%	;Disminuir por100.0%	;0	;Disminuir por100.0%	;Disminuir por100.0%	;0	;Disminuir por100.0%	;Disminuir por100.0%	;0	;Disminuir por100.0%	;Disminuir por100.0%	;
2050	;08/25 09:00 - 10:00	;0	;Disminuir por100.0%	;Disminuir por100.0%	;0	;Disminuir por100.0%	;Disminuir por100.0%	;0	; --%	;Disminuir por100.0%	;0	;Disminuir por100.0%	;Disminuir por100.0%	;0	;Disminuir por100.0%	;Disminuir por100.0%	;0	;Disminuir por100.0%	;Disminuir por100.0%	;
2051	;08/25 10:00 - 11:00	;0	;Disminuir por100.0%	;Disminuir por100.0%	;0	;Disminuir por100.0%	;Disminuir por100.0%	;0	;Disminuir por100.0%	;Disminuir por100.0%	;0	;Disminuir por100.0%	;Disminuir por100.0%	;0	; --%	;Disminuir por100.0%	;0	;Disminuir por100.0%	;Disminuir por100.0%	;
2052	;08/25 11:00 - 12:00	;0	;Disminuir por100.0%	;Disminuir por100.0%	;0	;Disminuir por100.0%	;Disminuir por100.0%	;0	;Disminuir por100.0%	;Disminuir por100.0%	;0	;Disminuir por100.0%	;Disminuir por100.0%	;0	;Disminuir por100.0%	;Disminuir por100.0%	;0	;Disminuir por100.0%	;Disminuir por100.0%	;
2053	;08/25 12:00 - 13:00	;0	;Disminuir por100.0%	;Disminuir por100.0%	;0	;Disminuir por100.0%	;Disminuir por100.0%	;0	; --%	;Disminuir por100.0%	;0	;Disminuir por100.0%	;Disminuir por100.0%	;0	; --%	; --%	;0	;Disminuir por100.0%	;Disminuir por100.0%	;
2054	;08/25 13:00 - 14:00	;0	;Disminuir por100.0%	;Disminuir por100.0%	;0	;Disminuir por100.0%	;Disminuir por100.0%	;0	;Disminuir por100.0%	; --%	;0	;Disminuir por100.0%	;Disminuir por100.0%	;0	; --%	; --%	;0	;Disminuir por100.0%	;Disminuir por100.0%	;
2055	;08/25 14:00 - 15:00	;0	;Disminuir por100.0%	;Disminuir por100.0%	;0	;Disminuir por100.0%	;Disminuir por100.0%	;0	; --%	;Disminuir por100.0%	;0	;Disminuir por100.0%	;Disminuir por100.0%	;0	;Disminuir por100.0%	;Disminuir por100.0%	;0	;Disminuir por100.0%	;Disminuir por100.0%	;
2056	;08/25 15:00 - 16:00	;0	;Disminuir por100.0%	;Disminuir por100.0%	;0	;Disminuir por100.0%	;Disminuir por100.0%	;0	;Disminuir por100.0%	;Disminuir por100.0%	;0	;Disminuir por100.0%	;Disminuir por100.0%	;0	; --%	;Disminuir por100.0%	;0	;Disminuir por100.0%	;Disminuir por100.0%	;
2057	;08/25 16:00 - 17:00	;0	;Disminuir por100.0%	;Disminuir por100.0%	;0	;Disminuir por100.0%	;Disminuir por100.0%	;0	; --%	;Disminuir por100.0%	;0	;Disminuir por100.0%	;Disminuir por100.0%	;0	;Disminuir por100.0%	;Disminuir por100.0%	;0	;Disminuir por100.0%	;Disminuir por100.0%	;
2058	;08/25 17:00 - 18:00	;0	;Disminuir por100.0%	;Disminuir por100.0%	;0	;Disminuir por100.0%	;Disminuir por100.0%	;0	;Disminuir por100.0%	; --%	;0	;Disminuir por100.0%	;Disminuir por100.0%	;0	;Disminuir por100.0%	;Disminuir por100.0%	;0	;Disminuir por100.0%	;Disminuir por100.0%	;
2059	;08/25 18:00 - 19:00	;0	;Disminuir por100.0%	;Disminuir por100.0%	;0	;Disminuir por100.0%	;Disminuir por100.0%	;0	; --%	; --%	;0	;Disminuir por100.0%	;Disminuir por100.0%	;0	;Disminuir por100.0%	;Disminuir por100.0%	;0	;Disminuir por100.0%	;Disminuir por100.0%	;
2060	;08/25 19:00 - 20:00	;0	;Disminuir por100.0%	;Disminuir por100.0%	;0	;Disminuir por100.0%	;Disminuir por100.0%	;0	;Disminuir por100.0%	;Disminuir por100.0%	;0	;Disminuir por100.0%	;Disminuir por100.0%	;0	; --%	;Disminuir por100.0%	;0	;Disminuir por100.0%	;Disminuir por100.0%	;
2061	;08/25 20:00 - 21:00	;0	;Disminuir por100.0%	;Disminuir por100.0%	;0	;Disminuir por100.0%	;Disminuir por100.0%	;0	; --%	;Disminuir por100.0%	;0	;Disminuir por100.0%	;Disminuir por100.0%	;0	;Disminuir por100.0%	;Disminuir por100.0%	;0	;Disminuir por100.0%	;Disminuir por100.0%	;
2062	;08/25 21:00 - 22:00	;0	;Disminuir por100.0%	;Disminuir por100.0%	;0	;Disminuir por100.0%	;Disminuir por100.0%	;0	; --%	;Disminuir por100.0%	;0	;Disminuir por100.0%	;Disminuir por100.0%	;0	;Disminuir por100.0%	;Disminuir por100.0%	;0	;Disminuir por100.0%	;Disminuir por100.0%	;
2063	;08/25 22:00 - 23:00	;0	;Disminuir por100.0%	;Disminuir por100.0%	;0	;Disminuir por100.0%	;Disminuir por100.0%	;0	; --%	; --%	;0	;Disminuir por100.0%	;Disminuir por100.0%	;0	; --%	;Disminuir por100.0%	;0	;Disminuir por100.0%	;Disminuir por100.0%	;
2064	;08/25 23:00 - 24:00	;0	;Disminuir por100.0%	;Disminuir por100.0%	;0	;Disminuir por100.0%	;Disminuir por100.0%	;0	; --%	; --%	;0	;Disminuir por100.0%	;Disminuir por100.0%	;0	;Disminuir por100.0%	;Disminuir por100.0%	;0	;Disminuir por100.0%	;Disminuir por100.0%	;
2065	;08/26 00:00 - 01:00	;0	;Disminuir por100.0%	;Disminuir por100.0%	;0	;Disminuir por100.0%	;Disminuir por100.0%	;0	; --%	; --%	;0	;Disminuir por100.0%	;Disminuir por100.0%	;0	; --%	;Disminuir por100.0%	;0	;Disminuir por100.0%	;Disminuir por100.0%	;
2066	;08/26 01:00 - 02:00	;0	;Disminuir por100.0%	;Disminuir por100.0%	;0	;Disminuir por100.0%	;Disminuir por100.0%	;0	; --%	; --%	;0	; --%	; --%	;0	; --%	; --%	;0	; --%	;Disminuir por100.0%	;
2067	;08/26 02:00 - 03:00	;0	; --%	;Disminuir por100.0%	;0	; --%	;Disminuir por100.0%	;0	; --%	; --%	;0	; --%	; --%	;0	; --%	; --%	;0	; --%	;Disminuir por100.0%	;
2068	;08/26 03:00 - 04:00	;0	; --%	;Disminuir por100.0%	;0	; --%	; --%	;0	; --%	;Disminuir por100.0%	;0	; --%	;Disminuir por100.0%	;0	; --%	; --%	;0	; --%	; --%	;
2069	;08/26 04:00 - 05:00	;0	;Disminuir por100.0%	; --%	;0	;Disminuir por100.0%	; --%	;0	; --%	; --%	;0	; --%	;Disminuir por100.0%	;0	; --%	; --%	;0	; --%	; --%	;
2070	;08/26 05:00 - 06:00	;0	;Disminuir por100.0%	; --%	;0	;Disminuir por100.0%	;Disminuir por100.0%	;0	; --%	; --%	;0	; --%	; --%	;0	; --%	; --%	;0	;Disminuir por100.0%	; --%	;
2071	;08/26 06:00 - 07:00	;0	;Disminuir por100.0%	;Disminuir por100.0%	;0	;Disminuir por100.0%	;Disminuir por100.0%	;0	; --%	; --%	;0	; --%	;Disminuir por100.0%	;0	; --%	;Disminuir por100.0%	;0	;Disminuir por100.0%	;Disminuir por100.0%	;
2072	;08/26 07:00 - 08:00	;0	;Disminuir por100.0%	;Disminuir por100.0%	;0	;Disminuir por100.0%	;Disminuir por100.0%	;0	;Disminuir por100.0%	;Disminuir por100.0%	;0	;Disminuir por100.0%	;Disminuir por100.0%	;0	; --%	; --%	;0	;Disminuir por100.0%	;Disminuir por100.0%	;
2073	;08/26 08:00 - 09:00	;0	;Disminuir por100.0%	;Disminuir por100.0%	;0	;Disminuir por100.0%	;Disminuir por100.0%	;0	;Disminuir por100.0%	; --%	;0	;Disminuir por100.0%	;Disminuir por100.0%	;0	; --%	;Disminuir por100.0%	;0	;Disminuir por100.0%	;Disminuir por100.0%	;
2074	;08/26 09:00 - 10:00	;0	;Disminuir por100.0%	;Disminuir por100.0%	;0	;Disminuir por100.0%	;Disminuir por100.0%	;0	;Disminuir por100.0%	;Disminuir por100.0%	;0	;Disminuir por100.0%	;Disminuir por100.0%	;0	;Disminuir por100.0%	;Disminuir por100.0%	;0	;Disminuir por100.0%	;Disminuir por100.0%	;
2075	;08/26 10:00 - 11:00	;0	;Disminuir por100.0%	;Disminuir por100.0%	;0	;Disminuir por100.0%	;Disminuir por100.0%	;0	;Disminuir por100.0%	;Disminuir por100.0%	;0	;Disminuir por100.0%	;Disminuir por100.0%	;0	; --%	;Disminuir por100.0%	;0	;Disminuir por100.0%	;Disminuir por100.0%	;
2076	;08/26 11:00 - 12:00	;0	;Disminuir por100.0%	;Disminuir por100.0%	;0	;Disminuir por100.0%	;Disminuir por100.0%	;0	;Disminuir por100.0%	;Disminuir por100.0%	;0	;Disminuir por100.0%	;Disminuir por100.0%	;0	;Disminuir por100.0%	;Disminuir por100.0%	;0	;Disminuir por100.0%	;Disminuir por100.0%	;
2077	;08/26 12:00 - 13:00	;0	;Disminuir por100.0%	;Disminuir por100.0%	;0	;Disminuir por100.0%	;Disminuir por100.0%	;0	;Disminuir por100.0%	;Disminuir por100.0%	;0	;Disminuir por100.0%	;Disminuir por100.0%	;0	;Disminuir por100.0%	;Disminuir por100.0%	;0	;Disminuir por100.0%	;Disminuir por100.0%	;
2078	;08/26 13:00 - 14:00	;0	;Disminuir por100.0%	;Disminuir por100.0%	;0	;Disminuir por100.0%	;Disminuir por100.0%	;0	; --%	;Disminuir por100.0%	;0	;Disminuir por100.0%	;Disminuir por100.0%	;0	;Disminuir por100.0%	;Disminuir por100.0%	;0	;Disminuir por100.0%	;Disminuir por100.0%	;
2079	;08/26 14:00 - 15:00	;0	;Disminuir por100.0%	;Disminuir por100.0%	;0	;Disminuir por100.0%	;Disminuir por100.0%	;0	; --%	;Disminuir por100.0%	;0	;Disminuir por100.0%	;Disminuir por100.0%	;0	;Disminuir por100.0%	;Disminuir por100.0%	;0	;Disminuir por100.0%	;Disminuir por100.0%	;
2080	;08/26 15:00 - 16:00	;0	;Disminuir por100.0%	;Disminuir por100.0%	;0	;Disminuir por100.0%	;Disminuir por100.0%	;0	;Disminuir por100.0%	;Disminuir por100.0%	;0	;Disminuir por100.0%	;Disminuir por100.0%	;0	; --%	; --%	;0	;Disminuir por100.0%	;Disminuir por100.0%	;
2081	;08/26 16:00 - 17:00	;0	;Disminuir por100.0%	;Disminuir por100.0%	;0	;Disminuir por100.0%	;Disminuir por100.0%	;0	;Disminuir por100.0%	;Disminuir por100.0%	;0	;Disminuir por100.0%	;Disminuir por100.0%	;0	; --%	;Disminuir por100.0%	;0	;Disminuir por100.0%	;Disminuir por100.0%	;
2082	;08/26 17:00 - 18:00	;0	;Disminuir por100.0%	;Disminuir por100.0%	;0	;Disminuir por100.0%	;Disminuir por100.0%	;0	; --%	; --%	;0	;Disminuir por100.0%	;Disminuir por100.0%	;0	; --%	;Disminuir por100.0%	;0	;Disminuir por100.0%	;Disminuir por100.0%	;
2083	;08/26 18:00 - 19:00	;0	;Disminuir por100.0%	;Disminuir por100.0%	;0	;Disminuir por100.0%	;Disminuir por100.0%	;0	; --%	;Disminuir por100.0%	;0	;Disminuir por100.0%	;Disminuir por100.0%	;0	; --%	;Disminuir por100.0%	;0	;Disminuir por100.0%	;Disminuir por100.0%	;
2084	;08/26 19:00 - 20:00	;0	;Disminuir por100.0%	;Disminuir por100.0%	;0	;Disminuir por100.0%	;Disminuir por100.0%	;0	;Disminuir por100.0%	;Disminuir por100.0%	;0	;Disminuir por100.0%	;Disminuir por100.0%	;0	; --%	;Disminuir por100.0%	;0	;Disminuir por100.0%	;Disminuir por100.0%	;
2085	;08/26 20:00 - 21:00	;0	;Disminuir por100.0%	;Disminuir por100.0%	;0	;Disminuir por100.0%	;Disminuir por100.0%	;0	; --%	;Disminuir por100.0%	;0	;Disminuir por100.0%	;Disminuir por100.0%	;0	; --%	; --%	;0	;Disminuir por100.0%	;Disminuir por100.0%	;
2086	;08/26 21:00 - 22:00	;0	;Disminuir por100.0%	;Disminuir por100.0%	;0	;Disminuir por100.0%	;Disminuir por100.0%	;0	; --%	; --%	;0	;Disminuir por100.0%	; --%	;0	;Disminuir por100.0%	;Disminuir por100.0%	;0	;Disminuir por100.0%	;Disminuir por100.0%	;
2087	;08/26 22:00 - 23:00	;0	;Disminuir por100.0%	;Disminuir por100.0%	;0	;Disminuir por100.0%	;Disminuir por100.0%	;0	; --%	;Disminuir por100.0%	;0	;Disminuir por100.0%	;Disminuir por100.0%	;0	; --%	; --%	;0	;Disminuir por100.0%	;Disminuir por100.0%	;
2088	;08/26 23:00 - 24:00	;0	;Disminuir por100.0%	;Disminuir por100.0%	;0	;Disminuir por100.0%	;Disminuir por100.0%	;0	; --%	;Disminuir por100.0%	;0	;Disminuir por100.0%	;Disminuir por100.0%	;0	; --%	;Disminuir por100.0%	;0	;Disminuir por100.0%	;Disminuir por100.0%	;
2089	;08/27 00:00 - 01:00	;0	;Disminuir por100.0%	;Disminuir por100.0%	;0	;Disminuir por100.0%	;Disminuir por100.0%	;0	; --%	; --%	;0	;Disminuir por100.0%	;Disminuir por100.0%	;0	; --%	;Disminuir por100.0%	;0	;Disminuir por100.0%	;Disminuir por100.0%	;
2090	;08/27 01:00 - 02:00	;0	; --%	;Disminuir por100.0%	;0	;Disminuir por100.0%	;Disminuir por100.0%	;0	; --%	;Disminuir por100.0%	;0	;Disminuir por100.0%	;Disminuir por100.0%	;0	; --%	;Disminuir por100.0%	;0	; --%	;Disminuir por100.0%	;
2091	;08/27 02:00 - 03:00	;0	; --%	;Disminuir por100.0%	;0	; --%	;Disminuir por100.0%	;0	; --%	; --%	;0	; --%	; --%	;0	; --%	; --%	;0	; --%	;Disminuir por100.0%	;
2092	;08/27 03:00 - 04:00	;0	;Disminuir por100.0%	;Disminuir por100.0%	;0	; --%	;Disminuir por100.0%	;0	; --%	; --%	;0	;Disminuir por100.0%	; --%	;0	; --%	; --%	;0	; --%	;Disminuir por100.0%	;
2093	;08/27 04:00 - 05:00	;0	; --%	;Disminuir por100.0%	;0	; --%	;Disminuir por100.0%	;0	; --%	; --%	;0	; --%	;Disminuir por100.0%	;0	; --%	; --%	;0	; --%	;Disminuir por100.0%	;
2094	;08/27 05:00 - 06:00	;0	; --%	;Disminuir por100.0%	;0	; --%	;Disminuir por100.0%	;0	; --%	;Disminuir por100.0%	;0	; --%	;Disminuir por100.0%	;0	; --%	; --%	;0	; --%	; --%	;
2095	;08/27 06:00 - 07:00	;0	;Disminuir por100.0%	;Disminuir por100.0%	;0	;Disminuir por100.0%	;Disminuir por100.0%	;0	; --%	; --%	;0	; --%	;Disminuir por100.0%	;0	; --%	;Disminuir por100.0%	;0	;Disminuir por100.0%	;Disminuir por100.0%	;
2096	;08/27 07:00 - 08:00	;0	;Disminuir por100.0%	;Disminuir por100.0%	;0	;Disminuir por100.0%	;Disminuir por100.0%	;0	;Disminuir por100.0%	;Disminuir por100.0%	;0	;Disminuir por100.0%	;Disminuir por100.0%	;0	;Disminuir por100.0%	; --%	;0	;Disminuir por100.0%	;Disminuir por100.0%	;
2097	;08/27 08:00 - 09:00	;0	;Disminuir por100.0%	;Disminuir por100.0%	;0	;Disminuir por100.0%	;Disminuir por100.0%	;0	;Disminuir por100.0%	;Disminuir por100.0%	;0	;Disminuir por100.0%	;Disminuir por100.0%	;0	;Disminuir por100.0%	; --%	;0	;Disminuir por100.0%	;Disminuir por100.0%	;
2098	;08/27 09:00 - 10:00	;0	;Disminuir por100.0%	;Disminuir por100.0%	;0	;Disminuir por100.0%	;Disminuir por100.0%	;0	; --%	; --%	;0	;Disminuir por100.0%	;Disminuir por100.0%	;0	;Disminuir por100.0%	;Disminuir por100.0%	;0	;Disminuir por100.0%	;Disminuir por100.0%	;
2099	;08/27 10:00 - 11:00	;0	;Disminuir por100.0%	;Disminuir por100.0%	;0	;Disminuir por100.0%	;Disminuir por100.0%	;0	;Disminuir por100.0%	;Disminuir por100.0%	;0	;Disminuir por100.0%	;Disminuir por100.0%	;0	;Disminuir por100.0%	; --%	;0	;Disminuir por100.0%	;Disminuir por100.0%	;
2100	;08/27 11:00 - 12:00	;0	;Disminuir por100.0%	;Disminuir por100.0%	;0	;Disminuir por100.0%	;Disminuir por100.0%	;0	;Disminuir por100.0%	;Disminuir por100.0%	;0	;Disminuir por100.0%	;Disminuir por100.0%	;0	; --%	;Disminuir por100.0%	;0	;Disminuir por100.0%	;Disminuir por100.0%	;
2101	;08/27 12:00 - 13:00	;0	;Disminuir por100.0%	;Disminuir por100.0%	;0	;Disminuir por100.0%	;Disminuir por100.0%	;0	;Disminuir por100.0%	;Disminuir por100.0%	;0	;Disminuir por100.0%	;Disminuir por100.0%	;0	;Disminuir por100.0%	;Disminuir por100.0%	;0	;Disminuir por100.0%	;Disminuir por100.0%	;
2102	;08/27 13:00 - 14:00	;0	;Disminuir por100.0%	;Disminuir por100.0%	;0	;Disminuir por100.0%	;Disminuir por100.0%	;0	;Disminuir por100.0%	;Disminuir por100.0%	;0	;Disminuir por100.0%	;Disminuir por100.0%	;0	;Disminuir por100.0%	;Disminuir por100.0%	;0	;Disminuir por100.0%	;Disminuir por100.0%	;
2103	;08/27 14:00 - 15:00	;0	;Disminuir por100.0%	;Disminuir por100.0%	;0	;Disminuir por100.0%	;Disminuir por100.0%	;0	;Disminuir por100.0%	;Disminuir por100.0%	;0	;Disminuir por100.0%	;Disminuir por100.0%	;0	; --%	;Disminuir por100.0%	;0	;Disminuir por100.0%	;Disminuir por100.0%	;
2104	;08/27 15:00 - 16:00	;0	;Disminuir por100.0%	;Disminuir por100.0%	;0	;Disminuir por100.0%	;Disminuir por100.0%	;0	;Disminuir por100.0%	;Disminuir por100.0%	;0	;Disminuir por100.0%	;Disminuir por100.0%	;0	; --%	;Disminuir por100.0%	;0	;Disminuir por100.0%	;Disminuir por100.0%	;
2105	;08/27 16:00 - 17:00	;0	;Disminuir por100.0%	;Disminuir por100.0%	;0	;Disminuir por100.0%	;Disminuir por100.0%	;0	;Disminuir por100.0%	;Disminuir por100.0%	;0	;Disminuir por100.0%	;Disminuir por100.0%	;0	; --%	; --%	;0	;Disminuir por100.0%	;Disminuir por100.0%	;
2106	;08/27 17:00 - 18:00	;0	;Disminuir por100.0%	;Disminuir por100.0%	;0	;Disminuir por100.0%	;Disminuir por100.0%	;0	;Disminuir por100.0%	;Disminuir por100.0%	;0	;Disminuir por100.0%	;Disminuir por100.0%	;0	;Disminuir por100.0%	; --%	;0	;Disminuir por100.0%	;Disminuir por100.0%	;
2107	;08/27 18:00 - 19:00	;0	;Disminuir por100.0%	;Disminuir por100.0%	;0	;Disminuir por100.0%	;Disminuir por100.0%	;0	; --%	;Disminuir por100.0%	;0	;Disminuir por100.0%	;Disminuir por100.0%	;0	;Disminuir por100.0%	;Disminuir por100.0%	;0	;Disminuir por100.0%	;Disminuir por100.0%	;
2108	;08/27 19:00 - 20:00	;0	;Disminuir por100.0%	;Disminuir por100.0%	;0	;Disminuir por100.0%	;Disminuir por100.0%	;0	; --%	;Disminuir por100.0%	;0	;Disminuir por100.0%	;Disminuir por100.0%	;0	;Disminuir por100.0%	; --%	;0	;Disminuir por100.0%	;Disminuir por100.0%	;
2109	;08/27 20:00 - 21:00	;0	;Disminuir por100.0%	;Disminuir por100.0%	;0	;Disminuir por100.0%	;Disminuir por100.0%	;0	;Disminuir por100.0%	;Disminuir por100.0%	;0	;Disminuir por100.0%	;Disminuir por100.0%	;0	; --%	;Disminuir por100.0%	;0	;Disminuir por100.0%	;Disminuir por100.0%	;
2110	;08/27 21:00 - 22:00	;0	;Disminuir por100.0%	;Disminuir por100.0%	;0	;Disminuir por100.0%	;Disminuir por100.0%	;0	;Disminuir por100.0%	;Disminuir por100.0%	;0	;Disminuir por100.0%	;Disminuir por100.0%	;0	; --%	;Disminuir por100.0%	;0	;Disminuir por100.0%	;Disminuir por100.0%	;
2111	;08/27 22:00 - 23:00	;0	;Disminuir por100.0%	;Disminuir por100.0%	;0	;Disminuir por100.0%	;Disminuir por100.0%	;0	; --%	; --%	;0	; --%	; --%	;0	; --%	;Disminuir por100.0%	;0	;Disminuir por100.0%	;Disminuir por100.0%	;
2112	;08/27 23:00 - 24:00	;0	;Disminuir por100.0%	;Disminuir por100.0%	;0	;Disminuir por100.0%	;Disminuir por100.0%	;0	; --%	;Disminuir por100.0%	;0	;Disminuir por100.0%	;Disminuir por100.0%	;0	; --%	;Disminuir por100.0%	;0	;Disminuir por100.0%	;Disminuir por100.0%	;
2113	;08/28 00:00 - 01:00	;0	;Disminuir por100.0%	;Disminuir por100.0%	;0	;Disminuir por100.0%	;Disminuir por100.0%	;0	; --%	; --%	;0	;Disminuir por100.0%	; --%	;0	; --%	;Disminuir por100.0%	;0	;Disminuir por100.0%	;Disminuir por100.0%	;
2114	;08/28 01:00 - 02:00	;0	;Disminuir por100.0%	;Disminuir por100.0%	;0	;Disminuir por100.0%	;Disminuir por100.0%	;0	; --%	; --%	;0	; --%	;Disminuir por100.0%	;0	; --%	; --%	;0	; --%	;Disminuir por100.0%	;
2115	;08/28 02:00 - 03:00	;0	;Disminuir por100.0%	;Disminuir por100.0%	;0	; --%	;Disminuir por100.0%	;0	; --%	; --%	;0	; --%	;Disminuir por100.0%	;0	; --%	; --%	;0	; --%	;Disminuir por100.0%	;
2116	;08/28 03:00 - 04:00	;0	; --%	;Disminuir por100.0%	;0	; --%	; --%	;0	; --%	;Disminuir por100.0%	;0	; --%	;Disminuir por100.0%	;0	; --%	; --%	;0	;Disminuir por100.0%	;Disminuir por100.0%	;
2117	;08/28 04:00 - 05:00	;0	;Disminuir por100.0%	; --%	;0	; --%	; --%	;0	; --%	; --%	;0	; --%	; --%	;0	; --%	; --%	;0	; --%	; --%	;
2118	;08/28 05:00 - 06:00	;0	; --%	; --%	;0	;Disminuir por100.0%	;Disminuir por100.0%	;0	; --%	; --%	;0	; --%	;Disminuir por100.0%	;0	; --%	; --%	;0	; --%	; --%	;
2119	;08/28 06:00 - 07:00	;0	;Disminuir por100.0%	;Disminuir por100.0%	;0	;Disminuir por100.0%	;Disminuir por100.0%	;0	; --%	; --%	;0	;Disminuir por100.0%	;Disminuir por100.0%	;0	; --%	; --%	;0	; --%	; --%	;
2120	;08/28 07:00 - 08:00	;0	;Disminuir por100.0%	;Disminuir por100.0%	;0	;Disminuir por100.0%	;Disminuir por100.0%	;0	;Disminuir por100.0%	;Disminuir por100.0%	;0	;Disminuir por100.0%	;Disminuir por100.0%	;0	;Disminuir por100.0%	; --%	;0	;Disminuir por100.0%	;Disminuir por100.0%	;
2121	;08/28 08:00 - 09:00	;0	;Disminuir por100.0%	;Disminuir por100.0%	;0	;Disminuir por100.0%	;Disminuir por100.0%	;0	;Disminuir por100.0%	;Disminuir por100.0%	;0	;Disminuir por100.0%	;Disminuir por100.0%	;0	;Disminuir por100.0%	; --%	;0	;Disminuir por100.0%	;Disminuir por100.0%	;
2122	;08/28 09:00 - 10:00	;0	;Disminuir por100.0%	;Disminuir por100.0%	;0	;Disminuir por100.0%	;Disminuir por100.0%	;0	;Disminuir por100.0%	;Disminuir por100.0%	;0	;Disminuir por100.0%	;Disminuir por100.0%	;0	;Disminuir por100.0%	;Disminuir por100.0%	;0	;Disminuir por100.0%	;Disminuir por100.0%	;
2123	;08/28 10:00 - 11:00	;0	;Disminuir por100.0%	;Disminuir por100.0%	;0	;Disminuir por100.0%	;Disminuir por100.0%	;0	;Disminuir por100.0%	;Disminuir por100.0%	;0	;Disminuir por100.0%	;Disminuir por100.0%	;0	;Disminuir por100.0%	;Disminuir por100.0%	;0	;Disminuir por100.0%	;Disminuir por100.0%	;
2124	;08/28 11:00 - 12:00	;0	;Disminuir por100.0%	;Disminuir por100.0%	;0	;Disminuir por100.0%	;Disminuir por100.0%	;0	;Disminuir por100.0%	;Disminuir por100.0%	;0	;Disminuir por100.0%	;Disminuir por100.0%	;0	; --%	;Disminuir por100.0%	;0	;Disminuir por100.0%	;Disminuir por100.0%	;
2125	;08/28 12:00 - 13:00	;0	;Disminuir por100.0%	;Disminuir por100.0%	;0	;Disminuir por100.0%	;Disminuir por100.0%	;0	;Disminuir por100.0%	;Disminuir por100.0%	;0	;Disminuir por100.0%	;Disminuir por100.0%	;0	;Disminuir por100.0%	;Disminuir por100.0%	;0	;Disminuir por100.0%	;Disminuir por100.0%	;
2126	;08/28 13:00 - 14:00	;0	;Disminuir por100.0%	;Disminuir por100.0%	;0	;Disminuir por100.0%	;Disminuir por100.0%	;0	;Disminuir por100.0%	;Disminuir por100.0%	;0	;Disminuir por100.0%	;Disminuir por100.0%	;0	;Disminuir por100.0%	;Disminuir por100.0%	;0	;Disminuir por100.0%	;Disminuir por100.0%	;
2127	;08/28 14:00 - 15:00	;0	;Disminuir por100.0%	;Disminuir por100.0%	;0	;Disminuir por100.0%	;Disminuir por100.0%	;0	;Disminuir por100.0%	;Disminuir por100.0%	;0	;Disminuir por100.0%	;Disminuir por100.0%	;0	; --%	;Disminuir por100.0%	;0	;Disminuir por100.0%	;Disminuir por100.0%	;
2128	;08/28 15:00 - 16:00	;0	;Disminuir por100.0%	;Disminuir por100.0%	;0	;Disminuir por100.0%	;Disminuir por100.0%	;0	;Disminuir por100.0%	;Disminuir por100.0%	;0	;Disminuir por100.0%	;Disminuir por100.0%	;0	; --%	;Disminuir por100.0%	;0	;Disminuir por100.0%	;Disminuir por100.0%	;
2129	;08/28 16:00 - 17:00	;0	;Disminuir por100.0%	;Disminuir por100.0%	;0	;Disminuir por100.0%	;Disminuir por100.0%	;0	; --%	; --%	;0	;Disminuir por100.0%	;Disminuir por100.0%	;0	;Disminuir por100.0%	;Disminuir por100.0%	;0	;Disminuir por100.0%	;Disminuir por100.0%	;
2130	;08/28 17:00 - 18:00	;0	;Disminuir por100.0%	;Disminuir por100.0%	;0	;Disminuir por100.0%	;Disminuir por100.0%	;0	;Disminuir por100.0%	; --%	;0	;Disminuir por100.0%	;Disminuir por100.0%	;0	; --%	;Disminuir por100.0%	;0	;Disminuir por100.0%	;Disminuir por100.0%	;
2131	;08/28 18:00 - 19:00	;0	;Disminuir por100.0%	;Disminuir por100.0%	;0	;Disminuir por100.0%	;Disminuir por100.0%	;0	;Disminuir por100.0%	; --%	;0	;Disminuir por100.0%	;Disminuir por100.0%	;0	;Disminuir por100.0%	;Disminuir por100.0%	;0	;Disminuir por100.0%	;Disminuir por100.0%	;
2132	;08/28 19:00 - 20:00	;0	;Disminuir por100.0%	;Disminuir por100.0%	;0	;Disminuir por100.0%	;Disminuir por100.0%	;0	; --%	; --%	;0	;Disminuir por100.0%	;Disminuir por100.0%	;0	; --%	;Disminuir por100.0%	;0	;Disminuir por100.0%	;Disminuir por100.0%	;
2133	;08/28 20:00 - 21:00	;0	;Disminuir por100.0%	;Disminuir por100.0%	;0	;Disminuir por100.0%	;Disminuir por100.0%	;0	; --%	;Disminuir por100.0%	;0	;Disminuir por100.0%	;Disminuir por100.0%	;0	; --%	; --%	;0	;Disminuir por100.0%	;Disminuir por100.0%	;
2134	;08/28 21:00 - 22:00	;0	;Disminuir por100.0%	;Disminuir por100.0%	;0	;Disminuir por100.0%	;Disminuir por100.0%	;0	; --%	;Disminuir por100.0%	;0	;Disminuir por100.0%	;Disminuir por100.0%	;0	; --%	;Disminuir por100.0%	;0	;Disminuir por100.0%	;Disminuir por100.0%	;
2135	;08/28 22:00 - 23:00	;0	;Disminuir por100.0%	;Disminuir por100.0%	;0	;Disminuir por100.0%	;Disminuir por100.0%	;0	; --%	; --%	;0	; --%	;Disminuir por100.0%	;0	; --%	; --%	;0	;Disminuir por100.0%	;Disminuir por100.0%	;
2136	;08/28 23:00 - 24:00	;0	;Disminuir por100.0%	;Disminuir por100.0%	;0	;Disminuir por100.0%	;Disminuir por100.0%	;0	; --%	; --%	;0	;Disminuir por100.0%	; --%	;0	; --%	;Disminuir por100.0%	;0	;Disminuir por100.0%	;Disminuir por100.0%	;
2137	;08/29 00:00 - 01:00	;0	;Disminuir por100.0%	;Disminuir por100.0%	;0	;Disminuir por100.0%	;Disminuir por100.0%	;0	; --%	;Disminuir por100.0%	;0	;Disminuir por100.0%	;Disminuir por100.0%	;0	; --%	;Disminuir por100.0%	;0	;Disminuir por100.0%	;Disminuir por100.0%	;
2138	;08/29 01:00 - 02:00	;0	;Disminuir por100.0%	;Disminuir por100.0%	;0	;Disminuir por100.0%	;Disminuir por100.0%	;0	; --%	; --%	;0	;Disminuir por100.0%	; --%	;0	; --%	; --%	;0	; --%	;Disminuir por100.0%	;
2139	;08/29 02:00 - 03:00	;0	; --%	;Disminuir por100.0%	;0	; --%	;Disminuir por100.0%	;0	; --%	; --%	;0	; --%	;Disminuir por100.0%	;0	; --%	; --%	;0	;Disminuir por100.0%	;Disminuir por100.0%	;
2140	;08/29 03:00 - 04:00	;0	; --%	;Disminuir por100.0%	;0	; --%	;Disminuir por100.0%	;0	; --%	;Disminuir por100.0%	;0	;Disminuir por100.0%	;Disminuir por100.0%	;0	; --%	; --%	;0	; --%	;Disminuir por100.0%	;
2141	;08/29 04:00 - 05:00	;0	; --%	;Disminuir por100.0%	;0	; --%	;Disminuir por100.0%	;0	; --%	;Disminuir por100.0%	;0	;Disminuir por100.0%	;Disminuir por100.0%	;0	; --%	; --%	;0	;Disminuir por100.0%	; --%	;
2142	;08/29 05:00 - 06:00	;0	; --%	;Disminuir por100.0%	;0	;Disminuir por100.0%	;Disminuir por100.0%	;0	; --%	; --%	;0	; --%	;Disminuir por100.0%	;0	; --%	; --%	;0	; --%	; --%	;
2143	;08/29 06:00 - 07:00	;0	;Disminuir por100.0%	;Disminuir por100.0%	;0	;Disminuir por100.0%	;Disminuir por100.0%	;0	; --%	; --%	;0	; --%	;Disminuir por100.0%	;0	; --%	;Disminuir por100.0%	;0	;Disminuir por100.0%	;Disminuir por100.0%	;
2144	;08/29 07:00 - 08:00	;0	;Disminuir por100.0%	;Disminuir por100.0%	;0	;Disminuir por100.0%	;Disminuir por100.0%	;0	;Disminuir por100.0%	;Disminuir por100.0%	;0	;Disminuir por100.0%	;Disminuir por100.0%	;0	; --%	;Disminuir por100.0%	;0	;Disminuir por100.0%	;Disminuir por100.0%	;
2145	;08/29 08:00 - 09:00	;0	;Disminuir por100.0%	;Disminuir por100.0%	;0	;Disminuir por100.0%	;Disminuir por100.0%	;0	;Disminuir por100.0%	; --%	;0	;Disminuir por100.0%	;Disminuir por100.0%	;0	;Disminuir por100.0%	;Disminuir por100.0%	;0	;Disminuir por100.0%	;Disminuir por100.0%	;
2146	;08/29 09:00 - 10:00	;0	;Disminuir por100.0%	;Disminuir por100.0%	;0	;Disminuir por100.0%	;Disminuir por100.0%	;0	;Disminuir por100.0%	;Disminuir por100.0%	;0	;Disminuir por100.0%	;Disminuir por100.0%	;0	;Disminuir por100.0%	;Disminuir por100.0%	;0	;Disminuir por100.0%	;Disminuir por100.0%	;
2147	;08/29 10:00 - 11:00	;0	;Disminuir por100.0%	;Disminuir por100.0%	;0	;Disminuir por100.0%	;Disminuir por100.0%	;0	;Disminuir por100.0%	;Disminuir por100.0%	;0	;Disminuir por100.0%	;Disminuir por100.0%	;0	;Disminuir por100.0%	;Disminuir por100.0%	;0	;Disminuir por100.0%	;Disminuir por100.0%	;
2148	;08/29 11:00 - 12:00	;0	;Disminuir por100.0%	;Disminuir por100.0%	;0	;Disminuir por100.0%	;Disminuir por100.0%	;0	;Disminuir por100.0%	;Disminuir por100.0%	;0	;Disminuir por100.0%	;Disminuir por100.0%	;0	;Disminuir por100.0%	;Disminuir por100.0%	;0	;Disminuir por100.0%	;Disminuir por100.0%	;
2149	;08/29 12:00 - 13:00	;0	;Disminuir por100.0%	;Disminuir por100.0%	;0	;Disminuir por100.0%	;Disminuir por100.0%	;0	;Disminuir por100.0%	;Disminuir por100.0%	;0	;Disminuir por100.0%	;Disminuir por100.0%	;0	;Disminuir por100.0%	;Disminuir por100.0%	;0	;Disminuir por100.0%	;Disminuir por100.0%	;
2150	;08/29 13:00 - 14:00	;0	;Disminuir por100.0%	;Disminuir por100.0%	;0	;Disminuir por100.0%	;Disminuir por100.0%	;0	;Disminuir por100.0%	; --%	;0	;Disminuir por100.0%	;Disminuir por100.0%	;0	; --%	;Disminuir por100.0%	;0	;Disminuir por100.0%	;Disminuir por100.0%	;
2151	;08/29 14:00 - 15:00	;0	;Disminuir por100.0%	;Disminuir por100.0%	;0	;Disminuir por100.0%	;Disminuir por100.0%	;0	;Disminuir por100.0%	;Disminuir por100.0%	;0	;Disminuir por100.0%	;Disminuir por100.0%	;0	; --%	;Disminuir por100.0%	;0	;Disminuir por100.0%	;Disminuir por100.0%	;
2152	;08/29 15:00 - 16:00	;0	;Disminuir por100.0%	;Disminuir por100.0%	;0	;Disminuir por100.0%	;Disminuir por100.0%	;0	;Disminuir por100.0%	;Disminuir por100.0%	;0	;Disminuir por100.0%	;Disminuir por100.0%	;0	;Disminuir por100.0%	;Disminuir por100.0%	;0	;Disminuir por100.0%	;Disminuir por100.0%	;
2153	;08/29 16:00 - 17:00	;0	;Disminuir por100.0%	;Disminuir por100.0%	;0	;Disminuir por100.0%	;Disminuir por100.0%	;0	;Disminuir por100.0%	; --%	;0	;Disminuir por100.0%	;Disminuir por100.0%	;0	; --%	; --%	;0	;Disminuir por100.0%	;Disminuir por100.0%	;
2154	;08/29 17:00 - 18:00	;0	;Disminuir por100.0%	;Disminuir por100.0%	;0	;Disminuir por100.0%	;Disminuir por100.0%	;0	;Disminuir por100.0%	;Disminuir por100.0%	;0	;Disminuir por100.0%	;Disminuir por100.0%	;0	;Disminuir por100.0%	;Disminuir por100.0%	;0	;Disminuir por100.0%	;Disminuir por100.0%	;
2155	;08/29 18:00 - 19:00	;0	;Disminuir por100.0%	;Disminuir por100.0%	;0	;Disminuir por100.0%	;Disminuir por100.0%	;0	;Disminuir por100.0%	;Disminuir por100.0%	;0	;Disminuir por100.0%	;Disminuir por100.0%	;0	; --%	;Disminuir por100.0%	;0	;Disminuir por100.0%	;Disminuir por100.0%	;
2156	;08/29 19:00 - 20:00	;0	;Disminuir por100.0%	;Disminuir por100.0%	;0	;Disminuir por100.0%	;Disminuir por100.0%	;0	; --%	;Disminuir por100.0%	;0	;Disminuir por100.0%	;Disminuir por100.0%	;0	; --%	;Disminuir por100.0%	;0	;Disminuir por100.0%	;Disminuir por100.0%	;
2157	;08/29 20:00 - 21:00	;0	;Disminuir por100.0%	;Disminuir por100.0%	;0	;Disminuir por100.0%	;Disminuir por100.0%	;0	;Disminuir por100.0%	;Disminuir por100.0%	;0	;Disminuir por100.0%	;Disminuir por100.0%	;0	;Disminuir por100.0%	;Disminuir por100.0%	;0	;Disminuir por100.0%	;Disminuir por100.0%	;
2158	;08/29 21:00 - 22:00	;0	;Disminuir por100.0%	;Disminuir por100.0%	;0	;Disminuir por100.0%	;Disminuir por100.0%	;0	;Disminuir por100.0%	; --%	;0	;Disminuir por100.0%	; --%	;0	;Disminuir por100.0%	;Disminuir por100.0%	;0	;Disminuir por100.0%	;Disminuir por100.0%	;
2159	;08/29 22:00 - 23:00	;0	;Disminuir por100.0%	;Disminuir por100.0%	;0	;Disminuir por100.0%	;Disminuir por100.0%	;0	;Disminuir por100.0%	; --%	;0	;Disminuir por100.0%	; --%	;0	;Disminuir por100.0%	;Disminuir por100.0%	;0	;Disminuir por100.0%	;Disminuir por100.0%	;
2160	;08/29 23:00 - 24:00	;0	;Disminuir por100.0%	;Disminuir por100.0%	;0	;Disminuir por100.0%	;Disminuir por100.0%	;0	; --%	; --%	;0	;Disminuir por100.0%	; --%	;0	;Disminuir por100.0%	; --%	;0	;Disminuir por100.0%	;Disminuir por100.0%	;
2161	;08/30 00:00 - 01:00	;0	;Disminuir por100.0%	;Disminuir por100.0%	;0	;Disminuir por100.0%	;Disminuir por100.0%	;0	; --%	; --%	;0	; --%	;Disminuir por100.0%	;0	; --%	; --%	;0	;Disminuir por100.0%	;Disminuir por100.0%	;
2162	;08/30 01:00 - 02:00	;0	;Disminuir por100.0%	;Disminuir por100.0%	;0	;Disminuir por100.0%	;Disminuir por100.0%	;0	; --%	; --%	;0	;Disminuir por100.0%	;Disminuir por100.0%	;0	; --%	;Disminuir por100.0%	;0	;Disminuir por100.0%	;Disminuir por100.0%	;
2163	;08/30 02:00 - 03:00	;0	;Disminuir por100.0%	;Disminuir por100.0%	;0	;Disminuir por100.0%	;Disminuir por100.0%	;0	; --%	; --%	;0	; --%	;Disminuir por100.0%	;0	; --%	; --%	;0	; --%	; --%	;
2164	;08/30 03:00 - 04:00	;0	;Disminuir por100.0%	;Disminuir por100.0%	;0	;Disminuir por100.0%	;Disminuir por100.0%	;0	; --%	; --%	;0	; --%	;Disminuir por100.0%	;0	; --%	; --%	;0	; --%	;Disminuir por100.0%	;
2165	;08/30 04:00 - 05:00	;0	; --%	; --%	;0	;Disminuir por100.0%	;Disminuir por100.0%	;0	; --%	; --%	;0	;Disminuir por100.0%	;Disminuir por100.0%	;0	; --%	; --%	;0	;Disminuir por100.0%	; --%	;
2166	;08/30 05:00 - 06:00	;0	;Disminuir por100.0%	;Disminuir por100.0%	;0	;Disminuir por100.0%	;Disminuir por100.0%	;0	; --%	; --%	;0	; --%	; --%	;0	; --%	; --%	;0	;Disminuir por100.0%	; --%	;
2167	;08/30 06:00 - 07:00	;0	; --%	;Disminuir por100.0%	;0	; --%	;Disminuir por100.0%	;0	; --%	; --%	;0	; --%	; --%	;0	; --%	; --%	;0	; --%	;Disminuir por100.0%	;
2168	;08/30 07:00 - 08:00	;0	;Disminuir por100.0%	;Disminuir por100.0%	;0	;Disminuir por100.0%	;Disminuir por100.0%	;0	; --%	;Disminuir por100.0%	;0	;Disminuir por100.0%	;Disminuir por100.0%	;0	; --%	; --%	;0	; --%	; --%	;
2169	;08/30 08:00 - 09:00	;0	;Disminuir por100.0%	;Disminuir por100.0%	;0	;Disminuir por100.0%	;Disminuir por100.0%	;0	;Disminuir por100.0%	; --%	;0	;Disminuir por100.0%	;Disminuir por100.0%	;0	;Disminuir por100.0%	;Disminuir por100.0%	;0	;Disminuir por100.0%	;Disminuir por100.0%	;
2170	;08/30 09:00 - 10:00	;0	;Disminuir por100.0%	;Disminuir por100.0%	;0	;Disminuir por100.0%	;Disminuir por100.0%	;0	;Disminuir por100.0%	; --%	;0	;Disminuir por100.0%	;Disminuir por100.0%	;0	;Disminuir por100.0%	;Disminuir por100.0%	;0	;Disminuir por100.0%	;Disminuir por100.0%	;
2171	;08/30 10:00 - 11:00	;0	;Disminuir por100.0%	;Disminuir por100.0%	;0	;Disminuir por100.0%	;Disminuir por100.0%	;0	;Disminuir por100.0%	; --%	;0	;Disminuir por100.0%	;Disminuir por100.0%	;0	;Disminuir por100.0%	;Disminuir por100.0%	;0	;Disminuir por100.0%	;Disminuir por100.0%	;
2172	;08/30 11:00 - 12:00	;0	;Disminuir por100.0%	;Disminuir por100.0%	;0	;Disminuir por100.0%	;Disminuir por100.0%	;0	;Disminuir por100.0%	;Disminuir por100.0%	;0	;Disminuir por100.0%	;Disminuir por100.0%	;0	;Disminuir por100.0%	; --%	;0	;Disminuir por100.0%	;Disminuir por100.0%	;
2173	;08/30 12:00 - 13:00	;0	;Disminuir por100.0%	;Disminuir por100.0%	;0	;Disminuir por100.0%	;Disminuir por100.0%	;0	;Disminuir por100.0%	; --%	;0	;Disminuir por100.0%	;Disminuir por100.0%	;0	;Disminuir por100.0%	; --%	;0	;Disminuir por100.0%	;Disminuir por100.0%	;
2174	;08/30 13:00 - 14:00	;0	;Disminuir por100.0%	;Disminuir por100.0%	;0	;Disminuir por100.0%	;Disminuir por100.0%	;0	;Disminuir por100.0%	;Disminuir por100.0%	;0	;Disminuir por100.0%	;Disminuir por100.0%	;0	; --%	;Disminuir por100.0%	;0	;Disminuir por100.0%	;Disminuir por100.0%	;
2175	;08/30 14:00 - 15:00	;0	;Disminuir por100.0%	;Disminuir por100.0%	;0	;Disminuir por100.0%	;Disminuir por100.0%	;0	;Disminuir por100.0%	; --%	;0	;Disminuir por100.0%	;Disminuir por100.0%	;0	; --%	; --%	;0	;Disminuir por100.0%	;Disminuir por100.0%	;
2176	;08/30 15:00 - 16:00	;0	;Disminuir por100.0%	;Disminuir por100.0%	;0	;Disminuir por100.0%	;Disminuir por100.0%	;0	; --%	; --%	;0	;Disminuir por100.0%	;Disminuir por100.0%	;0	; --%	;Disminuir por100.0%	;0	;Disminuir por100.0%	;Disminuir por100.0%	;
2177	;08/30 16:00 - 17:00	;0	;Disminuir por100.0%	;Disminuir por100.0%	;0	;Disminuir por100.0%	;Disminuir por100.0%	;0	; --%	; --%	;0	;Disminuir por100.0%	;Disminuir por100.0%	;0	;Disminuir por100.0%	; --%	;0	;Disminuir por100.0%	;Disminuir por100.0%	;
2178	;08/30 17:00 - 18:00	;0	;Disminuir por100.0%	;Disminuir por100.0%	;0	;Disminuir por100.0%	;Disminuir por100.0%	;0	; --%	; --%	;0	;Disminuir por100.0%	;Disminuir por100.0%	;0	;Disminuir por100.0%	;Disminuir por100.0%	;0	;Disminuir por100.0%	;Disminuir por100.0%	;
2179	;08/30 18:00 - 19:00	;0	;Disminuir por100.0%	;Disminuir por100.0%	;0	;Disminuir por100.0%	;Disminuir por100.0%	;0	;Disminuir por100.0%	; --%	;0	;Disminuir por100.0%	;Disminuir por100.0%	;0	; --%	; --%	;0	;Disminuir por100.0%	;Disminuir por100.0%	;
2180	;08/30 19:00 - 20:00	;0	;Disminuir por100.0%	;Disminuir por100.0%	;0	;Disminuir por100.0%	;Disminuir por100.0%	;0	;Disminuir por100.0%	;Disminuir por100.0%	;0	;Disminuir por100.0%	;Disminuir por100.0%	;0	;Disminuir por100.0%	; --%	;0	;Disminuir por100.0%	;Disminuir por100.0%	;
2181	;08/30 20:00 - 21:00	;0	;Disminuir por100.0%	;Disminuir por100.0%	;0	;Disminuir por100.0%	;Disminuir por100.0%	;0	;Disminuir por100.0%	; --%	;0	;Disminuir por100.0%	;Disminuir por100.0%	;0	;Disminuir por100.0%	;Disminuir por100.0%	;0	;Disminuir por100.0%	;Disminuir por100.0%	;
2182	;08/30 21:00 - 22:00	;0	;Disminuir por100.0%	;Disminuir por100.0%	;0	;Disminuir por100.0%	;Disminuir por100.0%	;0	; --%	; --%	;0	;Disminuir por100.0%	; --%	;0	; --%	;Disminuir por100.0%	;0	;Disminuir por100.0%	;Disminuir por100.0%	;
2183	;08/30 22:00 - 23:00	;0	;Disminuir por100.0%	;Disminuir por100.0%	;0	;Disminuir por100.0%	;Disminuir por100.0%	;0	; --%	; --%	;0	; --%	; --%	;0	;Disminuir por100.0%	; --%	;0	;Disminuir por100.0%	;Disminuir por100.0%	;
2184	;08/30 23:00 - 24:00	;0	;Disminuir por100.0%	;Disminuir por100.0%	;0	;Disminuir por100.0%	;Disminuir por100.0%	;0	; --%	; --%	;0	;Disminuir por100.0%	; --%	;0	; --%	;Disminuir por100.0%	;0	;Disminuir por100.0%	;Disminuir por100.0%	;
2185	;08/31 00:00 - 01:00	;0	;Disminuir por100.0%	;Disminuir por100.0%	;0	;Disminuir por100.0%	;Disminuir por100.0%	;0	; --%	; --%	;0	;Disminuir por100.0%	;Disminuir por100.0%	;0	; --%	; --%	;0	;Disminuir por100.0%	;Disminuir por100.0%	;
2186	;08/31 01:00 - 02:00	;0	;Disminuir por100.0%	;Disminuir por100.0%	;0	;Disminuir por100.0%	;Disminuir por100.0%	;0	; --%	;Disminuir por100.0%	;0	;Disminuir por100.0%	;Disminuir por100.0%	;0	;Disminuir por100.0%	; --%	;0	;Disminuir por100.0%	;Disminuir por100.0%	;
2187	;08/31 02:00 - 03:00	;0	;Disminuir por100.0%	;Disminuir por100.0%	;0	;Disminuir por100.0%	;Disminuir por100.0%	;0	; --%	; --%	;0	; --%	;Disminuir por100.0%	;0	; --%	; --%	;0	; --%	; --%	;
2188	;08/31 03:00 - 04:00	;0	;Disminuir por100.0%	;Disminuir por100.0%	;0	;Disminuir por100.0%	;Disminuir por100.0%	;0	; --%	; --%	;0	; --%	; --%	;0	; --%	; --%	;0	; --%	;Disminuir por100.0%	;
2189	;08/31 04:00 - 05:00	;0	; --%	;Disminuir por100.0%	;0	; --%	;Disminuir por100.0%	;0	; --%	;Disminuir por100.0%	;0	; --%	;Disminuir por100.0%	;0	; --%	; --%	;0	; --%	;Disminuir por100.0%	;
2190	;08/31 05:00 - 06:00	;0	; --%	;Disminuir por100.0%	;0	;Disminuir por100.0%	;Disminuir por100.0%	;0	; --%	; --%	;0	; --%	;Disminuir por100.0%	;0	; --%	; --%	;0	;Disminuir por100.0%	;Disminuir por100.0%	;
2191	;08/31 06:00 - 07:00	;0	;Disminuir por100.0%	;Disminuir por100.0%	;0	;Disminuir por100.0%	;Disminuir por100.0%	;0	; --%	; --%	;0	; --%	;Disminuir por100.0%	;0	; --%	;Disminuir por100.0%	;0	; --%	;Disminuir por100.0%	;
2192	;08/31 07:00 - 08:00	;0	;Disminuir por100.0%	;Disminuir por100.0%	;0	;Disminuir por100.0%	;Disminuir por100.0%	;0	; --%	; --%	;0	;Disminuir por100.0%	;Disminuir por100.0%	;0	; --%	;Disminuir por100.0%	;0	;Disminuir por100.0%	;Disminuir por100.0%	;
2193	;08/31 08:00 - 09:00	;0	;Disminuir por100.0%	;Disminuir por100.0%	;0	;Disminuir por100.0%	;Disminuir por100.0%	;0	;Disminuir por100.0%	; --%	;0	;Disminuir por100.0%	;Disminuir por100.0%	;0	;Disminuir por100.0%	;Disminuir por100.0%	;0	;Disminuir por100.0%	;Disminuir por100.0%	;
2194	;08/31 09:00 - 10:00	;0	;Disminuir por100.0%	;Disminuir por100.0%	;0	;Disminuir por100.0%	;Disminuir por100.0%	;0	;Disminuir por100.0%	; --%	;0	;Disminuir por100.0%	;Disminuir por100.0%	;0	;Disminuir por100.0%	; --%	;0	;Disminuir por100.0%	;Disminuir por100.0%	;
2195	;08/31 10:00 - 11:00	;0	;Disminuir por100.0%	;Disminuir por100.0%	;0	;Disminuir por100.0%	;Disminuir por100.0%	;0	;Disminuir por100.0%	; --%	;0	;Disminuir por100.0%	;Disminuir por100.0%	;0	; --%	;Disminuir por100.0%	;0	;Disminuir por100.0%	;Disminuir por100.0%	;
2196	;08/31 11:00 - 12:00	;0	;Disminuir por100.0%	;Disminuir por100.0%	;0	;Disminuir por100.0%	;Disminuir por100.0%	;0	;Disminuir por100.0%	;Disminuir por100.0%	;0	;Disminuir por100.0%	;Disminuir por100.0%	;0	; --%	;Disminuir por100.0%	;0	;Disminuir por100.0%	;Disminuir por100.0%	;
2197	;08/31 12:00 - 13:00	;0	;Disminuir por100.0%	;Disminuir por100.0%	;0	;Disminuir por100.0%	;Disminuir por100.0%	;0	;Disminuir por100.0%	; --%	;0	;Disminuir por100.0%	;Disminuir por100.0%	;0	; --%	;Disminuir por100.0%	;0	;Disminuir por100.0%	;Disminuir por100.0%	;
2198	;08/31 13:00 - 14:00	;0	;Disminuir por100.0%	;Disminuir por100.0%	;0	;Disminuir por100.0%	;Disminuir por100.0%	;0	;Disminuir por100.0%	;Disminuir por100.0%	;0	;Disminuir por100.0%	;Disminuir por100.0%	;0	; --%	;Disminuir por100.0%	;0	;Disminuir por100.0%	;Disminuir por100.0%	;
2199	;08/31 14:00 - 15:00	;0	;Disminuir por100.0%	;Disminuir por100.0%	;0	;Disminuir por100.0%	;Disminuir por100.0%	;0	; --%	;Disminuir por100.0%	;0	;Disminuir por100.0%	;Disminuir por100.0%	;0	; --%	;Disminuir por100.0%	;0	;Disminuir por100.0%	;Disminuir por100.0%	;
2200	;08/31 15:00 - 16:00	;0	;Disminuir por100.0%	;Disminuir por100.0%	;0	;Disminuir por100.0%	;Disminuir por100.0%	;0	; --%	;Disminuir por100.0%	;0	;Disminuir por100.0%	;Disminuir por100.0%	;0	; --%	; --%	;0	;Disminuir por100.0%	;Disminuir por100.0%	;
2201	;08/31 16:00 - 17:00	;0	;Disminuir por100.0%	;Disminuir por100.0%	;0	;Disminuir por100.0%	;Disminuir por100.0%	;0	; --%	;Disminuir por100.0%	;0	;Disminuir por100.0%	;Disminuir por100.0%	;0	;Disminuir por100.0%	;Disminuir por100.0%	;0	;Disminuir por100.0%	;Disminuir por100.0%	;
2202	;08/31 17:00 - 18:00	;0	;Disminuir por100.0%	;Disminuir por100.0%	;0	;Disminuir por100.0%	;Disminuir por100.0%	;0	; --%	;Disminuir por100.0%	;0	;Disminuir por100.0%	;Disminuir por100.0%	;0	;Disminuir por100.0%	;Disminuir por100.0%	;0	;Disminuir por100.0%	;Disminuir por100.0%	;
2203	;08/31 18:00 - 19:00	;0	;Disminuir por100.0%	;Disminuir por100.0%	;0	;Disminuir por100.0%	;Disminuir por100.0%	;0	; --%	;Disminuir por100.0%	;0	;Disminuir por100.0%	;Disminuir por100.0%	;0	;Disminuir por100.0%	; --%	;0	;Disminuir por100.0%	;Disminuir por100.0%	;
2204	;08/31 19:00 - 20:00	;0	;Disminuir por100.0%	;Disminuir por100.0%	;0	;Disminuir por100.0%	;Disminuir por100.0%	;0	; --%	;Disminuir por100.0%	;0	;Disminuir por100.0%	;Disminuir por100.0%	;0	;Disminuir por100.0%	;Disminuir por100.0%	;0	;Disminuir por100.0%	;Disminuir por100.0%	;
2205	;08/31 20:00 - 21:00	;0	;Disminuir por100.0%	;Disminuir por100.0%	;0	;Disminuir por100.0%	;Disminuir por100.0%	;0	; --%	;Disminuir por100.0%	;0	;Disminuir por100.0%	;Disminuir por100.0%	;0	;Disminuir por100.0%	;Disminuir por100.0%	;0	;Disminuir por100.0%	;Disminuir por100.0%	;
2206	;08/31 21:00 - 22:00	;0	;Disminuir por100.0%	;Disminuir por100.0%	;0	;Disminuir por100.0%	;Disminuir por100.0%	;0	; --%	;Disminuir por100.0%	;0	;Disminuir por100.0%	;Disminuir por100.0%	;0	;Disminuir por100.0%	;Disminuir por100.0%	;0	;Disminuir por100.0%	;Disminuir por100.0%	;
2207	;08/31 22:00 - 23:00	;0	;Disminuir por100.0%	;Disminuir por100.0%	;0	;Disminuir por100.0%	;Disminuir por100.0%	;0	; --%	;Disminuir por100.0%	;0	;Disminuir por100.0%	;Disminuir por100.0%	;0	; --%	; --%	;0	;Disminuir por100.0%	;Disminuir por100.0%	;
2208	;08/31 23:00 - 24:00	;0	;Disminuir por100.0%	;Disminuir por100.0%	;0	;Disminuir por100.0%	;Disminuir por100.0%	;0	; --%	; --%	;0	;Disminuir por100.0%	;Disminuir por100.0%	;0	; --%	; --%	;0	;Disminuir por100.0%	;Disminuir por100.0%	;

Exportar contenido:Subtipos de vehículos a motor	;
Hora del informe: 2026/06/01 00:00:00 - 2026/08/31 23:59:59	;

N.º	;Hora	;Autobuses	; 	; 	; 	; 	; 	;Monovolúmenes	; 	; 	; 	; 	; 	;Sedanes pequeños	; 	; 	; 	; 	; 	;Camiones	;
	;	;Avanzar	; 	; 	;Retroceso	; 	; 	;Avanzar	; 	; 	;Retroceso	; 	; 	;Avanzar	; 	; 	;Retroceso	; 	; 	;Avanzar	; 	; 	;Retroceso	;
	;	;Valor	;Tasa de cambio (ciclo tras ciclo)	;Tasa de cambio (año tras año)	;Valor	;Tasa de cambio (ciclo tras ciclo)	;Tasa de cambio (año tras año)	;Valor	;Tasa de cambio (ciclo tras ciclo)	;Tasa de cambio (año tras año)	;Valor	;Tasa de cambio (ciclo tras ciclo)	;Tasa de cambio (año tras año)	;Valor	;Tasa de cambio (ciclo tras ciclo)	;Tasa de cambio (año tras año)	;Valor	;Tasa de cambio (ciclo tras ciclo)	;Tasa de cambio (año tras año)	;Valor	;Tasa de cambio (ciclo tras ciclo)	;Tasa de cambio (año tras año)	;Valor	;Tasa de cambio (ciclo tras ciclo)	;Tasa de cambio (año tras año)	;
1	;06/01 00:00 - 01:00	;0	; --%	; --%	;0	; --%	;Disminuir por100.0%	;0	; --%	; --%	;0	; --%	; --%	;0	; --%	; --%	;0	;Disminuir por100.0%	;Disminuir por100.0%	;0	; --%	; --%	;0	; --%	; --%	;
2	;06/01 01:00 - 02:00	;0	; --%	; --%	;1	; --%	; --%	;0	; --%	; --%	;0	; --%	; --%	;0	; --%	; --%	;0	; --%	;Disminuir por100.0%	;0	; --%	; --%	;0	; --%	; --%	;
3	;06/01 02:00 - 03:00	;0	; --%	; --%	;0	; --%	; --%	;0	; --%	; --%	;0	; --%	; --%	;0	; --%	; --%	;0	; --%	; --%	;0	; --%	; --%	;0	; --%	; --%	;
4	;06/01 03:00 - 04:00	;0	; --%	; --%	;1	; --%	; --%	;0	; --%	; --%	;0	; --%	;Disminuir por100.0%	;0	; --%	; --%	;2	; --%	; --%	;0	; --%	; --%	;0	; --%	; --%	;
5	;06/01 04:00 - 05:00	;0	; --%	; --%	;0	; --%	; --%	;0	; --%	; --%	;0	; --%	; --%	;0	; --%	; --%	;0	; --%	;Disminuir por100.0%	;0	; --%	; --%	;0	; --%	; --%	;
6	;06/01 05:00 - 06:00	;0	; --%	; --%	;0	; --%	; --%	;0	; --%	; --%	;0	; --%	; --%	;0	; --%	; --%	;0	; --%	; --%	;0	; --%	; --%	;0	; --%	; --%	;
7	;06/01 06:00 - 07:00	;0	; --%	; --%	;0	; --%	; --%	;0	; --%	; --%	;0	; --%	; --%	;1	; --%	; --%	;2	; --%	; --%	;0	; --%	; --%	;0	; --%	; --%	;
8	;06/01 07:00 - 08:00	;0	; --%	; --%	;0	; --%	; --%	;0	; --%	; --%	;0	; --%	;Disminuir por100.0%	;0	; --%	; --%	;3	;Aumentar por50.0%	;Aumentar por200.0%	;0	; --%	; --%	;0	; --%	; --%	;
9	;06/01 08:00 - 09:00	;0	; --%	; --%	;0	; --%	; --%	;0	; --%	;Disminuir por100.0%	;4	; --%	;Aumentar por100.0%	;1	; --%	;Sin cambios	;22	;Aumentar por1000.0%	;Aumentar por340.0%	;2	; --%	; --%	;5	; --%	;Aumentar por400.0%	;
10	;06/01 09:00 - 10:00	;0	; --%	; --%	;0	; --%	;Disminuir por100.0%	;0	; --%	; --%	;5	; --%	;Aumentar por400.0%	;2	; --%	; --%	;11	;Aumentar por450.0%	;Aumentar por266.7%	;4	; --%	; --%	;7	; --%	;Aumentar por600.0%	;
11	;06/01 10:00 - 11:00	;0	; --%	; --%	;2	; --%	;Disminuir por50.0%	;0	; --%	; --%	;6	;Aumentar por500.0%	;Aumentar por100.0%	;1	;Sin cambios	;Disminuir por50.0%	;14	;Aumentar por55.6%	;Aumentar por40.0%	;2	; --%	; --%	;10	; --%	; --%	;
12	;06/01 11:00 - 12:00	;0	; --%	; --%	;0	; --%	; --%	;5	; --%	; --%	;8	; --%	;Aumentar por300.0%	;1	; --%	; --%	;9	;Aumentar por800.0%	;Aumentar por28.6%	;3	; --%	; --%	;6	; --%	; --%	;
13	;06/01 12:00 - 13:00	;0	; --%	; --%	;1	; --%	; --%	;1	; --%	; --%	;6	; --%	;Aumentar por200.0%	;1	; --%	;Disminuir por66.7%	;11	;Aumentar por450.0%	;Aumentar por120.0%	;0	; --%	; --%	;0	; --%	; --%	;
14	;06/01 13:00 - 14:00	;0	; --%	; --%	;0	; --%	; --%	;0	; --%	; --%	;4	; --%	; --%	;1	;Sin cambios	; --%	;8	;Aumentar por100.0%	;Aumentar por100.0%	;0	; --%	; --%	;1	; --%	; --%	;
15	;06/01 14:00 - 15:00	;0	; --%	; --%	;2	; --%	; --%	;0	; --%	; --%	;3	; --%	;Aumentar por50.0%	;4	;Aumentar por300.0%	; --%	;11	;Aumentar por120.0%	;Aumentar por1000.0%	;0	; --%	; --%	;0	; --%	; --%	;
16	;06/01 15:00 - 16:00	;0	; --%	; --%	;1	; --%	; --%	;0	; --%	; --%	;1	; --%	; --%	;1	; --%	; --%	;10	;Aumentar por400.0%	;Aumentar por233.3%	;0	; --%	; --%	;1	; --%	; --%	;
17	;06/01 16:00 - 17:00	;0	; --%	; --%	;0	; --%	; --%	;0	; --%	; --%	;2	;Aumentar por100.0%	;Aumentar por100.0%	;0	; --%	; --%	;4	; --%	;Sin cambios	;3	; --%	; --%	;5	; --%	; --%	;
18	;06/01 17:00 - 18:00	;0	; --%	; --%	;0	; --%	; --%	;0	; --%	; --%	;0	; --%	;Disminuir por100.0%	;0	;Disminuir por100.0%	; --%	;8	;Aumentar por33.3%	;Aumentar por700.0%	;0	; --%	;Disminuir por100.0%	;1	; --%	;Disminuir por66.7%	;
19	;06/01 18:00 - 19:00	;0	; --%	; --%	;0	; --%	; --%	;0	; --%	; --%	;1	;Sin cambios	; --%	;3	; --%	;Sin cambios	;15	; --%	;Aumentar por66.7%	;0	; --%	; --%	;0	; --%	; --%	;
20	;06/01 19:00 - 20:00	;0	; --%	; --%	;0	; --%	;Disminuir por100.0%	;0	; --%	; --%	;1	; --%	;Sin cambios	;3	;Aumentar por200.0%	; --%	;11	;Aumentar por83.3%	;Aumentar por266.7%	;0	;Disminuir por100.0%	; --%	;0	; --%	; --%	;
21	;06/01 20:00 - 21:00	;0	; --%	; --%	;0	; --%	; --%	;0	; --%	; --%	;0	; --%	;Disminuir por100.0%	;0	; --%	; --%	;7	;Aumentar por133.3%	;Aumentar por600.0%	;0	; --%	; --%	;0	; --%	; --%	;
22	;06/01 21:00 - 22:00	;0	; --%	; --%	;0	; --%	; --%	;0	; --%	; --%	;0	; --%	;Disminuir por100.0%	;1	; --%	; --%	;5	;Aumentar por400.0%	;Aumentar por150.0%	;0	; --%	; --%	;0	; --%	; --%	;
23	;06/01 22:00 - 23:00	;0	; --%	; --%	;3	; --%	; --%	;0	; --%	; --%	;0	; --%	; --%	;0	; --%	;Disminuir por100.0%	;2	; --%	;Sin cambios	;0	; --%	; --%	;0	; --%	; --%	;
24	;06/01 23:00 - 24:00	;0	; --%	; --%	;2	; --%	; --%	;0	;Disminuir por100.0%	; --%	;0	; --%	; --%	;0	; --%	; --%	;4	; --%	;Aumentar por33.3%	;0	;Disminuir por100.0%	; --%	;0	;Disminuir por100.0%	; --%	;
25	;06/02 00:00 - 01:00	;0	; --%	; --%	;1	; --%	;Disminuir por50.0%	;0	; --%	; --%	;2	; --%	; --%	;0	; --%	; --%	;2	; --%	;Aumentar por100.0%	;0	; --%	; --%	;0	; --%	; --%	;
26	;06/02 01:00 - 02:00	;0	; --%	; --%	;1	; --%	; --%	;0	; --%	; --%	;0	; --%	; --%	;0	; --%	; --%	;0	; --%	; --%	;0	; --%	; --%	;0	; --%	; --%	;
27	;06/02 02:00 - 03:00	;0	; --%	; --%	;0	; --%	; --%	;0	; --%	; --%	;0	; --%	; --%	;0	; --%	; --%	;0	; --%	; --%	;0	; --%	; --%	;0	; --%	; --%	;
28	;06/02 03:00 - 04:00	;0	; --%	; --%	;0	; --%	; --%	;0	; --%	; --%	;0	; --%	; --%	;0	; --%	; --%	;0	; --%	; --%	;0	; --%	; --%	;0	; --%	; --%	;
29	;06/02 04:00 - 05:00	;0	; --%	; --%	;0	; --%	; --%	;0	; --%	; --%	;0	; --%	; --%	;0	; --%	; --%	;0	; --%	; --%	;0	; --%	; --%	;0	; --%	; --%	;
30	;06/02 05:00 - 06:00	;0	; --%	; --%	;0	; --%	; --%	;0	; --%	; --%	;0	; --%	; --%	;0	; --%	; --%	;0	; --%	; --%	;0	; --%	; --%	;0	; --%	; --%	;
31	;06/02 06:00 - 07:00	;0	; --%	; --%	;0	; --%	; --%	;0	; --%	; --%	;0	; --%	;Disminuir por100.0%	;1	; --%	; --%	;2	; --%	; --%	;0	; --%	; --%	;1	; --%	; --%	;
32	;06/02 07:00 - 08:00	;0	; --%	; --%	;0	; --%	; --%	;0	;Disminuir por100.0%	; --%	;0	;Disminuir por100.0%	;Disminuir por100.0%	;1	;Sin cambios	; --%	;4	;Disminuir por42.9%	;Disminuir por20.0%	;0	; --%	; --%	;0	; --%	; --%	;
33	;06/02 08:00 - 09:00	;0	; --%	; --%	;0	; --%	; --%	;0	; --%	;Disminuir por100.0%	;3	; --%	;Disminuir por25.0%	;0	;Disminuir por100.0%	;Disminuir por100.0%	;8	;Aumentar por14.3%	;Disminuir por46.7%	;0	; --%	; --%	;0	; --%	;Disminuir por100.0%	;
34	;06/02 09:00 - 10:00	;2	; --%	; --%	;2	; --%	; --%	;0	;Disminuir por100.0%	; --%	;9	;Aumentar por350.0%	;Aumentar por80.0%	;0	; --%	; --%	;16	;Aumentar por220.0%	;Aumentar por33.3%	;0	; --%	; --%	;2	; --%	;Aumentar por100.0%	;
35	;06/02 10:00 - 11:00	;0	; --%	; --%	;0	; --%	; --%	;3	;Aumentar por200.0%	; --%	;15	;Aumentar por1400.0%	;Aumentar por275.0%	;1	;Disminuir por75.0%	; --%	;12	;Disminuir por14.3%	;Disminuir por20.0%	;0	; --%	; --%	;1	; --%	;Sin cambios	;
36	;06/02 11:00 - 12:00	;0	; --%	; --%	;1	; --%	;Disminuir por50.0%	;0	; --%	; --%	;12	;Aumentar por500.0%	;Aumentar por200.0%	;0	;Disminuir por100.0%	; --%	;8	;Disminuir por38.5%	;Disminuir por20.0%	;0	; --%	; --%	;1	; --%	;Disminuir por50.0%	;
37	;06/02 12:00 - 13:00	;0	; --%	; --%	;0	; --%	; --%	;0	; --%	;Disminuir por100.0%	;1	;Disminuir por50.0%	;Disminuir por50.0%	;2	;Disminuir por33.3%	; --%	;9	;Disminuir por43.8%	;Disminuir por25.0%	;0	; --%	; --%	;2	; --%	; --%	;
38	;06/02 13:00 - 14:00	;0	; --%	; --%	;0	; --%	; --%	;0	; --%	;Disminuir por100.0%	;2	;Aumentar por100.0%	;Disminuir por60.0%	;2	; --%	;Sin cambios	;17	;Aumentar por183.3%	;Aumentar por54.5%	;1	; --%	; --%	;3	;Sin cambios	;Aumentar por200.0%	;
39	;06/02 14:00 - 15:00	;0	; --%	; --%	;2	;Aumentar por100.0%	;Aumentar por100.0%	;1	; --%	; --%	;2	;Aumentar por100.0%	;Disminuir por33.3%	;0	; --%	;Disminuir por100.0%	;12	;Disminuir por7.7%	;Aumentar por20.0%	;0	;Disminuir por100.0%	; --%	;0	;Disminuir por100.0%	;Disminuir por100.0%	;
40	;06/02 15:00 - 16:00	;0	; --%	; --%	;1	; --%	;Sin cambios	;0	;Disminuir por100.0%	; --%	;0	;Disminuir por100.0%	;Disminuir por100.0%	;1	;Disminuir por66.7%	;Disminuir por80.0%	;9	;Disminuir por18.2%	;Disminuir por47.1%	;0	; --%	;Disminuir por100.0%	;1	; --%	;Disminuir por75.0%	;
41	;06/02 16:00 - 17:00	;0	; --%	; --%	;0	; --%	; --%	;0	; --%	;Disminuir por100.0%	;1	;Disminuir por66.7%	;Sin cambios	;0	; --%	;Disminuir por100.0%	;8	;Disminuir por38.5%	;Aumentar por14.3%	;0	; --%	; --%	;0	; --%	; --%	;
42	;06/02 17:00 - 18:00	;0	; --%	; --%	;0	;Disminuir por100.0%	; --%	;0	; --%	; --%	;2	;Sin cambios	;Disminuir por33.3%	;0	;Disminuir por100.0%	;Disminuir por100.0%	;8	;Disminuir por38.5%	;Disminuir por38.5%	;0	; --%	; --%	;0	;Disminuir por100.0%	;Disminuir por100.0%	;
43	;06/02 18:00 - 19:00	;0	; --%	; --%	;0	;Disminuir por100.0%	;Disminuir por100.0%	;0	; --%	; --%	;1	;Disminuir por66.7%	;Sin cambios	;0	; --%	; --%	;7	;Aumentar por133.3%	;Disminuir por36.4%	;0	; --%	; --%	;0	;Disminuir por100.0%	;Disminuir por100.0%	;
44	;06/02 19:00 - 20:00	;0	; --%	; --%	;0	;Disminuir por100.0%	; --%	;0	; --%	; --%	;0	; --%	; --%	;0	;Disminuir por100.0%	; --%	;5	;Aumentar por25.0%	;Disminuir por28.6%	;1	; --%	; --%	;3	;Aumentar por200.0%	; --%	;
45	;06/02 20:00 - 21:00	;0	; --%	; --%	;0	;Disminuir por100.0%	; --%	;0	; --%	; --%	;0	;Disminuir por100.0%	;Disminuir por100.0%	;1	; --%	; --%	;6	;Aumentar por50.0%	;Disminuir por14.3%	;0	; --%	; --%	;0	;Disminuir por100.0%	;Disminuir por100.0%	;
46	;06/02 21:00 - 22:00	;0	; --%	; --%	;2	; --%	;Aumentar por100.0%	;0	; --%	; --%	;1	;Sin cambios	;Disminuir por50.0%	;0	; --%	; --%	;4	;Sin cambios	;Aumentar por300.0%	;0	; --%	; --%	;1	; --%	; --%	;
47	;06/02 22:00 - 23:00	;0	; --%	; --%	;2	;Aumentar por100.0%	; --%	;0	; --%	; --%	;0	; --%	;Disminuir por100.0%	;2	; --%	; --%	;4	;Aumentar por300.0%	;Disminuir por20.0%	;0	; --%	; --%	;0	; --%	;Disminuir por100.0%	;
48	;06/02 23:00 - 24:00	;0	; --%	; --%	;0	; --%	;Disminuir por100.0%	;0	; --%	; --%	;0	; --%	;Disminuir por100.0%	;0	; --%	; --%	;1	;Disminuir por50.0%	;Disminuir por50.0%	;0	; --%	; --%	;0	; --%	; --%	;
49	;06/03 00:00 - 01:00	;0	; --%	; --%	;3	; --%	;Aumentar por50.0%	;0	; --%	; --%	;0	; --%	; --%	;0	; --%	; --%	;0	; --%	;Disminuir por100.0%	;0	; --%	; --%	;0	; --%	; --%	;
50	;06/03 01:00 - 02:00	;0	; --%	; --%	;0	; --%	; --%	;0	; --%	; --%	;0	; --%	; --%	;0	; --%	; --%	;0	;Disminuir por100.0%	;Disminuir por100.0%	;0	; --%	; --%	;0	;Disminuir por100.0%	; --%	;
51	;06/03 02:00 - 03:00	;0	; --%	; --%	;0	; --%	; --%	;0	; --%	; --%	;0	; --%	; --%	;0	; --%	; --%	;0	; --%	; --%	;0	; --%	; --%	;0	; --%	; --%	;
52	;06/03 03:00 - 04:00	;0	; --%	; --%	;1	; --%	;Sin cambios	;0	; --%	; --%	;0	; --%	; --%	;0	; --%	; --%	;0	;Disminuir por100.0%	;Disminuir por100.0%	;0	; --%	; --%	;0	; --%	; --%	;
53	;06/03 04:00 - 05:00	;0	; --%	; --%	;0	; --%	; --%	;0	; --%	; --%	;0	; --%	; --%	;0	; --%	; --%	;0	; --%	; --%	;0	; --%	; --%	;0	; --%	; --%	;
54	;06/03 05:00 - 06:00	;0	; --%	; --%	;0	; --%	; --%	;0	; --%	; --%	;0	; --%	; --%	;0	; --%	; --%	;0	; --%	; --%	;0	; --%	; --%	;0	; --%	; --%	;
55	;06/03 06:00 - 07:00	;0	; --%	; --%	;0	; --%	; --%	;0	; --%	; --%	;0	; --%	; --%	;0	; --%	; --%	;0	; --%	;Disminuir por100.0%	;0	; --%	; --%	;0	; --%	; --%	;
56	;06/03 07:00 - 08:00	;0	; --%	; --%	;0	; --%	;Disminuir por100.0%	;0	; --%	;Disminuir por100.0%	;2	;Aumentar por100.0%	;Sin cambios	;1	;Disminuir por66.7%	;Sin cambios	;6	;Disminuir por25.0%	;Aumentar por20.0%	;0	; --%	; --%	;0	; --%	; --%	;
57	;06/03 08:00 - 09:00	;0	; --%	; --%	;0	;Disminuir por100.0%	;Disminuir por100.0%	;0	; --%	; --%	;7	;Aumentar por75.0%	;Aumentar por250.0%	;0	; --%	;Disminuir por100.0%	;12	;Sin cambios	;Disminuir por7.7%	;2	; --%	;Aumentar por100.0%	;4	;Sin cambios	;Sin cambios	;
58	;06/03 09:00 - 10:00	;0	; --%	; --%	;1	;Sin cambios	;Sin cambios	;0	; --%	; --%	;4	;Aumentar por33.3%	;Aumentar por100.0%	;3	;Aumentar por200.0%	; --%	;16	;Aumentar por23.1%	;Aumentar por14.3%	;0	; --%	;Disminuir por100.0%	;1	;Disminuir por50.0%	;Disminuir por85.7%	;
59	;06/03 10:00 - 11:00	;0	; --%	; --%	;1	;Sin cambios	;Disminuir por66.7%	;0	; --%	; --%	;7	;Aumentar por75.0%	;Disminuir por22.2%	;1	;Disminuir por66.7%	;Sin cambios	;14	;Disminuir por17.6%	;Disminuir por22.2%	;2	;Aumentar por100.0%	;Aumentar por100.0%	;5	;Aumentar por25.0%	;Aumentar por400.0%	;
60	;06/03 11:00 - 12:00	;0	; --%	; --%	;0	;Disminuir por100.0%	; --%	;7	; --%	;Aumentar por75.0%	;15	;Aumentar por400.0%	;Aumentar por36.4%	;1	;Disminuir por50.0%	;Disminuir por66.7%	;11	;Disminuir por21.4%	;Disminuir por26.7%	;0	; --%	;Disminuir por100.0%	;0	;Disminuir por100.0%	;Disminuir por100.0%	;
61	;06/03 12:00 - 13:00	;0	; --%	; --%	;2	; --%	; --%	;0	; --%	;Disminuir por100.0%	;3	;Disminuir por25.0%	;Aumentar por50.0%	;3	;Aumentar por50.0%	;Sin cambios	;9	;Disminuir por35.7%	;Disminuir por60.9%	;0	; --%	; --%	;0	; --%	; --%	;
62	;06/03 13:00 - 14:00	;0	; --%	; --%	;0	; --%	; --%	;0	; --%	;Disminuir por100.0%	;4	;Aumentar por100.0%	;Disminuir por33.3%	;0	;Disminuir por100.0%	; --%	;13	;Aumentar por30.0%	;Aumentar por18.2%	;0	; --%	; --%	;0	; --%	; --%	;
63	;06/03 14:00 - 15:00	;0	; --%	; --%	;0	; --%	;Disminuir por100.0%	;0	; --%	; --%	;4	; --%	;Aumentar por33.3%	;2	; --%	;Sin cambios	;10	; --%	;Disminuir por23.1%	;0	; --%	; --%	;0	; --%	; --%	;
64	;06/03 15:00 - 16:00	;0	; --%	; --%	;1	; --%	;Sin cambios	;1	; --%	;Sin cambios	;6	; --%	;Aumentar por100.0%	;3	; --%	; --%	;14	; --%	;Aumentar por133.3%	;0	; --%	; --%	;0	; --%	; --%	;
65	;06/03 16:00 - 17:00	;0	; --%	; --%	;0	; --%	; --%	;0	; --%	; --%	;3	; --%	;Sin cambios	;3	; --%	; --%	;14	; --%	;Aumentar por180.0%	;0	; --%	; --%	;0	; --%	;Disminuir por100.0%	;
66	;06/03 17:00 - 18:00	;0	; --%	; --%	;0	; --%	;Disminuir por100.0%	;0	; --%	; --%	;0	; --%	;Disminuir por100.0%	;0	; --%	; --%	;8	; --%	;Sin cambios	;0	; --%	; --%	;1	; --%	;Sin cambios	;
67	;06/03 18:00 - 19:00	;0	; --%	; --%	;0	; --%	; --%	;1	; --%	; --%	;2	; --%	;Aumentar por100.0%	;1	; --%	;Sin cambios	;14	; --%	;Aumentar por250.0%	;0	; --%	; --%	;0	; --%	; --%	;
68	;06/03 19:00 - 20:00	;0	; --%	; --%	;0	; --%	; --%	;0	; --%	; --%	;0	; --%	;Disminuir por100.0%	;1	; --%	; --%	;6	; --%	;Disminuir por25.0%	;0	; --%	; --%	;0	; --%	; --%	;
69	;06/03 20:00 - 21:00	;0	; --%	; --%	;0	; --%	; --%	;0	; --%	; --%	;0	; --%	;Disminuir por100.0%	;1	; --%	;Sin cambios	;4	; --%	;Disminuir por42.9%	;0	; --%	; --%	;0	; --%	; --%	;
70	;06/03 21:00 - 22:00	;0	; --%	; --%	;0	; --%	;Disminuir por100.0%	;0	; --%	; --%	;0	; --%	; --%	;0	; --%	;Disminuir por100.0%	;4	; --%	;Aumentar por100.0%	;0	; --%	; --%	;0	; --%	; --%	;
71	;06/03 22:00 - 23:00	;0	; --%	; --%	;0	; --%	; --%	;0	; --%	; --%	;0	; --%	;Disminuir por100.0%	;1	; --%	; --%	;6	; --%	;Disminuir por33.3%	;0	; --%	; --%	;0	; --%	; --%	;
72	;06/03 23:00 - 24:00	;0	; --%	; --%	;1	; --%	; --%	;0	; --%	; --%	;0	; --%	; --%	;0	; --%	; --%	;1	; --%	;Disminuir por50.0%	;0	; --%	; --%	;0	; --%	; --%	;
73	;06/04 00:00 - 01:00	;0	; --%	; --%	;0	; --%	; --%	;0	; --%	; --%	;2	; --%	; --%	;3	; --%	; --%	;4	; --%	;Aumentar por300.0%	;0	; --%	; --%	;0	; --%	; --%	;
74	;06/04 01:00 - 02:00	;0	; --%	; --%	;1	; --%	; --%	;0	; --%	; --%	;0	; --%	; --%	;0	; --%	;Disminuir por100.0%	;1	; --%	;Disminuir por66.7%	;0	; --%	; --%	;0	; --%	; --%	;
75	;06/04 02:00 - 03:00	;0	; --%	; --%	;0	; --%	; --%	;0	; --%	; --%	;0	; --%	; --%	;1	; --%	; --%	;3	; --%	; --%	;0	; --%	; --%	;0	; --%	; --%	;
76	;06/04 03:00 - 04:00	;0	; --%	; --%	;0	; --%	; --%	;0	; --%	; --%	;0	; --%	; --%	;0	; --%	; --%	;0	; --%	;Disminuir por100.0%	;0	; --%	; --%	;0	; --%	; --%	;
77	;06/04 04:00 - 05:00	;0	; --%	; --%	;0	; --%	; --%	;0	; --%	; --%	;0	; --%	; --%	;0	; --%	; --%	;0	; --%	; --%	;0	; --%	; --%	;0	; --%	; --%	;
78	;06/04 05:00 - 06:00	;0	; --%	; --%	;0	; --%	; --%	;0	; --%	; --%	;0	; --%	; --%	;0	; --%	; --%	;1	; --%	; --%	;0	; --%	; --%	;0	; --%	; --%	;
79	;06/04 06:00 - 07:00	;0	; --%	; --%	;0	; --%	; --%	;0	; --%	; --%	;0	; --%	; --%	;1	; --%	; --%	;0	; --%	;Disminuir por100.0%	;0	; --%	;Disminuir por100.0%	;0	; --%	;Disminuir por100.0%	;
80	;06/04 07:00 - 08:00	;0	; --%	; --%	;1	; --%	; --%	;1	; --%	; --%	;2	; --%	; --%	;0	; --%	;Disminuir por100.0%	;2	; --%	;Disminuir por60.0%	;0	; --%	; --%	;1	; --%	; --%	;
81	;06/04 08:00 - 09:00	;0	; --%	; --%	;0	; --%	;Disminuir por100.0%	;1	; --%	;Sin cambios	;7	; --%	;Aumentar por133.3%	;0	; --%	; --%	;11	;Aumentar por120.0%	;Aumentar por83.3%	;0	; --%	; --%	;0	; --%	;Disminuir por100.0%	;
82	;06/04 09:00 - 10:00	;0	; --%	; --%	;0	;Disminuir por100.0%	;Disminuir por100.0%	;0	; --%	; --%	;4	;Sin cambios	;Disminuir por33.3%	;4	;Aumentar por100.0%	;Aumentar por300.0%	;14	;Disminuir por17.6%	;Sin cambios	;1	; --%	; --%	;5	; --%	; --%	;
83	;06/04 10:00 - 11:00	;0	; --%	; --%	;0	;Disminuir por100.0%	;Disminuir por100.0%	;2	;Aumentar por100.0%	;Sin cambios	;9	;Aumentar por350.0%	;Disminuir por35.7%	;2	; --%	;Disminuir por50.0%	;18	;Aumentar por12.5%	;Aumentar por50.0%	;1	; --%	;Sin cambios	;2	; --%	;Disminuir por60.0%	;
84	;06/04 11:00 - 12:00	;0	; --%	; --%	;0	;Disminuir por100.0%	; --%	;6	;Aumentar por200.0%	; --%	;21	;Aumentar por320.0%	;Aumentar por2000.0%	;1	;Disminuir por66.7%	; --%	;14	;Disminuir por6.7%	;Disminuir por26.3%	;0	; --%	;Disminuir por100.0%	;1	;Sin cambios	;Disminuir por66.7%	;
85	;06/04 12:00 - 13:00	;0	; --%	; --%	;0	;Disminuir por100.0%	; --%	;1	;Disminuir por66.7%	;Sin cambios	;3	;Disminuir por57.1%	;Disminuir por57.1%	;0	;Disminuir por100.0%	; --%	;7	;Disminuir por58.8%	;Disminuir por30.0%	;1	; --%	; --%	;1	;Disminuir por66.7%	;Disminuir por50.0%	;
86	;06/04 13:00 - 14:00	;0	; --%	; --%	;0	;Disminuir por100.0%	; --%	;0	; --%	;Disminuir por100.0%	;2	; --%	;Disminuir por66.7%	;4	;Aumentar por33.3%	;Aumentar por300.0%	;10	;Sin cambios	;Disminuir por37.5%	;0	; --%	; --%	;1	; --%	; --%	;
87	;06/04 14:00 - 15:00	;0	; --%	; --%	;0	;Disminuir por100.0%	; --%	;0	; --%	; --%	;2	;Sin cambios	;Sin cambios	;2	;Disminuir por33.3%	;Sin cambios	;9	;Disminuir por18.2%	;Disminuir por47.1%	;0	; --%	; --%	;1	; --%	; --%	;
88	;06/04 15:00 - 16:00	;0	; --%	; --%	;0	;Disminuir por100.0%	;Disminuir por100.0%	;0	; --%	; --%	;0	;Disminuir por100.0%	;Disminuir por100.0%	;2	;Disminuir por33.3%	;Disminuir por50.0%	;11	;Disminuir por8.3%	;Disminuir por35.3%	;0	; --%	; --%	;0	;Disminuir por100.0%	;Disminuir por100.0%	;
89	;06/04 16:00 - 17:00	;0	; --%	; --%	;0	;Disminuir por100.0%	; --%	;0	; --%	; --%	;2	;Aumentar por100.0%	;Disminuir por50.0%	;0	; --%	;Disminuir por100.0%	;5	;Disminuir por37.5%	;Disminuir por58.3%	;1	; --%	; --%	;3	;Aumentar por50.0%	;Aumentar por200.0%	;
90	;06/04 17:00 - 18:00	;0	; --%	; --%	;0	;Disminuir por100.0%	; --%	;0	; --%	; --%	;0	;Disminuir por100.0%	; --%	;0	; --%	;Disminuir por100.0%	;10	;Disminuir por9.1%	;Disminuir por33.3%	;1	; --%	;Sin cambios	;3	; --%	;Aumentar por200.0%	;
91	;06/04 18:00 - 19:00	;0	; --%	; --%	;0	;Disminuir por100.0%	; --%	;0	;Disminuir por100.0%	; --%	;0	;Disminuir por100.0%	; --%	;1	;Disminuir por75.0%	; --%	;6	;Disminuir por45.5%	;Disminuir por50.0%	;0	; --%	; --%	;0	;Disminuir por100.0%	; --%	;
92	;06/04 19:00 - 20:00	;0	;Disminuir por100.0%	; --%	;1	;Disminuir por91.7%	; --%	;0	; --%	; --%	;0	; --%	;Disminuir por100.0%	;0	;Disminuir por100.0%	; --%	;4	;Sin cambios	;Disminuir por42.9%	;0	; --%	; --%	;1	;Sin cambios	; --%	;
93	;06/04 20:00 - 21:00	;0	; --%	; --%	;1	;Disminuir por85.7%	; --%	;0	; --%	; --%	;1	; --%	;Disminuir por75.0%	;0	; --%	; --%	;4	;Sin cambios	;Aumentar por33.3%	;0	; --%	; --%	;0	; --%	; --%	;
94	;06/04 21:00 - 22:00	;0	; --%	; --%	;2	;Disminuir por33.3%	;Sin cambios	;0	; --%	; --%	;1	; --%	; --%	;3	;Aumentar por200.0%	; --%	;7	;Aumentar por250.0%	;Aumentar por600.0%	;0	; --%	; --%	;1	; --%	; --%	;
95	;06/04 22:00 - 23:00	;0	; --%	; --%	;1	;Sin cambios	; --%	;0	; --%	; --%	;0	; --%	; --%	;0	; --%	;Disminuir por100.0%	;0	;Disminuir por100.0%	;Disminuir por100.0%	;0	; --%	; --%	;0	; --%	; --%	;
96	;06/04 23:00 - 24:00	;0	; --%	; --%	;2	;Sin cambios	; --%	;0	; --%	; --%	;0	; --%	;Disminuir por100.0%	;1	; --%	; --%	;3	; --%	;Aumentar por50.0%	;0	; --%	; --%	;1	; --%	; --%	;
97	;06/05 00:00 - 01:00	;0	; --%	; --%	;3	; --%	; --%	;0	; --%	; --%	;0	; --%	; --%	;0	; --%	; --%	;0	; --%	;Disminuir por100.0%	;0	; --%	; --%	;0	; --%	; --%	;
98	;06/05 01:00 - 02:00	;0	; --%	; --%	;0	; --%	; --%	;0	; --%	; --%	;0	; --%	; --%	;2	; --%	; --%	;3	; --%	;Aumentar por200.0%	;0	; --%	; --%	;0	; --%	; --%	;
99	;06/05 02:00 - 03:00	;0	; --%	; --%	;0	; --%	; --%	;0	; --%	; --%	;0	; --%	; --%	;0	; --%	; --%	;0	; --%	;Disminuir por100.0%	;0	; --%	; --%	;0	; --%	; --%	;
100	;06/05 03:00 - 04:00	;0	; --%	; --%	;0	; --%	; --%	;0	; --%	; --%	;0	; --%	; --%	;0	; --%	; --%	;0	; --%	;Disminuir por100.0%	;0	; --%	; --%	;0	; --%	; --%	;
101	;06/05 04:00 - 05:00	;0	; --%	; --%	;0	; --%	; --%	;0	; --%	; --%	;0	; --%	; --%	;0	; --%	; --%	;1	; --%	;Sin cambios	;0	; --%	; --%	;0	; --%	; --%	;
102	;06/05 05:00 - 06:00	;0	; --%	; --%	;0	; --%	; --%	;0	; --%	; --%	;0	; --%	; --%	;0	; --%	; --%	;0	; --%	; --%	;0	; --%	; --%	;1	; --%	; --%	;
103	;06/05 06:00 - 07:00	;0	; --%	; --%	;0	;Disminuir por100.0%	;Disminuir por100.0%	;1	; --%	; --%	;2	; --%	; --%	;0	; --%	; --%	;0	; --%	;Disminuir por100.0%	;0	; --%	; --%	;0	; --%	; --%	;
104	;06/05 07:00 - 08:00	;0	;Disminuir por100.0%	; --%	;1	;Disminuir por75.0%	; --%	;0	; --%	;Disminuir por100.0%	;0	;Disminuir por100.0%	;Disminuir por100.0%	;1	;Disminuir por50.0%	;Disminuir por50.0%	;7	;Aumentar por133.3%	;Aumentar por16.7%	;0	; --%	; --%	;0	; --%	;Disminuir por100.0%	;
105	;06/05 08:00 - 09:00	;0	; --%	; --%	;1	;Disminuir por66.7%	;Sin cambios	;0	; --%	; --%	;7	;Aumentar por75.0%	;Aumentar por600.0%	;2	;Aumentar por100.0%	;Disminuir por33.3%	;14	;Disminuir por17.6%	;Disminuir por12.5%	;1	; --%	; --%	;4	;Aumentar por300.0%	;Sin cambios	;
106	;06/05 09:00 - 10:00	;0	; --%	; --%	;3	;Disminuir por25.0%	; --%	;2	;Sin cambios	; --%	;7	;Disminuir por12.5%	;Aumentar por16.7%	;1	; --%	; --%	;20	;Aumentar por122.2%	;Aumentar por11.1%	;2	; --%	; --%	;4	;Aumentar por100.0%	;Sin cambios	;
107	;06/05 10:00 - 11:00	;1	; --%	; --%	;3	; --%	; --%	;1	; --%	;Sin cambios	;6	;Aumentar por50.0%	;Disminuir por33.3%	;0	; --%	; --%	;15	;Disminuir por6.3%	;Aumentar por36.4%	;0	; --%	; --%	;1	;Sin cambios	;Disminuir por66.7%	;
108	;06/05 11:00 - 12:00	;0	; --%	;Disminuir por100.0%	;1	;Sin cambios	;Disminuir por66.7%	;0	; --%	;Disminuir por100.0%	;7	;Aumentar por16.7%	;Sin cambios	;8	;Aumentar por166.7%	;Aumentar por166.7%	;28	;Aumentar por12.0%	;Aumentar por64.7%	;0	; --%	;Disminuir por100.0%	;2	;Aumentar por100.0%	;Disminuir por60.0%	;
109	;06/05 12:00 - 13:00	;0	; --%	; --%	;1	; --%	;Sin cambios	;0	;Disminuir por100.0%	;Disminuir por100.0%	;3	;Disminuir por40.0%	;Disminuir por72.7%	;0	; --%	;Disminuir por100.0%	;17	;Aumentar por70.0%	;Aumentar por21.4%	;0	; --%	; --%	;2	; --%	;Aumentar por100.0%	;
110	;06/05 13:00 - 14:00	;0	; --%	; --%	;1	; --%	;Sin cambios	;0	; --%	; --%	;5	;Aumentar por400.0%	;Aumentar por25.0%	;3	;Disminuir por40.0%	; --%	;17	;Disminuir por22.7%	;Aumentar por70.0%	;1	; --%	; --%	;2	;Aumentar por100.0%	; --%	;
111	;06/05 14:00 - 15:00	;0	; --%	; --%	;0	; --%	; --%	;0	; --%	; --%	;2	;Aumentar por100.0%	;Sin cambios	;4	;Disminuir por33.3%	;Aumentar por33.3%	;19	;Sin cambios	;Disminuir por9.5%	;0	; --%	; --%	;1	;Disminuir por50.0%	;Disminuir por66.7%	;
112	;06/05 15:00 - 16:00	;0	; --%	; --%	;0	; --%	; --%	;0	;Disminuir por100.0%	; --%	;2	;Disminuir por50.0%	; --%	;1	;Disminuir por50.0%	;Disminuir por50.0%	;12	;Aumentar por33.3%	;Sin cambios	;0	; --%	; --%	;0	; --%	; --%	;
113	;06/05 16:00 - 17:00	;0	; --%	; --%	;0	; --%	;Disminuir por100.0%	;0	; --%	; --%	;2	;Disminuir por33.3%	;Aumentar por100.0%	;0	; --%	; --%	;7	;Aumentar por40.0%	;Aumentar por40.0%	;1	; --%	; --%	;2	; --%	;Sin cambios	;
114	;06/05 17:00 - 18:00	;0	; --%	; --%	;1	; --%	; --%	;0	; --%	; --%	;2	;Aumentar por100.0%	;Disminuir por50.0%	;0	; --%	; --%	;18	;Aumentar por200.0%	;Aumentar por100.0%	;0	; --%	; --%	;3	;Aumentar por200.0%	; --%	;
115	;06/05 18:00 - 19:00	;0	; --%	; --%	;0	; --%	; --%	;0	; --%	; --%	;1	;Sin cambios	;Sin cambios	;2	; --%	; --%	;14	;Aumentar por16.7%	;Aumentar por40.0%	;0	; --%	; --%	;2	;Aumentar por100.0%	; --%	;
116	;06/05 19:00 - 20:00	;0	; --%	; --%	;0	;Disminuir por100.0%	; --%	;0	; --%	; --%	;0	; --%	;Disminuir por100.0%	;1	;Disminuir por66.7%	; --%	;4	;Disminuir por42.9%	;Disminuir por50.0%	;0	; --%	; --%	;1	; --%	;Sin cambios	;
117	;06/05 20:00 - 21:00	;0	; --%	; --%	;0	; --%	; --%	;0	; --%	; --%	;2	;Aumentar por100.0%	;Aumentar por100.0%	;2	; --%	; --%	;3	;Disminuir por76.9%	;Aumentar por50.0%	;1	; --%	; --%	;2	; --%	;Aumentar por100.0%	;
118	;06/05 21:00 - 22:00	;0	; --%	; --%	;1	; --%	; --%	;0	; --%	; --%	;0	; --%	; --%	;0	; --%	; --%	;3	;Disminuir por25.0%	;Aumentar por200.0%	;0	; --%	; --%	;1	; --%	; --%	;
119	;06/05 22:00 - 23:00	;1	; --%	; --%	;3	; --%	;Aumentar por200.0%	;0	; --%	; --%	;0	; --%	; --%	;0	; --%	; --%	;0	;Disminuir por100.0%	; --%	;0	; --%	; --%	;0	; --%	;Disminuir por100.0%	;
120	;06/05 23:00 - 24:00	;0	; --%	; --%	;4	; --%	;Aumentar por33.3%	;0	; --%	; --%	;1	; --%	; --%	;0	; --%	; --%	;4	;Aumentar por33.3%	;Sin cambios	;0	; --%	; --%	;0	; --%	; --%	;
121	;06/06 00:00 - 01:00	;0	; --%	; --%	;3	; --%	; --%	;0	; --%	; --%	;0	; --%	; --%	;1	; --%	; --%	;3	; --%	; --%	;0	; --%	; --%	;0	; --%	; --%	;
122	;06/06 01:00 - 02:00	;0	; --%	; --%	;2	; --%	; --%	;0	; --%	; --%	;1	; --%	; --%	;0	; --%	; --%	;2	; --%	; --%	;0	; --%	; --%	;0	; --%	; --%	;
123	;06/06 02:00 - 03:00	;0	; --%	; --%	;0	; --%	; --%	;0	; --%	; --%	;0	; --%	; --%	;2	; --%	; --%	;3	; --%	;Aumentar por200.0%	;0	; --%	; --%	;0	; --%	; --%	;
124	;06/06 03:00 - 04:00	;0	; --%	; --%	;0	; --%	; --%	;0	; --%	;Disminuir por100.0%	;0	; --%	;Disminuir por100.0%	;0	; --%	; --%	;0	;Disminuir por100.0%	;Disminuir por100.0%	;0	; --%	; --%	;0	; --%	; --%	;
125	;06/06 04:00 - 05:00	;0	; --%	; --%	;0	; --%	; --%	;0	; --%	; --%	;0	; --%	; --%	;0	; --%	; --%	;0	; --%	; --%	;0	; --%	; --%	;0	; --%	; --%	;
126	;06/06 05:00 - 06:00	;0	; --%	; --%	;0	; --%	; --%	;0	; --%	; --%	;0	; --%	; --%	;0	; --%	; --%	;1	; --%	; --%	;0	; --%	; --%	;0	; --%	; --%	;
127	;06/06 06:00 - 07:00	;0	; --%	; --%	;0	; --%	; --%	;0	; --%	; --%	;0	; --%	; --%	;0	; --%	; --%	;1	; --%	; --%	;0	; --%	; --%	;0	; --%	; --%	;
128	;06/06 07:00 - 08:00	;0	; --%	; --%	;0	; --%	; --%	;0	; --%	;Disminuir por100.0%	;0	;Disminuir por100.0%	;Disminuir por100.0%	;0	;Disminuir por100.0%	; --%	;7	;Disminuir por22.2%	;Aumentar por40.0%	;0	; --%	; --%	;0	; --%	;Disminuir por100.0%	;
129	;06/06 08:00 - 09:00	;0	; --%	; --%	;0	;Disminuir por100.0%	; --%	;2	; --%	;Sin cambios	;4	;Aumentar por100.0%	;Disminuir por60.0%	;0	;Disminuir por100.0%	; --%	;9	;Disminuir por47.1%	;Aumentar por28.6%	;1	; --%	;Disminuir por66.7%	;3	;Aumentar por200.0%	;Disminuir por57.1%	;
130	;06/06 09:00 - 10:00	;0	; --%	; --%	;1	; --%	;Disminuir por50.0%	;0	; --%	;Disminuir por100.0%	;4	;Sin cambios	;Disminuir por50.0%	;0	;Disminuir por100.0%	; --%	;13	;Aumentar por30.0%	;Disminuir por13.3%	;0	; --%	; --%	;1	;Disminuir por75.0%	; --%	;
131	;06/06 10:00 - 11:00	;0	; --%	; --%	;2	; --%	;Sin cambios	;0	; --%	;Disminuir por100.0%	;6	;Aumentar por50.0%	;Disminuir por64.7%	;3	; --%	; --%	;14	;Disminuir por26.3%	;Aumentar por16.7%	;0	;Disminuir por100.0%	;Disminuir por100.0%	;2	;Disminuir por33.3%	;Disminuir por66.7%	;
132	;06/06 11:00 - 12:00	;0	; --%	; --%	;1	; --%	;Disminuir por50.0%	;0	;Disminuir por100.0%	;Disminuir por100.0%	;6	;Disminuir por60.0%	;Disminuir por45.5%	;0	;Disminuir por100.0%	;Disminuir por100.0%	;13	;Disminuir por38.1%	;Disminuir por13.3%	;0	; --%	; --%	;1	;Disminuir por50.0%	;Disminuir por75.0%	;
133	;06/06 12:00 - 13:00	;0	; --%	; --%	;1	; --%	; --%	;0	; --%	;Disminuir por100.0%	;5	;Aumentar por150.0%	;Sin cambios	;4	; --%	;Aumentar por300.0%	;15	;Sin cambios	;Aumentar por25.0%	;0	; --%	; --%	;2	;Sin cambios	; --%	;
134	;06/06 13:00 - 14:00	;0	; --%	; --%	;0	;Disminuir por100.0%	; --%	;0	;Disminuir por100.0%	; --%	;3	;Disminuir por40.0%	;Aumentar por200.0%	;0	;Disminuir por100.0%	;Disminuir por100.0%	;4	;Disminuir por85.7%	;Disminuir por66.7%	;0	;Disminuir por100.0%	; --%	;2	;Disminuir por33.3%	; --%	;
135	;06/06 14:00 - 15:00	;0	; --%	; --%	;1	; --%	; --%	;0	;Disminuir por100.0%	; --%	;3	;Sin cambios	;Aumentar por50.0%	;3	;Disminuir por25.0%	;Disminuir por57.1%	;10	;Disminuir por37.5%	;Disminuir por47.4%	;0	; --%	; --%	;2	; --%	;Sin cambios	;
136	;06/06 15:00 - 16:00	;0	; --%	; --%	;0	; --%	; --%	;0	;Disminuir por100.0%	; --%	;0	;Disminuir por100.0%	;Disminuir por100.0%	;0	;Disminuir por100.0%	;Disminuir por100.0%	;3	;Disminuir por87.5%	;Disminuir por66.7%	;0	; --%	; --%	;0	;Disminuir por100.0%	; --%	;
137	;06/06 16:00 - 17:00	;0	; --%	; --%	;0	; --%	; --%	;0	; --%	;Disminuir por100.0%	;1	;Sin cambios	;Disminuir por87.5%	;0	; --%	; --%	;0	;Disminuir por100.0%	;Disminuir por100.0%	;0	; --%	; --%	;0	; --%	;Disminuir por100.0%	;
138	;06/06 17:00 - 18:00	;0	; --%	; --%	;0	; --%	; --%	;0	; --%	; --%	;1	; --%	;Disminuir por66.7%	;1	;Sin cambios	;Disminuir por66.7%	;2	;Disminuir por83.3%	;Disminuir por84.6%	;0	; --%	; --%	;0	; --%	;Disminuir por100.0%	;
139	;06/06 18:00 - 19:00	;0	; --%	; --%	;1	; --%	; --%	;0	;Disminuir por100.0%	; --%	;2	;Disminuir por50.0%	; --%	;0	; --%	;Disminuir por100.0%	;1	;Disminuir por90.9%	;Disminuir por88.9%	;2	; --%	; --%	;2	; --%	; --%	;
140	;06/06 19:00 - 20:00	;0	; --%	; --%	;0	;Disminuir por100.0%	; --%	;0	; --%	; --%	;2	;Aumentar por100.0%	;Aumentar por100.0%	;2	;Aumentar por100.0%	; --%	;5	;Disminuir por44.4%	;Sin cambios	;0	; --%	; --%	;0	; --%	; --%	;
141	;06/06 20:00 - 21:00	;0	; --%	; --%	;0	;Disminuir por100.0%	; --%	;0	; --%	; --%	;0	; --%	; --%	;0	; --%	; --%	;1	;Disminuir por90.9%	;Disminuir por75.0%	;0	; --%	; --%	;0	; --%	; --%	;
142	;06/06 21:00 - 22:00	;0	; --%	; --%	;1	;Disminuir por50.0%	; --%	;0	; --%	; --%	;0	; --%	;Disminuir por100.0%	;2	; --%	; --%	;3	;Aumentar por200.0%	;Aumentar por200.0%	;0	; --%	;Disminuir por100.0%	;0	;Disminuir por100.0%	; --%	;
143	;06/06 22:00 - 23:00	;0	; --%	; --%	;1	;Disminuir por66.7%	;Sin cambios	;0	; --%	; --%	;0	; --%	; --%	;0	; --%	; --%	;1	;Sin cambios	;Sin cambios	;0	; --%	; --%	;0	; --%	; --%	;
144	;06/06 23:00 - 24:00	;0	; --%	; --%	;1	; --%	;Sin cambios	;0	; --%	; --%	;0	; --%	; --%	;0	; --%	; --%	;0	;Disminuir por100.0%	; --%	;0	; --%	; --%	;0	; --%	; --%	;
145	;06/07 00:00 - 01:00	;0	; --%	; --%	;3	; --%	;Aumentar por50.0%	;0	; --%	; --%	;0	; --%	; --%	;0	; --%	;Disminuir por100.0%	;1	;Sin cambios	;Disminuir por66.7%	;0	; --%	; --%	;0	; --%	; --%	;
146	;06/07 01:00 - 02:00	;0	; --%	; --%	;0	; --%	; --%	;0	; --%	; --%	;0	; --%	; --%	;0	; --%	; --%	;3	;Aumentar por200.0%	;Aumentar por200.0%	;0	; --%	; --%	;0	; --%	; --%	;
147	;06/07 02:00 - 03:00	;0	; --%	; --%	;0	; --%	; --%	;0	; --%	; --%	;0	; --%	; --%	;0	; --%	; --%	;0	; --%	; --%	;0	; --%	; --%	;0	; --%	; --%	;
148	;06/07 03:00 - 04:00	;0	; --%	; --%	;0	; --%	; --%	;0	; --%	; --%	;0	; --%	; --%	;1	; --%	; --%	;2	; --%	;Aumentar por100.0%	;0	; --%	; --%	;0	; --%	; --%	;
149	;06/07 04:00 - 05:00	;0	; --%	; --%	;0	; --%	; --%	;0	; --%	; --%	;0	; --%	; --%	;2	; --%	;Aumentar por100.0%	;2	; --%	;Disminuir por33.3%	;0	;Disminuir por100.0%	; --%	;0	;Disminuir por100.0%	; --%	;
150	;06/07 05:00 - 06:00	;0	; --%	; --%	;0	; --%	; --%	;0	; --%	; --%	;0	; --%	; --%	;0	; --%	; --%	;0	; --%	; --%	;0	; --%	; --%	;0	; --%	; --%	;
151	;06/07 06:00 - 07:00	;0	; --%	; --%	;0	; --%	; --%	;0	; --%	; --%	;0	; --%	; --%	;0	; --%	; --%	;1	; --%	;Disminuir por50.0%	;0	; --%	; --%	;0	;Disminuir por100.0%	; --%	;
152	;06/07 07:00 - 08:00	;0	; --%	; --%	;0	; --%	; --%	;0	; --%	; --%	;0	; --%	;Disminuir por100.0%	;0	; --%	; --%	;1	;Disminuir por50.0%	;Sin cambios	;0	;Disminuir por100.0%	; --%	;1	;Sin cambios	; --%	;
153	;06/07 08:00 - 09:00	;0	; --%	; --%	;0	; --%	; --%	;0	; --%	; --%	;1	; --%	;Disminuir por66.7%	;0	;Disminuir por100.0%	;Disminuir por100.0%	;4	;Disminuir por20.0%	;Disminuir por50.0%	;2	; --%	; --%	;2	; --%	;Disminuir por33.3%	;
154	;06/07 09:00 - 10:00	;0	; --%	; --%	;0	; --%	;Disminuir por100.0%	;2	; --%	; --%	;5	;Aumentar por400.0%	;Aumentar por25.0%	;0	;Disminuir por100.0%	;Disminuir por100.0%	;5	;Disminuir por64.3%	;Disminuir por64.3%	;0	; --%	; --%	;1	; --%	; --%	;
155	;06/07 10:00 - 11:00	;0	; --%	; --%	;0	; --%	;Disminuir por100.0%	;0	; --%	; --%	;1	;Sin cambios	;Sin cambios	;0	;Disminuir por100.0%	; --%	;0	;Disminuir por100.0%	;Disminuir por100.0%	;0	; --%	;Disminuir por100.0%	;0	;Disminuir por100.0%	;Disminuir por100.0%	;
156	;06/07 11:00 - 12:00	;0	; --%	; --%	;0	; --%	; --%	;0	; --%	; --%	;0	;Disminuir por100.0%	;Disminuir por100.0%	;0	; --%	;Disminuir por100.0%	;0	;Disminuir por100.0%	;Disminuir por100.0%	;0	; --%	; --%	;0	; --%	;Disminuir por100.0%	;
157	;06/07 12:00 - 13:00	;0	; --%	; --%	;0	; --%	; --%	;0	; --%	;Disminuir por100.0%	;0	;Disminuir por100.0%	;Disminuir por100.0%	;0	;Disminuir por100.0%	;Disminuir por100.0%	;0	;Disminuir por100.0%	;Disminuir por100.0%	;0	; --%	; --%	;0	; --%	; --%	;
158	;06/07 13:00 - 14:00	;0	; --%	; --%	;0	; --%	; --%	;0	; --%	; --%	;1	;Disminuir por50.0%	;Sin cambios	;0	; --%	; --%	;3	;Disminuir por62.5%	;Disminuir por40.0%	;0	; --%	; --%	;0	; --%	; --%	;
159	;06/07 14:00 - 15:00	;0	; --%	; --%	;0	; --%	; --%	;0	; --%	; --%	;0	; --%	;Disminuir por100.0%	;0	; --%	;Disminuir por100.0%	;1	;Disminuir por85.7%	;Disminuir por88.9%	;0	; --%	;Disminuir por100.0%	;1	; --%	;Disminuir por66.7%	;
160	;06/07 15:00 - 16:00	;0	; --%	; --%	;0	; --%	; --%	;0	; --%	; --%	;0	; --%	; --%	;0	;Disminuir por100.0%	;Disminuir por100.0%	;4	;Disminuir por55.6%	;Disminuir por71.4%	;0	; --%	; --%	;0	; --%	; --%	;
161	;06/07 16:00 - 17:00	;0	; --%	; --%	;1	; --%	; --%	;0	; --%	; --%	;0	; --%	;Disminuir por100.0%	;0	; --%	; --%	;4	;Disminuir por33.3%	;Aumentar por300.0%	;0	; --%	; --%	;0	; --%	; --%	;
162	;06/07 17:00 - 18:00	;0	; --%	; --%	;0	; --%	; --%	;0	; --%	; --%	;0	; --%	; --%	;1	; --%	;Sin cambios	;4	;Sin cambios	;Disminuir por50.0%	;2	; --%	; --%	;3	; --%	; --%	;
163	;06/07 18:00 - 19:00	;0	; --%	; --%	;0	; --%	; --%	;0	; --%	; --%	;0	; --%	;Disminuir por100.0%	;0	;Disminuir por100.0%	; --%	;6	;Disminuir por53.8%	;Aumentar por100.0%	;0	; --%	; --%	;0	; --%	; --%	;
164	;06/07 19:00 - 20:00	;0	; --%	; --%	;0	; --%	; --%	;0	; --%	; --%	;0	; --%	; --%	;0	;Disminuir por100.0%	; --%	;3	;Disminuir por78.6%	;Aumentar por200.0%	;0	; --%	; --%	;1	;Sin cambios	; --%	;
165	;06/07 20:00 - 21:00	;0	; --%	; --%	;0	;Disminuir por100.0%	; --%	;0	; --%	; --%	;1	; --%	;Sin cambios	;0	;Disminuir por100.0%	;Disminuir por100.0%	;1	;Disminuir por90.9%	;Disminuir por50.0%	;0	; --%	; --%	;0	;Disminuir por100.0%	; --%	;
166	;06/07 21:00 - 22:00	;0	; --%	; --%	;2	; --%	; --%	;0	; --%	; --%	;1	; --%	; --%	;0	; --%	;Disminuir por100.0%	;2	;Disminuir por50.0%	;Disminuir por50.0%	;0	;Disminuir por100.0%	; --%	;0	;Disminuir por100.0%	; --%	;
167	;06/07 22:00 - 23:00	;0	; --%	; --%	;1	; --%	;Sin cambios	;0	; --%	; --%	;0	; --%	; --%	;0	; --%	; --%	;2	;Disminuir por60.0%	;Sin cambios	;0	;Disminuir por100.0%	; --%	;0	;Disminuir por100.0%	; --%	;
168	;06/07 23:00 - 24:00	;0	; --%	; --%	;3	;Aumentar por200.0%	; --%	;0	; --%	; --%	;1	; --%	; --%	;2	;Disminuir por33.3%	; --%	;3	;Disminuir por25.0%	;Aumentar por200.0%	;0	; --%	; --%	;0	;Disminuir por100.0%	; --%	;
169	;06/08 00:00 - 01:00	;0	; --%	; --%	;0	;Disminuir por100.0%	;Disminuir por100.0%	;0	; --%	; --%	;0	; --%	; --%	;0	; --%	; --%	;1	;Sin cambios	;Sin cambios	;0	; --%	; --%	;0	;Disminuir por100.0%	; --%	;
170	;06/08 01:00 - 02:00	;0	; --%	; --%	;0	; --%	; --%	;0	; --%	; --%	;0	; --%	; --%	;0	; --%	;Disminuir por100.0%	;0	; --%	;Disminuir por100.0%	;0	; --%	; --%	;0	; --%	; --%	;
171	;06/08 02:00 - 03:00	;0	; --%	; --%	;0	; --%	; --%	;0	; --%	; --%	;0	; --%	; --%	;0	; --%	; --%	;0	; --%	;Disminuir por100.0%	;0	; --%	; --%	;0	; --%	; --%	;
172	;06/08 03:00 - 04:00	;0	; --%	; --%	;0	; --%	; --%	;0	; --%	; --%	;0	; --%	; --%	;0	; --%	; --%	;0	; --%	; --%	;0	; --%	; --%	;0	; --%	; --%	;
173	;06/08 04:00 - 05:00	;0	; --%	; --%	;0	; --%	;Disminuir por100.0%	;0	; --%	; --%	;0	; --%	; --%	;0	; --%	; --%	;0	; --%	;Disminuir por100.0%	;0	; --%	; --%	;0	; --%	; --%	;
174	;06/08 05:00 - 06:00	;0	; --%	; --%	;0	; --%	; --%	;0	; --%	; --%	;0	; --%	; --%	;0	; --%	; --%	;0	; --%	; --%	;0	; --%	; --%	;0	; --%	; --%	;
175	;06/08 06:00 - 07:00	;0	; --%	; --%	;2	; --%	; --%	;0	; --%	; --%	;0	; --%	; --%	;0	; --%	; --%	;0	; --%	;Disminuir por100.0%	;0	; --%	; --%	;0	; --%	; --%	;
176	;06/08 07:00 - 08:00	;0	; --%	; --%	;0	; --%	; --%	;0	; --%	; --%	;2	; --%	; --%	;2	; --%	; --%	;9	;Aumentar por800.0%	;Aumentar por800.0%	;0	; --%	; --%	;0	; --%	;Disminuir por100.0%	;
177	;06/08 08:00 - 09:00	;0	; --%	; --%	;0	; --%	; --%	;1	; --%	; --%	;9	; --%	; --%	;0	; --%	;Disminuir por100.0%	;9	;Aumentar por800.0%	;Aumentar por80.0%	;0	; --%	; --%	;1	; --%	; --%	;
178	;06/08 09:00 - 10:00	;0	; --%	; --%	;0	; --%	; --%	;0	; --%	; --%	;8	;Aumentar por300.0%	;Aumentar por300.0%	;2	; --%	; --%	;8	;Aumentar por14.3%	;Aumentar por166.7%	;0	; --%	;Disminuir por100.0%	;1	; --%	;Disminuir por94.4%	;
179	;06/08 10:00 - 11:00	;0	; --%	; --%	;1	; --%	; --%	;0	;Disminuir por100.0%	; --%	;9	;Aumentar por800.0%	;Aumentar por800.0%	;1	; --%	;Sin cambios	;8	;Disminuir por33.3%	;Sin cambios	;0	; --%	; --%	;1	; --%	; --%	;
180	;06/08 11:00 - 12:00	;0	; --%	; --%	;0	;Disminuir por100.0%	; --%	;0	; --%	; --%	;4	;Aumentar por100.0%	;Aumentar por100.0%	;1	;Sin cambios	; --%	;12	;Aumentar por50.0%	;Aumentar por140.0%	;0	; --%	; --%	;2	; --%	; --%	;
181	;06/08 12:00 - 13:00	;0	; --%	; --%	;1	; --%	; --%	;0	; --%	;Disminuir por100.0%	;4	; --%	;Aumentar por100.0%	;0	;Disminuir por100.0%	;Disminuir por100.0%	;8	;Aumentar por14.3%	;Aumentar por33.3%	;0	; --%	; --%	;0	; --%	; --%	;
182	;06/08 13:00 - 14:00	;0	; --%	; --%	;0	; --%	; --%	;0	;Disminuir por100.0%	; --%	;2	;Sin cambios	; --%	;0	; --%	;Disminuir por100.0%	;12	;Aumentar por50.0%	;Aumentar por50.0%	;1	; --%	; --%	;3	; --%	; --%	;
183	;06/08 14:00 - 15:00	;0	; --%	; --%	;1	; --%	; --%	;0	; --%	; --%	;2	; --%	;Aumentar por100.0%	;4	; --%	; --%	;18	;Aumentar por350.0%	;Aumentar por500.0%	;0	; --%	; --%	;0	; --%	; --%	;
184	;06/08 15:00 - 16:00	;0	; --%	; --%	;1	; --%	;Sin cambios	;0	; --%	; --%	;1	; --%	; --%	;3	; --%	; --%	;12	;Aumentar por100.0%	;Aumentar por500.0%	;0	; --%	; --%	;3	; --%	; --%	;
185	;06/08 16:00 - 17:00	;0	; --%	; --%	;0	; --%	; --%	;0	; --%	; --%	;1	;Disminuir por50.0%	; --%	;1	;Sin cambios	; --%	;11	;Aumentar por22.2%	;Aumentar por1000.0%	;0	; --%	; --%	;0	; --%	; --%	;
186	;06/08 17:00 - 18:00	;0	; --%	; --%	;0	; --%	; --%	;0	; --%	; --%	;1	; --%	; --%	;0	;Disminuir por100.0%	; --%	;7	;Disminuir por30.0%	;Aumentar por40.0%	;0	; --%	; --%	;1	; --%	; --%	;
187	;06/08 18:00 - 19:00	;0	; --%	; --%	;0	; --%	; --%	;0	; --%	; --%	;3	; --%	; --%	;0	; --%	;Disminuir por100.0%	;6	;Disminuir por25.0%	;Disminuir por25.0%	;0	; --%	; --%	;0	; --%	; --%	;
188	;06/08 19:00 - 20:00	;0	; --%	; --%	;1	; --%	; --%	;0	; --%	; --%	;1	;Sin cambios	; --%	;0	; --%	; --%	;5	;Disminuir por37.5%	;Sin cambios	;0	; --%	; --%	;0	; --%	; --%	;
189	;06/08 20:00 - 21:00	;0	; --%	; --%	;0	;Disminuir por100.0%	; --%	;0	; --%	; --%	;2	; --%	;Sin cambios	;0	; --%	;Disminuir por100.0%	;0	;Disminuir por100.0%	;Disminuir por100.0%	;0	; --%	; --%	;0	; --%	; --%	;
190	;06/08 21:00 - 22:00	;0	; --%	; --%	;1	;Disminuir por50.0%	; --%	;0	; --%	; --%	;1	; --%	; --%	;0	; --%	; --%	;4	;Aumentar por100.0%	;Aumentar por100.0%	;0	; --%	; --%	;0	; --%	; --%	;
191	;06/08 22:00 - 23:00	;0	; --%	; --%	;1	; --%	;Disminuir por50.0%	;0	; --%	; --%	;0	; --%	; --%	;0	; --%	; --%	;1	;Sin cambios	;Sin cambios	;0	; --%	; --%	;0	; --%	; --%	;
192	;06/08 23:00 - 24:00	;0	; --%	; --%	;2	; --%	;Aumentar por100.0%	;0	; --%	; --%	;0	; --%	; --%	;0	; --%	; --%	;1	; --%	;Disminuir por50.0%	;0	; --%	; --%	;0	; --%	; --%	;
193	;06/09 00:00 - 01:00	;0	; --%	; --%	;0	; --%	;Disminuir por100.0%	;0	; --%	; --%	;0	; --%	; --%	;0	; --%	;Disminuir por100.0%	;2	;Disminuir por50.0%	;Disminuir por60.0%	;0	; --%	; --%	;0	; --%	; --%	;
194	;06/09 01:00 - 02:00	;0	; --%	; --%	;0	; --%	; --%	;0	; --%	; --%	;0	; --%	; --%	;1	; --%	; --%	;3	; --%	;Aumentar por200.0%	;0	; --%	; --%	;0	; --%	; --%	;
195	;06/09 02:00 - 03:00	;0	; --%	; --%	;0	; --%	; --%	;0	; --%	; --%	;0	; --%	; --%	;0	; --%	; --%	;0	; --%	; --%	;0	; --%	; --%	;0	; --%	; --%	;
196	;06/09 03:00 - 04:00	;0	; --%	; --%	;0	; --%	; --%	;0	; --%	; --%	;0	; --%	; --%	;0	; --%	; --%	;0	;Disminuir por100.0%	;Disminuir por100.0%	;0	; --%	; --%	;0	; --%	; --%	;
197	;06/09 04:00 - 05:00	;0	; --%	; --%	;0	; --%	; --%	;0	; --%	; --%	;0	; --%	; --%	;0	; --%	; --%	;0	; --%	;Disminuir por100.0%	;0	; --%	; --%	;0	; --%	; --%	;
198	;06/09 05:00 - 06:00	;0	; --%	; --%	;0	; --%	; --%	;0	; --%	; --%	;0	; --%	; --%	;0	; --%	; --%	;0	; --%	; --%	;0	; --%	; --%	;0	; --%	; --%	;
199	;06/09 06:00 - 07:00	;0	; --%	; --%	;0	; --%	; --%	;0	; --%	; --%	;0	; --%	; --%	;0	;Disminuir por100.0%	; --%	;0	;Disminuir por100.0%	;Disminuir por100.0%	;0	; --%	; --%	;0	;Disminuir por100.0%	; --%	;
200	;06/09 07:00 - 08:00	;0	; --%	;Disminuir por100.0%	;0	; --%	; --%	;0	; --%	; --%	;4	; --%	; --%	;2	; --%	;Sin cambios	;9	;Aumentar por125.0%	;Sin cambios	;0	; --%	; --%	;1	; --%	; --%	;
201	;06/09 08:00 - 09:00	;0	; --%	; --%	;0	; --%	; --%	;3	; --%	; --%	;10	;Aumentar por233.3%	;Aumentar por400.0%	;1	;Sin cambios	; --%	;8	;Disminuir por42.9%	;Disminuir por50.0%	;2	; --%	; --%	;5	; --%	;Aumentar por150.0%	;
202	;06/09 09:00 - 10:00	;0	; --%	; --%	;0	; --%	;Disminuir por100.0%	;1	;Sin cambios	; --%	;9	;Aumentar por80.0%	;Aumentar por800.0%	;0	;Disminuir por100.0%	;Disminuir por100.0%	;7	;Disminuir por30.0%	;Disminuir por41.7%	;2	; --%	; --%	;4	; --%	; --%	;
203	;06/09 10:00 - 11:00	;1	; --%	;Disminuir por50.0%	;3	; --%	;Sin cambios	;0	;Disminuir por100.0%	; --%	;11	;Aumentar por120.0%	;Aumentar por175.0%	;2	;Disminuir por50.0%	;Disminuir por33.3%	;15	;Disminuir por16.7%	;Disminuir por25.0%	;0	; --%	; --%	;3	; --%	;Disminuir por40.0%	;
204	;06/09 11:00 - 12:00	;0	; --%	; --%	;1	; --%	;Sin cambios	;0	; --%	; --%	;6	;Aumentar por500.0%	;Aumentar por100.0%	;0	;Disminuir por100.0%	;Disminuir por100.0%	;10	;Disminuir por23.1%	;Disminuir por28.6%	;0	; --%	; --%	;0	; --%	;Disminuir por100.0%	;
205	;06/09 12:00 - 13:00	;0	; --%	; --%	;0	; --%	; --%	;0	;Disminuir por100.0%	; --%	;3	;Aumentar por50.0%	;Disminuir por40.0%	;1	;Sin cambios	;Disminuir por75.0%	;6	;Disminuir por50.0%	;Disminuir por33.3%	;0	; --%	;Disminuir por100.0%	;2	; --%	;Disminuir por33.3%	;
206	;06/09 13:00 - 14:00	;0	; --%	; --%	;0	; --%	; --%	;0	; --%	; --%	;3	;Sin cambios	;Sin cambios	;0	;Disminuir por100.0%	;Disminuir por100.0%	;5	;Disminuir por66.7%	;Disminuir por70.6%	;0	; --%	; --%	;0	; --%	;Disminuir por100.0%	;
207	;06/09 14:00 - 15:00	;0	; --%	; --%	;0	; --%	; --%	;0	; --%	; --%	;3	;Disminuir por40.0%	; --%	;2	;Disminuir por50.0%	; --%	;12	;Disminuir por29.4%	;Aumentar por20.0%	;0	; --%	; --%	;2	; --%	;Sin cambios	;
208	;06/09 15:00 - 16:00	;0	; --%	; --%	;0	; --%	;Disminuir por100.0%	;0	;Disminuir por100.0%	;Disminuir por100.0%	;0	;Disminuir por100.0%	;Disminuir por100.0%	;5	; --%	;Aumentar por150.0%	;16	;Aumentar por300.0%	;Aumentar por60.0%	;0	; --%	;Disminuir por100.0%	;0	; --%	;Disminuir por100.0%	;
209	;06/09 16:00 - 17:00	;0	; --%	; --%	;1	; --%	; --%	;0	; --%	;Disminuir por100.0%	;0	;Disminuir por100.0%	;Disminuir por100.0%	;1	;Sin cambios	; --%	;7	;Disminuir por12.5%	;Sin cambios	;0	; --%	; --%	;0	; --%	; --%	;
210	;06/09 17:00 - 18:00	;0	; --%	; --%	;0	; --%	; --%	;0	; --%	; --%	;1	; --%	; --%	;0	; --%	;Disminuir por100.0%	;11	;Sin cambios	;Aumentar por10.0%	;0	; --%	; --%	;0	; --%	; --%	;
211	;06/09 18:00 - 19:00	;0	; --%	; --%	;0	;Disminuir por100.0%	; --%	;0	;Disminuir por100.0%	; --%	;2	;Disminuir por33.3%	; --%	;0	;Disminuir por100.0%	;Disminuir por100.0%	;8	;Disminuir por57.9%	;Disminuir por11.1%	;0	; --%	; --%	;1	; --%	; --%	;
212	;06/09 19:00 - 20:00	;0	; --%	; --%	;0	; --%	; --%	;0	; --%	; --%	;1	; --%	;Disminuir por50.0%	;0	; --%	; --%	;5	;Sin cambios	;Aumentar por400.0%	;1	; --%	; --%	;2	; --%	; --%	;
213	;06/09 20:00 - 21:00	;0	; --%	; --%	;0	; --%	;Disminuir por100.0%	;0	;Disminuir por100.0%	; --%	;1	;Disminuir por50.0%	;Disminuir por50.0%	;2	; --%	; --%	;9	;Aumentar por50.0%	;Aumentar por200.0%	;0	; --%	; --%	;1	; --%	; --%	;
214	;06/09 21:00 - 22:00	;0	; --%	; --%	;0	; --%	;Disminuir por100.0%	;0	; --%	; --%	;0	; --%	; --%	;0	; --%	; --%	;3	;Disminuir por25.0%	;Aumentar por200.0%	;0	; --%	; --%	;0	; --%	; --%	;
215	;06/09 22:00 - 23:00	;0	; --%	; --%	;0	; --%	;Disminuir por100.0%	;0	; --%	; --%	;0	; --%	; --%	;0	; --%	; --%	;0	;Disminuir por100.0%	;Disminuir por100.0%	;0	; --%	; --%	;0	; --%	; --%	;
216	;06/09 23:00 - 24:00	;0	; --%	; --%	;2	;Aumentar por100.0%	; --%	;0	; --%	; --%	;0	; --%	; --%	;0	; --%	; --%	;1	;Disminuir por50.0%	;Disminuir por66.7%	;0	; --%	; --%	;0	; --%	; --%	;
217	;06/10 00:00 - 01:00	;0	; --%	; --%	;1	; --%	; --%	;0	; --%	; --%	;0	; --%	; --%	;0	; --%	; --%	;1	;Disminuir por75.0%	;Sin cambios	;0	; --%	; --%	;0	; --%	; --%	;
218	;06/10 01:00 - 02:00	;0	; --%	; --%	;1	; --%	;Sin cambios	;0	; --%	; --%	;0	; --%	; --%	;2	; --%	; --%	;5	; --%	;Aumentar por400.0%	;0	; --%	; --%	;0	; --%	; --%	;
219	;06/10 02:00 - 03:00	;0	; --%	; --%	;0	;Disminuir por100.0%	; --%	;0	; --%	; --%	;0	; --%	; --%	;0	; --%	; --%	;0	;Disminuir por100.0%	; --%	;0	; --%	; --%	;0	; --%	; --%	;
220	;06/10 03:00 - 04:00	;0	; --%	; --%	;0	; --%	; --%	;0	; --%	; --%	;0	; --%	; --%	;0	; --%	; --%	;0	; --%	; --%	;0	; --%	; --%	;0	; --%	; --%	;
221	;06/10 04:00 - 05:00	;0	; --%	; --%	;1	; --%	; --%	;0	; --%	; --%	;0	; --%	; --%	;0	; --%	; --%	;0	; --%	; --%	;0	; --%	; --%	;0	; --%	; --%	;
222	;06/10 05:00 - 06:00	;0	; --%	; --%	;0	; --%	; --%	;0	; --%	; --%	;0	; --%	; --%	;0	; --%	; --%	;0	; --%	; --%	;0	; --%	; --%	;0	; --%	; --%	;
223	;06/10 06:00 - 07:00	;0	; --%	; --%	;0	; --%	;Disminuir por100.0%	;0	; --%	; --%	;0	; --%	; --%	;0	;Disminuir por100.0%	; --%	;1	;Disminuir por50.0%	; --%	;0	; --%	; --%	;0	; --%	; --%	;
224	;06/10 07:00 - 08:00	;0	; --%	; --%	;0	; --%	; --%	;0	; --%	; --%	;3	; --%	; --%	;1	; --%	;Disminuir por50.0%	;4	;Sin cambios	;Disminuir por33.3%	;0	; --%	;Disminuir por100.0%	;0	; --%	;Disminuir por100.0%	;
225	;06/10 08:00 - 09:00	;0	; --%	; --%	;0	;Disminuir por100.0%	;Disminuir por100.0%	;0	; --%	; --%	;9	;Aumentar por800.0%	;Aumentar por80.0%	;0	;Disminuir por100.0%	; --%	;13	;Aumentar por30.0%	;Aumentar por44.4%	;0	; --%	;Disminuir por100.0%	;3	; --%	;Disminuir por72.7%	;
226	;06/10 09:00 - 10:00	;0	; --%	; --%	;0	; --%	; --%	;0	;Disminuir por100.0%	; --%	;5	;Sin cambios	;Aumentar por150.0%	;1	;Disminuir por50.0%	; --%	;10	;Disminuir por33.3%	;Disminuir por23.1%	;0	; --%	; --%	;1	; --%	;Disminuir por75.0%	;
227	;06/10 10:00 - 11:00	;0	; --%	; --%	;0	; --%	;Disminuir por100.0%	;0	;Disminuir por100.0%	; --%	;11	;Aumentar por266.7%	;Aumentar por120.0%	;2	; --%	;Aumentar por100.0%	;13	;Disminuir por7.1%	;Disminuir por31.6%	;1	; --%	;Disminuir por50.0%	;2	; --%	;Disminuir por71.4%	;
228	;06/10 11:00 - 12:00	;0	; --%	; --%	;3	; --%	;Aumentar por200.0%	;0	;Disminuir por100.0%	;Disminuir por100.0%	;7	;Disminuir por12.5%	;Disminuir por22.2%	;0	;Disminuir por100.0%	;Disminuir por100.0%	;13	;Disminuir por18.8%	;Disminuir por38.1%	;2	; --%	;Disminuir por50.0%	;3	; --%	;Disminuir por57.1%	;
229	;06/10 12:00 - 13:00	;0	; --%	; --%	;0	;Disminuir por100.0%	; --%	;0	; --%	;Disminuir por100.0%	;4	;Aumentar por33.3%	;Sin cambios	;0	; --%	; --%	;9	;Aumentar por12.5%	;Aumentar por80.0%	;2	; --%	; --%	;4	; --%	;Aumentar por300.0%	;
230	;06/10 13:00 - 14:00	;0	; --%	; --%	;0	;Disminuir por100.0%	; --%	;0	; --%	;Disminuir por100.0%	;3	;Aumentar por50.0%	;Disminuir por40.0%	;0	;Disminuir por100.0%	; --%	;7	;Disminuir por56.3%	;Disminuir por22.2%	;0	; --%	; --%	;1	;Sin cambios	;Disminuir por50.0%	;
231	;06/10 14:00 - 15:00	;0	; --%	; --%	;1	; --%	; --%	;1	; --%	; --%	;4	;Disminuir por20.0%	; --%	;2	;Sin cambios	;Aumentar por100.0%	;8	;Disminuir por46.7%	;Disminuir por27.3%	;0	; --%	; --%	;2	; --%	; --%	;
232	;06/10 15:00 - 16:00	;0	; --%	; --%	;0	; --%	; --%	;0	; --%	; --%	;1	;Sin cambios	; --%	;3	;Aumentar por50.0%	;Aumentar por50.0%	;10	;Disminuir por37.5%	;Disminuir por16.7%	;0	; --%	; --%	;1	; --%	;Sin cambios	;
233	;06/10 16:00 - 17:00	;0	; --%	; --%	;0	; --%	; --%	;0	; --%	; --%	;0	; --%	; --%	;0	; --%	;Disminuir por100.0%	;10	;Aumentar por100.0%	;Sin cambios	;1	; --%	; --%	;2	; --%	;Aumentar por100.0%	;
234	;06/10 17:00 - 18:00	;0	; --%	; --%	;0	; --%	;Disminuir por100.0%	;0	; --%	; --%	;1	;Sin cambios	;Sin cambios	;0	;Disminuir por100.0%	;Disminuir por100.0%	;9	;Disminuir por40.0%	;Sin cambios	;0	; --%	; --%	;1	; --%	; --%	;
235	;06/10 18:00 - 19:00	;0	; --%	; --%	;0	; --%	; --%	;0	; --%	; --%	;2	;Aumentar por100.0%	;Disminuir por33.3%	;0	;Disminuir por100.0%	;Disminuir por100.0%	;10	;Disminuir por16.7%	;Aumentar por11.1%	;0	; --%	; --%	;0	; --%	; --%	;
236	;06/10 19:00 - 20:00	;0	; --%	; --%	;0	;Disminuir por100.0%	; --%	;0	; --%	; --%	;2	; --%	;Sin cambios	;0	;Disminuir por100.0%	;Disminuir por100.0%	;7	;Disminuir por56.3%	;Aumentar por16.7%	;0	; --%	; --%	;0	; --%	;Disminuir por100.0%	;
237	;06/10 20:00 - 21:00	;0	; --%	; --%	;0	;Disminuir por100.0%	; --%	;0	; --%	; --%	;3	; --%	; --%	;3	;Aumentar por200.0%	; --%	;10	;Aumentar por400.0%	;Aumentar por42.9%	;0	; --%	; --%	;0	; --%	;Disminuir por100.0%	;
238	;06/10 21:00 - 22:00	;0	; --%	; --%	;2	;Aumentar por100.0%	;Aumentar por100.0%	;0	; --%	; --%	;1	;Sin cambios	; --%	;0	; --%	; --%	;6	; --%	; --%	;0	; --%	; --%	;0	; --%	; --%	;
239	;06/10 22:00 - 23:00	;0	; --%	; --%	;0	;Disminuir por100.0%	;Disminuir por100.0%	;0	; --%	; --%	;1	; --%	; --%	;0	; --%	; --%	;1	; --%	;Disminuir por83.3%	;0	; --%	; --%	;0	; --%	; --%	;
240	;06/10 23:00 - 24:00	;0	; --%	; --%	;1	; --%	;Sin cambios	;0	; --%	; --%	;0	; --%	; --%	;1	;Sin cambios	; --%	;2	;Disminuir por33.3%	; --%	;0	; --%	; --%	;0	; --%	; --%	;
241	;06/11 00:00 - 01:00	;0	; --%	; --%	;2	;Sin cambios	;Aumentar por100.0%	;0	; --%	; --%	;0	; --%	; --%	;0	; --%	; --%	;0	; --%	;Disminuir por100.0%	;0	; --%	; --%	;0	; --%	; --%	;
242	;06/11 01:00 - 02:00	;0	; --%	; --%	;1	;Sin cambios	; --%	;0	; --%	; --%	;0	; --%	; --%	;0	; --%	; --%	;1	; --%	;Disminuir por50.0%	;0	; --%	; --%	;0	; --%	; --%	;
243	;06/11 02:00 - 03:00	;0	; --%	; --%	;1	; --%	; --%	;0	; --%	; --%	;0	; --%	; --%	;1	; --%	; --%	;2	; --%	;Aumentar por100.0%	;0	; --%	; --%	;0	; --%	; --%	;
244	;06/11 03:00 - 04:00	;0	; --%	; --%	;0	; --%	; --%	;0	; --%	; --%	;0	; --%	; --%	;0	; --%	; --%	;0	; --%	; --%	;0	; --%	; --%	;0	; --%	; --%	;
245	;06/11 04:00 - 05:00	;0	; --%	; --%	;0	; --%	; --%	;0	; --%	; --%	;0	; --%	; --%	;0	; --%	; --%	;1	; --%	; --%	;0	; --%	; --%	;0	; --%	; --%	;
246	;06/11 05:00 - 06:00	;0	; --%	; --%	;0	; --%	; --%	;0	; --%	; --%	;0	; --%	; --%	;0	; --%	; --%	;0	; --%	; --%	;0	; --%	; --%	;0	; --%	; --%	;
247	;06/11 06:00 - 07:00	;0	; --%	; --%	;0	; --%	; --%	;0	; --%	; --%	;0	;Disminuir por100.0%	; --%	;0	;Disminuir por100.0%	; --%	;1	;Disminuir por50.0%	;Sin cambios	;0	; --%	; --%	;1	; --%	; --%	;
248	;06/11 07:00 - 08:00	;0	; --%	; --%	;0	; --%	; --%	;0	; --%	; --%	;3	;Aumentar por200.0%	; --%	;2	; --%	;Sin cambios	;9	;Aumentar por80.0%	;Aumentar por28.6%	;0	; --%	; --%	;0	; --%	;Disminuir por100.0%	;
249	;06/11 08:00 - 09:00	;0	; --%	; --%	;0	;Disminuir por100.0%	; --%	;0	; --%	; --%	;4	;Disminuir por20.0%	;Aumentar por100.0%	;4	;Aumentar por300.0%	;Aumentar por300.0%	;14	;Disminuir por22.2%	;Aumentar por27.3%	;0	; --%	;Disminuir por100.0%	;0	; --%	;Disminuir por100.0%	;
250	;06/11 09:00 - 10:00	;0	; --%	; --%	;0	; --%	; --%	;0	; --%	; --%	;4	;Aumentar por300.0%	;Disminuir por20.0%	;0	; --%	;Disminuir por100.0%	;14	;Aumentar por180.0%	;Aumentar por27.3%	;2	; --%	; --%	;6	;Aumentar por200.0%	; --%	;
251	;06/11 10:00 - 11:00	;0	; --%	;Disminuir por100.0%	;1	;Sin cambios	;Disminuir por80.0%	;1	; --%	; --%	;10	;Aumentar por100.0%	;Aumentar por66.7%	;2	; --%	;Sin cambios	;14	;Aumentar por180.0%	;Aumentar por16.7%	;0	; --%	;Disminuir por100.0%	;3	;Aumentar por50.0%	;Disminuir por40.0%	;
252	;06/11 11:00 - 12:00	;0	;Disminuir por100.0%	; --%	;0	;Disminuir por100.0%	;Disminuir por100.0%	;1	; --%	;Sin cambios	;5	;Disminuir por37.5%	;Disminuir por37.5%	;11	;Aumentar por266.7%	;Aumentar por1000.0%	;26	;Aumentar por62.5%	;Aumentar por100.0%	;0	; --%	; --%	;3	;Aumentar por200.0%	;Aumentar por50.0%	;
253	;06/11 12:00 - 13:00	;0	; --%	; --%	;0	;Disminuir por100.0%	; --%	;0	;Disminuir por100.0%	;Disminuir por100.0%	;2	;Disminuir por77.8%	;Disminuir por66.7%	;3	; --%	;Disminuir por50.0%	;12	;Disminuir por20.0%	;Disminuir por29.4%	;0	; --%	; --%	;2	;Disminuir por33.3%	; --%	;
254	;06/11 13:00 - 14:00	;0	; --%	; --%	;0	; --%	; --%	;0	; --%	;Disminuir por100.0%	;1	;Disminuir por66.7%	;Disminuir por66.7%	;0	; --%	;Disminuir por100.0%	;16	;Aumentar por220.0%	;Aumentar por60.0%	;0	; --%	; --%	;0	;Disminuir por100.0%	; --%	;
255	;06/11 14:00 - 15:00	;0	; --%	;Disminuir por100.0%	;0	; --%	;Disminuir por100.0%	;2	;Sin cambios	; --%	;4	;Disminuir por20.0%	;Aumentar por300.0%	;2	; --%	;Sin cambios	;14	;Aumentar por27.3%	;Disminuir por17.6%	;0	; --%	;Disminuir por100.0%	;0	;Disminuir por100.0%	;Disminuir por100.0%	;
256	;06/11 15:00 - 16:00	;0	; --%	; --%	;0	; --%	; --%	;0	;Disminuir por100.0%	;Disminuir por100.0%	;0	;Disminuir por100.0%	;Disminuir por100.0%	;3	; --%	; --%	;10	;Aumentar por42.9%	;Aumentar por11.1%	;0	;Disminuir por100.0%	; --%	;0	;Disminuir por100.0%	;Disminuir por100.0%	;
257	;06/11 16:00 - 17:00	;0	; --%	; --%	;0	; --%	; --%	;0	; --%	; --%	;2	;Sin cambios	;Sin cambios	;0	; --%	;Disminuir por100.0%	;9	;Disminuir por43.8%	;Disminuir por30.8%	;0	; --%	; --%	;0	;Disminuir por100.0%	;Disminuir por100.0%	;
258	;06/11 17:00 - 18:00	;0	; --%	; --%	;0	; --%	;Disminuir por100.0%	;0	; --%	; --%	;2	;Disminuir por50.0%	; --%	;0	;Disminuir por100.0%	; --%	;8	;Disminuir por42.9%	;Disminuir por38.5%	;0	; --%	; --%	;0	; --%	;Disminuir por100.0%	;
259	;06/11 18:00 - 19:00	;0	; --%	; --%	;0	; --%	; --%	;0	; --%	; --%	;2	; --%	;Disminuir por50.0%	;0	;Disminuir por100.0%	; --%	;6	;Disminuir por70.0%	;Disminuir por33.3%	;0	; --%	; --%	;1	;Sin cambios	;Disminuir por50.0%	;
260	;06/11 19:00 - 20:00	;0	; --%	; --%	;0	;Disminuir por100.0%	; --%	;0	; --%	; --%	;1	;Sin cambios	; --%	;0	; --%	; --%	;8	;Disminuir por38.5%	;Aumentar por33.3%	;0	; --%	; --%	;0	; --%	; --%	;
261	;06/11 20:00 - 21:00	;0	; --%	; --%	;0	;Disminuir por100.0%	; --%	;0	; --%	; --%	;2	; --%	; --%	;0	; --%	; --%	;0	;Disminuir por100.0%	;Disminuir por100.0%	;0	; --%	; --%	;0	; --%	; --%	;
262	;06/11 21:00 - 22:00	;0	; --%	; --%	;1	;Sin cambios	; --%	;0	; --%	; --%	;2	; --%	; --%	;0	;Disminuir por100.0%	;Disminuir por100.0%	;5	;Aumentar por25.0%	;Disminuir por16.7%	;0	; --%	; --%	;0	; --%	; --%	;
263	;06/11 22:00 - 23:00	;0	; --%	; --%	;1	; --%	;Sin cambios	;0	; --%	; --%	;0	; --%	; --%	;0	; --%	; --%	;1	;Sin cambios	;Disminuir por50.0%	;0	; --%	; --%	;0	; --%	; --%	;
264	;06/11 23:00 - 24:00	;0	; --%	; --%	;5	; --%	;Aumentar por400.0%	;0	; --%	; --%	;1	; --%	; --%	;0	; --%	; --%	;2	;Aumentar por100.0%	;Disminuir por33.3%	;0	; --%	; --%	;0	; --%	; --%	;
265	;06/12 00:00 - 01:00	;0	; --%	; --%	;4	;Aumentar por300.0%	; --%	;0	; --%	; --%	;0	;Disminuir por100.0%	; --%	;0	; --%	; --%	;0	; --%	; --%	;0	; --%	; --%	;0	; --%	; --%	;
266	;06/12 01:00 - 02:00	;0	; --%	; --%	;0	; --%	; --%	;0	; --%	; --%	;0	; --%	; --%	;0	; --%	; --%	;0	; --%	; --%	;0	; --%	; --%	;0	; --%	; --%	;
267	;06/12 02:00 - 03:00	;0	; --%	; --%	;0	; --%	;Disminuir por100.0%	;0	; --%	; --%	;0	; --%	; --%	;2	; --%	; --%	;3	; --%	;Aumentar por200.0%	;0	; --%	; --%	;0	; --%	; --%	;
268	;06/12 03:00 - 04:00	;0	; --%	; --%	;1	; --%	; --%	;0	; --%	; --%	;0	; --%	; --%	;0	; --%	; --%	;0	; --%	; --%	;0	; --%	; --%	;0	; --%	; --%	;
269	;06/12 04:00 - 05:00	;0	; --%	; --%	;0	; --%	;Disminuir por100.0%	;0	; --%	; --%	;0	; --%	; --%	;0	; --%	; --%	;0	; --%	; --%	;0	; --%	; --%	;0	; --%	; --%	;
270	;06/12 05:00 - 06:00	;0	; --%	; --%	;0	; --%	; --%	;0	; --%	; --%	;0	; --%	; --%	;0	; --%	; --%	;0	; --%	; --%	;0	; --%	; --%	;0	; --%	; --%	;
271	;06/12 06:00 - 07:00	;0	; --%	; --%	;0	; --%	; --%	;0	; --%	; --%	;1	; --%	; --%	;0	; --%	; --%	;0	;Disminuir por100.0%	; --%	;0	; --%	; --%	;0	; --%	; --%	;
272	;06/12 07:00 - 08:00	;0	; --%	; --%	;0	;Disminuir por100.0%	; --%	;1	;Sin cambios	;Sin cambios	;2	;Sin cambios	;Disminuir por50.0%	;4	; --%	;Aumentar por300.0%	;12	;Aumentar por200.0%	;Sin cambios	;0	; --%	; --%	;0	;Disminuir por100.0%	; --%	;
273	;06/12 08:00 - 09:00	;0	; --%	; --%	;0	;Disminuir por100.0%	; --%	;5	; --%	; --%	;9	;Aumentar por350.0%	;Aumentar por200.0%	;0	;Disminuir por100.0%	; --%	;10	;Disminuir por16.7%	;Disminuir por9.1%	;5	; --%	;Aumentar por400.0%	;8	;Aumentar por700.0%	;Aumentar por166.7%	;
274	;06/12 09:00 - 10:00	;0	; --%	; --%	;1	; --%	; --%	;0	; --%	;Disminuir por100.0%	;1	;Disminuir por66.7%	;Disminuir por87.5%	;2	;Disminuir por50.0%	;Disminuir por60.0%	;11	;Disminuir por47.6%	;Disminuir por26.7%	;0	; --%	;Disminuir por100.0%	;5	;Aumentar por150.0%	;Aumentar por66.7%	;
275	;06/12 10:00 - 11:00	;0	; --%	; --%	;3	; --%	;Aumentar por50.0%	;1	; --%	;Sin cambios	;10	;Aumentar por66.7%	;Aumentar por42.9%	;0	;Disminuir por100.0%	;Disminuir por100.0%	;16	;Disminuir por20.0%	;Aumentar por6.7%	;5	; --%	;Aumentar por400.0%	;8	;Aumentar por166.7%	;Aumentar por33.3%	;
276	;06/12 11:00 - 12:00	;0	; --%	;Disminuir por100.0%	;3	; --%	;Aumentar por50.0%	;2	; --%	;Disminuir por50.0%	;6	;Aumentar por100.0%	;Disminuir por66.7%	;4	;Aumentar por300.0%	;Aumentar por100.0%	;18	;Aumentar por38.5%	;Aumentar por28.6%	;0	; --%	; --%	;2	;Disminuir por33.3%	;Aumentar por100.0%	;
277	;06/12 12:00 - 13:00	;0	; --%	; --%	;1	; --%	;Sin cambios	;0	; --%	;Disminuir por100.0%	;4	;Disminuir por55.6%	;Disminuir por42.9%	;1	;Sin cambios	;Disminuir por66.7%	;11	;Aumentar por57.1%	;Disminuir por26.7%	;0	;Disminuir por100.0%	; --%	;0	;Disminuir por100.0%	; --%	;
278	;06/12 13:00 - 14:00	;0	; --%	; --%	;0	; --%	; --%	;0	;Disminuir por100.0%	;Disminuir por100.0%	;4	;Disminuir por33.3%	;Sin cambios	;0	; --%	;Disminuir por100.0%	;9	;Disminuir por18.2%	;Disminuir por25.0%	;0	; --%	;Disminuir por100.0%	;0	;Disminuir por100.0%	;Disminuir por100.0%	;
279	;06/12 14:00 - 15:00	;0	; --%	; --%	;0	; --%	; --%	;0	; --%	; --%	;4	;Aumentar por300.0%	;Aumentar por300.0%	;4	;Aumentar por100.0%	;Aumentar por300.0%	;15	;Disminuir por11.8%	;Aumentar por66.7%	;0	;Disminuir por100.0%	;Disminuir por100.0%	;0	;Disminuir por100.0%	;Disminuir por100.0%	;
280	;06/12 15:00 - 16:00	;0	; --%	; --%	;2	; --%	; --%	;0	; --%	;Disminuir por100.0%	;1	;Disminuir por75.0%	;Disminuir por85.7%	;2	;Aumentar por100.0%	; --%	;5	;Disminuir por50.0%	;Disminuir por28.6%	;0	; --%	; --%	;2	;Sin cambios	; --%	;
281	;06/12 16:00 - 17:00	;0	; --%	; --%	;3	; --%	;Disminuir por25.0%	;1	; --%	; --%	;3	;Aumentar por50.0%	; --%	;0	; --%	; --%	;5	;Disminuir por37.5%	;Disminuir por37.5%	;0	; --%	; --%	;0	; --%	; --%	;
282	;06/12 17:00 - 18:00	;0	; --%	; --%	;0	; --%	;Disminuir por100.0%	;0	; --%	; --%	;0	;Disminuir por100.0%	;Disminuir por100.0%	;0	; --%	; --%	;10	;Disminuir por28.6%	;Disminuir por9.1%	;0	; --%	;Disminuir por100.0%	;0	; --%	;Disminuir por100.0%	;
283	;06/12 18:00 - 19:00	;0	; --%	; --%	;0	; --%	; --%	;0	; --%	; --%	;0	;Disminuir por100.0%	;Disminuir por100.0%	;0	; --%	; --%	;3	;Disminuir por66.7%	;Disminuir por57.1%	;1	; --%	; --%	;0	;Disminuir por100.0%	; --%	;
284	;06/12 19:00 - 20:00	;0	; --%	; --%	;1	;Disminuir por83.3%	; --%	;0	;Disminuir por100.0%	; --%	;1	;Disminuir por50.0%	; --%	;0	;Disminuir por100.0%	; --%	;6	;Disminuir por25.0%	;Aumentar por20.0%	;0	; --%	; --%	;1	; --%	; --%	;
285	;06/12 20:00 - 21:00	;0	; --%	; --%	;0	;Disminuir por100.0%	; --%	;0	; --%	; --%	;0	;Disminuir por100.0%	; --%	;0	; --%	; --%	;1	;Disminuir por75.0%	;Disminuir por66.7%	;0	; --%	; --%	;1	;Sin cambios	;Sin cambios	;
286	;06/12 21:00 - 22:00	;0	; --%	; --%	;0	;Disminuir por100.0%	; --%	;0	; --%	; --%	;0	;Disminuir por100.0%	;Disminuir por100.0%	;0	; --%	; --%	;4	;Aumentar por33.3%	;Aumentar por33.3%	;0	; --%	; --%	;0	; --%	; --%	;
287	;06/12 22:00 - 23:00	;0	; --%	; --%	;1	;Sin cambios	;Sin cambios	;0	; --%	; --%	;0	; --%	;Disminuir por100.0%	;0	;Disminuir por100.0%	; --%	;0	;Disminuir por100.0%	;Disminuir por100.0%	;0	; --%	; --%	;0	; --%	; --%	;
288	;06/12 23:00 - 24:00	;0	; --%	; --%	;0	; --%	; --%	;0	; --%	; --%	;0	; --%	; --%	;0	; --%	; --%	;1	;Sin cambios	;Disminuir por50.0%	;0	; --%	; --%	;0	; --%	; --%	;
289	;06/13 00:00 - 01:00	;0	; --%	; --%	;1	;Sin cambios	;Disminuir por50.0%	;0	; --%	; --%	;0	; --%	; --%	;0	; --%	; --%	;0	;Disminuir por100.0%	;Disminuir por100.0%	;0	; --%	; --%	;0	;Disminuir por100.0%	; --%	;
290	;06/13 01:00 - 02:00	;0	; --%	; --%	;0	; --%	; --%	;0	; --%	; --%	;1	; --%	; --%	;0	; --%	; --%	;1	; --%	;Disminuir por75.0%	;0	; --%	; --%	;0	; --%	; --%	;
291	;06/13 02:00 - 03:00	;0	; --%	; --%	;1	; --%	; --%	;0	; --%	; --%	;0	; --%	; --%	;0	; --%	; --%	;0	;Disminuir por100.0%	;Disminuir por100.0%	;0	; --%	;Disminuir por100.0%	;0	; --%	;Disminuir por100.0%	;
292	;06/13 03:00 - 04:00	;0	; --%	; --%	;0	; --%	; --%	;0	; --%	; --%	;0	; --%	; --%	;1	; --%	; --%	;2	; --%	; --%	;0	; --%	; --%	;0	; --%	; --%	;
293	;06/13 04:00 - 05:00	;0	; --%	; --%	;1	; --%	; --%	;0	; --%	; --%	;0	; --%	; --%	;0	; --%	; --%	;1	; --%	; --%	;0	; --%	; --%	;0	; --%	; --%	;
294	;06/13 05:00 - 06:00	;0	; --%	; --%	;0	; --%	; --%	;0	; --%	; --%	;0	; --%	; --%	;0	; --%	; --%	;0	; --%	; --%	;0	; --%	; --%	;0	; --%	; --%	;
295	;06/13 06:00 - 07:00	;0	;Disminuir por100.0%	; --%	;0	;Disminuir por100.0%	; --%	;0	; --%	; --%	;0	; --%	; --%	;0	; --%	; --%	;0	; --%	; --%	;0	; --%	; --%	;0	; --%	; --%	;
296	;06/13 07:00 - 08:00	;0	; --%	; --%	;0	; --%	; --%	;0	; --%	; --%	;2	; --%	; --%	;0	;Disminuir por100.0%	;Disminuir por100.0%	;3	;Disminuir por50.0%	;Disminuir por62.5%	;0	; --%	; --%	;1	; --%	; --%	;
297	;06/13 08:00 - 09:00	;0	; --%	; --%	;0	; --%	; --%	;0	;Disminuir por100.0%	;Disminuir por100.0%	;0	;Disminuir por100.0%	;Disminuir por100.0%	;0	; --%	; --%	;4	;Disminuir por73.3%	;Disminuir por71.4%	;0	;Disminuir por100.0%	; --%	;1	;Disminuir por85.7%	;Disminuir por50.0%	;
298	;06/13 09:00 - 10:00	;0	;Disminuir por100.0%	;Disminuir por100.0%	;0	;Disminuir por100.0%	;Disminuir por100.0%	;0	; --%	; --%	;2	;Disminuir por50.0%	;Disminuir por75.0%	;0	;Disminuir por100.0%	;Disminuir por100.0%	;9	;Disminuir por40.0%	;Disminuir por40.0%	;0	; --%	;Disminuir por100.0%	;1	;Sin cambios	;Disminuir por88.9%	;
299	;06/13 10:00 - 11:00	;0	; --%	; --%	;1	; --%	;Sin cambios	;0	;Disminuir por100.0%	;Disminuir por100.0%	;6	;Sin cambios	;Disminuir por33.3%	;2	;Disminuir por66.7%	;Disminuir por60.0%	;10	;Disminuir por60.0%	;Disminuir por58.3%	;0	;Disminuir por100.0%	;Disminuir por100.0%	;3	;Aumentar por50.0%	;Disminuir por62.5%	;
300	;06/13 11:00 - 12:00	;1	; --%	; --%	;2	; --%	;Aumentar por100.0%	;1	;Sin cambios	;Disminuir por50.0%	;5	;Disminuir por16.7%	;Disminuir por54.5%	;1	;Disminuir por80.0%	;Disminuir por80.0%	;11	;Disminuir por59.3%	;Disminuir por45.0%	;0	;Disminuir por100.0%	; --%	;1	;Disminuir por50.0%	;Disminuir por80.0%	;
301	;06/13 12:00 - 13:00	;0	; --%	; --%	;1	; --%	;Disminuir por50.0%	;0	; --%	; --%	;2	;Disminuir por75.0%	;Disminuir por66.7%	;2	; --%	;Aumentar por100.0%	;12	;Sin cambios	;Aumentar por33.3%	;0	; --%	; --%	;0	;Disminuir por100.0%	;Disminuir por100.0%	;
302	;06/13 13:00 - 14:00	;0	; --%	; --%	;1	;Sin cambios	; --%	;0	; --%	;Disminuir por100.0%	;1	;Disminuir por75.0%	;Disminuir por83.3%	;0	; --%	;Disminuir por100.0%	;7	;Aumentar por40.0%	;Disminuir por30.0%	;0	; --%	; --%	;0	;Disminuir por100.0%	;Disminuir por100.0%	;
303	;06/13 14:00 - 15:00	;0	; --%	; --%	;0	; --%	; --%	;0	; --%	;Disminuir por100.0%	;0	;Disminuir por100.0%	;Disminuir por100.0%	;1	;Disminuir por75.0%	; --%	;9	;Disminuir por35.7%	;Disminuir por50.0%	;0	; --%	; --%	;1	;Disminuir por50.0%	;Sin cambios	;
304	;06/13 15:00 - 16:00	;0	; --%	; --%	;1	; --%	;Sin cambios	;0	; --%	; --%	;2	;Disminuir por60.0%	;Sin cambios	;0	;Disminuir por100.0%	;Disminuir por100.0%	;6	;Sin cambios	;Disminuir por62.5%	;0	; --%	; --%	;0	; --%	; --%	;
305	;06/13 16:00 - 17:00	;0	; --%	; --%	;0	;Disminuir por100.0%	; --%	;0	; --%	;Disminuir por100.0%	;0	;Disminuir por100.0%	;Disminuir por100.0%	;0	; --%	; --%	;3	;Disminuir por66.7%	;Disminuir por78.6%	;0	; --%	; --%	;0	;Disminuir por100.0%	;Disminuir por100.0%	;
306	;06/13 17:00 - 18:00	;0	; --%	; --%	;0	; --%	;Disminuir por100.0%	;0	; --%	; --%	;4	;Aumentar por100.0%	; --%	;0	; --%	;Disminuir por100.0%	;8	;Disminuir por27.3%	;Disminuir por11.1%	;0	; --%	;Disminuir por100.0%	;1	; --%	;Disminuir por50.0%	;
307	;06/13 18:00 - 19:00	;0	; --%	; --%	;0	; --%	; --%	;0	;Disminuir por100.0%	;Disminuir por100.0%	;0	;Disminuir por100.0%	;Disminuir por100.0%	;0	; --%	; --%	;4	;Disminuir por66.7%	;Disminuir por63.6%	;0	; --%	; --%	;0	;Disminuir por100.0%	; --%	;
308	;06/13 19:00 - 20:00	;0	; --%	; --%	;0	;Disminuir por100.0%	; --%	;0	; --%	; --%	;0	;Disminuir por100.0%	;Disminuir por100.0%	;1	;Disminuir por75.0%	; --%	;2	;Disminuir por81.8%	;Disminuir por81.8%	;0	; --%	; --%	;0	; --%	; --%	;
309	;06/13 20:00 - 21:00	;0	; --%	;Disminuir por100.0%	;0	;Disminuir por100.0%	;Disminuir por100.0%	;0	; --%	; --%	;0	; --%	; --%	;0	;Disminuir por100.0%	; --%	;0	;Disminuir por100.0%	;Disminuir por100.0%	;0	; --%	; --%	;1	; --%	; --%	;
310	;06/13 21:00 - 22:00	;0	; --%	; --%	;0	;Disminuir por100.0%	;Disminuir por100.0%	;0	; --%	; --%	;0	;Disminuir por100.0%	; --%	;2	; --%	;Sin cambios	;3	;Aumentar por200.0%	;Disminuir por40.0%	;0	; --%	; --%	;0	; --%	; --%	;
311	;06/13 22:00 - 23:00	;0	; --%	; --%	;1	;Disminuir por66.7%	; --%	;0	; --%	; --%	;0	; --%	; --%	;0	; --%	; --%	;1	;Disminuir por66.7%	;Sin cambios	;0	; --%	; --%	;0	; --%	; --%	;
312	;06/13 23:00 - 24:00	;0	; --%	; --%	;2	;Sin cambios	;Aumentar por100.0%	;0	; --%	; --%	;0	; --%	; --%	;0	; --%	; --%	;1	;Sin cambios	;Sin cambios	;0	; --%	; --%	;0	; --%	; --%	;
313	;06/14 00:00 - 01:00	;0	; --%	; --%	;1	;Sin cambios	; --%	;0	; --%	; --%	;0	; --%	;Disminuir por100.0%	;0	; --%	; --%	;0	;Disminuir por100.0%	; --%	;0	; --%	; --%	;0	; --%	; --%	;
314	;06/14 01:00 - 02:00	;0	; --%	; --%	;2	; --%	; --%	;0	; --%	; --%	;0	; --%	; --%	;0	; --%	; --%	;1	; --%	;Disminuir por50.0%	;0	; --%	; --%	;0	; --%	; --%	;
315	;06/14 02:00 - 03:00	;0	; --%	; --%	;0	; --%	;Disminuir por100.0%	;0	; --%	; --%	;0	; --%	; --%	;0	; --%	; --%	;1	; --%	; --%	;0	; --%	; --%	;0	; --%	; --%	;
316	;06/14 03:00 - 04:00	;0	; --%	; --%	;0	; --%	;Disminuir por100.0%	;0	; --%	; --%	;0	; --%	; --%	;2	; --%	; --%	;3	; --%	; --%	;0	; --%	; --%	;0	; --%	; --%	;
317	;06/14 04:00 - 05:00	;0	; --%	; --%	;1	; --%	; --%	;0	; --%	; --%	;0	; --%	; --%	;0	; --%	; --%	;0	; --%	; --%	;0	; --%	; --%	;0	; --%	; --%	;
318	;06/14 05:00 - 06:00	;0	; --%	; --%	;0	; --%	;Disminuir por100.0%	;0	; --%	; --%	;0	; --%	; --%	;0	; --%	; --%	;0	; --%	;Disminuir por100.0%	;0	; --%	; --%	;0	; --%	; --%	;
319	;06/14 06:00 - 07:00	;0	; --%	; --%	;0	; --%	; --%	;0	; --%	; --%	;0	; --%	; --%	;0	; --%	; --%	;1	; --%	;Disminuir por50.0%	;0	; --%	; --%	;0	; --%	; --%	;
320	;06/14 07:00 - 08:00	;0	; --%	; --%	;0	; --%	; --%	;0	; --%	; --%	;0	;Disminuir por100.0%	; --%	;0	; --%	; --%	;2	;Aumentar por100.0%	;Sin cambios	;0	; --%	; --%	;0	; --%	;Disminuir por100.0%	;
321	;06/14 08:00 - 09:00	;0	; --%	; --%	;0	;Disminuir por100.0%	; --%	;0	; --%	; --%	;2	;Disminuir por33.3%	;Sin cambios	;0	; --%	;Disminuir por100.0%	;4	;Disminuir por42.9%	;Disminuir por60.0%	;0	; --%	; --%	;1	; --%	;Sin cambios	;
322	;06/14 09:00 - 10:00	;0	; --%	; --%	;0	; --%	;Disminuir por100.0%	;0	; --%	;Disminuir por100.0%	;2	;Sin cambios	;Disminuir por60.0%	;0	; --%	; --%	;6	;Sin cambios	;Aumentar por50.0%	;0	; --%	; --%	;2	; --%	; --%	;
323	;06/14 10:00 - 11:00	;0	; --%	; --%	;1	; --%	; --%	;0	; --%	;Disminuir por100.0%	;4	;Disminuir por33.3%	;Disminuir por33.3%	;0	; --%	;Disminuir por100.0%	;4	;Disminuir por42.9%	;Disminuir por81.8%	;0	; --%	; --%	;0	; --%	;Disminuir por100.0%	;
324	;06/14 11:00 - 12:00	;0	; --%	; --%	;0	;Disminuir por100.0%	;Disminuir por100.0%	;1	;Sin cambios	;Disminuir por50.0%	;3	;Disminuir por25.0%	;Disminuir por62.5%	;2	;Disminuir por66.7%	; --%	;8	;Disminuir por46.7%	;Disminuir por11.1%	;0	; --%	; --%	;1	;Sin cambios	;Sin cambios	;
325	;06/14 12:00 - 13:00	;0	; --%	; --%	;0	; --%	;Disminuir por100.0%	;0	; --%	;Disminuir por100.0%	;0	;Disminuir por100.0%	;Disminuir por100.0%	;4	; --%	; --%	;8	;Aumentar por33.3%	;Aumentar por60.0%	;0	; --%	; --%	;0	; --%	; --%	;
326	;06/14 13:00 - 14:00	;0	; --%	; --%	;0	; --%	;Disminuir por100.0%	;2	;Aumentar por100.0%	; --%	;5	;Aumentar por25.0%	;Aumentar por400.0%	;0	; --%	; --%	;4	;Sin cambios	;Disminuir por42.9%	;0	; --%	; --%	;1	; --%	; --%	;
327	;06/14 14:00 - 15:00	;0	; --%	; --%	;0	; --%	; --%	;0	; --%	; --%	;0	;Disminuir por100.0%	;Disminuir por100.0%	;0	; --%	;Disminuir por100.0%	;3	;Disminuir por50.0%	;Disminuir por57.1%	;0	; --%	; --%	;0	; --%	; --%	;
328	;06/14 15:00 - 16:00	;0	; --%	; --%	;0	; --%	; --%	;0	; --%	; --%	;2	;Sin cambios	; --%	;0	; --%	; --%	;5	;Aumentar por150.0%	;Aumentar por66.7%	;0	; --%	; --%	;0	; --%	; --%	;
329	;06/14 16:00 - 17:00	;0	; --%	; --%	;0	; --%	; --%	;0	; --%	; --%	;0	;Disminuir por100.0%	;Disminuir por100.0%	;0	;Disminuir por100.0%	; --%	;4	;Disminuir por55.6%	;Disminuir por20.0%	;0	; --%	;Disminuir por100.0%	;1	; --%	;Disminuir por66.7%	;
330	;06/14 17:00 - 18:00	;0	; --%	; --%	;0	; --%	; --%	;0	; --%	; --%	;1	; --%	; --%	;0	; --%	; --%	;4	;Disminuir por63.6%	;Disminuir por42.9%	;0	; --%	; --%	;1	; --%	; --%	;
331	;06/14 18:00 - 19:00	;0	; --%	; --%	;0	; --%	; --%	;0	; --%	; --%	;1	;Disminuir por66.7%	;Sin cambios	;0	;Disminuir por100.0%	; --%	;4	;Disminuir por50.0%	;Aumentar por100.0%	;0	; --%	; --%	;0	; --%	; --%	;
332	;06/14 19:00 - 20:00	;0	; --%	; --%	;0	;Disminuir por100.0%	; --%	;0	; --%	; --%	;1	; --%	; --%	;1	;Sin cambios	; --%	;6	;Sin cambios	;Aumentar por50.0%	;0	; --%	; --%	;0	;Disminuir por100.0%	; --%	;
333	;06/14 20:00 - 21:00	;0	; --%	; --%	;0	;Disminuir por100.0%	; --%	;0	; --%	; --%	;0	;Disminuir por100.0%	;Disminuir por100.0%	;0	;Disminuir por100.0%	;Disminuir por100.0%	;3	;Sin cambios	;Aumentar por200.0%	;0	; --%	; --%	;0	; --%	; --%	;
334	;06/14 21:00 - 22:00	;0	; --%	; --%	;2	; --%	; --%	;0	; --%	; --%	;1	;Sin cambios	;Sin cambios	;0	;Disminuir por100.0%	; --%	;4	;Sin cambios	;Aumentar por300.0%	;0	; --%	; --%	;0	; --%	; --%	;
335	;06/14 22:00 - 23:00	;0	; --%	; --%	;1	; --%	; --%	;0	; --%	; --%	;0	; --%	; --%	;0	; --%	;Disminuir por100.0%	;0	;Disminuir por100.0%	;Disminuir por100.0%	;0	; --%	; --%	;0	; --%	; --%	;
336	;06/14 23:00 - 24:00	;0	; --%	; --%	;1	;Sin cambios	;Sin cambios	;0	; --%	; --%	;0	; --%	; --%	;0	; --%	; --%	;1	;Disminuir por50.0%	; --%	;0	; --%	; --%	;0	; --%	; --%	;
337	;06/15 00:00 - 01:00	;0	; --%	; --%	;1	;Disminuir por50.0%	; --%	;0	; --%	; --%	;1	; --%	; --%	;0	; --%	; --%	;1	;Sin cambios	;Sin cambios	;0	; --%	; --%	;0	; --%	; --%	;
338	;06/15 01:00 - 02:00	;0	; --%	; --%	;0	; --%	; --%	;0	; --%	; --%	;0	; --%	; --%	;2	; --%	;Aumentar por100.0%	;3	;Aumentar por50.0%	;Disminuir por57.1%	;0	; --%	; --%	;1	; --%	; --%	;
339	;06/15 02:00 - 03:00	;0	; --%	;Disminuir por100.0%	;0	; --%	;Disminuir por100.0%	;0	; --%	; --%	;0	; --%	; --%	;0	; --%	; --%	;0	; --%	;Disminuir por100.0%	;0	; --%	; --%	;0	; --%	; --%	;
340	;06/15 03:00 - 04:00	;0	; --%	; --%	;1	; --%	; --%	;0	; --%	; --%	;0	; --%	; --%	;0	; --%	; --%	;0	;Disminuir por100.0%	;Disminuir por100.0%	;0	; --%	; --%	;0	; --%	; --%	;
341	;06/15 04:00 - 05:00	;0	; --%	; --%	;0	; --%	; --%	;0	; --%	; --%	;0	; --%	; --%	;0	; --%	; --%	;0	; --%	; --%	;0	; --%	; --%	;0	; --%	; --%	;
342	;06/15 05:00 - 06:00	;0	; --%	; --%	;0	;Disminuir por100.0%	; --%	;0	; --%	; --%	;0	; --%	; --%	;0	; --%	; --%	;0	; --%	; --%	;0	; --%	; --%	;0	; --%	; --%	;
343	;06/15 06:00 - 07:00	;0	; --%	; --%	;0	; --%	; --%	;1	; --%	; --%	;1	; --%	; --%	;0	; --%	; --%	;2	; --%	;Sin cambios	;0	; --%	; --%	;0	; --%	;Disminuir por100.0%	;
344	;06/15 07:00 - 08:00	;0	; --%	; --%	;0	; --%	; --%	;1	; --%	; --%	;4	;Aumentar por300.0%	; --%	;0	; --%	; --%	;0	; --%	;Disminuir por100.0%	;1	; --%	; --%	;2	; --%	; --%	;
345	;06/15 08:00 - 09:00	;0	; --%	; --%	;2	;Aumentar por100.0%	; --%	;0	; --%	; --%	;6	;Aumentar por200.0%	;Aumentar por100.0%	;0	; --%	; --%	;11	;Aumentar por266.7%	;Disminuir por8.3%	;0	; --%	; --%	;1	; --%	; --%	;
346	;06/15 09:00 - 10:00	;0	; --%	; --%	;2	; --%	; --%	;0	; --%	; --%	;5	; --%	;Aumentar por150.0%	;2	; --%	;Disminuir por33.3%	;14	;Aumentar por1300.0%	;Aumentar por40.0%	;0	; --%	; --%	;1	; --%	; --%	;
347	;06/15 10:00 - 11:00	;0	; --%	; --%	;1	;Sin cambios	;Sin cambios	;1	; --%	; --%	;14	;Aumentar por250.0%	;Aumentar por180.0%	;1	;Sin cambios	; --%	;15	;Aumentar por36.4%	;Aumentar por114.3%	;0	; --%	; --%	;1	;Sin cambios	; --%	;
348	;06/15 11:00 - 12:00	;0	; --%	; --%	;1	; --%	; --%	;1	; --%	; --%	;7	;Aumentar por133.3%	; --%	;0	;Disminuir por100.0%	; --%	;8	;Disminuir por11.1%	;Disminuir por20.0%	;0	; --%	; --%	;2	;Aumentar por100.0%	; --%	;
349	;06/15 12:00 - 13:00	;0	; --%	; --%	;0	; --%	; --%	;0	; --%	; --%	;1	; --%	;Sin cambios	;3	; --%	;Aumentar por50.0%	;13	;Aumentar por550.0%	;Aumentar por30.0%	;0	; --%	; --%	;1	;Sin cambios	; --%	;
350	;06/15 13:00 - 14:00	;0	; --%	; --%	;1	; --%	; --%	;2	; --%	; --%	;6	;Aumentar por50.0%	;Aumentar por500.0%	;0	;Disminuir por100.0%	;Disminuir por100.0%	;8	;Disminuir por52.9%	;Disminuir por27.3%	;1	; --%	; --%	;2	;Sin cambios	; --%	;
351	;06/15 14:00 - 15:00	;0	; --%	; --%	;0	; --%	; --%	;0	;Disminuir por100.0%	; --%	;1	;Disminuir por80.0%	;Sin cambios	;5	; --%	;Aumentar por150.0%	;14	;Aumentar por366.7%	;Aumentar por133.3%	;4	; --%	;Aumentar por300.0%	;5	; --%	;Aumentar por25.0%	;
352	;06/15 15:00 - 16:00	;0	; --%	; --%	;1	; --%	; --%	;1	; --%	; --%	;3	;Aumentar por200.0%	; --%	;0	;Disminuir por100.0%	; --%	;9	;Disminuir por10.0%	;Aumentar por125.0%	;0	; --%	; --%	;1	; --%	; --%	;
353	;06/15 16:00 - 17:00	;0	; --%	; --%	;0	; --%	; --%	;0	; --%	; --%	;0	; --%	;Disminuir por100.0%	;0	; --%	; --%	;8	;Aumentar por100.0%	;Aumentar por166.7%	;0	; --%	; --%	;1	; --%	; --%	;
354	;06/15 17:00 - 18:00	;0	; --%	; --%	;0	; --%	; --%	;1	; --%	; --%	;1	;Sin cambios	; --%	;0	; --%	; --%	;10	;Aumentar por400.0%	;Aumentar por100.0%	;1	; --%	; --%	;1	;Sin cambios	;Sin cambios	;
355	;06/15 18:00 - 19:00	;0	; --%	; --%	;0	; --%	; --%	;0	; --%	; --%	;2	;Sin cambios	;Aumentar por100.0%	;0	; --%	; --%	;11	;Aumentar por120.0%	;Aumentar por57.1%	;0	; --%	; --%	;1	;Sin cambios	; --%	;
356	;06/15 19:00 - 20:00	;0	; --%	; --%	;0	; --%	; --%	;0	; --%	; --%	;3	; --%	; --%	;2	;Aumentar por100.0%	; --%	;10	;Aumentar por66.7%	;Aumentar por150.0%	;0	; --%	; --%	;0	;Disminuir por100.0%	; --%	;
357	;06/15 20:00 - 21:00	;0	; --%	; --%	;0	;Disminuir por100.0%	;Disminuir por100.0%	;0	; --%	; --%	;0	;Disminuir por100.0%	;Disminuir por100.0%	;0	; --%	;Disminuir por100.0%	;3	; --%	;Disminuir por40.0%	;0	; --%	; --%	;0	; --%	; --%	;
358	;06/15 21:00 - 22:00	;0	; --%	; --%	;0	;Disminuir por100.0%	; --%	;0	; --%	; --%	;1	; --%	; --%	;0	; --%	; --%	;5	;Aumentar por66.7%	;Aumentar por66.7%	;0	; --%	; --%	;0	;Disminuir por100.0%	; --%	;
359	;06/15 22:00 - 23:00	;0	; --%	; --%	;0	;Disminuir por100.0%	; --%	;0	; --%	; --%	;0	; --%	; --%	;0	; --%	; --%	;1	;Disminuir por50.0%	;Disminuir por66.7%	;0	; --%	;Disminuir por100.0%	;0	; --%	; --%	;
360	;06/15 23:00 - 24:00	;0	; --%	; --%	;3	; --%	; --%	;0	; --%	; --%	;0	; --%	; --%	;0	; --%	; --%	;2	;Aumentar por100.0%	;Disminuir por50.0%	;0	; --%	; --%	;0	; --%	; --%	;
361	;06/16 00:00 - 01:00	;0	; --%	; --%	;2	; --%	;Aumentar por100.0%	;0	; --%	; --%	;0	; --%	; --%	;0	; --%	; --%	;0	;Disminuir por100.0%	;Disminuir por100.0%	;0	; --%	; --%	;0	; --%	; --%	;
362	;06/16 01:00 - 02:00	;0	; --%	; --%	;0	; --%	; --%	;0	; --%	; --%	;0	; --%	; --%	;2	; --%	; --%	;3	; --%	;Aumentar por50.0%	;0	; --%	; --%	;0	; --%	; --%	;
363	;06/16 02:00 - 03:00	;0	; --%	; --%	;0	; --%	; --%	;0	; --%	; --%	;0	; --%	; --%	;0	; --%	; --%	;0	; --%	; --%	;0	; --%	; --%	;0	; --%	; --%	;
364	;06/16 03:00 - 04:00	;0	; --%	; --%	;0	; --%	; --%	;0	; --%	; --%	;0	; --%	; --%	;0	; --%	; --%	;0	; --%	;Disminuir por100.0%	;0	; --%	; --%	;0	; --%	; --%	;
365	;06/16 04:00 - 05:00	;0	; --%	; --%	;0	; --%	; --%	;0	; --%	; --%	;0	; --%	; --%	;0	; --%	; --%	;2	; --%	; --%	;0	; --%	; --%	;0	; --%	; --%	;
366	;06/16 05:00 - 06:00	;0	; --%	; --%	;0	; --%	; --%	;0	; --%	; --%	;0	; --%	; --%	;0	; --%	; --%	;0	; --%	; --%	;0	; --%	; --%	;0	; --%	; --%	;
367	;06/16 06:00 - 07:00	;0	; --%	; --%	;0	; --%	; --%	;0	; --%	; --%	;0	; --%	; --%	;0	; --%	; --%	;0	; --%	; --%	;0	; --%	; --%	;0	; --%	; --%	;
368	;06/16 07:00 - 08:00	;0	; --%	; --%	;0	;Disminuir por100.0%	; --%	;0	; --%	; --%	;2	; --%	;Aumentar por100.0%	;2	; --%	;Disminuir por33.3%	;6	;Aumentar por100.0%	;Disminuir por25.0%	;0	;Disminuir por100.0%	;Disminuir por100.0%	;0	;Disminuir por100.0%	; --%	;
369	;06/16 08:00 - 09:00	;0	; --%	; --%	;1	;Sin cambios	; --%	;2	;Sin cambios	;Aumentar por100.0%	;9	;Aumentar por12.5%	;Aumentar por80.0%	;0	;Disminuir por100.0%	;Disminuir por100.0%	;11	;Disminuir por31.3%	;Disminuir por31.3%	;1	; --%	; --%	;5	;Aumentar por66.7%	;Aumentar por25.0%	;
370	;06/16 09:00 - 10:00	;0	; --%	; --%	;0	; --%	; --%	;1	; --%	; --%	;9	;Aumentar por50.0%	;Aumentar por28.6%	;1	;Sin cambios	; --%	;9	;Aumentar por12.5%	;Aumentar por12.5%	;0	; --%	;Disminuir por100.0%	;4	; --%	;Disminuir por50.0%	;
371	;06/16 10:00 - 11:00	;0	; --%	;Disminuir por100.0%	;1	;Disminuir por50.0%	;Disminuir por75.0%	;8	;Aumentar por700.0%	; --%	;17	;Aumentar por112.5%	;Aumentar por240.0%	;1	;Sin cambios	;Sin cambios	;9	;Disminuir por25.0%	;Disminuir por50.0%	;0	; --%	; --%	;1	;Disminuir por50.0%	;Sin cambios	;
372	;06/16 11:00 - 12:00	;0	; --%	; --%	;1	; --%	; --%	;1	;Sin cambios	;Disminuir por80.0%	;7	;Disminuir por12.5%	;Disminuir por58.8%	;0	;Disminuir por100.0%	;Disminuir por100.0%	;11	;Disminuir por62.1%	;Disminuir por8.3%	;0	; --%	; --%	;0	;Disminuir por100.0%	;Disminuir por100.0%	;
373	;06/16 12:00 - 13:00	;0	; --%	; --%	;2	; --%	; --%	;0	;Disminuir por100.0%	; --%	;4	;Disminuir por20.0%	;Aumentar por100.0%	;1	; --%	;Disminuir por50.0%	;10	;Aumentar por66.7%	;Disminuir por16.7%	;0	; --%	; --%	;2	;Aumentar por100.0%	;Disminuir por50.0%	;
374	;06/16 13:00 - 14:00	;0	; --%	; --%	;1	;Sin cambios	; --%	;3	; --%	; --%	;6	;Sin cambios	;Aumentar por200.0%	;0	; --%	; --%	;11	;Aumentar por22.2%	;Aumentar por37.5%	;0	; --%	; --%	;1	;Sin cambios	; --%	;
375	;06/16 14:00 - 15:00	;0	; --%	; --%	;1	; --%	;Sin cambios	;0	; --%	; --%	;5	;Aumentar por25.0%	;Aumentar por150.0%	;3	; --%	;Disminuir por50.0%	;18	;Aumentar por125.0%	;Aumentar por5.9%	;0	; --%	; --%	;0	;Disminuir por100.0%	; --%	;
376	;06/16 15:00 - 16:00	;0	; --%	; --%	;2	; --%	;Aumentar por100.0%	;0	; --%	;Disminuir por100.0%	;0	;Disminuir por100.0%	;Disminuir por100.0%	;0	;Disminuir por100.0%	; --%	;5	;Disminuir por44.4%	;Disminuir por50.0%	;0	; --%	; --%	;2	;Aumentar por100.0%	; --%	;
377	;06/16 16:00 - 17:00	;0	; --%	; --%	;1	; --%	;Sin cambios	;0	; --%	;Disminuir por100.0%	;1	;Disminuir por66.7%	;Disminuir por50.0%	;5	; --%	; --%	;17	;Aumentar por88.9%	;Aumentar por41.7%	;0	; --%	; --%	;0	; --%	;Disminuir por100.0%	;
378	;06/16 17:00 - 18:00	;0	; --%	; --%	;0	; --%	; --%	;0	; --%	; --%	;1	;Sin cambios	;Sin cambios	;1	; --%	;Disminuir por50.0%	;12	;Aumentar por71.4%	;Aumentar por20.0%	;0	; --%	; --%	;0	; --%	;Disminuir por100.0%	;
379	;06/16 18:00 - 19:00	;0	; --%	; --%	;0	;Disminuir por100.0%	; --%	;0	; --%	;Disminuir por100.0%	;2	;Disminuir por33.3%	;Sin cambios	;2	;Aumentar por100.0%	;Disminuir por50.0%	;7	;Disminuir por41.7%	;Disminuir por46.2%	;0	; --%	; --%	;0	;Disminuir por100.0%	;Disminuir por100.0%	;
380	;06/16 19:00 - 20:00	;0	; --%	; --%	;1	;Disminuir por50.0%	; --%	;0	; --%	; --%	;1	;Disminuir por50.0%	;Sin cambios	;2	;Aumentar por100.0%	; --%	;9	;Disminuir por25.0%	;Aumentar por12.5%	;0	; --%	; --%	;0	; --%	; --%	;
381	;06/16 20:00 - 21:00	;0	; --%	; --%	;0	;Disminuir por100.0%	;Disminuir por100.0%	;0	; --%	; --%	;1	;Disminuir por50.0%	;Sin cambios	;0	; --%	;Disminuir por100.0%	;1	;Disminuir por75.0%	;Disminuir por83.3%	;0	; --%	; --%	;0	; --%	; --%	;
382	;06/16 21:00 - 22:00	;0	; --%	; --%	;0	; --%	;Disminuir por100.0%	;0	; --%	; --%	;0	; --%	; --%	;0	; --%	; --%	;3	;Sin cambios	;Aumentar por50.0%	;0	; --%	; --%	;1	; --%	; --%	;
383	;06/16 22:00 - 23:00	;0	; --%	; --%	;1	;Sin cambios	;Sin cambios	;0	; --%	; --%	;0	; --%	; --%	;0	; --%	; --%	;2	; --%	;Aumentar por100.0%	;0	; --%	; --%	;0	; --%	; --%	;
384	;06/16 23:00 - 24:00	;0	; --%	; --%	;1	;Sin cambios	; --%	;0	; --%	; --%	;0	;Disminuir por100.0%	; --%	;0	; --%	; --%	;0	;Disminuir por100.0%	;Disminuir por100.0%	;0	; --%	; --%	;0	; --%	; --%	;
385	;06/17 00:00 - 01:00	;0	; --%	; --%	;5	; --%	;Aumentar por400.0%	;0	; --%	; --%	;0	; --%	; --%	;0	; --%	; --%	;2	; --%	;Sin cambios	;0	; --%	; --%	;0	; --%	; --%	;
386	;06/17 01:00 - 02:00	;0	; --%	; --%	;0	; --%	; --%	;0	; --%	; --%	;0	; --%	; --%	;2	; --%	; --%	;3	; --%	; --%	;0	; --%	; --%	;0	; --%	; --%	;
387	;06/17 02:00 - 03:00	;0	; --%	; --%	;0	; --%	; --%	;0	; --%	; --%	;0	; --%	; --%	;0	; --%	; --%	;0	; --%	; --%	;0	; --%	; --%	;0	; --%	; --%	;
388	;06/17 03:00 - 04:00	;0	; --%	; --%	;0	; --%	; --%	;0	; --%	; --%	;0	; --%	; --%	;0	; --%	; --%	;0	; --%	; --%	;0	; --%	; --%	;0	; --%	; --%	;
389	;06/17 04:00 - 05:00	;0	; --%	; --%	;0	; --%	; --%	;0	; --%	; --%	;0	; --%	; --%	;0	; --%	; --%	;0	;Disminuir por100.0%	; --%	;0	; --%	; --%	;0	; --%	; --%	;
390	;06/17 05:00 - 06:00	;0	; --%	; --%	;0	; --%	;Disminuir por100.0%	;0	; --%	; --%	;0	; --%	; --%	;0	; --%	; --%	;0	; --%	; --%	;0	; --%	; --%	;0	; --%	; --%	;
391	;06/17 06:00 - 07:00	;0	; --%	; --%	;0	; --%	; --%	;0	; --%	; --%	;0	; --%	; --%	;0	; --%	; --%	;1	; --%	;Disminuir por50.0%	;0	;Disminuir por100.0%	; --%	;1	;Disminuir por91.7%	; --%	;
392	;06/17 07:00 - 08:00	;1	; --%	; --%	;1	; --%	; --%	;2	;Sin cambios	;Sin cambios	;4	;Sin cambios	;Disminuir por42.9%	;0	;Disminuir por100.0%	; --%	;6	;Aumentar por100.0%	;Sin cambios	;0	; --%	; --%	;1	; --%	;Disminuir por50.0%	;
393	;06/17 08:00 - 09:00	;0	; --%	; --%	;0	; --%	; --%	;0	; --%	; --%	;7	;Sin cambios	;Aumentar por133.3%	;0	;Disminuir por100.0%	;Disminuir por100.0%	;7	;Disminuir por22.2%	;Disminuir por30.0%	;0	;Disminuir por100.0%	; --%	;5	;Sin cambios	;Aumentar por400.0%	;
394	;06/17 09:00 - 10:00	;0	; --%	; --%	;0	; --%	; --%	;5	; --%	; --%	;13	;Aumentar por160.0%	;Aumentar por333.3%	;0	; --%	; --%	;10	;Aumentar por25.0%	;Aumentar por100.0%	;0	;Disminuir por100.0%	; --%	;1	;Disminuir por85.7%	;Sin cambios	;
395	;06/17 10:00 - 11:00	;0	; --%	; --%	;1	; --%	;Disminuir por50.0%	;10	;Aumentar por150.0%	; --%	;23	;Aumentar por43.8%	;Aumentar por2200.0%	;2	; --%	;Sin cambios	;16	;Aumentar por33.3%	;Aumentar por23.1%	;1	;Sin cambios	; --%	;3	;Disminuir por62.5%	;Aumentar por200.0%	;
396	;06/17 11:00 - 12:00	;0	; --%	; --%	;0	;Disminuir por100.0%	;Disminuir por100.0%	;0	; --%	;Disminuir por100.0%	;6	;Disminuir por40.0%	;Aumentar por20.0%	;0	; --%	;Disminuir por100.0%	;13	;Aumentar por62.5%	;Disminuir por23.5%	;0	; --%	; --%	;2	; --%	; --%	;
397	;06/17 12:00 - 13:00	;0	; --%	; --%	;0	;Disminuir por100.0%	; --%	;0	;Disminuir por100.0%	; --%	;3	;Disminuir por66.7%	; --%	;2	; --%	; --%	;8	;Aumentar por14.3%	;Aumentar por60.0%	;0	; --%	;Disminuir por100.0%	;0	;Disminuir por100.0%	;Disminuir por100.0%	;
398	;06/17 13:00 - 14:00	;0	; --%	; --%	;2	; --%	; --%	;1	; --%	;Sin cambios	;3	;Disminuir por66.7%	;Disminuir por25.0%	;3	;Disminuir por50.0%	;Sin cambios	;16	;Aumentar por23.1%	;Aumentar por23.1%	;0	; --%	; --%	;1	;Disminuir por50.0%	;Sin cambios	;
399	;06/17 14:00 - 15:00	;0	; --%	; --%	;1	; --%	; --%	;1	; --%	; --%	;4	;Aumentar por100.0%	;Aumentar por300.0%	;1	; --%	; --%	;10	;Disminuir por9.1%	;Aumentar por100.0%	;0	; --%	; --%	;0	;Disminuir por100.0%	; --%	;
400	;06/17 15:00 - 16:00	;0	; --%	; --%	;1	;Sin cambios	; --%	;2	; --%	; --%	;5	;Disminuir por37.5%	; --%	;3	;Aumentar por50.0%	;Aumentar por50.0%	;8	;Disminuir por20.0%	;Sin cambios	;0	; --%	; --%	;1	;Sin cambios	; --%	;
401	;06/17 16:00 - 17:00	;0	; --%	; --%	;0	; --%	; --%	;1	; --%	; --%	;2	;Disminuir por66.7%	; --%	;4	; --%	;Aumentar por33.3%	;12	;Aumentar por20.0%	;Aumentar por20.0%	;0	; --%	;Disminuir por100.0%	;0	; --%	;Disminuir por100.0%	;
402	;06/17 17:00 - 18:00	;0	; --%	; --%	;0	; --%	; --%	;0	; --%	;Disminuir por100.0%	;4	;Aumentar por300.0%	;Aumentar por100.0%	;0	; --%	;Disminuir por100.0%	;4	;Disminuir por42.9%	;Disminuir por33.3%	;0	; --%	; --%	;2	;Aumentar por100.0%	; --%	;
403	;06/17 18:00 - 19:00	;0	; --%	; --%	;1	; --%	; --%	;6	; --%	;Aumentar por500.0%	;6	;Aumentar por500.0%	;Aumentar por100.0%	;4	; --%	;Sin cambios	;14	;Aumentar por75.0%	;Aumentar por16.7%	;0	; --%	; --%	;0	; --%	;Disminuir por100.0%	;
404	;06/17 19:00 - 20:00	;0	; --%	; --%	;0	;Disminuir por100.0%	; --%	;0	; --%	; --%	;2	; --%	;Aumentar por100.0%	;0	;Disminuir por100.0%	; --%	;5	;Disminuir por58.3%	;Aumentar por150.0%	;0	; --%	; --%	;0	; --%	; --%	;
405	;06/17 20:00 - 21:00	;0	;Disminuir por100.0%	; --%	;0	;Disminuir por100.0%	; --%	;0	; --%	; --%	;1	;Sin cambios	;Sin cambios	;0	;Disminuir por100.0%	; --%	;2	;Disminuir por50.0%	;Sin cambios	;0	; --%	; --%	;0	; --%	; --%	;
406	;06/17 21:00 - 22:00	;0	; --%	; --%	;0	; --%	;Disminuir por100.0%	;0	; --%	; --%	;1	; --%	;Sin cambios	;1	; --%	;Disminuir por50.0%	;6	;Aumentar por100.0%	;Disminuir por14.3%	;0	; --%	; --%	;1	; --%	; --%	;
407	;06/17 22:00 - 23:00	;0	; --%	; --%	;2	;Aumentar por100.0%	;Sin cambios	;0	; --%	; --%	;0	; --%	; --%	;0	; --%	;Disminuir por100.0%	;1	;Sin cambios	;Disminuir por75.0%	;0	; --%	; --%	;0	; --%	; --%	;
408	;06/17 23:00 - 24:00	;0	; --%	; --%	;4	;Aumentar por300.0%	;Aumentar por300.0%	;0	; --%	; --%	;0	; --%	; --%	;0	; --%	;Disminuir por100.0%	;1	; --%	; --%	;0	; --%	; --%	;0	; --%	; --%	;
409	;06/18 00:00 - 01:00	;0	; --%	; --%	;1	;Sin cambios	;Sin cambios	;0	; --%	; --%	;1	; --%	; --%	;0	; --%	; --%	;1	;Sin cambios	;Disminuir por85.7%	;0	; --%	; --%	;0	; --%	; --%	;
410	;06/18 01:00 - 02:00	;2	; --%	; --%	;2	; --%	; --%	;0	; --%	; --%	;0	; --%	; --%	;0	; --%	; --%	;0	; --%	;Disminuir por100.0%	;0	; --%	; --%	;0	; --%	; --%	;
411	;06/18 02:00 - 03:00	;0	; --%	; --%	;0	; --%	; --%	;0	; --%	; --%	;0	; --%	; --%	;1	; --%	; --%	;2	; --%	; --%	;0	; --%	;Disminuir por100.0%	;0	; --%	;Disminuir por100.0%	;
412	;06/18 03:00 - 04:00	;0	; --%	; --%	;0	; --%	; --%	;0	; --%	; --%	;0	; --%	; --%	;0	; --%	; --%	;0	; --%	; --%	;0	; --%	; --%	;0	; --%	; --%	;
413	;06/18 04:00 - 05:00	;0	; --%	; --%	;1	; --%	; --%	;0	; --%	; --%	;0	; --%	; --%	;0	; --%	; --%	;0	; --%	; --%	;0	; --%	; --%	;0	; --%	; --%	;
414	;06/18 05:00 - 06:00	;0	; --%	; --%	;0	; --%	; --%	;0	; --%	; --%	;0	; --%	; --%	;0	; --%	; --%	;1	; --%	; --%	;0	; --%	; --%	;0	; --%	; --%	;
415	;06/18 06:00 - 07:00	;0	; --%	; --%	;0	; --%	; --%	;0	; --%	; --%	;0	; --%	; --%	;0	; --%	;Disminuir por100.0%	;0	;Disminuir por100.0%	;Disminuir por100.0%	;0	; --%	; --%	;0	; --%	;Disminuir por100.0%	;
416	;06/18 07:00 - 08:00	;0	; --%	; --%	;0	;Disminuir por100.0%	; --%	;0	; --%	; --%	;2	; --%	;Aumentar por100.0%	;2	; --%	; --%	;6	;Aumentar por20.0%	;Aumentar por50.0%	;0	; --%	; --%	;1	; --%	; --%	;
417	;06/18 08:00 - 09:00	;0	; --%	; --%	;0	; --%	; --%	;3	; --%	; --%	;16	;Aumentar por166.7%	;Aumentar por700.0%	;0	;Disminuir por100.0%	;Disminuir por100.0%	;12	;Disminuir por47.8%	;Disminuir por7.7%	;0	; --%	;Disminuir por100.0%	;2	;Sin cambios	;Disminuir por80.0%	;
418	;06/18 09:00 - 10:00	;0	; --%	; --%	;0	;Disminuir por100.0%	; --%	;0	; --%	;Disminuir por100.0%	;7	;Aumentar por250.0%	;Disminuir por41.7%	;4	;Aumentar por300.0%	; --%	;13	;Sin cambios	;Aumentar por44.4%	;0	; --%	; --%	;2	;Aumentar por100.0%	;Sin cambios	;
419	;06/18 10:00 - 11:00	;0	; --%	;Disminuir por100.0%	;2	; --%	;Disminuir por60.0%	;0	;Disminuir por100.0%	; --%	;15	;Sin cambios	;Aumentar por36.4%	;2	;Aumentar por100.0%	;Disminuir por33.3%	;13	;Aumentar por18.2%	;Disminuir por35.0%	;0	;Disminuir por100.0%	;Disminuir por100.0%	;1	;Disminuir por75.0%	;Disminuir por80.0%	;
420	;06/18 11:00 - 12:00	;0	; --%	;Disminuir por100.0%	;0	;Disminuir por100.0%	;Disminuir por100.0%	;4	;Aumentar por100.0%	;Disminuir por33.3%	;13	;Aumentar por85.7%	;Disminuir por31.6%	;2	;Aumentar por100.0%	;Sin cambios	;14	;Aumentar por27.3%	;Sin cambios	;0	; --%	;Disminuir por100.0%	;2	;Sin cambios	;Disminuir por66.7%	;
421	;06/18 12:00 - 13:00	;0	; --%	; --%	;0	; --%	; --%	;0	; --%	;Disminuir por100.0%	;2	;Disminuir por60.0%	;Disminuir por50.0%	;0	;Disminuir por100.0%	; --%	;11	;Aumentar por83.3%	;Disminuir por31.3%	;0	; --%	; --%	;1	;Disminuir por66.7%	;Disminuir por50.0%	;
422	;06/18 13:00 - 14:00	;0	; --%	; --%	;1	;Sin cambios	; --%	;0	;Disminuir por100.0%	;Disminuir por100.0%	;1	;Disminuir por75.0%	;Disminuir por75.0%	;0	; --%	; --%	;12	;Aumentar por9.1%	;Aumentar por9.1%	;0	; --%	; --%	;0	;Disminuir por100.0%	;Disminuir por100.0%	;
423	;06/18 14:00 - 15:00	;0	; --%	; --%	;0	; --%	; --%	;0	; --%	; --%	;4	;Disminuir por33.3%	;Aumentar por300.0%	;2	;Aumentar por100.0%	;Disminuir por33.3%	;12	;Aumentar por50.0%	;Disminuir por25.0%	;0	;Disminuir por100.0%	; --%	;1	;Disminuir por75.0%	;Sin cambios	;
424	;06/18 15:00 - 16:00	;0	; --%	; --%	;1	; --%	;Sin cambios	;0	; --%	;Disminuir por100.0%	;1	;Sin cambios	;Disminuir por88.9%	;2	;Disminuir por33.3%	;Sin cambios	;8	;Disminuir por46.7%	;Sin cambios	;0	; --%	; --%	;1	; --%	; --%	;
425	;06/18 16:00 - 17:00	;0	; --%	; --%	;1	; --%	; --%	;0	; --%	;Disminuir por100.0%	;1	;Disminuir por50.0%	;Disminuir por66.7%	;2	;Sin cambios	;Aumentar por100.0%	;13	;Aumentar por62.5%	;Aumentar por116.7%	;0	; --%	;Disminuir por100.0%	;1	; --%	;Sin cambios	;
426	;06/18 17:00 - 18:00	;0	; --%	;Disminuir por100.0%	;1	; --%	;Disminuir por66.7%	;0	; --%	; --%	;2	; --%	; --%	;0	;Disminuir por100.0%	; --%	;9	;Disminuir por25.0%	;Disminuir por35.7%	;3	; --%	; --%	;3	; --%	;Aumentar por200.0%	;
427	;06/18 18:00 - 19:00	;0	; --%	; --%	;0	; --%	; --%	;0	; --%	; --%	;3	;Aumentar por200.0%	;Aumentar por50.0%	;1	;Sin cambios	;Sin cambios	;6	;Disminuir por64.7%	;Disminuir por45.5%	;0	; --%	; --%	;0	; --%	; --%	;
428	;06/18 19:00 - 20:00	;0	; --%	; --%	;0	;Disminuir por100.0%	; --%	;0	; --%	; --%	;0	;Disminuir por100.0%	;Disminuir por100.0%	;0	;Disminuir por100.0%	; --%	;7	;Disminuir por63.2%	;Aumentar por40.0%	;0	; --%	; --%	;0	; --%	; --%	;
429	;06/18 20:00 - 21:00	;0	; --%	; --%	;0	;Disminuir por100.0%	; --%	;0	; --%	; --%	;1	;Sin cambios	;Disminuir por50.0%	;0	;Disminuir por100.0%	;Disminuir por100.0%	;1	;Disminuir por87.5%	;Disminuir por90.0%	;0	; --%	; --%	;0	; --%	; --%	;
430	;06/18 21:00 - 22:00	;0	; --%	; --%	;2	;Aumentar por100.0%	; --%	;0	; --%	; --%	;3	; --%	; --%	;0	; --%	;Disminuir por100.0%	;2	;Disminuir por75.0%	;Disminuir por50.0%	;0	; --%	; --%	;0	;Disminuir por100.0%	; --%	;
431	;06/18 22:00 - 23:00	;0	; --%	; --%	;2	;Sin cambios	;Aumentar por100.0%	;0	; --%	; --%	;0	; --%	; --%	;0	; --%	; --%	;1	;Disminuir por50.0%	;Sin cambios	;0	; --%	; --%	;0	; --%	; --%	;
432	;06/18 23:00 - 24:00	;0	; --%	; --%	;4	;Aumentar por300.0%	;Aumentar por100.0%	;0	; --%	; --%	;0	; --%	; --%	;0	; --%	; --%	;1	;Disminuir por50.0%	;Sin cambios	;0	; --%	; --%	;0	; --%	; --%	;
433	;06/19 00:00 - 01:00	;0	; --%	; --%	;0	;Disminuir por100.0%	;Disminuir por100.0%	;0	; --%	; --%	;0	;Disminuir por100.0%	; --%	;0	; --%	; --%	;0	;Disminuir por100.0%	;Disminuir por100.0%	;0	; --%	; --%	;0	; --%	; --%	;
434	;06/19 01:00 - 02:00	;0	; --%	; --%	;1	; --%	; --%	;0	; --%	; --%	;0	; --%	; --%	;2	; --%	; --%	;4	; --%	;Aumentar por300.0%	;0	; --%	; --%	;1	; --%	; --%	;
435	;06/19 02:00 - 03:00	;0	; --%	;Disminuir por100.0%	;1	; --%	;Disminuir por50.0%	;0	; --%	; --%	;0	; --%	; --%	;0	; --%	; --%	;0	; --%	;Disminuir por100.0%	;0	; --%	; --%	;0	; --%	; --%	;
436	;06/19 03:00 - 04:00	;0	; --%	; --%	;1	;Disminuir por50.0%	; --%	;0	; --%	; --%	;0	; --%	; --%	;0	; --%	; --%	;0	; --%	; --%	;0	; --%	; --%	;0	; --%	; --%	;
437	;06/19 04:00 - 05:00	;0	; --%	; --%	;0	; --%	;Disminuir por100.0%	;0	; --%	; --%	;0	; --%	; --%	;0	; --%	; --%	;0	; --%	; --%	;0	; --%	; --%	;0	; --%	; --%	;
438	;06/19 05:00 - 06:00	;0	; --%	; --%	;0	; --%	; --%	;0	; --%	; --%	;0	; --%	; --%	;0	; --%	; --%	;0	; --%	; --%	;0	; --%	; --%	;0	; --%	; --%	;
439	;06/19 06:00 - 07:00	;0	; --%	; --%	;0	; --%	; --%	;2	; --%	;Aumentar por100.0%	;3	; --%	;Aumentar por50.0%	;0	; --%	; --%	;0	; --%	; --%	;0	; --%	; --%	;0	; --%	; --%	;
440	;06/19 07:00 - 08:00	;0	; --%	; --%	;0	; --%	; --%	;0	; --%	; --%	;3	; --%	; --%	;0	; --%	; --%	;6	; --%	;Aumentar por100.0%	;0	; --%	; --%	;0	; --%	; --%	;
441	;06/19 08:00 - 09:00	;0	; --%	; --%	;0	; --%	; --%	;0	; --%	; --%	;9	;Aumentar por350.0%	;Aumentar por80.0%	;0	; --%	;Disminuir por100.0%	;12	;Aumentar por500.0%	;Disminuir por14.3%	;3	; --%	; --%	;5	;Aumentar por400.0%	;Aumentar por25.0%	;
442	;06/19 09:00 - 10:00	;0	; --%	; --%	;0	; --%	;Disminuir por100.0%	;0	; --%	; --%	;7	;Aumentar por250.0%	;Aumentar por75.0%	;0	; --%	;Disminuir por100.0%	;11	;Aumentar por120.0%	;Disminuir por38.9%	;2	; --%	; --%	;6	;Aumentar por500.0%	;Aumentar por200.0%	;
443	;06/19 10:00 - 11:00	;0	; --%	; --%	;0	; --%	;Disminuir por100.0%	;1	; --%	;Sin cambios	;13	;Aumentar por550.0%	;Aumentar por44.4%	;2	;Sin cambios	;Sin cambios	;13	;Aumentar por85.7%	;Disminuir por18.8%	;3	; --%	; --%	;7	; --%	;Aumentar por133.3%	;
444	;06/19 11:00 - 12:00	;0	; --%	; --%	;1	;Disminuir por50.0%	; --%	;3	; --%	;Aumentar por200.0%	;9	;Aumentar por350.0%	;Disminuir por25.0%	;0	; --%	; --%	;11	;Disminuir por8.3%	;Disminuir por15.4%	;1	; --%	; --%	;7	;Aumentar por600.0%	;Aumentar por600.0%	;
445	;06/19 12:00 - 13:00	;0	; --%	; --%	;0	; --%	; --%	;0	; --%	;Disminuir por100.0%	;5	;Aumentar por150.0%	;Disminuir por28.6%	;0	; --%	;Disminuir por100.0%	;13	;Aumentar por160.0%	;Disminuir por23.5%	;0	; --%	;Disminuir por100.0%	;0	;Disminuir por100.0%	;Disminuir por100.0%	;
446	;06/19 13:00 - 14:00	;0	; --%	; --%	;0	; --%	; --%	;0	; --%	; --%	;5	;Aumentar por400.0%	;Aumentar por400.0%	;1	;Disminuir por50.0%	;Sin cambios	;12	;Aumentar por140.0%	;Aumentar por33.3%	;0	; --%	; --%	;1	; --%	;Disminuir por50.0%	;
447	;06/19 14:00 - 15:00	;0	; --%	; --%	;0	; --%	;Disminuir por100.0%	;1	; --%	;Disminuir por50.0%	;4	;Aumentar por100.0%	;Sin cambios	;2	; --%	; --%	;10	;Aumentar por400.0%	;Aumentar por42.9%	;0	; --%	; --%	;1	; --%	; --%	;
448	;06/19 15:00 - 16:00	;0	; --%	; --%	;0	; --%	;Disminuir por100.0%	;0	; --%	;Disminuir por100.0%	;0	; --%	;Disminuir por100.0%	;2	; --%	;Disminuir por33.3%	;8	;Aumentar por300.0%	;Disminuir por27.3%	;0	; --%	; --%	;2	;Aumentar por100.0%	; --%	;
449	;06/19 16:00 - 17:00	;0	; --%	; --%	;1	; --%	;Sin cambios	;0	; --%	; --%	;2	;Aumentar por100.0%	;Sin cambios	;0	; --%	;Disminuir por100.0%	;8	;Aumentar por60.0%	;Disminuir por20.0%	;0	; --%	; --%	;2	; --%	;Aumentar por100.0%	;
450	;06/19 17:00 - 18:00	;0	; --%	; --%	;1	;Sin cambios	; --%	;0	; --%	; --%	;0	;Disminuir por100.0%	;Disminuir por100.0%	;0	; --%	; --%	;5	;Aumentar por66.7%	;Disminuir por37.5%	;1	; --%	; --%	;3	;Aumentar por200.0%	; --%	;
451	;06/19 18:00 - 19:00	;0	; --%	; --%	;0	;Disminuir por100.0%	; --%	;0	; --%	; --%	;1	; --%	;Sin cambios	;0	; --%	; --%	;10	;Aumentar por150.0%	;Aumentar por11.1%	;0	; --%	; --%	;0	; --%	;Disminuir por100.0%	;
452	;06/19 19:00 - 20:00	;0	; --%	; --%	;1	;Disminuir por75.0%	; --%	;1	; --%	; --%	;2	;Aumentar por100.0%	; --%	;0	;Disminuir por100.0%	;Disminuir por100.0%	;8	;Sin cambios	;Sin cambios	;0	; --%	; --%	;0	;Disminuir por100.0%	;Disminuir por100.0%	;
453	;06/19 20:00 - 21:00	;0	; --%	; --%	;0	;Disminuir por100.0%	; --%	;0	; --%	; --%	;0	; --%	; --%	;0	;Disminuir por100.0%	; --%	;2	;Disminuir por77.8%	;Disminuir por66.7%	;0	;Disminuir por100.0%	; --%	;1	;Disminuir por50.0%	;Disminuir por66.7%	;
454	;06/19 21:00 - 22:00	;0	; --%	; --%	;0	;Disminuir por100.0%	; --%	;0	; --%	; --%	;4	; --%	; --%	;1	; --%	;Disminuir por50.0%	;3	;Aumentar por200.0%	;Disminuir por66.7%	;0	; --%	; --%	;0	; --%	; --%	;
455	;06/19 22:00 - 23:00	;0	; --%	; --%	;2	; --%	;Aumentar por100.0%	;0	; --%	; --%	;0	; --%	;Disminuir por100.0%	;0	; --%	;Disminuir por100.0%	;1	;Sin cambios	;Disminuir por50.0%	;0	; --%	; --%	;0	; --%	; --%	;
456	;06/19 23:00 - 24:00	;0	; --%	; --%	;0	;Disminuir por100.0%	;Disminuir por100.0%	;0	; --%	; --%	;0	; --%	; --%	;0	; --%	; --%	;2	;Disminuir por33.3%	;Aumentar por100.0%	;0	; --%	; --%	;0	;Disminuir por100.0%	; --%	;
457	;06/20 00:00 - 01:00	;0	; --%	; --%	;1	; --%	;Disminuir por66.7%	;0	; --%	; --%	;0	; --%	; --%	;0	; --%	; --%	;1	; --%	;Disminuir por50.0%	;0	; --%	; --%	;0	; --%	; --%	;
458	;06/20 01:00 - 02:00	;0	; --%	; --%	;2	; --%	;Aumentar por100.0%	;0	; --%	; --%	;0	; --%	; --%	;0	; --%	; --%	;1	; --%	; --%	;0	; --%	; --%	;0	; --%	; --%	;
459	;06/20 02:00 - 03:00	;0	; --%	; --%	;0	;Disminuir por100.0%	;Disminuir por100.0%	;0	; --%	; --%	;0	; --%	; --%	;2	; --%	; --%	;3	; --%	;Aumentar por200.0%	;0	; --%	; --%	;0	; --%	; --%	;
460	;06/20 03:00 - 04:00	;0	; --%	; --%	;1	; --%	; --%	;0	; --%	; --%	;0	; --%	; --%	;0	; --%	; --%	;0	;Disminuir por100.0%	; --%	;0	; --%	; --%	;0	; --%	; --%	;
461	;06/20 04:00 - 05:00	;0	; --%	; --%	;0	; --%	; --%	;0	; --%	; --%	;0	; --%	; --%	;0	; --%	; --%	;0	;Disminuir por100.0%	; --%	;0	; --%	; --%	;0	; --%	; --%	;
462	;06/20 05:00 - 06:00	;0	; --%	; --%	;1	; --%	; --%	;0	; --%	; --%	;0	; --%	;Disminuir por100.0%	;0	; --%	; --%	;0	;Disminuir por100.0%	; --%	;0	; --%	; --%	;0	; --%	; --%	;
463	;06/20 06:00 - 07:00	;0	; --%	; --%	;0	; --%	;Disminuir por100.0%	;0	; --%	; --%	;0	; --%	; --%	;0	; --%	; --%	;0	; --%	; --%	;0	; --%	; --%	;0	; --%	; --%	;
464	;06/20 07:00 - 08:00	;0	; --%	; --%	;0	; --%	;Disminuir por100.0%	;0	; --%	;Disminuir por100.0%	;0	;Disminuir por100.0%	;Disminuir por100.0%	;0	; --%	;Disminuir por100.0%	;2	;Sin cambios	;Disminuir por71.4%	;0	; --%	; --%	;0	; --%	; --%	;
465	;06/20 08:00 - 09:00	;0	; --%	; --%	;0	; --%	; --%	;0	; --%	;Disminuir por100.0%	;5	;Disminuir por16.7%	;Disminuir por37.5%	;0	;Disminuir por100.0%	; --%	;4	;Disminuir por60.0%	;Disminuir por50.0%	;0	;Disminuir por100.0%	;Disminuir por100.0%	;1	;Disminuir por75.0%	;Disminuir por97.1%	;
466	;06/20 09:00 - 10:00	;0	; --%	;Disminuir por100.0%	;0	; --%	;Disminuir por100.0%	;0	;Disminuir por100.0%	; --%	;4	;Disminuir por50.0%	;Disminuir por55.6%	;1	; --%	; --%	;8	;Sin cambios	;Disminuir por11.1%	;0	;Disminuir por100.0%	;Disminuir por100.0%	;0	;Disminuir por100.0%	;Disminuir por100.0%	;
467	;06/20 10:00 - 11:00	;1	; --%	; --%	;3	; --%	;Sin cambios	;0	;Disminuir por100.0%	;Disminuir por100.0%	;5	;Sin cambios	;Disminuir por64.3%	;1	; --%	;Disminuir por75.0%	;9	;Disminuir por50.0%	;Disminuir por52.6%	;0	;Disminuir por100.0%	; --%	;0	;Disminuir por100.0%	;Disminuir por100.0%	;
468	;06/20 11:00 - 12:00	;0	; --%	; --%	;0	; --%	;Disminuir por100.0%	;1	; --%	;Disminuir por50.0%	;4	;Disminuir por50.0%	;Disminuir por42.9%	;1	;Disminuir por66.7%	;Disminuir por50.0%	;12	;Disminuir por36.8%	;Disminuir por40.0%	;0	; --%	;Disminuir por100.0%	;0	;Disminuir por100.0%	;Disminuir por100.0%	;
469	;06/20 12:00 - 13:00	;0	; --%	; --%	;0	;Disminuir por100.0%	; --%	;1	; --%	;Disminuir por75.0%	;1	;Disminuir por83.3%	;Disminuir por87.5%	;0	;Disminuir por100.0%	;Disminuir por100.0%	;10	;Disminuir por50.0%	;Disminuir por41.2%	;0	; --%	; --%	;0	;Disminuir por100.0%	;Disminuir por100.0%	;
470	;06/20 13:00 - 14:00	;2	; --%	; --%	;3	; --%	; --%	;0	; --%	; --%	;2	;Disminuir por33.3%	;Disminuir por50.0%	;1	;Disminuir por50.0%	;Disminuir por50.0%	;5	;Disminuir por58.3%	;Disminuir por66.7%	;0	; --%	; --%	;2	; --%	; --%	;
471	;06/20 14:00 - 15:00	;0	; --%	; --%	;2	; --%	;Aumentar por100.0%	;1	;Disminuir por50.0%	; --%	;1	;Disminuir por80.0%	;Disminuir por50.0%	;0	; --%	; --%	;7	;Disminuir por30.0%	;Sin cambios	;0	; --%	; --%	;0	; --%	;Disminuir por100.0%	;
472	;06/20 15:00 - 16:00	;0	; --%	; --%	;0	; --%	;Disminuir por100.0%	;0	; --%	;Disminuir por100.0%	;0	;Disminuir por100.0%	;Disminuir por100.0%	;0	;Disminuir por100.0%	; --%	;6	;Disminuir por45.5%	;Disminuir por14.3%	;0	; --%	; --%	;1	;Disminuir por66.7%	; --%	;
473	;06/20 16:00 - 17:00	;0	; --%	; --%	;1	; --%	;Sin cambios	;0	; --%	;Disminuir por100.0%	;2	;Disminuir por66.7%	;Disminuir por60.0%	;0	; --%	; --%	;5	;Sin cambios	;Disminuir por16.7%	;0	; --%	; --%	;0	; --%	;Disminuir por100.0%	;
474	;06/20 17:00 - 18:00	;0	; --%	; --%	;0	; --%	; --%	;0	; --%	; --%	;0	;Disminuir por100.0%	;Disminuir por100.0%	;0	; --%	;Disminuir por100.0%	;8	;Disminuir por20.0%	;Sin cambios	;0	; --%	; --%	;1	;Sin cambios	; --%	;
475	;06/20 18:00 - 19:00	;0	; --%	; --%	;1	;Sin cambios	; --%	;0	; --%	; --%	;0	;Disminuir por100.0%	;Disminuir por100.0%	;0	;Disminuir por100.0%	; --%	;4	;Disminuir por60.0%	;Disminuir por69.2%	;0	; --%	;Disminuir por100.0%	;0	; --%	;Disminuir por100.0%	;
476	;06/20 19:00 - 20:00	;0	; --%	; --%	;0	;Disminuir por100.0%	; --%	;0	; --%	; --%	;0	;Disminuir por100.0%	;Disminuir por100.0%	;2	; --%	; --%	;2	;Disminuir por50.0%	;Disminuir por60.0%	;0	; --%	; --%	;0	;Disminuir por100.0%	; --%	;
477	;06/20 20:00 - 21:00	;0	; --%	; --%	;0	;Disminuir por100.0%	;Disminuir por100.0%	;0	; --%	; --%	;0	; --%	;Disminuir por100.0%	;1	;Disminuir por50.0%	; --%	;2	;Disminuir por75.0%	;Disminuir por50.0%	;0	; --%	; --%	;0	; --%	; --%	;
478	;06/20 21:00 - 22:00	;0	; --%	; --%	;0	; --%	; --%	;0	; --%	; --%	;0	;Disminuir por100.0%	; --%	;2	; --%	;Sin cambios	;3	;Disminuir por40.0%	;Disminuir por50.0%	;0	; --%	; --%	;1	; --%	; --%	;
479	;06/20 22:00 - 23:00	;0	; --%	; --%	;1	;Disminuir por66.7%	;Disminuir por50.0%	;0	; --%	; --%	;0	; --%	; --%	;0	; --%	; --%	;1	;Disminuir por66.7%	; --%	;0	; --%	; --%	;0	; --%	; --%	;
480	;06/20 23:00 - 24:00	;0	; --%	; --%	;1	;Disminuir por66.7%	; --%	;0	; --%	; --%	;0	; --%	; --%	;0	; --%	; --%	;2	; --%	;Sin cambios	;0	; --%	; --%	;1	; --%	; --%	;
481	;06/21 00:00 - 01:00	;0	; --%	; --%	;2	;Sin cambios	;Aumentar por100.0%	;0	; --%	; --%	;0	; --%	; --%	;0	; --%	; --%	;1	;Disminuir por66.7%	;Disminuir por66.7%	;0	; --%	; --%	;0	; --%	; --%	;
482	;06/21 01:00 - 02:00	;0	; --%	; --%	;1	; --%	;Sin cambios	;0	; --%	; --%	;0	; --%	;Disminuir por100.0%	;0	; --%	; --%	;1	; --%	;Disminuir por75.0%	;0	; --%	; --%	;0	; --%	; --%	;
483	;06/21 02:00 - 03:00	;0	; --%	; --%	;1	; --%	;Sin cambios	;0	; --%	; --%	;0	; --%	; --%	;0	; --%	;Disminuir por100.0%	;1	; --%	;Disminuir por66.7%	;0	; --%	; --%	;0	; --%	; --%	;
484	;06/21 03:00 - 04:00	;0	; --%	; --%	;1	;Sin cambios	; --%	;0	; --%	; --%	;0	; --%	; --%	;2	; --%	; --%	;3	; --%	; --%	;0	; --%	; --%	;0	; --%	; --%	;
485	;06/21 04:00 - 05:00	;0	; --%	; --%	;0	; --%	; --%	;0	; --%	; --%	;0	; --%	; --%	;0	; --%	;Disminuir por100.0%	;0	;Disminuir por100.0%	;Disminuir por100.0%	;0	; --%	; --%	;0	; --%	; --%	;
486	;06/21 05:00 - 06:00	;0	; --%	; --%	;0	; --%	; --%	;0	; --%	; --%	;0	; --%	; --%	;1	; --%	; --%	;2	; --%	;Aumentar por100.0%	;0	; --%	; --%	;0	; --%	; --%	;
487	;06/21 06:00 - 07:00	;0	; --%	; --%	;0	; --%	; --%	;0	; --%	; --%	;0	; --%	; --%	;0	; --%	; --%	;0	; --%	;Disminuir por100.0%	;0	; --%	; --%	;0	; --%	; --%	;
488	;06/21 07:00 - 08:00	;0	; --%	; --%	;0	; --%	; --%	;0	; --%	; --%	;0	;Disminuir por100.0%	; --%	;0	; --%	; --%	;2	; --%	;Sin cambios	;0	; --%	; --%	;0	; --%	; --%	;
489	;06/21 08:00 - 09:00	;0	; --%	; --%	;0	; --%	; --%	;0	; --%	;Disminuir por100.0%	;1	;Disminuir por75.0%	;Disminuir por90.0%	;0	; --%	;Disminuir por100.0%	;3	;Disminuir por50.0%	;Disminuir por50.0%	;0	; --%	;Disminuir por100.0%	;1	;Disminuir por50.0%	;Disminuir por80.0%	;
490	;06/21 09:00 - 10:00	;0	; --%	; --%	;0	;Disminuir por100.0%	; --%	;0	; --%	;Disminuir por100.0%	;4	;Aumentar por100.0%	;Disminuir por50.0%	;0	; --%	;Disminuir por100.0%	;3	;Disminuir por66.7%	;Disminuir por78.6%	;0	; --%	; --%	;1	; --%	;Disminuir por50.0%	;
491	;06/21 10:00 - 11:00	;0	; --%	; --%	;0	; --%	;Disminuir por100.0%	;0	; --%	;Disminuir por100.0%	;4	;Aumentar por100.0%	;Disminuir por69.2%	;1	;Disminuir por66.7%	;Sin cambios	;13	;Disminuir por18.8%	;Sin cambios	;0	; --%	;Disminuir por100.0%	;0	; --%	; --%	;
492	;06/21 11:00 - 12:00	;0	; --%	; --%	;1	;Sin cambios	; --%	;0	; --%	; --%	;0	;Disminuir por100.0%	;Disminuir por100.0%	;1	; --%	; --%	;9	;Disminuir por18.2%	;Disminuir por40.0%	;0	;Disminuir por100.0%	; --%	;1	;Sin cambios	;Sin cambios	;
493	;06/21 12:00 - 13:00	;0	;Disminuir por100.0%	; --%	;0	;Disminuir por100.0%	; --%	;1	;Sin cambios	; --%	;3	;Disminuir por57.1%	;Aumentar por200.0%	;0	;Disminuir por100.0%	;Disminuir por100.0%	;8	;Disminuir por52.9%	;Disminuir por20.0%	;0	; --%	; --%	;1	;Sin cambios	;Sin cambios	;
494	;06/21 13:00 - 14:00	;0	; --%	; --%	;1	; --%	;Sin cambios	;0	; --%	; --%	;2	;Disminuir por33.3%	;Aumentar por100.0%	;1	;Sin cambios	; --%	;7	;Aumentar por40.0%	;Sin cambios	;0	; --%	; --%	;1	; --%	; --%	;
495	;06/21 14:00 - 15:00	;0	; --%	; --%	;1	; --%	;Sin cambios	;0	; --%	; --%	;2	;Aumentar por100.0%	; --%	;1	;Sin cambios	;Disminuir por50.0%	;3	;Disminuir por57.1%	;Disminuir por70.0%	;0	; --%	; --%	;1	; --%	;Sin cambios	;
496	;06/21 15:00 - 16:00	;0	; --%	; --%	;0	;Disminuir por100.0%	;Disminuir por100.0%	;0	; --%	; --%	;1	;Disminuir por50.0%	;Disminuir por50.0%	;0	; --%	; --%	;1	;Disminuir por80.0%	;Disminuir por91.7%	;0	; --%	; --%	;0	; --%	; --%	;
497	;06/21 16:00 - 17:00	;0	; --%	; --%	;0	;Disminuir por100.0%	; --%	;0	; --%	; --%	;0	; --%	;Disminuir por100.0%	;0	;Disminuir por100.0%	;Disminuir por100.0%	;3	;Disminuir por40.0%	;Disminuir por75.0%	;0	; --%	; --%	;0	;Disminuir por100.0%	; --%	;
498	;06/21 17:00 - 18:00	;0	; --%	; --%	;0	; --%	; --%	;0	; --%	; --%	;0	;Disminuir por100.0%	;Disminuir por100.0%	;1	;Disminuir por66.7%	;Disminuir por75.0%	;9	;Aumentar por28.6%	;Disminuir por55.0%	;1	; --%	; --%	;2	; --%	;Aumentar por100.0%	;
499	;06/21 18:00 - 19:00	;0	; --%	; --%	;0	; --%	; --%	;0	; --%	; --%	;1	; --%	;Sin cambios	;0	; --%	; --%	;7	;Disminuir por12.5%	;Aumentar por40.0%	;0	; --%	; --%	;0	; --%	;Disminuir por100.0%	;
500	;06/21 19:00 - 20:00	;0	; --%	; --%	;0	;Disminuir por100.0%	; --%	;0	; --%	; --%	;0	; --%	; --%	;0	;Disminuir por100.0%	; --%	;4	;Disminuir por66.7%	;Disminuir por20.0%	;0	; --%	; --%	;1	; --%	; --%	;
501	;06/21 20:00 - 21:00	;0	; --%	; --%	;0	;Disminuir por100.0%	; --%	;0	; --%	; --%	;0	;Disminuir por100.0%	; --%	;0	;Disminuir por100.0%	;Disminuir por100.0%	;1	;Disminuir por88.9%	;Sin cambios	;0	; --%	; --%	;0	; --%	; --%	;
502	;06/21 21:00 - 22:00	;0	; --%	; --%	;0	;Disminuir por100.0%	; --%	;0	; --%	; --%	;0	; --%	; --%	;0	; --%	; --%	;1	;Disminuir por66.7%	; --%	;0	; --%	; --%	;0	;Disminuir por100.0%	; --%	;
503	;06/21 22:00 - 23:00	;0	; --%	; --%	;2	; --%	; --%	;0	; --%	; --%	;0	; --%	; --%	;0	; --%	; --%	;2	;Aumentar por100.0%	;Aumentar por100.0%	;0	; --%	; --%	;0	; --%	; --%	;
504	;06/21 23:00 - 24:00	;0	; --%	; --%	;1	; --%	;Sin cambios	;0	; --%	;Disminuir por100.0%	;0	; --%	;Disminuir por100.0%	;0	; --%	; --%	;2	;Aumentar por100.0%	;Disminuir por33.3%	;0	; --%	; --%	;0	;Disminuir por100.0%	; --%	;
505	;06/22 00:00 - 01:00	;0	; --%	; --%	;1	;Disminuir por50.0%	;Sin cambios	;0	; --%	;Disminuir por100.0%	;0	; --%	;Disminuir por100.0%	;0	; --%	; --%	;2	;Sin cambios	; --%	;0	; --%	; --%	;0	; --%	; --%	;
506	;06/22 01:00 - 02:00	;0	; --%	; --%	;1	; --%	; --%	;0	; --%	; --%	;0	; --%	; --%	;0	; --%	; --%	;5	; --%	;Aumentar por400.0%	;0	; --%	; --%	;0	; --%	; --%	;
507	;06/22 02:00 - 03:00	;0	; --%	; --%	;1	; --%	;Sin cambios	;0	; --%	; --%	;0	; --%	; --%	;2	; --%	; --%	;3	; --%	;Aumentar por50.0%	;0	; --%	; --%	;0	; --%	;Disminuir por100.0%	;
508	;06/22 03:00 - 04:00	;0	; --%	; --%	;0	; --%	; --%	;0	; --%	; --%	;0	; --%	; --%	;0	; --%	; --%	;0	; --%	; --%	;0	; --%	; --%	;0	; --%	; --%	;
509	;06/22 04:00 - 05:00	;0	; --%	; --%	;0	; --%	; --%	;0	; --%	; --%	;0	; --%	; --%	;0	; --%	; --%	;0	;Disminuir por100.0%	;Disminuir por100.0%	;0	; --%	; --%	;0	; --%	; --%	;
510	;06/22 05:00 - 06:00	;0	; --%	; --%	;0	; --%	; --%	;0	; --%	; --%	;0	; --%	; --%	;0	; --%	; --%	;0	; --%	; --%	;0	; --%	; --%	;0	;Disminuir por100.0%	; --%	;
511	;06/22 06:00 - 07:00	;0	; --%	; --%	;0	; --%	; --%	;0	; --%	; --%	;0	; --%	; --%	;0	; --%	; --%	;1	; --%	; --%	;0	; --%	; --%	;1	; --%	; --%	;
512	;06/22 07:00 - 08:00	;0	; --%	; --%	;0	; --%	; --%	;0	; --%	; --%	;3	; --%	; --%	;0	; --%	;Disminuir por100.0%	;3	;Aumentar por200.0%	;Disminuir por57.1%	;0	; --%	; --%	;0	; --%	; --%	;
513	;06/22 08:00 - 09:00	;3	; --%	; --%	;5	; --%	; --%	;2	; --%	; --%	;6	;Aumentar por200.0%	;Aumentar por500.0%	;1	; --%	; --%	;9	;Aumentar por800.0%	;Aumentar por125.0%	;1	; --%	;Disminuir por66.7%	;3	; --%	;Disminuir por40.0%	;
514	;06/22 09:00 - 10:00	;0	; --%	; --%	;0	; --%	; --%	;1	; --%	;Disminuir por66.7%	;6	;Aumentar por20.0%	;Aumentar por50.0%	;3	; --%	; --%	;10	;Aumentar por150.0%	;Aumentar por900.0%	;2	; --%	; --%	;4	; --%	; --%	;
515	;06/22 10:00 - 11:00	;0	; --%	; --%	;2	; --%	; --%	;1	; --%	;Sin cambios	;13	;Aumentar por550.0%	; --%	;0	;Disminuir por100.0%	; --%	;12	;Aumentar por9.1%	;Aumentar por1100.0%	;0	; --%	; --%	;0	;Disminuir por100.0%	; --%	;
516	;06/22 11:00 - 12:00	;0	; --%	; --%	;1	; --%	; --%	;0	; --%	; --%	;3	;Disminuir por25.0%	; --%	;3	;Aumentar por50.0%	; --%	;9	;Aumentar por12.5%	; --%	;3	; --%	; --%	;4	; --%	; --%	;
517	;06/22 12:00 - 13:00	;0	; --%	; --%	;0	;Disminuir por100.0%	; --%	;0	; --%	; --%	;3	;Aumentar por50.0%	; --%	;5	;Sin cambios	;Aumentar por400.0%	;14	;Aumentar por75.0%	;Aumentar por180.0%	;1	; --%	; --%	;2	;Aumentar por100.0%	; --%	;
518	;06/22 13:00 - 14:00	;0	; --%	; --%	;0	; --%	; --%	;0	; --%	; --%	;1	; --%	;Disminuir por50.0%	;2	; --%	; --%	;11	;Aumentar por266.7%	; --%	;0	; --%	; --%	;2	; --%	; --%	;
519	;06/22 14:00 - 15:00	;0	; --%	; --%	;0	;Disminuir por100.0%	; --%	;1	; --%	; --%	;4	;Aumentar por300.0%	; --%	;0	; --%	;Disminuir por100.0%	;15	;Aumentar por200.0%	;Aumentar por400.0%	;0	; --%	; --%	;1	;Sin cambios	;Sin cambios	;
520	;06/22 15:00 - 16:00	;1	; --%	; --%	;1	; --%	; --%	;0	; --%	; --%	;1	;Sin cambios	;Sin cambios	;0	;Disminuir por100.0%	; --%	;10	;Aumentar por66.7%	;Aumentar por66.7%	;0	; --%	; --%	;0	; --%	; --%	;
521	;06/22 16:00 - 17:00	;0	; --%	; --%	;0	; --%	; --%	;2	; --%	; --%	;3	; --%	;Aumentar por200.0%	;0	; --%	; --%	;12	;Aumentar por33.3%	;Aumentar por200.0%	;0	; --%	; --%	;0	; --%	; --%	;
522	;06/22 17:00 - 18:00	;0	; --%	; --%	;0	; --%	; --%	;0	; --%	; --%	;0	;Disminuir por100.0%	; --%	;0	;Disminuir por100.0%	; --%	;5	;Disminuir por50.0%	;Disminuir por28.6%	;1	; --%	; --%	;2	; --%	;Aumentar por100.0%	;
523	;06/22 18:00 - 19:00	;0	; --%	; --%	;0	; --%	; --%	;0	; --%	; --%	;1	; --%	; --%	;1	;Disminuir por66.7%	;Disminuir por50.0%	;5	;Disminuir por37.5%	;Sin cambios	;0	; --%	; --%	;0	; --%	; --%	;
524	;06/22 19:00 - 20:00	;0	; --%	; --%	;0	;Disminuir por100.0%	;Disminuir por100.0%	;0	; --%	; --%	;0	; --%	; --%	;1	; --%	; --%	;8	;Sin cambios	; --%	;0	; --%	; --%	;0	; --%	; --%	;
525	;06/22 20:00 - 21:00	;0	; --%	; --%	;0	; --%	;Disminuir por100.0%	;0	; --%	; --%	;0	; --%	; --%	;0	; --%	; --%	;3	;Disminuir por25.0%	;Aumentar por50.0%	;0	; --%	; --%	;1	; --%	; --%	;
526	;06/22 21:00 - 22:00	;0	; --%	; --%	;0	;Disminuir por100.0%	;Disminuir por100.0%	;0	; --%	; --%	;1	; --%	; --%	;0	; --%	; --%	;6	;Aumentar por100.0%	; --%	;0	; --%	; --%	;0	; --%	; --%	;
527	;06/22 22:00 - 23:00	;0	; --%	; --%	;1	; --%	;Sin cambios	;0	; --%	; --%	;0	;Disminuir por100.0%	; --%	;0	; --%	;Disminuir por100.0%	;1	;Sin cambios	;Disminuir por66.7%	;0	; --%	; --%	;0	; --%	; --%	;
528	;06/22 23:00 - 24:00	;0	; --%	; --%	;0	; --%	;Disminuir por100.0%	;0	; --%	; --%	;1	; --%	; --%	;2	; --%	;Sin cambios	;6	;Aumentar por200.0%	;Aumentar por100.0%	;0	; --%	; --%	;0	; --%	; --%	;
529	;06/23 00:00 - 01:00	;0	; --%	; --%	;0	; --%	;Disminuir por100.0%	;0	; --%	; --%	;1	; --%	; --%	;0	; --%	; --%	;1	;Disminuir por50.0%	;Disminuir por50.0%	;0	; --%	; --%	;0	; --%	; --%	;
530	;06/23 01:00 - 02:00	;0	; --%	; --%	;0	; --%	; --%	;0	; --%	; --%	;0	; --%	; --%	;0	; --%	; --%	;2	; --%	; --%	;0	; --%	; --%	;0	; --%	; --%	;
531	;06/23 02:00 - 03:00	;0	; --%	; --%	;0	; --%	; --%	;0	; --%	; --%	;0	; --%	; --%	;2	; --%	; --%	;4	; --%	; --%	;0	; --%	; --%	;0	; --%	; --%	;
532	;06/23 03:00 - 04:00	;0	; --%	; --%	;0	; --%	; --%	;0	; --%	; --%	;0	; --%	; --%	;0	; --%	; --%	;0	; --%	; --%	;0	; --%	; --%	;0	; --%	; --%	;
533	;06/23 04:00 - 05:00	;0	; --%	; --%	;0	; --%	; --%	;0	; --%	; --%	;0	; --%	; --%	;0	; --%	; --%	;0	; --%	; --%	;0	; --%	; --%	;0	; --%	; --%	;
534	;06/23 05:00 - 06:00	;0	; --%	; --%	;1	; --%	;Sin cambios	;0	; --%	; --%	;0	; --%	; --%	;0	; --%	; --%	;0	; --%	; --%	;0	; --%	; --%	;0	; --%	; --%	;
535	;06/23 06:00 - 07:00	;0	; --%	; --%	;0	; --%	;Disminuir por100.0%	;0	; --%	; --%	;0	; --%	;Disminuir por100.0%	;0	; --%	; --%	;0	;Disminuir por100.0%	;Disminuir por100.0%	;0	; --%	; --%	;0	; --%	; --%	;
536	;06/23 07:00 - 08:00	;0	; --%	;Disminuir por100.0%	;0	; --%	;Disminuir por100.0%	;0	; --%	; --%	;2	;Aumentar por100.0%	; --%	;2	; --%	;Aumentar por100.0%	;9	;Aumentar por200.0%	;Aumentar por125.0%	;0	; --%	; --%	;0	; --%	; --%	;
537	;06/23 08:00 - 09:00	;1	; --%	; --%	;1	; --%	; --%	;0	;Disminuir por100.0%	;Disminuir por100.0%	;4	;Disminuir por42.9%	;Disminuir por33.3%	;0	; --%	; --%	;7	;Disminuir por53.3%	;Disminuir por36.4%	;1	; --%	; --%	;5	;Aumentar por400.0%	;Aumentar por66.7%	;
538	;06/23 09:00 - 10:00	;0	; --%	; --%	;2	; --%	;Aumentar por100.0%	;0	; --%	; --%	;5	;Aumentar por400.0%	;Disminuir por37.5%	;2	;Sin cambios	;Sin cambios	;8	;Disminuir por61.9%	;Disminuir por38.5%	;2	; --%	; --%	;2	; --%	;Aumentar por100.0%	;
539	;06/23 10:00 - 11:00	;0	; --%	; --%	;1	; --%	;Disminuir por50.0%	;1	; --%	;Sin cambios	;10	;Aumentar por100.0%	;Aumentar por42.9%	;3	;Disminuir por25.0%	;Aumentar por50.0%	;20	;Aumentar por5.3%	;Aumentar por11.1%	;3	; --%	; --%	;8	;Aumentar por700.0%	; --%	;
540	;06/23 11:00 - 12:00	;0	; --%	;Disminuir por100.0%	;1	; --%	;Disminuir por50.0%	;5	;Aumentar por150.0%	; --%	;9	;Aumentar por28.6%	;Disminuir por10.0%	;3	;Aumentar por200.0%	; --%	;13	;Disminuir por23.5%	;Disminuir por31.6%	;2	; --%	;Sin cambios	;7	;Aumentar por250.0%	;Aumentar por40.0%	;
541	;06/23 12:00 - 13:00	;0	; --%	; --%	;0	;Disminuir por100.0%	; --%	;0	; --%	;Disminuir por100.0%	;3	;Sin cambios	;Disminuir por40.0%	;0	;Disminuir por100.0%	;Disminuir por100.0%	;13	;Disminuir por48.0%	;Disminuir por27.8%	;0	; --%	; --%	;1	;Sin cambios	;Disminuir por50.0%	;
542	;06/23 13:00 - 14:00	;0	; --%	; --%	;0	; --%	; --%	;2	; --%	; --%	;6	;Aumentar por100.0%	;Aumentar por100.0%	;0	;Disminuir por100.0%	;Disminuir por100.0%	;8	;Disminuir por46.7%	;Disminuir por60.0%	;0	; --%	; --%	;0	; --%	; --%	;
543	;06/23 14:00 - 15:00	;0	; --%	; --%	;0	; --%	; --%	;1	; --%	; --%	;1	;Disminuir por83.3%	;Sin cambios	;4	;Aumentar por100.0%	;Aumentar por100.0%	;17	;Aumentar por13.3%	;Aumentar por70.0%	;0	; --%	; --%	;1	;Sin cambios	;Sin cambios	;
544	;06/23 15:00 - 16:00	;0	; --%	; --%	;2	; --%	; --%	;0	; --%	; --%	;4	;Aumentar por300.0%	;Aumentar por300.0%	;3	;Aumentar por50.0%	;Sin cambios	;10	;Disminuir por9.1%	;Sin cambios	;0	; --%	; --%	;1	; --%	; --%	;
545	;06/23 16:00 - 17:00	;0	; --%	; --%	;0	; --%	; --%	;0	; --%	; --%	;1	;Disminuir por66.7%	; --%	;1	; --%	;Sin cambios	;12	;Aumentar por71.4%	;Disminuir por7.7%	;0	; --%	;Disminuir por100.0%	;1	;Disminuir por50.0%	;Disminuir por50.0%	;
546	;06/23 17:00 - 18:00	;0	; --%	; --%	;0	; --%	; --%	;0	; --%	; --%	;0	;Disminuir por100.0%	;Disminuir por100.0%	;1	;Disminuir por50.0%	; --%	;14	;Aumentar por55.6%	;Aumentar por250.0%	;0	; --%	; --%	;0	; --%	;Disminuir por100.0%	;
547	;06/23 18:00 - 19:00	;0	; --%	; --%	;0	; --%	; --%	;0	; --%	; --%	;0	;Disminuir por100.0%	;Disminuir por100.0%	;0	; --%	; --%	;4	;Disminuir por66.7%	;Aumentar por100.0%	;0	; --%	; --%	;2	; --%	;Aumentar por100.0%	;
548	;06/23 19:00 - 20:00	;0	; --%	; --%	;0	;Disminuir por100.0%	; --%	;0	; --%	; --%	;2	;Aumentar por100.0%	;Aumentar por100.0%	;2	;Sin cambios	;Aumentar por100.0%	;10	;Sin cambios	;Aumentar por233.3%	;0	; --%	; --%	;0	; --%	; --%	;
549	;06/23 20:00 - 21:00	;0	; --%	; --%	;0	;Disminuir por100.0%	; --%	;0	; --%	; --%	;0	;Disminuir por100.0%	; --%	;2	; --%	; --%	;5	;Sin cambios	;Aumentar por400.0%	;0	; --%	; --%	;0	; --%	; --%	;
550	;06/23 21:00 - 22:00	;0	; --%	; --%	;0	; --%	; --%	;0	; --%	; --%	;1	;Sin cambios	; --%	;0	; --%	; --%	;0	;Disminuir por100.0%	;Disminuir por100.0%	;0	; --%	; --%	;0	; --%	; --%	;
551	;06/23 22:00 - 23:00	;0	; --%	; --%	;0	; --%	;Disminuir por100.0%	;0	; --%	; --%	;0	; --%	; --%	;0	; --%	; --%	;2	;Aumentar por100.0%	;Aumentar por100.0%	;0	; --%	; --%	;0	; --%	; --%	;
552	;06/23 23:00 - 24:00	;0	; --%	; --%	;2	;Aumentar por100.0%	; --%	;0	; --%	; --%	;0	; --%	; --%	;0	; --%	; --%	;1	; --%	;Disminuir por50.0%	;0	; --%	; --%	;0	; --%	; --%	;
553	;06/24 00:00 - 01:00	;0	; --%	; --%	;1	; --%	;Sin cambios	;0	; --%	; --%	;0	; --%	; --%	;0	; --%	; --%	;0	; --%	;Disminuir por100.0%	;0	; --%	; --%	;0	; --%	; --%	;
554	;06/24 01:00 - 02:00	;0	; --%	; --%	;1	; --%	;Disminuir por50.0%	;0	; --%	; --%	;0	; --%	; --%	;0	; --%	; --%	;0	; --%	;Disminuir por100.0%	;0	; --%	; --%	;0	; --%	;Disminuir por100.0%	;
555	;06/24 02:00 - 03:00	;0	; --%	; --%	;0	; --%	; --%	;0	; --%	; --%	;0	; --%	; --%	;0	; --%	; --%	;1	; --%	;Sin cambios	;0	; --%	; --%	;0	; --%	; --%	;
556	;06/24 03:00 - 04:00	;0	; --%	; --%	;0	; --%	; --%	;0	; --%	; --%	;0	; --%	; --%	;0	; --%	; --%	;1	;Sin cambios	; --%	;0	; --%	; --%	;0	; --%	; --%	;
557	;06/24 04:00 - 05:00	;0	; --%	; --%	;0	;Disminuir por100.0%	; --%	;0	; --%	; --%	;0	; --%	; --%	;0	; --%	; --%	;1	; --%	;Sin cambios	;0	; --%	; --%	;0	; --%	; --%	;
558	;06/24 05:00 - 06:00	;0	; --%	; --%	;1	; --%	; --%	;0	; --%	; --%	;0	; --%	;Disminuir por100.0%	;0	; --%	; --%	;0	; --%	; --%	;0	; --%	; --%	;0	; --%	; --%	;
559	;06/24 06:00 - 07:00	;0	; --%	; --%	;0	; --%	;Disminuir por100.0%	;0	; --%	; --%	;0	; --%	; --%	;0	; --%	; --%	;0	; --%	;Disminuir por100.0%	;0	; --%	; --%	;1	;Sin cambios	; --%	;
560	;06/24 07:00 - 08:00	;0	; --%	; --%	;0	; --%	; --%	;0	; --%	; --%	;0	; --%	; --%	;0	;Disminuir por100.0%	; --%	;3	;Disminuir por40.0%	;Aumentar por200.0%	;0	; --%	; --%	;1	;Sin cambios	;Sin cambios	;
561	;06/24 08:00 - 09:00	;0	; --%	; --%	;0	; --%	;Disminuir por100.0%	;0	;Disminuir por100.0%	; --%	;4	;Disminuir por20.0%	;Sin cambios	;0	; --%	; --%	;6	;Disminuir por60.0%	;Disminuir por33.3%	;1	; --%	;Sin cambios	;2	;Aumentar por100.0%	;Sin cambios	;
562	;06/24 09:00 - 10:00	;0	; --%	; --%	;0	; --%	;Disminuir por100.0%	;0	; --%	; --%	;6	;Aumentar por50.0%	;Aumentar por100.0%	;0	;Disminuir por100.0%	; --%	;4	;Disminuir por78.9%	;Disminuir por60.0%	;0	;Disminuir por100.0%	; --%	;0	;Disminuir por100.0%	;Disminuir por100.0%	;
563	;06/24 10:00 - 11:00	;0	; --%	; --%	;2	; --%	;Aumentar por100.0%	;0	; --%	; --%	;6	;Disminuir por45.5%	;Disminuir por40.0%	;3	;Aumentar por200.0%	;Aumentar por200.0%	;14	;Disminuir por22.2%	;Aumentar por16.7%	;0	;Disminuir por100.0%	;Disminuir por100.0%	;2	;Disminuir por33.3%	;Disminuir por60.0%	;
564	;06/24 11:00 - 12:00	;0	; --%	; --%	;0	; --%	;Disminuir por100.0%	;1	;Sin cambios	;Disminuir por85.7%	;4	;Disminuir por42.9%	;Disminuir por71.4%	;3	;Aumentar por200.0%	;Aumentar por200.0%	;13	;Disminuir por13.3%	;Disminuir por7.1%	;0	; --%	;Disminuir por100.0%	;0	;Disminuir por100.0%	;Disminuir por100.0%	;
565	;06/24 12:00 - 13:00	;0	; --%	; --%	;0	;Disminuir por100.0%	;Disminuir por100.0%	;0	;Disminuir por100.0%	; --%	;2	;Disminuir por87.5%	;Disminuir por33.3%	;0	; --%	;Disminuir por100.0%	;11	;Disminuir por26.7%	;Disminuir por31.3%	;0	; --%	; --%	;1	;Sin cambios	; --%	;
566	;06/24 13:00 - 14:00	;0	; --%	; --%	;0	; --%	; --%	;0	; --%	;Disminuir por100.0%	;2	;Disminuir por33.3%	;Disminuir por66.7%	;2	;Disminuir por60.0%	;Aumentar por100.0%	;7	;Disminuir por63.2%	;Disminuir por12.5%	;0	; --%	; --%	;1	;Disminuir por50.0%	; --%	;
567	;06/24 14:00 - 15:00	;0	; --%	; --%	;0	; --%	; --%	;0	;Disminuir por100.0%	; --%	;1	;Disminuir por90.9%	;Sin cambios	;0	; --%	; --%	;4	;Disminuir por33.3%	;Disminuir por33.3%	;0	; --%	;Disminuir por100.0%	;0	; --%	;Disminuir por100.0%	;
568	;06/24 15:00 - 16:00	;0	; --%	; --%	;1	; --%	;Sin cambios	;0	; --%	; --%	;0	;Disminuir por100.0%	;Disminuir por100.0%	;0	;Disminuir por100.0%	;Disminuir por100.0%	;1	;Disminuir por91.7%	;Disminuir por80.0%	;0	; --%	; --%	;0	; --%	; --%	;
569	;06/24 16:00 - 17:00	;0	; --%	; --%	;0	; --%	;Disminuir por100.0%	;0	;Disminuir por100.0%	; --%	;1	;Disminuir por90.0%	;Sin cambios	;0	; --%	; --%	;6	;Disminuir por50.0%	;Aumentar por50.0%	;0	; --%	; --%	;0	;Disminuir por100.0%	; --%	;
570	;06/24 17:00 - 18:00	;0	; --%	; --%	;0	;Disminuir por100.0%	; --%	;0	; --%	; --%	;0	;Disminuir por100.0%	;Disminuir por100.0%	;0	;Disminuir por100.0%	;Disminuir por100.0%	;6	;Disminuir por40.0%	;Disminuir por53.8%	;1	; --%	; --%	;2	;Aumentar por100.0%	;Aumentar por100.0%	;
571	;06/24 18:00 - 19:00	;0	; --%	; --%	;0	; --%	; --%	;0	; --%	; --%	;0	; --%	;Disminuir por100.0%	;2	;Sin cambios	;Aumentar por100.0%	;7	;Disminuir por30.0%	;Aumentar por16.7%	;0	; --%	; --%	;0	; --%	;Disminuir por100.0%	;
572	;06/24 19:00 - 20:00	;0	; --%	; --%	;0	;Disminuir por100.0%	; --%	;0	; --%	; --%	;2	; --%	; --%	;0	;Disminuir por100.0%	;Disminuir por100.0%	;2	;Disminuir por87.5%	;Disminuir por33.3%	;0	; --%	; --%	;1	; --%	; --%	;
573	;06/24 20:00 - 21:00	;0	; --%	; --%	;0	;Disminuir por100.0%	; --%	;0	; --%	; --%	;0	; --%	; --%	;0	;Disminuir por100.0%	;Disminuir por100.0%	;3	;Disminuir por70.0%	;Disminuir por25.0%	;0	; --%	; --%	;1	;Sin cambios	;Sin cambios	;
574	;06/24 21:00 - 22:00	;0	; --%	; --%	;0	;Disminuir por100.0%	;Disminuir por100.0%	;0	; --%	; --%	;1	; --%	;Sin cambios	;3	;Aumentar por200.0%	;Aumentar por200.0%	;5	;Disminuir por37.5%	;Sin cambios	;0	; --%	; --%	;0	; --%	;Disminuir por100.0%	;
575	;06/24 22:00 - 23:00	;0	; --%	; --%	;2	;Sin cambios	;Aumentar por100.0%	;0	; --%	; --%	;1	; --%	; --%	;0	; --%	; --%	;4	;Aumentar por33.3%	;Aumentar por100.0%	;0	; --%	; --%	;0	; --%	; --%	;
576	;06/24 23:00 - 24:00	;0	; --%	; --%	;2	;Sin cambios	; --%	;0	; --%	; --%	;0	; --%	; --%	;0	; --%	; --%	;4	;Aumentar por300.0%	;Aumentar por300.0%	;0	; --%	; --%	;0	; --%	; --%	;
577	;06/25 00:00 - 01:00	;0	; --%	; --%	;1	; --%	;Disminuir por50.0%	;0	; --%	; --%	;0	; --%	; --%	;1	; --%	; --%	;11	; --%	; --%	;0	; --%	; --%	;0	; --%	; --%	;
578	;06/25 01:00 - 02:00	;0	; --%	; --%	;0	; --%	; --%	;0	; --%	; --%	;1	; --%	; --%	;0	; --%	; --%	;0	; --%	;Disminuir por100.0%	;0	; --%	; --%	;0	; --%	; --%	;
579	;06/25 02:00 - 03:00	;0	; --%	; --%	;1	; --%	;Sin cambios	;0	; --%	; --%	;0	; --%	; --%	;1	; --%	; --%	;2	; --%	; --%	;0	; --%	; --%	;0	; --%	; --%	;
580	;06/25 03:00 - 04:00	;0	; --%	; --%	;0	; --%	; --%	;0	; --%	; --%	;0	; --%	; --%	;0	; --%	; --%	;2	; --%	;Aumentar por100.0%	;0	; --%	; --%	;0	; --%	; --%	;
581	;06/25 04:00 - 05:00	;0	; --%	; --%	;0	; --%	; --%	;0	; --%	; --%	;0	; --%	; --%	;0	; --%	; --%	;0	; --%	;Disminuir por100.0%	;0	; --%	; --%	;0	; --%	; --%	;
582	;06/25 05:00 - 06:00	;0	; --%	; --%	;0	; --%	; --%	;0	; --%	; --%	;0	; --%	; --%	;0	; --%	; --%	;0	; --%	;Disminuir por100.0%	;0	; --%	; --%	;0	; --%	; --%	;
583	;06/25 06:00 - 07:00	;0	; --%	; --%	;0	; --%	;Disminuir por100.0%	;0	; --%	; --%	;1	; --%	;Sin cambios	;0	; --%	; --%	;0	; --%	;Disminuir por100.0%	;0	; --%	; --%	;0	; --%	; --%	;
584	;06/25 07:00 - 08:00	;0	; --%	; --%	;0	; --%	; --%	;0	; --%	; --%	;4	; --%	;Aumentar por300.0%	;2	; --%	;Sin cambios	;4	; --%	;Sin cambios	;0	; --%	; --%	;0	; --%	; --%	;
585	;06/25 08:00 - 09:00	;1	; --%	; --%	;1	; --%	; --%	;0	; --%	; --%	;8	; --%	;Aumentar por60.0%	;0	; --%	;Disminuir por100.0%	;14	; --%	;Sin cambios	;1	; --%	; --%	;2	; --%	;Sin cambios	;
586	;06/25 09:00 - 10:00	;0	; --%	; --%	;1	; --%	;Sin cambios	;0	; --%	; --%	;3	; --%	;Disminuir por57.1%	;2	; --%	;Sin cambios	;10	; --%	;Sin cambios	;1	; --%	; --%	;3	; --%	;Aumentar por50.0%	;
587	;06/25 10:00 - 11:00	;2	; --%	; --%	;3	; --%	; --%	;3	; --%	;Aumentar por50.0%	;10	; --%	;Aumentar por11.1%	;1	; --%	;Sin cambios	;16	; --%	;Aumentar por6.7%	;2	; --%	;Aumentar por100.0%	;7	; --%	;Aumentar por250.0%	;
588	;06/25 11:00 - 12:00	;0	; --%	; --%	;0	; --%	;Disminuir por100.0%	;2	; --%	; --%	;8	; --%	;Aumentar por60.0%	;5	; --%	;Aumentar por25.0%	;17	; --%	;Sin cambios	;0	; --%	; --%	;2	; --%	;Aumentar por100.0%	;
589	;06/25 12:00 - 13:00	;0	; --%	; --%	;1	; --%	; --%	;1	; --%	; --%	;3	; --%	;Aumentar por200.0%	;4	; --%	; --%	;19	; --%	;Aumentar por216.7%	;2	; --%	; --%	;5	; --%	;Aumentar por400.0%	;
590	;06/25 13:00 - 14:00	;0	; --%	; --%	;0	; --%	;Disminuir por100.0%	;2	; --%	;Aumentar por100.0%	;6	;Aumentar por200.0%	;Aumentar por50.0%	;3	; --%	;Disminuir por25.0%	;17	;Aumentar por750.0%	;Aumentar por6.3%	;0	; --%	; --%	;0	; --%	; --%	;
591	;06/25 14:00 - 15:00	;0	; --%	; --%	;0	; --%	;Disminuir por100.0%	;1	; --%	; --%	;6	;Aumentar por200.0%	;Aumentar por500.0%	;1	; --%	; --%	;10	;Aumentar por150.0%	;Aumentar por42.9%	;0	; --%	; --%	;0	;Disminuir por100.0%	;Disminuir por100.0%	;
592	;06/25 15:00 - 16:00	;0	; --%	; --%	;0	;Disminuir por100.0%	; --%	;0	; --%	; --%	;1	;Sin cambios	;Disminuir por75.0%	;2	;Aumentar por100.0%	;Disminuir por33.3%	;9	;Disminuir por10.0%	;Aumentar por28.6%	;0	; --%	; --%	;0	;Disminuir por100.0%	; --%	;
593	;06/25 16:00 - 17:00	;0	; --%	; --%	;1	; --%	; --%	;0	; --%	;Disminuir por100.0%	;1	;Disminuir por50.0%	;Disminuir por80.0%	;0	;Disminuir por100.0%	;Disminuir por100.0%	;6	;Disminuir por25.0%	;Disminuir por45.5%	;0	; --%	; --%	;2	;Sin cambios	;Aumentar por100.0%	;
594	;06/25 17:00 - 18:00	;0	; --%	;Disminuir por100.0%	;0	;Disminuir por100.0%	;Disminuir por100.0%	;0	;Disminuir por100.0%	; --%	;2	;Disminuir por75.0%	; --%	;0	; --%	; --%	;7	;Aumentar por16.7%	;Aumentar por75.0%	;1	; --%	; --%	;3	;Sin cambios	;Aumentar por50.0%	;
595	;06/25 18:00 - 19:00	;0	; --%	; --%	;0	;Disminuir por100.0%	; --%	;0	; --%	; --%	;0	;Disminuir por100.0%	; --%	;0	;Disminuir por100.0%	; --%	;15	;Sin cambios	;Aumentar por50.0%	;0	; --%	; --%	;0	; --%	;Disminuir por100.0%	;
596	;06/25 19:00 - 20:00	;0	; --%	; --%	;0	;Disminuir por100.0%	; --%	;0	; --%	; --%	;1	;Sin cambios	;Sin cambios	;2	;Aumentar por100.0%	;Aumentar por100.0%	;7	;Disminuir por41.7%	;Aumentar por75.0%	;0	; --%	; --%	;1	; --%	; --%	;
597	;06/25 20:00 - 21:00	;0	; --%	; --%	;0	;Disminuir por100.0%	; --%	;0	; --%	; --%	;1	; --%	; --%	;0	; --%	;Disminuir por100.0%	;2	;Disminuir por75.0%	;Sin cambios	;0	; --%	; --%	;0	; --%	; --%	;
598	;06/25 21:00 - 22:00	;0	; --%	; --%	;0	;Disminuir por100.0%	; --%	;0	; --%	; --%	;1	; --%	; --%	;0	; --%	; --%	;1	;Disminuir por80.0%	; --%	;0	; --%	; --%	;0	; --%	; --%	;
599	;06/25 22:00 - 23:00	;0	; --%	; --%	;0	;Disminuir por100.0%	; --%	;0	; --%	; --%	;0	; --%	; --%	;0	; --%	; --%	;1	;Disminuir por75.0%	; --%	;0	; --%	; --%	;0	; --%	; --%	;
600	;06/25 23:00 - 24:00	;0	; --%	; --%	;3	;Aumentar por200.0%	; --%	;0	; --%	; --%	;0	; --%	; --%	;0	; --%	; --%	;1	;Disminuir por66.7%	; --%	;0	; --%	; --%	;0	; --%	; --%	;
601	;06/26 00:00 - 01:00	;0	; --%	; --%	;1	; --%	; --%	;0	; --%	; --%	;0	; --%	; --%	;0	; --%	; --%	;1	; --%	; --%	;0	; --%	; --%	;0	; --%	; --%	;
602	;06/26 01:00 - 02:00	;0	; --%	; --%	;2	; --%	; --%	;0	; --%	; --%	;0	; --%	; --%	;0	; --%	; --%	;1	; --%	; --%	;0	; --%	; --%	;0	; --%	; --%	;
603	;06/26 02:00 - 03:00	;0	; --%	; --%	;0	; --%	; --%	;0	; --%	; --%	;0	; --%	; --%	;3	; --%	; --%	;5	; --%	; --%	;0	; --%	; --%	;0	; --%	; --%	;
604	;06/26 03:00 - 04:00	;0	; --%	; --%	;1	; --%	; --%	;0	; --%	; --%	;0	; --%	; --%	;0	; --%	; --%	;1	; --%	; --%	;0	; --%	; --%	;0	; --%	; --%	;
605	;06/26 04:00 - 05:00	;0	; --%	; --%	;0	; --%	; --%	;0	; --%	; --%	;0	; --%	; --%	;0	; --%	; --%	;2	; --%	; --%	;0	; --%	; --%	;0	; --%	; --%	;
606	;06/26 05:00 - 06:00	;0	; --%	; --%	;0	; --%	; --%	;0	; --%	; --%	;0	; --%	; --%	;0	; --%	; --%	;0	; --%	; --%	;0	; --%	; --%	;0	; --%	; --%	;
607	;06/26 06:00 - 07:00	;0	; --%	; --%	;0	; --%	; --%	;0	; --%	; --%	;0	; --%	; --%	;0	; --%	; --%	;0	; --%	; --%	;0	; --%	; --%	;0	; --%	; --%	;
608	;06/26 07:00 - 08:00	;0	; --%	; --%	;0	; --%	; --%	;1	; --%	; --%	;4	;Disminuir por33.3%	; --%	;2	; --%	; --%	;9	;Aumentar por125.0%	; --%	;0	; --%	; --%	;0	; --%	; --%	;
609	;06/26 08:00 - 09:00	;0	; --%	; --%	;1	; --%	; --%	;4	;Aumentar por100.0%	; --%	;16	;Aumentar por166.7%	; --%	;0	; --%	; --%	;9	;Disminuir por47.1%	; --%	;4	; --%	; --%	;10	; --%	; --%	;
610	;06/26 09:00 - 10:00	;0	; --%	; --%	;0	; --%	; --%	;1	; --%	; --%	;8	;Aumentar por700.0%	; --%	;1	; --%	; --%	;5	;Disminuir por16.7%	; --%	;2	;Sin cambios	; --%	;6	;Aumentar por50.0%	; --%	;
611	;06/26 10:00 - 11:00	;0	; --%	; --%	;2	; --%	; --%	;3	;Aumentar por50.0%	; --%	;15	;Aumentar por36.4%	; --%	;3	;Aumentar por200.0%	; --%	;24	;Aumentar por26.3%	; --%	;2	;Aumentar por100.0%	; --%	;7	;Aumentar por75.0%	; --%	;
612	;06/26 11:00 - 12:00	;0	; --%	; --%	;2	;Aumentar por100.0%	; --%	;0	;Disminuir por100.0%	; --%	;5	;Disminuir por54.5%	; --%	;4	;Aumentar por100.0%	; --%	;16	;Disminuir por33.3%	; --%	;0	; --%	; --%	;2	;Aumentar por100.0%	; --%	;
613	;06/26 12:00 - 13:00	;0	; --%	; --%	;5	;Aumentar por400.0%	; --%	;2	; --%	; --%	;7	;Aumentar por133.3%	; --%	;0	; --%	; --%	;14	;Aumentar por250.0%	; --%	;0	; --%	; --%	;2	;Disminuir por33.3%	; --%	;
614	;06/26 13:00 - 14:00	;0	; --%	; --%	;1	;Sin cambios	; --%	;2	; --%	; --%	;3	;Sin cambios	; --%	;6	;Aumentar por20.0%	; --%	;18	;Sin cambios	; --%	;0	; --%	; --%	;2	; --%	; --%	;
615	;06/26 14:00 - 15:00	;0	; --%	; --%	;0	;Disminuir por100.0%	; --%	;1	;Disminuir por80.0%	; --%	;5	;Disminuir por58.3%	; --%	;0	; --%	; --%	;5	;Disminuir por37.5%	; --%	;0	; --%	; --%	;0	; --%	; --%	;
616	;06/26 15:00 - 16:00	;0	; --%	; --%	;2	; --%	; --%	;2	; --%	; --%	;4	;Aumentar por33.3%	; --%	;0	;Disminuir por100.0%	; --%	;8	;Disminuir por60.0%	; --%	;0	; --%	; --%	;0	;Disminuir por100.0%	; --%	;
617	;06/26 16:00 - 17:00	;0	; --%	; --%	;0	; --%	; --%	;0	; --%	; --%	;1	;Sin cambios	; --%	;3	; --%	; --%	;17	;Aumentar por88.9%	; --%	;0	; --%	; --%	;0	; --%	; --%	;
618	;06/26 17:00 - 18:00	;0	; --%	; --%	;0	; --%	; --%	;0	; --%	; --%	;2	; --%	; --%	;0	;Disminuir por100.0%	; --%	;10	;Disminuir por37.5%	; --%	;0	; --%	; --%	;0	;Disminuir por100.0%	; --%	;
619	;06/26 18:00 - 19:00	;0	; --%	; --%	;0	; --%	; --%	;0	; --%	; --%	;2	;Disminuir por33.3%	; --%	;2	; --%	; --%	;8	;Disminuir por42.9%	; --%	;1	; --%	; --%	;3	;Aumentar por50.0%	; --%	;
620	;06/26 19:00 - 20:00	;0	; --%	; --%	;1	;Disminuir por66.7%	; --%	;0	;Disminuir por100.0%	; --%	;0	;Disminuir por100.0%	; --%	;0	;Disminuir por100.0%	; --%	;7	;Disminuir por41.7%	; --%	;2	; --%	; --%	;3	; --%	; --%	;
621	;06/26 20:00 - 21:00	;0	; --%	; --%	;1	;Disminuir por66.7%	; --%	;1	; --%	; --%	;0	;Disminuir por100.0%	; --%	;0	; --%	; --%	;1	;Disminuir por83.3%	; --%	;0	; --%	; --%	;2	;Aumentar por100.0%	; --%	;
622	;06/26 21:00 - 22:00	;0	;Disminuir por100.0%	; --%	;0	;Disminuir por100.0%	; --%	;0	; --%	; --%	;1	;Disminuir por50.0%	; --%	;0	; --%	; --%	;0	;Disminuir por100.0%	; --%	;0	; --%	; --%	;0	;Disminuir por100.0%	; --%	;
623	;06/26 22:00 - 23:00	;0	; --%	; --%	;0	;Disminuir por100.0%	; --%	;0	; --%	; --%	;0	;Disminuir por100.0%	; --%	;2	; --%	; --%	;4	;Aumentar por100.0%	; --%	;0	; --%	; --%	;0	; --%	; --%	;
624	;06/26 23:00 - 24:00	;0	; --%	; --%	;2	; --%	; --%	;0	; --%	; --%	;0	; --%	; --%	;0	; --%	; --%	;0	;Disminuir por100.0%	; --%	;0	; --%	; --%	;0	; --%	; --%	;
625	;06/27 00:00 - 01:00	;0	; --%	; --%	;1	; --%	; --%	;0	; --%	; --%	;0	; --%	; --%	;2	; --%	; --%	;4	; --%	; --%	;0	; --%	; --%	;0	; --%	; --%	;
626	;06/27 01:00 - 02:00	;1	; --%	; --%	;5	; --%	; --%	;0	; --%	; --%	;1	; --%	; --%	;0	; --%	; --%	;0	; --%	; --%	;0	; --%	; --%	;0	; --%	; --%	;
627	;06/27 02:00 - 03:00	;0	; --%	; --%	;1	; --%	; --%	;0	; --%	; --%	;0	; --%	; --%	;0	; --%	; --%	;0	; --%	; --%	;0	; --%	; --%	;0	; --%	; --%	;
628	;06/27 03:00 - 04:00	;0	; --%	; --%	;0	; --%	; --%	;0	; --%	; --%	;0	; --%	; --%	;0	; --%	; --%	;0	; --%	; --%	;0	; --%	; --%	;0	; --%	; --%	;
629	;06/27 04:00 - 05:00	;0	; --%	; --%	;0	; --%	; --%	;0	; --%	; --%	;0	; --%	; --%	;3	; --%	; --%	;5	; --%	; --%	;0	; --%	; --%	;0	; --%	; --%	;
630	;06/27 05:00 - 06:00	;0	; --%	; --%	;0	; --%	; --%	;0	; --%	; --%	;0	; --%	; --%	;0	; --%	; --%	;1	; --%	; --%	;0	; --%	; --%	;0	; --%	; --%	;
631	;06/27 06:00 - 07:00	;0	; --%	; --%	;0	; --%	; --%	;0	; --%	; --%	;0	; --%	; --%	;0	; --%	; --%	;1	; --%	; --%	;0	; --%	; --%	;0	; --%	; --%	;
632	;06/27 07:00 - 08:00	;0	; --%	; --%	;0	;Disminuir por100.0%	; --%	;0	; --%	; --%	;0	;Disminuir por100.0%	; --%	;0	; --%	; --%	;2	;Disminuir por33.3%	; --%	;0	;Disminuir por100.0%	; --%	;0	;Disminuir por100.0%	; --%	;
633	;06/27 08:00 - 09:00	;0	; --%	; --%	;0	;Disminuir por100.0%	; --%	;0	; --%	; --%	;3	;Disminuir por25.0%	; --%	;0	;Disminuir por100.0%	; --%	;5	;Disminuir por73.7%	; --%	;0	; --%	; --%	;1	;Disminuir por75.0%	; --%	;
634	;06/27 09:00 - 10:00	;0	; --%	; --%	;2	; --%	; --%	;0	;Disminuir por100.0%	; --%	;3	;Disminuir por57.1%	; --%	;0	;Disminuir por100.0%	; --%	;8	;Disminuir por33.3%	; --%	;3	; --%	; --%	;4	; --%	; --%	;
635	;06/27 10:00 - 11:00	;0	; --%	; --%	;1	; --%	; --%	;1	;Disminuir por66.7%	; --%	;11	;Sin cambios	;Aumentar por83.3%	;1	;Disminuir por75.0%	;Sin cambios	;11	;Disminuir por62.1%	;Aumentar por37.5%	;1	; --%	; --%	;2	;Disminuir por50.0%	;Disminuir por33.3%	;
636	;06/27 11:00 - 12:00	;0	; --%	; --%	;1	; --%	;Disminuir por66.7%	;0	; --%	; --%	;4	;Disminuir por50.0%	;Sin cambios	;2	;Aumentar por100.0%	;Sin cambios	;12	;Disminuir por7.7%	;Disminuir por33.3%	;0	; --%	;Disminuir por100.0%	;1	;Disminuir por80.0%	;Disminuir por66.7%	;
637	;06/27 12:00 - 13:00	;1	; --%	; --%	;2	;Sin cambios	; --%	;0	; --%	; --%	;1	;Disminuir por66.7%	; --%	;0	;Disminuir por100.0%	;Disminuir por100.0%	;10	;Disminuir por56.5%	;Disminuir por41.2%	;0	; --%	; --%	;0	;Disminuir por100.0%	; --%	;
638	;06/27 13:00 - 14:00	;0	; --%	; --%	;0	; --%	; --%	;0	;Disminuir por100.0%	;Disminuir por100.0%	;0	;Disminuir por100.0%	;Disminuir por100.0%	;2	; --%	;Disminuir por50.0%	;8	;Sin cambios	;Disminuir por33.3%	;0	; --%	; --%	;1	; --%	;Sin cambios	;
639	;06/27 14:00 - 15:00	;0	; --%	; --%	;0	; --%	;Disminuir por100.0%	;0	;Disminuir por100.0%	; --%	;3	;Disminuir por40.0%	;Aumentar por200.0%	;4	;Aumentar por300.0%	; --%	;14	;Disminuir por12.5%	;Aumentar por100.0%	;0	; --%	; --%	;0	;Disminuir por100.0%	;Disminuir por100.0%	;
640	;06/27 15:00 - 16:00	;0	; --%	; --%	;1	; --%	;Sin cambios	;0	; --%	; --%	;0	; --%	; --%	;1	;Disminuir por66.7%	;Disminuir por50.0%	;3	;Disminuir por80.0%	;Disminuir por75.0%	;0	; --%	; --%	;0	; --%	;Disminuir por100.0%	;
641	;06/27 16:00 - 17:00	;0	; --%	; --%	;0	; --%	; --%	;0	;Disminuir por100.0%	;Disminuir por100.0%	;1	;Disminuir por75.0%	;Disminuir por50.0%	;0	; --%	; --%	;3	;Disminuir por78.6%	;Aumentar por50.0%	;0	; --%	; --%	;1	;Sin cambios	; --%	;
642	;06/27 17:00 - 18:00	;0	; --%	; --%	;0	; --%	; --%	;0	;Disminuir por100.0%	; --%	;2	;Disminuir por71.4%	; --%	;1	;Sin cambios	;Sin cambios	;8	;Disminuir por20.0%	;Disminuir por27.3%	;1	; --%	; --%	;2	; --%	;Sin cambios	;
643	;06/27 18:00 - 19:00	;0	; --%	; --%	;0	;Disminuir por100.0%	;Disminuir por100.0%	;0	; --%	; --%	;0	;Disminuir por100.0%	; --%	;0	; --%	; --%	;5	;Sin cambios	;Disminuir por28.6%	;0	; --%	; --%	;0	;Disminuir por100.0%	;Disminuir por100.0%	;
644	;06/27 19:00 - 20:00	;0	; --%	; --%	;0	; --%	; --%	;0	; --%	; --%	;0	; --%	;Disminuir por100.0%	;3	; --%	; --%	;5	;Disminuir por37.5%	;Aumentar por66.7%	;0	; --%	; --%	;0	; --%	; --%	;
645	;06/27 20:00 - 21:00	;0	; --%	; --%	;0	;Disminuir por100.0%	; --%	;0	; --%	; --%	;1	;Disminuir por50.0%	;Disminuir por50.0%	;0	; --%	;Disminuir por100.0%	;1	;Disminuir por75.0%	;Sin cambios	;0	; --%	; --%	;0	;Disminuir por100.0%	; --%	;
646	;06/27 21:00 - 22:00	;0	; --%	; --%	;2	;Disminuir por33.3%	;Aumentar por100.0%	;0	; --%	; --%	;0	;Disminuir por100.0%	; --%	;0	; --%	; --%	;1	;Disminuir por80.0%	;Disminuir por50.0%	;0	; --%	; --%	;1	; --%	; --%	;
647	;06/27 22:00 - 23:00	;0	; --%	; --%	;0	;Disminuir por100.0%	;Disminuir por100.0%	;0	; --%	; --%	;1	; --%	; --%	;0	;Disminuir por100.0%	;Disminuir por100.0%	;0	;Disminuir por100.0%	;Disminuir por100.0%	;0	; --%	; --%	;0	; --%	; --%	;
648	;06/27 23:00 - 24:00	;1	; --%	; --%	;3	;Disminuir por25.0%	; --%	;0	; --%	; --%	;0	; --%	; --%	;1	; --%	;Disminuir por50.0%	;3	;Sin cambios	;Disminuir por25.0%	;0	; --%	; --%	;0	; --%	; --%	;
649	;06/28 00:00 - 01:00	;0	; --%	; --%	;2	;Aumentar por100.0%	;Aumentar por100.0%	;0	; --%	; --%	;1	; --%	; --%	;2	; --%	; --%	;6	;Aumentar por100.0%	;Aumentar por500.0%	;0	; --%	; --%	;0	; --%	; --%	;
650	;06/28 01:00 - 02:00	;0	; --%	; --%	;6	; --%	; --%	;0	; --%	; --%	;1	; --%	; --%	;1	; --%	;Disminuir por66.7%	;3	; --%	;Disminuir por25.0%	;0	; --%	; --%	;0	;Disminuir por100.0%	; --%	;
651	;06/28 02:00 - 03:00	;0	; --%	; --%	;0	; --%	; --%	;0	; --%	; --%	;0	; --%	; --%	;0	; --%	; --%	;0	; --%	;Disminuir por100.0%	;0	; --%	; --%	;0	; --%	; --%	;
652	;06/28 03:00 - 04:00	;0	; --%	; --%	;0	; --%	; --%	;0	; --%	; --%	;0	; --%	; --%	;2	; --%	; --%	;3	; --%	;Aumentar por200.0%	;0	; --%	; --%	;0	; --%	; --%	;
653	;06/28 04:00 - 05:00	;0	; --%	; --%	;0	; --%	; --%	;0	; --%	; --%	;0	; --%	; --%	;0	; --%	; --%	;1	;Disminuir por50.0%	;Sin cambios	;0	; --%	; --%	;0	; --%	; --%	;
654	;06/28 05:00 - 06:00	;0	; --%	; --%	;0	; --%	; --%	;0	; --%	; --%	;0	; --%	; --%	;0	; --%	; --%	;0	; --%	; --%	;0	; --%	; --%	;0	; --%	; --%	;
655	;06/28 06:00 - 07:00	;0	; --%	; --%	;0	;Disminuir por100.0%	; --%	;0	; --%	; --%	;0	; --%	; --%	;0	; --%	; --%	;0	; --%	; --%	;0	; --%	; --%	;0	; --%	; --%	;
656	;06/28 07:00 - 08:00	;0	; --%	; --%	;0	; --%	; --%	;0	; --%	; --%	;0	; --%	; --%	;0	; --%	; --%	;2	;Disminuir por33.3%	;Disminuir por50.0%	;0	; --%	; --%	;0	; --%	; --%	;
657	;06/28 08:00 - 09:00	;0	; --%	; --%	;0	;Disminuir por100.0%	; --%	;0	; --%	; --%	;1	;Disminuir por75.0%	;Disminuir por66.7%	;0	; --%	; --%	;4	;Disminuir por55.6%	;Aumentar por33.3%	;0	; --%	;Disminuir por100.0%	;0	; --%	;Disminuir por100.0%	;
658	;06/28 09:00 - 10:00	;0	; --%	; --%	;0	;Disminuir por100.0%	; --%	;0	; --%	; --%	;4	;Disminuir por33.3%	;Disminuir por33.3%	;0	;Disminuir por100.0%	; --%	;1	;Disminuir por75.0%	;Disminuir por75.0%	;0	; --%	; --%	;1	;Sin cambios	;Disminuir por50.0%	;
659	;06/28 10:00 - 11:00	;0	; --%	; --%	;2	;Sin cambios	;Sin cambios	;0	; --%	; --%	;2	;Disminuir por33.3%	;Disminuir por60.0%	;1	; --%	; --%	;13	;Aumentar por30.0%	;Aumentar por44.4%	;0	; --%	; --%	;0	; --%	; --%	;
660	;06/28 11:00 - 12:00	;0	; --%	; --%	;0	; --%	; --%	;0	;Disminuir por100.0%	; --%	;2	;Disminuir por71.4%	;Disminuir por60.0%	;3	;Sin cambios	;Sin cambios	;13	;Disminuir por13.3%	;Disminuir por23.5%	;0	; --%	; --%	;1	;Sin cambios	; --%	;
661	;06/28 12:00 - 13:00	;0	; --%	; --%	;0	;Disminuir por100.0%	;Disminuir por100.0%	;0	; --%	; --%	;0	;Disminuir por100.0%	;Disminuir por100.0%	;2	; --%	; --%	;12	;Aumentar por33.3%	;Aumentar por100.0%	;0	; --%	; --%	;0	;Disminuir por100.0%	; --%	;
662	;06/28 13:00 - 14:00	;0	; --%	; --%	;0	;Disminuir por100.0%	; --%	;2	; --%	; --%	;4	;Aumentar por300.0%	; --%	;1	;Disminuir por50.0%	; --%	;8	;Aumentar por14.3%	;Disminuir por20.0%	;0	; --%	; --%	;0	; --%	;Disminuir por100.0%	;
663	;06/28 14:00 - 15:00	;0	; --%	; --%	;0	;Disminuir por100.0%	; --%	;0	; --%	; --%	;0	; --%	;Disminuir por100.0%	;4	;Aumentar por300.0%	;Aumentar por100.0%	;8	;Aumentar por33.3%	;Disminuir por27.3%	;0	; --%	; --%	;0	; --%	;Disminuir por100.0%	;
664	;06/28 15:00 - 16:00	;0	; --%	; --%	;0	; --%	; --%	;0	; --%	; --%	;0	;Disminuir por100.0%	; --%	;0	;Disminuir por100.0%	; --%	;2	;Sin cambios	;Sin cambios	;0	; --%	; --%	;0	; --%	; --%	;
665	;06/28 16:00 - 17:00	;0	; --%	; --%	;0	; --%	; --%	;0	; --%	;Disminuir por100.0%	;2	;Sin cambios	;Disminuir por33.3%	;0	; --%	; --%	;7	;Aumentar por133.3%	;Aumentar por250.0%	;0	; --%	; --%	;0	; --%	; --%	;
666	;06/28 17:00 - 18:00	;0	; --%	; --%	;0	; --%	; --%	;0	; --%	; --%	;1	;Sin cambios	;Sin cambios	;1	;Sin cambios	; --%	;5	;Disminuir por28.6%	;Disminuir por37.5%	;0	; --%	; --%	;0	;Disminuir por100.0%	; --%	;
667	;06/28 18:00 - 19:00	;0	; --%	; --%	;1	; --%	; --%	;0	; --%	;Disminuir por100.0%	;1	;Sin cambios	;Disminuir por50.0%	;0	;Disminuir por100.0%	; --%	;3	;Disminuir por57.1%	;Disminuir por66.7%	;1	; --%	; --%	;2	;Aumentar por100.0%	; --%	;
668	;06/28 19:00 - 20:00	;0	; --%	; --%	;0	;Disminuir por100.0%	; --%	;0	; --%	; --%	;0	;Disminuir por100.0%	; --%	;0	;Disminuir por100.0%	;Disminuir por100.0%	;2	;Disminuir por81.8%	;Disminuir por77.8%	;0	; --%	; --%	;0	; --%	; --%	;
669	;06/28 20:00 - 21:00	;0	; --%	; --%	;0	;Disminuir por100.0%	; --%	;0	; --%	; --%	;0	;Disminuir por100.0%	; --%	;2	;Sin cambios	;Aumentar por100.0%	;5	;Disminuir por44.4%	;Aumentar por400.0%	;0	; --%	; --%	;0	; --%	; --%	;
670	;06/28 21:00 - 22:00	;0	; --%	; --%	;2	;Aumentar por100.0%	; --%	;0	; --%	; --%	;1	;Sin cambios	; --%	;0	; --%	; --%	;0	;Disminuir por100.0%	;Disminuir por100.0%	;0	; --%	; --%	;0	; --%	;Disminuir por100.0%	;
671	;06/28 22:00 - 23:00	;0	; --%	; --%	;0	;Disminuir por100.0%	; --%	;0	; --%	; --%	;0	; --%	; --%	;0	; --%	; --%	;1	;Sin cambios	; --%	;0	; --%	; --%	;0	; --%	; --%	;
672	;06/28 23:00 - 24:00	;0	; --%	; --%	;1	;Sin cambios	; --%	;0	;Disminuir por100.0%	; --%	;1	;Sin cambios	; --%	;0	;Disminuir por100.0%	; --%	;2	;Disminuir por33.3%	;Disminuir por33.3%	;0	; --%	; --%	;0	; --%	; --%	;
673	;06/29 00:00 - 01:00	;0	; --%	; --%	;1	; --%	;Sin cambios	;0	; --%	; --%	;0	; --%	; --%	;1	; --%	; --%	;4	;Sin cambios	;Aumentar por300.0%	;0	; --%	; --%	;0	; --%	; --%	;
674	;06/29 01:00 - 02:00	;0	; --%	; --%	;1	; --%	; --%	;0	; --%	; --%	;0	; --%	; --%	;0	; --%	; --%	;0	; --%	;Disminuir por100.0%	;0	; --%	; --%	;0	; --%	; --%	;
675	;06/29 02:00 - 03:00	;0	; --%	; --%	;0	; --%	;Disminuir por100.0%	;0	; --%	; --%	;0	; --%	; --%	;1	; --%	; --%	;2	; --%	; --%	;0	; --%	; --%	;0	; --%	;Disminuir por100.0%	;
676	;06/29 03:00 - 04:00	;0	; --%	; --%	;0	; --%	; --%	;0	; --%	; --%	;0	; --%	; --%	;0	; --%	;Disminuir por100.0%	;1	;Sin cambios	;Disminuir por90.0%	;0	; --%	; --%	;0	; --%	; --%	;
677	;06/29 04:00 - 05:00	;0	; --%	; --%	;0	; --%	; --%	;0	; --%	; --%	;0	; --%	; --%	;0	; --%	; --%	;2	;Aumentar por100.0%	; --%	;0	; --%	; --%	;0	; --%	; --%	;
678	;06/29 05:00 - 06:00	;0	; --%	; --%	;0	; --%	; --%	;0	; --%	; --%	;0	; --%	; --%	;0	; --%	; --%	;0	; --%	; --%	;0	; --%	; --%	;0	; --%	; --%	;
679	;06/29 06:00 - 07:00	;0	; --%	; --%	;0	; --%	; --%	;0	; --%	; --%	;0	; --%	; --%	;0	; --%	; --%	;0	; --%	; --%	;0	; --%	; --%	;2	; --%	;Aumentar por100.0%	;
680	;06/29 07:00 - 08:00	;0	; --%	; --%	;0	;Disminuir por100.0%	; --%	;0	; --%	; --%	;2	; --%	; --%	;2	; --%	; --%	;8	; --%	;Aumentar por700.0%	;0	; --%	; --%	;0	; --%	;Disminuir por100.0%	;
681	;06/29 08:00 - 09:00	;0	; --%	; --%	;0	; --%	; --%	;5	; --%	; --%	;17	;Aumentar por1600.0%	;Aumentar por1600.0%	;1	; --%	; --%	;11	;Aumentar por266.7%	;Aumentar por22.2%	;0	; --%	; --%	;0	;Disminuir por100.0%	;Disminuir por100.0%	;
682	;06/29 09:00 - 10:00	;0	; --%	; --%	;0	; --%	; --%	;0	; --%	;Disminuir por100.0%	;2	;Disminuir por33.3%	;Disminuir por60.0%	;0	; --%	;Disminuir por100.0%	;7	;Aumentar por16.7%	;Disminuir por12.5%	;0	; --%	; --%	;1	; --%	; --%	;
683	;06/29 10:00 - 11:00	;1	; --%	; --%	;4	;Aumentar por300.0%	;Aumentar por300.0%	;1	; --%	; --%	;8	;Aumentar por100.0%	;Aumentar por100.0%	;0	;Disminuir por100.0%	;Disminuir por100.0%	;11	;Disminuir por50.0%	;Aumentar por120.0%	;0	; --%	; --%	;4	;Aumentar por33.3%	; --%	;
684	;06/29 11:00 - 12:00	;0	; --%	; --%	;0	; --%	; --%	;0	; --%	; --%	;4	;Aumentar por300.0%	;Aumentar por100.0%	;4	;Sin cambios	;Disminuir por20.0%	;13	;Sin cambios	;Aumentar por30.0%	;0	; --%	; --%	;5	;Aumentar por400.0%	; --%	;
685	;06/29 12:00 - 13:00	;0	; --%	; --%	;1	; --%	; --%	;0	;Disminuir por100.0%	; --%	;2	;Sin cambios	; --%	;0	;Disminuir por100.0%	;Disminuir por100.0%	;5	;Disminuir por50.0%	;Aumentar por25.0%	;4	; --%	; --%	;3	;Aumentar por200.0%	; --%	;
686	;06/29 13:00 - 14:00	;0	; --%	; --%	;1	; --%	; --%	;0	; --%	; --%	;2	;Aumentar por100.0%	; --%	;3	;Aumentar por50.0%	; --%	;14	;Aumentar por40.0%	;Aumentar por75.0%	;0	; --%	; --%	;1	; --%	; --%	;
687	;06/29 14:00 - 15:00	;1	; --%	; --%	;3	;Aumentar por200.0%	; --%	;0	; --%	; --%	;3	;Aumentar por50.0%	; --%	;6	;Aumentar por200.0%	; --%	;19	;Aumentar por375.0%	;Aumentar por375.0%	;1	; --%	;Sin cambios	;1	; --%	;Disminuir por50.0%	;
688	;06/29 15:00 - 16:00	;0	; --%	; --%	;0	; --%	; --%	;0	; --%	; --%	;0	;Disminuir por100.0%	;Disminuir por100.0%	;3	;Aumentar por200.0%	; --%	;10	;Aumentar por11.1%	;Aumentar por150.0%	;0	; --%	; --%	;0	; --%	; --%	;
689	;06/29 16:00 - 17:00	;1	; --%	; --%	;3	; --%	; --%	;0	; --%	; --%	;2	;Aumentar por100.0%	; --%	;1	; --%	;Sin cambios	;5	;Aumentar por150.0%	;Aumentar por25.0%	;0	; --%	; --%	;0	;Disminuir por100.0%	; --%	;
690	;06/29 17:00 - 18:00	;0	; --%	; --%	;0	; --%	; --%	;0	; --%	; --%	;0	;Disminuir por100.0%	; --%	;1	; --%	; --%	;5	;Disminuir por28.6%	;Aumentar por150.0%	;1	; --%	; --%	;2	;Aumentar por100.0%	;Aumentar por100.0%	;
691	;06/29 18:00 - 19:00	;0	; --%	; --%	;0	;Disminuir por100.0%	; --%	;0	; --%	; --%	;4	; --%	;Aumentar por100.0%	;2	; --%	;Aumentar por100.0%	;13	;Aumentar por550.0%	;Aumentar por160.0%	;0	; --%	; --%	;0	; --%	; --%	;
692	;06/29 19:00 - 20:00	;0	; --%	; --%	;0	; --%	; --%	;0	; --%	; --%	;2	;Aumentar por100.0%	; --%	;1	; --%	;Sin cambios	;6	;Aumentar por200.0%	;Aumentar por100.0%	;0	; --%	; --%	;1	; --%	;Sin cambios	;
693	;06/29 20:00 - 21:00	;0	; --%	; --%	;1	; --%	; --%	;0	; --%	; --%	;0	; --%	; --%	;3	;Aumentar por200.0%	; --%	;7	;Disminuir por30.0%	;Aumentar por600.0%	;0	; --%	; --%	;0	;Disminuir por100.0%	; --%	;
694	;06/29 21:00 - 22:00	;0	; --%	; --%	;0	; --%	; --%	;0	; --%	; --%	;1	;Sin cambios	; --%	;0	; --%	; --%	;0	;Disminuir por100.0%	;Disminuir por100.0%	;0	; --%	; --%	;0	; --%	; --%	;
695	;06/29 22:00 - 23:00	;0	; --%	; --%	;0	;Disminuir por100.0%	;Disminuir por100.0%	;0	; --%	; --%	;0	; --%	; --%	;0	; --%	;Disminuir por100.0%	;2	;Aumentar por100.0%	;Sin cambios	;0	; --%	; --%	;0	; --%	; --%	;
696	;06/29 23:00 - 24:00	;0	; --%	; --%	;1	;Sin cambios	;Sin cambios	;0	; --%	; --%	;0	; --%	; --%	;0	; --%	; --%	;3	; --%	;Aumentar por50.0%	;0	; --%	; --%	;0	; --%	; --%	;
697	;06/30 00:00 - 01:00	;0	; --%	; --%	;5	;Aumentar por400.0%	; --%	;0	; --%	; --%	;0	; --%	; --%	;0	;Disminuir por100.0%	; --%	;0	;Disminuir por100.0%	; --%	;0	; --%	; --%	;0	; --%	; --%	;
698	;06/30 01:00 - 02:00	;0	; --%	; --%	;1	;Sin cambios	;Disminuir por50.0%	;0	; --%	; --%	;0	; --%	;Disminuir por100.0%	;1	; --%	; --%	;4	; --%	; --%	;0	; --%	; --%	;0	; --%	; --%	;
699	;06/30 02:00 - 03:00	;0	; --%	; --%	;2	; --%	;Aumentar por100.0%	;0	; --%	; --%	;0	; --%	; --%	;2	; --%	;Disminuir por33.3%	;3	; --%	;Disminuir por50.0%	;0	;Disminuir por100.0%	; --%	;0	;Disminuir por100.0%	; --%	;
700	;06/30 03:00 - 04:00	;0	; --%	; --%	;1	; --%	; --%	;0	; --%	; --%	;0	; --%	; --%	;0	; --%	; --%	;0	;Disminuir por100.0%	; --%	;0	; --%	; --%	;0	; --%	; --%	;
701	;06/30 04:00 - 05:00	;0	; --%	; --%	;1	; --%	; --%	;0	; --%	; --%	;0	; --%	; --%	;0	; --%	; --%	;0	;Disminuir por100.0%	; --%	;0	; --%	; --%	;0	; --%	; --%	;
702	;06/30 05:00 - 06:00	;0	; --%	; --%	;1	; --%	;Sin cambios	;0	; --%	; --%	;0	; --%	; --%	;0	; --%	; --%	;0	; --%	; --%	;0	; --%	; --%	;0	; --%	; --%	;
703	;06/30 06:00 - 07:00	;0	; --%	; --%	;1	; --%	; --%	;0	; --%	; --%	;0	; --%	;Disminuir por100.0%	;0	; --%	; --%	;0	; --%	; --%	;0	;Disminuir por100.0%	; --%	;2	;Disminuir por50.0%	; --%	;
704	;06/30 07:00 - 08:00	;0	; --%	; --%	;0	; --%	; --%	;0	; --%	; --%	;3	; --%	;Aumentar por200.0%	;1	;Disminuir por50.0%	; --%	;5	;Aumentar por25.0%	;Aumentar por150.0%	;0	; --%	; --%	;2	; --%	;Aumentar por100.0%	;
705	;06/30 08:00 - 09:00	;0	; --%	; --%	;0	; --%	; --%	;0	;Disminuir por100.0%	; --%	;5	;Sin cambios	;Aumentar por66.7%	;1	; --%	; --%	;11	;Aumentar por83.3%	;Aumentar por120.0%	;0	;Disminuir por100.0%	; --%	;2	;Disminuir por77.8%	;Aumentar por100.0%	;
706	;06/30 09:00 - 10:00	;0	; --%	; --%	;0	; --%	;Disminuir por100.0%	;0	; --%	; --%	;6	;Aumentar por200.0%	;Aumentar por200.0%	;1	; --%	; --%	;11	;Aumentar por22.2%	;Sin cambios	;2	; --%	;Aumentar por100.0%	;6	;Aumentar por500.0%	;Aumentar por200.0%	;
707	;06/30 10:00 - 11:00	;0	; --%	; --%	;1	;Disminuir por50.0%	; --%	;3	; --%	;Sin cambios	;13	;Aumentar por333.3%	;Aumentar por18.2%	;3	;Disminuir por40.0%	; --%	;27	;Aumentar por35.0%	;Aumentar por42.1%	;0	;Disminuir por100.0%	; --%	;2	;Disminuir por33.3%	;Disminuir por50.0%	;
708	;06/30 11:00 - 12:00	;0	; --%	;Disminuir por100.0%	;0	;Disminuir por100.0%	;Disminuir por100.0%	;1	;Sin cambios	;Sin cambios	;2	;Disminuir por81.8%	;Disminuir por80.0%	;7	;Aumentar por600.0%	;Aumentar por133.3%	;21	;Aumentar por90.9%	;Disminuir por4.5%	;1	; --%	; --%	;3	;Aumentar por200.0%	;Aumentar por200.0%	;
709	;06/30 12:00 - 13:00	;0	; --%	; --%	;0	; --%	; --%	;0	;Disminuir por100.0%	; --%	;2	;Disminuir por75.0%	;Aumentar por100.0%	;2	; --%	;Aumentar por100.0%	;17	;Aumentar por183.3%	;Aumentar por183.3%	;0	; --%	; --%	;2	;Disminuir por33.3%	; --%	;
710	;06/30 13:00 - 14:00	;0	; --%	; --%	;2	; --%	; --%	;1	;Disminuir por75.0%	; --%	;2	;Disminuir por75.0%	;Sin cambios	;1	; --%	; --%	;8	;Aumentar por33.3%	;Disminuir por11.1%	;0	; --%	; --%	;1	;Disminuir por66.7%	;Sin cambios	;
711	;06/30 14:00 - 15:00	;0	; --%	; --%	;0	;Disminuir por100.0%	; --%	;3	; --%	; --%	;7	;Aumentar por133.3%	;Aumentar por600.0%	;0	; --%	;Disminuir por100.0%	;5	;Disminuir por50.0%	;Disminuir por58.3%	;0	; --%	; --%	;2	;Sin cambios	;Aumentar por100.0%	;
712	;06/30 15:00 - 16:00	;0	; --%	; --%	;2	; --%	;Aumentar por100.0%	;0	; --%	; --%	;1	; --%	; --%	;2	;Disminuir por33.3%	;Disminuir por60.0%	;12	;Sin cambios	;Disminuir por7.7%	;0	; --%	; --%	;0	; --%	; --%	;
713	;06/30 16:00 - 17:00	;0	; --%	; --%	;0	; --%	;Disminuir por100.0%	;0	; --%	; --%	;0	;Disminuir por100.0%	;Disminuir por100.0%	;0	; --%	;Disminuir por100.0%	;5	;Disminuir por16.7%	;Disminuir por16.7%	;0	; --%	; --%	;1	;Sin cambios	; --%	;
714	;06/30 17:00 - 18:00	;0	; --%	; --%	;0	; --%	;Disminuir por100.0%	;0	; --%	; --%	;2	;Disminuir por50.0%	;Sin cambios	;2	;Disminuir por60.0%	; --%	;7	;Disminuir por50.0%	;Aumentar por16.7%	;0	; --%	; --%	;0	;Disminuir por100.0%	;Disminuir por100.0%	;
715	;06/30 18:00 - 19:00	;0	; --%	; --%	;0	; --%	; --%	;0	; --%	; --%	;2	;Sin cambios	; --%	;1	; --%	; --%	;9	;Aumentar por50.0%	;Disminuir por10.0%	;0	; --%	; --%	;0	; --%	;Disminuir por100.0%	;
716	;06/30 19:00 - 20:00	;0	; --%	; --%	;0	;Disminuir por100.0%	; --%	;0	; --%	; --%	;0	;Disminuir por100.0%	;Disminuir por100.0%	;1	;Disminuir por50.0%	; --%	;5	;Disminuir por50.0%	;Disminuir por58.3%	;0	; --%	; --%	;0	; --%	; --%	;
717	;06/30 20:00 - 21:00	;0	; --%	; --%	;0	; --%	; --%	;0	; --%	; --%	;0	; --%	; --%	;0	;Disminuir por100.0%	; --%	;0	;Disminuir por100.0%	;Disminuir por100.0%	;1	; --%	; --%	;1	;Sin cambios	; --%	;
718	;06/30 21:00 - 22:00	;0	; --%	; --%	;0	;Disminuir por100.0%	; --%	;0	; --%	; --%	;0	;Disminuir por100.0%	; --%	;0	;Disminuir por100.0%	; --%	;7	;Disminuir por22.2%	; --%	;0	; --%	; --%	;0	; --%	; --%	;
719	;06/30 22:00 - 23:00	;0	; --%	; --%	;0	;Disminuir por100.0%	;Disminuir por100.0%	;0	; --%	; --%	;0	; --%	; --%	;0	; --%	; --%	;1	;Disminuir por75.0%	;Sin cambios	;0	; --%	; --%	;0	; --%	; --%	;
720	;06/30 23:00 - 24:00	;0	; --%	; --%	;0	;Disminuir por100.0%	;Disminuir por100.0%	;0	; --%	; --%	;0	; --%	; --%	;0	; --%	; --%	;0	; --%	;Disminuir por100.0%	;2	; --%	; --%	;3	; --%	; --%	;
721	;07/01 00:00 - 01:00	;0	; --%	; --%	;5	; --%	;Aumentar por400.0%	;0	; --%	; --%	;0	; --%	; --%	;0	; --%	; --%	;2	;Aumentar por100.0%	;Aumentar por100.0%	;0	; --%	; --%	;0	; --%	; --%	;
722	;07/01 01:00 - 02:00	;0	; --%	; --%	;0	; --%	; --%	;0	; --%	; --%	;0	; --%	; --%	;0	; --%	; --%	;0	; --%	;Disminuir por100.0%	;0	; --%	; --%	;1	; --%	; --%	;
723	;07/01 02:00 - 03:00	;0	; --%	; --%	;0	; --%	; --%	;0	; --%	; --%	;0	; --%	; --%	;2	; --%	; --%	;3	; --%	; --%	;0	; --%	; --%	;1	; --%	; --%	;
724	;07/01 03:00 - 04:00	;0	; --%	; --%	;0	; --%	; --%	;0	; --%	; --%	;0	; --%	; --%	;0	; --%	; --%	;0	; --%	; --%	;0	; --%	; --%	;0	; --%	; --%	;
725	;07/01 04:00 - 05:00	;0	; --%	; --%	;0	; --%	; --%	;0	; --%	; --%	;1	; --%	; --%	;0	; --%	; --%	;0	; --%	; --%	;0	; --%	; --%	;0	; --%	; --%	;
726	;07/01 05:00 - 06:00	;0	; --%	; --%	;0	; --%	; --%	;0	; --%	; --%	;0	; --%	; --%	;0	; --%	; --%	;0	; --%	; --%	;0	; --%	; --%	;0	; --%	; --%	;
727	;07/01 06:00 - 07:00	;0	; --%	; --%	;0	;Disminuir por100.0%	;Disminuir por100.0%	;0	; --%	; --%	;0	;Disminuir por100.0%	; --%	;0	; --%	; --%	;0	; --%	; --%	;0	; --%	; --%	;0	; --%	; --%	;
728	;07/01 07:00 - 08:00	;0	; --%	; --%	;0	;Disminuir por100.0%	; --%	;0	; --%	; --%	;3	;Aumentar por200.0%	;Aumentar por200.0%	;0	;Disminuir por100.0%	;Disminuir por100.0%	;4	;Aumentar por100.0%	;Disminuir por42.9%	;0	; --%	; --%	;2	; --%	; --%	;
729	;07/01 08:00 - 09:00	;0	; --%	; --%	;0	; --%	;Disminuir por100.0%	;0	; --%	;Disminuir por100.0%	;13	;Aumentar por225.0%	;Aumentar por62.5%	;0	;Disminuir por100.0%	; --%	;7	;Disminuir por41.7%	;Disminuir por12.5%	;0	;Disminuir por100.0%	; --%	;1	;Disminuir por50.0%	;Disminuir por75.0%	;
730	;07/01 09:00 - 10:00	;0	; --%	; --%	;0	;Disminuir por100.0%	; --%	;2	; --%	; --%	;5	;Disminuir por16.7%	;Aumentar por150.0%	;2	; --%	; --%	;11	;Disminuir por15.4%	;Disminuir por21.4%	;0	; --%	;Disminuir por100.0%	;1	;Sin cambios	;Disminuir por75.0%	;
731	;07/01 10:00 - 11:00	;0	; --%	; --%	;0	; --%	;Disminuir por100.0%	;0	;Disminuir por100.0%	; --%	;5	;Disminuir por54.5%	;Aumentar por25.0%	;0	;Disminuir por100.0%	; --%	;13	;Disminuir por38.1%	;Aumentar por30.0%	;0	; --%	;Disminuir por100.0%	;2	;Aumentar por100.0%	;Disminuir por50.0%	;
732	;07/01 11:00 - 12:00	;0	; --%	; --%	;0	; --%	; --%	;1	;Disminuir por66.7%	;Disminuir por50.0%	;3	;Disminuir por83.3%	;Disminuir por62.5%	;4	;Aumentar por100.0%	;Aumentar por100.0%	;30	;Aumentar por76.5%	;Aumentar por57.9%	;2	;Aumentar por100.0%	;Aumentar por100.0%	;7	;Sin cambios	;Aumentar por250.0%	;
733	;07/01 12:00 - 13:00	;0	; --%	; --%	;1	; --%	; --%	;0	;Disminuir por100.0%	; --%	;2	;Disminuir por66.7%	;Disminuir por33.3%	;2	; --%	;Disminuir por75.0%	;12	;Aumentar por71.4%	;Disminuir por45.5%	;0	; --%	; --%	;1	;Sin cambios	; --%	;
734	;07/01 13:00 - 14:00	;0	; --%	; --%	;0	; --%	; --%	;0	;Disminuir por100.0%	; --%	;1	;Disminuir por87.5%	;Disminuir por66.7%	;1	;Sin cambios	; --%	;9	;Aumentar por50.0%	;Aumentar por28.6%	;0	; --%	; --%	;0	;Disminuir por100.0%	; --%	;
735	;07/01 14:00 - 15:00	;0	; --%	; --%	;0	; --%	; --%	;2	; --%	; --%	;5	;Aumentar por150.0%	; --%	;0	;Disminuir por100.0%	;Disminuir por100.0%	;6	;Disminuir por14.3%	;Disminuir por60.0%	;1	; --%	; --%	;2	; --%	;Sin cambios	;
736	;07/01 15:00 - 16:00	;0	; --%	; --%	;1	; --%	;Disminuir por50.0%	;0	; --%	;Disminuir por100.0%	;1	; --%	;Disminuir por50.0%	;4	;Disminuir por20.0%	; --%	;10	;Disminuir por28.6%	;Aumentar por150.0%	;1	; --%	; --%	;2	;Aumentar por100.0%	;Aumentar por100.0%	;
737	;07/01 16:00 - 17:00	;0	; --%	; --%	;1	; --%	; --%	;0	;Disminuir por100.0%	; --%	;3	;Sin cambios	; --%	;1	; --%	;Disminuir por50.0%	;5	;Disminuir por54.5%	;Disminuir por44.4%	;0	; --%	; --%	;0	;Disminuir por100.0%	;Disminuir por100.0%	;
738	;07/01 17:00 - 18:00	;0	; --%	; --%	;0	; --%	; --%	;0	; --%	; --%	;1	;Disminuir por80.0%	;Sin cambios	;0	; --%	;Disminuir por100.0%	;5	;Disminuir por37.5%	;Disminuir por58.3%	;1	; --%	; --%	;3	;Aumentar por200.0%	;Aumentar por200.0%	;
739	;07/01 18:00 - 19:00	;0	; --%	; --%	;0	; --%	; --%	;0	; --%	; --%	;0	;Disminuir por100.0%	; --%	;0	;Disminuir por100.0%	; --%	;6	;Disminuir por40.0%	;Sin cambios	;0	; --%	; --%	;2	; --%	; --%	;
740	;07/01 19:00 - 20:00	;0	; --%	; --%	;1	; --%	; --%	;0	; --%	; --%	;0	;Disminuir por100.0%	; --%	;0	; --%	;Disminuir por100.0%	;6	;Sin cambios	;Disminuir por45.5%	;0	; --%	; --%	;1	; --%	; --%	;
741	;07/01 20:00 - 21:00	;0	; --%	; --%	;0	;Disminuir por100.0%	; --%	;0	; --%	; --%	;0	;Disminuir por100.0%	; --%	;0	;Disminuir por100.0%	;Disminuir por100.0%	;2	;Disminuir por77.8%	;Disminuir por60.0%	;0	; --%	; --%	;1	; --%	; --%	;
742	;07/01 21:00 - 22:00	;0	; --%	; --%	;1	;Disminuir por66.7%	; --%	;0	; --%	; --%	;1	;Sin cambios	; --%	;1	;Disminuir por50.0%	; --%	;4	;Disminuir por50.0%	;Aumentar por300.0%	;0	; --%	; --%	;0	; --%	; --%	;
743	;07/01 22:00 - 23:00	;0	; --%	; --%	;2	;Aumentar por100.0%	;Sin cambios	;0	; --%	; --%	;0	; --%	; --%	;0	; --%	;Disminuir por100.0%	;5	;Aumentar por400.0%	;Aumentar por66.7%	;0	; --%	; --%	;0	; --%	; --%	;
744	;07/01 23:00 - 24:00	;0	; --%	; --%	;3	;Sin cambios	;Aumentar por50.0%	;0	; --%	; --%	;0	; --%	; --%	;0	; --%	; --%	;1	;Disminuir por50.0%	; --%	;0	; --%	; --%	;0	; --%	; --%	;
745	;07/02 00:00 - 01:00	;0	; --%	; --%	;0	;Disminuir por100.0%	;Disminuir por100.0%	;0	; --%	; --%	;0	; --%	; --%	;0	; --%	; --%	;2	;Disminuir por33.3%	;Aumentar por100.0%	;0	; --%	; --%	;0	; --%	; --%	;
746	;07/02 01:00 - 02:00	;0	; --%	; --%	;1	; --%	; --%	;0	; --%	; --%	;0	; --%	; --%	;0	; --%	; --%	;1	; --%	;Sin cambios	;0	; --%	; --%	;1	; --%	;Sin cambios	;
747	;07/02 02:00 - 03:00	;0	; --%	; --%	;0	; --%	; --%	;0	; --%	; --%	;0	; --%	; --%	;0	; --%	;Disminuir por100.0%	;0	;Disminuir por100.0%	;Disminuir por100.0%	;0	; --%	; --%	;0	; --%	; --%	;
748	;07/02 03:00 - 04:00	;0	; --%	; --%	;0	; --%	; --%	;0	; --%	; --%	;0	; --%	; --%	;0	; --%	; --%	;0	; --%	; --%	;0	; --%	; --%	;0	; --%	; --%	;
749	;07/02 04:00 - 05:00	;0	; --%	; --%	;0	; --%	; --%	;0	; --%	; --%	;0	; --%	; --%	;0	; --%	; --%	;0	; --%	; --%	;0	; --%	; --%	;0	; --%	; --%	;
750	;07/02 05:00 - 06:00	;0	; --%	; --%	;1	; --%	;Disminuir por50.0%	;0	; --%	; --%	;1	; --%	; --%	;0	; --%	; --%	;0	; --%	; --%	;0	; --%	; --%	;0	; --%	; --%	;
751	;07/02 06:00 - 07:00	;0	; --%	; --%	;0	; --%	; --%	;0	; --%	; --%	;0	;Disminuir por100.0%	; --%	;0	; --%	; --%	;0	; --%	;Disminuir por100.0%	;0	; --%	; --%	;1	; --%	; --%	;
752	;07/02 07:00 - 08:00	;0	; --%	; --%	;0	; --%	; --%	;3	; --%	; --%	;7	;Aumentar por600.0%	;Aumentar por600.0%	;0	;Disminuir por100.0%	;Disminuir por100.0%	;4	;Disminuir por20.0%	;Disminuir por33.3%	;0	; --%	; --%	;1	; --%	; --%	;
753	;07/02 08:00 - 09:00	;0	; --%	; --%	;1	; --%	; --%	;0	; --%	; --%	;3	;Disminuir por25.0%	;Disminuir por66.7%	;0	; --%	; --%	;8	;Disminuir por50.0%	;Disminuir por27.3%	;2	; --%	; --%	;5	;Aumentar por400.0%	;Aumentar por400.0%	;
754	;07/02 09:00 - 10:00	;0	; --%	; --%	;0	; --%	;Disminuir por100.0%	;0	; --%	;Disminuir por100.0%	;5	;Aumentar por150.0%	;Aumentar por25.0%	;0	; --%	;Disminuir por100.0%	;8	;Disminuir por52.9%	;Disminuir por38.5%	;0	; --%	; --%	;1	;Sin cambios	;Disminuir por50.0%	;
755	;07/02 10:00 - 11:00	;0	; --%	; --%	;1	; --%	;Disminuir por75.0%	;1	;Sin cambios	;Disminuir por75.0%	;10	;Disminuir por9.1%	;Disminuir por23.1%	;3	;Disminuir por50.0%	;Aumentar por200.0%	;22	;Disminuir por12.0%	;Aumentar por83.3%	;1	; --%	; --%	;5	;Aumentar por400.0%	;Aumentar por150.0%	;
756	;07/02 11:00 - 12:00	;0	; --%	;Disminuir por100.0%	;2	; --%	;Sin cambios	;0	; --%	; --%	;3	;Disminuir por66.7%	;Disminuir por62.5%	;2	; --%	;Sin cambios	;9	;Disminuir por52.6%	;Disminuir por50.0%	;0	;Disminuir por100.0%	; --%	;1	;Disminuir por83.3%	;Disminuir por75.0%	;
757	;07/02 12:00 - 13:00	;0	; --%	; --%	;3	;Aumentar por200.0%	; --%	;0	;Disminuir por100.0%	; --%	;2	;Disminuir por71.4%	;Aumentar por100.0%	;1	; --%	;Disminuir por75.0%	;16	;Aumentar por166.7%	;Aumentar por45.5%	;0	;Disminuir por100.0%	;Disminuir por100.0%	;0	;Disminuir por100.0%	;Disminuir por100.0%	;
758	;07/02 13:00 - 14:00	;0	; --%	; --%	;1	; --%	; --%	;1	;Sin cambios	; --%	;2	;Disminuir por71.4%	;Disminuir por33.3%	;1	; --%	; --%	;3	;Disminuir por50.0%	;Disminuir por76.9%	;0	; --%	; --%	;1	;Disminuir por50.0%	;Sin cambios	;
759	;07/02 14:00 - 15:00	;0	; --%	; --%	;0	;Disminuir por100.0%	; --%	;3	;Disminuir por25.0%	; --%	;3	;Disminuir por62.5%	; --%	;2	; --%	;Disminuir por77.8%	;10	;Aumentar por100.0%	;Disminuir por56.5%	;0	; --%	; --%	;2	; --%	; --%	;
760	;07/02 15:00 - 16:00	;0	; --%	; --%	;2	; --%	;Sin cambios	;1	;Disminuir por50.0%	; --%	;3	;Disminuir por40.0%	;Aumentar por200.0%	;3	;Disminuir por25.0%	;Aumentar por50.0%	;7	;Disminuir por61.1%	;Disminuir por30.0%	;0	; --%	; --%	;1	;Sin cambios	; --%	;
761	;07/02 16:00 - 17:00	;0	; --%	; --%	;0	; --%	; --%	;0	; --%	; --%	;3	;Aumentar por200.0%	; --%	;0	;Disminuir por100.0%	;Disminuir por100.0%	;11	;Disminuir por31.3%	;Aumentar por10.0%	;0	; --%	; --%	;0	; --%	; --%	;
762	;07/02 17:00 - 18:00	;0	; --%	; --%	;0	; --%	; --%	;0	; --%	; --%	;2	;Disminuir por50.0%	; --%	;0	; --%	; --%	;6	;Disminuir por45.5%	;Disminuir por40.0%	;1	;Disminuir por50.0%	; --%	;2	;Disminuir por33.3%	;Aumentar por100.0%	;
763	;07/02 18:00 - 19:00	;0	; --%	; --%	;0	; --%	; --%	;0	; --%	; --%	;0	;Disminuir por100.0%	;Disminuir por100.0%	;0	;Disminuir por100.0%	; --%	;4	;Disminuir por55.6%	;Disminuir por69.2%	;0	; --%	; --%	;0	;Disminuir por100.0%	; --%	;
764	;07/02 19:00 - 20:00	;0	; --%	; --%	;0	; --%	;Disminuir por100.0%	;0	; --%	; --%	;2	;Disminuir por33.3%	;Aumentar por100.0%	;0	;Disminuir por100.0%	;Disminuir por100.0%	;11	;Aumentar por83.3%	;Aumentar por22.2%	;0	; --%	; --%	;1	;Disminuir por50.0%	; --%	;
765	;07/02 20:00 - 21:00	;0	; --%	; --%	;0	;Disminuir por100.0%	; --%	;0	;Disminuir por100.0%	; --%	;0	;Disminuir por100.0%	; --%	;0	;Disminuir por100.0%	; --%	;1	;Disminuir por92.3%	;Disminuir por75.0%	;0	; --%	; --%	;0	; --%	; --%	;
766	;07/02 21:00 - 22:00	;0	; --%	; --%	;1	;Disminuir por50.0%	;Disminuir por50.0%	;0	; --%	; --%	;1	;Sin cambios	; --%	;1	;Sin cambios	;Sin cambios	;2	;Disminuir por75.0%	;Disminuir por60.0%	;0	; --%	; --%	;0	;Disminuir por100.0%	; --%	;
767	;07/02 22:00 - 23:00	;0	; --%	; --%	;0	;Disminuir por100.0%	;Disminuir por100.0%	;0	; --%	; --%	;0	; --%	; --%	;0	; --%	;Disminuir por100.0%	;3	;Aumentar por50.0%	;Aumentar por50.0%	;0	; --%	; --%	;0	; --%	; --%	;
768	;07/02 23:00 - 24:00	;0	; --%	; --%	;3	;Aumentar por200.0%	; --%	;0	; --%	; --%	;1	;Sin cambios	; --%	;3	; --%	; --%	;5	;Aumentar por400.0%	;Aumentar por150.0%	;0	; --%	; --%	;0	; --%	; --%	;
769	;07/03 00:00 - 01:00	;0	; --%	; --%	;1	;Sin cambios	;Disminuir por50.0%	;0	; --%	; --%	;0	; --%	; --%	;1	; --%	; --%	;3	; --%	; --%	;0	; --%	; --%	;0	; --%	; --%	;
770	;07/03 01:00 - 02:00	;0	; --%	; --%	;0	; --%	; --%	;0	; --%	; --%	;0	; --%	; --%	;0	; --%	; --%	;1	; --%	; --%	;0	; --%	; --%	;0	; --%	; --%	;
771	;07/03 02:00 - 03:00	;0	; --%	; --%	;0	; --%	; --%	;0	; --%	; --%	;0	; --%	; --%	;0	; --%	;Disminuir por100.0%	;0	; --%	;Disminuir por100.0%	;0	; --%	; --%	;0	;Disminuir por100.0%	;Disminuir por100.0%	;
772	;07/03 03:00 - 04:00	;0	; --%	; --%	;0	; --%	; --%	;0	; --%	; --%	;0	; --%	; --%	;0	; --%	; --%	;1	; --%	; --%	;0	; --%	; --%	;0	; --%	; --%	;
773	;07/03 04:00 - 05:00	;0	; --%	; --%	;0	;Disminuir por100.0%	; --%	;0	; --%	; --%	;0	; --%	; --%	;0	; --%	; --%	;0	; --%	; --%	;0	; --%	; --%	;0	; --%	; --%	;
774	;07/03 05:00 - 06:00	;1	; --%	; --%	;2	; --%	;Aumentar por100.0%	;0	; --%	; --%	;0	; --%	; --%	;0	; --%	; --%	;0	;Disminuir por100.0%	; --%	;0	; --%	; --%	;0	; --%	; --%	;
775	;07/03 06:00 - 07:00	;0	; --%	; --%	;0	; --%	; --%	;0	; --%	; --%	;0	; --%	;Disminuir por100.0%	;0	; --%	; --%	;0	; --%	; --%	;0	;Disminuir por100.0%	; --%	;0	;Disminuir por100.0%	; --%	;
776	;07/03 07:00 - 08:00	;0	; --%	; --%	;0	; --%	; --%	;1	;Sin cambios	; --%	;4	;Aumentar por33.3%	;Aumentar por33.3%	;0	; --%	;Disminuir por100.0%	;3	;Sin cambios	;Disminuir por57.1%	;0	; --%	; --%	;2	; --%	;Aumentar por100.0%	;
777	;07/03 08:00 - 09:00	;0	; --%	; --%	;2	;Sin cambios	;Disminuir por33.3%	;0	; --%	; --%	;3	;Disminuir por50.0%	;Disminuir por25.0%	;0	; --%	;Disminuir por100.0%	;11	;Aumentar por10.0%	;Aumentar por57.1%	;1	;Disminuir por66.7%	; --%	;3	;Disminuir por40.0%	;Aumentar por50.0%	;
778	;07/03 09:00 - 10:00	;0	; --%	; --%	;1	;Disminuir por66.7%	;Sin cambios	;0	; --%	; --%	;8	;Aumentar por33.3%	;Aumentar por60.0%	;0	; --%	; --%	;9	;Aumentar por28.6%	;Disminuir por40.0%	;1	; --%	; --%	;6	;Aumentar por20.0%	;Aumentar por100.0%	;
779	;07/03 10:00 - 11:00	;0	; --%	;Disminuir por100.0%	;3	; --%	;Disminuir por50.0%	;2	;Aumentar por100.0%	;Aumentar por100.0%	;20	;Aumentar por66.7%	;Aumentar por185.7%	;1	;Sin cambios	; --%	;21	;Aumentar por40.0%	;Aumentar por10.5%	;0	;Disminuir por100.0%	; --%	;0	;Disminuir por100.0%	;Disminuir por100.0%	;
780	;07/03 11:00 - 12:00	;0	; --%	; --%	;0	; --%	;Disminuir por100.0%	;0	;Disminuir por100.0%	;Disminuir por100.0%	;1	;Disminuir por91.7%	;Disminuir por83.3%	;1	;Sin cambios	;Disminuir por85.7%	;6	;Disminuir por57.1%	;Disminuir por80.0%	;1	;Sin cambios	; --%	;0	;Disminuir por100.0%	;Disminuir por100.0%	;
781	;07/03 12:00 - 13:00	;0	; --%	;Disminuir por100.0%	;1	; --%	;Sin cambios	;2	; --%	;Aumentar por100.0%	;4	;Aumentar por300.0%	;Aumentar por33.3%	;2	;Disminuir por33.3%	;Sin cambios	;8	;Disminuir por33.3%	;Disminuir por27.3%	;0	; --%	; --%	;0	;Disminuir por100.0%	;Disminuir por100.0%	;
782	;07/03 13:00 - 14:00	;0	; --%	; --%	;1	;Sin cambios	; --%	;1	;Disminuir por50.0%	;Sin cambios	;3	;Disminuir por25.0%	;Aumentar por50.0%	;0	;Disminuir por100.0%	;Disminuir por100.0%	;8	;Disminuir por27.3%	;Disminuir por55.6%	;0	; --%	; --%	;2	;Disminuir por33.3%	; --%	;
783	;07/03 14:00 - 15:00	;0	; --%	; --%	;1	; --%	; --%	;1	;Sin cambios	;Sin cambios	;4	;Disminuir por20.0%	;Aumentar por33.3%	;1	;Disminuir por85.7%	;Disminuir por75.0%	;12	;Disminuir por20.0%	;Aumentar por9.1%	;0	; --%	; --%	;1	;Sin cambios	; --%	;
784	;07/03 15:00 - 16:00	;0	; --%	; --%	;1	; --%	;Sin cambios	;0	; --%	;Disminuir por100.0%	;1	;Sin cambios	;Disminuir por66.7%	;2	;Aumentar por100.0%	; --%	;13	;Aumentar por116.7%	;Aumentar por160.0%	;0	; --%	; --%	;1	; --%	;Disminuir por50.0%	;
785	;07/03 16:00 - 17:00	;0	; --%	; --%	;0	; --%	; --%	;0	;Disminuir por100.0%	; --%	;4	;Sin cambios	;Aumentar por100.0%	;1	;Disminuir por83.3%	; --%	;5	;Disminuir por54.5%	;Aumentar por25.0%	;0	; --%	; --%	;0	; --%	; --%	;
786	;07/03 17:00 - 18:00	;0	; --%	; --%	;0	; --%	; --%	;0	; --%	; --%	;1	;Disminuir por50.0%	; --%	;0	;Disminuir por100.0%	; --%	;8	;Disminuir por50.0%	;Aumentar por14.3%	;1	;Sin cambios	; --%	;3	;Aumentar por200.0%	;Aumentar por200.0%	;
787	;07/03 18:00 - 19:00	;0	; --%	; --%	;0	; --%	; --%	;1	; --%	; --%	;3	; --%	;Aumentar por200.0%	;2	;Disminuir por50.0%	;Aumentar por100.0%	;10	;Aumentar por11.1%	;Aumentar por25.0%	;0	;Disminuir por100.0%	; --%	;1	;Sin cambios	; --%	;
788	;07/03 19:00 - 20:00	;0	; --%	; --%	;0	; --%	; --%	;0	; --%	; --%	;1	; --%	; --%	;0	; --%	;Disminuir por100.0%	;7	;Aumentar por75.0%	;Disminuir por12.5%	;0	; --%	; --%	;2	; --%	; --%	;
789	;07/03 20:00 - 21:00	;0	; --%	; --%	;0	; --%	; --%	;0	; --%	; --%	;0	; --%	;Disminuir por100.0%	;0	;Disminuir por100.0%	;Disminuir por100.0%	;2	;Disminuir por33.3%	;Disminuir por75.0%	;0	; --%	; --%	;1	; --%	; --%	;
790	;07/03 21:00 - 22:00	;0	; --%	; --%	;0	; --%	; --%	;0	; --%	; --%	;0	; --%	;Disminuir por100.0%	;0	; --%	; --%	;2	; --%	;Sin cambios	;0	; --%	; --%	;0	; --%	;Disminuir por100.0%	;
791	;07/03 22:00 - 23:00	;0	; --%	; --%	;0	; --%	;Disminuir por100.0%	;0	; --%	; --%	;1	; --%	; --%	;0	; --%	;Disminuir por100.0%	;2	; --%	;Disminuir por33.3%	;0	; --%	; --%	;0	; --%	; --%	;
792	;07/03 23:00 - 24:00	;0	; --%	; --%	;1	; --%	;Sin cambios	;0	; --%	; --%	;0	; --%	; --%	;0	;Disminuir por100.0%	; --%	;1	;Disminuir por80.0%	; --%	;0	; --%	; --%	;0	; --%	; --%	;
793	;07/04 00:00 - 01:00	;0	; --%	; --%	;2	; --%	;Aumentar por100.0%	;0	; --%	;Disminuir por100.0%	;0	; --%	;Disminuir por100.0%	;2	; --%	;Sin cambios	;2	; --%	;Disminuir por50.0%	;0	; --%	; --%	;0	; --%	; --%	;
794	;07/04 01:00 - 02:00	;0	; --%	; --%	;2	;Sin cambios	;Aumentar por100.0%	;0	; --%	;Disminuir por100.0%	;0	; --%	;Disminuir por100.0%	;0	;Disminuir por100.0%	; --%	;1	; --%	;Sin cambios	;0	; --%	; --%	;0	; --%	; --%	;
795	;07/04 02:00 - 03:00	;0	; --%	; --%	;1	; --%	;Sin cambios	;0	; --%	; --%	;0	; --%	;Disminuir por100.0%	;0	; --%	;Disminuir por100.0%	;0	; --%	;Disminuir por100.0%	;0	; --%	; --%	;0	; --%	;Disminuir por100.0%	;
796	;07/04 03:00 - 04:00	;0	; --%	; --%	;1	; --%	; --%	;0	; --%	; --%	;0	; --%	; --%	;0	; --%	;Disminuir por100.0%	;1	; --%	;Disminuir por66.7%	;0	; --%	; --%	;0	; --%	; --%	;
797	;07/04 04:00 - 05:00	;1	; --%	; --%	;0	; --%	; --%	;0	; --%	; --%	;0	; --%	; --%	;0	; --%	; --%	;1	;Sin cambios	; --%	;0	; --%	; --%	;0	; --%	; --%	;
798	;07/04 05:00 - 06:00	;0	; --%	; --%	;1	; --%	; --%	;0	; --%	; --%	;0	; --%	; --%	;0	; --%	; --%	;0	; --%	; --%	;0	; --%	; --%	;0	; --%	; --%	;
799	;07/04 06:00 - 07:00	;0	; --%	; --%	;0	; --%	;Disminuir por100.0%	;0	; --%	; --%	;0	; --%	; --%	;0	; --%	; --%	;1	; --%	;Disminuir por50.0%	;0	; --%	; --%	;0	; --%	;Disminuir por100.0%	;
800	;07/04 07:00 - 08:00	;0	; --%	; --%	;0	; --%	; --%	;0	; --%	; --%	;0	;Disminuir por100.0%	;Disminuir por100.0%	;0	; --%	;Disminuir por100.0%	;3	;Aumentar por50.0%	;Disminuir por62.5%	;0	; --%	;Disminuir por100.0%	;0	; --%	;Disminuir por100.0%	;
801	;07/04 08:00 - 09:00	;0	; --%	; --%	;1	; --%	; --%	;0	;Disminuir por100.0%	; --%	;1	;Disminuir por66.7%	;Sin cambios	;0	;Disminuir por100.0%	; --%	;8	;Disminuir por38.5%	;Disminuir por20.0%	;0	; --%	;Disminuir por100.0%	;1	;Sin cambios	;Disminuir por83.3%	;
802	;07/04 09:00 - 10:00	;0	; --%	; --%	;2	; --%	; --%	;0	; --%	;Disminuir por100.0%	;6	;Aumentar por200.0%	;Disminuir por14.3%	;0	; --%	;Disminuir por100.0%	;12	;Aumentar por33.3%	;Disminuir por7.7%	;0	; --%	; --%	;0	;Disminuir por100.0%	;Disminuir por100.0%	;
803	;07/04 10:00 - 11:00	;0	; --%	; --%	;0	; --%	; --%	;0	; --%	; --%	;8	;Aumentar por166.7%	;Aumentar por33.3%	;0	;Disminuir por100.0%	;Disminuir por100.0%	;12	;Sin cambios	;Disminuir por52.0%	;0	; --%	;Disminuir por100.0%	;0	; --%	;Disminuir por100.0%	;
804	;07/04 11:00 - 12:00	;0	; --%	; --%	;0	; --%	;Disminuir por100.0%	;0	; --%	; --%	;5	;Aumentar por150.0%	;Aumentar por25.0%	;3	; --%	;Sin cambios	;14	;Aumentar por133.3%	;Disminuir por39.1%	;0	; --%	;Disminuir por100.0%	;2	;Aumentar por100.0%	;Sin cambios	;
805	;07/04 12:00 - 13:00	;0	; --%	; --%	;0	; --%	; --%	;0	; --%	; --%	;1	;Disminuir por66.7%	;Disminuir por66.7%	;0	;Disminuir por100.0%	; --%	;5	;Disminuir por44.4%	;Sin cambios	;0	; --%	; --%	;1	;Sin cambios	; --%	;
806	;07/04 13:00 - 14:00	;0	; --%	; --%	;0	; --%	;Disminuir por100.0%	;0	;Disminuir por100.0%	; --%	;1	;Disminuir por50.0%	;Disminuir por66.7%	;1	;Sin cambios	; --%	;2	;Sin cambios	;Disminuir por75.0%	;0	; --%	; --%	;1	;Sin cambios	; --%	;
807	;07/04 14:00 - 15:00	;0	; --%	; --%	;1	; --%	; --%	;1	; --%	; --%	;5	;Aumentar por400.0%	; --%	;2	;Disminuir por33.3%	;Sin cambios	;7	;Aumentar por40.0%	;Disminuir por36.4%	;0	; --%	;Disminuir por100.0%	;0	; --%	;Disminuir por100.0%	;
808	;07/04 15:00 - 16:00	;0	; --%	; --%	;1	; --%	; --%	;0	; --%	;Disminuir por100.0%	;2	; --%	;Aumentar por100.0%	;3	; --%	;Aumentar por200.0%	;8	;Aumentar por166.7%	;Disminuir por46.7%	;0	; --%	; --%	;2	; --%	;Aumentar por100.0%	;
809	;07/04 16:00 - 17:00	;1	; --%	; --%	;1	; --%	;Sin cambios	;0	; --%	; --%	;0	; --%	;Disminuir por100.0%	;0	; --%	; --%	;6	; --%	;Sin cambios	;0	; --%	; --%	;0	; --%	; --%	;
810	;07/04 17:00 - 18:00	;0	; --%	; --%	;0	; --%	; --%	;0	; --%	; --%	;1	; --%	; --%	;0	; --%	; --%	;3	;Disminuir por25.0%	;Disminuir por40.0%	;0	; --%	;Disminuir por100.0%	;0	;Disminuir por100.0%	;Disminuir por100.0%	;
811	;07/04 18:00 - 19:00	;0	; --%	; --%	;0	; --%	; --%	;0	; --%	; --%	;0	; --%	; --%	;1	; --%	; --%	;3	; --%	;Disminuir por50.0%	;0	; --%	; --%	;0	; --%	; --%	;
812	;07/04 19:00 - 20:00	;0	; --%	; --%	;0	; --%	; --%	;0	; --%	; --%	;0	; --%	;Disminuir por100.0%	;0	;Disminuir por100.0%	; --%	;7	;Aumentar por75.0%	;Aumentar por600.0%	;0	; --%	; --%	;1	; --%	; --%	;
813	;07/04 20:00 - 21:00	;0	; --%	; --%	;0	; --%	; --%	;0	; --%	; --%	;0	; --%	;Disminuir por100.0%	;1	;Sin cambios	;Disminuir por66.7%	;1	;Disminuir por50.0%	;Disminuir por80.0%	;0	; --%	; --%	;0	; --%	; --%	;
814	;07/04 21:00 - 22:00	;0	; --%	; --%	;1	; --%	; --%	;0	; --%	; --%	;0	; --%	; --%	;0	; --%	; --%	;1	; --%	;Sin cambios	;0	; --%	; --%	;0	; --%	; --%	;
815	;07/04 22:00 - 23:00	;0	; --%	; --%	;0	; --%	; --%	;0	; --%	; --%	;0	; --%	; --%	;0	; --%	;Disminuir por100.0%	;0	; --%	;Disminuir por100.0%	;0	; --%	; --%	;0	; --%	; --%	;
816	;07/04 23:00 - 24:00	;0	; --%	; --%	;0	; --%	;Disminuir por100.0%	;0	; --%	; --%	;0	; --%	; --%	;0	;Disminuir por100.0%	; --%	;1	; --%	;Disminuir por50.0%	;0	; --%	; --%	;0	; --%	; --%	;
817	;07/05 00:00 - 01:00	;0	; --%	; --%	;0	;Disminuir por100.0%	;Disminuir por100.0%	;0	; --%	; --%	;0	; --%	; --%	;4	;Aumentar por300.0%	; --%	;7	;Aumentar por40.0%	;Aumentar por600.0%	;0	; --%	; --%	;0	; --%	;Disminuir por100.0%	;
818	;07/05 01:00 - 02:00	;2	; --%	; --%	;5	; --%	;Aumentar por400.0%	;0	; --%	; --%	;0	; --%	; --%	;0	; --%	; --%	;3	; --%	; --%	;0	; --%	; --%	;0	; --%	; --%	;
819	;07/05 02:00 - 03:00	;0	; --%	; --%	;2	; --%	; --%	;0	; --%	; --%	;0	; --%	; --%	;0	; --%	; --%	;1	; --%	;Sin cambios	;0	; --%	; --%	;0	; --%	;Disminuir por100.0%	;
820	;07/05 03:00 - 04:00	;0	; --%	; --%	;0	;Disminuir por100.0%	; --%	;0	; --%	; --%	;0	; --%	; --%	;0	; --%	;Disminuir por100.0%	;1	; --%	;Disminuir por66.7%	;0	; --%	; --%	;0	; --%	; --%	;
821	;07/05 04:00 - 05:00	;0	; --%	; --%	;0	; --%	;Disminuir por100.0%	;0	; --%	; --%	;0	; --%	; --%	;0	; --%	; --%	;0	;Disminuir por100.0%	; --%	;0	; --%	; --%	;0	; --%	; --%	;
822	;07/05 05:00 - 06:00	;0	; --%	; --%	;0	; --%	; --%	;0	; --%	; --%	;0	; --%	; --%	;0	; --%	; --%	;0	; --%	; --%	;0	; --%	;Disminuir por100.0%	;0	; --%	;Disminuir por100.0%	;
823	;07/05 06:00 - 07:00	;0	; --%	; --%	;0	; --%	; --%	;0	; --%	; --%	;0	; --%	; --%	;0	; --%	; --%	;0	;Disminuir por100.0%	;Disminuir por100.0%	;0	; --%	; --%	;1	; --%	; --%	;
824	;07/05 07:00 - 08:00	;0	; --%	; --%	;0	; --%	; --%	;0	; --%	; --%	;0	; --%	; --%	;0	; --%	; --%	;2	;Disminuir por33.3%	; --%	;0	; --%	; --%	;0	; --%	;Disminuir por100.0%	;
825	;07/05 08:00 - 09:00	;0	; --%	; --%	;0	; --%	; --%	;0	; --%	;Disminuir por100.0%	;1	;Disminuir por50.0%	;Disminuir por83.3%	;0	; --%	; --%	;3	;Disminuir por72.7%	;Disminuir por75.0%	;0	;Disminuir por100.0%	; --%	;1	;Sin cambios	; --%	;
826	;07/05 09:00 - 10:00	;0	; --%	; --%	;0	;Disminuir por100.0%	; --%	;0	; --%	;Disminuir por100.0%	;3	;Disminuir por40.0%	;Sin cambios	;0	; --%	;Disminuir por100.0%	;7	;Disminuir por30.0%	;Sin cambios	;0	; --%	; --%	;0	;Disminuir por100.0%	; --%	;
827	;07/05 10:00 - 11:00	;0	; --%	; --%	;0	;Disminuir por100.0%	; --%	;0	;Disminuir por100.0%	;Disminuir por100.0%	;3	;Disminuir por50.0%	;Disminuir por66.7%	;1	;Disminuir por50.0%	;Sin cambios	;9	;Disminuir por40.0%	;Disminuir por47.1%	;0	;Disminuir por100.0%	; --%	;0	;Disminuir por100.0%	;Disminuir por100.0%	;
828	;07/05 11:00 - 12:00	;0	; --%	; --%	;1	;Sin cambios	; --%	;0	; --%	;Disminuir por100.0%	;3	;Disminuir por25.0%	;Disminuir por40.0%	;1	;Sin cambios	; --%	;10	;Aumentar por42.9%	;Disminuir por28.6%	;0	;Disminuir por100.0%	;Disminuir por100.0%	;0	;Disminuir por100.0%	;Disminuir por100.0%	;
829	;07/05 12:00 - 13:00	;0	; --%	; --%	;0	; --%	;Disminuir por100.0%	;0	;Disminuir por100.0%	;Disminuir por100.0%	;3	;Aumentar por50.0%	;Sin cambios	;1	; --%	; --%	;5	;Aumentar por150.0%	;Disminuir por16.7%	;0	; --%	; --%	;0	;Disminuir por100.0%	;Disminuir por100.0%	;
830	;07/05 13:00 - 14:00	;0	; --%	; --%	;0	; --%	;Disminuir por100.0%	;0	;Disminuir por100.0%	;Disminuir por100.0%	;2	;Disminuir por60.0%	;Sin cambios	;3	; --%	;Aumentar por50.0%	;10	;Aumentar por233.3%	;Aumentar por11.1%	;0	; --%	; --%	;0	;Disminuir por100.0%	;Disminuir por100.0%	;
831	;07/05 14:00 - 15:00	;0	; --%	; --%	;0	; --%	; --%	;0	; --%	; --%	;1	;Sin cambios	;Disminuir por50.0%	;0	; --%	; --%	;4	; --%	;Disminuir por33.3%	;0	; --%	; --%	;0	; --%	; --%	;
832	;07/05 15:00 - 16:00	;0	; --%	; --%	;0	; --%	; --%	;0	; --%	; --%	;0	;Disminuir por100.0%	;Disminuir por100.0%	;0	; --%	; --%	;4	; --%	;Disminuir por42.9%	;0	; --%	; --%	;0	; --%	; --%	;
833	;07/05 16:00 - 17:00	;0	; --%	; --%	;0	; --%	; --%	;0	; --%	; --%	;0	;Disminuir por100.0%	; --%	;2	; --%	; --%	;8	;Aumentar por300.0%	;Aumentar por100.0%	;0	; --%	; --%	;0	; --%	; --%	;
834	;07/05 17:00 - 18:00	;0	; --%	;Disminuir por100.0%	;0	; --%	;Disminuir por100.0%	;0	; --%	; --%	;1	; --%	; --%	;2	; --%	; --%	;9	;Aumentar por200.0%	;Aumentar por125.0%	;0	; --%	; --%	;0	; --%	;Disminuir por100.0%	;
835	;07/05 18:00 - 19:00	;0	; --%	; --%	;0	;Disminuir por100.0%	; --%	;0	; --%	; --%	;0	; --%	;Disminuir por100.0%	;2	;Aumentar por100.0%	;Disminuir por33.3%	;7	;Aumentar por75.0%	;Disminuir por36.4%	;1	;Disminuir por66.7%	; --%	;2	;Disminuir por60.0%	;Aumentar por100.0%	;
836	;07/05 19:00 - 20:00	;0	; --%	; --%	;0	; --%	;Disminuir por100.0%	;0	; --%	; --%	;1	; --%	; --%	;1	;Sin cambios	;Sin cambios	;5	;Aumentar por400.0%	;Aumentar por66.7%	;0	; --%	; --%	;0	; --%	; --%	;
837	;07/05 20:00 - 21:00	;0	; --%	; --%	;0	; --%	; --%	;0	; --%	; --%	;0	; --%	;Disminuir por100.0%	;0	; --%	;Disminuir por100.0%	;1	; --%	;Disminuir por66.7%	;0	; --%	; --%	;1	; --%	; --%	;
838	;07/05 21:00 - 22:00	;0	; --%	; --%	;0	;Disminuir por100.0%	; --%	;0	; --%	; --%	;1	;Sin cambios	; --%	;1	;Disminuir por50.0%	; --%	;1	;Disminuir por80.0%	;Sin cambios	;0	; --%	; --%	;0	; --%	; --%	;
839	;07/05 22:00 - 23:00	;0	; --%	; --%	;0	; --%	; --%	;0	; --%	; --%	;1	; --%	; --%	;0	;Disminuir por100.0%	;Disminuir por100.0%	;1	;Disminuir por66.7%	;Disminuir por50.0%	;0	; --%	; --%	;0	; --%	; --%	;
840	;07/05 23:00 - 24:00	;0	; --%	; --%	;3	; --%	; --%	;0	; --%	; --%	;0	; --%	; --%	;0	;Disminuir por100.0%	; --%	;1	;Sin cambios	; --%	;0	; --%	; --%	;0	; --%	; --%	;
841	;07/06 00:00 - 01:00	;0	; --%	; --%	;1	;Sin cambios	; --%	;0	; --%	; --%	;1	; --%	; --%	;2	;Aumentar por100.0%	; --%	;3	;Disminuir por25.0%	;Aumentar por50.0%	;0	; --%	; --%	;0	; --%	; --%	;
842	;07/06 01:00 - 02:00	;0	; --%	; --%	;1	; --%	; --%	;0	; --%	; --%	;0	; --%	; --%	;0	; --%	; --%	;0	;Disminuir por100.0%	;Disminuir por100.0%	;0	; --%	; --%	;0	; --%	; --%	;
843	;07/06 02:00 - 03:00	;0	; --%	; --%	;1	; --%	; --%	;0	; --%	; --%	;0	; --%	; --%	;0	; --%	; --%	;0	; --%	;Disminuir por100.0%	;0	; --%	; --%	;0	; --%	; --%	;
844	;07/06 03:00 - 04:00	;0	; --%	; --%	;0	;Disminuir por100.0%	; --%	;0	; --%	; --%	;0	; --%	; --%	;0	; --%	;Disminuir por100.0%	;1	; --%	;Disminuir por66.7%	;0	; --%	; --%	;0	; --%	; --%	;
845	;07/06 04:00 - 05:00	;1	; --%	; --%	;2	; --%	; --%	;0	; --%	; --%	;0	; --%	; --%	;0	; --%	; --%	;1	; --%	;Sin cambios	;0	; --%	; --%	;0	; --%	; --%	;
846	;07/06 05:00 - 06:00	;0	; --%	; --%	;0	; --%	; --%	;0	; --%	; --%	;1	; --%	; --%	;0	; --%	; --%	;0	;Disminuir por100.0%	; --%	;0	; --%	; --%	;0	; --%	; --%	;
847	;07/06 06:00 - 07:00	;0	; --%	; --%	;0	; --%	; --%	;0	; --%	; --%	;0	; --%	; --%	;0	; --%	; --%	;1	; --%	; --%	;0	; --%	; --%	;1	; --%	; --%	;
848	;07/06 07:00 - 08:00	;0	; --%	; --%	;0	; --%	; --%	;0	; --%	; --%	;0	; --%	; --%	;2	;Sin cambios	; --%	;11	;Aumentar por175.0%	;Aumentar por450.0%	;0	; --%	;Disminuir por100.0%	;1	; --%	;Disminuir por80.0%	;
849	;07/06 08:00 - 09:00	;0	; --%	; --%	;0	; --%	; --%	;1	;Sin cambios	; --%	;8	;Aumentar por300.0%	;Aumentar por300.0%	;0	;Disminuir por100.0%	; --%	;9	;Aumentar por28.6%	;Aumentar por50.0%	;0	; --%	; --%	;0	;Disminuir por100.0%	;Disminuir por100.0%	;
850	;07/06 09:00 - 10:00	;0	; --%	; --%	;1	; --%	; --%	;0	; --%	; --%	;5	; --%	; --%	;2	; --%	; --%	;7	; --%	;Aumentar por16.7%	;0	; --%	; --%	;3	; --%	;Aumentar por200.0%	;
851	;07/06 10:00 - 11:00	;0	; --%	; --%	;3	;Aumentar por200.0%	;Aumentar por200.0%	;0	; --%	; --%	;3	;Aumentar por200.0%	;Aumentar por50.0%	;0	;Disminuir por100.0%	; --%	;10	;Sin cambios	;Disminuir por9.1%	;0	; --%	; --%	;5	;Aumentar por150.0%	; --%	;
852	;07/06 11:00 - 12:00	;0	; --%	; --%	;0	;Disminuir por100.0%	;Disminuir por100.0%	;3	; --%	; --%	;12	;Aumentar por300.0%	;Aumentar por1100.0%	;5	; --%	;Aumentar por25.0%	;20	;Aumentar por233.3%	;Aumentar por25.0%	;0	; --%	; --%	;4	; --%	; --%	;
853	;07/06 12:00 - 13:00	;0	; --%	; --%	;1	; --%	; --%	;0	; --%	; --%	;1	;Disminuir por50.0%	;Sin cambios	;0	; --%	; --%	;7	;Aumentar por75.0%	;Aumentar por40.0%	;5	; --%	; --%	;12	;Aumentar por1100.0%	; --%	;
854	;07/06 13:00 - 14:00	;0	; --%	; --%	;0	; --%	; --%	;1	;Disminuir por50.0%	; --%	;3	;Sin cambios	;Sin cambios	;1	; --%	;Disminuir por50.0%	;7	;Aumentar por600.0%	;Sin cambios	;0	; --%	; --%	;1	; --%	;Sin cambios	;
855	;07/06 14:00 - 15:00	;0	; --%	; --%	;1	; --%	; --%	;0	; --%	; --%	;5	;Aumentar por400.0%	;Aumentar por66.7%	;3	;Aumentar por200.0%	; --%	;14	;Aumentar por1300.0%	;Aumentar por180.0%	;0	; --%	; --%	;0	;Disminuir por100.0%	; --%	;
856	;07/06 15:00 - 16:00	;0	; --%	; --%	;1	; --%	; --%	;1	; --%	; --%	;5	; --%	;Aumentar por400.0%	;4	; --%	; --%	;11	;Aumentar por450.0%	;Aumentar por175.0%	;0	; --%	; --%	;1	; --%	; --%	;
857	;07/06 16:00 - 17:00	;0	; --%	; --%	;0	; --%	; --%	;0	; --%	; --%	;1	; --%	; --%	;3	; --%	; --%	;12	;Aumentar por300.0%	;Aumentar por200.0%	;0	; --%	; --%	;0	; --%	; --%	;
858	;07/06 17:00 - 18:00	;0	; --%	; --%	;0	; --%	;Disminuir por100.0%	;0	; --%	; --%	;1	; --%	; --%	;2	;Sin cambios	;Sin cambios	;16	;Aumentar por433.3%	;Aumentar por220.0%	;2	;Sin cambios	; --%	;2	;Disminuir por33.3%	;Aumentar por100.0%	;
859	;07/06 18:00 - 19:00	;0	; --%	; --%	;0	;Disminuir por100.0%	; --%	;0	; --%	; --%	;0	;Disminuir por100.0%	;Disminuir por100.0%	;2	;Aumentar por100.0%	;Sin cambios	;10	;Aumentar por400.0%	;Aumentar por66.7%	;0	; --%	; --%	;0	; --%	; --%	;
860	;07/06 19:00 - 20:00	;0	; --%	; --%	;0	; --%	; --%	;0	; --%	; --%	;1	; --%	; --%	;0	; --%	;Disminuir por100.0%	;2	;Aumentar por100.0%	;Disminuir por66.7%	;0	; --%	; --%	;0	; --%	; --%	;
861	;07/06 20:00 - 21:00	;0	; --%	; --%	;0	;Disminuir por100.0%	; --%	;0	; --%	; --%	;1	; --%	;Sin cambios	;4	; --%	; --%	;9	;Aumentar por200.0%	;Aumentar por800.0%	;0	; --%	; --%	;1	; --%	;Sin cambios	;
862	;07/06 21:00 - 22:00	;0	; --%	; --%	;0	; --%	; --%	;0	; --%	; --%	;2	; --%	; --%	;0	; --%	;Disminuir por100.0%	;4	;Sin cambios	;Disminuir por33.3%	;0	; --%	; --%	;0	; --%	; --%	;
863	;07/06 22:00 - 23:00	;0	; --%	; --%	;1	;Disminuir por66.7%	; --%	;0	; --%	; --%	;1	; --%	; --%	;0	;Disminuir por100.0%	;Disminuir por100.0%	;1	;Disminuir por50.0%	;Disminuir por83.3%	;0	; --%	; --%	;0	; --%	; --%	;
864	;07/06 23:00 - 24:00	;0	; --%	; --%	;0	;Disminuir por100.0%	;Disminuir por100.0%	;0	; --%	; --%	;0	; --%	; --%	;2	;Aumentar por100.0%	;Aumentar por100.0%	;3	;Disminuir por40.0%	;Aumentar por200.0%	;0	; --%	; --%	;0	;Disminuir por100.0%	;Disminuir por100.0%	;
865	;07/07 00:00 - 01:00	;0	; --%	; --%	;2	;Sin cambios	; --%	;0	; --%	; --%	;0	; --%	; --%	;0	;Disminuir por100.0%	; --%	;4	;Aumentar por33.3%	;Aumentar por300.0%	;0	; --%	; --%	;0	; --%	; --%	;
866	;07/07 01:00 - 02:00	;0	; --%	; --%	;0	; --%	; --%	;0	; --%	; --%	;0	; --%	; --%	;0	; --%	;Disminuir por100.0%	;2	; --%	;Disminuir por33.3%	;0	; --%	; --%	;0	; --%	; --%	;
867	;07/07 02:00 - 03:00	;0	; --%	; --%	;0	; --%	; --%	;0	; --%	; --%	;0	; --%	; --%	;0	; --%	; --%	;0	; --%	; --%	;0	; --%	; --%	;0	; --%	; --%	;
868	;07/07 03:00 - 04:00	;0	; --%	; --%	;1	; --%	; --%	;0	; --%	; --%	;0	; --%	; --%	;0	; --%	; --%	;1	;Sin cambios	; --%	;0	; --%	; --%	;0	; --%	; --%	;
869	;07/07 04:00 - 05:00	;0	; --%	; --%	;0	; --%	; --%	;0	; --%	; --%	;0	; --%	; --%	;2	; --%	; --%	;3	;Aumentar por200.0%	;Aumentar por50.0%	;0	; --%	; --%	;0	; --%	; --%	;
870	;07/07 05:00 - 06:00	;0	; --%	; --%	;1	; --%	; --%	;0	; --%	; --%	;0	; --%	; --%	;0	; --%	; --%	;0	; --%	; --%	;1	; --%	; --%	;2	; --%	; --%	;
871	;07/07 06:00 - 07:00	;0	; --%	; --%	;0	; --%	; --%	;0	; --%	; --%	;0	; --%	; --%	;0	; --%	; --%	;0	;Disminuir por100.0%	;Disminuir por100.0%	;0	; --%	; --%	;0	; --%	; --%	;
872	;07/07 07:00 - 08:00	;0	; --%	; --%	;0	; --%	; --%	;0	; --%	; --%	;1	; --%	;Disminuir por66.7%	;2	; --%	;Sin cambios	;7	;Aumentar por250.0%	;Aumentar por16.7%	;0	; --%	;Disminuir por100.0%	;0	; --%	;Disminuir por100.0%	;
873	;07/07 08:00 - 09:00	;0	; --%	; --%	;1	; --%	; --%	;1	; --%	; --%	;5	;Aumentar por150.0%	;Disminuir por16.7%	;2	; --%	; --%	;9	;Aumentar por50.0%	;Disminuir por30.8%	;0	; --%	;Disminuir por100.0%	;1	; --%	;Disminuir por50.0%	;
874	;07/07 09:00 - 10:00	;0	; --%	; --%	;0	; --%	;Disminuir por100.0%	;0	; --%	; --%	;3	;Disminuir por25.0%	;Disminuir por25.0%	;1	; --%	; --%	;9	;Aumentar por28.6%	;Aumentar por80.0%	;3	; --%	;Aumentar por200.0%	;7	; --%	;Aumentar por133.3%	;
875	;07/07 10:00 - 11:00	;0	; --%	; --%	;0	;Disminuir por100.0%	; --%	;0	;Disminuir por100.0%	;Disminuir por100.0%	;6	;Disminuir por25.0%	;Disminuir por25.0%	;2	; --%	; --%	;13	;Aumentar por62.5%	;Aumentar por8.3%	;1	; --%	;Disminuir por66.7%	;3	; --%	;Disminuir por50.0%	;
876	;07/07 11:00 - 12:00	;0	; --%	;Disminuir por100.0%	;1	; --%	;Disminuir por66.7%	;1	; --%	;Disminuir por50.0%	;12	;Aumentar por71.4%	;Aumentar por20.0%	;0	; --%	; --%	;11	;Aumentar por57.1%	;Disminuir por31.3%	;1	; --%	;Sin cambios	;4	;Aumentar por100.0%	;Disminuir por33.3%	;
877	;07/07 12:00 - 13:00	;0	; --%	; --%	;0	; --%	; --%	;1	; --%	; --%	;4	;Aumentar por300.0%	;Aumentar por300.0%	;0	;Disminuir por100.0%	;Disminuir por100.0%	;12	;Aumentar por300.0%	;Aumentar por50.0%	;1	; --%	;Disminuir por50.0%	;3	; --%	;Disminuir por25.0%	;
878	;07/07 13:00 - 14:00	;0	; --%	;Disminuir por100.0%	;0	;Disminuir por100.0%	;Disminuir por100.0%	;1	; --%	;Sin cambios	;2	; --%	;Disminuir por50.0%	;0	; --%	;Disminuir por100.0%	;13	;Aumentar por225.0%	;Disminuir por18.8%	;0	; --%	; --%	;0	; --%	; --%	;
879	;07/07 14:00 - 15:00	;0	; --%	;Disminuir por100.0%	;1	; --%	;Disminuir por75.0%	;0	; --%	; --%	;3	;Aumentar por50.0%	;Sin cambios	;8	; --%	; --%	;22	;Aumentar por1000.0%	;Aumentar por266.7%	;0	; --%	; --%	;0	; --%	; --%	;
880	;07/07 15:00 - 16:00	;0	; --%	; --%	;2	; --%	; --%	;3	; --%	; --%	;4	;Aumentar por300.0%	;Aumentar por300.0%	;3	; --%	;Sin cambios	;11	;Aumentar por1000.0%	;Aumentar por37.5%	;0	; --%	; --%	;1	; --%	; --%	;
881	;07/07 16:00 - 17:00	;0	; --%	; --%	;1	; --%	;Sin cambios	;0	;Disminuir por100.0%	; --%	;0	;Disminuir por100.0%	;Disminuir por100.0%	;1	; --%	; --%	;2	;Aumentar por100.0%	;Disminuir por77.8%	;0	; --%	; --%	;0	;Disminuir por100.0%	; --%	;
882	;07/07 17:00 - 18:00	;0	; --%	; --%	;0	; --%	; --%	;0	; --%	; --%	;0	; --%	;Disminuir por100.0%	;0	; --%	;Disminuir por100.0%	;7	;Aumentar por133.3%	;Disminuir por22.2%	;1	;Sin cambios	;Sin cambios	;2	;Disminuir por66.7%	;Aumentar por100.0%	;
883	;07/07 18:00 - 19:00	;0	; --%	; --%	;0	; --%	; --%	;0	; --%	; --%	;2	; --%	;Aumentar por100.0%	;2	; --%	; --%	;5	;Aumentar por400.0%	;Disminuir por37.5%	;0	; --%	; --%	;0	;Disminuir por100.0%	;Disminuir por100.0%	;
884	;07/07 19:00 - 20:00	;0	; --%	; --%	;0	; --%	; --%	;0	; --%	; --%	;1	;Sin cambios	; --%	;0	; --%	; --%	;3	;Aumentar por200.0%	;Disminuir por50.0%	;0	; --%	; --%	;0	; --%	;Disminuir por100.0%	;
885	;07/07 20:00 - 21:00	;0	; --%	; --%	;0	; --%	; --%	;0	; --%	; --%	;0	; --%	;Disminuir por100.0%	;0	; --%	;Disminuir por100.0%	;5	;Disminuir por44.4%	;Aumentar por25.0%	;0	; --%	; --%	;0	; --%	;Disminuir por100.0%	;
886	;07/07 21:00 - 22:00	;0	; --%	; --%	;1	;Disminuir por50.0%	; --%	;0	; --%	; --%	;1	;Sin cambios	; --%	;0	; --%	; --%	;0	;Disminuir por100.0%	;Disminuir por100.0%	;0	; --%	; --%	;0	; --%	; --%	;
887	;07/07 22:00 - 23:00	;0	; --%	; --%	;0	; --%	; --%	;0	; --%	; --%	;0	; --%	; --%	;0	; --%	; --%	;2	; --%	;Disminuir por33.3%	;0	; --%	; --%	;0	; --%	; --%	;
888	;07/07 23:00 - 24:00	;0	; --%	; --%	;1	;Disminuir por50.0%	;Disminuir por50.0%	;0	; --%	; --%	;0	; --%	;Disminuir por100.0%	;0	; --%	; --%	;0	;Disminuir por100.0%	;Disminuir por100.0%	;0	; --%	;Disminuir por100.0%	;0	; --%	;Disminuir por100.0%	;
889	;07/08 00:00 - 01:00	;0	; --%	; --%	;1	; --%	;Sin cambios	;0	; --%	; --%	;0	;Disminuir por100.0%	; --%	;2	; --%	; --%	;4	;Aumentar por100.0%	;Aumentar por100.0%	;0	; --%	; --%	;0	; --%	; --%	;
890	;07/08 01:00 - 02:00	;0	; --%	; --%	;0	;Disminuir por100.0%	; --%	;0	; --%	; --%	;1	; --%	; --%	;2	; --%	; --%	;5	;Aumentar por150.0%	;Aumentar por150.0%	;0	; --%	; --%	;0	; --%	; --%	;
891	;07/08 02:00 - 03:00	;0	; --%	; --%	;1	; --%	;Sin cambios	;0	; --%	; --%	;0	; --%	; --%	;0	; --%	; --%	;1	; --%	; --%	;0	; --%	; --%	;1	; --%	; --%	;
892	;07/08 03:00 - 04:00	;0	; --%	; --%	;1	; --%	;Sin cambios	;0	; --%	; --%	;0	; --%	;Disminuir por100.0%	;0	; --%	; --%	;0	; --%	;Disminuir por100.0%	;0	; --%	; --%	;0	; --%	; --%	;
893	;07/08 04:00 - 05:00	;0	; --%	; --%	;1	; --%	; --%	;0	; --%	; --%	;0	; --%	; --%	;0	; --%	; --%	;1	; --%	; --%	;0	; --%	; --%	;0	; --%	; --%	;
894	;07/08 05:00 - 06:00	;0	; --%	; --%	;0	; --%	;Disminuir por100.0%	;0	; --%	; --%	;1	; --%	; --%	;0	; --%	; --%	;0	; --%	; --%	;0	; --%	; --%	;0	; --%	; --%	;
895	;07/08 06:00 - 07:00	;0	; --%	; --%	;0	; --%	;Disminuir por100.0%	;0	; --%	; --%	;0	; --%	;Disminuir por100.0%	;0	; --%	; --%	;0	; --%	; --%	;0	;Disminuir por100.0%	; --%	;1	;Sin cambios	; --%	;
896	;07/08 07:00 - 08:00	;0	; --%	; --%	;0	; --%	; --%	;0	; --%	; --%	;1	; --%	;Disminuir por66.7%	;1	;Disminuir por50.0%	;Disminuir por66.7%	;4	;Disminuir por20.0%	;Disminuir por55.6%	;0	; --%	; --%	;0	; --%	; --%	;
897	;07/08 08:00 - 09:00	;0	; --%	; --%	;0	; --%	; --%	;0	; --%	;Disminuir por100.0%	;6	;Aumentar por50.0%	;Disminuir por14.3%	;1	;Sin cambios	;Sin cambios	;6	;Disminuir por14.3%	;Disminuir por60.0%	;0	; --%	; --%	;1	; --%	;Disminuir por80.0%	;
898	;07/08 09:00 - 10:00	;0	; --%	; --%	;0	; --%	; --%	;0	; --%	; --%	;7	;Aumentar por40.0%	;Disminuir por12.5%	;3	;Aumentar por50.0%	;Disminuir por25.0%	;12	;Aumentar por9.1%	;Disminuir por25.0%	;0	; --%	; --%	;1	;Sin cambios	;Sin cambios	;
899	;07/08 10:00 - 11:00	;0	; --%	; --%	;2	; --%	; --%	;0	;Disminuir por100.0%	; --%	;10	;Aumentar por25.0%	;Aumentar por42.9%	;4	;Aumentar por100.0%	;Aumentar por300.0%	;11	;Disminuir por31.3%	;Disminuir por45.0%	;1	;Disminuir por66.7%	;Sin cambios	;10	;Aumentar por42.9%	;Aumentar por42.9%	;
900	;07/08 11:00 - 12:00	;0	; --%	; --%	;1	;Sin cambios	;Disminuir por50.0%	;1	;Sin cambios	; --%	;14	;Aumentar por133.3%	;Aumentar por250.0%	;5	; --%	; --%	;11	;Aumentar por10.0%	;Disminuir por31.3%	;2	; --%	; --%	;8	;Aumentar por100.0%	; --%	;
901	;07/08 12:00 - 13:00	;0	; --%	; --%	;0	; --%	; --%	;0	; --%	; --%	;1	;Sin cambios	;Disminuir por83.3%	;0	;Disminuir por100.0%	;Disminuir por100.0%	;10	;Disminuir por23.1%	;Aumentar por25.0%	;0	; --%	; --%	;2	;Sin cambios	; --%	;
902	;07/08 13:00 - 14:00	;0	; --%	; --%	;1	;Sin cambios	; --%	;0	; --%	;Disminuir por100.0%	;2	;Disminuir por33.3%	;Disminuir por60.0%	;4	;Disminuir por33.3%	; --%	;16	;Disminuir por5.9%	;Aumentar por128.6%	;0	; --%	; --%	;0	; --%	; --%	;
903	;07/08 14:00 - 15:00	;0	; --%	; --%	;1	;Sin cambios	; --%	;1	; --%	;Disminuir por50.0%	;6	; --%	;Aumentar por50.0%	;2	;Aumentar por100.0%	; --%	;7	;Disminuir por22.2%	;Aumentar por40.0%	;0	; --%	; --%	;1	; --%	; --%	;
904	;07/08 15:00 - 16:00	;0	; --%	; --%	;1	;Sin cambios	; --%	;0	; --%	; --%	;4	;Aumentar por33.3%	;Aumentar por300.0%	;2	;Sin cambios	;Disminuir por33.3%	;11	;Aumentar por57.1%	;Disminuir por31.3%	;0	; --%	; --%	;1	; --%	; --%	;
905	;07/08 16:00 - 17:00	;0	; --%	; --%	;0	; --%	; --%	;0	; --%	; --%	;2	;Sin cambios	;Aumentar por100.0%	;1	;Disminuir por66.7%	;Disminuir por75.0%	;10	;Disminuir por16.7%	;Disminuir por23.1%	;0	; --%	; --%	;0	; --%	; --%	;
906	;07/08 17:00 - 18:00	;0	; --%	; --%	;0	; --%	;Disminuir por100.0%	;0	; --%	; --%	;0	;Disminuir por100.0%	;Disminuir por100.0%	;2	;Sin cambios	; --%	;12	;Aumentar por33.3%	;Aumentar por71.4%	;0	; --%	;Disminuir por100.0%	;1	; --%	;Disminuir por50.0%	;
907	;07/08 18:00 - 19:00	;0	; --%	; --%	;0	; --%	; --%	;0	; --%	; --%	;1	;Disminuir por50.0%	;Sin cambios	;0	; --%	; --%	;11	;Aumentar por57.1%	;Aumentar por120.0%	;0	; --%	; --%	;0	; --%	; --%	;
908	;07/08 19:00 - 20:00	;0	; --%	; --%	;1	; --%	; --%	;0	; --%	; --%	;0	; --%	;Disminuir por100.0%	;0	; --%	; --%	;4	;Disminuir por20.0%	;Disminuir por50.0%	;0	; --%	; --%	;1	; --%	; --%	;
909	;07/08 20:00 - 21:00	;0	; --%	; --%	;0	;Disminuir por100.0%	; --%	;0	; --%	; --%	;0	;Disminuir por100.0%	; --%	;0	;Disminuir por100.0%	; --%	;5	;Disminuir por16.7%	;Aumentar por400.0%	;0	; --%	; --%	;2	; --%	; --%	;
910	;07/08 21:00 - 22:00	;0	; --%	; --%	;0	;Disminuir por100.0%	; --%	;0	; --%	; --%	;0	; --%	; --%	;0	;Disminuir por100.0%	;Disminuir por100.0%	;1	;Disminuir por85.7%	;Disminuir por85.7%	;0	; --%	; --%	;0	; --%	; --%	;
911	;07/08 22:00 - 23:00	;0	; --%	; --%	;0	;Disminuir por100.0%	; --%	;0	; --%	; --%	;1	; --%	; --%	;0	;Disminuir por100.0%	;Disminuir por100.0%	;1	;Disminuir por75.0%	;Sin cambios	;0	; --%	; --%	;0	; --%	; --%	;
912	;07/08 23:00 - 24:00	;0	; --%	; --%	;0	;Disminuir por100.0%	; --%	;0	; --%	; --%	;0	; --%	; --%	;2	; --%	;Sin cambios	;4	;Aumentar por100.0%	;Aumentar por33.3%	;0	; --%	; --%	;0	; --%	;Disminuir por100.0%	;
913	;07/09 00:00 - 01:00	;0	; --%	; --%	;1	; --%	;Sin cambios	;0	; --%	; --%	;0	; --%	; --%	;0	; --%	;Disminuir por100.0%	;1	;Disminuir por50.0%	;Disminuir por80.0%	;0	; --%	; --%	;0	; --%	; --%	;
914	;07/09 01:00 - 02:00	;0	; --%	; --%	;1	; --%	;Sin cambios	;0	; --%	; --%	;0	; --%	; --%	;0	; --%	; --%	;2	; --%	;Sin cambios	;0	; --%	; --%	;0	; --%	; --%	;
915	;07/09 02:00 - 03:00	;0	; --%	; --%	;1	; --%	; --%	;0	; --%	; --%	;0	; --%	; --%	;0	; --%	;Disminuir por100.0%	;1	; --%	;Disminuir por75.0%	;0	;Disminuir por100.0%	; --%	;0	;Disminuir por100.0%	; --%	;
916	;07/09 03:00 - 04:00	;0	; --%	; --%	;1	; --%	;Sin cambios	;0	; --%	; --%	;0	; --%	; --%	;0	; --%	; --%	;0	;Disminuir por100.0%	; --%	;0	; --%	;Disminuir por100.0%	;0	; --%	;Disminuir por100.0%	;
917	;07/09 04:00 - 05:00	;0	; --%	; --%	;0	; --%	; --%	;0	; --%	; --%	;0	; --%	; --%	;0	; --%	; --%	;0	; --%	;Disminuir por100.0%	;0	; --%	;Disminuir por100.0%	;0	; --%	;Disminuir por100.0%	;
918	;07/09 05:00 - 06:00	;0	; --%	; --%	;0	; --%	; --%	;0	; --%	; --%	;1	; --%	; --%	;1	; --%	; --%	;1	; --%	;Sin cambios	;0	; --%	; --%	;0	; --%	; --%	;
919	;07/09 06:00 - 07:00	;1	; --%	; --%	;0	;Disminuir por100.0%	;Disminuir por100.0%	;0	; --%	; --%	;0	; --%	; --%	;0	; --%	; --%	;1	; --%	; --%	;0	; --%	; --%	;0	;Disminuir por100.0%	; --%	;
920	;07/09 07:00 - 08:00	;0	; --%	; --%	;0	;Disminuir por100.0%	; --%	;1	; --%	; --%	;2	;Aumentar por100.0%	;Sin cambios	;0	;Disminuir por100.0%	;Disminuir por100.0%	;3	;Disminuir por62.5%	;Disminuir por62.5%	;0	; --%	; --%	;0	; --%	; --%	;
921	;07/09 08:00 - 09:00	;0	; --%	; --%	;0	; --%	; --%	;0	; --%	; --%	;8	;Aumentar por300.0%	; --%	;2	; --%	; --%	;11	;Aumentar por120.0%	;Disminuir por21.4%	;0	; --%	; --%	;3	;Aumentar por200.0%	; --%	;
922	;07/09 09:00 - 10:00	;2	; --%	; --%	;3	;Aumentar por200.0%	;Aumentar por200.0%	;0	; --%	; --%	;3	;Disminuir por57.1%	;Aumentar por200.0%	;3	;Aumentar por50.0%	; --%	;17	;Aumentar por70.0%	;Aumentar por41.7%	;0	;Disminuir por100.0%	; --%	;2	;Disminuir por33.3%	; --%	;
923	;07/09 10:00 - 11:00	;0	; --%	; --%	;2	; --%	; --%	;1	;Disminuir por50.0%	; --%	;11	;Aumentar por22.2%	;Aumentar por22.2%	;0	;Disminuir por100.0%	;Disminuir por100.0%	;8	;Disminuir por61.9%	;Disminuir por63.6%	;0	;Disminuir por100.0%	; --%	;1	;Disminuir por80.0%	;Disminuir por50.0%	;
924	;07/09 11:00 - 12:00	;0	; --%	; --%	;1	; --%	; --%	;0	; --%	;Disminuir por100.0%	;9	;Aumentar por350.0%	;Aumentar por50.0%	;0	;Disminuir por100.0%	;Disminuir por100.0%	;11	;Disminuir por8.3%	;Disminuir por38.9%	;0	; --%	;Disminuir por100.0%	;2	;Disminuir por33.3%	;Sin cambios	;
925	;07/09 12:00 - 13:00	;0	; --%	; --%	;0	; --%	;Disminuir por100.0%	;0	; --%	; --%	;4	;Aumentar por33.3%	; --%	;6	; --%	;Aumentar por200.0%	;23	;Aumentar por130.0%	;Aumentar por109.1%	;1	; --%	; --%	;4	; --%	;Aumentar por300.0%	;
926	;07/09 13:00 - 14:00	;0	; --%	; --%	;0	;Disminuir por100.0%	;Disminuir por100.0%	;0	;Disminuir por100.0%	;Disminuir por100.0%	;0	;Disminuir por100.0%	;Disminuir por100.0%	;0	; --%	;Disminuir por100.0%	;4	;Disminuir por60.0%	;Disminuir por82.6%	;0	; --%	; --%	;5	;Aumentar por400.0%	;Aumentar por150.0%	;
927	;07/09 14:00 - 15:00	;0	; --%	; --%	;2	; --%	; --%	;0	; --%	;Disminuir por100.0%	;1	;Sin cambios	;Sin cambios	;0	;Disminuir por100.0%	; --%	;5	;Disminuir por50.0%	;Disminuir por16.7%	;0	; --%	; --%	;0	;Disminuir por100.0%	; --%	;
928	;07/09 15:00 - 16:00	;0	; --%	;Disminuir por100.0%	;0	; --%	;Disminuir por100.0%	;0	;Disminuir por100.0%	; --%	;1	;Disminuir por66.7%	;Sin cambios	;2	; --%	;Sin cambios	;16	;Aumentar por23.1%	;Aumentar por6.7%	;0	; --%	; --%	;0	; --%	;Disminuir por100.0%	;
929	;07/09 16:00 - 17:00	;0	; --%	; --%	;3	;Aumentar por200.0%	; --%	;0	;Disminuir por100.0%	; --%	;2	;Disminuir por66.7%	;Aumentar por100.0%	;3	;Aumentar por50.0%	; --%	;18	;Aumentar por350.0%	;Aumentar por125.0%	;0	; --%	; --%	;0	;Disminuir por100.0%	; --%	;
930	;07/09 17:00 - 18:00	;0	; --%	; --%	;0	; --%	; --%	;0	; --%	; --%	;0	;Disminuir por100.0%	;Disminuir por100.0%	;0	; --%	; --%	;9	;Disminuir por10.0%	;Aumentar por12.5%	;2	; --%	; --%	;2	;Aumentar por100.0%	;Aumentar por100.0%	;
931	;07/09 18:00 - 19:00	;0	; --%	; --%	;0	; --%	;Disminuir por100.0%	;3	; --%	; --%	;5	; --%	;Aumentar por400.0%	;1	;Sin cambios	; --%	;4	;Disminuir por33.3%	;Disminuir por33.3%	;0	; --%	; --%	;0	;Disminuir por100.0%	; --%	;
932	;07/09 19:00 - 20:00	;0	; --%	; --%	;0	; --%	;Disminuir por100.0%	;0	; --%	; --%	;1	;Sin cambios	;Sin cambios	;0	;Disminuir por100.0%	; --%	;2	;Disminuir por75.0%	; --%	;0	; --%	; --%	;0	; --%	; --%	;
933	;07/09 20:00 - 21:00	;0	;Disminuir por100.0%	; --%	;0	;Disminuir por100.0%	; --%	;0	; --%	; --%	;0	;Disminuir por100.0%	;Disminuir por100.0%	;0	; --%	; --%	;4	;Disminuir por20.0%	;Aumentar por300.0%	;0	; --%	; --%	;0	; --%	; --%	;
934	;07/09 21:00 - 22:00	;0	; --%	; --%	;0	;Disminuir por100.0%	; --%	;0	; --%	; --%	;0	;Disminuir por100.0%	;Disminuir por100.0%	;0	; --%	; --%	;0	;Disminuir por100.0%	; --%	;0	; --%	; --%	;0	; --%	; --%	;
935	;07/09 22:00 - 23:00	;0	; --%	; --%	;1	;Sin cambios	; --%	;0	; --%	; --%	;0	; --%	; --%	;1	; --%	; --%	;1	;Disminuir por75.0%	; --%	;0	; --%	; --%	;0	; --%	; --%	;
936	;07/09 23:00 - 24:00	;0	; --%	; --%	;0	;Disminuir por100.0%	;Disminuir por100.0%	;0	; --%	; --%	;0	; --%	; --%	;3	; --%	;Aumentar por50.0%	;8	;Aumentar por166.7%	;Aumentar por100.0%	;0	; --%	; --%	;0	; --%	; --%	;
937	;07/10 00:00 - 01:00	;0	; --%	; --%	;0	;Disminuir por100.0%	; --%	;0	; --%	; --%	;0	; --%	; --%	;0	; --%	;Disminuir por100.0%	;1	;Sin cambios	;Disminuir por50.0%	;0	; --%	; --%	;0	; --%	; --%	;
938	;07/10 01:00 - 02:00	;0	; --%	; --%	;3	; --%	; --%	;0	; --%	; --%	;0	; --%	; --%	;0	; --%	; --%	;2	; --%	;Aumentar por100.0%	;0	; --%	; --%	;0	; --%	; --%	;
939	;07/10 02:00 - 03:00	;0	; --%	; --%	;0	;Disminuir por100.0%	; --%	;0	; --%	; --%	;0	; --%	; --%	;0	; --%	;Disminuir por100.0%	;0	; --%	;Disminuir por100.0%	;0	; --%	; --%	;0	; --%	; --%	;
940	;07/10 03:00 - 04:00	;0	; --%	; --%	;1	;Sin cambios	;Sin cambios	;0	; --%	; --%	;0	; --%	; --%	;0	; --%	; --%	;0	; --%	; --%	;0	; --%	;Disminuir por100.0%	;0	; --%	;Disminuir por100.0%	;
941	;07/10 04:00 - 05:00	;0	; --%	; --%	;0	; --%	; --%	;0	; --%	; --%	;0	; --%	; --%	;0	; --%	; --%	;1	; --%	; --%	;0	; --%	; --%	;0	; --%	; --%	;
942	;07/10 05:00 - 06:00	;0	; --%	; --%	;0	;Disminuir por100.0%	; --%	;0	; --%	; --%	;1	; --%	; --%	;0	; --%	; --%	;0	; --%	;Disminuir por100.0%	;0	; --%	; --%	;0	; --%	; --%	;
943	;07/10 06:00 - 07:00	;0	; --%	; --%	;0	;Disminuir por100.0%	;Disminuir por100.0%	;0	; --%	; --%	;0	; --%	; --%	;0	; --%	; --%	;0	; --%	; --%	;0	; --%	; --%	;1	; --%	; --%	;
944	;07/10 07:00 - 08:00	;0	; --%	; --%	;0	;Disminuir por100.0%	;Disminuir por100.0%	;1	; --%	; --%	;3	; --%	;Aumentar por50.0%	;0	;Disminuir por100.0%	;Disminuir por100.0%	;2	;Disminuir por60.0%	;Disminuir por77.8%	;0	; --%	; --%	;0	; --%	;Disminuir por100.0%	;
945	;07/10 08:00 - 09:00	;0	; --%	; --%	;1	; --%	;Disminuir por50.0%	;0	; --%	; --%	;10	;Aumentar por150.0%	;Aumentar por900.0%	;1	;Disminuir por90.0%	; --%	;8	;Disminuir por38.5%	;Disminuir por20.0%	;0	; --%	;Disminuir por100.0%	;5	;Aumentar por400.0%	;Sin cambios	;
946	;07/10 09:00 - 10:00	;0	; --%	; --%	;0	;Disminuir por100.0%	;Disminuir por100.0%	;0	; --%	; --%	;3	;Disminuir por40.0%	;Disminuir por25.0%	;3	; --%	;Aumentar por200.0%	;15	;Aumentar por114.3%	;Aumentar por66.7%	;0	; --%	;Disminuir por100.0%	;8	; --%	;Aumentar por100.0%	;
947	;07/10 10:00 - 11:00	;1	; --%	; --%	;1	; --%	; --%	;1	;Sin cambios	;Disminuir por75.0%	;14	;Disminuir por17.6%	;Disminuir por6.7%	;3	; --%	;Disminuir por25.0%	;17	;Disminuir por10.5%	;Disminuir por22.7%	;1	;Sin cambios	; --%	;7	;Aumentar por75.0%	;Aumentar por250.0%	;
948	;07/10 11:00 - 12:00	;0	; --%	; --%	;0	; --%	; --%	;0	;Disminuir por100.0%	;Disminuir por100.0%	;5	;Disminuir por54.5%	;Disminuir por64.3%	;0	;Disminuir por100.0%	;Disminuir por100.0%	;8	;Disminuir por52.9%	;Disminuir por60.0%	;0	; --%	; --%	;5	;Aumentar por400.0%	;Aumentar por66.7%	;
949	;07/10 12:00 - 13:00	;0	; --%	; --%	;0	;Disminuir por100.0%	; --%	;0	;Disminuir por100.0%	; --%	;1	;Disminuir por92.9%	;Disminuir por66.7%	;2	;Sin cambios	; --%	;6	;Disminuir por57.1%	;Disminuir por53.8%	;0	; --%	; --%	;0	;Disminuir por100.0%	;Disminuir por100.0%	;
950	;07/10 13:00 - 14:00	;0	; --%	; --%	;0	;Disminuir por100.0%	; --%	;2	; --%	;Sin cambios	;6	;Aumentar por50.0%	;Disminuir por14.3%	;4	;Aumentar por100.0%	;Aumentar por300.0%	;19	;Aumentar por58.3%	;Aumentar por137.5%	;0	; --%	;Disminuir por100.0%	;0	;Disminuir por100.0%	;Disminuir por100.0%	;
951	;07/10 14:00 - 15:00	;0	; --%	; --%	;2	; --%	; --%	;1	; --%	;Disminuir por50.0%	;4	;Aumentar por300.0%	;Sin cambios	;1	;Disminuir por50.0%	;Sin cambios	;9	;Disminuir por18.2%	;Sin cambios	;0	; --%	; --%	;2	;Aumentar por100.0%	;Aumentar por100.0%	;
952	;07/10 15:00 - 16:00	;1	; --%	; --%	;3	; --%	; --%	;0	; --%	;Disminuir por100.0%	;0	; --%	;Disminuir por100.0%	;2	;Aumentar por100.0%	;Disminuir por33.3%	;5	;Disminuir por54.5%	;Sin cambios	;0	; --%	; --%	;3	; --%	;Aumentar por200.0%	;
953	;07/10 16:00 - 17:00	;0	; --%	; --%	;0	; --%	; --%	;0	; --%	; --%	;3	; --%	;Aumentar por200.0%	;1	; --%	; --%	;10	;Sin cambios	;Disminuir por9.1%	;1	; --%	; --%	;2	; --%	; --%	;
954	;07/10 17:00 - 18:00	;0	; --%	; --%	;0	; --%	; --%	;0	; --%	; --%	;3	;Aumentar por50.0%	;Sin cambios	;0	;Disminuir por100.0%	;Disminuir por100.0%	;5	;Disminuir por44.4%	;Aumentar por25.0%	;0	;Disminuir por100.0%	; --%	;0	;Disminuir por100.0%	; --%	;
955	;07/10 18:00 - 19:00	;0	; --%	; --%	;1	; --%	;Sin cambios	;0	; --%	; --%	;4	; --%	;Aumentar por300.0%	;1	; --%	; --%	;7	;Disminuir por22.2%	;Sin cambios	;0	; --%	; --%	;0	; --%	; --%	;
956	;07/10 19:00 - 20:00	;0	; --%	; --%	;0	; --%	; --%	;0	; --%	; --%	;0	;Disminuir por100.0%	; --%	;2	; --%	;Sin cambios	;8	;Aumentar por60.0%	;Disminuir por50.0%	;0	; --%	; --%	;0	;Disminuir por100.0%	; --%	;
957	;07/10 20:00 - 21:00	;0	; --%	; --%	;0	;Disminuir por100.0%	; --%	;0	; --%	; --%	;1	;Disminuir por50.0%	;Sin cambios	;2	; --%	;Disminuir por33.3%	;7	;Aumentar por133.3%	;Aumentar por40.0%	;0	;Disminuir por100.0%	; --%	;0	;Disminuir por100.0%	; --%	;
958	;07/10 21:00 - 22:00	;0	; --%	; --%	;0	;Disminuir por100.0%	; --%	;0	; --%	; --%	;0	;Disminuir por100.0%	; --%	;0	; --%	; --%	;0	;Disminuir por100.0%	;Disminuir por100.0%	;0	; --%	; --%	;0	; --%	; --%	;
959	;07/10 22:00 - 23:00	;0	; --%	; --%	;1	;Disminuir por50.0%	; --%	;0	; --%	; --%	;0	; --%	; --%	;0	; --%	; --%	;1	;Sin cambios	; --%	;0	; --%	; --%	;0	; --%	; --%	;
960	;07/10 23:00 - 24:00	;0	; --%	; --%	;1	;Disminuir por50.0%	;Sin cambios	;0	; --%	; --%	;0	; --%	; --%	;0	; --%	; --%	;1	;Disminuir por75.0%	; --%	;0	; --%	; --%	;0	; --%	; --%	;
961	;07/11 00:00 - 01:00	;0	; --%	; --%	;3	; --%	;Aumentar por50.0%	;0	; --%	; --%	;0	; --%	; --%	;0	; --%	; --%	;2	;Sin cambios	;Disminuir por50.0%	;0	; --%	; --%	;1	; --%	; --%	;
962	;07/11 01:00 - 02:00	;0	; --%	; --%	;2	; --%	;Aumentar por100.0%	;0	; --%	; --%	;0	; --%	; --%	;0	; --%	; --%	;2	; --%	; --%	;0	; --%	; --%	;0	;Disminuir por100.0%	; --%	;
963	;07/11 02:00 - 03:00	;0	; --%	; --%	;0	; --%	;Disminuir por100.0%	;0	; --%	; --%	;0	; --%	; --%	;0	; --%	;Disminuir por100.0%	;1	;Sin cambios	;Disminuir por66.7%	;0	; --%	; --%	;0	; --%	;Disminuir por100.0%	;
964	;07/11 03:00 - 04:00	;0	; --%	; --%	;1	;Sin cambios	; --%	;0	; --%	; --%	;0	; --%	; --%	;1	; --%	; --%	;1	; --%	; --%	;0	; --%	; --%	;0	; --%	; --%	;
965	;07/11 04:00 - 05:00	;0	; --%	; --%	;0	; --%	;Disminuir por100.0%	;0	; --%	; --%	;0	; --%	; --%	;0	; --%	; --%	;0	; --%	; --%	;0	; --%	; --%	;0	; --%	; --%	;
966	;07/11 05:00 - 06:00	;0	; --%	; --%	;1	; --%	;Sin cambios	;0	; --%	; --%	;0	; --%	; --%	;2	; --%	; --%	;3	; --%	; --%	;0	; --%	; --%	;0	; --%	; --%	;
967	;07/11 06:00 - 07:00	;0	; --%	;Disminuir por100.0%	;1	; --%	;Disminuir por75.0%	;0	; --%	; --%	;0	; --%	; --%	;0	; --%	; --%	;2	; --%	;Aumentar por100.0%	;0	;Disminuir por100.0%	; --%	;0	;Disminuir por100.0%	; --%	;
968	;07/11 07:00 - 08:00	;0	; --%	; --%	;0	;Disminuir por100.0%	;Disminuir por100.0%	;0	; --%	;Disminuir por100.0%	;0	;Disminuir por100.0%	;Disminuir por100.0%	;1	;Disminuir por66.7%	;Disminuir por50.0%	;4	;Disminuir por42.9%	;Disminuir por66.7%	;0	; --%	;Disminuir por100.0%	;0	; --%	;Disminuir por100.0%	;
969	;07/11 08:00 - 09:00	;0	; --%	; --%	;0	; --%	; --%	;0	;Disminuir por100.0%	;Disminuir por100.0%	;5	;Aumentar por66.7%	;Disminuir por28.6%	;0	;Disminuir por100.0%	; --%	;9	;Aumentar por12.5%	;Disminuir por47.1%	;0	; --%	;Disminuir por100.0%	;0	;Disminuir por100.0%	;Disminuir por100.0%	;
970	;07/11 09:00 - 10:00	;0	; --%	; --%	;0	; --%	;Disminuir por100.0%	;0	; --%	; --%	;3	;Aumentar por200.0%	;Sin cambios	;2	;Aumentar por100.0%	;Disminuir por50.0%	;11	;Disminuir por21.4%	;Disminuir por42.1%	;0	; --%	;Disminuir por100.0%	;1	;Sin cambios	;Disminuir por90.0%	;
971	;07/11 10:00 - 11:00	;0	; --%	; --%	;1	;Sin cambios	; --%	;1	;Disminuir por80.0%	; --%	;8	;Disminuir por57.9%	;Aumentar por300.0%	;2	;Disminuir por33.3%	;Sin cambios	;9	;Disminuir por47.1%	;Disminuir por70.0%	;0	; --%	; --%	;2	;Aumentar por100.0%	;Disminuir por33.3%	;
972	;07/11 11:00 - 12:00	;0	; --%	; --%	;0	; --%	; --%	;0	;Disminuir por100.0%	; --%	;10	;Aumentar por11.1%	;Aumentar por25.0%	;0	;Disminuir por100.0%	;Disminuir por100.0%	;4	;Disminuir por78.9%	;Disminuir por81.8%	;0	; --%	; --%	;0	;Disminuir por100.0%	;Disminuir por100.0%	;
973	;07/11 12:00 - 13:00	;0	; --%	; --%	;0	; --%	; --%	;1	; --%	; --%	;2	;Disminuir por33.3%	;Disminuir por66.7%	;5	; --%	;Aumentar por66.7%	;15	;Aumentar por15.4%	;Disminuir por28.6%	;0	;Disminuir por100.0%	; --%	;0	;Disminuir por100.0%	;Disminuir por100.0%	;
974	;07/11 13:00 - 14:00	;0	; --%	; --%	;0	; --%	; --%	;0	;Disminuir por100.0%	;Disminuir por100.0%	;2	;Disminuir por77.8%	;Disminuir por50.0%	;0	; --%	;Disminuir por100.0%	;7	;Sin cambios	;Disminuir por50.0%	;0	; --%	; --%	;0	;Disminuir por100.0%	;Disminuir por100.0%	;
975	;07/11 14:00 - 15:00	;0	; --%	; --%	;0	;Disminuir por100.0%	; --%	;0	;Disminuir por100.0%	; --%	;0	;Disminuir por100.0%	;Disminuir por100.0%	;0	;Disminuir por100.0%	;Disminuir por100.0%	;4	;Disminuir por33.3%	;Disminuir por63.6%	;0	; --%	; --%	;1	;Disminuir por66.7%	; --%	;
976	;07/11 15:00 - 16:00	;0	; --%	; --%	;0	; --%	; --%	;0	;Disminuir por100.0%	;Disminuir por100.0%	;1	;Disminuir por80.0%	;Disminuir por80.0%	;0	; --%	;Disminuir por100.0%	;2	;Disminuir por71.4%	;Disminuir por80.0%	;0	; --%	; --%	;0	;Disminuir por100.0%	;Disminuir por100.0%	;
977	;07/11 16:00 - 17:00	;0	; --%	; --%	;0	; --%	; --%	;0	; --%	; --%	;1	;Sin cambios	;Sin cambios	;0	; --%	;Disminuir por100.0%	;2	;Disminuir por60.0%	;Disminuir por77.8%	;0	; --%	; --%	;0	; --%	; --%	;
978	;07/11 17:00 - 18:00	;0	; --%	; --%	;0	;Disminuir por100.0%	; --%	;0	; --%	; --%	;0	; --%	;Disminuir por100.0%	;0	; --%	; --%	;1	;Disminuir por80.0%	;Disminuir por80.0%	;1	;Sin cambios	; --%	;2	;Sin cambios	; --%	;
979	;07/11 18:00 - 19:00	;0	; --%	; --%	;0	; --%	; --%	;0	; --%	; --%	;1	;Sin cambios	; --%	;0	; --%	;Disminuir por100.0%	;7	;Disminuir por12.5%	;Disminuir por46.2%	;0	; --%	; --%	;0	; --%	; --%	;
980	;07/11 19:00 - 20:00	;0	; --%	; --%	;0	; --%	; --%	;0	; --%	; --%	;1	; --%	;Disminuir por50.0%	;0	; --%	;Disminuir por100.0%	;3	;Disminuir por25.0%	;Disminuir por70.0%	;0	; --%	; --%	;0	; --%	;Disminuir por100.0%	;
981	;07/11 20:00 - 21:00	;0	; --%	; --%	;0	;Disminuir por100.0%	; --%	;0	; --%	;Disminuir por100.0%	;1	;Disminuir por50.0%	;Disminuir por66.7%	;4	;Aumentar por100.0%	; --%	;7	;Disminuir por22.2%	;Aumentar por75.0%	;0	; --%	; --%	;0	; --%	; --%	;
982	;07/11 21:00 - 22:00	;0	; --%	; --%	;0	; --%	; --%	;0	; --%	; --%	;0	; --%	; --%	;0	; --%	; --%	;0	;Disminuir por100.0%	;Disminuir por100.0%	;0	; --%	; --%	;0	; --%	; --%	;
983	;07/11 22:00 - 23:00	;0	; --%	; --%	;1	;Sin cambios	;Disminuir por50.0%	;0	; --%	; --%	;0	; --%	; --%	;0	; --%	;Disminuir por100.0%	;2	; --%	;Disminuir por33.3%	;0	; --%	; --%	;0	; --%	;Disminuir por100.0%	;
984	;07/11 23:00 - 24:00	;0	; --%	; --%	;0	;Disminuir por100.0%	;Disminuir por100.0%	;0	; --%	; --%	;0	;Disminuir por100.0%	;Disminuir por100.0%	;0	; --%	; --%	;0	;Disminuir por100.0%	;Disminuir por100.0%	;0	; --%	; --%	;0	; --%	; --%	;
985	;07/12 00:00 - 01:00	;1	; --%	; --%	;2	; --%	; --%	;0	; --%	; --%	;0	; --%	; --%	;0	; --%	; --%	;0	; --%	;Disminuir por100.0%	;0	; --%	; --%	;0	; --%	; --%	;
986	;07/12 01:00 - 02:00	;0	; --%	; --%	;1	; --%	;Disminuir por50.0%	;0	; --%	; --%	;2	; --%	;Aumentar por100.0%	;2	; --%	; --%	;4	; --%	; --%	;0	; --%	; --%	;0	; --%	; --%	;
987	;07/12 02:00 - 03:00	;0	; --%	; --%	;3	; --%	;Aumentar por200.0%	;0	; --%	; --%	;0	; --%	; --%	;2	; --%	; --%	;3	; --%	;Aumentar por200.0%	;1	; --%	; --%	;2	; --%	; --%	;
988	;07/12 03:00 - 04:00	;0	; --%	; --%	;2	; --%	; --%	;0	; --%	; --%	;0	; --%	; --%	;0	; --%	;Disminuir por100.0%	;0	; --%	;Disminuir por100.0%	;0	; --%	; --%	;1	; --%	;Sin cambios	;
989	;07/12 04:00 - 05:00	;0	; --%	; --%	;1	; --%	; --%	;0	; --%	; --%	;0	; --%	; --%	;2	; --%	;Disminuir por99.4%	;4	; --%	;Disminuir por98.9%	;0	; --%	; --%	;0	; --%	; --%	;
990	;07/12 05:00 - 06:00	;0	; --%	; --%	;0	; --%	; --%	;0	; --%	; --%	;1	; --%	; --%	;2	; --%	; --%	;4	; --%	;Aumentar por300.0%	;0	; --%	; --%	;0	; --%	;Disminuir por100.0%	;
991	;07/12 06:00 - 07:00	;0	; --%	; --%	;0	; --%	; --%	;0	; --%	; --%	;0	; --%	;Disminuir por100.0%	;0	; --%	; --%	;1	; --%	; --%	;0	; --%	; --%	;0	; --%	; --%	;
992	;07/12 07:00 - 08:00	;0	; --%	; --%	;0	; --%	; --%	;0	; --%	; --%	;0	; --%	; --%	;0	; --%	; --%	;1	;Disminuir por66.7%	;Disminuir por50.0%	;0	; --%	; --%	;0	; --%	;Disminuir por100.0%	;
993	;07/12 08:00 - 09:00	;0	; --%	; --%	;0	; --%	; --%	;0	; --%	; --%	;1	;Disminuir por75.0%	;Disminuir por50.0%	;0	; --%	; --%	;1	;Disminuir por80.0%	;Disminuir por80.0%	;0	; --%	; --%	;0	;Disminuir por100.0%	; --%	;
994	;07/12 09:00 - 10:00	;0	; --%	; --%	;0	;Disminuir por100.0%	;Disminuir por100.0%	;0	; --%	; --%	;3	;Aumentar por200.0%	;Sin cambios	;0	;Disminuir por100.0%	;Disminuir por100.0%	;3	;Disminuir por57.1%	;Aumentar por50.0%	;0	; --%	; --%	;1	;Sin cambios	; --%	;
995	;07/12 10:00 - 11:00	;0	; --%	;Disminuir por100.0%	;1	; --%	;Sin cambios	;0	;Disminuir por100.0%	; --%	;2	;Disminuir por60.0%	;Disminuir por50.0%	;0	; --%	; --%	;9	;Aumentar por12.5%	;Disminuir por35.7%	;0	; --%	; --%	;1	;Disminuir por66.7%	;Disminuir por75.0%	;
996	;07/12 11:00 - 12:00	;0	; --%	; --%	;1	;Disminuir por50.0%	; --%	;0	; --%	; --%	;5	;Aumentar por66.7%	;Sin cambios	;4	; --%	;Aumentar por100.0%	;13	;Aumentar por62.5%	;Aumentar por18.2%	;0	; --%	; --%	;2	;Aumentar por100.0%	;Aumentar por100.0%	;
997	;07/12 12:00 - 13:00	;0	; --%	; --%	;0	; --%	;Disminuir por100.0%	;0	; --%	; --%	;0	; --%	;Disminuir por100.0%	;0	;Disminuir por100.0%	;Disminuir por100.0%	;3	;Disminuir por75.0%	;Disminuir por62.5%	;0	; --%	; --%	;0	;Disminuir por100.0%	;Disminuir por100.0%	;
998	;07/12 13:00 - 14:00	;0	; --%	; --%	;1	; --%	;Sin cambios	;0	; --%	; --%	;2	; --%	;Sin cambios	;0	; --%	; --%	;5	;Aumentar por25.0%	;Disminuir por28.6%	;0	; --%	; --%	;0	; --%	; --%	;
999	;07/12 14:00 - 15:00	;0	; --%	; --%	;0	; --%	; --%	;0	; --%	; --%	;1	; --%	; --%	;0	; --%	; --%	;1	;Disminuir por50.0%	;Disminuir por75.0%	;0	; --%	; --%	;1	; --%	; --%	;
1000	;07/12 15:00 - 16:00	;0	; --%	; --%	;0	; --%	; --%	;0	; --%	; --%	;0	; --%	;Disminuir por100.0%	;0	;Disminuir por100.0%	;Disminuir por100.0%	;4	;Disminuir por20.0%	;Disminuir por20.0%	;0	; --%	; --%	;1	; --%	; --%	;
1001	;07/12 16:00 - 17:00	;0	; --%	; --%	;0	; --%	; --%	;1	; --%	;Disminuir por50.0%	;3	;Aumentar por200.0%	;Disminuir por25.0%	;1	; --%	; --%	;5	;Disminuir por16.7%	;Disminuir por16.7%	;0	; --%	; --%	;0	;Disminuir por100.0%	; --%	;
1002	;07/12 17:00 - 18:00	;0	; --%	; --%	;2	; --%	; --%	;0	; --%	; --%	;0	; --%	; --%	;2	; --%	;Aumentar por100.0%	;5	;Aumentar por150.0%	;Sin cambios	;2	;Aumentar por100.0%	; --%	;2	;Aumentar por100.0%	; --%	;
1003	;07/12 18:00 - 19:00	;0	; --%	; --%	;0	; --%	; --%	;0	; --%	; --%	;0	;Disminuir por100.0%	;Disminuir por100.0%	;0	; --%	; --%	;4	;Aumentar por300.0%	;Disminuir por33.3%	;0	; --%	; --%	;1	; --%	; --%	;
1004	;07/12 19:00 - 20:00	;0	; --%	; --%	;0	; --%	; --%	;0	; --%	; --%	;2	; --%	; --%	;3	;Aumentar por50.0%	; --%	;8	;Aumentar por60.0%	;Aumentar por166.7%	;0	; --%	; --%	;1	; --%	; --%	;
1005	;07/12 20:00 - 21:00	;0	; --%	; --%	;0	;Disminuir por100.0%	; --%	;0	; --%	; --%	;0	;Disminuir por100.0%	;Disminuir por100.0%	;0	;Disminuir por100.0%	; --%	;1	;Disminuir por90.0%	;Disminuir por50.0%	;0	; --%	; --%	;0	; --%	; --%	;
1006	;07/12 21:00 - 22:00	;0	; --%	; --%	;0	;Disminuir por100.0%	; --%	;0	; --%	; --%	;0	; --%	; --%	;2	;Aumentar por100.0%	;Aumentar por100.0%	;2	;Disminuir por50.0%	;Disminuir por60.0%	;0	; --%	; --%	;0	; --%	; --%	;
1007	;07/12 22:00 - 23:00	;0	; --%	; --%	;0	;Disminuir por100.0%	; --%	;0	; --%	; --%	;0	; --%	; --%	;2	; --%	; --%	;3	;Aumentar por200.0%	;Aumentar por200.0%	;0	; --%	; --%	;0	; --%	; --%	;
1008	;07/12 23:00 - 24:00	;0	; --%	; --%	;1	;Disminuir por66.7%	;Disminuir por50.0%	;0	; --%	; --%	;0	; --%	; --%	;0	; --%	;Disminuir por100.0%	;0	;Disminuir por100.0%	;Disminuir por100.0%	;0	; --%	; --%	;0	; --%	; --%	;
1009	;07/13 00:00 - 01:00	;0	; --%	; --%	;0	;Disminuir por100.0%	;Disminuir por100.0%	;0	; --%	; --%	;0	; --%	; --%	;2	; --%	; --%	;3	; --%	;Aumentar por50.0%	;0	; --%	; --%	;0	; --%	; --%	;
1010	;07/13 01:00 - 02:00	;0	; --%	; --%	;1	; --%	; --%	;0	; --%	; --%	;0	; --%	; --%	;1	; --%	; --%	;2	; --%	;Sin cambios	;0	; --%	; --%	;0	; --%	; --%	;
1011	;07/13 02:00 - 03:00	;0	; --%	; --%	;1	; --%	;Disminuir por50.0%	;0	; --%	; --%	;0	; --%	; --%	;2	; --%	; --%	;4	; --%	; --%	;0	; --%	; --%	;0	;Disminuir por100.0%	;Disminuir por100.0%	;
1012	;07/13 03:00 - 04:00	;0	; --%	; --%	;1	; --%	;Disminuir por50.0%	;0	; --%	; --%	;0	; --%	; --%	;0	; --%	;Disminuir por100.0%	;1	; --%	;Disminuir por50.0%	;0	; --%	; --%	;0	; --%	; --%	;
1013	;07/13 04:00 - 05:00	;0	; --%	; --%	;0	; --%	;Disminuir por100.0%	;0	; --%	; --%	;0	; --%	; --%	;1	; --%	; --%	;2	; --%	;Aumentar por100.0%	;0	; --%	; --%	;0	; --%	; --%	;
1014	;07/13 05:00 - 06:00	;0	; --%	; --%	;0	; --%	; --%	;0	; --%	; --%	;0	; --%	; --%	;0	; --%	;Disminuir por100.0%	;0	; --%	;Disminuir por100.0%	;0	; --%	; --%	;0	; --%	; --%	;
1015	;07/13 06:00 - 07:00	;0	; --%	; --%	;0	; --%	; --%	;0	; --%	; --%	;0	; --%	; --%	;0	; --%	;Disminuir por100.0%	;0	; --%	;Disminuir por100.0%	;0	; --%	; --%	;1	; --%	; --%	;
1016	;07/13 07:00 - 08:00	;0	; --%	; --%	;0	;Disminuir por100.0%	; --%	;0	; --%	;Disminuir por100.0%	;1	; --%	;Disminuir por66.7%	;0	; --%	; --%	;5	;Aumentar por150.0%	;Aumentar por66.7%	;0	; --%	; --%	;0	; --%	; --%	;
1017	;07/13 08:00 - 09:00	;0	; --%	; --%	;0	; --%	; --%	;0	; --%	; --%	;4	;Aumentar por100.0%	;Aumentar por33.3%	;2	; --%	; --%	;11	;Aumentar por10.0%	;Aumentar por450.0%	;1	; --%	; --%	;2	; --%	; --%	;
1018	;07/13 09:00 - 10:00	;0	; --%	; --%	;0	; --%	; --%	;0	; --%	; --%	;5	;Aumentar por400.0%	;Aumentar por150.0%	;0	; --%	; --%	;8	;Aumentar por100.0%	;Aumentar por33.3%	;0	; --%	; --%	;1	; --%	; --%	;
1019	;07/13 10:00 - 11:00	;0	; --%	; --%	;2	; --%	;Aumentar por100.0%	;0	; --%	; --%	;10	;Aumentar por900.0%	;Aumentar por233.3%	;2	; --%	;Sin cambios	;13	;Aumentar por160.0%	;Aumentar por30.0%	;0	; --%	; --%	;4	; --%	;Aumentar por300.0%	;
1020	;07/13 11:00 - 12:00	;0	; --%	; --%	;0	; --%	; --%	;0	; --%	; --%	;9	; --%	;Aumentar por200.0%	;0	;Disminuir por100.0%	;Disminuir por100.0%	;9	;Aumentar por50.0%	;Aumentar por12.5%	;1	; --%	; --%	;5	; --%	;Aumentar por150.0%	;
1021	;07/13 12:00 - 13:00	;1	; --%	; --%	;1	; --%	; --%	;0	; --%	; --%	;2	; --%	;Aumentar por100.0%	;2	; --%	;Sin cambios	;14	;Aumentar por250.0%	;Aumentar por100.0%	;0	; --%	; --%	;0	; --%	; --%	;
1022	;07/13 13:00 - 14:00	;0	; --%	; --%	;0	; --%	;Disminuir por100.0%	;0	; --%	; --%	;1	; --%	;Sin cambios	;1	; --%	; --%	;14	;Aumentar por55.6%	;Aumentar por180.0%	;0	; --%	; --%	;0	; --%	; --%	;
1023	;07/13 14:00 - 15:00	;0	; --%	; --%	;0	;Disminuir por100.0%	; --%	;1	; --%	; --%	;1	; --%	;Disminuir por50.0%	;1	; --%	; --%	;11	;Aumentar por1000.0%	;Aumentar por175.0%	;0	; --%	; --%	;0	;Disminuir por100.0%	; --%	;
1024	;07/13 15:00 - 16:00	;0	; --%	; --%	;2	; --%	;Aumentar por100.0%	;1	; --%	; --%	;0	; --%	; --%	;3	; --%	; --%	;13	;Aumentar por333.3%	;Aumentar por1200.0%	;0	; --%	; --%	;0	; --%	; --%	;
1025	;07/13 16:00 - 17:00	;0	; --%	; --%	;0	; --%	; --%	;0	; --%	; --%	;1	; --%	; --%	;1	;Disminuir por50.0%	; --%	;11	;Disminuir por8.3%	;Aumentar por175.0%	;0	; --%	; --%	;0	; --%	; --%	;
1026	;07/13 17:00 - 18:00	;0	; --%	; --%	;0	; --%	; --%	;0	; --%	; --%	;1	;Sin cambios	;Sin cambios	;0	; --%	; --%	;2	;Disminuir por33.3%	;Disminuir por60.0%	;1	; --%	;Disminuir por66.7%	;3	;Aumentar por50.0%	;Disminuir por50.0%	;
1027	;07/13 18:00 - 19:00	;0	; --%	; --%	;0	;Disminuir por100.0%	; --%	;0	; --%	; --%	;2	; --%	;Sin cambios	;0	;Disminuir por100.0%	; --%	;4	;Disminuir por60.0%	;Disminuir por20.0%	;0	; --%	; --%	;0	; --%	; --%	;
1028	;07/13 19:00 - 20:00	;0	; --%	; --%	;0	; --%	; --%	;2	; --%	; --%	;3	; --%	; --%	;3	;Aumentar por50.0%	;Aumentar por50.0%	;7	;Disminuir por12.5%	;Disminuir por12.5%	;0	; --%	; --%	;0	; --%	; --%	;
1029	;07/13 20:00 - 21:00	;0	; --%	; --%	;0	;Disminuir por100.0%	; --%	;0	; --%	; --%	;0	; --%	;Disminuir por100.0%	;2	;Aumentar por100.0%	; --%	;4	;Disminuir por20.0%	; --%	;0	; --%	; --%	;0	; --%	; --%	;
1030	;07/13 21:00 - 22:00	;0	; --%	; --%	;0	;Disminuir por100.0%	; --%	;0	; --%	; --%	;0	; --%	;Disminuir por100.0%	;0	; --%	;Disminuir por100.0%	;0	;Disminuir por100.0%	;Disminuir por100.0%	;0	; --%	; --%	;0	;Disminuir por100.0%	; --%	;
1031	;07/13 22:00 - 23:00	;0	; --%	; --%	;0	;Disminuir por100.0%	; --%	;0	; --%	; --%	;0	; --%	; --%	;2	; --%	;Aumentar por100.0%	;2	; --%	;Sin cambios	;0	; --%	; --%	;0	; --%	; --%	;
1032	;07/13 23:00 - 24:00	;0	; --%	; --%	;2	; --%	;Sin cambios	;0	; --%	; --%	;1	; --%	; --%	;0	; --%	; --%	;0	; --%	; --%	;0	; --%	; --%	;0	; --%	; --%	;
1033	;07/14 00:00 - 01:00	;0	; --%	; --%	;1	; --%	;Sin cambios	;0	; --%	; --%	;0	; --%	; --%	;3	; --%	; --%	;4	; --%	; --%	;0	; --%	; --%	;0	; --%	; --%	;
1034	;07/14 01:00 - 02:00	;0	; --%	; --%	;1	; --%	;Disminuir por50.0%	;0	; --%	; --%	;0	; --%	; --%	;0	; --%	;Disminuir por100.0%	;1	;Sin cambios	;Disminuir por66.7%	;0	; --%	; --%	;0	; --%	; --%	;
1035	;07/14 02:00 - 03:00	;0	; --%	; --%	;0	;Disminuir por100.0%	; --%	;0	; --%	; --%	;0	; --%	; --%	;0	; --%	; --%	;2	; --%	;Aumentar por100.0%	;0	; --%	; --%	;0	; --%	; --%	;
1036	;07/14 03:00 - 04:00	;0	; --%	; --%	;1	; --%	; --%	;0	; --%	; --%	;0	; --%	; --%	;0	; --%	; --%	;0	; --%	;Disminuir por100.0%	;0	; --%	; --%	;0	; --%	; --%	;
1037	;07/14 04:00 - 05:00	;0	; --%	; --%	;0	; --%	; --%	;0	; --%	; --%	;0	;Disminuir por100.0%	; --%	;0	;Disminuir por100.0%	; --%	;0	;Disminuir por100.0%	; --%	;0	; --%	; --%	;0	; --%	; --%	;
1038	;07/14 05:00 - 06:00	;0	; --%	; --%	;0	; --%	; --%	;0	; --%	; --%	;1	; --%	; --%	;0	; --%	; --%	;1	; --%	; --%	;0	; --%	; --%	;0	; --%	;Disminuir por100.0%	;
1039	;07/14 06:00 - 07:00	;0	; --%	; --%	;0	;Disminuir por100.0%	;Disminuir por100.0%	;0	; --%	; --%	;0	; --%	; --%	;0	; --%	; --%	;0	; --%	;Disminuir por100.0%	;0	; --%	; --%	;0	; --%	; --%	;
1040	;07/14 07:00 - 08:00	;0	; --%	; --%	;0	; --%	; --%	;0	; --%	; --%	;2	; --%	;Sin cambios	;2	; --%	;Disminuir por60.0%	;7	;Aumentar por250.0%	;Disminuir por41.7%	;0	; --%	; --%	;0	; --%	; --%	;
1041	;07/14 08:00 - 09:00	;0	; --%	; --%	;1	; --%	; --%	;0	; --%	; --%	;2	;Disminuir por60.0%	;Disminuir por33.3%	;2	; --%	; --%	;14	;Aumentar por366.7%	;Aumentar por40.0%	;4	; --%	; --%	;6	;Aumentar por500.0%	;Aumentar por100.0%	;
1042	;07/14 09:00 - 10:00	;0	; --%	; --%	;0	; --%	; --%	;0	; --%	;Disminuir por100.0%	;4	;Aumentar por100.0%	;Disminuir por33.3%	;0	; --%	; --%	;10	;Aumentar por42.9%	;Aumentar por42.9%	;0	; --%	;Disminuir por100.0%	;3	;Aumentar por50.0%	;Aumentar por50.0%	;
1043	;07/14 10:00 - 11:00	;0	; --%	; --%	;0	;Disminuir por100.0%	;Disminuir por100.0%	;1	; --%	;Disminuir por66.7%	;8	;Aumentar por700.0%	;Disminuir por27.3%	;2	; --%	;Disminuir por50.0%	;12	;Aumentar por50.0%	;Disminuir por14.3%	;3	; --%	;Aumentar por50.0%	;5	;Aumentar por25.0%	;Sin cambios	;
1044	;07/14 11:00 - 12:00	;0	; --%	; --%	;0	;Disminuir por100.0%	;Disminuir por100.0%	;2	; --%	;Disminuir por33.3%	;15	;Aumentar por1400.0%	;Aumentar por50.0%	;0	; --%	;Disminuir por100.0%	;10	;Aumentar por25.0%	;Disminuir por28.6%	;0	; --%	; --%	;1	;Disminuir por50.0%	;Sin cambios	;
1045	;07/14 12:00 - 13:00	;0	; --%	; --%	;1	; --%	; --%	;0	;Disminuir por100.0%	;Disminuir por100.0%	;2	;Disminuir por33.3%	;Disminuir por71.4%	;4	;Aumentar por300.0%	;Aumentar por300.0%	;19	;Aumentar por280.0%	;Aumentar por90.0%	;0	; --%	; --%	;0	;Disminuir por100.0%	;Disminuir por100.0%	;
1046	;07/14 13:00 - 14:00	;0	; --%	; --%	;1	; --%	;Sin cambios	;0	; --%	;Disminuir por100.0%	;1	;Disminuir por75.0%	;Disminuir por75.0%	;2	;Aumentar por100.0%	;Disminuir por33.3%	;15	;Aumentar por150.0%	;Aumentar por50.0%	;0	; --%	; --%	;0	; --%	;Disminuir por100.0%	;
1047	;07/14 14:00 - 15:00	;0	; --%	; --%	;1	;Sin cambios	;Sin cambios	;2	; --%	; --%	;5	;Aumentar por150.0%	;Aumentar por150.0%	;0	;Disminuir por100.0%	;Disminuir por100.0%	;4	;Disminuir por71.4%	;Disminuir por63.6%	;1	; --%	; --%	;3	;Aumentar por200.0%	; --%	;
1048	;07/14 15:00 - 16:00	;0	; --%	; --%	;2	; --%	;Sin cambios	;0	; --%	;Disminuir por100.0%	;1	; --%	;Disminuir por83.3%	;1	; --%	;Disminuir por50.0%	;8	;Aumentar por166.7%	;Aumentar por33.3%	;0	; --%	; --%	;1	;Sin cambios	; --%	;
1049	;07/14 16:00 - 17:00	;0	; --%	; --%	;0	; --%	; --%	;0	; --%	; --%	;1	; --%	; --%	;0	; --%	; --%	;6	;Aumentar por50.0%	;Disminuir por33.3%	;0	; --%	; --%	;0	;Disminuir por100.0%	; --%	;
1050	;07/14 17:00 - 18:00	;0	; --%	; --%	;0	;Disminuir por100.0%	; --%	;0	; --%	; --%	;0	;Disminuir por100.0%	; --%	;0	; --%	; --%	;6	;Aumentar por500.0%	;Sin cambios	;0	; --%	; --%	;2	;Sin cambios	;Aumentar por100.0%	;
1051	;07/14 18:00 - 19:00	;0	; --%	; --%	;0	;Disminuir por100.0%	; --%	;2	; --%	; --%	;5	;Aumentar por150.0%	;Aumentar por150.0%	;1	;Sin cambios	; --%	;5	;Disminuir por54.5%	;Aumentar por66.7%	;0	; --%	; --%	;0	;Disminuir por100.0%	; --%	;
1052	;07/14 19:00 - 20:00	;0	; --%	; --%	;0	; --%	; --%	;0	; --%	; --%	;1	;Sin cambios	; --%	;1	;Sin cambios	;Sin cambios	;3	;Disminuir por57.1%	;Aumentar por200.0%	;0	; --%	; --%	;0	; --%	;Disminuir por100.0%	;
1053	;07/14 20:00 - 21:00	;0	; --%	; --%	;0	;Disminuir por100.0%	; --%	;0	; --%	; --%	;1	; --%	; --%	;4	;Aumentar por300.0%	;Aumentar por300.0%	;8	;Disminuir por27.3%	;Aumentar por33.3%	;0	; --%	; --%	;0	; --%	;Disminuir por100.0%	;
1054	;07/14 21:00 - 22:00	;0	; --%	; --%	;0	;Disminuir por100.0%	; --%	;0	; --%	; --%	;1	; --%	; --%	;0	; --%	; --%	;2	;Disminuir por60.0%	; --%	;0	; --%	; --%	;0	; --%	; --%	;
1055	;07/14 22:00 - 23:00	;0	; --%	; --%	;1	; --%	; --%	;0	; --%	; --%	;0	; --%	; --%	;0	; --%	; --%	;0	;Disminuir por100.0%	;Disminuir por100.0%	;0	; --%	; --%	;0	; --%	; --%	;
1056	;07/14 23:00 - 24:00	;0	; --%	; --%	;3	;Aumentar por200.0%	;Aumentar por50.0%	;0	; --%	; --%	;0	; --%	; --%	;0	; --%	; --%	;0	; --%	;Disminuir por100.0%	;0	; --%	; --%	;0	; --%	; --%	;
1057	;07/15 00:00 - 01:00	;0	; --%	; --%	;1	; --%	;Disminuir por75.0%	;0	; --%	; --%	;0	; --%	; --%	;0	; --%	; --%	;1	;Sin cambios	;Disminuir por80.0%	;0	; --%	; --%	;0	; --%	; --%	;
1058	;07/15 01:00 - 02:00	;0	; --%	; --%	;3	; --%	; --%	;0	; --%	; --%	;0	; --%	; --%	;0	; --%	; --%	;0	;Disminuir por100.0%	; --%	;0	; --%	; --%	;0	; --%	;Disminuir por100.0%	;
1059	;07/15 02:00 - 03:00	;0	; --%	; --%	;0	; --%	; --%	;0	; --%	; --%	;0	; --%	; --%	;0	; --%	; --%	;0	; --%	; --%	;0	; --%	; --%	;0	; --%	; --%	;
1060	;07/15 03:00 - 04:00	;0	; --%	; --%	;1	; --%	; --%	;0	; --%	; --%	;0	; --%	; --%	;0	; --%	; --%	;1	; --%	;Sin cambios	;0	; --%	; --%	;0	; --%	; --%	;
1061	;07/15 04:00 - 05:00	;0	; --%	; --%	;0	; --%	; --%	;0	; --%	; --%	;0	; --%	; --%	;0	; --%	; --%	;0	; --%	; --%	;0	; --%	; --%	;0	; --%	; --%	;
1062	;07/15 05:00 - 06:00	;0	; --%	; --%	;2	; --%	; --%	;0	; --%	; --%	;0	; --%	; --%	;0	; --%	; --%	;1	; --%	; --%	;0	; --%	; --%	;0	; --%	; --%	;
1063	;07/15 06:00 - 07:00	;0	; --%	; --%	;0	; --%	; --%	;0	; --%	; --%	;1	; --%	; --%	;0	; --%	;Disminuir por100.0%	;0	;Disminuir por100.0%	;Disminuir por100.0%	;2	; --%	; --%	;3	; --%	; --%	;
1064	;07/15 07:00 - 08:00	;0	; --%	; --%	;0	; --%	; --%	;0	; --%	; --%	;1	;Sin cambios	;Sin cambios	;0	;Disminuir por100.0%	;Disminuir por100.0%	;3	;Disminuir por57.1%	;Disminuir por40.0%	;0	; --%	; --%	;1	; --%	; --%	;
1065	;07/15 08:00 - 09:00	;0	; --%	; --%	;0	; --%	;Disminuir por100.0%	;1	; --%	; --%	;4	;Sin cambios	;Disminuir por20.0%	;0	; --%	; --%	;9	;Aumentar por12.5%	;Disminuir por18.2%	;0	;Disminuir por100.0%	; --%	;0	;Disminuir por100.0%	;Disminuir por100.0%	;
1066	;07/15 09:00 - 10:00	;0	; --%	; --%	;0	; --%	; --%	;0	;Disminuir por100.0%	; --%	;1	;Disminuir por85.7%	;Disminuir por80.0%	;0	; --%	;Disminuir por100.0%	;7	;Aumentar por16.7%	;Disminuir por12.5%	;0	;Disminuir por100.0%	; --%	;4	;Disminuir por33.3%	;Aumentar por100.0%	;
1067	;07/15 10:00 - 11:00	;0	; --%	;Disminuir por100.0%	;2	;Aumentar por100.0%	;Sin cambios	;1	;Sin cambios	;Disminuir por50.0%	;8	;Disminuir por20.0%	;Disminuir por11.1%	;2	;Disminuir por33.3%	;Disminuir por33.3%	;13	;Disminuir por31.6%	;Disminuir por18.8%	;1	;Disminuir por75.0%	;Disminuir por66.7%	;5	;Sin cambios	;Disminuir por16.7%	;
1068	;07/15 11:00 - 12:00	;0	; --%	; --%	;1	;Sin cambios	;Sin cambios	;0	;Disminuir por100.0%	; --%	;4	;Disminuir por66.7%	;Disminuir por60.0%	;0	; --%	;Disminuir por100.0%	;12	;Aumentar por71.4%	;Disminuir por20.0%	;0	; --%	;Disminuir por100.0%	;4	;Aumentar por100.0%	;Aumentar por100.0%	;
1069	;07/15 12:00 - 13:00	;0	; --%	;Disminuir por100.0%	;0	; --%	;Disminuir por100.0%	;0	;Disminuir por100.0%	;Disminuir por100.0%	;4	;Aumentar por100.0%	;Disminuir por33.3%	;1	; --%	;Sin cambios	;11	;Disminuir por26.7%	;Aumentar por10.0%	;0	; --%	; --%	;0	;Disminuir por100.0%	;Disminuir por100.0%	;
1070	;07/15 13:00 - 14:00	;0	; --%	; --%	;1	;Disminuir por50.0%	; --%	;3	; --%	; --%	;7	;Aumentar por250.0%	; --%	;2	;Aumentar por100.0%	;Disminuir por66.7%	;14	;Aumentar por55.6%	;Sin cambios	;0	; --%	; --%	;0	;Disminuir por100.0%	; --%	;
1071	;07/15 14:00 - 15:00	;0	; --%	; --%	;0	; --%	; --%	;1	; --%	; --%	;5	;Aumentar por66.7%	;Aumentar por150.0%	;0	; --%	; --%	;5	;Aumentar por66.7%	;Disminuir por44.4%	;0	; --%	;Disminuir por100.0%	;1	;Disminuir por50.0%	;Disminuir por66.7%	;
1072	;07/15 15:00 - 16:00	;0	; --%	; --%	;0	;Disminuir por100.0%	;Disminuir por100.0%	;2	; --%	; --%	;4	;Sin cambios	; --%	;2	;Disminuir por33.3%	;Sin cambios	;11	;Aumentar por10.0%	;Aumentar por57.1%	;0	; --%	; --%	;1	;Disminuir por50.0%	; --%	;
1073	;07/15 16:00 - 17:00	;0	; --%	; --%	;0	; --%	;Disminuir por100.0%	;0	; --%	; --%	;0	;Disminuir por100.0%	;Disminuir por100.0%	;1	; --%	; --%	;9	;Sin cambios	;Aumentar por350.0%	;0	;Disminuir por100.0%	; --%	;2	;Disminuir por60.0%	; --%	;
1074	;07/15 17:00 - 18:00	;0	; --%	; --%	;0	; --%	; --%	;0	;Disminuir por100.0%	; --%	;0	;Disminuir por100.0%	; --%	;0	;Disminuir por100.0%	;Disminuir por100.0%	;4	;Disminuir por42.9%	;Disminuir por55.6%	;1	; --%	;Disminuir por50.0%	;2	; --%	;Disminuir por50.0%	;
1075	;07/15 18:00 - 19:00	;0	; --%	; --%	;0	;Disminuir por100.0%	; --%	;0	; --%	; --%	;2	;Aumentar por100.0%	;Aumentar por100.0%	;0	; --%	;Disminuir por100.0%	;7	;Aumentar por16.7%	;Disminuir por22.2%	;0	; --%	; --%	;0	;Disminuir por100.0%	; --%	;
1076	;07/15 19:00 - 20:00	;0	; --%	; --%	;0	; --%	; --%	;0	; --%	; --%	;1	;Sin cambios	; --%	;0	;Disminuir por100.0%	; --%	;0	;Disminuir por100.0%	;Disminuir por100.0%	;0	; --%	; --%	;0	;Disminuir por100.0%	; --%	;
1077	;07/15 20:00 - 21:00	;0	; --%	; --%	;0	;Disminuir por100.0%	; --%	;0	;Disminuir por100.0%	; --%	;0	;Disminuir por100.0%	;Disminuir por100.0%	;0	;Disminuir por100.0%	; --%	;1	;Disminuir por88.9%	;Sin cambios	;0	; --%	;Disminuir por100.0%	;0	;Disminuir por100.0%	;Disminuir por100.0%	;
1078	;07/15 21:00 - 22:00	;0	; --%	; --%	;1	;Disminuir por75.0%	; --%	;0	; --%	; --%	;0	; --%	; --%	;0	; --%	;Disminuir por100.0%	;0	;Disminuir por100.0%	;Disminuir por100.0%	;0	; --%	; --%	;1	;Sin cambios	;Sin cambios	;
1079	;07/15 22:00 - 23:00	;0	; --%	; --%	;2	;Aumentar por100.0%	; --%	;0	; --%	; --%	;1	; --%	; --%	;1	; --%	; --%	;2	;Aumentar por100.0%	;Sin cambios	;0	; --%	; --%	;0	; --%	; --%	;
1080	;07/15 23:00 - 24:00	;0	; --%	; --%	;1	; --%	;Sin cambios	;0	; --%	; --%	;0	; --%	; --%	;3	; --%	;Aumentar por50.0%	;6	; --%	;Aumentar por50.0%	;0	; --%	; --%	;0	; --%	; --%	;
1081	;07/16 00:00 - 01:00	;0	; --%	; --%	;1	;Sin cambios	;Sin cambios	;0	; --%	; --%	;0	;Disminuir por100.0%	; --%	;0	; --%	; --%	;1	;Disminuir por50.0%	; --%	;0	; --%	; --%	;0	; --%	; --%	;
1082	;07/16 01:00 - 02:00	;0	; --%	; --%	;2	; --%	; --%	;0	; --%	; --%	;0	; --%	; --%	;0	; --%	; --%	;1	; --%	; --%	;0	; --%	; --%	;0	; --%	; --%	;
1083	;07/16 02:00 - 03:00	;0	; --%	; --%	;0	; --%	; --%	;0	; --%	; --%	;0	; --%	; --%	;0	; --%	; --%	;0	; --%	;Disminuir por100.0%	;0	; --%	; --%	;0	; --%	;Disminuir por100.0%	;
1084	;07/16 03:00 - 04:00	;0	; --%	; --%	;1	; --%	;Disminuir por50.0%	;0	; --%	; --%	;0	; --%	; --%	;0	; --%	;Disminuir por100.0%	;0	;Disminuir por100.0%	;Disminuir por100.0%	;0	; --%	; --%	;0	; --%	; --%	;
1085	;07/16 04:00 - 05:00	;0	; --%	; --%	;0	; --%	; --%	;0	; --%	; --%	;0	; --%	; --%	;0	; --%	; --%	;1	; --%	;Sin cambios	;0	; --%	; --%	;0	; --%	; --%	;
1086	;07/16 05:00 - 06:00	;0	; --%	; --%	;0	; --%	;Disminuir por100.0%	;0	; --%	; --%	;0	;Disminuir por100.0%	; --%	;0	; --%	; --%	;0	; --%	;Disminuir por100.0%	;0	; --%	; --%	;0	; --%	; --%	;
1087	;07/16 06:00 - 07:00	;0	; --%	; --%	;0	; --%	;Disminuir por100.0%	;0	; --%	; --%	;0	; --%	; --%	;0	; --%	; --%	;0	; --%	; --%	;0	; --%	; --%	;0	; --%	; --%	;
1088	;07/16 07:00 - 08:00	;0	; --%	; --%	;0	; --%	; --%	;0	;Disminuir por100.0%	; --%	;4	;Aumentar por33.3%	;Aumentar por100.0%	;1	; --%	;Sin cambios	;5	;Aumentar por150.0%	;Disminuir por44.4%	;0	; --%	;Disminuir por100.0%	;0	;Disminuir por100.0%	;Disminuir por100.0%	;
1089	;07/16 08:00 - 09:00	;0	; --%	; --%	;0	;Disminuir por100.0%	;Disminuir por100.0%	;2	; --%	; --%	;5	;Aumentar por25.0%	;Aumentar por66.7%	;0	; --%	; --%	;8	;Disminuir por52.9%	;Disminuir por33.3%	;0	; --%	; --%	;3	;Aumentar por50.0%	;Aumentar por200.0%	;
1090	;07/16 09:00 - 10:00	;0	; --%	; --%	;0	; --%	; --%	;0	; --%	; --%	;7	; --%	;Aumentar por16.7%	;0	; --%	;Disminuir por100.0%	;9	;Aumentar por12.5%	;Sin cambios	;0	; --%	; --%	;6	; --%	; --%	;
1091	;07/16 10:00 - 11:00	;0	;Disminuir por100.0%	; --%	;0	;Disminuir por100.0%	;Disminuir por100.0%	;1	;Disminuir por50.0%	;Sin cambios	;8	;Disminuir por46.7%	;Sin cambios	;4	;Disminuir por42.9%	;Disminuir por33.3%	;13	;Disminuir por31.6%	;Disminuir por13.3%	;0	; --%	;Disminuir por100.0%	;2	;Disminuir por60.0%	;Disminuir por75.0%	;
1092	;07/16 11:00 - 12:00	;0	; --%	; --%	;1	; --%	; --%	;1	;Sin cambios	;Sin cambios	;8	;Aumentar por14.3%	;Disminuir por20.0%	;4	;Disminuir por20.0%	; --%	;19	;Aumentar por35.7%	;Aumentar por35.7%	;0	; --%	; --%	;0	; --%	;Disminuir por100.0%	;
1093	;07/16 12:00 - 13:00	;0	; --%	; --%	;0	;Disminuir por100.0%	; --%	;2	; --%	; --%	;4	;Aumentar por100.0%	; --%	;5	;Sin cambios	;Aumentar por25.0%	;16	;Aumentar por23.1%	;Disminuir por11.1%	;0	; --%	; --%	;0	;Disminuir por100.0%	;Disminuir por100.0%	;
1094	;07/16 13:00 - 14:00	;0	; --%	; --%	;0	;Disminuir por100.0%	;Disminuir por100.0%	;2	; --%	;Sin cambios	;2	;Disminuir por33.3%	;Disminuir por66.7%	;0	; --%	;Disminuir por100.0%	;8	;Sin cambios	;Disminuir por33.3%	;0	; --%	; --%	;0	;Disminuir por100.0%	;Disminuir por100.0%	;
1095	;07/16 14:00 - 15:00	;0	; --%	; --%	;0	; --%	;Disminuir por100.0%	;2	; --%	; --%	;4	;Aumentar por100.0%	; --%	;2	; --%	; --%	;10	;Aumentar por150.0%	;Aumentar por25.0%	;0	; --%	;Disminuir por100.0%	;1	;Sin cambios	;Disminuir por83.3%	;
1096	;07/16 15:00 - 16:00	;0	; --%	;Disminuir por100.0%	;2	; --%	;Disminuir por50.0%	;0	; --%	; --%	;1	;Disminuir por66.7%	;Sin cambios	;2	;Disminuir por77.8%	; --%	;14	;Disminuir por36.4%	;Aumentar por75.0%	;2	; --%	; --%	;2	;Aumentar por100.0%	; --%	;
1097	;07/16 16:00 - 17:00	;0	; --%	; --%	;0	; --%	;Disminuir por100.0%	;0	; --%	; --%	;1	;Disminuir por75.0%	;Sin cambios	;0	; --%	;Disminuir por100.0%	;7	;Aumentar por40.0%	;Disminuir por41.7%	;0	; --%	; --%	;0	; --%	; --%	;
1098	;07/16 17:00 - 18:00	;0	; --%	; --%	;0	; --%	; --%	;0	;Disminuir por100.0%	; --%	;0	;Disminuir por100.0%	;Disminuir por100.0%	;0	;Disminuir por100.0%	; --%	;3	;Disminuir por40.0%	;Disminuir por70.0%	;0	; --%	;Disminuir por100.0%	;1	;Disminuir por66.7%	;Disminuir por80.0%	;
1099	;07/16 18:00 - 19:00	;0	; --%	; --%	;0	; --%	; --%	;0	; --%	; --%	;0	;Disminuir por100.0%	;Disminuir por100.0%	;0	;Disminuir por100.0%	;Disminuir por100.0%	;4	;Disminuir por63.6%	;Disminuir por63.6%	;1	; --%	; --%	;2	;Sin cambios	; --%	;
1100	;07/16 19:00 - 20:00	;0	; --%	; --%	;0	; --%	; --%	;0	;Disminuir por100.0%	; --%	;0	;Disminuir por100.0%	; --%	;1	; --%	; --%	;6	;Aumentar por20.0%	;Aumentar por50.0%	;0	; --%	; --%	;1	;Disminuir por50.0%	; --%	;
1101	;07/16 20:00 - 21:00	;0	; --%	; --%	;0	;Disminuir por100.0%	; --%	;0	; --%	; --%	;0	;Disminuir por100.0%	; --%	;3	;Aumentar por50.0%	; --%	;8	;Aumentar por14.3%	;Aumentar por700.0%	;0	; --%	; --%	;1	; --%	; --%	;
1102	;07/16 21:00 - 22:00	;0	; --%	; --%	;0	;Disminuir por100.0%	; --%	;0	; --%	; --%	;0	; --%	; --%	;1	;Sin cambios	; --%	;2	;Sin cambios	;Aumentar por100.0%	;0	; --%	; --%	;0	; --%	; --%	;
1103	;07/16 22:00 - 23:00	;0	; --%	; --%	;1	;Sin cambios	; --%	;0	; --%	; --%	;0	; --%	; --%	;0	; --%	; --%	;1	;Disminuir por75.0%	;Disminuir por50.0%	;0	; --%	; --%	;0	; --%	; --%	;
1104	;07/16 23:00 - 24:00	;0	; --%	; --%	;1	;Sin cambios	;Sin cambios	;0	; --%	; --%	;0	; --%	; --%	;1	; --%	; --%	;2	;Aumentar por100.0%	;Aumentar por100.0%	;0	; --%	; --%	;0	; --%	; --%	;
1105	;07/17 00:00 - 01:00	;0	; --%	; --%	;1	;Sin cambios	;Disminuir por50.0%	;0	; --%	; --%	;0	;Disminuir por100.0%	; --%	;3	; --%	; --%	;4	; --%	;Aumentar por300.0%	;0	; --%	; --%	;0	; --%	; --%	;
1106	;07/17 01:00 - 02:00	;0	; --%	; --%	;1	; --%	; --%	;0	; --%	; --%	;0	; --%	; --%	;0	; --%	; --%	;0	; --%	;Disminuir por100.0%	;0	; --%	; --%	;0	; --%	; --%	;
1107	;07/17 02:00 - 03:00	;0	; --%	; --%	;1	; --%	;Sin cambios	;0	; --%	; --%	;0	; --%	; --%	;0	; --%	; --%	;0	; --%	; --%	;0	; --%	; --%	;1	;Sin cambios	; --%	;
1108	;07/17 03:00 - 04:00	;0	; --%	; --%	;0	; --%	; --%	;1	; --%	; --%	;2	; --%	; --%	;0	; --%	;Disminuir por100.0%	;0	;Disminuir por100.0%	;Disminuir por100.0%	;0	; --%	; --%	;0	; --%	; --%	;
1109	;07/17 04:00 - 05:00	;0	; --%	; --%	;2	; --%	;Sin cambios	;0	; --%	; --%	;0	; --%	; --%	;0	; --%	; --%	;1	; --%	; --%	;0	; --%	; --%	;0	; --%	; --%	;
1110	;07/17 05:00 - 06:00	;0	; --%	; --%	;0	; --%	; --%	;0	; --%	; --%	;0	; --%	; --%	;0	; --%	; --%	;1	; --%	;Sin cambios	;0	; --%	; --%	;0	; --%	; --%	;
1111	;07/17 06:00 - 07:00	;0	; --%	; --%	;0	;Disminuir por100.0%	;Disminuir por100.0%	;0	; --%	; --%	;0	; --%	;Disminuir por100.0%	;0	; --%	; --%	;0	;Disminuir por100.0%	; --%	;1	; --%	; --%	;2	;Aumentar por100.0%	; --%	;
1112	;07/17 07:00 - 08:00	;0	; --%	; --%	;0	; --%	; --%	;0	; --%	; --%	;0	;Disminuir por100.0%	;Disminuir por100.0%	;1	;Disminuir por50.0%	;Sin cambios	;5	;Sin cambios	;Aumentar por66.7%	;0	; --%	; --%	;1	; --%	; --%	;
1113	;07/17 08:00 - 09:00	;0	; --%	; --%	;1	;Disminuir por50.0%	; --%	;0	; --%	; --%	;7	;Disminuir por12.5%	;Disminuir por36.4%	;1	; --%	; --%	;9	;Disminuir por18.2%	;Aumentar por12.5%	;0	;Disminuir por100.0%	; --%	;2	;Disminuir por50.0%	;Aumentar por100.0%	;
1114	;07/17 09:00 - 10:00	;0	; --%	; --%	;0	;Disminuir por100.0%	; --%	;1	; --%	; --%	;4	;Disminuir por20.0%	;Disminuir por60.0%	;2	;Disminuir por60.0%	;Sin cambios	;12	;Disminuir por33.3%	;Aumentar por200.0%	;2	;Aumentar por100.0%	; --%	;8	;Aumentar por300.0%	;Aumentar por300.0%	;
1115	;07/17 10:00 - 11:00	;0	; --%	; --%	;2	; --%	;Sin cambios	;0	;Disminuir por100.0%	;Disminuir por100.0%	;7	;Disminuir por63.2%	;Disminuir por66.7%	;0	;Disminuir por100.0%	;Disminuir por100.0%	;11	;Disminuir por35.3%	;Disminuir por21.4%	;1	; --%	;Sin cambios	;7	;Aumentar por250.0%	;Aumentar por133.3%	;
1116	;07/17 11:00 - 12:00	;0	; --%	; --%	;0	;Disminuir por100.0%	; --%	;0	; --%	;Disminuir por100.0%	;6	;Aumentar por100.0%	;Disminuir por60.0%	;0	; --%	; --%	;19	;Aumentar por280.0%	;Aumentar por58.3%	;1	; --%	;Disminuir por75.0%	;7	;Aumentar por600.0%	;Disminuir por12.5%	;
1117	;07/17 12:00 - 13:00	;0	; --%	;Disminuir por100.0%	;0	; --%	;Disminuir por100.0%	;0	;Disminuir por100.0%	;Disminuir por100.0%	;1	;Disminuir por92.9%	;Disminuir por83.3%	;3	; --%	;Aumentar por200.0%	;15	;Aumentar por25.0%	;Aumentar por50.0%	;0	; --%	; --%	;3	; --%	;Aumentar por50.0%	;
1118	;07/17 13:00 - 14:00	;0	; --%	; --%	;0	; --%	; --%	;0	; --%	; --%	;1	;Sin cambios	;Disminuir por75.0%	;3	; --%	;Disminuir por50.0%	;7	;Aumentar por16.7%	;Disminuir por53.3%	;0	; --%	;Disminuir por100.0%	;2	;Aumentar por100.0%	;Sin cambios	;
1119	;07/17 14:00 - 15:00	;0	; --%	; --%	;0	;Disminuir por100.0%	;Disminuir por100.0%	;0	; --%	; --%	;3	;Aumentar por50.0%	;Aumentar por50.0%	;2	; --%	;Aumentar por100.0%	;13	;Aumentar por30.0%	;Aumentar por44.4%	;0	; --%	; --%	;0	; --%	; --%	;
1120	;07/17 15:00 - 16:00	;0	; --%	; --%	;1	;Sin cambios	;Sin cambios	;0	;Disminuir por100.0%	; --%	;1	;Disminuir por80.0%	;Disminuir por80.0%	;2	;Sin cambios	;Sin cambios	;12	;Aumentar por9.1%	;Aumentar por50.0%	;0	; --%	; --%	;1	; --%	; --%	;
1121	;07/17 16:00 - 17:00	;0	; --%	; --%	;0	;Disminuir por100.0%	; --%	;0	; --%	; --%	;0	;Disminuir por100.0%	; --%	;2	; --%	; --%	;11	;Aumentar por37.5%	;Aumentar por83.3%	;0	;Disminuir por100.0%	; --%	;1	;Sin cambios	; --%	;
1122	;07/17 17:00 - 18:00	;0	; --%	; --%	;0	;Disminuir por100.0%	; --%	;0	; --%	; --%	;0	;Disminuir por100.0%	;Disminuir por100.0%	;0	;Disminuir por100.0%	; --%	;4	;Disminuir por20.0%	;Sin cambios	;0	;Disminuir por100.0%	; --%	;0	;Disminuir por100.0%	;Disminuir por100.0%	;
1123	;07/17 18:00 - 19:00	;0	; --%	; --%	;0	; --%	; --%	;2	; --%	; --%	;6	;Aumentar por500.0%	; --%	;0	; --%	; --%	;2	;Disminuir por77.8%	;Disminuir por33.3%	;2	; --%	; --%	;6	;Aumentar por100.0%	; --%	;
1124	;07/17 19:00 - 20:00	;0	; --%	; --%	;0	; --%	; --%	;0	; --%	; --%	;1	;Disminuir por50.0%	; --%	;1	; --%	; --%	;3	;Disminuir por50.0%	;Disminuir por25.0%	;0	; --%	; --%	;0	;Disminuir por100.0%	; --%	;
1125	;07/17 20:00 - 21:00	;0	; --%	; --%	;1	;Disminuir por50.0%	; --%	;0	; --%	;Disminuir por100.0%	;0	;Disminuir por100.0%	;Disminuir por100.0%	;6	; --%	; --%	;10	;Aumentar por25.0%	; --%	;0	; --%	; --%	;0	; --%	;Disminuir por100.0%	;
1126	;07/17 21:00 - 22:00	;0	; --%	; --%	;0	;Disminuir por100.0%	; --%	;0	; --%	; --%	;0	;Disminuir por100.0%	;Disminuir por100.0%	;1	; --%	; --%	;3	; --%	; --%	;0	; --%	; --%	;0	; --%	; --%	;
1127	;07/17 22:00 - 23:00	;0	; --%	; --%	;0	;Disminuir por100.0%	; --%	;0	; --%	; --%	;0	;Disminuir por100.0%	; --%	;0	; --%	; --%	;1	;Sin cambios	; --%	;0	; --%	; --%	;0	; --%	; --%	;
1128	;07/17 23:00 - 24:00	;0	; --%	; --%	;0	;Disminuir por100.0%	; --%	;0	; --%	; --%	;0	; --%	; --%	;0	; --%	; --%	;1	;Sin cambios	;Disminuir por50.0%	;0	; --%	; --%	;0	; --%	;Disminuir por100.0%	;
1129	;07/18 00:00 - 01:00	;0	; --%	; --%	;1	; --%	;Disminuir por75.0%	;0	; --%	; --%	;0	; --%	; --%	;1	; --%	; --%	;3	; --%	; --%	;0	; --%	; --%	;0	; --%	; --%	;
1130	;07/18 01:00 - 02:00	;0	; --%	; --%	;3	; --%	;Aumentar por200.0%	;0	; --%	; --%	;1	; --%	; --%	;0	; --%	; --%	;2	; --%	; --%	;0	; --%	; --%	;0	; --%	; --%	;
1131	;07/18 02:00 - 03:00	;0	; --%	; --%	;0	; --%	; --%	;0	; --%	; --%	;0	; --%	;Disminuir por100.0%	;1	; --%	;Sin cambios	;2	; --%	;Aumentar por100.0%	;0	;Disminuir por100.0%	; --%	;0	;Disminuir por100.0%	; --%	;
1132	;07/18 03:00 - 04:00	;0	; --%	; --%	;0	; --%	;Disminuir por100.0%	;0	; --%	; --%	;0	; --%	; --%	;0	; --%	;Disminuir por100.0%	;3	; --%	;Sin cambios	;0	; --%	; --%	;0	; --%	; --%	;
1133	;07/18 04:00 - 05:00	;0	; --%	; --%	;0	; --%	; --%	;0	; --%	; --%	;0	; --%	; --%	;0	; --%	; --%	;0	;Disminuir por100.0%	; --%	;0	; --%	; --%	;0	; --%	; --%	;
1134	;07/18 05:00 - 06:00	;0	; --%	; --%	;1	; --%	; --%	;0	; --%	; --%	;0	; --%	; --%	;0	; --%	; --%	;2	; --%	; --%	;0	; --%	; --%	;0	; --%	; --%	;
1135	;07/18 06:00 - 07:00	;0	; --%	; --%	;0	;Disminuir por100.0%	; --%	;0	; --%	; --%	;0	; --%	; --%	;0	; --%	; --%	;0	;Disminuir por100.0%	; --%	;0	; --%	; --%	;0	; --%	; --%	;
1136	;07/18 07:00 - 08:00	;0	; --%	; --%	;0	; --%	; --%	;0	; --%	; --%	;0	;Disminuir por100.0%	; --%	;0	;Disminuir por100.0%	; --%	;1	;Disminuir por85.7%	; --%	;0	; --%	; --%	;0	;Disminuir por100.0%	; --%	;
1137	;07/18 08:00 - 09:00	;0	; --%	; --%	;0	; --%	; --%	;0	;Disminuir por100.0%	; --%	;3	;Disminuir por57.1%	; --%	;0	; --%	; --%	;4	;Disminuir por69.2%	; --%	;0	;Disminuir por100.0%	; --%	;1	;Sin cambios	; --%	;
1138	;07/18 09:00 - 10:00	;0	; --%	; --%	;0	;Disminuir por100.0%	; --%	;0	;Disminuir por100.0%	; --%	;3	;Disminuir por66.7%	; --%	;1	; --%	; --%	;8	;Disminuir por11.1%	; --%	;0	;Disminuir por100.0%	; --%	;0	;Disminuir por100.0%	; --%	;
1139	;07/18 10:00 - 11:00	;0	; --%	; --%	;0	;Disminuir por100.0%	; --%	;0	;Disminuir por100.0%	; --%	;9	;Aumentar por28.6%	; --%	;0	;Disminuir por100.0%	; --%	;7	;Disminuir por50.0%	; --%	;0	; --%	; --%	;0	;Disminuir por100.0%	; --%	;
1140	;07/18 11:00 - 12:00	;0	; --%	; --%	;0	; --%	; --%	;0	; --%	; --%	;7	;Aumentar por16.7%	; --%	;0	; --%	; --%	;7	;Aumentar por40.0%	; --%	;0	;Disminuir por100.0%	; --%	;0	;Disminuir por100.0%	; --%	;
1141	;07/18 12:00 - 13:00	;0	; --%	; --%	;0	;Disminuir por100.0%	; --%	;0	;Disminuir por100.0%	; --%	;2	;Disminuir por60.0%	; --%	;5	; --%	; --%	;11	;Aumentar por120.0%	; --%	;0	; --%	; --%	;0	; --%	; --%	;
1142	;07/18 13:00 - 14:00	;0	; --%	; --%	;1	; --%	; --%	;1	; --%	; --%	;6	;Aumentar por200.0%	; --%	;1	; --%	; --%	;11	;Aumentar por57.1%	; --%	;0	; --%	; --%	;0	;Disminuir por100.0%	; --%	;
1143	;07/18 14:00 - 15:00	;0	;Disminuir por100.0%	; --%	;0	;Disminuir por100.0%	; --%	;0	;Disminuir por100.0%	; --%	;0	;Disminuir por100.0%	; --%	;0	; --%	; --%	;8	;Disminuir por20.0%	; --%	;0	; --%	; --%	;0	;Disminuir por100.0%	; --%	;
1144	;07/18 15:00 - 16:00	;0	; --%	; --%	;1	; --%	; --%	;1	; --%	; --%	;5	;Aumentar por66.7%	; --%	;5	;Aumentar por66.7%	; --%	;7	;Disminuir por30.0%	; --%	;0	; --%	; --%	;0	;Disminuir por100.0%	; --%	;
1145	;07/18 16:00 - 17:00	;0	; --%	; --%	;0	; --%	; --%	;0	;Disminuir por100.0%	; --%	;1	;Disminuir por80.0%	; --%	;2	;Aumentar por100.0%	; --%	;5	;Disminuir por44.4%	; --%	;0	; --%	; --%	;1	;Sin cambios	; --%	;
1146	;07/18 17:00 - 18:00	;0	; --%	; --%	;0	;Disminuir por100.0%	; --%	;1	;Sin cambios	; --%	;4	;Aumentar por100.0%	; --%	;0	;Disminuir por100.0%	; --%	;5	;Disminuir por58.3%	; --%	;1	; --%	; --%	;1	;Sin cambios	; --%	;
1147	;07/18 18:00 - 19:00	;0	; --%	; --%	;0	; --%	; --%	;0	; --%	; --%	;0	;Disminuir por100.0%	; --%	;0	; --%	; --%	;5	;Aumentar por25.0%	; --%	;0	; --%	; --%	;1	; --%	; --%	;
1148	;07/18 19:00 - 20:00	;0	; --%	; --%	;0	; --%	; --%	;0	; --%	; --%	;0	;Disminuir por100.0%	; --%	;0	; --%	; --%	;4	;Disminuir por20.0%	; --%	;0	; --%	; --%	;1	;Disminuir por50.0%	; --%	;
1149	;07/18 20:00 - 21:00	;0	; --%	; --%	;0	;Disminuir por100.0%	; --%	;0	; --%	; --%	;0	; --%	; --%	;2	;Sin cambios	; --%	;4	;Disminuir por66.7%	; --%	;0	; --%	; --%	;0	; --%	; --%	;
1150	;07/18 21:00 - 22:00	;0	; --%	; --%	;0	;Disminuir por100.0%	; --%	;0	; --%	; --%	;0	;Disminuir por100.0%	; --%	;2	; --%	; --%	;2	;Disminuir por50.0%	; --%	;0	; --%	; --%	;0	; --%	; --%	;
1151	;07/18 22:00 - 23:00	;0	; --%	; --%	;1	;Sin cambios	; --%	;0	; --%	; --%	;0	; --%	; --%	;2	;Sin cambios	; --%	;3	;Disminuir por25.0%	; --%	;0	; --%	; --%	;0	; --%	; --%	;
1152	;07/18 23:00 - 24:00	;0	; --%	; --%	;2	;Disminuir por33.3%	; --%	;0	; --%	; --%	;0	; --%	; --%	;0	; --%	; --%	;0	;Disminuir por100.0%	; --%	;0	;Disminuir por100.0%	; --%	;0	;Disminuir por100.0%	; --%	;
1153	;07/19 00:00 - 01:00	;0	; --%	; --%	;2	;Aumentar por100.0%	; --%	;0	; --%	; --%	;0	; --%	; --%	;1	; --%	; --%	;1	;Disminuir por66.7%	; --%	;0	; --%	; --%	;0	; --%	; --%	;
1154	;07/19 01:00 - 02:00	;0	; --%	; --%	;1	;Sin cambios	; --%	;0	; --%	; --%	;1	; --%	; --%	;1	; --%	; --%	;6	;Aumentar por500.0%	; --%	;0	; --%	; --%	;0	; --%	; --%	;
1155	;07/19 02:00 - 03:00	;0	;Disminuir por100.0%	; --%	;1	; --%	; --%	;0	; --%	; --%	;1	; --%	; --%	;0	; --%	; --%	;1	; --%	; --%	;0	; --%	; --%	;1	; --%	; --%	;
1156	;07/19 03:00 - 04:00	;0	; --%	; --%	;0	;Disminuir por100.0%	; --%	;0	; --%	; --%	;0	; --%	; --%	;0	; --%	; --%	;1	; --%	; --%	;0	; --%	; --%	;2	; --%	; --%	;
1157	;07/19 04:00 - 05:00	;0	; --%	; --%	;0	; --%	; --%	;0	; --%	; --%	;0	; --%	; --%	;0	; --%	; --%	;0	;Disminuir por100.0%	; --%	;0	; --%	; --%	;1	; --%	; --%	;
1158	;07/19 05:00 - 06:00	;0	; --%	; --%	;0	; --%	; --%	;0	; --%	; --%	;1	; --%	; --%	;0	; --%	; --%	;0	; --%	; --%	;0	; --%	; --%	;0	; --%	; --%	;
1159	;07/19 06:00 - 07:00	;0	; --%	; --%	;1	; --%	; --%	;0	; --%	; --%	;0	; --%	; --%	;0	; --%	; --%	;1	; --%	; --%	;0	; --%	; --%	;2	; --%	; --%	;
1160	;07/19 07:00 - 08:00	;0	; --%	; --%	;0	; --%	; --%	;0	; --%	; --%	;0	;Disminuir por100.0%	; --%	;0	; --%	; --%	;3	;Sin cambios	; --%	;0	; --%	; --%	;0	;Disminuir por100.0%	; --%	;
1161	;07/19 08:00 - 09:00	;0	; --%	; --%	;0	;Disminuir por100.0%	; --%	;0	; --%	; --%	;1	;Sin cambios	; --%	;0	; --%	; --%	;4	;Aumentar por100.0%	; --%	;0	; --%	; --%	;0	;Disminuir por100.0%	; --%	;
1162	;07/19 09:00 - 10:00	;0	; --%	; --%	;0	; --%	; --%	;0	; --%	; --%	;0	;Disminuir por100.0%	; --%	;1	; --%	; --%	;6	;Disminuir por25.0%	; --%	;0	; --%	; --%	;0	;Disminuir por100.0%	; --%	;
1163	;07/19 10:00 - 11:00	;0	; --%	; --%	;0	; --%	; --%	;0	; --%	; --%	;6	;Aumentar por20.0%	; --%	;3	;Aumentar por50.0%	; --%	;9	;Disminuir por35.7%	; --%	;0	; --%	; --%	;1	; --%	; --%	;
1164	;07/19 11:00 - 12:00	;0	; --%	; --%	;1	; --%	; --%	;0	; --%	; --%	;3	;Aumentar por50.0%	; --%	;0	; --%	; --%	;7	;Disminuir por36.4%	; --%	;0	; --%	; --%	;0	; --%	; --%	;
1165	;07/19 12:00 - 13:00	;0	; --%	; --%	;1	; --%	; --%	;0	; --%	; --%	;0	;Disminuir por100.0%	; --%	;0	; --%	; --%	;8	;Aumentar por60.0%	; --%	;0	; --%	; --%	;1	;Sin cambios	; --%	;
1166	;07/19 13:00 - 14:00	;0	; --%	; --%	;0	;Disminuir por100.0%	; --%	;0	; --%	; --%	;0	;Disminuir por100.0%	; --%	;4	;Aumentar por300.0%	; --%	;13	;Aumentar por225.0%	; --%	;0	; --%	; --%	;0	; --%	; --%	;
1167	;07/19 14:00 - 15:00	;0	; --%	; --%	;0	;Disminuir por100.0%	; --%	;1	; --%	; --%	;2	;Sin cambios	; --%	;1	; --%	; --%	;4	;Disminuir por50.0%	; --%	;0	; --%	; --%	;1	; --%	; --%	;
1168	;07/19 15:00 - 16:00	;0	; --%	; --%	;1	; --%	; --%	;0	; --%	; --%	;0	;Disminuir por100.0%	; --%	;0	; --%	; --%	;4	;Sin cambios	; --%	;0	; --%	; --%	;0	;Disminuir por100.0%	; --%	;
1169	;07/19 16:00 - 17:00	;0	; --%	; --%	;0	; --%	; --%	;0	; --%	; --%	;3	; --%	; --%	;0	; --%	; --%	;3	;Aumentar por200.0%	; --%	;0	; --%	; --%	;0	; --%	; --%	;
1170	;07/19 17:00 - 18:00	;0	; --%	; --%	;0	; --%	; --%	;0	; --%	; --%	;1	;Sin cambios	; --%	;4	; --%	; --%	;8	;Sin cambios	; --%	;0	; --%	; --%	;0	; --%	; --%	;
1171	;07/19 18:00 - 19:00	;0	; --%	; --%	;0	; --%	; --%	;0	; --%	; --%	;1	;Sin cambios	; --%	;0	; --%	; --%	;1	;Disminuir por75.0%	; --%	;2	; --%	; --%	;3	;Aumentar por50.0%	; --%	;
1172	;07/19 19:00 - 20:00	;0	; --%	; --%	;0	; --%	; --%	;0	; --%	; --%	;0	; --%	; --%	;4	;Aumentar por100.0%	; --%	;6	;Sin cambios	; --%	;0	; --%	; --%	;1	; --%	; --%	;
1173	;07/19 20:00 - 21:00	;0	; --%	; --%	;1	; --%	; --%	;0	; --%	; --%	;0	; --%	; --%	;3	; --%	; --%	;5	;Aumentar por66.7%	; --%	;0	; --%	; --%	;0	;Disminuir por100.0%	; --%	;
1174	;07/19 21:00 - 22:00	;0	; --%	; --%	;0	;Disminuir por100.0%	; --%	;0	; --%	; --%	;0	;Disminuir por100.0%	; --%	;0	;Disminuir por100.0%	; --%	;1	;Disminuir por66.7%	; --%	;0	; --%	; --%	;0	; --%	; --%	;
1175	;07/19 22:00 - 23:00	;0	; --%	; --%	;0	;Disminuir por100.0%	; --%	;0	; --%	; --%	;0	; --%	; --%	;2	; --%	; --%	;2	; --%	; --%	;0	; --%	; --%	;0	; --%	; --%	;
1176	;07/19 23:00 - 24:00	;0	; --%	; --%	;0	;Disminuir por100.0%	; --%	;0	; --%	; --%	;2	; --%	; --%	;0	; --%	; --%	;1	;Disminuir por66.7%	; --%	;0	; --%	; --%	;0	; --%	; --%	;
1177	;07/20 00:00 - 01:00	;0	; --%	; --%	;1	;Disminuir por50.0%	; --%	;0	; --%	; --%	;0	; --%	; --%	;0	; --%	; --%	;1	;Sin cambios	; --%	;0	; --%	; --%	;0	; --%	; --%	;
1178	;07/20 01:00 - 02:00	;0	; --%	; --%	;1	; --%	; --%	;0	; --%	; --%	;0	; --%	; --%	;0	; --%	; --%	;1	; --%	; --%	;0	; --%	; --%	;0	;Disminuir por100.0%	; --%	;
1179	;07/20 02:00 - 03:00	;0	; --%	; --%	;2	; --%	; --%	;0	; --%	; --%	;0	; --%	; --%	;1	; --%	; --%	;2	;Aumentar por100.0%	; --%	;0	; --%	; --%	;0	; --%	; --%	;
1180	;07/20 03:00 - 04:00	;0	; --%	; --%	;0	; --%	; --%	;0	; --%	; --%	;0	; --%	; --%	;0	; --%	; --%	;1	; --%	; --%	;0	; --%	; --%	;0	; --%	; --%	;
1181	;07/20 04:00 - 05:00	;0	; --%	; --%	;0	; --%	; --%	;0	; --%	; --%	;0	; --%	; --%	;0	; --%	; --%	;0	;Disminuir por100.0%	; --%	;0	; --%	; --%	;0	; --%	; --%	;
1182	;07/20 05:00 - 06:00	;0	; --%	; --%	;3	; --%	; --%	;0	; --%	; --%	;0	; --%	; --%	;0	; --%	; --%	;0	;Disminuir por100.0%	; --%	;0	; --%	; --%	;0	; --%	; --%	;
1183	;07/20 06:00 - 07:00	;0	; --%	; --%	;0	; --%	; --%	;0	; --%	; --%	;0	; --%	; --%	;0	; --%	; --%	;0	; --%	; --%	;1	; --%	; --%	;2	; --%	; --%	;
1184	;07/20 07:00 - 08:00	;0	; --%	; --%	;0	; --%	; --%	;0	; --%	; --%	;1	; --%	; --%	;2	; --%	; --%	;4	;Aumentar por100.0%	; --%	;0	; --%	; --%	;0	; --%	; --%	;
1185	;07/20 08:00 - 09:00	;0	; --%	; --%	;1	; --%	; --%	;0	; --%	; --%	;6	;Aumentar por500.0%	; --%	;0	; --%	; --%	;5	;Aumentar por150.0%	; --%	;0	;Disminuir por100.0%	; --%	;3	;Aumentar por50.0%	; --%	;
1186	;07/20 09:00 - 10:00	;0	; --%	; --%	;0	; --%	; --%	;0	; --%	; --%	;8	;Aumentar por300.0%	; --%	;1	; --%	; --%	;11	;Aumentar por266.7%	; --%	;1	; --%	; --%	;3	;Aumentar por200.0%	; --%	;
1187	;07/20 10:00 - 11:00	;0	; --%	; --%	;0	;Disminuir por100.0%	; --%	;1	; --%	; --%	;7	;Aumentar por133.3%	; --%	;3	;Aumentar por200.0%	; --%	;18	;Aumentar por200.0%	; --%	;2	; --%	; --%	;4	;Aumentar por300.0%	; --%	;
1188	;07/20 11:00 - 12:00	;0	; --%	; --%	;0	; --%	; --%	;0	; --%	; --%	;4	;Aumentar por300.0%	; --%	;1	;Disminuir por50.0%	; --%	;10	;Aumentar por150.0%	; --%	;0	; --%	; --%	;3	;Aumentar por200.0%	; --%	;
1189	;07/20 12:00 - 13:00	;0	; --%	; --%	;0	;Disminuir por100.0%	; --%	;0	; --%	; --%	;1	; --%	; --%	;1	;Disminuir por50.0%	; --%	;9	;Aumentar por125.0%	; --%	;2	; --%	; --%	;3	; --%	; --%	;
1190	;07/20 13:00 - 14:00	;0	; --%	; --%	;0	; --%	; --%	;3	; --%	; --%	;4	;Aumentar por100.0%	; --%	;0	; --%	; --%	;4	;Disminuir por33.3%	; --%	;0	; --%	; --%	;1	; --%	; --%	;
1191	;07/20 14:00 - 15:00	;0	; --%	; --%	;0	;Disminuir por100.0%	; --%	;0	; --%	; --%	;2	; --%	; --%	;0	;Disminuir por100.0%	; --%	;13	;Aumentar por85.7%	; --%	;0	; --%	; --%	;2	; --%	; --%	;
1192	;07/20 15:00 - 16:00	;0	; --%	; --%	;1	; --%	; --%	;2	; --%	; --%	;5	;Aumentar por400.0%	; --%	;2	; --%	; --%	;7	;Aumentar por250.0%	; --%	;0	; --%	; --%	;1	; --%	; --%	;
1193	;07/20 16:00 - 17:00	;0	; --%	; --%	;0	; --%	; --%	;0	; --%	; --%	;1	; --%	; --%	;4	; --%	; --%	;12	;Aumentar por300.0%	; --%	;0	; --%	; --%	;0	;Disminuir por100.0%	; --%	;
1194	;07/20 17:00 - 18:00	;0	; --%	; --%	;0	; --%	; --%	;0	; --%	; --%	;0	; --%	; --%	;0	; --%	; --%	;6	;Aumentar por200.0%	; --%	;1	;Sin cambios	; --%	;3	;Aumentar por50.0%	; --%	;
1195	;07/20 18:00 - 19:00	;0	; --%	; --%	;0	; --%	; --%	;0	; --%	; --%	;1	;Sin cambios	; --%	;0	; --%	; --%	;9	;Aumentar por200.0%	; --%	;0	; --%	; --%	;0	; --%	; --%	;
1196	;07/20 19:00 - 20:00	;0	; --%	; --%	;0	; --%	; --%	;0	; --%	; --%	;1	; --%	; --%	;2	; --%	; --%	;7	;Aumentar por133.3%	; --%	;0	; --%	; --%	;0	; --%	; --%	;
1197	;07/20 20:00 - 21:00	;0	; --%	; --%	;0	; --%	; --%	;0	; --%	; --%	;0	; --%	; --%	;3	; --%	; --%	;7	;Aumentar por40.0%	; --%	;0	; --%	; --%	;0	; --%	; --%	;
1198	;07/20 21:00 - 22:00	;0	; --%	; --%	;1	; --%	; --%	;0	; --%	; --%	;1	; --%	; --%	;1	; --%	; --%	;2	;Sin cambios	; --%	;0	; --%	; --%	;0	; --%	; --%	;
1199	;07/20 22:00 - 23:00	;0	; --%	; --%	;1	;Disminuir por50.0%	; --%	;0	; --%	; --%	;0	; --%	; --%	;0	; --%	; --%	;0	;Disminuir por100.0%	; --%	;0	; --%	; --%	;0	; --%	; --%	;
1200	;07/20 23:00 - 24:00	;0	; --%	; --%	;1	; --%	; --%	;0	; --%	; --%	;0	; --%	; --%	;0	; --%	; --%	;2	;Sin cambios	; --%	;0	; --%	; --%	;0	; --%	; --%	;
1201	;07/21 00:00 - 01:00	;0	; --%	; --%	;0	; --%	; --%	;0	; --%	; --%	;0	; --%	; --%	;0	; --%	; --%	;0	;Disminuir por100.0%	; --%	;0	; --%	; --%	;0	; --%	; --%	;
1202	;07/21 01:00 - 02:00	;0	; --%	; --%	;2	; --%	; --%	;0	; --%	; --%	;0	; --%	; --%	;0	; --%	; --%	;0	; --%	; --%	;0	; --%	; --%	;0	; --%	; --%	;
1203	;07/21 02:00 - 03:00	;0	; --%	; --%	;0	; --%	; --%	;0	; --%	; --%	;0	; --%	; --%	;0	; --%	; --%	;0	; --%	; --%	;0	;Disminuir por100.0%	; --%	;0	;Disminuir por100.0%	; --%	;
1204	;07/21 03:00 - 04:00	;0	; --%	; --%	;0	; --%	; --%	;0	; --%	; --%	;0	; --%	; --%	;0	; --%	; --%	;1	; --%	; --%	;0	; --%	; --%	;0	; --%	; --%	;
1205	;07/21 04:00 - 05:00	;0	; --%	; --%	;0	; --%	; --%	;0	; --%	; --%	;0	; --%	; --%	;0	; --%	; --%	;1	;Sin cambios	; --%	;0	; --%	; --%	;0	; --%	; --%	;
1206	;07/21 05:00 - 06:00	;0	; --%	; --%	;0	; --%	; --%	;0	; --%	; --%	;1	; --%	; --%	;0	; --%	; --%	;0	; --%	; --%	;0	; --%	; --%	;0	; --%	; --%	;
1207	;07/21 06:00 - 07:00	;0	; --%	; --%	;0	; --%	; --%	;0	; --%	; --%	;0	; --%	; --%	;0	; --%	; --%	;0	;Disminuir por100.0%	; --%	;0	; --%	; --%	;0	; --%	; --%	;
1208	;07/21 07:00 - 08:00	;0	; --%	; --%	;0	; --%	; --%	;2	; --%	; --%	;4	; --%	; --%	;2	;Sin cambios	; --%	;6	;Aumentar por20.0%	; --%	;0	; --%	; --%	;0	; --%	; --%	;
1209	;07/21 08:00 - 09:00	;0	; --%	; --%	;0	;Disminuir por100.0%	; --%	;0	; --%	; --%	;7	;Sin cambios	; --%	;3	;Aumentar por50.0%	; --%	;16	;Aumentar por45.5%	; --%	;1	; --%	; --%	;2	;Aumentar por100.0%	; --%	;
1210	;07/21 09:00 - 10:00	;0	; --%	; --%	;0	;Disminuir por100.0%	; --%	;0	; --%	; --%	;9	;Aumentar por50.0%	; --%	;2	;Disminuir por60.0%	; --%	;8	;Disminuir por52.9%	; --%	;3	; --%	; --%	;3	;Aumentar por200.0%	; --%	;
1211	;07/21 10:00 - 11:00	;0	; --%	; --%	;0	; --%	; --%	;0	; --%	; --%	;7	;Disminuir por12.5%	; --%	;0	;Disminuir por100.0%	; --%	;11	;Disminuir por21.4%	; --%	;1	; --%	; --%	;5	; --%	; --%	;
1212	;07/21 11:00 - 12:00	;0	; --%	; --%	;0	; --%	; --%	;0	;Disminuir por100.0%	; --%	;9	;Aumentar por80.0%	; --%	;2	;Disminuir por33.3%	; --%	;10	;Disminuir por28.6%	; --%	;0	; --%	; --%	;2	;Sin cambios	; --%	;
1213	;07/21 12:00 - 13:00	;0	; --%	; --%	;1	;Sin cambios	; --%	;0	; --%	; --%	;2	;Disminuir por50.0%	; --%	;0	;Disminuir por100.0%	; --%	;6	;Disminuir por71.4%	; --%	;0	; --%	; --%	;0	; --%	; --%	;
1214	;07/21 13:00 - 14:00	;0	; --%	; --%	;1	;Sin cambios	; --%	;0	;Disminuir por100.0%	; --%	;5	;Sin cambios	; --%	;0	; --%	; --%	;7	;Disminuir por30.0%	; --%	;0	; --%	; --%	;2	;Sin cambios	; --%	;
1215	;07/21 14:00 - 15:00	;0	; --%	; --%	;0	; --%	; --%	;1	;Sin cambios	; --%	;5	;Aumentar por25.0%	; --%	;1	;Disminuir por50.0%	; --%	;12	;Aumentar por100.0%	; --%	;0	; --%	; --%	;0	; --%	; --%	;
1216	;07/21 15:00 - 16:00	;0	; --%	; --%	;1	; --%	; --%	;0	; --%	; --%	;2	;Aumentar por100.0%	; --%	;3	;Aumentar por50.0%	; --%	;8	;Disminuir por38.5%	; --%	;0	; --%	; --%	;0	;Disminuir por100.0%	; --%	;
1217	;07/21 16:00 - 17:00	;0	; --%	; --%	;0	; --%	; --%	;0	; --%	; --%	;2	;Disminuir por50.0%	; --%	;0	; --%	; --%	;7	;Disminuir por22.2%	; --%	;0	; --%	; --%	;0	; --%	; --%	;
1218	;07/21 17:00 - 18:00	;0	; --%	; --%	;0	; --%	; --%	;0	; --%	; --%	;1	;Sin cambios	; --%	;0	;Disminuir por100.0%	; --%	;8	;Disminuir por27.3%	; --%	;0	; --%	; --%	;2	; --%	; --%	;
1219	;07/21 18:00 - 19:00	;0	; --%	; --%	;0	; --%	; --%	;0	; --%	; --%	;0	;Disminuir por100.0%	; --%	;0	;Disminuir por100.0%	; --%	;9	;Disminuir por18.2%	; --%	;0	; --%	; --%	;0	;Disminuir por100.0%	; --%	;
1220	;07/21 19:00 - 20:00	;0	; --%	; --%	;0	; --%	; --%	;0	;Disminuir por100.0%	; --%	;0	;Disminuir por100.0%	; --%	;0	;Disminuir por100.0%	; --%	;5	;Disminuir por54.5%	; --%	;0	; --%	; --%	;1	; --%	; --%	;
1221	;07/21 20:00 - 21:00	;0	; --%	; --%	;0	;Disminuir por100.0%	; --%	;0	; --%	; --%	;1	;Sin cambios	; --%	;0	; --%	; --%	;1	;Disminuir por87.5%	; --%	;0	; --%	; --%	;0	; --%	; --%	;
1222	;07/21 21:00 - 22:00	;0	; --%	; --%	;0	;Disminuir por100.0%	; --%	;0	; --%	; --%	;0	; --%	; --%	;3	; --%	; --%	;4	;Aumentar por33.3%	; --%	;0	; --%	; --%	;0	; --%	; --%	;
1223	;07/21 22:00 - 23:00	;0	; --%	; --%	;0	; --%	; --%	;0	; --%	; --%	;0	; --%	; --%	;0	; --%	; --%	;0	;Disminuir por100.0%	; --%	;0	; --%	; --%	;0	; --%	; --%	;
1224	;07/21 23:00 - 24:00	;0	; --%	; --%	;1	; --%	; --%	;0	; --%	; --%	;0	; --%	; --%	;0	; --%	; --%	;1	; --%	; --%	;0	; --%	; --%	;0	; --%	; --%	;
1225	;07/22 00:00 - 01:00	;0	; --%	; --%	;1	; --%	; --%	;0	; --%	; --%	;0	; --%	; --%	;0	; --%	; --%	;1	; --%	; --%	;0	; --%	; --%	;1	; --%	; --%	;
1226	;07/22 01:00 - 02:00	;0	; --%	; --%	;2	; --%	; --%	;0	; --%	; --%	;0	; --%	; --%	;0	; --%	; --%	;1	; --%	; --%	;0	; --%	; --%	;0	; --%	; --%	;
1227	;07/22 02:00 - 03:00	;0	; --%	; --%	;0	; --%	; --%	;0	; --%	; --%	;0	; --%	; --%	;0	; --%	; --%	;0	; --%	; --%	;0	; --%	; --%	;0	;Disminuir por100.0%	; --%	;
1228	;07/22 03:00 - 04:00	;0	; --%	; --%	;1	; --%	; --%	;0	; --%	; --%	;0	; --%	; --%	;0	; --%	; --%	;0	;Disminuir por100.0%	; --%	;0	; --%	; --%	;0	; --%	; --%	;
1229	;07/22 04:00 - 05:00	;0	; --%	; --%	;0	; --%	; --%	;0	; --%	; --%	;0	; --%	; --%	;0	; --%	; --%	;0	; --%	; --%	;0	; --%	; --%	;0	; --%	; --%	;
1230	;07/22 05:00 - 06:00	;0	; --%	; --%	;1	; --%	; --%	;0	; --%	; --%	;1	; --%	; --%	;0	; --%	; --%	;1	; --%	; --%	;0	; --%	; --%	;0	; --%	; --%	;
1231	;07/22 06:00 - 07:00	;0	;Disminuir por100.0%	; --%	;0	;Disminuir por100.0%	; --%	;0	; --%	; --%	;0	; --%	; --%	;0	;Disminuir por100.0%	; --%	;0	;Disminuir por100.0%	; --%	;0	;Disminuir por100.0%	; --%	;0	; --%	; --%	;
1232	;07/22 07:00 - 08:00	;0	; --%	; --%	;0	;Disminuir por100.0%	; --%	;0	;Disminuir por100.0%	; --%	;0	;Disminuir por100.0%	; --%	;2	; --%	; --%	;10	;Aumentar por100.0%	; --%	;0	; --%	; --%	;1	; --%	; --%	;
1233	;07/22 08:00 - 09:00	;0	; --%	; --%	;0	; --%	; --%	;0	;Disminuir por100.0%	; --%	;1	;Disminuir por87.5%	; --%	;1	; --%	; --%	;4	;Disminuir por50.0%	; --%	;0	;Disminuir por100.0%	; --%	;1	;Disminuir por94.7%	; --%	;
1234	;07/22 09:00 - 10:00	;0	; --%	; --%	;0	; --%	; --%	;0	; --%	; --%	;3	;Disminuir por40.0%	; --%	;2	;Sin cambios	; --%	;0	;Disminuir por100.0%	; --%	;0	; --%	; --%	;1	;Disminuir por50.0%	; --%	;
1235	;07/22 10:00 - 11:00	;0	; --%	; --%	;0	; --%	; --%	;0	;Disminuir por100.0%	; --%	;2	;Disminuir por87.5%	; --%	;0	;Disminuir por100.0%	; --%	;0	;Disminuir por100.0%	; --%	;0	;Disminuir por100.0%	; --%	;0	;Disminuir por100.0%	; --%	;
1236	;07/22 11:00 - 12:00	;0	; --%	; --%	;0	;Disminuir por100.0%	; --%	;0	; --%	; --%	;1	;Disminuir por80.0%	; --%	;1	;Sin cambios	; --%	;0	;Disminuir por100.0%	; --%	;0	;Disminuir por100.0%	; --%	;0	;Disminuir por100.0%	; --%	;
1237	;07/22 12:00 - 13:00	;0	; --%	; --%	;0	; --%	; --%	;0	; --%	; --%	;0	;Disminuir por100.0%	; --%	;0	;Disminuir por100.0%	; --%	;1	;Disminuir por93.8%	; --%	;0	; --%	; --%	;0	;Disminuir por100.0%	; --%	;
1238	;07/22 13:00 - 14:00	;0	; --%	; --%	;0	;Disminuir por100.0%	; --%	;1	; --%	; --%	;1	;Disminuir por75.0%	; --%	;5	;Disminuir por16.7%	; --%	;4	;Disminuir por78.9%	; --%	;0	; --%	; --%	;0	;Disminuir por100.0%	; --%	;
1239	;07/22 14:00 - 15:00	;0	; --%	; --%	;0	; --%	; --%	;0	; --%	; --%	;2	;Disminuir por33.3%	; --%	;5	; --%	; --%	;10	;Aumentar por66.7%	; --%	;0	; --%	; --%	;0	;Disminuir por100.0%	; --%	;
1240	;07/22 15:00 - 16:00	;0	; --%	; --%	;1	;Disminuir por50.0%	; --%	;2	; --%	; --%	;4	;Aumentar por300.0%	; --%	;4	;Aumentar por300.0%	; --%	;12	;Aumentar por71.4%	; --%	;0	; --%	; --%	;0	;Disminuir por100.0%	; --%	;
1241	;07/22 16:00 - 17:00	;0	; --%	; --%	;2	; --%	; --%	;0	; --%	; --%	;1	; --%	; --%	;0	; --%	; --%	;7	;Sin cambios	; --%	;0	;Disminuir por100.0%	; --%	;0	;Disminuir por100.0%	; --%	;
1242	;07/22 17:00 - 18:00	;0	; --%	; --%	;0	; --%	; --%	;0	; --%	; --%	;0	; --%	; --%	;0	; --%	; --%	;7	;Disminuir por30.0%	; --%	;0	; --%	; --%	;0	; --%	; --%	;
1243	;07/22 18:00 - 19:00	;0	; --%	; --%	;0	; --%	; --%	;0	; --%	; --%	;0	;Disminuir por100.0%	; --%	;3	; --%	; --%	;12	;Aumentar por200.0%	; --%	;2	; --%	; --%	;2	;Aumentar por100.0%	; --%	;
1244	;07/22 19:00 - 20:00	;0	; --%	; --%	;0	;Disminuir por100.0%	; --%	;0	; --%	; --%	;3	;Aumentar por200.0%	; --%	;0	;Disminuir por100.0%	; --%	;6	;Disminuir por33.3%	; --%	;0	; --%	; --%	;0	;Disminuir por100.0%	; --%	;
1245	;07/22 20:00 - 21:00	;0	; --%	; --%	;0	;Disminuir por100.0%	; --%	;0	; --%	; --%	;0	; --%	; --%	;0	; --%	; --%	;1	;Disminuir por75.0%	; --%	;0	; --%	; --%	;0	; --%	; --%	;
1246	;07/22 21:00 - 22:00	;0	; --%	; --%	;0	;Disminuir por100.0%	; --%	;0	; --%	; --%	;1	;Sin cambios	; --%	;0	; --%	; --%	;0	;Disminuir por100.0%	; --%	;0	; --%	; --%	;0	; --%	; --%	;
1247	;07/22 22:00 - 23:00	;0	; --%	; --%	;1	;Disminuir por50.0%	; --%	;0	; --%	; --%	;1	; --%	; --%	;0	; --%	; --%	;0	; --%	; --%	;0	; --%	; --%	;0	; --%	; --%	;
1248	;07/22 23:00 - 24:00	;0	; --%	; --%	;0	; --%	; --%	;0	; --%	; --%	;0	; --%	; --%	;0	; --%	; --%	;1	; --%	; --%	;0	; --%	; --%	;0	; --%	; --%	;
1249	;07/23 00:00 - 01:00	;0	; --%	; --%	;1	; --%	; --%	;0	; --%	; --%	;2	; --%	; --%	;0	; --%	; --%	;0	;Disminuir por100.0%	; --%	;0	; --%	; --%	;0	; --%	; --%	;
1250	;07/23 01:00 - 02:00	;0	; --%	; --%	;1	; --%	; --%	;0	; --%	; --%	;1	; --%	; --%	;0	; --%	; --%	;1	; --%	; --%	;0	; --%	; --%	;1	; --%	; --%	;
1251	;07/23 02:00 - 03:00	;0	; --%	; --%	;0	; --%	; --%	;0	; --%	; --%	;1	; --%	; --%	;0	; --%	; --%	;0	; --%	; --%	;0	; --%	; --%	;0	; --%	; --%	;
1252	;07/23 03:00 - 04:00	;0	; --%	; --%	;0	; --%	; --%	;0	; --%	; --%	;0	; --%	; --%	;0	; --%	; --%	;0	; --%	; --%	;0	; --%	; --%	;0	; --%	; --%	;
1253	;07/23 04:00 - 05:00	;0	; --%	; --%	;0	; --%	; --%	;0	; --%	; --%	;0	; --%	; --%	;0	; --%	; --%	;0	; --%	; --%	;0	; --%	; --%	;0	; --%	; --%	;
1254	;07/23 05:00 - 06:00	;0	; --%	; --%	;0	; --%	; --%	;0	; --%	; --%	;0	; --%	; --%	;0	; --%	; --%	;0	; --%	; --%	;0	; --%	; --%	;0	; --%	; --%	;
1255	;07/23 06:00 - 07:00	;0	; --%	; --%	;1	; --%	; --%	;0	;Disminuir por100.0%	; --%	;1	;Disminuir por50.0%	; --%	;0	; --%	; --%	;0	; --%	; --%	;0	; --%	; --%	;1	; --%	; --%	;
1256	;07/23 07:00 - 08:00	;0	; --%	; --%	;0	; --%	; --%	;0	;Disminuir por100.0%	; --%	;5	;Aumentar por400.0%	; --%	;2	; --%	; --%	;7	;Aumentar por133.3%	; --%	;0	; --%	; --%	;0	;Disminuir por100.0%	; --%	;
1257	;07/23 08:00 - 09:00	;0	; --%	; --%	;0	; --%	; --%	;5	;Aumentar por25.0%	; --%	;12	;Sin cambios	; --%	;2	;Disminuir por33.3%	; --%	;10	;Disminuir por50.0%	; --%	;32	; --%	; --%	;34	;Aumentar por1600.0%	; --%	;
1258	;07/23 09:00 - 10:00	;0	; --%	; --%	;0	;Disminuir por100.0%	; --%	;1	; --%	; --%	;4	;Aumentar por100.0%	; --%	;3	;Aumentar por50.0%	; --%	;5	;Disminuir por44.4%	; --%	;3	;Aumentar por50.0%	; --%	;4	;Sin cambios	; --%	;
1259	;07/23 10:00 - 11:00	;0	; --%	; --%	;0	; --%	; --%	;1	;Sin cambios	; --%	;11	;Aumentar por120.0%	; --%	;0	;Disminuir por100.0%	; --%	;9	;Disminuir por47.1%	; --%	;0	; --%	; --%	;3	;Sin cambios	; --%	;
1260	;07/23 11:00 - 12:00	;0	; --%	; --%	;0	; --%	; --%	;0	; --%	; --%	;9	;Aumentar por12.5%	; --%	;1	;Sin cambios	; --%	;13	;Aumentar por8.3%	; --%	;0	;Disminuir por100.0%	; --%	;0	;Disminuir por100.0%	; --%	;
1261	;07/23 12:00 - 13:00	;0	; --%	; --%	;1	; --%	; --%	;1	;Disminuir por50.0%	; --%	;7	;Disminuir por22.2%	; --%	;2	;Disminuir por33.3%	; --%	;14	;Aumentar por27.3%	; --%	;0	; --%	; --%	;2	;Sin cambios	; --%	;
1262	;07/23 13:00 - 14:00	;0	; --%	; --%	;0	; --%	; --%	;0	; --%	; --%	;2	;Disminuir por33.3%	; --%	;0	;Disminuir por100.0%	; --%	;8	;Sin cambios	; --%	;1	; --%	; --%	;3	; --%	; --%	;
1263	;07/23 14:00 - 15:00	;0	; --%	; --%	;0	; --%	; --%	;0	; --%	; --%	;1	;Disminuir por66.7%	; --%	;8	;Aumentar por166.7%	; --%	;17	;Aumentar por70.0%	; --%	;0	; --%	; --%	;0	;Disminuir por100.0%	; --%	;
1264	;07/23 15:00 - 16:00	;0	; --%	; --%	;2	;Aumentar por100.0%	; --%	;0	; --%	; --%	;1	;Disminuir por50.0%	; --%	;2	; --%	; --%	;8	;Disminuir por27.3%	; --%	;0	; --%	; --%	;0	; --%	; --%	;
1265	;07/23 16:00 - 17:00	;0	; --%	; --%	;0	; --%	; --%	;0	; --%	; --%	;1	;Disminuir por66.7%	; --%	;5	;Aumentar por150.0%	; --%	;11	;Aumentar por22.2%	; --%	;0	; --%	; --%	;0	;Disminuir por100.0%	; --%	;
1266	;07/23 17:00 - 18:00	;0	; --%	; --%	;0	;Disminuir por100.0%	; --%	;0	; --%	; --%	;1	;Disminuir por50.0%	; --%	;0	;Disminuir por100.0%	; --%	;8	;Sin cambios	; --%	;0	; --%	; --%	;0	;Disminuir por100.0%	; --%	;
1267	;07/23 18:00 - 19:00	;0	; --%	; --%	;0	;Disminuir por100.0%	; --%	;2	; --%	; --%	;3	;Aumentar por50.0%	; --%	;0	; --%	; --%	;6	;Disminuir por45.5%	; --%	;1	; --%	; --%	;3	;Aumentar por50.0%	; --%	;
1268	;07/23 19:00 - 20:00	;0	; --%	; --%	;0	; --%	; --%	;0	; --%	; --%	;0	; --%	; --%	;2	;Disminuir por33.3%	; --%	;7	;Disminuir por22.2%	; --%	;0	; --%	; --%	;0	; --%	; --%	;
1269	;07/23 20:00 - 21:00	;0	; --%	; --%	;0	;Disminuir por100.0%	; --%	;0	; --%	; --%	;0	;Disminuir por100.0%	; --%	;1	; --%	; --%	;5	;Disminuir por28.6%	; --%	;0	; --%	; --%	;0	; --%	; --%	;
1270	;07/23 21:00 - 22:00	;0	; --%	; --%	;0	;Disminuir por100.0%	; --%	;0	; --%	; --%	;0	; --%	; --%	;0	; --%	; --%	;0	;Disminuir por100.0%	; --%	;0	; --%	; --%	;0	; --%	; --%	;
1271	;07/23 22:00 - 23:00	;0	; --%	; --%	;0	;Disminuir por100.0%	; --%	;0	; --%	; --%	;0	; --%	; --%	;2	; --%	; --%	;4	;Aumentar por300.0%	; --%	;0	; --%	; --%	;0	; --%	; --%	;
1272	;07/23 23:00 - 24:00	;0	; --%	; --%	;0	;Disminuir por100.0%	; --%	;0	; --%	; --%	;0	;Disminuir por100.0%	; --%	;0	; --%	; --%	;0	; --%	; --%	;0	; --%	; --%	;0	; --%	; --%	;
1273	;07/24 00:00 - 01:00	;0	; --%	; --%	;0	; --%	; --%	;0	; --%	; --%	;1	; --%	; --%	;0	; --%	; --%	;1	;Sin cambios	; --%	;0	; --%	; --%	;0	; --%	; --%	;
1274	;07/24 01:00 - 02:00	;0	; --%	; --%	;2	; --%	; --%	;0	; --%	; --%	;0	; --%	; --%	;0	; --%	; --%	;1	; --%	; --%	;0	; --%	; --%	;0	; --%	; --%	;
1275	;07/24 02:00 - 03:00	;0	; --%	; --%	;0	; --%	; --%	;0	; --%	; --%	;0	; --%	; --%	;0	; --%	; --%	;0	; --%	; --%	;0	; --%	; --%	;0	; --%	; --%	;
1276	;07/24 03:00 - 04:00	;0	; --%	; --%	;0	; --%	; --%	;0	; --%	; --%	;0	; --%	; --%	;0	; --%	; --%	;1	; --%	; --%	;0	; --%	; --%	;0	; --%	; --%	;
1277	;07/24 04:00 - 05:00	;0	; --%	; --%	;0	; --%	; --%	;0	; --%	; --%	;0	; --%	; --%	;0	; --%	; --%	;1	; --%	; --%	;0	; --%	; --%	;0	; --%	; --%	;
1278	;07/24 05:00 - 06:00	;0	; --%	; --%	;1	; --%	; --%	;0	; --%	; --%	;0	; --%	; --%	;0	; --%	; --%	;0	; --%	; --%	;0	; --%	; --%	;0	; --%	; --%	;
1279	;07/24 06:00 - 07:00	;0	; --%	; --%	;1	; --%	; --%	;0	; --%	; --%	;0	; --%	; --%	;0	; --%	; --%	;0	;Disminuir por100.0%	; --%	;0	; --%	; --%	;0	;Disminuir por100.0%	; --%	;
1280	;07/24 07:00 - 08:00	;0	; --%	; --%	;0	; --%	; --%	;0	; --%	; --%	;1	; --%	; --%	;4	;Aumentar por100.0%	; --%	;10	;Aumentar por150.0%	; --%	;0	; --%	; --%	;4	;Aumentar por100.0%	; --%	;
1281	;07/24 08:00 - 09:00	;0	; --%	; --%	;0	; --%	; --%	;0	; --%	; --%	;2	;Disminuir por33.3%	; --%	;2	;Aumentar por100.0%	; --%	;8	;Disminuir por50.0%	; --%	;0	; --%	; --%	;1	;Disminuir por50.0%	; --%	;
1282	;07/24 09:00 - 10:00	;0	; --%	; --%	;0	; --%	; --%	;2	; --%	; --%	;6	;Disminuir por14.3%	; --%	;1	;Disminuir por75.0%	; --%	;9	;Disminuir por30.8%	; --%	;1	; --%	; --%	;2	;Sin cambios	; --%	;
1283	;07/24 10:00 - 11:00	;1	; --%	; --%	;3	; --%	; --%	;1	;Sin cambios	; --%	;8	;Disminuir por20.0%	; --%	;5	;Aumentar por25.0%	; --%	;16	;Disminuir por15.8%	; --%	;1	;Sin cambios	; --%	;7	;Aumentar por40.0%	; --%	;
1284	;07/24 11:00 - 12:00	;0	; --%	; --%	;1	; --%	; --%	;2	;Sin cambios	; --%	;15	;Aumentar por36.4%	; --%	;7	; --%	; --%	;20	;Aumentar por53.8%	; --%	;1	; --%	; --%	;7	;Aumentar por600.0%	; --%	;
1285	;07/24 12:00 - 13:00	;0	; --%	; --%	;1	; --%	; --%	;0	;Disminuir por100.0%	; --%	;2	;Disminuir por50.0%	; --%	;0	;Disminuir por100.0%	; --%	;8	;Disminuir por42.9%	; --%	;0	; --%	; --%	;1	;Sin cambios	; --%	;
1286	;07/24 13:00 - 14:00	;0	; --%	; --%	;0	; --%	; --%	;0	; --%	; --%	;4	;Aumentar por33.3%	; --%	;0	;Disminuir por100.0%	; --%	;4	;Disminuir por42.9%	; --%	;0	; --%	; --%	;1	; --%	; --%	;
1287	;07/24 14:00 - 15:00	;0	; --%	; --%	;4	; --%	; --%	;0	;Disminuir por100.0%	; --%	;1	;Disminuir por85.7%	; --%	;2	; --%	; --%	;16	;Aumentar por60.0%	; --%	;0	; --%	; --%	;0	; --%	; --%	;
1288	;07/24 15:00 - 16:00	;0	; --%	; --%	;0	; --%	; --%	;0	; --%	; --%	;0	; --%	; --%	;2	;Disminuir por50.0%	; --%	;11	;Disminuir por31.3%	; --%	;0	; --%	; --%	;0	;Disminuir por100.0%	; --%	;
1289	;07/24 16:00 - 17:00	;0	; --%	; --%	;0	; --%	; --%	;0	; --%	; --%	;0	;Disminuir por100.0%	; --%	;0	; --%	; --%	;12	;Aumentar por300.0%	; --%	;0	; --%	; --%	;1	; --%	; --%	;
1290	;07/24 17:00 - 18:00	;0	; --%	; --%	;2	;Aumentar por100.0%	; --%	;0	; --%	; --%	;1	;Disminuir por66.7%	; --%	;2	; --%	; --%	;12	;Aumentar por20.0%	; --%	;0	;Disminuir por100.0%	; --%	;0	;Disminuir por100.0%	; --%	;
1291	;07/24 18:00 - 19:00	;0	; --%	; --%	;0	; --%	; --%	;0	; --%	; --%	;1	;Sin cambios	; --%	;0	; --%	; --%	;4	;Disminuir por33.3%	; --%	;4	; --%	; --%	;5	;Aumentar por400.0%	; --%	;
1292	;07/24 19:00 - 20:00	;0	; --%	; --%	;1	; --%	; --%	;0	; --%	; --%	;0	;Disminuir por100.0%	; --%	;0	; --%	; --%	;4	;Disminuir por66.7%	; --%	;0	; --%	; --%	;0	; --%	; --%	;
1293	;07/24 20:00 - 21:00	;0	; --%	; --%	;0	; --%	; --%	;0	; --%	; --%	;0	; --%	; --%	;0	;Disminuir por100.0%	; --%	;4	;Disminuir por50.0%	; --%	;0	; --%	; --%	;0	;Disminuir por100.0%	; --%	;
1294	;07/24 21:00 - 22:00	;0	; --%	; --%	;0	;Disminuir por100.0%	; --%	;0	; --%	; --%	;0	; --%	; --%	;2	;Sin cambios	; --%	;3	;Disminuir por50.0%	; --%	;0	; --%	; --%	;0	; --%	; --%	;
1295	;07/24 22:00 - 23:00	;0	; --%	; --%	;0	;Disminuir por100.0%	; --%	;0	; --%	; --%	;0	; --%	; --%	;1	; --%	; --%	;3	;Aumentar por50.0%	; --%	;0	; --%	; --%	;0	; --%	; --%	;
1296	;07/24 23:00 - 24:00	;0	; --%	; --%	;1	;Disminuir por66.7%	; --%	;0	; --%	; --%	;0	; --%	; --%	;0	; --%	; --%	;2	;Aumentar por100.0%	; --%	;0	; --%	; --%	;0	; --%	; --%	;
1297	;07/25 00:00 - 01:00	;0	; --%	; --%	;1	; --%	; --%	;0	; --%	; --%	;1	; --%	; --%	;0	; --%	; --%	;1	; --%	; --%	;0	; --%	; --%	;0	; --%	; --%	;
1298	;07/25 01:00 - 02:00	;0	; --%	; --%	;3	; --%	; --%	;0	; --%	; --%	;1	; --%	; --%	;0	; --%	; --%	;2	;Aumentar por100.0%	; --%	;0	; --%	; --%	;1	; --%	; --%	;
1299	;07/25 02:00 - 03:00	;0	; --%	; --%	;0	; --%	; --%	;0	; --%	; --%	;0	; --%	; --%	;0	; --%	; --%	;0	; --%	; --%	;0	; --%	; --%	;0	; --%	; --%	;
1300	;07/25 03:00 - 04:00	;0	; --%	; --%	;0	; --%	; --%	;0	; --%	; --%	;0	; --%	; --%	;0	; --%	; --%	;0	; --%	; --%	;0	; --%	; --%	;0	; --%	; --%	;
1301	;07/25 04:00 - 05:00	;0	;Disminuir por100.0%	; --%	;1	;Sin cambios	; --%	;0	; --%	; --%	;0	; --%	; --%	;0	; --%	; --%	;0	; --%	; --%	;0	; --%	; --%	;0	; --%	; --%	;
1302	;07/25 05:00 - 06:00	;0	;Disminuir por100.0%	; --%	;0	; --%	; --%	;0	; --%	; --%	;1	; --%	; --%	;0	; --%	; --%	;0	; --%	; --%	;0	;Disminuir por100.0%	; --%	;0	; --%	; --%	;
1303	;07/25 06:00 - 07:00	;0	; --%	; --%	;0	; --%	; --%	;0	; --%	; --%	;0	; --%	; --%	;0	;Disminuir por100.0%	; --%	;0	;Disminuir por100.0%	; --%	;0	; --%	; --%	;0	; --%	; --%	;
1304	;07/25 07:00 - 08:00	;0	; --%	; --%	;0	; --%	; --%	;0	; --%	; --%	;0	;Disminuir por100.0%	; --%	;0	; --%	; --%	;1	;Disminuir por87.5%	; --%	;0	; --%	; --%	;0	; --%	; --%	;
1305	;07/25 08:00 - 09:00	;0	; --%	; --%	;0	;Disminuir por100.0%	; --%	;0	; --%	; --%	;1	;Disminuir por80.0%	; --%	;0	; --%	; --%	;3	;Disminuir por87.5%	; --%	;1	; --%	; --%	;3	;Aumentar por200.0%	; --%	;
1306	;07/25 09:00 - 10:00	;0	; --%	; --%	;0	; --%	; --%	;1	;Sin cambios	; --%	;4	;Sin cambios	; --%	;1	;Sin cambios	; --%	;8	;Disminuir por20.0%	; --%	;0	; --%	; --%	;1	;Disminuir por50.0%	; --%	;
1307	;07/25 10:00 - 11:00	;0	; --%	; --%	;2	; --%	; --%	;2	; --%	; --%	;7	;Disminuir por36.4%	; --%	;2	;Sin cambios	; --%	;10	;Disminuir por58.3%	; --%	;0	;Disminuir por100.0%	; --%	;1	;Disminuir por80.0%	; --%	;
1308	;07/25 11:00 - 12:00	;0	; --%	; --%	;0	; --%	; --%	;0	;Disminuir por100.0%	; --%	;2	;Disminuir por86.7%	; --%	;0	; --%	; --%	;10	;Disminuir por37.5%	; --%	;0	; --%	; --%	;1	;Disminuir por66.7%	; --%	;
1309	;07/25 12:00 - 13:00	;0	; --%	; --%	;1	;Disminuir por50.0%	; --%	;1	; --%	; --%	;1	;Disminuir por80.0%	; --%	;2	; --%	; --%	;10	;Disminuir por33.3%	; --%	;0	; --%	; --%	;0	;Disminuir por100.0%	; --%	;
1310	;07/25 13:00 - 14:00	;2	; --%	; --%	;3	; --%	; --%	;2	; --%	; --%	;5	;Aumentar por66.7%	; --%	;0	; --%	; --%	;11	;Aumentar por175.0%	; --%	;0	; --%	; --%	;1	;Sin cambios	; --%	;
1311	;07/25 14:00 - 15:00	;0	; --%	; --%	;0	;Disminuir por100.0%	; --%	;2	;Aumentar por100.0%	; --%	;4	;Disminuir por33.3%	; --%	;0	;Disminuir por100.0%	; --%	;12	;Disminuir por42.9%	; --%	;0	; --%	; --%	;0	;Disminuir por100.0%	; --%	;
1312	;07/25 15:00 - 16:00	;0	; --%	; --%	;1	;Disminuir por66.7%	; --%	;0	; --%	; --%	;0	;Disminuir por100.0%	; --%	;0	;Disminuir por100.0%	; --%	;5	;Disminuir por58.3%	; --%	;0	; --%	; --%	;1	;Disminuir por50.0%	; --%	;
1313	;07/25 16:00 - 17:00	;0	; --%	; --%	;0	; --%	; --%	;0	;Disminuir por100.0%	; --%	;1	;Disminuir por80.0%	; --%	;2	;Sin cambios	; --%	;8	;Disminuir por57.9%	; --%	;0	; --%	; --%	;0	;Disminuir por100.0%	; --%	;
1314	;07/25 17:00 - 18:00	;0	; --%	; --%	;0	; --%	; --%	;0	; --%	; --%	;1	; --%	; --%	;0	;Disminuir por100.0%	; --%	;1	;Disminuir por90.0%	; --%	;0	;Disminuir por100.0%	; --%	;0	;Disminuir por100.0%	; --%	;
1315	;07/25 18:00 - 19:00	;0	;Disminuir por100.0%	; --%	;0	;Disminuir por100.0%	; --%	;0	; --%	; --%	;1	; --%	; --%	;0	;Disminuir por100.0%	; --%	;6	;Disminuir por40.0%	; --%	;1	; --%	; --%	;2	;Aumentar por100.0%	; --%	;
1316	;07/25 19:00 - 20:00	;0	; --%	; --%	;0	; --%	; --%	;0	; --%	; --%	;1	; --%	; --%	;3	;Aumentar por50.0%	; --%	;8	;Disminuir por27.3%	; --%	;0	; --%	; --%	;0	; --%	; --%	;
1317	;07/25 20:00 - 21:00	;0	; --%	; --%	;0	; --%	; --%	;0	; --%	; --%	;0	;Disminuir por100.0%	; --%	;6	; --%	; --%	;8	;Aumentar por60.0%	; --%	;0	; --%	; --%	;0	;Disminuir por100.0%	; --%	;
1318	;07/25 21:00 - 22:00	;0	; --%	; --%	;0	;Disminuir por100.0%	; --%	;0	; --%	; --%	;0	; --%	; --%	;3	;Aumentar por200.0%	; --%	;4	;Aumentar por33.3%	; --%	;0	; --%	; --%	;0	; --%	; --%	;
1319	;07/25 22:00 - 23:00	;0	; --%	; --%	;0	;Disminuir por100.0%	; --%	;0	; --%	; --%	;1	; --%	; --%	;0	; --%	; --%	;0	; --%	; --%	;0	; --%	; --%	;0	; --%	; --%	;
1320	;07/25 23:00 - 24:00	;0	; --%	; --%	;1	;Disminuir por66.7%	; --%	;0	; --%	; --%	;0	; --%	; --%	;0	; --%	; --%	;1	;Sin cambios	; --%	;0	; --%	; --%	;0	; --%	; --%	;
1321	;07/26 00:00 - 01:00	;0	; --%	; --%	;1	;Disminuir por50.0%	; --%	;0	; --%	; --%	;0	; --%	; --%	;0	; --%	; --%	;0	;Disminuir por100.0%	; --%	;0	; --%	; --%	;1	; --%	; --%	;
1322	;07/26 01:00 - 02:00	;0	; --%	; --%	;1	; --%	; --%	;0	; --%	; --%	;1	; --%	; --%	;3	; --%	; --%	;9	;Aumentar por200.0%	; --%	;0	; --%	; --%	;0	; --%	; --%	;
1323	;07/26 02:00 - 03:00	;0	; --%	; --%	;1	;Disminuir por50.0%	; --%	;0	; --%	; --%	;0	; --%	; --%	;0	; --%	; --%	;1	; --%	; --%	;0	; --%	; --%	;0	; --%	; --%	;
1324	;07/26 03:00 - 04:00	;0	; --%	; --%	;0	; --%	; --%	;0	; --%	; --%	;0	; --%	; --%	;0	; --%	; --%	;0	;Disminuir por100.0%	; --%	;0	; --%	; --%	;0	; --%	; --%	;
1325	;07/26 04:00 - 05:00	;0	; --%	; --%	;0	;Disminuir por100.0%	; --%	;0	; --%	; --%	;0	; --%	; --%	;0	; --%	; --%	;0	;Disminuir por100.0%	; --%	;0	; --%	; --%	;0	; --%	; --%	;
1326	;07/26 05:00 - 06:00	;0	; --%	; --%	;0	; --%	; --%	;0	; --%	; --%	;0	; --%	; --%	;0	; --%	; --%	;0	; --%	; --%	;0	; --%	; --%	;0	; --%	; --%	;
1327	;07/26 06:00 - 07:00	;0	; --%	; --%	;0	;Disminuir por100.0%	; --%	;0	; --%	; --%	;0	; --%	; --%	;0	; --%	; --%	;0	; --%	; --%	;0	; --%	; --%	;0	; --%	; --%	;
1328	;07/26 07:00 - 08:00	;0	; --%	; --%	;0	;Disminuir por100.0%	; --%	;0	; --%	; --%	;0	; --%	; --%	;0	; --%	; --%	;3	;Aumentar por50.0%	; --%	;0	; --%	; --%	;0	; --%	; --%	;
1329	;07/26 08:00 - 09:00	;0	; --%	; --%	;0	; --%	; --%	;0	; --%	; --%	;2	;Aumentar por100.0%	; --%	;0	; --%	; --%	;3	;Disminuir por62.5%	; --%	;0	; --%	; --%	;1	;Sin cambios	; --%	;
1330	;07/26 09:00 - 10:00	;0	; --%	; --%	;0	;Disminuir por100.0%	; --%	;0	; --%	; --%	;1	;Disminuir por75.0%	; --%	;0	; --%	; --%	;7	;Aumentar por75.0%	; --%	;0	; --%	; --%	;1	; --%	; --%	;
1331	;07/26 10:00 - 11:00	;0	; --%	; --%	;1	;Sin cambios	; --%	;0	; --%	; --%	;3	;Disminuir por57.1%	; --%	;0	; --%	; --%	;8	;Aumentar por60.0%	; --%	;0	; --%	; --%	;0	;Disminuir por100.0%	; --%	;
1332	;07/26 11:00 - 12:00	;0	; --%	; --%	;1	; --%	; --%	;0	; --%	; --%	;5	;Aumentar por400.0%	; --%	;0	;Disminuir por100.0%	; --%	;4	;Disminuir por60.0%	; --%	;0	;Disminuir por100.0%	; --%	;0	;Disminuir por100.0%	; --%	;
1333	;07/26 12:00 - 13:00	;0	; --%	; --%	;0	; --%	; --%	;0	; --%	; --%	;1	;Disminuir por50.0%	; --%	;0	; --%	; --%	;6	;Disminuir por14.3%	; --%	;0	; --%	; --%	;0	; --%	; --%	;
1334	;07/26 13:00 - 14:00	;0	; --%	; --%	;1	; --%	; --%	;0	; --%	; --%	;1	; --%	; --%	;3	; --%	; --%	;10	;Aumentar por66.7%	; --%	;0	; --%	; --%	;1	; --%	; --%	;
1335	;07/26 14:00 - 15:00	;0	; --%	; --%	;0	; --%	; --%	;0	; --%	; --%	;0	; --%	; --%	;0	; --%	; --%	;4	;Aumentar por100.0%	; --%	;0	; --%	; --%	;0	; --%	; --%	;
1336	;07/26 15:00 - 16:00	;0	; --%	; --%	;1	; --%	; --%	;0	; --%	; --%	;0	;Disminuir por100.0%	; --%	;0	; --%	; --%	;4	;Sin cambios	; --%	;0	; --%	; --%	;2	; --%	; --%	;
1337	;07/26 16:00 - 17:00	;0	; --%	; --%	;0	;Disminuir por100.0%	; --%	;0	; --%	; --%	;0	;Disminuir por100.0%	; --%	;1	; --%	; --%	;6	;Aumentar por50.0%	; --%	;0	; --%	; --%	;0	;Disminuir por100.0%	; --%	;
1338	;07/26 17:00 - 18:00	;0	; --%	; --%	;0	; --%	; --%	;0	; --%	; --%	;3	; --%	; --%	;0	;Disminuir por100.0%	; --%	;5	;Disminuir por16.7%	; --%	;0	; --%	; --%	;0	;Disminuir por100.0%	; --%	;
1339	;07/26 18:00 - 19:00	;0	; --%	; --%	;0	; --%	; --%	;0	; --%	; --%	;2	;Aumentar por100.0%	; --%	;0	;Disminuir por100.0%	; --%	;2	;Disminuir por77.8%	; --%	;1	; --%	; --%	;3	; --%	; --%	;
1340	;07/26 19:00 - 20:00	;0	; --%	; --%	;0	; --%	; --%	;0	; --%	; --%	;1	; --%	; --%	;0	; --%	; --%	;2	;Disminuir por60.0%	; --%	;0	; --%	; --%	;0	;Disminuir por100.0%	; --%	;
1341	;07/26 20:00 - 21:00	;0	; --%	; --%	;0	; --%	; --%	;0	; --%	; --%	;1	; --%	; --%	;1	;Sin cambios	; --%	;2	;Aumentar por100.0%	; --%	;0	; --%	; --%	;0	; --%	; --%	;
1342	;07/26 21:00 - 22:00	;0	; --%	; --%	;0	;Disminuir por100.0%	; --%	;0	; --%	; --%	;0	;Disminuir por100.0%	; --%	;0	;Disminuir por100.0%	; --%	;0	;Disminuir por100.0%	; --%	;0	; --%	; --%	;0	; --%	; --%	;
1343	;07/26 22:00 - 23:00	;0	; --%	; --%	;0	;Disminuir por100.0%	; --%	;0	; --%	; --%	;0	; --%	; --%	;0	; --%	; --%	;1	;Disminuir por50.0%	; --%	;0	; --%	; --%	;0	; --%	; --%	;
1344	;07/26 23:00 - 24:00	;0	; --%	; --%	;0	;Disminuir por100.0%	; --%	;0	; --%	; --%	;0	; --%	; --%	;2	; --%	; --%	;4	;Aumentar por100.0%	; --%	;0	; --%	; --%	;0	; --%	; --%	;
1345	;07/27 00:00 - 01:00	;0	; --%	; --%	;1	;Sin cambios	; --%	;0	; --%	; --%	;0	; --%	; --%	;0	; --%	; --%	;2	;Aumentar por100.0%	; --%	;0	; --%	; --%	;0	; --%	; --%	;
1346	;07/27 01:00 - 02:00	;0	; --%	; --%	;2	; --%	; --%	;0	; --%	; --%	;0	; --%	; --%	;0	; --%	; --%	;1	;Sin cambios	; --%	;2	; --%	; --%	;3	; --%	; --%	;
1347	;07/27 02:00 - 03:00	;0	; --%	; --%	;0	;Disminuir por100.0%	; --%	;0	; --%	; --%	;0	; --%	; --%	;0	; --%	; --%	;0	; --%	; --%	;0	; --%	; --%	;0	; --%	; --%	;
1348	;07/27 03:00 - 04:00	;0	; --%	; --%	;0	; --%	; --%	;0	; --%	; --%	;0	; --%	; --%	;0	; --%	; --%	;0	;Disminuir por100.0%	; --%	;0	; --%	; --%	;0	; --%	; --%	;
1349	;07/27 04:00 - 05:00	;0	; --%	; --%	;1	; --%	; --%	;0	; --%	; --%	;0	; --%	; --%	;0	;Disminuir por100.0%	; --%	;0	;Disminuir por100.0%	; --%	;0	; --%	; --%	;0	; --%	; --%	;
1350	;07/27 05:00 - 06:00	;0	; --%	; --%	;1	;Sin cambios	; --%	;0	; --%	; --%	;0	; --%	; --%	;0	; --%	; --%	;1	;Sin cambios	; --%	;0	; --%	; --%	;0	; --%	; --%	;
1351	;07/27 06:00 - 07:00	;0	; --%	; --%	;1	; --%	; --%	;0	; --%	; --%	;0	; --%	; --%	;0	; --%	; --%	;0	;Disminuir por100.0%	; --%	;1	; --%	; --%	;2	; --%	; --%	;
1352	;07/27 07:00 - 08:00	;0	; --%	; --%	;0	; --%	; --%	;0	; --%	; --%	;1	; --%	; --%	;3	; --%	; --%	;6	; --%	; --%	;0	; --%	; --%	;0	; --%	; --%	;
1353	;07/27 08:00 - 09:00	;0	; --%	; --%	;0	; --%	; --%	;0	; --%	; --%	;3	;Sin cambios	; --%	;1	; --%	; --%	;17	; --%	; --%	;2	; --%	; --%	;5	; --%	; --%	;
1354	;07/27 09:00 - 10:00	;0	; --%	; --%	;0	; --%	; --%	;1	; --%	; --%	;6	;Aumentar por500.0%	; --%	;0	; --%	; --%	;5	; --%	; --%	;1	; --%	; --%	;2	; --%	; --%	;
1355	;07/27 10:00 - 11:00	;0	; --%	; --%	;1	; --%	; --%	;1	; --%	; --%	;12	; --%	; --%	;0	; --%	; --%	;9	; --%	; --%	;1	; --%	; --%	;4	; --%	; --%	;
1356	;07/27 11:00 - 12:00	;0	; --%	; --%	;1	; --%	; --%	;0	; --%	; --%	;5	; --%	; --%	;0	; --%	; --%	;4	;Aumentar por100.0%	; --%	;0	; --%	; --%	;2	; --%	; --%	;
1357	;07/27 12:00 - 13:00	;0	; --%	; --%	;1	; --%	; --%	;0	; --%	; --%	;1	; --%	; --%	;1	; --%	; --%	;15	; --%	; --%	;0	; --%	; --%	;1	; --%	; --%	;
1358	;07/27 13:00 - 14:00	;0	; --%	; --%	;1	; --%	; --%	;0	; --%	; --%	;4	; --%	; --%	;2	; --%	; --%	;10	; --%	; --%	;0	; --%	; --%	;1	; --%	; --%	;
1359	;07/27 14:00 - 15:00	;2	; --%	; --%	;5	; --%	; --%	;1	; --%	; --%	;4	; --%	; --%	;2	; --%	; --%	;15	; --%	; --%	;0	; --%	; --%	;0	; --%	; --%	;
1360	;07/27 15:00 - 16:00	;0	; --%	; --%	;1	; --%	; --%	;0	; --%	; --%	;1	; --%	; --%	;2	; --%	; --%	;12	;Aumentar por200.0%	; --%	;0	; --%	; --%	;1	; --%	; --%	;
1361	;07/27 16:00 - 17:00	;0	; --%	; --%	;1	; --%	; --%	;0	; --%	; --%	;4	;Aumentar por300.0%	; --%	;0	; --%	; --%	;9	;Aumentar por125.0%	; --%	;0	; --%	; --%	;0	;Disminuir por100.0%	; --%	;
1362	;07/27 17:00 - 18:00	;0	; --%	; --%	;0	;Disminuir por100.0%	; --%	;0	; --%	; --%	;0	; --%	; --%	;0	; --%	; --%	;4	;Disminuir por33.3%	; --%	;2	; --%	; --%	;3	;Disminuir por25.0%	; --%	;
1363	;07/27 18:00 - 19:00	;0	; --%	; --%	;2	; --%	; --%	;0	; --%	; --%	;1	; --%	; --%	;0	; --%	; --%	;2	;Disminuir por50.0%	; --%	;0	; --%	; --%	;0	; --%	; --%	;
1364	;07/27 19:00 - 20:00	;0	; --%	; --%	;2	;Aumentar por100.0%	; --%	;0	; --%	; --%	;0	; --%	; --%	;2	; --%	; --%	;3	;Disminuir por40.0%	; --%	;0	; --%	; --%	;1	; --%	; --%	;
1365	;07/27 20:00 - 21:00	;0	; --%	; --%	;0	; --%	; --%	;0	; --%	; --%	;0	;Disminuir por100.0%	; --%	;4	; --%	; --%	;7	;Aumentar por75.0%	; --%	;0	; --%	; --%	;0	;Disminuir por100.0%	; --%	;
1366	;07/27 21:00 - 22:00	;0	; --%	; --%	;0	;Disminuir por100.0%	; --%	;0	; --%	; --%	;0	;Disminuir por100.0%	; --%	;0	; --%	; --%	;1	;Disminuir por50.0%	; --%	;0	; --%	; --%	;0	; --%	; --%	;
1367	;07/27 22:00 - 23:00	;0	; --%	; --%	;0	; --%	; --%	;0	; --%	; --%	;0	; --%	; --%	;0	; --%	; --%	;1	; --%	; --%	;0	; --%	; --%	;0	; --%	; --%	;
1368	;07/27 23:00 - 24:00	;0	; --%	; --%	;3	;Aumentar por50.0%	; --%	;0	; --%	; --%	;0	; --%	; --%	;0	; --%	; --%	;0	;Disminuir por100.0%	; --%	;0	; --%	; --%	;0	; --%	; --%	;
1369	;07/28 00:00 - 01:00	;0	; --%	; --%	;1	; --%	; --%	;0	; --%	; --%	;1	; --%	; --%	;0	; --%	; --%	;1	; --%	; --%	;0	; --%	; --%	;0	; --%	; --%	;
1370	;07/28 01:00 - 02:00	;0	; --%	; --%	;2	; --%	; --%	;0	; --%	; --%	;1	; --%	; --%	;0	; --%	; --%	;1	;Sin cambios	; --%	;0	; --%	; --%	;0	; --%	; --%	;
1371	;07/28 02:00 - 03:00	;0	; --%	; --%	;0	; --%	; --%	;0	; --%	; --%	;0	; --%	; --%	;0	; --%	; --%	;1	; --%	; --%	;0	; --%	; --%	;0	; --%	; --%	;
1372	;07/28 03:00 - 04:00	;0	;Disminuir por100.0%	; --%	;0	;Disminuir por100.0%	; --%	;0	; --%	; --%	;0	; --%	; --%	;0	; --%	; --%	;1	; --%	; --%	;0	; --%	; --%	;0	; --%	; --%	;
1373	;07/28 04:00 - 05:00	;0	; --%	; --%	;0	; --%	; --%	;0	; --%	; --%	;0	; --%	; --%	;0	; --%	; --%	;0	; --%	; --%	;0	; --%	; --%	;0	; --%	; --%	;
1374	;07/28 05:00 - 06:00	;0	; --%	; --%	;0	; --%	; --%	;0	; --%	; --%	;0	; --%	; --%	;0	; --%	; --%	;1	; --%	; --%	;0	; --%	; --%	;0	; --%	; --%	;
1375	;07/28 06:00 - 07:00	;1	; --%	; --%	;0	; --%	; --%	;0	; --%	; --%	;0	; --%	; --%	;0	; --%	; --%	;0	; --%	; --%	;0	; --%	; --%	;0	;Disminuir por100.0%	; --%	;
1376	;07/28 07:00 - 08:00	;0	; --%	; --%	;0	; --%	; --%	;1	; --%	; --%	;3	;Aumentar por200.0%	; --%	;2	;Disminuir por33.3%	; --%	;4	;Disminuir por66.7%	; --%	;0	; --%	; --%	;1	; --%	; --%	;
1377	;07/28 08:00 - 09:00	;0	;Disminuir por100.0%	; --%	;2	;Sin cambios	; --%	;27	; --%	; --%	;31	;Aumentar por244.4%	; --%	;0	;Disminuir por100.0%	; --%	;7	;Disminuir por46.2%	; --%	;0	; --%	; --%	;2	;Aumentar por100.0%	; --%	;
1378	;07/28 09:00 - 10:00	;0	; --%	; --%	;2	; --%	; --%	;0	; --%	; --%	;3	;Sin cambios	; --%	;2	;Aumentar por100.0%	; --%	;16	;Aumentar por6.7%	; --%	;1	;Disminuir por75.0%	; --%	;3	;Disminuir por62.5%	; --%	;
1379	;07/28 10:00 - 11:00	;0	; --%	; --%	;0	; --%	; --%	;0	;Disminuir por100.0%	; --%	;11	;Aumentar por37.5%	; --%	;0	; --%	; --%	;8	;Disminuir por27.3%	; --%	;1	;Sin cambios	; --%	;3	;Disminuir por50.0%	; --%	;
1380	;07/28 11:00 - 12:00	;0	; --%	; --%	;0	;Disminuir por100.0%	; --%	;0	; --%	; --%	;11	;Aumentar por120.0%	; --%	;0	; --%	; --%	;7	;Disminuir por58.8%	; --%	;0	;Disminuir por100.0%	; --%	;2	;Disminuir por60.0%	; --%	;
1381	;07/28 12:00 - 13:00	;0	; --%	; --%	;1	; --%	; --%	;0	;Disminuir por100.0%	; --%	;5	;Aumentar por150.0%	; --%	;1	;Sin cambios	; --%	;9	;Aumentar por12.5%	; --%	;0	; --%	; --%	;0	; --%	; --%	;
1382	;07/28 13:00 - 14:00	;0	; --%	; --%	;1	;Disminuir por50.0%	; --%	;0	; --%	; --%	;2	;Aumentar por100.0%	; --%	;0	;Disminuir por100.0%	; --%	;5	;Disminuir por37.5%	; --%	;0	; --%	; --%	;2	; --%	; --%	;
1383	;07/28 14:00 - 15:00	;0	; --%	; --%	;1	;Disminuir por50.0%	; --%	;1	;Sin cambios	; --%	;3	;Disminuir por40.0%	; --%	;3	; --%	; --%	;17	;Aumentar por240.0%	;Aumentar por325.0%	;0	;Disminuir por100.0%	; --%	;0	;Disminuir por100.0%	;Disminuir por100.0%	;
1384	;07/28 15:00 - 16:00	;0	; --%	; --%	;3	;Disminuir por25.0%	;Aumentar por200.0%	;5	; --%	; --%	;10	; --%	; --%	;4	;Aumentar por100.0%	;Sin cambios	;14	;Aumentar por40.0%	;Aumentar por75.0%	;0	; --%	; --%	;0	; --%	; --%	;
1385	;07/28 16:00 - 17:00	;0	; --%	; --%	;0	;Disminuir por100.0%	; --%	;0	; --%	; --%	;1	;Sin cambios	;Sin cambios	;2	; --%	;Aumentar por100.0%	;8	;Aumentar por33.3%	;Disminuir por20.0%	;0	; --%	; --%	;0	; --%	; --%	;
1386	;07/28 17:00 - 18:00	;0	; --%	; --%	;0	; --%	; --%	;0	; --%	; --%	;0	;Disminuir por100.0%	; --%	;1	; --%	; --%	;4	;Aumentar por33.3%	;Disminuir por55.6%	;1	; --%	; --%	;3	; --%	;Aumentar por200.0%	;
1387	;07/28 18:00 - 19:00	;0	; --%	; --%	;0	;Disminuir por100.0%	; --%	;0	; --%	; --%	;0	; --%	;Disminuir por100.0%	;2	; --%	; --%	;9	;Aumentar por80.0%	;Aumentar por50.0%	;1	; --%	; --%	;2	; --%	; --%	;
1388	;07/28 19:00 - 20:00	;0	; --%	; --%	;1	; --%	; --%	;0	; --%	; --%	;1	;Sin cambios	; --%	;0	; --%	;Disminuir por100.0%	;3	;Disminuir por40.0%	;Disminuir por25.0%	;0	; --%	; --%	;0	; --%	;Disminuir por100.0%	;
1389	;07/28 20:00 - 21:00	;0	; --%	; --%	;0	; --%	; --%	;0	; --%	; --%	;0	; --%	; --%	;2	; --%	; --%	;4	;Disminuir por20.0%	;Aumentar por33.3%	;0	; --%	; --%	;0	; --%	; --%	;
1390	;07/28 21:00 - 22:00	;0	; --%	; --%	;0	;Disminuir por100.0%	; --%	;0	; --%	; --%	;0	;Disminuir por100.0%	; --%	;0	; --%	; --%	;0	;Disminuir por100.0%	; --%	;0	; --%	; --%	;0	; --%	; --%	;
1391	;07/28 22:00 - 23:00	;0	; --%	; --%	;0	; --%	; --%	;0	; --%	; --%	;0	;Disminuir por100.0%	; --%	;0	; --%	; --%	;1	;Sin cambios	; --%	;0	; --%	; --%	;0	; --%	; --%	;
1392	;07/28 23:00 - 24:00	;0	; --%	; --%	;2	; --%	; --%	;0	; --%	; --%	;0	; --%	; --%	;0	; --%	; --%	;1	;Sin cambios	; --%	;0	; --%	; --%	;0	; --%	; --%	;
1393	;07/29 00:00 - 01:00	;0	; --%	; --%	;1	; --%	; --%	;0	; --%	; --%	;0	; --%	; --%	;3	; --%	; --%	;5	;Aumentar por400.0%	; --%	;0	; --%	; --%	;0	; --%	; --%	;
1394	;07/29 01:00 - 02:00	;0	; --%	; --%	;3	; --%	; --%	;0	; --%	; --%	;1	; --%	; --%	;0	; --%	; --%	;0	;Disminuir por100.0%	; --%	;0	; --%	; --%	;0	; --%	; --%	;
1395	;07/29 02:00 - 03:00	;0	; --%	; --%	;0	; --%	; --%	;0	; --%	; --%	;0	; --%	; --%	;0	; --%	; --%	;1	; --%	; --%	;0	; --%	; --%	;0	; --%	; --%	;
1396	;07/29 03:00 - 04:00	;0	; --%	; --%	;0	; --%	; --%	;0	; --%	; --%	;0	; --%	; --%	;0	; --%	; --%	;2	; --%	; --%	;0	; --%	; --%	;0	; --%	; --%	;
1397	;07/29 04:00 - 05:00	;0	; --%	; --%	;0	; --%	; --%	;0	; --%	; --%	;0	; --%	; --%	;0	; --%	; --%	;0	; --%	; --%	;0	; --%	; --%	;0	; --%	; --%	;
1398	;07/29 05:00 - 06:00	;0	; --%	; --%	;0	; --%	; --%	;0	; --%	; --%	;1	; --%	; --%	;0	; --%	; --%	;0	; --%	; --%	;0	; --%	; --%	;0	; --%	; --%	;
1399	;07/29 06:00 - 07:00	;0	; --%	; --%	;0	;Disminuir por100.0%	; --%	;2	; --%	; --%	;2	; --%	; --%	;0	; --%	; --%	;0	;Disminuir por100.0%	; --%	;0	; --%	; --%	;0	; --%	; --%	;
1400	;07/29 07:00 - 08:00	;0	; --%	; --%	;1	; --%	; --%	;0	; --%	; --%	;0	; --%	; --%	;0	;Disminuir por100.0%	; --%	;3	;Disminuir por62.5%	; --%	;0	; --%	; --%	;0	; --%	; --%	;
1401	;07/29 08:00 - 09:00	;0	; --%	; --%	;0	; --%	;Disminuir por100.0%	;1	; --%	; --%	;11	;Aumentar por120.0%	;Aumentar por1000.0%	;0	; --%	; --%	;10	;Aumentar por25.0%	;Aumentar por400.0%	;0	; --%	; --%	;4	; --%	; --%	;
1402	;07/29 09:00 - 10:00	;0	; --%	; --%	;0	; --%	; --%	;0	; --%	; --%	;4	;Sin cambios	;Aumentar por300.0%	;0	; --%	; --%	;4	;Disminuir por50.0%	; --%	;1	;Sin cambios	; --%	;4	;Sin cambios	; --%	;
1403	;07/29 10:00 - 11:00	;0	; --%	; --%	;0	; --%	; --%	;1	;Disminuir por66.7%	; --%	;11	;Disminuir por31.3%	; --%	;2	; --%	; --%	;20	;Aumentar por185.7%	; --%	;0	;Disminuir por100.0%	; --%	;1	;Disminuir por85.7%	; --%	;
1404	;07/29 11:00 - 12:00	;0	; --%	; --%	;3	;Aumentar por50.0%	; --%	;0	;Disminuir por100.0%	; --%	;3	;Disminuir por50.0%	; --%	;1	; --%	; --%	;16	;Aumentar por45.5%	; --%	;1	; --%	; --%	;2	;Disminuir por33.3%	; --%	;
1405	;07/29 12:00 - 13:00	;0	; --%	; --%	;0	;Disminuir por100.0%	; --%	;1	; --%	; --%	;4	;Aumentar por300.0%	; --%	;1	; --%	; --%	;13	;Aumentar por85.7%	; --%	;1	; --%	; --%	;3	;Sin cambios	; --%	;
1406	;07/29 13:00 - 14:00	;0	; --%	; --%	;0	;Disminuir por100.0%	; --%	;0	;Disminuir por100.0%	; --%	;3	;Disminuir por40.0%	; --%	;2	; --%	; --%	;11	;Aumentar por83.3%	; --%	;0	; --%	; --%	;3	;Aumentar por200.0%	; --%	;
1407	;07/29 14:00 - 15:00	;0	; --%	; --%	;0	; --%	; --%	;0	; --%	; --%	;2	;Disminuir por33.3%	; --%	;4	; --%	; --%	;10	;Aumentar por100.0%	; --%	;0	; --%	; --%	;3	; --%	; --%	;
1408	;07/29 15:00 - 16:00	;0	; --%	; --%	;0	;Disminuir por100.0%	; --%	;3	; --%	; --%	;4	;Aumentar por100.0%	; --%	;3	;Aumentar por50.0%	; --%	;12	;Sin cambios	; --%	;0	; --%	; --%	;2	;Disminuir por33.3%	; --%	;
1409	;07/29 16:00 - 17:00	;0	; --%	; --%	;0	; --%	; --%	;0	;Disminuir por100.0%	; --%	;0	;Disminuir por100.0%	; --%	;2	;Aumentar por100.0%	; --%	;11	;Aumentar por22.2%	; --%	;0	; --%	; --%	;0	;Disminuir por100.0%	; --%	;
1410	;07/29 17:00 - 18:00	;0	; --%	; --%	;1	; --%	; --%	;0	; --%	; --%	;0	;Disminuir por100.0%	; --%	;0	; --%	; --%	;4	;Disminuir por50.0%	; --%	;1	; --%	; --%	;1	;Disminuir por66.7%	; --%	;
1411	;07/29 18:00 - 19:00	;0	; --%	; --%	;1	; --%	; --%	;0	; --%	; --%	;1	; --%	; --%	;1	; --%	; --%	;7	;Disminuir por12.5%	; --%	;0	; --%	; --%	;0	;Disminuir por100.0%	; --%	;
1412	;07/29 19:00 - 20:00	;0	; --%	; --%	;1	; --%	; --%	;0	; --%	; --%	;0	; --%	; --%	;0	;Disminuir por100.0%	; --%	;2	;Disminuir por77.8%	; --%	;0	; --%	; --%	;0	; --%	; --%	;
1413	;07/29 20:00 - 21:00	;0	; --%	; --%	;0	; --%	; --%	;0	; --%	; --%	;0	;Disminuir por100.0%	; --%	;2	;Aumentar por100.0%	; --%	;3	;Disminuir por25.0%	; --%	;0	; --%	; --%	;0	; --%	; --%	;
1414	;07/29 21:00 - 22:00	;0	; --%	; --%	;0	;Disminuir por100.0%	; --%	;0	; --%	; --%	;0	; --%	; --%	;0	; --%	; --%	;0	;Disminuir por100.0%	; --%	;0	; --%	; --%	;0	; --%	; --%	;
1415	;07/29 22:00 - 23:00	;0	; --%	; --%	;0	;Disminuir por100.0%	; --%	;0	; --%	; --%	;1	; --%	; --%	;0	; --%	; --%	;0	; --%	; --%	;0	; --%	; --%	;0	; --%	; --%	;
1416	;07/29 23:00 - 24:00	;0	; --%	; --%	;2	;Aumentar por100.0%	; --%	;0	; --%	; --%	;0	; --%	; --%	;0	; --%	; --%	;1	;Sin cambios	; --%	;0	; --%	; --%	;0	; --%	; --%	;
1417	;07/30 00:00 - 01:00	;0	; --%	; --%	;1	; --%	; --%	;0	; --%	; --%	;0	; --%	; --%	;0	; --%	; --%	;0	; --%	; --%	;0	; --%	; --%	;0	; --%	; --%	;
1418	;07/30 01:00 - 02:00	;0	; --%	; --%	;2	; --%	; --%	;0	; --%	; --%	;0	; --%	; --%	;0	; --%	; --%	;1	; --%	; --%	;0	; --%	; --%	;0	; --%	; --%	;
1419	;07/30 02:00 - 03:00	;0	; --%	; --%	;2	; --%	; --%	;0	; --%	; --%	;0	; --%	; --%	;0	; --%	; --%	;0	; --%	; --%	;0	; --%	; --%	;0	; --%	; --%	;
1420	;07/30 03:00 - 04:00	;0	; --%	; --%	;0	; --%	; --%	;0	; --%	; --%	;0	; --%	; --%	;0	; --%	; --%	;1	; --%	; --%	;0	; --%	; --%	;0	; --%	; --%	;
1421	;07/30 04:00 - 05:00	;0	; --%	; --%	;0	; --%	; --%	;0	; --%	; --%	;0	; --%	; --%	;0	; --%	; --%	;0	; --%	; --%	;0	; --%	; --%	;0	; --%	; --%	;
1422	;07/30 05:00 - 06:00	;0	; --%	; --%	;0	; --%	; --%	;0	; --%	; --%	;0	; --%	; --%	;0	; --%	; --%	;0	; --%	; --%	;0	; --%	; --%	;0	; --%	; --%	;
1423	;07/30 06:00 - 07:00	;0	;Disminuir por100.0%	; --%	;0	; --%	; --%	;0	; --%	; --%	;0	; --%	; --%	;0	; --%	; --%	;1	;Disminuir por50.0%	; --%	;0	; --%	; --%	;0	; --%	; --%	;
1424	;07/30 07:00 - 08:00	;0	; --%	; --%	;0	; --%	; --%	;0	; --%	; --%	;1	; --%	; --%	;4	;Aumentar por100.0%	; --%	;11	;Aumentar por57.1%	; --%	;0	; --%	; --%	;0	;Disminuir por100.0%	; --%	;
1425	;07/30 08:00 - 09:00	;0	; --%	; --%	;0	;Disminuir por100.0%	; --%	;0	; --%	; --%	;7	;Aumentar por600.0%	; --%	;0	;Disminuir por100.0%	; --%	;12	;Disminuir por36.8%	; --%	;0	; --%	; --%	;1	;Disminuir por50.0%	; --%	;
1426	;07/30 09:00 - 10:00	;0	; --%	; --%	;0	; --%	; --%	;0	; --%	; --%	;7	;Aumentar por16.7%	; --%	;3	;Aumentar por50.0%	; --%	;11	;Sin cambios	; --%	;1	; --%	; --%	;7	;Aumentar por250.0%	; --%	;
1427	;07/30 10:00 - 11:00	;0	; --%	; --%	;0	; --%	; --%	;2	; --%	; --%	;11	;Aumentar por83.3%	;Aumentar por175.0%	;2	;Sin cambios	; --%	;19	;Disminuir por5.0%	;Aumentar por280.0%	;0	;Disminuir por100.0%	;Disminuir por100.0%	;4	;Disminuir por20.0%	;Disminuir por20.0%	;
1428	;07/30 11:00 - 12:00	;0	; --%	; --%	;0	; --%	; --%	;0	; --%	; --%	;12	;Aumentar por140.0%	;Aumentar por300.0%	;2	;Aumentar por100.0%	;Aumentar por100.0%	;19	;Aumentar por35.7%	;Aumentar por90.0%	;1	; --%	;Sin cambios	;4	;Aumentar por300.0%	;Sin cambios	;
1429	;07/30 12:00 - 13:00	;0	; --%	; --%	;1	; --%	; --%	;0	; --%	; --%	;0	;Disminuir por100.0%	;Disminuir por100.0%	;3	; --%	;Aumentar por200.0%	;14	;Aumentar por55.6%	;Aumentar por366.7%	;0	; --%	; --%	;0	;Disminuir por100.0%	; --%	;
1430	;07/30 13:00 - 14:00	;0	; --%	; --%	;0	;Disminuir por100.0%	; --%	;0	; --%	; --%	;4	;Sin cambios	; --%	;3	;Disminuir por25.0%	; --%	;11	;Disminuir por26.7%	; --%	;0	; --%	; --%	;0	;Disminuir por100.0%	; --%	;
1431	;07/30 14:00 - 15:00	;0	; --%	; --%	;3	; --%	; --%	;0	; --%	; --%	;1	;Sin cambios	; --%	;3	;Sin cambios	; --%	;12	;Disminuir por25.0%	; --%	;1	; --%	; --%	;3	;Aumentar por200.0%	; --%	;
1432	;07/30 15:00 - 16:00	;0	; --%	; --%	;4	; --%	; --%	;0	;Disminuir por100.0%	; --%	;2	;Disminuir por60.0%	; --%	;2	;Disminuir por50.0%	; --%	;9	;Disminuir por35.7%	; --%	;0	;Disminuir por100.0%	; --%	;0	;Disminuir por100.0%	; --%	;
1433	;07/30 16:00 - 17:00	;0	; --%	; --%	;0	; --%	; --%	;0	; --%	; --%	;1	;Disminuir por50.0%	; --%	;0	;Disminuir por100.0%	; --%	;7	;Disminuir por56.3%	; --%	;0	; --%	; --%	;2	;Aumentar por100.0%	; --%	;
1434	;07/30 17:00 - 18:00	;0	; --%	; --%	;0	; --%	; --%	;0	; --%	; --%	;3	;Aumentar por200.0%	; --%	;0	;Disminuir por100.0%	; --%	;4	;Disminuir por75.0%	; --%	;0	; --%	; --%	;0	;Disminuir por100.0%	; --%	;
1435	;07/30 18:00 - 19:00	;0	; --%	; --%	;0	; --%	; --%	;0	; --%	; --%	;0	;Disminuir por100.0%	; --%	;0	; --%	; --%	;4	;Disminuir por55.6%	; --%	;3	; --%	; --%	;4	;Aumentar por300.0%	; --%	;
1436	;07/30 19:00 - 20:00	;0	; --%	; --%	;0	; --%	; --%	;0	; --%	; --%	;0	; --%	; --%	;0	;Disminuir por100.0%	; --%	;5	;Disminuir por28.6%	; --%	;0	; --%	; --%	;0	; --%	; --%	;
1437	;07/30 20:00 - 21:00	;0	; --%	; --%	;0	; --%	; --%	;0	; --%	; --%	;0	;Disminuir por100.0%	; --%	;3	;Aumentar por200.0%	; --%	;9	;Aumentar por28.6%	; --%	;0	; --%	; --%	;1	; --%	; --%	;
1438	;07/30 21:00 - 22:00	;0	; --%	; --%	;0	;Disminuir por100.0%	; --%	;0	; --%	; --%	;0	;Disminuir por100.0%	; --%	;0	; --%	; --%	;0	;Disminuir por100.0%	; --%	;0	; --%	; --%	;1	; --%	; --%	;
1439	;07/30 22:00 - 23:00	;0	; --%	; --%	;0	;Disminuir por100.0%	; --%	;0	; --%	; --%	;1	;Sin cambios	; --%	;0	; --%	; --%	;0	;Disminuir por100.0%	; --%	;0	; --%	; --%	;0	; --%	; --%	;
1440	;07/30 23:00 - 24:00	;0	; --%	; --%	;2	; --%	; --%	;0	; --%	; --%	;0	; --%	; --%	;0	;Disminuir por100.0%	; --%	;1	;Disminuir por66.7%	; --%	;0	; --%	; --%	;0	; --%	; --%	;
1441	;07/31 00:00 - 01:00	;0	; --%	; --%	;0	; --%	; --%	;0	; --%	; --%	;1	; --%	; --%	;0	; --%	; --%	;0	; --%	; --%	;0	; --%	; --%	;0	; --%	; --%	;
1442	;07/31 01:00 - 02:00	;0	; --%	; --%	;5	; --%	; --%	;0	; --%	; --%	;0	; --%	; --%	;0	; --%	; --%	;0	;Disminuir por100.0%	; --%	;0	; --%	; --%	;0	; --%	; --%	;
1443	;07/31 02:00 - 03:00	;0	; --%	; --%	;1	; --%	; --%	;0	; --%	; --%	;0	; --%	; --%	;0	; --%	; --%	;0	;Disminuir por100.0%	; --%	;0	; --%	; --%	;0	; --%	; --%	;
1444	;07/31 03:00 - 04:00	;0	; --%	; --%	;0	; --%	; --%	;0	; --%	; --%	;0	; --%	; --%	;0	; --%	; --%	;1	; --%	; --%	;0	; --%	; --%	;0	; --%	; --%	;
1445	;07/31 04:00 - 05:00	;0	; --%	; --%	;0	; --%	; --%	;0	; --%	; --%	;0	; --%	; --%	;0	; --%	; --%	;0	; --%	; --%	;0	; --%	; --%	;0	; --%	; --%	;
1446	;07/31 05:00 - 06:00	;0	; --%	; --%	;2	; --%	; --%	;0	; --%	; --%	;0	; --%	; --%	;0	; --%	; --%	;0	; --%	; --%	;0	; --%	; --%	;0	; --%	; --%	;
1447	;07/31 06:00 - 07:00	;0	; --%	; --%	;0	;Disminuir por100.0%	; --%	;0	; --%	; --%	;0	; --%	; --%	;2	; --%	; --%	;2	;Aumentar por100.0%	; --%	;0	; --%	; --%	;0	;Disminuir por100.0%	; --%	;
1448	;07/31 07:00 - 08:00	;0	; --%	; --%	;1	; --%	; --%	;0	; --%	; --%	;0	; --%	; --%	;3	; --%	; --%	;6	;Aumentar por500.0%	; --%	;1	; --%	; --%	;4	; --%	; --%	;
1449	;07/31 08:00 - 09:00	;0	; --%	; --%	;0	; --%	; --%	;0	;Disminuir por100.0%	; --%	;3	;Disminuir por57.1%	; --%	;0	;Disminuir por100.0%	; --%	;11	;Disminuir por42.1%	; --%	;2	; --%	; --%	;3	;Aumentar por200.0%	; --%	;
1450	;07/31 09:00 - 10:00	;0	; --%	; --%	;0	; --%	; --%	;1	;Sin cambios	; --%	;10	;Aumentar por25.0%	; --%	;0	;Disminuir por100.0%	; --%	;12	;Disminuir por25.0%	; --%	;0	; --%	; --%	;3	;Aumentar por200.0%	; --%	;
1451	;07/31 10:00 - 11:00	;0	; --%	; --%	;2	;Aumentar por100.0%	; --%	;1	;Sin cambios	; --%	;15	;Aumentar por36.4%	; --%	;3	; --%	; --%	;18	;Aumentar por38.5%	; --%	;0	;Disminuir por100.0%	; --%	;2	;Disminuir por75.0%	; --%	;
1452	;07/31 11:00 - 12:00	;0	; --%	; --%	;3	;Aumentar por200.0%	; --%	;1	;Sin cambios	; --%	;9	;Aumentar por28.6%	; --%	;4	;Sin cambios	; --%	;18	;Disminuir por5.3%	; --%	;1	;Sin cambios	; --%	;5	;Disminuir por16.7%	; --%	;
1453	;07/31 12:00 - 13:00	;0	; --%	; --%	;0	;Disminuir por100.0%	; --%	;0	; --%	; --%	;1	;Disminuir por85.7%	; --%	;3	; --%	; --%	;13	;Aumentar por44.4%	; --%	;0	; --%	; --%	;1	;Disminuir por80.0%	; --%	;
1454	;07/31 13:00 - 14:00	;0	; --%	; --%	;2	;Aumentar por100.0%	; --%	;0	;Disminuir por100.0%	; --%	;2	;Disminuir por75.0%	; --%	;1	;Sin cambios	; --%	;12	;Aumentar por9.1%	; --%	;0	;Disminuir por100.0%	; --%	;0	;Disminuir por100.0%	; --%	;
1455	;07/31 14:00 - 15:00	;1	; --%	; --%	;3	;Aumentar por200.0%	; --%	;1	; --%	; --%	;8	;Aumentar por700.0%	; --%	;3	;Aumentar por50.0%	; --%	;11	;Aumentar por57.1%	; --%	;0	; --%	; --%	;0	;Disminuir por100.0%	; --%	;
1456	;07/31 15:00 - 16:00	;0	; --%	; --%	;3	;Aumentar por50.0%	; --%	;0	; --%	; --%	;1	;Sin cambios	; --%	;5	;Aumentar por150.0%	; --%	;11	;Aumentar por10.0%	; --%	;0	; --%	; --%	;0	;Disminuir por100.0%	; --%	;
1457	;07/31 16:00 - 17:00	;0	; --%	; --%	;2	; --%	; --%	;0	; --%	; --%	;3	; --%	; --%	;1	;Sin cambios	; --%	;16	;Aumentar por45.5%	; --%	;0	; --%	; --%	;1	; --%	; --%	;
1458	;07/31 17:00 - 18:00	;0	; --%	; --%	;0	; --%	; --%	;0	; --%	; --%	;1	;Sin cambios	; --%	;0	;Disminuir por100.0%	; --%	;7	;Sin cambios	; --%	;1	; --%	; --%	;2	;Sin cambios	; --%	;
1459	;07/31 18:00 - 19:00	;0	; --%	; --%	;0	;Disminuir por100.0%	; --%	;0	; --%	; --%	;1	;Sin cambios	; --%	;2	; --%	; --%	;10	;Aumentar por25.0%	; --%	;0	; --%	; --%	;1	; --%	; --%	;
1460	;07/31 19:00 - 20:00	;0	; --%	; --%	;0	;Disminuir por100.0%	; --%	;0	; --%	; --%	;1	;Disminuir por80.0%	; --%	;2	;Aumentar por100.0%	; --%	;6	;Disminuir por45.5%	; --%	;0	; --%	; --%	;0	;Disminuir por100.0%	; --%	;
1461	;07/31 20:00 - 21:00	;0	; --%	; --%	;0	; --%	; --%	;0	; --%	; --%	;0	;Disminuir por100.0%	; --%	;0	; --%	; --%	;1	;Sin cambios	; --%	;0	; --%	; --%	;0	;Disminuir por100.0%	; --%	;
1462	;07/31 21:00 - 22:00	;0	; --%	; --%	;0	;Disminuir por100.0%	; --%	;0	; --%	; --%	;0	;Disminuir por100.0%	; --%	;0	; --%	; --%	;0	;Disminuir por100.0%	; --%	;0	; --%	; --%	;0	; --%	; --%	;
1463	;07/31 22:00 - 23:00	;0	; --%	; --%	;0	;Disminuir por100.0%	; --%	;0	; --%	; --%	;1	; --%	; --%	;0	; --%	; --%	;0	; --%	; --%	;0	; --%	; --%	;0	; --%	; --%	;
1464	;07/31 23:00 - 24:00	;0	; --%	; --%	;0	;Disminuir por100.0%	; --%	;0	; --%	; --%	;0	; --%	; --%	;0	; --%	; --%	;2	;Disminuir por33.3%	; --%	;0	; --%	; --%	;0	; --%	; --%	;
1465	;08/01 00:00 - 01:00	;0	; --%	; --%	;4	;Aumentar por100.0%	; --%	;0	; --%	; --%	;1	; --%	; --%	;0	; --%	; --%	;1	;Sin cambios	; --%	;0	; --%	; --%	;0	; --%	; --%	;
1466	;08/01 01:00 - 02:00	;0	; --%	; --%	;3	; --%	; --%	;0	; --%	; --%	;0	; --%	; --%	;0	; --%	; --%	;1	; --%	; --%	;0	; --%	; --%	;0	; --%	; --%	;
1467	;08/01 02:00 - 03:00	;0	; --%	; --%	;0	; --%	; --%	;0	; --%	; --%	;0	; --%	; --%	;0	; --%	; --%	;1	; --%	; --%	;0	; --%	; --%	;0	; --%	; --%	;
1468	;08/01 03:00 - 04:00	;0	; --%	; --%	;1	; --%	; --%	;0	; --%	; --%	;0	; --%	; --%	;0	; --%	; --%	;0	; --%	; --%	;0	; --%	; --%	;0	; --%	; --%	;
1469	;08/01 04:00 - 05:00	;0	; --%	; --%	;1	; --%	; --%	;0	; --%	; --%	;0	; --%	; --%	;0	; --%	; --%	;0	; --%	; --%	;0	; --%	; --%	;0	; --%	; --%	;
1470	;08/01 05:00 - 06:00	;0	; --%	; --%	;0	;Disminuir por100.0%	; --%	;1	; --%	; --%	;2	; --%	; --%	;0	; --%	; --%	;0	; --%	; --%	;0	; --%	; --%	;0	; --%	; --%	;
1471	;08/01 06:00 - 07:00	;0	; --%	; --%	;0	;Disminuir por100.0%	; --%	;0	; --%	; --%	;0	; --%	; --%	;0	; --%	; --%	;0	; --%	; --%	;0	; --%	; --%	;0	; --%	; --%	;
1472	;08/01 07:00 - 08:00	;0	; --%	; --%	;0	; --%	; --%	;0	; --%	; --%	;0	; --%	; --%	;0	; --%	; --%	;2	; --%	; --%	;0	; --%	; --%	;1	; --%	; --%	;
1473	;08/01 08:00 - 09:00	;0	; --%	; --%	;0	; --%	; --%	;0	;Disminuir por100.0%	; --%	;0	;Disminuir por100.0%	; --%	;0	; --%	; --%	;7	;Aumentar por75.0%	; --%	;0	; --%	; --%	;0	;Disminuir por100.0%	; --%	;
1474	;08/01 09:00 - 10:00	;0	; --%	; --%	;0	; --%	; --%	;0	; --%	; --%	;3	;Aumentar por200.0%	; --%	;0	; --%	; --%	;5	;Sin cambios	; --%	;0	; --%	; --%	;1	; --%	; --%	;
1475	;08/01 10:00 - 11:00	;0	; --%	;Disminuir por100.0%	;1	;Sin cambios	;Disminuir por83.3%	;0	; --%	; --%	;6	;Aumentar por200.0%	;Disminuir por25.0%	;2	; --%	;Disminuir por33.3%	;9	;Disminuir por35.7%	;Disminuir por52.6%	;0	; --%	;Disminuir por100.0%	;0	;Disminuir por100.0%	;Disminuir por100.0%	;
1476	;08/01 11:00 - 12:00	;0	; --%	; --%	;0	; --%	;Disminuir por100.0%	;0	; --%	; --%	;3	; --%	;Disminuir por66.7%	;3	;Disminuir por25.0%	;Aumentar por50.0%	;13	;Aumentar por62.5%	;Disminuir por7.1%	;1	; --%	;Sin cambios	;3	;Aumentar por50.0%	;Disminuir por25.0%	;
1477	;08/01 12:00 - 13:00	;0	; --%	; --%	;0	;Disminuir por100.0%	;Disminuir por100.0%	;0	; --%	;Disminuir por100.0%	;2	; --%	;Disminuir por66.7%	;0	;Disminuir por100.0%	;Disminuir por100.0%	;9	;Aumentar por200.0%	;Disminuir por50.0%	;0	; --%	; --%	;0	; --%	;Disminuir por100.0%	;
1478	;08/01 13:00 - 14:00	;0	; --%	; --%	;1	; --%	; --%	;0	; --%	;Disminuir por100.0%	;3	; --%	;Disminuir por40.0%	;2	; --%	;Disminuir por50.0%	;15	;Aumentar por200.0%	;Disminuir por28.6%	;0	; --%	; --%	;2	; --%	;Sin cambios	;
1479	;08/01 14:00 - 15:00	;0	; --%	; --%	;0	; --%	; --%	;2	; --%	;Disminuir por50.0%	;3	;Aumentar por50.0%	;Disminuir por57.1%	;0	;Disminuir por100.0%	; --%	;5	;Disminuir por16.7%	;Disminuir por16.7%	;0	; --%	; --%	;1	; --%	;Sin cambios	;
1480	;08/01 15:00 - 16:00	;0	; --%	; --%	;1	; --%	; --%	;0	; --%	; --%	;2	; --%	;Aumentar por100.0%	;2	; --%	;Aumentar por100.0%	;6	;Aumentar por100.0%	;Disminuir por14.3%	;0	; --%	; --%	;1	; --%	;Sin cambios	;
1481	;08/01 16:00 - 17:00	;0	; --%	; --%	;0	;Disminuir por100.0%	; --%	;0	; --%	;Disminuir por100.0%	;1	; --%	;Disminuir por66.7%	;2	;Aumentar por100.0%	;Sin cambios	;5	;Disminuir por37.5%	;Disminuir por28.6%	;0	; --%	; --%	;0	;Disminuir por100.0%	; --%	;
1482	;08/01 17:00 - 18:00	;0	; --%	; --%	;0	; --%	; --%	;0	; --%	; --%	;0	;Disminuir por100.0%	;Disminuir por100.0%	;0	;Disminuir por100.0%	; --%	;4	;Disminuir por20.0%	;Disminuir por33.3%	;1	; --%	;Disminuir por50.0%	;2	; --%	;Disminuir por50.0%	;
1483	;08/01 18:00 - 19:00	;0	; --%	; --%	;0	; --%	; --%	;0	; --%	; --%	;1	; --%	;Disminuir por50.0%	;1	; --%	; --%	;7	;Aumentar por600.0%	;Disminuir por12.5%	;0	; --%	; --%	;0	; --%	; --%	;
1484	;08/01 19:00 - 20:00	;0	; --%	; --%	;0	; --%	; --%	;0	; --%	;Disminuir por100.0%	;0	; --%	;Disminuir por100.0%	;0	; --%	; --%	;6	;Aumentar por200.0%	;Disminuir por14.3%	;0	; --%	; --%	;0	; --%	; --%	;
1485	;08/01 20:00 - 21:00	;0	; --%	; --%	;0	; --%	; --%	;0	; --%	; --%	;0	; --%	; --%	;2	; --%	; --%	;3	;Aumentar por200.0%	;Sin cambios	;0	; --%	; --%	;1	; --%	; --%	;
1486	;08/01 21:00 - 22:00	;0	; --%	; --%	;0	;Disminuir por100.0%	; --%	;0	; --%	; --%	;0	; --%	; --%	;4	;Aumentar por300.0%	; --%	;4	;Sin cambios	;Aumentar por100.0%	;0	; --%	; --%	;0	; --%	; --%	;
1487	;08/01 22:00 - 23:00	;0	; --%	; --%	;0	;Disminuir por100.0%	;Disminuir por100.0%	;0	; --%	; --%	;0	; --%	; --%	;0	; --%	; --%	;1	;Sin cambios	; --%	;0	; --%	; --%	;0	; --%	; --%	;
1488	;08/01 23:00 - 24:00	;0	; --%	; --%	;1	;Sin cambios	; --%	;0	; --%	; --%	;0	; --%	; --%	;0	; --%	;Disminuir por100.0%	;1	;Sin cambios	;Disminuir por66.7%	;0	; --%	; --%	;0	; --%	; --%	;
1489	;08/02 00:00 - 01:00	;0	; --%	; --%	;1	;Disminuir por85.7%	; --%	;0	; --%	; --%	;1	; --%	;Sin cambios	;0	; --%	; --%	;3	; --%	;Aumentar por200.0%	;0	; --%	; --%	;0	; --%	; --%	;
1490	;08/02 01:00 - 02:00	;0	; --%	; --%	;4	; --%	; --%	;0	; --%	; --%	;0	; --%	; --%	;0	; --%	; --%	;0	; --%	;Disminuir por100.0%	;0	; --%	; --%	;0	; --%	; --%	;
1491	;08/02 02:00 - 03:00	;0	; --%	; --%	;1	; --%	; --%	;0	; --%	; --%	;0	; --%	; --%	;0	; --%	; --%	;2	;Aumentar por100.0%	;Sin cambios	;0	; --%	; --%	;0	; --%	; --%	;
1492	;08/02 03:00 - 04:00	;0	; --%	; --%	;1	; --%	; --%	;0	; --%	; --%	;0	; --%	; --%	;0	; --%	; --%	;0	; --%	;Disminuir por100.0%	;0	; --%	; --%	;1	; --%	;Sin cambios	;
1493	;08/02 04:00 - 05:00	;0	; --%	; --%	;0	; --%	;Disminuir por100.0%	;0	; --%	; --%	;0	; --%	; --%	;0	; --%	; --%	;1	; --%	;Sin cambios	;0	; --%	; --%	;1	; --%	; --%	;
1494	;08/02 05:00 - 06:00	;0	; --%	; --%	;1	; --%	; --%	;0	; --%	; --%	;0	; --%	; --%	;0	; --%	; --%	;0	;Disminuir por100.0%	; --%	;0	; --%	; --%	;0	; --%	; --%	;
1495	;08/02 06:00 - 07:00	;0	; --%	; --%	;0	;Disminuir por100.0%	; --%	;0	; --%	; --%	;0	; --%	; --%	;0	; --%	; --%	;0	; --%	;Disminuir por100.0%	;0	; --%	; --%	;0	; --%	; --%	;
1496	;08/02 07:00 - 08:00	;0	; --%	; --%	;0	; --%	; --%	;0	; --%	; --%	;0	; --%	;Disminuir por100.0%	;0	; --%	; --%	;0	;Disminuir por100.0%	;Disminuir por100.0%	;0	; --%	; --%	;1	; --%	; --%	;
1497	;08/02 08:00 - 09:00	;0	; --%	; --%	;0	; --%	; --%	;0	; --%	;Disminuir por100.0%	;0	;Disminuir por100.0%	;Disminuir por100.0%	;0	; --%	; --%	;2	;Disminuir por71.4%	;Disminuir por71.4%	;0	; --%	; --%	;1	;Sin cambios	;Sin cambios	;
1498	;08/02 09:00 - 10:00	;0	; --%	; --%	;0	;Disminuir por100.0%	; --%	;0	; --%	; --%	;4	;Aumentar por33.3%	;Sin cambios	;0	;Disminuir por100.0%	; --%	;4	;Disminuir por55.6%	;Disminuir por50.0%	;0	; --%	;Disminuir por100.0%	;1	;Sin cambios	;Disminuir por50.0%	;
1499	;08/02 10:00 - 11:00	;0	; --%	; --%	;0	;Disminuir por100.0%	; --%	;0	; --%	; --%	;7	;Aumentar por133.3%	;Aumentar por16.7%	;2	; --%	;Aumentar por100.0%	;9	;Disminuir por18.2%	;Disminuir por10.0%	;0	; --%	; --%	;0	; --%	;Disminuir por100.0%	;
1500	;08/02 11:00 - 12:00	;0	; --%	; --%	;0	;Disminuir por100.0%	;Disminuir por100.0%	;0	;Disminuir por100.0%	; --%	;2	;Disminuir por60.0%	;Disminuir por33.3%	;0	; --%	; --%	;5	;Disminuir por37.5%	;Disminuir por28.6%	;0	; --%	; --%	;0	; --%	;Disminuir por100.0%	;
1501	;08/02 12:00 - 13:00	;0	; --%	; --%	;0	; --%	; --%	;0	; --%	;Disminuir por100.0%	;1	;Disminuir por50.0%	;Disminuir por50.0%	;0	; --%	;Disminuir por100.0%	;12	;Aumentar por500.0%	;Sin cambios	;0	; --%	; --%	;1	;Disminuir por50.0%	;Sin cambios	;
1502	;08/02 13:00 - 14:00	;0	; --%	; --%	;1	; --%	; --%	;0	; --%	; --%	;0	; --%	;Disminuir por100.0%	;3	;Sin cambios	;Aumentar por200.0%	;9	;Disminuir por10.0%	;Aumentar por80.0%	;0	; --%	; --%	;0	;Disminuir por100.0%	; --%	;
1503	;08/02 14:00 - 15:00	;0	; --%	; --%	;1	; --%	;Disminuir por50.0%	;0	; --%	; --%	;1	;Sin cambios	;Sin cambios	;0	; --%	;Disminuir por100.0%	;3	;Sin cambios	;Disminuir por75.0%	;0	; --%	; --%	;2	; --%	; --%	;
1504	;08/02 15:00 - 16:00	;0	; --%	; --%	;1	; --%	; --%	;0	; --%	; --%	;0	; --%	; --%	;3	; --%	; --%	;10	;Aumentar por233.3%	;Aumentar por233.3%	;0	; --%	; --%	;0	; --%	; --%	;
1505	;08/02 16:00 - 17:00	;0	; --%	; --%	;1	; --%	; --%	;0	; --%	; --%	;0	;Disminuir por100.0%	;Disminuir por100.0%	;0	; --%	; --%	;5	;Aumentar por25.0%	;Aumentar por25.0%	;0	; --%	; --%	;0	; --%	; --%	;
1506	;08/02 17:00 - 18:00	;0	; --%	; --%	;0	; --%	; --%	;1	;Sin cambios	; --%	;3	;Aumentar por50.0%	; --%	;0	;Disminuir por100.0%	; --%	;2	;Disminuir por75.0%	;Disminuir por75.0%	;3	; --%	;Aumentar por200.0%	;4	; --%	;Aumentar por33.3%	;
1507	;08/02 18:00 - 19:00	;0	; --%	; --%	;0	;Disminuir por100.0%	; --%	;0	; --%	; --%	;1	; --%	; --%	;0	;Disminuir por100.0%	; --%	;4	;Disminuir por33.3%	;Disminuir por33.3%	;0	; --%	; --%	;0	;Disminuir por100.0%	; --%	;
1508	;08/02 19:00 - 20:00	;0	; --%	; --%	;0	;Disminuir por100.0%	; --%	;0	; --%	; --%	;0	;Disminuir por100.0%	;Disminuir por100.0%	;0	;Disminuir por100.0%	; --%	;4	;Disminuir por50.0%	;Aumentar por33.3%	;0	; --%	; --%	;0	;Disminuir por100.0%	; --%	;
1509	;08/02 20:00 - 21:00	;0	; --%	; --%	;0	;Disminuir por100.0%	;Disminuir por100.0%	;0	; --%	; --%	;0	;Disminuir por100.0%	; --%	;9	; --%	;Aumentar por200.0%	;12	;Aumentar por500.0%	;Aumentar por140.0%	;0	; --%	; --%	;0	; --%	; --%	;
1510	;08/02 21:00 - 22:00	;0	; --%	; --%	;0	;Disminuir por100.0%	; --%	;0	; --%	; --%	;0	;Disminuir por100.0%	; --%	;1	; --%	;Disminuir por66.7%	;1	;Disminuir por50.0%	;Disminuir por75.0%	;0	; --%	; --%	;0	; --%	; --%	;
1511	;08/02 22:00 - 23:00	;0	; --%	; --%	;0	;Disminuir por100.0%	;Disminuir por100.0%	;0	; --%	; --%	;1	; --%	; --%	;0	; --%	; --%	;0	;Disminuir por100.0%	;Disminuir por100.0%	;0	; --%	; --%	;0	; --%	; --%	;
1512	;08/02 23:00 - 24:00	;0	; --%	; --%	;2	;Aumentar por100.0%	; --%	;0	; --%	; --%	;0	; --%	;Disminuir por100.0%	;0	;Disminuir por100.0%	; --%	;1	;Disminuir por50.0%	;Sin cambios	;0	; --%	; --%	;0	; --%	; --%	;
1513	;08/03 00:00 - 01:00	;0	; --%	; --%	;2	;Disminuir por60.0%	; --%	;0	; --%	; --%	;0	; --%	; --%	;0	; --%	;Disminuir por100.0%	;1	;Disminuir por50.0%	;Disminuir por80.0%	;0	; --%	; --%	;0	; --%	; --%	;
1514	;08/03 01:00 - 02:00	;0	; --%	;Disminuir por100.0%	;1	; --%	;Disminuir por50.0%	;0	; --%	; --%	;0	; --%	; --%	;0	; --%	; --%	;1	; --%	;Sin cambios	;0	; --%	; --%	;0	; --%	; --%	;
1515	;08/03 02:00 - 03:00	;0	; --%	;Disminuir por100.0%	;0	;Disminuir por100.0%	;Disminuir por100.0%	;0	; --%	; --%	;0	; --%	; --%	;0	;Disminuir por100.0%	; --%	;1	;Disminuir por50.0%	; --%	;0	; --%	; --%	;0	; --%	; --%	;
1516	;08/03 03:00 - 04:00	;0	; --%	; --%	;0	; --%	; --%	;0	; --%	; --%	;0	; --%	;Disminuir por100.0%	;0	; --%	; --%	;0	; --%	; --%	;0	; --%	; --%	;0	; --%	; --%	;
1517	;08/03 04:00 - 05:00	;0	; --%	; --%	;1	; --%	; --%	;0	; --%	; --%	;0	; --%	; --%	;0	; --%	; --%	;0	; --%	; --%	;0	; --%	; --%	;0	; --%	; --%	;
1518	;08/03 05:00 - 06:00	;0	; --%	; --%	;1	; --%	; --%	;0	; --%	; --%	;0	; --%	; --%	;0	; --%	;Disminuir por100.0%	;0	; --%	;Disminuir por100.0%	;0	; --%	; --%	;0	; --%	; --%	;
1519	;08/03 06:00 - 07:00	;0	; --%	; --%	;0	; --%	; --%	;0	; --%	; --%	;0	; --%	;Disminuir por100.0%	;0	; --%	; --%	;0	;Disminuir por100.0%	; --%	;1	; --%	; --%	;2	; --%	; --%	;
1520	;08/03 07:00 - 08:00	;0	; --%	; --%	;0	; --%	; --%	;0	; --%	; --%	;0	; --%	; --%	;2	; --%	; --%	;9	;Aumentar por350.0%	;Aumentar por800.0%	;0	; --%	; --%	;0	; --%	;Disminuir por100.0%	;
1521	;08/03 08:00 - 09:00	;0	; --%	; --%	;2	; --%	; --%	;1	; --%	; --%	;5	;Aumentar por150.0%	; --%	;2	; --%	; --%	;11	;Aumentar por83.3%	;Aumentar por120.0%	;0	; --%	; --%	;1	;Disminuir por50.0%	; --%	;
1522	;08/03 09:00 - 10:00	;0	; --%	; --%	;1	; --%	; --%	;0	;Disminuir por100.0%	; --%	;5	;Aumentar por25.0%	;Aumentar por400.0%	;1	; --%	; --%	;7	;Aumentar por250.0%	;Disminuir por12.5%	;0	; --%	; --%	;2	; --%	; --%	;
1523	;08/03 10:00 - 11:00	;0	; --%	; --%	;1	; --%	; --%	;1	;Sin cambios	; --%	;15	;Aumentar por650.0%	;Aumentar por275.0%	;0	; --%	;Disminuir por100.0%	;12	;Aumentar por50.0%	;Aumentar por71.4%	;0	; --%	; --%	;1	; --%	; --%	;
1524	;08/03 11:00 - 12:00	;1	; --%	; --%	;4	;Aumentar por300.0%	; --%	;1	; --%	; --%	;12	;Aumentar por300.0%	;Aumentar por500.0%	;8	;Aumentar por300.0%	; --%	;18	;Disminuir por25.0%	;Aumentar por200.0%	;0	; --%	; --%	;2	;Sin cambios	; --%	;
1525	;08/03 12:00 - 13:00	;0	; --%	; --%	;1	; --%	; --%	;0	;Disminuir por100.0%	; --%	;4	;Aumentar por100.0%	; --%	;1	; --%	;Sin cambios	;12	;Disminuir por20.0%	;Aumentar por20.0%	;0	; --%	; --%	;0	; --%	; --%	;
1526	;08/03 13:00 - 14:00	;0	; --%	; --%	;0	;Disminuir por100.0%	; --%	;0	; --%	; --%	;3	;Aumentar por200.0%	;Aumentar por50.0%	;1	;Disminuir por66.7%	;Sin cambios	;6	;Disminuir por33.3%	;Aumentar por50.0%	;0	; --%	; --%	;1	;Sin cambios	; --%	;
1527	;08/03 14:00 - 15:00	;0	; --%	; --%	;0	;Disminuir por100.0%	;Disminuir por100.0%	;0	; --%	; --%	;1	;Sin cambios	; --%	;0	;Disminuir por100.0%	; --%	;10	;Aumentar por150.0%	;Aumentar por150.0%	;0	; --%	; --%	;0	; --%	; --%	;
1528	;08/03 15:00 - 16:00	;0	; --%	; --%	;1	; --%	;Disminuir por50.0%	;1	; --%	; --%	;3	; --%	; --%	;0	; --%	; --%	;14	;Aumentar por1300.0%	;Aumentar por600.0%	;0	; --%	; --%	;0	; --%	; --%	;
1529	;08/03 16:00 - 17:00	;0	; --%	; --%	;0	;Disminuir por100.0%	; --%	;0	; --%	; --%	;3	;Aumentar por200.0%	;Aumentar por50.0%	;1	; --%	; --%	;8	;Aumentar por33.3%	;Aumentar por700.0%	;0	; --%	; --%	;0	; --%	; --%	;
1530	;08/03 17:00 - 18:00	;0	; --%	; --%	;2	; --%	; --%	;0	; --%	; --%	;3	; --%	; --%	;1	; --%	; --%	;8	;Aumentar por60.0%	;Aumentar por100.0%	;1	;Sin cambios	;Disminuir por50.0%	;2	;Aumentar por100.0%	;Disminuir por33.3%	;
1531	;08/03 18:00 - 19:00	;0	; --%	; --%	;0	; --%	; --%	;0	; --%	; --%	;0	;Disminuir por100.0%	;Disminuir por100.0%	;0	; --%	; --%	;4	;Sin cambios	;Sin cambios	;0	; --%	; --%	;1	;Sin cambios	; --%	;
1532	;08/03 19:00 - 20:00	;0	; --%	; --%	;0	; --%	; --%	;1	; --%	; --%	;3	; --%	;Aumentar por200.0%	;2	; --%	; --%	;7	;Aumentar por250.0%	;Aumentar por600.0%	;0	; --%	; --%	;0	; --%	; --%	;
1533	;08/03 20:00 - 21:00	;0	; --%	; --%	;0	;Disminuir por100.0%	; --%	;0	; --%	; --%	;0	;Disminuir por100.0%	; --%	;2	; --%	;Disminuir por33.3%	;7	;Disminuir por12.5%	;Aumentar por75.0%	;0	; --%	; --%	;0	;Disminuir por100.0%	; --%	;
1534	;08/03 21:00 - 22:00	;0	; --%	; --%	;1	;Disminuir por75.0%	; --%	;0	; --%	; --%	;0	; --%	; --%	;0	; --%	;Disminuir por100.0%	;1	;Disminuir por75.0%	;Disminuir por50.0%	;0	; --%	; --%	;0	; --%	; --%	;
1535	;08/03 22:00 - 23:00	;0	; --%	; --%	;1	;Sin cambios	; --%	;0	; --%	; --%	;0	; --%	; --%	;0	; --%	; --%	;3	;Sin cambios	; --%	;0	; --%	; --%	;0	; --%	; --%	;
1536	;08/03 23:00 - 24:00	;0	; --%	; --%	;2	;Sin cambios	; --%	;0	; --%	; --%	;0	; --%	; --%	;0	; --%	;Disminuir por100.0%	;2	;Disminuir por33.3%	;Sin cambios	;0	; --%	; --%	;0	;Disminuir por100.0%	; --%	;
1537	;08/04 00:00 - 01:00	;0	; --%	; --%	;0	; --%	; --%	;0	; --%	; --%	;0	; --%	; --%	;0	; --%	; --%	;1	;Sin cambios	;Sin cambios	;0	; --%	; --%	;0	; --%	; --%	;
1538	;08/04 01:00 - 02:00	;0	; --%	; --%	;0	; --%	;Disminuir por100.0%	;0	; --%	; --%	;0	; --%	;Disminuir por100.0%	;2	; --%	; --%	;4	; --%	; --%	;0	; --%	; --%	;0	; --%	; --%	;
1539	;08/04 02:00 - 03:00	;0	; --%	; --%	;0	;Disminuir por100.0%	; --%	;0	; --%	; --%	;0	; --%	; --%	;1	; --%	; --%	;2	; --%	; --%	;0	; --%	; --%	;0	; --%	; --%	;
1540	;08/04 03:00 - 04:00	;0	; --%	; --%	;0	; --%	;Disminuir por100.0%	;0	; --%	; --%	;0	; --%	;Disminuir por100.0%	;0	; --%	;Disminuir por100.0%	;0	; --%	;Disminuir por100.0%	;0	; --%	; --%	;0	; --%	; --%	;
1541	;08/04 04:00 - 05:00	;0	; --%	; --%	;0	; --%	; --%	;0	; --%	; --%	;0	; --%	; --%	;0	; --%	; --%	;0	; --%	;Disminuir por100.0%	;0	; --%	; --%	;0	; --%	; --%	;
1542	;08/04 05:00 - 06:00	;0	; --%	; --%	;0	; --%	; --%	;0	; --%	; --%	;0	; --%	; --%	;0	; --%	; --%	;1	; --%	; --%	;0	; --%	; --%	;0	; --%	; --%	;
1543	;08/04 06:00 - 07:00	;0	; --%	; --%	;0	; --%	;Disminuir por100.0%	;0	; --%	; --%	;0	; --%	; --%	;0	; --%	; --%	;1	; --%	;Sin cambios	;0	; --%	;Disminuir por100.0%	;0	; --%	;Disminuir por100.0%	;
1544	;08/04 07:00 - 08:00	;0	; --%	; --%	;0	; --%	; --%	;0	; --%	; --%	;3	; --%	;Aumentar por200.0%	;2	;Sin cambios	;Aumentar por100.0%	;6	;Sin cambios	;Sin cambios	;0	; --%	; --%	;2	; --%	;Disminuir por33.3%	;
1545	;08/04 08:00 - 09:00	;0	; --%	; --%	;2	; --%	; --%	;0	;Disminuir por100.0%	;Disminuir por100.0%	;4	;Disminuir por42.9%	;Disminuir por50.0%	;6	;Aumentar por500.0%	;Aumentar por500.0%	;10	;Sin cambios	;Aumentar por25.0%	;1	; --%	;Sin cambios	;2	;Aumentar por100.0%	;Sin cambios	;
1546	;08/04 09:00 - 10:00	;0	; --%	; --%	;0	;Disminuir por100.0%	; --%	;0	; --%	; --%	;6	;Aumentar por20.0%	;Sin cambios	;0	;Disminuir por100.0%	;Disminuir por100.0%	;9	;Disminuir por18.2%	;Disminuir por18.2%	;0	; --%	; --%	;2	; --%	;Sin cambios	;
1547	;08/04 10:00 - 11:00	;2	; --%	; --%	;3	; --%	; --%	;0	;Disminuir por100.0%	; --%	;7	;Disminuir por12.5%	;Aumentar por16.7%	;1	;Sin cambios	;Sin cambios	;11	;Sin cambios	;Aumentar por22.2%	;2	;Aumentar por100.0%	;Disminuir por33.3%	;5	;Aumentar por66.7%	;Disminuir por28.6%	;
1548	;08/04 11:00 - 12:00	;0	; --%	; --%	;0	; --%	;Disminuir por100.0%	;1	; --%	; --%	;8	;Aumentar por100.0%	;Aumentar por100.0%	;0	;Disminuir por100.0%	;Disminuir por100.0%	;13	;Sin cambios	;Aumentar por18.2%	;2	; --%	;Disminuir por33.3%	;6	;Aumentar por200.0%	;Sin cambios	;
1549	;08/04 12:00 - 13:00	;0	; --%	; --%	;1	; --%	;Sin cambios	;0	;Disminuir por100.0%	; --%	;0	;Disminuir por100.0%	;Disminuir por100.0%	;4	;Sin cambios	; --%	;22	;Aumentar por22.2%	;Aumentar por100.0%	;0	; --%	; --%	;0	; --%	; --%	;
1550	;08/04 13:00 - 14:00	;0	; --%	; --%	;1	; --%	; --%	;0	;Disminuir por100.0%	;Disminuir por100.0%	;3	;Disminuir por40.0%	;Disminuir por57.1%	;3	; --%	;Aumentar por50.0%	;11	;Aumentar por120.0%	;Disminuir por15.4%	;2	; --%	; --%	;3	; --%	;Aumentar por200.0%	;
1551	;08/04 14:00 - 15:00	;0	; --%	; --%	;1	;Sin cambios	;Disminuir por66.7%	;2	; --%	;Aumentar por100.0%	;4	;Aumentar por100.0%	;Aumentar por33.3%	;0	;Disminuir por100.0%	;Disminuir por100.0%	;6	;Disminuir por62.5%	;Disminuir por45.5%	;0	; --%	; --%	;1	;Disminuir por50.0%	; --%	;
1552	;08/04 15:00 - 16:00	;0	; --%	; --%	;0	;Disminuir por100.0%	;Disminuir por100.0%	;0	; --%	; --%	;1	;Sin cambios	;Disminuir por75.0%	;3	;Aumentar por200.0%	;Sin cambios	;10	;Aumentar por11.1%	;Aumentar por11.1%	;0	; --%	; --%	;2	;Aumentar por100.0%	;Aumentar por100.0%	;
1553	;08/04 16:00 - 17:00	;0	; --%	; --%	;2	; --%	; --%	;0	; --%	; --%	;4	;Sin cambios	;Aumentar por300.0%	;0	;Disminuir por100.0%	; --%	;4	;Disminuir por60.0%	;Disminuir por55.6%	;0	; --%	; --%	;0	; --%	; --%	;
1554	;08/04 17:00 - 18:00	;0	; --%	; --%	;0	;Disminuir por100.0%	; --%	;0	; --%	; --%	;1	;Disminuir por83.3%	;Sin cambios	;2	;Aumentar por100.0%	; --%	;8	;Disminuir por20.0%	;Aumentar por14.3%	;0	; --%	; --%	;0	; --%	; --%	;
1555	;08/04 18:00 - 19:00	;0	; --%	; --%	;1	; --%	; --%	;0	; --%	; --%	;2	;Aumentar por100.0%	;Aumentar por100.0%	;0	; --%	; --%	;4	;Disminuir por50.0%	;Disminuir por42.9%	;0	; --%	;Disminuir por100.0%	;1	;Sin cambios	;Disminuir por50.0%	;
1556	;08/04 19:00 - 20:00	;0	; --%	; --%	;0	; --%	; --%	;0	; --%	; --%	;0	;Disminuir por100.0%	;Disminuir por100.0%	;0	;Disminuir por100.0%	; --%	;7	;Aumentar por16.7%	;Aumentar por16.7%	;0	; --%	; --%	;0	;Disminuir por100.0%	; --%	;
1557	;08/04 20:00 - 21:00	;0	; --%	; --%	;1	;Sin cambios	; --%	;0	; --%	; --%	;0	;Disminuir por100.0%	; --%	;0	; --%	;Disminuir por100.0%	;2	;Disminuir por60.0%	;Disminuir por60.0%	;1	; --%	; --%	;1	; --%	; --%	;
1558	;08/04 21:00 - 22:00	;0	; --%	; --%	;0	;Disminuir por100.0%	; --%	;0	; --%	; --%	;0	;Disminuir por100.0%	; --%	;0	; --%	;Disminuir por100.0%	;0	;Disminuir por100.0%	;Disminuir por100.0%	;0	; --%	; --%	;0	; --%	; --%	;
1559	;08/04 22:00 - 23:00	;0	; --%	; --%	;0	;Disminuir por100.0%	; --%	;0	; --%	; --%	;0	; --%	; --%	;3	; --%	; --%	;4	;Aumentar por100.0%	; --%	;0	; --%	; --%	;0	; --%	; --%	;
1560	;08/04 23:00 - 24:00	;0	; --%	; --%	;0	; --%	; --%	;1	; --%	; --%	;1	; --%	;Sin cambios	;0	; --%	; --%	;3	;Aumentar por200.0%	; --%	;0	; --%	; --%	;0	; --%	; --%	;
1561	;08/05 00:00 - 01:00	;0	; --%	; --%	;2	; --%	;Aumentar por100.0%	;0	; --%	; --%	;0	; --%	; --%	;0	; --%	; --%	;0	;Disminuir por100.0%	;Disminuir por100.0%	;0	; --%	; --%	;0	; --%	; --%	;
1562	;08/05 01:00 - 02:00	;0	; --%	; --%	;0	; --%	;Disminuir por100.0%	;0	; --%	; --%	;0	; --%	; --%	;1	; --%	; --%	;2	;Aumentar por100.0%	; --%	;0	; --%	; --%	;0	; --%	; --%	;
1563	;08/05 02:00 - 03:00	;0	; --%	; --%	;2	; --%	; --%	;0	; --%	; --%	;0	; --%	; --%	;0	; --%	; --%	;0	; --%	;Disminuir por100.0%	;0	; --%	; --%	;0	; --%	; --%	;
1564	;08/05 03:00 - 04:00	;0	; --%	; --%	;0	; --%	; --%	;0	; --%	; --%	;0	; --%	; --%	;0	; --%	;Disminuir por100.0%	;0	; --%	;Disminuir por100.0%	;0	; --%	; --%	;0	; --%	; --%	;
1565	;08/05 04:00 - 05:00	;0	; --%	; --%	;0	; --%	; --%	;0	; --%	; --%	;0	; --%	; --%	;0	; --%	; --%	;2	; --%	; --%	;0	; --%	; --%	;0	; --%	; --%	;
1566	;08/05 05:00 - 06:00	;0	; --%	; --%	;1	; --%	; --%	;0	; --%	; --%	;0	; --%	; --%	;0	; --%	; --%	;0	; --%	; --%	;0	; --%	; --%	;0	; --%	; --%	;
1567	;08/05 06:00 - 07:00	;0	; --%	;Disminuir por100.0%	;1	;Sin cambios	;Sin cambios	;0	; --%	; --%	;0	; --%	; --%	;1	; --%	; --%	;3	; --%	; --%	;1	; --%	; --%	;2	; --%	; --%	;
1568	;08/05 07:00 - 08:00	;0	; --%	; --%	;0	; --%	; --%	;0	; --%	; --%	;0	;Disminuir por100.0%	;Disminuir por100.0%	;2	;Sin cambios	;Aumentar por100.0%	;8	;Aumentar por33.3%	;Aumentar por60.0%	;0	; --%	; --%	;0	; --%	; --%	;
1569	;08/05 08:00 - 09:00	;0	; --%	; --%	;0	;Disminuir por100.0%	; --%	;1	; --%	; --%	;5	;Sin cambios	;Disminuir por16.7%	;1	; --%	; --%	;7	;Aumentar por133.3%	;Disminuir por36.4%	;1	;Disminuir por66.7%	;Sin cambios	;2	;Disminuir por60.0%	;Sin cambios	;
1570	;08/05 09:00 - 10:00	;0	; --%	; --%	;0	;Disminuir por100.0%	; --%	;0	; --%	;Disminuir por100.0%	;5	;Aumentar por150.0%	;Disminuir por50.0%	;0	; --%	;Disminuir por100.0%	;6	;Disminuir por40.0%	;Disminuir por25.0%	;0	;Disminuir por100.0%	;Disminuir por100.0%	;2	;Disminuir por33.3%	;Disminuir por60.0%	;
1571	;08/05 10:00 - 11:00	;0	; --%	; --%	;1	; --%	; --%	;0	; --%	;Disminuir por100.0%	;7	;Disminuir por46.2%	;Disminuir por30.0%	;1	;Disminuir por50.0%	; --%	;11	;Disminuir por15.4%	;Aumentar por37.5%	;4	; --%	;Aumentar por300.0%	;6	;Aumentar por50.0%	;Aumentar por20.0%	;
1572	;08/05 11:00 - 12:00	;0	; --%	; --%	;0	; --%	;Disminuir por100.0%	;0	; --%	;Disminuir por100.0%	;5	;Disminuir por50.0%	;Disminuir por37.5%	;2	; --%	;Disminuir por50.0%	;16	;Aumentar por23.1%	;Disminuir por23.8%	;3	; --%	;Aumentar por200.0%	;11	;Aumentar por1000.0%	;Aumentar por120.0%	;
1573	;08/05 12:00 - 13:00	;0	; --%	; --%	;1	; --%	;Sin cambios	;0	;Disminuir por100.0%	; --%	;6	;Disminuir por14.3%	; --%	;3	; --%	;Aumentar por50.0%	;24	;Aumentar por140.0%	;Aumentar por100.0%	;0	; --%	;Disminuir por100.0%	;3	;Aumentar por50.0%	;Aumentar por50.0%	;
1574	;08/05 13:00 - 14:00	;0	; --%	; --%	;0	; --%	;Disminuir por100.0%	;1	;Sin cambios	;Sin cambios	;5	;Disminuir por44.4%	;Aumentar por66.7%	;2	;Sin cambios	;Aumentar por100.0%	;10	;Disminuir por37.5%	;Aumentar por42.9%	;0	; --%	; --%	;2	;Sin cambios	;Aumentar por100.0%	;
1575	;08/05 14:00 - 15:00	;0	; --%	; --%	;1	;Sin cambios	;Sin cambios	;2	; --%	; --%	;5	;Sin cambios	;Aumentar por150.0%	;5	; --%	; --%	;15	;Aumentar por114.3%	;Aumentar por275.0%	;0	; --%	; --%	;2	;Aumentar por100.0%	; --%	;
1576	;08/05 15:00 - 16:00	;0	; --%	; --%	;1	;Sin cambios	;Disminuir por75.0%	;0	; --%	; --%	;0	; --%	;Disminuir por100.0%	;3	;Aumentar por50.0%	;Disminuir por25.0%	;12	;Sin cambios	;Aumentar por9.1%	;0	; --%	; --%	;0	; --%	; --%	;
1577	;08/05 16:00 - 17:00	;0	; --%	; --%	;1	; --%	; --%	;0	; --%	; --%	;2	;Disminuir por33.3%	;Aumentar por100.0%	;2	;Sin cambios	;Aumentar por100.0%	;12	;Aumentar por33.3%	;Aumentar por33.3%	;0	; --%	; --%	;0	;Disminuir por100.0%	;Disminuir por100.0%	;
1578	;08/05 17:00 - 18:00	;0	; --%	; --%	;0	; --%	; --%	;0	; --%	; --%	;2	;Aumentar por100.0%	;Disminuir por33.3%	;1	; --%	;Sin cambios	;7	;Sin cambios	;Sin cambios	;1	; --%	; --%	;2	; --%	;Disminuir por33.3%	;
1579	;08/05 18:00 - 19:00	;0	; --%	; --%	;0	; --%	; --%	;0	; --%	; --%	;1	; --%	;Sin cambios	;0	; --%	;Disminuir por100.0%	;8	;Disminuir por20.0%	;Aumentar por14.3%	;0	; --%	;Disminuir por100.0%	;0	;Disminuir por100.0%	;Disminuir por100.0%	;
1580	;08/05 19:00 - 20:00	;0	; --%	; --%	;0	; --%	; --%	;0	; --%	; --%	;0	;Disminuir por100.0%	;Disminuir por100.0%	;0	; --%	; --%	;3	;Disminuir por75.0%	;Sin cambios	;0	; --%	; --%	;1	; --%	; --%	;
1581	;08/05 20:00 - 21:00	;0	; --%	; --%	;0	;Disminuir por100.0%	; --%	;0	; --%	; --%	;0	;Disminuir por100.0%	; --%	;2	;Aumentar por100.0%	;Sin cambios	;6	;Disminuir por33.3%	;Aumentar por100.0%	;0	; --%	; --%	;0	; --%	; --%	;
1582	;08/05 21:00 - 22:00	;0	; --%	; --%	;0	;Disminuir por100.0%	; --%	;0	; --%	; --%	;0	; --%	; --%	;1	; --%	; --%	;1	;Disminuir por80.0%	; --%	;0	; --%	; --%	;0	; --%	; --%	;
1583	;08/05 22:00 - 23:00	;0	; --%	; --%	;0	; --%	; --%	;0	; --%	; --%	;0	; --%	; --%	;0	; --%	; --%	;1	;Disminuir por50.0%	; --%	;0	; --%	; --%	;0	; --%	; --%	;
1584	;08/05 23:00 - 24:00	;0	; --%	; --%	;0	; --%	; --%	;0	; --%	; --%	;0	; --%	; --%	;0	; --%	; --%	;0	;Disminuir por100.0%	; --%	;0	; --%	; --%	;0	; --%	; --%	;
1585	;08/06 00:00 - 01:00	;0	; --%	; --%	;3	;Aumentar por200.0%	; --%	;0	; --%	; --%	;0	; --%	;Disminuir por100.0%	;0	;Disminuir por100.0%	; --%	;0	;Disminuir por100.0%	;Disminuir por100.0%	;0	; --%	; --%	;0	; --%	; --%	;
1586	;08/06 01:00 - 02:00	;0	; --%	; --%	;1	; --%	;Sin cambios	;0	; --%	; --%	;0	; --%	; --%	;2	; --%	; --%	;3	; --%	; --%	;0	; --%	; --%	;0	; --%	; --%	;
1587	;08/06 02:00 - 03:00	;0	; --%	; --%	;1	; --%	; --%	;0	; --%	; --%	;0	; --%	; --%	;0	; --%	; --%	;0	; --%	; --%	;0	; --%	; --%	;0	; --%	; --%	;
1588	;08/06 03:00 - 04:00	;0	; --%	; --%	;0	; --%	; --%	;0	; --%	; --%	;0	; --%	; --%	;0	; --%	;Disminuir por100.0%	;0	; --%	;Disminuir por100.0%	;0	; --%	; --%	;0	; --%	; --%	;
1589	;08/06 04:00 - 05:00	;0	; --%	; --%	;0	; --%	; --%	;0	; --%	; --%	;0	; --%	; --%	;0	; --%	; --%	;0	; --%	;Disminuir por100.0%	;0	; --%	; --%	;0	; --%	; --%	;
1590	;08/06 05:00 - 06:00	;0	; --%	; --%	;0	; --%	;Disminuir por100.0%	;0	; --%	; --%	;0	; --%	; --%	;0	; --%	; --%	;0	; --%	;Disminuir por100.0%	;0	; --%	; --%	;0	; --%	; --%	;
1591	;08/06 06:00 - 07:00	;0	; --%	; --%	;0	; --%	; --%	;0	; --%	; --%	;0	; --%	; --%	;0	; --%	; --%	;0	;Disminuir por100.0%	; --%	;0	; --%	; --%	;0	; --%	;Disminuir por100.0%	;
1592	;08/06 07:00 - 08:00	;0	; --%	; --%	;0	; --%	; --%	;0	; --%	; --%	;0	; --%	;Disminuir por100.0%	;2	;Sin cambios	;Disminuir por50.0%	;7	;Sin cambios	;Disminuir por41.7%	;0	; --%	; --%	;1	; --%	; --%	;
1593	;08/06 08:00 - 09:00	;0	; --%	; --%	;0	;Disminuir por100.0%	; --%	;1	; --%	; --%	;6	;Aumentar por20.0%	;Aumentar por20.0%	;0	;Disminuir por100.0%	;Disminuir por100.0%	;9	;Sin cambios	;Disminuir por30.8%	;1	;Sin cambios	; --%	;3	;Disminuir por40.0%	; --%	;
1594	;08/06 09:00 - 10:00	;0	; --%	; --%	;0	; --%	; --%	;1	; --%	; --%	;7	;Aumentar por75.0%	;Aumentar por75.0%	;0	; --%	;Disminuir por100.0%	;6	;Disminuir por57.1%	;Disminuir por53.8%	;0	; --%	; --%	;2	; --%	;Sin cambios	;
1595	;08/06 10:00 - 11:00	;0	;Disminuir por100.0%	; --%	;1	;Disminuir por75.0%	; --%	;0	;Disminuir por100.0%	; --%	;15	;Aumentar por50.0%	;Aumentar por1400.0%	;2	;Aumentar por100.0%	; --%	;15	;Aumentar por114.3%	;Aumentar por15.4%	;0	; --%	;Disminuir por100.0%	;2	; --%	;Disminuir por50.0%	;
1596	;08/06 11:00 - 12:00	;0	; --%	; --%	;1	;Sin cambios	;Sin cambios	;3	; --%	;Aumentar por50.0%	;11	;Aumentar por83.3%	;Disminuir por21.4%	;2	;Disminuir por50.0%	;Aumentar por100.0%	;14	;Disminuir por30.0%	;Aumentar por16.7%	;2	; --%	;Aumentar por100.0%	;5	;Sin cambios	;Aumentar por150.0%	;
1597	;08/06 12:00 - 13:00	;0	; --%	; --%	;0	;Disminuir por100.0%	; --%	;0	; --%	; --%	;6	;Aumentar por100.0%	;Aumentar por100.0%	;0	;Disminuir por100.0%	;Disminuir por100.0%	;9	;Disminuir por40.0%	;Aumentar por12.5%	;0	;Disminuir por100.0%	; --%	;0	;Disminuir por100.0%	;Disminuir por100.0%	;
1598	;08/06 13:00 - 14:00	;0	; --%	; --%	;1	;Sin cambios	;Disminuir por50.0%	;0	; --%	;Disminuir por100.0%	;3	;Disminuir por50.0%	;Disminuir por40.0%	;5	;Aumentar por400.0%	;Aumentar por400.0%	;15	;Aumentar por87.5%	;Aumentar por50.0%	;0	; --%	; --%	;0	;Disminuir por100.0%	; --%	;
1599	;08/06 14:00 - 15:00	;0	; --%	; --%	;0	; --%	;Disminuir por100.0%	;0	; --%	; --%	;1	;Disminuir por80.0%	; --%	;1	;Sin cambios	; --%	;14	;Aumentar por40.0%	;Aumentar por55.6%	;0	;Disminuir por100.0%	; --%	;0	;Disminuir por100.0%	; --%	;
1600	;08/06 15:00 - 16:00	;0	; --%	; --%	;1	;Sin cambios	;Disminuir por80.0%	;0	;Disminuir por100.0%	;Disminuir por100.0%	;1	;Disminuir por85.7%	;Disminuir por66.7%	;0	;Disminuir por100.0%	;Disminuir por100.0%	;5	;Disminuir por44.4%	;Disminuir por58.3%	;0	; --%	; --%	;0	; --%	; --%	;
1601	;08/06 16:00 - 17:00	;0	; --%	; --%	;0	; --%	; --%	;0	;Disminuir por100.0%	; --%	;1	;Disminuir por75.0%	;Sin cambios	;2	; --%	;Sin cambios	;11	;Aumentar por37.5%	;Sin cambios	;0	; --%	; --%	;0	; --%	; --%	;
1602	;08/06 17:00 - 18:00	;0	; --%	; --%	;0	; --%	; --%	;2	; --%	; --%	;3	;Aumentar por200.0%	; --%	;0	; --%	;Disminuir por100.0%	;4	;Disminuir por33.3%	;Disminuir por33.3%	;0	;Disminuir por100.0%	;Disminuir por100.0%	;0	;Disminuir por100.0%	;Disminuir por100.0%	;
1603	;08/06 18:00 - 19:00	;0	; --%	; --%	;0	; --%	; --%	;0	; --%	; --%	;1	;Disminuir por50.0%	;Disminuir por66.7%	;0	;Disminuir por100.0%	;Disminuir por100.0%	;5	;Disminuir por58.3%	;Disminuir por16.7%	;0	; --%	; --%	;0	;Disminuir por100.0%	; --%	;
1604	;08/06 19:00 - 20:00	;0	; --%	; --%	;1	; --%	;Sin cambios	;0	; --%	; --%	;0	;Disminuir por100.0%	; --%	;2	;Disminuir por33.3%	; --%	;7	;Disminuir por46.2%	;Aumentar por250.0%	;0	; --%	; --%	;0	; --%	; --%	;
1605	;08/06 20:00 - 21:00	;0	; --%	; --%	;0	; --%	; --%	;0	; --%	; --%	;1	;Sin cambios	; --%	;4	; --%	; --%	;6	;Sin cambios	;Aumentar por100.0%	;0	; --%	; --%	;0	; --%	; --%	;
1606	;08/06 21:00 - 22:00	;0	; --%	; --%	;0	; --%	; --%	;0	; --%	; --%	;0	;Disminuir por100.0%	; --%	;1	;Disminuir por50.0%	; --%	;2	;Disminuir por71.4%	;Aumentar por100.0%	;0	; --%	; --%	;0	; --%	; --%	;
1607	;08/06 22:00 - 23:00	;0	; --%	; --%	;0	;Disminuir por100.0%	; --%	;0	;Disminuir por100.0%	; --%	;1	;Sin cambios	; --%	;0	; --%	; --%	;0	;Disminuir por100.0%	; --%	;0	; --%	; --%	;0	; --%	; --%	;
1608	;08/06 23:00 - 24:00	;0	; --%	; --%	;1	;Sin cambios	; --%	;0	; --%	; --%	;0	; --%	; --%	;0	; --%	; --%	;0	;Disminuir por100.0%	;Disminuir por100.0%	;0	; --%	; --%	;0	; --%	; --%	;
1609	;08/07 00:00 - 01:00	;0	; --%	; --%	;2	; --%	;Aumentar por100.0%	;0	; --%	; --%	;0	; --%	; --%	;0	; --%	; --%	;1	; --%	;Disminuir por50.0%	;0	; --%	; --%	;0	; --%	; --%	;
1610	;08/07 01:00 - 02:00	;0	; --%	; --%	;0	; --%	; --%	;0	; --%	; --%	;1	; --%	; --%	;2	; --%	; --%	;2	; --%	;Aumentar por100.0%	;0	; --%	; --%	;0	; --%	; --%	;
1611	;08/07 02:00 - 03:00	;0	; --%	; --%	;1	; --%	; --%	;0	; --%	; --%	;0	; --%	; --%	;0	; --%	; --%	;0	; --%	; --%	;0	; --%	; --%	;0	; --%	; --%	;
1612	;08/07 03:00 - 04:00	;0	; --%	; --%	;0	; --%	; --%	;0	; --%	; --%	;0	; --%	; --%	;0	; --%	; --%	;0	; --%	; --%	;0	; --%	; --%	;0	; --%	; --%	;
1613	;08/07 04:00 - 05:00	;0	; --%	; --%	;0	; --%	; --%	;0	; --%	; --%	;0	; --%	; --%	;3	; --%	; --%	;3	; --%	; --%	;0	; --%	; --%	;0	; --%	; --%	;
1614	;08/07 05:00 - 06:00	;0	; --%	; --%	;0	; --%	; --%	;0	; --%	; --%	;0	; --%	; --%	;0	; --%	; --%	;1	; --%	;Sin cambios	;0	; --%	; --%	;0	; --%	; --%	;
1615	;08/07 06:00 - 07:00	;0	; --%	; --%	;1	; --%	; --%	;0	; --%	; --%	;0	; --%	; --%	;0	;Disminuir por100.0%	; --%	;1	;Disminuir por66.7%	; --%	;1	; --%	;Disminuir por66.7%	;2	; --%	;Disminuir por33.3%	;
1616	;08/07 07:00 - 08:00	;0	; --%	; --%	;0	; --%	; --%	;0	; --%	; --%	;2	; --%	;Aumentar por100.0%	;2	; --%	;Sin cambios	;10	;Aumentar por66.7%	;Aumentar por66.7%	;0	; --%	; --%	;0	; --%	;Disminuir por100.0%	;
1617	;08/07 08:00 - 09:00	;0	; --%	; --%	;1	;Sin cambios	; --%	;1	;Disminuir por50.0%	;Disminuir por50.0%	;9	;Aumentar por28.6%	;Aumentar por80.0%	;2	;Aumentar por100.0%	;Aumentar por100.0%	;13	;Disminuir por23.5%	;Aumentar por8.3%	;3	; --%	; --%	;7	;Aumentar por600.0%	;Aumentar por600.0%	;
1618	;08/07 09:00 - 10:00	;0	; --%	; --%	;1	;Sin cambios	; --%	;0	; --%	;Disminuir por100.0%	;4	;Sin cambios	;Disminuir por20.0%	;2	; --%	;Disminuir por33.3%	;12	;Aumentar por20.0%	;Aumentar por50.0%	;0	; --%	; --%	;2	;Aumentar por100.0%	;Sin cambios	;
1619	;08/07 10:00 - 11:00	;0	; --%	; --%	;1	; --%	; --%	;0	; --%	;Disminuir por100.0%	;9	;Aumentar por50.0%	;Disminuir por18.2%	;0	;Disminuir por100.0%	; --%	;12	;Aumentar por50.0%	;Aumentar por9.1%	;0	; --%	;Disminuir por100.0%	;4	; --%	;Disminuir por50.0%	;
1620	;08/07 11:00 - 12:00	;0	; --%	; --%	;0	; --%	; --%	;2	;Sin cambios	;Sin cambios	;13	;Aumentar por62.5%	;Aumentar por44.4%	;0	;Disminuir por100.0%	; --%	;11	;Disminuir por35.3%	;Aumentar por37.5%	;1	; --%	; --%	;7	;Aumentar por600.0%	;Aumentar por16.7%	;
1621	;08/07 12:00 - 13:00	;0	; --%	; --%	;0	; --%	; --%	;10	; --%	;Aumentar por400.0%	;12	;Aumentar por300.0%	;Aumentar por140.0%	;1	;Disminuir por80.0%	;Disminuir por50.0%	;11	;Disminuir por42.1%	;Disminuir por15.4%	;0	; --%	;Disminuir por100.0%	;1	; --%	;Disminuir por66.7%	;
1622	;08/07 13:00 - 14:00	;0	; --%	; --%	;1	; --%	; --%	;0	; --%	;Disminuir por100.0%	;4	;Aumentar por33.3%	;Disminuir por50.0%	;4	; --%	;Aumentar por33.3%	;12	;Aumentar por100.0%	;Sin cambios	;0	; --%	; --%	;2	; --%	;Aumentar por100.0%	;
1623	;08/07 14:00 - 15:00	;0	; --%	; --%	;1	; --%	;Disminuir por50.0%	;1	; --%	; --%	;6	;Aumentar por200.0%	;Aumentar por100.0%	;1	;Disminuir por50.0%	;Sin cambios	;10	;Disminuir por28.6%	;Aumentar por42.9%	;0	; --%	; --%	;0	; --%	;Disminuir por100.0%	;
1624	;08/07 15:00 - 16:00	;0	; --%	; --%	;1	;Sin cambios	;Disminuir por50.0%	;0	;Disminuir por100.0%	; --%	;2	;Disminuir por60.0%	; --%	;5	; --%	; --%	;12	;Aumentar por140.0%	;Aumentar por140.0%	;0	; --%	; --%	;1	; --%	; --%	;
1625	;08/07 16:00 - 17:00	;0	; --%	; --%	;0	; --%	; --%	;0	; --%	; --%	;2	;Sin cambios	;Disminuir por33.3%	;2	; --%	;Sin cambios	;10	;Disminuir por28.6%	;Aumentar por25.0%	;0	; --%	; --%	;0	;Disminuir por100.0%	; --%	;
1626	;08/07 17:00 - 18:00	;0	; --%	; --%	;0	; --%	; --%	;0	; --%	; --%	;2	;Aumentar por100.0%	;Sin cambios	;0	; --%	; --%	;4	;Disminuir por20.0%	;Sin cambios	;0	;Disminuir por100.0%	; --%	;0	;Disminuir por100.0%	;Disminuir por100.0%	;
1627	;08/07 18:00 - 19:00	;0	; --%	; --%	;0	; --%	; --%	;0	; --%	; --%	;2	;Aumentar por100.0%	;Sin cambios	;0	; --%	;Disminuir por100.0%	;6	;Disminuir por50.0%	;Aumentar por100.0%	;4	; --%	;Aumentar por300.0%	;5	; --%	;Aumentar por150.0%	;
1628	;08/07 19:00 - 20:00	;0	; --%	; --%	;1	; --%	; --%	;0	; --%	; --%	;1	;Disminuir por50.0%	; --%	;0	;Disminuir por100.0%	;Disminuir por100.0%	;3	;Disminuir por70.0%	;Sin cambios	;0	; --%	; --%	;0	; --%	; --%	;
1629	;08/07 20:00 - 21:00	;0	; --%	; --%	;0	;Disminuir por100.0%	; --%	;0	; --%	; --%	;1	;Sin cambios	; --%	;0	; --%	;Disminuir por100.0%	;1	;Disminuir por83.3%	;Disminuir por75.0%	;0	; --%	; --%	;0	;Disminuir por100.0%	; --%	;
1630	;08/07 21:00 - 22:00	;0	; --%	; --%	;0	; --%	; --%	;0	; --%	; --%	;0	; --%	; --%	;0	;Disminuir por100.0%	; --%	;1	;Disminuir por83.3%	; --%	;0	; --%	; --%	;0	;Disminuir por100.0%	; --%	;
1631	;08/07 22:00 - 23:00	;0	; --%	; --%	;0	;Disminuir por100.0%	; --%	;0	; --%	; --%	;1	; --%	; --%	;1	; --%	; --%	;2	;Aumentar por100.0%	; --%	;0	; --%	; --%	;0	; --%	; --%	;
1632	;08/07 23:00 - 24:00	;0	; --%	; --%	;1	;Sin cambios	; --%	;0	; --%	; --%	;0	; --%	; --%	;0	; --%	; --%	;1	; --%	;Sin cambios	;0	; --%	; --%	;0	; --%	; --%	;
1633	;08/08 00:00 - 01:00	;0	; --%	; --%	;2	; --%	;Disminuir por33.3%	;0	; --%	; --%	;0	; --%	; --%	;0	; --%	; --%	;2	; --%	; --%	;0	; --%	; --%	;0	; --%	; --%	;
1634	;08/08 01:00 - 02:00	;0	; --%	; --%	;3	;Aumentar por200.0%	;Aumentar por200.0%	;0	; --%	; --%	;0	; --%	; --%	;2	; --%	; --%	;3	; --%	;Aumentar por50.0%	;0	; --%	; --%	;0	; --%	; --%	;
1635	;08/08 02:00 - 03:00	;0	; --%	;Disminuir por100.0%	;0	; --%	; --%	;0	; --%	; --%	;0	; --%	; --%	;2	; --%	; --%	;2	; --%	; --%	;0	; --%	; --%	;1	; --%	;Sin cambios	;
1636	;08/08 03:00 - 04:00	;0	; --%	; --%	;0	; --%	; --%	;0	; --%	; --%	;0	; --%	; --%	;2	; --%	;Aumentar por100.0%	;2	; --%	;Sin cambios	;0	; --%	; --%	;0	; --%	; --%	;
1637	;08/08 04:00 - 05:00	;0	; --%	; --%	;0	; --%	; --%	;0	; --%	; --%	;0	; --%	; --%	;0	; --%	; --%	;0	; --%	; --%	;0	; --%	; --%	;0	; --%	; --%	;
1638	;08/08 05:00 - 06:00	;0	; --%	; --%	;1	; --%	;Sin cambios	;0	; --%	; --%	;0	; --%	; --%	;0	; --%	; --%	;1	; --%	;Sin cambios	;0	; --%	; --%	;0	; --%	; --%	;
1639	;08/08 06:00 - 07:00	;0	; --%	; --%	;0	; --%	; --%	;0	; --%	; --%	;0	; --%	; --%	;0	; --%	; --%	;1	; --%	;Sin cambios	;1	; --%	; --%	;0	; --%	; --%	;
1640	;08/08 07:00 - 08:00	;0	; --%	; --%	;0	; --%	; --%	;0	; --%	;Disminuir por100.0%	;0	; --%	;Disminuir por100.0%	;0	;Disminuir por100.0%	; --%	;1	;Disminuir por80.0%	;Disminuir por83.3%	;0	; --%	;Disminuir por100.0%	;0	; --%	;Disminuir por100.0%	;
1641	;08/08 08:00 - 09:00	;0	; --%	; --%	;0	; --%	; --%	;0	;Disminuir por100.0%	; --%	;4	;Disminuir por50.0%	;Aumentar por100.0%	;0	; --%	;Disminuir por100.0%	;5	;Disminuir por50.0%	;Disminuir por58.3%	;0	; --%	; --%	;0	;Disminuir por100.0%	;Disminuir por100.0%	;
1642	;08/08 09:00 - 10:00	;0	; --%	; --%	;0	; --%	; --%	;0	; --%	; --%	;6	;Aumentar por50.0%	;Disminuir por14.3%	;2	;Sin cambios	; --%	;10	;Disminuir por37.5%	;Aumentar por25.0%	;0	; --%	;Disminuir por100.0%	;0	;Disminuir por100.0%	;Disminuir por100.0%	;
1643	;08/08 10:00 - 11:00	;0	; --%	; --%	;1	;Sin cambios	; --%	;0	; --%	;Disminuir por100.0%	;4	;Disminuir por42.9%	;Disminuir por71.4%	;2	;Aumentar por100.0%	;Disminuir por66.7%	;12	;Disminuir por25.0%	;Disminuir por36.8%	;1	; --%	;Disminuir por80.0%	;5	;Aumentar por66.7%	;Disminuir por54.5%	;
1644	;08/08 11:00 - 12:00	;0	; --%	; --%	;0	; --%	; --%	;0	; --%	;Disminuir por100.0%	;7	;Aumentar por75.0%	;Disminuir por22.2%	;0	;Disminuir por100.0%	;Disminuir por100.0%	;7	;Disminuir por61.1%	;Disminuir por65.0%	;0	; --%	;Disminuir por100.0%	;0	;Disminuir por100.0%	;Disminuir por100.0%	;
1645	;08/08 12:00 - 13:00	;0	; --%	; --%	;1	;Sin cambios	; --%	;0	; --%	; --%	;4	; --%	; --%	;0	;Disminuir por100.0%	;Disminuir por100.0%	;11	;Disminuir por35.3%	;Disminuir por26.7%	;0	; --%	;Disminuir por100.0%	;1	;Sin cambios	;Disminuir por75.0%	;
1646	;08/08 13:00 - 14:00	;0	; --%	; --%	;0	; --%	; --%	;3	; --%	;Aumentar por50.0%	;4	;Aumentar por100.0%	;Sin cambios	;0	;Disminuir por100.0%	; --%	;7	;Disminuir por46.2%	;Sin cambios	;0	; --%	; --%	;2	;Sin cambios	; --%	;
1647	;08/08 14:00 - 15:00	;0	; --%	; --%	;2	; --%	;Sin cambios	;0	;Disminuir por100.0%	; --%	;1	;Disminuir por75.0%	;Sin cambios	;1	;Disminuir por50.0%	;Disminuir por80.0%	;5	;Disminuir por64.3%	;Disminuir por58.3%	;0	; --%	; --%	;0	;Disminuir por100.0%	; --%	;
1648	;08/08 15:00 - 16:00	;0	; --%	; --%	;0	;Disminuir por100.0%	;Disminuir por100.0%	;0	; --%	; --%	;0	; --%	;Disminuir por100.0%	;0	;Disminuir por100.0%	; --%	;6	;Disminuir por45.5%	;Sin cambios	;0	; --%	; --%	;1	;Sin cambios	;Sin cambios	;
1649	;08/08 16:00 - 17:00	;0	; --%	; --%	;1	; --%	; --%	;0	; --%	;Disminuir por100.0%	;0	;Disminuir por100.0%	;Disminuir por100.0%	;1	; --%	;Disminuir por66.7%	;8	;Disminuir por33.3%	;Disminuir por38.5%	;0	; --%	; --%	;0	;Disminuir por100.0%	; --%	;
1650	;08/08 17:00 - 18:00	;0	; --%	; --%	;0	; --%	; --%	;0	; --%	; --%	;1	;Disminuir por50.0%	;Sin cambios	;0	; --%	; --%	;5	;Sin cambios	;Aumentar por25.0%	;0	;Disminuir por100.0%	;Disminuir por100.0%	;0	;Disminuir por100.0%	;Disminuir por100.0%	;
1651	;08/08 18:00 - 19:00	;0	; --%	; --%	;0	; --%	; --%	;0	; --%	; --%	;1	;Disminuir por66.7%	;Sin cambios	;0	; --%	;Disminuir por100.0%	;4	;Disminuir por20.0%	;Disminuir por20.0%	;3	; --%	; --%	;4	; --%	; --%	;
1652	;08/08 19:00 - 20:00	;0	; --%	; --%	;1	; --%	; --%	;0	; --%	; --%	;0	;Disminuir por100.0%	; --%	;0	; --%	; --%	;3	;Aumentar por50.0%	;Disminuir por25.0%	;0	; --%	; --%	;1	;Sin cambios	; --%	;
1653	;08/08 20:00 - 21:00	;0	; --%	; --%	;0	;Disminuir por100.0%	; --%	;0	; --%	; --%	;1	; --%	; --%	;4	; --%	;Sin cambios	;9	;Aumentar por80.0%	;Aumentar por28.6%	;0	; --%	; --%	;1	;Sin cambios	; --%	;
1654	;08/08 21:00 - 22:00	;0	; --%	; --%	;1	;Sin cambios	; --%	;0	; --%	; --%	;0	; --%	; --%	;0	; --%	; --%	;2	;Sin cambios	;Aumentar por100.0%	;0	; --%	; --%	;0	; --%	; --%	;
1655	;08/08 22:00 - 23:00	;0	; --%	; --%	;0	; --%	; --%	;0	; --%	; --%	;0	; --%	; --%	;0	; --%	; --%	;1	;Disminuir por50.0%	; --%	;0	; --%	; --%	;0	; --%	; --%	;
1656	;08/08 23:00 - 24:00	;0	; --%	; --%	;0	;Disminuir por100.0%	; --%	;0	; --%	; --%	;0	; --%	; --%	;0	; --%	; --%	;0	;Disminuir por100.0%	; --%	;0	; --%	; --%	;0	; --%	; --%	;
1657	;08/09 00:00 - 01:00	;0	; --%	; --%	;6	; --%	; --%	;0	; --%	; --%	;1	; --%	; --%	;2	; --%	; --%	;2	; --%	; --%	;0	; --%	; --%	;0	; --%	;Disminuir por100.0%	;
1658	;08/09 01:00 - 02:00	;0	; --%	; --%	;2	; --%	;Sin cambios	;0	; --%	; --%	;0	; --%	; --%	;0	; --%	;Disminuir por100.0%	;0	; --%	;Disminuir por100.0%	;0	; --%	; --%	;1	; --%	; --%	;
1659	;08/09 02:00 - 03:00	;0	; --%	; --%	;2	; --%	; --%	;0	; --%	; --%	;0	; --%	; --%	;2	; --%	; --%	;2	; --%	; --%	;0	; --%	; --%	;0	; --%	;Disminuir por100.0%	;
1660	;08/09 03:00 - 04:00	;0	; --%	; --%	;1	; --%	; --%	;0	; --%	; --%	;0	; --%	; --%	;0	; --%	; --%	;0	; --%	; --%	;0	; --%	; --%	;0	; --%	; --%	;
1661	;08/09 04:00 - 05:00	;0	; --%	; --%	;2	; --%	; --%	;0	; --%	; --%	;0	; --%	; --%	;0	; --%	; --%	;0	; --%	;Disminuir por100.0%	;0	; --%	; --%	;0	; --%	; --%	;
1662	;08/09 05:00 - 06:00	;0	; --%	; --%	;0	;Disminuir por100.0%	; --%	;0	; --%	; --%	;1	; --%	; --%	;0	; --%	; --%	;0	; --%	; --%	;0	; --%	; --%	;0	; --%	; --%	;
1663	;08/09 06:00 - 07:00	;0	; --%	; --%	;0	; --%	; --%	;0	; --%	; --%	;0	; --%	; --%	;0	; --%	; --%	;1	;Sin cambios	;Sin cambios	;0	; --%	; --%	;0	; --%	; --%	;
1664	;08/09 07:00 - 08:00	;0	; --%	; --%	;0	; --%	; --%	;0	; --%	; --%	;0	; --%	; --%	;0	;Disminuir por100.0%	; --%	;3	;Sin cambios	; --%	;0	; --%	; --%	;0	; --%	; --%	;
1665	;08/09 08:00 - 09:00	;0	; --%	; --%	;0	; --%	; --%	;0	; --%	; --%	;1	;Disminuir por66.7%	;Sin cambios	;1	; --%	; --%	;4	;Disminuir por42.9%	;Disminuir por50.0%	;1	;Sin cambios	; --%	;2	;Sin cambios	; --%	;
1666	;08/09 09:00 - 10:00	;0	; --%	; --%	;0	;Disminuir por100.0%	; --%	;0	; --%	; --%	;4	;Aumentar por300.0%	;Disminuir por20.0%	;0	;Disminuir por100.0%	;Disminuir por100.0%	;4	;Disminuir por50.0%	;Disminuir por60.0%	;0	; --%	; --%	;0	;Disminuir por100.0%	; --%	;
1667	;08/09 10:00 - 11:00	;0	; --%	; --%	;1	; --%	; --%	;0	; --%	; --%	;5	;Disminuir por28.6%	;Disminuir por16.7%	;2	;Disminuir por33.3%	;Aumentar por100.0%	;13	;Disminuir por18.8%	;Aumentar por44.4%	;0	; --%	; --%	;0	;Disminuir por100.0%	;Disminuir por100.0%	;
1668	;08/09 11:00 - 12:00	;0	; --%	; --%	;0	; --%	; --%	;0	; --%	;Disminuir por100.0%	;2	;Disminuir por33.3%	;Disminuir por75.0%	;2	;Aumentar por100.0%	;Sin cambios	;14	;Aumentar por7.7%	;Aumentar por27.3%	;0	; --%	;Disminuir por100.0%	;1	; --%	;Disminuir por50.0%	;
1669	;08/09 12:00 - 13:00	;0	; --%	; --%	;1	;Disminuir por50.0%	; --%	;0	; --%	; --%	;0	;Disminuir por100.0%	; --%	;2	; --%	;Disminuir por33.3%	;14	;Aumentar por100.0%	;Aumentar por16.7%	;0	; --%	; --%	;0	; --%	;Disminuir por100.0%	;
1670	;08/09 13:00 - 14:00	;0	; --%	; --%	;1	; --%	; --%	;0	; --%	;Disminuir por100.0%	;0	;Disminuir por100.0%	;Disminuir por100.0%	;2	;Aumentar por100.0%	;Sin cambios	;10	;Aumentar por25.0%	;Disminuir por9.1%	;0	; --%	; --%	;0	; --%	;Disminuir por100.0%	;
1671	;08/09 14:00 - 15:00	;0	; --%	; --%	;0	; --%	;Disminuir por100.0%	;0	; --%	; --%	;0	; --%	;Disminuir por100.0%	;0	;Disminuir por100.0%	; --%	;4	;Disminuir por20.0%	;Sin cambios	;0	; --%	; --%	;1	; --%	;Sin cambios	;
1672	;08/09 15:00 - 16:00	;0	; --%	; --%	;1	; --%	; --%	;0	; --%	; --%	;0	; --%	; --%	;0	; --%	; --%	;4	;Disminuir por33.3%	;Sin cambios	;0	; --%	; --%	;0	; --%	; --%	;
1673	;08/09 16:00 - 17:00	;0	; --%	; --%	;1	;Disminuir por66.7%	; --%	;0	; --%	; --%	;0	; --%	;Disminuir por100.0%	;0	; --%	; --%	;7	;Disminuir por22.2%	;Aumentar por133.3%	;0	; --%	; --%	;0	; --%	;Disminuir por100.0%	;
1674	;08/09 17:00 - 18:00	;0	; --%	; --%	;0	; --%	; --%	;0	; --%	; --%	;1	;Disminuir por50.0%	; --%	;2	;Aumentar por100.0%	;Aumentar por100.0%	;9	;Aumentar por28.6%	;Aumentar por28.6%	;1	; --%	; --%	;3	; --%	;Aumentar por200.0%	;
1675	;08/09 18:00 - 19:00	;0	; --%	; --%	;0	;Disminuir por100.0%	; --%	;0	; --%	;Disminuir por100.0%	;1	;Sin cambios	;Disminuir por50.0%	;1	; --%	; --%	;3	;Disminuir por57.1%	;Disminuir por57.1%	;0	; --%	; --%	;1	;Sin cambios	; --%	;
1676	;08/09 19:00 - 20:00	;0	; --%	; --%	;2	;Aumentar por100.0%	; --%	;0	; --%	; --%	;2	; --%	; --%	;0	;Disminuir por100.0%	;Disminuir por100.0%	;4	;Disminuir por63.6%	;Aumentar por33.3%	;0	; --%	; --%	;0	;Disminuir por100.0%	; --%	;
1677	;08/09 20:00 - 21:00	;0	;Disminuir por100.0%	; --%	;0	;Disminuir por100.0%	; --%	;0	; --%	; --%	;0	;Disminuir por100.0%	; --%	;0	;Disminuir por100.0%	; --%	;1	;Disminuir por87.5%	;Disminuir por50.0%	;0	; --%	;Disminuir por100.0%	;0	; --%	;Disminuir por100.0%	;
1678	;08/09 21:00 - 22:00	;0	; --%	; --%	;0	;Disminuir por100.0%	; --%	;0	; --%	; --%	;0	; --%	; --%	;0	; --%	;Disminuir por100.0%	;0	;Disminuir por100.0%	;Disminuir por100.0%	;0	; --%	; --%	;0	; --%	; --%	;
1679	;08/09 22:00 - 23:00	;0	; --%	; --%	;0	;Disminuir por100.0%	; --%	;0	; --%	; --%	;0	; --%	; --%	;0	; --%	; --%	;0	;Disminuir por100.0%	; --%	;0	; --%	; --%	;0	; --%	; --%	;
1680	;08/09 23:00 - 24:00	;0	; --%	; --%	;1	;Disminuir por50.0%	; --%	;0	; --%	; --%	;0	; --%	; --%	;0	;Disminuir por100.0%	; --%	;1	;Disminuir por80.0%	; --%	;0	; --%	; --%	;0	; --%	; --%	;
1681	;08/10 00:00 - 01:00	;0	; --%	; --%	;1	;Sin cambios	; --%	;0	; --%	; --%	;0	; --%	; --%	;0	; --%	; --%	;0	;Disminuir por100.0%	;Disminuir por100.0%	;0	; --%	; --%	;0	; --%	;Disminuir por100.0%	;
1682	;08/10 01:00 - 02:00	;0	; --%	; --%	;0	; --%	;Disminuir por100.0%	;0	; --%	; --%	;1	; --%	; --%	;2	; --%	; --%	;4	; --%	; --%	;0	; --%	; --%	;0	; --%	; --%	;
1683	;08/10 02:00 - 03:00	;0	; --%	; --%	;1	;Sin cambios	; --%	;0	; --%	; --%	;0	; --%	; --%	;0	; --%	; --%	;0	; --%	;Disminuir por100.0%	;0	; --%	; --%	;0	; --%	; --%	;
1684	;08/10 03:00 - 04:00	;0	; --%	; --%	;0	; --%	; --%	;0	; --%	; --%	;0	; --%	; --%	;0	; --%	;Disminuir por100.0%	;1	; --%	;Disminuir por66.7%	;0	; --%	; --%	;0	; --%	; --%	;
1685	;08/10 04:00 - 05:00	;0	; --%	; --%	;0	; --%	; --%	;0	; --%	; --%	;0	; --%	; --%	;2	; --%	; --%	;3	; --%	; --%	;0	; --%	; --%	;0	; --%	; --%	;
1686	;08/10 05:00 - 06:00	;0	; --%	; --%	;1	; --%	; --%	;0	; --%	; --%	;0	; --%	; --%	;0	; --%	;Disminuir por100.0%	;0	; --%	;Disminuir por100.0%	;0	; --%	; --%	;0	; --%	; --%	;
1687	;08/10 06:00 - 07:00	;2	; --%	; --%	;4	; --%	;Aumentar por300.0%	;0	; --%	; --%	;0	; --%	; --%	;0	; --%	; --%	;1	; --%	;Sin cambios	;0	; --%	; --%	;1	; --%	; --%	;
1688	;08/10 07:00 - 08:00	;0	; --%	; --%	;0	; --%	; --%	;0	; --%	; --%	;1	; --%	;Sin cambios	;2	; --%	; --%	;5	;Aumentar por66.7%	;Aumentar por400.0%	;0	; --%	; --%	;0	; --%	; --%	;
1689	;08/10 08:00 - 09:00	;0	; --%	; --%	;1	; --%	; --%	;0	; --%	; --%	;4	; --%	; --%	;0	; --%	; --%	;9	;Aumentar por28.6%	;Aumentar por28.6%	;1	;Sin cambios	; --%	;2	;Disminuir por33.3%	; --%	;
1690	;08/10 09:00 - 10:00	;7	; --%	; --%	;8	; --%	;Aumentar por700.0%	;0	; --%	; --%	;1	;Sin cambios	;Disminuir por50.0%	;0	; --%	; --%	;5	;Aumentar por25.0%	;Disminuir por28.6%	;0	; --%	; --%	;2	;Aumentar por100.0%	; --%	;
1691	;08/10 10:00 - 11:00	;0	; --%	; --%	;1	;Sin cambios	;Sin cambios	;0	; --%	; --%	;10	;Aumentar por150.0%	;Aumentar por233.3%	;0	; --%	; --%	;7	;Aumentar por133.3%	;Disminuir por30.0%	;0	; --%	; --%	;4	;Aumentar por300.0%	;Aumentar por300.0%	;
1692	;08/10 11:00 - 12:00	;0	; --%	; --%	;0	; --%	; --%	;1	; --%	; --%	;9	;Aumentar por800.0%	;Aumentar por200.0%	;2	;Sin cambios	;Aumentar por100.0%	;11	;Aumentar por57.1%	;Aumentar por10.0%	;0	; --%	; --%	;1	; --%	;Sin cambios	;
1693	;08/10 12:00 - 13:00	;0	; --%	; --%	;1	; --%	; --%	;0	; --%	; --%	;5	;Aumentar por400.0%	;Aumentar por400.0%	;1	;Sin cambios	;Disminuir por75.0%	;10	;Aumentar por66.7%	;Disminuir por9.1%	;0	; --%	; --%	;1	;Disminuir por66.7%	; --%	;
1694	;08/10 13:00 - 14:00	;0	; --%	; --%	;2	;Aumentar por100.0%	;Sin cambios	;0	; --%	; --%	;4	; --%	;Aumentar por300.0%	;4	; --%	; --%	;17	;Aumentar por1600.0%	;Aumentar por112.5%	;0	; --%	; --%	;3	; --%	; --%	;
1695	;08/10 14:00 - 15:00	;0	; --%	; --%	;2	; --%	; --%	;0	; --%	; --%	;0	; --%	; --%	;1	;Disminuir por50.0%	;Disminuir por50.0%	;8	;Aumentar por33.3%	;Aumentar por14.3%	;0	; --%	; --%	;2	; --%	; --%	;
1696	;08/10 15:00 - 16:00	;0	; --%	; --%	;0	; --%	; --%	;0	; --%	; --%	;0	; --%	; --%	;0	;Disminuir por100.0%	; --%	;0	;Disminuir por100.0%	;Disminuir por100.0%	;0	; --%	; --%	;0	; --%	; --%	;
1697	;08/10 16:00 - 17:00	;0	; --%	; --%	;0	; --%	; --%	;0	; --%	; --%	;0	;Disminuir por100.0%	;Disminuir por100.0%	;0	;Disminuir por100.0%	; --%	;0	;Disminuir por100.0%	;Disminuir por100.0%	;0	; --%	; --%	;0	;Disminuir por100.0%	; --%	;
1698	;08/10 17:00 - 18:00	;0	; --%	; --%	;0	; --%	; --%	;0	; --%	; --%	;0	;Disminuir por100.0%	; --%	;0	; --%	; --%	;0	;Disminuir por100.0%	;Disminuir por100.0%	;0	;Disminuir por100.0%	; --%	;0	;Disminuir por100.0%	;Disminuir por100.0%	;
1699	;08/10 18:00 - 19:00	;0	; --%	; --%	;0	;Disminuir por100.0%	; --%	;0	; --%	; --%	;0	; --%	;Disminuir por100.0%	;0	; --%	;Disminuir por100.0%	;0	;Disminuir por100.0%	;Disminuir por100.0%	;0	; --%	; --%	;0	;Disminuir por100.0%	; --%	;
1700	;08/10 19:00 - 20:00	;0	; --%	; --%	;0	; --%	;Disminuir por100.0%	;0	; --%	; --%	;0	; --%	;Disminuir por100.0%	;0	;Disminuir por100.0%	;Disminuir por100.0%	;0	;Disminuir por100.0%	;Disminuir por100.0%	;0	; --%	; --%	;0	; --%	; --%	;
1701	;08/10 20:00 - 21:00	;0	; --%	; --%	;0	; --%	; --%	;0	; --%	; --%	;0	;Disminuir por100.0%	; --%	;0	; --%	;Disminuir por100.0%	;0	;Disminuir por100.0%	;Disminuir por100.0%	;0	; --%	; --%	;0	; --%	; --%	;
1702	;08/10 21:00 - 22:00	;0	; --%	; --%	;0	; --%	;Disminuir por100.0%	;0	; --%	; --%	;0	; --%	; --%	;0	; --%	; --%	;0	;Disminuir por100.0%	; --%	;0	; --%	; --%	;0	; --%	; --%	;
1703	;08/10 22:00 - 23:00	;0	; --%	; --%	;0	;Disminuir por100.0%	; --%	;0	; --%	; --%	;0	; --%	; --%	;0	; --%	; --%	;0	; --%	; --%	;0	; --%	; --%	;0	; --%	; --%	;
1704	;08/10 23:00 - 24:00	;0	; --%	; --%	;0	;Disminuir por100.0%	; --%	;0	; --%	; --%	;0	; --%	; --%	;0	; --%	; --%	;0	;Disminuir por100.0%	; --%	;0	; --%	; --%	;0	; --%	; --%	;
1705	;08/11 00:00 - 01:00	;0	; --%	; --%	;0	;Disminuir por100.0%	; --%	;0	; --%	; --%	;0	; --%	; --%	;0	; --%	; --%	;0	;Disminuir por100.0%	; --%	;0	; --%	; --%	;0	; --%	; --%	;
1706	;08/11 01:00 - 02:00	;0	; --%	; --%	;0	; --%	;Disminuir por100.0%	;0	; --%	; --%	;0	; --%	; --%	;0	; --%	; --%	;0	;Disminuir por100.0%	;Disminuir por100.0%	;0	; --%	; --%	;0	; --%	; --%	;
1707	;08/11 02:00 - 03:00	;0	; --%	; --%	;0	; --%	;Disminuir por100.0%	;0	; --%	; --%	;0	; --%	; --%	;0	; --%	; --%	;0	; --%	; --%	;0	; --%	; --%	;0	; --%	; --%	;
1708	;08/11 03:00 - 04:00	;0	; --%	; --%	;0	; --%	; --%	;0	; --%	; --%	;0	; --%	; --%	;0	; --%	;Disminuir por100.0%	;0	; --%	;Disminuir por100.0%	;0	; --%	; --%	;0	; --%	; --%	;
1709	;08/11 04:00 - 05:00	;0	; --%	; --%	;0	; --%	; --%	;0	; --%	; --%	;0	; --%	; --%	;0	; --%	; --%	;0	;Disminuir por100.0%	; --%	;0	; --%	; --%	;0	; --%	; --%	;
1710	;08/11 05:00 - 06:00	;0	; --%	; --%	;0	; --%	;Disminuir por100.0%	;0	; --%	; --%	;0	; --%	;Disminuir por100.0%	;0	; --%	; --%	;0	; --%	; --%	;0	; --%	; --%	;0	; --%	; --%	;
1711	;08/11 06:00 - 07:00	;0	; --%	; --%	;0	; --%	; --%	;0	; --%	; --%	;0	; --%	; --%	;0	; --%	; --%	;0	; --%	;Disminuir por100.0%	;0	; --%	; --%	;0	; --%	; --%	;
1712	;08/11 07:00 - 08:00	;0	; --%	; --%	;0	; --%	; --%	;0	; --%	;Disminuir por100.0%	;0	;Disminuir por100.0%	;Disminuir por100.0%	;0	;Disminuir por100.0%	; --%	;0	;Disminuir por100.0%	;Disminuir por100.0%	;0	; --%	; --%	;0	;Disminuir por100.0%	; --%	;
1713	;08/11 08:00 - 09:00	;0	; --%	; --%	;0	; --%	; --%	;0	; --%	; --%	;0	;Disminuir por100.0%	;Disminuir por100.0%	;0	;Disminuir por100.0%	; --%	;0	;Disminuir por100.0%	;Disminuir por100.0%	;0	;Disminuir por100.0%	; --%	;0	;Disminuir por100.0%	;Disminuir por100.0%	;
1714	;08/11 09:00 - 10:00	;0	; --%	; --%	;0	;Disminuir por100.0%	;Disminuir por100.0%	;0	; --%	; --%	;0	;Disminuir por100.0%	;Disminuir por100.0%	;0	; --%	; --%	;0	;Disminuir por100.0%	;Disminuir por100.0%	;0	; --%	; --%	;0	; --%	; --%	;
1715	;08/11 10:00 - 11:00	;0	; --%	; --%	;0	;Disminuir por100.0%	; --%	;0	; --%	; --%	;0	;Disminuir por100.0%	;Disminuir por100.0%	;0	; --%	; --%	;0	;Disminuir por100.0%	;Disminuir por100.0%	;0	; --%	;Disminuir por100.0%	;0	;Disminuir por100.0%	;Disminuir por100.0%	;
1716	;08/11 11:00 - 12:00	;0	; --%	;Disminuir por100.0%	;0	;Disminuir por100.0%	;Disminuir por100.0%	;0	; --%	;Disminuir por100.0%	;0	;Disminuir por100.0%	;Disminuir por100.0%	;0	; --%	;Disminuir por100.0%	;0	;Disminuir por100.0%	;Disminuir por100.0%	;0	; --%	;Disminuir por100.0%	;0	; --%	;Disminuir por100.0%	;
1717	;08/11 12:00 - 13:00	;0	; --%	; --%	;0	; --%	;Disminuir por100.0%	;0	;Disminuir por100.0%	;Disminuir por100.0%	;0	;Disminuir por100.0%	;Disminuir por100.0%	;0	;Disminuir por100.0%	; --%	;0	;Disminuir por100.0%	;Disminuir por100.0%	;0	; --%	; --%	;0	; --%	; --%	;
1718	;08/11 13:00 - 14:00	;0	; --%	; --%	;0	;Disminuir por100.0%	; --%	;0	; --%	; --%	;0	;Disminuir por100.0%	; --%	;0	;Disminuir por100.0%	; --%	;0	;Disminuir por100.0%	;Disminuir por100.0%	;0	; --%	; --%	;0	; --%	;Disminuir por100.0%	;
1719	;08/11 14:00 - 15:00	;0	;Disminuir por100.0%	; --%	;0	;Disminuir por100.0%	; --%	;0	; --%	; --%	;0	;Disminuir por100.0%	;Disminuir por100.0%	;0	; --%	;Disminuir por100.0%	;0	;Disminuir por100.0%	;Disminuir por100.0%	;0	; --%	; --%	;0	;Disminuir por100.0%	;Disminuir por100.0%	;
1720	;08/11 15:00 - 16:00	;0	; --%	; --%	;0	;Disminuir por100.0%	; --%	;0	; --%	; --%	;0	; --%	;Disminuir por100.0%	;0	;Disminuir por100.0%	;Disminuir por100.0%	;0	;Disminuir por100.0%	;Disminuir por100.0%	;0	; --%	; --%	;0	; --%	;Disminuir por100.0%	;
1721	;08/11 16:00 - 17:00	;0	; --%	; --%	;0	;Disminuir por100.0%	; --%	;0	;Disminuir por100.0%	; --%	;0	;Disminuir por100.0%	; --%	;0	;Disminuir por100.0%	; --%	;0	;Disminuir por100.0%	;Disminuir por100.0%	;0	; --%	; --%	;0	;Disminuir por100.0%	; --%	;
1722	;08/11 17:00 - 18:00	;0	; --%	; --%	;0	; --%	; --%	;0	; --%	; --%	;0	;Disminuir por100.0%	;Disminuir por100.0%	;0	; --%	;Disminuir por100.0%	;0	;Disminuir por100.0%	;Disminuir por100.0%	;0	; --%	; --%	;0	;Disminuir por100.0%	; --%	;
1723	;08/11 18:00 - 19:00	;0	; --%	; --%	;0	; --%	; --%	;0	; --%	; --%	;0	;Disminuir por100.0%	;Disminuir por100.0%	;0	; --%	; --%	;0	;Disminuir por100.0%	;Disminuir por100.0%	;0	; --%	; --%	;0	; --%	;Disminuir por100.0%	;
1724	;08/11 19:00 - 20:00	;0	; --%	; --%	;0	;Disminuir por100.0%	; --%	;0	; --%	; --%	;0	; --%	;Disminuir por100.0%	;0	;Disminuir por100.0%	; --%	;0	;Disminuir por100.0%	;Disminuir por100.0%	;0	; --%	; --%	;0	; --%	; --%	;
1725	;08/11 20:00 - 21:00	;0	; --%	; --%	;0	; --%	; --%	;0	; --%	; --%	;0	;Disminuir por100.0%	; --%	;0	;Disminuir por100.0%	; --%	;0	;Disminuir por100.0%	;Disminuir por100.0%	;0	; --%	; --%	;0	; --%	;Disminuir por100.0%	;
1726	;08/11 21:00 - 22:00	;0	; --%	; --%	;0	;Disminuir por100.0%	; --%	;0	; --%	; --%	;0	; --%	; --%	;0	; --%	; --%	;0	;Disminuir por100.0%	; --%	;0	; --%	; --%	;0	; --%	; --%	;
1727	;08/11 22:00 - 23:00	;0	; --%	; --%	;0	;Disminuir por100.0%	; --%	;0	; --%	; --%	;0	; --%	; --%	;0	; --%	; --%	;0	;Disminuir por100.0%	; --%	;0	; --%	; --%	;0	; --%	; --%	;
1728	;08/11 23:00 - 24:00	;0	; --%	; --%	;0	;Disminuir por100.0%	; --%	;0	; --%	; --%	;0	; --%	; --%	;0	; --%	; --%	;0	;Disminuir por100.0%	; --%	;0	; --%	; --%	;0	; --%	; --%	;
1729	;08/12 00:00 - 01:00	;0	; --%	; --%	;0	;Disminuir por100.0%	;Disminuir por100.0%	;0	; --%	; --%	;0	; --%	; --%	;0	; --%	; --%	;0	;Disminuir por100.0%	;Disminuir por100.0%	;0	; --%	; --%	;0	; --%	; --%	;
1730	;08/12 01:00 - 02:00	;0	; --%	; --%	;0	; --%	;Disminuir por100.0%	;0	; --%	; --%	;0	; --%	; --%	;0	; --%	; --%	;0	; --%	; --%	;0	; --%	; --%	;0	; --%	; --%	;
1731	;08/12 02:00 - 03:00	;0	; --%	; --%	;0	; --%	; --%	;0	; --%	; --%	;0	; --%	; --%	;0	; --%	; --%	;0	; --%	; --%	;0	; --%	; --%	;0	; --%	; --%	;
1732	;08/12 03:00 - 04:00	;0	; --%	; --%	;0	; --%	; --%	;0	; --%	; --%	;0	; --%	; --%	;0	; --%	;Disminuir por100.0%	;0	; --%	;Disminuir por100.0%	;0	; --%	; --%	;0	; --%	; --%	;
1733	;08/12 04:00 - 05:00	;0	; --%	; --%	;0	; --%	; --%	;0	; --%	; --%	;0	; --%	; --%	;0	; --%	; --%	;0	; --%	;Disminuir por100.0%	;0	; --%	; --%	;0	; --%	; --%	;
1734	;08/12 05:00 - 06:00	;0	; --%	; --%	;0	; --%	; --%	;0	; --%	; --%	;0	; --%	; --%	;0	; --%	; --%	;0	; --%	; --%	;0	; --%	; --%	;0	; --%	; --%	;
1735	;08/12 06:00 - 07:00	;0	; --%	; --%	;0	; --%	; --%	;0	; --%	; --%	;0	; --%	; --%	;0	; --%	;Disminuir por100.0%	;0	;Disminuir por100.0%	;Disminuir por100.0%	;0	; --%	; --%	;0	; --%	; --%	;
1736	;08/12 07:00 - 08:00	;0	; --%	; --%	;0	; --%	;Disminuir por100.0%	;0	; --%	; --%	;0	; --%	;Disminuir por100.0%	;0	;Disminuir por100.0%	;Disminuir por100.0%	;0	;Disminuir por100.0%	;Disminuir por100.0%	;0	; --%	; --%	;0	; --%	; --%	;
1737	;08/12 08:00 - 09:00	;0	; --%	; --%	;0	; --%	; --%	;0	; --%	;Disminuir por100.0%	;0	;Disminuir por100.0%	;Disminuir por100.0%	;0	; --%	; --%	;0	;Disminuir por100.0%	;Disminuir por100.0%	;0	;Disminuir por100.0%	;Disminuir por100.0%	;0	;Disminuir por100.0%	;Disminuir por100.0%	;
1738	;08/12 09:00 - 10:00	;0	; --%	; --%	;0	; --%	; --%	;0	;Disminuir por100.0%	;Disminuir por100.0%	;0	;Disminuir por100.0%	;Disminuir por100.0%	;0	;Disminuir por100.0%	;Disminuir por100.0%	;0	;Disminuir por100.0%	;Disminuir por100.0%	;0	; --%	;Disminuir por100.0%	;0	; --%	;Disminuir por100.0%	;
1739	;08/12 10:00 - 11:00	;0	; --%	; --%	;0	;Disminuir por100.0%	; --%	;0	; --%	;Disminuir por100.0%	;0	;Disminuir por100.0%	;Disminuir por100.0%	;0	; --%	;Disminuir por100.0%	;0	;Disminuir por100.0%	;Disminuir por100.0%	;0	; --%	;Disminuir por100.0%	;0	;Disminuir por100.0%	;Disminuir por100.0%	;
1740	;08/12 11:00 - 12:00	;0	; --%	; --%	;0	; --%	; --%	;0	;Disminuir por100.0%	;Disminuir por100.0%	;0	;Disminuir por100.0%	;Disminuir por100.0%	;0	;Disminuir por100.0%	; --%	;0	;Disminuir por100.0%	;Disminuir por100.0%	;0	; --%	;Disminuir por100.0%	;0	;Disminuir por100.0%	;Disminuir por100.0%	;
1741	;08/12 12:00 - 13:00	;0	; --%	; --%	;0	; --%	; --%	;0	; --%	;Disminuir por100.0%	;0	;Disminuir por100.0%	;Disminuir por100.0%	;0	;Disminuir por100.0%	;Disminuir por100.0%	;0	;Disminuir por100.0%	;Disminuir por100.0%	;0	; --%	; --%	;0	;Disminuir por100.0%	;Disminuir por100.0%	;
1742	;08/12 13:00 - 14:00	;0	; --%	; --%	;0	; --%	;Disminuir por100.0%	;0	; --%	;Disminuir por100.0%	;0	;Disminuir por100.0%	;Disminuir por100.0%	;0	; --%	;Disminuir por100.0%	;0	;Disminuir por100.0%	;Disminuir por100.0%	;0	; --%	; --%	;0	;Disminuir por100.0%	;Disminuir por100.0%	;
1743	;08/12 14:00 - 15:00	;0	; --%	;Disminuir por100.0%	;0	;Disminuir por100.0%	;Disminuir por100.0%	;0	; --%	; --%	;0	; --%	;Disminuir por100.0%	;0	; --%	;Disminuir por100.0%	;0	;Disminuir por100.0%	;Disminuir por100.0%	;0	;Disminuir por100.0%	; --%	;0	;Disminuir por100.0%	;Disminuir por100.0%	;
1744	;08/12 15:00 - 16:00	;0	; --%	; --%	;0	;Disminuir por100.0%	;Disminuir por100.0%	;0	; --%	; --%	;0	;Disminuir por100.0%	;Disminuir por100.0%	;0	;Disminuir por100.0%	;Disminuir por100.0%	;0	;Disminuir por100.0%	;Disminuir por100.0%	;0	; --%	; --%	;0	; --%	; --%	;
1745	;08/12 16:00 - 17:00	;0	; --%	; --%	;0	; --%	; --%	;0	; --%	; --%	;0	;Disminuir por100.0%	;Disminuir por100.0%	;0	;Disminuir por100.0%	; --%	;0	;Disminuir por100.0%	;Disminuir por100.0%	;0	; --%	;Disminuir por100.0%	;0	;Disminuir por100.0%	;Disminuir por100.0%	;
1746	;08/12 17:00 - 18:00	;0	; --%	; --%	;0	; --%	; --%	;0	;Disminuir por100.0%	; --%	;0	;Disminuir por100.0%	; --%	;0	; --%	; --%	;0	;Disminuir por100.0%	;Disminuir por100.0%	;0	; --%	; --%	;0	; --%	;Disminuir por100.0%	;
1747	;08/12 18:00 - 19:00	;0	; --%	; --%	;0	; --%	;Disminuir por100.0%	;0	; --%	; --%	;0	;Disminuir por100.0%	;Disminuir por100.0%	;0	; --%	;Disminuir por100.0%	;0	;Disminuir por100.0%	;Disminuir por100.0%	;0	; --%	; --%	;0	;Disminuir por100.0%	; --%	;
1748	;08/12 19:00 - 20:00	;0	; --%	; --%	;0	; --%	; --%	;0	; --%	; --%	;0	;Disminuir por100.0%	;Disminuir por100.0%	;0	;Disminuir por100.0%	; --%	;0	;Disminuir por100.0%	;Disminuir por100.0%	;0	; --%	; --%	;0	; --%	;Disminuir por100.0%	;
1749	;08/12 20:00 - 21:00	;0	; --%	; --%	;0	; --%	; --%	;0	; --%	; --%	;0	;Disminuir por100.0%	; --%	;0	;Disminuir por100.0%	;Disminuir por100.0%	;0	;Disminuir por100.0%	;Disminuir por100.0%	;0	; --%	; --%	;0	; --%	; --%	;
1750	;08/12 21:00 - 22:00	;0	; --%	; --%	;0	;Disminuir por100.0%	; --%	;0	; --%	; --%	;0	; --%	; --%	;0	; --%	; --%	;0	;Disminuir por100.0%	; --%	;0	; --%	; --%	;0	; --%	; --%	;
1751	;08/12 22:00 - 23:00	;0	; --%	; --%	;0	; --%	;Disminuir por100.0%	;0	; --%	; --%	;0	; --%	; --%	;0	; --%	; --%	;0	;Disminuir por100.0%	;Disminuir por100.0%	;0	; --%	; --%	;0	; --%	; --%	;
1752	;08/12 23:00 - 24:00	;0	; --%	; --%	;0	;Disminuir por100.0%	; --%	;0	; --%	; --%	;0	;Disminuir por100.0%	; --%	;0	; --%	; --%	;0	;Disminuir por100.0%	; --%	;0	; --%	; --%	;0	; --%	; --%	;
1753	;08/13 00:00 - 01:00	;0	; --%	; --%	;0	; --%	;Disminuir por100.0%	;0	; --%	; --%	;0	; --%	; --%	;0	; --%	; --%	;0	; --%	; --%	;0	; --%	; --%	;0	; --%	; --%	;
1754	;08/13 01:00 - 02:00	;0	; --%	; --%	;0	; --%	;Disminuir por100.0%	;0	; --%	; --%	;0	; --%	; --%	;0	; --%	; --%	;0	; --%	; --%	;0	; --%	; --%	;0	; --%	; --%	;
1755	;08/13 02:00 - 03:00	;0	; --%	; --%	;0	; --%	; --%	;0	; --%	; --%	;0	; --%	; --%	;0	; --%	; --%	;0	; --%	; --%	;0	; --%	; --%	;0	; --%	; --%	;
1756	;08/13 03:00 - 04:00	;0	; --%	; --%	;0	; --%	; --%	;0	; --%	; --%	;0	;Disminuir por100.0%	; --%	;0	; --%	;Disminuir por100.0%	;0	; --%	;Disminuir por100.0%	;0	; --%	; --%	;0	; --%	; --%	;
1757	;08/13 04:00 - 05:00	;0	; --%	; --%	;0	; --%	; --%	;0	; --%	; --%	;0	; --%	; --%	;0	; --%	; --%	;0	; --%	;Disminuir por100.0%	;0	; --%	; --%	;0	; --%	; --%	;
1758	;08/13 05:00 - 06:00	;0	; --%	; --%	;0	; --%	; --%	;0	; --%	; --%	;0	; --%	; --%	;0	; --%	; --%	;0	; --%	; --%	;0	; --%	; --%	;0	; --%	; --%	;
1759	;08/13 06:00 - 07:00	;0	; --%	; --%	;0	; --%	; --%	;0	; --%	; --%	;0	; --%	; --%	;0	;Disminuir por100.0%	; --%	;0	;Disminuir por100.0%	; --%	;0	; --%	; --%	;0	; --%	;Disminuir por100.0%	;
1760	;08/13 07:00 - 08:00	;0	; --%	; --%	;0	; --%	; --%	;0	; --%	; --%	;0	;Disminuir por100.0%	;Disminuir por100.0%	;0	;Disminuir por100.0%	;Disminuir por100.0%	;0	;Disminuir por100.0%	;Disminuir por100.0%	;0	; --%	; --%	;0	; --%	; --%	;
1761	;08/13 08:00 - 09:00	;0	; --%	; --%	;0	; --%	; --%	;0	; --%	;Disminuir por100.0%	;0	;Disminuir por100.0%	;Disminuir por100.0%	;0	;Disminuir por100.0%	; --%	;0	;Disminuir por100.0%	;Disminuir por100.0%	;0	; --%	;Disminuir por100.0%	;0	;Disminuir por100.0%	;Disminuir por100.0%	;
1762	;08/13 09:00 - 10:00	;0	; --%	; --%	;0	;Disminuir por100.0%	; --%	;0	; --%	; --%	;0	;Disminuir por100.0%	;Disminuir por100.0%	;0	;Disminuir por100.0%	; --%	;0	;Disminuir por100.0%	;Disminuir por100.0%	;0	; --%	; --%	;0	;Disminuir por100.0%	;Disminuir por100.0%	;
1763	;08/13 10:00 - 11:00	;0	; --%	; --%	;0	; --%	; --%	;0	;Disminuir por100.0%	;Disminuir por100.0%	;0	;Disminuir por100.0%	;Disminuir por100.0%	;0	; --%	;Disminuir por100.0%	;0	;Disminuir por100.0%	;Disminuir por100.0%	;0	; --%	;Disminuir por100.0%	;0	;Disminuir por100.0%	;Disminuir por100.0%	;
1764	;08/13 11:00 - 12:00	;0	; --%	; --%	;0	; --%	; --%	;0	; --%	;Disminuir por100.0%	;0	;Disminuir por100.0%	;Disminuir por100.0%	;0	; --%	;Disminuir por100.0%	;0	;Disminuir por100.0%	;Disminuir por100.0%	;0	; --%	; --%	;0	;Disminuir por100.0%	; --%	;
1765	;08/13 12:00 - 13:00	;0	; --%	; --%	;0	;Disminuir por100.0%	; --%	;0	;Disminuir por100.0%	; --%	;0	;Disminuir por100.0%	;Disminuir por100.0%	;0	; --%	;Disminuir por100.0%	;0	;Disminuir por100.0%	;Disminuir por100.0%	;0	; --%	; --%	;0	;Disminuir por100.0%	;Disminuir por100.0%	;
1766	;08/13 13:00 - 14:00	;0	; --%	; --%	;0	;Disminuir por100.0%	; --%	;0	; --%	;Disminuir por100.0%	;0	;Disminuir por100.0%	;Disminuir por100.0%	;0	; --%	;Disminuir por100.0%	;0	;Disminuir por100.0%	;Disminuir por100.0%	;0	; --%	;Disminuir por100.0%	;0	;Disminuir por100.0%	;Disminuir por100.0%	;
1767	;08/13 14:00 - 15:00	;0	; --%	; --%	;0	;Disminuir por100.0%	;Disminuir por100.0%	;0	;Disminuir por100.0%	; --%	;0	;Disminuir por100.0%	;Disminuir por100.0%	;0	; --%	; --%	;0	;Disminuir por100.0%	;Disminuir por100.0%	;0	; --%	; --%	;0	; --%	;Disminuir por100.0%	;
1768	;08/13 15:00 - 16:00	;0	; --%	; --%	;0	;Disminuir por100.0%	; --%	;0	; --%	; --%	;0	;Disminuir por100.0%	; --%	;0	;Disminuir por100.0%	; --%	;0	;Disminuir por100.0%	;Disminuir por100.0%	;0	; --%	; --%	;0	; --%	; --%	;
1769	;08/13 16:00 - 17:00	;0	; --%	; --%	;0	;Disminuir por100.0%	; --%	;0	; --%	; --%	;0	;Disminuir por100.0%	; --%	;0	; --%	;Disminuir por100.0%	;0	;Disminuir por100.0%	;Disminuir por100.0%	;0	; --%	; --%	;0	; --%	;Disminuir por100.0%	;
1770	;08/13 17:00 - 18:00	;0	; --%	; --%	;0	; --%	; --%	;0	; --%	; --%	;0	;Disminuir por100.0%	; --%	;0	; --%	;Disminuir por100.0%	;0	;Disminuir por100.0%	;Disminuir por100.0%	;0	;Disminuir por100.0%	;Disminuir por100.0%	;0	;Disminuir por100.0%	;Disminuir por100.0%	;
1771	;08/13 18:00 - 19:00	;0	; --%	; --%	;0	;Disminuir por100.0%	; --%	;0	; --%	; --%	;0	; --%	; --%	;0	; --%	; --%	;0	;Disminuir por100.0%	;Disminuir por100.0%	;0	; --%	; --%	;0	;Disminuir por100.0%	; --%	;
1772	;08/13 19:00 - 20:00	;0	;Disminuir por100.0%	; --%	;0	;Disminuir por100.0%	; --%	;0	; --%	; --%	;0	; --%	; --%	;0	;Disminuir por100.0%	; --%	;0	;Disminuir por100.0%	;Disminuir por100.0%	;0	; --%	; --%	;0	; --%	; --%	;
1773	;08/13 20:00 - 21:00	;0	; --%	; --%	;0	; --%	; --%	;0	; --%	; --%	;0	;Disminuir por100.0%	;Disminuir por100.0%	;0	; --%	;Disminuir por100.0%	;0	;Disminuir por100.0%	;Disminuir por100.0%	;0	; --%	; --%	;0	; --%	; --%	;
1774	;08/13 21:00 - 22:00	;0	; --%	; --%	;0	; --%	; --%	;0	; --%	; --%	;0	; --%	; --%	;0	; --%	;Disminuir por100.0%	;0	;Disminuir por100.0%	;Disminuir por100.0%	;0	; --%	; --%	;0	; --%	; --%	;
1775	;08/13 22:00 - 23:00	;0	; --%	; --%	;0	; --%	;Disminuir por100.0%	;0	; --%	; --%	;0	;Disminuir por100.0%	; --%	;0	; --%	; --%	;0	;Disminuir por100.0%	; --%	;0	; --%	; --%	;0	; --%	; --%	;
1776	;08/13 23:00 - 24:00	;0	; --%	; --%	;0	;Disminuir por100.0%	; --%	;0	; --%	; --%	;0	; --%	; --%	;0	;Disminuir por100.0%	; --%	;0	;Disminuir por100.0%	;Disminuir por100.0%	;0	; --%	; --%	;0	; --%	; --%	;
1777	;08/14 00:00 - 01:00	;0	; --%	; --%	;0	; --%	;Disminuir por100.0%	;0	; --%	; --%	;0	; --%	; --%	;0	; --%	; --%	;0	;Disminuir por100.0%	;Disminuir por100.0%	;0	; --%	; --%	;0	; --%	; --%	;
1778	;08/14 01:00 - 02:00	;0	; --%	; --%	;0	; --%	;Disminuir por100.0%	;0	; --%	; --%	;0	; --%	; --%	;0	; --%	; --%	;0	; --%	; --%	;0	; --%	; --%	;0	; --%	; --%	;
1779	;08/14 02:00 - 03:00	;0	; --%	; --%	;0	; --%	; --%	;0	; --%	; --%	;0	; --%	; --%	;0	; --%	; --%	;0	; --%	;Disminuir por100.0%	;0	; --%	; --%	;0	; --%	;Disminuir por100.0%	;
1780	;08/14 03:00 - 04:00	;0	; --%	; --%	;0	; --%	; --%	;0	; --%	; --%	;0	; --%	; --%	;0	; --%	;Disminuir por100.0%	;0	; --%	;Disminuir por100.0%	;0	; --%	; --%	;0	; --%	; --%	;
1781	;08/14 04:00 - 05:00	;0	; --%	; --%	;0	; --%	; --%	;0	; --%	; --%	;0	; --%	; --%	;0	; --%	; --%	;0	; --%	; --%	;0	; --%	; --%	;0	; --%	; --%	;
1782	;08/14 05:00 - 06:00	;0	; --%	; --%	;0	; --%	;Disminuir por100.0%	;0	; --%	; --%	;0	; --%	; --%	;0	; --%	; --%	;0	; --%	; --%	;0	; --%	; --%	;0	; --%	; --%	;
1783	;08/14 06:00 - 07:00	;0	; --%	; --%	;0	; --%	; --%	;0	; --%	; --%	;0	; --%	; --%	;0	; --%	; --%	;0	;Disminuir por100.0%	; --%	;0	; --%	; --%	;0	;Disminuir por100.0%	; --%	;
1784	;08/14 07:00 - 08:00	;0	; --%	; --%	;0	; --%	; --%	;0	; --%	; --%	;0	;Disminuir por100.0%	;Disminuir por100.0%	;0	;Disminuir por100.0%	;Disminuir por100.0%	;0	;Disminuir por100.0%	;Disminuir por100.0%	;0	; --%	; --%	;0	;Disminuir por100.0%	;Disminuir por100.0%	;
1785	;08/14 08:00 - 09:00	;0	; --%	; --%	;0	; --%	; --%	;0	; --%	;Disminuir por100.0%	;0	;Disminuir por100.0%	;Disminuir por100.0%	;0	;Disminuir por100.0%	; --%	;0	;Disminuir por100.0%	;Disminuir por100.0%	;0	;Disminuir por100.0%	; --%	;0	;Disminuir por100.0%	;Disminuir por100.0%	;
1786	;08/14 09:00 - 10:00	;0	; --%	; --%	;0	; --%	; --%	;0	;Disminuir por100.0%	; --%	;0	;Disminuir por100.0%	;Disminuir por100.0%	;0	;Disminuir por100.0%	; --%	;0	;Disminuir por100.0%	;Disminuir por100.0%	;0	; --%	; --%	;0	;Disminuir por100.0%	;Disminuir por100.0%	;
1787	;08/14 10:00 - 11:00	;0	; --%	; --%	;0	;Disminuir por100.0%	; --%	;0	; --%	;Disminuir por100.0%	;0	;Disminuir por100.0%	;Disminuir por100.0%	;0	;Disminuir por100.0%	;Disminuir por100.0%	;0	;Disminuir por100.0%	;Disminuir por100.0%	;0	; --%	;Disminuir por100.0%	;0	;Disminuir por100.0%	;Disminuir por100.0%	;
1788	;08/14 11:00 - 12:00	;0	; --%	; --%	;0	; --%	; --%	;0	;Disminuir por100.0%	;Disminuir por100.0%	;0	;Disminuir por100.0%	;Disminuir por100.0%	;0	;Disminuir por100.0%	;Disminuir por100.0%	;0	;Disminuir por100.0%	;Disminuir por100.0%	;0	;Disminuir por100.0%	;Disminuir por100.0%	;0	;Disminuir por100.0%	;Disminuir por100.0%	;
1789	;08/14 12:00 - 13:00	;0	; --%	; --%	;0	; --%	; --%	;0	;Disminuir por100.0%	;Disminuir por100.0%	;0	;Disminuir por100.0%	;Disminuir por100.0%	;0	;Disminuir por100.0%	;Disminuir por100.0%	;0	;Disminuir por100.0%	;Disminuir por100.0%	;0	; --%	; --%	;0	;Disminuir por100.0%	;Disminuir por100.0%	;
1790	;08/14 13:00 - 14:00	;0	; --%	;Disminuir por100.0%	;0	; --%	;Disminuir por100.0%	;0	;Disminuir por100.0%	;Disminuir por100.0%	;0	;Disminuir por100.0%	;Disminuir por100.0%	;0	;Disminuir por100.0%	;Disminuir por100.0%	;0	;Disminuir por100.0%	;Disminuir por100.0%	;0	; --%	;Disminuir por100.0%	;0	;Disminuir por100.0%	;Disminuir por100.0%	;
1791	;08/14 14:00 - 15:00	;0	; --%	; --%	;0	;Disminuir por100.0%	;Disminuir por100.0%	;0	; --%	; --%	;0	;Disminuir por100.0%	; --%	;0	;Disminuir por100.0%	;Disminuir por100.0%	;0	;Disminuir por100.0%	;Disminuir por100.0%	;0	; --%	; --%	;0	;Disminuir por100.0%	;Disminuir por100.0%	;
1792	;08/14 15:00 - 16:00	;0	; --%	; --%	;0	; --%	;Disminuir por100.0%	;0	; --%	; --%	;0	;Disminuir por100.0%	; --%	;0	;Disminuir por100.0%	;Disminuir por100.0%	;0	;Disminuir por100.0%	;Disminuir por100.0%	;0	; --%	; --%	;0	; --%	;Disminuir por100.0%	;
1793	;08/14 16:00 - 17:00	;0	; --%	; --%	;0	; --%	; --%	;0	; --%	; --%	;0	;Disminuir por100.0%	; --%	;0	; --%	; --%	;0	;Disminuir por100.0%	;Disminuir por100.0%	;0	; --%	; --%	;0	; --%	; --%	;
1794	;08/14 17:00 - 18:00	;0	; --%	; --%	;0	; --%	; --%	;0	; --%	; --%	;0	;Disminuir por100.0%	; --%	;0	; --%	;Disminuir por100.0%	;0	;Disminuir por100.0%	;Disminuir por100.0%	;0	;Disminuir por100.0%	; --%	;0	;Disminuir por100.0%	;Disminuir por100.0%	;
1795	;08/14 18:00 - 19:00	;0	; --%	; --%	;0	;Disminuir por100.0%	; --%	;0	; --%	; --%	;0	; --%	;Disminuir por100.0%	;0	; --%	;Disminuir por100.0%	;0	;Disminuir por100.0%	;Disminuir por100.0%	;0	; --%	; --%	;0	;Disminuir por100.0%	; --%	;
1796	;08/14 19:00 - 20:00	;0	; --%	; --%	;0	; --%	;Disminuir por100.0%	;0	; --%	; --%	;0	;Disminuir por100.0%	; --%	;0	; --%	; --%	;0	;Disminuir por100.0%	;Disminuir por100.0%	;0	; --%	;Disminuir por100.0%	;0	; --%	;Disminuir por100.0%	;
1797	;08/14 20:00 - 21:00	;0	; --%	; --%	;0	; --%	; --%	;0	; --%	; --%	;0	;Disminuir por100.0%	; --%	;0	; --%	; --%	;0	;Disminuir por100.0%	;Disminuir por100.0%	;0	; --%	; --%	;0	; --%	; --%	;
1798	;08/14 21:00 - 22:00	;0	; --%	; --%	;0	; --%	; --%	;0	; --%	; --%	;0	; --%	;Disminuir por100.0%	;0	;Disminuir por100.0%	; --%	;0	;Disminuir por100.0%	;Disminuir por100.0%	;0	; --%	; --%	;0	; --%	; --%	;
1799	;08/14 22:00 - 23:00	;0	; --%	; --%	;0	; --%	; --%	;0	; --%	; --%	;0	; --%	; --%	;0	; --%	; --%	;0	;Disminuir por100.0%	; --%	;0	; --%	; --%	;0	; --%	;Disminuir por100.0%	;
1800	;08/14 23:00 - 24:00	;0	; --%	; --%	;0	; --%	; --%	;0	; --%	; --%	;0	;Disminuir por100.0%	; --%	;0	; --%	; --%	;0	;Disminuir por100.0%	;Disminuir por100.0%	;0	; --%	; --%	;0	; --%	; --%	;
1801	;08/15 00:00 - 01:00	;0	; --%	; --%	;0	;Disminuir por100.0%	;Disminuir por100.0%	;0	; --%	; --%	;0	; --%	; --%	;0	; --%	; --%	;0	;Disminuir por100.0%	;Disminuir por100.0%	;0	; --%	; --%	;0	; --%	; --%	;
1802	;08/15 01:00 - 02:00	;0	; --%	; --%	;0	; --%	; --%	;0	; --%	; --%	;0	; --%	; --%	;0	; --%	; --%	;0	; --%	; --%	;0	; --%	; --%	;0	; --%	; --%	;
1803	;08/15 02:00 - 03:00	;0	; --%	; --%	;0	; --%	;Disminuir por100.0%	;0	; --%	; --%	;0	; --%	; --%	;0	; --%	; --%	;0	; --%	; --%	;0	; --%	; --%	;0	; --%	; --%	;
1804	;08/15 03:00 - 04:00	;0	; --%	; --%	;0	; --%	; --%	;0	; --%	; --%	;0	; --%	; --%	;0	; --%	; --%	;0	; --%	; --%	;0	; --%	; --%	;0	; --%	; --%	;
1805	;08/15 04:00 - 05:00	;0	; --%	; --%	;0	; --%	; --%	;0	; --%	; --%	;0	; --%	; --%	;0	; --%	;Disminuir por100.0%	;0	; --%	;Disminuir por100.0%	;0	; --%	; --%	;0	; --%	; --%	;
1806	;08/15 05:00 - 06:00	;0	; --%	; --%	;0	; --%	; --%	;0	; --%	; --%	;0	; --%	; --%	;0	; --%	;Disminuir por100.0%	;0	; --%	;Disminuir por100.0%	;0	; --%	; --%	;0	; --%	; --%	;
1807	;08/15 06:00 - 07:00	;0	; --%	; --%	;0	; --%	; --%	;0	; --%	; --%	;0	; --%	; --%	;0	; --%	; --%	;0	; --%	; --%	;0	; --%	; --%	;0	;Disminuir por100.0%	; --%	;
1808	;08/15 07:00 - 08:00	;0	; --%	; --%	;0	; --%	; --%	;0	; --%	; --%	;0	; --%	; --%	;0	; --%	;Disminuir por100.0%	;0	;Disminuir por100.0%	;Disminuir por100.0%	;0	; --%	; --%	;0	; --%	; --%	;
1809	;08/15 08:00 - 09:00	;0	; --%	; --%	;0	; --%	; --%	;0	;Disminuir por100.0%	; --%	;0	;Disminuir por100.0%	;Disminuir por100.0%	;0	;Disminuir por100.0%	; --%	;0	;Disminuir por100.0%	;Disminuir por100.0%	;0	;Disminuir por100.0%	; --%	;0	;Disminuir por100.0%	;Disminuir por100.0%	;
1810	;08/15 09:00 - 10:00	;0	; --%	; --%	;0	; --%	;Disminuir por100.0%	;0	; --%	;Disminuir por100.0%	;0	;Disminuir por100.0%	;Disminuir por100.0%	;0	; --%	; --%	;0	;Disminuir por100.0%	;Disminuir por100.0%	;0	; --%	; --%	;0	; --%	;Disminuir por100.0%	;
1811	;08/15 10:00 - 11:00	;0	; --%	; --%	;0	; --%	;Disminuir por100.0%	;0	;Disminuir por100.0%	; --%	;0	;Disminuir por100.0%	;Disminuir por100.0%	;0	;Disminuir por100.0%	;Disminuir por100.0%	;0	;Disminuir por100.0%	;Disminuir por100.0%	;0	;Disminuir por100.0%	;Disminuir por100.0%	;0	;Disminuir por100.0%	;Disminuir por100.0%	;
1812	;08/15 11:00 - 12:00	;0	; --%	; --%	;0	;Disminuir por100.0%	;Disminuir por100.0%	;0	; --%	; --%	;0	;Disminuir por100.0%	;Disminuir por100.0%	;0	;Disminuir por100.0%	;Disminuir por100.0%	;0	;Disminuir por100.0%	;Disminuir por100.0%	;0	; --%	;Disminuir por100.0%	;0	;Disminuir por100.0%	;Disminuir por100.0%	;
1813	;08/15 12:00 - 13:00	;0	; --%	; --%	;0	; --%	; --%	;0	; --%	;Disminuir por100.0%	;0	;Disminuir por100.0%	;Disminuir por100.0%	;0	;Disminuir por100.0%	;Disminuir por100.0%	;0	;Disminuir por100.0%	;Disminuir por100.0%	;0	; --%	; --%	;0	; --%	; --%	;
1814	;08/15 13:00 - 14:00	;0	; --%	; --%	;0	; --%	; --%	;0	;Disminuir por100.0%	; --%	;0	;Disminuir por100.0%	;Disminuir por100.0%	;0	; --%	; --%	;0	;Disminuir por100.0%	;Disminuir por100.0%	;0	; --%	; --%	;0	; --%	;Disminuir por100.0%	;
1815	;08/15 14:00 - 15:00	;0	; --%	; --%	;0	;Disminuir por100.0%	;Disminuir por100.0%	;0	; --%	; --%	;0	;Disminuir por100.0%	;Disminuir por100.0%	;0	;Disminuir por100.0%	; --%	;0	;Disminuir por100.0%	;Disminuir por100.0%	;0	; --%	; --%	;0	; --%	;Disminuir por100.0%	;
1816	;08/15 15:00 - 16:00	;0	; --%	; --%	;0	; --%	;Disminuir por100.0%	;0	;Disminuir por100.0%	; --%	;0	;Disminuir por100.0%	; --%	;0	;Disminuir por100.0%	; --%	;0	;Disminuir por100.0%	;Disminuir por100.0%	;0	; --%	; --%	;0	; --%	; --%	;
1817	;08/15 16:00 - 17:00	;0	; --%	; --%	;0	; --%	;Disminuir por100.0%	;0	; --%	; --%	;0	;Disminuir por100.0%	;Disminuir por100.0%	;0	;Disminuir por100.0%	; --%	;0	;Disminuir por100.0%	;Disminuir por100.0%	;0	; --%	; --%	;0	;Disminuir por100.0%	;Disminuir por100.0%	;
1818	;08/15 17:00 - 18:00	;0	; --%	; --%	;0	; --%	; --%	;0	; --%	; --%	;0	;Disminuir por100.0%	;Disminuir por100.0%	;0	; --%	; --%	;0	;Disminuir por100.0%	;Disminuir por100.0%	;0	; --%	; --%	;0	; --%	;Disminuir por100.0%	;
1819	;08/15 18:00 - 19:00	;0	; --%	; --%	;0	;Disminuir por100.0%	; --%	;0	; --%	; --%	;0	;Disminuir por100.0%	;Disminuir por100.0%	;0	;Disminuir por100.0%	;Disminuir por100.0%	;0	;Disminuir por100.0%	;Disminuir por100.0%	;0	;Disminuir por100.0%	; --%	;0	;Disminuir por100.0%	; --%	;
1820	;08/15 19:00 - 20:00	;0	; --%	; --%	;0	; --%	; --%	;0	; --%	; --%	;0	;Disminuir por100.0%	; --%	;0	; --%	; --%	;0	;Disminuir por100.0%	; --%	;0	; --%	; --%	;0	; --%	; --%	;
1821	;08/15 20:00 - 21:00	;0	; --%	; --%	;0	; --%	; --%	;0	; --%	; --%	;0	;Disminuir por100.0%	; --%	;0	; --%	; --%	;0	;Disminuir por100.0%	;Disminuir por100.0%	;0	; --%	; --%	;0	;Disminuir por100.0%	; --%	;
1822	;08/15 21:00 - 22:00	;0	; --%	; --%	;0	;Disminuir por100.0%	; --%	;0	; --%	; --%	;0	;Disminuir por100.0%	; --%	;0	; --%	;Disminuir por100.0%	;0	;Disminuir por100.0%	;Disminuir por100.0%	;0	; --%	; --%	;0	; --%	; --%	;
1823	;08/15 22:00 - 23:00	;0	; --%	; --%	;0	;Disminuir por100.0%	; --%	;0	; --%	; --%	;0	; --%	; --%	;0	; --%	; --%	;0	;Disminuir por100.0%	;Disminuir por100.0%	;0	; --%	; --%	;0	; --%	; --%	;
1824	;08/15 23:00 - 24:00	;0	; --%	; --%	;0	;Disminuir por100.0%	; --%	;0	; --%	; --%	;0	; --%	; --%	;0	;Disminuir por100.0%	; --%	;0	;Disminuir por100.0%	; --%	;0	; --%	; --%	;0	; --%	; --%	;
1825	;08/16 00:00 - 01:00	;0	; --%	; --%	;0	;Disminuir por100.0%	;Disminuir por100.0%	;0	; --%	; --%	;0	; --%	; --%	;0	; --%	; --%	;0	;Disminuir por100.0%	;Disminuir por100.0%	;0	; --%	; --%	;0	; --%	; --%	;
1826	;08/16 01:00 - 02:00	;0	; --%	; --%	;0	; --%	;Disminuir por100.0%	;0	; --%	; --%	;0	; --%	; --%	;0	; --%	; --%	;0	; --%	; --%	;0	; --%	; --%	;0	; --%	; --%	;
1827	;08/16 02:00 - 03:00	;0	; --%	; --%	;0	; --%	;Disminuir por100.0%	;0	; --%	; --%	;0	; --%	; --%	;0	; --%	;Disminuir por100.0%	;0	; --%	;Disminuir por100.0%	;0	; --%	; --%	;0	; --%	; --%	;
1828	;08/16 03:00 - 04:00	;0	; --%	; --%	;0	; --%	;Disminuir por100.0%	;0	; --%	; --%	;0	; --%	; --%	;0	; --%	;Disminuir por100.0%	;0	; --%	;Disminuir por100.0%	;0	; --%	; --%	;0	; --%	; --%	;
1829	;08/16 04:00 - 05:00	;0	; --%	; --%	;0	; --%	; --%	;0	; --%	; --%	;0	; --%	; --%	;0	; --%	; --%	;0	; --%	; --%	;0	; --%	; --%	;0	; --%	; --%	;
1830	;08/16 05:00 - 06:00	;0	; --%	; --%	;0	; --%	; --%	;0	; --%	; --%	;0	; --%	; --%	;0	; --%	; --%	;0	; --%	; --%	;0	; --%	; --%	;0	; --%	; --%	;
1831	;08/16 06:00 - 07:00	;0	; --%	; --%	;0	; --%	; --%	;0	; --%	; --%	;0	;Disminuir por100.0%	; --%	;0	; --%	; --%	;0	; --%	; --%	;0	; --%	; --%	;0	;Disminuir por100.0%	; --%	;
1832	;08/16 07:00 - 08:00	;0	; --%	; --%	;0	; --%	; --%	;0	; --%	; --%	;0	;Disminuir por100.0%	; --%	;0	; --%	; --%	;0	;Disminuir por100.0%	; --%	;0	; --%	;Disminuir por100.0%	;0	; --%	;Disminuir por100.0%	;
1833	;08/16 08:00 - 09:00	;0	; --%	; --%	;0	; --%	; --%	;0	; --%	; --%	;0	;Disminuir por100.0%	;Disminuir por100.0%	;0	;Disminuir por100.0%	; --%	;0	;Disminuir por100.0%	;Disminuir por100.0%	;0	;Disminuir por100.0%	;Disminuir por100.0%	;0	;Disminuir por100.0%	;Disminuir por100.0%	;
1834	;08/16 09:00 - 10:00	;0	; --%	; --%	;0	; --%	; --%	;0	; --%	; --%	;0	;Disminuir por100.0%	;Disminuir por100.0%	;0	;Disminuir por100.0%	;Disminuir por100.0%	;0	;Disminuir por100.0%	;Disminuir por100.0%	;0	; --%	; --%	;0	;Disminuir por100.0%	;Disminuir por100.0%	;
1835	;08/16 10:00 - 11:00	;0	; --%	; --%	;0	;Disminuir por100.0%	; --%	;0	; --%	; --%	;0	;Disminuir por100.0%	;Disminuir por100.0%	;0	; --%	;Disminuir por100.0%	;0	;Disminuir por100.0%	;Disminuir por100.0%	;0	; --%	;Disminuir por100.0%	;0	;Disminuir por100.0%	;Disminuir por100.0%	;
1836	;08/16 11:00 - 12:00	;0	; --%	; --%	;0	;Disminuir por100.0%	; --%	;0	; --%	; --%	;0	;Disminuir por100.0%	;Disminuir por100.0%	;0	; --%	;Disminuir por100.0%	;0	;Disminuir por100.0%	;Disminuir por100.0%	;0	; --%	; --%	;0	;Disminuir por100.0%	; --%	;
1837	;08/16 12:00 - 13:00	;0	; --%	; --%	;0	;Disminuir por100.0%	; --%	;0	;Disminuir por100.0%	; --%	;0	;Disminuir por100.0%	;Disminuir por100.0%	;0	;Disminuir por100.0%	;Disminuir por100.0%	;0	;Disminuir por100.0%	;Disminuir por100.0%	;0	; --%	; --%	;0	;Disminuir por100.0%	;Disminuir por100.0%	;
1838	;08/16 13:00 - 14:00	;0	; --%	; --%	;0	; --%	;Disminuir por100.0%	;0	; --%	; --%	;0	;Disminuir por100.0%	;Disminuir por100.0%	;0	; --%	;Disminuir por100.0%	;0	;Disminuir por100.0%	;Disminuir por100.0%	;0	; --%	; --%	;0	;Disminuir por100.0%	; --%	;
1839	;08/16 14:00 - 15:00	;0	; --%	; --%	;0	; --%	;Disminuir por100.0%	;0	; --%	; --%	;0	; --%	; --%	;0	; --%	; --%	;0	;Disminuir por100.0%	;Disminuir por100.0%	;0	; --%	; --%	;0	; --%	; --%	;
1840	;08/16 15:00 - 16:00	;0	; --%	; --%	;0	;Disminuir por100.0%	; --%	;0	; --%	; --%	;0	;Disminuir por100.0%	; --%	;0	; --%	; --%	;0	;Disminuir por100.0%	;Disminuir por100.0%	;0	; --%	; --%	;0	; --%	; --%	;
1841	;08/16 16:00 - 17:00	;0	; --%	; --%	;0	; --%	; --%	;0	; --%	; --%	;0	;Disminuir por100.0%	;Disminuir por100.0%	;0	; --%	; --%	;0	;Disminuir por100.0%	;Disminuir por100.0%	;0	; --%	; --%	;0	; --%	; --%	;
1842	;08/16 17:00 - 18:00	;0	; --%	; --%	;0	; --%	; --%	;0	; --%	; --%	;0	;Disminuir por100.0%	;Disminuir por100.0%	;0	; --%	; --%	;0	;Disminuir por100.0%	;Disminuir por100.0%	;0	;Disminuir por100.0%	;Disminuir por100.0%	;0	;Disminuir por100.0%	;Disminuir por100.0%	;
1843	;08/16 18:00 - 19:00	;0	; --%	; --%	;0	; --%	; --%	;0	; --%	; --%	;0	; --%	;Disminuir por100.0%	;0	; --%	; --%	;0	;Disminuir por100.0%	;Disminuir por100.0%	;0	; --%	; --%	;0	; --%	; --%	;
1844	;08/16 19:00 - 20:00	;0	; --%	; --%	;0	; --%	; --%	;0	; --%	; --%	;0	; --%	; --%	;0	; --%	; --%	;0	;Disminuir por100.0%	;Disminuir por100.0%	;0	; --%	; --%	;0	;Disminuir por100.0%	; --%	;
1845	;08/16 20:00 - 21:00	;0	; --%	; --%	;0	; --%	; --%	;0	; --%	; --%	;0	;Disminuir por100.0%	; --%	;0	;Disminuir por100.0%	;Disminuir por100.0%	;0	;Disminuir por100.0%	;Disminuir por100.0%	;0	; --%	; --%	;0	; --%	; --%	;
1846	;08/16 21:00 - 22:00	;0	; --%	; --%	;0	; --%	; --%	;0	; --%	; --%	;0	; --%	; --%	;0	;Disminuir por100.0%	; --%	;0	;Disminuir por100.0%	; --%	;0	; --%	; --%	;0	; --%	; --%	;
1847	;08/16 22:00 - 23:00	;0	; --%	; --%	;0	; --%	; --%	;0	; --%	; --%	;0	; --%	; --%	;0	; --%	; --%	;0	;Disminuir por100.0%	;Disminuir por100.0%	;0	; --%	; --%	;0	; --%	; --%	;
1848	;08/16 23:00 - 24:00	;0	; --%	; --%	;0	;Disminuir por100.0%	; --%	;0	; --%	; --%	;0	; --%	; --%	;0	; --%	; --%	;0	;Disminuir por100.0%	; --%	;0	; --%	; --%	;0	; --%	; --%	;
1849	;08/17 00:00 - 01:00	;0	; --%	; --%	;0	;Disminuir por100.0%	; --%	;0	; --%	; --%	;0	; --%	;Disminuir por100.0%	;0	;Disminuir por100.0%	; --%	;0	;Disminuir por100.0%	;Disminuir por100.0%	;0	; --%	; --%	;0	;Disminuir por100.0%	; --%	;
1850	;08/17 01:00 - 02:00	;0	; --%	; --%	;0	; --%	; --%	;0	; --%	; --%	;0	; --%	;Disminuir por100.0%	;0	;Disminuir por100.0%	; --%	;0	;Disminuir por100.0%	;Disminuir por100.0%	;0	; --%	; --%	;0	; --%	; --%	;
1851	;08/17 02:00 - 03:00	;0	; --%	; --%	;0	; --%	;Disminuir por100.0%	;0	; --%	; --%	;0	; --%	; --%	;0	; --%	; --%	;0	; --%	; --%	;0	; --%	; --%	;0	; --%	; --%	;
1852	;08/17 03:00 - 04:00	;0	; --%	; --%	;0	; --%	; --%	;0	; --%	; --%	;0	; --%	; --%	;0	; --%	;Disminuir por100.0%	;0	; --%	;Disminuir por100.0%	;0	; --%	; --%	;0	; --%	; --%	;
1853	;08/17 04:00 - 05:00	;0	; --%	; --%	;0	; --%	; --%	;0	; --%	; --%	;0	; --%	; --%	;0	; --%	;Disminuir por100.0%	;0	;Disminuir por100.0%	;Disminuir por100.0%	;0	; --%	; --%	;0	; --%	; --%	;
1854	;08/17 05:00 - 06:00	;0	; --%	; --%	;0	; --%	; --%	;0	; --%	; --%	;0	; --%	; --%	;0	; --%	; --%	;0	; --%	; --%	;0	; --%	; --%	;0	; --%	; --%	;
1855	;08/17 06:00 - 07:00	;0	; --%	; --%	;0	; --%	; --%	;0	; --%	; --%	;0	; --%	; --%	;0	; --%	; --%	;0	;Disminuir por100.0%	;Disminuir por100.0%	;0	; --%	; --%	;0	; --%	; --%	;
1856	;08/17 07:00 - 08:00	;0	; --%	; --%	;0	; --%	; --%	;0	; --%	; --%	;0	; --%	; --%	;0	; --%	; --%	;0	; --%	;Disminuir por100.0%	;0	; --%	; --%	;0	; --%	; --%	;
1857	;08/17 08:00 - 09:00	;0	; --%	; --%	;0	; --%	; --%	;0	; --%	; --%	;0	;Disminuir por100.0%	;Disminuir por100.0%	;0	; --%	; --%	;0	;Disminuir por100.0%	;Disminuir por100.0%	;0	; --%	; --%	;0	;Disminuir por100.0%	; --%	;
1858	;08/17 09:00 - 10:00	;0	; --%	; --%	;0	;Disminuir por100.0%	;Disminuir por100.0%	;0	; --%	;Disminuir por100.0%	;0	;Disminuir por100.0%	;Disminuir por100.0%	;0	; --%	;Disminuir por100.0%	;0	;Disminuir por100.0%	;Disminuir por100.0%	;0	; --%	; --%	;0	; --%	; --%	;
1859	;08/17 10:00 - 11:00	;0	; --%	; --%	;0	;Disminuir por100.0%	; --%	;0	; --%	; --%	;0	;Disminuir por100.0%	;Disminuir por100.0%	;0	;Disminuir por100.0%	; --%	;0	;Disminuir por100.0%	;Disminuir por100.0%	;0	; --%	; --%	;0	;Disminuir por100.0%	; --%	;
1860	;08/17 11:00 - 12:00	;0	; --%	; --%	;0	; --%	; --%	;0	;Disminuir por100.0%	; --%	;0	;Disminuir por100.0%	;Disminuir por100.0%	;0	; --%	; --%	;0	;Disminuir por100.0%	;Disminuir por100.0%	;0	; --%	; --%	;0	;Disminuir por100.0%	;Disminuir por100.0%	;
1861	;08/17 12:00 - 13:00	;0	; --%	; --%	;0	; --%	;Disminuir por100.0%	;0	; --%	; --%	;0	; --%	;Disminuir por100.0%	;0	; --%	; --%	;0	;Disminuir por100.0%	;Disminuir por100.0%	;0	; --%	; --%	;0	; --%	;Disminuir por100.0%	;
1862	;08/17 13:00 - 14:00	;0	; --%	;Disminuir por100.0%	;0	; --%	;Disminuir por100.0%	;0	; --%	; --%	;0	;Disminuir por100.0%	;Disminuir por100.0%	;0	;Disminuir por100.0%	;Disminuir por100.0%	;0	;Disminuir por100.0%	;Disminuir por100.0%	;0	; --%	; --%	;0	; --%	;Disminuir por100.0%	;
1863	;08/17 14:00 - 15:00	;0	; --%	; --%	;0	; --%	; --%	;0	; --%	; --%	;0	; --%	;Disminuir por100.0%	;0	; --%	; --%	;0	;Disminuir por100.0%	;Disminuir por100.0%	;0	; --%	; --%	;0	; --%	; --%	;
1864	;08/17 15:00 - 16:00	;0	; --%	; --%	;0	;Disminuir por100.0%	; --%	;0	; --%	; --%	;0	;Disminuir por100.0%	;Disminuir por100.0%	;0	; --%	; --%	;0	;Disminuir por100.0%	;Disminuir por100.0%	;0	; --%	; --%	;0	;Disminuir por100.0%	; --%	;
1865	;08/17 16:00 - 17:00	;0	; --%	; --%	;0	; --%	; --%	;0	; --%	; --%	;0	; --%	; --%	;0	; --%	; --%	;0	;Disminuir por100.0%	;Disminuir por100.0%	;0	; --%	; --%	;0	;Disminuir por100.0%	; --%	;
1866	;08/17 17:00 - 18:00	;0	; --%	; --%	;0	; --%	; --%	;0	; --%	; --%	;0	;Disminuir por100.0%	; --%	;0	; --%	; --%	;0	;Disminuir por100.0%	;Disminuir por100.0%	;0	;Disminuir por100.0%	;Disminuir por100.0%	;0	;Disminuir por100.0%	;Disminuir por100.0%	;
1867	;08/17 18:00 - 19:00	;0	; --%	; --%	;0	; --%	;Disminuir por100.0%	;0	; --%	; --%	;0	; --%	; --%	;0	; --%	;Disminuir por100.0%	;0	;Disminuir por100.0%	;Disminuir por100.0%	;0	; --%	; --%	;0	;Disminuir por100.0%	; --%	;
1868	;08/17 19:00 - 20:00	;0	; --%	; --%	;0	; --%	; --%	;0	; --%	; --%	;0	; --%	; --%	;0	; --%	;Disminuir por100.0%	;0	;Disminuir por100.0%	;Disminuir por100.0%	;0	; --%	; --%	;0	; --%	; --%	;
1869	;08/17 20:00 - 21:00	;0	; --%	; --%	;0	; --%	; --%	;0	; --%	; --%	;0	; --%	; --%	;0	; --%	;Disminuir por100.0%	;0	;Disminuir por100.0%	;Disminuir por100.0%	;0	; --%	; --%	;0	; --%	; --%	;
1870	;08/17 21:00 - 22:00	;0	; --%	; --%	;0	; --%	;Disminuir por100.0%	;0	; --%	; --%	;0	; --%	; --%	;0	; --%	; --%	;0	; --%	; --%	;0	; --%	; --%	;0	; --%	; --%	;
1871	;08/17 22:00 - 23:00	;0	; --%	; --%	;0	;Disminuir por100.0%	; --%	;0	; --%	; --%	;0	; --%	; --%	;0	; --%	; --%	;0	;Disminuir por100.0%	; --%	;0	; --%	;Disminuir por100.0%	;0	; --%	; --%	;
1872	;08/17 23:00 - 24:00	;0	; --%	; --%	;0	;Disminuir por100.0%	; --%	;0	; --%	; --%	;0	; --%	;Disminuir por100.0%	;0	; --%	; --%	;0	; --%	; --%	;0	; --%	; --%	;0	; --%	; --%	;
1873	;08/18 00:00 - 01:00	;0	; --%	; --%	;0	; --%	; --%	;0	; --%	; --%	;0	; --%	; --%	;0	; --%	; --%	;0	;Disminuir por100.0%	;Disminuir por100.0%	;0	; --%	; --%	;0	; --%	; --%	;
1874	;08/18 01:00 - 02:00	;0	; --%	; --%	;0	; --%	; --%	;0	; --%	; --%	;0	; --%	; --%	;0	; --%	; --%	;0	; --%	;Disminuir por100.0%	;0	; --%	; --%	;0	; --%	; --%	;
1875	;08/18 02:00 - 03:00	;0	; --%	; --%	;0	; --%	; --%	;0	; --%	; --%	;0	; --%	; --%	;0	; --%	; --%	;0	; --%	; --%	;0	; --%	; --%	;0	; --%	; --%	;
1876	;08/18 03:00 - 04:00	;0	; --%	; --%	;0	; --%	; --%	;0	; --%	; --%	;0	; --%	; --%	;0	; --%	;Disminuir por100.0%	;0	; --%	;Disminuir por100.0%	;0	; --%	; --%	;0	; --%	; --%	;
1877	;08/18 04:00 - 05:00	;0	; --%	; --%	;0	; --%	;Disminuir por100.0%	;0	; --%	; --%	;0	; --%	; --%	;0	; --%	; --%	;0	; --%	;Disminuir por100.0%	;0	; --%	; --%	;0	; --%	; --%	;
1878	;08/18 05:00 - 06:00	;0	; --%	; --%	;0	; --%	; --%	;0	; --%	; --%	;0	; --%	; --%	;0	; --%	; --%	;0	;Disminuir por100.0%	;Disminuir por100.0%	;0	; --%	; --%	;0	; --%	; --%	;
1879	;08/18 06:00 - 07:00	;0	; --%	; --%	;0	; --%	; --%	;0	; --%	; --%	;0	; --%	; --%	;0	; --%	; --%	;0	; --%	;Disminuir por100.0%	;0	; --%	;Disminuir por100.0%	;0	; --%	; --%	;
1880	;08/18 07:00 - 08:00	;0	; --%	; --%	;0	; --%	; --%	;0	; --%	; --%	;0	; --%	;Disminuir por100.0%	;0	;Disminuir por100.0%	;Disminuir por100.0%	;0	;Disminuir por100.0%	;Disminuir por100.0%	;0	; --%	; --%	;0	; --%	; --%	;
1881	;08/18 08:00 - 09:00	;0	; --%	; --%	;0	;Disminuir por100.0%	; --%	;0	; --%	; --%	;0	;Disminuir por100.0%	;Disminuir por100.0%	;0	; --%	; --%	;0	;Disminuir por100.0%	;Disminuir por100.0%	;0	; --%	;Disminuir por100.0%	;0	;Disminuir por100.0%	;Disminuir por100.0%	;
1882	;08/18 09:00 - 10:00	;0	; --%	; --%	;0	; --%	; --%	;0	;Disminuir por100.0%	; --%	;0	;Disminuir por100.0%	;Disminuir por100.0%	;0	;Disminuir por100.0%	; --%	;0	;Disminuir por100.0%	;Disminuir por100.0%	;0	; --%	; --%	;0	;Disminuir por100.0%	;Disminuir por100.0%	;
1883	;08/18 10:00 - 11:00	;0	; --%	; --%	;0	;Disminuir por100.0%	; --%	;0	; --%	;Disminuir por100.0%	;0	;Disminuir por100.0%	;Disminuir por100.0%	;0	;Disminuir por100.0%	;Disminuir por100.0%	;0	;Disminuir por100.0%	;Disminuir por100.0%	;0	; --%	; --%	;0	;Disminuir por100.0%	;Disminuir por100.0%	;
1884	;08/18 11:00 - 12:00	;0	; --%	; --%	;0	; --%	;Disminuir por100.0%	;0	; --%	;Disminuir por100.0%	;0	;Disminuir por100.0%	;Disminuir por100.0%	;0	;Disminuir por100.0%	; --%	;0	;Disminuir por100.0%	;Disminuir por100.0%	;0	; --%	;Disminuir por100.0%	;0	;Disminuir por100.0%	;Disminuir por100.0%	;
1885	;08/18 12:00 - 13:00	;0	; --%	; --%	;0	;Disminuir por100.0%	; --%	;0	; --%	;Disminuir por100.0%	;0	;Disminuir por100.0%	;Disminuir por100.0%	;0	; --%	; --%	;0	;Disminuir por100.0%	;Disminuir por100.0%	;0	; --%	; --%	;0	;Disminuir por100.0%	; --%	;
1886	;08/18 13:00 - 14:00	;0	; --%	; --%	;0	;Disminuir por100.0%	; --%	;0	; --%	;Disminuir por100.0%	;0	;Disminuir por100.0%	;Disminuir por100.0%	;0	;Disminuir por100.0%	;Disminuir por100.0%	;0	;Disminuir por100.0%	;Disminuir por100.0%	;0	; --%	; --%	;0	; --%	;Disminuir por100.0%	;
1887	;08/18 14:00 - 15:00	;0	; --%	; --%	;0	; --%	; --%	;0	;Disminuir por100.0%	;Disminuir por100.0%	;0	;Disminuir por100.0%	;Disminuir por100.0%	;0	;Disminuir por100.0%	; --%	;0	;Disminuir por100.0%	;Disminuir por100.0%	;0	; --%	; --%	;0	;Disminuir por100.0%	;Disminuir por100.0%	;
1888	;08/18 15:00 - 16:00	;0	; --%	; --%	;0	; --%	;Disminuir por100.0%	;0	;Disminuir por100.0%	; --%	;0	;Disminuir por100.0%	; --%	;0	;Disminuir por100.0%	;Disminuir por100.0%	;0	;Disminuir por100.0%	;Disminuir por100.0%	;0	; --%	; --%	;0	;Disminuir por100.0%	; --%	;
1889	;08/18 16:00 - 17:00	;0	; --%	; --%	;0	; --%	; --%	;0	; --%	; --%	;0	;Disminuir por100.0%	;Disminuir por100.0%	;0	;Disminuir por100.0%	; --%	;0	;Disminuir por100.0%	;Disminuir por100.0%	;0	; --%	;Disminuir por100.0%	;0	;Disminuir por100.0%	;Disminuir por100.0%	;
1890	;08/18 17:00 - 18:00	;0	; --%	; --%	;0	; --%	; --%	;0	; --%	; --%	;0	;Disminuir por100.0%	;Disminuir por100.0%	;0	;Disminuir por100.0%	; --%	;0	;Disminuir por100.0%	;Disminuir por100.0%	;0	;Disminuir por100.0%	; --%	;0	;Disminuir por100.0%	;Disminuir por100.0%	;
1891	;08/18 18:00 - 19:00	;0	; --%	; --%	;0	;Disminuir por100.0%	;Disminuir por100.0%	;0	;Disminuir por100.0%	;Disminuir por100.0%	;0	;Disminuir por100.0%	;Disminuir por100.0%	;0	; --%	;Disminuir por100.0%	;0	;Disminuir por100.0%	;Disminuir por100.0%	;0	; --%	; --%	;0	; --%	; --%	;
1892	;08/18 19:00 - 20:00	;0	; --%	; --%	;0	;Disminuir por100.0%	;Disminuir por100.0%	;0	; --%	; --%	;0	;Disminuir por100.0%	; --%	;0	;Disminuir por100.0%	; --%	;0	;Disminuir por100.0%	;Disminuir por100.0%	;0	; --%	; --%	;0	;Disminuir por100.0%	; --%	;
1893	;08/18 20:00 - 21:00	;0	; --%	; --%	;0	; --%	; --%	;0	; --%	; --%	;0	; --%	; --%	;0	;Disminuir por100.0%	; --%	;0	;Disminuir por100.0%	;Disminuir por100.0%	;0	; --%	; --%	;0	; --%	; --%	;
1894	;08/18 21:00 - 22:00	;0	; --%	; --%	;0	;Disminuir por100.0%	; --%	;0	; --%	; --%	;0	; --%	; --%	;0	; --%	; --%	;0	;Disminuir por100.0%	; --%	;0	; --%	; --%	;0	;Disminuir por100.0%	; --%	;
1895	;08/18 22:00 - 23:00	;0	; --%	; --%	;0	;Disminuir por100.0%	; --%	;0	; --%	; --%	;0	; --%	; --%	;0	; --%	; --%	;0	;Disminuir por100.0%	; --%	;0	; --%	; --%	;0	; --%	; --%	;
1896	;08/18 23:00 - 24:00	;0	; --%	; --%	;0	;Disminuir por100.0%	;Disminuir por100.0%	;0	; --%	; --%	;0	; --%	; --%	;0	; --%	; --%	;0	;Disminuir por100.0%	; --%	;0	; --%	; --%	;0	; --%	; --%	;
1897	;08/19 00:00 - 01:00	;0	; --%	; --%	;0	; --%	;Disminuir por100.0%	;0	; --%	; --%	;0	; --%	; --%	;0	; --%	; --%	;0	; --%	;Disminuir por100.0%	;0	; --%	; --%	;0	; --%	; --%	;
1898	;08/19 01:00 - 02:00	;0	; --%	; --%	;0	; --%	;Disminuir por100.0%	;0	; --%	; --%	;0	; --%	; --%	;0	; --%	; --%	;0	; --%	; --%	;0	; --%	; --%	;0	; --%	; --%	;
1899	;08/19 02:00 - 03:00	;0	; --%	; --%	;0	; --%	; --%	;0	; --%	; --%	;0	; --%	; --%	;0	; --%	;Disminuir por100.0%	;0	; --%	;Disminuir por100.0%	;0	; --%	; --%	;0	; --%	; --%	;
1900	;08/19 03:00 - 04:00	;0	; --%	; --%	;0	; --%	; --%	;0	; --%	; --%	;0	; --%	; --%	;0	; --%	;Disminuir por100.0%	;0	;Disminuir por100.0%	;Disminuir por100.0%	;0	; --%	; --%	;0	; --%	; --%	;
1901	;08/19 04:00 - 05:00	;0	; --%	; --%	;0	; --%	;Disminuir por100.0%	;0	; --%	; --%	;0	; --%	; --%	;0	; --%	; --%	;0	; --%	; --%	;0	; --%	; --%	;0	; --%	; --%	;
1902	;08/19 05:00 - 06:00	;0	; --%	; --%	;0	; --%	; --%	;0	; --%	; --%	;0	; --%	; --%	;0	; --%	; --%	;0	; --%	; --%	;0	; --%	; --%	;0	; --%	; --%	;
1903	;08/19 06:00 - 07:00	;0	; --%	; --%	;0	;Disminuir por100.0%	; --%	;0	; --%	; --%	;0	; --%	;Disminuir por100.0%	;0	; --%	; --%	;0	; --%	;Disminuir por100.0%	;0	; --%	; --%	;0	; --%	; --%	;
1904	;08/19 07:00 - 08:00	;0	; --%	; --%	;0	; --%	;Disminuir por100.0%	;0	; --%	; --%	;0	; --%	; --%	;0	;Disminuir por100.0%	;Disminuir por100.0%	;0	;Disminuir por100.0%	;Disminuir por100.0%	;0	; --%	; --%	;0	; --%	; --%	;
1905	;08/19 08:00 - 09:00	;0	; --%	; --%	;0	;Disminuir por100.0%	; --%	;0	; --%	; --%	;0	;Disminuir por100.0%	;Disminuir por100.0%	;0	;Disminuir por100.0%	;Disminuir por100.0%	;0	;Disminuir por100.0%	;Disminuir por100.0%	;0	;Disminuir por100.0%	; --%	;0	;Disminuir por100.0%	; --%	;
1906	;08/19 09:00 - 10:00	;0	; --%	; --%	;0	; --%	; --%	;0	; --%	; --%	;0	;Disminuir por100.0%	;Disminuir por100.0%	;0	;Disminuir por100.0%	; --%	;0	;Disminuir por100.0%	;Disminuir por100.0%	;0	;Disminuir por100.0%	;Disminuir por100.0%	;0	;Disminuir por100.0%	;Disminuir por100.0%	;
1907	;08/19 10:00 - 11:00	;0	; --%	; --%	;0	;Disminuir por100.0%	; --%	;0	; --%	; --%	;0	;Disminuir por100.0%	;Disminuir por100.0%	;0	;Disminuir por100.0%	;Disminuir por100.0%	;0	;Disminuir por100.0%	;Disminuir por100.0%	;0	; --%	; --%	;0	;Disminuir por100.0%	;Disminuir por100.0%	;
1908	;08/19 11:00 - 12:00	;0	; --%	; --%	;0	; --%	; --%	;0	;Disminuir por100.0%	; --%	;0	;Disminuir por100.0%	;Disminuir por100.0%	;0	;Disminuir por100.0%	;Disminuir por100.0%	;0	;Disminuir por100.0%	;Disminuir por100.0%	;0	; --%	; --%	;0	;Disminuir por100.0%	;Disminuir por100.0%	;
1909	;08/19 12:00 - 13:00	;0	; --%	; --%	;0	; --%	; --%	;0	; --%	; --%	;0	;Disminuir por100.0%	;Disminuir por100.0%	;0	; --%	;Disminuir por100.0%	;0	;Disminuir por100.0%	;Disminuir por100.0%	;0	; --%	; --%	;0	;Disminuir por100.0%	;Disminuir por100.0%	;
1910	;08/19 13:00 - 14:00	;0	; --%	; --%	;0	; --%	;Disminuir por100.0%	;0	;Disminuir por100.0%	;Disminuir por100.0%	;0	;Disminuir por100.0%	;Disminuir por100.0%	;0	; --%	; --%	;0	;Disminuir por100.0%	;Disminuir por100.0%	;0	; --%	;Disminuir por100.0%	;0	;Disminuir por100.0%	;Disminuir por100.0%	;
1911	;08/19 14:00 - 15:00	;0	; --%	; --%	;0	;Disminuir por100.0%	; --%	;0	; --%	; --%	;0	; --%	;Disminuir por100.0%	;0	;Disminuir por100.0%	;Disminuir por100.0%	;0	;Disminuir por100.0%	;Disminuir por100.0%	;0	; --%	; --%	;0	; --%	; --%	;
1912	;08/19 15:00 - 16:00	;0	; --%	; --%	;0	;Disminuir por100.0%	;Disminuir por100.0%	;0	;Disminuir por100.0%	; --%	;0	;Disminuir por100.0%	;Disminuir por100.0%	;0	; --%	;Disminuir por100.0%	;0	;Disminuir por100.0%	;Disminuir por100.0%	;0	;Disminuir por100.0%	; --%	;0	;Disminuir por100.0%	;Disminuir por100.0%	;
1913	;08/19 16:00 - 17:00	;0	; --%	; --%	;0	; --%	; --%	;0	;Disminuir por100.0%	; --%	;0	;Disminuir por100.0%	;Disminuir por100.0%	;0	;Disminuir por100.0%	; --%	;0	;Disminuir por100.0%	;Disminuir por100.0%	;0	; --%	; --%	;0	; --%	; --%	;
1914	;08/19 17:00 - 18:00	;0	; --%	; --%	;0	; --%	; --%	;0	; --%	; --%	;0	; --%	; --%	;0	; --%	;Disminuir por100.0%	;0	;Disminuir por100.0%	;Disminuir por100.0%	;0	; --%	;Disminuir por100.0%	;0	; --%	;Disminuir por100.0%	;
1915	;08/19 18:00 - 19:00	;0	; --%	; --%	;0	; --%	; --%	;0	; --%	; --%	;0	; --%	;Disminuir por100.0%	;0	; --%	; --%	;0	;Disminuir por100.0%	;Disminuir por100.0%	;0	; --%	; --%	;0	; --%	; --%	;
1916	;08/19 19:00 - 20:00	;0	; --%	; --%	;0	; --%	; --%	;0	; --%	; --%	;0	;Disminuir por100.0%	;Disminuir por100.0%	;0	;Disminuir por100.0%	; --%	;0	;Disminuir por100.0%	;Disminuir por100.0%	;0	; --%	; --%	;0	; --%	; --%	;
1917	;08/19 20:00 - 21:00	;0	; --%	; --%	;0	; --%	; --%	;0	; --%	;Disminuir por100.0%	;0	;Disminuir por100.0%	;Disminuir por100.0%	;0	;Disminuir por100.0%	;Disminuir por100.0%	;0	;Disminuir por100.0%	;Disminuir por100.0%	;0	; --%	; --%	;0	; --%	; --%	;
1918	;08/19 21:00 - 22:00	;0	; --%	; --%	;0	; --%	; --%	;0	; --%	; --%	;0	; --%	; --%	;0	; --%	;Disminuir por100.0%	;0	; --%	;Disminuir por100.0%	;0	; --%	; --%	;0	; --%	; --%	;
1919	;08/19 22:00 - 23:00	;0	; --%	; --%	;0	;Disminuir por100.0%	;Disminuir por100.0%	;0	; --%	; --%	;0	; --%	; --%	;0	;Disminuir por100.0%	; --%	;0	;Disminuir por100.0%	;Disminuir por100.0%	;0	; --%	; --%	;0	; --%	;Disminuir por100.0%	;
1920	;08/19 23:00 - 24:00	;0	; --%	; --%	;0	;Disminuir por100.0%	; --%	;0	; --%	; --%	;0	; --%	; --%	;0	; --%	; --%	;0	; --%	;Disminuir por100.0%	;0	; --%	; --%	;0	; --%	; --%	;
1921	;08/20 00:00 - 01:00	;0	; --%	; --%	;0	;Disminuir por100.0%	;Disminuir por100.0%	;0	; --%	; --%	;0	; --%	; --%	;0	;Disminuir por100.0%	; --%	;0	;Disminuir por100.0%	;Disminuir por100.0%	;0	; --%	; --%	;0	; --%	;Disminuir por100.0%	;
1922	;08/20 01:00 - 02:00	;0	; --%	; --%	;0	;Disminuir por100.0%	; --%	;0	; --%	; --%	;0	; --%	; --%	;0	; --%	; --%	;0	; --%	;Disminuir por100.0%	;0	; --%	; --%	;0	; --%	; --%	;
1923	;08/20 02:00 - 03:00	;0	; --%	; --%	;0	; --%	; --%	;0	; --%	; --%	;0	; --%	; --%	;0	; --%	; --%	;0	; --%	; --%	;0	; --%	; --%	;0	; --%	; --%	;
1924	;08/20 03:00 - 04:00	;0	; --%	; --%	;0	; --%	; --%	;0	; --%	; --%	;0	; --%	; --%	;0	; --%	;Disminuir por100.0%	;0	; --%	;Disminuir por100.0%	;0	; --%	; --%	;0	; --%	; --%	;
1925	;08/20 04:00 - 05:00	;0	; --%	; --%	;0	; --%	; --%	;0	; --%	; --%	;0	; --%	; --%	;0	; --%	; --%	;0	; --%	; --%	;0	; --%	; --%	;0	; --%	; --%	;
1926	;08/20 05:00 - 06:00	;0	; --%	; --%	;0	; --%	; --%	;0	; --%	; --%	;0	; --%	; --%	;0	; --%	; --%	;0	; --%	; --%	;0	; --%	; --%	;0	; --%	; --%	;
1927	;08/20 06:00 - 07:00	;0	; --%	; --%	;0	; --%	; --%	;0	; --%	; --%	;0	; --%	;Disminuir por100.0%	;0	;Disminuir por100.0%	; --%	;0	;Disminuir por100.0%	; --%	;0	; --%	; --%	;0	; --%	; --%	;
1928	;08/20 07:00 - 08:00	;0	; --%	; --%	;0	; --%	; --%	;0	; --%	; --%	;0	;Disminuir por100.0%	;Disminuir por100.0%	;0	;Disminuir por100.0%	;Disminuir por100.0%	;0	;Disminuir por100.0%	;Disminuir por100.0%	;0	; --%	; --%	;0	; --%	; --%	;
1929	;08/20 08:00 - 09:00	;0	; --%	; --%	;0	;Disminuir por100.0%	;Disminuir por100.0%	;0	;Disminuir por100.0%	; --%	;0	;Disminuir por100.0%	;Disminuir por100.0%	;0	; --%	;Disminuir por100.0%	;0	;Disminuir por100.0%	;Disminuir por100.0%	;0	;Disminuir por100.0%	; --%	;0	;Disminuir por100.0%	;Disminuir por100.0%	;
1930	;08/20 09:00 - 10:00	;0	; --%	; --%	;0	; --%	; --%	;0	; --%	;Disminuir por100.0%	;0	;Disminuir por100.0%	;Disminuir por100.0%	;0	;Disminuir por100.0%	;Disminuir por100.0%	;0	;Disminuir por100.0%	;Disminuir por100.0%	;0	; --%	;Disminuir por100.0%	;0	;Disminuir por100.0%	;Disminuir por100.0%	;
1931	;08/20 10:00 - 11:00	;0	; --%	; --%	;0	;Disminuir por100.0%	; --%	;0	; --%	;Disminuir por100.0%	;0	;Disminuir por100.0%	;Disminuir por100.0%	;0	; --%	;Disminuir por100.0%	;0	;Disminuir por100.0%	;Disminuir por100.0%	;0	;Disminuir por100.0%	;Disminuir por100.0%	;0	;Disminuir por100.0%	;Disminuir por100.0%	;
1932	;08/20 11:00 - 12:00	;0	; --%	; --%	;0	;Disminuir por100.0%	; --%	;0	; --%	;Disminuir por100.0%	;0	;Disminuir por100.0%	;Disminuir por100.0%	;0	; --%	;Disminuir por100.0%	;0	;Disminuir por100.0%	;Disminuir por100.0%	;0	;Disminuir por100.0%	;Disminuir por100.0%	;0	;Disminuir por100.0%	;Disminuir por100.0%	;
1933	;08/20 12:00 - 13:00	;0	; --%	; --%	;0	; --%	;Disminuir por100.0%	;0	;Disminuir por100.0%	;Disminuir por100.0%	;0	;Disminuir por100.0%	;Disminuir por100.0%	;0	;Disminuir por100.0%	;Disminuir por100.0%	;0	;Disminuir por100.0%	;Disminuir por100.0%	;0	; --%	; --%	;0	;Disminuir por100.0%	; --%	;
1934	;08/20 13:00 - 14:00	;0	; --%	; --%	;0	;Disminuir por100.0%	;Disminuir por100.0%	;0	; --%	;Disminuir por100.0%	;0	;Disminuir por100.0%	;Disminuir por100.0%	;0	; --%	;Disminuir por100.0%	;0	;Disminuir por100.0%	;Disminuir por100.0%	;0	; --%	; --%	;0	;Disminuir por100.0%	; --%	;
1935	;08/20 14:00 - 15:00	;0	; --%	; --%	;0	;Disminuir por100.0%	;Disminuir por100.0%	;0	;Disminuir por100.0%	; --%	;0	;Disminuir por100.0%	; --%	;0	;Disminuir por100.0%	; --%	;0	;Disminuir por100.0%	;Disminuir por100.0%	;0	; --%	;Disminuir por100.0%	;0	;Disminuir por100.0%	;Disminuir por100.0%	;
1936	;08/20 15:00 - 16:00	;0	; --%	; --%	;0	;Disminuir por100.0%	;Disminuir por100.0%	;0	; --%	; --%	;0	; --%	;Disminuir por100.0%	;0	; --%	; --%	;0	;Disminuir por100.0%	;Disminuir por100.0%	;0	; --%	; --%	;0	; --%	; --%	;
1937	;08/20 16:00 - 17:00	;0	; --%	; --%	;0	;Disminuir por100.0%	; --%	;0	; --%	; --%	;0	;Disminuir por100.0%	;Disminuir por100.0%	;0	; --%	;Disminuir por100.0%	;0	;Disminuir por100.0%	;Disminuir por100.0%	;0	; --%	; --%	;0	;Disminuir por100.0%	;Disminuir por100.0%	;
1938	;08/20 17:00 - 18:00	;0	; --%	; --%	;0	; --%	; --%	;0	; --%	; --%	;0	; --%	;Disminuir por100.0%	;0	;Disminuir por100.0%	; --%	;0	;Disminuir por100.0%	;Disminuir por100.0%	;0	;Disminuir por100.0%	;Disminuir por100.0%	;0	;Disminuir por100.0%	;Disminuir por100.0%	;
1939	;08/20 18:00 - 19:00	;0	; --%	; --%	;0	; --%	;Disminuir por100.0%	;0	; --%	; --%	;0	;Disminuir por100.0%	; --%	;0	; --%	;Disminuir por100.0%	;0	;Disminuir por100.0%	;Disminuir por100.0%	;0	; --%	; --%	;0	;Disminuir por100.0%	; --%	;
1940	;08/20 19:00 - 20:00	;0	; --%	; --%	;0	; --%	; --%	;0	; --%	; --%	;0	; --%	;Disminuir por100.0%	;0	; --%	; --%	;0	;Disminuir por100.0%	;Disminuir por100.0%	;0	; --%	; --%	;0	; --%	; --%	;
1941	;08/20 20:00 - 21:00	;0	; --%	; --%	;0	; --%	; --%	;0	; --%	; --%	;0	; --%	; --%	;0	;Disminuir por100.0%	; --%	;0	;Disminuir por100.0%	;Disminuir por100.0%	;0	; --%	; --%	;0	; --%	; --%	;
1942	;08/20 21:00 - 22:00	;0	; --%	; --%	;0	;Disminuir por100.0%	; --%	;0	; --%	; --%	;0	; --%	; --%	;0	; --%	;Disminuir por100.0%	;0	; --%	;Disminuir por100.0%	;0	; --%	; --%	;0	; --%	; --%	;
1943	;08/20 22:00 - 23:00	;0	; --%	; --%	;0	;Disminuir por100.0%	;Disminuir por100.0%	;0	; --%	; --%	;0	; --%	; --%	;0	; --%	; --%	;0	;Disminuir por100.0%	; --%	;0	; --%	; --%	;0	; --%	; --%	;
1944	;08/20 23:00 - 24:00	;0	; --%	; --%	;0	;Disminuir por100.0%	; --%	;0	; --%	; --%	;0	; --%	; --%	;0	; --%	; --%	;0	;Disminuir por100.0%	; --%	;0	; --%	; --%	;0	; --%	; --%	;
1945	;08/21 00:00 - 01:00	;0	; --%	; --%	;0	; --%	; --%	;0	; --%	; --%	;0	; --%	; --%	;0	; --%	; --%	;0	; --%	; --%	;0	; --%	; --%	;0	; --%	; --%	;
1946	;08/21 01:00 - 02:00	;0	; --%	; --%	;0	; --%	;Disminuir por100.0%	;0	; --%	; --%	;0	; --%	; --%	;0	; --%	; --%	;0	; --%	; --%	;0	; --%	; --%	;0	; --%	; --%	;
1947	;08/21 02:00 - 03:00	;0	; --%	; --%	;0	; --%	; --%	;0	; --%	; --%	;0	; --%	; --%	;0	; --%	; --%	;0	; --%	; --%	;0	; --%	; --%	;0	; --%	;Disminuir por100.0%	;
1948	;08/21 03:00 - 04:00	;0	; --%	; --%	;0	; --%	; --%	;0	; --%	; --%	;0	; --%	; --%	;0	; --%	;Disminuir por100.0%	;0	; --%	;Disminuir por100.0%	;0	; --%	; --%	;0	; --%	; --%	;
1949	;08/21 04:00 - 05:00	;0	; --%	; --%	;0	; --%	; --%	;0	; --%	; --%	;0	; --%	; --%	;0	; --%	;Disminuir por100.0%	;0	; --%	;Disminuir por100.0%	;0	; --%	; --%	;0	; --%	; --%	;
1950	;08/21 05:00 - 06:00	;0	; --%	; --%	;0	; --%	; --%	;0	; --%	; --%	;0	; --%	; --%	;0	; --%	; --%	;0	; --%	;Disminuir por100.0%	;0	; --%	; --%	;0	; --%	; --%	;
1951	;08/21 06:00 - 07:00	;0	; --%	; --%	;0	; --%	;Disminuir por100.0%	;0	; --%	; --%	;0	; --%	; --%	;0	; --%	; --%	;0	;Disminuir por100.0%	; --%	;0	; --%	; --%	;0	;Disminuir por100.0%	; --%	;
1952	;08/21 07:00 - 08:00	;0	; --%	; --%	;0	; --%	; --%	;0	; --%	;Disminuir por100.0%	;0	;Disminuir por100.0%	;Disminuir por100.0%	;0	;Disminuir por100.0%	; --%	;0	;Disminuir por100.0%	;Disminuir por100.0%	;0	; --%	; --%	;0	; --%	;Disminuir por100.0%	;
1953	;08/21 08:00 - 09:00	;0	; --%	; --%	;0	; --%	;Disminuir por100.0%	;0	; --%	; --%	;0	;Disminuir por100.0%	;Disminuir por100.0%	;0	;Disminuir por100.0%	; --%	;0	;Disminuir por100.0%	;Disminuir por100.0%	;0	; --%	;Disminuir por100.0%	;0	; --%	;Disminuir por100.0%	;
1954	;08/21 09:00 - 10:00	;0	; --%	; --%	;0	; --%	; --%	;0	;Disminuir por100.0%	;Disminuir por100.0%	;0	;Disminuir por100.0%	;Disminuir por100.0%	;0	; --%	;Disminuir por100.0%	;0	;Disminuir por100.0%	;Disminuir por100.0%	;0	; --%	; --%	;0	;Disminuir por100.0%	;Disminuir por100.0%	;
1955	;08/21 10:00 - 11:00	;0	; --%	; --%	;0	;Disminuir por100.0%	;Disminuir por100.0%	;0	; --%	; --%	;0	;Disminuir por100.0%	;Disminuir por100.0%	;0	;Disminuir por100.0%	;Disminuir por100.0%	;0	;Disminuir por100.0%	;Disminuir por100.0%	;0	; --%	;Disminuir por100.0%	;0	; --%	;Disminuir por100.0%	;
1956	;08/21 11:00 - 12:00	;0	; --%	; --%	;0	;Disminuir por100.0%	;Disminuir por100.0%	;0	;Disminuir por100.0%	;Disminuir por100.0%	;0	;Disminuir por100.0%	;Disminuir por100.0%	;0	;Disminuir por100.0%	;Disminuir por100.0%	;0	;Disminuir por100.0%	;Disminuir por100.0%	;0	; --%	; --%	;0	;Disminuir por100.0%	;Disminuir por100.0%	;
1957	;08/21 12:00 - 13:00	;0	; --%	; --%	;0	; --%	; --%	;0	;Disminuir por100.0%	;Disminuir por100.0%	;0	;Disminuir por100.0%	;Disminuir por100.0%	;0	;Disminuir por100.0%	;Disminuir por100.0%	;0	;Disminuir por100.0%	;Disminuir por100.0%	;0	; --%	;Disminuir por100.0%	;0	; --%	;Disminuir por100.0%	;
1958	;08/21 13:00 - 14:00	;0	; --%	; --%	;0	; --%	;Disminuir por100.0%	;0	; --%	; --%	;0	;Disminuir por100.0%	;Disminuir por100.0%	;0	;Disminuir por100.0%	; --%	;0	;Disminuir por100.0%	;Disminuir por100.0%	;0	; --%	; --%	;0	; --%	;Disminuir por100.0%	;
1959	;08/21 14:00 - 15:00	;0	; --%	; --%	;0	;Disminuir por100.0%	; --%	;0	;Disminuir por100.0%	;Disminuir por100.0%	;0	;Disminuir por100.0%	;Disminuir por100.0%	;0	;Disminuir por100.0%	; --%	;0	;Disminuir por100.0%	;Disminuir por100.0%	;0	; --%	; --%	;0	; --%	; --%	;
1960	;08/21 15:00 - 16:00	;0	; --%	; --%	;0	;Disminuir por100.0%	; --%	;0	; --%	; --%	;0	;Disminuir por100.0%	; --%	;0	; --%	; --%	;0	;Disminuir por100.0%	;Disminuir por100.0%	;0	; --%	; --%	;0	; --%	;Disminuir por100.0%	;
1961	;08/21 16:00 - 17:00	;0	; --%	; --%	;0	; --%	; --%	;0	; --%	; --%	;0	;Disminuir por100.0%	; --%	;0	; --%	;Disminuir por100.0%	;0	;Disminuir por100.0%	;Disminuir por100.0%	;0	; --%	;Disminuir por100.0%	;0	; --%	;Disminuir por100.0%	;
1962	;08/21 17:00 - 18:00	;0	; --%	; --%	;0	; --%	;Disminuir por100.0%	;0	;Disminuir por100.0%	; --%	;0	;Disminuir por100.0%	;Disminuir por100.0%	;0	; --%	; --%	;0	;Disminuir por100.0%	;Disminuir por100.0%	;0	; --%	; --%	;0	;Disminuir por100.0%	;Disminuir por100.0%	;
1963	;08/21 18:00 - 19:00	;0	; --%	; --%	;0	;Disminuir por100.0%	; --%	;0	;Disminuir por100.0%	; --%	;0	;Disminuir por100.0%	; --%	;0	; --%	;Disminuir por100.0%	;0	;Disminuir por100.0%	;Disminuir por100.0%	;0	; --%	; --%	;0	;Disminuir por100.0%	; --%	;
1964	;08/21 19:00 - 20:00	;0	; --%	; --%	;0	; --%	; --%	;0	;Disminuir por100.0%	; --%	;0	;Disminuir por100.0%	; --%	;0	; --%	;Disminuir por100.0%	;0	;Disminuir por100.0%	;Disminuir por100.0%	;0	; --%	; --%	;0	;Disminuir por100.0%	;Disminuir por100.0%	;
1965	;08/21 20:00 - 21:00	;0	; --%	; --%	;0	; --%	; --%	;0	; --%	; --%	;0	;Disminuir por100.0%	; --%	;0	;Disminuir por100.0%	;Disminuir por100.0%	;0	;Disminuir por100.0%	;Disminuir por100.0%	;0	; --%	; --%	;0	; --%	; --%	;
1966	;08/21 21:00 - 22:00	;0	; --%	; --%	;0	; --%	; --%	;0	; --%	; --%	;0	; --%	; --%	;0	; --%	; --%	;0	;Disminuir por100.0%	;Disminuir por100.0%	;0	; --%	; --%	;0	; --%	; --%	;
1967	;08/21 22:00 - 23:00	;0	; --%	; --%	;0	; --%	; --%	;0	; --%	; --%	;0	; --%	; --%	;0	; --%	; --%	;0	;Disminuir por100.0%	;Disminuir por100.0%	;0	; --%	; --%	;0	; --%	; --%	;
1968	;08/21 23:00 - 24:00	;0	; --%	; --%	;0	; --%	; --%	;0	; --%	; --%	;0	; --%	; --%	;0	; --%	; --%	;0	;Disminuir por100.0%	;Disminuir por100.0%	;0	; --%	;Disminuir por100.0%	;0	; --%	;Disminuir por100.0%	;
1969	;08/22 00:00 - 01:00	;0	; --%	; --%	;0	;Disminuir por100.0%	;Disminuir por100.0%	;0	; --%	; --%	;0	; --%	; --%	;0	; --%	; --%	;0	;Disminuir por100.0%	; --%	;0	; --%	; --%	;0	; --%	; --%	;
1970	;08/22 01:00 - 02:00	;0	; --%	; --%	;0	;Disminuir por100.0%	; --%	;0	; --%	; --%	;0	; --%	; --%	;0	; --%	; --%	;0	;Disminuir por100.0%	;Disminuir por100.0%	;0	; --%	; --%	;0	; --%	; --%	;
1971	;08/22 02:00 - 03:00	;0	; --%	; --%	;0	; --%	; --%	;0	; --%	; --%	;0	; --%	; --%	;0	; --%	; --%	;0	; --%	; --%	;0	; --%	; --%	;0	; --%	; --%	;
1972	;08/22 03:00 - 04:00	;0	; --%	; --%	;0	; --%	;Disminuir por100.0%	;0	; --%	; --%	;0	; --%	; --%	;0	; --%	;Disminuir por100.0%	;0	; --%	;Disminuir por100.0%	;0	; --%	; --%	;0	; --%	; --%	;
1973	;08/22 04:00 - 05:00	;0	; --%	; --%	;0	; --%	; --%	;0	; --%	; --%	;0	; --%	; --%	;0	; --%	; --%	;0	; --%	; --%	;0	; --%	; --%	;0	; --%	; --%	;
1974	;08/22 05:00 - 06:00	;0	; --%	; --%	;0	; --%	;Disminuir por100.0%	;0	; --%	; --%	;0	; --%	; --%	;0	; --%	; --%	;0	; --%	;Disminuir por100.0%	;0	; --%	; --%	;0	; --%	;Disminuir por100.0%	;
1975	;08/22 06:00 - 07:00	;0	; --%	; --%	;0	; --%	; --%	;0	; --%	; --%	;0	; --%	; --%	;0	; --%	;Disminuir por100.0%	;0	; --%	; --%	;0	; --%	; --%	;0	; --%	; --%	;
1976	;08/22 07:00 - 08:00	;0	; --%	; --%	;0	; --%	; --%	;0	;Disminuir por100.0%	;Disminuir por100.0%	;0	;Disminuir por100.0%	;Disminuir por100.0%	;0	; --%	;Disminuir por100.0%	;0	;Disminuir por100.0%	;Disminuir por100.0%	;0	; --%	; --%	;0	; --%	; --%	;
1977	;08/22 08:00 - 09:00	;0	; --%	; --%	;0	; --%	; --%	;0	; --%	;Disminuir por100.0%	;0	;Disminuir por100.0%	;Disminuir por100.0%	;0	; --%	; --%	;0	;Disminuir por100.0%	;Disminuir por100.0%	;0	; --%	;Disminuir por100.0%	;0	;Disminuir por100.0%	;Disminuir por100.0%	;
1978	;08/22 09:00 - 10:00	;0	; --%	; --%	;0	; --%	; --%	;0	; --%	; --%	;0	;Disminuir por100.0%	;Disminuir por100.0%	;0	;Disminuir por100.0%	; --%	;0	;Disminuir por100.0%	;Disminuir por100.0%	;0	; --%	;Disminuir por100.0%	;0	;Disminuir por100.0%	;Disminuir por100.0%	;
1979	;08/22 10:00 - 11:00	;0	; --%	; --%	;0	;Disminuir por100.0%	; --%	;0	;Disminuir por100.0%	;Disminuir por100.0%	;0	;Disminuir por100.0%	;Disminuir por100.0%	;0	;Disminuir por100.0%	; --%	;0	;Disminuir por100.0%	;Disminuir por100.0%	;0	; --%	; --%	;0	;Disminuir por100.0%	;Disminuir por100.0%	;
1980	;08/22 11:00 - 12:00	;0	; --%	; --%	;0	;Disminuir por100.0%	; --%	;0	;Disminuir por100.0%	;Disminuir por100.0%	;0	;Disminuir por100.0%	;Disminuir por100.0%	;0	;Disminuir por100.0%	;Disminuir por100.0%	;0	;Disminuir por100.0%	;Disminuir por100.0%	;0	; --%	;Disminuir por100.0%	;0	;Disminuir por100.0%	;Disminuir por100.0%	;
1981	;08/22 12:00 - 13:00	;0	; --%	; --%	;0	; --%	; --%	;0	; --%	;Disminuir por100.0%	;0	;Disminuir por100.0%	;Disminuir por100.0%	;0	;Disminuir por100.0%	;Disminuir por100.0%	;0	;Disminuir por100.0%	;Disminuir por100.0%	;0	; --%	; --%	;0	; --%	;Disminuir por100.0%	;
1982	;08/22 13:00 - 14:00	;0	; --%	; --%	;0	;Disminuir por100.0%	; --%	;0	; --%	;Disminuir por100.0%	;0	;Disminuir por100.0%	;Disminuir por100.0%	;0	; --%	;Disminuir por100.0%	;0	;Disminuir por100.0%	;Disminuir por100.0%	;0	; --%	; --%	;0	;Disminuir por100.0%	;Disminuir por100.0%	;
1983	;08/22 14:00 - 15:00	;0	; --%	; --%	;0	;Disminuir por100.0%	; --%	;0	; --%	; --%	;0	; --%	;Disminuir por100.0%	;0	;Disminuir por100.0%	;Disminuir por100.0%	;0	;Disminuir por100.0%	;Disminuir por100.0%	;0	; --%	; --%	;0	; --%	; --%	;
1984	;08/22 15:00 - 16:00	;0	; --%	; --%	;0	;Disminuir por100.0%	; --%	;0	;Disminuir por100.0%	; --%	;0	;Disminuir por100.0%	; --%	;0	;Disminuir por100.0%	;Disminuir por100.0%	;0	;Disminuir por100.0%	;Disminuir por100.0%	;0	; --%	; --%	;0	;Disminuir por100.0%	; --%	;
1985	;08/22 16:00 - 17:00	;0	; --%	; --%	;0	; --%	; --%	;0	; --%	;Disminuir por100.0%	;0	; --%	;Disminuir por100.0%	;0	; --%	; --%	;0	;Disminuir por100.0%	;Disminuir por100.0%	;0	; --%	; --%	;0	; --%	; --%	;
1986	;08/22 17:00 - 18:00	;0	; --%	; --%	;0	; --%	;Disminuir por100.0%	;0	; --%	; --%	;0	;Disminuir por100.0%	;Disminuir por100.0%	;0	; --%	; --%	;0	;Disminuir por100.0%	;Disminuir por100.0%	;0	;Disminuir por100.0%	;Disminuir por100.0%	;0	;Disminuir por100.0%	;Disminuir por100.0%	;
1987	;08/22 18:00 - 19:00	;0	; --%	; --%	;0	; --%	; --%	;0	; --%	; --%	;0	; --%	; --%	;0	;Disminuir por100.0%	; --%	;0	;Disminuir por100.0%	;Disminuir por100.0%	;0	; --%	; --%	;0	;Disminuir por100.0%	;Disminuir por100.0%	;
1988	;08/22 19:00 - 20:00	;0	; --%	; --%	;0	; --%	; --%	;0	; --%	; --%	;0	;Disminuir por100.0%	; --%	;0	; --%	;Disminuir por100.0%	;0	;Disminuir por100.0%	;Disminuir por100.0%	;0	; --%	; --%	;0	; --%	; --%	;
1989	;08/22 20:00 - 21:00	;0	; --%	; --%	;0	; --%	; --%	;0	; --%	; --%	;0	;Disminuir por100.0%	; --%	;0	;Disminuir por100.0%	; --%	;0	;Disminuir por100.0%	;Disminuir por100.0%	;0	; --%	; --%	;0	;Disminuir por100.0%	; --%	;
1990	;08/22 21:00 - 22:00	;0	; --%	; --%	;0	;Disminuir por100.0%	; --%	;0	; --%	; --%	;0	; --%	; --%	;0	; --%	;Disminuir por100.0%	;0	;Disminuir por100.0%	;Disminuir por100.0%	;0	; --%	; --%	;0	; --%	; --%	;
1991	;08/22 22:00 - 23:00	;0	; --%	; --%	;0	;Disminuir por100.0%	;Disminuir por100.0%	;0	; --%	; --%	;0	;Disminuir por100.0%	; --%	;0	; --%	; --%	;0	;Disminuir por100.0%	; --%	;0	; --%	; --%	;0	; --%	; --%	;
1992	;08/22 23:00 - 24:00	;0	; --%	; --%	;0	;Disminuir por100.0%	; --%	;0	; --%	; --%	;0	; --%	; --%	;0	; --%	;Disminuir por100.0%	;0	;Disminuir por100.0%	;Disminuir por100.0%	;0	; --%	; --%	;0	; --%	; --%	;
1993	;08/23 00:00 - 01:00	;0	; --%	; --%	;0	;Disminuir por100.0%	;Disminuir por100.0%	;0	; --%	; --%	;0	; --%	; --%	;0	; --%	;Disminuir por100.0%	;0	;Disminuir por100.0%	; --%	;0	; --%	; --%	;0	; --%	; --%	;
1994	;08/23 01:00 - 02:00	;0	; --%	; --%	;0	;Disminuir por100.0%	; --%	;0	; --%	; --%	;0	; --%	;Disminuir por100.0%	;0	; --%	; --%	;0	;Disminuir por100.0%	;Disminuir por100.0%	;0	; --%	; --%	;0	; --%	; --%	;
1995	;08/23 02:00 - 03:00	;0	; --%	; --%	;0	; --%	; --%	;0	; --%	; --%	;0	; --%	; --%	;0	; --%	; --%	;0	; --%	; --%	;0	; --%	; --%	;0	; --%	; --%	;
1996	;08/23 03:00 - 04:00	;0	; --%	; --%	;0	; --%	; --%	;0	; --%	; --%	;0	; --%	; --%	;0	; --%	;Disminuir por100.0%	;0	; --%	;Disminuir por100.0%	;0	; --%	; --%	;0	; --%	; --%	;
1997	;08/23 04:00 - 05:00	;0	; --%	; --%	;0	; --%	; --%	;0	; --%	; --%	;0	; --%	; --%	;0	; --%	; --%	;0	; --%	;Disminuir por100.0%	;0	; --%	; --%	;0	; --%	; --%	;
1998	;08/23 05:00 - 06:00	;0	; --%	; --%	;0	; --%	;Disminuir por100.0%	;0	; --%	; --%	;0	; --%	; --%	;0	; --%	; --%	;0	; --%	; --%	;0	; --%	; --%	;0	; --%	; --%	;
1999	;08/23 06:00 - 07:00	;0	; --%	; --%	;0	; --%	; --%	;0	; --%	; --%	;0	; --%	; --%	;0	; --%	; --%	;0	; --%	;Disminuir por100.0%	;0	; --%	; --%	;0	; --%	; --%	;
2000	;08/23 07:00 - 08:00	;0	; --%	; --%	;0	; --%	; --%	;0	; --%	; --%	;0	; --%	; --%	;0	; --%	; --%	;0	;Disminuir por100.0%	;Disminuir por100.0%	;0	; --%	; --%	;0	; --%	; --%	;
2001	;08/23 08:00 - 09:00	;0	; --%	; --%	;0	; --%	; --%	;0	;Disminuir por100.0%	; --%	;0	;Disminuir por100.0%	;Disminuir por100.0%	;0	;Disminuir por100.0%	; --%	;0	;Disminuir por100.0%	;Disminuir por100.0%	;0	; --%	; --%	;0	; --%	;Disminuir por100.0%	;
2002	;08/23 09:00 - 10:00	;0	; --%	; --%	;0	; --%	; --%	;0	; --%	; --%	;0	;Disminuir por100.0%	;Disminuir por100.0%	;0	;Disminuir por100.0%	; --%	;0	;Disminuir por100.0%	;Disminuir por100.0%	;0	; --%	;Disminuir por100.0%	;0	; --%	;Disminuir por100.0%	;
2003	;08/23 10:00 - 11:00	;0	; --%	; --%	;0	;Disminuir por100.0%	; --%	;0	; --%	; --%	;0	;Disminuir por100.0%	;Disminuir por100.0%	;0	;Disminuir por100.0%	;Disminuir por100.0%	;0	;Disminuir por100.0%	;Disminuir por100.0%	;0	; --%	;Disminuir por100.0%	;0	; --%	;Disminuir por100.0%	;
2004	;08/23 11:00 - 12:00	;0	;Disminuir por100.0%	; --%	;0	;Disminuir por100.0%	; --%	;0	; --%	; --%	;0	;Disminuir por100.0%	;Disminuir por100.0%	;0	;Disminuir por100.0%	;Disminuir por100.0%	;0	;Disminuir por100.0%	;Disminuir por100.0%	;0	;Disminuir por100.0%	;Disminuir por100.0%	;0	;Disminuir por100.0%	;Disminuir por100.0%	;
2005	;08/23 12:00 - 13:00	;0	; --%	; --%	;0	;Disminuir por100.0%	; --%	;0	; --%	; --%	;0	;Disminuir por100.0%	;Disminuir por100.0%	;0	;Disminuir por100.0%	; --%	;0	;Disminuir por100.0%	;Disminuir por100.0%	;0	; --%	; --%	;0	; --%	; --%	;
2006	;08/23 13:00 - 14:00	;0	; --%	; --%	;0	;Disminuir por100.0%	;Disminuir por100.0%	;0	; --%	;Disminuir por100.0%	;0	;Disminuir por100.0%	;Disminuir por100.0%	;0	; --%	;Disminuir por100.0%	;0	;Disminuir por100.0%	;Disminuir por100.0%	;0	; --%	; --%	;0	;Disminuir por100.0%	;Disminuir por100.0%	;
2007	;08/23 14:00 - 15:00	;0	; --%	; --%	;0	;Disminuir por100.0%	;Disminuir por100.0%	;0	; --%	; --%	;0	;Disminuir por100.0%	; --%	;0	;Disminuir por100.0%	; --%	;0	;Disminuir por100.0%	;Disminuir por100.0%	;0	; --%	; --%	;0	;Disminuir por100.0%	;Disminuir por100.0%	;
2008	;08/23 15:00 - 16:00	;0	; --%	; --%	;0	;Disminuir por100.0%	; --%	;0	; --%	; --%	;0	; --%	;Disminuir por100.0%	;0	; --%	; --%	;0	;Disminuir por100.0%	;Disminuir por100.0%	;0	; --%	;Disminuir por100.0%	;0	; --%	;Disminuir por100.0%	;
2009	;08/23 16:00 - 17:00	;0	; --%	; --%	;0	; --%	; --%	;0	; --%	; --%	;0	;Disminuir por100.0%	;Disminuir por100.0%	;0	; --%	;Disminuir por100.0%	;0	;Disminuir por100.0%	;Disminuir por100.0%	;0	; --%	; --%	;0	; --%	; --%	;
2010	;08/23 17:00 - 18:00	;0	; --%	; --%	;0	; --%	;Disminuir por100.0%	;0	; --%	; --%	;0	;Disminuir por100.0%	;Disminuir por100.0%	;0	; --%	; --%	;0	;Disminuir por100.0%	;Disminuir por100.0%	;0	; --%	;Disminuir por100.0%	;0	;Disminuir por100.0%	;Disminuir por100.0%	;
2011	;08/23 18:00 - 19:00	;0	; --%	; --%	;0	;Disminuir por100.0%	; --%	;0	; --%	; --%	;0	;Disminuir por100.0%	;Disminuir por100.0%	;0	; --%	; --%	;0	;Disminuir por100.0%	;Disminuir por100.0%	;0	;Disminuir por100.0%	; --%	;0	;Disminuir por100.0%	; --%	;
2012	;08/23 19:00 - 20:00	;0	; --%	; --%	;0	; --%	; --%	;0	; --%	; --%	;0	;Disminuir por100.0%	; --%	;0	;Disminuir por100.0%	;Disminuir por100.0%	;0	;Disminuir por100.0%	;Disminuir por100.0%	;0	; --%	; --%	;0	;Disminuir por100.0%	; --%	;
2013	;08/23 20:00 - 21:00	;0	; --%	; --%	;0	; --%	; --%	;0	; --%	; --%	;0	;Disminuir por100.0%	; --%	;0	;Disminuir por100.0%	; --%	;0	;Disminuir por100.0%	; --%	;0	; --%	; --%	;0	;Disminuir por100.0%	; --%	;
2014	;08/23 21:00 - 22:00	;0	; --%	; --%	;0	;Disminuir por100.0%	; --%	;0	;Disminuir por100.0%	; --%	;0	;Disminuir por100.0%	; --%	;0	; --%	; --%	;0	;Disminuir por100.0%	; --%	;0	; --%	; --%	;0	;Disminuir por100.0%	; --%	;
2015	;08/23 22:00 - 23:00	;0	; --%	; --%	;0	; --%	; --%	;0	; --%	; --%	;0	; --%	; --%	;0	; --%	; --%	;0	;Disminuir por100.0%	;Disminuir por100.0%	;0	; --%	; --%	;0	; --%	; --%	;
2016	;08/23 23:00 - 24:00	;0	; --%	; --%	;0	;Disminuir por100.0%	; --%	;0	; --%	; --%	;0	; --%	; --%	;0	; --%	; --%	;0	;Disminuir por100.0%	;Disminuir por100.0%	;0	; --%	; --%	;0	; --%	; --%	;
2017	;08/24 00:00 - 01:00	;0	; --%	; --%	;0	;Disminuir por100.0%	; --%	;0	; --%	; --%	;0	; --%	; --%	;0	; --%	; --%	;0	; --%	;Disminuir por100.0%	;0	; --%	; --%	;0	; --%	; --%	;
2018	;08/24 01:00 - 02:00	;0	; --%	; --%	;0	;Disminuir por100.0%	; --%	;0	; --%	; --%	;0	; --%	; --%	;0	; --%	; --%	;0	;Disminuir por100.0%	;Disminuir por100.0%	;0	; --%	; --%	;0	; --%	;Disminuir por100.0%	;
2019	;08/24 02:00 - 03:00	;0	; --%	; --%	;0	; --%	; --%	;0	; --%	; --%	;0	; --%	; --%	;0	; --%	; --%	;0	; --%	; --%	;0	; --%	; --%	;0	; --%	;Disminuir por100.0%	;
2020	;08/24 03:00 - 04:00	;0	; --%	; --%	;0	; --%	; --%	;0	; --%	; --%	;0	; --%	; --%	;0	; --%	;Disminuir por100.0%	;0	; --%	;Disminuir por100.0%	;0	; --%	; --%	;0	; --%	; --%	;
2021	;08/24 04:00 - 05:00	;0	; --%	; --%	;0	; --%	; --%	;0	; --%	; --%	;0	; --%	;Disminuir por100.0%	;0	; --%	; --%	;0	; --%	; --%	;0	; --%	; --%	;0	; --%	; --%	;
2022	;08/24 05:00 - 06:00	;0	; --%	; --%	;0	; --%	; --%	;0	; --%	; --%	;0	; --%	; --%	;0	; --%	; --%	;0	; --%	;Disminuir por100.0%	;0	; --%	; --%	;0	; --%	; --%	;
2023	;08/24 06:00 - 07:00	;0	; --%	; --%	;0	; --%	; --%	;0	; --%	; --%	;0	; --%	; --%	;0	; --%	; --%	;0	; --%	; --%	;0	; --%	; --%	;0	; --%	; --%	;
2024	;08/24 07:00 - 08:00	;0	; --%	; --%	;0	; --%	; --%	;0	;Disminuir por100.0%	; --%	;0	;Disminuir por100.0%	; --%	;0	; --%	; --%	;0	;Disminuir por100.0%	;Disminuir por100.0%	;0	; --%	; --%	;0	;Disminuir por100.0%	;Disminuir por100.0%	;
2025	;08/24 08:00 - 09:00	;0	; --%	; --%	;0	; --%	; --%	;0	;Disminuir por100.0%	; --%	;0	;Disminuir por100.0%	;Disminuir por100.0%	;0	; --%	; --%	;0	;Disminuir por100.0%	;Disminuir por100.0%	;0	; --%	; --%	;0	; --%	; --%	;
2026	;08/24 09:00 - 10:00	;0	; --%	; --%	;0	; --%	;Disminuir por100.0%	;0	;Disminuir por100.0%	; --%	;0	;Disminuir por100.0%	;Disminuir por100.0%	;0	;Disminuir por100.0%	; --%	;0	;Disminuir por100.0%	;Disminuir por100.0%	;0	; --%	; --%	;0	; --%	; --%	;
2027	;08/24 10:00 - 11:00	;0	; --%	; --%	;0	;Disminuir por100.0%	;Disminuir por100.0%	;0	; --%	; --%	;0	;Disminuir por100.0%	;Disminuir por100.0%	;0	;Disminuir por100.0%	; --%	;0	;Disminuir por100.0%	;Disminuir por100.0%	;0	; --%	; --%	;0	; --%	;Disminuir por100.0%	;
2028	;08/24 11:00 - 12:00	;0	; --%	; --%	;0	; --%	; --%	;0	; --%	; --%	;0	;Disminuir por100.0%	; --%	;0	;Disminuir por100.0%	;Disminuir por100.0%	;0	;Disminuir por100.0%	;Disminuir por100.0%	;0	; --%	; --%	;0	;Disminuir por100.0%	; --%	;
2029	;08/24 12:00 - 13:00	;0	; --%	; --%	;0	; --%	; --%	;0	; --%	; --%	;0	; --%	;Disminuir por100.0%	;0	;Disminuir por100.0%	; --%	;0	;Disminuir por100.0%	;Disminuir por100.0%	;0	; --%	; --%	;0	; --%	;Disminuir por100.0%	;
2030	;08/24 13:00 - 14:00	;0	; --%	; --%	;0	; --%	;Disminuir por100.0%	;0	;Disminuir por100.0%	; --%	;0	;Disminuir por100.0%	;Disminuir por100.0%	;0	; --%	; --%	;0	;Disminuir por100.0%	;Disminuir por100.0%	;0	; --%	; --%	;0	; --%	; --%	;
2031	;08/24 14:00 - 15:00	;0	; --%	; --%	;0	; --%	;Disminuir por100.0%	;0	; --%	; --%	;0	; --%	; --%	;0	; --%	; --%	;0	; --%	;Disminuir por100.0%	;0	; --%	; --%	;0	; --%	; --%	;
2032	;08/24 15:00 - 16:00	;0	; --%	; --%	;0	;Disminuir por100.0%	;Disminuir por100.0%	;0	; --%	; --%	;0	; --%	;Disminuir por100.0%	;0	;Disminuir por100.0%	; --%	;0	;Disminuir por100.0%	;Disminuir por100.0%	;0	; --%	; --%	;0	; --%	; --%	;
2033	;08/24 16:00 - 17:00	;0	; --%	; --%	;0	; --%	; --%	;0	; --%	; --%	;0	;Disminuir por100.0%	;Disminuir por100.0%	;0	; --%	; --%	;0	;Disminuir por100.0%	;Disminuir por100.0%	;0	; --%	; --%	;0	;Disminuir por100.0%	; --%	;
2034	;08/24 17:00 - 18:00	;0	; --%	; --%	;0	;Disminuir por100.0%	; --%	;0	;Disminuir por100.0%	; --%	;0	;Disminuir por100.0%	; --%	;0	; --%	;Disminuir por100.0%	;0	;Disminuir por100.0%	;Disminuir por100.0%	;0	; --%	;Disminuir por100.0%	;0	; --%	;Disminuir por100.0%	;
2035	;08/24 18:00 - 19:00	;0	; --%	; --%	;0	; --%	; --%	;0	;Disminuir por100.0%	; --%	;0	;Disminuir por100.0%	;Disminuir por100.0%	;0	; --%	;Disminuir por100.0%	;0	;Disminuir por100.0%	;Disminuir por100.0%	;0	; --%	; --%	;0	;Disminuir por100.0%	; --%	;
2036	;08/24 19:00 - 20:00	;0	; --%	; --%	;0	; --%	; --%	;0	;Disminuir por100.0%	; --%	;0	;Disminuir por100.0%	;Disminuir por100.0%	;0	; --%	;Disminuir por100.0%	;0	;Disminuir por100.0%	;Disminuir por100.0%	;0	; --%	; --%	;0	; --%	; --%	;
2037	;08/24 20:00 - 21:00	;0	; --%	; --%	;0	;Disminuir por100.0%	; --%	;0	; --%	; --%	;0	; --%	; --%	;0	; --%	;Disminuir por100.0%	;0	;Disminuir por100.0%	;Disminuir por100.0%	;0	; --%	; --%	;0	; --%	; --%	;
2038	;08/24 21:00 - 22:00	;0	; --%	; --%	;0	;Disminuir por100.0%	; --%	;0	; --%	; --%	;0	; --%	; --%	;0	; --%	; --%	;0	;Disminuir por100.0%	; --%	;0	; --%	; --%	;0	; --%	; --%	;
2039	;08/24 22:00 - 23:00	;0	; --%	; --%	;0	; --%	; --%	;0	; --%	; --%	;0	; --%	; --%	;0	;Disminuir por100.0%	; --%	;0	;Disminuir por100.0%	; --%	;0	; --%	; --%	;0	; --%	; --%	;
2040	;08/24 23:00 - 24:00	;0	; --%	; --%	;0	;Disminuir por100.0%	;Disminuir por100.0%	;0	; --%	; --%	;0	; --%	; --%	;0	; --%	; --%	;0	;Disminuir por100.0%	; --%	;0	; --%	; --%	;0	; --%	; --%	;
2041	;08/25 00:00 - 01:00	;0	; --%	; --%	;0	; --%	;Disminuir por100.0%	;0	; --%	; --%	;0	; --%	;Disminuir por100.0%	;0	; --%	; --%	;0	;Disminuir por100.0%	;Disminuir por100.0%	;0	; --%	; --%	;0	; --%	;Disminuir por100.0%	;
2042	;08/25 01:00 - 02:00	;0	; --%	; --%	;0	; --%	; --%	;0	; --%	; --%	;0	; --%	; --%	;0	; --%	; --%	;0	;Disminuir por100.0%	; --%	;0	; --%	; --%	;0	; --%	; --%	;
2043	;08/25 02:00 - 03:00	;0	; --%	; --%	;0	; --%	; --%	;0	; --%	; --%	;0	; --%	; --%	;0	; --%	; --%	;0	; --%	;Disminuir por100.0%	;0	; --%	; --%	;0	; --%	; --%	;
2044	;08/25 03:00 - 04:00	;0	; --%	; --%	;0	; --%	; --%	;0	; --%	; --%	;0	; --%	; --%	;0	; --%	;Disminuir por100.0%	;0	; --%	;Disminuir por100.0%	;0	; --%	; --%	;0	; --%	; --%	;
2045	;08/25 04:00 - 05:00	;0	; --%	; --%	;0	; --%	; --%	;0	; --%	; --%	;0	; --%	; --%	;0	; --%	; --%	;0	; --%	; --%	;0	; --%	; --%	;0	; --%	; --%	;
2046	;08/25 05:00 - 06:00	;0	; --%	; --%	;0	; --%	; --%	;0	; --%	; --%	;0	; --%	; --%	;0	; --%	; --%	;0	; --%	;Disminuir por100.0%	;0	; --%	; --%	;0	; --%	; --%	;
2047	;08/25 06:00 - 07:00	;0	; --%	; --%	;0	; --%	; --%	;0	; --%	; --%	;0	; --%	; --%	;0	; --%	; --%	;0	;Disminuir por100.0%	; --%	;0	; --%	; --%	;0	;Disminuir por100.0%	;Disminuir por100.0%	;
2048	;08/25 07:00 - 08:00	;0	; --%	; --%	;0	;Disminuir por100.0%	; --%	;0	; --%	; --%	;0	;Disminuir por100.0%	;Disminuir por100.0%	;0	;Disminuir por100.0%	;Disminuir por100.0%	;0	;Disminuir por100.0%	;Disminuir por100.0%	;0	; --%	; --%	;0	;Disminuir por100.0%	;Disminuir por100.0%	;
2049	;08/25 08:00 - 09:00	;0	; --%	; --%	;0	;Disminuir por100.0%	;Disminuir por100.0%	;0	; --%	; --%	;0	;Disminuir por100.0%	;Disminuir por100.0%	;0	; --%	; --%	;0	;Disminuir por100.0%	;Disminuir por100.0%	;0	; --%	; --%	;0	;Disminuir por100.0%	;Disminuir por100.0%	;
2050	;08/25 09:00 - 10:00	;0	; --%	; --%	;0	; --%	; --%	;0	; --%	; --%	;0	;Disminuir por100.0%	;Disminuir por100.0%	;0	; --%	;Disminuir por100.0%	;0	;Disminuir por100.0%	;Disminuir por100.0%	;0	; --%	; --%	;0	;Disminuir por100.0%	;Disminuir por100.0%	;
2051	;08/25 10:00 - 11:00	;0	; --%	; --%	;0	;Disminuir por100.0%	; --%	;0	; --%	; --%	;0	;Disminuir por100.0%	;Disminuir por100.0%	;0	; --%	;Disminuir por100.0%	;0	;Disminuir por100.0%	;Disminuir por100.0%	;0	;Disminuir por100.0%	;Disminuir por100.0%	;0	;Disminuir por100.0%	;Disminuir por100.0%	;
2052	;08/25 11:00 - 12:00	;0	; --%	; --%	;0	; --%	; --%	;0	; --%	; --%	;0	;Disminuir por100.0%	;Disminuir por100.0%	;0	;Disminuir por100.0%	; --%	;0	;Disminuir por100.0%	;Disminuir por100.0%	;0	; --%	;Disminuir por100.0%	;0	; --%	;Disminuir por100.0%	;
2053	;08/25 12:00 - 13:00	;0	; --%	; --%	;0	;Disminuir por100.0%	; --%	;0	; --%	;Disminuir por100.0%	;0	;Disminuir por100.0%	;Disminuir por100.0%	;0	; --%	; --%	;0	;Disminuir por100.0%	;Disminuir por100.0%	;0	; --%	; --%	;0	; --%	;Disminuir por100.0%	;
2054	;08/25 13:00 - 14:00	;0	;Disminuir por100.0%	; --%	;0	;Disminuir por100.0%	;Disminuir por100.0%	;0	;Disminuir por100.0%	; --%	;0	;Disminuir por100.0%	;Disminuir por100.0%	;0	; --%	; --%	;0	;Disminuir por100.0%	;Disminuir por100.0%	;0	;Disminuir por100.0%	; --%	;0	;Disminuir por100.0%	;Disminuir por100.0%	;
2055	;08/25 14:00 - 15:00	;0	; --%	; --%	;0	;Disminuir por100.0%	; --%	;0	; --%	; --%	;0	;Disminuir por100.0%	;Disminuir por100.0%	;0	; --%	;Disminuir por100.0%	;0	;Disminuir por100.0%	;Disminuir por100.0%	;0	; --%	; --%	;0	;Disminuir por100.0%	; --%	;
2056	;08/25 15:00 - 16:00	;0	; --%	; --%	;0	;Disminuir por100.0%	;Disminuir por100.0%	;0	; --%	; --%	;0	;Disminuir por100.0%	; --%	;0	;Disminuir por100.0%	;Disminuir por100.0%	;0	;Disminuir por100.0%	;Disminuir por100.0%	;0	; --%	; --%	;0	; --%	; --%	;
2057	;08/25 16:00 - 17:00	;0	; --%	; --%	;0	; --%	; --%	;0	; --%	; --%	;0	;Disminuir por100.0%	;Disminuir por100.0%	;0	; --%	;Disminuir por100.0%	;0	;Disminuir por100.0%	;Disminuir por100.0%	;0	; --%	; --%	;0	; --%	; --%	;
2058	;08/25 17:00 - 18:00	;0	; --%	; --%	;0	; --%	; --%	;0	; --%	; --%	;0	;Disminuir por100.0%	;Disminuir por100.0%	;0	; --%	; --%	;0	;Disminuir por100.0%	;Disminuir por100.0%	;0	;Disminuir por100.0%	; --%	;0	;Disminuir por100.0%	;Disminuir por100.0%	;
2059	;08/25 18:00 - 19:00	;0	; --%	; --%	;0	; --%	; --%	;0	; --%	; --%	;0	;Disminuir por100.0%	;Disminuir por100.0%	;0	; --%	; --%	;0	;Disminuir por100.0%	;Disminuir por100.0%	;0	; --%	; --%	;0	;Disminuir por100.0%	; --%	;
2060	;08/25 19:00 - 20:00	;0	; --%	; --%	;0	; --%	; --%	;0	; --%	; --%	;0	; --%	; --%	;0	;Disminuir por100.0%	; --%	;0	;Disminuir por100.0%	;Disminuir por100.0%	;0	; --%	; --%	;0	; --%	; --%	;
2061	;08/25 20:00 - 21:00	;0	; --%	; --%	;0	; --%	; --%	;0	; --%	;Disminuir por100.0%	;0	; --%	;Disminuir por100.0%	;0	; --%	;Disminuir por100.0%	;0	;Disminuir por100.0%	;Disminuir por100.0%	;0	; --%	; --%	;0	; --%	; --%	;
2062	;08/25 21:00 - 22:00	;0	; --%	; --%	;0	;Disminuir por100.0%	; --%	;0	; --%	; --%	;0	;Disminuir por100.0%	; --%	;0	; --%	;Disminuir por100.0%	;0	;Disminuir por100.0%	;Disminuir por100.0%	;0	; --%	; --%	;0	; --%	; --%	;
2063	;08/25 22:00 - 23:00	;0	; --%	; --%	;0	;Disminuir por100.0%	; --%	;0	; --%	; --%	;0	; --%	; --%	;0	; --%	; --%	;0	;Disminuir por100.0%	; --%	;0	; --%	; --%	;0	; --%	;Disminuir por100.0%	;
2064	;08/25 23:00 - 24:00	;0	; --%	; --%	;0	; --%	; --%	;0	; --%	; --%	;0	; --%	; --%	;0	; --%	; --%	;0	;Disminuir por100.0%	;Disminuir por100.0%	;0	; --%	; --%	;0	; --%	; --%	;
2065	;08/26 00:00 - 01:00	;0	; --%	; --%	;0	;Disminuir por100.0%	; --%	;0	; --%	; --%	;0	; --%	;Disminuir por100.0%	;0	; --%	; --%	;0	;Disminuir por100.0%	; --%	;0	; --%	; --%	;0	; --%	; --%	;
2066	;08/26 01:00 - 02:00	;0	; --%	; --%	;0	; --%	; --%	;0	; --%	; --%	;0	; --%	; --%	;0	; --%	; --%	;0	; --%	; --%	;0	; --%	; --%	;0	; --%	; --%	;
2067	;08/26 02:00 - 03:00	;0	; --%	; --%	;0	; --%	; --%	;0	; --%	; --%	;0	; --%	; --%	;0	; --%	; --%	;0	; --%	; --%	;0	; --%	; --%	;0	; --%	; --%	;
2068	;08/26 03:00 - 04:00	;0	; --%	; --%	;0	; --%	; --%	;0	; --%	; --%	;0	; --%	; --%	;0	; --%	;Disminuir por100.0%	;0	; --%	;Disminuir por100.0%	;0	; --%	; --%	;0	; --%	; --%	;
2069	;08/26 04:00 - 05:00	;0	; --%	; --%	;0	; --%	;Disminuir por100.0%	;0	; --%	; --%	;0	; --%	; --%	;0	; --%	; --%	;0	; --%	; --%	;0	; --%	; --%	;0	; --%	; --%	;
2070	;08/26 05:00 - 06:00	;0	; --%	; --%	;0	; --%	; --%	;0	; --%	; --%	;0	; --%	; --%	;0	; --%	; --%	;0	; --%	; --%	;0	; --%	; --%	;0	; --%	; --%	;
2071	;08/26 06:00 - 07:00	;0	; --%	; --%	;0	; --%	;Disminuir por100.0%	;0	; --%	; --%	;0	; --%	; --%	;0	; --%	; --%	;0	; --%	; --%	;0	; --%	; --%	;0	; --%	; --%	;
2072	;08/26 07:00 - 08:00	;0	; --%	; --%	;0	;Disminuir por100.0%	;Disminuir por100.0%	;0	; --%	; --%	;0	;Disminuir por100.0%	;Disminuir por100.0%	;0	;Disminuir por100.0%	;Disminuir por100.0%	;0	;Disminuir por100.0%	;Disminuir por100.0%	;0	; --%	; --%	;0	;Disminuir por100.0%	; --%	;
2073	;08/26 08:00 - 09:00	;0	; --%	; --%	;0	; --%	;Disminuir por100.0%	;0	; --%	; --%	;0	; --%	;Disminuir por100.0%	;0	; --%	; --%	;0	;Disminuir por100.0%	;Disminuir por100.0%	;0	;Disminuir por100.0%	; --%	;0	;Disminuir por100.0%	;Disminuir por100.0%	;
2074	;08/26 09:00 - 10:00	;0	; --%	;Disminuir por100.0%	;0	; --%	;Disminuir por100.0%	;0	; --%	; --%	;0	;Disminuir por100.0%	;Disminuir por100.0%	;0	;Disminuir por100.0%	; --%	;0	;Disminuir por100.0%	;Disminuir por100.0%	;0	; --%	; --%	;0	;Disminuir por100.0%	;Disminuir por100.0%	;
2075	;08/26 10:00 - 11:00	;0	;Disminuir por100.0%	; --%	;0	;Disminuir por100.0%	; --%	;0	;Disminuir por100.0%	; --%	;0	;Disminuir por100.0%	;Disminuir por100.0%	;0	;Disminuir por100.0%	;Disminuir por100.0%	;0	;Disminuir por100.0%	;Disminuir por100.0%	;0	; --%	;Disminuir por100.0%	;0	; --%	;Disminuir por100.0%	;
2076	;08/26 11:00 - 12:00	;0	; --%	; --%	;0	;Disminuir por100.0%	;Disminuir por100.0%	;0	;Disminuir por100.0%	;Disminuir por100.0%	;0	;Disminuir por100.0%	;Disminuir por100.0%	;0	; --%	;Disminuir por100.0%	;0	;Disminuir por100.0%	;Disminuir por100.0%	;0	; --%	; --%	;0	;Disminuir por100.0%	;Disminuir por100.0%	;
2077	;08/26 12:00 - 13:00	;0	; --%	; --%	;0	; --%	; --%	;0	;Disminuir por100.0%	; --%	;0	;Disminuir por100.0%	; --%	;0	; --%	; --%	;0	;Disminuir por100.0%	;Disminuir por100.0%	;0	; --%	; --%	;0	;Disminuir por100.0%	;Disminuir por100.0%	;
2078	;08/26 13:00 - 14:00	;0	; --%	; --%	;0	;Disminuir por100.0%	; --%	;0	; --%	; --%	;0	; --%	; --%	;0	; --%	;Disminuir por100.0%	;0	;Disminuir por100.0%	;Disminuir por100.0%	;0	; --%	;Disminuir por100.0%	;0	;Disminuir por100.0%	;Disminuir por100.0%	;
2079	;08/26 14:00 - 15:00	;0	; --%	; --%	;0	;Disminuir por100.0%	;Disminuir por100.0%	;0	; --%	;Disminuir por100.0%	;0	;Disminuir por100.0%	;Disminuir por100.0%	;0	; --%	;Disminuir por100.0%	;0	;Disminuir por100.0%	;Disminuir por100.0%	;0	; --%	; --%	;0	; --%	; --%	;
2080	;08/26 15:00 - 16:00	;0	; --%	; --%	;0	; --%	; --%	;0	;Disminuir por100.0%	; --%	;0	;Disminuir por100.0%	;Disminuir por100.0%	;0	; --%	;Disminuir por100.0%	;0	;Disminuir por100.0%	;Disminuir por100.0%	;0	; --%	; --%	;0	; --%	; --%	;
2081	;08/26 16:00 - 17:00	;0	; --%	; --%	;0	; --%	; --%	;0	; --%	; --%	;0	; --%	;Disminuir por100.0%	;0	;Disminuir por100.0%	;Disminuir por100.0%	;0	;Disminuir por100.0%	;Disminuir por100.0%	;0	; --%	; --%	;0	; --%	; --%	;
2082	;08/26 17:00 - 18:00	;0	; --%	; --%	;0	; --%	; --%	;0	; --%	; --%	;0	;Disminuir por100.0%	;Disminuir por100.0%	;0	; --%	; --%	;0	;Disminuir por100.0%	;Disminuir por100.0%	;0	; --%	; --%	;0	;Disminuir por100.0%	; --%	;
2083	;08/26 18:00 - 19:00	;0	; --%	; --%	;0	; --%	; --%	;0	; --%	; --%	;0	; --%	;Disminuir por100.0%	;0	; --%	; --%	;0	;Disminuir por100.0%	;Disminuir por100.0%	;0	; --%	; --%	;0	;Disminuir por100.0%	;Disminuir por100.0%	;
2084	;08/26 19:00 - 20:00	;0	; --%	; --%	;0	; --%	; --%	;0	; --%	; --%	;0	;Disminuir por100.0%	;Disminuir por100.0%	;0	;Disminuir por100.0%	;Disminuir por100.0%	;0	;Disminuir por100.0%	;Disminuir por100.0%	;0	; --%	; --%	;0	; --%	; --%	;
2085	;08/26 20:00 - 21:00	;0	; --%	; --%	;0	; --%	; --%	;0	; --%	; --%	;0	;Disminuir por100.0%	; --%	;0	; --%	; --%	;0	;Disminuir por100.0%	;Disminuir por100.0%	;0	; --%	; --%	;0	; --%	; --%	;
2086	;08/26 21:00 - 22:00	;0	; --%	; --%	;0	; --%	; --%	;0	; --%	; --%	;0	; --%	; --%	;0	; --%	; --%	;0	;Disminuir por100.0%	; --%	;0	; --%	; --%	;0	; --%	; --%	;
2087	;08/26 22:00 - 23:00	;0	; --%	; --%	;0	;Disminuir por100.0%	; --%	;0	; --%	; --%	;0	; --%	; --%	;0	; --%	; --%	;0	; --%	;Disminuir por100.0%	;0	; --%	; --%	;0	; --%	; --%	;
2088	;08/26 23:00 - 24:00	;0	; --%	; --%	;0	;Disminuir por100.0%	;Disminuir por100.0%	;0	; --%	; --%	;0	; --%	; --%	;0	; --%	;Disminuir por100.0%	;0	; --%	;Disminuir por100.0%	;0	; --%	; --%	;0	; --%	; --%	;
2089	;08/27 00:00 - 01:00	;0	; --%	; --%	;0	;Disminuir por100.0%	; --%	;0	; --%	; --%	;0	; --%	; --%	;0	; --%	; --%	;0	;Disminuir por100.0%	;Disminuir por100.0%	;0	; --%	; --%	;0	; --%	; --%	;
2090	;08/27 01:00 - 02:00	;0	; --%	; --%	;0	; --%	; --%	;0	; --%	; --%	;0	; --%	; --%	;0	; --%	;Disminuir por100.0%	;0	;Disminuir por100.0%	;Disminuir por100.0%	;0	; --%	; --%	;0	; --%	; --%	;
2091	;08/27 02:00 - 03:00	;0	; --%	; --%	;0	; --%	; --%	;0	; --%	; --%	;0	; --%	; --%	;0	; --%	; --%	;0	; --%	; --%	;0	; --%	; --%	;0	; --%	; --%	;
2092	;08/27 03:00 - 04:00	;0	; --%	; --%	;0	; --%	; --%	;0	; --%	; --%	;0	; --%	; --%	;0	; --%	; --%	;0	;Disminuir por100.0%	; --%	;0	; --%	; --%	;0	; --%	; --%	;
2093	;08/27 04:00 - 05:00	;0	; --%	; --%	;0	; --%	; --%	;0	; --%	; --%	;0	; --%	; --%	;0	; --%	; --%	;0	; --%	;Disminuir por100.0%	;0	; --%	; --%	;0	; --%	;Disminuir por100.0%	;
2094	;08/27 05:00 - 06:00	;0	; --%	; --%	;0	; --%	; --%	;0	; --%	; --%	;0	; --%	;Disminuir por100.0%	;0	; --%	; --%	;0	; --%	;Disminuir por100.0%	;0	; --%	;Disminuir por100.0%	;0	; --%	;Disminuir por100.0%	;
2095	;08/27 06:00 - 07:00	;0	; --%	; --%	;0	; --%	; --%	;0	; --%	; --%	;0	; --%	; --%	;0	; --%	; --%	;0	; --%	;Disminuir por100.0%	;0	; --%	; --%	;0	; --%	; --%	;
2096	;08/27 07:00 - 08:00	;0	; --%	; --%	;0	;Disminuir por100.0%	; --%	;0	; --%	; --%	;0	;Disminuir por100.0%	; --%	;0	;Disminuir por100.0%	;Disminuir por100.0%	;0	;Disminuir por100.0%	;Disminuir por100.0%	;0	; --%	; --%	;0	;Disminuir por100.0%	; --%	;
2097	;08/27 08:00 - 09:00	;0	; --%	; --%	;0	; --%	; --%	;0	;Disminuir por100.0%	; --%	;0	;Disminuir por100.0%	;Disminuir por100.0%	;0	; --%	;Disminuir por100.0%	;0	;Disminuir por100.0%	;Disminuir por100.0%	;0	; --%	; --%	;0	;Disminuir por100.0%	;Disminuir por100.0%	;
2098	;08/27 09:00 - 10:00	;0	; --%	; --%	;0	;Disminuir por100.0%	; --%	;0	; --%	; --%	;0	;Disminuir por100.0%	;Disminuir por100.0%	;0	; --%	; --%	;0	;Disminuir por100.0%	;Disminuir por100.0%	;0	; --%	; --%	;0	;Disminuir por100.0%	;Disminuir por100.0%	;
2099	;08/27 10:00 - 11:00	;0	; --%	; --%	;0	;Disminuir por100.0%	;Disminuir por100.0%	;0	;Disminuir por100.0%	;Disminuir por100.0%	;0	;Disminuir por100.0%	;Disminuir por100.0%	;0	;Disminuir por100.0%	; --%	;0	;Disminuir por100.0%	;Disminuir por100.0%	;0	; --%	;Disminuir por100.0%	;0	;Disminuir por100.0%	;Disminuir por100.0%	;
2100	;08/27 11:00 - 12:00	;0	; --%	; --%	;0	; --%	;Disminuir por100.0%	;0	; --%	;Disminuir por100.0%	;0	;Disminuir por100.0%	;Disminuir por100.0%	;0	;Disminuir por100.0%	;Disminuir por100.0%	;0	;Disminuir por100.0%	;Disminuir por100.0%	;0	;Disminuir por100.0%	; --%	;0	;Disminuir por100.0%	;Disminuir por100.0%	;
2101	;08/27 12:00 - 13:00	;0	; --%	; --%	;0	; --%	; --%	;0	;Disminuir por100.0%	;Disminuir por100.0%	;0	;Disminuir por100.0%	;Disminuir por100.0%	;0	;Disminuir por100.0%	; --%	;0	;Disminuir por100.0%	;Disminuir por100.0%	;0	;Disminuir por100.0%	; --%	;0	;Disminuir por100.0%	;Disminuir por100.0%	;
2102	;08/27 13:00 - 14:00	;0	; --%	; --%	;0	;Disminuir por100.0%	;Disminuir por100.0%	;0	; --%	; --%	;0	; --%	;Disminuir por100.0%	;0	; --%	;Disminuir por100.0%	;0	;Disminuir por100.0%	;Disminuir por100.0%	;0	; --%	; --%	;0	; --%	;Disminuir por100.0%	;
2103	;08/27 14:00 - 15:00	;0	; --%	; --%	;0	;Disminuir por100.0%	;Disminuir por100.0%	;0	; --%	;Disminuir por100.0%	;0	;Disminuir por100.0%	;Disminuir por100.0%	;0	;Disminuir por100.0%	;Disminuir por100.0%	;0	;Disminuir por100.0%	;Disminuir por100.0%	;0	; --%	; --%	;0	;Disminuir por100.0%	; --%	;
2104	;08/27 15:00 - 16:00	;0	; --%	; --%	;0	; --%	;Disminuir por100.0%	;0	;Disminuir por100.0%	;Disminuir por100.0%	;0	;Disminuir por100.0%	;Disminuir por100.0%	;0	; --%	;Disminuir por100.0%	;0	;Disminuir por100.0%	;Disminuir por100.0%	;0	; --%	; --%	;0	;Disminuir por100.0%	; --%	;
2105	;08/27 16:00 - 17:00	;0	; --%	; --%	;0	; --%	; --%	;0	; --%	; --%	;0	;Disminuir por100.0%	;Disminuir por100.0%	;0	; --%	; --%	;0	;Disminuir por100.0%	;Disminuir por100.0%	;0	; --%	; --%	;0	; --%	; --%	;
2106	;08/27 17:00 - 18:00	;0	; --%	; --%	;0	; --%	; --%	;0	; --%	;Disminuir por100.0%	;0	;Disminuir por100.0%	;Disminuir por100.0%	;0	; --%	;Disminuir por100.0%	;0	;Disminuir por100.0%	;Disminuir por100.0%	;0	;Disminuir por100.0%	; --%	;0	;Disminuir por100.0%	;Disminuir por100.0%	;
2107	;08/27 18:00 - 19:00	;0	; --%	; --%	;0	; --%	;Disminuir por100.0%	;0	; --%	;Disminuir por100.0%	;0	;Disminuir por100.0%	;Disminuir por100.0%	;0	; --%	; --%	;0	;Disminuir por100.0%	;Disminuir por100.0%	;0	; --%	; --%	;0	;Disminuir por100.0%	; --%	;
2108	;08/27 19:00 - 20:00	;0	; --%	; --%	;0	; --%	; --%	;0	; --%	; --%	;0	;Disminuir por100.0%	;Disminuir por100.0%	;0	; --%	; --%	;0	;Disminuir por100.0%	;Disminuir por100.0%	;0	; --%	; --%	;0	;Disminuir por100.0%	; --%	;
2109	;08/27 20:00 - 21:00	;0	; --%	; --%	;0	; --%	; --%	;0	; --%	; --%	;0	;Disminuir por100.0%	; --%	;0	;Disminuir por100.0%	; --%	;0	;Disminuir por100.0%	;Disminuir por100.0%	;0	; --%	; --%	;0	; --%	;Disminuir por100.0%	;
2110	;08/27 21:00 - 22:00	;0	; --%	; --%	;0	; --%	; --%	;0	; --%	;Disminuir por100.0%	;0	;Disminuir por100.0%	;Disminuir por100.0%	;0	;Disminuir por100.0%	; --%	;0	;Disminuir por100.0%	; --%	;0	; --%	; --%	;0	; --%	; --%	;
2111	;08/27 22:00 - 23:00	;0	; --%	; --%	;0	; --%	; --%	;0	; --%	; --%	;0	; --%	; --%	;0	; --%	; --%	;0	; --%	; --%	;0	; --%	; --%	;0	; --%	; --%	;
2112	;08/27 23:00 - 24:00	;0	; --%	;Disminuir por100.0%	;0	;Disminuir por100.0%	;Disminuir por100.0%	;0	; --%	; --%	;0	; --%	; --%	;0	; --%	; --%	;0	;Disminuir por100.0%	; --%	;0	; --%	; --%	;0	; --%	; --%	;
2113	;08/28 00:00 - 01:00	;0	; --%	; --%	;0	;Disminuir por100.0%	; --%	;0	; --%	; --%	;0	; --%	; --%	;0	; --%	; --%	;0	;Disminuir por100.0%	; --%	;0	; --%	; --%	;0	; --%	; --%	;
2114	;08/28 01:00 - 02:00	;0	; --%	; --%	;0	; --%	;Disminuir por100.0%	;0	; --%	; --%	;0	; --%	; --%	;0	; --%	; --%	;0	; --%	;Disminuir por100.0%	;0	; --%	; --%	;0	; --%	; --%	;
2115	;08/28 02:00 - 03:00	;0	; --%	; --%	;0	; --%	; --%	;0	; --%	; --%	;0	; --%	; --%	;0	; --%	; --%	;0	; --%	;Disminuir por100.0%	;0	; --%	; --%	;0	; --%	; --%	;
2116	;08/28 03:00 - 04:00	;0	; --%	; --%	;0	; --%	; --%	;0	; --%	; --%	;0	; --%	; --%	;0	; --%	;Disminuir por100.0%	;0	; --%	;Disminuir por100.0%	;0	; --%	; --%	;0	; --%	; --%	;
2117	;08/28 04:00 - 05:00	;0	; --%	; --%	;0	; --%	; --%	;0	; --%	; --%	;0	; --%	; --%	;0	; --%	; --%	;0	; --%	; --%	;0	; --%	; --%	;0	; --%	; --%	;
2118	;08/28 05:00 - 06:00	;0	; --%	; --%	;0	; --%	;Disminuir por100.0%	;0	; --%	; --%	;0	; --%	; --%	;0	; --%	; --%	;0	; --%	;Disminuir por100.0%	;0	; --%	; --%	;0	; --%	; --%	;
2119	;08/28 06:00 - 07:00	;0	; --%	; --%	;0	;Disminuir por100.0%	; --%	;0	; --%	; --%	;0	; --%	; --%	;0	; --%	; --%	;0	; --%	;Disminuir por100.0%	;0	; --%	; --%	;0	; --%	; --%	;
2120	;08/28 07:00 - 08:00	;0	; --%	; --%	;0	;Disminuir por100.0%	; --%	;0	; --%	; --%	;0	;Disminuir por100.0%	;Disminuir por100.0%	;0	;Disminuir por100.0%	;Disminuir por100.0%	;0	;Disminuir por100.0%	;Disminuir por100.0%	;0	; --%	;Disminuir por100.0%	;0	;Disminuir por100.0%	;Disminuir por100.0%	;
2121	;08/28 08:00 - 09:00	;0	; --%	; --%	;0	; --%	;Disminuir por100.0%	;0	; --%	; --%	;0	;Disminuir por100.0%	;Disminuir por100.0%	;0	;Disminuir por100.0%	; --%	;0	;Disminuir por100.0%	;Disminuir por100.0%	;0	;Disminuir por100.0%	; --%	;0	;Disminuir por100.0%	; --%	;
2122	;08/28 09:00 - 10:00	;0	; --%	; --%	;0	; --%	; --%	;0	;Disminuir por100.0%	; --%	;0	;Disminuir por100.0%	;Disminuir por100.0%	;0	;Disminuir por100.0%	; --%	;0	;Disminuir por100.0%	;Disminuir por100.0%	;0	;Disminuir por100.0%	;Disminuir por100.0%	;0	;Disminuir por100.0%	;Disminuir por100.0%	;
2123	;08/28 10:00 - 11:00	;0	; --%	; --%	;0	;Disminuir por100.0%	;Disminuir por100.0%	;0	;Disminuir por100.0%	; --%	;0	;Disminuir por100.0%	;Disminuir por100.0%	;0	; --%	;Disminuir por100.0%	;0	;Disminuir por100.0%	;Disminuir por100.0%	;0	; --%	;Disminuir por100.0%	;0	;Disminuir por100.0%	;Disminuir por100.0%	;
2124	;08/28 11:00 - 12:00	;0	; --%	; --%	;0	; --%	; --%	;0	; --%	;Disminuir por100.0%	;0	;Disminuir por100.0%	;Disminuir por100.0%	;0	;Disminuir por100.0%	;Disminuir por100.0%	;0	;Disminuir por100.0%	;Disminuir por100.0%	;0	; --%	;Disminuir por100.0%	;0	;Disminuir por100.0%	;Disminuir por100.0%	;
2125	;08/28 12:00 - 13:00	;0	; --%	; --%	;0	;Disminuir por100.0%	; --%	;0	; --%	; --%	;0	;Disminuir por100.0%	;Disminuir por100.0%	;0	;Disminuir por100.0%	;Disminuir por100.0%	;0	;Disminuir por100.0%	;Disminuir por100.0%	;0	;Disminuir por100.0%	; --%	;0	; --%	; --%	;
2126	;08/28 13:00 - 14:00	;0	; --%	; --%	;0	; --%	;Disminuir por100.0%	;0	;Disminuir por100.0%	; --%	;0	;Disminuir por100.0%	;Disminuir por100.0%	;0	;Disminuir por100.0%	;Disminuir por100.0%	;0	;Disminuir por100.0%	;Disminuir por100.0%	;0	; --%	;Disminuir por100.0%	;0	;Disminuir por100.0%	;Disminuir por100.0%	;
2127	;08/28 14:00 - 15:00	;0	; --%	; --%	;0	;Disminuir por100.0%	;Disminuir por100.0%	;0	; --%	; --%	;0	;Disminuir por100.0%	;Disminuir por100.0%	;0	;Disminuir por100.0%	;Disminuir por100.0%	;0	;Disminuir por100.0%	;Disminuir por100.0%	;0	; --%	; --%	;0	;Disminuir por100.0%	; --%	;
2128	;08/28 15:00 - 16:00	;0	; --%	; --%	;0	;Disminuir por100.0%	;Disminuir por100.0%	;0	;Disminuir por100.0%	; --%	;0	;Disminuir por100.0%	; --%	;0	;Disminuir por100.0%	;Disminuir por100.0%	;0	;Disminuir por100.0%	;Disminuir por100.0%	;0	; --%	; --%	;0	; --%	; --%	;
2129	;08/28 16:00 - 17:00	;0	; --%	; --%	;0	;Disminuir por100.0%	; --%	;0	; --%	; --%	;0	; --%	; --%	;0	; --%	; --%	;0	;Disminuir por100.0%	;Disminuir por100.0%	;0	; --%	; --%	;0	; --%	; --%	;
2130	;08/28 17:00 - 18:00	;0	; --%	; --%	;0	; --%	; --%	;0	; --%	; --%	;0	;Disminuir por100.0%	;Disminuir por100.0%	;0	; --%	; --%	;0	;Disminuir por100.0%	;Disminuir por100.0%	;0	;Disminuir por100.0%	; --%	;0	;Disminuir por100.0%	;Disminuir por100.0%	;
2131	;08/28 18:00 - 19:00	;0	; --%	; --%	;0	; --%	; --%	;0	; --%	; --%	;0	;Disminuir por100.0%	; --%	;0	;Disminuir por100.0%	; --%	;0	;Disminuir por100.0%	;Disminuir por100.0%	;0	; --%	; --%	;0	; --%	; --%	;
2132	;08/28 19:00 - 20:00	;0	; --%	; --%	;0	; --%	; --%	;0	; --%	; --%	;0	;Disminuir por100.0%	;Disminuir por100.0%	;0	; --%	; --%	;0	;Disminuir por100.0%	;Disminuir por100.0%	;0	; --%	; --%	;0	;Disminuir por100.0%	; --%	;
2133	;08/28 20:00 - 21:00	;0	; --%	; --%	;0	; --%	; --%	;0	; --%	; --%	;0	;Disminuir por100.0%	; --%	;0	; --%	;Disminuir por100.0%	;0	;Disminuir por100.0%	;Disminuir por100.0%	;0	; --%	; --%	;0	;Disminuir por100.0%	; --%	;
2134	;08/28 21:00 - 22:00	;0	; --%	; --%	;0	;Disminuir por100.0%	; --%	;0	; --%	; --%	;0	; --%	;Disminuir por100.0%	;0	; --%	; --%	;0	;Disminuir por100.0%	; --%	;0	; --%	; --%	;0	; --%	; --%	;
2135	;08/28 22:00 - 23:00	;0	; --%	; --%	;0	; --%	; --%	;0	; --%	; --%	;0	; --%	; --%	;0	; --%	; --%	;0	; --%	;Disminuir por100.0%	;0	; --%	; --%	;0	; --%	; --%	;
2136	;08/28 23:00 - 24:00	;0	; --%	; --%	;0	;Disminuir por100.0%	; --%	;0	; --%	; --%	;0	; --%	; --%	;0	; --%	; --%	;0	;Disminuir por100.0%	; --%	;0	; --%	; --%	;0	; --%	; --%	;
2137	;08/29 00:00 - 01:00	;0	; --%	; --%	;0	; --%	; --%	;0	; --%	; --%	;0	; --%	; --%	;0	; --%	; --%	;0	;Disminuir por100.0%	;Disminuir por100.0%	;0	; --%	;Disminuir por100.0%	;0	; --%	;Disminuir por100.0%	;
2138	;08/29 01:00 - 02:00	;0	; --%	; --%	;0	;Disminuir por100.0%	; --%	;0	; --%	; --%	;0	; --%	; --%	;0	; --%	; --%	;0	;Disminuir por100.0%	; --%	;0	; --%	; --%	;0	; --%	; --%	;
2139	;08/29 02:00 - 03:00	;0	; --%	; --%	;0	; --%	; --%	;0	; --%	; --%	;0	; --%	; --%	;0	; --%	; --%	;0	; --%	;Disminuir por100.0%	;0	; --%	; --%	;0	; --%	; --%	;
2140	;08/29 03:00 - 04:00	;0	; --%	; --%	;0	; --%	; --%	;0	; --%	; --%	;0	; --%	; --%	;0	; --%	;Disminuir por100.0%	;0	;Disminuir por100.0%	;Disminuir por100.0%	;0	; --%	; --%	;0	; --%	; --%	;
2141	;08/29 04:00 - 05:00	;0	; --%	; --%	;0	; --%	; --%	;0	; --%	; --%	;0	; --%	; --%	;0	; --%	;Disminuir por100.0%	;0	;Disminuir por100.0%	;Disminuir por100.0%	;0	; --%	; --%	;0	; --%	;Disminuir por100.0%	;
2142	;08/29 05:00 - 06:00	;0	; --%	; --%	;0	; --%	; --%	;0	; --%	; --%	;0	; --%	;Disminuir por100.0%	;0	; --%	; --%	;0	; --%	;Disminuir por100.0%	;0	; --%	; --%	;0	; --%	; --%	;
2143	;08/29 06:00 - 07:00	;0	; --%	; --%	;0	; --%	;Disminuir por100.0%	;0	; --%	; --%	;0	; --%	; --%	;0	; --%	; --%	;0	; --%	;Disminuir por100.0%	;0	; --%	; --%	;0	; --%	; --%	;
2144	;08/29 07:00 - 08:00	;0	; --%	; --%	;0	; --%	;Disminuir por100.0%	;0	; --%	; --%	;0	;Disminuir por100.0%	;Disminuir por100.0%	;0	;Disminuir por100.0%	;Disminuir por100.0%	;0	;Disminuir por100.0%	;Disminuir por100.0%	;0	; --%	; --%	;0	;Disminuir por100.0%	; --%	;
2145	;08/29 08:00 - 09:00	;0	; --%	; --%	;0	;Disminuir por100.0%	; --%	;0	;Disminuir por100.0%	; --%	;0	;Disminuir por100.0%	;Disminuir por100.0%	;0	; --%	; --%	;0	;Disminuir por100.0%	;Disminuir por100.0%	;0	;Disminuir por100.0%	; --%	;0	;Disminuir por100.0%	;Disminuir por100.0%	;
2146	;08/29 09:00 - 10:00	;0	; --%	; --%	;0	; --%	;Disminuir por100.0%	;0	; --%	;Disminuir por100.0%	;0	;Disminuir por100.0%	;Disminuir por100.0%	;0	;Disminuir por100.0%	;Disminuir por100.0%	;0	;Disminuir por100.0%	;Disminuir por100.0%	;0	;Disminuir por100.0%	; --%	;0	;Disminuir por100.0%	;Disminuir por100.0%	;
2147	;08/29 10:00 - 11:00	;0	; --%	; --%	;0	;Disminuir por100.0%	; --%	;0	;Disminuir por100.0%	;Disminuir por100.0%	;0	;Disminuir por100.0%	;Disminuir por100.0%	;0	;Disminuir por100.0%	;Disminuir por100.0%	;0	;Disminuir por100.0%	;Disminuir por100.0%	;0	; --%	;Disminuir por100.0%	;0	;Disminuir por100.0%	;Disminuir por100.0%	;
2148	;08/29 11:00 - 12:00	;0	; --%	; --%	;0	;Disminuir por100.0%	; --%	;0	;Disminuir por100.0%	;Disminuir por100.0%	;0	;Disminuir por100.0%	;Disminuir por100.0%	;0	; --%	;Disminuir por100.0%	;0	;Disminuir por100.0%	;Disminuir por100.0%	;0	; --%	; --%	;0	;Disminuir por100.0%	;Disminuir por100.0%	;
2149	;08/29 12:00 - 13:00	;0	; --%	; --%	;0	; --%	; --%	;0	; --%	;Disminuir por100.0%	;0	; --%	;Disminuir por100.0%	;0	;Disminuir por100.0%	; --%	;0	;Disminuir por100.0%	;Disminuir por100.0%	;0	; --%	; --%	;0	; --%	; --%	;
2150	;08/29 13:00 - 14:00	;0	; --%	; --%	;0	;Disminuir por100.0%	; --%	;0	; --%	; --%	;0	;Disminuir por100.0%	;Disminuir por100.0%	;0	;Disminuir por100.0%	; --%	;0	;Disminuir por100.0%	;Disminuir por100.0%	;0	;Disminuir por100.0%	; --%	;0	;Disminuir por100.0%	;Disminuir por100.0%	;
2151	;08/29 14:00 - 15:00	;0	; --%	; --%	;0	; --%	;Disminuir por100.0%	;0	; --%	; --%	;0	;Disminuir por100.0%	;Disminuir por100.0%	;0	;Disminuir por100.0%	; --%	;0	;Disminuir por100.0%	;Disminuir por100.0%	;0	; --%	;Disminuir por100.0%	;0	;Disminuir por100.0%	;Disminuir por100.0%	;
2152	;08/29 15:00 - 16:00	;0	; --%	; --%	;0	;Disminuir por100.0%	;Disminuir por100.0%	;0	; --%	; --%	;0	;Disminuir por100.0%	; --%	;0	;Disminuir por100.0%	; --%	;0	;Disminuir por100.0%	;Disminuir por100.0%	;0	; --%	; --%	;0	; --%	; --%	;
2153	;08/29 16:00 - 17:00	;0	; --%	; --%	;0	;Disminuir por100.0%	; --%	;0	; --%	;Disminuir por100.0%	;0	; --%	;Disminuir por100.0%	;0	;Disminuir por100.0%	; --%	;0	;Disminuir por100.0%	;Disminuir por100.0%	;0	; --%	; --%	;0	;Disminuir por100.0%	; --%	;
2154	;08/29 17:00 - 18:00	;0	; --%	; --%	;0	; --%	; --%	;0	; --%	;Disminuir por100.0%	;0	;Disminuir por100.0%	;Disminuir por100.0%	;0	; --%	; --%	;0	;Disminuir por100.0%	;Disminuir por100.0%	;0	; --%	; --%	;0	;Disminuir por100.0%	;Disminuir por100.0%	;
2155	;08/29 18:00 - 19:00	;0	; --%	; --%	;0	; --%	; --%	;0	; --%	; --%	;0	;Disminuir por100.0%	; --%	;0	;Disminuir por100.0%	;Disminuir por100.0%	;0	;Disminuir por100.0%	;Disminuir por100.0%	;0	; --%	; --%	;0	;Disminuir por100.0%	; --%	;
2156	;08/29 19:00 - 20:00	;0	; --%	; --%	;0	; --%	; --%	;0	; --%	; --%	;0	; --%	; --%	;0	; --%	; --%	;0	;Disminuir por100.0%	;Disminuir por100.0%	;0	; --%	; --%	;0	; --%	; --%	;
2157	;08/29 20:00 - 21:00	;0	; --%	; --%	;0	; --%	; --%	;0	; --%	; --%	;0	;Disminuir por100.0%	; --%	;0	;Disminuir por100.0%	;Disminuir por100.0%	;0	;Disminuir por100.0%	;Disminuir por100.0%	;0	; --%	; --%	;0	; --%	; --%	;
2158	;08/29 21:00 - 22:00	;0	; --%	; --%	;0	;Disminuir por100.0%	; --%	;0	; --%	; --%	;0	; --%	; --%	;0	;Disminuir por100.0%	; --%	;0	;Disminuir por100.0%	; --%	;0	; --%	; --%	;0	; --%	; --%	;
2159	;08/29 22:00 - 23:00	;0	;Disminuir por100.0%	; --%	;0	;Disminuir por100.0%	; --%	;0	; --%	; --%	;0	;Disminuir por100.0%	; --%	;0	; --%	; --%	;0	;Disminuir por100.0%	; --%	;0	; --%	; --%	;0	; --%	; --%	;
2160	;08/29 23:00 - 24:00	;0	; --%	; --%	;0	;Disminuir por100.0%	; --%	;0	; --%	; --%	;0	;Disminuir por100.0%	; --%	;0	; --%	; --%	;0	;Disminuir por100.0%	; --%	;0	; --%	; --%	;0	; --%	; --%	;
2161	;08/30 00:00 - 01:00	;0	; --%	; --%	;0	; --%	; --%	;0	; --%	; --%	;0	; --%	; --%	;0	; --%	; --%	;0	; --%	;Disminuir por100.0%	;0	; --%	; --%	;0	; --%	; --%	;
2162	;08/30 01:00 - 02:00	;0	; --%	; --%	;0	;Disminuir por100.0%	;Disminuir por100.0%	;0	; --%	; --%	;0	; --%	; --%	;0	; --%	; --%	;0	;Disminuir por100.0%	; --%	;0	; --%	; --%	;0	; --%	; --%	;
2163	;08/30 02:00 - 03:00	;0	; --%	; --%	;0	; --%	;Disminuir por100.0%	;0	; --%	; --%	;0	; --%	; --%	;0	; --%	; --%	;0	; --%	; --%	;0	; --%	; --%	;0	; --%	; --%	;
2164	;08/30 03:00 - 04:00	;0	; --%	; --%	;0	; --%	; --%	;0	; --%	; --%	;0	; --%	; --%	;0	; --%	; --%	;0	; --%	;Disminuir por100.0%	;0	; --%	; --%	;0	; --%	; --%	;
2165	;08/30 04:00 - 05:00	;0	; --%	; --%	;0	;Disminuir por100.0%	; --%	;0	; --%	; --%	;0	; --%	; --%	;0	; --%	;Disminuir por100.0%	;0	; --%	;Disminuir por100.0%	;0	; --%	; --%	;0	; --%	; --%	;
2166	;08/30 05:00 - 06:00	;0	; --%	; --%	;0	; --%	; --%	;0	; --%	; --%	;0	; --%	; --%	;0	; --%	; --%	;0	; --%	; --%	;0	; --%	; --%	;0	; --%	; --%	;
2167	;08/30 06:00 - 07:00	;0	; --%	; --%	;0	; --%	; --%	;0	; --%	; --%	;0	; --%	; --%	;0	; --%	; --%	;0	; --%	; --%	;0	; --%	; --%	;0	; --%	; --%	;
2168	;08/30 07:00 - 08:00	;0	; --%	; --%	;0	; --%	; --%	;0	; --%	; --%	;0	; --%	; --%	;0	; --%	; --%	;0	;Disminuir por100.0%	;Disminuir por100.0%	;0	; --%	;Disminuir por100.0%	;0	; --%	;Disminuir por100.0%	;
2169	;08/30 08:00 - 09:00	;0	; --%	; --%	;0	; --%	; --%	;0	; --%	; --%	;0	;Disminuir por100.0%	; --%	;0	; --%	; --%	;0	;Disminuir por100.0%	;Disminuir por100.0%	;0	; --%	; --%	;0	;Disminuir por100.0%	; --%	;
2170	;08/30 09:00 - 10:00	;0	; --%	; --%	;0	; --%	; --%	;0	; --%	; --%	;0	;Disminuir por100.0%	;Disminuir por100.0%	;0	;Disminuir por100.0%	; --%	;0	;Disminuir por100.0%	;Disminuir por100.0%	;0	; --%	; --%	;0	;Disminuir por100.0%	;Disminuir por100.0%	;
2171	;08/30 10:00 - 11:00	;0	; --%	; --%	;0	; --%	;Disminuir por100.0%	;0	; --%	; --%	;0	;Disminuir por100.0%	;Disminuir por100.0%	;0	;Disminuir por100.0%	; --%	;0	;Disminuir por100.0%	;Disminuir por100.0%	;0	; --%	; --%	;0	;Disminuir por100.0%	;Disminuir por100.0%	;
2172	;08/30 11:00 - 12:00	;0	; --%	; --%	;0	;Disminuir por100.0%	;Disminuir por100.0%	;0	; --%	; --%	;0	;Disminuir por100.0%	;Disminuir por100.0%	;0	;Disminuir por100.0%	;Disminuir por100.0%	;0	;Disminuir por100.0%	;Disminuir por100.0%	;0	; --%	; --%	;0	; --%	;Disminuir por100.0%	;
2173	;08/30 12:00 - 13:00	;0	; --%	; --%	;0	;Disminuir por100.0%	;Disminuir por100.0%	;0	; --%	; --%	;0	; --%	;Disminuir por100.0%	;0	;Disminuir por100.0%	; --%	;0	;Disminuir por100.0%	;Disminuir por100.0%	;0	;Disminuir por100.0%	; --%	;0	;Disminuir por100.0%	;Disminuir por100.0%	;
2174	;08/30 13:00 - 14:00	;0	; --%	; --%	;0	; --%	; --%	;0	; --%	;Disminuir por100.0%	;0	; --%	;Disminuir por100.0%	;0	;Disminuir por100.0%	;Disminuir por100.0%	;0	;Disminuir por100.0%	;Disminuir por100.0%	;0	; --%	; --%	;0	;Disminuir por100.0%	; --%	;
2175	;08/30 14:00 - 15:00	;0	; --%	; --%	;0	;Disminuir por100.0%	;Disminuir por100.0%	;0	; --%	; --%	;0	;Disminuir por100.0%	; --%	;0	;Disminuir por100.0%	; --%	;0	;Disminuir por100.0%	;Disminuir por100.0%	;0	; --%	; --%	;0	; --%	; --%	;
2176	;08/30 15:00 - 16:00	;0	; --%	; --%	;0	;Disminuir por100.0%	;Disminuir por100.0%	;0	; --%	; --%	;0	;Disminuir por100.0%	;Disminuir por100.0%	;0	; --%	; --%	;0	;Disminuir por100.0%	;Disminuir por100.0%	;0	; --%	; --%	;0	; --%	; --%	;
2177	;08/30 16:00 - 17:00	;0	; --%	; --%	;0	; --%	; --%	;0	; --%	; --%	;0	; --%	;Disminuir por100.0%	;0	; --%	; --%	;0	;Disminuir por100.0%	;Disminuir por100.0%	;0	; --%	; --%	;0	; --%	; --%	;
2178	;08/30 17:00 - 18:00	;0	; --%	; --%	;0	; --%	; --%	;0	; --%	; --%	;0	;Disminuir por100.0%	; --%	;0	; --%	; --%	;0	;Disminuir por100.0%	;Disminuir por100.0%	;0	; --%	; --%	;0	; --%	;Disminuir por100.0%	;
2179	;08/30 18:00 - 19:00	;0	; --%	; --%	;0	; --%	; --%	;0	; --%	; --%	;0	;Disminuir por100.0%	;Disminuir por100.0%	;0	; --%	; --%	;0	;Disminuir por100.0%	;Disminuir por100.0%	;0	;Disminuir por100.0%	; --%	;0	;Disminuir por100.0%	; --%	;
2180	;08/30 19:00 - 20:00	;0	; --%	; --%	;0	; --%	;Disminuir por100.0%	;0	; --%	; --%	;0	;Disminuir por100.0%	;Disminuir por100.0%	;0	;Disminuir por100.0%	; --%	;0	;Disminuir por100.0%	; --%	;0	; --%	; --%	;0	; --%	; --%	;
2181	;08/30 20:00 - 21:00	;0	; --%	; --%	;0	; --%	; --%	;0	; --%	; --%	;0	; --%	; --%	;0	; --%	; --%	;0	; --%	;Disminuir por100.0%	;0	;Disminuir por100.0%	; --%	;0	;Disminuir por100.0%	; --%	;
2182	;08/30 21:00 - 22:00	;0	; --%	; --%	;0	;Disminuir por100.0%	; --%	;0	; --%	; --%	;0	;Disminuir por100.0%	; --%	;0	; --%	; --%	;0	;Disminuir por100.0%	; --%	;0	; --%	; --%	;0	; --%	; --%	;
2183	;08/30 22:00 - 23:00	;0	; --%	; --%	;0	; --%	; --%	;0	; --%	; --%	;0	; --%	; --%	;0	; --%	; --%	;0	; --%	; --%	;0	; --%	; --%	;0	; --%	; --%	;
2184	;08/30 23:00 - 24:00	;0	; --%	; --%	;0	;Disminuir por100.0%	; --%	;0	; --%	; --%	;0	; --%	; --%	;0	; --%	; --%	;0	;Disminuir por100.0%	; --%	;0	; --%	; --%	;0	; --%	; --%	;
2185	;08/31 00:00 - 01:00	;0	; --%	; --%	;0	;Disminuir por100.0%	; --%	;0	; --%	; --%	;0	; --%	; --%	;0	; --%	; --%	;0	;Disminuir por100.0%	;Disminuir por100.0%	;0	; --%	; --%	;0	; --%	; --%	;
2186	;08/31 01:00 - 02:00	;0	; --%	; --%	;0	;Disminuir por100.0%	; --%	;0	; --%	; --%	;0	; --%	; --%	;0	; --%	; --%	;0	;Disminuir por100.0%	;Disminuir por100.0%	;0	; --%	; --%	;0	; --%	; --%	;
2187	;08/31 02:00 - 03:00	;0	; --%	; --%	;0	; --%	; --%	;0	; --%	; --%	;0	; --%	; --%	;0	; --%	;Disminuir por100.0%	;0	; --%	;Disminuir por100.0%	;0	; --%	; --%	;0	; --%	; --%	;
2188	;08/31 03:00 - 04:00	;0	; --%	; --%	;0	; --%	; --%	;0	; --%	; --%	;0	; --%	; --%	;0	; --%	; --%	;0	; --%	; --%	;0	; --%	; --%	;0	; --%	; --%	;
2189	;08/31 04:00 - 05:00	;0	; --%	; --%	;0	; --%	; --%	;0	; --%	; --%	;0	; --%	; --%	;0	; --%	;Disminuir por100.0%	;0	; --%	;Disminuir por100.0%	;0	; --%	; --%	;0	; --%	; --%	;
2190	;08/31 05:00 - 06:00	;0	; --%	; --%	;0	; --%	;Disminuir por100.0%	;0	; --%	; --%	;0	; --%	; --%	;0	; --%	; --%	;0	; --%	;Disminuir por100.0%	;0	; --%	; --%	;0	; --%	; --%	;
2191	;08/31 06:00 - 07:00	;0	; --%	; --%	;0	; --%	; --%	;0	; --%	; --%	;0	; --%	; --%	;0	; --%	; --%	;0	; --%	; --%	;0	; --%	; --%	;0	; --%	;Disminuir por100.0%	;
2192	;08/31 07:00 - 08:00	;0	; --%	; --%	;0	; --%	; --%	;0	; --%	; --%	;0	;Disminuir por100.0%	; --%	;0	; --%	; --%	;0	;Disminuir por100.0%	;Disminuir por100.0%	;0	; --%	; --%	;0	; --%	;Disminuir por100.0%	;
2193	;08/31 08:00 - 09:00	;0	; --%	; --%	;0	; --%	; --%	;0	; --%	; --%	;0	;Disminuir por100.0%	;Disminuir por100.0%	;0	;Disminuir por100.0%	; --%	;0	;Disminuir por100.0%	;Disminuir por100.0%	;0	; --%	; --%	;0	; --%	; --%	;
2194	;08/31 09:00 - 10:00	;0	; --%	; --%	;0	; --%	; --%	;0	; --%	; --%	;0	;Disminuir por100.0%	;Disminuir por100.0%	;0	; --%	; --%	;0	;Disminuir por100.0%	;Disminuir por100.0%	;0	; --%	; --%	;0	; --%	; --%	;
2195	;08/31 10:00 - 11:00	;0	; --%	; --%	;0	; --%	; --%	;0	; --%	; --%	;0	;Disminuir por100.0%	;Disminuir por100.0%	;0	;Disminuir por100.0%	; --%	;0	;Disminuir por100.0%	;Disminuir por100.0%	;0	; --%	; --%	;0	; --%	; --%	;
2196	;08/31 11:00 - 12:00	;0	; --%	; --%	;0	; --%	; --%	;0	;Disminuir por100.0%	; --%	;0	;Disminuir por100.0%	;Disminuir por100.0%	;0	; --%	; --%	;0	;Disminuir por100.0%	;Disminuir por100.0%	;0	; --%	; --%	;0	;Disminuir por100.0%	; --%	;
2197	;08/31 12:00 - 13:00	;0	; --%	; --%	;0	; --%	; --%	;0	; --%	; --%	;0	;Disminuir por100.0%	;Disminuir por100.0%	;0	; --%	;Disminuir por100.0%	;0	;Disminuir por100.0%	;Disminuir por100.0%	;0	;Disminuir por100.0%	; --%	;0	;Disminuir por100.0%	;Disminuir por100.0%	;
2198	;08/31 13:00 - 14:00	;0	; --%	; --%	;0	;Disminuir por100.0%	; --%	;0	; --%	; --%	;0	;Disminuir por100.0%	;Disminuir por100.0%	;0	;Disminuir por100.0%	;Disminuir por100.0%	;0	;Disminuir por100.0%	;Disminuir por100.0%	;0	; --%	; --%	;0	; --%	;Disminuir por100.0%	;
2199	;08/31 14:00 - 15:00	;0	; --%	; --%	;0	; --%	;Disminuir por100.0%	;0	; --%	; --%	;0	;Disminuir por100.0%	; --%	;0	; --%	;Disminuir por100.0%	;0	;Disminuir por100.0%	;Disminuir por100.0%	;0	; --%	; --%	;0	;Disminuir por100.0%	; --%	;
2200	;08/31 15:00 - 16:00	;0	; --%	; --%	;0	;Disminuir por100.0%	; --%	;0	; --%	;Disminuir por100.0%	;0	;Disminuir por100.0%	;Disminuir por100.0%	;0	; --%	;Disminuir por100.0%	;0	;Disminuir por100.0%	;Disminuir por100.0%	;0	; --%	; --%	;0	; --%	; --%	;
2201	;08/31 16:00 - 17:00	;0	; --%	; --%	;0	; --%	; --%	;0	; --%	; --%	;0	; --%	; --%	;0	; --%	;Disminuir por100.0%	;0	;Disminuir por100.0%	;Disminuir por100.0%	;0	; --%	; --%	;0	; --%	; --%	;
2202	;08/31 17:00 - 18:00	;0	; --%	; --%	;0	; --%	; --%	;0	; --%	; --%	;0	;Disminuir por100.0%	;Disminuir por100.0%	;0	; --%	; --%	;0	;Disminuir por100.0%	;Disminuir por100.0%	;0	; --%	;Disminuir por100.0%	;0	; --%	;Disminuir por100.0%	;
2203	;08/31 18:00 - 19:00	;0	; --%	; --%	;0	; --%	; --%	;0	; --%	; --%	;0	;Disminuir por100.0%	;Disminuir por100.0%	;0	; --%	; --%	;0	;Disminuir por100.0%	;Disminuir por100.0%	;0	; --%	; --%	;0	;Disminuir por100.0%	; --%	;
2204	;08/31 19:00 - 20:00	;0	; --%	; --%	;0	; --%	; --%	;0	; --%	; --%	;0	;Disminuir por100.0%	; --%	;0	; --%	;Disminuir por100.0%	;0	;Disminuir por100.0%	;Disminuir por100.0%	;0	; --%	; --%	;0	; --%	; --%	;
2205	;08/31 20:00 - 21:00	;0	; --%	; --%	;0	; --%	; --%	;0	; --%	; --%	;0	;Disminuir por100.0%	; --%	;0	; --%	; --%	;0	;Disminuir por100.0%	;Disminuir por100.0%	;0	; --%	; --%	;0	; --%	; --%	;
2206	;08/31 21:00 - 22:00	;0	; --%	; --%	;0	;Disminuir por100.0%	; --%	;0	; --%	; --%	;0	;Disminuir por100.0%	; --%	;0	; --%	;Disminuir por100.0%	;0	;Disminuir por100.0%	;Disminuir por100.0%	;0	; --%	; --%	;0	;Disminuir por100.0%	; --%	;
2207	;08/31 22:00 - 23:00	;0	; --%	; --%	;0	;Disminuir por100.0%	;Disminuir por100.0%	;0	; --%	; --%	;0	; --%	; --%	;0	; --%	;Disminuir por100.0%	;0	; --%	;Disminuir por100.0%	;0	; --%	; --%	;0	; --%	; --%	;
2208	;08/31 23:00 - 24:00	;0	; --%	; --%	;0	;Disminuir por100.0%	; --%	;0	; --%	; --%	;0	; --%	; --%	;0	; --%	; --%	;0	;Disminuir por100.0%	;Disminuir por100.0%	;0	; --%	; --%	;0	; --%	; --%	;
