Análisis de tipo multiobjetivo	;
Información básica	;
Hora de exportación: 2026/08/11 10:06:17	;
Operador: Touristcheck	;
Objetivo de estadísticas: C Saiz De Carlos	;
Exportar contenido:Número de personas,Vehículos a motor,Vehículos sin motor	;
Hora del informe: 2026/06/01 00:00:00 - 2026/08/31 23:59:59	;

Personas totales	; 	; 	; 	; 	; 	;Total de vehículos a motor	; 	; 	; 	; 	; 	;Total de vehículos sin motor	;
Avanzar	; 	; 	;Retroceso	; 	; 	;Avanzar	; 	; 	;Retroceso	; 	; 	;Avanzar	; 	; 	;Retroceso	;
Valor	;Tasa de cambio (ciclo tras ciclo)	;Tasa de cambio (año tras año)	;Valor	;Tasa de cambio (ciclo tras ciclo)	;Tasa de cambio (año tras año)	;Valor	;Tasa de cambio (ciclo tras ciclo)	;Tasa de cambio (año tras año)	;Valor	;Tasa de cambio (ciclo tras ciclo)	;Tasa de cambio (año tras año)	;Valor	;Tasa de cambio (ciclo tras ciclo)	;Tasa de cambio (año tras año)	;Valor	;Tasa de cambio (ciclo tras ciclo)	;Tasa de cambio (año tras año)	;
448783	;Aumentar por148.7%	;Disminuir por14.0%	;274829	;Aumentar por251.6%	;Disminuir por13.1%	;757	;Aumentar por169.4%	;Disminuir por52.1%	;3317	;Disminuir por8.1%	;Disminuir por26.9%	;8592	;Aumentar por253.6%	;Aumentar por10.8%	;13714	;Aumentar por188.8%	;Aumentar por16.2%	;

N.º	;Hora	;Personas	; 	; 	; 	; 	; 	;Vehículos a motor	; 	; 	; 	; 	; 	;Vehículos sin motor	;
	;	;Avanzar	; 	; 	;Retroceso	; 	; 	;Avanzar	; 	; 	;Retroceso	; 	; 	;Avanzar	; 	; 	;Retroceso	;
	;	;Valor	;Tasa de cambio (ciclo tras ciclo)	;Tasa de cambio (año tras año)	;Valor	;Tasa de cambio (ciclo tras ciclo)	;Tasa de cambio (año tras año)	;Valor	;Tasa de cambio (ciclo tras ciclo)	;Tasa de cambio (año tras año)	;Valor	;Tasa de cambio (ciclo tras ciclo)	;Tasa de cambio (año tras año)	;Valor	;Tasa de cambio (ciclo tras ciclo)	;Tasa de cambio (año tras año)	;Valor	;Tasa de cambio (ciclo tras ciclo)	;Tasa de cambio (año tras año)	;
1	;06/01 00:00 - 01:00	;8	;Aumentar por166.7%	;Disminuir por96.6%	;8	;Aumentar por300.0%	;Disminuir por96.3%	;0	; --%	; --%	;0	; --%	; --%	;0	; --%	;Disminuir por100.0%	;1	; --%	;Disminuir por83.3%	;
2	;06/01 01:00 - 02:00	;1	; --%	;Disminuir por96.6%	;0	;Disminuir por100.0%	;Disminuir por100.0%	;0	; --%	; --%	;0	; --%	; --%	;0	; --%	; --%	;1	; --%	; --%	;
3	;06/01 02:00 - 03:00	;2	;Disminuir por66.7%	;Disminuir por83.3%	;2	; --%	;Disminuir por81.8%	;0	; --%	; --%	;0	; --%	;Disminuir por100.0%	;0	; --%	; --%	;0	; --%	; --%	;
4	;06/01 03:00 - 04:00	;2	;Sin cambios	;Disminuir por88.9%	;1	; --%	;Disminuir por94.4%	;0	; --%	; --%	;0	;Disminuir por100.0%	; --%	;0	; --%	; --%	;1	; --%	;Sin cambios	;
5	;06/01 04:00 - 05:00	;0	; --%	;Disminuir por100.0%	;0	; --%	;Disminuir por100.0%	;0	; --%	;Disminuir por100.0%	;0	; --%	;Disminuir por100.0%	;0	; --%	; --%	;0	;Disminuir por100.0%	; --%	;
6	;06/01 05:00 - 06:00	;0	; --%	; --%	;0	;Disminuir por100.0%	;Disminuir por100.0%	;0	; --%	; --%	;0	; --%	;Disminuir por100.0%	;0	; --%	; --%	;0	; --%	; --%	;
7	;06/01 06:00 - 07:00	;1	; --%	;Sin cambios	;0	;Disminuir por100.0%	; --%	;0	; --%	; --%	;1	;Disminuir por50.0%	; --%	;3	; --%	; --%	;0	; --%	; --%	;
8	;06/01 07:00 - 08:00	;10	;Aumentar por233.3%	;Aumentar por400.0%	;10	; --%	;Aumentar por66.7%	;1	; --%	;Sin cambios	;4	; --%	;Aumentar por100.0%	;0	; --%	; --%	;0	; --%	; --%	;
9	;06/01 08:00 - 09:00	;12	;Aumentar por200.0%	;Disminuir por14.3%	;9	;Aumentar por200.0%	;Aumentar por12.5%	;0	; --%	; --%	;6	;Aumentar por500.0%	;Aumentar por500.0%	;0	; --%	; --%	;1	;Sin cambios	; --%	;
10	;06/01 09:00 - 10:00	;21	;Aumentar por90.9%	;Disminuir por54.3%	;11	;Aumentar por175.0%	;Sin cambios	;0	; --%	;Disminuir por100.0%	;2	;Disminuir por50.0%	;Aumentar por100.0%	;0	; --%	;Disminuir por100.0%	;3	;Aumentar por200.0%	;Sin cambios	;
11	;06/01 10:00 - 11:00	;55	;Disminuir por52.6%	;Disminuir por58.3%	;14	;Disminuir por6.7%	;Disminuir por66.7%	;0	; --%	;Disminuir por100.0%	;7	;Aumentar por133.3%	;Aumentar por75.0%	;0	;Disminuir por100.0%	; --%	;2	; --%	;Disminuir por50.0%	;
12	;06/01 11:00 - 12:00	;78	;Disminuir por49.7%	;Disminuir por55.4%	;35	;Aumentar por34.6%	;Disminuir por55.7%	;1	; --%	; --%	;8	;Aumentar por700.0%	;Aumentar por700.0%	;0	; --%	;Disminuir por100.0%	;4	;Aumentar por300.0%	;Aumentar por33.3%	;
13	;06/01 12:00 - 13:00	;69	;Disminuir por66.8%	;Disminuir por71.7%	;25	;Disminuir por46.8%	;Disminuir por63.8%	;0	; --%	; --%	;2	;Aumentar por100.0%	; --%	;0	;Disminuir por100.0%	;Disminuir por100.0%	;5	;Sin cambios	;Disminuir por37.5%	;
14	;06/01 13:00 - 14:00	;52	;Disminuir por51.9%	;Disminuir por64.4%	;10	;Disminuir por52.4%	;Disminuir por89.5%	;1	; --%	; --%	;4	;Aumentar por300.0%	;Aumentar por300.0%	;1	;Disminuir por66.7%	;Sin cambios	;1	;Disminuir por50.0%	;Disminuir por66.7%	;
15	;06/01 14:00 - 15:00	;50	;Disminuir por26.5%	;Disminuir por53.7%	;20	;Disminuir por28.6%	;Disminuir por66.7%	;0	; --%	; --%	;1	;Sin cambios	; --%	;2	;Sin cambios	;Aumentar por100.0%	;4	;Aumentar por100.0%	; --%	;
16	;06/01 15:00 - 16:00	;34	;Disminuir por52.1%	;Disminuir por76.6%	;32	;Aumentar por52.4%	;Disminuir por39.6%	;0	; --%	; --%	;3	; --%	;Aumentar por200.0%	;1	;Disminuir por50.0%	; --%	;4	;Aumentar por300.0%	; --%	;
17	;06/01 16:00 - 17:00	;27	;Disminuir por55.7%	;Disminuir por81.4%	;29	;Disminuir por27.5%	;Disminuir por50.8%	;0	; --%	; --%	;4	;Aumentar por300.0%	;Aumentar por100.0%	;0	;Disminuir por100.0%	;Disminuir por100.0%	;4	;Aumentar por100.0%	;Sin cambios	;
18	;06/01 17:00 - 18:00	;44	;Disminuir por36.2%	;Disminuir por68.8%	;11	;Disminuir por60.7%	;Disminuir por72.5%	;0	; --%	; --%	;3	; --%	;Aumentar por200.0%	;1	;Disminuir por66.7%	; --%	;4	;Aumentar por300.0%	;Aumentar por33.3%	;
19	;06/01 18:00 - 19:00	;106	;Aumentar por10.4%	;Disminuir por53.3%	;64	;Aumentar por120.7%	;Aumentar por10.3%	;0	; --%	; --%	;0	;Disminuir por100.0%	;Disminuir por100.0%	;1	;Disminuir por50.0%	;Disminuir por80.0%	;4	;Sin cambios	;Aumentar por300.0%	;
20	;06/01 19:00 - 20:00	;154	;Aumentar por541.7%	;Disminuir por50.0%	;42	;Aumentar por366.7%	;Disminuir por53.8%	;0	; --%	; --%	;0	;Disminuir por100.0%	; --%	;1	;Sin cambios	;Disminuir por83.3%	;2	;Aumentar por100.0%	;Disminuir por33.3%	;
21	;06/01 20:00 - 21:00	;156	;Aumentar por1633.3%	;Disminuir por40.9%	;58	;Aumentar por866.7%	;Disminuir por12.1%	;0	; --%	; --%	;0	;Disminuir por100.0%	; --%	;1	; --%	; --%	;0	; --%	; --%	;
22	;06/01 21:00 - 22:00	;90	;Aumentar por718.2%	;Disminuir por26.8%	;26	;Aumentar por550.0%	;Disminuir por39.5%	;0	; --%	; --%	;0	; --%	; --%	;1	; --%	; --%	;5	;Aumentar por150.0%	;Aumentar por150.0%	;
23	;06/01 22:00 - 23:00	;60	;Aumentar por900.0%	;Aumentar por27.7%	;20	;Aumentar por400.0%	;Disminuir por59.2%	;1	; --%	; --%	;1	; --%	; --%	;1	;Disminuir por50.0%	; --%	;1	; --%	;Sin cambios	;
24	;06/01 23:00 - 24:00	;25	;Aumentar por525.0%	;Disminuir por19.4%	;4	; --%	;Disminuir por78.9%	;0	; --%	; --%	;0	;Disminuir por100.0%	; --%	;0	; --%	; --%	;1	; --%	; --%	;
25	;06/02 00:00 - 01:00	;10	;Aumentar por900.0%	;Disminuir por16.7%	;14	; --%	;Aumentar por27.3%	;0	; --%	; --%	;0	; --%	; --%	;0	; --%	; --%	;1	; --%	;Sin cambios	;
26	;06/02 01:00 - 02:00	;1	; --%	;Disminuir por75.0%	;5	; --%	;Aumentar por66.7%	;0	; --%	; --%	;0	; --%	; --%	;0	; --%	; --%	;0	; --%	; --%	;
27	;06/02 02:00 - 03:00	;2	;Disminuir por33.3%	;Disminuir por50.0%	;2	; --%	;Sin cambios	;0	; --%	; --%	;0	; --%	; --%	;0	; --%	;Disminuir por100.0%	;0	; --%	; --%	;
28	;06/02 03:00 - 04:00	;0	; --%	;Disminuir por100.0%	;2	; --%	;Disminuir por60.0%	;0	; --%	; --%	;0	; --%	; --%	;0	; --%	; --%	;0	; --%	; --%	;
29	;06/02 04:00 - 05:00	;0	; --%	; --%	;0	; --%	; --%	;0	; --%	; --%	;0	; --%	; --%	;0	; --%	; --%	;0	; --%	; --%	;
30	;06/02 05:00 - 06:00	;1	; --%	;Sin cambios	;2	;Sin cambios	;Disminuir por50.0%	;2	; --%	;Disminuir por96.3%	;5	;Aumentar por400.0%	;Disminuir por90.9%	;0	; --%	; --%	;0	; --%	; --%	;
31	;06/02 06:00 - 07:00	;3	;Aumentar por50.0%	;Aumentar por50.0%	;0	; --%	;Disminuir por100.0%	;0	; --%	; --%	;1	;Disminuir por66.7%	;Disminuir por50.0%	;0	; --%	;Disminuir por100.0%	;1	;Sin cambios	; --%	;
32	;06/02 07:00 - 08:00	;6	; --%	;Aumentar por500.0%	;1	;Disminuir por66.7%	;Disminuir por50.0%	;0	; --%	; --%	;1	;Disminuir por50.0%	;Sin cambios	;0	; --%	; --%	;0	; --%	; --%	;
33	;06/02 08:00 - 09:00	;23	;Aumentar por27.8%	;Aumentar por64.3%	;12	;Disminuir por14.3%	;Aumentar por140.0%	;0	; --%	;Disminuir por100.0%	;4	;Disminuir por33.3%	;Disminuir por42.9%	;0	; --%	; --%	;2	;Sin cambios	;Aumentar por100.0%	;
34	;06/02 09:00 - 10:00	;16	;Aumentar por128.6%	;Disminuir por5.9%	;13	;Aumentar por550.0%	;Disminuir por35.0%	;0	; --%	; --%	;5	;Aumentar por66.7%	;Aumentar por25.0%	;0	; --%	; --%	;6	;Aumentar por200.0%	;Aumentar por200.0%	;
35	;06/02 10:00 - 11:00	;66	;Disminuir por32.0%	;Disminuir por9.6%	;36	;Aumentar por63.6%	;Disminuir por12.2%	;0	; --%	; --%	;4	;Disminuir por42.9%	;Sin cambios	;5	; --%	; --%	;1	; --%	;Sin cambios	;
36	;06/02 11:00 - 12:00	;110	;Aumentar por23.6%	;Disminuir por14.1%	;44	;Aumentar por37.5%	;Aumentar por18.9%	;0	; --%	; --%	;7	;Aumentar por75.0%	;Disminuir por22.2%	;2	; --%	;Aumentar por100.0%	;1	; --%	;Disminuir por50.0%	;
37	;06/02 12:00 - 13:00	;46	;Aumentar por31.4%	;Disminuir por50.0%	;24	;Aumentar por71.4%	;Sin cambios	;0	; --%	; --%	;1	;Sin cambios	;Sin cambios	;2	;Aumentar por100.0%	;Sin cambios	;7	;Aumentar por250.0%	;Disminuir por22.2%	;
38	;06/02 13:00 - 14:00	;45	;Aumentar por73.1%	;Aumentar por15.4%	;29	;Disminuir por31.0%	;Aumentar por107.1%	;0	; --%	; --%	;3	;Aumentar por50.0%	;Aumentar por50.0%	;2	; --%	; --%	;7	;Aumentar por133.3%	; --%	;
39	;06/02 14:00 - 15:00	;25	;Aumentar por108.3%	;Disminuir por32.4%	;24	;Aumentar por500.0%	;Aumentar por50.0%	;0	; --%	; --%	;1	;Disminuir por75.0%	;Disminuir por50.0%	;0	; --%	; --%	;2	;Aumentar por100.0%	;Aumentar por100.0%	;
40	;06/02 15:00 - 16:00	;37	;Aumentar por15.6%	;Aumentar por8.8%	;17	;Disminuir por26.1%	;Aumentar por41.7%	;0	;Disminuir por100.0%	; --%	;6	;Aumentar por100.0%	;Aumentar por200.0%	;0	; --%	;Disminuir por100.0%	;3	;Aumentar por200.0%	;Disminuir por50.0%	;
41	;06/02 16:00 - 17:00	;30	;Aumentar por25.0%	;Disminuir por67.4%	;37	;Aumentar por1750.0%	;Aumentar por15.6%	;0	; --%	; --%	;5	;Aumentar por25.0%	;Aumentar por25.0%	;1	; --%	;Sin cambios	;2	;Disminuir por50.0%	;Disminuir por50.0%	;
42	;06/02 17:00 - 18:00	;80	;Aumentar por433.3%	;Disminuir por20.0%	;18	;Aumentar por200.0%	;Disminuir por55.0%	;0	; --%	; --%	;3	;Disminuir por40.0%	;Aumentar por200.0%	;0	;Disminuir por100.0%	;Disminuir por100.0%	;5	; --%	;Aumentar por25.0%	;
43	;06/02 18:00 - 19:00	;102	;Aumentar por920.0%	;Aumentar por1.0%	;40	;Aumentar por300.0%	;Aumentar por90.5%	;0	; --%	; --%	;1	;Disminuir por75.0%	;Disminuir por50.0%	;3	; --%	;Aumentar por200.0%	;7	;Aumentar por600.0%	;Aumentar por40.0%	;
44	;06/02 19:00 - 20:00	;223	;Aumentar por1615.4%	;Aumentar por23.2%	;58	;Aumentar por544.4%	;Disminuir por7.9%	;0	; --%	; --%	;0	;Disminuir por100.0%	; --%	;5	;Aumentar por400.0%	;Aumentar por150.0%	;9	; --%	;Aumentar por800.0%	;
45	;06/02 20:00 - 21:00	;137	;Aumentar por1857.1%	;Disminuir por2.8%	;38	;Aumentar por1800.0%	;Disminuir por13.6%	;0	; --%	; --%	;0	;Disminuir por100.0%	; --%	;1	; --%	;Sin cambios	;2	; --%	;Disminuir por33.3%	;
46	;06/02 21:00 - 22:00	;151	;Aumentar por3675.0%	;Aumentar por26.9%	;47	; --%	;Aumentar por20.5%	;0	; --%	; --%	;1	;Sin cambios	; --%	;0	; --%	; --%	;3	; --%	;Aumentar por50.0%	;
47	;06/02 22:00 - 23:00	;92	;Aumentar por2966.7%	;Aumentar por87.8%	;35	; --%	;Aumentar por59.1%	;0	; --%	; --%	;0	; --%	; --%	;1	;Sin cambios	; --%	;2	; --%	;Aumentar por100.0%	;
48	;06/02 23:00 - 24:00	;36	; --%	;Aumentar por16.1%	;34	; --%	;Aumentar por112.5%	;0	; --%	; --%	;2	; --%	; --%	;0	; --%	; --%	;3	; --%	;Aumentar por200.0%	;
49	;06/03 00:00 - 01:00	;19	; --%	;Aumentar por533.3%	;7	; --%	;Disminuir por41.7%	;0	; --%	; --%	;0	; --%	;Disminuir por100.0%	;0	; --%	; --%	;0	;Disminuir por100.0%	; --%	;
50	;06/03 01:00 - 02:00	;1	;Sin cambios	; --%	;0	; --%	;Disminuir por100.0%	;0	; --%	;Disminuir por100.0%	;0	; --%	; --%	;0	; --%	; --%	;0	; --%	; --%	;
51	;06/03 02:00 - 03:00	;0	; --%	;Disminuir por100.0%	;1	; --%	;Disminuir por90.9%	;0	; --%	;Disminuir por100.0%	;0	; --%	;Disminuir por100.0%	;0	; --%	; --%	;0	; --%	; --%	;
52	;06/03 03:00 - 04:00	;0	; --%	;Disminuir por100.0%	;0	; --%	;Disminuir por100.0%	;0	; --%	; --%	;0	;Disminuir por100.0%	;Disminuir por100.0%	;0	; --%	; --%	;0	; --%	; --%	;
53	;06/03 04:00 - 05:00	;1	; --%	; --%	;0	; --%	; --%	;1	; --%	; --%	;3	; --%	; --%	;0	; --%	; --%	;0	; --%	; --%	;
54	;06/03 05:00 - 06:00	;0	; --%	;Disminuir por100.0%	;0	;Disminuir por100.0%	;Disminuir por100.0%	;0	; --%	; --%	;0	; --%	;Disminuir por100.0%	;0	; --%	; --%	;0	;Disminuir por100.0%	;Disminuir por100.0%	;
55	;06/03 06:00 - 07:00	;4	;Aumentar por300.0%	;Aumentar por100.0%	;0	;Disminuir por100.0%	; --%	;0	;Disminuir por100.0%	; --%	;2	;Disminuir por33.3%	; --%	;1	; --%	; --%	;1	;Sin cambios	; --%	;
56	;06/03 07:00 - 08:00	;6	;Aumentar por500.0%	; --%	;1	;Disminuir por66.7%	;Disminuir por75.0%	;0	; --%	; --%	;5	;Aumentar por150.0%	;Aumentar por66.7%	;0	; --%	; --%	;0	; --%	; --%	;
57	;06/03 08:00 - 09:00	;40	;Aumentar por700.0%	;Aumentar por344.4%	;35	;Aumentar por483.3%	;Aumentar por1650.0%	;0	; --%	;Disminuir por100.0%	;6	;Aumentar por100.0%	;Disminuir por64.7%	;0	; --%	;Disminuir por100.0%	;5	;Aumentar por400.0%	; --%	;
58	;06/03 09:00 - 10:00	;59	;Aumentar por103.4%	;Aumentar por55.3%	;34	;Aumentar por88.9%	;Aumentar por161.5%	;1	; --%	; --%	;2	;Sin cambios	;Disminuir por50.0%	;0	; --%	; --%	;3	;Sin cambios	;Disminuir por25.0%	;
59	;06/03 10:00 - 11:00	;105	;Disminuir por6.3%	;Aumentar por45.8%	;34	;Aumentar por30.8%	;Sin cambios	;0	;Disminuir por100.0%	;Disminuir por100.0%	;4	;Aumentar por100.0%	;Disminuir por33.3%	;1	; --%	;Disminuir por50.0%	;1	;Disminuir por50.0%	;Disminuir por66.7%	;
60	;06/03 11:00 - 12:00	;213	;Aumentar por93.6%	;Aumentar por80.5%	;77	;Aumentar por196.2%	;Aumentar por108.1%	;0	;Disminuir por100.0%	;Disminuir por100.0%	;2	;Sin cambios	;Disminuir por77.8%	;2	; --%	;Aumentar por100.0%	;2	;Aumentar por100.0%	;Disminuir por33.3%	;
61	;06/03 12:00 - 13:00	;76	;Aumentar por181.5%	;Aumentar por5.6%	;37	;Aumentar por76.2%	;Aumentar por68.2%	;2	;Aumentar por100.0%	;Sin cambios	;3	;Sin cambios	;Disminuir por40.0%	;0	;Disminuir por100.0%	; --%	;4	;Disminuir por50.0%	;Aumentar por300.0%	;
62	;06/03 13:00 - 14:00	;33	;Aumentar por230.0%	;Disminuir por54.8%	;24	;Aumentar por140.0%	;Disminuir por25.0%	;0	; --%	; --%	;4	;Aumentar por33.3%	;Aumentar por300.0%	;0	; --%	;Disminuir por100.0%	;0	;Disminuir por100.0%	;Disminuir por100.0%	;
63	;06/03 14:00 - 15:00	;38	; --%	;Disminuir por29.6%	;14	; --%	;Disminuir por48.1%	;0	; --%	; --%	;0	; --%	;Disminuir por100.0%	;0	; --%	; --%	;8	; --%	;Aumentar por14.3%	;
64	;06/03 15:00 - 16:00	;27	; --%	;Disminuir por54.2%	;9	; --%	;Disminuir por57.1%	;0	; --%	; --%	;1	; --%	;Disminuir por50.0%	;0	; --%	;Disminuir por100.0%	;8	; --%	;Aumentar por700.0%	;
65	;06/03 16:00 - 17:00	;44	; --%	;Aumentar por2.3%	;30	; --%	;Aumentar por150.0%	;0	; --%	; --%	;2	; --%	;Disminuir por33.3%	;2	; --%	; --%	;5	; --%	;Aumentar por150.0%	;
66	;06/03 17:00 - 18:00	;78	; --%	;Disminuir por3.7%	;37	; --%	;Aumentar por164.3%	;0	; --%	; --%	;3	; --%	;Disminuir por50.0%	;0	; --%	; --%	;8	; --%	;Aumentar por166.7%	;
67	;06/03 18:00 - 19:00	;178	; --%	;Aumentar por21.1%	;49	; --%	;Aumentar por11.4%	;0	; --%	; --%	;0	; --%	;Disminuir por100.0%	;0	; --%	; --%	;1	; --%	;Disminuir por66.7%	;
68	;06/03 19:00 - 20:00	;293	; --%	;Aumentar por22.6%	;84	; --%	;Disminuir por3.4%	;0	; --%	; --%	;1	; --%	;Sin cambios	;1	; --%	;Sin cambios	;1	; --%	;Sin cambios	;
69	;06/03 20:00 - 21:00	;207	; --%	;Aumentar por40.8%	;81	; --%	;Aumentar por50.0%	;0	; --%	; --%	;1	; --%	;Sin cambios	;2	; --%	;Aumentar por100.0%	;3	; --%	;Aumentar por200.0%	;
70	;06/03 21:00 - 22:00	;133	; --%	;Aumentar por150.9%	;60	; --%	;Aumentar por87.5%	;0	; --%	; --%	;0	; --%	; --%	;7	; --%	; --%	;1	; --%	; --%	;
71	;06/03 22:00 - 23:00	;83	; --%	;Aumentar por315.0%	;49	; --%	;Aumentar por345.5%	;0	; --%	; --%	;1	; --%	;Disminuir por50.0%	;1	; --%	; --%	;0	; --%	; --%	;
72	;06/03 23:00 - 24:00	;62	; --%	;Aumentar por264.7%	;38	; --%	;Aumentar por533.3%	;0	; --%	; --%	;0	; --%	; --%	;0	; --%	; --%	;2	; --%	; --%	;
73	;06/04 00:00 - 01:00	;22	; --%	;Aumentar por450.0%	;8	; --%	;Aumentar por300.0%	;0	; --%	; --%	;2	; --%	; --%	;0	; --%	;Disminuir por100.0%	;2	; --%	; --%	;
74	;06/04 01:00 - 02:00	;0	; --%	; --%	;4	; --%	; --%	;0	; --%	; --%	;0	; --%	; --%	;0	; --%	; --%	;0	; --%	; --%	;
75	;06/04 02:00 - 03:00	;6	; --%	; --%	;9	; --%	; --%	;1	; --%	; --%	;0	; --%	; --%	;0	; --%	; --%	;0	; --%	; --%	;
76	;06/04 03:00 - 04:00	;11	; --%	; --%	;11	; --%	; --%	;0	; --%	; --%	;1	; --%	; --%	;0	; --%	; --%	;0	; --%	; --%	;
77	;06/04 04:00 - 05:00	;0	; --%	;Disminuir por100.0%	;0	; --%	;Disminuir por100.0%	;0	; --%	; --%	;1	; --%	;Sin cambios	;0	; --%	; --%	;0	; --%	; --%	;
78	;06/04 05:00 - 06:00	;0	; --%	; --%	;0	; --%	;Disminuir por100.0%	;0	; --%	; --%	;0	; --%	;Disminuir por100.0%	;0	; --%	; --%	;0	; --%	; --%	;
79	;06/04 06:00 - 07:00	;2	; --%	;Disminuir por33.3%	;0	; --%	; --%	;0	; --%	; --%	;1	; --%	; --%	;0	; --%	; --%	;1	; --%	; --%	;
80	;06/04 07:00 - 08:00	;2	; --%	;Disminuir por50.0%	;3	; --%	;Aumentar por50.0%	;0	; --%	; --%	;3	; --%	;Aumentar por200.0%	;0	; --%	; --%	;0	; --%	; --%	;
81	;06/04 08:00 - 09:00	;21	;Aumentar por600.0%	;Aumentar por61.5%	;17	;Aumentar por1600.0%	;Aumentar por112.5%	;0	; --%	; --%	;5	;Aumentar por25.0%	;Aumentar por25.0%	;0	; --%	; --%	;2	; --%	;Disminuir por50.0%	;
82	;06/04 09:00 - 10:00	;23	;Aumentar por1050.0%	;Disminuir por8.0%	;21	;Aumentar por200.0%	;Aumentar por75.0%	;1	; --%	; --%	;9	;Aumentar por800.0%	;Aumentar por28.6%	;0	; --%	; --%	;4	;Aumentar por300.0%	;Aumentar por33.3%	;
83	;06/04 10:00 - 11:00	;57	;Aumentar por90.0%	;Disminuir por36.0%	;28	;Aumentar por180.0%	;Disminuir por3.4%	;0	; --%	;Disminuir por100.0%	;5	;Aumentar por66.7%	;Disminuir por50.0%	;4	; --%	;Aumentar por300.0%	;5	;Aumentar por400.0%	;Aumentar por25.0%	;
84	;06/04 11:00 - 12:00	;135	;Aumentar por193.5%	;Aumentar por53.4%	;59	;Aumentar por742.9%	;Aumentar por31.1%	;0	; --%	; --%	;5	;Aumentar por150.0%	;Aumentar por25.0%	;1	;Sin cambios	; --%	;4	;Aumentar por33.3%	;Aumentar por100.0%	;
85	;06/04 12:00 - 13:00	;61	;Aumentar por10.9%	;Disminuir por11.6%	;22	;Disminuir por35.3%	;Disminuir por24.1%	;0	; --%	; --%	;2	;Aumentar por100.0%	;Disminuir por66.7%	;1	; --%	;Disminuir por66.7%	;6	;Aumentar por500.0%	;Aumentar por100.0%	;
86	;06/04 13:00 - 14:00	;34	;Aumentar por183.3%	;Disminuir por26.1%	;28	;Aumentar por460.0%	;Aumentar por55.6%	;0	;Disminuir por100.0%	; --%	;4	;Aumentar por33.3%	;Aumentar por300.0%	;0	; --%	; --%	;3	;Aumentar por200.0%	;Sin cambios	;
87	;06/04 14:00 - 15:00	;53	;Aumentar por341.7%	;Aumentar por76.7%	;32	;Aumentar por3100.0%	;Aumentar por45.5%	;0	; --%	;Disminuir por100.0%	;0	;Disminuir por100.0%	;Disminuir por100.0%	;1	; --%	; --%	;4	; --%	;Disminuir por20.0%	;
88	;06/04 15:00 - 16:00	;38	;Aumentar por100.0%	;Sin cambios	;15	;Aumentar por114.3%	;Disminuir por44.4%	;0	; --%	;Disminuir por100.0%	;4	;Sin cambios	;Disminuir por55.6%	;2	; --%	; --%	;4	; --%	;Disminuir por20.0%	;
89	;06/04 16:00 - 17:00	;46	;Aumentar por142.1%	;Aumentar por17.9%	;30	;Aumentar por130.8%	;Disminuir por21.1%	;0	; --%	; --%	;4	;Sin cambios	;Disminuir por20.0%	;1	;Sin cambios	;Disminuir por50.0%	;7	;Aumentar por600.0%	;Disminuir por22.2%	;
90	;06/04 17:00 - 18:00	;82	;Aumentar por57.7%	;Aumentar por20.6%	;42	;Aumentar por320.0%	;Aumentar por20.0%	;0	; --%	; --%	;2	;Aumentar por100.0%	;Disminuir por33.3%	;1	;Sin cambios	;Sin cambios	;4	;Aumentar por300.0%	;Sin cambios	;
91	;06/04 18:00 - 19:00	;168	;Aumentar por366.7%	;Aumentar por48.7%	;63	;Aumentar por425.0%	;Aumentar por57.5%	;0	; --%	; --%	;1	;Disminuir por66.7%	;Disminuir por50.0%	;0	; --%	;Disminuir por100.0%	;7	;Aumentar por250.0%	;Sin cambios	;
92	;06/04 19:00 - 20:00	;225	;Aumentar por1223.5%	;Aumentar por5.6%	;105	;Aumentar por2000.0%	;Aumentar por26.5%	;0	; --%	; --%	;0	;Disminuir por100.0%	; --%	;1	; --%	;Disminuir por83.3%	;3	; --%	;Disminuir por25.0%	;
93	;06/04 20:00 - 21:00	;197	;Aumentar por1690.9%	;Disminuir por2.5%	;77	; --%	;Aumentar por1.3%	;0	; --%	; --%	;0	;Disminuir por100.0%	; --%	;0	; --%	;Disminuir por100.0%	;6	; --%	;Aumentar por200.0%	;
94	;06/04 21:00 - 22:00	;220	;Aumentar por7233.3%	;Aumentar por124.5%	;86	;Aumentar por4200.0%	;Aumentar por45.8%	;0	; --%	; --%	;0	; --%	; --%	;2	; --%	;Sin cambios	;4	; --%	;Aumentar por100.0%	;
95	;06/04 22:00 - 23:00	;164	; --%	;Aumentar por137.7%	;74	; --%	;Aumentar por80.5%	;0	; --%	; --%	;0	; --%	;Disminuir por100.0%	;2	; --%	; --%	;2	; --%	;Aumentar por100.0%	;
96	;06/04 23:00 - 24:00	;97	;Aumentar por2325.0%	;Aumentar por27.6%	;58	;Aumentar por2800.0%	;Aumentar por48.7%	;0	; --%	; --%	;0	; --%	;Disminuir por100.0%	;1	; --%	; --%	;3	;Aumentar por200.0%	; --%	;
97	;06/05 00:00 - 01:00	;14	; --%	;Sin cambios	;18	; --%	;Aumentar por1700.0%	;0	;Disminuir por100.0%	; --%	;0	;Disminuir por100.0%	; --%	;0	; --%	; --%	;1	; --%	; --%	;
98	;06/05 01:00 - 02:00	;1	; --%	; --%	;4	; --%	;Disminuir por69.2%	;0	; --%	; --%	;0	; --%	; --%	;0	; --%	; --%	;0	; --%	; --%	;
99	;06/05 02:00 - 03:00	;0	; --%	; --%	;1	; --%	;Sin cambios	;0	; --%	; --%	;0	; --%	;Disminuir por100.0%	;0	; --%	; --%	;0	; --%	; --%	;
100	;06/05 03:00 - 04:00	;12	; --%	;Aumentar por500.0%	;11	; --%	;Aumentar por266.7%	;8	; --%	; --%	;9	; --%	;Aumentar por800.0%	;0	; --%	; --%	;0	; --%	; --%	;
101	;06/05 04:00 - 05:00	;0	; --%	; --%	;0	; --%	; --%	;0	; --%	; --%	;1	; --%	; --%	;0	; --%	; --%	;0	; --%	; --%	;
102	;06/05 05:00 - 06:00	;0	; --%	; --%	;0	; --%	;Disminuir por100.0%	;0	; --%	; --%	;0	; --%	;Disminuir por100.0%	;0	; --%	; --%	;0	; --%	; --%	;
103	;06/05 06:00 - 07:00	;0	; --%	;Disminuir por100.0%	;1	; --%	;Sin cambios	;0	; --%	; --%	;0	;Disminuir por100.0%	; --%	;0	; --%	; --%	;1	;Sin cambios	; --%	;
104	;06/05 07:00 - 08:00	;0	;Disminuir por100.0%	;Disminuir por100.0%	;1	;Sin cambios	;Disminuir por50.0%	;0	; --%	; --%	;5	;Aumentar por66.7%	;Aumentar por150.0%	;0	; --%	; --%	;0	; --%	; --%	;
105	;06/05 08:00 - 09:00	;8	;Aumentar por700.0%	;Disminuir por20.0%	;8	;Aumentar por100.0%	;Disminuir por33.3%	;0	; --%	;Disminuir por100.0%	;6	;Aumentar por100.0%	;Disminuir por25.0%	;0	; --%	; --%	;0	;Disminuir por100.0%	;Disminuir por100.0%	;
106	;06/05 09:00 - 10:00	;29	;Aumentar por480.0%	;Disminuir por39.6%	;14	;Aumentar por366.7%	;Disminuir por64.1%	;0	;Disminuir por100.0%	; --%	;7	;Aumentar por75.0%	;Disminuir por36.4%	;0	; --%	;Disminuir por100.0%	;0	; --%	;Disminuir por100.0%	;
107	;06/05 10:00 - 11:00	;42	;Aumentar por133.3%	;Disminuir por44.0%	;23	;Aumentar por187.5%	;Disminuir por23.3%	;0	; --%	; --%	;8	;Aumentar por60.0%	;Aumentar por60.0%	;2	; --%	;Aumentar por100.0%	;2	; --%	;Disminuir por33.3%	;
108	;06/05 11:00 - 12:00	;133	;Aumentar por13200.0%	;Aumentar por46.2%	;32	;Aumentar por1500.0%	;Disminuir por20.0%	;0	;Disminuir por100.0%	; --%	;8	;Aumentar por60.0%	;Aumentar por700.0%	;2	; --%	; --%	;0	; --%	;Disminuir por100.0%	;
109	;06/05 12:00 - 13:00	;244	;Aumentar por12100.0%	;Aumentar por194.0%	;48	;Aumentar por860.0%	;Aumentar por220.0%	;0	;Disminuir por100.0%	; --%	;8	;Aumentar por100.0%	;Aumentar por100.0%	;2	; --%	;Sin cambios	;1	; --%	;Disminuir por66.7%	;
110	;06/05 13:00 - 14:00	;157	;Aumentar por3825.0%	;Aumentar por149.2%	;73	;Aumentar por1360.0%	;Aumentar por265.0%	;1	; --%	; --%	;5	;Sin cambios	;Sin cambios	;1	; --%	;Disminuir por50.0%	;3	; --%	;Aumentar por50.0%	;
111	;06/05 14:00 - 15:00	;59	;Aumentar por181.0%	;Aumentar por34.1%	;36	;Aumentar por227.3%	;Aumentar por44.0%	;0	; --%	; --%	;10	;Aumentar por233.3%	;Aumentar por900.0%	;1	; --%	; --%	;1	; --%	;Disminuir por75.0%	;
112	;06/05 15:00 - 16:00	;55	;Aumentar por400.0%	;Aumentar por17.0%	;23	;Aumentar por130.0%	;Disminuir por20.7%	;0	; --%	;Disminuir por100.0%	;1	;Disminuir por75.0%	;Disminuir por66.7%	;0	; --%	; --%	;2	; --%	;Sin cambios	;
113	;06/05 16:00 - 17:00	;139	;Aumentar por379.3%	;Aumentar por215.9%	;35	;Aumentar por288.9%	;Aumentar por66.7%	;0	; --%	; --%	;2	;Aumentar por100.0%	;Disminuir por60.0%	;2	;Disminuir por33.3%	; --%	;1	; --%	;Disminuir por50.0%	;
114	;06/05 17:00 - 18:00	;158	;Aumentar por209.8%	;Aumentar por243.5%	;108	;Aumentar por315.4%	;Aumentar por980.0%	;0	; --%	; --%	;0	;Disminuir por100.0%	;Disminuir por100.0%	;0	;Disminuir por100.0%	;Disminuir por100.0%	;6	;Aumentar por20.0%	;Aumentar por500.0%	;
115	;06/05 18:00 - 19:00	;286	;Aumentar por361.3%	;Aumentar por130.6%	;108	;Aumentar por440.0%	;Aumentar por47.9%	;0	; --%	; --%	;1	;Disminuir por80.0%	; --%	;0	; --%	;Disminuir por100.0%	;4	; --%	;Sin cambios	;
116	;06/05 19:00 - 20:00	;364	;Aumentar por600.0%	;Aumentar por82.0%	;116	;Aumentar por866.7%	;Aumentar por52.6%	;0	; --%	; --%	;0	;Disminuir por100.0%	; --%	;1	;Disminuir por50.0%	;Disminuir por50.0%	;1	;Sin cambios	;Disminuir por75.0%	;
117	;06/05 20:00 - 21:00	;697	;Aumentar por4546.7%	;Aumentar por314.9%	;383	;Aumentar por4687.5%	;Aumentar por431.9%	;0	; --%	; --%	;0	;Disminuir por100.0%	; --%	;2	; --%	;Aumentar por100.0%	;17	; --%	; --%	;
118	;06/05 21:00 - 22:00	;1156	;Aumentar por19166.7%	;Aumentar por383.7%	;920	;Aumentar por91900.0%	;Aumentar por392.0%	;0	; --%	; --%	;0	; --%	; --%	;8	; --%	;Disminuir por71.4%	;35	; --%	;Disminuir por22.2%	;
119	;06/05 22:00 - 23:00	;730	;Aumentar por36400.0%	;Aumentar por163.5%	;605	; --%	;Aumentar por196.6%	;0	; --%	; --%	;0	; --%	; --%	;25	; --%	;Aumentar por108.3%	;43	; --%	;Aumentar por126.3%	;
120	;06/05 23:00 - 24:00	;211	;Aumentar por6933.3%	;Aumentar por263.8%	;147	;Aumentar por7250.0%	;Aumentar por345.5%	;0	; --%	; --%	;0	; --%	; --%	;2	; --%	; --%	;3	; --%	;Aumentar por50.0%	;
121	;06/06 00:00 - 01:00	;50	; --%	;Aumentar por400.0%	;37	; --%	;Aumentar por311.1%	;0	; --%	; --%	;0	;Disminuir por100.0%	; --%	;1	; --%	; --%	;4	; --%	; --%	;
122	;06/06 01:00 - 02:00	;10	; --%	;Aumentar por42.9%	;12	; --%	;Aumentar por71.4%	;0	; --%	; --%	;0	; --%	; --%	;0	; --%	; --%	;0	; --%	;Disminuir por100.0%	;
123	;06/06 02:00 - 03:00	;24	; --%	;Aumentar por242.9%	;7	; --%	; --%	;0	; --%	;Disminuir por100.0%	;1	; --%	;Disminuir por66.7%	;0	; --%	; --%	;1	; --%	; --%	;
124	;06/06 03:00 - 04:00	;1	; --%	;Sin cambios	;5	;Aumentar por400.0%	;Aumentar por25.0%	;0	; --%	; --%	;0	;Disminuir por100.0%	;Disminuir por100.0%	;0	; --%	; --%	;0	; --%	; --%	;
125	;06/06 04:00 - 05:00	;15	; --%	; --%	;32	;Aumentar por3100.0%	; --%	;5	; --%	; --%	;7	; --%	;Aumentar por600.0%	;0	; --%	; --%	;1	; --%	; --%	;
126	;06/06 05:00 - 06:00	;11	; --%	; --%	;2	; --%	; --%	;0	; --%	; --%	;1	; --%	; --%	;0	; --%	; --%	;0	; --%	; --%	;
127	;06/06 06:00 - 07:00	;0	;Disminuir por100.0%	;Disminuir por100.0%	;1	;Sin cambios	;Disminuir por66.7%	;0	; --%	; --%	;0	;Disminuir por100.0%	;Disminuir por100.0%	;1	; --%	; --%	;0	; --%	; --%	;
128	;06/06 07:00 - 08:00	;6	; --%	;Aumentar por20.0%	;8	; --%	;Aumentar por100.0%	;0	; --%	; --%	;1	;Disminuir por66.7%	;Disminuir por66.7%	;0	; --%	; --%	;1	; --%	; --%	;
129	;06/06 08:00 - 09:00	;14	;Aumentar por366.7%	;Aumentar por27.3%	;3	;Disminuir por25.0%	;Disminuir por57.1%	;0	; --%	;Disminuir por100.0%	;2	;Disminuir por71.4%	;Disminuir por50.0%	;2	; --%	; --%	;0	;Disminuir por100.0%	; --%	;
130	;06/06 09:00 - 10:00	;48	;Aumentar por500.0%	;Aumentar por100.0%	;36	;Aumentar por3500.0%	;Aumentar por111.8%	;0	; --%	; --%	;2	;Disminuir por33.3%	;Disminuir por33.3%	;0	; --%	; --%	;4	; --%	;Disminuir por20.0%	;
131	;06/06 10:00 - 11:00	;124	;Aumentar por275.8%	;Aumentar por22.8%	;27	;Aumentar por107.7%	;Disminuir por28.9%	;0	;Disminuir por100.0%	; --%	;3	;Disminuir por50.0%	;Disminuir por62.5%	;0	; --%	;Disminuir por100.0%	;7	; --%	;Aumentar por75.0%	;
132	;06/06 11:00 - 12:00	;276	;Aumentar por573.2%	;Aumentar por52.5%	;135	;Aumentar por650.0%	;Aumentar por46.7%	;0	; --%	;Disminuir por100.0%	;1	;Disminuir por75.0%	;Disminuir por80.0%	;0	; --%	;Disminuir por100.0%	;5	; --%	;Sin cambios	;
133	;06/06 12:00 - 13:00	;202	;Aumentar por2144.4%	;Aumentar por80.4%	;68	;Aumentar por353.3%	;Disminuir por28.4%	;0	; --%	; --%	;2	;Aumentar por100.0%	;Sin cambios	;0	;Disminuir por100.0%	; --%	;7	; --%	;Aumentar por16.7%	;
134	;06/06 13:00 - 14:00	;141	;Aumentar por513.0%	;Aumentar por200.0%	;85	;Aumentar por608.3%	;Aumentar por150.0%	;0	; --%	;Disminuir por100.0%	;1	;Disminuir por66.7%	;Disminuir por66.7%	;1	; --%	;Sin cambios	;6	;Aumentar por200.0%	;Aumentar por100.0%	;
135	;06/06 14:00 - 15:00	;107	;Aumentar por494.4%	;Aumentar por245.2%	;48	;Aumentar por433.3%	;Aumentar por92.0%	;0	; --%	; --%	;1	;Disminuir por80.0%	;Disminuir por66.7%	;1	;Sin cambios	;Sin cambios	;6	;Aumentar por200.0%	;Sin cambios	;
136	;06/06 15:00 - 16:00	;106	;Aumentar por278.6%	;Aumentar por116.3%	;60	;Aumentar por900.0%	;Aumentar por185.7%	;0	; --%	; --%	;1	;Disminuir por80.0%	;Sin cambios	;1	;Sin cambios	; --%	;1	; --%	;Disminuir por75.0%	;
137	;06/06 16:00 - 17:00	;130	;Aumentar por170.8%	;Aumentar por49.4%	;58	;Aumentar por1833.3%	;Aumentar por141.7%	;0	; --%	; --%	;1	; --%	;Disminuir por50.0%	;1	; --%	;Sin cambios	;4	;Aumentar por100.0%	;Aumentar por300.0%	;
138	;06/06 17:00 - 18:00	;288	;Aumentar por364.5%	;Aumentar por274.0%	;76	;Aumentar por216.7%	;Aumentar por145.2%	;0	; --%	; --%	;1	;Disminuir por50.0%	;Disminuir por50.0%	;2	;Aumentar por100.0%	;Aumentar por100.0%	;4	;Aumentar por100.0%	;Disminuir por33.3%	;
139	;06/06 18:00 - 19:00	;347	;Aumentar por671.1%	;Aumentar por98.3%	;103	;Aumentar por586.7%	;Disminuir por12.7%	;0	; --%	; --%	;0	;Disminuir por100.0%	; --%	;3	; --%	;Disminuir por25.0%	;3	;Sin cambios	;Disminuir por50.0%	;
140	;06/06 19:00 - 20:00	;775	;Aumentar por3775.0%	;Aumentar por239.9%	;318	;Aumentar por6260.0%	;Aumentar por313.0%	;0	; --%	; --%	;0	;Disminuir por100.0%	; --%	;7	; --%	;Disminuir por30.0%	;7	; --%	;Aumentar por75.0%	;
141	;06/06 20:00 - 21:00	;1351	;Aumentar por9550.0%	;Aumentar por175.7%	;818	;Aumentar por81700.0%	;Aumentar por217.1%	;0	; --%	; --%	;0	; --%	; --%	;55	; --%	;Aumentar por2650.0%	;50	; --%	;Aumentar por2400.0%	;
142	;06/06 21:00 - 22:00	;1079	;Aumentar por11888.9%	;Aumentar por137.7%	;745	;Aumentar por24733.3%	;Aumentar por170.9%	;0	;Disminuir por100.0%	; --%	;0	; --%	; --%	;28	; --%	;Aumentar por180.0%	;52	; --%	;Aumentar por5100.0%	;
143	;06/06 22:00 - 23:00	;1031	;Aumentar por20520.0%	;Aumentar por42.2%	;747	;Aumentar por18575.0%	;Aumentar por24.1%	;0	; --%	; --%	;0	;Disminuir por100.0%	; --%	;13	; --%	;Disminuir por13.3%	;33	; --%	;Aumentar por83.3%	;
144	;06/06 23:00 - 24:00	;481	;Aumentar por23950.0%	;Aumentar por111.0%	;381	;Aumentar por12600.0%	;Aumentar por269.9%	;0	; --%	; --%	;0	;Disminuir por100.0%	; --%	;63	; --%	;Aumentar por687.5%	;46	; --%	;Aumentar por2200.0%	;
145	;06/07 00:00 - 01:00	;122	;Aumentar por2950.0%	;Disminuir por1.6%	;83	; --%	;Disminuir por34.6%	;0	; --%	; --%	;0	; --%	; --%	;0	; --%	; --%	;2	; --%	;Aumentar por100.0%	;
146	;06/07 01:00 - 02:00	;10	; --%	;Disminuir por69.7%	;8	;Aumentar por100.0%	;Disminuir por46.7%	;0	; --%	; --%	;0	; --%	; --%	;0	; --%	; --%	;1	; --%	; --%	;
147	;06/07 02:00 - 03:00	;23	;Aumentar por2200.0%	;Aumentar por155.6%	;15	; --%	;Aumentar por25.0%	;0	; --%	; --%	;1	; --%	;Sin cambios	;0	; --%	; --%	;0	; --%	;Disminuir por100.0%	;
148	;06/07 03:00 - 04:00	;4	;Aumentar por100.0%	;Aumentar por33.3%	;1	; --%	;Disminuir por90.0%	;0	; --%	; --%	;0	; --%	;Disminuir por100.0%	;1	; --%	; --%	;0	; --%	; --%	;
149	;06/07 04:00 - 05:00	;5	; --%	;Disminuir por44.4%	;7	;Aumentar por600.0%	;Aumentar por250.0%	;1	; --%	; --%	;2	;Aumentar por100.0%	;Aumentar por100.0%	;0	; --%	; --%	;0	; --%	; --%	;
150	;06/07 05:00 - 06:00	;4	; --%	; --%	;1	; --%	; --%	;0	; --%	; --%	;0	; --%	; --%	;0	; --%	; --%	;0	; --%	; --%	;
151	;06/07 06:00 - 07:00	;4	;Aumentar por300.0%	;Aumentar por100.0%	;0	; --%	; --%	;0	; --%	; --%	;0	; --%	; --%	;1	; --%	; --%	;0	; --%	; --%	;
152	;06/07 07:00 - 08:00	;6	;Aumentar por500.0%	;Aumentar por200.0%	;5	;Aumentar por400.0%	;Sin cambios	;1	;Sin cambios	; --%	;5	;Aumentar por150.0%	;Aumentar por150.0%	;0	; --%	; --%	;0	; --%	; --%	;
153	;06/07 08:00 - 09:00	;14	;Aumentar por180.0%	;Aumentar por27.3%	;15	;Aumentar por1400.0%	;Aumentar por87.5%	;0	; --%	;Disminuir por100.0%	;1	;Disminuir por75.0%	;Disminuir por75.0%	;0	; --%	; --%	;1	; --%	;Sin cambios	;
154	;06/07 09:00 - 10:00	;41	;Aumentar por310.0%	;Aumentar por2.5%	;24	;Aumentar por166.7%	;Aumentar por33.3%	;0	; --%	; --%	;0	;Disminuir por100.0%	;Disminuir por100.0%	;0	; --%	;Disminuir por100.0%	;5	; --%	;Disminuir por16.7%	;
155	;06/07 10:00 - 11:00	;116	;Aumentar por43.2%	;Aumentar por27.5%	;36	;Aumentar por63.6%	;Aumentar por9.1%	;0	; --%	;Disminuir por100.0%	;2	;Disminuir por33.3%	;Disminuir por50.0%	;1	; --%	;Sin cambios	;13	;Aumentar por333.3%	;Aumentar por225.0%	;
156	;06/07 11:00 - 12:00	;224	;Aumentar por273.3%	;Aumentar por109.3%	;68	;Aumentar por36.0%	;Aumentar por3.0%	;0	; --%	; --%	;0	;Disminuir por100.0%	; --%	;0	; --%	;Disminuir por100.0%	;4	;Sin cambios	;Disminuir por20.0%	;
157	;06/07 12:00 - 13:00	;237	;Aumentar por540.5%	;Aumentar por68.1%	;71	;Aumentar por545.5%	;Disminuir por12.3%	;0	; --%	; --%	;0	;Disminuir por100.0%	; --%	;2	; --%	;Aumentar por100.0%	;14	; --%	;Aumentar por180.0%	;
158	;06/07 13:00 - 14:00	;136	;Aumentar por946.2%	;Aumentar por2.3%	;63	;Aumentar por800.0%	;Disminuir por8.7%	;0	; --%	; --%	;1	;Disminuir por75.0%	;Sin cambios	;0	; --%	;Disminuir por100.0%	;3	; --%	;Disminuir por50.0%	;
159	;06/07 14:00 - 15:00	;101	;Aumentar por910.0%	;Disminuir por8.2%	;57	;Aumentar por1040.0%	;Aumentar por39.0%	;0	; --%	; --%	;0	;Disminuir por100.0%	;Disminuir por100.0%	;2	; --%	;Disminuir por33.3%	;2	; --%	;Aumentar por100.0%	;
160	;06/07 15:00 - 16:00	;93	;Aumentar por126.8%	;Aumentar por12.0%	;39	;Aumentar por225.0%	;Aumentar por2.6%	;0	; --%	; --%	;0	;Disminuir por100.0%	;Disminuir por100.0%	;1	; --%	;Disminuir por50.0%	;2	; --%	;Aumentar por100.0%	;
161	;06/07 16:00 - 17:00	;103	;Aumentar por221.9%	;Aumentar por10.8%	;59	;Aumentar por321.4%	;Aumentar por22.9%	;0	; --%	; --%	;0	;Disminuir por100.0%	; --%	;3	; --%	;Aumentar por50.0%	;5	; --%	;Disminuir por44.4%	;
162	;06/07 17:00 - 18:00	;92	;Aumentar por100.0%	;Disminuir por25.2%	;28	;Disminuir por30.0%	;Disminuir por50.9%	;0	;Disminuir por100.0%	; --%	;2	; --%	; --%	;0	; --%	;Disminuir por100.0%	;5	;Aumentar por150.0%	;Aumentar por25.0%	;
163	;06/07 18:00 - 19:00	;247	;Aumentar por1958.3%	;Disminuir por1.6%	;71	;Aumentar por446.2%	;Disminuir por36.6%	;0	; --%	; --%	;0	;Disminuir por100.0%	; --%	;5	; --%	; --%	;0	; --%	;Disminuir por100.0%	;
164	;06/07 19:00 - 20:00	;399	;Aumentar por1109.1%	;Disminuir por63.7%	;107	;Aumentar por970.0%	;Disminuir por85.7%	;0	;Disminuir por100.0%	; --%	;0	;Disminuir por100.0%	; --%	;2	; --%	;Disminuir por71.4%	;9	;Aumentar por800.0%	;Aumentar por80.0%	;
165	;06/07 20:00 - 21:00	;702	;Aumentar por6281.8%	;Disminuir por55.9%	;413	;Aumentar por5062.5%	;Disminuir por65.2%	;0	; --%	; --%	;0	; --%	; --%	;27	; --%	;Aumentar por50.0%	;31	; --%	;Aumentar por63.2%	;
166	;06/07 21:00 - 22:00	;976	;Aumentar por4547.6%	;Aumentar por3.5%	;636	;Aumentar por12620.0%	;Aumentar por20.0%	;0	; --%	; --%	;0	;Disminuir por100.0%	; --%	;10	; --%	;Disminuir por28.6%	;17	; --%	;Aumentar por21.4%	;
167	;06/07 22:00 - 23:00	;427	;Aumentar por7016.7%	;Disminuir por51.9%	;322	; --%	;Disminuir por44.8%	;0	; --%	; --%	;0	; --%	; --%	;3	; --%	;Disminuir por87.0%	;6	; --%	;Disminuir por84.6%	;
168	;06/07 23:00 - 24:00	;125	;Aumentar por2400.0%	;Disminuir por78.2%	;73	;Aumentar por2333.3%	;Disminuir por79.0%	;0	; --%	; --%	;0	; --%	; --%	;8	; --%	;Disminuir por57.9%	;5	; --%	;Disminuir por37.5%	;
169	;06/08 00:00 - 01:00	;65	;Aumentar por3150.0%	;Disminuir por51.5%	;34	;Aumentar por1600.0%	;Disminuir por55.8%	;0	; --%	; --%	;0	; --%	; --%	;0	; --%	;Disminuir por100.0%	;4	; --%	;Aumentar por100.0%	;
170	;06/08 01:00 - 02:00	;8	; --%	;Disminuir por76.5%	;1	;Disminuir por50.0%	;Disminuir por98.3%	;0	; --%	; --%	;0	;Disminuir por100.0%	; --%	;0	; --%	; --%	;0	; --%	; --%	;
171	;06/08 02:00 - 03:00	;1	; --%	;Disminuir por95.2%	;1	;Sin cambios	;Disminuir por92.9%	;0	; --%	; --%	;1	; --%	;Sin cambios	;0	; --%	; --%	;0	; --%	; --%	;
172	;06/08 03:00 - 04:00	;5	; --%	;Aumentar por150.0%	;6	; --%	;Disminuir por71.4%	;1	; --%	; --%	;2	; --%	; --%	;0	; --%	; --%	;0	; --%	; --%	;
173	;06/08 04:00 - 05:00	;0	; --%	;Disminuir por100.0%	;0	; --%	;Disminuir por100.0%	;0	; --%	; --%	;0	; --%	;Disminuir por100.0%	;0	; --%	; --%	;0	; --%	;Disminuir por100.0%	;
174	;06/08 05:00 - 06:00	;0	; --%	;Disminuir por100.0%	;0	; --%	;Disminuir por100.0%	;0	;Disminuir por100.0%	; --%	;0	;Disminuir por100.0%	;Disminuir por100.0%	;0	; --%	; --%	;0	; --%	; --%	;
175	;06/08 06:00 - 07:00	;4	;Aumentar por300.0%	;Aumentar por100.0%	;3	;Aumentar por200.0%	;Aumentar por200.0%	;0	; --%	;Disminuir por100.0%	;2	; --%	;Sin cambios	;0	; --%	; --%	;1	; --%	; --%	;
176	;06/08 07:00 - 08:00	;5	;Aumentar por400.0%	;Sin cambios	;4	;Aumentar por300.0%	;Sin cambios	;0	; --%	; --%	;2	;Aumentar por100.0%	; --%	;0	; --%	; --%	;0	;Disminuir por100.0%	; --%	;
177	;06/08 08:00 - 09:00	;23	;Aumentar por1050.0%	;Aumentar por9.5%	;16	;Aumentar por700.0%	;Aumentar por60.0%	;0	; --%	; --%	;5	; --%	;Aumentar por150.0%	;0	; --%	;Disminuir por100.0%	;2	; --%	;Aumentar por100.0%	;
178	;06/08 09:00 - 10:00	;35	;Aumentar por250.0%	;Disminuir por28.6%	;23	;Aumentar por283.3%	;Aumentar por76.9%	;0	;Disminuir por100.0%	; --%	;1	;Sin cambios	;Sin cambios	;0	;Disminuir por100.0%	;Disminuir por100.0%	;2	;Aumentar por100.0%	;Sin cambios	;
179	;06/08 10:00 - 11:00	;91	;Disminuir por11.7%	;Disminuir por49.2%	;51	;Aumentar por142.9%	;Disminuir por20.3%	;0	; --%	; --%	;6	;Aumentar por100.0%	;Aumentar por200.0%	;1	; --%	; --%	;5	; --%	;Aumentar por25.0%	;
180	;06/08 11:00 - 12:00	;106	;Disminuir por25.9%	;Disminuir por69.2%	;38	;Aumentar por46.2%	;Disminuir por68.1%	;1	; --%	; --%	;3	;Aumentar por50.0%	;Sin cambios	;1	; --%	;Sin cambios	;3	;Sin cambios	;Disminuir por40.0%	;
181	;06/08 12:00 - 13:00	;104	;Disminuir por41.9%	;Disminuir por79.0%	;52	;Aumentar por6.1%	;Disminuir por80.3%	;1	; --%	; --%	;4	;Aumentar por33.3%	; --%	;5	; --%	;Sin cambios	;5	;Aumentar por400.0%	;Disminuir por28.6%	;
182	;06/08 13:00 - 14:00	;78	;Disminuir por9.3%	;Disminuir por70.6%	;34	;Aumentar por54.5%	;Disminuir por83.3%	;0	; --%	; --%	;4	;Aumentar por33.3%	; --%	;1	;Sin cambios	;Disminuir por50.0%	;3	;Aumentar por200.0%	;Disminuir por25.0%	;
183	;06/08 14:00 - 15:00	;35	;Disminuir por40.7%	;Disminuir por79.3%	;16	;Disminuir por20.0%	;Disminuir por76.8%	;0	; --%	; --%	;2	;Aumentar por100.0%	;Aumentar por100.0%	;0	;Disminuir por100.0%	; --%	;4	;Aumentar por300.0%	;Aumentar por100.0%	;
184	;06/08 15:00 - 16:00	;33	;Disminuir por67.6%	;Disminuir por73.8%	;15	;Aumentar por15.4%	;Disminuir por75.8%	;0	; --%	; --%	;1	; --%	;Sin cambios	;4	;Aumentar por100.0%	;Aumentar por300.0%	;3	; --%	;Sin cambios	;
185	;06/08 16:00 - 17:00	;58	;Disminuir por48.2%	;Disminuir por55.4%	;53	;Aumentar por307.7%	;Disminuir por22.1%	;1	; --%	; --%	;4	;Sin cambios	;Aumentar por300.0%	;0	;Disminuir por100.0%	;Disminuir por100.0%	;4	;Aumentar por100.0%	;Aumentar por100.0%	;
186	;06/08 17:00 - 18:00	;130	;Aumentar por88.4%	;Disminuir por5.1%	;32	;Aumentar por28.0%	;Disminuir por22.0%	;0	;Disminuir por100.0%	; --%	;2	;Aumentar por100.0%	; --%	;1	;Sin cambios	;Disminuir por80.0%	;6	;Aumentar por500.0%	;Aumentar por100.0%	;
187	;06/08 18:00 - 19:00	;192	;Aumentar por291.8%	;Disminuir por21.6%	;56	;Aumentar por211.1%	;Disminuir por40.4%	;0	; --%	;Disminuir por100.0%	;1	; --%	; --%	;2	; --%	;Disminuir por50.0%	;4	;Aumentar por300.0%	;Disminuir por20.0%	;
188	;06/08 19:00 - 20:00	;539	;Aumentar por1282.1%	;Aumentar por1.1%	;277	;Aumentar por1631.3%	;Aumentar por35.1%	;0	; --%	; --%	;0	; --%	; --%	;8	; --%	;Aumentar por166.7%	;15	; --%	;Aumentar por400.0%	;
189	;06/08 20:00 - 21:00	;971	;Aumentar por4523.8%	;Aumentar por127.4%	;680	;Aumentar por67900.0%	;Aumentar por356.4%	;0	; --%	; --%	;0	;Disminuir por100.0%	; --%	;6	; --%	;Aumentar por500.0%	;15	;Aumentar por1400.0%	;Aumentar por200.0%	;
190	;06/08 21:00 - 22:00	;630	;Aumentar por7775.0%	;Aumentar por96.9%	;500	;Aumentar por9900.0%	;Aumentar por203.0%	;0	; --%	; --%	;0	; --%	; --%	;18	; --%	; --%	;18	; --%	;Aumentar por1700.0%	;
191	;06/08 22:00 - 23:00	;226	;Aumentar por5550.0%	;Aumentar por44.9%	;101	; --%	;Aumentar por29.5%	;0	; --%	; --%	;0	; --%	; --%	;15	; --%	;Aumentar por1400.0%	;13	; --%	;Aumentar por550.0%	;
192	;06/08 23:00 - 24:00	;106	;Aumentar por3433.3%	;Aumentar por3.9%	;70	; --%	;Aumentar por7.7%	;0	; --%	; --%	;0	; --%	; --%	;6	; --%	;Aumentar por100.0%	;5	; --%	; --%	;
193	;06/09 00:00 - 01:00	;9	;Aumentar por125.0%	;Disminuir por81.3%	;7	; --%	;Disminuir por80.6%	;0	;Disminuir por100.0%	; --%	;0	; --%	; --%	;2	; --%	; --%	;1	; --%	;Disminuir por75.0%	;
194	;06/09 01:00 - 02:00	;11	; --%	;Disminuir por8.3%	;13	; --%	;Aumentar por225.0%	;0	; --%	; --%	;0	; --%	; --%	;0	; --%	; --%	;1	; --%	; --%	;
195	;06/09 02:00 - 03:00	;1	; --%	; --%	;9	; --%	;Aumentar por80.0%	;0	; --%	; --%	;0	; --%	; --%	;0	; --%	; --%	;1	; --%	; --%	;
196	;06/09 03:00 - 04:00	;0	; --%	;Disminuir por100.0%	;0	; --%	;Disminuir por100.0%	;0	; --%	; --%	;0	; --%	; --%	;1	; --%	; --%	;0	; --%	;Disminuir por100.0%	;
197	;06/09 04:00 - 05:00	;3	; --%	; --%	;0	; --%	;Disminuir por100.0%	;0	; --%	; --%	;0	; --%	; --%	;0	; --%	; --%	;0	; --%	; --%	;
198	;06/09 05:00 - 06:00	;7	; --%	; --%	;9	;Aumentar por800.0%	; --%	;1	; --%	; --%	;3	;Aumentar por200.0%	;Aumentar por200.0%	;0	; --%	; --%	;1	; --%	; --%	;
199	;06/09 06:00 - 07:00	;4	;Aumentar por100.0%	;Aumentar por100.0%	;0	;Disminuir por100.0%	;Disminuir por100.0%	;0	; --%	;Disminuir por100.0%	;1	;Disminuir por50.0%	;Disminuir por50.0%	;0	; --%	;Disminuir por100.0%	;1	;Sin cambios	; --%	;
200	;06/09 07:00 - 08:00	;5	;Aumentar por66.7%	;Aumentar por66.7%	;4	;Sin cambios	;Disminuir por33.3%	;0	; --%	; --%	;4	;Aumentar por300.0%	;Aumentar por100.0%	;0	; --%	; --%	;0	; --%	; --%	;
201	;06/09 08:00 - 09:00	;19	;Aumentar por216.7%	;Aumentar por26.7%	;20	;Aumentar por400.0%	;Aumentar por81.8%	;0	; --%	;Disminuir por100.0%	;5	;Aumentar por25.0%	;Disminuir por54.5%	;0	; --%	; --%	;3	;Aumentar por200.0%	;Aumentar por200.0%	;
202	;06/09 09:00 - 10:00	;32	;Aumentar por146.2%	;Aumentar por28.0%	;19	;Aumentar por137.5%	;Disminuir por20.8%	;0	; --%	;Disminuir por100.0%	;3	;Disminuir por50.0%	;Disminuir por72.7%	;0	;Disminuir por100.0%	; --%	;2	;Disminuir por50.0%	;Disminuir por60.0%	;
203	;06/09 10:00 - 11:00	;97	;Aumentar por246.4%	;Disminuir por12.6%	;44	;Aumentar por131.6%	;Disminuir por4.3%	;0	; --%	;Disminuir por100.0%	;4	;Aumentar por100.0%	;Disminuir por42.9%	;3	;Aumentar por50.0%	;Aumentar por200.0%	;5	;Aumentar por66.7%	;Aumentar por25.0%	;
204	;06/09 11:00 - 12:00	;91	;Aumentar por111.6%	;Disminuir por59.6%	;32	;Aumentar por357.1%	;Disminuir por62.4%	;0	; --%	; --%	;6	;Sin cambios	;Sin cambios	;0	; --%	;Disminuir por100.0%	;4	;Aumentar por300.0%	;Sin cambios	;
205	;06/09 12:00 - 13:00	;117	;Aumentar por143.8%	;Disminuir por4.9%	;39	;Aumentar por50.0%	;Disminuir por32.8%	;0	;Disminuir por100.0%	;Disminuir por100.0%	;2	;Disminuir por33.3%	;Disminuir por71.4%	;0	;Disminuir por100.0%	;Disminuir por100.0%	;5	;Aumentar por66.7%	;Aumentar por66.7%	;
206	;06/09 13:00 - 14:00	;62	;Aumentar por100.0%	;Disminuir por62.0%	;32	;Aumentar por68.4%	;Disminuir por48.4%	;0	; --%	; --%	;5	;Disminuir por16.7%	;Aumentar por25.0%	;0	; --%	;Disminuir por100.0%	;1	;Sin cambios	;Disminuir por50.0%	;
207	;06/09 14:00 - 15:00	;47	;Aumentar por113.6%	;Aumentar por34.3%	;35	;Aumentar por400.0%	;Disminuir por14.6%	;0	; --%	;Disminuir por100.0%	;1	;Disminuir por50.0%	;Disminuir por90.0%	;3	; --%	; --%	;6	;Aumentar por50.0%	;Aumentar por100.0%	;
208	;06/09 15:00 - 16:00	;41	;Aumentar por28.1%	;Aumentar por36.7%	;22	;Aumentar por4.8%	;Disminuir por46.3%	;0	; --%	;Disminuir por100.0%	;2	; --%	;Disminuir por93.1%	;3	;Aumentar por200.0%	; --%	;0	; --%	; --%	;
209	;06/09 16:00 - 17:00	;51	;Aumentar por64.5%	;Disminuir por19.0%	;22	;Aumentar por22.2%	;Disminuir por4.3%	;0	; --%	; --%	;2	;Aumentar por100.0%	; --%	;0	;Disminuir por100.0%	;Disminuir por100.0%	;5	;Sin cambios	;Disminuir por16.7%	;
210	;06/09 17:00 - 18:00	;78	;Aumentar por169.0%	;Disminuir por26.4%	;18	;Aumentar por260.0%	;Disminuir por37.9%	;0	;Disminuir por100.0%	; --%	;0	;Disminuir por100.0%	;Disminuir por100.0%	;1	;Sin cambios	;Sin cambios	;4	;Aumentar por300.0%	;Disminuir por33.3%	;
211	;06/09 18:00 - 19:00	;262	;Aumentar por571.8%	;Aumentar por85.8%	;104	;Aumentar por845.5%	;Aumentar por48.6%	;0	;Disminuir por100.0%	; --%	;2	;Disminuir por33.3%	;Sin cambios	;5	; --%	; --%	;10	;Aumentar por150.0%	;Aumentar por100.0%	;
212	;06/09 19:00 - 20:00	;304	;Aumentar por1281.8%	;Disminuir por0.3%	;109	;Aumentar por990.0%	;Aumentar por41.6%	;0	; --%	; --%	;0	;Disminuir por100.0%	; --%	;2	; --%	;Aumentar por100.0%	;6	;Aumentar por500.0%	;Aumentar por20.0%	;
213	;06/09 20:00 - 21:00	;583	;Aumentar por5730.0%	;Aumentar por29.8%	;306	;Aumentar por4271.4%	;Aumentar por91.3%	;0	; --%	; --%	;1	;Disminuir por66.7%	; --%	;7	; --%	;Disminuir por12.5%	;21	; --%	;Aumentar por200.0%	;
214	;06/09 21:00 - 22:00	;674	;Aumentar por22366.7%	;Aumentar por186.8%	;544	; --%	;Aumentar por318.5%	;0	; --%	; --%	;0	;Disminuir por100.0%	; --%	;20	; --%	;Aumentar por150.0%	;20	; --%	;Aumentar por566.7%	;
215	;06/09 22:00 - 23:00	;476	;Aumentar por15766.7%	;Aumentar por750.0%	;339	;Aumentar por16850.0%	;Aumentar por769.2%	;0	; --%	; --%	;0	; --%	; --%	;8	; --%	; --%	;30	;Aumentar por2900.0%	; --%	;
216	;06/09 23:00 - 24:00	;126	;Aumentar por4100.0%	;Aumentar por103.2%	;96	; --%	;Aumentar por405.3%	;0	; --%	; --%	;0	; --%	; --%	;18	; --%	; --%	;15	; --%	;Aumentar por650.0%	;
217	;06/10 00:00 - 01:00	;31	; --%	;Aumentar por138.5%	;28	; --%	;Aumentar por180.0%	;0	; --%	; --%	;0	; --%	; --%	;1	; --%	; --%	;3	; --%	;Aumentar por200.0%	;
218	;06/10 01:00 - 02:00	;1	; --%	;Disminuir por50.0%	;5	; --%	;Disminuir por54.5%	;0	; --%	; --%	;0	; --%	; --%	;0	; --%	; --%	;0	; --%	; --%	;
219	;06/10 02:00 - 03:00	;4	; --%	;Aumentar por33.3%	;1	; --%	;Disminuir por83.3%	;0	; --%	; --%	;0	; --%	;Disminuir por100.0%	;0	; --%	; --%	;0	; --%	; --%	;
220	;06/10 03:00 - 04:00	;2	; --%	;Disminuir por33.3%	;0	; --%	;Disminuir por100.0%	;0	; --%	;Disminuir por100.0%	;1	; --%	;Disminuir por50.0%	;0	; --%	; --%	;0	; --%	; --%	;
221	;06/10 04:00 - 05:00	;25	; --%	; --%	;20	; --%	;Aumentar por566.7%	;0	; --%	; --%	;1	; --%	; --%	;0	; --%	; --%	;0	; --%	; --%	;
222	;06/10 05:00 - 06:00	;0	; --%	; --%	;0	;Disminuir por100.0%	; --%	;0	; --%	; --%	;0	;Disminuir por100.0%	; --%	;1	; --%	; --%	;0	; --%	; --%	;
223	;06/10 06:00 - 07:00	;3	;Aumentar por200.0%	;Disminuir por40.0%	;0	; --%	;Disminuir por100.0%	;0	; --%	; --%	;0	;Disminuir por100.0%	;Disminuir por100.0%	;1	; --%	; --%	;0	;Disminuir por100.0%	; --%	;
224	;06/10 07:00 - 08:00	;9	;Aumentar por800.0%	;Aumentar por125.0%	;4	;Aumentar por300.0%	;Sin cambios	;0	; --%	; --%	;1	;Disminuir por50.0%	;Sin cambios	;0	; --%	; --%	;0	; --%	;Disminuir por100.0%	;
225	;06/10 08:00 - 09:00	;16	;Aumentar por300.0%	;Aumentar por14.3%	;20	;Aumentar por900.0%	;Aumentar por400.0%	;0	; --%	;Disminuir por100.0%	;7	;Aumentar por133.3%	;Aumentar por40.0%	;0	; --%	;Disminuir por100.0%	;6	;Aumentar por500.0%	; --%	;
226	;06/10 09:00 - 10:00	;38	;Aumentar por660.0%	;Aumentar por46.2%	;20	;Aumentar por900.0%	;Aumentar por53.8%	;1	; --%	; --%	;3	;Sin cambios	;Disminuir por40.0%	;0	; --%	;Disminuir por100.0%	;5	; --%	;Disminuir por37.5%	;
227	;06/10 10:00 - 11:00	;113	;Aumentar por5.6%	;Aumentar por11.9%	;38	;Disminuir por47.2%	;Aumentar por11.8%	;0	; --%	; --%	;8	;Aumentar por14.3%	;Aumentar por60.0%	;2	;Aumentar por100.0%	;Sin cambios	;4	;Aumentar por100.0%	;Aumentar por33.3%	;
228	;06/10 11:00 - 12:00	;168	;Aumentar por223.1%	;Aumentar por23.5%	;68	;Aumentar por240.0%	;Aumentar por4.6%	;0	; --%	;Disminuir por100.0%	;5	;Aumentar por66.7%	;Disminuir por37.5%	;3	; --%	;Sin cambios	;2	;Sin cambios	;Disminuir por33.3%	;
229	;06/10 12:00 - 13:00	;113	;Aumentar por71.2%	;Aumentar por34.5%	;72	;Aumentar por213.0%	;Aumentar por60.0%	;0	; --%	; --%	;6	;Aumentar por20.0%	;Aumentar por100.0%	;2	;Aumentar por100.0%	;Aumentar por100.0%	;6	;Aumentar por50.0%	;Disminuir por25.0%	;
230	;06/10 13:00 - 14:00	;64	;Aumentar por481.8%	;Disminuir por3.0%	;25	;Aumentar por127.3%	;Aumentar por31.6%	;0	;Disminuir por100.0%	; --%	;5	;Aumentar por66.7%	;Aumentar por66.7%	;2	;Aumentar por100.0%	; --%	;2	;Aumentar por100.0%	;Disminuir por50.0%	;
231	;06/10 14:00 - 15:00	;33	;Aumentar por57.1%	;Aumentar por6.5%	;23	;Aumentar por228.6%	;Aumentar por27.8%	;0	; --%	; --%	;1	;Disminuir por50.0%	;Disminuir por50.0%	;4	;Aumentar por100.0%	;Aumentar por300.0%	;3	;Aumentar por200.0%	;Aumentar por200.0%	;
232	;06/10 15:00 - 16:00	;56	;Aumentar por93.1%	;Aumentar por30.2%	;27	;Aumentar por92.9%	;Aumentar por12.5%	;1	; --%	; --%	;5	; --%	;Aumentar por66.7%	;1	;Disminuir por50.0%	; --%	;8	; --%	;Disminuir por11.1%	;
233	;06/10 16:00 - 17:00	;36	;Aumentar por20.0%	;Aumentar por9.1%	;8	;Disminuir por27.3%	;Disminuir por46.7%	;1	; --%	; --%	;3	;Disminuir por25.0%	;Sin cambios	;0	;Disminuir por100.0%	;Disminuir por100.0%	;7	;Aumentar por133.3%	;Aumentar por250.0%	;
234	;06/10 17:00 - 18:00	;106	;Aumentar por202.9%	;Aumentar por8.2%	;41	;Aumentar por355.6%	;Disminuir por35.9%	;0	; --%	; --%	;1	;Disminuir por50.0%	;Disminuir por50.0%	;2	;Sin cambios	;Sin cambios	;5	;Sin cambios	;Sin cambios	;
235	;06/10 18:00 - 19:00	;163	;Aumentar por503.7%	;Disminuir por17.3%	;61	;Aumentar por577.8%	;Disminuir por37.1%	;0	; --%	; --%	;2	;Sin cambios	;Aumentar por100.0%	;0	; --%	;Disminuir por100.0%	;6	;Aumentar por200.0%	;Aumentar por100.0%	;
236	;06/10 19:00 - 20:00	;330	;Aumentar por1471.4%	;Disminuir por29.6%	;116	;Aumentar por673.3%	;Disminuir por22.1%	;0	; --%	; --%	;0	;Disminuir por100.0%	;Disminuir por100.0%	;4	; --%	;Disminuir por20.0%	;3	; --%	;Disminuir por40.0%	;
237	;06/10 20:00 - 21:00	;612	;Aumentar por8642.9%	;Aumentar por31.0%	;345	;Aumentar por34400.0%	;Aumentar por28.7%	;0	; --%	; --%	;0	; --%	; --%	;7	;Aumentar por600.0%	;Aumentar por250.0%	;1	;Sin cambios	;Sin cambios	;
238	;06/10 21:00 - 22:00	;561	;Aumentar por11120.0%	;Disminuir por19.9%	;364	;Aumentar por36300.0%	;Disminuir por29.2%	;0	;Disminuir por100.0%	; --%	;0	;Disminuir por100.0%	;Disminuir por100.0%	;64	; --%	;Aumentar por6300.0%	;87	;Aumentar por8600.0%	;Aumentar por4250.0%	;
239	;06/10 22:00 - 23:00	;683	;Aumentar por16975.0%	;Aumentar por261.4%	;583	;Aumentar por29050.0%	;Aumentar por547.8%	;0	; --%	; --%	;0	; --%	; --%	;38	;Aumentar por3700.0%	;Aumentar por660.0%	;67	; --%	; --%	;
240	;06/10 23:00 - 24:00	;223	;Aumentar por5475.0%	;Aumentar por197.3%	;179	;Aumentar por8850.0%	;Aumentar por316.3%	;0	; --%	; --%	;0	; --%	; --%	;29	; --%	;Aumentar por2800.0%	;42	; --%	; --%	;
241	;06/11 00:00 - 01:00	;14	; --%	;Disminuir por50.0%	;16	;Aumentar por700.0%	;Aumentar por33.3%	;0	; --%	; --%	;0	; --%	; --%	;0	; --%	; --%	;2	; --%	; --%	;
242	;06/11 01:00 - 02:00	;5	; --%	;Aumentar por150.0%	;16	; --%	;Aumentar por220.0%	;0	; --%	; --%	;0	; --%	; --%	;0	; --%	; --%	;1	; --%	; --%	;
243	;06/11 02:00 - 03:00	;7	;Aumentar por600.0%	;Aumentar por250.0%	;1	; --%	;Disminuir por50.0%	;0	; --%	; --%	;1	; --%	; --%	;0	; --%	; --%	;0	; --%	; --%	;
244	;06/11 03:00 - 04:00	;2	; --%	;Sin cambios	;4	; --%	; --%	;0	; --%	; --%	;1	; --%	; --%	;0	; --%	; --%	;0	; --%	; --%	;
245	;06/11 04:00 - 05:00	;2	; --%	;Aumentar por100.0%	;0	; --%	;Disminuir por100.0%	;0	; --%	; --%	;0	; --%	;Disminuir por100.0%	;0	; --%	; --%	;0	; --%	; --%	;
246	;06/11 05:00 - 06:00	;0	;Disminuir por100.0%	; --%	;2	; --%	; --%	;0	; --%	; --%	;0	; --%	;Disminuir por100.0%	;0	; --%	; --%	;0	; --%	; --%	;
247	;06/11 06:00 - 07:00	;5	;Aumentar por400.0%	;Aumentar por150.0%	;0	;Disminuir por100.0%	; --%	;0	; --%	; --%	;0	;Disminuir por100.0%	; --%	;0	; --%	;Disminuir por100.0%	;1	;Sin cambios	;Sin cambios	;
248	;06/11 07:00 - 08:00	;2	;Aumentar por100.0%	;Disminuir por66.7%	;2	;Aumentar por100.0%	;Sin cambios	;0	; --%	; --%	;1	; --%	;Disminuir por50.0%	;0	; --%	; --%	;1	; --%	;Sin cambios	;
249	;06/11 08:00 - 09:00	;17	;Aumentar por88.9%	;Aumentar por30.8%	;19	;Aumentar por171.4%	;Aumentar por46.2%	;0	; --%	; --%	;5	;Disminuir por37.5%	;Sin cambios	;1	; --%	; --%	;2	;Sin cambios	;Sin cambios	;
250	;06/11 09:00 - 10:00	;54	;Aumentar por671.4%	;Aumentar por200.0%	;25	;Aumentar por2400.0%	;Aumentar por66.7%	;0	; --%	; --%	;7	;Aumentar por250.0%	;Sin cambios	;3	;Aumentar por200.0%	; --%	;7	;Aumentar por600.0%	;Aumentar por16.7%	;
251	;06/11 10:00 - 11:00	;139	;Aumentar por8.6%	;Aumentar por3.7%	;68	;Aumentar por88.9%	;Aumentar por51.1%	;0	; --%	; --%	;4	;Aumentar por100.0%	;Disminuir por42.9%	;4	;Aumentar por100.0%	;Aumentar por33.3%	;14	;Aumentar por600.0%	;Aumentar por600.0%	;
252	;06/11 11:00 - 12:00	;110	;Disminuir por25.2%	;Aumentar por41.0%	;50	;Disminuir por26.5%	;Disminuir por5.7%	;0	;Disminuir por100.0%	;Disminuir por100.0%	;4	;Sin cambios	;Disminuir por33.3%	;0	; --%	;Disminuir por100.0%	;4	;Aumentar por33.3%	;Disminuir por33.3%	;
253	;06/11 12:00 - 13:00	;97	;Aumentar por90.2%	;Aumentar por70.2%	;30	;Disminuir por11.8%	;Aumentar por87.5%	;0	;Disminuir por100.0%	; --%	;4	;Disminuir por33.3%	;Sin cambios	;0	; --%	;Disminuir por100.0%	;5	;Aumentar por66.7%	;Sin cambios	;
254	;06/11 13:00 - 14:00	;77	;Aumentar por185.2%	;Disminuir por45.0%	;33	;Aumentar por106.3%	;Sin cambios	;0	; --%	; --%	;3	;Aumentar por200.0%	;Sin cambios	;2	;Disminuir por60.0%	;Sin cambios	;2	;Disminuir por50.0%	;Sin cambios	;
255	;06/11 14:00 - 15:00	;44	;Aumentar por131.6%	;Disminuir por42.1%	;29	;Aumentar por141.7%	;Disminuir por9.4%	;0	; --%	; --%	;3	;Aumentar por50.0%	;Sin cambios	;0	;Disminuir por100.0%	; --%	;5	; --%	;Aumentar por150.0%	;
256	;06/11 15:00 - 16:00	;39	;Aumentar por69.6%	;Aumentar por18.2%	;28	;Aumentar por211.1%	;Aumentar por250.0%	;0	; --%	; --%	;2	;Disminuir por71.4%	;Aumentar por100.0%	;2	;Aumentar por100.0%	;Aumentar por100.0%	;4	; --%	;Aumentar por33.3%	;
257	;06/11 16:00 - 17:00	;60	;Aumentar por50.0%	;Aumentar por15.4%	;29	;Aumentar por70.6%	;Aumentar por52.6%	;0	; --%	; --%	;4	;Aumentar por33.3%	;Aumentar por100.0%	;0	;Disminuir por100.0%	;Disminuir por100.0%	;4	;Aumentar por33.3%	;Disminuir por20.0%	;
258	;06/11 17:00 - 18:00	;96	;Aumentar por300.0%	;Aumentar por1.1%	;47	;Aumentar por261.5%	;Aumentar por38.2%	;0	; --%	; --%	;2	;Sin cambios	; --%	;2	;Disminuir por50.0%	;Disminuir por50.0%	;5	;Aumentar por400.0%	;Aumentar por25.0%	;
259	;06/11 18:00 - 19:00	;223	;Aumentar por313.0%	;Disminuir por7.5%	;68	;Aumentar por655.6%	;Disminuir por39.3%	;0	; --%	; --%	;0	;Disminuir por100.0%	;Disminuir por100.0%	;2	; --%	;Disminuir por81.8%	;4	;Aumentar por33.3%	;Disminuir por71.4%	;
260	;06/11 19:00 - 20:00	;415	;Aumentar por1382.1%	;Aumentar por7.0%	;138	;Aumentar por1280.0%	;Disminuir por13.2%	;0	; --%	; --%	;0	;Disminuir por100.0%	; --%	;2	; --%	;Disminuir por50.0%	;4	; --%	;Sin cambios	;
261	;06/11 20:00 - 21:00	;404	;Aumentar por2785.7%	;Aumentar por14.8%	;201	;Aumentar por2133.3%	;Aumentar por34.0%	;0	; --%	; --%	;0	;Disminuir por100.0%	; --%	;13	; --%	;Aumentar por550.0%	;10	; --%	;Aumentar por233.3%	;
262	;06/11 21:00 - 22:00	;721	;Aumentar por35950.0%	;Aumentar por110.8%	;545	;Aumentar por27150.0%	;Aumentar por155.9%	;0	; --%	; --%	;0	;Disminuir por100.0%	; --%	;42	; --%	;Aumentar por740.0%	;42	; --%	;Aumentar por223.1%	;
263	;06/11 22:00 - 23:00	;191	;Aumentar por4675.0%	;Disminuir por41.4%	;88	; --%	;Disminuir por62.4%	;0	; --%	; --%	;0	; --%	; --%	;8	; --%	;Disminuir por27.3%	;8	; --%	;Aumentar por60.0%	;
264	;06/11 23:00 - 24:00	;77	;Aumentar por3750.0%	;Disminuir por9.4%	;61	; --%	;Disminuir por4.7%	;0	; --%	; --%	;0	; --%	;Disminuir por100.0%	;0	; --%	;Disminuir por100.0%	;1	; --%	; --%	;
265	;06/12 00:00 - 01:00	;28	; --%	;Aumentar por100.0%	;16	; --%	;Aumentar por33.3%	;0	; --%	; --%	;0	; --%	; --%	;0	; --%	; --%	;1	; --%	;Sin cambios	;
266	;06/12 01:00 - 02:00	;3	; --%	;Sin cambios	;4	;Aumentar por100.0%	;Aumentar por100.0%	;0	; --%	; --%	;1	; --%	;Sin cambios	;0	; --%	; --%	;0	; --%	; --%	;
267	;06/12 02:00 - 03:00	;1	; --%	;Disminuir por90.9%	;0	;Disminuir por100.0%	;Disminuir por100.0%	;0	; --%	; --%	;0	; --%	; --%	;0	; --%	; --%	;0	; --%	; --%	;
268	;06/12 03:00 - 04:00	;0	;Disminuir por100.0%	;Disminuir por100.0%	;0	; --%	;Disminuir por100.0%	;0	; --%	; --%	;0	; --%	; --%	;0	; --%	; --%	;0	; --%	; --%	;
269	;06/12 04:00 - 05:00	;11	;Aumentar por1000.0%	;Aumentar por450.0%	;8	; --%	;Aumentar por300.0%	;3	; --%	; --%	;5	; --%	;Aumentar por400.0%	;0	; --%	; --%	;1	; --%	; --%	;
270	;06/12 05:00 - 06:00	;0	; --%	; --%	;2	;Aumentar por100.0%	;Aumentar por100.0%	;0	; --%	; --%	;0	;Disminuir por100.0%	; --%	;0	; --%	; --%	;0	; --%	; --%	;
271	;06/12 06:00 - 07:00	;1	; --%	;Disminuir por66.7%	;0	;Disminuir por100.0%	;Disminuir por100.0%	;0	; --%	; --%	;0	;Disminuir por100.0%	; --%	;0	; --%	; --%	;1	;Sin cambios	;Sin cambios	;
272	;06/12 07:00 - 08:00	;6	;Aumentar por500.0%	;Aumentar por100.0%	;7	;Aumentar por600.0%	;Aumentar por133.3%	;1	; --%	;Sin cambios	;2	;Sin cambios	;Disminuir por50.0%	;0	; --%	; --%	;0	;Disminuir por100.0%	;Disminuir por100.0%	;
273	;06/12 08:00 - 09:00	;19	;Aumentar por533.3%	;Sin cambios	;23	;Aumentar por283.3%	;Aumentar por76.9%	;0	; --%	;Disminuir por100.0%	;3	;Aumentar por200.0%	;Disminuir por66.7%	;0	; --%	;Disminuir por100.0%	;1	;Disminuir por50.0%	; --%	;
274	;06/12 09:00 - 10:00	;39	;Aumentar por254.5%	;Disminuir por32.8%	;19	;Aumentar por280.0%	;Disminuir por62.0%	;0	;Disminuir por100.0%	;Disminuir por100.0%	;4	;Sin cambios	;Disminuir por77.8%	;3	; --%	; --%	;5	;Aumentar por400.0%	;Aumentar por66.7%	;
275	;06/12 10:00 - 11:00	;131	;Disminuir por12.7%	;Aumentar por28.4%	;52	;Aumentar por26.8%	;Disminuir por13.3%	;0	;Disminuir por100.0%	;Disminuir por100.0%	;4	;Aumentar por33.3%	;Disminuir por90.5%	;3	; --%	;Aumentar por200.0%	;6	;Aumentar por50.0%	;Aumentar por200.0%	;
276	;06/12 11:00 - 12:00	;97	;Aumentar por12.8%	;Aumentar por67.2%	;61	;Aumentar por110.3%	;Aumentar por41.9%	;0	; --%	; --%	;6	;Aumentar por100.0%	;Aumentar por100.0%	;2	;Aumentar por100.0%	;Disminuir por50.0%	;2	;Disminuir por81.8%	;Disminuir por33.3%	;
277	;06/12 12:00 - 13:00	;92	;Disminuir por37.8%	;Disminuir por8.0%	;27	;Disminuir por35.7%	;Aumentar por28.6%	;1	; --%	;Sin cambios	;7	;Aumentar por75.0%	;Aumentar por250.0%	;0	;Disminuir por100.0%	;Disminuir por100.0%	;7	;Aumentar por16.7%	;Disminuir por22.2%	;
278	;06/12 13:00 - 14:00	;54	;Aumentar por38.5%	;Aumentar por12.5%	;45	;Aumentar por1025.0%	;Aumentar por18.4%	;0	; --%	; --%	;1	;Disminuir por50.0%	;Disminuir por85.7%	;0	; --%	;Disminuir por100.0%	;3	;Aumentar por50.0%	;Sin cambios	;
279	;06/12 14:00 - 15:00	;51	;Aumentar por88.9%	;Aumentar por15.9%	;35	;Aumentar por483.3%	;Aumentar por59.1%	;0	; --%	; --%	;2	;Disminuir por50.0%	;Sin cambios	;0	;Disminuir por100.0%	; --%	;7	;Aumentar por600.0%	;Aumentar por40.0%	;
280	;06/12 15:00 - 16:00	;39	;Aumentar por18.2%	;Aumentar por2.6%	;20	;Aumentar por100.0%	;Aumentar por53.8%	;0	; --%	; --%	;4	;Aumentar por100.0%	;Aumentar por300.0%	;2	;Aumentar por100.0%	;Aumentar por100.0%	;8	;Aumentar por700.0%	;Aumentar por60.0%	;
281	;06/12 16:00 - 17:00	;69	;Aumentar por102.9%	;Disminuir por24.2%	;24	;Aumentar por166.7%	;Disminuir por41.5%	;0	; --%	; --%	;2	;Sin cambios	;Disminuir por33.3%	;2	;Disminuir por50.0%	; --%	;4	;Aumentar por100.0%	;Aumentar por33.3%	;
282	;06/12 17:00 - 18:00	;98	;Aumentar por104.2%	;Disminuir por10.1%	;32	;Aumentar por166.7%	;Aumentar por14.3%	;0	; --%	; --%	;1	; --%	;Sin cambios	;0	;Disminuir por100.0%	;Disminuir por100.0%	;3	;Disminuir por25.0%	;Disminuir por57.1%	;
283	;06/12 18:00 - 19:00	;205	;Aumentar por659.3%	;Aumentar por50.7%	;77	;Aumentar por196.2%	;Aumentar por22.2%	;0	; --%	; --%	;1	;Disminuir por66.7%	; --%	;1	; --%	;Disminuir por80.0%	;5	;Aumentar por66.7%	;Sin cambios	;
284	;06/12 19:00 - 20:00	;516	;Aumentar por1463.6%	;Aumentar por94.7%	;148	;Aumentar por1133.3%	;Aumentar por2.1%	;0	; --%	; --%	;0	;Disminuir por100.0%	; --%	;10	; --%	;Aumentar por400.0%	;6	;Aumentar por500.0%	;Aumentar por200.0%	;
285	;06/12 20:00 - 21:00	;862	;Aumentar por2680.6%	;Aumentar por158.9%	;432	;Aumentar por4700.0%	;Aumentar por237.5%	;0	; --%	; --%	;0	;Disminuir por100.0%	; --%	;11	; --%	;Aumentar por10.0%	;8	;Aumentar por700.0%	;Aumentar por100.0%	;
286	;06/12 21:00 - 22:00	;1326	;Aumentar por33050.0%	;Aumentar por355.7%	;996	;Aumentar por14128.6%	;Aumentar por766.1%	;0	; --%	; --%	;0	; --%	; --%	;24	; --%	;Aumentar por500.0%	;33	; --%	;Aumentar por3200.0%	;
287	;06/12 22:00 - 23:00	;1274	;Aumentar por63600.0%	;Aumentar por395.7%	;990	;Aumentar por98900.0%	;Aumentar por920.6%	;0	; --%	; --%	;0	; --%	; --%	;88	; --%	;Aumentar por2833.3%	;114	; --%	;Aumentar por5600.0%	;
288	;06/12 23:00 - 24:00	;419	; --%	;Aumentar por205.8%	;264	; --%	;Aumentar por355.2%	;0	; --%	;Disminuir por100.0%	;0	; --%	; --%	;22	; --%	;Aumentar por633.3%	;17	; --%	;Aumentar por466.7%	;
289	;06/13 00:00 - 01:00	;165	; --%	;Aumentar por153.8%	;147	; --%	;Aumentar por332.4%	;0	; --%	; --%	;0	; --%	; --%	;19	; --%	; --%	;9	; --%	; --%	;
290	;06/13 01:00 - 02:00	;26	;Aumentar por2500.0%	;Aumentar por225.0%	;37	; --%	;Aumentar por825.0%	;0	; --%	; --%	;0	; --%	; --%	;1	; --%	; --%	;4	; --%	; --%	;
291	;06/13 02:00 - 03:00	;9	;Aumentar por800.0%	;Aumentar por12.5%	;13	;Aumentar por1200.0%	;Aumentar por160.0%	;0	; --%	; --%	;0	; --%	; --%	;0	; --%	; --%	;0	; --%	;Disminuir por100.0%	;
292	;06/13 03:00 - 04:00	;14	;Aumentar por1300.0%	; --%	;8	; --%	;Aumentar por700.0%	;1	; --%	; --%	;2	; --%	;Aumentar por100.0%	;0	; --%	; --%	;1	; --%	; --%	;
293	;06/13 04:00 - 05:00	;21	; --%	;Aumentar por950.0%	;28	; --%	;Aumentar por1300.0%	;62	; --%	;Aumentar por6100.0%	;63	; --%	;Aumentar por2000.0%	;0	; --%	; --%	;0	; --%	; --%	;
294	;06/13 05:00 - 06:00	;14	; --%	; --%	;5	; --%	; --%	;0	; --%	; --%	;1	;Sin cambios	; --%	;0	; --%	; --%	;0	;Disminuir por100.0%	; --%	;
295	;06/13 06:00 - 07:00	;6	;Aumentar por100.0%	;Aumentar por200.0%	;2	;Aumentar por100.0%	;Disminuir por33.3%	;0	; --%	; --%	;0	;Disminuir por100.0%	; --%	;0	; --%	;Disminuir por100.0%	;0	;Disminuir por100.0%	;Disminuir por100.0%	;
296	;06/13 07:00 - 08:00	;6	;Aumentar por500.0%	;Sin cambios	;1	;Disminuir por66.7%	;Disminuir por66.7%	;0	; --%	; --%	;1	;Disminuir por80.0%	;Disminuir por75.0%	;0	; --%	; --%	;2	; --%	; --%	;
297	;06/13 08:00 - 09:00	;12	;Aumentar por100.0%	;Aumentar por33.3%	;10	;Aumentar por233.3%	;Aumentar por42.9%	;0	; --%	; --%	;1	;Disminuir por75.0%	;Disminuir por80.0%	;0	; --%	; --%	;2	;Disminuir por33.3%	;Sin cambios	;
298	;06/13 09:00 - 10:00	;43	;Aumentar por22.9%	;Aumentar por4.9%	;25	;Sin cambios	;Aumentar por78.6%	;0	; --%	; --%	;3	;Disminuir por25.0%	;Disminuir por25.0%	;1	; --%	; --%	;4	;Aumentar por100.0%	;Disminuir por42.9%	;
299	;06/13 10:00 - 11:00	;134	;Aumentar por191.3%	;Aumentar por18.6%	;54	;Aumentar por237.5%	;Aumentar por58.8%	;0	; --%	; --%	;1	;Disminuir por66.7%	;Disminuir por80.0%	;2	;Aumentar por100.0%	;Disminuir por50.0%	;7	;Aumentar por250.0%	;Aumentar por75.0%	;
300	;06/13 11:00 - 12:00	;233	;Aumentar por115.7%	;Aumentar por33.1%	;83	;Aumentar por31.7%	;Aumentar por10.7%	;0	;Disminuir por100.0%	; --%	;2	;Disminuir por33.3%	;Disminuir por33.3%	;15	; --%	;Aumentar por650.0%	;7	;Aumentar por600.0%	;Sin cambios	;
301	;06/13 12:00 - 13:00	;188	;Aumentar por141.0%	;Aumentar por51.6%	;80	;Aumentar por196.3%	;Aumentar por27.0%	;0	;Disminuir por100.0%	;Disminuir por100.0%	;1	;Disminuir por75.0%	;Disminuir por85.7%	;1	;Sin cambios	;Disminuir por50.0%	;7	;Aumentar por40.0%	;Disminuir por12.5%	;
302	;06/13 13:00 - 14:00	;90	;Aumentar por119.5%	;Aumentar por57.9%	;59	;Aumentar por391.7%	;Aumentar por84.4%	;0	; --%	; --%	;1	;Disminuir por75.0%	;Disminuir por50.0%	;1	; --%	; --%	;5	;Aumentar por400.0%	;Sin cambios	;
303	;06/13 14:00 - 15:00	;112	;Aumentar por522.2%	;Aumentar por148.9%	;59	;Aumentar por321.4%	;Aumentar por103.4%	;0	; --%	; --%	;0	;Disminuir por100.0%	;Disminuir por100.0%	;0	;Disminuir por100.0%	;Disminuir por100.0%	;1	;Disminuir por75.0%	;Disminuir por66.7%	;
304	;06/13 15:00 - 16:00	;80	;Aumentar por196.3%	;Aumentar por122.2%	;39	;Aumentar por225.0%	;Aumentar por85.7%	;0	; --%	; --%	;2	;Sin cambios	; --%	;2	;Sin cambios	;Aumentar por100.0%	;1	;Disminuir por80.0%	;Disminuir por80.0%	;
305	;06/13 16:00 - 17:00	;118	;Aumentar por118.5%	;Aumentar por202.6%	;42	;Aumentar por180.0%	;Aumentar por55.6%	;0	; --%	; --%	;2	;Disminuir por50.0%	;Disminuir por50.0%	;0	;Disminuir por100.0%	;Disminuir por100.0%	;4	;Aumentar por33.3%	;Aumentar por33.3%	;
306	;06/13 17:00 - 18:00	;129	;Aumentar por180.4%	;Aumentar por163.3%	;47	;Aumentar por422.2%	;Aumentar por74.1%	;0	; --%	; --%	;1	;Disminuir por50.0%	;Disminuir por50.0%	;1	;Disminuir por50.0%	;Disminuir por50.0%	;3	;Disminuir por25.0%	;Disminuir por25.0%	;
307	;06/13 18:00 - 19:00	;386	;Aumentar por484.8%	;Aumentar por149.0%	;166	;Aumentar por435.5%	;Aumentar por29.7%	;0	; --%	; --%	;0	;Disminuir por100.0%	; --%	;1	; --%	;Disminuir por83.3%	;3	;Disminuir por50.0%	;Disminuir por25.0%	;
308	;06/13 19:00 - 20:00	;813	;Aumentar por1278.0%	;Aumentar por86.9%	;334	;Aumentar por714.6%	;Aumentar por39.7%	;0	; --%	; --%	;0	;Disminuir por100.0%	; --%	;10	; --%	;Aumentar por150.0%	;8	; --%	;Sin cambios	;
309	;06/13 20:00 - 21:00	;1571	;Aumentar por3106.1%	;Aumentar por142.1%	;1019	;Aumentar por5561.1%	;Aumentar por252.6%	;0	; --%	; --%	;0	;Disminuir por100.0%	; --%	;8	; --%	;Aumentar por60.0%	;8	;Aumentar por700.0%	;Disminuir por60.0%	;
310	;06/13 21:00 - 22:00	;2068	;Aumentar por10784.2%	;Aumentar por188.4%	;1520	;Aumentar por13718.2%	;Aumentar por304.3%	;0	; --%	; --%	;0	;Disminuir por100.0%	; --%	;19	; --%	;Disminuir por5.0%	;29	; --%	;Disminuir por27.5%	;
311	;06/13 22:00 - 23:00	;1589	;Aumentar por15790.0%	;Aumentar por39.6%	;1289	;Aumentar por32125.0%	;Aumentar por43.1%	;0	; --%	; --%	;0	; --%	; --%	;33	; --%	;Aumentar por200.0%	;48	; --%	;Aumentar por166.7%	;
312	;06/13 23:00 - 24:00	;1051	;Aumentar por13037.5%	;Aumentar por72.3%	;859	;Aumentar por17080.0%	;Aumentar por71.8%	;0	; --%	; --%	;0	; --%	; --%	;32	; --%	;Aumentar por357.1%	;32	; --%	;Aumentar por700.0%	;
313	;06/14 00:00 - 01:00	;308	;Aumentar por2466.7%	;Aumentar por150.4%	;223	;Aumentar por11050.0%	;Aumentar por150.6%	;0	; --%	; --%	;0	; --%	; --%	;2	; --%	; --%	;3	;Aumentar por50.0%	; --%	;
314	;06/14 01:00 - 02:00	;30	; --%	;Aumentar por114.3%	;33	;Aumentar por3200.0%	;Disminuir por17.5%	;0	; --%	; --%	;0	; --%	; --%	;0	; --%	;Disminuir por100.0%	;2	; --%	;Aumentar por100.0%	;
315	;06/14 02:00 - 03:00	;13	;Aumentar por333.3%	;Aumentar por333.3%	;26	;Aumentar por333.3%	;Disminuir por18.8%	;1	; --%	; --%	;2	; --%	; --%	;1	;Sin cambios	; --%	;1	; --%	; --%	;
316	;06/14 03:00 - 04:00	;5	; --%	;Disminuir por61.5%	;2	;Aumentar por100.0%	;Disminuir por33.3%	;0	; --%	; --%	;0	; --%	;Disminuir por100.0%	;0	; --%	; --%	;3	; --%	; --%	;
317	;06/14 04:00 - 05:00	;13	;Aumentar por1200.0%	;Aumentar por18.2%	;5	; --%	;Disminuir por28.6%	;0	; --%	;Disminuir por100.0%	;2	; --%	;Sin cambios	;0	; --%	;Disminuir por100.0%	;0	; --%	;Disminuir por100.0%	;
318	;06/14 05:00 - 06:00	;0	; --%	;Disminuir por100.0%	;0	; --%	;Disminuir por100.0%	;0	; --%	; --%	;0	; --%	; --%	;0	; --%	; --%	;0	; --%	; --%	;
319	;06/14 06:00 - 07:00	;2	;Aumentar por100.0%	; --%	;1	;Sin cambios	; --%	;0	; --%	; --%	;0	; --%	; --%	;0	; --%	;Disminuir por100.0%	;0	; --%	; --%	;
320	;06/14 07:00 - 08:00	;7	;Aumentar por600.0%	;Aumentar por133.3%	;5	;Aumentar por25.0%	;Aumentar por150.0%	;0	;Disminuir por100.0%	; --%	;1	;Disminuir por66.7%	;Sin cambios	;0	; --%	; --%	;0	; --%	;Disminuir por100.0%	;
321	;06/14 08:00 - 09:00	;4	;Disminuir por63.6%	;Disminuir por85.2%	;4	; --%	;Disminuir por20.0%	;0	; --%	; --%	;1	;Disminuir por66.7%	;Disminuir por50.0%	;0	; --%	; --%	;3	;Aumentar por50.0%	;Aumentar por50.0%	;
322	;06/14 09:00 - 10:00	;37	;Aumentar por184.6%	;Disminuir por27.5%	;24	;Aumentar por380.0%	;Disminuir por41.5%	;0	; --%	; --%	;2	;Disminuir por60.0%	;Sin cambios	;1	;Sin cambios	;Disminuir por66.7%	;2	;Aumentar por100.0%	;Disminuir por66.7%	;
323	;06/14 10:00 - 11:00	;174	;Aumentar por544.4%	;Aumentar por15.2%	;37	;Aumentar por146.7%	;Disminuir por36.2%	;0	; --%	; --%	;4	;Sin cambios	;Aumentar por33.3%	;1	;Disminuir por50.0%	;Disminuir por50.0%	;3	;Aumentar por200.0%	;Sin cambios	;
324	;06/14 11:00 - 12:00	;279	;Aumentar por128.7%	;Aumentar por59.4%	;84	;Aumentar por320.0%	;Aumentar por18.3%	;0	; --%	; --%	;1	; --%	;Disminuir por83.3%	;4	;Aumentar por300.0%	;Aumentar por300.0%	;3	; --%	;Disminuir por50.0%	;
325	;06/14 12:00 - 13:00	;203	;Aumentar por16.0%	;Aumentar por12.2%	;67	;Aumentar por67.5%	;Disminuir por21.2%	;0	; --%	; --%	;1	;Disminuir por75.0%	;Disminuir por66.7%	;1	; --%	; --%	;3	; --%	;Sin cambios	;
326	;06/14 13:00 - 14:00	;196	;Aumentar por100.0%	;Disminuir por10.1%	;109	;Aumentar por289.3%	;Disminuir por12.1%	;0	; --%	; --%	;2	;Disminuir por33.3%	;Aumentar por100.0%	;0	;Disminuir por100.0%	; --%	;2	;Disminuir por33.3%	;Disminuir por60.0%	;
327	;06/14 14:00 - 15:00	;98	;Aumentar por18.1%	;Disminuir por29.0%	;49	;Disminuir por10.9%	;Disminuir por26.9%	;0	; --%	; --%	;0	;Disminuir por100.0%	;Disminuir por100.0%	;0	;Disminuir por100.0%	;Disminuir por100.0%	;4	;Aumentar por100.0%	;Disminuir por33.3%	;
328	;06/14 15:00 - 16:00	;65	;Disminuir por9.7%	;Aumentar por8.3%	;59	;Aumentar por321.4%	;Aumentar por63.9%	;0	; --%	; --%	;1	;Disminuir por50.0%	; --%	;1	; --%	;Disminuir por91.7%	;3	; --%	;Disminuir por25.0%	;
329	;06/14 16:00 - 17:00	;85	;Aumentar por1.2%	;Disminuir por29.8%	;47	;Aumentar por123.8%	;Disminuir por30.9%	;0	; --%	; --%	;1	; --%	;Sin cambios	;3	; --%	;Aumentar por50.0%	;3	;Disminuir por25.0%	;Aumentar por50.0%	;
330	;06/14 17:00 - 18:00	;150	;Aumentar por45.6%	;Aumentar por12.8%	;51	;Aumentar por96.2%	;Disminuir por46.9%	;0	; --%	; --%	;0	;Disminuir por100.0%	;Disminuir por100.0%	;2	;Sin cambios	;Aumentar por100.0%	;4	;Aumentar por100.0%	;Disminuir por33.3%	;
331	;06/14 18:00 - 19:00	;222	;Aumentar por43.2%	;Disminuir por23.7%	;57	;Disminuir por3.4%	;Disminuir por55.1%	;0	; --%	; --%	;0	; --%	; --%	;2	;Aumentar por100.0%	;Sin cambios	;1	;Disminuir por66.7%	;Disminuir por66.7%	;
332	;06/14 19:00 - 20:00	;426	;Aumentar por232.8%	;Disminuir por46.9%	;151	;Aumentar por251.2%	;Disminuir por36.8%	;0	; --%	; --%	;0	;Disminuir por100.0%	; --%	;1	; --%	;Disminuir por66.7%	;12	;Aumentar por1100.0%	;Aumentar por300.0%	;
333	;06/14 20:00 - 21:00	;632	;Aumentar por1008.8%	;Disminuir por45.0%	;294	;Aumentar por1300.0%	;Disminuir por28.8%	;0	; --%	; --%	;0	;Disminuir por100.0%	; --%	;6	; --%	;Aumentar por100.0%	;13	;Aumentar por550.0%	;Aumentar por225.0%	;
334	;06/14 21:00 - 22:00	;827	;Aumentar por3345.8%	;Disminuir por37.9%	;613	;Aumentar por6711.1%	;Disminuir por11.4%	;0	; --%	; --%	;0	; --%	; --%	;37	; --%	;Aumentar por1750.0%	;63	; --%	;Aumentar por293.8%	;
335	;06/14 22:00 - 23:00	;567	;Aumentar por2168.0%	;Disminuir por45.4%	;431	;Aumentar por2055.0%	;Disminuir por30.9%	;0	; --%	; --%	;0	;Disminuir por100.0%	; --%	;33	; --%	;Aumentar por1550.0%	;32	;Aumentar por3100.0%	;Aumentar por300.0%	;
336	;06/14 23:00 - 24:00	;174	;Aumentar por770.0%	;Disminuir por68.6%	;85	;Aumentar por1114.3%	;Disminuir por75.3%	;0	; --%	; --%	;0	; --%	; --%	;6	; --%	;Disminuir por25.0%	;16	;Aumentar por433.3%	;Aumentar por128.6%	;
337	;06/15 00:00 - 01:00	;41	; --%	;Disminuir por83.0%	;45	; --%	;Disminuir por77.7%	;0	; --%	; --%	;0	;Disminuir por100.0%	; --%	;0	; --%	; --%	;3	; --%	;Aumentar por200.0%	;
338	;06/15 01:00 - 02:00	;3	; --%	;Disminuir por92.7%	;10	;Aumentar por66.7%	;Disminuir por74.4%	;0	; --%	; --%	;0	; --%	; --%	;1	;Sin cambios	; --%	;1	;Sin cambios	; --%	;
339	;06/15 02:00 - 03:00	;2	;Disminuir por50.0%	;Disminuir por83.3%	;0	;Disminuir por100.0%	;Disminuir por100.0%	;0	; --%	; --%	;1	; --%	; --%	;0	; --%	; --%	;0	; --%	;Disminuir por100.0%	;
340	;06/15 03:00 - 04:00	;0	;Disminuir por100.0%	;Disminuir por100.0%	;0	; --%	;Disminuir por100.0%	;0	; --%	; --%	;0	; --%	; --%	;0	; --%	; --%	;0	; --%	; --%	;
341	;06/15 04:00 - 05:00	;5	; --%	;Disminuir por44.4%	;5	;Aumentar por400.0%	;Aumentar por66.7%	;4	; --%	;Aumentar por300.0%	;4	; --%	;Aumentar por33.3%	;0	; --%	; --%	;1	; --%	; --%	;
342	;06/15 05:00 - 06:00	;0	; --%	;Disminuir por100.0%	;0	; --%	;Disminuir por100.0%	;0	; --%	;Disminuir por100.0%	;1	; --%	;Disminuir por66.7%	;0	; --%	; --%	;0	; --%	; --%	;
343	;06/15 06:00 - 07:00	;2	;Aumentar por100.0%	;Disminuir por33.3%	;0	;Disminuir por100.0%	;Disminuir por100.0%	;0	; --%	; --%	;1	;Sin cambios	;Sin cambios	;2	; --%	; --%	;1	; --%	; --%	;
344	;06/15 07:00 - 08:00	;2	;Aumentar por100.0%	;Disminuir por33.3%	;3	;Disminuir por40.0%	;Disminuir por80.0%	;0	; --%	; --%	;4	; --%	;Aumentar por300.0%	;0	; --%	; --%	;0	; --%	; --%	;
345	;06/15 08:00 - 09:00	;10	;Aumentar por900.0%	;Disminuir por44.4%	;9	;Aumentar por200.0%	;Disminuir por43.8%	;0	; --%	; --%	;1	;Disminuir por50.0%	;Sin cambios	;0	;Disminuir por100.0%	; --%	;1	; --%	;Disminuir por50.0%	;
346	;06/15 09:00 - 10:00	;39	;Aumentar por44.4%	;Aumentar por44.4%	;19	;Aumentar por90.0%	;Disminuir por29.6%	;0	; --%	; --%	;6	;Aumentar por50.0%	;Aumentar por500.0%	;0	;Disminuir por100.0%	; --%	;5	;Aumentar por150.0%	;Sin cambios	;
347	;06/15 10:00 - 11:00	;84	;Aumentar por50.0%	;Disminuir por39.6%	;42	;Aumentar por44.8%	;Disminuir por10.6%	;0	; --%	; --%	;2	;Aumentar por100.0%	;Sin cambios	;0	; --%	;Disminuir por100.0%	;8	;Aumentar por300.0%	;Aumentar por300.0%	;
348	;06/15 11:00 - 12:00	;98	;Disminuir por48.7%	;Disminuir por68.1%	;43	;Disminuir por4.4%	;Disminuir por54.3%	;0	; --%	; --%	;5	;Aumentar por400.0%	;Aumentar por25.0%	;6	; --%	;Aumentar por500.0%	;9	;Aumentar por200.0%	;Aumentar por28.6%	;
349	;06/15 12:00 - 13:00	;63	;Disminuir por72.1%	;Disminuir por77.5%	;34	;Disminuir por24.4%	;Disminuir por67.3%	;0	; --%	; --%	;3	;Disminuir por50.0%	; --%	;2	; --%	;Aumentar por100.0%	;2	; --%	;Disminuir por60.0%	;
350	;06/15 13:00 - 14:00	;74	;Disminuir por44.4%	;Disminuir por40.8%	;24	;Disminuir por29.4%	;Disminuir por74.5%	;0	; --%	; --%	;2	;Disminuir por33.3%	; --%	;0	; --%	; --%	;4	;Aumentar por33.3%	;Disminuir por33.3%	;
351	;06/15 14:00 - 15:00	;54	;Disminuir por26.0%	;Disminuir por48.6%	;25	;Disminuir por16.7%	;Disminuir por61.5%	;0	;Disminuir por100.0%	; --%	;2	;Sin cambios	;Sin cambios	;0	;Disminuir por100.0%	;Disminuir por100.0%	;4	;Aumentar por300.0%	;Sin cambios	;
352	;06/15 15:00 - 16:00	;52	;Disminuir por26.8%	;Disminuir por24.6%	;23	;Aumentar por21.1%	;Disminuir por46.5%	;0	; --%	; --%	;4	;Aumentar por100.0%	; --%	;0	; --%	; --%	;6	;Aumentar por200.0%	; --%	;
353	;06/15 16:00 - 17:00	;59	;Disminuir por39.8%	;Disminuir por38.5%	;28	;Aumentar por100.0%	;Disminuir por24.3%	;0	; --%	; --%	;2	;Aumentar por100.0%	;Sin cambios	;0	; --%	;Disminuir por100.0%	;3	;Aumentar por200.0%	;Aumentar por200.0%	;
354	;06/15 17:00 - 18:00	;73	;Disminuir por28.4%	;Disminuir por51.7%	;27	;Sin cambios	;Disminuir por53.4%	;0	; --%	; --%	;3	;Aumentar por200.0%	;Aumentar por50.0%	;2	;Aumentar por100.0%	;Aumentar por100.0%	;5	;Aumentar por150.0%	;Aumentar por66.7%	;
355	;06/15 18:00 - 19:00	;114	;Aumentar por60.6%	;Disminuir por56.3%	;34	;Aumentar por30.8%	;Disminuir por50.7%	;0	; --%	; --%	;1	;Disminuir por66.7%	; --%	;0	; --%	;Disminuir por100.0%	;2	;Aumentar por100.0%	;Aumentar por100.0%	;
356	;06/15 19:00 - 20:00	;168	;Aumentar por309.8%	;Disminuir por67.8%	;45	;Aumentar por95.7%	;Disminuir por63.1%	;1	; --%	; --%	;0	;Disminuir por100.0%	; --%	;1	; --%	; --%	;4	;Aumentar por300.0%	;Aumentar por100.0%	;
357	;06/15 20:00 - 21:00	;378	;Aumentar por2262.5%	;Disminuir por28.0%	;127	;Aumentar por1487.5%	;Disminuir por34.9%	;0	; --%	; --%	;1	;Sin cambios	; --%	;6	; --%	;Aumentar por50.0%	;10	; --%	; --%	;
358	;06/15 21:00 - 22:00	;627	;Aumentar por7737.5%	;Aumentar por560.0%	;355	;Aumentar por4971.4%	;Aumentar por361.0%	;0	; --%	; --%	;0	;Disminuir por100.0%	; --%	;8	; --%	;Aumentar por300.0%	;10	; --%	;Aumentar por100.0%	;
359	;06/15 22:00 - 23:00	;651	;Aumentar por12920.0%	;Aumentar por734.6%	;431	;Aumentar por21450.0%	;Aumentar por563.1%	;0	; --%	; --%	;0	; --%	; --%	;8	; --%	; --%	;5	; --%	;Aumentar por66.7%	;
360	;06/15 23:00 - 24:00	;132	; --%	;Aumentar por594.7%	;88	;Aumentar por8700.0%	;Aumentar por266.7%	;0	; --%	; --%	;0	; --%	; --%	;1	; --%	; --%	;4	; --%	; --%	;
361	;06/16 00:00 - 01:00	;32	;Aumentar por3100.0%	;Aumentar por300.0%	;12	;Aumentar por1100.0%	;Disminuir por29.4%	;0	; --%	; --%	;0	; --%	;Disminuir por100.0%	;0	; --%	;Disminuir por100.0%	;2	; --%	;Sin cambios	;
362	;06/16 01:00 - 02:00	;4	; --%	;Disminuir por73.3%	;7	; --%	;Disminuir por30.0%	;0	; --%	; --%	;0	; --%	; --%	;0	; --%	; --%	;1	;Sin cambios	; --%	;
363	;06/16 02:00 - 03:00	;1	;Disminuir por50.0%	;Disminuir por90.9%	;0	; --%	;Disminuir por100.0%	;0	; --%	; --%	;0	; --%	; --%	;0	; --%	; --%	;0	; --%	;Disminuir por100.0%	;
364	;06/16 03:00 - 04:00	;0	; --%	;Disminuir por100.0%	;0	;Disminuir por100.0%	;Disminuir por100.0%	;0	; --%	; --%	;0	; --%	; --%	;0	; --%	; --%	;1	; --%	; --%	;
365	;06/16 04:00 - 05:00	;2	;Aumentar por100.0%	;Sin cambios	;0	; --%	;Disminuir por100.0%	;0	; --%	; --%	;0	; --%	; --%	;0	; --%	; --%	;0	; --%	; --%	;
366	;06/16 05:00 - 06:00	;0	; --%	; --%	;0	;Disminuir por100.0%	; --%	;0	; --%	; --%	;0	; --%	; --%	;0	; --%	; --%	;0	;Disminuir por100.0%	; --%	;
367	;06/16 06:00 - 07:00	;4	;Aumentar por300.0%	;Aumentar por100.0%	;4	;Aumentar por100.0%	;Aumentar por33.3%	;1	;Sin cambios	;Sin cambios	;3	;Disminuir por40.0%	;Sin cambios	;1	; --%	;Sin cambios	;1	;Sin cambios	;Sin cambios	;
368	;06/16 07:00 - 08:00	;2	; --%	;Disminuir por84.6%	;4	;Aumentar por33.3%	;Aumentar por300.0%	;1	; --%	; --%	;2	;Aumentar por100.0%	;Sin cambios	;0	; --%	; --%	;0	; --%	; --%	;
369	;06/16 08:00 - 09:00	;20	;Aumentar por400.0%	;Aumentar por66.7%	;15	;Aumentar por66.7%	;Aumentar por150.0%	;0	; --%	;Disminuir por100.0%	;6	;Aumentar por100.0%	;Aumentar por100.0%	;0	; --%	; --%	;4	;Disminuir por20.0%	;Aumentar por100.0%	;
370	;06/16 09:00 - 10:00	;31	;Aumentar por55.0%	;Aumentar por106.7%	;26	;Aumentar por30.0%	;Aumentar por44.4%	;0	; --%	; --%	;5	;Disminuir por50.0%	;Sin cambios	;0	; --%	; --%	;5	; --%	;Disminuir por16.7%	;
371	;06/16 10:00 - 11:00	;88	;Disminuir por24.8%	;Disminuir por11.1%	;28	;Disminuir por57.6%	;Disminuir por12.5%	;0	; --%	; --%	;6	;Disminuir por33.3%	;Aumentar por100.0%	;0	; --%	;Disminuir por100.0%	;4	;Aumentar por33.3%	;Aumentar por33.3%	;
372	;06/16 11:00 - 12:00	;115	;Aumentar por26.4%	;Disminuir por24.3%	;63	;Aumentar por21.2%	;Aumentar por43.2%	;0	; --%	; --%	;5	;Aumentar por150.0%	;Sin cambios	;5	;Aumentar por400.0%	;Sin cambios	;10	;Aumentar por400.0%	;Aumentar por25.0%	;
373	;06/16 12:00 - 13:00	;86	;Disminuir por16.5%	;Disminuir por21.1%	;40	;Aumentar por37.9%	;Disminuir por38.5%	;0	; --%	; --%	;7	;Aumentar por133.3%	;Aumentar por16.7%	;0	;Disminuir por100.0%	; --%	;2	;Disminuir por33.3%	;Disminuir por71.4%	;
374	;06/16 13:00 - 14:00	;50	;Disminuir por15.3%	;Disminuir por23.1%	;16	;Disminuir por44.8%	;Disminuir por52.9%	;0	; --%	; --%	;1	; --%	;Disminuir por66.7%	;0	;Disminuir por100.0%	;Disminuir por100.0%	;2	;Disminuir por33.3%	;Disminuir por50.0%	;
375	;06/16 14:00 - 15:00	;20	;Disminuir por37.5%	;Disminuir por45.9%	;11	;Aumentar por120.0%	;Disminuir por59.3%	;0	; --%	;Disminuir por100.0%	;2	;Disminuir por33.3%	;Disminuir por33.3%	;1	;Disminuir por66.7%	; --%	;2	;Disminuir por33.3%	;Disminuir por50.0%	;
376	;06/16 15:00 - 16:00	;23	;Disminuir por23.3%	;Disminuir por23.3%	;26	;Aumentar por225.0%	;Aumentar por4.0%	;0	; --%	; --%	;2	;Sin cambios	;Disminuir por33.3%	;1	; --%	; --%	;1	;Disminuir por66.7%	;Disminuir por80.0%	;
377	;06/16 16:00 - 17:00	;43	;Aumentar por13.2%	;Disminuir por14.0%	;30	;Aumentar por87.5%	;Aumentar por100.0%	;0	; --%	; --%	;1	;Disminuir por66.7%	;Sin cambios	;2	;Disminuir por50.0%	;Aumentar por100.0%	;5	;Aumentar por150.0%	;Sin cambios	;
378	;06/16 17:00 - 18:00	;84	;Aumentar por68.0%	;Aumentar por42.4%	;27	;Aumentar por42.1%	;Disminuir por3.6%	;0	; --%	; --%	;0	;Disminuir por100.0%	;Disminuir por100.0%	;1	;Sin cambios	;Disminuir por50.0%	;5	;Disminuir por16.7%	;Sin cambios	;
379	;06/16 18:00 - 19:00	;134	;Aumentar por67.5%	;Disminuir por6.3%	;41	;Aumentar por78.3%	;Disminuir por35.9%	;0	; --%	; --%	;0	;Disminuir por100.0%	;Disminuir por100.0%	;4	; --%	;Aumentar por33.3%	;7	;Sin cambios	;Sin cambios	;
380	;06/16 19:00 - 20:00	;347	;Aumentar por362.7%	;Aumentar por1.5%	;91	;Aumentar por333.3%	;Disminuir por9.0%	;0	; --%	; --%	;0	;Disminuir por100.0%	; --%	;3	; --%	;Aumentar por50.0%	;7	;Aumentar por133.3%	;Aumentar por133.3%	;
381	;06/16 20:00 - 21:00	;519	;Aumentar por2371.4%	;Aumentar por23.9%	;204	;Aumentar por3300.0%	;Aumentar por12.1%	;0	; --%	; --%	;0	;Disminuir por100.0%	; --%	;2	;Aumentar por100.0%	;Sin cambios	;1	; --%	;Disminuir por80.0%	;
382	;06/16 21:00 - 22:00	;763	;Aumentar por15160.0%	;Disminuir por15.0%	;607	; --%	;Disminuir por9.0%	;0	; --%	; --%	;0	; --%	; --%	;6	;Aumentar por500.0%	;Disminuir por86.7%	;5	; --%	;Disminuir por93.2%	;
383	;06/16 22:00 - 23:00	;555	;Aumentar por18400.0%	;Disminuir por37.3%	;384	;Aumentar por9500.0%	;Disminuir por37.4%	;0	; --%	; --%	;0	; --%	; --%	;3	; --%	;Disminuir por97.1%	;1	; --%	;Disminuir por99.3%	;
384	;06/16 23:00 - 24:00	;180	; --%	;Aumentar por1.1%	;100	;Aumentar por9900.0%	;Aumentar por6.4%	;0	; --%	; --%	;0	; --%	; --%	;1	; --%	;Disminuir por66.7%	;1	; --%	;Disminuir por66.7%	;
385	;06/17 00:00 - 01:00	;36	;Aumentar por3500.0%	;Sin cambios	;18	; --%	;Disminuir por53.8%	;0	; --%	; --%	;0	; --%	; --%	;0	; --%	;Disminuir por100.0%	;4	;Aumentar por300.0%	;Aumentar por300.0%	;
386	;06/17 01:00 - 02:00	;17	; --%	;Sin cambios	;22	; --%	;Aumentar por450.0%	;0	; --%	; --%	;0	; --%	; --%	;0	; --%	; --%	;0	; --%	; --%	;
387	;06/17 02:00 - 03:00	;4	; --%	;Disminuir por50.0%	;2	; --%	;Disminuir por71.4%	;0	; --%	; --%	;0	; --%	; --%	;0	; --%	; --%	;0	; --%	; --%	;
388	;06/17 03:00 - 04:00	;5	; --%	;Aumentar por150.0%	;0	;Disminuir por100.0%	;Disminuir por100.0%	;0	; --%	; --%	;1	; --%	; --%	;0	; --%	; --%	;1	; --%	; --%	;
389	;06/17 04:00 - 05:00	;4	; --%	;Disminuir por50.0%	;4	; --%	;Disminuir por50.0%	;0	; --%	;Disminuir por100.0%	;1	; --%	;Disminuir por50.0%	;0	; --%	; --%	;0	; --%	; --%	;
390	;06/17 05:00 - 06:00	;1	; --%	;Sin cambios	;1	; --%	;Disminuir por80.0%	;0	; --%	; --%	;0	;Disminuir por100.0%	; --%	;0	; --%	; --%	;0	; --%	; --%	;
391	;06/17 06:00 - 07:00	;3	;Aumentar por200.0%	;Disminuir por50.0%	;1	; --%	;Disminuir por80.0%	;0	; --%	; --%	;2	;Aumentar por100.0%	; --%	;1	; --%	; --%	;1	;Sin cambios	;Sin cambios	;
392	;06/17 07:00 - 08:00	;7	;Aumentar por133.3%	;Disminuir por50.0%	;1	;Disminuir por66.7%	;Disminuir por83.3%	;0	; --%	;Disminuir por100.0%	;3	;Aumentar por50.0%	;Aumentar por50.0%	;0	; --%	; --%	;1	; --%	;Sin cambios	;
393	;06/17 08:00 - 09:00	;20	;Aumentar por300.0%	;Aumentar por17.6%	;5	;Disminuir por44.4%	;Disminuir por37.5%	;0	; --%	;Disminuir por100.0%	;3	;Aumentar por200.0%	;Disminuir por25.0%	;0	; --%	;Disminuir por100.0%	;4	;Aumentar por33.3%	;Aumentar por300.0%	;
394	;06/17 09:00 - 10:00	;28	;Disminuir por31.7%	;Aumentar por3.7%	;22	;Aumentar por4.8%	;Disminuir por4.3%	;0	; --%	; --%	;8	;Aumentar por60.0%	;Aumentar por300.0%	;0	;Disminuir por100.0%	;Disminuir por100.0%	;7	;Aumentar por250.0%	;Aumentar por75.0%	;
395	;06/17 10:00 - 11:00	;106	;Disminuir por10.2%	;Aumentar por7.1%	;32	;Aumentar por77.8%	;Disminuir por17.9%	;0	; --%	; --%	;3	;Sin cambios	;Sin cambios	;0	; --%	;Disminuir por100.0%	;2	;Aumentar por100.0%	;Disminuir por50.0%	;
396	;06/17 11:00 - 12:00	;138	;Aumentar por32.7%	;Aumentar por62.4%	;60	;Aumentar por25.0%	;Disminuir por13.0%	;0	; --%	; --%	;1	;Disminuir por75.0%	;Disminuir por50.0%	;2	;Sin cambios	; --%	;5	;Aumentar por25.0%	;Aumentar por66.7%	;
397	;06/17 12:00 - 13:00	;73	;Disminuir por27.7%	;Aumentar por4.3%	;36	;Disminuir por12.2%	;Aumentar por38.5%	;0	; --%	; --%	;6	;Aumentar por500.0%	;Aumentar por500.0%	;2	;Disminuir por33.3%	;Disminuir por33.3%	;1	; --%	;Disminuir por66.7%	;
398	;06/17 13:00 - 14:00	;84	;Disminuir por7.7%	;Aumentar por44.8%	;25	;Disminuir por61.5%	;Disminuir por13.8%	;0	; --%	;Disminuir por100.0%	;1	;Sin cambios	;Disminuir por83.3%	;2	;Disminuir por33.3%	;Disminuir por33.3%	;4	;Aumentar por33.3%	;Aumentar por100.0%	;
399	;06/17 14:00 - 15:00	;17	;Disminuir por34.6%	;Disminuir por64.6%	;7	;Disminuir por50.0%	;Disminuir por66.7%	;0	; --%	; --%	;1	;Sin cambios	;Disminuir por66.7%	;0	;Disminuir por100.0%	; --%	;7	;Aumentar por250.0%	;Aumentar por133.3%	;
400	;06/17 15:00 - 16:00	;27	;Disminuir por75.7%	;Disminuir por12.9%	;13	;Aumentar por8.3%	;Disminuir por48.0%	;0	; --%	; --%	;7	;Aumentar por40.0%	; --%	;1	; --%	;Sin cambios	;6	;Aumentar por500.0%	;Disminuir por25.0%	;
401	;06/17 16:00 - 17:00	;197	;Aumentar por251.8%	;Aumentar por18.7%	;158	;Aumentar por1480.0%	;Aumentar por338.9%	;0	; --%	; --%	;2	;Disminuir por50.0%	;Aumentar por100.0%	;2	;Aumentar por100.0%	;Sin cambios	;8	;Aumentar por60.0%	;Aumentar por14.3%	;
402	;06/17 17:00 - 18:00	;131	;Aumentar por125.9%	;Aumentar por2.3%	;38	;Aumentar por81.0%	;Disminuir por43.3%	;0	; --%	; --%	;4	;Sin cambios	;Aumentar por300.0%	;1	;Disminuir por66.7%	;Disminuir por50.0%	;9	;Aumentar por350.0%	;Aumentar por125.0%	;
403	;06/17 18:00 - 19:00	;198	;Aumentar por209.4%	;Disminuir por4.3%	;78	;Aumentar por254.5%	;Disminuir por25.0%	;0	; --%	; --%	;1	;Disminuir por50.0%	; --%	;1	; --%	; --%	;5	;Aumentar por400.0%	;Disminuir por16.7%	;
404	;06/17 19:00 - 20:00	;408	;Aumentar por547.6%	;Disminuir por26.5%	;125	;Aumentar por525.0%	;Disminuir por52.5%	;0	; --%	; --%	;0	;Disminuir por100.0%	; --%	;2	; --%	;Aumentar por100.0%	;5	;Aumentar por66.7%	;Aumentar por66.7%	;
405	;06/17 20:00 - 21:00	;591	;Aumentar por1497.3%	;Disminuir por5.7%	;318	;Aumentar por1490.0%	;Disminuir por11.7%	;0	; --%	; --%	;0	; --%	; --%	;3	; --%	;Aumentar por50.0%	;3	;Disminuir por25.0%	;Disminuir por50.0%	;
406	;06/17 21:00 - 22:00	;631	;Aumentar por7787.5%	;Disminuir por28.0%	;355	;Aumentar por11733.3%	;Disminuir por49.9%	;0	; --%	; --%	;0	;Disminuir por100.0%	; --%	;12	; --%	;Aumentar por300.0%	;19	; --%	;Aumentar por216.7%	;
407	;06/17 22:00 - 23:00	;720	;Aumentar por14300.0%	;Aumentar por18.6%	;543	; --%	;Aumentar por6.7%	;0	; --%	; --%	;0	;Disminuir por100.0%	; --%	;33	; --%	;Aumentar por560.0%	;40	;Aumentar por3900.0%	;Aumentar por1233.3%	;
408	;06/17 23:00 - 24:00	;238	;Aumentar por2544.4%	;Aumentar por55.6%	;134	; --%	;Aumentar por69.6%	;0	; --%	; --%	;0	; --%	;Disminuir por100.0%	;1	; --%	; --%	;2	; --%	; --%	;
409	;06/18 00:00 - 01:00	;15	; --%	;Aumentar por36.4%	;30	;Aumentar por2900.0%	;Aumentar por500.0%	;0	; --%	; --%	;0	; --%	; --%	;0	; --%	; --%	;5	; --%	; --%	;
410	;06/18 01:00 - 02:00	;34	; --%	;Aumentar por325.0%	;32	; --%	;Aumentar por700.0%	;0	; --%	; --%	;1	; --%	; --%	;0	; --%	; --%	;1	; --%	; --%	;
411	;06/18 02:00 - 03:00	;3	;Aumentar por200.0%	;Disminuir por72.7%	;4	;Aumentar por300.0%	;Disminuir por87.1%	;0	; --%	; --%	;0	; --%	; --%	;0	; --%	; --%	;0	; --%	; --%	;
412	;06/18 03:00 - 04:00	;1	; --%	;Sin cambios	;0	; --%	; --%	;0	; --%	; --%	;0	; --%	; --%	;0	; --%	; --%	;0	; --%	; --%	;
413	;06/18 04:00 - 05:00	;8	; --%	;Disminuir por38.5%	;8	; --%	;Aumentar por60.0%	;2	; --%	;Aumentar por100.0%	;4	; --%	;Aumentar por100.0%	;0	; --%	; --%	;0	; --%	;Disminuir por100.0%	;
414	;06/18 05:00 - 06:00	;0	;Disminuir por100.0%	;Disminuir por100.0%	;2	;Aumentar por100.0%	; --%	;1	; --%	; --%	;2	;Sin cambios	; --%	;0	; --%	;Disminuir por100.0%	;0	; --%	; --%	;
415	;06/18 06:00 - 07:00	;4	;Aumentar por300.0%	;Aumentar por100.0%	;0	; --%	;Disminuir por100.0%	;0	; --%	; --%	;0	;Disminuir por100.0%	;Disminuir por100.0%	;0	; --%	; --%	;1	; --%	;Sin cambios	;
416	;06/18 07:00 - 08:00	;15	; --%	;Aumentar por50.0%	;9	;Aumentar por800.0%	;Aumentar por50.0%	;0	; --%	; --%	;4	;Aumentar por100.0%	;Aumentar por33.3%	;0	; --%	; --%	;0	; --%	; --%	;
417	;06/18 08:00 - 09:00	;23	;Aumentar por475.0%	;Aumentar por76.9%	;5	;Sin cambios	;Disminuir por68.8%	;0	; --%	; --%	;1	;Disminuir por66.7%	;Disminuir por85.7%	;2	; --%	; --%	;2	;Disminuir por33.3%	;Disminuir por33.3%	;
418	;06/18 09:00 - 10:00	;95	;Aumentar por578.6%	;Aumentar por265.4%	;50	;Aumentar por400.0%	;Aumentar por150.0%	;0	; --%	; --%	;8	;Aumentar por100.0%	;Aumentar por60.0%	;8	;Aumentar por700.0%	; --%	;22	;Aumentar por1000.0%	;Aumentar por633.3%	;
419	;06/18 10:00 - 11:00	;158	;Aumentar por105.2%	;Aumentar por92.7%	;50	;Aumentar por194.1%	;Disminuir por43.8%	;1	;Disminuir por50.0%	; --%	;6	;Aumentar por200.0%	;Sin cambios	;14	;Aumentar por1300.0%	;Aumentar por600.0%	;42	;Aumentar por2000.0%	;Aumentar por600.0%	;
420	;06/18 11:00 - 12:00	;99	;Disminuir por47.3%	;Aumentar por8.8%	;56	;Disminuir por35.6%	;Aumentar por12.0%	;0	;Disminuir por100.0%	; --%	;1	;Disminuir por80.0%	;Disminuir por66.7%	;2	;Disminuir por50.0%	; --%	;3	;Sin cambios	;Disminuir por40.0%	;
421	;06/18 12:00 - 13:00	;43	;Disminuir por87.5%	;Disminuir por56.6%	;36	;Disminuir por83.3%	;Disminuir por42.9%	;0	; --%	; --%	;7	;Sin cambios	;Aumentar por16.7%	;0	; --%	; --%	;1	;Sin cambios	;Disminuir por83.3%	;
422	;06/18 13:00 - 14:00	;64	;Disminuir por12.3%	;Aumentar por60.0%	;22	;Disminuir por12.0%	;Disminuir por4.3%	;0	; --%	;Disminuir por100.0%	;3	;Sin cambios	;Disminuir por25.0%	;1	;Disminuir por50.0%	;Sin cambios	;3	;Disminuir por57.1%	;Aumentar por50.0%	;
423	;06/18 14:00 - 15:00	;37	;Aumentar por2.8%	;Disminuir por62.6%	;36	;Aumentar por111.8%	;Aumentar por125.0%	;0	; --%	; --%	;3	;Disminuir por62.5%	;Sin cambios	;1	;Sin cambios	;Sin cambios	;4	;Aumentar por100.0%	;Sin cambios	;
424	;06/18 15:00 - 16:00	;31	;Disminuir por16.2%	;Aumentar por24.0%	;23	;Aumentar por283.3%	;Aumentar por35.3%	;0	;Disminuir por100.0%	; --%	;5	;Disminuir por37.5%	;Aumentar por66.7%	;1	;Disminuir por50.0%	;Sin cambios	;6	;Aumentar por200.0%	;Aumentar por50.0%	;
425	;06/18 16:00 - 17:00	;54	;Aumentar por17.4%	;Aumentar por50.0%	;38	;Aumentar por533.3%	;Aumentar por245.5%	;0	; --%	; --%	;2	;Disminuir por33.3%	;Sin cambios	;0	;Disminuir por100.0%	; --%	;3	;Sin cambios	;Sin cambios	;
426	;06/18 17:00 - 18:00	;73	;Aumentar por35.2%	;Aumentar por37.7%	;23	;Aumentar por283.3%	;Disminuir por30.3%	;0	; --%	; --%	;2	;Disminuir por33.3%	;Disminuir por33.3%	;3	; --%	;Aumentar por50.0%	;5	;Sin cambios	;Sin cambios	;
427	;06/18 18:00 - 19:00	;198	;Aumentar por96.0%	;Aumentar por37.5%	;57	;Aumentar por83.9%	;Disminuir por31.3%	;0	; --%	; --%	;0	;Disminuir por100.0%	; --%	;4	; --%	;Aumentar por300.0%	;3	;Aumentar por50.0%	;Sin cambios	;
428	;06/18 19:00 - 20:00	;512	;Aumentar por1665.5%	;Aumentar por26.1%	;149	;Aumentar por645.0%	;Disminuir por12.9%	;0	; --%	; --%	;0	;Disminuir por100.0%	;Disminuir por100.0%	;4	; --%	;Aumentar por33.3%	;4	; --%	;Aumentar por100.0%	;
429	;06/18 20:00 - 21:00	;832	;Aumentar por4522.2%	;Aumentar por63.5%	;463	;Aumentar por6514.3%	;Aumentar por92.1%	;0	;Disminuir por100.0%	; --%	;0	; --%	; --%	;7	; --%	;Aumentar por16.7%	;7	;Aumentar por600.0%	;Disminuir por41.7%	;
430	;06/18 21:00 - 22:00	;817	;Aumentar por7327.3%	;Aumentar por31.8%	;640	;Aumentar por31900.0%	;Aumentar por43.8%	;0	; --%	; --%	;0	;Disminuir por100.0%	; --%	;51	; --%	;Aumentar por70.0%	;48	;Aumentar por4700.0%	;Aumentar por41.2%	;
431	;06/18 22:00 - 23:00	;638	;Aumentar por7875.0%	;Disminuir por12.1%	;454	;Aumentar por11250.0%	;Disminuir por11.7%	;0	; --%	; --%	;0	; --%	; --%	;68	; --%	;Aumentar por30.8%	;94	; --%	;Aumentar por54.1%	;
432	;06/18 23:00 - 24:00	;392	;Aumentar por39100.0%	;Aumentar por98.0%	;254	;Aumentar por25300.0%	;Aumentar por113.4%	;0	; --%	; --%	;0	; --%	;Disminuir por100.0%	;39	; --%	;Aumentar por1850.0%	;49	; --%	;Aumentar por600.0%	;
433	;06/19 00:00 - 01:00	;56	;Aumentar por2700.0%	;Aumentar por75.0%	;33	; --%	;Aumentar por57.1%	;0	; --%	; --%	;0	; --%	; --%	;2	; --%	; --%	;7	;Aumentar por600.0%	;Aumentar por250.0%	;
434	;06/19 01:00 - 02:00	;8	; --%	;Disminuir por46.7%	;10	; --%	;Disminuir por28.6%	;0	; --%	; --%	;0	; --%	; --%	;0	; --%	; --%	;1	; --%	; --%	;
435	;06/19 02:00 - 03:00	;6	; --%	; --%	;9	; --%	;Sin cambios	;2	; --%	; --%	;1	; --%	; --%	;0	; --%	; --%	;0	; --%	; --%	;
436	;06/19 03:00 - 04:00	;1	; --%	;Disminuir por80.0%	;1	; --%	;Disminuir por66.7%	;0	; --%	; --%	;1	; --%	; --%	;0	; --%	; --%	;0	; --%	; --%	;
437	;06/19 04:00 - 05:00	;1	; --%	;Disminuir por80.0%	;0	; --%	;Disminuir por100.0%	;0	; --%	;Disminuir por100.0%	;2	; --%	;Disminuir por60.0%	;0	; --%	; --%	;0	; --%	; --%	;
438	;06/19 05:00 - 06:00	;2	;Aumentar por100.0%	;Aumentar por100.0%	;0	;Disminuir por100.0%	;Disminuir por100.0%	;0	; --%	; --%	;0	; --%	;Disminuir por100.0%	;0	; --%	; --%	;0	;Disminuir por100.0%	; --%	;
439	;06/19 06:00 - 07:00	;2	;Aumentar por100.0%	; --%	;2	; --%	;Aumentar por100.0%	;0	; --%	; --%	;2	;Aumentar por100.0%	;Aumentar por100.0%	;0	; --%	; --%	;2	; --%	;Aumentar por100.0%	;
440	;06/19 07:00 - 08:00	;6	;Aumentar por200.0%	;Disminuir por40.0%	;3	;Aumentar por200.0%	;Disminuir por66.7%	;0	; --%	; --%	;2	; --%	;Sin cambios	;0	;Disminuir por100.0%	; --%	;0	;Disminuir por100.0%	; --%	;
441	;06/19 08:00 - 09:00	;10	;Aumentar por233.3%	;Disminuir por52.4%	;9	;Aumentar por800.0%	;Sin cambios	;1	; --%	;Disminuir por83.3%	;0	;Disminuir por100.0%	;Disminuir por100.0%	;0	; --%	;Disminuir por100.0%	;2	;Disminuir por33.3%	;Disminuir por60.0%	;
442	;06/19 09:00 - 10:00	;53	;Aumentar por307.7%	;Aumentar por76.7%	;27	;Aumentar por237.5%	;Aumentar por22.7%	;0	; --%	; --%	;6	;Aumentar por50.0%	;Aumentar por20.0%	;0	; --%	; --%	;3	;Aumentar por50.0%	;Disminuir por75.0%	;
443	;06/19 10:00 - 11:00	;84	;Disminuir por24.3%	;Disminuir por35.9%	;29	;Aumentar por20.8%	;Aumentar por3.6%	;1	; --%	; --%	;9	;Aumentar por350.0%	;Aumentar por800.0%	;2	;Aumentar por100.0%	;Disminuir por33.3%	;2	;Sin cambios	;Disminuir por71.4%	;
444	;06/19 11:00 - 12:00	;130	;Aumentar por18.2%	;Disminuir por12.8%	;70	;Aumentar por180.0%	;Sin cambios	;1	; --%	; --%	;10	;Aumentar por150.0%	;Aumentar por100.0%	;2	; --%	;Disminuir por33.3%	;3	;Disminuir por57.1%	;Sin cambios	;
445	;06/19 12:00 - 13:00	;80	;Disminuir por50.3%	;Aumentar por25.0%	;51	;Aumentar por70.0%	;Aumentar por24.4%	;1	; --%	; --%	;14	;Aumentar por600.0%	;Aumentar por250.0%	;0	;Disminuir por100.0%	;Disminuir por100.0%	;4	;Aumentar por33.3%	;Disminuir por42.9%	;
446	;06/19 13:00 - 14:00	;58	;Disminuir por34.8%	;Aumentar por1.8%	;46	;Aumentar por84.0%	;Aumentar por100.0%	;0	; --%	; --%	;2	;Disminuir por50.0%	;Sin cambios	;0	;Disminuir por100.0%	;Disminuir por100.0%	;6	;Aumentar por100.0%	;Aumentar por50.0%	;
447	;06/19 14:00 - 15:00	;27	;Disminuir por56.5%	;Sin cambios	;16	;Aumentar por220.0%	;Disminuir por20.0%	;0	; --%	; --%	;1	; --%	;Disminuir por66.7%	;5	; --%	;Aumentar por400.0%	;7	;Aumentar por133.3%	;Disminuir por22.2%	;
448	;06/19 15:00 - 16:00	;34	;Disminuir por61.4%	;Disminuir por24.4%	;34	;Disminuir por43.3%	;Aumentar por41.7%	;0	; --%	; --%	;5	;Aumentar por400.0%	;Aumentar por25.0%	;3	;Aumentar por200.0%	; --%	;2	; --%	;Sin cambios	;
449	;06/19 16:00 - 17:00	;59	;Disminuir por35.2%	;Aumentar por84.4%	;36	;Aumentar por500.0%	;Aumentar por157.1%	;0	; --%	;Disminuir por100.0%	;4	;Aumentar por300.0%	;Aumentar por33.3%	;1	;Disminuir por75.0%	;Sin cambios	;6	;Disminuir por33.3%	;Aumentar por50.0%	;
450	;06/19 17:00 - 18:00	;81	;Disminuir por49.7%	;Aumentar por55.8%	;37	;Aumentar por68.2%	;Aumentar por2.8%	;0	; --%	; --%	;2	;Aumentar por100.0%	;Disminuir por33.3%	;0	;Disminuir por100.0%	;Disminuir por100.0%	;4	;Aumentar por33.3%	;Sin cambios	;
451	;06/19 18:00 - 19:00	;202	;Aumentar por32.9%	;Disminuir por9.0%	;75	;Aumentar por188.5%	;Disminuir por12.8%	;0	; --%	; --%	;0	;Disminuir por100.0%	; --%	;3	;Aumentar por50.0%	;Aumentar por200.0%	;3	;Aumentar por200.0%	;Disminuir por25.0%	;
452	;06/19 19:00 - 20:00	;350	;Aumentar por316.7%	;Disminuir por25.1%	;112	;Aumentar por833.3%	;Disminuir por17.6%	;0	; --%	; --%	;0	;Disminuir por100.0%	; --%	;2	; --%	;Disminuir por71.4%	;4	;Aumentar por100.0%	;Disminuir por20.0%	;
453	;06/19 20:00 - 21:00	;1094	;Aumentar por3951.9%	;Aumentar por101.5%	;667	;Aumentar por5030.8%	;Aumentar por186.3%	;0	; --%	; --%	;0	;Disminuir por100.0%	; --%	;18	; --%	;Aumentar por800.0%	;18	;Aumentar por800.0%	;Aumentar por1700.0%	;
454	;06/19 21:00 - 22:00	;1432	;Aumentar por6719.0%	;Aumentar por62.5%	;1038	;Aumentar por25850.0%	;Aumentar por55.6%	;0	; --%	; --%	;0	;Disminuir por100.0%	; --%	;40	; --%	;Aumentar por150.0%	;38	; --%	;Aumentar por72.7%	;
455	;06/19 22:00 - 23:00	;1047	;Aumentar por9418.2%	;Aumentar por37.0%	;715	;Aumentar por71400.0%	;Aumentar por11.0%	;0	; --%	; --%	;0	; --%	; --%	;73	; --%	;Aumentar por143.3%	;79	; --%	;Aumentar por393.8%	;
456	;06/19 23:00 - 24:00	;720	;Aumentar por14300.0%	;Aumentar por150.9%	;609	;Aumentar por15125.0%	;Aumentar por190.0%	;0	; --%	; --%	;0	; --%	; --%	;16	; --%	;Disminuir por11.1%	;51	;Aumentar por5000.0%	;Aumentar por264.3%	;
457	;06/20 00:00 - 01:00	;164	;Aumentar por16300.0%	;Aumentar por248.9%	;121	; --%	;Aumentar por255.9%	;0	; --%	; --%	;0	;Disminuir por100.0%	; --%	;5	; --%	; --%	;3	; --%	;Sin cambios	;
458	;06/20 01:00 - 02:00	;20	;Aumentar por1900.0%	;Aumentar por400.0%	;32	;Aumentar por3100.0%	;Aumentar por300.0%	;0	; --%	; --%	;0	; --%	; --%	;0	; --%	;Disminuir por100.0%	;3	; --%	; --%	;
459	;06/20 02:00 - 03:00	;17	; --%	; --%	;3	; --%	; --%	;0	; --%	; --%	;0	; --%	; --%	;1	; --%	; --%	;0	; --%	; --%	;
460	;06/20 03:00 - 04:00	;9	; --%	; --%	;10	; --%	; --%	;0	; --%	; --%	;1	; --%	; --%	;0	; --%	; --%	;0	; --%	; --%	;
461	;06/20 04:00 - 05:00	;10	; --%	;Aumentar por900.0%	;6	; --%	;Aumentar por500.0%	;6	; --%	;Aumentar por500.0%	;5	;Aumentar por400.0%	;Aumentar por150.0%	;0	; --%	; --%	;0	; --%	; --%	;
462	;06/20 05:00 - 06:00	;8	; --%	; --%	;5	; --%	;Aumentar por400.0%	;0	; --%	; --%	;1	; --%	;Sin cambios	;0	; --%	; --%	;0	; --%	; --%	;
463	;06/20 06:00 - 07:00	;2	;Disminuir por33.3%	;Disminuir por33.3%	;3	;Aumentar por200.0%	;Sin cambios	;0	; --%	;Disminuir por100.0%	;0	;Disminuir por100.0%	;Disminuir por100.0%	;1	; --%	;Sin cambios	;0	; --%	;Disminuir por100.0%	;
464	;06/20 07:00 - 08:00	;9	;Aumentar por800.0%	;Aumentar por125.0%	;3	;Aumentar por200.0%	;Disminuir por57.1%	;0	; --%	; --%	;1	;Sin cambios	;Disminuir por75.0%	;0	; --%	; --%	;1	;Disminuir por50.0%	;Sin cambios	;
465	;06/20 08:00 - 09:00	;9	;Aumentar por50.0%	;Disminuir por25.0%	;11	;Aumentar por57.1%	;Disminuir por31.3%	;0	; --%	; --%	;2	;Disminuir por60.0%	;Disminuir por75.0%	;0	; --%	; --%	;1	;Disminuir por75.0%	; --%	;
466	;06/20 09:00 - 10:00	;74	;Aumentar por362.5%	;Disminuir por36.8%	;33	;Aumentar por450.0%	;Disminuir por69.4%	;1	; --%	;Disminuir por98.4%	;5	;Disminuir por28.6%	;Disminuir por92.4%	;0	; --%	;Disminuir por100.0%	;3	;Sin cambios	;Disminuir por50.0%	;
467	;06/20 10:00 - 11:00	;125	;Disminuir por30.9%	;Aumentar por10.6%	;42	;Aumentar por2.4%	;Aumentar por13.5%	;0	; --%	; --%	;3	;Disminuir por25.0%	; --%	;0	; --%	;Disminuir por100.0%	;5	;Aumentar por66.7%	;Sin cambios	;
468	;06/20 11:00 - 12:00	;189	;Aumentar por3.8%	;Aumentar por39.0%	;70	;Aumentar por89.2%	;Aumentar por62.8%	;0	; --%	; --%	;3	;Aumentar por50.0%	;Sin cambios	;2	;Aumentar por100.0%	;Disminuir por71.4%	;7	;Aumentar por600.0%	;Disminuir por22.2%	;
469	;06/20 12:00 - 13:00	;109	;Disminuir por33.5%	;Aumentar por26.7%	;75	;Aumentar por33.9%	;Aumentar por41.5%	;0	; --%	; --%	;1	;Disminuir por85.7%	;Disminuir por80.0%	;0	;Disminuir por100.0%	;Disminuir por100.0%	;2	;Disminuir por33.3%	;Disminuir por50.0%	;
470	;06/20 13:00 - 14:00	;118	;Aumentar por15.7%	;Aumentar por126.9%	;53	;Aumentar por103.8%	;Disminuir por17.2%	;0	; --%	; --%	;2	;Sin cambios	;Disminuir por66.7%	;0	;Disminuir por100.0%	;Disminuir por100.0%	;3	;Aumentar por200.0%	;Disminuir por25.0%	;
471	;06/20 14:00 - 15:00	;86	;Aumentar por68.6%	;Aumentar por34.4%	;32	;Aumentar por28.0%	;Aumentar por6.7%	;0	; --%	; --%	;1	;Disminuir por75.0%	;Disminuir por50.0%	;2	; --%	;Aumentar por100.0%	;3	;Aumentar por200.0%	;Aumentar por200.0%	;
472	;06/20 15:00 - 16:00	;109	;Aumentar por6.9%	;Aumentar por153.5%	;58	;Aumentar por93.3%	;Aumentar por93.3%	;0	; --%	; --%	;2	;Disminuir por33.3%	; --%	;1	; --%	;Disminuir por50.0%	;5	;Aumentar por400.0%	;Disminuir por16.7%	;
473	;06/20 16:00 - 17:00	;109	;Disminuir por9.2%	;Aumentar por87.9%	;47	;Aumentar por88.0%	;Aumentar por235.7%	;0	; --%	; --%	;2	;Sin cambios	;Sin cambios	;1	;Sin cambios	;Disminuir por50.0%	;2	;Aumentar por100.0%	;Disminuir por71.4%	;
474	;06/20 17:00 - 18:00	;121	;Disminuir por10.4%	;Aumentar por146.9%	;62	;Aumentar por67.6%	;Aumentar por31.9%	;0	; --%	; --%	;1	;Disminuir por80.0%	;Sin cambios	;0	; --%	;Disminuir por100.0%	;4	;Aumentar por33.3%	;Aumentar por33.3%	;
475	;06/20 18:00 - 19:00	;339	;Aumentar por115.9%	;Aumentar por53.4%	;98	;Aumentar por63.3%	;Disminuir por4.9%	;0	; --%	; --%	;1	;Sin cambios	;Sin cambios	;2	;Disminuir por33.3%	;Aumentar por100.0%	;2	;Disminuir por50.0%	;Disminuir por60.0%	;
476	;06/20 19:00 - 20:00	;795	;Aumentar por322.9%	;Aumentar por114.9%	;202	;Aumentar por359.1%	;Aumentar por53.0%	;0	; --%	; --%	;0	;Disminuir por100.0%	; --%	;8	; --%	;Aumentar por100.0%	;5	;Aumentar por25.0%	;Aumentar por150.0%	;
477	;06/20 20:00 - 21:00	;1701	;Aumentar por1329.4%	;Aumentar por138.6%	;893	;Aumentar por2189.7%	;Aumentar por195.7%	;0	; --%	; --%	;0	;Disminuir por100.0%	; --%	;13	; --%	;Disminuir por55.2%	;11	;Aumentar por1000.0%	;Disminuir por88.8%	;
478	;06/20 21:00 - 22:00	;1831	;Aumentar por3229.1%	;Aumentar por101.7%	;1193	;Aumentar por11830.0%	;Aumentar por158.8%	;0	; --%	; --%	;0	;Disminuir por100.0%	; --%	;33	; --%	;Disminuir por17.5%	;27	; --%	;Disminuir por51.8%	;
479	;06/20 22:00 - 23:00	;1502	;Aumentar por4593.8%	;Aumentar por20.6%	;1145	;Aumentar por14212.5%	;Aumentar por33.3%	;0	; --%	; --%	;0	; --%	; --%	;67	; --%	;Disminuir por21.2%	;82	;Aumentar por8100.0%	;Disminuir por33.3%	;
480	;06/20 23:00 - 24:00	;1252	;Aumentar por9530.8%	;Aumentar por94.1%	;1036	;Aumentar por10260.0%	;Aumentar por115.4%	;0	; --%	; --%	;0	; --%	; --%	;39	; --%	;Aumentar por85.7%	;48	; --%	;Aumentar por77.8%	;
481	;06/21 00:00 - 01:00	;402	;Aumentar por2992.3%	;Aumentar por119.7%	;330	;Aumentar por5400.0%	;Aumentar por226.7%	;0	; --%	; --%	;0	;Disminuir por100.0%	; --%	;15	; --%	;Aumentar por1400.0%	;9	;Aumentar por800.0%	;Aumentar por800.0%	;
482	;06/21 01:00 - 02:00	;60	;Aumentar por2900.0%	;Aumentar por566.7%	;33	; --%	;Aumentar por3.1%	;0	; --%	; --%	;1	;Sin cambios	; --%	;1	; --%	; --%	;3	; --%	;Aumentar por50.0%	;
483	;06/21 02:00 - 03:00	;16	;Aumentar por1500.0%	;Aumentar por1500.0%	;21	;Aumentar por600.0%	;Aumentar por90.9%	;0	; --%	; --%	;0	; --%	; --%	;1	; --%	; --%	;1	; --%	; --%	;
484	;06/21 03:00 - 04:00	;9	; --%	;Disminuir por18.2%	;5	; --%	;Disminuir por77.3%	;0	; --%	; --%	;0	;Disminuir por100.0%	; --%	;0	; --%	; --%	;1	; --%	; --%	;
485	;06/21 04:00 - 05:00	;3	; --%	;Disminuir por80.0%	;1	; --%	;Disminuir por94.1%	;0	; --%	; --%	;0	; --%	;Disminuir por100.0%	;0	; --%	; --%	;1	; --%	; --%	;
486	;06/21 05:00 - 06:00	;9	; --%	;Aumentar por800.0%	;5	;Aumentar por400.0%	; --%	;26	; --%	; --%	;27	; --%	; --%	;0	; --%	; --%	;0	; --%	; --%	;
487	;06/21 06:00 - 07:00	;8	; --%	; --%	;3	; --%	;Disminuir por25.0%	;0	; --%	; --%	;0	;Disminuir por100.0%	;Disminuir por100.0%	;0	; --%	;Disminuir por100.0%	;1	; --%	; --%	;
488	;06/21 07:00 - 08:00	;17	;Aumentar por1600.0%	;Aumentar por88.9%	;10	;Aumentar por150.0%	;Aumentar por66.7%	;0	; --%	; --%	;2	;Aumentar por100.0%	;Sin cambios	;4	; --%	; --%	;0	; --%	;Disminuir por100.0%	;
489	;06/21 08:00 - 09:00	;24	;Aumentar por1100.0%	;Aumentar por26.3%	;7	;Aumentar por16.7%	;Disminuir por46.2%	;0	; --%	; --%	;3	;Disminuir por25.0%	;Disminuir por57.1%	;3	; --%	;Aumentar por200.0%	;1	;Sin cambios	;Disminuir por50.0%	;
490	;06/21 09:00 - 10:00	;46	;Aumentar por142.1%	;Disminuir por9.8%	;39	;Aumentar por254.5%	;Disminuir por7.1%	;0	; --%	;Disminuir por100.0%	;2	;Disminuir por50.0%	;Disminuir por66.7%	;0	;Disminuir por100.0%	;Disminuir por100.0%	;1	;Disminuir por50.0%	;Disminuir por75.0%	;
491	;06/21 10:00 - 11:00	;133	;Aumentar por54.7%	;Aumentar por33.0%	;61	;Aumentar por190.5%	;Aumentar por8.9%	;0	; --%	; --%	;2	;Disminuir por71.4%	;Disminuir por33.3%	;5	;Aumentar por400.0%	; --%	;8	;Aumentar por166.7%	;Aumentar por166.7%	;
492	;06/21 11:00 - 12:00	;251	;Aumentar por14.6%	;Aumentar por25.5%	;62	;Aumentar por106.7%	;Disminuir por8.8%	;0	; --%	; --%	;2	;Sin cambios	;Disminuir por71.4%	;2	;Disminuir por33.3%	;Disminuir por50.0%	;2	;Disminuir por33.3%	;Disminuir por71.4%	;
493	;06/21 12:00 - 13:00	;153	;Disminuir por15.9%	;Disminuir por21.9%	;41	;Sin cambios	;Disminuir por43.1%	;0	;Disminuir por100.0%	; --%	;3	;Sin cambios	;Disminuir por40.0%	;1	;Sin cambios	;Sin cambios	;2	;Sin cambios	;Aumentar por100.0%	;
494	;06/21 13:00 - 14:00	;162	;Disminuir por22.5%	;Aumentar por43.4%	;72	;Aumentar por132.3%	;Aumentar por84.6%	;0	; --%	; --%	;1	;Disminuir por80.0%	;Disminuir por50.0%	;0	; --%	;Disminuir por100.0%	;6	; --%	;Aumentar por500.0%	;
495	;06/21 14:00 - 15:00	;103	;Disminuir por49.5%	;Aumentar por58.5%	;46	;Disminuir por31.3%	;Aumentar por35.3%	;0	; --%	; --%	;0	;Disminuir por100.0%	;Disminuir por100.0%	;0	;Disminuir por100.0%	; --%	;1	;Disminuir por50.0%	; --%	;
496	;06/21 15:00 - 16:00	;54	;Disminuir por63.8%	;Disminuir por37.9%	;45	;Aumentar por18.4%	;Aumentar por2.3%	;0	; --%	; --%	;0	;Disminuir por100.0%	;Disminuir por100.0%	;1	; --%	; --%	;2	;Disminuir por33.3%	;Disminuir por50.0%	;
497	;06/21 16:00 - 17:00	;74	;Disminuir por53.5%	;Disminuir por10.8%	;42	;Disminuir por10.6%	;Disminuir por12.5%	;0	; --%	; --%	;1	;Disminuir por66.7%	;Disminuir por66.7%	;3	;Aumentar por200.0%	; --%	;7	;Sin cambios	;Aumentar por133.3%	;
498	;06/21 17:00 - 18:00	;123	;Disminuir por30.5%	;Disminuir por10.9%	;44	;Aumentar por37.5%	;Aumentar por15.8%	;0	; --%	; --%	;0	; --%	;Disminuir por100.0%	;1	;Disminuir por50.0%	;Disminuir por50.0%	;3	;Sin cambios	;Disminuir por50.0%	;
499	;06/21 18:00 - 19:00	;135	;Disminuir por49.1%	;Disminuir por61.2%	;60	;Disminuir por18.9%	;Disminuir por72.9%	;0	; --%	; --%	;0	;Disminuir por100.0%	; --%	;1	;Sin cambios	;Disminuir por66.7%	;4	; --%	;Disminuir por33.3%	;
500	;06/21 19:00 - 20:00	;314	;Disminuir por6.5%	;Disminuir por53.6%	;83	;Disminuir por7.8%	;Disminuir por65.8%	;0	; --%	; --%	;0	; --%	; --%	;1	; --%	; --%	;1	;Disminuir por50.0%	;Sin cambios	;
501	;06/21 20:00 - 21:00	;518	;Aumentar por238.6%	;Disminuir por62.7%	;176	;Aumentar por225.9%	;Disminuir por76.8%	;0	; --%	; --%	;0	;Disminuir por100.0%	; --%	;1	;Sin cambios	;Disminuir por50.0%	;5	;Aumentar por25.0%	;Aumentar por400.0%	;
502	;06/21 21:00 - 22:00	;1072	;Aumentar por1388.9%	;Disminuir por53.6%	;775	;Aumentar por6358.3%	;Disminuir por55.3%	;0	; --%	; --%	;0	; --%	; --%	;16	; --%	;Aumentar por220.0%	;23	; --%	;Aumentar por360.0%	;
503	;06/21 22:00 - 23:00	;1077	;Aumentar por1263.3%	;Disminuir por29.1%	;745	;Aumentar por4282.4%	;Disminuir por28.4%	;0	; --%	; --%	;0	; --%	; --%	;21	; --%	;Aumentar por200.0%	;45	;Aumentar por4400.0%	;Aumentar por542.9%	;
504	;06/21 23:00 - 24:00	;509	;Aumentar por1717.9%	;Disminuir por48.9%	;336	;Aumentar por1058.6%	;Disminuir por54.5%	;0	; --%	; --%	;0	;Disminuir por100.0%	; --%	;5	; --%	;Disminuir por75.0%	;22	; --%	;Aumentar por10.0%	;
505	;06/22 00:00 - 01:00	;219	;Aumentar por742.3%	;Disminuir por35.6%	;155	;Aumentar por520.0%	;Disminuir por36.2%	;0	; --%	; --%	;0	;Disminuir por100.0%	; --%	;0	; --%	;Disminuir por100.0%	;0	;Disminuir por100.0%	;Disminuir por100.0%	;
506	;06/22 01:00 - 02:00	;17	;Aumentar por325.0%	;Disminuir por32.0%	;8	; --%	;Disminuir por83.0%	;0	; --%	; --%	;0	;Disminuir por100.0%	; --%	;1	; --%	;Sin cambios	;2	; --%	;Aumentar por100.0%	;
507	;06/22 02:00 - 03:00	;7	;Aumentar por600.0%	;Disminuir por72.0%	;4	;Aumentar por300.0%	;Disminuir por81.0%	;0	; --%	; --%	;2	; --%	; --%	;0	; --%	;Disminuir por100.0%	;1	; --%	; --%	;
508	;06/22 03:00 - 04:00	;6	;Aumentar por100.0%	;Disminuir por45.5%	;5	;Aumentar por400.0%	;Disminuir por78.3%	;0	; --%	; --%	;1	; --%	; --%	;1	; --%	; --%	;0	; --%	;Disminuir por100.0%	;
509	;06/22 04:00 - 05:00	;0	;Disminuir por100.0%	;Disminuir por100.0%	;0	;Disminuir por100.0%	;Disminuir por100.0%	;0	; --%	;Disminuir por100.0%	;0	; --%	;Disminuir por100.0%	;0	; --%	; --%	;1	; --%	; --%	;
510	;06/22 05:00 - 06:00	;0	; --%	;Disminuir por100.0%	;1	;Sin cambios	;Sin cambios	;0	; --%	; --%	;0	;Disminuir por100.0%	;Disminuir por100.0%	;0	; --%	; --%	;0	; --%	; --%	;
511	;06/22 06:00 - 07:00	;4	;Aumentar por300.0%	;Aumentar por100.0%	;0	; --%	;Disminuir por100.0%	;0	; --%	; --%	;0	; --%	;Disminuir por100.0%	;1	; --%	;Disminuir por75.0%	;1	; --%	;Disminuir por66.7%	;
512	;06/22 07:00 - 08:00	;15	;Aumentar por650.0%	;Aumentar por1400.0%	;7	;Aumentar por600.0%	;Aumentar por75.0%	;0	; --%	; --%	;0	;Disminuir por100.0%	; --%	;1	; --%	;Disminuir por50.0%	;1	; --%	; --%	;
513	;06/22 08:00 - 09:00	;20	;Aumentar por233.3%	;Disminuir por20.0%	;15	;Aumentar por200.0%	;Aumentar por50.0%	;0	; --%	; --%	;6	;Aumentar por200.0%	;Aumentar por500.0%	;0	; --%	;Disminuir por100.0%	;1	;Sin cambios	;Disminuir por66.7%	;
514	;06/22 09:00 - 10:00	;50	;Aumentar por163.2%	;Aumentar por16.3%	;30	;Aumentar por172.7%	;Aumentar por114.3%	;0	; --%	; --%	;4	;Aumentar por300.0%	;Aumentar por33.3%	;2	; --%	;Aumentar por100.0%	;6	;Aumentar por500.0%	;Aumentar por20.0%	;
515	;06/22 10:00 - 11:00	;75	;Disminuir por46.0%	;Disminuir por38.0%	;33	;Aumentar por94.1%	;Disminuir por26.7%	;0	; --%	; --%	;9	;Aumentar por350.0%	;Aumentar por800.0%	;2	;Aumentar por100.0%	;Disminuir por33.3%	;2	;Disminuir por50.0%	;Disminuir por80.0%	;
516	;06/22 11:00 - 12:00	;104	;Disminuir por11.1%	;Disminuir por53.4%	;50	;Disminuir por30.6%	;Disminuir por13.8%	;1	; --%	; --%	;8	;Aumentar por100.0%	;Aumentar por700.0%	;1	; --%	;Disminuir por66.7%	;2	; --%	;Disminuir por60.0%	;
517	;06/22 12:00 - 13:00	;82	;Disminuir por67.8%	;Disminuir por60.2%	;52	;Sin cambios	;Disminuir por53.2%	;0	; --%	;Disminuir por100.0%	;0	;Disminuir por100.0%	;Disminuir por100.0%	;1	;Sin cambios	;Sin cambios	;5	;Aumentar por66.7%	;Disminuir por37.5%	;
518	;06/22 13:00 - 14:00	;60	;Disminuir por55.2%	;Disminuir por55.6%	;56	;Aumentar por14.3%	;Aumentar por1.8%	;0	; --%	; --%	;5	;Aumentar por400.0%	; --%	;4	; --%	;Aumentar por100.0%	;3	;Aumentar por200.0%	;Disminuir por50.0%	;
519	;06/22 14:00 - 15:00	;56	;Disminuir por54.1%	;Disminuir por39.1%	;32	;Aumentar por68.4%	;Disminuir por17.9%	;0	; --%	; --%	;3	;Aumentar por200.0%	;Aumentar por200.0%	;1	; --%	; --%	;1	;Disminuir por75.0%	; --%	;
520	;06/22 15:00 - 16:00	;45	;Disminuir por39.2%	;Disminuir por47.7%	;26	;Disminuir por13.3%	;Disminuir por38.1%	;0	; --%	; --%	;3	;Sin cambios	;Aumentar por200.0%	;3	;Aumentar por200.0%	;Aumentar por200.0%	;7	;Aumentar por600.0%	;Aumentar por75.0%	;
521	;06/22 16:00 - 17:00	;61	;Disminuir por44.0%	;Disminuir por41.9%	;40	;Aumentar por73.9%	;Aumentar por29.0%	;0	; --%	; --%	;4	;Aumentar por100.0%	;Aumentar por300.0%	;0	;Disminuir por100.0%	; --%	;2	;Disminuir por50.0%	;Disminuir por33.3%	;
522	;06/22 17:00 - 18:00	;69	;Disminuir por48.1%	;Disminuir por33.0%	;37	;Disminuir por2.6%	;Disminuir por17.8%	;0	; --%	; --%	;3	;Disminuir por25.0%	;Sin cambios	;0	; --%	;Disminuir por100.0%	;4	;Aumentar por33.3%	;Disminuir por20.0%	;
523	;06/22 18:00 - 19:00	;197	;Aumentar por155.8%	;Disminuir por34.6%	;78	;Aumentar por212.0%	;Disminuir por39.5%	;0	; --%	; --%	;1	; --%	;Sin cambios	;5	; --%	; --%	;6	;Aumentar por100.0%	;Aumentar por200.0%	;
524	;06/22 19:00 - 20:00	;348	;Aumentar por397.1%	;Disminuir por47.4%	;153	;Aumentar por665.0%	;Disminuir por18.6%	;0	; --%	; --%	;0	;Disminuir por100.0%	; --%	;0	; --%	;Disminuir por100.0%	;4	;Aumentar por100.0%	;Aumentar por100.0%	;
525	;06/22 20:00 - 21:00	;727	;Aumentar por2323.3%	;Disminuir por52.2%	;335	;Aumentar por8275.0%	;Disminuir por65.3%	;0	; --%	; --%	;0	;Disminuir por100.0%	; --%	;4	; --%	;Disminuir por75.0%	;9	;Aumentar por800.0%	;Disminuir por67.9%	;
526	;06/22 21:00 - 22:00	;886	;Aumentar por5437.5%	;Disminuir por12.7%	;502	;Aumentar por6175.0%	;Disminuir por38.6%	;0	;Disminuir por100.0%	; --%	;0	;Disminuir por100.0%	; --%	;11	; --%	;Aumentar por37.5%	;26	; --%	;Sin cambios	;
527	;06/22 22:00 - 23:00	;1204	; --%	;Aumentar por182.6%	;892	;Aumentar por22200.0%	;Aumentar por225.5%	;0	; --%	; --%	;0	;Disminuir por100.0%	; --%	;8	; --%	;Disminuir por68.0%	;6	; --%	;Aumentar por20.0%	;
528	;06/22 23:00 - 24:00	;566	;Aumentar por18766.7%	;Aumentar por33.5%	;320	; --%	;Aumentar por82.9%	;0	; --%	; --%	;0	;Disminuir por100.0%	; --%	;0	; --%	;Disminuir por100.0%	;1	; --%	;Disminuir por83.3%	;
529	;06/23 00:00 - 01:00	;134	;Aumentar por13300.0%	;Aumentar por31.4%	;61	; --%	;Aumentar por7.0%	;0	; --%	; --%	;0	; --%	; --%	;1	; --%	;Sin cambios	;5	; --%	; --%	;
530	;06/23 01:00 - 02:00	;16	; --%	;Aumentar por128.6%	;6	; --%	;Disminuir por14.3%	;0	; --%	; --%	;0	; --%	; --%	;0	; --%	; --%	;1	; --%	;Disminuir por50.0%	;
531	;06/23 02:00 - 03:00	;3	; --%	;Disminuir por50.0%	;3	; --%	;Disminuir por89.7%	;0	; --%	; --%	;0	; --%	;Disminuir por100.0%	;1	; --%	; --%	;0	; --%	; --%	;
532	;06/23 03:00 - 04:00	;1	;Sin cambios	;Sin cambios	;0	;Disminuir por100.0%	;Disminuir por100.0%	;0	; --%	; --%	;0	; --%	; --%	;0	; --%	; --%	;0	; --%	; --%	;
533	;06/23 04:00 - 05:00	;0	; --%	;Disminuir por100.0%	;5	; --%	;Aumentar por25.0%	;0	; --%	;Disminuir por100.0%	;0	; --%	;Disminuir por100.0%	;0	; --%	; --%	;1	; --%	; --%	;
534	;06/23 05:00 - 06:00	;0	; --%	; --%	;0	; --%	; --%	;0	; --%	; --%	;0	; --%	;Disminuir por100.0%	;0	; --%	; --%	;0	; --%	; --%	;
535	;06/23 06:00 - 07:00	;3	; --%	;Aumentar por50.0%	;1	; --%	; --%	;0	;Disminuir por100.0%	; --%	;1	;Disminuir por66.7%	; --%	;0	; --%	;Disminuir por100.0%	;1	;Sin cambios	;Sin cambios	;
536	;06/23 07:00 - 08:00	;10	;Aumentar por400.0%	;Aumentar por11.1%	;5	;Aumentar por400.0%	;Aumentar por150.0%	;0	; --%	; --%	;7	;Aumentar por75.0%	;Aumentar por133.3%	;2	; --%	; --%	;2	; --%	;Aumentar por100.0%	;
537	;06/23 08:00 - 09:00	;26	;Aumentar por766.7%	;Aumentar por62.5%	;20	;Aumentar por300.0%	;Aumentar por17.6%	;1	;Sin cambios	; --%	;6	;Aumentar por20.0%	;Aumentar por20.0%	;1	; --%	; --%	;4	;Aumentar por300.0%	;Aumentar por100.0%	;
538	;06/23 09:00 - 10:00	;59	;Aumentar por637.5%	;Aumentar por63.9%	;31	;Aumentar por210.0%	;Aumentar por121.4%	;0	;Disminuir por100.0%	; --%	;8	;Aumentar por60.0%	;Aumentar por300.0%	;0	; --%	;Disminuir por100.0%	;6	;Aumentar por200.0%	;Aumentar por20.0%	;
539	;06/23 10:00 - 11:00	;75	;Disminuir por43.2%	;Disminuir por44.9%	;25	;Disminuir por60.3%	;Disminuir por63.2%	;0	; --%	; --%	;2	;Disminuir por50.0%	;Disminuir por77.8%	;0	;Disminuir por100.0%	;Disminuir por100.0%	;3	; --%	;Disminuir por25.0%	;
540	;06/23 11:00 - 12:00	;148	;Aumentar por80.5%	;Disminuir por19.1%	;100	;Aumentar por112.8%	;Aumentar por49.3%	;0	; --%	; --%	;5	;Disminuir por28.6%	;Disminuir por16.7%	;1	; --%	;Sin cambios	;6	; --%	;Disminuir por40.0%	;
541	;06/23 12:00 - 13:00	;74	;Aumentar por221.7%	;Disminuir por47.1%	;26	;Aumentar por13.0%	;Disminuir por66.7%	;1	; --%	; --%	;4	;Disminuir por42.9%	;Aumentar por33.3%	;0	; --%	; --%	;4	; --%	;Disminuir por50.0%	;
542	;06/23 13:00 - 14:00	;70	;Aumentar por89.2%	;Disminuir por22.2%	;36	;Aumentar por176.9%	;Disminuir por26.5%	;0	; --%	; --%	;5	;Disminuir por37.5%	;Aumentar por25.0%	;0	; --%	;Disminuir por100.0%	;2	; --%	;Disminuir por71.4%	;
543	;06/23 14:00 - 15:00	;57	;Aumentar por137.5%	;Aumentar por32.6%	;21	;Aumentar por950.0%	;Sin cambios	;0	;Disminuir por100.0%	; --%	;4	;Disminuir por33.3%	;Aumentar por100.0%	;0	;Disminuir por100.0%	; --%	;3	;Aumentar por200.0%	;Aumentar por200.0%	;
544	;06/23 15:00 - 16:00	;31	;Disminuir por29.5%	;Aumentar por24.0%	;23	;Aumentar por27.8%	;Aumentar por27.8%	;0	; --%	; --%	;0	;Disminuir por100.0%	;Disminuir por100.0%	;0	;Disminuir por100.0%	;Disminuir por100.0%	;5	;Aumentar por150.0%	; --%	;
545	;06/23 16:00 - 17:00	;38	;Aumentar por123.5%	;Disminuir por2.6%	;26	;Aumentar por188.9%	;Disminuir por21.2%	;0	; --%	; --%	;3	;Disminuir por57.1%	;Disminuir por50.0%	;0	; --%	; --%	;9	;Aumentar por200.0%	;Aumentar por50.0%	;
546	;06/23 17:00 - 18:00	;82	;Aumentar por12.3%	;Disminuir por40.1%	;36	;Aumentar por100.0%	;Disminuir por45.5%	;0	; --%	; --%	;0	;Disminuir por100.0%	;Disminuir por100.0%	;2	; --%	;Disminuir por33.3%	;7	;Sin cambios	;Aumentar por16.7%	;
547	;06/23 18:00 - 19:00	;159	;Aumentar por17.8%	;Disminuir por38.6%	;42	;Aumentar por20.0%	;Disminuir por66.4%	;0	; --%	; --%	;2	;Sin cambios	; --%	;1	; --%	;Sin cambios	;4	;Aumentar por33.3%	;Disminuir por50.0%	;
548	;06/23 19:00 - 20:00	;395	;Aumentar por939.5%	;Disminuir por9.2%	;142	;Aumentar por491.7%	;Aumentar por8.4%	;0	; --%	; --%	;0	;Disminuir por100.0%	; --%	;7	;Aumentar por600.0%	;Aumentar por600.0%	;11	;Aumentar por266.7%	;Aumentar por266.7%	;
549	;06/23 20:00 - 21:00	;748	;Aumentar por4575.0%	;Aumentar por6.9%	;293	;Aumentar por2830.0%	;Aumentar por31.4%	;0	; --%	; --%	;0	;Disminuir por100.0%	; --%	;3	;Aumentar por50.0%	;Sin cambios	;6	; --%	; --%	;
550	;06/23 21:00 - 22:00	;1183	; --%	;Disminuir por52.2%	;841	;Aumentar por41950.0%	;Disminuir por60.4%	;0	; --%	; --%	;0	;Disminuir por100.0%	; --%	;50	; --%	;Aumentar por900.0%	;85	; --%	;Aumentar por8400.0%	;
551	;06/23 22:00 - 23:00	;1268	;Aumentar por42166.7%	;Disminuir por10.5%	;960	;Aumentar por95900.0%	;Disminuir por15.0%	;0	; --%	; --%	;0	; --%	; --%	;36	; --%	;Disminuir por45.5%	;43	;Aumentar por4200.0%	;Sin cambios	;
552	;06/23 23:00 - 24:00	;481	;Aumentar por6771.4%	;Disminuir por27.7%	;281	;Aumentar por28000.0%	;Disminuir por36.0%	;0	; --%	; --%	;0	; --%	; --%	;18	; --%	;Aumentar por20.0%	;18	; --%	;Disminuir por25.0%	;
553	;06/24 00:00 - 01:00	;227	; --%	;Aumentar por129.3%	;139	; --%	;Aumentar por135.6%	;0	; --%	; --%	;0	; --%	; --%	;1	; --%	; --%	;8	; --%	;Aumentar por700.0%	;
554	;06/24 01:00 - 02:00	;79	;Aumentar por3850.0%	;Aumentar por58.0%	;33	; --%	;Disminuir por2.9%	;0	; --%	; --%	;0	; --%	; --%	;0	; --%	; --%	;1	; --%	; --%	;
555	;06/24 02:00 - 03:00	;18	; --%	;Sin cambios	;14	; --%	;Disminuir por6.7%	;0	; --%	; --%	;0	; --%	; --%	;2	; --%	;Aumentar por100.0%	;0	; --%	;Disminuir por100.0%	;
556	;06/24 03:00 - 04:00	;19	; --%	;Aumentar por11.8%	;12	; --%	;Disminuir por52.0%	;0	; --%	;Disminuir por100.0%	;0	;Disminuir por100.0%	;Disminuir por100.0%	;0	; --%	; --%	;0	; --%	;Disminuir por100.0%	;
557	;06/24 04:00 - 05:00	;15	; --%	;Disminuir por16.7%	;6	; --%	;Aumentar por50.0%	;0	; --%	; --%	;1	; --%	; --%	;0	; --%	; --%	;2	; --%	; --%	;
558	;06/24 05:00 - 06:00	;1	; --%	;Disminuir por96.2%	;9	; --%	;Disminuir por52.6%	;1	; --%	; --%	;1	; --%	;Sin cambios	;0	; --%	; --%	;0	; --%	;Disminuir por100.0%	;
559	;06/24 06:00 - 07:00	;4	;Aumentar por100.0%	;Disminuir por33.3%	;1	;Disminuir por50.0%	; --%	;1	;Disminuir por50.0%	; --%	;3	;Aumentar por50.0%	;Aumentar por200.0%	;0	; --%	; --%	;0	;Disminuir por100.0%	;Disminuir por100.0%	;
560	;06/24 07:00 - 08:00	;7	;Aumentar por250.0%	;Disminuir por36.4%	;3	;Aumentar por200.0%	;Sin cambios	;0	; --%	; --%	;1	;Disminuir por66.7%	;Disminuir por50.0%	;0	; --%	; --%	;0	;Disminuir por100.0%	; --%	;
561	;06/24 08:00 - 09:00	;13	;Aumentar por85.7%	;Disminuir por48.0%	;6	;Disminuir por25.0%	;Disminuir por33.3%	;0	; --%	; --%	;6	;Sin cambios	;Aumentar por100.0%	;0	; --%	; --%	;2	;Disminuir por33.3%	;Aumentar por100.0%	;
562	;06/24 09:00 - 10:00	;59	;Aumentar por247.1%	;Aumentar por40.5%	;25	;Aumentar por92.3%	;Disminuir por24.2%	;0	; --%	; --%	;2	;Disminuir por60.0%	;Disminuir por33.3%	;2	; --%	;Aumentar por100.0%	;5	;Sin cambios	;Sin cambios	;
563	;06/24 10:00 - 11:00	;117	;Disminuir por16.4%	;Disminuir por2.5%	;53	;Aumentar por23.3%	;Disminuir por3.6%	;1	; --%	; --%	;6	;Aumentar por20.0%	;Aumentar por20.0%	;0	;Disminuir por100.0%	;Disminuir por100.0%	;5	;Aumentar por66.7%	;Disminuir por37.5%	;
564	;06/24 11:00 - 12:00	;125	;Disminuir por1.6%	;Disminuir por36.2%	;73	;Disminuir por8.8%	;Disminuir por19.8%	;0	; --%	; --%	;4	;Aumentar por33.3%	;Disminuir por42.9%	;0	;Disminuir por100.0%	; --%	;3	;Disminuir por50.0%	;Aumentar por50.0%	;
565	;06/24 12:00 - 13:00	;175	;Aumentar por201.7%	;Aumentar por15.9%	;58	;Aumentar por114.8%	;Disminuir por27.5%	;0	; --%	; --%	;4	;Disminuir por33.3%	;Sin cambios	;0	;Disminuir por100.0%	; --%	;3	;Sin cambios	;Disminuir por25.0%	;
566	;06/24 13:00 - 14:00	;102	;Aumentar por229.0%	;Aumentar por21.4%	;55	;Aumentar por323.1%	;Aumentar por48.6%	;0	; --%	; --%	;3	;Sin cambios	;Aumentar por200.0%	;0	;Disminuir por100.0%	; --%	;2	;Aumentar por100.0%	;Disminuir por60.0%	;
567	;06/24 14:00 - 15:00	;65	;Aumentar por160.0%	;Disminuir por29.3%	;44	;Aumentar por450.0%	;Aumentar por63.0%	;0	; --%	; --%	;2	;Disminuir por66.7%	;Disminuir por50.0%	;1	;Sin cambios	; --%	;6	;Disminuir por14.3%	;Aumentar por200.0%	;
568	;06/24 15:00 - 16:00	;42	;Disminuir por47.5%	;Disminuir por25.0%	;29	;Aumentar por107.1%	;Disminuir por12.1%	;0	; --%	; --%	;0	;Disminuir por100.0%	;Disminuir por100.0%	;4	;Aumentar por33.3%	;Aumentar por300.0%	;4	;Aumentar por300.0%	;Sin cambios	;
569	;06/24 16:00 - 17:00	;85	;Disminuir por14.1%	;Aumentar por46.6%	;41	;Aumentar por173.3%	;Aumentar por64.0%	;0	; --%	; --%	;2	;Aumentar por100.0%	; --%	;0	; --%	;Disminuir por100.0%	;8	;Aumentar por14.3%	;Aumentar por100.0%	;
570	;06/24 17:00 - 18:00	;166	;Aumentar por151.5%	;Aumentar por124.3%	;47	;Aumentar por113.6%	;Aumentar por95.8%	;0	; --%	; --%	;1	; --%	;Disminuir por66.7%	;1	;Disminuir por66.7%	;Disminuir por66.7%	;7	;Aumentar por133.3%	;Aumentar por16.7%	;
571	;06/24 18:00 - 19:00	;267	;Aumentar por181.1%	;Aumentar por30.9%	;120	;Aumentar por300.0%	;Aumentar por22.4%	;0	; --%	; --%	;0	;Disminuir por100.0%	; --%	;1	; --%	; --%	;4	;Aumentar por300.0%	;Sin cambios	;
572	;06/24 19:00 - 20:00	;449	;Aumentar por969.0%	;Disminuir por5.5%	;130	;Aumentar por381.5%	;Aumentar por12.1%	;0	; --%	; --%	;0	;Disminuir por100.0%	; --%	;7	;Aumentar por600.0%	;Aumentar por600.0%	;8	;Aumentar por700.0%	;Aumentar por300.0%	;
573	;06/24 20:00 - 21:00	;994	;Aumentar por3723.1%	;Disminuir por4.0%	;488	;Aumentar por24300.0%	;Disminuir por6.9%	;0	; --%	; --%	;0	;Disminuir por100.0%	; --%	;10	; --%	;Aumentar por42.9%	;12	;Aumentar por500.0%	;Aumentar por50.0%	;
574	;06/24 21:00 - 22:00	;1631	;Aumentar por14727.3%	;Disminuir por13.4%	;1207	;Aumentar por120600.0%	;Disminuir por22.8%	;0	; --%	; --%	;0	;Disminuir por100.0%	; --%	;25	; --%	;Disminuir por50.0%	;20	; --%	;Disminuir por68.3%	;
575	;06/24 22:00 - 23:00	;1349	;Aumentar por134800.0%	;Aumentar por37.2%	;1019	; --%	;Aumentar por60.5%	;0	; --%	; --%	;0	; --%	; --%	;70	; --%	;Aumentar por268.4%	;64	;Aumentar por6300.0%	;Aumentar por300.0%	;
576	;06/24 23:00 - 24:00	;636	;Aumentar por15800.0%	;Aumentar por55.5%	;386	; --%	;Aumentar por61.5%	;0	; --%	; --%	;0	; --%	; --%	;9	; --%	;Aumentar por125.0%	;7	; --%	;Aumentar por40.0%	;
577	;06/25 00:00 - 01:00	;147	; --%	;Disminuir por16.9%	;90	; --%	;Aumentar por15.4%	;0	; --%	; --%	;0	; --%	;Disminuir por100.0%	;0	; --%	;Disminuir por100.0%	;6	; --%	;Aumentar por100.0%	;
578	;06/25 01:00 - 02:00	;17	; --%	;Aumentar por54.5%	;25	; --%	;Aumentar por212.5%	;0	; --%	; --%	;0	; --%	; --%	;0	; --%	; --%	;0	; --%	;Disminuir por100.0%	;
579	;06/25 02:00 - 03:00	;4	; --%	;Aumentar por33.3%	;8	; --%	;Aumentar por14.3%	;0	; --%	; --%	;1	; --%	; --%	;0	; --%	; --%	;2	; --%	;Aumentar por100.0%	;
580	;06/25 03:00 - 04:00	;3	; --%	;Disminuir por84.2%	;1	; --%	;Disminuir por92.3%	;0	; --%	;Disminuir por100.0%	;0	; --%	;Disminuir por100.0%	;0	; --%	;Disminuir por100.0%	;1	; --%	;Disminuir por83.3%	;
581	;06/25 04:00 - 05:00	;5	; --%	; --%	;5	; --%	;Aumentar por150.0%	;0	; --%	; --%	;1	; --%	; --%	;0	; --%	; --%	;1	; --%	; --%	;
582	;06/25 05:00 - 06:00	;0	; --%	;Disminuir por100.0%	;0	; --%	; --%	;0	; --%	; --%	;0	; --%	; --%	;0	; --%	; --%	;0	; --%	; --%	;
583	;06/25 06:00 - 07:00	;6	; --%	; --%	;3	; --%	;Aumentar por200.0%	;0	; --%	; --%	;0	; --%	; --%	;0	; --%	;Disminuir por100.0%	;1	; --%	;Sin cambios	;
584	;06/25 07:00 - 08:00	;13	; --%	;Aumentar por30.0%	;3	; --%	;Disminuir por62.5%	;0	; --%	; --%	;4	; --%	;Aumentar por33.3%	;0	; --%	; --%	;0	; --%	; --%	;
585	;06/25 08:00 - 09:00	;10	; --%	;Disminuir por73.7%	;8	; --%	;Disminuir por46.7%	;1	; --%	; --%	;5	; --%	;Sin cambios	;2	; --%	;Aumentar por100.0%	;4	; --%	;Aumentar por100.0%	;
586	;06/25 09:00 - 10:00	;86	; --%	;Aumentar por24.6%	;40	; --%	;Disminuir por38.5%	;1	; --%	;Disminuir por50.0%	;7	; --%	;Aumentar por75.0%	;18	; --%	;Aumentar por50.0%	;26	; --%	;Aumentar por188.9%	;
587	;06/25 10:00 - 11:00	;128	; --%	;Disminuir por11.1%	;72	; --%	;Disminuir por5.3%	;0	; --%	;Disminuir por100.0%	;8	; --%	;Aumentar por60.0%	;21	; --%	;Aumentar por162.5%	;25	; --%	;Aumentar por316.7%	;
588	;06/25 11:00 - 12:00	;132	; --%	;Aumentar por3.9%	;67	; --%	;Aumentar por4.7%	;0	; --%	; --%	;4	; --%	;Disminuir por33.3%	;2	; --%	; --%	;5	; --%	;Aumentar por25.0%	;
589	;06/25 12:00 - 13:00	;115	; --%	;Disminuir por5.0%	;44	; --%	;Disminuir por21.4%	;0	; --%	; --%	;4	; --%	;Disminuir por20.0%	;1	; --%	;Sin cambios	;6	; --%	;Sin cambios	;
590	;06/25 13:00 - 14:00	;62	;Aumentar por264.7%	;Disminuir por51.2%	;59	;Aumentar por5800.0%	;Aumentar por59.5%	;0	; --%	; --%	;3	;Aumentar por200.0%	;Disminuir por25.0%	;1	; --%	;Sin cambios	;6	; --%	;Aumentar por100.0%	;
591	;06/25 14:00 - 15:00	;47	;Disminuir por7.8%	;Disminuir por20.3%	;19	;Aumentar por46.2%	;Disminuir por24.0%	;0	; --%	; --%	;4	;Sin cambios	;Disminuir por33.3%	;0	;Disminuir por100.0%	; --%	;5	;Aumentar por25.0%	;Sin cambios	;
592	;06/25 15:00 - 16:00	;47	;Sin cambios	;Aumentar por20.5%	;23	;Aumentar por187.5%	;Disminuir por45.2%	;0	; --%	;Disminuir por100.0%	;2	;Disminuir por60.0%	;Disminuir por33.3%	;1	;Sin cambios	;Sin cambios	;5	;Aumentar por150.0%	;Aumentar por66.7%	;
593	;06/25 16:00 - 17:00	;81	;Aumentar por200.0%	;Aumentar por52.8%	;14	;Aumentar por40.0%	;Disminuir por44.0%	;0	; --%	;Disminuir por100.0%	;2	;Aumentar por100.0%	;Disminuir por33.3%	;1	;Disminuir por50.0%	;Sin cambios	;2	;Sin cambios	;Disminuir por71.4%	;
594	;06/25 17:00 - 18:00	;162	;Aumentar por116.0%	;Aumentar por141.8%	;47	;Aumentar por213.3%	;Disminuir por23.0%	;0	; --%	; --%	;3	;Disminuir por25.0%	;Aumentar por200.0%	;3	;Aumentar por200.0%	;Aumentar por50.0%	;6	;Aumentar por20.0%	;Aumentar por100.0%	;
595	;06/25 18:00 - 19:00	;224	;Aumentar por244.6%	;Disminuir por12.2%	;75	;Aumentar por226.1%	;Disminuir por24.2%	;0	; --%	; --%	;0	;Disminuir por100.0%	;Disminuir por100.0%	;1	;Disminuir por50.0%	;Sin cambios	;2	;Disminuir por33.3%	;Disminuir por50.0%	;
596	;06/25 19:00 - 20:00	;532	;Aumentar por1264.1%	;Disminuir por35.3%	;187	;Aumentar por884.2%	;Disminuir por60.9%	;0	; --%	; --%	;0	;Disminuir por100.0%	;Disminuir por100.0%	;3	;Aumentar por200.0%	;Disminuir por70.0%	;7	;Aumentar por133.3%	;Disminuir por79.4%	;
597	;06/25 20:00 - 21:00	;944	;Aumentar por5452.9%	;Aumentar por60.5%	;443	;Aumentar por5437.5%	;Aumentar por67.8%	;0	; --%	; --%	;0	;Disminuir por100.0%	; --%	;9	; --%	;Sin cambios	;8	; --%	;Aumentar por60.0%	;
598	;06/25 21:00 - 22:00	;1280	;Aumentar por9746.2%	; --%	;921	; --%	; --%	;0	; --%	; --%	;0	;Disminuir por100.0%	; --%	;48	; --%	; --%	;68	; --%	; --%	;
599	;06/25 22:00 - 23:00	;1954	;Aumentar por48750.0%	; --%	;1620	; --%	; --%	;0	; --%	; --%	;0	; --%	; --%	;94	; --%	; --%	;103	;Aumentar por5050.0%	; --%	;
600	;06/25 23:00 - 24:00	;1376	;Aumentar por68700.0%	; --%	;1142	;Aumentar por114100.0%	; --%	;0	; --%	; --%	;0	; --%	; --%	;170	;Aumentar por16900.0%	; --%	;179	;Aumentar por8850.0%	; --%	;
601	;06/26 00:00 - 01:00	;417	;Aumentar por41600.0%	; --%	;349	; --%	; --%	;0	; --%	; --%	;0	; --%	; --%	;0	; --%	; --%	;7	;Aumentar por600.0%	; --%	;
602	;06/26 01:00 - 02:00	;25	; --%	; --%	;20	; --%	; --%	;0	; --%	; --%	;0	; --%	; --%	;2	; --%	; --%	;4	; --%	; --%	;
603	;06/26 02:00 - 03:00	;2	; --%	; --%	;10	; --%	; --%	;0	; --%	; --%	;0	; --%	; --%	;0	; --%	; --%	;1	; --%	; --%	;
604	;06/26 03:00 - 04:00	;1	; --%	; --%	;0	; --%	; --%	;0	; --%	; --%	;0	; --%	; --%	;0	; --%	; --%	;0	; --%	; --%	;
605	;06/26 04:00 - 05:00	;1	; --%	; --%	;1	; --%	; --%	;2	; --%	; --%	;2	; --%	; --%	;0	; --%	; --%	;1	; --%	; --%	;
606	;06/26 05:00 - 06:00	;0	; --%	; --%	;0	; --%	; --%	;0	; --%	; --%	;0	; --%	; --%	;0	; --%	; --%	;0	; --%	; --%	;
607	;06/26 06:00 - 07:00	;4	; --%	; --%	;2	; --%	; --%	;0	; --%	; --%	;0	;Disminuir por100.0%	; --%	;0	; --%	; --%	;1	;Sin cambios	; --%	;
608	;06/26 07:00 - 08:00	;15	;Aumentar por1400.0%	; --%	;14	;Aumentar por250.0%	; --%	;0	;Disminuir por100.0%	; --%	;4	;Sin cambios	; --%	;3	; --%	; --%	;3	;Aumentar por200.0%	; --%	;
609	;06/26 08:00 - 09:00	;13	;Aumentar por333.3%	; --%	;20	;Aumentar por233.3%	; --%	;0	; --%	; --%	;4	;Aumentar por100.0%	; --%	;0	; --%	; --%	;0	;Disminuir por100.0%	; --%	;
610	;06/26 09:00 - 10:00	;74	;Aumentar por311.1%	; --%	;36	;Aumentar por100.0%	; --%	;0	;Disminuir por100.0%	; --%	;4	;Disminuir por50.0%	; --%	;0	; --%	; --%	;4	;Aumentar por33.3%	; --%	;
611	;06/26 10:00 - 11:00	;104	;Aumentar por108.0%	; --%	;44	;Aumentar por100.0%	; --%	;0	;Disminuir por100.0%	; --%	;1	;Disminuir por50.0%	; --%	;2	; --%	; --%	;4	;Aumentar por33.3%	; --%	;
612	;06/26 11:00 - 12:00	;154	;Aumentar por48.1%	; --%	;65	;Aumentar por150.0%	; --%	;0	; --%	; --%	;7	; --%	; --%	;4	; --%	; --%	;5	;Aumentar por66.7%	; --%	;
613	;06/26 12:00 - 13:00	;91	;Aumentar por16.7%	; --%	;63	;Aumentar por152.0%	; --%	;0	;Disminuir por100.0%	; --%	;3	;Disminuir por40.0%	; --%	;0	; --%	; --%	;6	;Aumentar por200.0%	; --%	;
614	;06/26 13:00 - 14:00	;70	;Aumentar por40.0%	; --%	;29	;Aumentar por190.0%	; --%	;0	; --%	; --%	;4	;Aumentar por33.3%	; --%	;1	;Disminuir por75.0%	; --%	;7	;Aumentar por16.7%	; --%	;
615	;06/26 14:00 - 15:00	;44	;Aumentar por51.7%	; --%	;37	;Aumentar por311.1%	; --%	;0	; --%	; --%	;1	;Disminuir por75.0%	; --%	;0	;Disminuir por100.0%	; --%	;5	;Aumentar por150.0%	; --%	;
616	;06/26 15:00 - 16:00	;63	;Aumentar por133.3%	; --%	;33	;Aumentar por312.5%	; --%	;0	; --%	; --%	;4	;Aumentar por100.0%	; --%	;1	; --%	; --%	;3	;Aumentar por200.0%	; --%	;
617	;06/26 16:00 - 17:00	;66	;Aumentar por32.0%	; --%	;30	;Aumentar por172.7%	; --%	;0	; --%	; --%	;4	;Aumentar por100.0%	; --%	;2	;Sin cambios	; --%	;8	;Aumentar por60.0%	; --%	;
618	;06/26 17:00 - 18:00	;89	;Aumentar por134.2%	; --%	;52	;Aumentar por225.0%	; --%	;0	;Disminuir por100.0%	; --%	;4	;Disminuir por33.3%	; --%	;0	;Disminuir por100.0%	; --%	;1	;Disminuir por50.0%	; --%	;
619	;06/26 18:00 - 19:00	;212	;Aumentar por211.8%	; --%	;80	;Aumentar por400.0%	; --%	;0	;Disminuir por100.0%	; --%	;0	;Disminuir por100.0%	; --%	;1	; --%	; --%	;2	;Disminuir por66.7%	; --%	;
620	;06/26 19:00 - 20:00	;511	;Aumentar por864.2%	; --%	;146	;Aumentar por403.4%	; --%	;0	; --%	; --%	;0	;Disminuir por100.0%	; --%	;1	; --%	; --%	;2	;Sin cambios	; --%	;
621	;06/26 20:00 - 21:00	;993	;Aumentar por3446.4%	; --%	;477	;Aumentar por3569.2%	; --%	;0	; --%	; --%	;0	; --%	; --%	;12	;Aumentar por500.0%	; --%	;14	;Aumentar por600.0%	; --%	;
622	;06/26 21:00 - 22:00	;1586	;Aumentar por12100.0%	; --%	;1080	;Aumentar por10700.0%	; --%	;0	;Disminuir por100.0%	; --%	;0	;Disminuir por100.0%	; --%	;36	;Aumentar por3500.0%	; --%	;35	; --%	; --%	;
623	;06/26 22:00 - 23:00	;1699	;Aumentar por9894.1%	; --%	;1266	;Aumentar por31550.0%	; --%	;0	; --%	; --%	;0	; --%	; --%	;42	; --%	; --%	;63	;Aumentar por6200.0%	; --%	;
624	;06/26 23:00 - 24:00	;1536	; --%	; --%	;1240	;Aumentar por123900.0%	; --%	;0	; --%	; --%	;0	;Disminuir por100.0%	; --%	;67	; --%	; --%	;94	; --%	; --%	;
625	;06/27 00:00 - 01:00	;367	; --%	; --%	;212	; --%	; --%	;0	; --%	; --%	;0	; --%	; --%	;2	; --%	; --%	;4	; --%	; --%	;
626	;06/27 01:00 - 02:00	;35	; --%	; --%	;51	; --%	; --%	;0	; --%	; --%	;0	; --%	; --%	;3	; --%	; --%	;4	; --%	; --%	;
627	;06/27 02:00 - 03:00	;9	; --%	; --%	;15	; --%	; --%	;0	; --%	; --%	;0	; --%	; --%	;0	; --%	; --%	;0	; --%	; --%	;
628	;06/27 03:00 - 04:00	;11	; --%	; --%	;11	; --%	; --%	;0	; --%	; --%	;0	; --%	; --%	;0	; --%	; --%	;1	; --%	; --%	;
629	;06/27 04:00 - 05:00	;7	; --%	; --%	;12	;Aumentar por1100.0%	; --%	;172	; --%	; --%	;173	; --%	; --%	;0	; --%	; --%	;2	; --%	; --%	;
630	;06/27 05:00 - 06:00	;5	; --%	; --%	;0	; --%	; --%	;0	; --%	; --%	;0	; --%	; --%	;0	; --%	; --%	;0	; --%	; --%	;
631	;06/27 06:00 - 07:00	;10	;Aumentar por42.9%	; --%	;5	;Disminuir por16.7%	; --%	;0	;Disminuir por100.0%	; --%	;1	;Disminuir por80.0%	; --%	;0	; --%	; --%	;0	;Disminuir por100.0%	; --%	;
632	;06/27 07:00 - 08:00	;12	;Aumentar por300.0%	; --%	;4	;Sin cambios	; --%	;0	; --%	; --%	;1	;Disminuir por50.0%	; --%	;0	; --%	; --%	;1	; --%	; --%	;
633	;06/27 08:00 - 09:00	;14	;Aumentar por366.7%	; --%	;15	;Aumentar por275.0%	; --%	;0	; --%	; --%	;4	;Disminuir por33.3%	; --%	;1	; --%	; --%	;2	;Disminuir por33.3%	; --%	;
634	;06/27 09:00 - 10:00	;37	;Aumentar por85.0%	; --%	;19	;Aumentar por111.1%	; --%	;0	;Disminuir por100.0%	; --%	;4	;Sin cambios	; --%	;2	; --%	; --%	;4	;Aumentar por33.3%	; --%	;
635	;06/27 10:00 - 11:00	;93	;Aumentar por29.2%	;Aumentar por75.5%	;49	;Aumentar por58.1%	;Aumentar por276.9%	;0	; --%	; --%	;0	;Disminuir por100.0%	;Disminuir por100.0%	;0	;Disminuir por100.0%	; --%	;5	;Sin cambios	;Aumentar por66.7%	;
636	;06/27 11:00 - 12:00	;149	;Aumentar por73.3%	;Aumentar por39.3%	;76	;Aumentar por90.0%	;Aumentar por72.7%	;0	; --%	; --%	;3	;Aumentar por50.0%	;Disminuir por57.1%	;2	;Disminuir por50.0%	;Sin cambios	;3	;Disminuir por50.0%	;Sin cambios	;
637	;06/27 12:00 - 13:00	;145	;Aumentar por6.6%	;Aumentar por34.3%	;63	;Aumentar por173.9%	;Aumentar por80.0%	;0	; --%	;Disminuir por100.0%	;3	;Disminuir por57.1%	;Sin cambios	;0	;Disminuir por100.0%	;Disminuir por100.0%	;4	;Aumentar por33.3%	;Disminuir por20.0%	;
638	;06/27 13:00 - 14:00	;105	;Aumentar por128.3%	;Aumentar por52.2%	;57	;Aumentar por171.4%	;Aumentar por128.0%	;0	; --%	; --%	;1	;Disminuir por80.0%	;Disminuir por66.7%	;3	;Disminuir por25.0%	;Aumentar por200.0%	;1	;Disminuir por50.0%	;Disminuir por85.7%	;
639	;06/27 14:00 - 15:00	;108	;Aumentar por140.0%	;Aumentar por129.8%	;50	;Aumentar por38.9%	;Aumentar por257.1%	;0	; --%	; --%	;1	;Disminuir por66.7%	;Disminuir por75.0%	;1	; --%	; --%	;0	;Disminuir por100.0%	;Disminuir por100.0%	;
640	;06/27 15:00 - 16:00	;58	;Aumentar por31.8%	;Aumentar por100.0%	;34	;Aumentar por209.1%	;Aumentar por209.1%	;0	; --%	; --%	;1	;Disminuir por75.0%	;Disminuir por80.0%	;1	;Sin cambios	;Sin cambios	;2	;Aumentar por100.0%	;Disminuir por66.7%	;
641	;06/27 16:00 - 17:00	;79	;Aumentar por64.6%	;Aumentar por125.7%	;59	;Aumentar por268.8%	;Disminuir por27.2%	;0	; --%	; --%	;0	;Disminuir por100.0%	;Disminuir por100.0%	;2	;Aumentar por100.0%	; --%	;5	;Aumentar por66.7%	;Sin cambios	;
642	;06/27 17:00 - 18:00	;133	;Aumentar por62.2%	;Aumentar por49.4%	;68	;Aumentar por161.5%	;Aumentar por61.9%	;0	; --%	; --%	;0	;Disminuir por100.0%	;Disminuir por100.0%	;1	;Sin cambios	;Disminuir por66.7%	;1	;Disminuir por66.7%	;Disminuir por80.0%	;
643	;06/27 18:00 - 19:00	;296	;Aumentar por124.2%	;Aumentar por12.1%	;142	;Aumentar por610.0%	;Aumentar por12.7%	;0	; --%	; --%	;0	;Disminuir por100.0%	;Disminuir por100.0%	;2	;Aumentar por100.0%	;Aumentar por100.0%	;7	;Aumentar por133.3%	;Aumentar por250.0%	;
644	;06/27 19:00 - 20:00	;723	;Aumentar por502.5%	;Aumentar por32.4%	;286	;Aumentar por565.1%	;Aumentar por33.0%	;0	; --%	; --%	;0	;Disminuir por100.0%	; --%	;3	;Disminuir por78.6%	;Disminuir por25.0%	;4	;Aumentar por33.3%	;Aumentar por33.3%	;
645	;06/27 20:00 - 21:00	;1625	;Aumentar por1767.8%	;Aumentar por71.8%	;851	;Aumentar por1505.7%	;Aumentar por74.4%	;0	; --%	; --%	;0	;Disminuir por100.0%	; --%	;27	;Aumentar por440.0%	;Aumentar por800.0%	;48	;Aumentar por1500.0%	;Aumentar por380.0%	;
646	;06/27 21:00 - 22:00	;1806	;Aumentar por4652.6%	;Aumentar por28.8%	;1145	;Aumentar por6261.1%	;Aumentar por21.2%	;0	; --%	; --%	;0	; --%	; --%	;23	; --%	;Aumentar por228.6%	;70	; --%	;Aumentar por677.8%	;
647	;06/27 22:00 - 23:00	;1803	;Aumentar por3736.2%	;Aumentar por70.3%	;1289	;Aumentar por9107.1%	;Aumentar por74.9%	;0	; --%	; --%	;0	;Disminuir por100.0%	; --%	;18	; --%	;Aumentar por200.0%	;16	;Aumentar por1500.0%	;Aumentar por1500.0%	;
648	;06/27 23:00 - 24:00	;1334	;Aumentar por6252.4%	;Aumentar por81.5%	;1019	;Aumentar por9163.6%	;Aumentar por91.2%	;0	; --%	; --%	;0	; --%	; --%	;18	; --%	;Aumentar por12.5%	;47	; --%	;Aumentar por683.3%	;
649	;06/28 00:00 - 01:00	;438	;Aumentar por8660.0%	;Aumentar por65.3%	;268	;Aumentar por6600.0%	;Aumentar por66.5%	;0	; --%	; --%	;0	; --%	; --%	;4	; --%	;Aumentar por33.3%	;3	;Aumentar por200.0%	;Disminuir por40.0%	;
650	;06/28 01:00 - 02:00	;67	;Aumentar por6600.0%	;Aumentar por123.3%	;42	;Aumentar por1300.0%	;Aumentar por61.5%	;0	; --%	; --%	;0	; --%	;Disminuir por100.0%	;0	; --%	; --%	;3	; --%	;Aumentar por200.0%	;
651	;06/28 02:00 - 03:00	;13	;Aumentar por550.0%	;Disminuir por13.3%	;14	;Aumentar por180.0%	;Disminuir por50.0%	;0	; --%	; --%	;0	; --%	;Disminuir por100.0%	;0	; --%	; --%	;0	; --%	; --%	;
652	;06/28 03:00 - 04:00	;5	;Disminuir por50.0%	;Disminuir por37.5%	;8	;Disminuir por27.3%	;Aumentar por33.3%	;0	; --%	; --%	;0	;Disminuir por100.0%	; --%	;0	; --%	; --%	;1	;Sin cambios	;Sin cambios	;
653	;06/28 04:00 - 05:00	;5	; --%	;Disminuir por28.6%	;15	; --%	;Aumentar por114.3%	;28	; --%	; --%	;29	; --%	;Aumentar por2800.0%	;0	; --%	; --%	;0	; --%	; --%	;
654	;06/28 05:00 - 06:00	;0	; --%	;Disminuir por100.0%	;0	; --%	;Disminuir por100.0%	;0	; --%	;Disminuir por100.0%	;0	; --%	;Disminuir por100.0%	;0	; --%	; --%	;1	; --%	;Sin cambios	;
655	;06/28 06:00 - 07:00	;4	;Aumentar por300.0%	;Disminuir por33.3%	;12	; --%	;Aumentar por300.0%	;0	; --%	; --%	;1	; --%	; --%	;0	; --%	;Disminuir por100.0%	;0	; --%	; --%	;
656	;06/28 07:00 - 08:00	;26	;Aumentar por550.0%	;Aumentar por73.3%	;7	;Aumentar por250.0%	;Disminuir por12.5%	;3	; --%	; --%	;4	; --%	;Aumentar por33.3%	;0	; --%	;Disminuir por100.0%	;1	; --%	;Sin cambios	;
657	;06/28 08:00 - 09:00	;29	;Aumentar por480.0%	;Aumentar por3.6%	;20	;Aumentar por66.7%	;Aumentar por25.0%	;0	; --%	; --%	;3	;Disminuir por40.0%	;Disminuir por57.1%	;1	; --%	; --%	;3	; --%	;Aumentar por50.0%	;
658	;06/28 09:00 - 10:00	;50	;Aumentar por138.1%	;Aumentar por61.3%	;39	;Aumentar por143.8%	;Aumentar por50.0%	;0	; --%	; --%	;3	;Disminuir por40.0%	;Aumentar por200.0%	;1	; --%	; --%	;4	;Sin cambios	;Sin cambios	;
659	;06/28 10:00 - 11:00	;119	;Aumentar por2.6%	;Disminuir por15.6%	;42	;Aumentar por50.0%	;Disminuir por44.0%	;0	; --%	; --%	;4	;Sin cambios	;Aumentar por100.0%	;0	;Disminuir por100.0%	;Disminuir por100.0%	;10	;Aumentar por233.3%	;Aumentar por25.0%	;
660	;06/28 11:00 - 12:00	;189	;Sin cambios	;Aumentar por33.1%	;86	;Aumentar por13.2%	;Disminuir por18.1%	;0	; --%	; --%	;5	;Disminuir por28.6%	;Aumentar por150.0%	;2	;Sin cambios	;Aumentar por100.0%	;4	;Sin cambios	;Disminuir por20.0%	;
661	;06/28 12:00 - 13:00	;184	;Disminuir por8.9%	;Aumentar por100.0%	;62	;Aumentar por37.8%	;Disminuir por3.1%	;0	; --%	; --%	;3	;Disminuir por40.0%	;Disminuir por50.0%	;1	;Disminuir por50.0%	;Sin cambios	;2	;Disminuir por50.0%	;Disminuir por33.3%	;
662	;06/28 13:00 - 14:00	;70	;Disminuir por56.8%	;Disminuir por23.1%	;40	;Disminuir por42.0%	;Disminuir por9.1%	;0	; --%	; --%	;1	;Sin cambios	;Disminuir por50.0%	;0	;Disminuir por100.0%	;Disminuir por100.0%	;5	;Aumentar por66.7%	;Aumentar por66.7%	;
663	;06/28 14:00 - 15:00	;72	;Disminuir por20.9%	;Disminuir por17.2%	;23	;Disminuir por30.3%	;Disminuir por42.5%	;0	; --%	; --%	;2	;Aumentar por100.0%	; --%	;1	; --%	;Sin cambios	;1	;Disminuir por66.7%	;Disminuir por75.0%	;
664	;06/28 15:00 - 16:00	;72	;Disminuir por13.3%	;Aumentar por44.0%	;52	;Aumentar por15.6%	;Aumentar por333.3%	;0	; --%	; --%	;0	;Disminuir por100.0%	;Disminuir por100.0%	;1	;Disminuir por50.0%	;Disminuir por50.0%	;5	;Aumentar por66.7%	;Aumentar por66.7%	;
665	;06/28 16:00 - 17:00	;77	;Disminuir por33.6%	;Aumentar por48.1%	;31	;Aumentar por6.9%	;Aumentar por19.2%	;0	; --%	; --%	;2	; --%	;Aumentar por100.0%	;0	;Disminuir por100.0%	; --%	;2	;Disminuir por60.0%	;Disminuir por60.0%	;
666	;06/28 17:00 - 18:00	;72	;Disminuir por63.6%	;Disminuir por1.4%	;64	;Aumentar por14.3%	;Disminuir por31.2%	;0	; --%	; --%	;1	;Disminuir por50.0%	; --%	;1	; --%	;Disminuir por50.0%	;3	;Disminuir por25.0%	;Disminuir por57.1%	;
667	;06/28 18:00 - 19:00	;169	;Disminuir por56.3%	;Disminuir por22.8%	;56	;Disminuir por31.7%	;Disminuir por41.1%	;0	; --%	; --%	;0	; --%	; --%	;1	;Disminuir por75.0%	;Disminuir por75.0%	;3	;Disminuir por40.0%	;Sin cambios	;
668	;06/28 19:00 - 20:00	;596	;Aumentar por70.8%	;Aumentar por2.1%	;161	;Aumentar por126.8%	;Disminuir por18.3%	;0	; --%	; --%	;0	;Disminuir por100.0%	; --%	;6	;Aumentar por500.0%	;Disminuir por25.0%	;7	;Aumentar por133.3%	;Aumentar por75.0%	;
669	;06/28 20:00 - 21:00	;939	;Aumentar por257.0%	;Disminuir por33.7%	;532	;Aumentar por660.0%	;Disminuir por22.3%	;0	; --%	; --%	;0	; --%	; --%	;6	; --%	;Disminuir por45.5%	;10	; --%	;Disminuir por33.3%	;
670	;06/28 21:00 - 22:00	;1029	;Aumentar por1082.8%	;Disminuir por38.2%	;578	;Aumentar por1276.2%	;Disminuir por51.3%	;0	; --%	; --%	;0	;Disminuir por100.0%	; --%	;34	; --%	;Aumentar por325.0%	;69	; --%	;Aumentar por1280.0%	;
671	;06/28 22:00 - 23:00	;839	;Aumentar por2521.9%	;Disminuir por43.4%	;555	;Aumentar por1485.7%	;Disminuir por44.1%	;0	; --%	; --%	;0	; --%	; --%	;12	; --%	;Disminuir por42.9%	;31	; --%	;Aumentar por121.4%	;
672	;06/28 23:00 - 24:00	;357	;Aumentar por1452.2%	;Disminuir por62.2%	;224	;Aumentar por622.6%	;Disminuir por66.8%	;0	; --%	; --%	;0	;Disminuir por100.0%	; --%	;0	; --%	;Disminuir por100.0%	;4	;Aumentar por300.0%	;Aumentar por33.3%	;
673	;06/29 00:00 - 01:00	;76	;Aumentar por1800.0%	;Disminuir por79.1%	;53	;Aumentar por341.7%	;Disminuir por75.7%	;0	; --%	; --%	;0	;Disminuir por100.0%	; --%	;0	; --%	;Disminuir por100.0%	;2	;Aumentar por100.0%	;Disminuir por50.0%	;
674	;06/29 01:00 - 02:00	;3	;Sin cambios	;Disminuir por94.4%	;16	; --%	;Disminuir por56.8%	;0	; --%	; --%	;0	; --%	;Disminuir por100.0%	;1	; --%	; --%	;3	; --%	; --%	;
675	;06/29 02:00 - 03:00	;4	; --%	;Disminuir por69.2%	;10	; --%	;Disminuir por67.7%	;0	; --%	; --%	;1	; --%	;Sin cambios	;0	; --%	; --%	;1	; --%	;Sin cambios	;
676	;06/29 03:00 - 04:00	;5	;Disminuir por28.6%	;Aumentar por150.0%	;2	;Disminuir por60.0%	;Disminuir por60.0%	;0	;Disminuir por100.0%	; --%	;2	;Disminuir por33.3%	; --%	;0	; --%	; --%	;0	; --%	;Disminuir por100.0%	;
677	;06/29 04:00 - 05:00	;0	; --%	;Disminuir por100.0%	;0	; --%	;Disminuir por100.0%	;0	;Disminuir por100.0%	; --%	;0	; --%	;Disminuir por100.0%	;0	; --%	; --%	;0	; --%	;Disminuir por100.0%	;
678	;06/29 05:00 - 06:00	;1	; --%	;Disminuir por93.8%	;0	; --%	;Disminuir por100.0%	;0	; --%	;Disminuir por100.0%	;0	; --%	;Disminuir por100.0%	;0	; --%	; --%	;1	; --%	;Disminuir por50.0%	;
679	;06/29 06:00 - 07:00	;3	;Sin cambios	;Aumentar por50.0%	;1	; --%	; --%	;0	; --%	; --%	;1	; --%	; --%	;0	;Disminuir por100.0%	; --%	;1	; --%	; --%	;
680	;06/29 07:00 - 08:00	;5	; --%	;Disminuir por68.8%	;3	; --%	;Aumentar por50.0%	;0	; --%	; --%	;3	; --%	; --%	;0	; --%	;Disminuir por100.0%	;0	;Disminuir por100.0%	; --%	;
681	;06/29 08:00 - 09:00	;13	; --%	;Disminuir por43.5%	;20	; --%	;Aumentar por185.7%	;0	; --%	; --%	;3	;Sin cambios	;Sin cambios	;0	; --%	;Disminuir por100.0%	;0	; --%	;Disminuir por100.0%	;
682	;06/29 09:00 - 10:00	;30	;Aumentar por76.5%	;Disminuir por43.4%	;32	;Aumentar por166.7%	;Aumentar por3.2%	;0	; --%	; --%	;4	;Aumentar por33.3%	;Aumentar por100.0%	;1	; --%	; --%	;4	; --%	;Disminuir por33.3%	;
683	;06/29 10:00 - 11:00	;109	;Aumentar por65.2%	;Aumentar por0.9%	;63	;Aumentar por34.0%	;Aumentar por28.6%	;0	; --%	; --%	;6	;Aumentar por100.0%	;Aumentar por100.0%	;4	;Aumentar por300.0%	;Aumentar por300.0%	;7	;Aumentar por250.0%	;Disminuir por12.5%	;
684	;06/29 11:00 - 12:00	;91	;Disminuir por62.1%	;Disminuir por50.3%	;51	;Disminuir por60.5%	;Disminuir por59.8%	;1	; --%	; --%	;2	;Disminuir por50.0%	; --%	;0	; --%	;Disminuir por100.0%	;4	; --%	;Sin cambios	;
685	;06/29 12:00 - 13:00	;112	;Disminuir por61.0%	;Disminuir por36.7%	;51	;Disminuir por63.0%	;Aumentar por8.5%	;0	;Disminuir por100.0%	; --%	;4	; --%	; --%	;3	; --%	; --%	;6	;Sin cambios	;Aumentar por500.0%	;
686	;06/29 13:00 - 14:00	;76	;Disminuir por58.7%	;Disminuir por26.2%	;50	;Disminuir por47.4%	;Disminuir por52.4%	;0	; --%	; --%	;4	;Aumentar por100.0%	;Aumentar por100.0%	;3	;Aumentar por50.0%	;Aumentar por50.0%	;7	;Aumentar por133.3%	;Aumentar por250.0%	;
687	;06/29 14:00 - 15:00	;30	;Disminuir por49.2%	;Disminuir por54.5%	;19	;Disminuir por53.7%	;Disminuir por40.6%	;0	; --%	; --%	;3	;Sin cambios	; --%	;0	; --%	; --%	;5	;Aumentar por400.0%	;Aumentar por150.0%	;
688	;06/29 15:00 - 16:00	;34	;Disminuir por66.3%	;Disminuir por27.7%	;32	;Disminuir por31.9%	;Aumentar por28.0%	;0	; --%	; --%	;3	; --%	; --%	;0	;Disminuir por100.0%	;Disminuir por100.0%	;3	;Sin cambios	;Aumentar por50.0%	;
689	;06/29 16:00 - 17:00	;59	;Disminuir por50.8%	;Disminuir por45.4%	;30	;Disminuir por47.4%	;Disminuir por25.0%	;0	; --%	; --%	;6	;Aumentar por500.0%	;Aumentar por500.0%	;1	;Sin cambios	; --%	;5	;Aumentar por150.0%	;Aumentar por25.0%	;
690	;06/29 17:00 - 18:00	;71	;Disminuir por51.7%	;Disminuir por13.4%	;33	;Disminuir por62.5%	;Disminuir por13.2%	;0	; --%	; --%	;2	;Aumentar por100.0%	;Aumentar por100.0%	;2	; --%	;Aumentar por100.0%	;2	;Disminuir por50.0%	;Disminuir por50.0%	;
691	;06/29 18:00 - 19:00	;157	;Disminuir por43.5%	;Disminuir por9.2%	;35	;Disminuir por68.8%	;Disminuir por41.7%	;0	; --%	; --%	;0	;Disminuir por100.0%	;Disminuir por100.0%	;2	;Aumentar por100.0%	;Sin cambios	;2	;Aumentar por100.0%	; --%	;
692	;06/29 19:00 - 20:00	;386	;Aumentar por26.1%	;Aumentar por24.5%	;94	;Aumentar por44.6%	;Disminuir por36.9%	;0	; --%	; --%	;1	;Sin cambios	; --%	;3	; --%	; --%	;2	;Aumentar por100.0%	;Disminuir por33.3%	;
693	;06/29 20:00 - 21:00	;566	;Aumentar por191.8%	;Disminuir por36.0%	;248	;Aumentar por249.3%	;Disminuir por43.1%	;0	; --%	; --%	;0	;Disminuir por100.0%	; --%	;6	;Aumentar por500.0%	; --%	;5	;Aumentar por400.0%	;Aumentar por66.7%	;
694	;06/29 21:00 - 22:00	;773	;Aumentar por1256.1%	;Disminuir por20.2%	;434	;Aumentar por985.0%	;Disminuir por34.7%	;0	; --%	; --%	;0	;Disminuir por100.0%	; --%	;17	;Aumentar por1600.0%	;Disminuir por63.0%	;24	;Aumentar por2300.0%	;Disminuir por53.8%	;
695	;06/29 22:00 - 23:00	;1162	;Aumentar por7646.7%	;Disminuir por15.0%	;811	;Aumentar por7272.7%	;Disminuir por24.3%	;0	; --%	; --%	;0	; --%	; --%	;25	; --%	;Disminuir por3.8%	;11	; --%	;Disminuir por63.3%	;
696	;06/29 23:00 - 24:00	;672	;Aumentar por13340.0%	;Disminuir por22.1%	;448	;Aumentar por11100.0%	;Disminuir por32.2%	;0	; --%	; --%	;0	; --%	; --%	;11	; --%	;Aumentar por1000.0%	;9	;Aumentar por800.0%	;Aumentar por50.0%	;
697	;06/30 00:00 - 01:00	;91	;Aumentar por1200.0%	;Disminuir por35.9%	;63	;Aumentar por6200.0%	;Disminuir por19.2%	;0	; --%	; --%	;1	; --%	; --%	;0	; --%	; --%	;4	;Aumentar por100.0%	;Aumentar por300.0%	;
698	;06/30 01:00 - 02:00	;20	; --%	;Aumentar por33.3%	;17	; --%	;Aumentar por466.7%	;0	; --%	; --%	;0	; --%	; --%	;0	; --%	; --%	;4	; --%	; --%	;
699	;06/30 02:00 - 03:00	;23	;Aumentar por1050.0%	;Aumentar por187.5%	;7	;Aumentar por600.0%	;Disminuir por65.0%	;1	;Disminuir por80.0%	; --%	;3	;Disminuir por50.0%	;Aumentar por200.0%	;0	; --%	;Disminuir por100.0%	;0	; --%	;Disminuir por100.0%	;
700	;06/30 03:00 - 04:00	;12	; --%	;Aumentar por200.0%	;10	; --%	;Aumentar por233.3%	;0	; --%	; --%	;2	; --%	; --%	;0	; --%	; --%	;0	; --%	;Disminuir por100.0%	;
701	;06/30 04:00 - 05:00	;0	;Disminuir por100.0%	;Disminuir por100.0%	;3	; --%	;Aumentar por200.0%	;0	;Disminuir por100.0%	; --%	;0	; --%	;Disminuir por100.0%	;0	; --%	; --%	;0	; --%	; --%	;
702	;06/30 05:00 - 06:00	;1	; --%	;Disminuir por85.7%	;0	; --%	;Disminuir por100.0%	;0	; --%	; --%	;0	; --%	;Disminuir por100.0%	;0	; --%	;Disminuir por100.0%	;0	; --%	;Disminuir por100.0%	;
703	;06/30 06:00 - 07:00	;5	;Aumentar por400.0%	;Aumentar por25.0%	;3	; --%	; --%	;0	; --%	; --%	;0	;Disminuir por100.0%	;Disminuir por100.0%	;0	;Disminuir por100.0%	; --%	;1	;Sin cambios	;Sin cambios	;
704	;06/30 07:00 - 08:00	;9	; --%	;Aumentar por28.6%	;4	;Aumentar por100.0%	;Disminuir por42.9%	;0	; --%	; --%	;1	;Disminuir por66.7%	;Disminuir por50.0%	;0	; --%	; --%	;0	; --%	; --%	;
705	;06/30 08:00 - 09:00	;29	;Aumentar por866.7%	;Aumentar por141.7%	;15	;Aumentar por275.0%	;Aumentar por50.0%	;0	; --%	; --%	;5	;Disminuir por16.7%	;Disminuir por28.6%	;0	; --%	;Disminuir por100.0%	;3	; --%	;Sin cambios	;
706	;06/30 09:00 - 10:00	;68	;Aumentar por518.2%	;Aumentar por83.8%	;49	;Aumentar por390.0%	;Aumentar por113.0%	;0	; --%	; --%	;8	;Aumentar por100.0%	; --%	;15	; --%	; --%	;25	;Aumentar por525.0%	;Aumentar por525.0%	;
707	;06/30 10:00 - 11:00	;71	;Aumentar por22.4%	;Disminuir por11.3%	;44	;Aumentar por120.0%	;Aumentar por7.3%	;1	; --%	; --%	;7	;Aumentar por40.0%	;Aumentar por133.3%	;37	; --%	;Aumentar por3600.0%	;44	;Aumentar por2100.0%	;Aumentar por633.3%	;
708	;06/30 11:00 - 12:00	;151	;Aumentar por62.4%	;Aumentar por30.2%	;60	;Aumentar por53.8%	;Aumentar por39.5%	;0	; --%	; --%	;1	;Disminuir por75.0%	;Disminuir por80.0%	;1	;Sin cambios	;Disminuir por50.0%	;8	;Aumentar por166.7%	;Sin cambios	;
709	;06/30 12:00 - 13:00	;43	;Disminuir por77.7%	;Disminuir por53.3%	;44	;Disminuir por21.4%	;Aumentar por51.7%	;0	; --%	; --%	;0	;Disminuir por100.0%	;Disminuir por100.0%	;0	; --%	; --%	;4	;Disminuir por42.9%	;Aumentar por300.0%	;
710	;06/30 13:00 - 14:00	;39	;Disminuir por74.2%	;Disminuir por9.3%	;23	;Disminuir por64.6%	;Disminuir por8.0%	;0	; --%	; --%	;2	;Disminuir por33.3%	;Disminuir por33.3%	;0	;Disminuir por100.0%	;Disminuir por100.0%	;2	;Disminuir por80.0%	; --%	;
711	;06/30 14:00 - 15:00	;36	;Disminuir por70.7%	;Disminuir por35.7%	;31	;Disminuir por42.6%	;Disminuir por41.5%	;0	; --%	; --%	;2	;Disminuir por60.0%	;Disminuir por50.0%	;0	; --%	; --%	;7	;Aumentar por75.0%	;Aumentar por133.3%	;
712	;06/30 15:00 - 16:00	;51	;Aumentar por24.4%	;Aumentar por18.6%	;35	;Aumentar por191.7%	;Aumentar por40.0%	;0	; --%	;Disminuir por100.0%	;3	;Sin cambios	;Disminuir por50.0%	;3	; --%	; --%	;5	;Aumentar por400.0%	;Aumentar por150.0%	;
713	;06/30 16:00 - 17:00	;22	;Disminuir por68.1%	;Disminuir por45.0%	;18	;Disminuir por50.0%	;Aumentar por20.0%	;0	; --%	; --%	;2	;Sin cambios	;Disminuir por66.7%	;0	;Disminuir por100.0%	;Disminuir por100.0%	;3	;Disminuir por50.0%	;Disminuir por25.0%	;
714	;06/30 17:00 - 18:00	;85	;Disminuir por51.4%	;Aumentar por39.3%	;47	;Disminuir por21.7%	;Aumentar por67.9%	;0	; --%	; --%	;1	;Disminuir por66.7%	;Sin cambios	;0	;Disminuir por100.0%	;Disminuir por100.0%	;1	;Disminuir por66.7%	;Disminuir por83.3%	;
715	;06/30 18:00 - 19:00	;212	;Aumentar por7.6%	;Aumentar por21.8%	;68	;Disminuir por19.0%	;Disminuir por39.8%	;0	; --%	; --%	;0	;Disminuir por100.0%	;Disminuir por100.0%	;2	;Aumentar por100.0%	; --%	;5	;Disminuir por28.6%	;Sin cambios	;
716	;06/30 19:00 - 20:00	;329	;Disminuir por19.0%	;Disminuir por4.1%	;157	;Aumentar por65.3%	;Aumentar por36.5%	;0	; --%	; --%	;0	;Disminuir por100.0%	; --%	;2	;Disminuir por33.3%	;Sin cambios	;2	;Disminuir por60.0%	;Sin cambios	;
717	;06/30 20:00 - 21:00	;814	;Aumentar por120.6%	;Aumentar por64.4%	;349	;Aumentar por162.4%	;Aumentar por61.6%	;0	; --%	; --%	;0	; --%	; --%	;13	;Aumentar por550.0%	;Aumentar por30.0%	;50	;Aumentar por1566.7%	;Aumentar por2400.0%	;
718	;06/30 21:00 - 22:00	;1257	;Aumentar por922.0%	;Aumentar por27.5%	;800	;Aumentar por1381.5%	;Aumentar por16.4%	;0	; --%	; --%	;0	;Disminuir por100.0%	; --%	;20	;Aumentar por1900.0%	;Disminuir por48.7%	;26	;Aumentar por550.0%	;Aumentar por18.2%	;
719	;06/30 22:00 - 23:00	;808	;Aumentar por1453.8%	;Disminuir por41.8%	;548	;Aumentar por1066.0%	;Disminuir por52.4%	;0	; --%	; --%	;0	; --%	; --%	;16	;Aumentar por1500.0%	;Disminuir por70.9%	;23	; --%	;Disminuir por30.3%	;
720	;06/30 23:00 - 24:00	;508	;Aumentar por2209.1%	;Aumentar por21.5%	;306	;Aumentar por1510.5%	;Aumentar por12.1%	;0	; --%	; --%	;0	;Disminuir por100.0%	; --%	;13	;Aumentar por1200.0%	;Disminuir por23.5%	;5	; --%	;Disminuir por28.6%	;
721	;07/01 00:00 - 01:00	;90	;Aumentar por4400.0%	;Disminuir por10.0%	;42	; --%	;Aumentar por7.7%	;0	; --%	; --%	;0	; --%	;Disminuir por100.0%	;0	; --%	; --%	;7	; --%	;Aumentar por133.3%	;
722	;07/01 01:00 - 02:00	;29	; --%	;Disminuir por6.5%	;23	; --%	;Disminuir por20.7%	;38	; --%	; --%	;39	; --%	; --%	;0	; --%	;Disminuir por100.0%	;0	; --%	; --%	;
723	;07/01 02:00 - 03:00	;3	; --%	;Disminuir por25.0%	;12	;Aumentar por500.0%	;Aumentar por140.0%	;0	; --%	; --%	;0	; --%	; --%	;1	; --%	; --%	;1	; --%	;Sin cambios	;
724	;07/01 03:00 - 04:00	;5	;Disminuir por16.7%	;Aumentar por66.7%	;6	;Sin cambios	;Sin cambios	;0	; --%	;Disminuir por100.0%	;1	;Sin cambios	;Disminuir por96.4%	;0	; --%	; --%	;0	; --%	; --%	;
725	;07/01 04:00 - 05:00	;1	; --%	; --%	;1	; --%	;Disminuir por50.0%	;1	; --%	; --%	;2	; --%	; --%	;0	; --%	; --%	;0	; --%	; --%	;
726	;07/01 05:00 - 06:00	;2	; --%	;Aumentar por100.0%	;0	; --%	; --%	;0	; --%	; --%	;0	; --%	; --%	;0	; --%	; --%	;0	; --%	; --%	;
727	;07/01 06:00 - 07:00	;3	;Aumentar por50.0%	;Aumentar por200.0%	;3	; --%	;Disminuir por62.5%	;0	; --%	; --%	;1	;Sin cambios	;Disminuir por50.0%	;0	; --%	; --%	;1	;Sin cambios	;Disminuir por50.0%	;
728	;07/01 07:00 - 08:00	;10	; --%	;Aumentar por66.7%	;2	;Disminuir por50.0%	;Disminuir por33.3%	;0	; --%	; --%	;1	;Disminuir por50.0%	;Disminuir por50.0%	;1	; --%	; --%	;0	;Disminuir por100.0%	;Disminuir por100.0%	;
729	;07/01 08:00 - 09:00	;18	;Aumentar por350.0%	;Disminuir por25.0%	;15	;Aumentar por150.0%	;Aumentar por66.7%	;0	; --%	; --%	;5	;Aumentar por66.7%	;Sin cambios	;1	; --%	; --%	;0	; --%	; --%	;
730	;07/01 09:00 - 10:00	;29	;Aumentar por26.1%	;Disminuir por32.6%	;27	;Aumentar por50.0%	;Disminuir por35.7%	;0	; --%	; --%	;5	;Sin cambios	;Aumentar por25.0%	;0	;Disminuir por100.0%	;Disminuir por100.0%	;5	;Aumentar por25.0%	;Sin cambios	;
731	;07/01 10:00 - 11:00	;90	;Aumentar por95.7%	;Aumentar por21.6%	;33	;Aumentar por65.0%	;Disminuir por21.4%	;0	; --%	; --%	;6	;Disminuir por14.3%	;Aumentar por20.0%	;3	; --%	;Sin cambios	;2	;Sin cambios	;Disminuir por71.4%	;
732	;07/01 11:00 - 12:00	;203	;Aumentar por3.0%	;Aumentar por120.7%	;48	;Disminuir por30.4%	;Disminuir por11.1%	;1	; --%	;Sin cambios	;3	;Disminuir por50.0%	;Disminuir por50.0%	;0	; --%	; --%	;6	;Aumentar por100.0%	;Aumentar por200.0%	;
733	;07/01 12:00 - 13:00	;71	;Disminuir por68.2%	;Aumentar por6.0%	;37	;Disminuir por69.9%	;Disminuir por5.1%	;0	; --%	; --%	;2	;Disminuir por33.3%	;Disminuir por50.0%	;2	;Aumentar por100.0%	;Disminuir por66.7%	;4	;Sin cambios	;Disminuir por76.5%	;
734	;07/01 13:00 - 14:00	;65	;Disminuir por60.1%	;Aumentar por20.4%	;28	;Disminuir por40.4%	;Aumentar por16.7%	;0	; --%	; --%	;4	;Aumentar por300.0%	;Aumentar por100.0%	;1	;Disminuir por66.7%	; --%	;2	;Disminuir por50.0%	;Disminuir por75.0%	;
735	;07/01 14:00 - 15:00	;56	;Disminuir por45.1%	;Aumentar por100.0%	;45	;Aumentar por45.2%	;Aumentar por104.5%	;0	; --%	; --%	;1	;Disminuir por80.0%	;Disminuir por66.7%	;0	;Disminuir por100.0%	; --%	;8	;Aumentar por60.0%	;Aumentar por300.0%	;
736	;07/01 15:00 - 16:00	;72	;Aumentar por14.3%	;Aumentar por166.7%	;54	;Aumentar por68.8%	;Aumentar por184.2%	;0	; --%	;Disminuir por100.0%	;3	;Aumentar por50.0%	;Sin cambios	;1	;Disminuir por75.0%	;Sin cambios	;3	;Disminuir por62.5%	;Sin cambios	;
737	;07/01 16:00 - 17:00	;31	;Disminuir por72.8%	;Aumentar por3.3%	;15	;Disminuir por72.7%	;Disminuir por6.3%	;0	; --%	; --%	;2	;Disminuir por33.3%	;Disminuir por60.0%	;0	;Disminuir por100.0%	; --%	;2	;Disminuir por33.3%	;Disminuir por71.4%	;
738	;07/01 17:00 - 18:00	;70	;Disminuir por60.9%	;Aumentar por27.3%	;29	;Disminuir por35.6%	;Disminuir por31.0%	;0	; --%	; --%	;0	;Disminuir por100.0%	;Disminuir por100.0%	;2	;Disminuir por66.7%	;Sin cambios	;5	;Disminuir por44.4%	;Aumentar por25.0%	;
739	;07/01 18:00 - 19:00	;149	;Disminuir por42.7%	;Aumentar por44.7%	;68	;Aumentar por4.6%	;Aumentar por51.1%	;0	; --%	; --%	;1	;Sin cambios	;Sin cambios	;0	;Disminuir por100.0%	;Disminuir por100.0%	;3	;Disminuir por25.0%	;Aumentar por50.0%	;
740	;07/01 19:00 - 20:00	;466	;Aumentar por6.2%	;Aumentar por33.9%	;131	;Disminuir por17.6%	;Aumentar por32.3%	;0	; --%	; --%	;0	;Disminuir por100.0%	; --%	;2	;Disminuir por33.3%	;Disminuir por33.3%	;7	;Aumentar por250.0%	;Aumentar por600.0%	;
741	;07/01 20:00 - 21:00	;941	;Aumentar por236.1%	;Aumentar por76.2%	;330	;Aumentar por177.3%	;Aumentar por58.7%	;0	; --%	; --%	;0	; --%	; --%	;5	;Sin cambios	;Aumentar por150.0%	;13	;Aumentar por160.0%	;Aumentar por1200.0%	;
742	;07/01 21:00 - 22:00	;1373	;Aumentar por1259.4%	;Aumentar por72.3%	;911	;Aumentar por1686.3%	;Aumentar por70.0%	;0	; --%	; --%	;0	;Disminuir por100.0%	; --%	;31	;Aumentar por3000.0%	;Aumentar por121.4%	;29	;Aumentar por2800.0%	;Aumentar por123.1%	;
743	;07/01 22:00 - 23:00	;1160	;Aumentar por1387.2%	;Aumentar por30.5%	;810	;Aumentar por10025.0%	;Aumentar por35.7%	;0	; --%	; --%	;0	; --%	; --%	;20	; --%	;Disminuir por4.8%	;25	;Aumentar por1150.0%	;Aumentar por8.7%	;
744	;07/01 23:00 - 24:00	;461	;Aumentar por2095.2%	;Disminuir por2.5%	;359	;Aumentar por3888.9%	;Aumentar por52.8%	;0	; --%	; --%	;0	; --%	; --%	;5	;Aumentar por150.0%	;Aumentar por400.0%	;5	; --%	;Sin cambios	;
745	;07/02 00:00 - 01:00	;143	; --%	;Aumentar por34.9%	;123	; --%	;Aumentar por89.2%	;0	; --%	; --%	;0	; --%	; --%	;1	; --%	;Disminuir por50.0%	;3	; --%	;Aumentar por50.0%	;
746	;07/02 01:00 - 02:00	;45	; --%	;Disminuir por11.8%	;22	;Aumentar por1000.0%	;Aumentar por10.0%	;0	; --%	; --%	;0	; --%	;Disminuir por100.0%	;1	; --%	; --%	;3	; --%	; --%	;
747	;07/02 02:00 - 03:00	;15	;Aumentar por1400.0%	;Aumentar por150.0%	;19	; --%	;Disminuir por50.0%	;0	; --%	; --%	;0	; --%	; --%	;0	; --%	;Disminuir por100.0%	;1	; --%	;Sin cambios	;
748	;07/02 03:00 - 04:00	;9	;Aumentar por12.5%	;Aumentar por80.0%	;15	;Aumentar por150.0%	;Aumentar por1400.0%	;1	;Sin cambios	;Sin cambios	;3	;Aumentar por50.0%	;Aumentar por50.0%	;0	; --%	; --%	;0	; --%	; --%	;
749	;07/02 04:00 - 05:00	;0	; --%	;Disminuir por100.0%	;4	; --%	;Disminuir por20.0%	;0	; --%	; --%	;1	; --%	;Sin cambios	;0	; --%	; --%	;0	; --%	; --%	;
750	;07/02 05:00 - 06:00	;1	; --%	;Disminuir por80.0%	;1	; --%	;Disminuir por83.3%	;0	; --%	;Disminuir por100.0%	;0	;Disminuir por100.0%	;Disminuir por100.0%	;0	; --%	; --%	;1	; --%	; --%	;
751	;07/02 06:00 - 07:00	;3	;Aumentar por50.0%	;Disminuir por40.0%	;2	; --%	;Aumentar por100.0%	;0	; --%	; --%	;1	; --%	;Sin cambios	;0	;Disminuir por100.0%	; --%	;2	;Aumentar por100.0%	;Aumentar por100.0%	;
752	;07/02 07:00 - 08:00	;7	;Aumentar por75.0%	;Disminuir por50.0%	;7	;Aumentar por250.0%	;Aumentar por75.0%	;0	;Disminuir por100.0%	; --%	;1	;Disminuir por50.0%	;Sin cambios	;1	; --%	; --%	;0	; --%	; --%	;
753	;07/02 08:00 - 09:00	;35	;Aumentar por400.0%	;Aumentar por66.7%	;11	;Aumentar por57.1%	;Sin cambios	;0	; --%	; --%	;2	;Disminuir por66.7%	;Disminuir por66.7%	;0	; --%	;Disminuir por100.0%	;0	;Disminuir por100.0%	;Disminuir por100.0%	;
754	;07/02 09:00 - 10:00	;48	;Aumentar por54.8%	;Aumentar por77.8%	;29	;Aumentar por61.1%	;Disminuir por3.3%	;0	; --%	; --%	;3	;Disminuir por50.0%	;Aumentar por50.0%	;3	;Disminuir por62.5%	; --%	;15	;Disminuir por11.8%	;Aumentar por400.0%	;
755	;07/02 10:00 - 11:00	;95	;Aumentar por18.8%	;Aumentar por2.2%	;53	;Aumentar por17.8%	;Aumentar por43.2%	;4	; --%	; --%	;9	;Aumentar por28.6%	;Aumentar por12.5%	;2	;Aumentar por100.0%	;Aumentar por100.0%	;2	;Disminuir por50.0%	;Disminuir por60.0%	;
756	;07/02 11:00 - 12:00	;93	;Disminuir por52.3%	;Aumentar por25.7%	;45	;Disminuir por35.7%	;Disminuir por4.3%	;0	; --%	; --%	;1	;Disminuir por75.0%	;Disminuir por90.9%	;0	; --%	;Disminuir por100.0%	;7	;Aumentar por133.3%	;Aumentar por133.3%	;
757	;07/02 12:00 - 13:00	;115	;Disminuir por13.5%	;Aumentar por105.4%	;52	;Disminuir por7.1%	;Aumentar por92.6%	;0	;Disminuir por100.0%	; --%	;3	;Disminuir por50.0%	;Disminuir por40.0%	;0	;Disminuir por100.0%	;Disminuir por100.0%	;8	;Aumentar por166.7%	;Aumentar por33.3%	;
758	;07/02 13:00 - 14:00	;95	;Disminuir por32.1%	;Aumentar por25.0%	;41	;Disminuir por12.8%	;Aumentar por36.7%	;0	; --%	; --%	;3	;Disminuir por57.1%	;Disminuir por25.0%	;0	; --%	;Disminuir por100.0%	;5	;Aumentar por66.7%	;Disminuir por28.6%	;
759	;07/02 14:00 - 15:00	;65	;Disminuir por18.8%	;Aumentar por38.3%	;32	;Aumentar por33.3%	;Aumentar por220.0%	;0	; --%	; --%	;4	;Aumentar por33.3%	;Sin cambios	;0	; --%	; --%	;5	;Aumentar por25.0%	;Aumentar por66.7%	;
760	;07/02 15:00 - 16:00	;40	;Disminuir por59.6%	;Aumentar por25.0%	;25	;Disminuir por3.8%	;Disminuir por40.5%	;0	; --%	; --%	;1	;Disminuir por50.0%	;Disminuir por66.7%	;4	;Aumentar por300.0%	; --%	;4	;Aumentar por100.0%	;Disminuir por33.3%	;
761	;07/02 16:00 - 17:00	;63	;Disminuir por46.2%	;Aumentar por46.5%	;29	;Disminuir por60.3%	;Aumentar por11.5%	;0	; --%	; --%	;0	;Disminuir por100.0%	;Disminuir por100.0%	;1	;Disminuir por66.7%	; --%	;8	;Aumentar por100.0%	;Aumentar por14.3%	;
762	;07/02 17:00 - 18:00	;80	;Disminuir por40.7%	;Aumentar por77.8%	;36	;Disminuir por53.8%	;Disminuir por2.7%	;0	; --%	; --%	;1	;Sin cambios	;Disminuir por75.0%	;1	;Sin cambios	;Sin cambios	;4	;Disminuir por20.0%	;Disminuir por33.3%	;
763	;07/02 18:00 - 19:00	;202	;Disminuir por37.5%	;Aumentar por0.5%	;108	;Aumentar por8.0%	;Aumentar por20.0%	;0	; --%	; --%	;1	;Disminuir por50.0%	;Sin cambios	;3	;Sin cambios	;Disminuir por62.5%	;4	;Sin cambios	;Disminuir por55.6%	;
764	;07/02 19:00 - 20:00	;554	;Aumentar por11.0%	;Aumentar por53.9%	;224	;Aumentar por96.5%	;Aumentar por89.8%	;0	; --%	; --%	;0	; --%	; --%	;1	;Sin cambios	;Disminuir por75.0%	;4	;Aumentar por33.3%	;Aumentar por33.3%	;
765	;07/02 20:00 - 21:00	;618	;Aumentar por95.0%	;Disminuir por7.5%	;204	;Aumentar por52.2%	;Disminuir por25.5%	;0	; --%	; --%	;0	; --%	; --%	;1	;Disminuir por83.3%	;Disminuir por90.9%	;2	;Disminuir por77.8%	;Disminuir por77.8%	;
766	;07/02 21:00 - 22:00	;379	;Aumentar por168.8%	;Disminuir por62.1%	;192	;Aumentar por113.3%	;Disminuir por71.4%	;0	; --%	; --%	;0	;Disminuir por100.0%	; --%	;2	;Aumentar por100.0%	;Disminuir por81.8%	;1	;Disminuir por50.0%	;Disminuir por92.9%	;
767	;07/02 22:00 - 23:00	;327	;Aumentar por347.9%	;Disminuir por77.0%	;184	;Aumentar por636.0%	;Disminuir por84.2%	;0	; --%	; --%	;0	; --%	; --%	;1	; --%	;Disminuir por92.3%	;1	; --%	;Disminuir por95.2%	;
768	;07/02 23:00 - 24:00	;388	;Aumentar por1452.0%	;Disminuir por31.8%	;194	;Aumentar por1285.7%	;Disminuir por47.7%	;0	; --%	; --%	;0	; --%	; --%	;0	; --%	; --%	;3	;Aumentar por200.0%	;Aumentar por200.0%	;
769	;07/03 00:00 - 01:00	;128	;Aumentar por1322.2%	;Aumentar por4.9%	;94	;Aumentar por168.6%	;Aumentar por38.2%	;0	; --%	; --%	;0	;Disminuir por100.0%	;Disminuir por100.0%	;1	; --%	;Sin cambios	;2	;Sin cambios	;Aumentar por100.0%	;
770	;07/03 01:00 - 02:00	;34	;Aumentar por385.7%	;Aumentar por3.0%	;13	;Aumentar por225.0%	;Disminuir por31.6%	;0	; --%	; --%	;0	; --%	; --%	;0	; --%	; --%	;3	; --%	; --%	;
771	;07/03 02:00 - 03:00	;2	;Sin cambios	;Disminuir por81.8%	;2	; --%	;Disminuir por71.4%	;0	;Disminuir por100.0%	; --%	;2	;Sin cambios	; --%	;0	; --%	; --%	;1	; --%	;Sin cambios	;
772	;07/03 03:00 - 04:00	;14	;Aumentar por55.6%	; --%	;9	;Sin cambios	;Aumentar por350.0%	;0	;Disminuir por100.0%	; --%	;1	;Disminuir por50.0%	; --%	;0	; --%	; --%	;0	; --%	; --%	;
773	;07/03 04:00 - 05:00	;0	;Disminuir por100.0%	;Disminuir por100.0%	;0	;Disminuir por100.0%	;Disminuir por100.0%	;1	; --%	;Sin cambios	;3	; --%	;Sin cambios	;1	; --%	; --%	;0	; --%	; --%	;
774	;07/03 05:00 - 06:00	;3	; --%	;Disminuir por40.0%	;0	; --%	;Disminuir por100.0%	;0	; --%	; --%	;0	; --%	;Disminuir por100.0%	;0	; --%	;Disminuir por100.0%	;0	; --%	; --%	;
775	;07/03 06:00 - 07:00	;3	;Aumentar por200.0%	;Aumentar por200.0%	;3	; --%	;Sin cambios	;0	; --%	; --%	;0	; --%	;Disminuir por100.0%	;0	; --%	; --%	;1	;Sin cambios	;Disminuir por50.0%	;
776	;07/03 07:00 - 08:00	;14	; --%	;Aumentar por75.0%	;4	;Aumentar por300.0%	;Aumentar por300.0%	;0	; --%	; --%	;0	; --%	;Disminuir por100.0%	;0	; --%	;Disminuir por100.0%	;1	; --%	;Sin cambios	;
777	;07/03 08:00 - 09:00	;20	;Aumentar por233.3%	;Disminuir por16.7%	;13	;Aumentar por30.0%	;Aumentar por18.2%	;1	; --%	; --%	;4	;Aumentar por33.3%	;Disminuir por20.0%	;0	;Disminuir por100.0%	; --%	;1	;Disminuir por50.0%	; --%	;
778	;07/03 09:00 - 10:00	;22	;Disminuir por12.0%	;Aumentar por4.8%	;30	;Aumentar por172.7%	;Aumentar por57.9%	;2	;Aumentar por100.0%	;Aumentar por100.0%	;1	;Disminuir por85.7%	;Disminuir por87.5%	;4	; --%	; --%	;7	;Aumentar por40.0%	;Aumentar por133.3%	;
779	;07/03 10:00 - 11:00	;83	;Disminuir por47.8%	;Disminuir por40.7%	;43	;Disminuir por41.9%	;Disminuir por33.8%	;3	; --%	;Sin cambios	;3	;Disminuir por57.1%	;Disminuir por70.0%	;7	; --%	;Aumentar por40.0%	;7	;Aumentar por250.0%	;Disminuir por12.5%	;
780	;07/03 11:00 - 12:00	;68	;Disminuir por73.4%	;Disminuir por52.4%	;70	;Disminuir por52.1%	;Aumentar por12.9%	;0	; --%	; --%	;0	;Disminuir por100.0%	;Disminuir por100.0%	;7	;Aumentar por75.0%	;Aumentar por250.0%	;9	;Aumentar por350.0%	;Aumentar por800.0%	;
781	;07/03 12:00 - 13:00	;63	;Disminuir por88.9%	;Sin cambios	;49	;Disminuir por62.9%	;Aumentar por44.1%	;0	; --%	; --%	;1	;Sin cambios	;Disminuir por66.7%	;3	;Aumentar por50.0%	;Aumentar por50.0%	;0	;Disminuir por100.0%	;Disminuir por100.0%	;
782	;07/03 13:00 - 14:00	;48	;Disminuir por86.2%	;Disminuir por29.4%	;26	;Disminuir por88.0%	;Disminuir por23.5%	;1	;Sin cambios	; --%	;0	;Disminuir por100.0%	;Disminuir por100.0%	;2	;Aumentar por100.0%	; --%	;4	;Disminuir por20.0%	;Disminuir por42.9%	;
783	;07/03 14:00 - 15:00	;72	;Disminuir por62.7%	;Aumentar por118.2%	;29	;Disminuir por70.4%	;Aumentar por61.1%	;0	; --%	; --%	;0	;Disminuir por100.0%	;Disminuir por100.0%	;1	;Sin cambios	; --%	;2	;Disminuir por50.0%	;Disminuir por66.7%	;
784	;07/03 15:00 - 16:00	;43	;Disminuir por65.3%	;Disminuir por6.5%	;23	;Disminuir por67.1%	;Disminuir por4.2%	;0	; --%	;Disminuir por100.0%	;2	;Sin cambios	;Disminuir por33.3%	;3	; --%	;Aumentar por200.0%	;9	;Aumentar por125.0%	;Aumentar por80.0%	;
785	;07/03 16:00 - 17:00	;63	;Disminuir por76.4%	;Aumentar por90.9%	;28	;Disminuir por76.5%	;Aumentar por64.7%	;0	; --%	; --%	;1	;Disminuir por50.0%	;Disminuir por83.3%	;0	;Disminuir por100.0%	; --%	;4	;Aumentar por33.3%	;Disminuir por33.3%	;
786	;07/03 17:00 - 18:00	;83	;Disminuir por80.7%	;Aumentar por36.1%	;48	;Disminuir por65.2%	;Disminuir por15.8%	;1	; --%	; --%	;1	;Sin cambios	; --%	;1	;Disminuir por83.3%	;Disminuir por50.0%	;4	;Disminuir por20.0%	;Aumentar por100.0%	;
787	;07/03 18:00 - 19:00	;264	;Disminuir por65.6%	;Aumentar por32.7%	;80	;Disminuir por69.7%	;Disminuir por4.8%	;0	; --%	; --%	;0	;Disminuir por100.0%	; --%	;2	; --%	;Disminuir por66.7%	;7	; --%	;Disminuir por41.7%	;
788	;07/03 19:00 - 20:00	;681	;Disminuir por44.3%	;Aumentar por94.6%	;195	;Disminuir por54.4%	;Aumentar por16.8%	;0	; --%	; --%	;0	; --%	; --%	;3	;Disminuir por40.0%	;Disminuir por72.7%	;4	;Disminuir por55.6%	;Aumentar por33.3%	;
789	;07/03 20:00 - 21:00	;1294	;Disminuir por31.7%	;Aumentar por51.2%	;696	;Disminuir por47.2%	;Aumentar por71.9%	;0	; --%	; --%	;0	; --%	; --%	;10	;Aumentar por25.0%	;Aumentar por42.9%	;4	;Disminuir por69.2%	;Aumentar por100.0%	;
790	;07/03 21:00 - 22:00	;1924	;Aumentar por91.8%	;Aumentar por28.3%	;1412	;Aumentar por86.3%	;Aumentar por32.8%	;0	; --%	; --%	;0	;Disminuir por100.0%	; --%	;63	;Aumentar por472.7%	;Aumentar por687.5%	;50	;Aumentar por108.3%	;Aumentar por212.5%	;
791	;07/03 22:00 - 23:00	;1706	;Aumentar por320.2%	;Aumentar por46.1%	;1382	;Aumentar por468.7%	;Aumentar por86.3%	;0	; --%	; --%	;0	; --%	; --%	;61	;Aumentar por2950.0%	;Disminuir por4.7%	;44	;Aumentar por1366.7%	;Disminuir por10.2%	;
792	;07/03 23:00 - 24:00	;1240	;Aumentar por301.3%	;Aumentar por77.7%	;874	;Aumentar por264.2%	;Aumentar por45.4%	;0	; --%	; --%	;0	; --%	; --%	;4	; --%	;Disminuir por87.1%	;6	; --%	;Disminuir por73.9%	;
793	;07/04 00:00 - 01:00	;337	;Aumentar por683.7%	;Aumentar por120.3%	;192	;Aumentar por336.4%	;Aumentar por152.6%	;0	; --%	; --%	;0	; --%	; --%	;1	; --%	; --%	;4	;Aumentar por100.0%	;Sin cambios	;
794	;07/04 01:00 - 02:00	;52	;Aumentar por5100.0%	;Aumentar por85.7%	;55	;Aumentar por511.1%	;Aumentar por66.7%	;0	; --%	; --%	;0	;Disminuir por100.0%	;Disminuir por100.0%	;0	; --%	; --%	;0	; --%	;Disminuir por100.0%	;
795	;07/04 02:00 - 03:00	;34	;Aumentar por47.8%	;Aumentar por750.0%	;18	;Disminuir por35.7%	;Disminuir por25.0%	;0	;Disminuir por100.0%	; --%	;2	;Sin cambios	;Aumentar por100.0%	;1	; --%	; --%	;1	; --%	;Sin cambios	;
796	;07/04 03:00 - 04:00	;9	;Aumentar por80.0%	;Sin cambios	;3	;Aumentar por50.0%	;Disminuir por25.0%	;10	; --%	; --%	;8	;Aumentar por700.0%	; --%	;0	; --%	; --%	;0	; --%	;Disminuir por100.0%	;
797	;07/04 04:00 - 05:00	;3	; --%	;Sin cambios	;0	; --%	;Disminuir por100.0%	;0	; --%	; --%	;1	; --%	;Disminuir por50.0%	;0	; --%	; --%	;0	; --%	;Disminuir por100.0%	;
798	;07/04 05:00 - 06:00	;4	; --%	;Aumentar por300.0%	;0	; --%	;Disminuir por100.0%	;0	; --%	;Disminuir por100.0%	;1	; --%	;Disminuir por75.0%	;0	; --%	;Disminuir por100.0%	;0	; --%	; --%	;
799	;07/04 06:00 - 07:00	;3	;Aumentar por200.0%	;Aumentar por50.0%	;9	; --%	;Aumentar por200.0%	;0	; --%	; --%	;0	; --%	; --%	;1	; --%	; --%	;1	; --%	;Sin cambios	;
800	;07/04 07:00 - 08:00	;11	;Aumentar por450.0%	;Aumentar por37.5%	;3	;Aumentar por200.0%	;Disminuir por57.1%	;0	; --%	; --%	;3	; --%	;Sin cambios	;0	; --%	; --%	;0	; --%	; --%	;
801	;07/04 08:00 - 09:00	;25	;Aumentar por66.7%	;Aumentar por8.7%	;20	;Aumentar por66.7%	;Aumentar por5.3%	;0	; --%	; --%	;2	;Disminuir por33.3%	;Disminuir por60.0%	;0	; --%	;Disminuir por100.0%	;2	;Sin cambios	;Disminuir por60.0%	;
802	;07/04 09:00 - 10:00	;49	;Sin cambios	;Disminuir por3.9%	;30	;Aumentar por114.3%	;Aumentar por114.3%	;0	; --%	; --%	;3	;Sin cambios	;Disminuir por50.0%	;2	;Sin cambios	;Disminuir por33.3%	;5	;Aumentar por66.7%	;Sin cambios	;
803	;07/04 10:00 - 11:00	;105	;Disminuir por58.7%	;Disminuir por15.3%	;71	;Disminuir por11.3%	;Aumentar por34.0%	;0	; --%	; --%	;6	;Aumentar por200.0%	;Disminuir por14.3%	;2	;Sin cambios	;Disminuir por33.3%	;8	;Aumentar por166.7%	;Sin cambios	;
804	;07/04 11:00 - 12:00	;173	;Disminuir por68.8%	;Aumentar por38.4%	;71	;Disminuir por69.5%	;Disminuir por6.6%	;0	; --%	; --%	;0	;Disminuir por100.0%	;Disminuir por100.0%	;0	;Disminuir por100.0%	;Disminuir por100.0%	;0	;Disminuir por100.0%	;Disminuir por100.0%	;
805	;07/04 12:00 - 13:00	;160	;Disminuir por75.6%	;Aumentar por31.1%	;63	;Disminuir por75.3%	;Disminuir por7.4%	;0	; --%	; --%	;3	;Aumentar por200.0%	;Sin cambios	;0	;Disminuir por100.0%	;Disminuir por100.0%	;3	;Disminuir por50.0%	;Disminuir por70.0%	;
806	;07/04 13:00 - 14:00	;140	;Disminuir por75.7%	;Aumentar por70.7%	;73	;Disminuir por73.5%	;Aumentar por78.0%	;0	; --%	; --%	;4	; --%	;Sin cambios	;1	;Disminuir por96.3%	; --%	;6	;Disminuir por14.3%	;Aumentar por100.0%	;
807	;07/04 14:00 - 15:00	;75	;Disminuir por78.5%	;Aumentar por63.0%	;43	;Disminuir por74.4%	;Aumentar por4.9%	;0	; --%	; --%	;1	;Disminuir por50.0%	;Sin cambios	;1	;Disminuir por50.0%	; --%	;2	;Disminuir por66.7%	;Disminuir por50.0%	;
808	;07/04 15:00 - 16:00	;56	;Disminuir por84.3%	;Aumentar por1.8%	;37	;Disminuir por70.2%	;Aumentar por105.6%	;0	; --%	; --%	;1	; --%	;Sin cambios	;2	;Aumentar por100.0%	;Sin cambios	;1	;Disminuir por80.0%	;Disminuir por83.3%	;
809	;07/04 16:00 - 17:00	;80	;Disminuir por82.4%	;Aumentar por35.6%	;39	;Disminuir por78.2%	;Aumentar por56.0%	;0	; --%	; --%	;2	; --%	;Disminuir por66.7%	;0	;Disminuir por100.0%	;Disminuir por100.0%	;3	;Disminuir por57.1%	;Disminuir por57.1%	;
810	;07/04 17:00 - 18:00	;155	;Disminuir por73.3%	;Aumentar por58.2%	;57	;Disminuir por73.9%	;Disminuir por10.9%	;0	; --%	; --%	;0	; --%	;Disminuir por100.0%	;0	;Disminuir por100.0%	;Disminuir por100.0%	;3	;Disminuir por62.5%	;Disminuir por62.5%	;
811	;07/04 18:00 - 19:00	;299	;Disminuir por69.2%	;Aumentar por51.8%	;130	;Disminuir por56.7%	;Aumentar por42.9%	;0	; --%	; --%	;0	; --%	; --%	;4	;Disminuir por42.9%	;Disminuir por33.3%	;6	;Disminuir por25.0%	;Aumentar por20.0%	;
812	;07/04 19:00 - 20:00	;750	;Disminuir por52.9%	;Aumentar por62.0%	;260	;Disminuir por62.3%	;Aumentar por31.3%	;0	; --%	; --%	;0	; --%	; --%	;2	;Disminuir por88.9%	;Disminuir por77.8%	;2	;Disminuir por87.5%	;Disminuir por50.0%	;
813	;07/04 20:00 - 21:00	;1487	;Disminuir por18.7%	;Disminuir por2.7%	;563	;Disminuir por50.5%	;Disminuir por40.0%	;0	; --%	; --%	;0	; --%	; --%	;2	;Disminuir por88.2%	;Disminuir por77.8%	;7	;Disminuir por50.0%	;Disminuir por80.0%	;
814	;07/04 21:00 - 22:00	;1928	;Disminuir por4.1%	;Aumentar por21.9%	;1246	;Disminuir por29.6%	;Aumentar por3.2%	;0	; --%	; --%	;0	; --%	; --%	;19	;Aumentar por11.8%	;Disminuir por13.6%	;27	;Aumentar por35.0%	;Disminuir por32.5%	;
815	;07/04 22:00 - 23:00	;1679	;Aumentar por19.1%	;Aumentar por20.0%	;1146	;Disminuir por16.8%	;Aumentar por1.7%	;0	; --%	; --%	;0	; --%	; --%	;23	;Disminuir por17.9%	;Aumentar por228.6%	;42	;Aumentar por55.6%	;Aumentar por121.1%	;
816	;07/04 23:00 - 24:00	;1393	;Aumentar por78.4%	;Aumentar por77.2%	;1000	;Aumentar por15.3%	;Aumentar por86.9%	;0	; --%	; --%	;0	; --%	; --%	;21	;Aumentar por320.0%	;Aumentar por950.0%	;18	;Aumentar por38.5%	;Aumentar por260.0%	;
817	;07/05 00:00 - 01:00	;583	;Aumentar por247.0%	;Aumentar por86.9%	;440	;Aumentar por335.6%	;Aumentar por85.7%	;0	; --%	; --%	;0	;Disminuir por100.0%	;Disminuir por100.0%	;16	;Aumentar por1500.0%	;Aumentar por1500.0%	;33	;Aumentar por3200.0%	;Aumentar por725.0%	;
818	;07/05 01:00 - 02:00	;110	;Aumentar por155.8%	;Aumentar por64.2%	;42	;Disminuir por40.8%	;Disminuir por28.8%	;0	; --%	; --%	;0	;Disminuir por100.0%	;Disminuir por100.0%	;0	; --%	; --%	;2	;Aumentar por100.0%	;Aumentar por100.0%	;
819	;07/05 02:00 - 03:00	;31	;Aumentar por675.0%	;Aumentar por29.2%	;46	;Aumentar por155.6%	;Aumentar por142.1%	;15	; --%	; --%	;20	;Aumentar por1900.0%	; --%	;0	; --%	; --%	;2	;Sin cambios	; --%	;
820	;07/05 03:00 - 04:00	;19	;Aumentar por216.7%	;Aumentar por18.8%	;17	;Aumentar por183.3%	;Aumentar por112.5%	;1	;Disminuir por50.0%	; --%	;2	;Disminuir por33.3%	; --%	;0	; --%	; --%	;1	; --%	;Sin cambios	;
821	;07/05 04:00 - 05:00	;12	; --%	;Aumentar por33.3%	;5	; --%	;Aumentar por66.7%	;0	; --%	; --%	;0	; --%	;Disminuir por100.0%	;1	; --%	; --%	;0	; --%	; --%	;
822	;07/05 05:00 - 06:00	;2	; --%	;Disminuir por93.1%	;0	; --%	;Disminuir por100.0%	;0	; --%	; --%	;1	; --%	;Disminuir por50.0%	;0	; --%	;Disminuir por100.0%	;1	; --%	;Disminuir por50.0%	;
823	;07/05 06:00 - 07:00	;9	; --%	;Aumentar por125.0%	;4	; --%	; --%	;0	; --%	;Disminuir por100.0%	;0	; --%	; --%	;0	; --%	; --%	;0	; --%	; --%	;
824	;07/05 07:00 - 08:00	;11	;Aumentar por175.0%	;Disminuir por8.3%	;4	;Sin cambios	;Aumentar por100.0%	;0	; --%	; --%	;2	; --%	; --%	;0	; --%	; --%	;0	; --%	; --%	;
825	;07/05 08:00 - 09:00	;19	;Aumentar por90.0%	;Disminuir por24.0%	;11	;Aumentar por22.2%	;Disminuir por50.0%	;0	; --%	; --%	;2	;Disminuir por33.3%	;Sin cambios	;0	;Disminuir por100.0%	; --%	;3	;Aumentar por200.0%	;Disminuir por40.0%	;
826	;07/05 09:00 - 10:00	;69	;Disminuir por1.4%	;Aumentar por35.3%	;35	;Aumentar por12.9%	;Sin cambios	;0	; --%	; --%	;2	;Disminuir por33.3%	;Sin cambios	;0	; --%	; --%	;5	;Disminuir por16.7%	;Disminuir por28.6%	;
827	;07/05 10:00 - 11:00	;124	;Disminuir por38.0%	;Aumentar por3.3%	;69	;Disminuir por6.8%	;Aumentar por50.0%	;0	; --%	; --%	;4	;Aumentar por100.0%	;Sin cambios	;1	;Disminuir por66.7%	;Disminuir por50.0%	;8	;Aumentar por100.0%	;Aumentar por300.0%	;
828	;07/05 11:00 - 12:00	;168	;Disminuir por62.7%	;Aumentar por3.7%	;51	;Disminuir por75.7%	;Disminuir por36.3%	;0	;Disminuir por100.0%	; --%	;2	; --%	;Aumentar por100.0%	;1	;Sin cambios	;Sin cambios	;3	;Disminuir por25.0%	;Sin cambios	;
829	;07/05 12:00 - 13:00	;164	;Disminuir por72.9%	;Disminuir por28.1%	;103	;Disminuir por51.6%	;Disminuir por5.5%	;0	; --%	;Disminuir por100.0%	;1	;Sin cambios	;Disminuir por87.5%	;0	;Disminuir por100.0%	;Disminuir por100.0%	;1	;Disminuir por83.3%	;Disminuir por75.0%	;
830	;07/05 13:00 - 14:00	;125	;Disminuir por73.2%	;Disminuir por48.1%	;49	;Disminuir por76.6%	;Disminuir por45.6%	;0	; --%	;Disminuir por100.0%	;2	; --%	;Disminuir por50.0%	;1	;Disminuir por90.0%	;Disminuir por75.0%	;1	;Disminuir por88.9%	;Disminuir por80.0%	;
831	;07/05 14:00 - 15:00	;106	;Disminuir por73.6%	;Aumentar por65.6%	;45	;Disminuir por75.7%	;Aumentar por15.4%	;0	; --%	; --%	;0	;Disminuir por100.0%	; --%	;2	;Disminuir por60.0%	; --%	;3	;Disminuir por62.5%	;Aumentar por50.0%	;
832	;07/05 15:00 - 16:00	;52	;Disminuir por85.1%	;Disminuir por40.2%	;50	;Disminuir por68.2%	;Aumentar por28.2%	;0	; --%	; --%	;4	;Aumentar por100.0%	;Aumentar por300.0%	;0	;Disminuir por100.0%	;Disminuir por100.0%	;2	;Disminuir por50.0%	;Disminuir por33.3%	;
833	;07/05 16:00 - 17:00	;66	;Disminuir por86.1%	;Disminuir por32.7%	;36	;Disminuir por78.0%	;Disminuir por16.3%	;0	; --%	; --%	;1	; --%	; --%	;0	;Disminuir por100.0%	; --%	;3	;Disminuir por62.5%	;Sin cambios	;
834	;07/05 17:00 - 18:00	;103	;Disminuir por83.2%	;Disminuir por8.8%	;58	;Disminuir por75.9%	;Aumentar por9.4%	;0	; --%	; --%	;0	; --%	;Disminuir por100.0%	;1	;Disminuir por66.7%	;Sin cambios	;1	;Disminuir por87.5%	;Disminuir por50.0%	;
835	;07/05 18:00 - 19:00	;297	;Disminuir por64.8%	;Disminuir por14.2%	;93	;Disminuir por68.0%	;Disminuir por27.3%	;0	; --%	; --%	;0	;Disminuir por100.0%	; --%	;0	;Disminuir por100.0%	;Disminuir por100.0%	;3	;Disminuir por40.0%	;Disminuir por50.0%	;
836	;07/05 19:00 - 20:00	;644	;Disminuir por50.8%	;Disminuir por25.2%	;185	;Disminuir por61.3%	;Disminuir por55.7%	;0	; --%	; --%	;0	; --%	; --%	;2	;Disminuir por50.0%	;Disminuir por50.0%	;3	;Disminuir por25.0%	;Disminuir por62.5%	;
837	;07/05 20:00 - 21:00	;1788	;Disminuir por9.3%	;Aumentar por11.0%	;1085	;Disminuir por13.3%	;Aumentar por37.3%	;0	; --%	; --%	;0	; --%	; --%	;10	;Disminuir por84.6%	;Aumentar por42.9%	;15	;Disminuir por83.0%	;Aumentar por400.0%	;
838	;07/05 21:00 - 22:00	;1387	;Aumentar por10.7%	;Disminuir por22.3%	;941	;Aumentar por3.9%	;Disminuir por22.0%	;0	; --%	; --%	;0	; --%	; --%	;22	;Disminuir por60.0%	;Aumentar por120.0%	;25	;Disminuir por65.3%	;Aumentar por257.1%	;
839	;07/05 22:00 - 23:00	;1409	;Aumentar por60.8%	;Disminuir por32.5%	;970	;Aumentar por46.1%	;Disminuir por39.0%	;0	; --%	; --%	;0	; --%	; --%	;111	;Aumentar por101.8%	;Aumentar por516.7%	;101	;Aumentar por106.1%	;Aumentar por146.3%	;
840	;07/05 23:00 - 24:00	;679	;Aumentar por81.6%	;Disminuir por43.5%	;451	;Aumentar por105.9%	;Disminuir por52.3%	;0	; --%	; --%	;0	; --%	; --%	;21	;Aumentar por16.7%	;Aumentar por162.5%	;16	;Aumentar por300.0%	;Disminuir por20.0%	;
841	;07/06 00:00 - 01:00	;168	;Aumentar por110.0%	;Disminuir por66.3%	;113	;Aumentar por117.3%	;Disminuir por69.0%	;0	; --%	; --%	;0	; --%	; --%	;2	; --%	; --%	;3	;Aumentar por200.0%	;Disminuir por25.0%	;
842	;07/06 01:00 - 02:00	;13	;Aumentar por62.5%	;Disminuir por86.7%	;15	;Aumentar por15.4%	;Disminuir por48.3%	;0	; --%	; --%	;1	; --%	;Sin cambios	;0	; --%	; --%	;2	;Sin cambios	;Disminuir por33.3%	;
843	;07/06 02:00 - 03:00	;9	;Disminuir por18.2%	;Disminuir por35.7%	;9	;Aumentar por80.0%	;Aumentar por350.0%	;3	; --%	; --%	;5	;Aumentar por400.0%	; --%	;0	; --%	; --%	;1	;Sin cambios	; --%	;
844	;07/06 03:00 - 04:00	;4	;Disminuir por76.5%	;Disminuir por63.6%	;2	;Disminuir por95.7%	;Disminuir por80.0%	;0	;Disminuir por100.0%	;Disminuir por100.0%	;0	;Disminuir por100.0%	;Disminuir por100.0%	;0	; --%	; --%	;0	;Disminuir por100.0%	; --%	;
845	;07/06 04:00 - 05:00	;2	;Disminuir por75.0%	;Disminuir por75.0%	;3	;Aumentar por50.0%	;Aumentar por200.0%	;0	; --%	; --%	;0	; --%	;Disminuir por100.0%	;0	; --%	; --%	;0	; --%	; --%	;
846	;07/06 05:00 - 06:00	;1	;Disminuir por50.0%	;Disminuir por90.0%	;2	; --%	;Disminuir por85.7%	;0	; --%	;Disminuir por100.0%	;0	;Disminuir por100.0%	;Disminuir por100.0%	;1	; --%	; --%	;2	; --%	; --%	;
847	;07/06 06:00 - 07:00	;2	;Sin cambios	;Disminuir por87.5%	;8	; --%	;Aumentar por14.3%	;0	; --%	; --%	;0	; --%	; --%	;0	;Disminuir por100.0%	; --%	;1	; --%	; --%	;
848	;07/06 07:00 - 08:00	;14	;Aumentar por250.0%	;Aumentar por40.0%	;2	;Sin cambios	;Disminuir por33.3%	;0	; --%	; --%	;2	; --%	; --%	;0	; --%	;Disminuir por100.0%	;0	;Disminuir por100.0%	; --%	;
849	;07/06 08:00 - 09:00	;12	;Disminuir por36.8%	;Disminuir por47.8%	;6	;Disminuir por40.0%	;Disminuir por53.8%	;0	; --%	; --%	;4	; --%	;Aumentar por33.3%	;0	;Disminuir por100.0%	;Disminuir por100.0%	;0	;Disminuir por100.0%	;Disminuir por100.0%	;
850	;07/06 09:00 - 10:00	;50	;Disminuir por2.0%	;Aumentar por42.9%	;28	;Aumentar por12.0%	;Disminuir por26.3%	;0	;Disminuir por100.0%	; --%	;5	;Aumentar por150.0%	;Aumentar por400.0%	;1	; --%	;Sin cambios	;10	;Aumentar por150.0%	;Aumentar por400.0%	;
851	;07/06 10:00 - 11:00	;70	;Disminuir por66.8%	;Disminuir por39.7%	;34	;Disminuir por37.0%	;Disminuir por26.1%	;0	; --%	; --%	;7	;Aumentar por40.0%	;Aumentar por600.0%	;0	;Disminuir por100.0%	;Disminuir por100.0%	;6	;Disminuir por14.3%	;Disminuir por50.0%	;
852	;07/06 11:00 - 12:00	;118	;Disminuir por78.5%	;Disminuir por23.9%	;43	;Disminuir por76.5%	;Disminuir por35.8%	;0	; --%	; --%	;1	;Disminuir por66.7%	;Disminuir por50.0%	;3	;Aumentar por50.0%	; --%	;2	;Disminuir por50.0%	;Disminuir por66.7%	;
853	;07/06 12:00 - 13:00	;112	;Disminuir por86.3%	;Disminuir por49.8%	;54	;Disminuir por77.1%	;Disminuir por44.9%	;0	; --%	; --%	;4	;Aumentar por300.0%	;Aumentar por300.0%	;0	;Disminuir por100.0%	;Disminuir por100.0%	;5	;Disminuir por16.7%	;Aumentar por66.7%	;
854	;07/06 13:00 - 14:00	;107	;Disminuir por83.6%	;Aumentar por4.9%	;50	;Disminuir por83.2%	;Disminuir por25.4%	;0	; --%	; --%	;2	;Sin cambios	;Disminuir por50.0%	;2	; --%	;Sin cambios	;2	;Disminuir por60.0%	;Disminuir por33.3%	;
855	;07/06 14:00 - 15:00	;80	;Disminuir por78.9%	;Aumentar por11.1%	;49	;Disminuir por77.6%	;Aumentar por4.3%	;0	; --%	; --%	;3	;Aumentar por200.0%	;Sin cambios	;1	;Disminuir por90.9%	;Sin cambios	;7	;Disminuir por72.0%	;Aumentar por133.3%	;
856	;07/06 15:00 - 16:00	;19	;Disminuir por94.5%	;Disminuir por77.9%	;49	;Disminuir por62.0%	;Disminuir por25.8%	;0	; --%	; --%	;3	; --%	;Aumentar por200.0%	;3	;Sin cambios	; --%	;5	;Aumentar por150.0%	; --%	;
857	;07/06 16:00 - 17:00	;53	;Disminuir por88.5%	;Disminuir por5.4%	;46	;Disminuir por63.5%	;Aumentar por142.1%	;0	; --%	; --%	;0	; --%	;Disminuir por100.0%	;1	; --%	; --%	;4	;Disminuir por20.0%	;Sin cambios	;
858	;07/06 17:00 - 18:00	;115	;Disminuir por75.9%	;Aumentar por3.6%	;71	;Disminuir por63.2%	;Aumentar por57.8%	;0	; --%	; --%	;0	; --%	;Disminuir por100.0%	;1	;Sin cambios	;Disminuir por75.0%	;6	;Aumentar por20.0%	;Aumentar por50.0%	;
859	;07/06 18:00 - 19:00	;173	;Disminuir por75.9%	;Disminuir por32.9%	;67	;Disminuir por71.1%	;Disminuir por54.7%	;0	; --%	; --%	;0	; --%	; --%	;1	; --%	;Disminuir por80.0%	;3	;Disminuir por25.0%	;Disminuir por66.7%	;
860	;07/06 19:00 - 20:00	;367	;Disminuir por56.9%	;Disminuir por43.7%	;159	;Disminuir por40.4%	;Disminuir por58.0%	;0	; --%	; --%	;0	; --%	; --%	;4	;Disminuir por20.0%	; --%	;5	;Sin cambios	;Disminuir por16.7%	;
861	;07/06 20:00 - 21:00	;424	;Disminuir por54.1%	;Disminuir por49.8%	;145	;Disminuir por68.5%	;Disminuir por69.5%	;0	; --%	; --%	;0	; --%	; --%	;3	;Disminuir por92.5%	; --%	;1	;Disminuir por98.5%	;Disminuir por50.0%	;
862	;07/06 21:00 - 22:00	;250	;Disminuir por54.0%	;Disminuir por80.4%	;104	;Disminuir por74.9%	;Disminuir por87.8%	;0	; --%	; --%	;0	; --%	; --%	;1	;Disminuir por97.9%	;Disminuir por85.7%	;0	;Disminuir por100.0%	;Disminuir por100.0%	;
863	;07/06 22:00 - 23:00	;254	;Disminuir por30.0%	;Disminuir por83.8%	;116	;Disminuir por55.6%	;Disminuir por90.6%	;0	; --%	; --%	;0	; --%	; --%	;3	;Disminuir por75.0%	;Disminuir por76.9%	;7	;Disminuir por78.1%	;Disminuir por46.2%	;
864	;07/06 23:00 - 24:00	;502	;Aumentar por123.1%	;Disminuir por36.9%	;160	;Aumentar por11.1%	;Disminuir por71.4%	;0	; --%	; --%	;0	; --%	; --%	;2	;Aumentar por100.0%	;Disminuir por86.7%	;3	;Aumentar por50.0%	;Disminuir por78.6%	;
865	;07/07 00:00 - 01:00	;177	;Aumentar por353.8%	;Disminuir por19.2%	;70	;Aumentar por288.9%	;Disminuir por53.6%	;0	; --%	; --%	;1	; --%	; --%	;1	;Sin cambios	;Disminuir por50.0%	;2	;Disminuir por66.7%	;Sin cambios	;
866	;07/07 01:00 - 02:00	;14	; --%	;Disminuir por33.3%	;7	;Aumentar por40.0%	;Disminuir por75.0%	;0	; --%	; --%	;0	;Disminuir por100.0%	; --%	;1	; --%	; --%	;0	; --%	;Disminuir por100.0%	;
867	;07/07 02:00 - 03:00	;26	;Aumentar por2500.0%	;Aumentar por333.3%	;24	; --%	;Aumentar por26.3%	;2	; --%	; --%	;3	; --%	;Aumentar por200.0%	;0	; --%	; --%	;2	; --%	; --%	;
868	;07/07 03:00 - 04:00	;7	;Aumentar por16.7%	;Aumentar por600.0%	;10	;Aumentar por25.0%	;Aumentar por42.9%	;0	;Disminuir por100.0%	; --%	;0	;Disminuir por100.0%	; --%	;0	; --%	; --%	;1	; --%	; --%	;
869	;07/07 04:00 - 05:00	;3	; --%	;Disminuir por57.1%	;0	; --%	;Disminuir por100.0%	;0	; --%	;Disminuir por100.0%	;1	; --%	;Disminuir por80.0%	;0	; --%	; --%	;0	; --%	; --%	;
870	;07/07 05:00 - 06:00	;1	; --%	; --%	;0	; --%	;Disminuir por100.0%	;0	; --%	; --%	;0	; --%	; --%	;0	; --%	;Disminuir por100.0%	;0	; --%	; --%	;
871	;07/07 06:00 - 07:00	;3	;Aumentar por200.0%	;Sin cambios	;4	; --%	; --%	;0	; --%	; --%	;1	; --%	;Disminuir por50.0%	;0	; --%	; --%	;1	; --%	;Sin cambios	;
872	;07/07 07:00 - 08:00	;9	;Aumentar por350.0%	;Aumentar por50.0%	;8	;Aumentar por300.0%	;Aumentar por100.0%	;0	; --%	; --%	;0	;Disminuir por100.0%	;Disminuir por100.0%	;1	; --%	; --%	;2	; --%	; --%	;
873	;07/07 08:00 - 09:00	;28	;Aumentar por366.7%	;Aumentar por115.4%	;24	;Aumentar por200.0%	;Aumentar por242.9%	;0	; --%	; --%	;8	;Aumentar por300.0%	;Aumentar por60.0%	;0	; --%	;Disminuir por100.0%	;1	;Disminuir por50.0%	; --%	;
874	;07/07 09:00 - 10:00	;44	;Aumentar por175.0%	;Disminuir por22.8%	;38	;Aumentar por123.5%	;Disminuir por17.4%	;0	; --%	; --%	;3	;Aumentar por50.0%	;Disminuir por40.0%	;0	;Disminuir por100.0%	;Disminuir por100.0%	;8	;Aumentar por14.3%	;Aumentar por33.3%	;
875	;07/07 10:00 - 11:00	;113	;Disminuir por16.3%	;Aumentar por54.8%	;46	;Aumentar por53.3%	;Aumentar por43.8%	;0	; --%	; --%	;6	;Aumentar por200.0%	;Sin cambios	;1	;Sin cambios	;Disminuir por50.0%	;5	;Aumentar por66.7%	;Sin cambios	;
876	;07/07 11:00 - 12:00	;123	;Disminuir por66.8%	;Aumentar por7.0%	;66	;Disminuir por47.6%	;Aumentar por29.4%	;0	; --%	; --%	;1	; --%	;Disminuir por80.0%	;1	;Disminuir por66.7%	; --%	;4	;Disminuir por33.3%	;Disminuir por33.3%	;
877	;07/07 12:00 - 13:00	;113	;Disminuir por75.9%	;Aumentar por11.9%	;50	;Disminuir por61.8%	;Disminuir por19.4%	;0	; --%	; --%	;4	;Aumentar por300.0%	;Aumentar por33.3%	;0	;Disminuir por100.0%	;Disminuir por100.0%	;4	;Disminuir por55.6%	;Disminuir por33.3%	;
878	;07/07 13:00 - 14:00	;46	;Disminuir por87.3%	;Disminuir por14.8%	;46	;Disminuir por68.9%	;Aumentar por35.3%	;0	; --%	;Disminuir por100.0%	;0	; --%	;Disminuir por100.0%	;2	;Sin cambios	;Sin cambios	;8	;Aumentar por300.0%	;Aumentar por33.3%	;
879	;07/07 14:00 - 15:00	;56	;Disminuir por73.2%	;Aumentar por16.7%	;23	;Disminuir por81.9%	;Disminuir por28.1%	;1	; --%	; --%	;1	; --%	;Disminuir por66.7%	;0	; --%	;Disminuir por100.0%	;3	;Disminuir por50.0%	;Disminuir por25.0%	;
880	;07/07 15:00 - 16:00	;27	;Disminuir por87.6%	;Disminuir por57.1%	;43	;Disminuir por10.4%	;Aumentar por16.2%	;0	; --%	; --%	;1	; --%	;Disminuir por75.0%	;1	;Sin cambios	; --%	;7	;Aumentar por75.0%	;Aumentar por16.7%	;
881	;07/07 16:00 - 17:00	;44	;Disminuir por86.4%	;Disminuir por42.9%	;34	;Disminuir por60.0%	;Disminuir por35.8%	;1	; --%	;Sin cambios	;5	;Aumentar por400.0%	;Sin cambios	;1	;Sin cambios	;Disminuir por66.7%	;3	;Disminuir por25.0%	;Disminuir por62.5%	;
882	;07/07 17:00 - 18:00	;91	;Disminuir por65.3%	;Aumentar por203.3%	;43	;Disminuir por66.1%	;Aumentar por65.4%	;1	; --%	; --%	;1	; --%	;Disminuir por66.7%	;0	;Disminuir por100.0%	; --%	;4	;Sin cambios	;Aumentar por300.0%	;
883	;07/07 18:00 - 19:00	;298	;Disminuir por12.1%	;Aumentar por44.7%	;89	;Aumentar por4.7%	;Aumentar por4.7%	;0	; --%	; --%	;0	;Disminuir por100.0%	; --%	;1	;Disminuir por75.0%	; --%	;2	;Disminuir por33.3%	;Disminuir por50.0%	;
884	;07/07 19:00 - 20:00	;659	;Aumentar por121.1%	;Aumentar por1.1%	;172	;Aumentar por70.3%	;Disminuir por46.9%	;0	; --%	; --%	;0	; --%	; --%	;5	;Aumentar por150.0%	;Aumentar por400.0%	;10	;Aumentar por233.3%	;Aumentar por233.3%	;
885	;07/07 20:00 - 21:00	;1164	;Aumentar por301.4%	;Aumentar por40.1%	;461	;Aumentar por483.5%	;Disminuir por1.5%	;0	; --%	; --%	;0	;Disminuir por100.0%	; --%	;10	;Aumentar por100.0%	;Aumentar por66.7%	;10	;Aumentar por66.7%	;Aumentar por11.1%	;
886	;07/07 21:00 - 22:00	;1380	;Aumentar por1293.9%	;Disminuir por1.8%	;901	;Aumentar por1330.2%	;Disminuir por14.7%	;0	; --%	; --%	;0	; --%	; --%	;6	;Disminuir por25.0%	;Disminuir por90.0%	;12	;Aumentar por300.0%	;Disminuir por86.7%	;
887	;07/07 22:00 - 23:00	;1941	;Aumentar por2840.9%	;Aumentar por39.5%	;1352	;Aumentar por4562.1%	;Aumentar por52.6%	;0	; --%	; --%	;0	; --%	; --%	;57	;Aumentar por612.5%	;Aumentar por3.6%	;78	;Aumentar por1850.0%	;Aumentar por56.0%	;
888	;07/07 23:00 - 24:00	;1025	;Aumentar por2670.3%	;Aumentar por68.3%	;747	;Aumentar por3635.0%	;Aumentar por121.0%	;0	; --%	; --%	;0	; --%	; --%	;2	; --%	;Disminuir por92.3%	;4	; --%	;Disminuir por55.6%	;
889	;07/08 00:00 - 01:00	;133	;Aumentar por4333.3%	;Disminuir por12.5%	;85	;Aumentar por8400.0%	;Disminuir por28.0%	;0	; --%	; --%	;0	; --%	; --%	;1	; --%	;Sin cambios	;1	;Sin cambios	; --%	;
890	;07/08 01:00 - 02:00	;20	;Aumentar por1900.0%	;Disminuir por9.1%	;20	;Aumentar por185.7%	;Aumentar por11.1%	;0	; --%	; --%	;0	;Disminuir por100.0%	; --%	;1	; --%	; --%	;2	; --%	; --%	;
891	;07/08 02:00 - 03:00	;20	;Aumentar por53.8%	;Aumentar por400.0%	;19	;Aumentar por26.7%	;Disminuir por26.9%	;0	;Disminuir por100.0%	; --%	;1	;Disminuir por50.0%	;Sin cambios	;0	; --%	; --%	;0	;Disminuir por100.0%	; --%	;
892	;07/08 03:00 - 04:00	;13	; --%	;Aumentar por550.0%	;9	; --%	; --%	;1	; --%	; --%	;1	; --%	; --%	;0	; --%	; --%	;2	; --%	; --%	;
893	;07/08 04:00 - 05:00	;6	;Aumentar por100.0%	;Disminuir por14.3%	;2	; --%	;Sin cambios	;1	; --%	;Sin cambios	;1	; --%	;Disminuir por50.0%	;0	; --%	; --%	;0	; --%	;Disminuir por100.0%	;
894	;07/08 05:00 - 06:00	;3	; --%	;Disminuir por72.7%	;0	; --%	;Disminuir por100.0%	;0	; --%	; --%	;0	; --%	;Disminuir por100.0%	;0	; --%	; --%	;0	; --%	;Disminuir por100.0%	;
895	;07/08 06:00 - 07:00	;1	;Sin cambios	;Disminuir por66.7%	;4	; --%	;Aumentar por100.0%	;0	; --%	; --%	;0	;Disminuir por100.0%	; --%	;0	; --%	; --%	;1	;Sin cambios	;Sin cambios	;
896	;07/08 07:00 - 08:00	;11	;Aumentar por57.1%	;Sin cambios	;4	;Aumentar por100.0%	; --%	;0	; --%	;Disminuir por100.0%	;4	;Aumentar por33.3%	;Aumentar por100.0%	;1	; --%	; --%	;4	;Aumentar por300.0%	; --%	;
897	;07/08 08:00 - 09:00	;18	;Aumentar por260.0%	;Disminuir por37.9%	;19	;Aumentar por137.5%	;Aumentar por58.3%	;0	; --%	; --%	;4	;Disminuir por33.3%	;Disminuir por20.0%	;3	; --%	; --%	;1	; --%	;Disminuir por66.7%	;
898	;07/08 09:00 - 10:00	;55	;Aumentar por111.5%	;Disminuir por5.2%	;40	;Aumentar por90.5%	;Aumentar por110.5%	;0	; --%	; --%	;4	;Disminuir por42.9%	;Aumentar por33.3%	;4	;Aumentar por33.3%	;Aumentar por100.0%	;8	;Aumentar por166.7%	;Sin cambios	;
899	;07/08 10:00 - 11:00	;89	;Aumentar por15.6%	;Disminuir por46.4%	;51	;Aumentar por104.0%	;Disminuir por25.0%	;0	; --%	; --%	;7	;Aumentar por40.0%	;Aumentar por250.0%	;0	; --%	;Disminuir por100.0%	;5	;Disminuir por37.5%	;Disminuir por37.5%	;
900	;07/08 11:00 - 12:00	;114	;Disminuir por14.9%	;Disminuir por61.5%	;47	;Disminuir por14.5%	;Disminuir por55.2%	;1	; --%	; --%	;7	;Aumentar por40.0%	;Disminuir por22.2%	;1	; --%	;Disminuir por75.0%	;8	;Aumentar por60.0%	;Aumentar por100.0%	;
901	;07/08 12:00 - 13:00	;99	;Disminuir por32.7%	;Disminuir por71.1%	;58	;Aumentar por61.1%	;Disminuir por51.7%	;0	; --%	; --%	;5	;Sin cambios	;Aumentar por150.0%	;3	;Aumentar por200.0%	;Aumentar por50.0%	;2	;Disminuir por33.3%	;Sin cambios	;
902	;07/08 13:00 - 14:00	;100	;Disminuir por18.7%	;Disminuir por42.2%	;48	;Aumentar por26.3%	;Disminuir por60.3%	;0	; --%	; --%	;3	;Disminuir por40.0%	;Disminuir por25.0%	;1	; --%	;Disminuir por50.0%	;4	;Disminuir por42.9%	;Disminuir por42.9%	;
903	;07/08 14:00 - 15:00	;61	;Disminuir por14.1%	;Aumentar por35.6%	;41	;Aumentar por115.8%	;Disminuir por2.4%	;0	; --%	; --%	;5	;Aumentar por400.0%	;Aumentar por150.0%	;0	;Disminuir por100.0%	; --%	;8	;Aumentar por14.3%	;Aumentar por33.3%	;
904	;07/08 15:00 - 16:00	;30	;Disminuir por42.3%	;Disminuir por34.8%	;27	;Aumentar por35.0%	;Disminuir por10.0%	;0	; --%	; --%	;3	;Aumentar por200.0%	;Disminuir por25.0%	;1	;Sin cambios	;Disminuir por50.0%	;7	;Aumentar por133.3%	;Aumentar por250.0%	;
905	;07/08 16:00 - 17:00	;42	;Disminuir por46.2%	;Disminuir por48.1%	;37	;Aumentar por19.4%	;Aumentar por48.0%	;0	; --%	; --%	;5	;Aumentar por400.0%	;Aumentar por150.0%	;0	; --%	;Disminuir por100.0%	;1	;Sin cambios	;Disminuir por66.7%	;
906	;07/08 17:00 - 18:00	;80	;Disminuir por35.0%	;Disminuir por38.9%	;39	;Aumentar por2.6%	;Disminuir por30.4%	;0	; --%	; --%	;1	;Disminuir por50.0%	;Disminuir por83.3%	;0	;Disminuir por100.0%	;Disminuir por100.0%	;4	;Disminuir por55.6%	;Disminuir por20.0%	;
907	;07/08 18:00 - 19:00	;202	;Sin cambios	;Disminuir por24.9%	;80	;Aumentar por25.0%	;Disminuir por24.5%	;0	; --%	; --%	;0	;Disminuir por100.0%	; --%	;4	; --%	;Aumentar por300.0%	;5	;Disminuir por50.0%	;Aumentar por400.0%	;
908	;07/08 19:00 - 20:00	;530	;Aumentar por153.6%	;Disminuir por8.9%	;160	;Aumentar por64.9%	;Disminuir por23.4%	;0	; --%	; --%	;0	; --%	; --%	;3	; --%	; --%	;5	;Aumentar por400.0%	;Aumentar por66.7%	;
909	;07/08 20:00 - 21:00	;1081	;Aumentar por575.6%	;Disminuir por7.1%	;407	;Aumentar por804.4%	;Disminuir por32.5%	;0	; --%	; --%	;0	;Disminuir por100.0%	; --%	;22	; --%	;Aumentar por340.0%	;28	;Aumentar por1300.0%	;Aumentar por154.5%	;
910	;07/08 21:00 - 22:00	;1246	;Aumentar por1877.8%	;Disminuir por10.4%	;862	;Aumentar por2168.4%	;Disminuir por10.6%	;0	; --%	; --%	;0	; --%	; --%	;35	;Aumentar por3400.0%	;Disminuir por27.1%	;51	; --%	;Disminuir por16.4%	;
911	;07/08 22:00 - 23:00	;1370	;Aumentar por3013.6%	;Disminuir por9.1%	;1036	;Aumentar por3137.5%	;Disminuir por4.2%	;0	; --%	; --%	;0	; --%	; --%	;37	; --%	;Disminuir por35.1%	;23	;Aumentar por2200.0%	;Disminuir por62.9%	;
912	;07/08 23:00 - 24:00	;791	;Aumentar por6491.7%	;Aumentar por45.7%	;637	;Aumentar por15825.0%	;Aumentar por108.2%	;0	; --%	; --%	;0	;Disminuir por100.0%	; --%	;1	;Sin cambios	;Disminuir por88.9%	;2	; --%	;Disminuir por77.8%	;
913	;07/09 00:00 - 01:00	;129	;Aumentar por6350.0%	;Disminuir por34.5%	;77	; --%	;Disminuir por28.7%	;0	; --%	; --%	;0	; --%	; --%	;0	; --%	; --%	;1	; --%	;Sin cambios	;
914	;07/09 01:00 - 02:00	;20	;Aumentar por1900.0%	;Disminuir por9.1%	;14	;Aumentar por366.7%	;Disminuir por6.7%	;0	; --%	; --%	;0	; --%	;Disminuir por100.0%	;3	; --%	; --%	;5	; --%	; --%	;
915	;07/09 02:00 - 03:00	;9	;Aumentar por125.0%	;Disminuir por18.2%	;2	;Disminuir por50.0%	;Disminuir por75.0%	;0	; --%	; --%	;0	;Disminuir por100.0%	; --%	;1	; --%	; --%	;0	; --%	;Disminuir por100.0%	;
916	;07/09 03:00 - 04:00	;10	; --%	;Disminuir por16.7%	;13	; --%	;Aumentar por116.7%	;1	; --%	; --%	;2	; --%	;Aumentar por100.0%	;2	; --%	;Aumentar por100.0%	;3	; --%	; --%	;
917	;07/09 04:00 - 05:00	;1	;Disminuir por50.0%	;Disminuir por50.0%	;2	;Aumentar por100.0%	; --%	;0	; --%	; --%	;1	; --%	;Sin cambios	;0	; --%	; --%	;0	; --%	; --%	;
918	;07/09 05:00 - 06:00	;2	; --%	;Sin cambios	;0	; --%	;Disminuir por100.0%	;0	; --%	;Disminuir por100.0%	;0	; --%	;Disminuir por100.0%	;0	; --%	; --%	;0	; --%	; --%	;
919	;07/09 06:00 - 07:00	;4	;Aumentar por100.0%	;Disminuir por33.3%	;0	; --%	;Disminuir por100.0%	;0	; --%	;Disminuir por100.0%	;0	;Disminuir por100.0%	; --%	;0	; --%	; --%	;0	;Disminuir por100.0%	; --%	;
920	;07/09 07:00 - 08:00	;6	; --%	; --%	;6	;Aumentar por100.0%	;Aumentar por200.0%	;0	; --%	; --%	;4	;Aumentar por300.0%	;Aumentar por100.0%	;0	; --%	; --%	;1	; --%	; --%	;
921	;07/09 08:00 - 09:00	;21	;Aumentar por200.0%	;Aumentar por250.0%	;18	;Aumentar por100.0%	;Aumentar por350.0%	;4	; --%	; --%	;9	;Aumentar por350.0%	;Aumentar por80.0%	;0	; --%	; --%	;0	; --%	; --%	;
922	;07/09 09:00 - 10:00	;65	;Aumentar por441.7%	;Aumentar por209.5%	;41	;Aumentar por156.3%	;Aumentar por355.6%	;0	; --%	; --%	;6	;Aumentar por200.0%	;Aumentar por200.0%	;0	; --%	; --%	;9	;Aumentar por200.0%	; --%	;
923	;07/09 10:00 - 11:00	;143	;Aumentar por25.4%	;Aumentar por66.3%	;102	;Aumentar por308.0%	;Aumentar por292.3%	;0	; --%	;Disminuir por100.0%	;6	;Aumentar por50.0%	;Disminuir por66.7%	;29	; --%	; --%	;32	;Aumentar por966.7%	; --%	;
924	;07/09 11:00 - 12:00	;91	;Disminuir por10.8%	;Disminuir por44.2%	;55	;Aumentar por27.9%	;Disminuir por32.9%	;0	;Disminuir por100.0%	;Disminuir por100.0%	;7	;Aumentar por40.0%	;Disminuir por66.7%	;1	; --%	;Sin cambios	;5	;Aumentar por66.7%	;Aumentar por25.0%	;
925	;07/09 12:00 - 13:00	;140	;Disminuir por29.6%	;Disminuir por58.7%	;80	;Aumentar por100.0%	;Disminuir por34.4%	;0	; --%	; --%	;3	;Disminuir por25.0%	;Disminuir por62.5%	;0	;Disminuir por100.0%	; --%	;1	;Disminuir por85.7%	;Disminuir por50.0%	;
926	;07/09 13:00 - 14:00	;70	;Aumentar por37.3%	;Disminuir por74.4%	;44	;Aumentar por91.3%	;Disminuir por62.1%	;1	; --%	; --%	;4	;Aumentar por33.3%	;Sin cambios	;0	; --%	; --%	;5	;Disminuir por28.6%	;Aumentar por400.0%	;
927	;07/09 14:00 - 15:00	;61	;Aumentar por74.3%	;Disminuir por60.9%	;25	;Aumentar por19.0%	;Disminuir por67.9%	;0	; --%	; --%	;2	;Disminuir por60.0%	;Sin cambios	;1	; --%	; --%	;7	; --%	;Aumentar por40.0%	;
928	;07/09 15:00 - 16:00	;50	;Disminuir por20.6%	;Disminuir por50.0%	;17	;Disminuir por32.0%	;Disminuir por56.4%	;0	; --%	; --%	;5	;Aumentar por150.0%	;Aumentar por400.0%	;1	;Disminuir por50.0%	;Sin cambios	;1	;Sin cambios	;Disminuir por50.0%	;
929	;07/09 16:00 - 17:00	;50	;Disminuir por39.8%	;Disminuir por66.0%	;41	;Aumentar por78.3%	;Aumentar por36.7%	;0	; --%	; --%	;3	;Aumentar por200.0%	;Sin cambios	;1	;Disminuir por50.0%	;Sin cambios	;5	;Disminuir por37.5%	;Aumentar por66.7%	;
930	;07/09 17:00 - 18:00	;113	;Disminuir por5.8%	;Disminuir por67.6%	;55	;Aumentar por34.1%	;Disminuir por47.6%	;0	; --%	; --%	;1	;Disminuir por50.0%	;Sin cambios	;0	;Disminuir por100.0%	;Disminuir por100.0%	;2	;Disminuir por71.4%	;Disminuir por60.0%	;
931	;07/09 18:00 - 19:00	;293	;Aumentar por76.5%	;Disminuir por55.6%	;111	;Aumentar por29.1%	;Disminuir por44.2%	;0	; --%	; --%	;2	;Disminuir por33.3%	;Aumentar por100.0%	;2	;Disminuir por33.3%	;Disminuir por95.3%	;0	;Disminuir por100.0%	;Disminuir por100.0%	;
932	;07/09 19:00 - 20:00	;522	;Aumentar por163.6%	;Disminuir por41.2%	;175	;Aumentar por201.7%	;Disminuir por47.9%	;0	; --%	; --%	;0	; --%	; --%	;1	;Sin cambios	;Disminuir por96.7%	;6	;Aumentar por200.0%	;Disminuir por14.3%	;
933	;07/09 20:00 - 21:00	;958	;Aumentar por660.3%	;Aumentar por8.2%	;425	;Aumentar por585.5%	;Disminuir por9.4%	;0	; --%	; --%	;0	;Disminuir por100.0%	; --%	;41	;Aumentar por4000.0%	; --%	;47	;Aumentar por1466.7%	;Aumentar por4600.0%	;
934	;07/09 21:00 - 22:00	;1491	;Aumentar por1594.3%	;Aumentar por128.0%	;930	;Aumentar por2225.0%	;Aumentar por137.2%	;0	; --%	; --%	;0	;Disminuir por100.0%	; --%	;32	;Aumentar por1500.0%	;Disminuir por11.1%	;47	; --%	;Disminuir por27.7%	;
935	;07/09 22:00 - 23:00	;1211	;Aumentar por8550.0%	;Aumentar por78.6%	;843	;Aumentar por8330.0%	;Aumentar por94.2%	;0	; --%	; --%	;0	; --%	; --%	;18	; --%	;Disminuir por53.8%	;16	; --%	;Disminuir por56.8%	;
936	;07/09 23:00 - 24:00	;572	;Aumentar por5100.0%	;Aumentar por26.3%	;430	;Aumentar por2766.7%	;Aumentar por58.7%	;0	;Disminuir por100.0%	; --%	;0	;Disminuir por100.0%	; --%	;38	; --%	;Aumentar por72.7%	;16	;Aumentar por700.0%	;Disminuir por54.3%	;
937	;07/10 00:00 - 01:00	;292	;Aumentar por7200.0%	;Aumentar por158.4%	;169	;Aumentar por4125.0%	;Aumentar por87.8%	;0	; --%	; --%	;0	; --%	; --%	;0	; --%	; --%	;3	; --%	;Aumentar por50.0%	;
938	;07/10 01:00 - 02:00	;27	; --%	;Aumentar por80.0%	;17	;Aumentar por1600.0%	;Disminuir por60.5%	;0	; --%	; --%	;0	; --%	; --%	;0	;Disminuir por100.0%	;Disminuir por100.0%	;3	; --%	; --%	;
939	;07/10 02:00 - 03:00	;19	;Aumentar por1800.0%	;Aumentar por5.6%	;38	;Aumentar por3700.0%	;Aumentar por216.7%	;0	; --%	; --%	;2	; --%	;Aumentar por100.0%	;0	; --%	; --%	;2	; --%	; --%	;
940	;07/10 03:00 - 04:00	;9	;Aumentar por12.5%	;Disminuir por25.0%	;4	;Disminuir por50.0%	;Disminuir por50.0%	;0	;Disminuir por100.0%	;Disminuir por100.0%	;0	;Disminuir por100.0%	;Disminuir por100.0%	;0	; --%	; --%	;0	; --%	; --%	;
941	;07/10 04:00 - 05:00	;4	; --%	; --%	;0	; --%	;Disminuir por100.0%	;0	; --%	; --%	;1	; --%	; --%	;0	; --%	; --%	;0	; --%	; --%	;
942	;07/10 05:00 - 06:00	;1	; --%	;Disminuir por83.3%	;1	; --%	; --%	;0	; --%	; --%	;0	; --%	;Disminuir por100.0%	;1	; --%	; --%	;0	; --%	; --%	;
943	;07/10 06:00 - 07:00	;4	;Aumentar por100.0%	;Sin cambios	;6	; --%	; --%	;0	; --%	; --%	;0	;Disminuir por100.0%	;Disminuir por100.0%	;0	; --%	; --%	;1	;Sin cambios	;Sin cambios	;
944	;07/10 07:00 - 08:00	;7	;Aumentar por600.0%	;Aumentar por16.7%	;5	;Aumentar por66.7%	;Aumentar por25.0%	;0	; --%	; --%	;3	;Aumentar por200.0%	;Aumentar por50.0%	;0	; --%	; --%	;1	;Sin cambios	; --%	;
945	;07/10 08:00 - 09:00	;29	;Aumentar por866.7%	;Aumentar por16.0%	;21	;Aumentar por110.0%	;Aumentar por90.9%	;0	; --%	; --%	;4	;Disminuir por33.3%	;Sin cambios	;1	; --%	; --%	;3	;Aumentar por200.0%	;Sin cambios	;
946	;07/10 09:00 - 10:00	;26	;Disminuir por64.9%	;Disminuir por49.0%	;36	;Disminuir por46.3%	;Aumentar por20.0%	;0	; --%	; --%	;3	;Sin cambios	;Disminuir por50.0%	;0	;Disminuir por100.0%	; --%	;5	;Disminuir por28.6%	;Sin cambios	;
947	;07/10 10:00 - 11:00	;63	;Disminuir por52.6%	;Disminuir por63.6%	;28	;Disminuir por37.8%	;Disminuir por78.5%	;2	; --%	; --%	;13	;Aumentar por160.0%	;Aumentar por225.0%	;0	;Disminuir por100.0%	;Disminuir por100.0%	;6	;Aumentar por20.0%	;Aumentar por500.0%	;
948	;07/10 11:00 - 12:00	;157	;Disminuir por11.3%	;Aumentar por33.1%	;64	;Aumentar por42.2%	;Aumentar por30.6%	;0	;Disminuir por100.0%	;Disminuir por100.0%	;4	;Disminuir por33.3%	;Disminuir por33.3%	;1	;Sin cambios	;Sin cambios	;11	;Aumentar por120.0%	;Aumentar por22.2%	;
949	;07/10 12:00 - 13:00	;130	;Disminuir por3.7%	;Disminuir por19.8%	;84	;Aumentar por37.7%	;Aumentar por47.4%	;0	; --%	;Disminuir por100.0%	;4	;Disminuir por42.9%	;Disminuir por20.0%	;1	; --%	;Disminuir por50.0%	;5	;Aumentar por150.0%	;Disminuir por37.5%	;
950	;07/10 13:00 - 14:00	;77	;Disminuir por41.7%	;Disminuir por23.0%	;57	;Aumentar por58.3%	;Disminuir por10.9%	;0	; --%	; --%	;2	;Sin cambios	;Disminuir por50.0%	;1	; --%	; --%	;2	;Disminuir por71.4%	;Disminuir por50.0%	;
951	;07/10 14:00 - 15:00	;63	;Aumentar por50.0%	;Aumentar por18.9%	;53	;Aumentar por152.4%	;Aumentar por231.3%	;0	; --%	;Disminuir por100.0%	;5	; --%	;Sin cambios	;1	;Sin cambios	; --%	;9	;Aumentar por200.0%	;Aumentar por125.0%	;
952	;07/10 15:00 - 16:00	;47	;Disminuir por6.0%	;Aumentar por30.6%	;45	;Aumentar por275.0%	;Aumentar por18.4%	;0	; --%	; --%	;3	;Sin cambios	;Aumentar por50.0%	;1	;Disminuir por50.0%	; --%	;10	;Aumentar por150.0%	;Aumentar por100.0%	;
953	;07/10 16:00 - 17:00	;53	;Disminuir por31.2%	;Disminuir por8.6%	;24	;Disminuir por22.6%	;Disminuir por44.2%	;0	; --%	; --%	;3	;Aumentar por200.0%	;Aumentar por50.0%	;0	; --%	; --%	;5	;Aumentar por66.7%	;Aumentar por66.7%	;
954	;07/10 17:00 - 18:00	;92	;Disminuir por12.4%	;Disminuir por5.2%	;34	;Aumentar por36.0%	;Disminuir por22.7%	;0	;Disminuir por100.0%	; --%	;3	;Sin cambios	;Aumentar por200.0%	;0	;Disminuir por100.0%	;Disminuir por100.0%	;1	;Disminuir por80.0%	;Disminuir por80.0%	;
955	;07/10 18:00 - 19:00	;225	;Disminuir por1.3%	;Aumentar por11.9%	;78	;Disminuir por29.7%	;Disminuir por3.7%	;0	; --%	;Disminuir por100.0%	;1	;Disminuir por75.0%	;Disminuir por50.0%	;9	; --%	; --%	;6	;Disminuir por45.5%	; --%	;
956	;07/10 19:00 - 20:00	;507	;Aumentar por119.5%	;Aumentar por12.7%	;219	;Aumentar por204.2%	;Aumentar por47.0%	;0	; --%	; --%	;0	; --%	; --%	;4	;Aumentar por33.3%	; --%	;4	;Aumentar por300.0%	;Aumentar por100.0%	;
957	;07/10 20:00 - 21:00	;459	;Aumentar por171.6%	;Disminuir por42.0%	;190	;Aumentar por216.7%	;Disminuir por31.4%	;0	; --%	; --%	;0	; --%	; --%	;5	;Aumentar por66.7%	;Aumentar por25.0%	;5	;Aumentar por66.7%	;Aumentar por400.0%	;
958	;07/10 21:00 - 22:00	;288	;Aumentar por396.6%	;Disminuir por77.5%	;150	;Aumentar por248.8%	;Disminuir por83.1%	;0	; --%	; --%	;0	; --%	; --%	;3	;Disminuir por25.0%	;Disminuir por88.5%	;3	;Aumentar por50.0%	;Disminuir por88.9%	;
959	;07/10 22:00 - 23:00	;312	;Aumentar por447.4%	;Disminuir por70.4%	;200	;Aumentar por669.2%	;Disminuir por71.0%	;0	; --%	; --%	;0	; --%	; --%	;3	;Aumentar por200.0%	;Disminuir por66.7%	;3	;Aumentar por200.0%	;Disminuir por93.2%	;
960	;07/10 23:00 - 24:00	;673	;Aumentar por3265.0%	;Aumentar por7.2%	;233	;Aumentar por2018.2%	;Disminuir por39.5%	;0	;Disminuir por100.0%	; --%	;0	; --%	; --%	;2	;Aumentar por100.0%	;Disminuir por75.0%	;3	;Aumentar por200.0%	;Disminuir por40.0%	;
961	;07/11 00:00 - 01:00	;211	;Aumentar por2914.3%	;Aumentar por28.7%	;100	;Aumentar por1328.6%	;Disminuir por4.8%	;0	; --%	; --%	;0	; --%	; --%	;0	; --%	; --%	;0	;Disminuir por100.0%	;Disminuir por100.0%	;
962	;07/11 01:00 - 02:00	;36	;Aumentar por3500.0%	;Aumentar por56.5%	;20	; --%	;Aumentar por17.6%	;0	; --%	; --%	;0	; --%	; --%	;2	; --%	;Aumentar por100.0%	;2	; --%	; --%	;
963	;07/11 02:00 - 03:00	;16	;Aumentar por1500.0%	;Aumentar por220.0%	;25	; --%	;Disminuir por16.7%	;0	; --%	; --%	;1	; --%	;Sin cambios	;0	; --%	; --%	;1	; --%	; --%	;
964	;07/11 03:00 - 04:00	;28	;Aumentar por2700.0%	;Aumentar por600.0%	;33	;Aumentar por3200.0%	;Aumentar por3200.0%	;0	;Disminuir por100.0%	;Disminuir por100.0%	;1	;Disminuir por50.0%	;Sin cambios	;0	;Disminuir por100.0%	; --%	;0	;Disminuir por100.0%	;Disminuir por100.0%	;
965	;07/11 04:00 - 05:00	;6	; --%	;Aumentar por50.0%	;3	; --%	;Aumentar por50.0%	;0	; --%	; --%	;0	; --%	;Disminuir por100.0%	;0	; --%	; --%	;0	; --%	; --%	;
966	;07/11 05:00 - 06:00	;8	; --%	;Aumentar por14.3%	;0	; --%	;Disminuir por100.0%	;0	; --%	; --%	;0	; --%	; --%	;0	; --%	;Disminuir por100.0%	;0	; --%	; --%	;
967	;07/11 06:00 - 07:00	;3	;Aumentar por200.0%	;Disminuir por81.3%	;0	; --%	;Disminuir por100.0%	;1	; --%	;Disminuir por91.7%	;0	;Disminuir por100.0%	;Disminuir por100.0%	;0	; --%	; --%	;0	;Disminuir por100.0%	;Disminuir por100.0%	;
968	;07/11 07:00 - 08:00	;9	; --%	;Aumentar por350.0%	;11	;Aumentar por450.0%	;Aumentar por83.3%	;0	; --%	; --%	;0	;Disminuir por100.0%	;Disminuir por100.0%	;0	; --%	; --%	;1	; --%	; --%	;
969	;07/11 08:00 - 09:00	;19	;Aumentar por280.0%	;Aumentar por26.7%	;26	;Aumentar por1200.0%	;Aumentar por73.3%	;0	; --%	; --%	;3	;Sin cambios	;Disminuir por50.0%	;0	; --%	; --%	;5	;Aumentar por150.0%	;Aumentar por66.7%	;
970	;07/11 09:00 - 10:00	;73	;Aumentar por265.0%	;Aumentar por78.0%	;70	;Aumentar por677.8%	;Aumentar por366.7%	;0	; --%	; --%	;3	;Sin cambios	;Aumentar por200.0%	;0	; --%	;Disminuir por100.0%	;5	;Aumentar por66.7%	;Disminuir por16.7%	;
971	;07/11 10:00 - 11:00	;109	;Aumentar por31.3%	;Disminuir por10.7%	;31	;Aumentar por82.4%	;Aumentar por10.7%	;0	; --%	; --%	;5	;Sin cambios	;Aumentar por400.0%	;0	;Disminuir por100.0%	; --%	;7	;Aumentar por133.3%	;Aumentar por250.0%	;
972	;07/11 11:00 - 12:00	;218	;Aumentar por26.0%	;Aumentar por5.8%	;98	;Aumentar por32.4%	;Aumentar por14.0%	;0	; --%	;Disminuir por100.0%	;4	;Aumentar por33.3%	;Sin cambios	;0	;Disminuir por100.0%	;Disminuir por100.0%	;5	;Aumentar por25.0%	;Aumentar por150.0%	;
973	;07/11 12:00 - 13:00	;165	;Aumentar por39.8%	;Disminuir por44.1%	;75	;Aumentar por59.6%	;Disminuir por39.0%	;0	; --%	;Disminuir por100.0%	;4	;Aumentar por100.0%	;Aumentar por33.3%	;3	; --%	;Disminuir por40.0%	;6	; --%	;Disminuir por75.0%	;
974	;07/11 13:00 - 14:00	;145	;Aumentar por49.5%	;Aumentar por10.7%	;71	;Aumentar por136.7%	;Disminuir por17.4%	;14	; --%	; --%	;14	;Aumentar por250.0%	;Aumentar por600.0%	;0	;Disminuir por100.0%	;Disminuir por100.0%	;5	;Aumentar por66.7%	;Aumentar por66.7%	;
975	;07/11 14:00 - 15:00	;116	;Aumentar por114.8%	;Aumentar por75.8%	;61	;Aumentar por306.7%	;Aumentar por52.5%	;0	;Disminuir por100.0%	; --%	;1	;Sin cambios	;Sin cambios	;1	; --%	;Disminuir por66.7%	;3	;Disminuir por40.0%	;Disminuir por57.1%	;
976	;07/11 15:00 - 16:00	;105	;Aumentar por61.5%	;Aumentar por50.0%	;56	;Aumentar por166.7%	;Aumentar por9.8%	;0	;Disminuir por100.0%	; --%	;1	;Disminuir por66.7%	;Disminuir por66.7%	;2	;Aumentar por100.0%	; --%	;5	;Disminuir por16.7%	;Disminuir por28.6%	;
977	;07/11 16:00 - 17:00	;89	;Aumentar por20.3%	;Aumentar por74.5%	;63	;Aumentar por250.0%	;Aumentar por37.0%	;0	; --%	; --%	;2	;Sin cambios	;Disminuir por33.3%	;0	;Disminuir por100.0%	; --%	;6	;Aumentar por100.0%	;Aumentar por50.0%	;
978	;07/11 17:00 - 18:00	;152	;Aumentar por19.7%	;Aumentar por81.0%	;101	;Aumentar por110.4%	;Aumentar por60.3%	;0	; --%	; --%	;1	;Disminuir por50.0%	;Disminuir por80.0%	;4	; --%	;Aumentar por100.0%	;9	;Aumentar por200.0%	;Aumentar por200.0%	;
979	;07/11 18:00 - 19:00	;461	;Aumentar por116.4%	;Aumentar por70.1%	;209	;Aumentar por99.0%	;Aumentar por75.6%	;0	; --%	; --%	;0	; --%	; --%	;4	;Aumentar por100.0%	;Aumentar por33.3%	;4	;Sin cambios	;Disminuir por55.6%	;
980	;07/11 19:00 - 20:00	;1014	;Aumentar por263.4%	;Aumentar por106.1%	;495	;Aumentar por395.0%	;Aumentar por241.4%	;0	; --%	; --%	;0	; --%	; --%	;12	;Aumentar por71.4%	;Aumentar por200.0%	;22	;Aumentar por633.3%	;Aumentar por1000.0%	;
981	;07/11 20:00 - 21:00	;1908	;Aumentar por711.9%	;Aumentar por147.8%	;1074	;Aumentar por1093.3%	;Aumentar por151.5%	;0	; --%	; --%	;0	;Disminuir por100.0%	; --%	;49	;Aumentar por188.2%	;Aumentar por2350.0%	;44	;Aumentar por528.6%	;Aumentar por2100.0%	;
982	;07/11 21:00 - 22:00	;1943	;Aumentar por1186.8%	;Aumentar por34.7%	;1258	;Aumentar por966.1%	;Aumentar por35.1%	;0	; --%	; --%	;0	; --%	; --%	;25	;Aumentar por1150.0%	;Disminuir por50.0%	;42	;Aumentar por2000.0%	;Aumentar por27.3%	;
983	;07/11 22:00 - 23:00	;2492	;Aumentar por2229.0%	;Aumentar por83.8%	;2035	;Aumentar por5552.8%	;Aumentar por92.0%	;0	; --%	; --%	;0	; --%	; --%	;55	;Aumentar por2650.0%	;Aumentar por139.1%	;57	; --%	;Aumentar por111.1%	;
984	;07/11 23:00 - 24:00	;1479	;Aumentar por2075.0%	;Aumentar por176.4%	;1146	;Aumentar por3083.3%	;Aumentar por332.5%	;0	; --%	; --%	;0	; --%	; --%	;35	; --%	;Aumentar por600.0%	;29	;Aumentar por2800.0%	;Aumentar por1350.0%	;
985	;07/12 00:00 - 01:00	;585	;Aumentar por11600.0%	;Aumentar por84.0%	;326	;Aumentar por3522.2%	;Aumentar por117.3%	;0	; --%	; --%	;0	; --%	; --%	;5	; --%	;Aumentar por400.0%	;4	;Aumentar por300.0%	;Aumentar por100.0%	;
986	;07/12 01:00 - 02:00	;110	;Aumentar por1275.0%	;Aumentar por150.0%	;61	;Aumentar por2950.0%	;Aumentar por84.8%	;0	; --%	; --%	;1	; --%	;Disminuir por50.0%	;0	; --%	;Disminuir por100.0%	;2	; --%	;Disminuir por33.3%	;
987	;07/12 02:00 - 03:00	;17	;Aumentar por750.0%	;Aumentar por240.0%	;27	; --%	;Aumentar por350.0%	;0	; --%	; --%	;1	; --%	;Sin cambios	;0	; --%	; --%	;1	; --%	; --%	;
988	;07/12 03:00 - 04:00	;28	;Aumentar por211.1%	;Aumentar por180.0%	;31	;Aumentar por181.8%	;Aumentar por210.0%	;1	;Sin cambios	; --%	;1	;Disminuir por50.0%	; --%	;1	; --%	; --%	;2	; --%	; --%	;
989	;07/12 04:00 - 05:00	;4	; --%	; --%	;1	; --%	;Sin cambios	;0	; --%	; --%	;0	;Disminuir por100.0%	;Disminuir por100.0%	;0	; --%	; --%	;0	; --%	; --%	;
990	;07/12 05:00 - 06:00	;17	; --%	;Aumentar por183.3%	;9	; --%	; --%	;0	; --%	; --%	;0	; --%	; --%	;0	; --%	; --%	;0	; --%	; --%	;
991	;07/12 06:00 - 07:00	;3	; --%	;Sin cambios	;1	; --%	;Sin cambios	;0	; --%	; --%	;0	; --%	;Disminuir por100.0%	;1	; --%	; --%	;2	; --%	; --%	;
992	;07/12 07:00 - 08:00	;10	;Aumentar por233.3%	;Aumentar por66.7%	;1	;Sin cambios	;Sin cambios	;0	; --%	; --%	;0	; --%	; --%	;0	; --%	; --%	;2	; --%	; --%	;
993	;07/12 08:00 - 09:00	;19	;Aumentar por90.0%	;Aumentar por18.8%	;8	;Aumentar por33.3%	;Sin cambios	;0	; --%	; --%	;2	;Disminuir por50.0%	;Disminuir por66.7%	;0	; --%	;Disminuir por100.0%	;3	;Sin cambios	;Aumentar por200.0%	;
994	;07/12 09:00 - 10:00	;38	;Aumentar por100.0%	;Disminuir por19.1%	;28	;Aumentar por100.0%	;Aumentar por16.7%	;0	; --%	; --%	;2	;Disminuir por33.3%	;Disminuir por33.3%	;1	; --%	;Sin cambios	;5	;Aumentar por150.0%	;Aumentar por25.0%	;
995	;07/12 10:00 - 11:00	;153	;Aumentar por12.5%	;Aumentar por21.4%	;70	;Aumentar por118.8%	;Aumentar por42.9%	;0	; --%	; --%	;2	;Disminuir por33.3%	;Disminuir por33.3%	;5	; --%	;Aumentar por400.0%	;11	;Aumentar por266.7%	;Aumentar por57.1%	;
996	;07/12 11:00 - 12:00	;193	;Disminuir por29.6%	;Aumentar por107.5%	;61	;Disminuir por30.7%	;Sin cambios	;0	; --%	; --%	;0	; --%	;Disminuir por100.0%	;7	;Aumentar por75.0%	; --%	;5	;Aumentar por150.0%	;Aumentar por400.0%	;
997	;07/12 12:00 - 13:00	;271	;Aumentar por1.9%	;Aumentar por44.9%	;101	;Aumentar por40.3%	;Aumentar por14.8%	;0	; --%	; --%	;1	;Sin cambios	;Sin cambios	;3	; --%	; --%	;9	;Aumentar por800.0%	; --%	;
998	;07/12 13:00 - 14:00	;157	;Aumentar por0.6%	;Aumentar por130.9%	;78	;Aumentar por16.4%	;Aumentar por11.4%	;0	; --%	;Disminuir por100.0%	;2	;Aumentar por100.0%	;Disminuir por60.0%	;4	;Aumentar por33.3%	; --%	;8	;Aumentar por166.7%	; --%	;
999	;07/12 14:00 - 15:00	;93	;Disminuir por6.1%	;Aumentar por151.4%	;56	;Aumentar por27.3%	;Aumentar por211.1%	;0	; --%	; --%	;2	;Aumentar por100.0%	;Disminuir por66.7%	;1	;Sin cambios	; --%	;3	;Sin cambios	;Aumentar por200.0%	;
1000	;07/12 15:00 - 16:00	;75	;Disminuir por35.3%	;Disminuir por49.0%	;40	;Disminuir por4.8%	;Aumentar por17.6%	;0	; --%	; --%	;0	; --%	;Disminuir por100.0%	;0	; --%	; --%	;1	;Disminuir por75.0%	;Disminuir por66.7%	;
1001	;07/12 16:00 - 17:00	;105	;Disminuir por11.0%	;Aumentar por14.1%	;68	;Aumentar por78.9%	;Aumentar por51.1%	;0	; --%	; --%	;1	; --%	;Disminuir por75.0%	;1	; --%	;Sin cambios	;4	;Sin cambios	;Sin cambios	;
1002	;07/12 17:00 - 18:00	;160	;Disminuir por29.2%	;Disminuir por22.3%	;71	;Disminuir por31.1%	;Disminuir por21.1%	;0	; --%	; --%	;1	; --%	;Sin cambios	;1	; --%	;Disminuir por66.7%	;7	; --%	;Disminuir por12.5%	;
1003	;07/12 18:00 - 19:00	;323	;Disminuir por41.1%	;Aumentar por27.7%	;117	;Disminuir por74.7%	;Disminuir por17.0%	;0	; --%	; --%	;0	; --%	;Disminuir por100.0%	;0	; --%	;Disminuir por100.0%	;0	;Disminuir por100.0%	;Disminuir por100.0%	;
1004	;07/12 19:00 - 20:00	;753	;Aumentar por72.3%	;Aumentar por85.9%	;237	;Aumentar por24.1%	;Aumentar por59.1%	;0	; --%	; --%	;0	; --%	; --%	;1	; --%	; --%	;3	;Aumentar por200.0%	;Disminuir por40.0%	;
1005	;07/12 20:00 - 21:00	;1472	;Aumentar por260.8%	;Aumentar por50.8%	;798	;Aumentar por386.6%	;Aumentar por105.1%	;0	; --%	; --%	;0	; --%	; --%	;11	;Aumentar por83.3%	; --%	;19	; --%	;Aumentar por375.0%	;
1006	;07/12 21:00 - 22:00	;2067	;Aumentar por272.4%	;Disminuir por5.7%	;1737	;Aumentar por355.9%	;Aumentar por10.1%	;0	; --%	; --%	;0	; --%	; --%	;34	;Aumentar por88.9%	;Aumentar por1033.3%	;51	;Aumentar por112.5%	;Aumentar por750.0%	;
1007	;07/12 22:00 - 23:00	;1773	;Aumentar por288.0%	;Aumentar por14.8%	;1352	;Aumentar por237.2%	;Aumentar por23.8%	;0	; --%	; --%	;0	;Disminuir por100.0%	; --%	;81	;Aumentar por3950.0%	;Aumentar por2600.0%	;178	;Aumentar por17700.0%	;Aumentar por5833.3%	;
1008	;07/12 23:00 - 24:00	;1136	;Aumentar por672.8%	;Disminuir por9.5%	;852	;Aumentar por939.0%	;Disminuir por9.9%	;0	; --%	; --%	;0	; --%	; --%	;40	; --%	;Aumentar por344.4%	;128	;Aumentar por4166.7%	;Aumentar por1322.2%	;
1009	;07/13 00:00 - 01:00	;111	;Aumentar por909.1%	;Disminuir por71.8%	;84	;Aumentar por663.6%	;Disminuir por64.3%	;0	; --%	; --%	;0	; --%	; --%	;0	; --%	;Disminuir por100.0%	;2	;Aumentar por100.0%	;Disminuir por86.7%	;
1010	;07/13 01:00 - 02:00	;40	;Aumentar por700.0%	;Disminuir por25.9%	;22	;Aumentar por15.8%	;Disminuir por72.8%	;0	; --%	; --%	;1	; --%	;Disminuir por50.0%	;0	; --%	;Disminuir por100.0%	;0	; --%	; --%	;
1011	;07/13 02:00 - 03:00	;12	;Aumentar por50.0%	;Disminuir por14.3%	;11	;Aumentar por22.2%	;Disminuir por69.4%	;0	; --%	; --%	;0	; --%	;Disminuir por100.0%	;0	; --%	; --%	;0	; --%	;Disminuir por100.0%	;
1012	;07/13 03:00 - 04:00	;5	;Sin cambios	;Sin cambios	;1	;Disminuir por80.0%	;Disminuir por94.1%	;0	;Disminuir por100.0%	; --%	;0	;Disminuir por100.0%	;Disminuir por100.0%	;0	; --%	; --%	;2	; --%	; --%	;
1013	;07/13 04:00 - 05:00	;17	; --%	;Aumentar por41.7%	;16	;Aumentar por220.0%	;Aumentar por23.1%	;16	; --%	; --%	;19	; --%	;Aumentar por1800.0%	;1	; --%	;Sin cambios	;0	; --%	;Disminuir por100.0%	;
1014	;07/13 05:00 - 06:00	;2	;Sin cambios	;Disminuir por71.4%	;0	;Disminuir por100.0%	; --%	;0	; --%	; --%	;0	; --%	; --%	;0	; --%	;Disminuir por100.0%	;0	; --%	; --%	;
1015	;07/13 06:00 - 07:00	;6	;Aumentar por500.0%	;Aumentar por50.0%	;1	; --%	;Sin cambios	;0	; --%	; --%	;0	;Disminuir por100.0%	; --%	;0	; --%	; --%	;1	; --%	;Disminuir por50.0%	;
1016	;07/13 07:00 - 08:00	;4	;Aumentar por100.0%	;Disminuir por55.6%	;1	; --%	;Disminuir por85.7%	;0	; --%	; --%	;3	;Sin cambios	; --%	;0	; --%	; --%	;1	; --%	; --%	;
1017	;07/13 08:00 - 09:00	;16	;Aumentar por300.0%	;Disminuir por30.4%	;16	;Aumentar por166.7%	;Aumentar por33.3%	;0	; --%	; --%	;5	;Aumentar por25.0%	;Aumentar por66.7%	;0	;Disminuir por100.0%	;Disminuir por100.0%	;2	; --%	;Aumentar por100.0%	;
1018	;07/13 09:00 - 10:00	;25	;Disminuir por19.4%	;Disminuir por54.5%	;27	;Disminuir por78.2%	;Disminuir por35.7%	;0	; --%	; --%	;4	;Aumentar por100.0%	;Sin cambios	;0	;Disminuir por100.0%	;Disminuir por100.0%	;5	;Aumentar por66.7%	;Aumentar por66.7%	;
1019	;07/13 10:00 - 11:00	;111	;Disminuir por6.7%	;Disminuir por19.6%	;32	;Aumentar por68.4%	;Disminuir por59.5%	;0	; --%	; --%	;4	;Aumentar por300.0%	;Aumentar por33.3%	;1	;Sin cambios	;Disminuir por66.7%	;4	;Aumentar por100.0%	;Disminuir por33.3%	;
1020	;07/13 11:00 - 12:00	;144	;Disminuir por22.6%	;Disminuir por30.4%	;52	;Aumentar por18.2%	;Disminuir por43.5%	;0	; --%	; --%	;3	;Sin cambios	;Disminuir por25.0%	;0	; --%	;Disminuir por100.0%	;7	; --%	;Aumentar por75.0%	;
1021	;07/13 12:00 - 13:00	;139	;Aumentar por18.8%	;Disminuir por27.6%	;72	;Aumentar por63.6%	;Disminuir por5.3%	;0	; --%	; --%	;5	; --%	;Aumentar por400.0%	;0	; --%	;Disminuir por100.0%	;8	;Aumentar por700.0%	;Aumentar por100.0%	;
1022	;07/13 13:00 - 14:00	;101	;Aumentar por55.4%	;Sin cambios	;54	;Aumentar por68.8%	;Disminuir por12.9%	;0	; --%	; --%	;7	;Aumentar por133.3%	;Aumentar por250.0%	;0	;Disminuir por100.0%	;Disminuir por100.0%	;8	;Aumentar por300.0%	;Aumentar por166.7%	;
1023	;07/13 14:00 - 15:00	;60	;Aumentar por650.0%	;Disminuir por31.8%	;52	;Aumentar por100.0%	;Aumentar por20.9%	;0	; --%	;Disminuir por100.0%	;5	; --%	; --%	;0	; --%	; --%	;7	; --%	;Aumentar por600.0%	;
1024	;07/13 15:00 - 16:00	;33	;Disminuir por15.4%	;Disminuir por64.9%	;45	;Aumentar por87.5%	;Disminuir por21.1%	;0	; --%	; --%	;4	; --%	;Aumentar por33.3%	;1	; --%	;Sin cambios	;4	; --%	;Aumentar por100.0%	;
1025	;07/13 16:00 - 17:00	;83	;Aumentar por56.6%	;Aumentar por13.7%	;42	;Aumentar por200.0%	;Disminuir por6.7%	;0	; --%	; --%	;3	;Sin cambios	;Aumentar por200.0%	;1	; --%	;Sin cambios	;3	;Aumentar por200.0%	;Aumentar por50.0%	;
1026	;07/13 17:00 - 18:00	;81	;Aumentar por153.1%	;Disminuir por48.7%	;36	;Aumentar por56.5%	;Disminuir por57.1%	;0	; --%	; --%	;3	;Aumentar por200.0%	; --%	;1	; --%	;Disminuir por66.7%	;10	; --%	;Aumentar por900.0%	;
1027	;07/13 18:00 - 19:00	;204	;Aumentar por325.0%	;Disminuir por24.2%	;85	;Aumentar por400.0%	;Disminuir por36.1%	;0	; --%	; --%	;2	;Aumentar por100.0%	; --%	;3	; --%	;Aumentar por200.0%	;9	;Aumentar por800.0%	;Aumentar por200.0%	;
1028	;07/13 19:00 - 20:00	;458	;Aumentar por780.8%	;Disminuir por31.9%	;133	;Aumentar por329.0%	;Disminuir por62.3%	;0	; --%	; --%	;0	;Disminuir por100.0%	; --%	;7	; --%	;Aumentar por75.0%	;4	; --%	;Sin cambios	;
1029	;07/13 20:00 - 21:00	;936	;Aumentar por2574.3%	;Disminuir por44.3%	;401	;Aumentar por2764.3%	;Disminuir por66.9%	;0	; --%	; --%	;0	;Disminuir por100.0%	; --%	;7	; --%	;Disminuir por66.7%	;10	; --%	;Disminuir por63.0%	;
1030	;07/13 21:00 - 22:00	;1489	;Aumentar por11353.8%	;Disminuir por15.1%	;1042	;Aumentar por6846.7%	;Disminuir por24.2%	;0	;Disminuir por100.0%	; --%	;0	;Disminuir por100.0%	; --%	;28	; --%	;Aumentar por75.0%	;46	; --%	;Aumentar por4.5%	;
1031	;07/13 22:00 - 23:00	;1571	;Aumentar por17355.6%	;Aumentar por4.5%	;1261	;Aumentar por31425.0%	;Aumentar por25.2%	;0	; --%	; --%	;0	;Disminuir por100.0%	; --%	;41	; --%	;Aumentar por78.3%	;61	;Aumentar por6000.0%	;Disminuir por4.7%	;
1032	;07/13 23:00 - 24:00	;801	;Aumentar por7181.8%	;Aumentar por15.4%	;557	;Aumentar por11040.0%	;Aumentar por23.2%	;0	; --%	; --%	;0	; --%	; --%	;27	; --%	;Aumentar por170.0%	;34	; --%	;Aumentar por70.0%	;
1033	;07/14 00:00 - 01:00	;203	;Aumentar por2437.5%	;Aumentar por29.3%	;132	; --%	;Disminuir por13.2%	;0	; --%	; --%	;0	; --%	; --%	;1	; --%	;Sin cambios	;1	; --%	;Disminuir por50.0%	;
1034	;07/14 01:00 - 02:00	;18	; --%	;Disminuir por52.6%	;33	; --%	;Aumentar por10.0%	;0	; --%	; --%	;0	; --%	;Disminuir por100.0%	;0	; --%	;Disminuir por100.0%	;3	; --%	;Aumentar por50.0%	;
1035	;07/14 02:00 - 03:00	;10	;Aumentar por900.0%	;Aumentar por11.1%	;13	; --%	;Aumentar por62.5%	;0	; --%	;Disminuir por100.0%	;1	;Sin cambios	;Disminuir por50.0%	;0	; --%	; --%	;0	; --%	; --%	;
1036	;07/14 03:00 - 04:00	;0	; --%	;Disminuir por100.0%	;4	;Aumentar por300.0%	;Disminuir por55.6%	;0	; --%	; --%	;0	; --%	; --%	;1	; --%	; --%	;0	; --%	; --%	;
1037	;07/14 04:00 - 05:00	;1	; --%	; --%	;0	; --%	; --%	;0	; --%	; --%	;1	; --%	;Disminuir por50.0%	;0	; --%	; --%	;0	; --%	; --%	;
1038	;07/14 05:00 - 06:00	;1	; --%	;Disminuir por87.5%	;1	; --%	;Disminuir por90.9%	;0	; --%	;Disminuir por100.0%	;0	;Disminuir por100.0%	;Disminuir por100.0%	;0	; --%	;Disminuir por100.0%	;0	; --%	; --%	;
1039	;07/14 06:00 - 07:00	;5	;Aumentar por150.0%	;Aumentar por66.7%	;1	; --%	; --%	;0	; --%	; --%	;3	; --%	;Aumentar por50.0%	;0	; --%	; --%	;1	;Sin cambios	; --%	;
1040	;07/14 07:00 - 08:00	;5	; --%	;Disminuir por28.6%	;4	; --%	;Aumentar por100.0%	;0	; --%	; --%	;1	; --%	;Disminuir por75.0%	;0	; --%	; --%	;1	; --%	; --%	;
1041	;07/14 08:00 - 09:00	;20	;Aumentar por185.7%	;Aumentar por42.9%	;26	;Aumentar por420.0%	;Aumentar por116.7%	;0	;Disminuir por100.0%	; --%	;4	;Aumentar por33.3%	;Aumentar por33.3%	;1	; --%	;Sin cambios	;3	; --%	;Aumentar por200.0%	;
1042	;07/14 09:00 - 10:00	;46	;Aumentar por1050.0%	;Aumentar por70.4%	;24	;Aumentar por242.9%	;Aumentar por9.1%	;1	; --%	; --%	;4	;Aumentar por33.3%	;Aumentar por33.3%	;1	; --%	;Sin cambios	;7	; --%	;Aumentar por40.0%	;
1043	;07/14 10:00 - 11:00	;97	;Aumentar por102.1%	;Aumentar por1.0%	;46	;Aumentar por206.7%	;Aumentar por7.0%	;0	; --%	; --%	;8	;Aumentar por166.7%	;Aumentar por14.3%	;1	; --%	; --%	;6	; --%	;Aumentar por20.0%	;
1044	;07/14 11:00 - 12:00	;109	;Disminuir por33.5%	;Aumentar por0.9%	;41	;Disminuir por12.8%	;Disminuir por28.1%	;3	; --%	; --%	;5	;Aumentar por150.0%	;Aumentar por25.0%	;1	;Sin cambios	;Disminuir por50.0%	;4	;Aumentar por100.0%	;Sin cambios	;
1045	;07/14 12:00 - 13:00	;91	;Disminuir por55.2%	;Disminuir por6.2%	;69	;Aumentar por50.0%	;Aumentar por102.9%	;1	; --%	; --%	;2	;Sin cambios	;Disminuir por33.3%	;2	;Aumentar por100.0%	;Aumentar por100.0%	;6	;Aumentar por200.0%	;Disminuir por25.0%	;
1046	;07/14 13:00 - 14:00	;71	;Aumentar por1.4%	;Disminuir por16.5%	;61	;Aumentar por84.8%	;Aumentar por5.2%	;0	; --%	; --%	;0	;Disminuir por100.0%	;Disminuir por100.0%	;1	; --%	; --%	;5	;Sin cambios	;Aumentar por25.0%	;
1047	;07/14 14:00 - 15:00	;60	;Aumentar por5.3%	;Disminuir por15.5%	;37	;Aumentar por60.9%	;Aumentar por42.3%	;0	; --%	; --%	;1	;Sin cambios	;Disminuir por66.7%	;2	; --%	; --%	;5	;Aumentar por400.0%	;Aumentar por150.0%	;
1048	;07/14 15:00 - 16:00	;50	;Disminuir por9.1%	;Aumentar por13.6%	;42	;Aumentar por2.4%	;Aumentar por10.5%	;0	; --%	; --%	;3	;Sin cambios	;Aumentar por200.0%	;1	; --%	;Sin cambios	;4	;Aumentar por300.0%	;Aumentar por33.3%	;
1049	;07/14 16:00 - 17:00	;51	;Disminuir por30.1%	;Aumentar por27.5%	;34	;Aumentar por78.9%	;Aumentar por25.9%	;0	; --%	; --%	;3	; --%	;Disminuir por50.0%	;0	;Disminuir por100.0%	; --%	;4	;Aumentar por100.0%	;Aumentar por33.3%	;
1050	;07/14 17:00 - 18:00	;66	;Disminuir por45.0%	;Aumentar por6.5%	;49	;Aumentar por16.7%	;Aumentar por63.3%	;0	; --%	; --%	;2	;Disminuir por33.3%	;Disminuir por50.0%	;2	;Sin cambios	;Sin cambios	;3	; --%	;Sin cambios	;
1051	;07/14 18:00 - 19:00	;258	;Aumentar por150.5%	;Aumentar por50.9%	;119	;Aumentar por357.7%	;Aumentar por28.0%	;0	; --%	; --%	;1	; --%	;Sin cambios	;0	; --%	;Disminuir por100.0%	;8	;Aumentar por300.0%	;Disminuir por20.0%	;
1052	;07/14 19:00 - 20:00	;474	;Aumentar por347.2%	;Disminuir por12.7%	;265	;Aumentar por846.4%	;Aumentar por44.8%	;0	; --%	; --%	;0	;Disminuir por100.0%	; --%	;1	;Disminuir por66.7%	;Sin cambios	;2	;Sin cambios	;Disminuir por50.0%	;
1053	;07/14 20:00 - 21:00	;322	;Aumentar por685.4%	;Disminuir por69.3%	;243	;Aumentar por2600.0%	;Disminuir por57.4%	;0	; --%	; --%	;0	;Disminuir por100.0%	; --%	;2	;Aumentar por100.0%	;Disminuir por33.3%	;5	;Aumentar por400.0%	;Disminuir por50.0%	;
1054	;07/14 21:00 - 22:00	;313	;Aumentar por3377.8%	;Disminuir por75.6%	;235	;Aumentar por1858.3%	;Disminuir por72.2%	;0	; --%	; --%	;0	; --%	; --%	;8	; --%	;Disminuir por80.0%	;23	; --%	;Disminuir por54.0%	;
1055	;07/14 22:00 - 23:00	;285	;Aumentar por3971.4%	;Disminuir por78.9%	;277	;Aumentar por6825.0%	;Disminuir por69.8%	;0	; --%	; --%	;0	; --%	; --%	;13	; --%	;Disminuir por59.4%	;27	; --%	;Disminuir por28.9%	;
1056	;07/14 23:00 - 24:00	;668	; --%	;Disminuir por28.7%	;230	;Aumentar por22900.0%	;Disminuir por65.2%	;0	; --%	; --%	;0	; --%	; --%	;0	; --%	;Disminuir por100.0%	;2	; --%	;Disminuir por95.8%	;
1057	;07/15 00:00 - 01:00	;112	; --%	;Disminuir por17.0%	;58	;Aumentar por5700.0%	;Disminuir por37.0%	;0	; --%	; --%	;0	; --%	; --%	;0	; --%	; --%	;2	; --%	;Aumentar por100.0%	;
1058	;07/15 01:00 - 02:00	;36	; --%	;Aumentar por2.9%	;33	; --%	;Aumentar por22.2%	;0	; --%	; --%	;1	; --%	; --%	;0	; --%	; --%	;0	; --%	; --%	;
1059	;07/15 02:00 - 03:00	;18	;Aumentar por1700.0%	;Aumentar por63.6%	;20	; --%	;Disminuir por4.8%	;0	; --%	; --%	;1	;Sin cambios	;Sin cambios	;0	; --%	; --%	;1	; --%	; --%	;
1060	;07/15 03:00 - 04:00	;5	; --%	;Disminuir por68.8%	;4	;Aumentar por300.0%	;Disminuir por63.6%	;0	; --%	;Disminuir por100.0%	;0	; --%	;Disminuir por100.0%	;0	; --%	; --%	;0	; --%	; --%	;
1061	;07/15 04:00 - 05:00	;4	;Aumentar por300.0%	; --%	;1	; --%	; --%	;0	; --%	; --%	;1	; --%	; --%	;0	; --%	; --%	;1	; --%	;Disminuir por50.0%	;
1062	;07/15 05:00 - 06:00	;3	;Aumentar por200.0%	;Sin cambios	;1	; --%	;Disminuir por80.0%	;0	; --%	; --%	;0	; --%	;Disminuir por100.0%	;1	; --%	;Sin cambios	;0	; --%	; --%	;
1063	;07/15 06:00 - 07:00	;3	; --%	;Disminuir por86.4%	;3	; --%	; --%	;0	; --%	; --%	;3	;Aumentar por50.0%	;Aumentar por50.0%	;1	; --%	; --%	;0	;Disminuir por100.0%	;Disminuir por100.0%	;
1064	;07/15 07:00 - 08:00	;7	; --%	;Disminuir por41.7%	;6	;Aumentar por500.0%	;Disminuir por33.3%	;0	; --%	; --%	;3	;Disminuir por50.0%	;Sin cambios	;0	; --%	; --%	;0	; --%	; --%	;
1065	;07/15 08:00 - 09:00	;23	;Aumentar por228.6%	;Disminuir por4.2%	;15	;Aumentar por200.0%	;Aumentar por7.1%	;0	;Disminuir por100.0%	; --%	;3	;Disminuir por50.0%	;Aumentar por200.0%	;0	; --%	; --%	;1	;Disminuir por83.3%	;Sin cambios	;
1066	;07/15 09:00 - 10:00	;50	;Aumentar por455.6%	;Aumentar por108.3%	;33	;Aumentar por371.4%	;Aumentar por37.5%	;0	; --%	; --%	;4	;Disminuir por55.6%	;Disminuir por33.3%	;0	; --%	;Disminuir por100.0%	;6	;Aumentar por100.0%	;Disminuir por25.0%	;
1067	;07/15 10:00 - 11:00	;88	;Disminuir por6.4%	;Aumentar por41.9%	;53	;Aumentar por488.9%	;Aumentar por26.2%	;1	; --%	; --%	;8	;Aumentar por300.0%	;Aumentar por100.0%	;4	; --%	;Disminuir por20.0%	;8	;Aumentar por166.7%	;Sin cambios	;
1068	;07/15 11:00 - 12:00	;151	;Aumentar por29.1%	;Aumentar por69.7%	;80	;Aumentar por21.2%	;Aumentar por105.1%	;0	; --%	; --%	;4	;Sin cambios	;Aumentar por100.0%	;2	;Aumentar por100.0%	;Disminuir por66.7%	;6	;Aumentar por200.0%	;Aumentar por50.0%	;
1069	;07/15 12:00 - 13:00	;124	;Aumentar por13.8%	;Disminuir por23.0%	;62	;Aumentar por55.0%	;Aumentar por3.3%	;0	; --%	; --%	;9	;Aumentar por50.0%	;Aumentar por125.0%	;4	;Sin cambios	; --%	;10	;Aumentar por900.0%	;Aumentar por100.0%	;
1070	;07/15 13:00 - 14:00	;94	;Aumentar por168.6%	;Aumentar por22.1%	;91	;Aumentar por435.3%	;Aumentar por71.7%	;0	; --%	; --%	;3	;Aumentar por50.0%	;Sin cambios	;0	; --%	;Disminuir por100.0%	;3	;Aumentar por50.0%	;Sin cambios	;
1071	;07/15 14:00 - 15:00	;99	;Aumentar por230.0%	;Aumentar por83.3%	;34	;Aumentar por209.1%	;Aumentar por13.3%	;0	; --%	; --%	;5	;Aumentar por400.0%	; --%	;1	;Disminuir por50.0%	; --%	;6	;Aumentar por200.0%	;Aumentar por50.0%	;
1072	;07/15 15:00 - 16:00	;62	;Aumentar por21.6%	;Aumentar por47.6%	;43	;Aumentar por115.0%	;Aumentar por95.5%	;0	; --%	; --%	;1	;Disminuir por80.0%	;Sin cambios	;2	; --%	; --%	;2	;Aumentar por100.0%	;Disminuir por71.4%	;
1073	;07/15 16:00 - 17:00	;72	;Aumentar por28.6%	;Aumentar por12.5%	;50	;Aumentar por117.4%	;Aumentar por25.0%	;0	; --%	; --%	;7	;Aumentar por600.0%	;Aumentar por75.0%	;0	; --%	; --%	;7	;Aumentar por250.0%	;Aumentar por250.0%	;
1074	;07/15 17:00 - 18:00	;120	;Aumentar por51.9%	;Aumentar por160.9%	;54	;Aumentar por217.6%	;Aumentar por116.0%	;0	; --%	; --%	;4	;Aumentar por100.0%	;Aumentar por100.0%	;1	;Disminuir por66.7%	;Disminuir por50.0%	;2	;Disminuir por50.0%	;Sin cambios	;
1075	;07/15 18:00 - 19:00	;338	;Aumentar por356.8%	;Aumentar por35.2%	;107	;Aumentar por365.2%	;Disminuir por2.7%	;0	; --%	; --%	;1	;Disminuir por50.0%	;Disminuir por50.0%	;1	; --%	;Sin cambios	;2	;Disminuir por33.3%	;Disminuir por33.3%	;
1076	;07/15 19:00 - 20:00	;632	;Aumentar por971.2%	;Aumentar por31.4%	;154	;Aumentar por670.0%	;Disminuir por12.5%	;0	; --%	; --%	;0	;Disminuir por100.0%	; --%	;0	;Disminuir por100.0%	;Disminuir por100.0%	;1	;Disminuir por50.0%	;Disminuir por66.7%	;
1077	;07/15 20:00 - 21:00	;1031	;Aumentar por2354.8%	;Disminuir por7.5%	;497	;Aumentar por3213.3%	;Disminuir por19.7%	;0	; --%	; --%	;0	;Disminuir por100.0%	; --%	;5	;Aumentar por400.0%	;Disminuir por58.3%	;4	; --%	;Disminuir por76.5%	;
1078	;07/15 21:00 - 22:00	;993	;Aumentar por5416.7%	;Disminuir por31.4%	;575	;Aumentar por11400.0%	;Disminuir por42.3%	;0	; --%	; --%	;0	; --%	; --%	;56	; --%	;Aumentar por600.0%	;61	; --%	;Aumentar por96.8%	;
1079	;07/15 22:00 - 23:00	;977	;Aumentar por16183.3%	;Disminuir por33.0%	;683	;Aumentar por22666.7%	;Disminuir por28.9%	;0	; --%	; --%	;0	; --%	; --%	;45	; --%	;Disminuir por30.8%	;49	; --%	;Disminuir por71.5%	;
1080	;07/15 23:00 - 24:00	;588	;Aumentar por9700.0%	;Disminuir por23.5%	;372	;Aumentar por37100.0%	;Disminuir por27.6%	;0	; --%	; --%	;0	; --%	; --%	;9	; --%	;Sin cambios	;10	; --%	;Disminuir por44.4%	;
1081	;07/16 00:00 - 01:00	;168	;Aumentar por16700.0%	;Disminuir por6.7%	;88	;Aumentar por8700.0%	;Aumentar por1.1%	;0	; --%	; --%	;0	; --%	; --%	;0	; --%	; --%	;3	; --%	; --%	;
1082	;07/16 01:00 - 02:00	;52	;Aumentar por5100.0%	;Aumentar por85.7%	;40	; --%	;Aumentar por122.2%	;0	; --%	; --%	;0	; --%	; --%	;0	; --%	; --%	;0	;Disminuir por100.0%	;Disminuir por100.0%	;
1083	;07/16 02:00 - 03:00	;17	;Aumentar por750.0%	;Disminuir por5.6%	;12	; --%	;Aumentar por100.0%	;0	; --%	; --%	;0	; --%	; --%	;0	; --%	;Disminuir por100.0%	;1	; --%	; --%	;
1084	;07/16 03:00 - 04:00	;11	;Aumentar por1000.0%	;Disminuir por15.4%	;22	;Aumentar por2100.0%	;Aumentar por633.3%	;2	; --%	; --%	;6	; --%	; --%	;0	; --%	; --%	;0	; --%	; --%	;
1085	;07/16 04:00 - 05:00	;1	;Sin cambios	;Disminuir por50.0%	;1	;Disminuir por50.0%	;Disminuir por75.0%	;0	; --%	; --%	;0	; --%	;Disminuir por100.0%	;0	; --%	; --%	;0	; --%	; --%	;
1086	;07/16 05:00 - 06:00	;7	; --%	;Disminuir por22.2%	;2	;Aumentar por100.0%	;Disminuir por75.0%	;0	;Disminuir por100.0%	;Disminuir por100.0%	;0	;Disminuir por100.0%	;Disminuir por100.0%	;0	; --%	;Disminuir por100.0%	;0	; --%	; --%	;
1087	;07/16 06:00 - 07:00	;3	; --%	;Disminuir por25.0%	;1	; --%	; --%	;0	; --%	; --%	;2	;Sin cambios	;Disminuir por33.3%	;0	; --%	; --%	;1	;Sin cambios	;Sin cambios	;
1088	;07/16 07:00 - 08:00	;10	;Aumentar por400.0%	;Aumentar por25.0%	;3	;Disminuir por25.0%	;Aumentar por50.0%	;0	; --%	; --%	;2	;Aumentar por100.0%	;Disminuir por33.3%	;0	; --%	; --%	;1	;Sin cambios	; --%	;
1089	;07/16 08:00 - 09:00	;33	;Aumentar por450.0%	;Aumentar por3.1%	;18	;Aumentar por500.0%	;Aumentar por20.0%	;0	; --%	; --%	;2	;Sin cambios	;Disminuir por50.0%	;0	; --%	; --%	;1	; --%	; --%	;
1090	;07/16 09:00 - 10:00	;115	;Aumentar por422.7%	;Aumentar por121.2%	;98	;Aumentar por1125.0%	;Aumentar por345.5%	;2	; --%	; --%	;8	;Aumentar por33.3%	;Aumentar por33.3%	;9	;Aumentar por800.0%	; --%	;20	;Aumentar por233.3%	;Aumentar por300.0%	;
1091	;07/16 10:00 - 11:00	;110	;Aumentar por150.0%	;Aumentar por11.1%	;39	;Aumentar por85.7%	;Disminuir por22.0%	;0	;Disminuir por100.0%	; --%	;5	;Disminuir por66.7%	;Disminuir por28.6%	;4	; --%	; --%	;4	;Aumentar por100.0%	;Disminuir por42.9%	;
1092	;07/16 11:00 - 12:00	;126	;Aumentar por37.0%	;Aumentar por12.5%	;98	;Aumentar por108.5%	;Aumentar por19.5%	;0	; --%	; --%	;2	;Aumentar por100.0%	;Disminuir por66.7%	;0	;Disminuir por100.0%	; --%	;3	;Disminuir por72.7%	;Disminuir por40.0%	;
1093	;07/16 12:00 - 13:00	;98	;Disminuir por6.7%	;Disminuir por5.8%	;64	;Aumentar por156.0%	;Disminuir por4.5%	;0	; --%	; --%	;6	;Aumentar por20.0%	;Aumentar por50.0%	;0	;Disminuir por100.0%	;Disminuir por100.0%	;6	;Aumentar por50.0%	;Aumentar por20.0%	;
1094	;07/16 13:00 - 14:00	;80	;Aumentar por122.2%	;Disminuir por22.3%	;43	;Aumentar por126.3%	;Aumentar por43.3%	;0	; --%	; --%	;4	;Sin cambios	;Aumentar por33.3%	;0	; --%	;Disminuir por100.0%	;3	;Aumentar por50.0%	;Disminuir por50.0%	;
1095	;07/16 14:00 - 15:00	;79	;Aumentar por182.1%	;Aumentar por12.9%	;41	;Aumentar por95.2%	;Disminuir por19.6%	;0	; --%	; --%	;1	;Disminuir por80.0%	;Disminuir por66.7%	;1	;Sin cambios	; --%	;7	;Aumentar por600.0%	;Aumentar por250.0%	;
1096	;07/16 15:00 - 16:00	;59	;Sin cambios	;Aumentar por90.3%	;46	;Aumentar por142.1%	;Disminuir por24.6%	;0	; --%	; --%	;1	;Disminuir por50.0%	;Sin cambios	;3	; --%	;Aumentar por200.0%	;4	; --%	;Sin cambios	;
1097	;07/16 16:00 - 17:00	;91	;Aumentar por13.8%	;Aumentar por250.0%	;45	;Aumentar por136.8%	;Aumentar por80.0%	;0	; --%	; --%	;1	;Disminuir por80.0%	;Disminuir por50.0%	;0	;Disminuir por100.0%	; --%	;5	;Aumentar por66.7%	;Aumentar por150.0%	;
1098	;07/16 17:00 - 18:00	;111	;Aumentar por48.0%	;Aumentar por54.2%	;63	;Aumentar por270.6%	;Aumentar por90.9%	;0	;Disminuir por100.0%	; --%	;1	;Disminuir por66.7%	;Disminuir por66.7%	;0	;Disminuir por100.0%	;Disminuir por100.0%	;5	;Aumentar por66.7%	;Aumentar por66.7%	;
1099	;07/16 18:00 - 19:00	;209	;Aumentar por102.9%	;Aumentar por13.0%	;44	;Aumentar por57.1%	;Disminuir por47.6%	;0	; --%	; --%	;0	;Disminuir por100.0%	;Disminuir por100.0%	;0	; --%	;Disminuir por100.0%	;4	;Aumentar por300.0%	;Disminuir por33.3%	;
1100	;07/16 19:00 - 20:00	;469	;Aumentar por533.8%	;Disminuir por13.8%	;145	;Aumentar por705.6%	;Disminuir por36.7%	;0	; --%	; --%	;0	;Disminuir por100.0%	; --%	;3	; --%	;Disminuir por76.9%	;3	;Disminuir por25.0%	;Disminuir por50.0%	;
1101	;07/16 20:00 - 21:00	;1291	;Aumentar por3486.1%	;Aumentar por44.2%	;567	;Aumentar por2600.0%	;Aumentar por62.0%	;0	; --%	; --%	;0	;Disminuir por100.0%	; --%	;23	; --%	;Aumentar por1050.0%	;27	;Aumentar por2600.0%	;Aumentar por800.0%	;
1102	;07/16 21:00 - 22:00	;1403	;Aumentar por7694.4%	;Aumentar por13.0%	;833	;Aumentar por13783.3%	;Aumentar por5.7%	;0	; --%	; --%	;0	; --%	; --%	;48	;Aumentar por2300.0%	;Aumentar por2300.0%	;75	;Aumentar por2400.0%	;Aumentar por400.0%	;
1103	;07/16 22:00 - 23:00	;1921	;Aumentar por11906.3%	;Aumentar por36.2%	;1497	;Aumentar por149600.0%	;Aumentar por46.3%	;0	; --%	; --%	;0	; --%	; --%	;98	;Aumentar por9700.0%	;Aumentar por69.0%	;130	; --%	;Aumentar por124.1%	;
1104	;07/16 23:00 - 24:00	;904	;Aumentar por14966.7%	;Aumentar por51.2%	;623	;Aumentar por62200.0%	;Aumentar por82.2%	;0	; --%	; --%	;0	; --%	; --%	;17	; --%	;Aumentar por112.5%	;25	;Aumentar por2400.0%	;Aumentar por733.3%	;
1105	;07/17 00:00 - 01:00	;193	;Aumentar por9550.0%	;Disminuir por15.4%	;132	;Aumentar por13100.0%	;Disminuir por6.4%	;0	; --%	; --%	;0	; --%	; --%	;0	; --%	;Disminuir por100.0%	;3	; --%	; --%	;
1106	;07/17 01:00 - 02:00	;27	;Aumentar por2600.0%	;Aumentar por35.0%	;20	; --%	;Disminuir por20.0%	;0	; --%	; --%	;1	; --%	; --%	;0	; --%	; --%	;1	;Sin cambios	;Sin cambios	;
1107	;07/17 02:00 - 03:00	;10	;Aumentar por900.0%	;Aumentar por42.9%	;11	; --%	;Aumentar por120.0%	;0	; --%	; --%	;2	;Aumentar por100.0%	; --%	;0	; --%	; --%	;1	; --%	; --%	;
1108	;07/17 03:00 - 04:00	;1	;Disminuir por66.7%	;Disminuir por90.0%	;3	; --%	;Disminuir por57.1%	;0	; --%	; --%	;0	; --%	;Disminuir por100.0%	;0	; --%	; --%	;0	; --%	;Disminuir por100.0%	;
1109	;07/17 04:00 - 05:00	;1	; --%	;Disminuir por75.0%	;0	; --%	; --%	;0	; --%	; --%	;0	; --%	; --%	;0	; --%	; --%	;0	; --%	; --%	;
1110	;07/17 05:00 - 06:00	;1	; --%	; --%	;0	; --%	;Disminuir por100.0%	;0	; --%	; --%	;1	; --%	; --%	;0	; --%	; --%	;0	; --%	; --%	;
1111	;07/17 06:00 - 07:00	;3	;Aumentar por200.0%	;Disminuir por66.7%	;1	; --%	;Disminuir por75.0%	;0	; --%	; --%	;1	;Sin cambios	;Disminuir por50.0%	;0	; --%	; --%	;1	;Sin cambios	;Sin cambios	;
1112	;07/17 07:00 - 08:00	;16	; --%	;Aumentar por45.5%	;4	;Aumentar por33.3%	;Disminuir por69.2%	;0	; --%	; --%	;2	;Disminuir por33.3%	;Disminuir por60.0%	;0	; --%	;Disminuir por100.0%	;1	; --%	; --%	;
1113	;07/17 08:00 - 09:00	;17	;Disminuir por55.3%	;Disminuir por51.4%	;17	;Aumentar por41.7%	;Aumentar por70.0%	;0	; --%	; --%	;4	;Aumentar por100.0%	;Aumentar por33.3%	;0	; --%	;Disminuir por100.0%	;1	;Disminuir por50.0%	;Disminuir por50.0%	;
1114	;07/17 09:00 - 10:00	;68	;Aumentar por750.0%	;Aumentar por94.3%	;34	;Aumentar por580.0%	;Aumentar por61.9%	;0	; --%	; --%	;1	;Disminuir por50.0%	;Disminuir por83.3%	;0	; --%	;Disminuir por100.0%	;9	;Aumentar por125.0%	;Aumentar por12.5%	;
1115	;07/17 10:00 - 11:00	;83	;Aumentar por20.3%	;Disminuir por45.4%	;45	;Aumentar por50.0%	;Disminuir por43.0%	;1	; --%	;Disminuir por80.0%	;2	;Disminuir por33.3%	;Disminuir por83.3%	;0	; --%	;Disminuir por100.0%	;7	;Aumentar por600.0%	;Disminuir por41.7%	;
1116	;07/17 11:00 - 12:00	;116	;Aumentar por61.1%	;Disminuir por26.1%	;73	;Aumentar por160.7%	;Disminuir por11.0%	;0	; --%	; --%	;8	;Aumentar por300.0%	;Aumentar por14.3%	;1	; --%	;Sin cambios	;5	;Aumentar por66.7%	;Aumentar por66.7%	;
1117	;07/17 12:00 - 13:00	;106	;Disminuir por27.4%	;Disminuir por19.7%	;48	;Disminuir por12.7%	;Disminuir por22.6%	;0	; --%	; --%	;2	; --%	;Disminuir por60.0%	;3	;Sin cambios	;Aumentar por50.0%	;7	;Aumentar por250.0%	;Aumentar por16.7%	;
1118	;07/17 13:00 - 14:00	;79	;Aumentar por125.7%	;Aumentar por14.5%	;55	;Aumentar por111.5%	;Aumentar por77.4%	;0	; --%	; --%	;4	;Aumentar por33.3%	;Aumentar por100.0%	;1	; --%	; --%	;7	;Aumentar por250.0%	;Aumentar por75.0%	;
1119	;07/17 14:00 - 15:00	;44	;Aumentar por33.3%	;Disminuir por30.2%	;42	;Aumentar por147.1%	;Aumentar por110.0%	;0	; --%	; --%	;3	;Aumentar por200.0%	;Aumentar por200.0%	;0	;Disminuir por100.0%	;Disminuir por100.0%	;10	;Aumentar por100.0%	;Aumentar por233.3%	;
1120	;07/17 15:00 - 16:00	;38	;Disminuir por28.3%	;Disminuir por9.5%	;28	;Aumentar por133.3%	;Sin cambios	;0	; --%	; --%	;0	;Disminuir por100.0%	;Disminuir por100.0%	;1	; --%	;Sin cambios	;2	; --%	;Disminuir por66.7%	;
1121	;07/17 16:00 - 17:00	;52	;Aumentar por40.5%	;Aumentar por48.6%	;21	;Aumentar por31.3%	;Disminuir por48.8%	;0	; --%	; --%	;0	;Disminuir por100.0%	;Disminuir por100.0%	;0	;Disminuir por100.0%	; --%	;5	;Aumentar por25.0%	;Aumentar por66.7%	;
1122	;07/17 17:00 - 18:00	;83	;Aumentar por43.1%	;Aumentar por15.3%	;54	;Aumentar por157.1%	;Aumentar por107.7%	;0	; --%	; --%	;2	;Aumentar por100.0%	;Sin cambios	;0	;Disminuir por100.0%	;Disminuir por100.0%	;4	;Aumentar por33.3%	;Aumentar por300.0%	;
1123	;07/17 18:00 - 19:00	;196	;Aumentar por151.3%	;Disminuir por17.6%	;72	;Aumentar por260.0%	;Disminuir por35.7%	;0	; --%	; --%	;3	;Aumentar por200.0%	;Aumentar por50.0%	;1	; --%	;Disminuir por85.7%	;3	;Aumentar por200.0%	;Aumentar por50.0%	;
1124	;07/17 19:00 - 20:00	;462	;Aumentar por541.7%	;Disminuir por19.5%	;136	;Aumentar por369.0%	;Disminuir por17.6%	;0	; --%	; --%	;0	;Disminuir por100.0%	; --%	;1	;Disminuir por50.0%	;Sin cambios	;5	;Sin cambios	;Aumentar por25.0%	;
1125	;07/17 20:00 - 21:00	;989	;Aumentar por1878.0%	;Aumentar por9.4%	;446	;Aumentar por1615.4%	;Aumentar por42.9%	;0	; --%	; --%	;0	;Disminuir por100.0%	; --%	;20	; --%	;Aumentar por66.7%	;16	;Aumentar por700.0%	;Aumentar por220.0%	;
1126	;07/17 21:00 - 22:00	;1589	;Aumentar por4865.6%	;Aumentar por5.9%	;1063	;Aumentar por53050.0%	;Aumentar por3.0%	;0	; --%	; --%	;0	; --%	; --%	;31	; --%	;Aumentar por181.8%	;34	;Aumentar por3300.0%	;Aumentar por183.3%	;
1127	;07/17 22:00 - 23:00	;1265	;Aumentar por12550.0%	;Disminuir por14.1%	;953	;Aumentar por13514.3%	;Disminuir por5.4%	;0	; --%	; --%	;0	;Disminuir por100.0%	; --%	;31	; --%	;Aumentar por14.8%	;13	;Aumentar por1200.0%	;Disminuir por23.5%	;
1128	;07/17 23:00 - 24:00	;966	;Aumentar por13700.0%	;Aumentar por2.4%	;625	;Aumentar por20733.3%	;Disminuir por3.0%	;0	; --%	; --%	;0	; --%	; --%	;20	; --%	;Aumentar por100.0%	;33	;Aumentar por1550.0%	;Disminuir por17.5%	;
1129	;07/18 00:00 - 01:00	;450	;Aumentar por14900.0%	;Aumentar por100.0%	;372	; --%	;Aumentar por102.2%	;0	; --%	; --%	;0	; --%	; --%	;12	; --%	;Aumentar por300.0%	;20	; --%	;Aumentar por300.0%	;
1130	;07/18 01:00 - 02:00	;49	;Aumentar por880.0%	;Aumentar por25.6%	;47	;Aumentar por4600.0%	;Aumentar por62.1%	;0	; --%	; --%	;0	; --%	; --%	;0	; --%	; --%	;0	; --%	; --%	;
1131	;07/18 02:00 - 03:00	;24	;Aumentar por1100.0%	;Aumentar por14.3%	;15	; --%	;Disminuir por11.8%	;0	; --%	; --%	;0	; --%	;Disminuir por100.0%	;0	; --%	; --%	;0	; --%	; --%	;
1132	;07/18 03:00 - 04:00	;13	;Aumentar por333.3%	;Aumentar por333.3%	;21	;Aumentar por2000.0%	; --%	;0	; --%	; --%	;1	;Sin cambios	;Sin cambios	;0	; --%	; --%	;0	; --%	; --%	;
1133	;07/18 04:00 - 05:00	;7	; --%	;Disminuir por53.3%	;0	; --%	;Disminuir por100.0%	;0	; --%	; --%	;0	; --%	;Disminuir por100.0%	;0	; --%	; --%	;0	; --%	; --%	;
1134	;07/18 05:00 - 06:00	;1	; --%	; --%	;0	; --%	; --%	;0	; --%	; --%	;0	; --%	; --%	;0	; --%	;Disminuir por100.0%	;0	; --%	; --%	;
1135	;07/18 06:00 - 07:00	;4	;Aumentar por300.0%	; --%	;4	; --%	; --%	;0	; --%	; --%	;0	;Disminuir por100.0%	; --%	;1	;Sin cambios	; --%	;1	;Sin cambios	; --%	;
1136	;07/18 07:00 - 08:00	;8	;Aumentar por300.0%	; --%	;4	;Sin cambios	; --%	;0	; --%	; --%	;1	;Disminuir por80.0%	; --%	;0	; --%	; --%	;2	; --%	; --%	;
1137	;07/18 08:00 - 09:00	;28	;Aumentar por100.0%	; --%	;13	;Aumentar por62.5%	; --%	;0	;Disminuir por100.0%	; --%	;2	;Disminuir por60.0%	; --%	;2	; --%	; --%	;3	;Aumentar por50.0%	; --%	;
1138	;07/18 09:00 - 10:00	;58	;Aumentar por205.3%	; --%	;18	;Aumentar por38.5%	; --%	;0	;Disminuir por100.0%	; --%	;3	;Disminuir por57.1%	; --%	;0	; --%	; --%	;3	;Sin cambios	; --%	;
1139	;07/18 10:00 - 11:00	;174	;Aumentar por85.1%	; --%	;119	;Aumentar por815.4%	; --%	;0	; --%	; --%	;3	;Sin cambios	; --%	;0	; --%	; --%	;5	;Aumentar por66.7%	; --%	;
1140	;07/18 11:00 - 12:00	;195	;Aumentar por68.1%	; --%	;80	;Aumentar por60.0%	; --%	;0	; --%	; --%	;3	;Disminuir por25.0%	; --%	;3	; --%	; --%	;4	;Aumentar por33.3%	; --%	;
1141	;07/18 12:00 - 13:00	;117	;Disminuir por25.9%	; --%	;73	;Aumentar por49.0%	; --%	;0	; --%	; --%	;0	;Disminuir por100.0%	; --%	;0	; --%	; --%	;7	;Aumentar por75.0%	; --%	;
1142	;07/18 13:00 - 14:00	;93	;Aumentar por89.8%	; --%	;68	;Aumentar por466.7%	; --%	;0	; --%	; --%	;2	;Disminuir por60.0%	; --%	;1	; --%	; --%	;8	;Aumentar por100.0%	; --%	;
1143	;07/18 14:00 - 15:00	;91	;Aumentar por152.8%	; --%	;54	;Aumentar por145.5%	; --%	;0	; --%	; --%	;1	;Sin cambios	; --%	;0	; --%	; --%	;2	;Disminuir por33.3%	; --%	;
1144	;07/18 15:00 - 16:00	;97	;Aumentar por115.6%	; --%	;61	;Aumentar por662.5%	; --%	;0	; --%	; --%	;2	;Sin cambios	; --%	;1	; --%	; --%	;2	;Disminuir por33.3%	; --%	;
1145	;07/18 16:00 - 17:00	;104	;Aumentar por121.3%	; --%	;41	;Aumentar por192.9%	; --%	;0	; --%	; --%	;0	;Disminuir por100.0%	; --%	;1	;Disminuir por50.0%	; --%	;5	;Sin cambios	; --%	;
1146	;07/18 17:00 - 18:00	;213	;Aumentar por115.2%	; --%	;101	;Aumentar por165.8%	; --%	;0	; --%	; --%	;0	;Disminuir por100.0%	; --%	;4	;Aumentar por300.0%	; --%	;6	;Aumentar por100.0%	; --%	;
1147	;07/18 18:00 - 19:00	;229	;Aumentar por65.9%	; --%	;64	;Aumentar por60.0%	; --%	;0	; --%	; --%	;0	;Disminuir por100.0%	; --%	;1	;Disminuir por75.0%	; --%	;3	;Aumentar por50.0%	; --%	;
1148	;07/18 19:00 - 20:00	;618	;Aumentar por301.3%	; --%	;235	;Aumentar por370.0%	; --%	;0	; --%	; --%	;0	;Disminuir por100.0%	; --%	;1	;Sin cambios	; --%	;2	;Sin cambios	; --%	;
1149	;07/18 20:00 - 21:00	;1267	;Aumentar por867.2%	; --%	;491	;Aumentar por704.9%	; --%	;0	; --%	; --%	;0	;Disminuir por100.0%	; --%	;18	;Aumentar por260.0%	; --%	;19	;Aumentar por850.0%	; --%	;
1150	;07/18 21:00 - 22:00	;2219	;Aumentar por3211.9%	; --%	;1624	;Aumentar por4676.5%	; --%	;0	; --%	; --%	;0	; --%	; --%	;42	;Aumentar por2000.0%	; --%	;55	;Aumentar por2650.0%	; --%	;
1151	;07/18 22:00 - 23:00	;1882	;Aumentar por3321.8%	; --%	;1405	;Aumentar por15511.1%	; --%	;0	; --%	; --%	;0	; --%	; --%	;23	; --%	; --%	;43	; --%	; --%	;
1152	;07/18 23:00 - 24:00	;1321	;Aumentar por3376.3%	; --%	;1140	;Aumentar por37900.0%	; --%	;0	; --%	; --%	;0	; --%	; --%	;90	; --%	; --%	;95	;Aumentar por9400.0%	; --%	;
1153	;07/19 00:00 - 01:00	;589	;Aumentar por14625.0%	; --%	;362	;Aumentar por7140.0%	; --%	;0	; --%	; --%	;0	; --%	; --%	;17	; --%	; --%	;42	; --%	; --%	;
1154	;07/19 01:00 - 02:00	;87	;Aumentar por2800.0%	; --%	;78	;Aumentar por1850.0%	; --%	;0	;Disminuir por100.0%	; --%	;0	; --%	; --%	;0	; --%	; --%	;2	; --%	; --%	;
1155	;07/19 02:00 - 03:00	;12	;Aumentar por100.0%	; --%	;8	;Aumentar por166.7%	; --%	;1	; --%	; --%	;3	; --%	; --%	;1	; --%	; --%	;3	; --%	; --%	;
1156	;07/19 03:00 - 04:00	;6	;Disminuir por50.0%	; --%	;2	;Aumentar por100.0%	; --%	;0	; --%	; --%	;0	; --%	; --%	;0	; --%	; --%	;0	; --%	; --%	;
1157	;07/19 04:00 - 05:00	;7	;Disminuir por36.4%	; --%	;2	;Disminuir por77.8%	; --%	;0	; --%	; --%	;0	;Disminuir por100.0%	; --%	;0	; --%	; --%	;0	;Disminuir por100.0%	; --%	;
1158	;07/19 05:00 - 06:00	;4	; --%	; --%	;0	; --%	; --%	;0	; --%	; --%	;0	; --%	; --%	;1	; --%	; --%	;1	; --%	; --%	;
1159	;07/19 06:00 - 07:00	;6	;Aumentar por500.0%	; --%	;0	;Disminuir por100.0%	; --%	;0	; --%	; --%	;0	; --%	; --%	;0	; --%	; --%	;0	; --%	; --%	;
1160	;07/19 07:00 - 08:00	;22	;Aumentar por633.3%	; --%	;4	; --%	; --%	;0	; --%	; --%	;2	; --%	; --%	;0	; --%	; --%	;0	; --%	; --%	;
1161	;07/19 08:00 - 09:00	;22	;Aumentar por340.0%	; --%	;16	;Aumentar por1500.0%	; --%	;0	; --%	; --%	;1	;Disminuir por50.0%	; --%	;1	; --%	; --%	;6	;Aumentar por500.0%	; --%	;
1162	;07/19 09:00 - 10:00	;53	;Aumentar por211.8%	; --%	;23	;Aumentar por228.6%	; --%	;1	; --%	; --%	;4	;Aumentar por33.3%	; --%	;2	; --%	; --%	;3	;Disminuir por25.0%	; --%	;
1163	;07/19 10:00 - 11:00	;150	;Aumentar por63.0%	; --%	;81	;Aumentar por145.5%	; --%	;0	; --%	; --%	;3	;Disminuir por50.0%	; --%	;2	;Aumentar por100.0%	; --%	;6	;Aumentar por20.0%	; --%	;
1164	;07/19 11:00 - 12:00	;150	;Disminuir por18.9%	; --%	;70	;Aumentar por18.6%	; --%	;0	; --%	; --%	;0	;Disminuir por100.0%	; --%	;1	;Sin cambios	; --%	;4	;Sin cambios	; --%	;
1165	;07/19 12:00 - 13:00	;121	;Disminuir por48.7%	; --%	;65	;Disminuir por3.0%	; --%	;0	; --%	; --%	;0	;Disminuir por100.0%	; --%	;3	; --%	; --%	;3	;Disminuir por25.0%	; --%	;
1166	;07/19 13:00 - 14:00	;111	;Disminuir por29.3%	; --%	;51	;Disminuir por47.4%	; --%	;0	; --%	; --%	;2	;Sin cambios	; --%	;2	;Aumentar por100.0%	; --%	;1	;Disminuir por83.3%	; --%	;
1167	;07/19 14:00 - 15:00	;67	;Disminuir por20.2%	; --%	;42	;Disminuir por27.6%	; --%	;0	; --%	; --%	;2	;Aumentar por100.0%	; --%	;0	; --%	; --%	;3	;Sin cambios	; --%	;
1168	;07/19 15:00 - 16:00	;59	;Disminuir por53.9%	; --%	;34	;Disminuir por33.3%	; --%	;0	; --%	; --%	;0	;Disminuir por100.0%	; --%	;0	; --%	; --%	;3	; --%	; --%	;
1169	;07/19 16:00 - 17:00	;88	;Disminuir por29.0%	; --%	;36	;Disminuir por41.0%	; --%	;0	; --%	; --%	;1	;Sin cambios	; --%	;0	; --%	; --%	;2	;Aumentar por100.0%	; --%	;
1170	;07/19 17:00 - 18:00	;106	;Disminuir por13.1%	; --%	;46	;Aumentar por2.2%	; --%	;0	; --%	; --%	;3	; --%	; --%	;1	;Disminuir por75.0%	; --%	;6	;Disminuir por57.1%	; --%	;
1171	;07/19 18:00 - 19:00	;251	;Disminuir por9.4%	; --%	;78	;Aumentar por6.8%	; --%	;0	; --%	; --%	;0	;Disminuir por100.0%	; --%	;0	;Disminuir por100.0%	; --%	;5	;Aumentar por25.0%	; --%	;
1172	;07/19 19:00 - 20:00	;431	;Aumentar por26.0%	; --%	;189	;Aumentar por112.4%	; --%	;0	; --%	; --%	;0	; --%	; --%	;2	; --%	; --%	;3	;Disminuir por25.0%	; --%	;
1173	;07/19 20:00 - 21:00	;193	;Disminuir por3.0%	; --%	;218	;Aumentar por202.8%	; --%	;0	; --%	; --%	;0	; --%	; --%	;2	;Disminuir por33.3%	; --%	;4	;Sin cambios	; --%	;
1174	;07/19 21:00 - 22:00	;211	;Aumentar por68.8%	; --%	;103	;Aumentar por47.1%	; --%	;0	; --%	; --%	;0	; --%	; --%	;1	;Sin cambios	; --%	;4	; --%	; --%	;
1175	;07/19 22:00 - 23:00	;117	;Aumentar por6.4%	; --%	;122	;Aumentar por212.8%	; --%	;0	; --%	; --%	;0	; --%	; --%	;0	;Disminuir por100.0%	; --%	;0	;Disminuir por100.0%	; --%	;
1176	;07/19 23:00 - 24:00	;50	;Disminuir por57.6%	; --%	;44	;Disminuir por45.0%	; --%	;0	; --%	; --%	;0	; --%	; --%	;0	;Disminuir por100.0%	; --%	;0	;Disminuir por100.0%	; --%	;
1177	;07/20 00:00 - 01:00	;434	;Aumentar por2793.3%	; --%	;128	;Aumentar por611.1%	; --%	;0	; --%	; --%	;0	; --%	; --%	;2	; --%	; --%	;2	; --%	; --%	;
1178	;07/20 01:00 - 02:00	;113	;Aumentar por2160.0%	; --%	;23	;Aumentar por155.6%	; --%	;0	; --%	; --%	;0	; --%	; --%	;0	; --%	; --%	;0	; --%	; --%	;
1179	;07/20 02:00 - 03:00	;29	;Aumentar por480.0%	; --%	;10	;Aumentar por233.3%	; --%	;0	; --%	; --%	;3	; --%	; --%	;0	; --%	; --%	;2	; --%	; --%	;
1180	;07/20 03:00 - 04:00	;7	;Disminuir por68.2%	; --%	;19	;Aumentar por18.8%	; --%	;1	; --%	; --%	;3	;Aumentar por200.0%	; --%	;1	; --%	; --%	;0	; --%	; --%	;
1181	;07/20 04:00 - 05:00	;14	;Aumentar por366.7%	; --%	;3	; --%	; --%	;0	; --%	; --%	;0	; --%	; --%	;0	; --%	; --%	;0	; --%	; --%	;
1182	;07/20 05:00 - 06:00	;7	; --%	; --%	;0	; --%	; --%	;0	; --%	; --%	;0	; --%	; --%	;0	; --%	; --%	;0	; --%	; --%	;
1183	;07/20 06:00 - 07:00	;3	;Aumentar por50.0%	; --%	;0	;Disminuir por100.0%	; --%	;0	; --%	; --%	;0	; --%	; --%	;2	; --%	; --%	;1	; --%	; --%	;
1184	;07/20 07:00 - 08:00	;9	;Aumentar por350.0%	; --%	;3	; --%	; --%	;0	; --%	; --%	;1	; --%	; --%	;0	; --%	; --%	;0	; --%	; --%	;
1185	;07/20 08:00 - 09:00	;18	;Aumentar por80.0%	; --%	;19	;Aumentar por216.7%	; --%	;0	; --%	; --%	;4	;Aumentar por300.0%	; --%	;0	; --%	; --%	;2	;Aumentar por100.0%	; --%	;
1186	;07/20 09:00 - 10:00	;37	;Aumentar por37.0%	; --%	;20	;Aumentar por81.8%	; --%	;2	; --%	; --%	;9	;Aumentar por800.0%	; --%	;0	; --%	; --%	;2	;Sin cambios	; --%	;
1187	;07/20 10:00 - 11:00	;135	;Aumentar por18.4%	; --%	;48	;Aumentar por20.0%	; --%	;0	; --%	; --%	;3	;Sin cambios	; --%	;1	;Sin cambios	; --%	;4	;Aumentar por300.0%	; --%	;
1188	;07/20 11:00 - 12:00	;122	;Disminuir por20.8%	; --%	;45	;Disminuir por37.5%	; --%	;4	; --%	; --%	;11	; --%	; --%	;1	;Disminuir por66.7%	; --%	;6	;Aumentar por500.0%	; --%	;
1189	;07/20 12:00 - 13:00	;144	;Disminuir por20.4%	; --%	;57	;Disminuir por9.5%	; --%	;0	; --%	; --%	;4	;Aumentar por300.0%	; --%	;2	;Sin cambios	; --%	;9	;Aumentar por80.0%	; --%	;
1190	;07/20 13:00 - 14:00	;102	;Disminuir por46.3%	; --%	;62	;Disminuir por23.5%	; --%	;0	; --%	; --%	;3	; --%	; --%	;1	;Sin cambios	; --%	;5	;Aumentar por25.0%	; --%	;
1191	;07/20 14:00 - 15:00	;48	;Disminuir por52.0%	; --%	;42	;Sin cambios	; --%	;0	; --%	; --%	;1	; --%	; --%	;0	;Disminuir por100.0%	; --%	;4	;Aumentar por300.0%	; --%	;
1192	;07/20 15:00 - 16:00	;55	;Disminuir por38.2%	; --%	;27	;Disminuir por27.0%	; --%	;0	; --%	; --%	;0	; --%	; --%	;1	;Disminuir por66.7%	; --%	;3	;Aumentar por200.0%	; --%	;
1193	;07/20 16:00 - 17:00	;68	;Disminuir por62.4%	; --%	;59	;Disminuir por44.3%	; --%	;0	; --%	; --%	;2	; --%	; --%	;0	;Disminuir por100.0%	; --%	;3	;Aumentar por50.0%	; --%	;
1194	;07/20 17:00 - 18:00	;104	;Disminuir por9.6%	; --%	;61	;Aumentar por144.0%	; --%	;0	;Disminuir por100.0%	; --%	;2	;Disminuir por33.3%	; --%	;3	;Aumentar por200.0%	; --%	;6	;Aumentar por200.0%	; --%	;
1195	;07/20 18:00 - 19:00	;220	;Aumentar por66.7%	; --%	;63	;Aumentar por50.0%	; --%	;0	; --%	; --%	;0	;Disminuir por100.0%	; --%	;2	;Disminuir por50.0%	; --%	;10	;Aumentar por400.0%	; --%	;
1196	;07/20 19:00 - 20:00	;495	;Aumentar por354.1%	; --%	;154	;Aumentar por170.2%	; --%	;0	; --%	; --%	;0	; --%	; --%	;4	; --%	; --%	;3	;Disminuir por25.0%	; --%	;
1197	;07/20 20:00 - 21:00	;1172	;Aumentar por1598.6%	; --%	;605	;Aumentar por3261.1%	; --%	;0	; --%	; --%	;0	;Disminuir por100.0%	; --%	;4	;Aumentar por300.0%	; --%	;6	;Aumentar por200.0%	; --%	;
1198	;07/20 21:00 - 22:00	;1278	;Aumentar por4464.3%	; --%	;854	;Aumentar por7663.6%	; --%	;0	; --%	; --%	;0	;Disminuir por100.0%	; --%	;16	; --%	; --%	;20	;Aumentar por900.0%	; --%	;
1199	;07/20 22:00 - 23:00	;1676	;Aumentar por6346.2%	; --%	;1174	;Aumentar por10572.7%	; --%	;0	; --%	; --%	;0	; --%	; --%	;72	; --%	; --%	;85	;Aumentar por8400.0%	; --%	;
1200	;07/20 23:00 - 24:00	;756	;Aumentar por5300.0%	; --%	;464	;Aumentar por5055.6%	; --%	;0	; --%	; --%	;0	; --%	; --%	;1	;Sin cambios	; --%	;5	; --%	; --%	;
1201	;07/21 00:00 - 01:00	;172	;Aumentar por2050.0%	; --%	;76	;Aumentar por7500.0%	; --%	;0	; --%	; --%	;0	; --%	; --%	;1	; --%	; --%	;2	; --%	; --%	;
1202	;07/21 01:00 - 02:00	;42	;Aumentar por1300.0%	; --%	;25	;Aumentar por733.3%	; --%	;0	; --%	; --%	;1	; --%	; --%	;0	; --%	; --%	;1	; --%	; --%	;
1203	;07/21 02:00 - 03:00	;6	;Aumentar por500.0%	; --%	;8	;Aumentar por700.0%	; --%	;0	; --%	; --%	;1	; --%	; --%	;0	; --%	; --%	;0	; --%	; --%	;
1204	;07/21 03:00 - 04:00	;0	;Disminuir por100.0%	; --%	;0	;Disminuir por100.0%	; --%	;0	; --%	; --%	;0	; --%	; --%	;0	; --%	; --%	;0	; --%	; --%	;
1205	;07/21 04:00 - 05:00	;1	;Disminuir por83.3%	; --%	;2	;Disminuir por50.0%	; --%	;0	; --%	; --%	;0	;Disminuir por100.0%	; --%	;0	; --%	; --%	;0	; --%	; --%	;
1206	;07/21 05:00 - 06:00	;12	; --%	; --%	;10	; --%	; --%	;36	; --%	; --%	;37	; --%	; --%	;0	; --%	; --%	;1	; --%	; --%	;
1207	;07/21 06:00 - 07:00	;5	;Aumentar por150.0%	; --%	;2	; --%	; --%	;0	; --%	; --%	;0	;Disminuir por100.0%	; --%	;0	; --%	; --%	;1	;Sin cambios	; --%	;
1208	;07/21 07:00 - 08:00	;4	; --%	; --%	;5	;Aumentar por400.0%	; --%	;0	; --%	; --%	;2	;Disminuir por50.0%	; --%	;0	; --%	; --%	;1	; --%	; --%	;
1209	;07/21 08:00 - 09:00	;31	;Aumentar por181.8%	; --%	;8	;Aumentar por14.3%	; --%	;0	; --%	; --%	;6	;Aumentar por100.0%	; --%	;0	; --%	; --%	;1	;Sin cambios	; --%	;
1210	;07/21 09:00 - 10:00	;49	;Aumentar por206.3%	; --%	;27	;Aumentar por170.0%	; --%	;0	; --%	; --%	;8	;Aumentar por300.0%	; --%	;1	; --%	; --%	;12	;Aumentar por200.0%	; --%	;
1211	;07/21 10:00 - 11:00	;147	;Aumentar por67.0%	; --%	;62	;Aumentar por226.3%	; --%	;0	; --%	; --%	;3	;Aumentar por50.0%	; --%	;1	;Disminuir por50.0%	; --%	;6	;Aumentar por50.0%	; --%	;
1212	;07/21 11:00 - 12:00	;182	;Sin cambios	; --%	;54	;Aumentar por74.2%	; --%	;0	; --%	; --%	;2	;Sin cambios	; --%	;3	;Sin cambios	; --%	;6	;Aumentar por100.0%	; --%	;
1213	;07/21 12:00 - 13:00	;135	;Aumentar por14.4%	; --%	;67	;Aumentar por86.1%	; --%	;0	; --%	; --%	;1	;Disminuir por80.0%	; --%	;3	; --%	; --%	;5	;Disminuir por16.7%	; --%	;
1214	;07/21 13:00 - 14:00	;90	;Aumentar por150.0%	; --%	;63	;Aumentar por384.6%	; --%	;0	;Disminuir por100.0%	; --%	;0	;Disminuir por100.0%	; --%	;1	; --%	; --%	;8	;Aumentar por60.0%	; --%	;
1215	;07/21 14:00 - 15:00	;84	;Aumentar por342.1%	; --%	;47	;Aumentar por422.2%	; --%	;0	; --%	; --%	;7	;Aumentar por133.3%	; --%	;0	; --%	; --%	;10	;Aumentar por400.0%	; --%	;
1216	;07/21 15:00 - 16:00	;93	;Aumentar por165.7%	; --%	;79	;Aumentar por393.8%	; --%	;0	; --%	; --%	;1	;Disminuir por83.3%	; --%	;4	; --%	; --%	;6	;Aumentar por500.0%	; --%	;
1217	;07/21 16:00 - 17:00	;81	;Disminuir por11.0%	; --%	;71	;Aumentar por153.6%	; --%	;0	; --%	; --%	;3	;Sin cambios	; --%	;1	; --%	; --%	;9	;Aumentar por800.0%	; --%	;
1218	;07/21 17:00 - 18:00	;128	;Aumentar por300.0%	; --%	;76	;Aumentar por375.0%	; --%	;0	; --%	; --%	;4	;Sin cambios	; --%	;1	;Disminuir por50.0%	; --%	;3	;Disminuir por40.0%	; --%	;
1219	;07/21 18:00 - 19:00	;362	;Aumentar por503.3%	; --%	;170	;Aumentar por844.4%	; --%	;0	; --%	; --%	;1	;Disminuir por50.0%	; --%	;7	; --%	; --%	;6	;Aumentar por100.0%	; --%	;
1220	;07/21 19:00 - 20:00	;648	;Aumentar por912.5%	; --%	;217	;Aumentar por1105.6%	; --%	;0	; --%	; --%	;0	;Disminuir por100.0%	; --%	;2	; --%	; --%	;7	;Aumentar por250.0%	; --%	;
1221	;07/21 20:00 - 21:00	;1095	;Aumentar por2333.3%	; --%	;374	;Aumentar por2776.9%	; --%	;0	; --%	; --%	;0	; --%	; --%	;1	; --%	; --%	;7	; --%	; --%	;
1222	;07/21 21:00 - 22:00	;1535	;Aumentar por6573.9%	; --%	;1048	;Aumentar por26100.0%	; --%	;0	; --%	; --%	;0	;Disminuir por100.0%	; --%	;3	; --%	; --%	;4	; --%	; --%	;
1223	;07/21 22:00 - 23:00	;1883	;Aumentar por20822.2%	; --%	;1471	;Aumentar por36675.0%	; --%	;0	; --%	; --%	;0	;Disminuir por100.0%	; --%	;46	; --%	; --%	;35	;Aumentar por1650.0%	; --%	;
1224	;07/21 23:00 - 24:00	;891	;Aumentar por17720.0%	; --%	;620	;Aumentar por61900.0%	; --%	;0	; --%	; --%	;0	;Disminuir por100.0%	; --%	;65	; --%	; --%	;54	; --%	; --%	;
1225	;07/22 00:00 - 01:00	;293	;Aumentar por29200.0%	; --%	;210	; --%	; --%	;0	; --%	; --%	;0	; --%	; --%	;2	; --%	; --%	;1	; --%	; --%	;
1226	;07/22 01:00 - 02:00	;34	; --%	; --%	;42	; --%	; --%	;0	; --%	; --%	;0	; --%	; --%	;0	; --%	; --%	;1	; --%	; --%	;
1227	;07/22 02:00 - 03:00	;22	;Aumentar por2100.0%	; --%	;22	;Aumentar por2100.0%	; --%	;0	; --%	; --%	;0	; --%	; --%	;1	; --%	; --%	;1	; --%	; --%	;
1228	;07/22 03:00 - 04:00	;6	;Aumentar por200.0%	; --%	;5	;Aumentar por400.0%	; --%	;5	; --%	; --%	;6	;Aumentar por500.0%	; --%	;0	; --%	; --%	;0	; --%	; --%	;
1229	;07/22 04:00 - 05:00	;2	; --%	; --%	;0	;Disminuir por100.0%	; --%	;0	; --%	; --%	;1	; --%	; --%	;0	; --%	; --%	;1	; --%	; --%	;
1230	;07/22 05:00 - 06:00	;1	;Sin cambios	; --%	;1	; --%	; --%	;0	; --%	; --%	;0	; --%	; --%	;0	; --%	; --%	;0	; --%	; --%	;
1231	;07/22 06:00 - 07:00	;3	;Aumentar por200.0%	; --%	;1	; --%	; --%	;0	; --%	; --%	;0	;Disminuir por100.0%	; --%	;0	; --%	; --%	;2	;Aumentar por100.0%	; --%	;
1232	;07/22 07:00 - 08:00	;8	;Aumentar por300.0%	; --%	;7	;Aumentar por250.0%	; --%	;0	; --%	; --%	;3	; --%	; --%	;0	; --%	; --%	;0	;Disminuir por100.0%	; --%	;
1233	;07/22 08:00 - 09:00	;38	;Aumentar por533.3%	; --%	;23	;Aumentar por475.0%	; --%	;1	; --%	; --%	;6	;Aumentar por200.0%	; --%	;0	; --%	; --%	;2	; --%	; --%	;
1234	;07/22 09:00 - 10:00	;24	;Aumentar por84.6%	; --%	;25	;Aumentar por150.0%	; --%	;4	; --%	; --%	;4	;Disminuir por33.3%	; --%	;0	; --%	; --%	;5	;Disminuir por16.7%	; --%	;
1235	;07/22 10:00 - 11:00	;105	;Aumentar por81.0%	; --%	;42	;Aumentar por366.7%	; --%	;1	; --%	; --%	;6	;Sin cambios	; --%	;0	;Disminuir por100.0%	; --%	;1	;Disminuir por66.7%	; --%	;
1236	;07/22 11:00 - 12:00	;137	;Aumentar por75.6%	; --%	;86	;Aumentar por160.6%	; --%	;0	; --%	; --%	;5	;Aumentar por25.0%	; --%	;4	; --%	; --%	;7	;Aumentar por75.0%	; --%	;
1237	;07/22 12:00 - 13:00	;134	;Aumentar por94.2%	; --%	;41	;Aumentar por51.9%	; --%	;0	; --%	; --%	;5	; --%	; --%	;0	;Disminuir por100.0%	; --%	;2	;Disminuir por33.3%	; --%	;
1238	;07/22 13:00 - 14:00	;102	;Aumentar por385.7%	; --%	;48	;Aumentar por336.4%	; --%	;0	; --%	; --%	;6	;Aumentar por200.0%	; --%	;0	; --%	; --%	;6	;Aumentar por200.0%	; --%	;
1239	;07/22 14:00 - 15:00	;88	;Aumentar por282.6%	; --%	;33	;Aumentar por175.0%	; --%	;1	; --%	; --%	;2	;Sin cambios	; --%	;2	; --%	; --%	;17	;Aumentar por466.7%	; --%	;
1240	;07/22 15:00 - 16:00	;43	;Aumentar por19.4%	; --%	;31	;Aumentar por138.5%	; --%	;0	; --%	; --%	;2	;Sin cambios	; --%	;1	;Sin cambios	; --%	;4	; --%	; --%	;
1241	;07/22 16:00 - 17:00	;65	;Aumentar por4.8%	; --%	;44	;Aumentar por340.0%	; --%	;0	; --%	; --%	;1	;Disminuir por66.7%	; --%	;0	;Disminuir por100.0%	; --%	;7	;Aumentar por250.0%	; --%	;
1242	;07/22 17:00 - 18:00	;120	;Aumentar por192.7%	; --%	;60	;Aumentar por200.0%	; --%	;0	; --%	; --%	;4	;Aumentar por100.0%	; --%	;1	; --%	; --%	;5	;Aumentar por66.7%	; --%	;
1243	;07/22 18:00 - 19:00	;297	;Aumentar por403.4%	; --%	;105	;Aumentar por452.6%	; --%	;0	; --%	; --%	;0	; --%	; --%	;4	;Aumentar por100.0%	; --%	;7	;Aumentar por133.3%	; --%	;
1244	;07/22 19:00 - 20:00	;843	;Aumentar por734.7%	; --%	;419	;Aumentar por2364.7%	; --%	;0	; --%	; --%	;0	; --%	; --%	;2	;Sin cambios	; --%	;3	;Sin cambios	; --%	;
1245	;07/22 20:00 - 21:00	;1120	;Aumentar por2504.7%	; --%	;479	;Aumentar por4254.5%	; --%	;0	; --%	; --%	;0	;Disminuir por100.0%	; --%	;3	; --%	; --%	;4	;Aumentar por100.0%	; --%	;
1246	;07/22 21:00 - 22:00	;1531	;Aumentar por5570.4%	; --%	;991	;Aumentar por24675.0%	; --%	;0	; --%	; --%	;0	; --%	; --%	;21	; --%	; --%	;26	; --%	; --%	;
1247	;07/22 22:00 - 23:00	;1870	;Aumentar por16900.0%	; --%	;1551	;Aumentar por25750.0%	; --%	;0	; --%	; --%	;0	; --%	; --%	;32	; --%	; --%	;46	; --%	; --%	;
1248	;07/22 23:00 - 24:00	;1439	;Aumentar por143800.0%	; --%	;1202	; --%	; --%	;0	; --%	; --%	;0	; --%	; --%	;5	; --%	; --%	;8	; --%	; --%	;
1249	;07/23 00:00 - 01:00	;201	; --%	; --%	;141	; --%	; --%	;0	; --%	; --%	;0	; --%	; --%	;0	; --%	; --%	;2	; --%	; --%	;
1250	;07/23 01:00 - 02:00	;27	;Aumentar por2600.0%	; --%	;17	;Aumentar por1600.0%	; --%	;0	; --%	; --%	;0	; --%	; --%	;1	; --%	; --%	;3	; --%	; --%	;
1251	;07/23 02:00 - 03:00	;10	; --%	; --%	;12	; --%	; --%	;1	; --%	; --%	;2	; --%	; --%	;0	; --%	; --%	;1	; --%	; --%	;
1252	;07/23 03:00 - 04:00	;5	; --%	; --%	;8	; --%	; --%	;0	; --%	; --%	;0	; --%	; --%	;0	; --%	; --%	;0	; --%	; --%	;
1253	;07/23 04:00 - 05:00	;0	; --%	; --%	;6	; --%	; --%	;0	; --%	; --%	;0	; --%	; --%	;0	; --%	; --%	;0	; --%	; --%	;
1254	;07/23 05:00 - 06:00	;1	;Sin cambios	; --%	;0	;Disminuir por100.0%	; --%	;0	; --%	; --%	;0	; --%	; --%	;0	; --%	; --%	;0	; --%	; --%	;
1255	;07/23 06:00 - 07:00	;6	;Aumentar por100.0%	; --%	;1	;Disminuir por50.0%	; --%	;0	; --%	; --%	;1	;Disminuir por50.0%	; --%	;0	; --%	; --%	;2	;Sin cambios	; --%	;
1256	;07/23 07:00 - 08:00	;11	;Aumentar por175.0%	; --%	;6	;Aumentar por200.0%	; --%	;0	; --%	; --%	;1	;Sin cambios	; --%	;0	; --%	; --%	;0	;Disminuir por100.0%	; --%	;
1257	;07/23 08:00 - 09:00	;28	;Aumentar por600.0%	; --%	;7	;Aumentar por133.3%	; --%	;0	; --%	; --%	;7	;Aumentar por75.0%	; --%	;0	; --%	; --%	;3	;Aumentar por200.0%	; --%	;
1258	;07/23 09:00 - 10:00	;72	;Aumentar por140.0%	; --%	;55	;Aumentar por400.0%	; --%	;1	; --%	; --%	;2	;Disminuir por66.7%	; --%	;9	; --%	; --%	;16	;Aumentar por220.0%	; --%	;
1259	;07/23 10:00 - 11:00	;111	;Aumentar por65.7%	; --%	;72	;Aumentar por350.0%	; --%	;0	; --%	; --%	;9	;Aumentar por200.0%	; --%	;82	; --%	; --%	;87	;Aumentar por1640.0%	; --%	;
1260	;07/23 11:00 - 12:00	;108	;Aumentar por96.4%	; --%	;53	;Disminuir por13.1%	; --%	;1	;Sin cambios	; --%	;6	;Disminuir por14.3%	; --%	;2	; --%	; --%	;4	;Aumentar por33.3%	; --%	;
1261	;07/23 12:00 - 13:00	;153	;Aumentar por41.7%	; --%	;57	;Aumentar por83.9%	; --%	;0	; --%	; --%	;3	;Disminuir por72.7%	; --%	;1	; --%	; --%	;6	;Aumentar por100.0%	; --%	;
1262	;07/23 13:00 - 14:00	;102	;Aumentar por14.6%	; --%	;64	;Aumentar por77.8%	; --%	;0	; --%	; --%	;3	;Sin cambios	; --%	;2	;Sin cambios	; --%	;4	;Disminuir por33.3%	; --%	;
1263	;07/23 14:00 - 15:00	;61	;Aumentar por144.0%	; --%	;47	;Aumentar por291.7%	; --%	;0	; --%	; --%	;3	;Disminuir por40.0%	; --%	;0	;Disminuir por100.0%	; --%	;3	;Aumentar por50.0%	; --%	;
1264	;07/23 15:00 - 16:00	;50	;Aumentar por22.0%	; --%	;57	;Aumentar por307.1%	; --%	;0	; --%	; --%	;4	;Aumentar por300.0%	; --%	;2	;Aumentar por100.0%	; --%	;3	;Disminuir por57.1%	; --%	;
1265	;07/23 16:00 - 17:00	;89	;Aumentar por140.5%	; --%	;61	;Aumentar por306.7%	; --%	;0	; --%	; --%	;0	;Disminuir por100.0%	; --%	;0	;Disminuir por100.0%	; --%	;3	;Sin cambios	; --%	;
1266	;07/23 17:00 - 18:00	;87	;Aumentar por17.6%	; --%	;58	;Aumentar por314.3%	; --%	;0	; --%	; --%	;2	;Aumentar por100.0%	; --%	;1	;Disminuir por75.0%	; --%	;3	;Aumentar por200.0%	; --%	;
1267	;07/23 18:00 - 19:00	;190	;Aumentar por77.6%	; --%	;78	;Aumentar por254.5%	; --%	;0	; --%	; --%	;0	;Disminuir por100.0%	; --%	;1	; --%	; --%	;4	;Disminuir por42.9%	; --%	;
1268	;07/23 19:00 - 20:00	;460	;Aumentar por441.2%	; --%	;167	;Aumentar por827.8%	; --%	;0	; --%	; --%	;0	;Disminuir por100.0%	; --%	;1	;Disminuir por50.0%	; --%	;3	;Disminuir por25.0%	; --%	;
1269	;07/23 20:00 - 21:00	;1055	;Aumentar por1968.6%	; --%	;524	;Aumentar por2520.0%	; --%	;0	; --%	; --%	;0	; --%	; --%	;15	; --%	; --%	;17	;Aumentar por1600.0%	; --%	;
1270	;07/23 21:00 - 22:00	;1611	;Aumentar por5096.8%	; --%	;1146	;Aumentar por11360.0%	; --%	;0	; --%	; --%	;0	; --%	; --%	;41	; --%	; --%	;51	; --%	; --%	;
1271	;07/23 22:00 - 23:00	;1664	;Aumentar por6556.0%	; --%	;1206	;Aumentar por30050.0%	; --%	;0	;Disminuir por100.0%	; --%	;0	;Disminuir por100.0%	; --%	;21	; --%	; --%	;26	; --%	; --%	;
1272	;07/23 23:00 - 24:00	;957	;Aumentar por10533.3%	; --%	;768	;Aumentar por5020.0%	; --%	;0	; --%	; --%	;0	; --%	; --%	;28	; --%	; --%	;32	; --%	; --%	;
1273	;07/24 00:00 - 01:00	;249	; --%	; --%	;196	;Aumentar por4800.0%	; --%	;0	; --%	; --%	;0	; --%	; --%	;1	; --%	; --%	;4	; --%	; --%	;
1274	;07/24 01:00 - 02:00	;36	;Aumentar por3500.0%	; --%	;23	;Aumentar por2200.0%	; --%	;0	;Disminuir por100.0%	; --%	;1	;Disminuir por50.0%	; --%	;0	; --%	; --%	;0	; --%	; --%	;
1275	;07/24 02:00 - 03:00	;9	;Aumentar por800.0%	; --%	;24	; --%	; --%	;2	; --%	; --%	;2	;Aumentar por100.0%	; --%	;0	; --%	; --%	;0	; --%	; --%	;
1276	;07/24 03:00 - 04:00	;11	;Aumentar por1000.0%	; --%	;3	;Aumentar por50.0%	; --%	;0	;Disminuir por100.0%	; --%	;0	;Disminuir por100.0%	; --%	;0	; --%	; --%	;0	; --%	; --%	;
1277	;07/24 04:00 - 05:00	;0	;Disminuir por100.0%	; --%	;0	; --%	; --%	;0	; --%	; --%	;0	; --%	; --%	;0	; --%	; --%	;0	; --%	; --%	;
1278	;07/24 05:00 - 06:00	;4	; --%	; --%	;1	; --%	; --%	;0	; --%	; --%	;1	; --%	; --%	;0	; --%	; --%	;0	; --%	; --%	;
1279	;07/24 06:00 - 07:00	;2	;Sin cambios	; --%	;0	; --%	; --%	;0	;Disminuir por100.0%	; --%	;0	;Disminuir por100.0%	; --%	;0	; --%	; --%	;1	;Disminuir por50.0%	; --%	;
1280	;07/24 07:00 - 08:00	;2	;Disminuir por50.0%	; --%	;3	; --%	; --%	;0	; --%	; --%	;4	; --%	; --%	;0	; --%	; --%	;0	;Disminuir por100.0%	; --%	;
1281	;07/24 08:00 - 09:00	;28	;Aumentar por115.4%	; --%	;12	;Disminuir por14.3%	; --%	;0	; --%	; --%	;4	;Aumentar por33.3%	; --%	;0	; --%	; --%	;3	; --%	; --%	;
1282	;07/24 09:00 - 10:00	;51	;Aumentar por142.9%	; --%	;49	;Aumentar por512.5%	; --%	;0	; --%	; --%	;3	;Disminuir por25.0%	; --%	;0	; --%	; --%	;7	;Aumentar por40.0%	; --%	;
1283	;07/24 10:00 - 11:00	;86	;Disminuir por43.0%	; --%	;47	;Aumentar por2.2%	; --%	;0	; --%	; --%	;5	;Aumentar por66.7%	; --%	;0	;Disminuir por100.0%	; --%	;4	;Aumentar por33.3%	; --%	;
1284	;07/24 11:00 - 12:00	;163	;Aumentar por24.4%	; --%	;99	;Aumentar por167.6%	; --%	;0	; --%	; --%	;6	;Aumentar por200.0%	; --%	;1	; --%	; --%	;6	;Aumentar por200.0%	; --%	;
1285	;07/24 12:00 - 13:00	;122	;Disminuir por46.3%	; --%	;62	;Aumentar por47.6%	; --%	;0	; --%	; --%	;4	;Sin cambios	; --%	;1	;Sin cambios	; --%	;5	;Aumentar por66.7%	; --%	;
1286	;07/24 13:00 - 14:00	;101	;Aumentar por20.2%	; --%	;71	;Aumentar por115.2%	; --%	;0	; --%	; --%	;5	;Aumentar por150.0%	; --%	;0	; --%	; --%	;10	;Aumentar por42.9%	; --%	;
1287	;07/24 14:00 - 15:00	;83	;Aumentar por277.3%	; --%	;44	;Aumentar por175.0%	; --%	;0	; --%	; --%	;5	;Aumentar por25.0%	; --%	;1	; --%	; --%	;7	;Aumentar por250.0%	; --%	;
1288	;07/24 15:00 - 16:00	;58	;Disminuir por4.9%	; --%	;25	;Aumentar por38.9%	; --%	;0	; --%	; --%	;2	;Disminuir por33.3%	; --%	;1	; --%	; --%	;7	;Aumentar por133.3%	; --%	;
1289	;07/24 16:00 - 17:00	;64	;Disminuir por36.0%	; --%	;18	;Disminuir por14.3%	; --%	;0	; --%	; --%	;2	;Disminuir por50.0%	; --%	;0	;Disminuir por100.0%	; --%	;2	;Disminuir por33.3%	; --%	;
1290	;07/24 17:00 - 18:00	;98	;Disminuir por18.3%	; --%	;71	;Aumentar por39.2%	; --%	;0	; --%	; --%	;1	;Disminuir por50.0%	; --%	;1	; --%	; --%	;4	;Disminuir por20.0%	; --%	;
1291	;07/24 18:00 - 19:00	;214	;Disminuir por10.5%	; --%	;118	;Aumentar por145.8%	; --%	;0	; --%	; --%	;0	;Disminuir por100.0%	; --%	;2	;Aumentar por100.0%	; --%	;4	;Disminuir por20.0%	; --%	;
1292	;07/24 19:00 - 20:00	;656	;Aumentar por95.8%	; --%	;219	;Aumentar por114.7%	; --%	;0	; --%	; --%	;0	; --%	; --%	;2	; --%	; --%	;5	;Aumentar por150.0%	; --%	;
1293	;07/24 20:00 - 21:00	;1450	;Aumentar por590.5%	; --%	;862	;Aumentar por879.5%	; --%	;0	; --%	; --%	;0	;Disminuir por100.0%	; --%	;15	; --%	; --%	;31	;Aumentar por3000.0%	; --%	;
1294	;07/24 21:00 - 22:00	;1578	;Aumentar por2032.4%	; --%	;1161	;Aumentar por2955.3%	; --%	;0	; --%	; --%	;0	; --%	; --%	;8	; --%	; --%	;15	; --%	; --%	;
1295	;07/24 22:00 - 23:00	;1292	;Aumentar por3212.8%	; --%	;867	;Aumentar por5000.0%	; --%	;0	; --%	; --%	;0	; --%	; --%	;78	; --%	; --%	;125	; --%	; --%	;
1296	;07/24 23:00 - 24:00	;798	;Aumentar por5220.0%	; --%	;718	;Aumentar por6427.3%	; --%	;0	; --%	; --%	;0	; --%	; --%	;40	; --%	; --%	;61	;Aumentar por6000.0%	; --%	;
1297	;07/25 00:00 - 01:00	;267	;Aumentar por8800.0%	; --%	;191	;Aumentar por19000.0%	; --%	;0	; --%	; --%	;0	;Disminuir por100.0%	; --%	;1	; --%	; --%	;7	; --%	; --%	;
1298	;07/25 01:00 - 02:00	;43	; --%	; --%	;39	; --%	; --%	;0	; --%	; --%	;1	; --%	; --%	;1	; --%	; --%	;1	; --%	; --%	;
1299	;07/25 02:00 - 03:00	;18	;Aumentar por260.0%	; --%	;24	;Aumentar por300.0%	; --%	;0	;Disminuir por100.0%	; --%	;1	;Disminuir por66.7%	; --%	;0	; --%	; --%	;0	; --%	; --%	;
1300	;07/25 03:00 - 04:00	;9	;Aumentar por800.0%	; --%	;3	; --%	; --%	;61	; --%	; --%	;63	;Aumentar por6200.0%	; --%	;0	; --%	; --%	;0	; --%	; --%	;
1301	;07/25 04:00 - 05:00	;6	; --%	; --%	;1	; --%	; --%	;0	; --%	; --%	;1	; --%	; --%	;0	; --%	; --%	;0	; --%	; --%	;
1302	;07/25 05:00 - 06:00	;3	; --%	; --%	;0	; --%	; --%	;0	; --%	; --%	;2	; --%	; --%	;0	; --%	; --%	;0	; --%	; --%	;
1303	;07/25 06:00 - 07:00	;5	;Aumentar por150.0%	; --%	;1	; --%	; --%	;0	;Disminuir por100.0%	; --%	;0	;Disminuir por100.0%	; --%	;0	; --%	; --%	;0	;Disminuir por100.0%	; --%	;
1304	;07/25 07:00 - 08:00	;27	;Aumentar por2600.0%	; --%	;12	;Aumentar por1100.0%	; --%	;0	; --%	; --%	;3	; --%	; --%	;0	; --%	; --%	;0	;Disminuir por100.0%	; --%	;
1305	;07/25 08:00 - 09:00	;15	;Aumentar por114.3%	; --%	;18	;Aumentar por500.0%	; --%	;0	; --%	; --%	;4	; --%	; --%	;0	;Disminuir por100.0%	; --%	;3	;Aumentar por200.0%	; --%	;
1306	;07/25 09:00 - 10:00	;43	;Aumentar por95.5%	; --%	;30	;Aumentar por130.8%	; --%	;0	; --%	; --%	;2	;Disminuir por33.3%	; --%	;1	;Sin cambios	; --%	;7	;Aumentar por250.0%	; --%	;
1307	;07/25 10:00 - 11:00	;113	;Aumentar por27.0%	; --%	;59	;Aumentar por210.5%	; --%	;0	; --%	; --%	;3	; --%	; --%	;0	;Disminuir por100.0%	; --%	;6	;Aumentar por100.0%	; --%	;
1308	;07/25 11:00 - 12:00	;113	;Disminuir por41.5%	; --%	;61	;Aumentar por24.5%	; --%	;0	; --%	; --%	;2	; --%	; --%	;0	;Disminuir por100.0%	; --%	;5	;Aumentar por25.0%	; --%	;
1309	;07/25 12:00 - 13:00	;169	;Disminuir por27.8%	; --%	;96	;Aumentar por62.7%	; --%	;0	; --%	; --%	;4	; --%	; --%	;0	;Disminuir por100.0%	; --%	;3	;Sin cambios	; --%	;
1310	;07/25 13:00 - 14:00	;131	;Aumentar por17.0%	; --%	;71	;Aumentar por29.1%	; --%	;1	; --%	; --%	;5	; --%	; --%	;2	; --%	; --%	;7	;Aumentar por250.0%	; --%	;
1311	;07/25 14:00 - 15:00	;98	;Aumentar por15.3%	; --%	;36	;Aumentar por28.6%	; --%	;0	; --%	; --%	;2	; --%	; --%	;0	; --%	; --%	;2	;Aumentar por100.0%	; --%	;
1312	;07/25 15:00 - 16:00	;98	;Aumentar por36.1%	; --%	;55	;Aumentar por175.0%	; --%	;0	; --%	; --%	;0	; --%	; --%	;1	;Sin cambios	; --%	;6	;Aumentar por200.0%	; --%	;
1313	;07/25 16:00 - 17:00	;106	;Sin cambios	; --%	;64	;Aumentar por25.5%	; --%	;0	; --%	; --%	;2	; --%	; --%	;4	;Disminuir por20.0%	; --%	;4	;Disminuir por33.3%	; --%	;
1314	;07/25 17:00 - 18:00	;135	;Disminuir por10.0%	; --%	;89	;Aumentar por161.8%	; --%	;0	; --%	; --%	;0	; --%	; --%	;0	;Disminuir por100.0%	; --%	;6	;Aumentar por50.0%	; --%	;
1315	;07/25 18:00 - 19:00	;213	;Aumentar por0.9%	; --%	;108	;Aumentar por86.2%	; --%	;0	; --%	; --%	;1	; --%	; --%	;0	;Disminuir por100.0%	; --%	;5	;Aumentar por25.0%	; --%	;
1316	;07/25 19:00 - 20:00	;617	;Aumentar por58.6%	; --%	;255	;Aumentar por211.0%	; --%	;0	; --%	; --%	;0	; --%	; --%	;15	;Aumentar por66.7%	; --%	;8	;Aumentar por166.7%	; --%	;
1317	;07/25 20:00 - 21:00	;1562	;Aumentar por360.8%	; --%	;1077	;Aumentar por715.9%	; --%	;0	; --%	; --%	;0	; --%	; --%	;14	;Disminuir por56.3%	; --%	;8	;Disminuir por38.5%	; --%	;
1318	;07/25 21:00 - 22:00	;1896	;Aumentar por777.8%	; --%	;1404	;Aumentar por1747.4%	; --%	;0	; --%	; --%	;0	; --%	; --%	;19	;Aumentar por111.1%	; --%	;19	;Aumentar por533.3%	; --%	;
1319	;07/25 22:00 - 23:00	;1975	;Aumentar por1190.8%	; --%	;1320	;Aumentar por3200.0%	; --%	;0	; --%	; --%	;0	; --%	; --%	;17	;Aumentar por325.0%	; --%	;45	; --%	; --%	;
1320	;07/25 23:00 - 24:00	;1303	;Aumentar por844.2%	; --%	;938	;Aumentar por1575.0%	; --%	;0	; --%	; --%	;0	; --%	; --%	;27	;Aumentar por2600.0%	; --%	;68	;Aumentar por3300.0%	; --%	;
1321	;07/26 00:00 - 01:00	;647	;Aumentar por5291.7%	; --%	;421	;Aumentar por2907.1%	; --%	;0	; --%	; --%	;0	; --%	; --%	;9	;Aumentar por800.0%	; --%	;14	; --%	; --%	;
1322	;07/26 01:00 - 02:00	;56	;Aumentar por1766.7%	; --%	;58	;Aumentar por866.7%	; --%	;0	; --%	; --%	;0	; --%	; --%	;0	; --%	; --%	;2	; --%	; --%	;
1323	;07/26 02:00 - 03:00	;21	;Aumentar por90.9%	; --%	;38	;Aumentar por3700.0%	; --%	;0	; --%	; --%	;0	; --%	; --%	;0	; --%	; --%	;0	; --%	; --%	;
1324	;07/26 03:00 - 04:00	;39	;Aumentar por387.5%	; --%	;55	;Aumentar por685.7%	; --%	;0	; --%	; --%	;2	;Sin cambios	; --%	;0	; --%	; --%	;1	; --%	; --%	;
1325	;07/26 04:00 - 05:00	;18	; --%	; --%	;3	;Sin cambios	; --%	;0	;Disminuir por100.0%	; --%	;1	;Sin cambios	; --%	;0	; --%	; --%	;1	;Disminuir por50.0%	; --%	;
1326	;07/26 05:00 - 06:00	;7	; --%	; --%	;2	; --%	; --%	;0	; --%	; --%	;1	; --%	; --%	;0	; --%	; --%	;2	; --%	; --%	;
1327	;07/26 06:00 - 07:00	;0	; --%	; --%	;1	; --%	; --%	;0	; --%	; --%	;0	; --%	; --%	;0	;Disminuir por100.0%	; --%	;0	;Disminuir por100.0%	; --%	;
1328	;07/26 07:00 - 08:00	;9	;Aumentar por125.0%	; --%	;2	;Sin cambios	; --%	;0	;Disminuir por100.0%	; --%	;2	;Aumentar por100.0%	; --%	;0	; --%	; --%	;1	;Sin cambios	; --%	;
1329	;07/26 08:00 - 09:00	;46	;Aumentar por228.6%	; --%	;6	;Sin cambios	; --%	;0	; --%	; --%	;1	;Sin cambios	; --%	;1	; --%	; --%	;4	;Aumentar por100.0%	; --%	;
1330	;07/26 09:00 - 10:00	;59	;Aumentar por59.5%	; --%	;51	;Aumentar por264.3%	; --%	;0	; --%	; --%	;0	;Disminuir por100.0%	; --%	;1	; --%	; --%	;3	;Sin cambios	; --%	;
1331	;07/26 10:00 - 11:00	;182	;Aumentar por46.8%	; --%	;89	;Aumentar por154.3%	; --%	;0	; --%	; --%	;1	;Sin cambios	; --%	;2	;Sin cambios	; --%	;2	;Disminuir por60.0%	; --%	;
1332	;07/26 11:00 - 12:00	;287	;Aumentar por3.6%	; --%	;221	;Aumentar por125.5%	; --%	;0	; --%	; --%	;1	; --%	; --%	;4	;Aumentar por300.0%	; --%	;4	;Aumentar por300.0%	; --%	;
1333	;07/26 12:00 - 13:00	;307	;Disminuir por13.3%	; --%	;127	;Aumentar por54.9%	; --%	;0	; --%	; --%	;2	; --%	; --%	;0	;Disminuir por100.0%	; --%	;5	;Aumentar por25.0%	; --%	;
1334	;07/26 13:00 - 14:00	;174	;Disminuir por35.6%	; --%	;120	;Aumentar por22.4%	; --%	;0	; --%	; --%	;3	; --%	; --%	;2	;Sin cambios	; --%	;5	;Sin cambios	; --%	;
1335	;07/26 14:00 - 15:00	;123	;Disminuir por26.3%	; --%	;40	;Disminuir por64.9%	; --%	;0	; --%	; --%	;2	;Aumentar por100.0%	; --%	;2	;Disminuir por60.0%	; --%	;6	;Aumentar por100.0%	; --%	;
1336	;07/26 15:00 - 16:00	;119	;Sin cambios	; --%	;50	;Disminuir por5.7%	; --%	;0	;Disminuir por100.0%	; --%	;1	;Sin cambios	; --%	;4	;Aumentar por33.3%	; --%	;5	;Sin cambios	; --%	;
1337	;07/26 16:00 - 17:00	;114	;Disminuir por45.7%	; --%	;42	;Disminuir por25.0%	; --%	;0	;Disminuir por100.0%	; --%	;2	;Aumentar por100.0%	; --%	;0	;Disminuir por100.0%	; --%	;5	;Aumentar por150.0%	; --%	;
1338	;07/26 17:00 - 18:00	;138	;Disminuir por51.2%	; --%	;108	;Aumentar por27.1%	; --%	;0	; --%	; --%	;0	; --%	; --%	;1	; --%	; --%	;6	;Aumentar por100.0%	; --%	;
1339	;07/26 18:00 - 19:00	;302	;Disminuir por37.1%	; --%	;109	;Disminuir por3.5%	; --%	;0	;Disminuir por100.0%	; --%	;1	;Disminuir por50.0%	; --%	;0	;Disminuir por100.0%	; --%	;2	;Disminuir por60.0%	; --%	;
1340	;07/26 19:00 - 20:00	;597	;Disminuir por27.3%	; --%	;148	;Disminuir por31.2%	; --%	;0	; --%	; --%	;0	; --%	; --%	;0	;Disminuir por100.0%	; --%	;2	;Disminuir por71.4%	; --%	;
1341	;07/26 20:00 - 21:00	;1083	;Aumentar por118.3%	; --%	;418	;Aumentar por145.9%	; --%	;0	; --%	; --%	;0	; --%	; --%	;2	;Disminuir por66.7%	; --%	;6	;Aumentar por200.0%	; --%	;
1342	;07/26 21:00 - 22:00	;1922	;Aumentar por565.1%	; --%	;1277	;Aumentar por698.1%	; --%	;0	; --%	; --%	;0	; --%	; --%	;39	;Aumentar por62.5%	; --%	;31	;Aumentar por55.0%	; --%	;
1343	;07/26 22:00 - 23:00	;1928	;Aumentar por716.9%	; --%	;1466	;Aumentar por767.5%	; --%	;0	; --%	; --%	;0	; --%	; --%	;37	;Aumentar por311.1%	; --%	;21	;Aumentar por61.5%	; --%	;
1344	;07/26 23:00 - 24:00	;1061	;Aumentar por567.3%	; --%	;774	;Aumentar por681.8%	; --%	;0	; --%	; --%	;0	; --%	; --%	;24	;Aumentar por2300.0%	; --%	;19	;Aumentar por850.0%	; --%	;
1345	;07/27 00:00 - 01:00	;325	;Aumentar por1447.6%	; --%	;240	;Aumentar por1900.0%	; --%	;0	; --%	; --%	;0	; --%	; --%	;0	;Disminuir por100.0%	; --%	;3	; --%	; --%	;
1346	;07/27 01:00 - 02:00	;71	;Aumentar por407.1%	; --%	;67	;Aumentar por1016.7%	; --%	;0	; --%	; --%	;0	; --%	; --%	;0	; --%	; --%	;2	; --%	; --%	;
1347	;07/27 02:00 - 03:00	;11	;Aumentar por120.0%	; --%	;24	;Aumentar por118.2%	; --%	;0	; --%	; --%	;0	; --%	; --%	;0	; --%	; --%	;0	; --%	; --%	;
1348	;07/27 03:00 - 04:00	;24	;Aumentar por118.2%	; --%	;24	;Aumentar por700.0%	; --%	;44	;Aumentar por1000.0%	; --%	;47	;Aumentar por1075.0%	; --%	;1	; --%	; --%	;1	; --%	; --%	;
1349	;07/27 04:00 - 05:00	;0	;Disminuir por100.0%	; --%	;0	;Disminuir por100.0%	; --%	;0	; --%	; --%	;0	; --%	; --%	;0	; --%	; --%	;0	; --%	; --%	;
1350	;07/27 05:00 - 06:00	;18	;Aumentar por350.0%	; --%	;16	; --%	; --%	;0	; --%	; --%	;0	; --%	; --%	;0	; --%	; --%	;0	; --%	; --%	;
1351	;07/27 06:00 - 07:00	;4	;Disminuir por55.6%	; --%	;1	;Disminuir por50.0%	; --%	;0	; --%	; --%	;2	; --%	; --%	;0	; --%	; --%	;2	; --%	; --%	;
1352	;07/27 07:00 - 08:00	;9	;Disminuir por86.6%	; --%	;4	;Disminuir por80.0%	; --%	;0	; --%	; --%	;2	; --%	; --%	;0	; --%	; --%	;1	; --%	; --%	;
1353	;07/27 08:00 - 09:00	;21	;Aumentar por75.0%	; --%	;13	;Aumentar por85.7%	; --%	;1	; --%	; --%	;3	; --%	; --%	;3	;Aumentar por200.0%	; --%	;2	; --%	; --%	;
1354	;07/27 09:00 - 10:00	;45	;Sin cambios	; --%	;38	;Aumentar por40.7%	; --%	;0	; --%	; --%	;5	; --%	; --%	;0	; --%	; --%	;6	;Aumentar por500.0%	; --%	;
1355	;07/27 10:00 - 11:00	;91	;Disminuir por15.0%	; --%	;36	;Disminuir por23.4%	; --%	;1	; --%	; --%	;0	; --%	; --%	;1	;Sin cambios	; --%	;7	;Aumentar por250.0%	; --%	;
1356	;07/27 11:00 - 12:00	;109	;Disminuir por46.3%	; --%	;108	;Aumentar por21.3%	; --%	;0	; --%	; --%	;2	; --%	; --%	;4	;Aumentar por300.0%	; --%	;3	;Aumentar por50.0%	; --%	;
1357	;07/27 12:00 - 13:00	;117	;Disminuir por86.3%	; --%	;78	;Disminuir por66.1%	; --%	;0	; --%	; --%	;4	; --%	; --%	;3	;Aumentar por50.0%	; --%	;7	;Aumentar por133.3%	; --%	;
1358	;07/27 13:00 - 14:00	;104	;Disminuir por90.9%	; --%	;57	;Disminuir por85.3%	; --%	;0	; --%	; --%	;4	; --%	; --%	;0	;Disminuir por100.0%	; --%	;8	;Disminuir por52.9%	; --%	;
1359	;07/27 14:00 - 15:00	;42	;Disminuir por93.9%	; --%	;37	;Disminuir por90.1%	; --%	;0	; --%	; --%	;2	; --%	; --%	;3	;Disminuir por57.1%	; --%	;8	;Disminuir por82.6%	; --%	;
1360	;07/27 15:00 - 16:00	;89	;Disminuir por32.1%	; --%	;42	;Disminuir por2.3%	; --%	;0	; --%	; --%	;2	; --%	; --%	;0	;Disminuir por100.0%	; --%	;6	;Aumentar por500.0%	; --%	;
1361	;07/27 16:00 - 17:00	;96	;Disminuir por40.0%	; --%	;51	;Aumentar por10.9%	; --%	;0	; --%	; --%	;1	; --%	; --%	;3	;Aumentar por200.0%	; --%	;6	;Aumentar por500.0%	; --%	;
1362	;07/27 17:00 - 18:00	;113	;Aumentar por16.5%	; --%	;61	;Aumentar por177.3%	; --%	;0	; --%	; --%	;3	; --%	; --%	;0	; --%	; --%	;3	;Aumentar por200.0%	; --%	;
1363	;07/27 18:00 - 19:00	;128	;Aumentar por6.7%	; --%	;56	;Aumentar por55.6%	; --%	;0	; --%	; --%	;0	; --%	; --%	;1	;Disminuir por50.0%	; --%	;5	; --%	; --%	;
1364	;07/27 19:00 - 20:00	;539	;Aumentar por168.2%	; --%	;173	;Aumentar por322.0%	; --%	;0	; --%	; --%	;0	; --%	; --%	;1	;Disminuir por80.0%	; --%	;3	;Sin cambios	; --%	;
1365	;07/27 20:00 - 21:00	;1483	;Aumentar por1006.7%	; --%	;833	;Aumentar por4065.0%	; --%	;0	; --%	; --%	;0	;Disminuir por100.0%	; --%	;8	; --%	; --%	;11	; --%	; --%	;
1366	;07/27 21:00 - 22:00	;1550	;Aumentar por2824.5%	; --%	;1012	;Aumentar por7128.6%	; --%	;0	; --%	; --%	;0	; --%	; --%	;7	; --%	; --%	;16	; --%	; --%	;
1367	;07/27 22:00 - 23:00	;1773	;Aumentar por3929.5%	; --%	;1324	;Aumentar por10933.3%	; --%	;0	; --%	; --%	;0	; --%	; --%	;24	; --%	; --%	;32	; --%	; --%	;
1368	;07/27 23:00 - 24:00	;1001	;Aumentar por4905.0%	; --%	;655	;Aumentar por21733.3%	; --%	;0	; --%	; --%	;0	; --%	; --%	;44	;Aumentar por2100.0%	; --%	;19	; --%	; --%	;
1369	;07/28 00:00 - 01:00	;270	;Aumentar por6650.0%	; --%	;198	;Aumentar por19700.0%	; --%	;0	; --%	; --%	;0	; --%	; --%	;0	; --%	; --%	;6	; --%	; --%	;
1370	;07/28 01:00 - 02:00	;29	; --%	; --%	;16	;Aumentar por220.0%	; --%	;0	; --%	; --%	;0	; --%	; --%	;0	; --%	; --%	;1	;Disminuir por50.0%	; --%	;
1371	;07/28 02:00 - 03:00	;22	; --%	; --%	;16	;Aumentar por700.0%	; --%	;2	; --%	; --%	;3	; --%	; --%	;0	; --%	; --%	;0	; --%	; --%	;
1372	;07/28 03:00 - 04:00	;4	; --%	; --%	;4	; --%	; --%	;0	; --%	; --%	;0	; --%	; --%	;0	; --%	; --%	;0	; --%	; --%	;
1373	;07/28 04:00 - 05:00	;0	;Disminuir por100.0%	; --%	;1	;Disminuir por88.9%	; --%	;0	;Disminuir por100.0%	; --%	;0	;Disminuir por100.0%	; --%	;0	; --%	; --%	;0	;Disminuir por100.0%	; --%	;
1374	;07/28 05:00 - 06:00	;1	;Sin cambios	; --%	;0	; --%	; --%	;0	; --%	; --%	;0	; --%	; --%	;0	; --%	; --%	;0	; --%	; --%	;
1375	;07/28 06:00 - 07:00	;2	;Aumentar por100.0%	; --%	;2	; --%	; --%	;0	; --%	; --%	;2	;Aumentar por100.0%	; --%	;0	; --%	; --%	;0	;Disminuir por100.0%	; --%	;
1376	;07/28 07:00 - 08:00	;9	;Aumentar por350.0%	; --%	;4	;Sin cambios	; --%	;0	; --%	; --%	;2	;Aumentar por100.0%	; --%	;0	; --%	; --%	;2	;Aumentar por100.0%	; --%	;
1377	;07/28 08:00 - 09:00	;35	;Aumentar por1066.7%	; --%	;13	;Aumentar por225.0%	; --%	;0	; --%	; --%	;4	;Sin cambios	; --%	;0	; --%	; --%	;6	;Aumentar por200.0%	; --%	;
1378	;07/28 09:00 - 10:00	;94	;Aumentar por487.5%	; --%	;52	;Aumentar por420.0%	; --%	;0	; --%	; --%	;2	;Disminuir por33.3%	; --%	;0	;Disminuir por100.0%	; --%	;7	;Aumentar por75.0%	; --%	;
1379	;07/28 10:00 - 11:00	;128	;Aumentar por151.0%	; --%	;83	;Aumentar por937.5%	; --%	;0	; --%	; --%	;4	;Disminuir por33.3%	; --%	;1	; --%	; --%	;3	;Aumentar por200.0%	; --%	;
1380	;07/28 11:00 - 12:00	;91	;Disminuir por8.1%	; --%	;90	;Aumentar por119.5%	; --%	;0	;Disminuir por100.0%	; --%	;4	;Aumentar por100.0%	; --%	;1	;Disminuir por91.7%	; --%	;3	;Disminuir por70.0%	; --%	;
1381	;07/28 12:00 - 13:00	;161	;Aumentar por172.9%	; --%	;60	;Aumentar por252.9%	; --%	;0	;Disminuir por100.0%	; --%	;1	;Disminuir por66.7%	; --%	;1	;Sin cambios	; --%	;7	;Aumentar por250.0%	; --%	;
1382	;07/28 13:00 - 14:00	;113	;Aumentar por182.5%	; --%	;62	;Aumentar por264.7%	; --%	;0	; --%	; --%	;5	;Aumentar por400.0%	; --%	;1	;Sin cambios	; --%	;7	;Aumentar por40.0%	; --%	;
1383	;07/28 14:00 - 15:00	;51	;Disminuir por12.1%	;Aumentar por4.1%	;31	;Aumentar por244.4%	;Disminuir por20.5%	;0	; --%	; --%	;4	;Disminuir por20.0%	;Aumentar por100.0%	;0	; --%	; --%	;10	;Aumentar por66.7%	;Aumentar por400.0%	;
1384	;07/28 15:00 - 16:00	;101	;Aumentar por274.1%	;Aumentar por44.3%	;60	;Aumentar por500.0%	;Aumentar por71.4%	;0	; --%	; --%	;1	;Sin cambios	;Disminuir por66.7%	;0	; --%	; --%	;7	;Aumentar por250.0%	;Aumentar por75.0%	;
1385	;07/28 16:00 - 17:00	;83	;Aumentar por159.4%	;Aumentar por93.0%	;40	;Aumentar por166.7%	;Disminuir por16.7%	;1	; --%	; --%	;2	;Aumentar por100.0%	;Sin cambios	;0	; --%	;Disminuir por100.0%	;3	;Aumentar por200.0%	;Sin cambios	;
1386	;07/28 17:00 - 18:00	;135	;Aumentar por114.3%	;Disminuir por20.1%	;53	;Aumentar por430.0%	;Disminuir por39.8%	;0	; --%	; --%	;1	;Disminuir por80.0%	;Disminuir por50.0%	;3	;Sin cambios	; --%	;6	;Aumentar por50.0%	;Aumentar por50.0%	;
1387	;07/28 18:00 - 19:00	;351	;Aumentar por265.6%	;Aumentar por21.5%	;117	;Aumentar por303.4%	;Disminuir por3.3%	;0	; --%	; --%	;0	;Disminuir por100.0%	; --%	;2	; --%	;Disminuir por33.3%	;1	;Disminuir por50.0%	;Disminuir por83.3%	;
1388	;07/28 19:00 - 20:00	;677	;Aumentar por464.2%	;Aumentar por2.0%	;282	;Aumentar por1310.0%	;Aumentar por23.1%	;0	; --%	; --%	;1	;Disminuir por50.0%	; --%	;1	; --%	; --%	;5	; --%	;Aumentar por150.0%	;
1389	;07/28 20:00 - 21:00	;1697	;Aumentar por2075.6%	;Aumentar por143.8%	;1034	;Aumentar por5070.0%	;Aumentar por347.6%	;0	; --%	; --%	;0	;Disminuir por100.0%	; --%	;5	;Aumentar por66.7%	;Aumentar por66.7%	;5	;Aumentar por150.0%	;Aumentar por25.0%	;
1390	;07/28 21:00 - 22:00	;2052	;Aumentar por9227.3%	; --%	;1547	;Aumentar por8042.1%	; --%	;0	; --%	; --%	;0	;Disminuir por100.0%	; --%	;9	; --%	; --%	;30	; --%	; --%	;
1391	;07/28 22:00 - 23:00	;2327	;Aumentar por9208.0%	; --%	;1880	;Aumentar por31233.3%	; --%	;0	; --%	; --%	;0	; --%	; --%	;12	; --%	; --%	;11	;Aumentar por1000.0%	; --%	;
1392	;07/28 23:00 - 24:00	;1393	;Aumentar por8606.3%	; --%	;1209	;Aumentar por30125.0%	; --%	;0	; --%	; --%	;0	; --%	; --%	;22	;Aumentar por2100.0%	; --%	;19	;Aumentar por850.0%	; --%	;
1393	;07/29 00:00 - 01:00	;255	;Aumentar por12650.0%	; --%	;169	;Aumentar por16800.0%	; --%	;0	; --%	; --%	;0	; --%	; --%	;2	; --%	; --%	;6	; --%	; --%	;
1394	;07/29 01:00 - 02:00	;51	; --%	; --%	;41	; --%	; --%	;0	;Disminuir por100.0%	; --%	;0	; --%	; --%	;0	; --%	; --%	;1	; --%	; --%	;
1395	;07/29 02:00 - 03:00	;10	; --%	; --%	;29	;Aumentar por1350.0%	; --%	;0	; --%	; --%	;0	;Disminuir por100.0%	; --%	;0	; --%	; --%	;2	; --%	; --%	;
1396	;07/29 03:00 - 04:00	;24	; --%	; --%	;21	; --%	; --%	;3	; --%	; --%	;3	; --%	; --%	;0	; --%	; --%	;3	; --%	; --%	;
1397	;07/29 04:00 - 05:00	;3	; --%	; --%	;0	; --%	; --%	;0	; --%	; --%	;0	; --%	; --%	;0	; --%	; --%	;1	; --%	; --%	;
1398	;07/29 05:00 - 06:00	;2	; --%	; --%	;0	; --%	; --%	;0	; --%	; --%	;0	; --%	; --%	;0	; --%	; --%	;0	; --%	; --%	;
1399	;07/29 06:00 - 07:00	;2	; --%	; --%	;0	; --%	; --%	;0	; --%	; --%	;2	; --%	; --%	;0	;Disminuir por100.0%	; --%	;2	;Aumentar por100.0%	; --%	;
1400	;07/29 07:00 - 08:00	;8	;Aumentar por300.0%	; --%	;7	;Aumentar por600.0%	; --%	;0	; --%	; --%	;3	;Aumentar por200.0%	; --%	;1	; --%	; --%	;2	; --%	; --%	;
1401	;07/29 08:00 - 09:00	;23	;Aumentar por64.3%	;Aumentar por475.0%	;18	;Aumentar por500.0%	; --%	;0	; --%	; --%	;5	;Aumentar por400.0%	;Aumentar por400.0%	;3	; --%	; --%	;2	;Sin cambios	; --%	;
1402	;07/29 09:00 - 10:00	;50	;Aumentar por150.0%	; --%	;41	;Aumentar por215.4%	; --%	;0	; --%	; --%	;5	;Sin cambios	; --%	;1	; --%	; --%	;5	;Sin cambios	; --%	;
1403	;07/29 10:00 - 11:00	;99	;Disminuir por5.7%	; --%	;54	;Aumentar por184.2%	; --%	;1	; --%	; --%	;6	;Disminuir por33.3%	; --%	;3	;Aumentar por200.0%	; --%	;5	;Aumentar por66.7%	; --%	;
1404	;07/29 11:00 - 12:00	;118	;Aumentar por38.8%	; --%	;67	;Aumentar por116.1%	; --%	;0	; --%	; --%	;4	;Aumentar por100.0%	; --%	;0	;Disminuir por100.0%	; --%	;8	;Disminuir por20.0%	; --%	;
1405	;07/29 12:00 - 13:00	;116	;Aumentar por81.3%	; --%	;54	;Aumentar por260.0%	; --%	;0	; --%	; --%	;6	;Aumentar por20.0%	; --%	;1	;Sin cambios	; --%	;4	; --%	; --%	;
1406	;07/29 13:00 - 14:00	;148	;Aumentar por87.3%	; --%	;62	;Aumentar por376.9%	; --%	;0	; --%	; --%	;6	;Aumentar por50.0%	; --%	;1	; --%	; --%	;4	;Disminuir por42.9%	; --%	;
1407	;07/29 14:00 - 15:00	;97	;Aumentar por203.1%	; --%	;43	;Aumentar por126.3%	; --%	;0	; --%	; --%	;1	;Disminuir por87.5%	; --%	;0	; --%	; --%	;10	;Aumentar por233.3%	; --%	;
1408	;07/29 15:00 - 16:00	;93	;Aumentar por126.8%	; --%	;39	;Aumentar por178.6%	; --%	;0	; --%	; --%	;7	;Aumentar por75.0%	; --%	;1	; --%	; --%	;2	;Sin cambios	; --%	;
1409	;07/29 16:00 - 17:00	;83	;Aumentar por50.9%	; --%	;46	;Aumentar por119.0%	; --%	;0	; --%	; --%	;2	;Disminuir por66.7%	; --%	;1	;Sin cambios	; --%	;8	;Aumentar por100.0%	; --%	;
1410	;07/29 17:00 - 18:00	;110	;Aumentar por66.7%	; --%	;61	;Aumentar por281.3%	; --%	;0	; --%	; --%	;4	;Sin cambios	; --%	;3	;Aumentar por50.0%	; --%	;3	;Disminuir por25.0%	; --%	;
1411	;07/29 18:00 - 19:00	;282	;Aumentar por235.7%	; --%	;101	;Aumentar por405.0%	; --%	;0	; --%	; --%	;0	;Disminuir por100.0%	; --%	;2	;Sin cambios	; --%	;7	;Aumentar por250.0%	; --%	;
1412	;07/29 19:00 - 20:00	;595	;Aumentar por372.2%	; --%	;241	;Aumentar por487.8%	; --%	;0	; --%	; --%	;0	;Disminuir por100.0%	; --%	;9	; --%	; --%	;3	;Aumentar por50.0%	; --%	;
1413	;07/29 20:00 - 21:00	;1320	;Aumentar por2344.4%	; --%	;655	;Aumentar por3752.9%	; --%	;0	; --%	; --%	;0	; --%	; --%	;3	; --%	; --%	;6	;Aumentar por50.0%	; --%	;
1414	;07/29 21:00 - 22:00	;2187	;Aumentar por5234.1%	; --%	;1691	;Aumentar por16810.0%	; --%	;0	; --%	; --%	;0	; --%	; --%	;0	;Disminuir por100.0%	; --%	;4	; --%	; --%	;
1415	;07/29 22:00 - 23:00	;2300	;Aumentar por12677.8%	; --%	;1877	; --%	; --%	;0	; --%	; --%	;0	;Disminuir por100.0%	; --%	;51	; --%	; --%	;135	;Aumentar por13400.0%	; --%	;
1416	;07/29 23:00 - 24:00	;1315	;Aumentar por43733.3%	; --%	;1044	;Aumentar por52100.0%	; --%	;0	; --%	; --%	;0	; --%	; --%	;30	; --%	; --%	;62	;Aumentar por3000.0%	; --%	;
1417	;07/30 00:00 - 01:00	;269	;Aumentar por8866.7%	; --%	;252	;Aumentar por12500.0%	; --%	;0	; --%	; --%	;0	; --%	; --%	;5	; --%	; --%	;6	; --%	; --%	;
1418	;07/30 01:00 - 02:00	;56	; --%	; --%	;30	; --%	; --%	;0	; --%	; --%	;0	; --%	; --%	;0	; --%	; --%	;1	; --%	; --%	;
1419	;07/30 02:00 - 03:00	;2	; --%	; --%	;14	; --%	; --%	;0	; --%	; --%	;0	; --%	; --%	;0	; --%	; --%	;1	; --%	; --%	;
1420	;07/30 03:00 - 04:00	;21	;Aumentar por2000.0%	; --%	;25	;Aumentar por1150.0%	; --%	;19	; --%	; --%	;20	;Aumentar por1900.0%	; --%	;0	; --%	; --%	;0	; --%	; --%	;
1421	;07/30 04:00 - 05:00	;0	; --%	; --%	;1	; --%	; --%	;0	; --%	; --%	;0	; --%	; --%	;0	; --%	; --%	;0	; --%	; --%	;
1422	;07/30 05:00 - 06:00	;9	; --%	; --%	;1	; --%	; --%	;0	; --%	; --%	;1	; --%	; --%	;0	; --%	; --%	;0	; --%	; --%	;
1423	;07/30 06:00 - 07:00	;5	;Aumentar por400.0%	; --%	;1	; --%	; --%	;0	; --%	; --%	;0	;Disminuir por100.0%	; --%	;0	; --%	; --%	;1	;Sin cambios	; --%	;
1424	;07/30 07:00 - 08:00	;19	;Aumentar por850.0%	; --%	;1	;Disminuir por66.7%	; --%	;0	; --%	; --%	;5	;Aumentar por66.7%	; --%	;0	; --%	; --%	;0	;Disminuir por100.0%	; --%	;
1425	;07/30 08:00 - 09:00	;21	;Aumentar por162.5%	; --%	;22	;Aumentar por340.0%	; --%	;0	; --%	; --%	;4	;Disminuir por33.3%	; --%	;0	; --%	; --%	;2	;Aumentar por100.0%	; --%	;
1426	;07/30 09:00 - 10:00	;51	;Aumentar por240.0%	; --%	;62	;Aumentar por1140.0%	; --%	;0	;Disminuir por100.0%	; --%	;4	;Aumentar por33.3%	; --%	;18	; --%	; --%	;5	;Disminuir por16.7%	; --%	;
1427	;07/30 10:00 - 11:00	;143	;Aumentar por34.9%	;Aumentar por93.2%	;82	;Aumentar por446.7%	;Aumentar por256.5%	;0	;Disminuir por100.0%	; --%	;7	;Aumentar por16.7%	;Aumentar por75.0%	;40	; --%	; --%	;24	;Aumentar por700.0%	;Aumentar por2300.0%	;
1428	;07/30 11:00 - 12:00	;131	;Disminuir por43.0%	;Disminuir por45.4%	;65	;Aumentar por35.4%	;Disminuir por23.5%	;0	; --%	; --%	;6	;Aumentar por20.0%	;Aumentar por50.0%	;3	;Sin cambios	;Aumentar por50.0%	;3	;Disminuir por40.0%	;Disminuir por40.0%	;
1429	;07/30 12:00 - 13:00	;149	;Aumentar por1.4%	;Aumentar por44.7%	;78	;Aumentar por90.2%	;Aumentar por188.9%	;2	; --%	; --%	;6	;Sin cambios	;Aumentar por500.0%	;0	;Disminuir por100.0%	; --%	;11	;Aumentar por450.0%	;Aumentar por266.7%	;
1430	;07/30 13:00 - 14:00	;91	;Aumentar por40.0%	;Aumentar por116.7%	;61	;Aumentar por238.9%	;Aumentar por144.0%	;1	; --%	; --%	;3	;Disminuir por62.5%	; --%	;0	;Disminuir por100.0%	; --%	;3	;Disminuir por40.0%	;Aumentar por50.0%	;
1431	;07/30 14:00 - 15:00	;52	;Aumentar por52.9%	;Disminuir por40.2%	;54	;Aumentar por285.7%	;Aumentar por28.6%	;0	; --%	; --%	;3	;Sin cambios	;Aumentar por50.0%	;0	; --%	; --%	;8	;Aumentar por166.7%	;Aumentar por33.3%	;
1432	;07/30 15:00 - 16:00	;50	;Disminuir por29.6%	;Disminuir por15.3%	;23	;Disminuir por14.8%	;Disminuir por34.3%	;0	; --%	; --%	;1	;Disminuir por50.0%	;Disminuir por66.7%	;1	;Disminuir por66.7%	;Sin cambios	;5	;Aumentar por25.0%	;Aumentar por25.0%	;
1433	;07/30 16:00 - 17:00	;84	;Aumentar por55.6%	;Disminuir por24.3%	;41	;Aumentar por7.9%	;Disminuir por8.9%	;1	; --%	; --%	;3	;Aumentar por50.0%	;Sin cambios	;0	; --%	;Disminuir por100.0%	;3	;Sin cambios	;Sin cambios	;
1434	;07/30 17:00 - 18:00	;148	;Aumentar por100.0%	;Aumentar por17.5%	;71	;Aumentar por255.0%	;Aumentar por34.0%	;0	; --%	; --%	;1	;Sin cambios	;Disminuir por50.0%	;3	;Sin cambios	;Aumentar por200.0%	;6	;Aumentar por20.0%	;Aumentar por200.0%	;
1435	;07/30 18:00 - 19:00	;267	;Aumentar por178.1%	;Disminuir por15.2%	;106	;Aumentar por241.9%	;Disminuir por15.2%	;0	; --%	; --%	;1	;Disminuir por50.0%	; --%	;2	;Aumentar por100.0%	;Disminuir por50.0%	;2	;Disminuir por50.0%	;Disminuir por81.8%	;
1436	;07/30 19:00 - 20:00	;550	;Aumentar por423.8%	;Disminuir por28.6%	;206	;Aumentar por836.4%	;Disminuir por26.4%	;0	; --%	; --%	;0	;Disminuir por100.0%	; --%	;0	;Disminuir por100.0%	;Disminuir por100.0%	;5	;Aumentar por150.0%	;Sin cambios	;
1437	;07/30 20:00 - 21:00	;1067	;Aumentar por2077.6%	;Aumentar por7.1%	;462	;Aumentar por4100.0%	;Aumentar por28.7%	;0	; --%	; --%	;0	;Disminuir por100.0%	; --%	;3	; --%	;Aumentar por200.0%	;2	;Aumentar por100.0%	;Sin cambios	;
1438	;07/30 21:00 - 22:00	;1764	;Aumentar por6684.6%	;Aumentar por7.9%	;1264	;Aumentar por31500.0%	;Aumentar por11.6%	;0	; --%	; --%	;0	;Disminuir por100.0%	; --%	;2	;Sin cambios	;Disminuir por83.3%	;5	;Aumentar por150.0%	;Disminuir por70.6%	;
1439	;07/30 22:00 - 23:00	;1797	;Aumentar por44825.0%	;Aumentar por7.9%	;1343	; --%	;Aumentar por20.0%	;0	; --%	; --%	;0	; --%	; --%	;55	; --%	;Aumentar por175.0%	;72	; --%	;Aumentar por80.0%	;
1440	;07/30 23:00 - 24:00	;1190	;Aumentar por19733.3%	;Disminuir por3.3%	;998	; --%	;Aumentar por1.4%	;0	; --%	; --%	;0	; --%	; --%	;34	;Aumentar por3300.0%	;Aumentar por112.5%	;50	; --%	;Aumentar por138.1%	;
1441	;07/31 00:00 - 01:00	;267	;Aumentar por13250.0%	;Aumentar por4.7%	;165	; --%	;Disminuir por8.3%	;0	; --%	; --%	;0	; --%	; --%	;0	; --%	; --%	;1	; --%	;Disminuir por66.7%	;
1442	;07/31 01:00 - 02:00	;53	; --%	;Aumentar por20.5%	;41	;Aumentar por4000.0%	;Disminuir por28.1%	;1	; --%	; --%	;2	; --%	;Aumentar por100.0%	;1	; --%	; --%	;1	;Sin cambios	; --%	;
1443	;07/31 02:00 - 03:00	;13	; --%	;Sin cambios	;16	; --%	;Aumentar por433.3%	;1	; --%	; --%	;1	; --%	;Sin cambios	;0	; --%	; --%	;0	; --%	; --%	;
1444	;07/31 03:00 - 04:00	;1	;Sin cambios	;Disminuir por90.0%	;5	;Aumentar por400.0%	;Aumentar por400.0%	;0	;Disminuir por100.0%	; --%	;0	;Disminuir por100.0%	;Disminuir por100.0%	;0	; --%	; --%	;0	; --%	; --%	;
1445	;07/31 04:00 - 05:00	;8	; --%	;Disminuir por50.0%	;6	; --%	;Disminuir por50.0%	;0	; --%	;Disminuir por100.0%	;1	; --%	;Disminuir por75.0%	;0	; --%	; --%	;0	; --%	;Disminuir por100.0%	;
1446	;07/31 05:00 - 06:00	;4	; --%	; --%	;2	; --%	;Disminuir por33.3%	;0	; --%	; --%	;1	; --%	; --%	;0	; --%	; --%	;0	; --%	;Disminuir por100.0%	;
1447	;07/31 06:00 - 07:00	;5	; --%	;Disminuir por44.4%	;1	; --%	;Sin cambios	;0	; --%	; --%	;1	; --%	;Sin cambios	;0	; --%	; --%	;2	;Aumentar por100.0%	; --%	;
1448	;07/31 07:00 - 08:00	;8	;Aumentar por700.0%	;Sin cambios	;4	;Aumentar por33.3%	;Sin cambios	;0	; --%	; --%	;2	;Aumentar por100.0%	;Disminuir por50.0%	;0	; --%	; --%	;0	;Disminuir por100.0%	; --%	;
1449	;07/31 08:00 - 09:00	;20	;Aumentar por81.8%	;Aumentar por81.8%	;8	;Aumentar por60.0%	;Disminuir por20.0%	;0	;Disminuir por100.0%	; --%	;2	;Disminuir por71.4%	;Disminuir por50.0%	;0	; --%	;Disminuir por100.0%	;3	;Aumentar por200.0%	;Aumentar por50.0%	;
1450	;07/31 09:00 - 10:00	;51	;Aumentar por131.8%	;Aumentar por30.8%	;37	;Aumentar por131.3%	;Disminuir por2.6%	;1	; --%	; --%	;3	;Disminuir por25.0%	;Sin cambios	;1	; --%	;Disminuir por50.0%	;5	;Sin cambios	;Aumentar por66.7%	;
1451	;07/31 10:00 - 11:00	;103	;Disminuir por5.5%	;Aumentar por7.3%	;38	;Aumentar por5.6%	;Disminuir por45.7%	;0	; --%	; --%	;5	;Aumentar por66.7%	;Aumentar por66.7%	;0	; --%	;Disminuir por100.0%	;5	;Aumentar por150.0%	;Disminuir por54.5%	;
1452	;07/31 11:00 - 12:00	;172	;Aumentar por59.3%	;Disminuir por10.9%	;77	;Aumentar por10.0%	;Disminuir por10.5%	;0	;Disminuir por100.0%	;Disminuir por100.0%	;3	;Disminuir por50.0%	;Disminuir por50.0%	;2	;Disminuir por33.3%	;Sin cambios	;6	;Disminuir por40.0%	;Aumentar por100.0%	;
1453	;07/31 12:00 - 13:00	;146	;Aumentar por49.0%	;Aumentar por33.9%	;83	;Aumentar por97.6%	;Aumentar por43.1%	;0	; --%	; --%	;3	;Disminuir por25.0%	;Disminuir por40.0%	;0	; --%	; --%	;6	;Aumentar por100.0%	;Sin cambios	;
1454	;07/31 13:00 - 14:00	;90	;Aumentar por328.6%	;Aumentar por8.4%	;62	;Aumentar por287.5%	;Aumentar por47.6%	;2	; --%	; --%	;6	;Disminuir por33.3%	;Disminuir por14.3%	;0	; --%	;Disminuir por100.0%	;9	;Aumentar por80.0%	;Aumentar por80.0%	;
1455	;07/31 14:00 - 15:00	;62	;Aumentar por40.9%	;Disminuir por35.4%	;21	;Sin cambios	;Disminuir por51.2%	;0	; --%	; --%	;2	;Disminuir por33.3%	;Disminuir por33.3%	;0	;Disminuir por100.0%	;Disminuir por100.0%	;5	;Aumentar por25.0%	;Aumentar por66.7%	;
1456	;07/31 15:00 - 16:00	;47	;Aumentar por95.8%	;Disminuir por23.0%	;44	;Aumentar por214.3%	;Aumentar por25.7%	;0	; --%	; --%	;4	;Aumentar por300.0%	;Aumentar por100.0%	;3	; --%	;Aumentar por200.0%	;7	;Sin cambios	;Aumentar por16.7%	;
1457	;07/31 16:00 - 17:00	;79	;Aumentar por125.7%	;Aumentar por12.9%	;43	;Aumentar por290.9%	;Aumentar por34.4%	;0	; --%	; --%	;0	;Disminuir por100.0%	;Disminuir por100.0%	;0	;Disminuir por100.0%	; --%	;6	;Aumentar por20.0%	;Aumentar por200.0%	;
1458	;07/31 17:00 - 18:00	;105	;Disminuir por33.1%	;Aumentar por29.6%	;50	;Aumentar por100.0%	;Disminuir por31.5%	;1	; --%	; --%	;3	;Aumentar por200.0%	;Aumentar por50.0%	;1	;Disminuir por80.0%	; --%	;1	;Disminuir por80.0%	;Disminuir por66.7%	;
1459	;07/31 18:00 - 19:00	;250	;Aumentar por66.7%	;Disminuir por29.8%	;96	;Aumentar por166.7%	;Disminuir por2.0%	;0	;Disminuir por100.0%	; --%	;0	;Disminuir por100.0%	; --%	;0	;Disminuir por100.0%	;Disminuir por100.0%	;2	;Sin cambios	;Disminuir por66.7%	;
1460	;07/31 19:00 - 20:00	;726	;Aumentar por374.5%	;Aumentar por39.1%	;422	;Aumentar por539.4%	;Aumentar por117.5%	;0	; --%	; --%	;0	; --%	; --%	;2	; --%	;Disminuir por86.7%	;3	;Disminuir por25.0%	;Disminuir por57.1%	;
1461	;07/31 20:00 - 21:00	;1013	;Aumentar por323.8%	;Disminuir por23.7%	;440	;Aumentar por450.0%	;Disminuir por40.1%	;0	; --%	; --%	;0	;Disminuir por100.0%	; --%	;25	;Aumentar por525.0%	;Aumentar por4.2%	;20	;Aumentar por1900.0%	;Disminuir por16.7%	;
1462	;07/31 21:00 - 22:00	;1408	;Aumentar por470.0%	;Disminuir por18.5%	;1019	;Aumentar por660.4%	;Disminuir por20.2%	;0	; --%	; --%	;0	;Disminuir por100.0%	; --%	;16	;Disminuir por11.1%	;Disminuir por33.3%	;16	;Aumentar por60.0%	;Disminuir por38.5%	;
1463	;07/31 22:00 - 23:00	;1492	;Aumentar por1113.0%	;Disminuir por28.9%	;981	;Aumentar por1027.6%	;Disminuir por39.2%	;0	; --%	; --%	;0	; --%	; --%	;20	;Aumentar por185.7%	;Disminuir por58.3%	;28	;Aumentar por1300.0%	;Disminuir por30.0%	;
1464	;07/31 23:00 - 24:00	;1112	;Aumentar por789.6%	;Aumentar por60.9%	;770	;Aumentar por1380.8%	;Aumentar por63.8%	;0	; --%	; --%	;0	; --%	; --%	;24	;Aumentar por2300.0%	;Aumentar por242.9%	;40	; --%	;Aumentar por566.7%	;
1465	;08/01 00:00 - 01:00	;324	;Aumentar por1100.0%	;Aumentar por6.6%	;180	;Aumentar por1185.7%	;Disminuir por33.3%	;0	; --%	; --%	;0	; --%	; --%	;1	; --%	; --%	;6	;Aumentar por500.0%	;Disminuir por25.0%	;
1466	;08/01 01:00 - 02:00	;57	;Aumentar por470.0%	;Aumentar por3.6%	;49	;Aumentar por512.5%	;Aumentar por11.4%	;0	;Disminuir por100.0%	; --%	;0	; --%	;Disminuir por100.0%	;1	; --%	; --%	;2	;Sin cambios	; --%	;
1467	;08/01 02:00 - 03:00	;15	;Aumentar por36.4%	;Aumentar por87.5%	;16	;Aumentar por220.0%	;Aumentar por166.7%	;2	;Disminuir por77.8%	; --%	;3	;Disminuir por72.7%	; --%	;0	; --%	; --%	;1	; --%	; --%	;
1468	;08/01 03:00 - 04:00	;32	;Aumentar por3100.0%	;Aumentar por300.0%	;31	;Aumentar por3000.0%	;Aumentar por121.4%	;0	;Disminuir por100.0%	;Disminuir por100.0%	;1	;Disminuir por95.0%	;Disminuir por87.5%	;0	; --%	; --%	;0	; --%	; --%	;
1469	;08/01 04:00 - 05:00	;4	;Disminuir por20.0%	;Disminuir por50.0%	;4	;Aumentar por100.0%	;Aumentar por100.0%	;0	; --%	; --%	;0	;Disminuir por100.0%	; --%	;1	; --%	; --%	;0	; --%	; --%	;
1470	;08/01 05:00 - 06:00	;4	; --%	;Disminuir por42.9%	;0	; --%	;Disminuir por100.0%	;0	; --%	; --%	;1	;Sin cambios	; --%	;0	; --%	;Disminuir por100.0%	;0	; --%	;Disminuir por100.0%	;
1471	;08/01 06:00 - 07:00	;2	;Aumentar por100.0%	;Disminuir por50.0%	;1	;Sin cambios	;Disminuir por66.7%	;0	; --%	; --%	;0	; --%	;Disminuir por100.0%	;0	; --%	; --%	;0	; --%	; --%	;
1472	;08/01 07:00 - 08:00	;4	;Sin cambios	;Disminuir por63.6%	;6	; --%	;Disminuir por25.0%	;0	; --%	; --%	;0	;Disminuir por100.0%	;Disminuir por100.0%	;1	; --%	; --%	;1	; --%	;Sin cambios	;
1473	;08/01 08:00 - 09:00	;24	;Aumentar por700.0%	;Aumentar por26.3%	;10	;Aumentar por400.0%	;Disminuir por37.5%	;0	; --%	; --%	;2	;Disminuir por33.3%	;Disminuir por60.0%	;2	;Aumentar por100.0%	;Aumentar por100.0%	;6	;Aumentar por100.0%	;Aumentar por200.0%	;
1474	;08/01 09:00 - 10:00	;57	;Aumentar por111.1%	;Aumentar por14.0%	;52	;Aumentar por160.0%	;Aumentar por147.6%	;0	; --%	; --%	;2	;Sin cambios	;Disminuir por33.3%	;3	; --%	; --%	;4	;Aumentar por100.0%	;Disminuir por33.3%	;
1475	;08/01 10:00 - 11:00	;104	;Disminuir por25.2%	;Disminuir por4.6%	;53	;Aumentar por12.8%	;Aumentar por12.8%	;0	; --%	; --%	;5	;Aumentar por150.0%	;Disminuir por37.5%	;0	; --%	;Disminuir por100.0%	;14	;Aumentar por1300.0%	;Aumentar por100.0%	;
1476	;08/01 11:00 - 12:00	;172	;Disminuir por58.0%	;Disminuir por10.9%	;80	;Disminuir por22.3%	;Disminuir por14.9%	;1	; --%	; --%	;3	; --%	;Sin cambios	;0	;Disminuir por100.0%	;Disminuir por100.0%	;5	;Aumentar por66.7%	;Sin cambios	;
1477	;08/01 12:00 - 13:00	;194	;Disminuir por71.3%	;Aumentar por9.0%	;83	;Disminuir por62.1%	;Aumentar por43.1%	;0	; --%	; --%	;2	;Disminuir por50.0%	;Disminuir por66.7%	;0	;Disminuir por100.0%	;Disminuir por100.0%	;3	;Disminuir por25.0%	;Disminuir por25.0%	;
1478	;08/01 13:00 - 14:00	;169	;Disminuir por76.0%	;Aumentar por101.2%	;102	;Disminuir por77.1%	;Aumentar por117.0%	;0	; --%	; --%	;1	;Disminuir por50.0%	;Disminuir por66.7%	;0	;Disminuir por100.0%	;Disminuir por100.0%	;5	;Disminuir por81.5%	;Disminuir por50.0%	;
1479	;08/01 14:00 - 15:00	;89	;Disminuir por83.8%	;Disminuir por19.1%	;52	;Disminuir por89.1%	;Aumentar por8.3%	;0	; --%	; --%	;3	; --%	;Aumentar por200.0%	;0	;Disminuir por100.0%	;Disminuir por100.0%	;7	;Aumentar por133.3%	;Disminuir por36.4%	;
1480	;08/01 15:00 - 16:00	;83	;Disminuir por71.8%	;Aumentar por16.9%	;54	;Disminuir por45.5%	;Aumentar por35.0%	;0	; --%	; --%	;1	;Sin cambios	;Disminuir por66.7%	;2	;Aumentar por100.0%	;Aumentar por100.0%	;4	;Aumentar por100.0%	;Sin cambios	;
1481	;08/01 16:00 - 17:00	;75	;Disminuir por83.8%	;Disminuir por27.2%	;51	;Disminuir por59.5%	;Aumentar por18.6%	;0	; --%	;Disminuir por100.0%	;2	; --%	;Disminuir por33.3%	;0	;Disminuir por100.0%	;Disminuir por100.0%	;4	;Disminuir por55.6%	;Sin cambios	;
1482	;08/01 17:00 - 18:00	;171	;Disminuir por57.9%	;Aumentar por78.1%	;57	;Disminuir por68.2%	;Disminuir por14.9%	;0	; --%	; --%	;2	; --%	;Aumentar por100.0%	;2	;Disminuir por33.3%	;Sin cambios	;3	;Disminuir por25.0%	;Aumentar por50.0%	;
1483	;08/01 18:00 - 19:00	;397	;Disminuir por33.5%	;Disminuir por14.6%	;198	;Aumentar por4.2%	;Aumentar por35.6%	;0	; --%	; --%	;0	; --%	; --%	;3	;Aumentar por50.0%	;Disminuir por62.5%	;7	;Aumentar por133.3%	;Aumentar por40.0%	;
1484	;08/01 19:00 - 20:00	;740	;Aumentar por4.2%	;Disminuir por18.1%	;233	;Disminuir por24.6%	;Disminuir por19.4%	;0	; --%	; --%	;0	;Disminuir por100.0%	; --%	;2	;Disminuir por33.3%	;Sin cambios	;2	;Sin cambios	;Aumentar por100.0%	;
1485	;08/01 20:00 - 21:00	;1864	;Aumentar por189.4%	;Aumentar por6.5%	;1152	;Aumentar por370.2%	;Aumentar por11.5%	;0	; --%	; --%	;0	; --%	; --%	;82	;Aumentar por1950.0%	;Aumentar por310.0%	;47	;Aumentar por840.0%	;Aumentar por147.4%	;
1486	;08/01 21:00 - 22:00	;1849	;Aumentar por200.2%	;Aumentar por18.2%	;1335	;Aumentar por248.6%	;Aumentar por28.5%	;0	; --%	; --%	;0	;Disminuir por100.0%	; --%	;95	;Aumentar por533.3%	;Aumentar por493.8%	;89	;Aumentar por229.6%	;Aumentar por345.0%	;
1487	;08/01 22:00 - 23:00	;1779	;Aumentar por573.9%	;Aumentar por24.7%	;1269	;Aumentar por646.5%	;Aumentar por40.2%	;0	; --%	; --%	;0	; --%	; --%	;28	;Aumentar por27.3%	;Aumentar por40.0%	;32	;Aumentar por100.0%	;Aumentar por6.7%	;
1488	;08/01 23:00 - 24:00	;1065	;Aumentar por677.4%	;Disminuir por1.9%	;722	;Aumentar por729.9%	;Disminuir por9.1%	;0	; --%	; --%	;0	; --%	; --%	;19	;Aumentar por1800.0%	;Sin cambios	;19	; --%	;Disminuir por20.8%	;
1489	;08/02 00:00 - 01:00	;406	;Aumentar por680.8%	;Disminuir por2.6%	;297	;Aumentar por560.0%	;Disminuir por11.6%	;0	; --%	; --%	;0	; --%	; --%	;4	; --%	;Aumentar por300.0%	;11	; --%	;Aumentar por450.0%	;
1490	;08/02 01:00 - 02:00	;79	;Aumentar por507.7%	;Aumentar por68.1%	;67	;Aumentar por644.4%	;Aumentar por24.1%	;0	; --%	; --%	;0	; --%	; --%	;0	; --%	; --%	;2	; --%	;Aumentar por100.0%	;
1491	;08/02 02:00 - 03:00	;12	;Aumentar por140.0%	;Disminuir por42.9%	;21	;Aumentar por110.0%	;Aumentar por133.3%	;0	; --%	; --%	;0	; --%	; --%	;0	; --%	;Disminuir por100.0%	;1	; --%	;Disminuir por50.0%	;
1492	;08/02 03:00 - 04:00	;26	;Aumentar por271.4%	;Aumentar por100.0%	;54	;Aumentar por1700.0%	;Aumentar por500.0%	;0	;Disminuir por100.0%	; --%	;2	;Sin cambios	; --%	;0	; --%	; --%	;0	; --%	; --%	;
1493	;08/02 04:00 - 05:00	;10	;Aumentar por900.0%	;Disminuir por47.4%	;13	;Aumentar por333.3%	;Disminuir por38.1%	;0	; --%	;Disminuir por100.0%	;0	; --%	;Disminuir por100.0%	;0	; --%	; --%	;0	; --%	; --%	;
1494	;08/02 05:00 - 06:00	;11	;Aumentar por1000.0%	;Aumentar por450.0%	;5	;Aumentar por400.0%	;Aumentar por150.0%	;0	; --%	; --%	;1	; --%	; --%	;1	; --%	;Sin cambios	;1	; --%	; --%	;
1495	;08/02 06:00 - 07:00	;9	;Aumentar por350.0%	;Aumentar por28.6%	;3	; --%	;Aumentar por200.0%	;0	; --%	; --%	;1	; --%	; --%	;0	; --%	; --%	;0	; --%	; --%	;
1496	;08/02 07:00 - 08:00	;7	; --%	;Disminuir por22.2%	;6	; --%	;Disminuir por14.3%	;0	;Disminuir por100.0%	; --%	;1	; --%	;Sin cambios	;0	; --%	;Disminuir por100.0%	;0	;Disminuir por100.0%	; --%	;
1497	;08/02 08:00 - 09:00	;39	;Aumentar por200.0%	;Aumentar por69.6%	;10	;Aumentar por25.0%	;Disminuir por16.7%	;0	; --%	; --%	;1	;Disminuir por66.7%	;Disminuir por80.0%	;0	; --%	; --%	;5	;Aumentar por66.7%	;Aumentar por150.0%	;
1498	;08/02 09:00 - 10:00	;38	;Disminuir por15.6%	;Disminuir por20.8%	;26	;Disminuir por25.7%	;Sin cambios	;0	; --%	; --%	;1	;Disminuir por75.0%	;Disminuir por50.0%	;1	;Disminuir por50.0%	;Sin cambios	;5	;Aumentar por25.0%	;Aumentar por25.0%	;
1499	;08/02 10:00 - 11:00	;135	;Disminuir por18.7%	;Aumentar por17.4%	;79	;Aumentar por64.6%	;Aumentar por46.3%	;0	; --%	;Disminuir por100.0%	;3	;Aumentar por50.0%	;Disminuir por72.7%	;1	;Sin cambios	; --%	;8	;Aumentar por33.3%	;Aumentar por33.3%	;
1500	;08/02 11:00 - 12:00	;222	;Disminuir por50.7%	;Aumentar por26.1%	;103	;Disminuir por28.5%	;Aumentar por1.0%	;0	; --%	;Disminuir por100.0%	;1	;Sin cambios	;Sin cambios	;3	;Sin cambios	; --%	;8	;Aumentar por100.0%	;Aumentar por166.7%	;
1501	;08/02 12:00 - 13:00	;271	;Disminuir por54.1%	;Aumentar por81.9%	;183	;Disminuir por15.3%	;Aumentar por161.4%	;0	; --%	; --%	;2	;Aumentar por100.0%	;Disminuir por60.0%	;0	;Disminuir por100.0%	;Disminuir por100.0%	;8	;Sin cambios	;Aumentar por166.7%	;
1502	;08/02 13:00 - 14:00	;147	;Disminuir por70.2%	;Aumentar por1.4%	;69	;Disminuir por81.4%	;Aumentar por21.1%	;0	; --%	; --%	;3	;Aumentar por200.0%	;Aumentar por50.0%	;0	;Disminuir por100.0%	; --%	;4	;Disminuir por69.2%	;Disminuir por20.0%	;
1503	;08/02 14:00 - 15:00	;121	;Disminuir por73.9%	;Aumentar por44.0%	;75	;Disminuir por76.0%	;Aumentar por31.6%	;0	; --%	; --%	;2	;Aumentar por100.0%	;Sin cambios	;0	;Disminuir por100.0%	;Disminuir por100.0%	;3	;Disminuir por91.2%	;Sin cambios	;
1504	;08/02 15:00 - 16:00	;133	;Disminuir por78.1%	;Aumentar por16.7%	;73	;Disminuir por81.8%	;Aumentar por52.1%	;0	; --%	; --%	;1	; --%	;Disminuir por66.7%	;1	;Disminuir por88.9%	;Disminuir por66.7%	;3	;Disminuir por92.5%	;Disminuir por25.0%	;
1505	;08/02 16:00 - 17:00	;112	;Disminuir por65.6%	;Disminuir por17.0%	;59	;Disminuir por62.7%	;Disminuir por14.5%	;0	; --%	; --%	;0	; --%	; --%	;2	;Aumentar por100.0%	; --%	;1	; --%	;Disminuir por50.0%	;
1506	;08/02 17:00 - 18:00	;128	;Disminuir por56.6%	;Disminuir por16.9%	;75	;Disminuir por54.8%	;Aumentar por21.0%	;0	; --%	; --%	;2	; --%	;Disminuir por50.0%	;1	;Disminuir por50.0%	; --%	;3	;Disminuir por50.0%	;Disminuir por25.0%	;
1507	;08/02 18:00 - 19:00	;269	;Disminuir por46.9%	;Disminuir por14.6%	;76	;Disminuir por62.4%	;Disminuir por36.7%	;0	; --%	; --%	;0	; --%	; --%	;2	;Disminuir por71.4%	;Disminuir por33.3%	;1	;Disminuir por87.5%	;Disminuir por50.0%	;
1508	;08/02 19:00 - 20:00	;833	;Aumentar por44.4%	;Disminuir por4.4%	;338	;Aumentar por14.2%	;Aumentar por47.0%	;0	; --%	; --%	;0	; --%	; --%	;2	;Disminuir por80.0%	;Aumentar por100.0%	;3	;Disminuir por66.7%	;Aumentar por50.0%	;
1509	;08/02 20:00 - 21:00	;1011	;Aumentar por37.2%	;Disminuir por56.4%	;350	;Aumentar por14.8%	;Disminuir por77.8%	;0	; --%	; --%	;0	; --%	; --%	;9	;Aumentar por125.0%	;Disminuir por76.9%	;4	;Sin cambios	;Disminuir por90.2%	;
1510	;08/02 21:00 - 22:00	;1594	;Aumentar por303.5%	;Disminuir por21.9%	;995	;Aumentar por233.9%	;Disminuir por34.0%	;0	; --%	; --%	;0	;Disminuir por100.0%	; --%	;90	;Aumentar por1700.0%	;Aumentar por350.0%	;97	;Aumentar por1840.0%	;Aumentar por273.1%	;
1511	;08/02 22:00 - 23:00	;1500	;Aumentar por867.7%	;Disminuir por19.6%	;1066	;Aumentar por620.3%	;Disminuir por24.2%	;0	; --%	; --%	;0	; --%	; --%	;82	;Aumentar por720.0%	;Aumentar por1950.0%	;100	;Aumentar por1900.0%	;Aumentar por2400.0%	;
1512	;08/02 23:00 - 24:00	;869	;Aumentar por479.3%	;Disminuir por28.1%	;594	;Aumentar por560.0%	;Disminuir por30.8%	;0	; --%	; --%	;0	;Disminuir por100.0%	; --%	;49	; --%	;Aumentar por716.7%	;46	;Aumentar por1433.3%	;Aumentar por820.0%	;
1513	;08/03 00:00 - 01:00	;307	;Aumentar por1179.2%	;Disminuir por25.1%	;183	;Aumentar por381.6%	;Disminuir por37.1%	;0	;Disminuir por100.0%	; --%	;0	;Disminuir por100.0%	; --%	;1	;Sin cambios	;Disminuir por80.0%	;3	;Aumentar por200.0%	;Sin cambios	;
1514	;08/03 01:00 - 02:00	;74	;Aumentar por572.7%	;Aumentar por5.7%	;56	;Aumentar por273.3%	;Aumentar por19.1%	;0	; --%	; --%	;0	; --%	; --%	;0	; --%	; --%	;1	; --%	;Disminuir por50.0%	;
1515	;08/03 02:00 - 03:00	;10	;Aumentar por233.3%	;Disminuir por33.3%	;20	;Aumentar por185.7%	;Aumentar por42.9%	;0	; --%	; --%	;1	; --%	; --%	;0	; --%	; --%	;0	; --%	; --%	;
1516	;08/03 03:00 - 04:00	;14	;Disminuir por17.6%	;Disminuir por57.6%	;16	;Aumentar por60.0%	;Disminuir por44.8%	;1	;Disminuir por91.7%	;Disminuir por66.7%	;2	;Disminuir por83.3%	;Disminuir por60.0%	;1	;Disminuir por75.0%	; --%	;0	;Disminuir por100.0%	; --%	;
1517	;08/03 04:00 - 05:00	;6	;Aumentar por20.0%	;Disminuir por40.0%	;0	; --%	; --%	;0	; --%	; --%	;1	; --%	; --%	;0	; --%	; --%	;0	; --%	; --%	;
1518	;08/03 05:00 - 06:00	;3	; --%	;Disminuir por81.3%	;0	;Disminuir por100.0%	;Disminuir por100.0%	;0	; --%	; --%	;0	; --%	; --%	;0	; --%	; --%	;0	; --%	;Disminuir por100.0%	;
1519	;08/03 06:00 - 07:00	;7	;Aumentar por75.0%	;Aumentar por75.0%	;4	; --%	;Aumentar por300.0%	;0	; --%	; --%	;1	; --%	;Sin cambios	;0	; --%	; --%	;1	; --%	; --%	;
1520	;08/03 07:00 - 08:00	;7	; --%	;Disminuir por56.3%	;5	; --%	;Disminuir por16.7%	;0	; --%	; --%	;2	; --%	;Aumentar por100.0%	;0	; --%	; --%	;1	; --%	;Sin cambios	;
1521	;08/03 08:00 - 09:00	;27	;Aumentar por440.0%	;Disminuir por51.8%	;21	;Aumentar por320.0%	;Aumentar por40.0%	;1	; --%	; --%	;6	;Aumentar por500.0%	; --%	;0	; --%	;Disminuir por100.0%	;2	;Sin cambios	;Disminuir por60.0%	;
1522	;08/03 09:00 - 10:00	;45	;Aumentar por80.0%	;Disminuir por33.8%	;36	;Aumentar por89.5%	;Aumentar por71.4%	;0	; --%	; --%	;4	;Aumentar por300.0%	;Aumentar por33.3%	;0	;Disminuir por100.0%	;Disminuir por100.0%	;6	;Aumentar por50.0%	;Sin cambios	;
1523	;08/03 10:00 - 11:00	;103	;Disminuir por31.8%	;Disminuir por16.3%	;76	;Aumentar por105.4%	;Aumentar por10.1%	;0	; --%	; --%	;8	;Aumentar por700.0%	;Aumentar por700.0%	;2	; --%	;Aumentar por100.0%	;8	;Aumentar por100.0%	;Aumentar por14.3%	;
1524	;08/03 11:00 - 12:00	;130	;Disminuir por50.9%	;Disminuir por33.0%	;75	;Disminuir por25.0%	;Disminuir por23.5%	;0	; --%	; --%	;1	;Disminuir por50.0%	;Disminuir por50.0%	;3	;Disminuir por25.0%	;Aumentar por200.0%	;7	;Aumentar por250.0%	;Aumentar por40.0%	;
1525	;08/03 12:00 - 13:00	;107	;Disminuir por56.3%	;Disminuir por39.5%	;78	;Disminuir por39.1%	;Disminuir por4.9%	;0	; --%	; --%	;1	;Disminuir por75.0%	;Disminuir por66.7%	;1	;Disminuir por50.0%	;Disminuir por66.7%	;6	;Aumentar por50.0%	;Disminuir por25.0%	;
1526	;08/03 13:00 - 14:00	;118	;Disminuir por56.5%	;Disminuir por37.6%	;70	;Disminuir por18.6%	;Disminuir por4.1%	;0	; --%	; --%	;6	;Aumentar por500.0%	;Aumentar por500.0%	;2	; --%	;Disminuir por60.0%	;5	;Aumentar por400.0%	;Aumentar por25.0%	;
1527	;08/03 14:00 - 15:00	;81	;Disminuir por39.6%	;Disminuir por50.0%	;46	;Disminuir por33.3%	;Disminuir por16.4%	;0	; --%	; --%	;3	; --%	;Aumentar por50.0%	;1	;Disminuir por50.0%	;Disminuir por83.3%	;7	;Aumentar por133.3%	;Disminuir por12.5%	;
1528	;08/03 15:00 - 16:00	;90	;Disminuir por45.8%	;Disminuir por10.9%	;46	;Disminuir por39.5%	;Disminuir por25.8%	;0	; --%	; --%	;1	; --%	;Disminuir por50.0%	;0	;Disminuir por100.0%	;Disminuir por100.0%	;4	;Aumentar por100.0%	;Aumentar por300.0%	;
1529	;08/03 16:00 - 17:00	;66	;Disminuir por73.3%	;Disminuir por38.9%	;35	;Disminuir por45.3%	;Aumentar por6.1%	;0	; --%	; --%	;3	;Aumentar por200.0%	;Aumentar por200.0%	;3	;Sin cambios	; --%	;6	;Aumentar por200.0%	;Aumentar por200.0%	;
1530	;08/03 17:00 - 18:00	;144	;Aumentar por15.2%	;Disminuir por8.9%	;83	;Aumentar por84.4%	;Aumentar por23.9%	;0	; --%	; --%	;3	; --%	;Aumentar por200.0%	;1	; --%	; --%	;2	;Disminuir por33.3%	;Sin cambios	;
1531	;08/03 18:00 - 19:00	;376	;Aumentar por79.9%	;Disminuir por10.0%	;136	;Aumentar por91.5%	;Disminuir por0.7%	;0	; --%	; --%	;1	; --%	; --%	;5	;Aumentar por25.0%	;Aumentar por66.7%	;7	;Aumentar por250.0%	;Aumentar por40.0%	;
1532	;08/03 19:00 - 20:00	;915	;Aumentar por381.6%	;Aumentar por13.9%	;414	;Aumentar por989.5%	;Aumentar por73.9%	;0	; --%	; --%	;0	;Disminuir por100.0%	; --%	;21	;Aumentar por2000.0%	; --%	;24	;Aumentar por2300.0%	;Aumentar por500.0%	;
1533	;08/03 20:00 - 21:00	;1172	;Aumentar por1402.6%	;Disminuir por34.3%	;533	;Aumentar por1266.7%	;Disminuir por50.0%	;0	; --%	; --%	;0	;Disminuir por100.0%	; --%	;14	; --%	;Disminuir por48.1%	;11	; --%	;Disminuir por66.7%	;
1534	;08/03 21:00 - 22:00	;1736	;Aumentar por3372.0%	;Aumentar por5.1%	;1184	;Aumentar por19633.3%	;Disminuir por9.1%	;0	; --%	; --%	;0	; --%	; --%	;24	;Aumentar por2300.0%	;Aumentar por26.3%	;28	; --%	;Aumentar por7.7%	;
1535	;08/03 22:00 - 23:00	;1450	;Aumentar por3715.8%	;Aumentar por12.1%	;971	;Aumentar por16083.3%	;Aumentar por1.9%	;0	; --%	; --%	;0	;Disminuir por100.0%	; --%	;23	; --%	;Aumentar por109.1%	;24	;Aumentar por1100.0%	;Aumentar por20.0%	;
1536	;08/03 23:00 - 24:00	;1125	;Aumentar por9275.0%	;Aumentar por111.9%	;809	;Aumentar por26866.7%	;Aumentar por40.7%	;0	; --%	; --%	;0	;Disminuir por100.0%	; --%	;8	;Aumentar por300.0%	;Aumentar por60.0%	;16	; --%	;Disminuir por40.7%	;
1537	;08/04 00:00 - 01:00	;226	; --%	;Disminuir por8.5%	;187	; --%	;Aumentar por367.5%	;0	; --%	; --%	;0	; --%	; --%	;1	; --%	; --%	;1	; --%	;Disminuir por50.0%	;
1538	;08/04 01:00 - 02:00	;57	; --%	;Disminuir por49.1%	;28	;Aumentar por600.0%	;Disminuir por49.1%	;0	; --%	; --%	;1	; --%	; --%	;0	; --%	;Disminuir por100.0%	;0	; --%	;Disminuir por100.0%	;
1539	;08/04 02:00 - 03:00	;34	; --%	;Aumentar por1033.3%	;21	; --%	;Disminuir por16.0%	;3	; --%	; --%	;4	; --%	; --%	;0	; --%	; --%	;1	; --%	; --%	;
1540	;08/04 03:00 - 04:00	;1	;Disminuir por50.0%	;Disminuir por87.5%	;10	; --%	;Aumentar por233.3%	;0	; --%	; --%	;0	; --%	; --%	;0	; --%	; --%	;0	; --%	; --%	;
1541	;08/04 04:00 - 05:00	;5	;Aumentar por25.0%	;Aumentar por66.7%	;5	;Aumentar por66.7%	;Aumentar por400.0%	;0	; --%	; --%	;0	;Disminuir por100.0%	;Disminuir por100.0%	;0	; --%	; --%	;0	; --%	; --%	;
1542	;08/04 05:00 - 06:00	;2	; --%	;Aumentar por100.0%	;0	; --%	;Disminuir por100.0%	;0	; --%	; --%	;2	; --%	; --%	;0	; --%	; --%	;1	; --%	; --%	;
1543	;08/04 06:00 - 07:00	;2	; --%	;Disminuir por89.5%	;3	;Aumentar por200.0%	;Disminuir por72.7%	;0	; --%	; --%	;1	; --%	;Disminuir por50.0%	;1	; --%	;Sin cambios	;2	;Sin cambios	;Sin cambios	;
1544	;08/04 07:00 - 08:00	;13	;Aumentar por550.0%	;Aumentar por160.0%	;3	; --%	;Aumentar por50.0%	;0	; --%	; --%	;5	;Aumentar por150.0%	; --%	;0	; --%	; --%	;2	;Aumentar por100.0%	; --%	;
1545	;08/04 08:00 - 09:00	;37	;Aumentar por516.7%	;Aumentar por54.2%	;26	;Aumentar por420.0%	;Aumentar por188.9%	;0	; --%	; --%	;6	;Disminuir por40.0%	;Sin cambios	;1	; --%	;Disminuir por75.0%	;4	;Aumentar por300.0%	;Aumentar por33.3%	;
1546	;08/04 09:00 - 10:00	;72	;Aumentar por278.9%	;Aumentar por35.8%	;37	;Aumentar por164.3%	;Disminuir por11.9%	;0	; --%	; --%	;6	;Aumentar por20.0%	;Aumentar por100.0%	;5	; --%	;Aumentar por400.0%	;6	; --%	;Aumentar por20.0%	;
1547	;08/04 10:00 - 11:00	;135	;Aumentar por309.1%	;Aumentar por12.5%	;58	;Aumentar por383.3%	;Disminuir por25.6%	;1	; --%	; --%	;9	;Sin cambios	;Aumentar por200.0%	;1	; --%	;Disminuir por75.0%	;8	;Aumentar por300.0%	;Aumentar por60.0%	;
1548	;08/04 11:00 - 12:00	;187	;Aumentar por356.1%	;Aumentar por5.1%	;125	;Aumentar por1685.7%	;Aumentar por47.1%	;0	; --%	; --%	;2	;Disminuir por71.4%	;Sin cambios	;0	; --%	;Disminuir por100.0%	;8	;Aumentar por700.0%	;Sin cambios	;
1549	;08/04 12:00 - 13:00	;165	;Aumentar por560.0%	;Aumentar por5.1%	;66	;Aumentar por560.0%	;Aumentar por11.9%	;0	;Disminuir por100.0%	; --%	;5	;Aumentar por150.0%	;Sin cambios	;4	; --%	;Sin cambios	;4	; --%	;Disminuir por33.3%	;
1550	;08/04 13:00 - 14:00	;114	;Aumentar por78.1%	;Disminuir por20.8%	;46	;Aumentar por155.6%	;Disminuir por11.5%	;0	;Disminuir por100.0%	; --%	;2	;Sin cambios	;Disminuir por60.0%	;0	; --%	; --%	;7	; --%	;Sin cambios	;
1551	;08/04 14:00 - 15:00	;58	;Disminuir por10.8%	;Disminuir por57.0%	;41	;Aumentar por141.2%	;Disminuir por10.9%	;0	; --%	; --%	;5	;Aumentar por66.7%	;Sin cambios	;0	;Disminuir por100.0%	;Disminuir por100.0%	;7	;Aumentar por600.0%	;Aumentar por75.0%	;
1552	;08/04 15:00 - 16:00	;47	;Aumentar por27.0%	;Disminuir por51.5%	;44	;Aumentar por158.8%	;Disminuir por30.2%	;0	; --%	; --%	;3	;Sin cambios	;Aumentar por50.0%	;0	; --%	;Disminuir por100.0%	;3	; --%	;Sin cambios	;
1553	;08/04 16:00 - 17:00	;49	;Disminuir por2.0%	;Disminuir por40.2%	;41	;Aumentar por13.9%	;Disminuir por46.8%	;0	; --%	; --%	;1	;Sin cambios	;Disminuir por50.0%	;0	;Disminuir por100.0%	; --%	;2	;Aumentar por100.0%	;Disminuir por66.7%	;
1554	;08/04 17:00 - 18:00	;111	;Aumentar por44.2%	;Disminuir por23.4%	;54	;Aumentar por170.0%	;Aumentar por35.0%	;0	; --%	; --%	;2	;Sin cambios	;Aumentar por100.0%	;2	;Sin cambios	;Sin cambios	;5	;Aumentar por66.7%	;Aumentar por25.0%	;
1555	;08/04 18:00 - 19:00	;228	;Aumentar por516.2%	;Disminuir por33.5%	;83	;Aumentar por167.7%	;Disminuir por52.3%	;0	; --%	; --%	;0	;Disminuir por100.0%	;Disminuir por100.0%	;2	; --%	;Disminuir por33.3%	;8	;Aumentar por700.0%	;Aumentar por166.7%	;
1556	;08/04 19:00 - 20:00	;662	;Aumentar por1791.4%	;Disminuir por8.1%	;257	;Aumentar por4183.3%	;Aumentar por84.9%	;0	; --%	; --%	;0	;Disminuir por100.0%	; --%	;2	;Aumentar por100.0%	;Sin cambios	;2	;Sin cambios	;Sin cambios	;
1557	;08/04 20:00 - 21:00	;1146	;Aumentar por2695.1%	;Disminuir por7.3%	;482	;Aumentar por3607.7%	;Disminuir por6.0%	;0	; --%	; --%	;0	;Disminuir por100.0%	; --%	;21	; --%	;Aumentar por90.9%	;8	;Aumentar por166.7%	;Disminuir por33.3%	;
1558	;08/04 21:00 - 22:00	;2115	;Aumentar por7453.6%	;Aumentar por36.7%	;1574	;Aumentar por52366.7%	;Aumentar por47.4%	;0	; --%	; --%	;0	; --%	; --%	;56	; --%	;Aumentar por143.5%	;82	; --%	;Aumentar por290.5%	;
1559	;08/04 22:00 - 23:00	;1870	;Aumentar por26614.3%	;Disminuir por8.6%	;1370	;Aumentar por136900.0%	;Disminuir por2.8%	;0	; --%	; --%	;0	; --%	; --%	;10	; --%	;Sin cambios	;11	; --%	;Aumentar por37.5%	;
1560	;08/04 23:00 - 24:00	;979	;Aumentar por12137.5%	;Disminuir por42.4%	;668	; --%	;Disminuir por52.2%	;0	; --%	; --%	;0	; --%	; --%	;25	;Aumentar por2400.0%	;Disminuir por59.7%	;28	; --%	;Disminuir por48.1%	;
1561	;08/05 00:00 - 01:00	;220	;Aumentar por10900.0%	;Disminuir por52.0%	;137	;Aumentar por13600.0%	;Disminuir por55.1%	;0	; --%	; --%	;0	; --%	; --%	;1	; --%	;Disminuir por88.9%	;6	;Aumentar por500.0%	;Disminuir por57.1%	;
1562	;08/05 01:00 - 02:00	;45	; --%	;Disminuir por29.7%	;31	; --%	;Disminuir por45.6%	;0	; --%	; --%	;0	; --%	; --%	;0	; --%	; --%	;0	; --%	; --%	;
1563	;08/05 02:00 - 03:00	;18	; --%	;Aumentar por200.0%	;20	; --%	;Disminuir por39.4%	;0	; --%	; --%	;0	;Disminuir por100.0%	; --%	;0	; --%	; --%	;0	; --%	; --%	;
1564	;08/05 03:00 - 04:00	;15	; --%	;Disminuir por25.0%	;16	; --%	;Aumentar por14.3%	;0	; --%	;Disminuir por100.0%	;2	; --%	;Disminuir por33.3%	;0	; --%	; --%	;0	; --%	; --%	;
1565	;08/05 04:00 - 05:00	;1	; --%	;Disminuir por90.0%	;0	;Disminuir por100.0%	;Disminuir por100.0%	;0	; --%	; --%	;0	; --%	;Disminuir por100.0%	;0	; --%	; --%	;0	; --%	; --%	;
1566	;08/05 05:00 - 06:00	;2	; --%	;Aumentar por100.0%	;1	; --%	; --%	;0	; --%	; --%	;0	; --%	; --%	;0	; --%	; --%	;1	; --%	; --%	;
1567	;08/05 06:00 - 07:00	;10	; --%	;Aumentar por25.0%	;4	; --%	;Aumentar por300.0%	;0	; --%	; --%	;2	; --%	;Aumentar por100.0%	;0	;Disminuir por100.0%	;Disminuir por100.0%	;1	;Sin cambios	; --%	;
1568	;08/05 07:00 - 08:00	;11	; --%	;Aumentar por83.3%	;7	;Aumentar por250.0%	;Sin cambios	;0	; --%	; --%	;5	;Aumentar por150.0%	;Aumentar por66.7%	;0	; --%	; --%	;0	;Disminuir por100.0%	;Disminuir por100.0%	;
1569	;08/05 08:00 - 09:00	;25	;Aumentar por400.0%	;Disminuir por35.9%	;26	;Aumentar por766.7%	;Aumentar por62.5%	;0	; --%	; --%	;4	;Disminuir por20.0%	;Aumentar por33.3%	;2	; --%	;Aumentar por100.0%	;2	;Sin cambios	;Aumentar por100.0%	;
1570	;08/05 09:00 - 10:00	;48	;Aumentar por269.2%	;Disminuir por31.4%	;48	;Aumentar por433.3%	;Aumentar por11.6%	;0	; --%	; --%	;3	;Disminuir por50.0%	;Disminuir por40.0%	;4	; --%	; --%	;11	;Aumentar por83.3%	;Aumentar por175.0%	;
1571	;08/05 10:00 - 11:00	;118	;Disminuir por1.7%	;Disminuir por27.2%	;70	;Aumentar por169.2%	;Disminuir por22.2%	;0	; --%	; --%	;5	;Aumentar por66.7%	;Aumentar por25.0%	;2	;Disminuir por33.3%	; --%	;4	;Aumentar por33.3%	;Aumentar por33.3%	;
1572	;08/05 11:00 - 12:00	;181	;Aumentar por105.7%	;Aumentar por6.5%	;69	;Aumentar por81.6%	;Disminuir por22.5%	;0	; --%	; --%	;7	;Aumentar por16.7%	;Disminuir por36.4%	;1	;Sin cambios	;Disminuir por80.0%	;7	; --%	;Aumentar por40.0%	;
1573	;08/05 12:00 - 13:00	;171	;Aumentar por171.4%	;Aumentar por19.6%	;73	;Aumentar por265.0%	;Aumentar por12.3%	;0	; --%	; --%	;6	;Disminuir por25.0%	;Aumentar por200.0%	;0	;Disminuir por100.0%	;Disminuir por100.0%	;6	;Aumentar por20.0%	;Aumentar por50.0%	;
1574	;08/05 13:00 - 14:00	;113	;Aumentar por253.1%	;Disminuir por11.7%	;68	;Aumentar por300.0%	;Aumentar por15.3%	;0	; --%	; --%	;6	;Disminuir por25.0%	;Aumentar por100.0%	;0	; --%	;Disminuir por100.0%	;5	;Aumentar por150.0%	;Disminuir por37.5%	;
1575	;08/05 14:00 - 15:00	;69	;Aumentar por146.4%	;Disminuir por10.4%	;45	;Aumentar por1025.0%	;Aumentar por7.1%	;0	; --%	; --%	;5	;Aumentar por400.0%	;Disminuir por16.7%	;0	; --%	; --%	;7	;Aumentar por133.3%	;Aumentar por133.3%	;
1576	;08/05 15:00 - 16:00	;87	;Aumentar por67.3%	;Disminuir por4.4%	;38	;Aumentar por245.5%	;Aumentar por26.7%	;0	; --%	; --%	;4	;Aumentar por300.0%	;Sin cambios	;3	; --%	; --%	;4	;Aumentar por100.0%	;Sin cambios	;
1577	;08/05 16:00 - 17:00	;59	;Aumentar por40.5%	;Disminuir por35.9%	;29	;Aumentar por52.6%	;Disminuir por27.5%	;0	; --%	; --%	;1	;Disminuir por80.0%	;Disminuir por50.0%	;1	;Sin cambios	;Disminuir por50.0%	;3	;Aumentar por50.0%	;Sin cambios	;
1578	;08/05 17:00 - 18:00	;166	;Aumentar por176.7%	;Aumentar por32.8%	;87	;Aumentar por248.0%	;Aumentar por89.1%	;0	; --%	; --%	;1	;Sin cambios	;Sin cambios	;0	;Disminuir por100.0%	;Disminuir por100.0%	;1	;Disminuir por66.7%	;Disminuir por83.3%	;
1579	;08/05 18:00 - 19:00	;230	;Aumentar por228.6%	;Disminuir por21.2%	;88	;Aumentar por238.5%	;Aumentar por1.1%	;0	; --%	; --%	;0	;Disminuir por100.0%	; --%	;4	;Aumentar por300.0%	;Aumentar por300.0%	;2	;Disminuir por33.3%	;Disminuir por60.0%	;
1580	;08/05 19:00 - 20:00	;584	;Aumentar por3793.3%	;Disminuir por14.7%	;140	;Aumentar por833.3%	;Disminuir por29.3%	;0	; --%	; --%	;0	;Disminuir por100.0%	; --%	;5	; --%	;Aumentar por66.7%	;5	;Aumentar por400.0%	;Sin cambios	;
1581	;08/05 20:00 - 21:00	;1449	;Aumentar por8956.3%	;Aumentar por25.7%	;661	;Aumentar por21933.3%	;Aumentar por47.2%	;0	; --%	; --%	;0	;Disminuir por100.0%	; --%	;25	; --%	;Aumentar por400.0%	;47	;Aumentar por4600.0%	;Aumentar por683.3%	;
1582	;08/05 21:00 - 22:00	;2084	;Aumentar por41580.0%	;Aumentar por22.9%	;1488	;Aumentar por37100.0%	;Aumentar por37.9%	;0	; --%	; --%	;0	; --%	; --%	;51	; --%	;Aumentar por155.0%	;83	;Aumentar por8200.0%	;Aumentar por937.5%	;
1583	;08/05 22:00 - 23:00	;2796	;Aumentar por30966.7%	;Aumentar por49.3%	;2276	;Aumentar por56800.0%	;Aumentar por76.4%	;0	; --%	; --%	;0	;Disminuir por100.0%	; --%	;30	; --%	;Aumentar por650.0%	;44	; --%	;Aumentar por388.9%	;
1584	;08/05 23:00 - 24:00	;1436	;Aumentar por20414.3%	;Aumentar por56.1%	;1199	;Aumentar por29875.0%	;Aumentar por99.2%	;0	; --%	; --%	;0	; --%	; --%	;77	;Aumentar por7600.0%	;Aumentar por266.7%	;85	; --%	;Aumentar por553.8%	;
1585	;08/06 00:00 - 01:00	;314	; --%	;Aumentar por3.0%	;209	; --%	;Aumentar por18.8%	;0	; --%	; --%	;0	; --%	; --%	;0	; --%	;Disminuir por100.0%	;2	;Aumentar por100.0%	;Disminuir por60.0%	;
1586	;08/06 01:00 - 02:00	;80	; --%	;Aumentar por77.8%	;50	; --%	;Aumentar por61.3%	;0	; --%	; --%	;0	; --%	; --%	;7	; --%	; --%	;8	; --%	;Aumentar por300.0%	;
1587	;08/06 02:00 - 03:00	;7	;Aumentar por600.0%	;Disminuir por50.0%	;5	;Aumentar por400.0%	;Disminuir por83.3%	;0	; --%	; --%	;0	;Disminuir por100.0%	; --%	;0	; --%	; --%	;1	; --%	; --%	;
1588	;08/06 03:00 - 04:00	;7	; --%	;Aumentar por75.0%	;16	; --%	; --%	;13	; --%	; --%	;14	; --%	; --%	;0	; --%	; --%	;0	; --%	; --%	;
1589	;08/06 04:00 - 05:00	;5	;Aumentar por400.0%	;Disminuir por54.5%	;1	;Sin cambios	;Sin cambios	;0	; --%	; --%	;0	;Disminuir por100.0%	;Disminuir por100.0%	;0	; --%	; --%	;0	; --%	;Disminuir por100.0%	;
1590	;08/06 05:00 - 06:00	;3	;Aumentar por200.0%	; --%	;1	; --%	; --%	;0	; --%	; --%	;0	; --%	; --%	;0	; --%	; --%	;1	; --%	;Sin cambios	;
1591	;08/06 06:00 - 07:00	;2	; --%	;Disminuir por80.0%	;4	; --%	;Disminuir por60.0%	;0	; --%	;Disminuir por100.0%	;2	; --%	;Disminuir por66.7%	;1	;Sin cambios	; --%	;2	;Aumentar por100.0%	; --%	;
1592	;08/06 07:00 - 08:00	;6	;Aumentar por50.0%	;Disminuir por33.3%	;11	;Aumentar por120.0%	;Aumentar por22.2%	;0	; --%	;Disminuir por100.0%	;2	;Aumentar por100.0%	;Disminuir por50.0%	;1	; --%	; --%	;2	;Aumentar por100.0%	; --%	;
1593	;08/06 08:00 - 09:00	;56	;Aumentar por1300.0%	;Aumentar por75.0%	;22	;Aumentar por214.3%	;Aumentar por22.2%	;0	; --%	; --%	;4	;Disminuir por55.6%	;Aumentar por33.3%	;1	; --%	;Disminuir por66.7%	;1	;Sin cambios	;Disminuir por50.0%	;
1594	;08/06 09:00 - 10:00	;77	;Aumentar por148.4%	;Disminuir por34.7%	;51	;Aumentar por537.5%	;Disminuir por27.1%	;1	; --%	;Disminuir por66.7%	;5	;Aumentar por25.0%	;Disminuir por44.4%	;1	;Sin cambios	; --%	;7	;Aumentar por40.0%	;Disminuir por30.0%	;
1595	;08/06 10:00 - 11:00	;196	;Aumentar por232.2%	;Sin cambios	;141	;Aumentar por487.5%	;Aumentar por43.9%	;3	; --%	;Aumentar por50.0%	;8	;Aumentar por700.0%	;Sin cambios	;2	;Aumentar por100.0%	;Aumentar por100.0%	;6	;Aumentar por100.0%	;Disminuir por14.3%	;
1596	;08/06 11:00 - 12:00	;181	;Aumentar por35.1%	;Aumentar por18.3%	;76	;Aumentar por171.4%	;Disminuir por3.8%	;1	;Sin cambios	;Sin cambios	;5	;Aumentar por66.7%	;Aumentar por25.0%	;2	;Aumentar por100.0%	; --%	;4	;Sin cambios	;Disminuir por20.0%	;
1597	;08/06 12:00 - 13:00	;142	;Aumentar por21.4%	;Disminuir por39.1%	;102	;Aumentar por142.9%	;Aumentar por30.8%	;0	; --%	; --%	;1	;Disminuir por85.7%	;Disminuir por80.0%	;4	;Aumentar por100.0%	;Disminuir por20.0%	;13	;Aumentar por550.0%	;Aumentar por116.7%	;
1598	;08/06 13:00 - 14:00	;141	;Aumentar por85.5%	;Aumentar por7.6%	;76	;Aumentar por204.0%	;Aumentar por15.2%	;0	; --%	; --%	;4	;Sin cambios	;Aumentar por33.3%	;0	; --%	;Disminuir por100.0%	;6	;Aumentar por500.0%	;Aumentar por50.0%	;
1599	;08/06 14:00 - 15:00	;81	;Aumentar por179.3%	;Disminuir por41.7%	;64	;Aumentar por39.1%	;Aumentar por18.5%	;0	; --%	;Disminuir por100.0%	;4	;Disminuir por20.0%	;Aumentar por33.3%	;1	; --%	;Sin cambios	;9	;Aumentar por200.0%	;Aumentar por350.0%	;
1600	;08/06 15:00 - 16:00	;75	;Disminuir por13.8%	;Disminuir por8.5%	;36	;Aumentar por44.0%	;Disminuir por37.9%	;0	; --%	; --%	;2	;Disminuir por33.3%	;Aumentar por100.0%	;1	; --%	; --%	;6	;Aumentar por200.0%	;Aumentar por50.0%	;
1601	;08/06 16:00 - 17:00	;131	;Aumentar por172.9%	;Aumentar por1.6%	;38	;Aumentar por137.5%	;Disminuir por45.7%	;0	; --%	; --%	;2	;Disminuir por33.3%	;Aumentar por100.0%	;1	; --%	;Disminuir por80.0%	;9	;Aumentar por200.0%	;Aumentar por125.0%	;
1602	;08/06 17:00 - 18:00	;139	;Aumentar por124.2%	;Disminuir por9.7%	;70	;Aumentar por133.3%	;Aumentar por14.8%	;0	; --%	; --%	;2	;Disminuir por50.0%	; --%	;0	;Disminuir por100.0%	;Disminuir por100.0%	;5	;Aumentar por25.0%	;Aumentar por25.0%	;
1603	;08/06 18:00 - 19:00	;440	;Aumentar por436.6%	;Aumentar por10.8%	;122	;Aumentar por388.0%	;Disminuir por15.3%	;0	; --%	; --%	;0	;Disminuir por100.0%	; --%	;0	;Disminuir por100.0%	;Disminuir por100.0%	;2	;Disminuir por33.3%	;Disminuir por60.0%	;
1604	;08/06 19:00 - 20:00	;805	;Aumentar por618.8%	;Disminuir por1.6%	;278	;Aumentar por631.6%	;Disminuir por12.3%	;0	; --%	; --%	;0	;Disminuir por100.0%	; --%	;42	;Aumentar por4100.0%	;Aumentar por500.0%	;12	;Aumentar por100.0%	;Aumentar por140.0%	;
1605	;08/06 20:00 - 21:00	;1577	;Aumentar por2716.1%	;Aumentar por21.7%	;944	;Aumentar por4620.0%	;Aumentar por56.0%	;0	; --%	; --%	;0	;Disminuir por100.0%	; --%	;46	; --%	;Aumentar por411.1%	;41	;Aumentar por1950.0%	;Aumentar por355.6%	;
1606	;08/06 21:00 - 22:00	;2079	;Aumentar por14750.0%	;Aumentar por25.8%	;1640	;Aumentar por9547.1%	;Aumentar por58.5%	;0	; --%	; --%	;0	;Disminuir por100.0%	; --%	;5	; --%	;Disminuir por16.7%	;7	;Aumentar por250.0%	;Sin cambios	;
1607	;08/06 22:00 - 23:00	;2188	;Aumentar por10319.0%	;Aumentar por71.9%	;1514	;Aumentar por75600.0%	;Aumentar por80.2%	;0	; --%	; --%	;0	; --%	; --%	;84	; --%	;Aumentar por171.0%	;57	; --%	;Aumentar por90.0%	;
1608	;08/06 23:00 - 24:00	;1108	;Aumentar por15728.6%	;Aumentar por55.8%	;870	;Aumentar por86900.0%	;Aumentar por91.2%	;0	; --%	; --%	;0	;Disminuir por100.0%	; --%	;57	;Aumentar por5600.0%	;Aumentar por103.6%	;34	;Aumentar por3300.0%	;Aumentar por240.0%	;
1609	;08/07 00:00 - 01:00	;304	;Aumentar por3700.0%	;Disminuir por6.2%	;219	; --%	;Disminuir por11.7%	;0	; --%	; --%	;0	; --%	; --%	;3	;Aumentar por200.0%	;Aumentar por200.0%	;10	;Aumentar por900.0%	;Aumentar por400.0%	;
1610	;08/07 01:00 - 02:00	;49	;Aumentar por4800.0%	;Aumentar por4.3%	;51	; --%	;Aumentar por104.0%	;0	; --%	; --%	;0	; --%	;Disminuir por100.0%	;1	; --%	; --%	;2	; --%	;Disminuir por33.3%	;
1611	;08/07 02:00 - 03:00	;0	; --%	;Disminuir por100.0%	;10	; --%	;Disminuir por60.0%	;0	; --%	; --%	;0	; --%	; --%	;0	; --%	; --%	;1	; --%	; --%	;
1612	;08/07 03:00 - 04:00	;4	; --%	;Disminuir por42.9%	;13	;Aumentar por1200.0%	;Aumentar por1200.0%	;0	;Disminuir por100.0%	; --%	;1	;Disminuir por50.0%	;Sin cambios	;0	; --%	; --%	;0	; --%	; --%	;
1613	;08/07 04:00 - 05:00	;7	; --%	;Disminuir por66.7%	;3	; --%	;Disminuir por86.4%	;0	; --%	;Disminuir por100.0%	;0	; --%	;Disminuir por100.0%	;0	; --%	; --%	;0	; --%	; --%	;
1614	;08/07 05:00 - 06:00	;9	; --%	;Sin cambios	;8	; --%	;Aumentar por166.7%	;1	; --%	; --%	;2	; --%	;Aumentar por100.0%	;0	; --%	; --%	;0	; --%	; --%	;
1615	;08/07 06:00 - 07:00	;3	;Aumentar por200.0%	;Sin cambios	;1	; --%	;Disminuir por50.0%	;0	; --%	; --%	;1	;Sin cambios	;Sin cambios	;0	; --%	; --%	;1	;Sin cambios	;Sin cambios	;
1616	;08/07 07:00 - 08:00	;18	;Aumentar por500.0%	;Aumentar por260.0%	;6	;Aumentar por100.0%	;Aumentar por20.0%	;0	; --%	; --%	;3	;Aumentar por200.0%	;Sin cambios	;0	; --%	; --%	;0	; --%	;Disminuir por100.0%	;
1617	;08/07 08:00 - 09:00	;51	;Aumentar por218.8%	;Aumentar por27.5%	;21	;Aumentar por23.5%	;Aumentar por10.5%	;0	;Disminuir por100.0%	; --%	;3	;Disminuir por70.0%	;Aumentar por200.0%	;2	; --%	;Aumentar por100.0%	;3	;Aumentar por200.0%	;Aumentar por200.0%	;
1618	;08/07 09:00 - 10:00	;48	;Aumentar por242.9%	;Disminuir por43.5%	;28	;Aumentar por180.0%	;Disminuir por45.1%	;0	;Disminuir por100.0%	; --%	;5	;Disminuir por16.7%	;Disminuir por37.5%	;0	; --%	; --%	;5	;Sin cambios	;Disminuir por50.0%	;
1619	;08/07 10:00 - 11:00	;123	;Aumentar por38.2%	;Disminuir por40.3%	;61	;Aumentar por144.0%	;Disminuir por47.9%	;1	; --%	;Disminuir por98.4%	;3	;Disminuir por40.0%	;Disminuir por95.5%	;0	;Disminuir por100.0%	;Disminuir por100.0%	;5	;Aumentar por400.0%	;Disminuir por50.0%	;
1620	;08/07 11:00 - 12:00	;185	;Aumentar por117.6%	;Disminuir por14.7%	;85	;Aumentar por136.1%	;Disminuir por7.6%	;0	; --%	; --%	;4	;Sin cambios	;Disminuir por20.0%	;0	;Disminuir por100.0%	;Disminuir por100.0%	;4	;Sin cambios	;Aumentar por33.3%	;
1621	;08/07 12:00 - 13:00	;203	;Aumentar por72.0%	;Disminuir por8.6%	;85	;Aumentar por112.5%	;Disminuir por30.9%	;0	; --%	; --%	;5	;Aumentar por25.0%	;Aumentar por66.7%	;4	;Aumentar por300.0%	;Disminuir por60.0%	;9	;Aumentar por350.0%	;Disminuir por25.0%	;
1622	;08/07 13:00 - 14:00	;116	;Aumentar por81.3%	;Aumentar por3.6%	;57	;Aumentar por159.1%	;Aumentar por16.3%	;0	;Disminuir por100.0%	; --%	;7	;Aumentar por250.0%	;Aumentar por250.0%	;2	; --%	;Aumentar por100.0%	;7	;Aumentar por600.0%	;Aumentar por133.3%	;
1623	;08/07 14:00 - 15:00	;78	;Disminuir por9.3%	;Disminuir por17.0%	;43	;Aumentar por59.3%	;Disminuir por15.7%	;0	; --%	; --%	;3	;Aumentar por50.0%	;Aumentar por50.0%	;1	;Sin cambios	;Sin cambios	;8	;Aumentar por300.0%	;Aumentar por166.7%	;
1624	;08/07 15:00 - 16:00	;80	;Aumentar por42.9%	;Aumentar por5.3%	;32	;Aumentar por300.0%	;Disminuir por36.0%	;0	; --%	; --%	;1	;Sin cambios	;Disminuir por66.7%	;1	;Disminuir por50.0%	;Sin cambios	;4	;Disminuir por20.0%	;Disminuir por20.0%	;
1625	;08/07 16:00 - 17:00	;62	;Aumentar por3.3%	;Disminuir por50.0%	;48	;Aumentar por71.4%	;Disminuir por40.7%	;0	; --%	; --%	;0	;Disminuir por100.0%	;Disminuir por100.0%	;5	;Aumentar por66.7%	; --%	;13	;Aumentar por333.3%	;Aumentar por225.0%	;
1626	;08/07 17:00 - 18:00	;136	;Aumentar por119.4%	;Sin cambios	;83	;Aumentar por167.7%	;Disminuir por2.4%	;0	; --%	; --%	;1	;Disminuir por50.0%	;Sin cambios	;1	; --%	;Disminuir por50.0%	;4	;Disminuir por20.0%	;Aumentar por33.3%	;
1627	;08/07 18:00 - 19:00	;247	;Aumentar por152.0%	;Disminuir por41.6%	;70	;Aumentar por105.9%	;Disminuir por76.3%	;0	; --%	; --%	;1	;Sin cambios	; --%	;2	;Aumentar por100.0%	;Disminuir por33.3%	;3	;Disminuir por50.0%	;Disminuir por57.1%	;
1628	;08/07 19:00 - 20:00	;785	;Aumentar por600.9%	;Aumentar por8.3%	;296	;Aumentar por622.0%	;Aumentar por44.4%	;0	; --%	; --%	;0	;Disminuir por100.0%	; --%	;2	;Aumentar por100.0%	;Disminuir por50.0%	;4	;Aumentar por33.3%	;Disminuir por33.3%	;
1629	;08/07 20:00 - 21:00	;1119	;Aumentar por2386.7%	;Disminuir por19.5%	;676	;Aumentar por2972.7%	;Disminuir por3.7%	;0	; --%	; --%	;0	; --%	; --%	;9	;Aumentar por200.0%	;Disminuir por66.7%	;9	;Aumentar por125.0%	;Disminuir por66.7%	;
1630	;08/07 21:00 - 22:00	;1920	;Aumentar por9500.0%	;Aumentar por9.5%	;1342	;Aumentar por16675.0%	;Aumentar por9.3%	;0	; --%	; --%	;0	;Disminuir por100.0%	; --%	;9	; --%	;Disminuir por50.0%	;21	;Aumentar por2000.0%	;Aumentar por250.0%	;
1631	;08/07 22:00 - 23:00	;1777	;Aumentar por11746.7%	;Disminuir por42.2%	;1098	;Aumentar por6358.8%	;Disminuir por56.7%	;0	; --%	; --%	;0	;Disminuir por100.0%	; --%	;61	; --%	;Aumentar por41.9%	;183	; --%	;Aumentar por438.2%	;
1632	;08/07 23:00 - 24:00	;1677	;Aumentar por41825.0%	;Disminuir por11.9%	;1346	;Aumentar por44766.7%	;Disminuir por18.4%	;0	; --%	; --%	;0	; --%	; --%	;123	; --%	;Aumentar por272.7%	;209	; --%	;Aumentar por164.6%	;
1633	;08/08 00:00 - 01:00	;410	;Aumentar por8100.0%	;Disminuir por22.2%	;342	;Aumentar por34100.0%	;Disminuir por12.8%	;0	; --%	; --%	;0	; --%	; --%	;24	; --%	;Disminuir por4.0%	;33	; --%	;Disminuir por41.1%	;
1634	;08/08 01:00 - 02:00	;63	;Aumentar por3050.0%	;Disminuir por1.6%	;49	; --%	;Aumentar por4.3%	;0	; --%	; --%	;1	; --%	;Sin cambios	;1	; --%	; --%	;1	; --%	;Disminuir por50.0%	;
1635	;08/08 02:00 - 03:00	;13	; --%	;Aumentar por8.3%	;20	;Aumentar por1900.0%	;Sin cambios	;0	;Disminuir por100.0%	; --%	;0	;Disminuir por100.0%	; --%	;0	;Disminuir por100.0%	; --%	;0	; --%	; --%	;
1636	;08/08 03:00 - 04:00	;24	; --%	;Aumentar por140.0%	;22	;Aumentar por2100.0%	;Aumentar por633.3%	;3	; --%	; --%	;5	; --%	; --%	;0	; --%	; --%	;0	; --%	; --%	;
1637	;08/08 04:00 - 05:00	;0	; --%	;Disminuir por100.0%	;0	; --%	;Disminuir por100.0%	;0	; --%	;Disminuir por100.0%	;1	; --%	;Disminuir por80.0%	;0	; --%	; --%	;0	; --%	; --%	;
1638	;08/08 05:00 - 06:00	;5	; --%	;Sin cambios	;2	; --%	;Aumentar por100.0%	;0	; --%	; --%	;0	; --%	; --%	;0	; --%	; --%	;0	; --%	;Disminuir por100.0%	;
1639	;08/08 06:00 - 07:00	;0	; --%	;Disminuir por100.0%	;1	; --%	;Disminuir por50.0%	;0	; --%	; --%	;0	; --%	;Disminuir por100.0%	;0	;Disminuir por100.0%	; --%	;0	;Disminuir por100.0%	;Disminuir por100.0%	;
1640	;08/08 07:00 - 08:00	;18	;Aumentar por1700.0%	;Aumentar por157.1%	;6	;Aumentar por50.0%	;Disminuir por40.0%	;0	; --%	; --%	;0	;Disminuir por100.0%	;Disminuir por100.0%	;0	; --%	; --%	;3	;Aumentar por200.0%	; --%	;
1641	;08/08 08:00 - 09:00	;46	;Aumentar por666.7%	;Aumentar por27.8%	;17	;Aumentar por183.3%	;Aumentar por54.5%	;1	; --%	; --%	;8	;Disminuir por27.3%	;Aumentar por60.0%	;1	; --%	;Disminuir por75.0%	;4	;Aumentar por33.3%	;Aumentar por100.0%	;
1642	;08/08 09:00 - 10:00	;48	;Aumentar por100.0%	;Disminuir por49.5%	;34	;Aumentar por161.5%	;Disminuir por34.6%	;0	; --%	; --%	;5	;Sin cambios	;Aumentar por400.0%	;3	; --%	;Sin cambios	;6	;Aumentar por200.0%	;Aumentar por20.0%	;
1643	;08/08 10:00 - 11:00	;137	;Aumentar por93.0%	;Aumentar por7.0%	;66	;Aumentar por288.2%	;Aumentar por3.1%	;0	; --%	; --%	;4	;Aumentar por33.3%	;Sin cambios	;2	; --%	;Disminuir por50.0%	;5	;Aumentar por400.0%	;Disminuir por37.5%	;
1644	;08/08 11:00 - 12:00	;206	;Aumentar por54.9%	;Disminuir por16.3%	;93	;Aumentar por144.7%	;Disminuir por2.1%	;0	; --%	; --%	;0	;Disminuir por100.0%	;Disminuir por100.0%	;0	;Disminuir por100.0%	;Disminuir por100.0%	;3	;Sin cambios	;Disminuir por70.0%	;
1645	;08/08 12:00 - 13:00	;147	;Aumentar por36.1%	;Disminuir por37.7%	;69	;Aumentar por146.4%	;Disminuir por25.8%	;0	; --%	; --%	;6	;Sin cambios	;Aumentar por50.0%	;0	; --%	;Disminuir por100.0%	;4	;Aumentar por100.0%	;Aumentar por33.3%	;
1646	;08/08 13:00 - 14:00	;116	;Aumentar por56.8%	;Disminuir por8.7%	;52	;Aumentar por225.0%	;Disminuir por24.6%	;1	; --%	; --%	;1	;Disminuir por75.0%	;Disminuir por66.7%	;2	; --%	;Aumentar por100.0%	;6	;Aumentar por20.0%	;Disminuir por57.1%	;
1647	;08/08 14:00 - 15:00	;86	;Aumentar por87.0%	;Disminuir por22.5%	;85	;Aumentar por325.0%	;Aumentar por49.1%	;0	; --%	; --%	;3	;Aumentar por50.0%	;Sin cambios	;0	; --%	; --%	;6	;Aumentar por200.0%	;Aumentar por200.0%	;
1648	;08/08 15:00 - 16:00	;128	;Aumentar por124.6%	;Aumentar por26.7%	;60	;Aumentar por140.0%	;Aumentar por1.7%	;0	; --%	; --%	;3	;Aumentar por50.0%	;Aumentar por50.0%	;1	;Sin cambios	;Disminuir por66.7%	;3	;Sin cambios	;Disminuir por62.5%	;
1649	;08/08 16:00 - 17:00	;163	;Aumentar por297.6%	;Aumentar por46.8%	;61	;Aumentar por335.7%	;Aumentar por1.7%	;0	; --%	; --%	;2	;Disminuir por33.3%	;Disminuir por33.3%	;1	; --%	;Sin cambios	;3	;Disminuir por25.0%	;Disminuir por50.0%	;
1650	;08/08 17:00 - 18:00	;168	;Aumentar por150.7%	;Aumentar por60.0%	;77	;Aumentar por327.8%	;Disminuir por1.3%	;0	; --%	; --%	;1	;Sin cambios	;Disminuir por50.0%	;0	;Disminuir por100.0%	;Disminuir por100.0%	;2	;Disminuir por33.3%	;Aumentar por100.0%	;
1651	;08/08 18:00 - 19:00	;284	;Aumentar por78.6%	;Disminuir por27.4%	;117	;Aumentar por80.0%	;Disminuir por26.4%	;0	; --%	; --%	;0	; --%	; --%	;1	;Disminuir por80.0%	;Disminuir por85.7%	;6	;Disminuir por14.3%	;Sin cambios	;
1652	;08/08 19:00 - 20:00	;709	;Aumentar por354.5%	;Disminuir por12.0%	;234	;Aumentar por216.2%	;Disminuir por28.2%	;0	; --%	; --%	;0	;Disminuir por100.0%	; --%	;2	;Aumentar por100.0%	;Disminuir por80.0%	;3	;Aumentar por200.0%	;Disminuir por25.0%	;
1653	;08/08 20:00 - 21:00	;1486	;Aumentar por1060.9%	;Disminuir por25.8%	;768	;Aumentar por1201.7%	;Disminuir por38.8%	;0	; --%	; --%	;0	;Disminuir por100.0%	; --%	;4	;Aumentar por300.0%	;Disminuir por20.0%	;9	;Aumentar por350.0%	;Disminuir por10.0%	;
1654	;08/08 21:00 - 22:00	;2218	;Aumentar por2638.3%	;Aumentar por0.6%	;1594	;Aumentar por3607.0%	;Disminuir por0.6%	;0	; --%	; --%	;0	; --%	; --%	;16	;Aumentar por220.0%	;Aumentar por220.0%	;23	;Aumentar por475.0%	;Aumentar por43.8%	;
1655	;08/08 22:00 - 23:00	;1661	;Aumentar por2623.0%	;Disminuir por37.9%	;1071	;Aumentar por3050.0%	;Disminuir por49.6%	;0	; --%	; --%	;0	; --%	; --%	;0	;Disminuir por100.0%	;Disminuir por100.0%	;15	; --%	;Aumentar por87.5%	;
1656	;08/08 23:00 - 24:00	;1325	;Aumentar por1598.7%	;Disminuir por12.5%	;966	;Aumentar por4290.9%	;Disminuir por10.8%	;0	; --%	; --%	;0	; --%	; --%	;3	; --%	;Disminuir por91.7%	;10	;Aumentar por400.0%	;Disminuir por88.0%	;
1657	;08/09 00:00 - 01:00	;895	;Aumentar por5866.7%	;Aumentar por118.3%	;781	;Aumentar por8577.8%	;Aumentar por185.0%	;0	; --%	; --%	;0	; --%	; --%	;47	;Aumentar por4600.0%	; --%	;79	; --%	;Aumentar por1216.7%	;
1658	;08/09 01:00 - 02:00	;91	;Aumentar por2175.0%	;Disminuir por22.2%	;53	;Aumentar por2550.0%	;Disminuir por41.1%	;0	; --%	; --%	;1	; --%	; --%	;0	; --%	;Disminuir por100.0%	;2	; --%	;Sin cambios	;
1659	;08/09 02:00 - 03:00	;26	;Aumentar por1200.0%	;Aumentar por30.0%	;20	;Aumentar por1900.0%	;Disminuir por28.6%	;0	;Disminuir por100.0%	; --%	;0	; --%	;Disminuir por100.0%	;0	; --%	; --%	;0	; --%	; --%	;
1660	;08/09 03:00 - 04:00	;12	; --%	;Disminuir por14.3%	;12	; --%	;Aumentar por9.1%	;0	; --%	; --%	;1	; --%	; --%	;1	; --%	; --%	;2	; --%	; --%	;
1661	;08/09 04:00 - 05:00	;7	;Disminuir por53.3%	;Disminuir por76.7%	;0	;Disminuir por100.0%	;Disminuir por100.0%	;0	;Disminuir por100.0%	; --%	;0	;Disminuir por100.0%	;Disminuir por100.0%	;0	; --%	; --%	;0	; --%	;Disminuir por100.0%	;
1662	;08/09 05:00 - 06:00	;4	;Sin cambios	;Disminuir por50.0%	;2	; --%	;Sin cambios	;0	; --%	; --%	;0	; --%	; --%	;0	; --%	;Disminuir por100.0%	;0	; --%	;Disminuir por100.0%	;
1663	;08/09 06:00 - 07:00	;2	;Aumentar por100.0%	; --%	;4	; --%	;Disminuir por33.3%	;0	; --%	; --%	;0	; --%	; --%	;0	; --%	; --%	;0	;Disminuir por100.0%	; --%	;
1664	;08/09 07:00 - 08:00	;13	;Aumentar por550.0%	;Aumentar por62.5%	;6	;Aumentar por500.0%	;Disminuir por40.0%	;0	; --%	; --%	;0	; --%	; --%	;0	; --%	; --%	;2	; --%	; --%	;
1665	;08/09 08:00 - 09:00	;31	;Aumentar por520.0%	;Aumentar por14.8%	;10	;Aumentar por100.0%	;Disminuir por28.6%	;0	; --%	; --%	;2	;Disminuir por50.0%	;Disminuir por33.3%	;0	; --%	;Disminuir por100.0%	;6	;Aumentar por500.0%	;Aumentar por200.0%	;
1666	;08/09 09:00 - 10:00	;56	;Aumentar por86.7%	;Disminuir por49.1%	;37	;Aumentar por117.6%	;Disminuir por42.2%	;0	; --%	;Disminuir por100.0%	;2	;Disminuir por50.0%	;Disminuir por66.7%	;2	; --%	;Aumentar por100.0%	;6	;Aumentar por500.0%	;Sin cambios	;
1667	;08/09 10:00 - 11:00	;128	;Aumentar por2.4%	;Disminuir por16.3%	;94	;Aumentar por161.1%	;Aumentar por11.9%	;1	; --%	; --%	;3	;Disminuir por25.0%	;Disminuir por57.1%	;1	;Sin cambios	;Sin cambios	;9	;Aumentar por12.5%	;Sin cambios	;
1668	;08/09 11:00 - 12:00	;218	;Aumentar por24.6%	;Disminuir por16.8%	;137	;Aumentar por185.4%	;Aumentar por6.2%	;1	; --%	; --%	;5	;Aumentar por400.0%	;Aumentar por150.0%	;0	;Disminuir por100.0%	; --%	;7	;Aumentar por600.0%	;Aumentar por133.3%	;
1669	;08/09 12:00 - 13:00	;189	;Aumentar por52.4%	;Aumentar por17.4%	;78	;Aumentar por77.3%	;Disminuir por15.2%	;0	; --%	; --%	;4	;Aumentar por300.0%	;Aumentar por300.0%	;6	; --%	;Aumentar por500.0%	;5	;Aumentar por150.0%	;Aumentar por66.7%	;
1670	;08/09 13:00 - 14:00	;124	;Aumentar por726.7%	;Disminuir por23.9%	;79	;Aumentar por139.4%	;Aumentar por2.6%	;0	; --%	; --%	;0	;Disminuir por100.0%	;Disminuir por100.0%	;2	; --%	;Disminuir por66.7%	;2	; --%	;Disminuir por33.3%	;
1671	;08/09 14:00 - 15:00	;104	;Aumentar por225.0%	;Aumentar por60.0%	;49	;Aumentar por157.9%	;Aumentar por28.9%	;0	; --%	; --%	;1	; --%	;Disminuir por50.0%	;0	; --%	; --%	;5	; --%	;Aumentar por66.7%	;
1672	;08/09 15:00 - 16:00	;96	;Aumentar por336.4%	;Aumentar por17.1%	;56	;Aumentar por93.1%	;Disminuir por8.2%	;0	; --%	; --%	;0	;Disminuir por100.0%	; --%	;1	; --%	;Sin cambios	;2	; --%	;Disminuir por33.3%	;
1673	;08/09 16:00 - 17:00	;102	;Aumentar por121.7%	;Aumentar por4.1%	;63	;Aumentar por600.0%	;Disminuir por12.5%	;0	; --%	; --%	;0	;Disminuir por100.0%	;Disminuir por100.0%	;2	;Aumentar por100.0%	; --%	;4	; --%	;Aumentar por300.0%	;
1674	;08/09 17:00 - 18:00	;176	;Aumentar por50.4%	;Disminuir por5.4%	;87	;Aumentar por112.2%	;Disminuir por1.1%	;0	; --%	; --%	;1	;Disminuir por50.0%	;Disminuir por66.7%	;0	; --%	;Disminuir por100.0%	;3	;Aumentar por200.0%	;Disminuir por40.0%	;
1675	;08/09 18:00 - 19:00	;351	;Aumentar por89.7%	;Aumentar por10.7%	;106	;Aumentar por135.6%	;Disminuir por32.9%	;0	; --%	; --%	;0	;Disminuir por100.0%	;Disminuir por100.0%	;5	; --%	;Disminuir por58.3%	;5	;Aumentar por150.0%	;Disminuir por44.4%	;
1676	;08/09 19:00 - 20:00	;692	;Aumentar por188.3%	;Disminuir por5.7%	;245	;Aumentar por188.2%	;Aumentar por18.9%	;0	; --%	; --%	;0	;Disminuir por100.0%	; --%	;5	;Aumentar por400.0%	;Disminuir por61.5%	;3	;Aumentar por50.0%	;Disminuir por62.5%	;
1677	;08/09 20:00 - 21:00	;988	;Aumentar por455.1%	;Disminuir por25.9%	;439	;Aumentar por518.3%	;Disminuir por30.3%	;0	; --%	; --%	;0	; --%	; --%	;2	; --%	;Disminuir por95.2%	;3	;Aumentar por200.0%	;Disminuir por93.0%	;
1678	;08/09 21:00 - 22:00	;1831	;Aumentar por1712.9%	;Aumentar por10.8%	;1332	;Aumentar por2511.8%	;Aumentar por24.6%	;0	; --%	; --%	;0	; --%	; --%	;26	;Aumentar por2500.0%	;Disminuir por55.9%	;29	; --%	;Disminuir por54.7%	;
1679	;08/09 22:00 - 23:00	;1550	;Aumentar por1790.2%	;Disminuir por19.4%	;1089	;Aumentar por3011.4%	;Disminuir por12.6%	;0	; --%	; --%	;0	; --%	; --%	;14	; --%	;Disminuir por67.4%	;15	; --%	;Disminuir por82.6%	;
1680	;08/09 23:00 - 24:00	;694	;Aumentar por850.7%	;Disminuir por37.8%	;492	;Aumentar por2633.3%	;Disminuir por36.1%	;0	; --%	; --%	;0	; --%	; --%	;6	;Aumentar por100.0%	;Disminuir por53.8%	;12	;Aumentar por300.0%	;Disminuir por33.3%	;
1681	;08/10 00:00 - 01:00	;272	;Aumentar por466.7%	;Disminuir por49.3%	;214	;Aumentar por1546.2%	;Disminuir por38.2%	;0	; --%	; --%	;0	; --%	; --%	;0	; --%	; --%	;1	; --%	;Disminuir por66.7%	;
1682	;08/10 01:00 - 02:00	;53	;Aumentar por488.9%	;Disminuir por25.4%	;35	;Aumentar por250.0%	;Disminuir por42.6%	;0	; --%	; --%	;1	; --%	;Sin cambios	;0	; --%	; --%	;1	; --%	;Disminuir por66.7%	;
1683	;08/10 02:00 - 03:00	;8	;Sin cambios	;Disminuir por75.0%	;16	;Aumentar por128.6%	;Disminuir por27.3%	;0	; --%	; --%	;2	;Aumentar por100.0%	; --%	;0	; --%	; --%	;1	; --%	;Disminuir por50.0%	;
1684	;08/10 03:00 - 04:00	;9	;Aumentar por350.0%	;Disminuir por62.5%	;9	;Aumentar por350.0%	;Disminuir por50.0%	;0	; --%	;Disminuir por100.0%	;0	; --%	;Disminuir por100.0%	;0	; --%	; --%	;0	; --%	; --%	;
1685	;08/10 04:00 - 05:00	;21	; --%	;Aumentar por250.0%	;19	; --%	;Aumentar por11.8%	;0	; --%	; --%	;2	; --%	;Aumentar por100.0%	;0	; --%	; --%	;0	; --%	; --%	;
1686	;08/10 05:00 - 06:00	;5	; --%	;Disminuir por28.6%	;2	; --%	; --%	;0	; --%	; --%	;1	; --%	;Disminuir por50.0%	;0	; --%	;Disminuir por100.0%	;0	; --%	; --%	;
1687	;08/10 06:00 - 07:00	;1	; --%	;Disminuir por85.7%	;3	; --%	;Disminuir por25.0%	;0	; --%	; --%	;2	; --%	; --%	;0	;Disminuir por100.0%	; --%	;3	;Aumentar por200.0%	; --%	;
1688	;08/10 07:00 - 08:00	;23	;Aumentar por360.0%	;Aumentar por43.8%	;12	;Aumentar por200.0%	;Aumentar por200.0%	;0	;Disminuir por100.0%	; --%	;1	;Sin cambios	;Sin cambios	;4	; --%	; --%	;2	;Aumentar por100.0%	; --%	;
1689	;08/10 08:00 - 09:00	;36	;Aumentar por620.0%	;Disminuir por30.8%	;11	;Aumentar por266.7%	;Disminuir por50.0%	;1	; --%	; --%	;5	;Aumentar por66.7%	;Aumentar por400.0%	;1	; --%	;Disminuir por50.0%	;1	;Disminuir por66.7%	;Disminuir por50.0%	;
1690	;08/10 09:00 - 10:00	;66	;Aumentar por112.9%	;Aumentar por8.2%	;54	;Aumentar por350.0%	;Aumentar por100.0%	;0	; --%	; --%	;2	; --%	;Sin cambios	;3	; --%	;Aumentar por200.0%	;12	;Aumentar por300.0%	;Aumentar por300.0%	;
1691	;08/10 10:00 - 11:00	;113	;Disminuir por10.3%	;Disminuir por30.2%	;56	;Disminuir por1.8%	;Disminuir por24.3%	;0	; --%	; --%	;4	;Aumentar por100.0%	;Aumentar por100.0%	;3	; --%	;Aumentar por200.0%	;4	;Aumentar por300.0%	;Disminuir por66.7%	;
1692	;08/10 11:00 - 12:00	;190	;Disminuir por32.4%	;Aumentar por13.1%	;135	;Aumentar por55.2%	;Aumentar por46.7%	;0	; --%	; --%	;5	;Aumentar por400.0%	;Aumentar por400.0%	;5	;Sin cambios	;Aumentar por400.0%	;8	;Aumentar por166.7%	;Sin cambios	;
1693	;08/10 12:00 - 13:00	;194	;Disminuir por29.5%	;Disminuir por12.2%	;92	;Disminuir por10.7%	;Disminuir por14.0%	;1	;Sin cambios	; --%	;2	;Aumentar por100.0%	;Sin cambios	;2	;Disminuir por80.0%	;Disminuir por33.3%	;7	;Disminuir por12.5%	;Aumentar por40.0%	;
1694	;08/10 13:00 - 14:00	;99	;Disminuir por55.4%	;Disminuir por37.7%	;85	;Aumentar por44.1%	;Disminuir por2.3%	;0	; --%	; --%	;5	;Aumentar por400.0%	;Aumentar por400.0%	;6	;Aumentar por200.0%	;Aumentar por500.0%	;5	;Sin cambios	;Aumentar por66.7%	;
1695	;08/10 14:00 - 15:00	;109	;Disminuir por0.9%	;Aumentar por9.0%	;65	;Aumentar por27.5%	;Aumentar por109.7%	;0	; --%	; --%	;2	;Aumentar por100.0%	;Sin cambios	;1	;Disminuir por90.9%	;Sin cambios	;4	;Disminuir por42.9%	;Sin cambios	;
1696	;08/10 15:00 - 16:00	;91	;Disminuir por39.7%	;Disminuir por37.7%	;76	;Disminuir por34.5%	;Aumentar por26.7%	;0	; --%	; --%	;3	; --%	;Sin cambios	;0	;Disminuir por100.0%	; --%	;4	;Sin cambios	;Aumentar por300.0%	;
1697	;08/10 16:00 - 17:00	;132	;Disminuir por8.3%	;Aumentar por53.5%	;48	;Disminuir por20.0%	;Aumentar por6.7%	;0	; --%	; --%	;3	; --%	;Aumentar por50.0%	;1	;Disminuir por50.0%	;Sin cambios	;5	;Aumentar por150.0%	;Aumentar por66.7%	;
1698	;08/10 17:00 - 18:00	;140	;Disminuir por13.0%	;Aumentar por34.6%	;72	;Aumentar por554.5%	;Aumentar por20.0%	;0	; --%	; --%	;4	; --%	;Aumentar por300.0%	;0	;Disminuir por100.0%	;Disminuir por100.0%	;3	;Aumentar por50.0%	;Sin cambios	;
1699	;08/10 18:00 - 19:00	;250	;Aumentar por71.2%	;Disminuir por42.7%	;107	;Aumentar por234.4%	;Disminuir por54.1%	;0	; --%	; --%	;1	;Disminuir por50.0%	; --%	;2	;Sin cambios	;Disminuir por33.3%	;2	;Disminuir por60.0%	;Disminuir por75.0%	;
1700	;08/10 19:00 - 20:00	;649	;Aumentar por332.7%	;Disminuir por21.7%	;230	;Aumentar por303.5%	;Disminuir por33.5%	;0	; --%	; --%	;0	; --%	; --%	;3	;Aumentar por50.0%	;Disminuir por62.5%	;5	;Aumentar por150.0%	;Disminuir por61.5%	;
1701	;08/10 20:00 - 21:00	;1009	;Aumentar por962.1%	;Disminuir por15.2%	;430	;Aumentar por1062.2%	;Disminuir por21.5%	;0	; --%	; --%	;0	;Disminuir por100.0%	; --%	;10	; --%	;Aumentar por100.0%	;7	;Aumentar por133.3%	;Sin cambios	;
1702	;08/10 21:00 - 22:00	;1819	;Aumentar por2931.7%	;Disminuir por18.3%	;1332	;Aumentar por3600.0%	;Disminuir por16.7%	;0	; --%	; --%	;0	;Disminuir por100.0%	; --%	;56	; --%	;Aumentar por300.0%	;80	;Aumentar por7900.0%	;Aumentar por515.4%	;
1703	;08/10 22:00 - 23:00	;1950	;Aumentar por7122.2%	;Aumentar por4.8%	;1554	;Aumentar por30980.0%	;Aumentar por27.8%	;0	; --%	; --%	;0	; --%	; --%	;38	; --%	;Disminuir por11.6%	;40	; --%	;Disminuir por59.2%	;
1704	;08/10 23:00 - 24:00	;1251	;Aumentar por7718.8%	;Aumentar por34.8%	;989	;Aumentar por24625.0%	;Aumentar por47.0%	;0	; --%	; --%	;0	; --%	; --%	;37	; --%	;Aumentar por94.7%	;40	;Aumentar por1900.0%	;Aumentar por73.9%	;
1705	;08/11 00:00 - 01:00	;142	;Aumentar por2740.0%	;Disminuir por59.9%	;144	;Aumentar por2780.0%	;Disminuir por36.6%	;0	; --%	; --%	;0	; --%	; --%	;0	; --%	;Disminuir por100.0%	;2	;Aumentar por100.0%	;Aumentar por100.0%	;
1706	;08/11 01:00 - 02:00	;45	;Aumentar por60.7%	;Disminuir por60.2%	;25	;Aumentar por13.6%	;Disminuir por10.7%	;0	; --%	; --%	;1	; --%	; --%	;1	; --%	; --%	;2	; --%	;Aumentar por100.0%	;
1707	;08/11 02:00 - 03:00	;9	; --%	;Disminuir por25.0%	;21	;Aumentar por600.0%	;Aumentar por75.0%	;0	; --%	; --%	;0	;Disminuir por100.0%	; --%	;0	; --%	; --%	;2	; --%	; --%	;
1708	;08/11 03:00 - 04:00	;10	;Aumentar por400.0%	;Aumentar por100.0%	;13	;Aumentar por225.0%	;Disminuir por31.6%	;0	;Disminuir por100.0%	; --%	;2	;Disminuir por75.0%	; --%	;1	; --%	; --%	;0	; --%	; --%	;
1709	;08/11 04:00 - 05:00	;6	; --%	;Disminuir por53.8%	;0	; --%	;Disminuir por100.0%	;0	; --%	; --%	;0	; --%	;Disminuir por100.0%	;0	; --%	;Disminuir por100.0%	;0	; --%	;Disminuir por100.0%	;
1710	;08/11 05:00 - 06:00	;4	; --%	;Aumentar por100.0%	;0	; --%	;Disminuir por100.0%	;0	; --%	; --%	;0	; --%	; --%	;1	; --%	; --%	;0	; --%	;Disminuir por100.0%	;
1711	;08/11 06:00 - 07:00	;7	; --%	;Disminuir por46.2%	;6	; --%	;Disminuir por14.3%	;0	; --%	; --%	;2	;Aumentar por100.0%	;Disminuir por33.3%	;0	; --%	; --%	;1	;Sin cambios	; --%	;
1712	;08/11 07:00 - 08:00	;4	;Aumentar por100.0%	;Disminuir por55.6%	;5	;Aumentar por400.0%	;Disminuir por16.7%	;0	; --%	; --%	;3	;Sin cambios	;Disminuir por40.0%	;0	; --%	; --%	;1	;Sin cambios	;Sin cambios	;
1713	;08/11 08:00 - 09:00	;30	;Aumentar por328.6%	;Sin cambios	;11	;Aumentar por57.1%	;Aumentar por37.5%	;0	; --%	; --%	;4	;Disminuir por55.6%	;Aumentar por33.3%	;0	; --%	;Disminuir por100.0%	;2	;Sin cambios	;Aumentar por100.0%	;
1714	;08/11 09:00 - 10:00	;78	;Aumentar por225.0%	;Disminuir por1.3%	;46	;Aumentar por253.8%	;Disminuir por8.0%	;0	; --%	; --%	;7	;Aumentar por75.0%	;Aumentar por250.0%	;2	; --%	; --%	;10	;Aumentar por233.3%	;Aumentar por25.0%	;
1715	;08/11 10:00 - 11:00	;3	;Disminuir por93.6%	;Disminuir por97.6%	;4	;Disminuir por78.9%	;Disminuir por95.9%	;0	; --%	; --%	;0	;Disminuir por100.0%	;Disminuir por100.0%	;0	;Disminuir por100.0%	; --%	;0	;Disminuir por100.0%	;Disminuir por100.0%	;
1716	;08/11 11:00 - 12:00	;0	;Disminuir por100.0%	;Disminuir por100.0%	;0	;Disminuir por100.0%	;Disminuir por100.0%	;0	; --%	; --%	;0	;Disminuir por100.0%	;Disminuir por100.0%	;0	;Disminuir por100.0%	; --%	;0	;Disminuir por100.0%	;Disminuir por100.0%	;
1717	;08/11 12:00 - 13:00	;0	;Disminuir por100.0%	;Disminuir por100.0%	;0	;Disminuir por100.0%	;Disminuir por100.0%	;0	; --%	; --%	;0	;Disminuir por100.0%	;Disminuir por100.0%	;0	; --%	;Disminuir por100.0%	;0	;Disminuir por100.0%	;Disminuir por100.0%	;
1718	;08/11 13:00 - 14:00	;0	;Disminuir por100.0%	;Disminuir por100.0%	;0	;Disminuir por100.0%	;Disminuir por100.0%	;0	; --%	; --%	;0	;Disminuir por100.0%	;Disminuir por100.0%	;0	; --%	;Disminuir por100.0%	;0	;Disminuir por100.0%	;Disminuir por100.0%	;
1719	;08/11 14:00 - 15:00	;0	;Disminuir por100.0%	;Disminuir por100.0%	;0	;Disminuir por100.0%	;Disminuir por100.0%	;0	; --%	; --%	;0	;Disminuir por100.0%	;Disminuir por100.0%	;0	; --%	;Disminuir por100.0%	;0	;Disminuir por100.0%	;Disminuir por100.0%	;
1720	;08/11 15:00 - 16:00	;0	;Disminuir por100.0%	;Disminuir por100.0%	;0	;Disminuir por100.0%	;Disminuir por100.0%	;0	; --%	; --%	;0	;Disminuir por100.0%	; --%	;0	;Disminuir por100.0%	;Disminuir por100.0%	;0	;Disminuir por100.0%	;Disminuir por100.0%	;
1721	;08/11 16:00 - 17:00	;0	;Disminuir por100.0%	;Disminuir por100.0%	;0	;Disminuir por100.0%	;Disminuir por100.0%	;0	; --%	; --%	;0	;Disminuir por100.0%	; --%	;0	; --%	;Disminuir por100.0%	;0	; --%	;Disminuir por100.0%	;
1722	;08/11 17:00 - 18:00	;0	;Disminuir por100.0%	;Disminuir por100.0%	;0	;Disminuir por100.0%	;Disminuir por100.0%	;0	; --%	; --%	;0	;Disminuir por100.0%	;Disminuir por100.0%	;0	;Disminuir por100.0%	;Disminuir por100.0%	;0	;Disminuir por100.0%	;Disminuir por100.0%	;
1723	;08/11 18:00 - 19:00	;0	;Disminuir por100.0%	;Disminuir por100.0%	;0	;Disminuir por100.0%	;Disminuir por100.0%	;0	; --%	; --%	;0	;Disminuir por100.0%	; --%	;0	;Disminuir por100.0%	;Disminuir por100.0%	;0	;Disminuir por100.0%	;Disminuir por100.0%	;
1724	;08/11 19:00 - 20:00	;0	;Disminuir por100.0%	;Disminuir por100.0%	;0	;Disminuir por100.0%	;Disminuir por100.0%	;0	; --%	; --%	;0	;Disminuir por100.0%	; --%	;0	;Disminuir por100.0%	;Disminuir por100.0%	;0	;Disminuir por100.0%	;Disminuir por100.0%	;
1725	;08/11 20:00 - 21:00	;0	;Disminuir por100.0%	;Disminuir por100.0%	;0	;Disminuir por100.0%	;Disminuir por100.0%	;0	; --%	; --%	;0	;Disminuir por100.0%	; --%	;0	; --%	;Disminuir por100.0%	;0	;Disminuir por100.0%	;Disminuir por100.0%	;
1726	;08/11 21:00 - 22:00	;0	;Disminuir por100.0%	;Disminuir por100.0%	;0	;Disminuir por100.0%	;Disminuir por100.0%	;0	; --%	; --%	;0	;Disminuir por100.0%	; --%	;0	; --%	;Disminuir por100.0%	;0	; --%	;Disminuir por100.0%	;
1727	;08/11 22:00 - 23:00	;0	;Disminuir por100.0%	;Disminuir por100.0%	;0	;Disminuir por100.0%	;Disminuir por100.0%	;0	; --%	; --%	;0	; --%	; --%	;0	; --%	;Disminuir por100.0%	;0	; --%	;Disminuir por100.0%	;
1728	;08/11 23:00 - 24:00	;0	;Disminuir por100.0%	;Disminuir por100.0%	;0	;Disminuir por100.0%	;Disminuir por100.0%	;0	; --%	; --%	;0	; --%	; --%	;0	;Disminuir por100.0%	;Disminuir por100.0%	;0	;Disminuir por100.0%	;Disminuir por100.0%	;
1729	;08/12 00:00 - 01:00	;0	;Disminuir por100.0%	;Disminuir por100.0%	;0	;Disminuir por100.0%	;Disminuir por100.0%	;0	; --%	; --%	;0	; --%	; --%	;0	; --%	;Disminuir por100.0%	;0	; --%	;Disminuir por100.0%	;
1730	;08/12 01:00 - 02:00	;0	;Disminuir por100.0%	;Disminuir por100.0%	;0	;Disminuir por100.0%	;Disminuir por100.0%	;0	; --%	; --%	;0	;Disminuir por100.0%	; --%	;0	; --%	;Disminuir por100.0%	;0	;Disminuir por100.0%	;Disminuir por100.0%	;
1731	;08/12 02:00 - 03:00	;0	;Disminuir por100.0%	;Disminuir por100.0%	;0	;Disminuir por100.0%	;Disminuir por100.0%	;0	; --%	; --%	;0	; --%	;Disminuir por100.0%	;0	; --%	;Disminuir por100.0%	;0	; --%	;Disminuir por100.0%	;
1732	;08/12 03:00 - 04:00	;0	;Disminuir por100.0%	;Disminuir por100.0%	;0	;Disminuir por100.0%	;Disminuir por100.0%	;0	; --%	; --%	;0	;Disminuir por100.0%	;Disminuir por100.0%	;0	; --%	; --%	;0	; --%	; --%	;
1733	;08/12 04:00 - 05:00	;0	; --%	;Disminuir por100.0%	;0	; --%	;Disminuir por100.0%	;0	; --%	;Disminuir por100.0%	;0	; --%	;Disminuir por100.0%	;0	; --%	; --%	;0	; --%	;Disminuir por100.0%	;
1734	;08/12 05:00 - 06:00	;0	;Disminuir por100.0%	;Disminuir por100.0%	;0	; --%	;Disminuir por100.0%	;0	; --%	; --%	;0	; --%	; --%	;0	; --%	; --%	;0	; --%	;Disminuir por100.0%	;
1735	;08/12 06:00 - 07:00	;0	; --%	;Disminuir por100.0%	;0	; --%	;Disminuir por100.0%	;0	; --%	; --%	;0	;Disminuir por100.0%	;Disminuir por100.0%	;0	; --%	; --%	;0	;Disminuir por100.0%	; --%	;
1736	;08/12 07:00 - 08:00	;0	;Disminuir por100.0%	;Disminuir por100.0%	;0	;Disminuir por100.0%	;Disminuir por100.0%	;0	; --%	; --%	;0	;Disminuir por100.0%	;Disminuir por100.0%	;0	; --%	;Disminuir por100.0%	;0	; --%	;Disminuir por100.0%	;
1737	;08/12 08:00 - 09:00	;0	;Disminuir por100.0%	;Disminuir por100.0%	;0	;Disminuir por100.0%	;Disminuir por100.0%	;0	; --%	; --%	;0	;Disminuir por100.0%	;Disminuir por100.0%	;0	; --%	;Disminuir por100.0%	;0	;Disminuir por100.0%	;Disminuir por100.0%	;
1738	;08/12 09:00 - 10:00	;0	;Disminuir por100.0%	;Disminuir por100.0%	;0	;Disminuir por100.0%	;Disminuir por100.0%	;0	; --%	;Disminuir por100.0%	;0	;Disminuir por100.0%	;Disminuir por100.0%	;0	; --%	; --%	;0	;Disminuir por100.0%	;Disminuir por100.0%	;
1739	;08/12 10:00 - 11:00	;0	;Disminuir por100.0%	;Disminuir por100.0%	;0	;Disminuir por100.0%	;Disminuir por100.0%	;0	; --%	;Disminuir por100.0%	;0	;Disminuir por100.0%	;Disminuir por100.0%	;0	;Disminuir por100.0%	;Disminuir por100.0%	;0	;Disminuir por100.0%	;Disminuir por100.0%	;
1740	;08/12 11:00 - 12:00	;0	;Disminuir por100.0%	;Disminuir por100.0%	;0	;Disminuir por100.0%	;Disminuir por100.0%	;0	;Disminuir por100.0%	;Disminuir por100.0%	;0	;Disminuir por100.0%	;Disminuir por100.0%	;0	;Disminuir por100.0%	;Disminuir por100.0%	;0	;Disminuir por100.0%	;Disminuir por100.0%	;
1741	;08/12 12:00 - 13:00	;0	;Disminuir por100.0%	;Disminuir por100.0%	;0	;Disminuir por100.0%	;Disminuir por100.0%	;0	; --%	; --%	;0	;Disminuir por100.0%	;Disminuir por100.0%	;0	; --%	;Disminuir por100.0%	;0	;Disminuir por100.0%	;Disminuir por100.0%	;
1742	;08/12 13:00 - 14:00	;0	;Disminuir por100.0%	;Disminuir por100.0%	;0	;Disminuir por100.0%	;Disminuir por100.0%	;0	; --%	; --%	;0	;Disminuir por100.0%	;Disminuir por100.0%	;0	; --%	;Disminuir por100.0%	;0	;Disminuir por100.0%	;Disminuir por100.0%	;
1743	;08/12 14:00 - 15:00	;0	;Disminuir por100.0%	;Disminuir por100.0%	;0	;Disminuir por100.0%	;Disminuir por100.0%	;0	; --%	; --%	;0	;Disminuir por100.0%	;Disminuir por100.0%	;0	;Disminuir por100.0%	;Disminuir por100.0%	;0	;Disminuir por100.0%	;Disminuir por100.0%	;
1744	;08/12 15:00 - 16:00	;0	;Disminuir por100.0%	;Disminuir por100.0%	;0	;Disminuir por100.0%	;Disminuir por100.0%	;0	; --%	; --%	;0	;Disminuir por100.0%	;Disminuir por100.0%	;0	;Disminuir por100.0%	; --%	;0	;Disminuir por100.0%	;Disminuir por100.0%	;
1745	;08/12 16:00 - 17:00	;0	;Disminuir por100.0%	;Disminuir por100.0%	;0	;Disminuir por100.0%	;Disminuir por100.0%	;0	; --%	; --%	;0	;Disminuir por100.0%	;Disminuir por100.0%	;0	;Disminuir por100.0%	; --%	;0	;Disminuir por100.0%	;Disminuir por100.0%	;
1746	;08/12 17:00 - 18:00	;0	;Disminuir por100.0%	;Disminuir por100.0%	;0	;Disminuir por100.0%	;Disminuir por100.0%	;0	; --%	; --%	;0	;Disminuir por100.0%	;Disminuir por100.0%	;0	;Disminuir por100.0%	;Disminuir por100.0%	;0	;Disminuir por100.0%	;Disminuir por100.0%	;
1747	;08/12 18:00 - 19:00	;0	;Disminuir por100.0%	;Disminuir por100.0%	;0	;Disminuir por100.0%	;Disminuir por100.0%	;0	; --%	; --%	;0	;Disminuir por100.0%	; --%	;0	;Disminuir por100.0%	;Disminuir por100.0%	;0	;Disminuir por100.0%	;Disminuir por100.0%	;
1748	;08/12 19:00 - 20:00	;0	;Disminuir por100.0%	;Disminuir por100.0%	;0	;Disminuir por100.0%	;Disminuir por100.0%	;0	; --%	; --%	;0	;Disminuir por100.0%	; --%	;0	; --%	;Disminuir por100.0%	;0	;Disminuir por100.0%	;Disminuir por100.0%	;
1749	;08/12 20:00 - 21:00	;0	;Disminuir por100.0%	;Disminuir por100.0%	;0	;Disminuir por100.0%	;Disminuir por100.0%	;0	; --%	; --%	;0	; --%	; --%	;0	;Disminuir por100.0%	;Disminuir por100.0%	;0	;Disminuir por100.0%	;Disminuir por100.0%	;
1750	;08/12 21:00 - 22:00	;0	;Disminuir por100.0%	;Disminuir por100.0%	;0	;Disminuir por100.0%	;Disminuir por100.0%	;0	; --%	; --%	;0	; --%	; --%	;0	; --%	;Disminuir por100.0%	;0	;Disminuir por100.0%	;Disminuir por100.0%	;
1751	;08/12 22:00 - 23:00	;0	;Disminuir por100.0%	;Disminuir por100.0%	;0	; --%	;Disminuir por100.0%	;0	; --%	; --%	;0	; --%	; --%	;0	;Disminuir por100.0%	;Disminuir por100.0%	;0	; --%	;Disminuir por100.0%	;
1752	;08/12 23:00 - 24:00	;0	;Disminuir por100.0%	;Disminuir por100.0%	;0	;Disminuir por100.0%	;Disminuir por100.0%	;0	; --%	; --%	;0	; --%	; --%	;0	; --%	;Disminuir por100.0%	;0	; --%	;Disminuir por100.0%	;
1753	;08/13 00:00 - 01:00	;0	; --%	;Disminuir por100.0%	;0	;Disminuir por100.0%	;Disminuir por100.0%	;0	; --%	; --%	;0	; --%	; --%	;0	; --%	; --%	;0	; --%	;Disminuir por100.0%	;
1754	;08/13 01:00 - 02:00	;0	;Disminuir por100.0%	;Disminuir por100.0%	;0	; --%	;Disminuir por100.0%	;0	; --%	; --%	;0	; --%	;Disminuir por100.0%	;0	; --%	; --%	;0	; --%	;Disminuir por100.0%	;
1755	;08/13 02:00 - 03:00	;0	;Disminuir por100.0%	;Disminuir por100.0%	;0	;Disminuir por100.0%	;Disminuir por100.0%	;0	; --%	; --%	;0	;Disminuir por100.0%	; --%	;0	; --%	; --%	;0	; --%	; --%	;
1756	;08/13 03:00 - 04:00	;0	; --%	;Disminuir por100.0%	;0	; --%	;Disminuir por100.0%	;0	; --%	; --%	;0	; --%	; --%	;0	; --%	;Disminuir por100.0%	;0	; --%	; --%	;
1757	;08/13 04:00 - 05:00	;0	; --%	;Disminuir por100.0%	;0	; --%	;Disminuir por100.0%	;0	; --%	;Disminuir por100.0%	;0	; --%	;Disminuir por100.0%	;0	; --%	; --%	;0	; --%	; --%	;
1758	;08/13 05:00 - 06:00	;0	; --%	;Disminuir por100.0%	;0	; --%	;Disminuir por100.0%	;0	; --%	; --%	;0	; --%	;Disminuir por100.0%	;0	; --%	; --%	;0	; --%	;Disminuir por100.0%	;
1759	;08/13 06:00 - 07:00	;0	;Disminuir por100.0%	;Disminuir por100.0%	;0	; --%	;Disminuir por100.0%	;0	; --%	;Disminuir por100.0%	;0	; --%	;Disminuir por100.0%	;0	; --%	; --%	;0	;Disminuir por100.0%	; --%	;
1760	;08/13 07:00 - 08:00	;0	;Disminuir por100.0%	;Disminuir por100.0%	;0	;Disminuir por100.0%	;Disminuir por100.0%	;0	; --%	; --%	;0	;Disminuir por100.0%	;Disminuir por100.0%	;0	; --%	;Disminuir por100.0%	;0	;Disminuir por100.0%	; --%	;
1761	;08/13 08:00 - 09:00	;0	;Disminuir por100.0%	;Disminuir por100.0%	;0	;Disminuir por100.0%	;Disminuir por100.0%	;0	; --%	; --%	;0	;Disminuir por100.0%	;Disminuir por100.0%	;0	; --%	; --%	;0	; --%	; --%	;
1762	;08/13 09:00 - 10:00	;0	;Disminuir por100.0%	;Disminuir por100.0%	;0	;Disminuir por100.0%	;Disminuir por100.0%	;0	; --%	; --%	;0	;Disminuir por100.0%	;Disminuir por100.0%	;0	;Disminuir por100.0%	;Disminuir por100.0%	;0	;Disminuir por100.0%	;Disminuir por100.0%	;
1763	;08/13 10:00 - 11:00	;0	;Disminuir por100.0%	;Disminuir por100.0%	;0	;Disminuir por100.0%	;Disminuir por100.0%	;0	;Disminuir por100.0%	;Disminuir por100.0%	;0	;Disminuir por100.0%	;Disminuir por100.0%	;0	;Disminuir por100.0%	;Disminuir por100.0%	;0	;Disminuir por100.0%	;Disminuir por100.0%	;
1764	;08/13 11:00 - 12:00	;0	;Disminuir por100.0%	;Disminuir por100.0%	;0	;Disminuir por100.0%	;Disminuir por100.0%	;0	; --%	;Disminuir por100.0%	;0	;Disminuir por100.0%	;Disminuir por100.0%	;0	;Disminuir por100.0%	;Disminuir por100.0%	;0	;Disminuir por100.0%	;Disminuir por100.0%	;
1765	;08/13 12:00 - 13:00	;0	;Disminuir por100.0%	;Disminuir por100.0%	;0	;Disminuir por100.0%	;Disminuir por100.0%	;0	; --%	; --%	;0	;Disminuir por100.0%	;Disminuir por100.0%	;0	;Disminuir por100.0%	;Disminuir por100.0%	;0	;Disminuir por100.0%	;Disminuir por100.0%	;
1766	;08/13 13:00 - 14:00	;0	;Disminuir por100.0%	;Disminuir por100.0%	;0	;Disminuir por100.0%	;Disminuir por100.0%	;0	; --%	;Disminuir por100.0%	;0	;Disminuir por100.0%	;Disminuir por100.0%	;0	;Disminuir por100.0%	;Disminuir por100.0%	;0	;Disminuir por100.0%	;Disminuir por100.0%	;
1767	;08/13 14:00 - 15:00	;0	;Disminuir por100.0%	;Disminuir por100.0%	;0	;Disminuir por100.0%	;Disminuir por100.0%	;0	; --%	; --%	;0	;Disminuir por100.0%	;Disminuir por100.0%	;0	;Disminuir por100.0%	;Disminuir por100.0%	;0	;Disminuir por100.0%	;Disminuir por100.0%	;
1768	;08/13 15:00 - 16:00	;0	;Disminuir por100.0%	;Disminuir por100.0%	;0	;Disminuir por100.0%	;Disminuir por100.0%	;0	; --%	; --%	;0	;Disminuir por100.0%	;Disminuir por100.0%	;0	;Disminuir por100.0%	; --%	;0	;Disminuir por100.0%	;Disminuir por100.0%	;
1769	;08/13 16:00 - 17:00	;0	;Disminuir por100.0%	;Disminuir por100.0%	;0	;Disminuir por100.0%	;Disminuir por100.0%	;0	; --%	; --%	;0	;Disminuir por100.0%	;Disminuir por100.0%	;0	;Disminuir por100.0%	; --%	;0	;Disminuir por100.0%	;Disminuir por100.0%	;
1770	;08/13 17:00 - 18:00	;0	;Disminuir por100.0%	;Disminuir por100.0%	;0	;Disminuir por100.0%	;Disminuir por100.0%	;0	; --%	; --%	;0	;Disminuir por100.0%	;Disminuir por100.0%	;0	; --%	;Disminuir por100.0%	;0	;Disminuir por100.0%	;Disminuir por100.0%	;
1771	;08/13 18:00 - 19:00	;0	;Disminuir por100.0%	;Disminuir por100.0%	;0	;Disminuir por100.0%	;Disminuir por100.0%	;0	; --%	; --%	;0	; --%	; --%	;0	;Disminuir por100.0%	;Disminuir por100.0%	;0	; --%	;Disminuir por100.0%	;
1772	;08/13 19:00 - 20:00	;0	;Disminuir por100.0%	;Disminuir por100.0%	;0	;Disminuir por100.0%	;Disminuir por100.0%	;0	; --%	; --%	;0	;Disminuir por100.0%	; --%	;0	; --%	;Disminuir por100.0%	;0	;Disminuir por100.0%	;Disminuir por100.0%	;
1773	;08/13 20:00 - 21:00	;0	;Disminuir por100.0%	;Disminuir por100.0%	;0	;Disminuir por100.0%	;Disminuir por100.0%	;0	; --%	; --%	;0	;Disminuir por100.0%	; --%	;0	; --%	;Disminuir por100.0%	;0	;Disminuir por100.0%	;Disminuir por100.0%	;
1774	;08/13 21:00 - 22:00	;0	;Disminuir por100.0%	;Disminuir por100.0%	;0	;Disminuir por100.0%	;Disminuir por100.0%	;0	; --%	; --%	;0	; --%	; --%	;0	; --%	;Disminuir por100.0%	;0	; --%	;Disminuir por100.0%	;
1775	;08/13 22:00 - 23:00	;0	;Disminuir por100.0%	;Disminuir por100.0%	;0	;Disminuir por100.0%	;Disminuir por100.0%	;0	; --%	; --%	;0	; --%	; --%	;0	; --%	;Disminuir por100.0%	;0	;Disminuir por100.0%	;Disminuir por100.0%	;
1776	;08/13 23:00 - 24:00	;0	;Disminuir por100.0%	;Disminuir por100.0%	;0	;Disminuir por100.0%	;Disminuir por100.0%	;0	; --%	; --%	;0	; --%	; --%	;0	;Disminuir por100.0%	;Disminuir por100.0%	;0	; --%	;Disminuir por100.0%	;
1777	;08/14 00:00 - 01:00	;0	;Disminuir por100.0%	;Disminuir por100.0%	;0	;Disminuir por100.0%	;Disminuir por100.0%	;0	; --%	; --%	;0	; --%	; --%	;0	; --%	;Disminuir por100.0%	;0	;Disminuir por100.0%	;Disminuir por100.0%	;
1778	;08/14 01:00 - 02:00	;0	;Disminuir por100.0%	;Disminuir por100.0%	;0	;Disminuir por100.0%	;Disminuir por100.0%	;0	; --%	; --%	;0	; --%	;Disminuir por100.0%	;0	; --%	; --%	;0	; --%	;Disminuir por100.0%	;
1779	;08/14 02:00 - 03:00	;0	; --%	;Disminuir por100.0%	;0	; --%	;Disminuir por100.0%	;0	; --%	; --%	;0	; --%	; --%	;0	; --%	; --%	;0	; --%	;Disminuir por100.0%	;
1780	;08/14 03:00 - 04:00	;0	;Disminuir por100.0%	;Disminuir por100.0%	;0	;Disminuir por100.0%	;Disminuir por100.0%	;0	;Disminuir por100.0%	;Disminuir por100.0%	;0	;Disminuir por100.0%	;Disminuir por100.0%	;0	; --%	; --%	;0	; --%	; --%	;
1781	;08/14 04:00 - 05:00	;0	; --%	;Disminuir por100.0%	;0	; --%	;Disminuir por100.0%	;0	; --%	; --%	;0	; --%	; --%	;0	; --%	; --%	;0	; --%	; --%	;
1782	;08/14 05:00 - 06:00	;0	; --%	; --%	;0	; --%	; --%	;0	; --%	; --%	;0	; --%	;Disminuir por100.0%	;0	; --%	; --%	;0	; --%	;Disminuir por100.0%	;
1783	;08/14 06:00 - 07:00	;0	;Disminuir por100.0%	;Disminuir por100.0%	;0	; --%	; --%	;0	; --%	; --%	;0	; --%	;Disminuir por100.0%	;0	; --%	; --%	;0	;Disminuir por100.0%	; --%	;
1784	;08/14 07:00 - 08:00	;0	;Disminuir por100.0%	;Disminuir por100.0%	;0	;Disminuir por100.0%	;Disminuir por100.0%	;0	; --%	; --%	;0	;Disminuir por100.0%	;Disminuir por100.0%	;0	; --%	; --%	;0	; --%	; --%	;
1785	;08/14 08:00 - 09:00	;0	;Disminuir por100.0%	;Disminuir por100.0%	;0	;Disminuir por100.0%	;Disminuir por100.0%	;0	; --%	; --%	;0	;Disminuir por100.0%	;Disminuir por100.0%	;0	; --%	;Disminuir por100.0%	;0	;Disminuir por100.0%	;Disminuir por100.0%	;
1786	;08/14 09:00 - 10:00	;0	;Disminuir por100.0%	;Disminuir por100.0%	;0	;Disminuir por100.0%	;Disminuir por100.0%	;0	; --%	; --%	;0	;Disminuir por100.0%	;Disminuir por100.0%	;0	; --%	;Disminuir por100.0%	;0	;Disminuir por100.0%	;Disminuir por100.0%	;
1787	;08/14 10:00 - 11:00	;0	;Disminuir por100.0%	;Disminuir por100.0%	;0	;Disminuir por100.0%	;Disminuir por100.0%	;0	; --%	; --%	;0	;Disminuir por100.0%	;Disminuir por100.0%	;0	; --%	;Disminuir por100.0%	;0	;Disminuir por100.0%	;Disminuir por100.0%	;
1788	;08/14 11:00 - 12:00	;0	;Disminuir por100.0%	;Disminuir por100.0%	;0	;Disminuir por100.0%	;Disminuir por100.0%	;0	; --%	;Disminuir por100.0%	;0	;Disminuir por100.0%	;Disminuir por100.0%	;0	; --%	;Disminuir por100.0%	;0	;Disminuir por100.0%	;Disminuir por100.0%	;
1789	;08/14 12:00 - 13:00	;0	;Disminuir por100.0%	;Disminuir por100.0%	;0	;Disminuir por100.0%	;Disminuir por100.0%	;0	; --%	; --%	;0	;Disminuir por100.0%	;Disminuir por100.0%	;0	; --%	;Disminuir por100.0%	;0	;Disminuir por100.0%	;Disminuir por100.0%	;
1790	;08/14 13:00 - 14:00	;0	;Disminuir por100.0%	;Disminuir por100.0%	;0	;Disminuir por100.0%	;Disminuir por100.0%	;0	; --%	;Disminuir por100.0%	;0	;Disminuir por100.0%	;Disminuir por100.0%	;0	; --%	; --%	;0	;Disminuir por100.0%	;Disminuir por100.0%	;
1791	;08/14 14:00 - 15:00	;0	;Disminuir por100.0%	;Disminuir por100.0%	;0	;Disminuir por100.0%	;Disminuir por100.0%	;0	; --%	; --%	;0	;Disminuir por100.0%	;Disminuir por100.0%	;0	;Disminuir por100.0%	; --%	;0	;Disminuir por100.0%	;Disminuir por100.0%	;
1792	;08/14 15:00 - 16:00	;0	;Disminuir por100.0%	;Disminuir por100.0%	;0	;Disminuir por100.0%	;Disminuir por100.0%	;0	; --%	; --%	;0	; --%	;Disminuir por100.0%	;0	; --%	;Disminuir por100.0%	;0	;Disminuir por100.0%	;Disminuir por100.0%	;
1793	;08/14 16:00 - 17:00	;0	;Disminuir por100.0%	;Disminuir por100.0%	;0	;Disminuir por100.0%	;Disminuir por100.0%	;0	; --%	; --%	;0	;Disminuir por100.0%	;Disminuir por100.0%	;0	;Disminuir por100.0%	;Disminuir por100.0%	;0	;Disminuir por100.0%	;Disminuir por100.0%	;
1794	;08/14 17:00 - 18:00	;0	;Disminuir por100.0%	;Disminuir por100.0%	;0	;Disminuir por100.0%	;Disminuir por100.0%	;0	; --%	; --%	;0	;Disminuir por100.0%	;Disminuir por100.0%	;0	; --%	;Disminuir por100.0%	;0	;Disminuir por100.0%	;Disminuir por100.0%	;
1795	;08/14 18:00 - 19:00	;0	;Disminuir por100.0%	;Disminuir por100.0%	;0	;Disminuir por100.0%	;Disminuir por100.0%	;0	; --%	; --%	;0	;Disminuir por100.0%	; --%	;0	;Disminuir por100.0%	;Disminuir por100.0%	;0	;Disminuir por100.0%	;Disminuir por100.0%	;
1796	;08/14 19:00 - 20:00	;0	;Disminuir por100.0%	;Disminuir por100.0%	;0	;Disminuir por100.0%	;Disminuir por100.0%	;0	; --%	; --%	;0	;Disminuir por100.0%	; --%	;0	;Disminuir por100.0%	; --%	;0	;Disminuir por100.0%	;Disminuir por100.0%	;
1797	;08/14 20:00 - 21:00	;0	;Disminuir por100.0%	;Disminuir por100.0%	;0	;Disminuir por100.0%	;Disminuir por100.0%	;0	; --%	; --%	;0	;Disminuir por100.0%	; --%	;0	; --%	;Disminuir por100.0%	;0	;Disminuir por100.0%	;Disminuir por100.0%	;
1798	;08/14 21:00 - 22:00	;0	;Disminuir por100.0%	;Disminuir por100.0%	;0	;Disminuir por100.0%	;Disminuir por100.0%	;0	; --%	; --%	;0	;Disminuir por100.0%	; --%	;0	; --%	;Disminuir por100.0%	;0	; --%	;Disminuir por100.0%	;
1799	;08/14 22:00 - 23:00	;0	;Disminuir por100.0%	;Disminuir por100.0%	;0	;Disminuir por100.0%	;Disminuir por100.0%	;0	; --%	; --%	;0	; --%	; --%	;0	; --%	;Disminuir por100.0%	;0	; --%	;Disminuir por100.0%	;
1800	;08/14 23:00 - 24:00	;0	;Disminuir por100.0%	;Disminuir por100.0%	;0	;Disminuir por100.0%	;Disminuir por100.0%	;0	; --%	; --%	;0	; --%	; --%	;0	; --%	;Disminuir por100.0%	;0	; --%	;Disminuir por100.0%	;
1801	;08/15 00:00 - 01:00	;0	;Disminuir por100.0%	;Disminuir por100.0%	;0	;Disminuir por100.0%	;Disminuir por100.0%	;0	; --%	; --%	;0	; --%	; --%	;0	; --%	;Disminuir por100.0%	;0	; --%	;Disminuir por100.0%	;
1802	;08/15 01:00 - 02:00	;0	;Disminuir por100.0%	;Disminuir por100.0%	;0	; --%	;Disminuir por100.0%	;0	; --%	; --%	;0	;Disminuir por100.0%	; --%	;0	; --%	; --%	;0	; --%	;Disminuir por100.0%	;
1803	;08/15 02:00 - 03:00	;0	;Disminuir por100.0%	;Disminuir por100.0%	;0	;Disminuir por100.0%	;Disminuir por100.0%	;0	; --%	; --%	;0	;Disminuir por100.0%	; --%	;0	; --%	; --%	;0	; --%	; --%	;
1804	;08/15 03:00 - 04:00	;0	;Disminuir por100.0%	;Disminuir por100.0%	;0	;Disminuir por100.0%	;Disminuir por100.0%	;0	; --%	; --%	;0	; --%	; --%	;0	; --%	; --%	;0	; --%	;Disminuir por100.0%	;
1805	;08/15 04:00 - 05:00	;0	; --%	;Disminuir por100.0%	;0	; --%	;Disminuir por100.0%	;0	; --%	;Disminuir por100.0%	;0	;Disminuir por100.0%	;Disminuir por100.0%	;0	; --%	; --%	;0	;Disminuir por100.0%	; --%	;
1806	;08/15 05:00 - 06:00	;0	; --%	;Disminuir por100.0%	;0	; --%	; --%	;0	; --%	; --%	;0	; --%	; --%	;0	; --%	; --%	;0	; --%	;Disminuir por100.0%	;
1807	;08/15 06:00 - 07:00	;0	;Disminuir por100.0%	;Disminuir por100.0%	;0	; --%	;Disminuir por100.0%	;0	; --%	; --%	;0	; --%	;Disminuir por100.0%	;0	;Disminuir por100.0%	; --%	;0	;Disminuir por100.0%	;Disminuir por100.0%	;
1808	;08/15 07:00 - 08:00	;0	;Disminuir por100.0%	;Disminuir por100.0%	;0	;Disminuir por100.0%	;Disminuir por100.0%	;0	;Disminuir por100.0%	; --%	;0	;Disminuir por100.0%	;Disminuir por100.0%	;0	; --%	; --%	;0	; --%	; --%	;
1809	;08/15 08:00 - 09:00	;0	;Disminuir por100.0%	;Disminuir por100.0%	;0	;Disminuir por100.0%	;Disminuir por100.0%	;0	;Disminuir por100.0%	; --%	;0	;Disminuir por100.0%	;Disminuir por100.0%	;0	; --%	;Disminuir por100.0%	;0	;Disminuir por100.0%	;Disminuir por100.0%	;
1810	;08/15 09:00 - 10:00	;0	;Disminuir por100.0%	;Disminuir por100.0%	;0	;Disminuir por100.0%	;Disminuir por100.0%	;0	; --%	; --%	;0	;Disminuir por100.0%	;Disminuir por100.0%	;0	;Disminuir por100.0%	;Disminuir por100.0%	;0	;Disminuir por100.0%	;Disminuir por100.0%	;
1811	;08/15 10:00 - 11:00	;0	;Disminuir por100.0%	;Disminuir por100.0%	;0	;Disminuir por100.0%	;Disminuir por100.0%	;0	; --%	; --%	;0	;Disminuir por100.0%	;Disminuir por100.0%	;0	; --%	; --%	;0	;Disminuir por100.0%	;Disminuir por100.0%	;
1812	;08/15 11:00 - 12:00	;0	;Disminuir por100.0%	;Disminuir por100.0%	;0	;Disminuir por100.0%	;Disminuir por100.0%	;0	;Disminuir por100.0%	; --%	;0	;Disminuir por100.0%	;Disminuir por100.0%	;0	;Disminuir por100.0%	; --%	;0	;Disminuir por100.0%	;Disminuir por100.0%	;
1813	;08/15 12:00 - 13:00	;0	;Disminuir por100.0%	;Disminuir por100.0%	;0	;Disminuir por100.0%	;Disminuir por100.0%	;0	;Disminuir por100.0%	; --%	;0	;Disminuir por100.0%	;Disminuir por100.0%	;0	; --%	;Disminuir por100.0%	;0	;Disminuir por100.0%	;Disminuir por100.0%	;
1814	;08/15 13:00 - 14:00	;0	;Disminuir por100.0%	;Disminuir por100.0%	;0	;Disminuir por100.0%	;Disminuir por100.0%	;0	; --%	; --%	;0	;Disminuir por100.0%	;Disminuir por100.0%	;0	; --%	;Disminuir por100.0%	;0	;Disminuir por100.0%	;Disminuir por100.0%	;
1815	;08/15 14:00 - 15:00	;0	;Disminuir por100.0%	;Disminuir por100.0%	;0	;Disminuir por100.0%	;Disminuir por100.0%	;0	; --%	; --%	;0	;Disminuir por100.0%	;Disminuir por100.0%	;0	; --%	;Disminuir por100.0%	;0	;Disminuir por100.0%	;Disminuir por100.0%	;
1816	;08/15 15:00 - 16:00	;0	;Disminuir por100.0%	;Disminuir por100.0%	;0	;Disminuir por100.0%	;Disminuir por100.0%	;0	; --%	; --%	;0	;Disminuir por100.0%	;Disminuir por100.0%	;0	;Disminuir por100.0%	;Disminuir por100.0%	;0	;Disminuir por100.0%	;Disminuir por100.0%	;
1817	;08/15 16:00 - 17:00	;0	;Disminuir por100.0%	;Disminuir por100.0%	;0	;Disminuir por100.0%	;Disminuir por100.0%	;0	; --%	; --%	;0	;Disminuir por100.0%	;Disminuir por100.0%	;0	;Disminuir por100.0%	; --%	;0	;Disminuir por100.0%	;Disminuir por100.0%	;
1818	;08/15 17:00 - 18:00	;0	;Disminuir por100.0%	;Disminuir por100.0%	;0	;Disminuir por100.0%	;Disminuir por100.0%	;0	;Disminuir por100.0%	; --%	;0	;Disminuir por100.0%	;Disminuir por100.0%	;0	;Disminuir por100.0%	; --%	;0	;Disminuir por100.0%	;Disminuir por100.0%	;
1819	;08/15 18:00 - 19:00	;0	;Disminuir por100.0%	;Disminuir por100.0%	;0	;Disminuir por100.0%	;Disminuir por100.0%	;0	; --%	; --%	;0	;Disminuir por100.0%	; --%	;0	;Disminuir por100.0%	;Disminuir por100.0%	;0	;Disminuir por100.0%	;Disminuir por100.0%	;
1820	;08/15 19:00 - 20:00	;0	;Disminuir por100.0%	;Disminuir por100.0%	;0	;Disminuir por100.0%	;Disminuir por100.0%	;0	; --%	; --%	;0	; --%	; --%	;0	;Disminuir por100.0%	;Disminuir por100.0%	;0	;Disminuir por100.0%	;Disminuir por100.0%	;
1821	;08/15 20:00 - 21:00	;0	;Disminuir por100.0%	;Disminuir por100.0%	;0	;Disminuir por100.0%	;Disminuir por100.0%	;0	; --%	; --%	;0	; --%	; --%	;0	;Disminuir por100.0%	;Disminuir por100.0%	;0	;Disminuir por100.0%	;Disminuir por100.0%	;
1822	;08/15 21:00 - 22:00	;0	;Disminuir por100.0%	;Disminuir por100.0%	;0	;Disminuir por100.0%	;Disminuir por100.0%	;0	; --%	; --%	;0	; --%	; --%	;0	; --%	;Disminuir por100.0%	;0	;Disminuir por100.0%	;Disminuir por100.0%	;
1823	;08/15 22:00 - 23:00	;0	;Disminuir por100.0%	;Disminuir por100.0%	;0	;Disminuir por100.0%	;Disminuir por100.0%	;0	; --%	; --%	;0	; --%	; --%	;0	;Disminuir por100.0%	;Disminuir por100.0%	;0	;Disminuir por100.0%	;Disminuir por100.0%	;
1824	;08/15 23:00 - 24:00	;0	;Disminuir por100.0%	;Disminuir por100.0%	;0	;Disminuir por100.0%	;Disminuir por100.0%	;0	; --%	; --%	;0	; --%	; --%	;0	; --%	;Disminuir por100.0%	;0	;Disminuir por100.0%	;Disminuir por100.0%	;
1825	;08/16 00:00 - 01:00	;0	;Disminuir por100.0%	;Disminuir por100.0%	;0	;Disminuir por100.0%	;Disminuir por100.0%	;0	; --%	; --%	;0	;Disminuir por100.0%	; --%	;0	; --%	;Disminuir por100.0%	;0	;Disminuir por100.0%	;Disminuir por100.0%	;
1826	;08/16 01:00 - 02:00	;0	;Disminuir por100.0%	;Disminuir por100.0%	;0	;Disminuir por100.0%	;Disminuir por100.0%	;0	; --%	; --%	;0	; --%	; --%	;0	;Disminuir por100.0%	; --%	;0	; --%	;Disminuir por100.0%	;
1827	;08/16 02:00 - 03:00	;0	;Disminuir por100.0%	;Disminuir por100.0%	;0	;Disminuir por100.0%	;Disminuir por100.0%	;0	; --%	; --%	;0	;Disminuir por100.0%	; --%	;0	; --%	;Disminuir por100.0%	;0	; --%	;Disminuir por100.0%	;
1828	;08/16 03:00 - 04:00	;0	;Disminuir por100.0%	;Disminuir por100.0%	;0	; --%	;Disminuir por100.0%	;0	; --%	; --%	;0	; --%	;Disminuir por100.0%	;0	; --%	; --%	;0	; --%	;Disminuir por100.0%	;
1829	;08/16 04:00 - 05:00	;0	;Disminuir por100.0%	;Disminuir por100.0%	;0	;Disminuir por100.0%	;Disminuir por100.0%	;0	; --%	;Disminuir por100.0%	;0	;Disminuir por100.0%	;Disminuir por100.0%	;0	; --%	; --%	;0	; --%	; --%	;
1830	;08/16 05:00 - 06:00	;0	;Disminuir por100.0%	;Disminuir por100.0%	;0	; --%	;Disminuir por100.0%	;0	; --%	; --%	;0	;Disminuir por100.0%	;Disminuir por100.0%	;0	; --%	;Disminuir por100.0%	;0	; --%	; --%	;
1831	;08/16 06:00 - 07:00	;0	; --%	;Disminuir por100.0%	;0	; --%	; --%	;0	; --%	; --%	;0	; --%	;Disminuir por100.0%	;0	; --%	; --%	;0	;Disminuir por100.0%	; --%	;
1832	;08/16 07:00 - 08:00	;0	;Disminuir por100.0%	;Disminuir por100.0%	;0	;Disminuir por100.0%	;Disminuir por100.0%	;0	; --%	; --%	;0	; --%	; --%	;0	; --%	; --%	;0	;Disminuir por100.0%	; --%	;
1833	;08/16 08:00 - 09:00	;0	;Disminuir por100.0%	;Disminuir por100.0%	;0	; --%	;Disminuir por100.0%	;0	; --%	; --%	;0	;Disminuir por100.0%	;Disminuir por100.0%	;0	;Disminuir por100.0%	;Disminuir por100.0%	;0	;Disminuir por100.0%	;Disminuir por100.0%	;
1834	;08/16 09:00 - 10:00	;0	;Disminuir por100.0%	;Disminuir por100.0%	;0	;Disminuir por100.0%	;Disminuir por100.0%	;0	; --%	; --%	;0	;Disminuir por100.0%	;Disminuir por100.0%	;0	; --%	;Disminuir por100.0%	;0	;Disminuir por100.0%	;Disminuir por100.0%	;
1835	;08/16 10:00 - 11:00	;0	;Disminuir por100.0%	;Disminuir por100.0%	;0	;Disminuir por100.0%	;Disminuir por100.0%	;0	; --%	; --%	;0	;Disminuir por100.0%	;Disminuir por100.0%	;0	; --%	;Disminuir por100.0%	;0	;Disminuir por100.0%	;Disminuir por100.0%	;
1836	;08/16 11:00 - 12:00	;0	;Disminuir por100.0%	;Disminuir por100.0%	;0	;Disminuir por100.0%	;Disminuir por100.0%	;0	; --%	; --%	;0	;Disminuir por100.0%	;Disminuir por100.0%	;0	; --%	;Disminuir por100.0%	;0	;Disminuir por100.0%	;Disminuir por100.0%	;
1837	;08/16 12:00 - 13:00	;0	;Disminuir por100.0%	;Disminuir por100.0%	;0	;Disminuir por100.0%	;Disminuir por100.0%	;0	; --%	; --%	;0	;Disminuir por100.0%	;Disminuir por100.0%	;0	;Disminuir por100.0%	; --%	;0	;Disminuir por100.0%	;Disminuir por100.0%	;
1838	;08/16 13:00 - 14:00	;0	;Disminuir por100.0%	;Disminuir por100.0%	;0	;Disminuir por100.0%	;Disminuir por100.0%	;0	; --%	; --%	;0	;Disminuir por100.0%	;Disminuir por100.0%	;0	;Disminuir por100.0%	; --%	;0	;Disminuir por100.0%	;Disminuir por100.0%	;
1839	;08/16 14:00 - 15:00	;0	;Disminuir por100.0%	;Disminuir por100.0%	;0	;Disminuir por100.0%	;Disminuir por100.0%	;0	; --%	; --%	;0	;Disminuir por100.0%	;Disminuir por100.0%	;0	;Disminuir por100.0%	;Disminuir por100.0%	;0	;Disminuir por100.0%	;Disminuir por100.0%	;
1840	;08/16 15:00 - 16:00	;0	;Disminuir por100.0%	;Disminuir por100.0%	;0	;Disminuir por100.0%	;Disminuir por100.0%	;0	; --%	; --%	;0	; --%	;Disminuir por100.0%	;0	;Disminuir por100.0%	;Disminuir por100.0%	;0	;Disminuir por100.0%	;Disminuir por100.0%	;
1841	;08/16 16:00 - 17:00	;0	;Disminuir por100.0%	;Disminuir por100.0%	;0	;Disminuir por100.0%	;Disminuir por100.0%	;0	; --%	; --%	;0	;Disminuir por100.0%	;Disminuir por100.0%	;0	;Disminuir por100.0%	;Disminuir por100.0%	;0	;Disminuir por100.0%	;Disminuir por100.0%	;
1842	;08/16 17:00 - 18:00	;0	;Disminuir por100.0%	;Disminuir por100.0%	;0	;Disminuir por100.0%	;Disminuir por100.0%	;0	; --%	; --%	;0	;Disminuir por100.0%	;Disminuir por100.0%	;0	;Disminuir por100.0%	; --%	;0	;Disminuir por100.0%	;Disminuir por100.0%	;
1843	;08/16 18:00 - 19:00	;0	;Disminuir por100.0%	;Disminuir por100.0%	;0	;Disminuir por100.0%	;Disminuir por100.0%	;0	; --%	; --%	;0	; --%	;Disminuir por100.0%	;0	; --%	;Disminuir por100.0%	;0	;Disminuir por100.0%	;Disminuir por100.0%	;
1844	;08/16 19:00 - 20:00	;0	;Disminuir por100.0%	;Disminuir por100.0%	;0	;Disminuir por100.0%	;Disminuir por100.0%	;0	; --%	; --%	;0	; --%	; --%	;0	;Disminuir por100.0%	;Disminuir por100.0%	;0	;Disminuir por100.0%	;Disminuir por100.0%	;
1845	;08/16 20:00 - 21:00	;0	;Disminuir por100.0%	;Disminuir por100.0%	;0	;Disminuir por100.0%	;Disminuir por100.0%	;0	; --%	; --%	;0	; --%	; --%	;0	; --%	;Disminuir por100.0%	;0	;Disminuir por100.0%	;Disminuir por100.0%	;
1846	;08/16 21:00 - 22:00	;0	;Disminuir por100.0%	;Disminuir por100.0%	;0	;Disminuir por100.0%	;Disminuir por100.0%	;0	; --%	; --%	;0	; --%	; --%	;0	;Disminuir por100.0%	;Disminuir por100.0%	;0	;Disminuir por100.0%	;Disminuir por100.0%	;
1847	;08/16 22:00 - 23:00	;0	;Disminuir por100.0%	;Disminuir por100.0%	;0	;Disminuir por100.0%	;Disminuir por100.0%	;0	; --%	; --%	;0	; --%	; --%	;0	;Disminuir por100.0%	;Disminuir por100.0%	;0	;Disminuir por100.0%	;Disminuir por100.0%	;
1848	;08/16 23:00 - 24:00	;0	;Disminuir por100.0%	;Disminuir por100.0%	;0	;Disminuir por100.0%	;Disminuir por100.0%	;0	; --%	; --%	;0	; --%	; --%	;0	; --%	;Disminuir por100.0%	;0	; --%	;Disminuir por100.0%	;
1849	;08/17 00:00 - 01:00	;0	;Disminuir por100.0%	;Disminuir por100.0%	;0	;Disminuir por100.0%	;Disminuir por100.0%	;0	; --%	; --%	;0	; --%	; --%	;0	; --%	;Disminuir por100.0%	;0	;Disminuir por100.0%	;Disminuir por100.0%	;
1850	;08/17 01:00 - 02:00	;0	;Disminuir por100.0%	;Disminuir por100.0%	;0	;Disminuir por100.0%	;Disminuir por100.0%	;0	; --%	; --%	;0	; --%	;Disminuir por100.0%	;0	; --%	; --%	;0	; --%	; --%	;
1851	;08/17 02:00 - 03:00	;0	;Disminuir por100.0%	;Disminuir por100.0%	;0	;Disminuir por100.0%	;Disminuir por100.0%	;0	; --%	; --%	;0	; --%	; --%	;0	; --%	; --%	;0	; --%	; --%	;
1852	;08/17 03:00 - 04:00	;0	;Disminuir por100.0%	;Disminuir por100.0%	;0	;Disminuir por100.0%	;Disminuir por100.0%	;0	; --%	; --%	;0	;Disminuir por100.0%	; --%	;0	; --%	; --%	;0	; --%	; --%	;
1853	;08/17 04:00 - 05:00	;0	;Disminuir por100.0%	;Disminuir por100.0%	;0	;Disminuir por100.0%	;Disminuir por100.0%	;0	; --%	;Disminuir por100.0%	;0	;Disminuir por100.0%	;Disminuir por100.0%	;0	; --%	; --%	;0	; --%	; --%	;
1854	;08/17 05:00 - 06:00	;0	; --%	;Disminuir por100.0%	;0	; --%	;Disminuir por100.0%	;0	; --%	; --%	;0	;Disminuir por100.0%	; --%	;0	; --%	;Disminuir por100.0%	;0	; --%	;Disminuir por100.0%	;
1855	;08/17 06:00 - 07:00	;0	;Disminuir por100.0%	;Disminuir por100.0%	;0	; --%	;Disminuir por100.0%	;0	; --%	; --%	;0	; --%	;Disminuir por100.0%	;0	; --%	; --%	;0	; --%	; --%	;
1856	;08/17 07:00 - 08:00	;0	;Disminuir por100.0%	;Disminuir por100.0%	;0	; --%	;Disminuir por100.0%	;0	; --%	;Disminuir por100.0%	;0	; --%	;Disminuir por100.0%	;0	; --%	; --%	;0	;Disminuir por100.0%	;Disminuir por100.0%	;
1857	;08/17 08:00 - 09:00	;0	;Disminuir por100.0%	;Disminuir por100.0%	;0	;Disminuir por100.0%	;Disminuir por100.0%	;0	; --%	; --%	;0	;Disminuir por100.0%	;Disminuir por100.0%	;0	; --%	;Disminuir por100.0%	;0	; --%	;Disminuir por100.0%	;
1858	;08/17 09:00 - 10:00	;0	;Disminuir por100.0%	;Disminuir por100.0%	;0	;Disminuir por100.0%	;Disminuir por100.0%	;0	; --%	; --%	;0	;Disminuir por100.0%	;Disminuir por100.0%	;0	; --%	;Disminuir por100.0%	;0	;Disminuir por100.0%	;Disminuir por100.0%	;
1859	;08/17 10:00 - 11:00	;0	;Disminuir por100.0%	;Disminuir por100.0%	;0	;Disminuir por100.0%	;Disminuir por100.0%	;0	; --%	; --%	;0	;Disminuir por100.0%	;Disminuir por100.0%	;0	;Disminuir por100.0%	;Disminuir por100.0%	;0	;Disminuir por100.0%	;Disminuir por100.0%	;
1860	;08/17 11:00 - 12:00	;0	;Disminuir por100.0%	;Disminuir por100.0%	;0	;Disminuir por100.0%	;Disminuir por100.0%	;0	; --%	; --%	;0	;Disminuir por100.0%	;Disminuir por100.0%	;0	;Disminuir por100.0%	;Disminuir por100.0%	;0	;Disminuir por100.0%	;Disminuir por100.0%	;
1861	;08/17 12:00 - 13:00	;0	;Disminuir por100.0%	;Disminuir por100.0%	;0	;Disminuir por100.0%	;Disminuir por100.0%	;0	; --%	; --%	;0	; --%	;Disminuir por100.0%	;0	;Disminuir por100.0%	;Disminuir por100.0%	;0	;Disminuir por100.0%	;Disminuir por100.0%	;
1862	;08/17 13:00 - 14:00	;0	;Disminuir por100.0%	;Disminuir por100.0%	;0	;Disminuir por100.0%	;Disminuir por100.0%	;0	; --%	; --%	;0	;Disminuir por100.0%	;Disminuir por100.0%	;0	;Disminuir por100.0%	;Disminuir por100.0%	;0	;Disminuir por100.0%	;Disminuir por100.0%	;
1863	;08/17 14:00 - 15:00	;0	;Disminuir por100.0%	;Disminuir por100.0%	;0	;Disminuir por100.0%	;Disminuir por100.0%	;0	; --%	; --%	;0	;Disminuir por100.0%	;Disminuir por100.0%	;0	;Disminuir por100.0%	;Disminuir por100.0%	;0	;Disminuir por100.0%	;Disminuir por100.0%	;
1864	;08/17 15:00 - 16:00	;0	;Disminuir por100.0%	;Disminuir por100.0%	;0	;Disminuir por100.0%	;Disminuir por100.0%	;0	; --%	; --%	;0	;Disminuir por100.0%	;Disminuir por100.0%	;0	;Disminuir por100.0%	;Disminuir por100.0%	;0	;Disminuir por100.0%	; --%	;
1865	;08/17 16:00 - 17:00	;0	;Disminuir por100.0%	;Disminuir por100.0%	;0	;Disminuir por100.0%	;Disminuir por100.0%	;0	; --%	; --%	;0	;Disminuir por100.0%	; --%	;0	;Disminuir por100.0%	;Disminuir por100.0%	;0	;Disminuir por100.0%	;Disminuir por100.0%	;
1866	;08/17 17:00 - 18:00	;0	;Disminuir por100.0%	;Disminuir por100.0%	;0	;Disminuir por100.0%	;Disminuir por100.0%	;0	; --%	; --%	;0	;Disminuir por100.0%	;Disminuir por100.0%	;0	;Disminuir por100.0%	;Disminuir por100.0%	;0	;Disminuir por100.0%	;Disminuir por100.0%	;
1867	;08/17 18:00 - 19:00	;0	;Disminuir por100.0%	;Disminuir por100.0%	;0	;Disminuir por100.0%	;Disminuir por100.0%	;0	; --%	; --%	;0	;Disminuir por100.0%	; --%	;0	; --%	; --%	;0	;Disminuir por100.0%	;Disminuir por100.0%	;
1868	;08/17 19:00 - 20:00	;0	;Disminuir por100.0%	;Disminuir por100.0%	;0	;Disminuir por100.0%	;Disminuir por100.0%	;0	; --%	; --%	;0	;Disminuir por100.0%	; --%	;0	;Disminuir por100.0%	;Disminuir por100.0%	;0	;Disminuir por100.0%	;Disminuir por100.0%	;
1869	;08/17 20:00 - 21:00	;0	;Disminuir por100.0%	;Disminuir por100.0%	;0	;Disminuir por100.0%	;Disminuir por100.0%	;0	; --%	; --%	;0	;Disminuir por100.0%	; --%	;0	; --%	;Disminuir por100.0%	;0	;Disminuir por100.0%	;Disminuir por100.0%	;
1870	;08/17 21:00 - 22:00	;0	;Disminuir por100.0%	;Disminuir por100.0%	;0	;Disminuir por100.0%	;Disminuir por100.0%	;0	; --%	; --%	;0	; --%	; --%	;0	;Disminuir por100.0%	;Disminuir por100.0%	;0	;Disminuir por100.0%	;Disminuir por100.0%	;
1871	;08/17 22:00 - 23:00	;0	;Disminuir por100.0%	;Disminuir por100.0%	;0	;Disminuir por100.0%	;Disminuir por100.0%	;0	; --%	; --%	;0	; --%	; --%	;0	;Disminuir por100.0%	;Disminuir por100.0%	;0	; --%	;Disminuir por100.0%	;
1872	;08/17 23:00 - 24:00	;0	;Disminuir por100.0%	;Disminuir por100.0%	;0	;Disminuir por100.0%	;Disminuir por100.0%	;0	; --%	; --%	;0	; --%	; --%	;0	; --%	;Disminuir por100.0%	;0	;Disminuir por100.0%	;Disminuir por100.0%	;
1873	;08/18 00:00 - 01:00	;0	;Disminuir por100.0%	;Disminuir por100.0%	;0	;Disminuir por100.0%	;Disminuir por100.0%	;0	; --%	; --%	;0	; --%	; --%	;0	; --%	;Disminuir por100.0%	;0	;Disminuir por100.0%	;Disminuir por100.0%	;
1874	;08/18 01:00 - 02:00	;0	;Disminuir por100.0%	;Disminuir por100.0%	;0	;Disminuir por100.0%	;Disminuir por100.0%	;0	; --%	; --%	;0	;Disminuir por100.0%	;Disminuir por100.0%	;0	; --%	;Disminuir por100.0%	;0	; --%	; --%	;
1875	;08/18 02:00 - 03:00	;0	; --%	;Disminuir por100.0%	;0	; --%	;Disminuir por100.0%	;0	; --%	; --%	;0	;Disminuir por100.0%	; --%	;0	; --%	;Disminuir por100.0%	;0	; --%	;Disminuir por100.0%	;
1876	;08/18 03:00 - 04:00	;0	;Disminuir por100.0%	;Disminuir por100.0%	;0	;Disminuir por100.0%	;Disminuir por100.0%	;0	; --%	; --%	;0	;Disminuir por100.0%	;Disminuir por100.0%	;0	; --%	; --%	;0	; --%	; --%	;
1877	;08/18 04:00 - 05:00	;0	; --%	; --%	;0	; --%	;Disminuir por100.0%	;0	; --%	; --%	;0	; --%	;Disminuir por100.0%	;0	; --%	; --%	;0	; --%	; --%	;
1878	;08/18 05:00 - 06:00	;0	; --%	;Disminuir por100.0%	;0	; --%	;Disminuir por100.0%	;0	; --%	; --%	;0	; --%	;Disminuir por100.0%	;0	; --%	; --%	;0	; --%	;Disminuir por100.0%	;
1879	;08/18 06:00 - 07:00	;0	; --%	;Disminuir por100.0%	;0	; --%	;Disminuir por100.0%	;0	; --%	; --%	;0	; --%	;Disminuir por100.0%	;0	; --%	; --%	;0	;Disminuir por100.0%	; --%	;
1880	;08/18 07:00 - 08:00	;0	;Disminuir por100.0%	;Disminuir por100.0%	;0	;Disminuir por100.0%	;Disminuir por100.0%	;0	; --%	;Disminuir por100.0%	;0	;Disminuir por100.0%	;Disminuir por100.0%	;0	; --%	;Disminuir por100.0%	;0	;Disminuir por100.0%	;Disminuir por100.0%	;
1881	;08/18 08:00 - 09:00	;0	;Disminuir por100.0%	;Disminuir por100.0%	;0	;Disminuir por100.0%	;Disminuir por100.0%	;0	; --%	; --%	;0	;Disminuir por100.0%	;Disminuir por100.0%	;0	; --%	;Disminuir por100.0%	;0	;Disminuir por100.0%	; --%	;
1882	;08/18 09:00 - 10:00	;0	;Disminuir por100.0%	;Disminuir por100.0%	;0	;Disminuir por100.0%	;Disminuir por100.0%	;0	; --%	; --%	;0	;Disminuir por100.0%	;Disminuir por100.0%	;0	; --%	;Disminuir por100.0%	;0	;Disminuir por100.0%	;Disminuir por100.0%	;
1883	;08/18 10:00 - 11:00	;0	;Disminuir por100.0%	;Disminuir por100.0%	;0	;Disminuir por100.0%	;Disminuir por100.0%	;0	; --%	; --%	;0	;Disminuir por100.0%	;Disminuir por100.0%	;0	; --%	;Disminuir por100.0%	;0	;Disminuir por100.0%	;Disminuir por100.0%	;
1884	;08/18 11:00 - 12:00	;0	;Disminuir por100.0%	;Disminuir por100.0%	;0	;Disminuir por100.0%	;Disminuir por100.0%	;0	; --%	; --%	;0	;Disminuir por100.0%	; --%	;0	;Disminuir por100.0%	;Disminuir por100.0%	;0	;Disminuir por100.0%	;Disminuir por100.0%	;
1885	;08/18 12:00 - 13:00	;0	;Disminuir por100.0%	;Disminuir por100.0%	;0	;Disminuir por100.0%	;Disminuir por100.0%	;0	;Disminuir por100.0%	; --%	;0	;Disminuir por100.0%	;Disminuir por100.0%	;0	;Disminuir por100.0%	;Disminuir por100.0%	;0	;Disminuir por100.0%	;Disminuir por100.0%	;
1886	;08/18 13:00 - 14:00	;0	;Disminuir por100.0%	;Disminuir por100.0%	;0	;Disminuir por100.0%	;Disminuir por100.0%	;0	; --%	; --%	;0	;Disminuir por100.0%	;Disminuir por100.0%	;0	; --%	; --%	;0	;Disminuir por100.0%	;Disminuir por100.0%	;
1887	;08/18 14:00 - 15:00	;0	;Disminuir por100.0%	;Disminuir por100.0%	;0	;Disminuir por100.0%	;Disminuir por100.0%	;0	; --%	; --%	;0	;Disminuir por100.0%	;Disminuir por100.0%	;0	;Disminuir por100.0%	; --%	;0	;Disminuir por100.0%	;Disminuir por100.0%	;
1888	;08/18 15:00 - 16:00	;0	;Disminuir por100.0%	;Disminuir por100.0%	;0	;Disminuir por100.0%	;Disminuir por100.0%	;0	; --%	; --%	;0	;Disminuir por100.0%	;Disminuir por100.0%	;0	; --%	;Disminuir por100.0%	;0	; --%	;Disminuir por100.0%	;
1889	;08/18 16:00 - 17:00	;0	;Disminuir por100.0%	;Disminuir por100.0%	;0	;Disminuir por100.0%	;Disminuir por100.0%	;0	; --%	; --%	;0	;Disminuir por100.0%	;Disminuir por100.0%	;0	; --%	;Disminuir por100.0%	;0	;Disminuir por100.0%	;Disminuir por100.0%	;
1890	;08/18 17:00 - 18:00	;0	;Disminuir por100.0%	;Disminuir por100.0%	;0	;Disminuir por100.0%	;Disminuir por100.0%	;0	; --%	; --%	;0	;Disminuir por100.0%	;Disminuir por100.0%	;0	;Disminuir por100.0%	;Disminuir por100.0%	;0	;Disminuir por100.0%	;Disminuir por100.0%	;
1891	;08/18 18:00 - 19:00	;0	;Disminuir por100.0%	;Disminuir por100.0%	;0	;Disminuir por100.0%	;Disminuir por100.0%	;0	; --%	; --%	;0	;Disminuir por100.0%	;Disminuir por100.0%	;0	;Disminuir por100.0%	;Disminuir por100.0%	;0	;Disminuir por100.0%	;Disminuir por100.0%	;
1892	;08/18 19:00 - 20:00	;0	;Disminuir por100.0%	;Disminuir por100.0%	;0	;Disminuir por100.0%	;Disminuir por100.0%	;0	; --%	; --%	;0	;Disminuir por100.0%	; --%	;0	; --%	;Disminuir por100.0%	;0	;Disminuir por100.0%	;Disminuir por100.0%	;
1893	;08/18 20:00 - 21:00	;0	;Disminuir por100.0%	;Disminuir por100.0%	;0	;Disminuir por100.0%	;Disminuir por100.0%	;0	; --%	; --%	;0	;Disminuir por100.0%	; --%	;0	;Disminuir por100.0%	;Disminuir por100.0%	;0	;Disminuir por100.0%	;Disminuir por100.0%	;
1894	;08/18 21:00 - 22:00	;0	;Disminuir por100.0%	;Disminuir por100.0%	;0	;Disminuir por100.0%	;Disminuir por100.0%	;0	; --%	; --%	;0	; --%	; --%	;0	; --%	;Disminuir por100.0%	;0	; --%	;Disminuir por100.0%	;
1895	;08/18 22:00 - 23:00	;0	;Disminuir por100.0%	;Disminuir por100.0%	;0	;Disminuir por100.0%	;Disminuir por100.0%	;0	; --%	; --%	;0	; --%	; --%	;0	; --%	;Disminuir por100.0%	;0	; --%	;Disminuir por100.0%	;
1896	;08/18 23:00 - 24:00	;0	;Disminuir por100.0%	;Disminuir por100.0%	;0	;Disminuir por100.0%	;Disminuir por100.0%	;0	; --%	; --%	;0	; --%	; --%	;0	; --%	;Disminuir por100.0%	;0	; --%	;Disminuir por100.0%	;
1897	;08/19 00:00 - 01:00	;0	;Disminuir por100.0%	;Disminuir por100.0%	;0	;Disminuir por100.0%	;Disminuir por100.0%	;0	; --%	; --%	;0	; --%	;Disminuir por100.0%	;0	; --%	; --%	;0	;Disminuir por100.0%	;Disminuir por100.0%	;
1898	;08/19 01:00 - 02:00	;0	; --%	;Disminuir por100.0%	;0	;Disminuir por100.0%	;Disminuir por100.0%	;0	; --%	; --%	;0	; --%	; --%	;0	; --%	; --%	;0	; --%	;Disminuir por100.0%	;
1899	;08/19 02:00 - 03:00	;0	; --%	;Disminuir por100.0%	;0	; --%	;Disminuir por100.0%	;0	; --%	; --%	;0	; --%	; --%	;0	; --%	; --%	;0	; --%	; --%	;
1900	;08/19 03:00 - 04:00	;0	; --%	;Disminuir por100.0%	;0	; --%	;Disminuir por100.0%	;0	; --%	;Disminuir por100.0%	;0	;Disminuir por100.0%	;Disminuir por100.0%	;0	; --%	; --%	;0	; --%	; --%	;
1901	;08/19 04:00 - 05:00	;0	; --%	; --%	;0	; --%	;Disminuir por100.0%	;0	; --%	; --%	;0	; --%	;Disminuir por100.0%	;0	; --%	; --%	;0	; --%	; --%	;
1902	;08/19 05:00 - 06:00	;0	; --%	;Disminuir por100.0%	;0	; --%	; --%	;0	; --%	; --%	;0	; --%	; --%	;0	; --%	; --%	;0	; --%	;Disminuir por100.0%	;
1903	;08/19 06:00 - 07:00	;0	;Disminuir por100.0%	;Disminuir por100.0%	;0	; --%	; --%	;0	; --%	; --%	;0	; --%	;Disminuir por100.0%	;0	;Disminuir por100.0%	; --%	;0	;Disminuir por100.0%	; --%	;
1904	;08/19 07:00 - 08:00	;0	;Disminuir por100.0%	;Disminuir por100.0%	;0	;Disminuir por100.0%	;Disminuir por100.0%	;0	; --%	; --%	;0	;Disminuir por100.0%	;Disminuir por100.0%	;0	; --%	; --%	;0	;Disminuir por100.0%	; --%	;
1905	;08/19 08:00 - 09:00	;0	;Disminuir por100.0%	;Disminuir por100.0%	;0	;Disminuir por100.0%	;Disminuir por100.0%	;0	; --%	; --%	;0	;Disminuir por100.0%	;Disminuir por100.0%	;0	; --%	; --%	;0	;Disminuir por100.0%	; --%	;
1906	;08/19 09:00 - 10:00	;0	;Disminuir por100.0%	;Disminuir por100.0%	;0	;Disminuir por100.0%	;Disminuir por100.0%	;0	; --%	;Disminuir por100.0%	;0	;Disminuir por100.0%	;Disminuir por100.0%	;0	; --%	; --%	;0	;Disminuir por100.0%	;Disminuir por100.0%	;
1907	;08/19 10:00 - 11:00	;0	;Disminuir por100.0%	;Disminuir por100.0%	;0	;Disminuir por100.0%	;Disminuir por100.0%	;0	; --%	; --%	;0	;Disminuir por100.0%	;Disminuir por100.0%	;0	; --%	;Disminuir por100.0%	;0	;Disminuir por100.0%	;Disminuir por100.0%	;
1908	;08/19 11:00 - 12:00	;0	;Disminuir por100.0%	;Disminuir por100.0%	;0	;Disminuir por100.0%	;Disminuir por100.0%	;0	; --%	;Disminuir por100.0%	;0	;Disminuir por100.0%	;Disminuir por100.0%	;0	; --%	;Disminuir por100.0%	;0	;Disminuir por100.0%	;Disminuir por100.0%	;
1909	;08/19 12:00 - 13:00	;0	;Disminuir por100.0%	;Disminuir por100.0%	;0	;Disminuir por100.0%	;Disminuir por100.0%	;0	; --%	; --%	;0	;Disminuir por100.0%	;Disminuir por100.0%	;0	; --%	;Disminuir por100.0%	;0	;Disminuir por100.0%	;Disminuir por100.0%	;
1910	;08/19 13:00 - 14:00	;0	;Disminuir por100.0%	;Disminuir por100.0%	;0	;Disminuir por100.0%	;Disminuir por100.0%	;0	; --%	; --%	;0	;Disminuir por100.0%	;Disminuir por100.0%	;0	; --%	; --%	;0	;Disminuir por100.0%	;Disminuir por100.0%	;
1911	;08/19 14:00 - 15:00	;0	;Disminuir por100.0%	;Disminuir por100.0%	;0	;Disminuir por100.0%	;Disminuir por100.0%	;0	; --%	; --%	;0	; --%	;Disminuir por100.0%	;0	;Disminuir por100.0%	;Disminuir por100.0%	;0	;Disminuir por100.0%	;Disminuir por100.0%	;
1912	;08/19 15:00 - 16:00	;0	;Disminuir por100.0%	;Disminuir por100.0%	;0	;Disminuir por100.0%	;Disminuir por100.0%	;0	; --%	; --%	;0	; --%	;Disminuir por100.0%	;0	;Disminuir por100.0%	;Disminuir por100.0%	;0	;Disminuir por100.0%	;Disminuir por100.0%	;
1913	;08/19 16:00 - 17:00	;0	;Disminuir por100.0%	;Disminuir por100.0%	;0	;Disminuir por100.0%	;Disminuir por100.0%	;0	; --%	; --%	;0	;Disminuir por100.0%	;Disminuir por100.0%	;0	;Disminuir por100.0%	;Disminuir por100.0%	;0	;Disminuir por100.0%	;Disminuir por100.0%	;
1914	;08/19 17:00 - 18:00	;0	;Disminuir por100.0%	;Disminuir por100.0%	;0	;Disminuir por100.0%	;Disminuir por100.0%	;0	; --%	; --%	;0	; --%	;Disminuir por100.0%	;0	;Disminuir por100.0%	; --%	;0	;Disminuir por100.0%	;Disminuir por100.0%	;
1915	;08/19 18:00 - 19:00	;0	;Disminuir por100.0%	;Disminuir por100.0%	;0	;Disminuir por100.0%	;Disminuir por100.0%	;0	; --%	; --%	;0	;Disminuir por100.0%	; --%	;0	;Disminuir por100.0%	;Disminuir por100.0%	;0	;Disminuir por100.0%	;Disminuir por100.0%	;
1916	;08/19 19:00 - 20:00	;0	;Disminuir por100.0%	;Disminuir por100.0%	;0	;Disminuir por100.0%	;Disminuir por100.0%	;0	; --%	; --%	;0	;Disminuir por100.0%	; --%	;0	;Disminuir por100.0%	;Disminuir por100.0%	;0	;Disminuir por100.0%	;Disminuir por100.0%	;
1917	;08/19 20:00 - 21:00	;0	;Disminuir por100.0%	;Disminuir por100.0%	;0	;Disminuir por100.0%	;Disminuir por100.0%	;0	; --%	; --%	;0	;Disminuir por100.0%	; --%	;0	;Disminuir por100.0%	;Disminuir por100.0%	;0	;Disminuir por100.0%	;Disminuir por100.0%	;
1918	;08/19 21:00 - 22:00	;0	;Disminuir por100.0%	;Disminuir por100.0%	;0	;Disminuir por100.0%	;Disminuir por100.0%	;0	; --%	; --%	;0	; --%	; --%	;0	; --%	;Disminuir por100.0%	;0	;Disminuir por100.0%	;Disminuir por100.0%	;
1919	;08/19 22:00 - 23:00	;0	;Disminuir por100.0%	;Disminuir por100.0%	;0	;Disminuir por100.0%	;Disminuir por100.0%	;0	; --%	; --%	;0	; --%	; --%	;0	; --%	;Disminuir por100.0%	;0	; --%	;Disminuir por100.0%	;
1920	;08/19 23:00 - 24:00	;0	;Disminuir por100.0%	;Disminuir por100.0%	;0	; --%	;Disminuir por100.0%	;0	; --%	; --%	;0	; --%	; --%	;0	; --%	;Disminuir por100.0%	;0	; --%	;Disminuir por100.0%	;
1921	;08/20 00:00 - 01:00	;0	;Disminuir por100.0%	;Disminuir por100.0%	;0	;Disminuir por100.0%	;Disminuir por100.0%	;0	; --%	; --%	;0	; --%	; --%	;0	; --%	; --%	;0	;Disminuir por100.0%	;Disminuir por100.0%	;
1922	;08/20 01:00 - 02:00	;0	;Disminuir por100.0%	;Disminuir por100.0%	;0	;Disminuir por100.0%	;Disminuir por100.0%	;0	; --%	; --%	;0	; --%	; --%	;0	; --%	; --%	;0	; --%	;Disminuir por100.0%	;
1923	;08/20 02:00 - 03:00	;0	; --%	;Disminuir por100.0%	;0	; --%	;Disminuir por100.0%	;0	; --%	; --%	;0	; --%	; --%	;0	; --%	; --%	;0	; --%	; --%	;
1924	;08/20 03:00 - 04:00	;0	;Disminuir por100.0%	;Disminuir por100.0%	;0	;Disminuir por100.0%	;Disminuir por100.0%	;0	; --%	; --%	;0	;Disminuir por100.0%	; --%	;0	; --%	; --%	;0	; --%	; --%	;
1925	;08/20 04:00 - 05:00	;0	; --%	;Disminuir por100.0%	;0	; --%	;Disminuir por100.0%	;0	; --%	;Disminuir por100.0%	;0	; --%	;Disminuir por100.0%	;0	; --%	; --%	;0	;Disminuir por100.0%	;Disminuir por100.0%	;
1926	;08/20 05:00 - 06:00	;0	; --%	;Disminuir por100.0%	;0	; --%	;Disminuir por100.0%	;0	; --%	; --%	;0	; --%	; --%	;0	; --%	; --%	;0	; --%	; --%	;
1927	;08/20 06:00 - 07:00	;0	;Disminuir por100.0%	;Disminuir por100.0%	;0	; --%	;Disminuir por100.0%	;0	; --%	; --%	;0	; --%	;Disminuir por100.0%	;0	;Disminuir por100.0%	; --%	;0	; --%	; --%	;
1928	;08/20 07:00 - 08:00	;0	;Disminuir por100.0%	;Disminuir por100.0%	;0	; --%	;Disminuir por100.0%	;0	; --%	; --%	;0	;Disminuir por100.0%	;Disminuir por100.0%	;0	; --%	; --%	;0	;Disminuir por100.0%	; --%	;
1929	;08/20 08:00 - 09:00	;0	;Disminuir por100.0%	;Disminuir por100.0%	;0	;Disminuir por100.0%	;Disminuir por100.0%	;0	; --%	; --%	;0	;Disminuir por100.0%	;Disminuir por100.0%	;0	; --%	; --%	;0	;Disminuir por100.0%	;Disminuir por100.0%	;
1930	;08/20 09:00 - 10:00	;0	;Disminuir por100.0%	;Disminuir por100.0%	;0	;Disminuir por100.0%	;Disminuir por100.0%	;0	; --%	; --%	;0	;Disminuir por100.0%	;Disminuir por100.0%	;0	; --%	;Disminuir por100.0%	;0	;Disminuir por100.0%	;Disminuir por100.0%	;
1931	;08/20 10:00 - 11:00	;0	;Disminuir por100.0%	;Disminuir por100.0%	;0	;Disminuir por100.0%	;Disminuir por100.0%	;0	; --%	; --%	;0	;Disminuir por100.0%	;Disminuir por100.0%	;0	;Disminuir por100.0%	; --%	;0	;Disminuir por100.0%	;Disminuir por100.0%	;
1932	;08/20 11:00 - 12:00	;0	;Disminuir por100.0%	;Disminuir por100.0%	;0	;Disminuir por100.0%	;Disminuir por100.0%	;0	; --%	; --%	;0	;Disminuir por100.0%	;Disminuir por100.0%	;0	; --%	;Disminuir por100.0%	;0	;Disminuir por100.0%	;Disminuir por100.0%	;
1933	;08/20 12:00 - 13:00	;0	;Disminuir por100.0%	;Disminuir por100.0%	;0	;Disminuir por100.0%	;Disminuir por100.0%	;0	; --%	; --%	;0	;Disminuir por100.0%	; --%	;0	;Disminuir por100.0%	;Disminuir por100.0%	;0	;Disminuir por100.0%	;Disminuir por100.0%	;
1934	;08/20 13:00 - 14:00	;0	;Disminuir por100.0%	;Disminuir por100.0%	;0	;Disminuir por100.0%	;Disminuir por100.0%	;0	; --%	; --%	;0	;Disminuir por100.0%	;Disminuir por100.0%	;0	;Disminuir por100.0%	; --%	;0	; --%	; --%	;
1935	;08/20 14:00 - 15:00	;0	;Disminuir por100.0%	;Disminuir por100.0%	;0	;Disminuir por100.0%	;Disminuir por100.0%	;0	; --%	; --%	;0	;Disminuir por100.0%	;Disminuir por100.0%	;0	; --%	;Disminuir por100.0%	;0	;Disminuir por100.0%	;Disminuir por100.0%	;
1936	;08/20 15:00 - 16:00	;0	;Disminuir por100.0%	;Disminuir por100.0%	;0	;Disminuir por100.0%	;Disminuir por100.0%	;0	; --%	; --%	;0	;Disminuir por100.0%	; --%	;0	; --%	;Disminuir por100.0%	;0	;Disminuir por100.0%	;Disminuir por100.0%	;
1937	;08/20 16:00 - 17:00	;0	;Disminuir por100.0%	;Disminuir por100.0%	;0	;Disminuir por100.0%	;Disminuir por100.0%	;0	; --%	; --%	;0	;Disminuir por100.0%	;Disminuir por100.0%	;0	;Disminuir por100.0%	;Disminuir por100.0%	;0	;Disminuir por100.0%	;Disminuir por100.0%	;
1938	;08/20 17:00 - 18:00	;0	;Disminuir por100.0%	;Disminuir por100.0%	;0	;Disminuir por100.0%	;Disminuir por100.0%	;0	; --%	; --%	;0	;Disminuir por100.0%	;Disminuir por100.0%	;0	; --%	;Disminuir por100.0%	;0	;Disminuir por100.0%	;Disminuir por100.0%	;
1939	;08/20 18:00 - 19:00	;0	;Disminuir por100.0%	;Disminuir por100.0%	;0	;Disminuir por100.0%	;Disminuir por100.0%	;0	; --%	; --%	;0	;Disminuir por100.0%	;Disminuir por100.0%	;0	;Disminuir por100.0%	;Disminuir por100.0%	;0	;Disminuir por100.0%	;Disminuir por100.0%	;
1940	;08/20 19:00 - 20:00	;0	;Disminuir por100.0%	;Disminuir por100.0%	;0	;Disminuir por100.0%	;Disminuir por100.0%	;0	; --%	; --%	;0	;Disminuir por100.0%	; --%	;0	;Disminuir por100.0%	;Disminuir por100.0%	;0	;Disminuir por100.0%	;Disminuir por100.0%	;
1941	;08/20 20:00 - 21:00	;0	;Disminuir por100.0%	;Disminuir por100.0%	;0	;Disminuir por100.0%	;Disminuir por100.0%	;0	; --%	; --%	;0	;Disminuir por100.0%	; --%	;0	; --%	;Disminuir por100.0%	;0	;Disminuir por100.0%	;Disminuir por100.0%	;
1942	;08/20 21:00 - 22:00	;0	;Disminuir por100.0%	;Disminuir por100.0%	;0	;Disminuir por100.0%	;Disminuir por100.0%	;0	; --%	; --%	;0	; --%	; --%	;0	; --%	;Disminuir por100.0%	;0	;Disminuir por100.0%	;Disminuir por100.0%	;
1943	;08/20 22:00 - 23:00	;0	;Disminuir por100.0%	;Disminuir por100.0%	;0	;Disminuir por100.0%	;Disminuir por100.0%	;0	; --%	; --%	;0	; --%	; --%	;0	; --%	;Disminuir por100.0%	;0	; --%	;Disminuir por100.0%	;
1944	;08/20 23:00 - 24:00	;0	;Disminuir por100.0%	;Disminuir por100.0%	;0	;Disminuir por100.0%	;Disminuir por100.0%	;0	; --%	; --%	;0	;Disminuir por100.0%	; --%	;0	; --%	;Disminuir por100.0%	;0	; --%	;Disminuir por100.0%	;
1945	;08/21 00:00 - 01:00	;0	;Disminuir por100.0%	;Disminuir por100.0%	;0	;Disminuir por100.0%	;Disminuir por100.0%	;0	; --%	; --%	;0	; --%	; --%	;0	; --%	;Disminuir por100.0%	;0	;Disminuir por100.0%	;Disminuir por100.0%	;
1946	;08/21 01:00 - 02:00	;0	;Disminuir por100.0%	;Disminuir por100.0%	;0	;Disminuir por100.0%	;Disminuir por100.0%	;0	; --%	; --%	;0	;Disminuir por100.0%	; --%	;0	; --%	; --%	;0	; --%	; --%	;
1947	;08/21 02:00 - 03:00	;0	;Disminuir por100.0%	;Disminuir por100.0%	;0	; --%	;Disminuir por100.0%	;0	; --%	; --%	;0	; --%	; --%	;0	; --%	;Disminuir por100.0%	;0	; --%	; --%	;
1948	;08/21 03:00 - 04:00	;0	;Disminuir por100.0%	;Disminuir por100.0%	;0	;Disminuir por100.0%	;Disminuir por100.0%	;0	; --%	;Disminuir por100.0%	;0	;Disminuir por100.0%	;Disminuir por100.0%	;0	; --%	;Disminuir por100.0%	;0	; --%	;Disminuir por100.0%	;
1949	;08/21 04:00 - 05:00	;0	; --%	;Disminuir por100.0%	;0	; --%	;Disminuir por100.0%	;0	; --%	; --%	;0	; --%	; --%	;0	; --%	; --%	;0	; --%	; --%	;
1950	;08/21 05:00 - 06:00	;0	; --%	; --%	;0	; --%	; --%	;0	; --%	; --%	;0	; --%	; --%	;0	; --%	; --%	;0	; --%	;Disminuir por100.0%	;
1951	;08/21 06:00 - 07:00	;0	;Disminuir por100.0%	;Disminuir por100.0%	;0	;Disminuir por100.0%	; --%	;0	; --%	; --%	;0	; --%	;Disminuir por100.0%	;0	;Disminuir por100.0%	;Disminuir por100.0%	;0	; --%	; --%	;
1952	;08/21 07:00 - 08:00	;0	; --%	;Disminuir por100.0%	;0	;Disminuir por100.0%	;Disminuir por100.0%	;0	;Disminuir por100.0%	; --%	;0	;Disminuir por100.0%	;Disminuir por100.0%	;0	; --%	; --%	;0	; --%	; --%	;
1953	;08/21 08:00 - 09:00	;0	;Disminuir por100.0%	;Disminuir por100.0%	;0	;Disminuir por100.0%	;Disminuir por100.0%	;0	;Disminuir por100.0%	; --%	;0	;Disminuir por100.0%	;Disminuir por100.0%	;0	; --%	; --%	;0	;Disminuir por100.0%	; --%	;
1954	;08/21 09:00 - 10:00	;0	;Disminuir por100.0%	;Disminuir por100.0%	;0	;Disminuir por100.0%	;Disminuir por100.0%	;0	; --%	; --%	;0	;Disminuir por100.0%	;Disminuir por100.0%	;0	; --%	; --%	;0	;Disminuir por100.0%	;Disminuir por100.0%	;
1955	;08/21 10:00 - 11:00	;0	;Disminuir por100.0%	;Disminuir por100.0%	;0	;Disminuir por100.0%	;Disminuir por100.0%	;0	; --%	; --%	;0	;Disminuir por100.0%	;Disminuir por100.0%	;0	;Disminuir por100.0%	;Disminuir por100.0%	;0	;Disminuir por100.0%	;Disminuir por100.0%	;
1956	;08/21 11:00 - 12:00	;0	;Disminuir por100.0%	;Disminuir por100.0%	;0	;Disminuir por100.0%	;Disminuir por100.0%	;0	; --%	;Disminuir por100.0%	;0	;Disminuir por100.0%	;Disminuir por100.0%	;0	; --%	; --%	;0	;Disminuir por100.0%	;Disminuir por100.0%	;
1957	;08/21 12:00 - 13:00	;0	;Disminuir por100.0%	;Disminuir por100.0%	;0	;Disminuir por100.0%	;Disminuir por100.0%	;0	; --%	;Disminuir por100.0%	;0	;Disminuir por100.0%	;Disminuir por100.0%	;0	;Disminuir por100.0%	;Disminuir por100.0%	;0	;Disminuir por100.0%	;Disminuir por100.0%	;
1958	;08/21 13:00 - 14:00	;0	;Disminuir por100.0%	;Disminuir por100.0%	;0	;Disminuir por100.0%	;Disminuir por100.0%	;0	; --%	;Disminuir por100.0%	;0	;Disminuir por100.0%	;Disminuir por100.0%	;0	; --%	;Disminuir por100.0%	;0	;Disminuir por100.0%	;Disminuir por100.0%	;
1959	;08/21 14:00 - 15:00	;0	;Disminuir por100.0%	;Disminuir por100.0%	;0	;Disminuir por100.0%	;Disminuir por100.0%	;0	; --%	;Disminuir por100.0%	;0	;Disminuir por100.0%	;Disminuir por100.0%	;0	;Disminuir por100.0%	; --%	;0	;Disminuir por100.0%	;Disminuir por100.0%	;
1960	;08/21 15:00 - 16:00	;0	;Disminuir por100.0%	;Disminuir por100.0%	;0	;Disminuir por100.0%	;Disminuir por100.0%	;0	; --%	; --%	;0	; --%	;Disminuir por100.0%	;0	; --%	;Disminuir por100.0%	;0	;Disminuir por100.0%	;Disminuir por100.0%	;
1961	;08/21 16:00 - 17:00	;0	;Disminuir por100.0%	;Disminuir por100.0%	;0	;Disminuir por100.0%	;Disminuir por100.0%	;0	; --%	; --%	;0	;Disminuir por100.0%	;Disminuir por100.0%	;0	;Disminuir por100.0%	;Disminuir por100.0%	;0	;Disminuir por100.0%	;Disminuir por100.0%	;
1962	;08/21 17:00 - 18:00	;0	;Disminuir por100.0%	;Disminuir por100.0%	;0	;Disminuir por100.0%	;Disminuir por100.0%	;0	; --%	; --%	;0	;Disminuir por100.0%	;Disminuir por100.0%	;0	;Disminuir por100.0%	;Disminuir por100.0%	;0	;Disminuir por100.0%	;Disminuir por100.0%	;
1963	;08/21 18:00 - 19:00	;0	;Disminuir por100.0%	;Disminuir por100.0%	;0	;Disminuir por100.0%	;Disminuir por100.0%	;0	; --%	; --%	;0	;Disminuir por100.0%	; --%	;0	;Disminuir por100.0%	;Disminuir por100.0%	;0	;Disminuir por100.0%	;Disminuir por100.0%	;
1964	;08/21 19:00 - 20:00	;0	;Disminuir por100.0%	;Disminuir por100.0%	;0	;Disminuir por100.0%	;Disminuir por100.0%	;0	; --%	; --%	;0	;Disminuir por100.0%	; --%	;0	;Disminuir por100.0%	;Disminuir por100.0%	;0	;Disminuir por100.0%	;Disminuir por100.0%	;
1965	;08/21 20:00 - 21:00	;0	;Disminuir por100.0%	;Disminuir por100.0%	;0	;Disminuir por100.0%	;Disminuir por100.0%	;0	; --%	; --%	;0	;Disminuir por100.0%	; --%	;0	;Disminuir por100.0%	;Disminuir por100.0%	;0	;Disminuir por100.0%	;Disminuir por100.0%	;
1966	;08/21 21:00 - 22:00	;0	;Disminuir por100.0%	;Disminuir por100.0%	;0	;Disminuir por100.0%	;Disminuir por100.0%	;0	; --%	; --%	;0	;Disminuir por100.0%	; --%	;0	; --%	;Disminuir por100.0%	;0	;Disminuir por100.0%	;Disminuir por100.0%	;
1967	;08/21 22:00 - 23:00	;0	;Disminuir por100.0%	;Disminuir por100.0%	;0	;Disminuir por100.0%	;Disminuir por100.0%	;0	; --%	; --%	;0	;Disminuir por100.0%	; --%	;0	; --%	;Disminuir por100.0%	;0	;Disminuir por100.0%	;Disminuir por100.0%	;
1968	;08/21 23:00 - 24:00	;0	;Disminuir por100.0%	;Disminuir por100.0%	;0	;Disminuir por100.0%	;Disminuir por100.0%	;0	; --%	; --%	;0	; --%	; --%	;0	; --%	;Disminuir por100.0%	;0	;Disminuir por100.0%	;Disminuir por100.0%	;
1969	;08/22 00:00 - 01:00	;0	;Disminuir por100.0%	;Disminuir por100.0%	;0	;Disminuir por100.0%	;Disminuir por100.0%	;0	; --%	; --%	;0	; --%	; --%	;0	; --%	;Disminuir por100.0%	;0	; --%	;Disminuir por100.0%	;
1970	;08/22 01:00 - 02:00	;0	; --%	;Disminuir por100.0%	;0	; --%	;Disminuir por100.0%	;0	; --%	; --%	;0	; --%	; --%	;0	; --%	;Disminuir por100.0%	;0	; --%	;Disminuir por100.0%	;
1971	;08/22 02:00 - 03:00	;0	;Disminuir por100.0%	;Disminuir por100.0%	;0	;Disminuir por100.0%	;Disminuir por100.0%	;0	; --%	;Disminuir por100.0%	;0	;Disminuir por100.0%	;Disminuir por100.0%	;0	; --%	; --%	;0	; --%	; --%	;
1972	;08/22 03:00 - 04:00	;0	; --%	;Disminuir por100.0%	;0	;Disminuir por100.0%	;Disminuir por100.0%	;0	; --%	; --%	;0	; --%	;Disminuir por100.0%	;0	; --%	; --%	;0	; --%	; --%	;
1973	;08/22 04:00 - 05:00	;0	; --%	;Disminuir por100.0%	;0	; --%	;Disminuir por100.0%	;0	; --%	;Disminuir por100.0%	;0	; --%	;Disminuir por100.0%	;0	; --%	;Disminuir por100.0%	;0	; --%	;Disminuir por100.0%	;
1974	;08/22 05:00 - 06:00	;0	; --%	;Disminuir por100.0%	;0	; --%	;Disminuir por100.0%	;0	; --%	; --%	;0	; --%	; --%	;0	; --%	; --%	;0	; --%	; --%	;
1975	;08/22 06:00 - 07:00	;0	;Disminuir por100.0%	;Disminuir por100.0%	;0	; --%	;Disminuir por100.0%	;0	; --%	;Disminuir por100.0%	;0	;Disminuir por100.0%	; --%	;0	;Disminuir por100.0%	;Disminuir por100.0%	;0	; --%	;Disminuir por100.0%	;
1976	;08/22 07:00 - 08:00	;0	;Disminuir por100.0%	;Disminuir por100.0%	;0	;Disminuir por100.0%	;Disminuir por100.0%	;0	; --%	; --%	;0	;Disminuir por100.0%	;Disminuir por100.0%	;0	;Disminuir por100.0%	; --%	;0	; --%	; --%	;
1977	;08/22 08:00 - 09:00	;0	;Disminuir por100.0%	;Disminuir por100.0%	;0	;Disminuir por100.0%	;Disminuir por100.0%	;0	; --%	; --%	;0	;Disminuir por100.0%	;Disminuir por100.0%	;0	;Disminuir por100.0%	;Disminuir por100.0%	;0	;Disminuir por100.0%	;Disminuir por100.0%	;
1978	;08/22 09:00 - 10:00	;0	;Disminuir por100.0%	;Disminuir por100.0%	;0	;Disminuir por100.0%	;Disminuir por100.0%	;0	; --%	; --%	;0	;Disminuir por100.0%	;Disminuir por100.0%	;0	;Disminuir por100.0%	;Disminuir por100.0%	;0	;Disminuir por100.0%	;Disminuir por100.0%	;
1979	;08/22 10:00 - 11:00	;0	;Disminuir por100.0%	;Disminuir por100.0%	;0	;Disminuir por100.0%	;Disminuir por100.0%	;0	; --%	;Disminuir por100.0%	;0	;Disminuir por100.0%	;Disminuir por100.0%	;0	; --%	;Disminuir por100.0%	;0	;Disminuir por100.0%	;Disminuir por100.0%	;
1980	;08/22 11:00 - 12:00	;0	;Disminuir por100.0%	;Disminuir por100.0%	;0	;Disminuir por100.0%	;Disminuir por100.0%	;0	; --%	; --%	;0	;Disminuir por100.0%	;Disminuir por100.0%	;0	;Disminuir por100.0%	;Disminuir por100.0%	;0	;Disminuir por100.0%	;Disminuir por100.0%	;
1981	;08/22 12:00 - 13:00	;0	;Disminuir por100.0%	;Disminuir por100.0%	;0	;Disminuir por100.0%	;Disminuir por100.0%	;0	; --%	; --%	;0	;Disminuir por100.0%	;Disminuir por100.0%	;0	; --%	;Disminuir por100.0%	;0	;Disminuir por100.0%	;Disminuir por100.0%	;
1982	;08/22 13:00 - 14:00	;0	;Disminuir por100.0%	;Disminuir por100.0%	;0	;Disminuir por100.0%	;Disminuir por100.0%	;0	; --%	; --%	;0	;Disminuir por100.0%	; --%	;0	;Disminuir por100.0%	;Disminuir por100.0%	;0	;Disminuir por100.0%	;Disminuir por100.0%	;
1983	;08/22 14:00 - 15:00	;0	;Disminuir por100.0%	;Disminuir por100.0%	;0	;Disminuir por100.0%	;Disminuir por100.0%	;0	; --%	; --%	;0	; --%	;Disminuir por100.0%	;0	; --%	; --%	;0	;Disminuir por100.0%	;Disminuir por100.0%	;
1984	;08/22 15:00 - 16:00	;0	;Disminuir por100.0%	;Disminuir por100.0%	;0	;Disminuir por100.0%	;Disminuir por100.0%	;0	;Disminuir por100.0%	; --%	;0	;Disminuir por100.0%	;Disminuir por100.0%	;0	; --%	;Disminuir por100.0%	;0	;Disminuir por100.0%	;Disminuir por100.0%	;
1985	;08/22 16:00 - 17:00	;0	;Disminuir por100.0%	;Disminuir por100.0%	;0	;Disminuir por100.0%	;Disminuir por100.0%	;0	; --%	; --%	;0	;Disminuir por100.0%	;Disminuir por100.0%	;0	; --%	;Disminuir por100.0%	;0	;Disminuir por100.0%	;Disminuir por100.0%	;
1986	;08/22 17:00 - 18:00	;0	;Disminuir por100.0%	;Disminuir por100.0%	;0	;Disminuir por100.0%	;Disminuir por100.0%	;0	; --%	; --%	;0	;Disminuir por100.0%	;Disminuir por100.0%	;0	;Disminuir por100.0%	;Disminuir por100.0%	;0	;Disminuir por100.0%	;Disminuir por100.0%	;
1987	;08/22 18:00 - 19:00	;0	;Disminuir por100.0%	;Disminuir por100.0%	;0	;Disminuir por100.0%	;Disminuir por100.0%	;0	; --%	; --%	;0	;Disminuir por100.0%	; --%	;0	;Disminuir por100.0%	;Disminuir por100.0%	;0	;Disminuir por100.0%	;Disminuir por100.0%	;
1988	;08/22 19:00 - 20:00	;0	;Disminuir por100.0%	;Disminuir por100.0%	;0	;Disminuir por100.0%	;Disminuir por100.0%	;0	; --%	; --%	;0	; --%	; --%	;0	;Disminuir por100.0%	;Disminuir por100.0%	;0	;Disminuir por100.0%	;Disminuir por100.0%	;
1989	;08/22 20:00 - 21:00	;0	;Disminuir por100.0%	;Disminuir por100.0%	;0	;Disminuir por100.0%	;Disminuir por100.0%	;0	; --%	; --%	;0	; --%	; --%	;0	;Disminuir por100.0%	;Disminuir por100.0%	;0	;Disminuir por100.0%	;Disminuir por100.0%	;
1990	;08/22 21:00 - 22:00	;0	;Disminuir por100.0%	;Disminuir por100.0%	;0	;Disminuir por100.0%	;Disminuir por100.0%	;0	; --%	; --%	;0	; --%	; --%	;0	;Disminuir por100.0%	;Disminuir por100.0%	;0	;Disminuir por100.0%	;Disminuir por100.0%	;
1991	;08/22 22:00 - 23:00	;0	;Disminuir por100.0%	;Disminuir por100.0%	;0	;Disminuir por100.0%	;Disminuir por100.0%	;0	; --%	; --%	;0	; --%	; --%	;0	;Disminuir por100.0%	;Disminuir por100.0%	;0	;Disminuir por100.0%	;Disminuir por100.0%	;
1992	;08/22 23:00 - 24:00	;0	;Disminuir por100.0%	;Disminuir por100.0%	;0	;Disminuir por100.0%	;Disminuir por100.0%	;0	; --%	; --%	;0	; --%	; --%	;0	;Disminuir por100.0%	;Disminuir por100.0%	;0	;Disminuir por100.0%	;Disminuir por100.0%	;
1993	;08/23 00:00 - 01:00	;0	;Disminuir por100.0%	;Disminuir por100.0%	;0	;Disminuir por100.0%	;Disminuir por100.0%	;0	; --%	; --%	;0	; --%	; --%	;0	; --%	;Disminuir por100.0%	;0	;Disminuir por100.0%	;Disminuir por100.0%	;
1994	;08/23 01:00 - 02:00	;0	;Disminuir por100.0%	;Disminuir por100.0%	;0	;Disminuir por100.0%	;Disminuir por100.0%	;0	; --%	; --%	;0	; --%	;Disminuir por100.0%	;0	; --%	; --%	;0	; --%	;Disminuir por100.0%	;
1995	;08/23 02:00 - 03:00	;0	;Disminuir por100.0%	;Disminuir por100.0%	;0	;Disminuir por100.0%	;Disminuir por100.0%	;0	; --%	; --%	;0	; --%	; --%	;0	; --%	; --%	;0	; --%	;Disminuir por100.0%	;
1996	;08/23 03:00 - 04:00	;0	;Disminuir por100.0%	;Disminuir por100.0%	;0	;Disminuir por100.0%	;Disminuir por100.0%	;0	;Disminuir por100.0%	;Disminuir por100.0%	;0	;Disminuir por100.0%	;Disminuir por100.0%	;0	; --%	; --%	;0	; --%	;Disminuir por100.0%	;
1997	;08/23 04:00 - 05:00	;0	;Disminuir por100.0%	;Disminuir por100.0%	;0	;Disminuir por100.0%	;Disminuir por100.0%	;0	; --%	;Disminuir por100.0%	;0	; --%	;Disminuir por100.0%	;0	; --%	; --%	;0	; --%	; --%	;
1998	;08/23 05:00 - 06:00	;0	;Disminuir por100.0%	; --%	;0	; --%	;Disminuir por100.0%	;0	; --%	; --%	;0	; --%	;Disminuir por100.0%	;0	; --%	;Disminuir por100.0%	;0	; --%	; --%	;
1999	;08/23 06:00 - 07:00	;0	; --%	;Disminuir por100.0%	;0	; --%	;Disminuir por100.0%	;0	; --%	; --%	;0	; --%	; --%	;0	;Disminuir por100.0%	; --%	;0	;Disminuir por100.0%	; --%	;
2000	;08/23 07:00 - 08:00	;0	;Disminuir por100.0%	;Disminuir por100.0%	;0	;Disminuir por100.0%	;Disminuir por100.0%	;0	; --%	; --%	;0	;Disminuir por100.0%	; --%	;0	;Disminuir por100.0%	; --%	;0	; --%	;Disminuir por100.0%	;
2001	;08/23 08:00 - 09:00	;0	;Disminuir por100.0%	;Disminuir por100.0%	;0	;Disminuir por100.0%	;Disminuir por100.0%	;0	; --%	; --%	;0	;Disminuir por100.0%	;Disminuir por100.0%	;0	; --%	;Disminuir por100.0%	;0	;Disminuir por100.0%	;Disminuir por100.0%	;
2002	;08/23 09:00 - 10:00	;0	;Disminuir por100.0%	;Disminuir por100.0%	;0	;Disminuir por100.0%	;Disminuir por100.0%	;0	; --%	; --%	;0	;Disminuir por100.0%	;Disminuir por100.0%	;0	;Disminuir por100.0%	;Disminuir por100.0%	;0	;Disminuir por100.0%	;Disminuir por100.0%	;
2003	;08/23 10:00 - 11:00	;0	;Disminuir por100.0%	;Disminuir por100.0%	;0	;Disminuir por100.0%	;Disminuir por100.0%	;0	; --%	; --%	;0	;Disminuir por100.0%	;Disminuir por100.0%	;0	;Disminuir por100.0%	;Disminuir por100.0%	;0	;Disminuir por100.0%	;Disminuir por100.0%	;
2004	;08/23 11:00 - 12:00	;0	;Disminuir por100.0%	;Disminuir por100.0%	;0	;Disminuir por100.0%	;Disminuir por100.0%	;0	; --%	; --%	;0	;Disminuir por100.0%	;Disminuir por100.0%	;0	;Disminuir por100.0%	;Disminuir por100.0%	;0	;Disminuir por100.0%	;Disminuir por100.0%	;
2005	;08/23 12:00 - 13:00	;0	;Disminuir por100.0%	;Disminuir por100.0%	;0	;Disminuir por100.0%	;Disminuir por100.0%	;0	; --%	; --%	;0	;Disminuir por100.0%	;Disminuir por100.0%	;0	;Disminuir por100.0%	;Disminuir por100.0%	;0	;Disminuir por100.0%	;Disminuir por100.0%	;
2006	;08/23 13:00 - 14:00	;0	;Disminuir por100.0%	;Disminuir por100.0%	;0	;Disminuir por100.0%	;Disminuir por100.0%	;0	; --%	; --%	;0	;Disminuir por100.0%	;Disminuir por100.0%	;0	;Disminuir por100.0%	;Disminuir por100.0%	;0	;Disminuir por100.0%	;Disminuir por100.0%	;
2007	;08/23 14:00 - 15:00	;0	;Disminuir por100.0%	;Disminuir por100.0%	;0	;Disminuir por100.0%	;Disminuir por100.0%	;0	; --%	; --%	;0	; --%	;Disminuir por100.0%	;0	;Disminuir por100.0%	; --%	;0	;Disminuir por100.0%	;Disminuir por100.0%	;
2008	;08/23 15:00 - 16:00	;0	;Disminuir por100.0%	;Disminuir por100.0%	;0	;Disminuir por100.0%	;Disminuir por100.0%	;0	; --%	; --%	;0	;Disminuir por100.0%	; --%	;0	;Disminuir por100.0%	;Disminuir por100.0%	;0	;Disminuir por100.0%	;Disminuir por100.0%	;
2009	;08/23 16:00 - 17:00	;0	;Disminuir por100.0%	;Disminuir por100.0%	;0	;Disminuir por100.0%	;Disminuir por100.0%	;0	; --%	; --%	;0	; --%	; --%	;0	;Disminuir por100.0%	;Disminuir por100.0%	;0	;Disminuir por100.0%	;Disminuir por100.0%	;
2010	;08/23 17:00 - 18:00	;0	;Disminuir por100.0%	;Disminuir por100.0%	;0	;Disminuir por100.0%	;Disminuir por100.0%	;0	; --%	; --%	;0	; --%	;Disminuir por100.0%	;0	;Disminuir por100.0%	;Disminuir por100.0%	;0	;Disminuir por100.0%	;Disminuir por100.0%	;
2011	;08/23 18:00 - 19:00	;0	;Disminuir por100.0%	;Disminuir por100.0%	;0	;Disminuir por100.0%	;Disminuir por100.0%	;0	; --%	; --%	;0	; --%	; --%	;0	;Disminuir por100.0%	;Disminuir por100.0%	;0	;Disminuir por100.0%	;Disminuir por100.0%	;
2012	;08/23 19:00 - 20:00	;0	;Disminuir por100.0%	;Disminuir por100.0%	;0	;Disminuir por100.0%	;Disminuir por100.0%	;0	; --%	; --%	;0	; --%	; --%	;0	; --%	;Disminuir por100.0%	;0	;Disminuir por100.0%	;Disminuir por100.0%	;
2013	;08/23 20:00 - 21:00	;0	;Disminuir por100.0%	;Disminuir por100.0%	;0	;Disminuir por100.0%	;Disminuir por100.0%	;0	; --%	; --%	;0	; --%	; --%	;0	;Disminuir por100.0%	;Disminuir por100.0%	;0	;Disminuir por100.0%	;Disminuir por100.0%	;
2014	;08/23 21:00 - 22:00	;0	;Disminuir por100.0%	;Disminuir por100.0%	;0	;Disminuir por100.0%	;Disminuir por100.0%	;0	; --%	; --%	;0	; --%	; --%	;0	;Disminuir por100.0%	;Disminuir por100.0%	;0	;Disminuir por100.0%	;Disminuir por100.0%	;
2015	;08/23 22:00 - 23:00	;0	;Disminuir por100.0%	;Disminuir por100.0%	;0	;Disminuir por100.0%	;Disminuir por100.0%	;0	; --%	; --%	;0	; --%	; --%	;0	;Disminuir por100.0%	;Disminuir por100.0%	;0	;Disminuir por100.0%	;Disminuir por100.0%	;
2016	;08/23 23:00 - 24:00	;0	;Disminuir por100.0%	;Disminuir por100.0%	;0	;Disminuir por100.0%	;Disminuir por100.0%	;0	; --%	; --%	;0	; --%	; --%	;0	;Disminuir por100.0%	;Disminuir por100.0%	;0	;Disminuir por100.0%	;Disminuir por100.0%	;
2017	;08/24 00:00 - 01:00	;0	;Disminuir por100.0%	;Disminuir por100.0%	;0	;Disminuir por100.0%	;Disminuir por100.0%	;0	; --%	; --%	;0	; --%	; --%	;0	; --%	;Disminuir por100.0%	;0	; --%	;Disminuir por100.0%	;
2018	;08/24 01:00 - 02:00	;0	;Disminuir por100.0%	;Disminuir por100.0%	;0	;Disminuir por100.0%	;Disminuir por100.0%	;0	; --%	; --%	;0	; --%	;Disminuir por100.0%	;0	; --%	; --%	;0	; --%	; --%	;
2019	;08/24 02:00 - 03:00	;0	;Disminuir por100.0%	;Disminuir por100.0%	;0	;Disminuir por100.0%	;Disminuir por100.0%	;0	; --%	; --%	;0	; --%	; --%	;0	; --%	; --%	;0	;Disminuir por100.0%	;Disminuir por100.0%	;
2020	;08/24 03:00 - 04:00	;0	;Disminuir por100.0%	;Disminuir por100.0%	;0	;Disminuir por100.0%	;Disminuir por100.0%	;0	;Disminuir por100.0%	;Disminuir por100.0%	;0	;Disminuir por100.0%	;Disminuir por100.0%	;0	; --%	; --%	;0	;Disminuir por100.0%	;Disminuir por100.0%	;
2021	;08/24 04:00 - 05:00	;0	;Disminuir por100.0%	;Disminuir por100.0%	;0	;Disminuir por100.0%	;Disminuir por100.0%	;0	; --%	;Disminuir por100.0%	;0	; --%	;Disminuir por100.0%	;0	; --%	; --%	;0	; --%	; --%	;
2022	;08/24 05:00 - 06:00	;0	; --%	;Disminuir por100.0%	;0	; --%	;Disminuir por100.0%	;0	; --%	; --%	;0	;Disminuir por100.0%	;Disminuir por100.0%	;0	; --%	;Disminuir por100.0%	;0	; --%	; --%	;
2023	;08/24 06:00 - 07:00	;0	; --%	;Disminuir por100.0%	;0	; --%	;Disminuir por100.0%	;0	; --%	; --%	;0	; --%	; --%	;0	;Disminuir por100.0%	; --%	;0	; --%	; --%	;
2024	;08/24 07:00 - 08:00	;0	;Disminuir por100.0%	;Disminuir por100.0%	;0	; --%	;Disminuir por100.0%	;0	; --%	; --%	;0	; --%	; --%	;0	;Disminuir por100.0%	;Disminuir por100.0%	;0	; --%	; --%	;
2025	;08/24 08:00 - 09:00	;0	;Disminuir por100.0%	;Disminuir por100.0%	;0	;Disminuir por100.0%	;Disminuir por100.0%	;0	; --%	; --%	;0	;Disminuir por100.0%	; --%	;0	; --%	;Disminuir por100.0%	;0	;Disminuir por100.0%	; --%	;
2026	;08/24 09:00 - 10:00	;0	;Disminuir por100.0%	;Disminuir por100.0%	;0	;Disminuir por100.0%	;Disminuir por100.0%	;0	; --%	; --%	;0	;Disminuir por100.0%	;Disminuir por100.0%	;0	;Disminuir por100.0%	; --%	;0	;Disminuir por100.0%	;Disminuir por100.0%	;
2027	;08/24 10:00 - 11:00	;0	;Disminuir por100.0%	;Disminuir por100.0%	;0	;Disminuir por100.0%	;Disminuir por100.0%	;0	; --%	; --%	;0	;Disminuir por100.0%	;Disminuir por100.0%	;0	;Disminuir por100.0%	;Disminuir por100.0%	;0	;Disminuir por100.0%	;Disminuir por100.0%	;
2028	;08/24 11:00 - 12:00	;0	;Disminuir por100.0%	;Disminuir por100.0%	;0	;Disminuir por100.0%	;Disminuir por100.0%	;0	; --%	; --%	;0	;Disminuir por100.0%	;Disminuir por100.0%	;0	;Disminuir por100.0%	; --%	;0	;Disminuir por100.0%	;Disminuir por100.0%	;
2029	;08/24 12:00 - 13:00	;0	;Disminuir por100.0%	;Disminuir por100.0%	;0	;Disminuir por100.0%	;Disminuir por100.0%	;0	; --%	; --%	;0	;Disminuir por100.0%	;Disminuir por100.0%	;0	;Disminuir por100.0%	;Disminuir por100.0%	;0	;Disminuir por100.0%	;Disminuir por100.0%	;
2030	;08/24 13:00 - 14:00	;0	;Disminuir por100.0%	;Disminuir por100.0%	;0	;Disminuir por100.0%	;Disminuir por100.0%	;0	; --%	; --%	;0	; --%	;Disminuir por100.0%	;0	;Disminuir por100.0%	;Disminuir por100.0%	;0	;Disminuir por100.0%	;Disminuir por100.0%	;
2031	;08/24 14:00 - 15:00	;0	;Disminuir por100.0%	;Disminuir por100.0%	;0	;Disminuir por100.0%	;Disminuir por100.0%	;0	; --%	; --%	;0	; --%	;Disminuir por100.0%	;0	;Disminuir por100.0%	; --%	;0	;Disminuir por100.0%	;Disminuir por100.0%	;
2032	;08/24 15:00 - 16:00	;0	;Disminuir por100.0%	;Disminuir por100.0%	;0	;Disminuir por100.0%	;Disminuir por100.0%	;0	; --%	;Disminuir por100.0%	;0	;Disminuir por100.0%	;Disminuir por100.0%	;0	;Disminuir por100.0%	;Disminuir por100.0%	;0	; --%	;Disminuir por100.0%	;
2033	;08/24 16:00 - 17:00	;0	;Disminuir por100.0%	;Disminuir por100.0%	;0	;Disminuir por100.0%	;Disminuir por100.0%	;0	; --%	; --%	;0	; --%	; --%	;0	; --%	;Disminuir por100.0%	;0	;Disminuir por100.0%	;Disminuir por100.0%	;
2034	;08/24 17:00 - 18:00	;0	;Disminuir por100.0%	;Disminuir por100.0%	;0	;Disminuir por100.0%	;Disminuir por100.0%	;0	; --%	; --%	;0	; --%	;Disminuir por100.0%	;0	;Disminuir por100.0%	;Disminuir por100.0%	;0	;Disminuir por100.0%	;Disminuir por100.0%	;
2035	;08/24 18:00 - 19:00	;0	;Disminuir por100.0%	;Disminuir por100.0%	;0	;Disminuir por100.0%	;Disminuir por100.0%	;0	; --%	; --%	;0	;Disminuir por100.0%	; --%	;0	;Disminuir por100.0%	;Disminuir por100.0%	;0	;Disminuir por100.0%	;Disminuir por100.0%	;
2036	;08/24 19:00 - 20:00	;0	;Disminuir por100.0%	;Disminuir por100.0%	;0	;Disminuir por100.0%	;Disminuir por100.0%	;0	; --%	; --%	;0	; --%	; --%	;0	;Disminuir por100.0%	;Disminuir por100.0%	;0	;Disminuir por100.0%	;Disminuir por100.0%	;
2037	;08/24 20:00 - 21:00	;0	;Disminuir por100.0%	;Disminuir por100.0%	;0	;Disminuir por100.0%	;Disminuir por100.0%	;0	; --%	; --%	;0	; --%	; --%	;0	;Disminuir por100.0%	;Disminuir por100.0%	;0	; --%	;Disminuir por100.0%	;
2038	;08/24 21:00 - 22:00	;0	;Disminuir por100.0%	;Disminuir por100.0%	;0	;Disminuir por100.0%	;Disminuir por100.0%	;0	; --%	; --%	;0	; --%	; --%	;0	;Disminuir por100.0%	;Disminuir por100.0%	;0	;Disminuir por100.0%	;Disminuir por100.0%	;
2039	;08/24 22:00 - 23:00	;0	;Disminuir por100.0%	;Disminuir por100.0%	;0	;Disminuir por100.0%	;Disminuir por100.0%	;0	; --%	; --%	;0	; --%	; --%	;0	;Disminuir por100.0%	;Disminuir por100.0%	;0	; --%	;Disminuir por100.0%	;
2040	;08/24 23:00 - 24:00	;0	;Disminuir por100.0%	;Disminuir por100.0%	;0	;Disminuir por100.0%	;Disminuir por100.0%	;0	; --%	; --%	;0	; --%	; --%	;0	; --%	;Disminuir por100.0%	;0	;Disminuir por100.0%	;Disminuir por100.0%	;
2041	;08/25 00:00 - 01:00	;0	;Disminuir por100.0%	;Disminuir por100.0%	;0	;Disminuir por100.0%	;Disminuir por100.0%	;0	; --%	; --%	;0	;Disminuir por100.0%	; --%	;0	; --%	;Disminuir por100.0%	;0	;Disminuir por100.0%	;Disminuir por100.0%	;
2042	;08/25 01:00 - 02:00	;0	;Disminuir por100.0%	;Disminuir por100.0%	;0	;Disminuir por100.0%	;Disminuir por100.0%	;0	; --%	; --%	;0	; --%	; --%	;0	; --%	;Disminuir por100.0%	;0	; --%	;Disminuir por100.0%	;
2043	;08/25 02:00 - 03:00	;0	; --%	;Disminuir por100.0%	;0	;Disminuir por100.0%	;Disminuir por100.0%	;0	;Disminuir por100.0%	; --%	;0	; --%	;Disminuir por100.0%	;0	; --%	; --%	;0	; --%	; --%	;
2044	;08/25 03:00 - 04:00	;0	; --%	;Disminuir por100.0%	;0	;Disminuir por100.0%	;Disminuir por100.0%	;0	; --%	; --%	;0	; --%	; --%	;0	; --%	; --%	;0	; --%	; --%	;
2045	;08/25 04:00 - 05:00	;0	; --%	;Disminuir por100.0%	;0	; --%	;Disminuir por100.0%	;0	; --%	;Disminuir por100.0%	;0	;Disminuir por100.0%	;Disminuir por100.0%	;0	; --%	; --%	;0	; --%	;Disminuir por100.0%	;
2046	;08/25 05:00 - 06:00	;0	; --%	;Disminuir por100.0%	;0	; --%	;Disminuir por100.0%	;0	; --%	; --%	;0	; --%	;Disminuir por100.0%	;0	; --%	; --%	;0	; --%	;Disminuir por100.0%	;
2047	;08/25 06:00 - 07:00	;0	;Disminuir por100.0%	;Disminuir por100.0%	;0	;Disminuir por100.0%	;Disminuir por100.0%	;0	; --%	; --%	;0	; --%	;Disminuir por100.0%	;0	; --%	; --%	;0	;Disminuir por100.0%	;Disminuir por100.0%	;
2048	;08/25 07:00 - 08:00	;0	;Disminuir por100.0%	;Disminuir por100.0%	;0	;Disminuir por100.0%	;Disminuir por100.0%	;0	;Disminuir por100.0%	; --%	;0	;Disminuir por100.0%	;Disminuir por100.0%	;0	;Disminuir por100.0%	; --%	;0	;Disminuir por100.0%	; --%	;
2049	;08/25 08:00 - 09:00	;0	;Disminuir por100.0%	;Disminuir por100.0%	;0	;Disminuir por100.0%	;Disminuir por100.0%	;0	; --%	; --%	;0	;Disminuir por100.0%	;Disminuir por100.0%	;0	; --%	;Disminuir por100.0%	;0	;Disminuir por100.0%	;Disminuir por100.0%	;
2050	;08/25 09:00 - 10:00	;0	;Disminuir por100.0%	;Disminuir por100.0%	;0	;Disminuir por100.0%	;Disminuir por100.0%	;0	;Disminuir por100.0%	; --%	;0	;Disminuir por100.0%	;Disminuir por100.0%	;0	; --%	;Disminuir por100.0%	;0	;Disminuir por100.0%	;Disminuir por100.0%	;
2051	;08/25 10:00 - 11:00	;0	;Disminuir por100.0%	;Disminuir por100.0%	;0	;Disminuir por100.0%	;Disminuir por100.0%	;0	; --%	; --%	;0	;Disminuir por100.0%	;Disminuir por100.0%	;0	;Disminuir por100.0%	;Disminuir por100.0%	;0	;Disminuir por100.0%	;Disminuir por100.0%	;
2052	;08/25 11:00 - 12:00	;0	;Disminuir por100.0%	;Disminuir por100.0%	;0	;Disminuir por100.0%	;Disminuir por100.0%	;0	; --%	; --%	;0	;Disminuir por100.0%	;Disminuir por100.0%	;0	;Disminuir por100.0%	;Disminuir por100.0%	;0	;Disminuir por100.0%	;Disminuir por100.0%	;
2053	;08/25 12:00 - 13:00	;0	;Disminuir por100.0%	;Disminuir por100.0%	;0	;Disminuir por100.0%	;Disminuir por100.0%	;0	;Disminuir por100.0%	; --%	;0	;Disminuir por100.0%	;Disminuir por100.0%	;0	; --%	;Disminuir por100.0%	;0	;Disminuir por100.0%	;Disminuir por100.0%	;
2054	;08/25 13:00 - 14:00	;0	;Disminuir por100.0%	;Disminuir por100.0%	;0	;Disminuir por100.0%	;Disminuir por100.0%	;0	; --%	; --%	;0	;Disminuir por100.0%	;Disminuir por100.0%	;0	;Disminuir por100.0%	;Disminuir por100.0%	;0	;Disminuir por100.0%	;Disminuir por100.0%	;
2055	;08/25 14:00 - 15:00	;0	;Disminuir por100.0%	;Disminuir por100.0%	;0	;Disminuir por100.0%	;Disminuir por100.0%	;0	; --%	; --%	;0	;Disminuir por100.0%	;Disminuir por100.0%	;0	;Disminuir por100.0%	;Disminuir por100.0%	;0	;Disminuir por100.0%	;Disminuir por100.0%	;
2056	;08/25 15:00 - 16:00	;0	;Disminuir por100.0%	;Disminuir por100.0%	;0	;Disminuir por100.0%	;Disminuir por100.0%	;0	; --%	; --%	;0	;Disminuir por100.0%	;Disminuir por100.0%	;0	;Disminuir por100.0%	; --%	;0	;Disminuir por100.0%	;Disminuir por100.0%	;
2057	;08/25 16:00 - 17:00	;0	;Disminuir por100.0%	;Disminuir por100.0%	;0	;Disminuir por100.0%	;Disminuir por100.0%	;0	;Disminuir por100.0%	; --%	;0	;Disminuir por100.0%	; --%	;0	; --%	;Disminuir por100.0%	;0	;Disminuir por100.0%	;Disminuir por100.0%	;
2058	;08/25 17:00 - 18:00	;0	;Disminuir por100.0%	;Disminuir por100.0%	;0	;Disminuir por100.0%	;Disminuir por100.0%	;0	; --%	; --%	;0	;Disminuir por100.0%	;Disminuir por100.0%	;0	; --%	;Disminuir por100.0%	;0	;Disminuir por100.0%	;Disminuir por100.0%	;
2059	;08/25 18:00 - 19:00	;0	;Disminuir por100.0%	;Disminuir por100.0%	;0	;Disminuir por100.0%	;Disminuir por100.0%	;0	; --%	; --%	;0	;Disminuir por100.0%	; --%	;0	; --%	;Disminuir por100.0%	;0	;Disminuir por100.0%	;Disminuir por100.0%	;
2060	;08/25 19:00 - 20:00	;0	;Disminuir por100.0%	;Disminuir por100.0%	;0	;Disminuir por100.0%	;Disminuir por100.0%	;0	; --%	; --%	;0	; --%	; --%	;0	;Disminuir por100.0%	;Disminuir por100.0%	;0	;Disminuir por100.0%	;Disminuir por100.0%	;
2061	;08/25 20:00 - 21:00	;0	;Disminuir por100.0%	;Disminuir por100.0%	;0	;Disminuir por100.0%	;Disminuir por100.0%	;0	; --%	; --%	;0	; --%	; --%	;0	;Disminuir por100.0%	; --%	;0	;Disminuir por100.0%	;Disminuir por100.0%	;
2062	;08/25 21:00 - 22:00	;0	;Disminuir por100.0%	;Disminuir por100.0%	;0	;Disminuir por100.0%	;Disminuir por100.0%	;0	; --%	; --%	;0	; --%	; --%	;0	; --%	;Disminuir por100.0%	;0	;Disminuir por100.0%	;Disminuir por100.0%	;
2063	;08/25 22:00 - 23:00	;0	;Disminuir por100.0%	;Disminuir por100.0%	;0	;Disminuir por100.0%	;Disminuir por100.0%	;0	; --%	; --%	;0	; --%	; --%	;0	; --%	;Disminuir por100.0%	;0	;Disminuir por100.0%	;Disminuir por100.0%	;
2064	;08/25 23:00 - 24:00	;0	;Disminuir por100.0%	;Disminuir por100.0%	;0	;Disminuir por100.0%	;Disminuir por100.0%	;0	; --%	; --%	;0	; --%	; --%	;0	;Disminuir por100.0%	;Disminuir por100.0%	;0	;Disminuir por100.0%	;Disminuir por100.0%	;
2065	;08/26 00:00 - 01:00	;0	;Disminuir por100.0%	;Disminuir por100.0%	;0	;Disminuir por100.0%	;Disminuir por100.0%	;0	; --%	; --%	;0	;Disminuir por100.0%	;Disminuir por100.0%	;0	;Disminuir por100.0%	;Disminuir por100.0%	;0	;Disminuir por100.0%	;Disminuir por100.0%	;
2066	;08/26 01:00 - 02:00	;0	;Disminuir por100.0%	;Disminuir por100.0%	;0	;Disminuir por100.0%	;Disminuir por100.0%	;0	; --%	; --%	;0	; --%	;Disminuir por100.0%	;0	; --%	; --%	;0	;Disminuir por100.0%	; --%	;
2067	;08/26 02:00 - 03:00	;0	; --%	;Disminuir por100.0%	;0	; --%	;Disminuir por100.0%	;0	; --%	; --%	;0	; --%	; --%	;0	; --%	; --%	;0	; --%	; --%	;
2068	;08/26 03:00 - 04:00	;0	; --%	;Disminuir por100.0%	;0	; --%	;Disminuir por100.0%	;0	; --%	;Disminuir por100.0%	;0	; --%	;Disminuir por100.0%	;0	; --%	; --%	;0	; --%	; --%	;
2069	;08/26 04:00 - 05:00	;0	;Disminuir por100.0%	;Disminuir por100.0%	;0	; --%	; --%	;0	; --%	; --%	;0	; --%	;Disminuir por100.0%	;0	; --%	; --%	;0	; --%	; --%	;
2070	;08/26 05:00 - 06:00	;0	; --%	;Disminuir por100.0%	;0	; --%	;Disminuir por100.0%	;0	; --%	; --%	;0	; --%	;Disminuir por100.0%	;0	; --%	; --%	;0	; --%	; --%	;
2071	;08/26 06:00 - 07:00	;0	;Disminuir por100.0%	; --%	;0	;Disminuir por100.0%	;Disminuir por100.0%	;0	; --%	; --%	;0	;Disminuir por100.0%	;Disminuir por100.0%	;0	;Disminuir por100.0%	; --%	;0	; --%	;Disminuir por100.0%	;
2072	;08/26 07:00 - 08:00	;0	;Disminuir por100.0%	;Disminuir por100.0%	;0	;Disminuir por100.0%	; --%	;0	; --%	; --%	;0	;Disminuir por100.0%	;Disminuir por100.0%	;0	; --%	; --%	;0	; --%	;Disminuir por100.0%	;
2073	;08/26 08:00 - 09:00	;0	;Disminuir por100.0%	;Disminuir por100.0%	;0	;Disminuir por100.0%	;Disminuir por100.0%	;0	; --%	;Disminuir por100.0%	;0	;Disminuir por100.0%	;Disminuir por100.0%	;0	; --%	;Disminuir por100.0%	;0	;Disminuir por100.0%	;Disminuir por100.0%	;
2074	;08/26 09:00 - 10:00	;0	;Disminuir por100.0%	;Disminuir por100.0%	;0	;Disminuir por100.0%	;Disminuir por100.0%	;0	; --%	; --%	;0	;Disminuir por100.0%	;Disminuir por100.0%	;0	; --%	; --%	;0	;Disminuir por100.0%	;Disminuir por100.0%	;
2075	;08/26 10:00 - 11:00	;0	;Disminuir por100.0%	;Disminuir por100.0%	;0	;Disminuir por100.0%	;Disminuir por100.0%	;0	; --%	; --%	;0	;Disminuir por100.0%	;Disminuir por100.0%	;0	; --%	;Disminuir por100.0%	;0	;Disminuir por100.0%	;Disminuir por100.0%	;
2076	;08/26 11:00 - 12:00	;0	;Disminuir por100.0%	;Disminuir por100.0%	;0	;Disminuir por100.0%	;Disminuir por100.0%	;0	; --%	; --%	;0	;Disminuir por100.0%	;Disminuir por100.0%	;0	;Disminuir por100.0%	;Disminuir por100.0%	;0	;Disminuir por100.0%	;Disminuir por100.0%	;
2077	;08/26 12:00 - 13:00	;0	;Disminuir por100.0%	;Disminuir por100.0%	;0	;Disminuir por100.0%	;Disminuir por100.0%	;0	; --%	; --%	;0	;Disminuir por100.0%	;Disminuir por100.0%	;0	;Disminuir por100.0%	;Disminuir por100.0%	;0	;Disminuir por100.0%	;Disminuir por100.0%	;
2078	;08/26 13:00 - 14:00	;0	;Disminuir por100.0%	;Disminuir por100.0%	;0	;Disminuir por100.0%	;Disminuir por100.0%	;0	; --%	; --%	;0	;Disminuir por100.0%	;Disminuir por100.0%	;0	;Disminuir por100.0%	;Disminuir por100.0%	;0	;Disminuir por100.0%	;Disminuir por100.0%	;
2079	;08/26 14:00 - 15:00	;0	;Disminuir por100.0%	;Disminuir por100.0%	;0	;Disminuir por100.0%	;Disminuir por100.0%	;0	; --%	; --%	;0	;Disminuir por100.0%	;Disminuir por100.0%	;0	; --%	; --%	;0	;Disminuir por100.0%	;Disminuir por100.0%	;
2080	;08/26 15:00 - 16:00	;0	;Disminuir por100.0%	;Disminuir por100.0%	;0	;Disminuir por100.0%	;Disminuir por100.0%	;0	; --%	; --%	;0	;Disminuir por100.0%	;Disminuir por100.0%	;0	;Disminuir por100.0%	;Disminuir por100.0%	;0	;Disminuir por100.0%	;Disminuir por100.0%	;
2081	;08/26 16:00 - 17:00	;0	;Disminuir por100.0%	;Disminuir por100.0%	;0	;Disminuir por100.0%	;Disminuir por100.0%	;0	; --%	; --%	;0	;Disminuir por100.0%	;Disminuir por100.0%	;0	;Disminuir por100.0%	;Disminuir por100.0%	;0	;Disminuir por100.0%	;Disminuir por100.0%	;
2082	;08/26 17:00 - 18:00	;0	;Disminuir por100.0%	;Disminuir por100.0%	;0	;Disminuir por100.0%	;Disminuir por100.0%	;0	; --%	; --%	;0	;Disminuir por100.0%	;Disminuir por100.0%	;0	; --%	;Disminuir por100.0%	;0	;Disminuir por100.0%	;Disminuir por100.0%	;
2083	;08/26 18:00 - 19:00	;0	;Disminuir por100.0%	;Disminuir por100.0%	;0	;Disminuir por100.0%	;Disminuir por100.0%	;0	; --%	; --%	;0	;Disminuir por100.0%	; --%	;0	;Disminuir por100.0%	;Disminuir por100.0%	;0	;Disminuir por100.0%	;Disminuir por100.0%	;
2084	;08/26 19:00 - 20:00	;0	;Disminuir por100.0%	;Disminuir por100.0%	;0	;Disminuir por100.0%	;Disminuir por100.0%	;0	; --%	; --%	;0	;Disminuir por100.0%	;Disminuir por100.0%	;0	;Disminuir por100.0%	;Disminuir por100.0%	;0	;Disminuir por100.0%	;Disminuir por100.0%	;
2085	;08/26 20:00 - 21:00	;0	;Disminuir por100.0%	;Disminuir por100.0%	;0	;Disminuir por100.0%	;Disminuir por100.0%	;0	; --%	; --%	;0	;Disminuir por100.0%	; --%	;0	; --%	;Disminuir por100.0%	;0	;Disminuir por100.0%	;Disminuir por100.0%	;
2086	;08/26 21:00 - 22:00	;0	;Disminuir por100.0%	;Disminuir por100.0%	;0	;Disminuir por100.0%	;Disminuir por100.0%	;0	; --%	; --%	;0	;Disminuir por100.0%	; --%	;0	; --%	;Disminuir por100.0%	;0	; --%	;Disminuir por100.0%	;
2087	;08/26 22:00 - 23:00	;0	;Disminuir por100.0%	;Disminuir por100.0%	;0	;Disminuir por100.0%	;Disminuir por100.0%	;0	; --%	; --%	;0	; --%	; --%	;0	; --%	;Disminuir por100.0%	;0	; --%	;Disminuir por100.0%	;
2088	;08/26 23:00 - 24:00	;0	;Disminuir por100.0%	;Disminuir por100.0%	;0	;Disminuir por100.0%	;Disminuir por100.0%	;0	; --%	; --%	;0	; --%	; --%	;0	; --%	;Disminuir por100.0%	;0	;Disminuir por100.0%	;Disminuir por100.0%	;
2089	;08/27 00:00 - 01:00	;0	;Disminuir por100.0%	;Disminuir por100.0%	;0	;Disminuir por100.0%	;Disminuir por100.0%	;0	; --%	; --%	;0	; --%	; --%	;0	; --%	; --%	;0	; --%	; --%	;
2090	;08/27 01:00 - 02:00	;0	;Disminuir por100.0%	;Disminuir por100.0%	;0	; --%	;Disminuir por100.0%	;0	; --%	; --%	;0	; --%	; --%	;0	; --%	; --%	;0	;Disminuir por100.0%	;Disminuir por100.0%	;
2091	;08/27 02:00 - 03:00	;0	; --%	;Disminuir por100.0%	;0	; --%	;Disminuir por100.0%	;0	; --%	;Disminuir por100.0%	;0	; --%	; --%	;0	; --%	; --%	;0	; --%	; --%	;
2092	;08/27 03:00 - 04:00	;0	; --%	;Disminuir por100.0%	;0	; --%	; --%	;0	; --%	; --%	;0	; --%	; --%	;0	; --%	; --%	;0	; --%	; --%	;
2093	;08/27 04:00 - 05:00	;0	; --%	;Disminuir por100.0%	;0	; --%	;Disminuir por100.0%	;0	; --%	; --%	;0	; --%	;Disminuir por100.0%	;0	; --%	; --%	;0	; --%	;Disminuir por100.0%	;
2094	;08/27 05:00 - 06:00	;0	; --%	;Disminuir por100.0%	;0	; --%	; --%	;0	; --%	;Disminuir por100.0%	;0	; --%	;Disminuir por100.0%	;0	; --%	; --%	;0	; --%	; --%	;
2095	;08/27 06:00 - 07:00	;0	;Disminuir por100.0%	;Disminuir por100.0%	;0	;Disminuir por100.0%	;Disminuir por100.0%	;0	; --%	;Disminuir por100.0%	;0	;Disminuir por100.0%	;Disminuir por100.0%	;0	; --%	; --%	;0	; --%	;Disminuir por100.0%	;
2096	;08/27 07:00 - 08:00	;0	;Disminuir por100.0%	;Disminuir por100.0%	;0	;Disminuir por100.0%	;Disminuir por100.0%	;0	; --%	; --%	;0	;Disminuir por100.0%	;Disminuir por100.0%	;0	; --%	; --%	;0	; --%	; --%	;
2097	;08/27 08:00 - 09:00	;0	;Disminuir por100.0%	;Disminuir por100.0%	;0	;Disminuir por100.0%	;Disminuir por100.0%	;0	; --%	; --%	;0	;Disminuir por100.0%	;Disminuir por100.0%	;0	;Disminuir por100.0%	;Disminuir por100.0%	;0	;Disminuir por100.0%	;Disminuir por100.0%	;
2098	;08/27 09:00 - 10:00	;0	;Disminuir por100.0%	;Disminuir por100.0%	;0	;Disminuir por100.0%	;Disminuir por100.0%	;0	; --%	; --%	;0	;Disminuir por100.0%	;Disminuir por100.0%	;0	;Disminuir por100.0%	; --%	;0	;Disminuir por100.0%	;Disminuir por100.0%	;
2099	;08/27 10:00 - 11:00	;0	;Disminuir por100.0%	;Disminuir por100.0%	;0	;Disminuir por100.0%	;Disminuir por100.0%	;0	;Disminuir por100.0%	;Disminuir por100.0%	;0	;Disminuir por100.0%	;Disminuir por100.0%	;0	; --%	; --%	;0	; --%	;Disminuir por100.0%	;
2100	;08/27 11:00 - 12:00	;0	;Disminuir por100.0%	;Disminuir por100.0%	;0	;Disminuir por100.0%	;Disminuir por100.0%	;0	; --%	;Disminuir por100.0%	;0	;Disminuir por100.0%	;Disminuir por100.0%	;0	; --%	;Disminuir por100.0%	;0	;Disminuir por100.0%	;Disminuir por100.0%	;
2101	;08/27 12:00 - 13:00	;0	;Disminuir por100.0%	;Disminuir por100.0%	;0	;Disminuir por100.0%	;Disminuir por100.0%	;0	; --%	;Disminuir por100.0%	;0	;Disminuir por100.0%	;Disminuir por100.0%	;0	; --%	;Disminuir por100.0%	;0	;Disminuir por100.0%	;Disminuir por100.0%	;
2102	;08/27 13:00 - 14:00	;0	;Disminuir por100.0%	;Disminuir por100.0%	;0	;Disminuir por100.0%	;Disminuir por100.0%	;0	; --%	;Disminuir por100.0%	;0	; --%	;Disminuir por100.0%	;0	; --%	;Disminuir por100.0%	;0	;Disminuir por100.0%	;Disminuir por100.0%	;
2103	;08/27 14:00 - 15:00	;0	;Disminuir por100.0%	;Disminuir por100.0%	;0	;Disminuir por100.0%	;Disminuir por100.0%	;0	; --%	; --%	;0	;Disminuir por100.0%	;Disminuir por100.0%	;0	; --%	;Disminuir por100.0%	;0	;Disminuir por100.0%	;Disminuir por100.0%	;
2104	;08/27 15:00 - 16:00	;0	;Disminuir por100.0%	;Disminuir por100.0%	;0	;Disminuir por100.0%	;Disminuir por100.0%	;0	; --%	; --%	;0	;Disminuir por100.0%	;Disminuir por100.0%	;0	; --%	;Disminuir por100.0%	;0	;Disminuir por100.0%	;Disminuir por100.0%	;
2105	;08/27 16:00 - 17:00	;0	;Disminuir por100.0%	;Disminuir por100.0%	;0	;Disminuir por100.0%	;Disminuir por100.0%	;0	; --%	; --%	;0	;Disminuir por100.0%	;Disminuir por100.0%	;0	; --%	; --%	;0	;Disminuir por100.0%	;Disminuir por100.0%	;
2106	;08/27 17:00 - 18:00	;0	;Disminuir por100.0%	;Disminuir por100.0%	;0	;Disminuir por100.0%	;Disminuir por100.0%	;0	; --%	; --%	;0	;Disminuir por100.0%	;Disminuir por100.0%	;0	; --%	;Disminuir por100.0%	;0	;Disminuir por100.0%	;Disminuir por100.0%	;
2107	;08/27 18:00 - 19:00	;0	;Disminuir por100.0%	;Disminuir por100.0%	;0	;Disminuir por100.0%	;Disminuir por100.0%	;0	; --%	; --%	;0	;Disminuir por100.0%	; --%	;0	;Disminuir por100.0%	;Disminuir por100.0%	;0	;Disminuir por100.0%	;Disminuir por100.0%	;
2108	;08/27 19:00 - 20:00	;0	;Disminuir por100.0%	;Disminuir por100.0%	;0	;Disminuir por100.0%	;Disminuir por100.0%	;0	; --%	; --%	;0	;Disminuir por100.0%	; --%	;0	; --%	;Disminuir por100.0%	;0	;Disminuir por100.0%	;Disminuir por100.0%	;
2109	;08/27 20:00 - 21:00	;0	;Disminuir por100.0%	;Disminuir por100.0%	;0	;Disminuir por100.0%	;Disminuir por100.0%	;0	; --%	; --%	;0	;Disminuir por100.0%	; --%	;0	;Disminuir por100.0%	;Disminuir por100.0%	;0	;Disminuir por100.0%	;Disminuir por100.0%	;
2110	;08/27 21:00 - 22:00	;0	;Disminuir por100.0%	;Disminuir por100.0%	;0	;Disminuir por100.0%	;Disminuir por100.0%	;0	; --%	; --%	;0	; --%	; --%	;0	; --%	;Disminuir por100.0%	;0	;Disminuir por100.0%	;Disminuir por100.0%	;
2111	;08/27 22:00 - 23:00	;0	;Disminuir por100.0%	;Disminuir por100.0%	;0	;Disminuir por100.0%	;Disminuir por100.0%	;0	; --%	; --%	;0	; --%	; --%	;0	; --%	;Disminuir por100.0%	;0	; --%	;Disminuir por100.0%	;
2112	;08/27 23:00 - 24:00	;0	;Disminuir por100.0%	;Disminuir por100.0%	;0	;Disminuir por100.0%	;Disminuir por100.0%	;0	; --%	; --%	;0	; --%	; --%	;0	; --%	;Disminuir por100.0%	;0	;Disminuir por100.0%	;Disminuir por100.0%	;
2113	;08/28 00:00 - 01:00	;0	;Disminuir por100.0%	;Disminuir por100.0%	;0	;Disminuir por100.0%	;Disminuir por100.0%	;0	; --%	; --%	;0	; --%	;Disminuir por100.0%	;0	; --%	;Disminuir por100.0%	;0	; --%	;Disminuir por100.0%	;
2114	;08/28 01:00 - 02:00	;0	; --%	;Disminuir por100.0%	;0	; --%	;Disminuir por100.0%	;0	; --%	; --%	;0	; --%	;Disminuir por100.0%	;0	; --%	; --%	;0	; --%	; --%	;
2115	;08/28 02:00 - 03:00	;0	;Disminuir por100.0%	;Disminuir por100.0%	;0	; --%	;Disminuir por100.0%	;0	; --%	; --%	;0	; --%	; --%	;0	; --%	; --%	;0	; --%	; --%	;
2116	;08/28 03:00 - 04:00	;0	; --%	;Disminuir por100.0%	;0	;Disminuir por100.0%	;Disminuir por100.0%	;0	; --%	;Disminuir por100.0%	;0	; --%	;Disminuir por100.0%	;0	; --%	; --%	;0	; --%	;Disminuir por100.0%	;
2117	;08/28 04:00 - 05:00	;0	; --%	;Disminuir por100.0%	;0	; --%	; --%	;0	; --%	; --%	;0	; --%	; --%	;0	; --%	; --%	;0	; --%	; --%	;
2118	;08/28 05:00 - 06:00	;0	; --%	; --%	;0	; --%	; --%	;0	; --%	; --%	;0	; --%	; --%	;0	; --%	; --%	;0	; --%	; --%	;
2119	;08/28 06:00 - 07:00	;0	;Disminuir por100.0%	;Disminuir por100.0%	;0	;Disminuir por100.0%	;Disminuir por100.0%	;0	; --%	; --%	;0	; --%	;Disminuir por100.0%	;0	; --%	; --%	;0	; --%	;Disminuir por100.0%	;
2120	;08/28 07:00 - 08:00	;0	;Disminuir por100.0%	;Disminuir por100.0%	;0	;Disminuir por100.0%	;Disminuir por100.0%	;0	; --%	;Disminuir por100.0%	;0	;Disminuir por100.0%	;Disminuir por100.0%	;0	; --%	;Disminuir por100.0%	;0	;Disminuir por100.0%	; --%	;
2121	;08/28 08:00 - 09:00	;0	;Disminuir por100.0%	;Disminuir por100.0%	;0	;Disminuir por100.0%	;Disminuir por100.0%	;0	; --%	; --%	;0	;Disminuir por100.0%	;Disminuir por100.0%	;0	;Disminuir por100.0%	; --%	;0	;Disminuir por100.0%	;Disminuir por100.0%	;
2122	;08/28 09:00 - 10:00	;0	;Disminuir por100.0%	;Disminuir por100.0%	;0	;Disminuir por100.0%	;Disminuir por100.0%	;0	; --%	; --%	;0	;Disminuir por100.0%	;Disminuir por100.0%	;0	; --%	; --%	;0	;Disminuir por100.0%	;Disminuir por100.0%	;
2123	;08/28 10:00 - 11:00	;0	;Disminuir por100.0%	;Disminuir por100.0%	;0	;Disminuir por100.0%	;Disminuir por100.0%	;0	;Disminuir por100.0%	;Disminuir por100.0%	;0	;Disminuir por100.0%	;Disminuir por100.0%	;0	;Disminuir por100.0%	;Disminuir por100.0%	;0	;Disminuir por100.0%	;Disminuir por100.0%	;
2124	;08/28 11:00 - 12:00	;0	;Disminuir por100.0%	;Disminuir por100.0%	;0	;Disminuir por100.0%	;Disminuir por100.0%	;0	; --%	; --%	;0	;Disminuir por100.0%	;Disminuir por100.0%	;0	;Disminuir por100.0%	;Disminuir por100.0%	;0	;Disminuir por100.0%	;Disminuir por100.0%	;
2125	;08/28 12:00 - 13:00	;0	;Disminuir por100.0%	;Disminuir por100.0%	;0	;Disminuir por100.0%	;Disminuir por100.0%	;0	; --%	; --%	;0	;Disminuir por100.0%	;Disminuir por100.0%	;0	; --%	;Disminuir por100.0%	;0	;Disminuir por100.0%	;Disminuir por100.0%	;
2126	;08/28 13:00 - 14:00	;0	;Disminuir por100.0%	;Disminuir por100.0%	;0	;Disminuir por100.0%	;Disminuir por100.0%	;0	; --%	; --%	;0	;Disminuir por100.0%	; --%	;0	; --%	;Disminuir por100.0%	;0	; --%	;Disminuir por100.0%	;
2127	;08/28 14:00 - 15:00	;0	;Disminuir por100.0%	;Disminuir por100.0%	;0	;Disminuir por100.0%	;Disminuir por100.0%	;0	; --%	; --%	;0	;Disminuir por100.0%	;Disminuir por100.0%	;0	;Disminuir por100.0%	; --%	;0	;Disminuir por100.0%	;Disminuir por100.0%	;
2128	;08/28 15:00 - 16:00	;0	;Disminuir por100.0%	;Disminuir por100.0%	;0	;Disminuir por100.0%	;Disminuir por100.0%	;0	; --%	; --%	;0	;Disminuir por100.0%	; --%	;0	;Disminuir por100.0%	;Disminuir por100.0%	;0	;Disminuir por100.0%	;Disminuir por100.0%	;
2129	;08/28 16:00 - 17:00	;0	;Disminuir por100.0%	;Disminuir por100.0%	;0	;Disminuir por100.0%	;Disminuir por100.0%	;0	; --%	; --%	;0	;Disminuir por100.0%	;Disminuir por100.0%	;0	;Disminuir por100.0%	;Disminuir por100.0%	;0	;Disminuir por100.0%	;Disminuir por100.0%	;
2130	;08/28 17:00 - 18:00	;0	;Disminuir por100.0%	;Disminuir por100.0%	;0	;Disminuir por100.0%	;Disminuir por100.0%	;0	; --%	; --%	;0	;Disminuir por100.0%	;Disminuir por100.0%	;0	; --%	;Disminuir por100.0%	;0	;Disminuir por100.0%	;Disminuir por100.0%	;
2131	;08/28 18:00 - 19:00	;0	;Disminuir por100.0%	;Disminuir por100.0%	;0	;Disminuir por100.0%	;Disminuir por100.0%	;0	; --%	; --%	;0	;Disminuir por100.0%	;Disminuir por100.0%	;0	; --%	;Disminuir por100.0%	;0	;Disminuir por100.0%	;Disminuir por100.0%	;
2132	;08/28 19:00 - 20:00	;0	;Disminuir por100.0%	;Disminuir por100.0%	;0	;Disminuir por100.0%	;Disminuir por100.0%	;0	; --%	; --%	;0	;Disminuir por100.0%	; --%	;0	;Disminuir por100.0%	; --%	;0	;Disminuir por100.0%	;Disminuir por100.0%	;
2133	;08/28 20:00 - 21:00	;0	;Disminuir por100.0%	;Disminuir por100.0%	;0	;Disminuir por100.0%	;Disminuir por100.0%	;0	; --%	; --%	;0	; --%	; --%	;0	;Disminuir por100.0%	;Disminuir por100.0%	;0	;Disminuir por100.0%	;Disminuir por100.0%	;
2134	;08/28 21:00 - 22:00	;0	;Disminuir por100.0%	;Disminuir por100.0%	;0	;Disminuir por100.0%	;Disminuir por100.0%	;0	; --%	; --%	;0	; --%	; --%	;0	;Disminuir por100.0%	;Disminuir por100.0%	;0	;Disminuir por100.0%	;Disminuir por100.0%	;
2135	;08/28 22:00 - 23:00	;0	;Disminuir por100.0%	;Disminuir por100.0%	;0	;Disminuir por100.0%	;Disminuir por100.0%	;0	; --%	; --%	;0	; --%	; --%	;0	; --%	;Disminuir por100.0%	;0	;Disminuir por100.0%	;Disminuir por100.0%	;
2136	;08/28 23:00 - 24:00	;0	;Disminuir por100.0%	;Disminuir por100.0%	;0	;Disminuir por100.0%	;Disminuir por100.0%	;0	; --%	; --%	;0	; --%	; --%	;0	; --%	;Disminuir por100.0%	;0	;Disminuir por100.0%	;Disminuir por100.0%	;
2137	;08/29 00:00 - 01:00	;0	;Disminuir por100.0%	;Disminuir por100.0%	;0	;Disminuir por100.0%	;Disminuir por100.0%	;0	; --%	; --%	;0	; --%	; --%	;0	; --%	;Disminuir por100.0%	;0	; --%	;Disminuir por100.0%	;
2138	;08/29 01:00 - 02:00	;0	; --%	;Disminuir por100.0%	;0	;Disminuir por100.0%	;Disminuir por100.0%	;0	; --%	; --%	;0	; --%	;Disminuir por100.0%	;0	; --%	; --%	;0	;Disminuir por100.0%	;Disminuir por100.0%	;
2139	;08/29 02:00 - 03:00	;0	;Disminuir por100.0%	;Disminuir por100.0%	;0	;Disminuir por100.0%	;Disminuir por100.0%	;0	; --%	; --%	;0	; --%	; --%	;0	; --%	;Disminuir por100.0%	;0	; --%	; --%	;
2140	;08/29 03:00 - 04:00	;0	;Disminuir por100.0%	;Disminuir por100.0%	;0	; --%	;Disminuir por100.0%	;0	; --%	; --%	;0	; --%	;Disminuir por100.0%	;0	; --%	; --%	;0	; --%	;Disminuir por100.0%	;
2141	;08/29 04:00 - 05:00	;0	; --%	; --%	;0	; --%	; --%	;0	;Disminuir por100.0%	; --%	;0	; --%	; --%	;0	; --%	; --%	;0	; --%	; --%	;
2142	;08/29 05:00 - 06:00	;0	; --%	;Disminuir por100.0%	;0	;Disminuir por100.0%	;Disminuir por100.0%	;0	; --%	; --%	;0	; --%	; --%	;0	; --%	;Disminuir por100.0%	;0	; --%	; --%	;
2143	;08/29 06:00 - 07:00	;0	;Disminuir por100.0%	;Disminuir por100.0%	;0	;Disminuir por100.0%	;Disminuir por100.0%	;0	; --%	;Disminuir por100.0%	;0	; --%	;Disminuir por100.0%	;0	; --%	; --%	;0	;Disminuir por100.0%	; --%	;
2144	;08/29 07:00 - 08:00	;0	;Disminuir por100.0%	;Disminuir por100.0%	;0	;Disminuir por100.0%	;Disminuir por100.0%	;0	;Disminuir por100.0%	; --%	;0	;Disminuir por100.0%	;Disminuir por100.0%	;0	; --%	; --%	;0	; --%	; --%	;
2145	;08/29 08:00 - 09:00	;0	;Disminuir por100.0%	;Disminuir por100.0%	;0	;Disminuir por100.0%	;Disminuir por100.0%	;0	; --%	; --%	;0	;Disminuir por100.0%	;Disminuir por100.0%	;0	;Disminuir por100.0%	; --%	;0	;Disminuir por100.0%	;Disminuir por100.0%	;
2146	;08/29 09:00 - 10:00	;0	;Disminuir por100.0%	;Disminuir por100.0%	;0	;Disminuir por100.0%	;Disminuir por100.0%	;0	; --%	; --%	;0	;Disminuir por100.0%	;Disminuir por100.0%	;0	;Disminuir por100.0%	;Disminuir por100.0%	;0	;Disminuir por100.0%	;Disminuir por100.0%	;
2147	;08/29 10:00 - 11:00	;0	;Disminuir por100.0%	;Disminuir por100.0%	;0	;Disminuir por100.0%	;Disminuir por100.0%	;0	; --%	;Disminuir por100.0%	;0	;Disminuir por100.0%	;Disminuir por100.0%	;0	;Disminuir por100.0%	;Disminuir por100.0%	;0	;Disminuir por100.0%	;Disminuir por100.0%	;
2148	;08/29 11:00 - 12:00	;0	;Disminuir por100.0%	;Disminuir por100.0%	;0	;Disminuir por100.0%	;Disminuir por100.0%	;0	; --%	; --%	;0	;Disminuir por100.0%	;Disminuir por100.0%	;0	; --%	;Disminuir por100.0%	;0	;Disminuir por100.0%	;Disminuir por100.0%	;
2149	;08/29 12:00 - 13:00	;0	;Disminuir por100.0%	;Disminuir por100.0%	;0	;Disminuir por100.0%	;Disminuir por100.0%	;0	; --%	; --%	;0	;Disminuir por100.0%	;Disminuir por100.0%	;0	;Disminuir por100.0%	; --%	;0	;Disminuir por100.0%	;Disminuir por100.0%	;
2150	;08/29 13:00 - 14:00	;0	;Disminuir por100.0%	;Disminuir por100.0%	;0	;Disminuir por100.0%	;Disminuir por100.0%	;0	; --%	; --%	;0	;Disminuir por100.0%	;Disminuir por100.0%	;0	; --%	;Disminuir por100.0%	;0	;Disminuir por100.0%	;Disminuir por100.0%	;
2151	;08/29 14:00 - 15:00	;0	;Disminuir por100.0%	;Disminuir por100.0%	;0	;Disminuir por100.0%	;Disminuir por100.0%	;0	; --%	; --%	;0	;Disminuir por100.0%	;Disminuir por100.0%	;0	; --%	;Disminuir por100.0%	;0	;Disminuir por100.0%	;Disminuir por100.0%	;
2152	;08/29 15:00 - 16:00	;0	;Disminuir por100.0%	;Disminuir por100.0%	;0	;Disminuir por100.0%	;Disminuir por100.0%	;0	; --%	; --%	;0	;Disminuir por100.0%	;Disminuir por100.0%	;0	;Disminuir por100.0%	; --%	;0	;Disminuir por100.0%	;Disminuir por100.0%	;
2153	;08/29 16:00 - 17:00	;0	;Disminuir por100.0%	;Disminuir por100.0%	;0	;Disminuir por100.0%	;Disminuir por100.0%	;0	; --%	; --%	;0	; --%	;Disminuir por100.0%	;0	;Disminuir por100.0%	;Disminuir por100.0%	;0	; --%	;Disminuir por100.0%	;
2154	;08/29 17:00 - 18:00	;0	;Disminuir por100.0%	;Disminuir por100.0%	;0	;Disminuir por100.0%	;Disminuir por100.0%	;0	; --%	; --%	;0	;Disminuir por100.0%	;Disminuir por100.0%	;0	; --%	;Disminuir por100.0%	;0	;Disminuir por100.0%	;Disminuir por100.0%	;
2155	;08/29 18:00 - 19:00	;0	;Disminuir por100.0%	;Disminuir por100.0%	;0	;Disminuir por100.0%	;Disminuir por100.0%	;0	; --%	; --%	;0	;Disminuir por100.0%	; --%	;0	;Disminuir por100.0%	;Disminuir por100.0%	;0	;Disminuir por100.0%	;Disminuir por100.0%	;
2156	;08/29 19:00 - 20:00	;0	;Disminuir por100.0%	;Disminuir por100.0%	;0	;Disminuir por100.0%	;Disminuir por100.0%	;0	; --%	; --%	;0	; --%	; --%	;0	;Disminuir por100.0%	;Disminuir por100.0%	;0	;Disminuir por100.0%	;Disminuir por100.0%	;
2157	;08/29 20:00 - 21:00	;0	;Disminuir por100.0%	;Disminuir por100.0%	;0	;Disminuir por100.0%	;Disminuir por100.0%	;0	; --%	; --%	;0	; --%	; --%	;0	;Disminuir por100.0%	;Disminuir por100.0%	;0	;Disminuir por100.0%	;Disminuir por100.0%	;
2158	;08/29 21:00 - 22:00	;0	;Disminuir por100.0%	;Disminuir por100.0%	;0	;Disminuir por100.0%	;Disminuir por100.0%	;0	; --%	; --%	;0	; --%	; --%	;0	;Disminuir por100.0%	;Disminuir por100.0%	;0	;Disminuir por100.0%	;Disminuir por100.0%	;
2159	;08/29 22:00 - 23:00	;0	;Disminuir por100.0%	;Disminuir por100.0%	;0	;Disminuir por100.0%	;Disminuir por100.0%	;0	; --%	; --%	;0	; --%	; --%	;0	; --%	;Disminuir por100.0%	;0	;Disminuir por100.0%	;Disminuir por100.0%	;
2160	;08/29 23:00 - 24:00	;0	;Disminuir por100.0%	;Disminuir por100.0%	;0	;Disminuir por100.0%	;Disminuir por100.0%	;0	; --%	; --%	;0	; --%	; --%	;0	;Disminuir por100.0%	;Disminuir por100.0%	;0	;Disminuir por100.0%	;Disminuir por100.0%	;
2161	;08/30 00:00 - 01:00	;0	;Disminuir por100.0%	;Disminuir por100.0%	;0	;Disminuir por100.0%	;Disminuir por100.0%	;0	; --%	; --%	;0	; --%	; --%	;0	;Disminuir por100.0%	;Disminuir por100.0%	;0	;Disminuir por100.0%	;Disminuir por100.0%	;
2162	;08/30 01:00 - 02:00	;0	;Disminuir por100.0%	;Disminuir por100.0%	;0	;Disminuir por100.0%	;Disminuir por100.0%	;0	; --%	; --%	;0	; --%	;Disminuir por100.0%	;0	; --%	;Disminuir por100.0%	;0	;Disminuir por100.0%	;Disminuir por100.0%	;
2163	;08/30 02:00 - 03:00	;0	;Disminuir por100.0%	;Disminuir por100.0%	;0	;Disminuir por100.0%	;Disminuir por100.0%	;0	; --%	; --%	;0	; --%	;Disminuir por100.0%	;0	; --%	;Disminuir por100.0%	;0	; --%	;Disminuir por100.0%	;
2164	;08/30 03:00 - 04:00	;0	;Disminuir por100.0%	;Disminuir por100.0%	;0	; --%	;Disminuir por100.0%	;0	; --%	;Disminuir por100.0%	;0	; --%	;Disminuir por100.0%	;0	; --%	;Disminuir por100.0%	;0	; --%	;Disminuir por100.0%	;
2165	;08/30 04:00 - 05:00	;0	; --%	;Disminuir por100.0%	;0	;Disminuir por100.0%	;Disminuir por100.0%	;0	; --%	; --%	;0	; --%	;Disminuir por100.0%	;0	; --%	; --%	;0	; --%	; --%	;
2166	;08/30 05:00 - 06:00	;0	;Disminuir por100.0%	;Disminuir por100.0%	;0	;Disminuir por100.0%	; --%	;0	;Disminuir por100.0%	; --%	;0	;Disminuir por100.0%	; --%	;0	; --%	;Disminuir por100.0%	;0	; --%	; --%	;
2167	;08/30 06:00 - 07:00	;0	;Disminuir por100.0%	;Disminuir por100.0%	;0	;Disminuir por100.0%	; --%	;0	; --%	; --%	;0	; --%	; --%	;0	;Disminuir por100.0%	; --%	;0	;Disminuir por100.0%	;Disminuir por100.0%	;
2168	;08/30 07:00 - 08:00	;0	;Disminuir por100.0%	;Disminuir por100.0%	;0	;Disminuir por100.0%	;Disminuir por100.0%	;0	; --%	; --%	;0	;Disminuir por100.0%	; --%	;0	; --%	; --%	;0	;Disminuir por100.0%	; --%	;
2169	;08/30 08:00 - 09:00	;0	;Disminuir por100.0%	;Disminuir por100.0%	;0	;Disminuir por100.0%	;Disminuir por100.0%	;0	;Disminuir por100.0%	; --%	;0	;Disminuir por100.0%	;Disminuir por100.0%	;0	; --%	;Disminuir por100.0%	;0	;Disminuir por100.0%	;Disminuir por100.0%	;
2170	;08/30 09:00 - 10:00	;0	;Disminuir por100.0%	;Disminuir por100.0%	;0	;Disminuir por100.0%	;Disminuir por100.0%	;0	; --%	; --%	;0	;Disminuir por100.0%	;Disminuir por100.0%	;0	;Disminuir por100.0%	; --%	;0	;Disminuir por100.0%	;Disminuir por100.0%	;
2171	;08/30 10:00 - 11:00	;0	;Disminuir por100.0%	;Disminuir por100.0%	;0	;Disminuir por100.0%	;Disminuir por100.0%	;0	;Disminuir por100.0%	; --%	;0	;Disminuir por100.0%	;Disminuir por100.0%	;0	;Disminuir por100.0%	;Disminuir por100.0%	;0	;Disminuir por100.0%	;Disminuir por100.0%	;
2172	;08/30 11:00 - 12:00	;0	;Disminuir por100.0%	;Disminuir por100.0%	;0	;Disminuir por100.0%	;Disminuir por100.0%	;0	; --%	; --%	;0	;Disminuir por100.0%	;Disminuir por100.0%	;0	;Disminuir por100.0%	;Disminuir por100.0%	;0	;Disminuir por100.0%	;Disminuir por100.0%	;
2173	;08/30 12:00 - 13:00	;0	;Disminuir por100.0%	;Disminuir por100.0%	;0	;Disminuir por100.0%	;Disminuir por100.0%	;0	; --%	; --%	;0	;Disminuir por100.0%	;Disminuir por100.0%	;0	; --%	;Disminuir por100.0%	;0	;Disminuir por100.0%	;Disminuir por100.0%	;
2174	;08/30 13:00 - 14:00	;0	;Disminuir por100.0%	;Disminuir por100.0%	;0	;Disminuir por100.0%	;Disminuir por100.0%	;0	; --%	; --%	;0	;Disminuir por100.0%	;Disminuir por100.0%	;0	;Disminuir por100.0%	;Disminuir por100.0%	;0	;Disminuir por100.0%	;Disminuir por100.0%	;
2175	;08/30 14:00 - 15:00	;0	;Disminuir por100.0%	;Disminuir por100.0%	;0	;Disminuir por100.0%	;Disminuir por100.0%	;0	; --%	; --%	;0	;Disminuir por100.0%	;Disminuir por100.0%	;0	;Disminuir por100.0%	;Disminuir por100.0%	;0	;Disminuir por100.0%	; --%	;
2176	;08/30 15:00 - 16:00	;0	;Disminuir por100.0%	;Disminuir por100.0%	;0	;Disminuir por100.0%	;Disminuir por100.0%	;0	; --%	; --%	;0	;Disminuir por100.0%	; --%	;0	;Disminuir por100.0%	; --%	;0	; --%	;Disminuir por100.0%	;
2177	;08/30 16:00 - 17:00	;0	;Disminuir por100.0%	;Disminuir por100.0%	;0	;Disminuir por100.0%	;Disminuir por100.0%	;0	; --%	; --%	;0	; --%	;Disminuir por100.0%	;0	;Disminuir por100.0%	;Disminuir por100.0%	;0	;Disminuir por100.0%	;Disminuir por100.0%	;
2178	;08/30 17:00 - 18:00	;0	;Disminuir por100.0%	;Disminuir por100.0%	;0	;Disminuir por100.0%	;Disminuir por100.0%	;0	; --%	; --%	;0	; --%	;Disminuir por100.0%	;0	;Disminuir por100.0%	; --%	;0	;Disminuir por100.0%	;Disminuir por100.0%	;
2179	;08/30 18:00 - 19:00	;0	;Disminuir por100.0%	;Disminuir por100.0%	;0	;Disminuir por100.0%	;Disminuir por100.0%	;0	; --%	; --%	;0	; --%	; --%	;0	;Disminuir por100.0%	; --%	;0	;Disminuir por100.0%	;Disminuir por100.0%	;
2180	;08/30 19:00 - 20:00	;0	;Disminuir por100.0%	;Disminuir por100.0%	;0	;Disminuir por100.0%	;Disminuir por100.0%	;0	; --%	; --%	;0	; --%	; --%	;0	;Disminuir por100.0%	;Disminuir por100.0%	;0	;Disminuir por100.0%	;Disminuir por100.0%	;
2181	;08/30 20:00 - 21:00	;0	;Disminuir por100.0%	;Disminuir por100.0%	;0	;Disminuir por100.0%	;Disminuir por100.0%	;0	; --%	; --%	;0	; --%	; --%	;0	;Disminuir por100.0%	;Disminuir por100.0%	;0	;Disminuir por100.0%	;Disminuir por100.0%	;
2182	;08/30 21:00 - 22:00	;0	;Disminuir por100.0%	;Disminuir por100.0%	;0	;Disminuir por100.0%	;Disminuir por100.0%	;0	; --%	; --%	;0	; --%	; --%	;0	;Disminuir por100.0%	;Disminuir por100.0%	;0	;Disminuir por100.0%	;Disminuir por100.0%	;
2183	;08/30 22:00 - 23:00	;0	;Disminuir por100.0%	;Disminuir por100.0%	;0	;Disminuir por100.0%	;Disminuir por100.0%	;0	; --%	; --%	;0	; --%	; --%	;0	;Disminuir por100.0%	;Disminuir por100.0%	;0	;Disminuir por100.0%	;Disminuir por100.0%	;
2184	;08/30 23:00 - 24:00	;0	;Disminuir por100.0%	;Disminuir por100.0%	;0	;Disminuir por100.0%	;Disminuir por100.0%	;0	; --%	; --%	;0	; --%	; --%	;0	;Disminuir por100.0%	;Disminuir por100.0%	;0	;Disminuir por100.0%	;Disminuir por100.0%	;
2185	;08/31 00:00 - 01:00	;0	;Disminuir por100.0%	;Disminuir por100.0%	;0	;Disminuir por100.0%	;Disminuir por100.0%	;0	; --%	; --%	;0	; --%	; --%	;0	;Disminuir por100.0%	;Disminuir por100.0%	;0	;Disminuir por100.0%	;Disminuir por100.0%	;
2186	;08/31 01:00 - 02:00	;0	;Disminuir por100.0%	;Disminuir por100.0%	;0	;Disminuir por100.0%	;Disminuir por100.0%	;0	; --%	; --%	;0	; --%	; --%	;0	;Disminuir por100.0%	;Disminuir por100.0%	;0	;Disminuir por100.0%	; --%	;
2187	;08/31 02:00 - 03:00	;0	;Disminuir por100.0%	;Disminuir por100.0%	;0	;Disminuir por100.0%	;Disminuir por100.0%	;0	; --%	;Disminuir por100.0%	;0	; --%	;Disminuir por100.0%	;0	; --%	; --%	;0	; --%	; --%	;
2188	;08/31 03:00 - 04:00	;0	;Disminuir por100.0%	;Disminuir por100.0%	;0	;Disminuir por100.0%	;Disminuir por100.0%	;0	; --%	;Disminuir por100.0%	;0	; --%	;Disminuir por100.0%	;0	; --%	; --%	;0	; --%	; --%	;
2189	;08/31 04:00 - 05:00	;0	;Disminuir por100.0%	;Disminuir por100.0%	;0	;Disminuir por100.0%	;Disminuir por100.0%	;0	; --%	; --%	;0	; --%	; --%	;0	; --%	; --%	;0	; --%	; --%	;
2190	;08/31 05:00 - 06:00	;0	;Disminuir por100.0%	;Disminuir por100.0%	;0	;Disminuir por100.0%	; --%	;0	;Disminuir por100.0%	; --%	;0	;Disminuir por100.0%	; --%	;0	; --%	;Disminuir por100.0%	;0	; --%	;Disminuir por100.0%	;
2191	;08/31 06:00 - 07:00	;0	;Disminuir por100.0%	;Disminuir por100.0%	;0	;Disminuir por100.0%	;Disminuir por100.0%	;0	; --%	; --%	;0	;Disminuir por100.0%	; --%	;0	;Disminuir por100.0%	; --%	;0	; --%	; --%	;
2192	;08/31 07:00 - 08:00	;0	;Disminuir por100.0%	;Disminuir por100.0%	;0	;Disminuir por100.0%	;Disminuir por100.0%	;0	; --%	; --%	;0	;Disminuir por100.0%	; --%	;0	; --%	; --%	;0	;Disminuir por100.0%	; --%	;
2193	;08/31 08:00 - 09:00	;0	;Disminuir por100.0%	;Disminuir por100.0%	;0	;Disminuir por100.0%	;Disminuir por100.0%	;0	; --%	; --%	;0	; --%	;Disminuir por100.0%	;0	;Disminuir por100.0%	;Disminuir por100.0%	;0	;Disminuir por100.0%	; --%	;
2194	;08/31 09:00 - 10:00	;0	;Disminuir por100.0%	;Disminuir por100.0%	;0	;Disminuir por100.0%	;Disminuir por100.0%	;0	; --%	; --%	;0	;Disminuir por100.0%	;Disminuir por100.0%	;0	;Disminuir por100.0%	; --%	;0	;Disminuir por100.0%	;Disminuir por100.0%	;
2195	;08/31 10:00 - 11:00	;0	;Disminuir por100.0%	;Disminuir por100.0%	;0	;Disminuir por100.0%	;Disminuir por100.0%	;0	; --%	; --%	;0	;Disminuir por100.0%	;Disminuir por100.0%	;0	;Disminuir por100.0%	;Disminuir por100.0%	;0	;Disminuir por100.0%	;Disminuir por100.0%	;
2196	;08/31 11:00 - 12:00	;0	;Disminuir por100.0%	;Disminuir por100.0%	;0	;Disminuir por100.0%	;Disminuir por100.0%	;0	; --%	; --%	;0	;Disminuir por100.0%	; --%	;0	;Disminuir por100.0%	;Disminuir por100.0%	;0	; --%	;Disminuir por100.0%	;
2197	;08/31 12:00 - 13:00	;0	;Disminuir por100.0%	;Disminuir por100.0%	;0	;Disminuir por100.0%	;Disminuir por100.0%	;0	; --%	; --%	;0	;Disminuir por100.0%	; --%	;0	;Disminuir por100.0%	;Disminuir por100.0%	;0	;Disminuir por100.0%	;Disminuir por100.0%	;
2198	;08/31 13:00 - 14:00	;0	;Disminuir por100.0%	;Disminuir por100.0%	;0	;Disminuir por100.0%	;Disminuir por100.0%	;0	; --%	; --%	;0	; --%	;Disminuir por100.0%	;0	; --%	;Disminuir por100.0%	;0	;Disminuir por100.0%	;Disminuir por100.0%	;
2199	;08/31 14:00 - 15:00	;0	;Disminuir por100.0%	;Disminuir por100.0%	;0	;Disminuir por100.0%	;Disminuir por100.0%	;0	; --%	; --%	;0	; --%	; --%	;0	; --%	;Disminuir por100.0%	;0	; --%	;Disminuir por100.0%	;
2200	;08/31 15:00 - 16:00	;0	;Disminuir por100.0%	;Disminuir por100.0%	;0	;Disminuir por100.0%	;Disminuir por100.0%	;0	; --%	; --%	;0	; --%	; --%	;0	; --%	;Disminuir por100.0%	;0	;Disminuir por100.0%	;Disminuir por100.0%	;
2201	;08/31 16:00 - 17:00	;0	;Disminuir por100.0%	;Disminuir por100.0%	;0	;Disminuir por100.0%	;Disminuir por100.0%	;0	; --%	; --%	;0	; --%	;Disminuir por100.0%	;0	;Disminuir por100.0%	; --%	;0	;Disminuir por100.0%	;Disminuir por100.0%	;
2202	;08/31 17:00 - 18:00	;0	;Disminuir por100.0%	;Disminuir por100.0%	;0	;Disminuir por100.0%	;Disminuir por100.0%	;0	; --%	; --%	;0	; --%	;Disminuir por100.0%	;0	; --%	;Disminuir por100.0%	;0	;Disminuir por100.0%	;Disminuir por100.0%	;
2203	;08/31 18:00 - 19:00	;0	;Disminuir por100.0%	;Disminuir por100.0%	;0	;Disminuir por100.0%	;Disminuir por100.0%	;0	; --%	; --%	;0	; --%	; --%	;0	; --%	;Disminuir por100.0%	;0	; --%	;Disminuir por100.0%	;
2204	;08/31 19:00 - 20:00	;0	;Disminuir por100.0%	;Disminuir por100.0%	;0	;Disminuir por100.0%	;Disminuir por100.0%	;0	; --%	; --%	;0	; --%	; --%	;0	; --%	;Disminuir por100.0%	;0	;Disminuir por100.0%	;Disminuir por100.0%	;
2205	;08/31 20:00 - 21:00	;0	;Disminuir por100.0%	;Disminuir por100.0%	;0	;Disminuir por100.0%	;Disminuir por100.0%	;0	; --%	; --%	;0	; --%	; --%	;0	; --%	;Disminuir por100.0%	;0	;Disminuir por100.0%	;Disminuir por100.0%	;
2206	;08/31 21:00 - 22:00	;0	;Disminuir por100.0%	;Disminuir por100.0%	;0	;Disminuir por100.0%	;Disminuir por100.0%	;0	; --%	; --%	;0	; --%	; --%	;0	; --%	;Disminuir por100.0%	;0	; --%	;Disminuir por100.0%	;
2207	;08/31 22:00 - 23:00	;0	;Disminuir por100.0%	;Disminuir por100.0%	;0	;Disminuir por100.0%	;Disminuir por100.0%	;0	; --%	; --%	;0	; --%	; --%	;0	;Disminuir por100.0%	;Disminuir por100.0%	;0	; --%	;Disminuir por100.0%	;
2208	;08/31 23:00 - 24:00	;0	;Disminuir por100.0%	;Disminuir por100.0%	;0	;Disminuir por100.0%	;Disminuir por100.0%	;0	; --%	; --%	;0	; --%	; --%	;0	; --%	;Disminuir por100.0%	;0	;Disminuir por100.0%	;Disminuir por100.0%	;

Exportar contenido:Subtipos de vehículos a motor	;
Hora del informe: 2026/06/01 00:00:00 - 2026/08/31 23:59:59	;

N.º	;Hora	;Autobuses	; 	; 	; 	; 	; 	;Monovolúmenes	; 	; 	; 	; 	; 	;Sedanes pequeños	; 	; 	; 	; 	; 	;Camiones	;
	;	;Avanzar	; 	; 	;Retroceso	; 	; 	;Avanzar	; 	; 	;Retroceso	; 	; 	;Avanzar	; 	; 	;Retroceso	; 	; 	;Avanzar	; 	; 	;Retroceso	;
	;	;Valor	;Tasa de cambio (ciclo tras ciclo)	;Tasa de cambio (año tras año)	;Valor	;Tasa de cambio (ciclo tras ciclo)	;Tasa de cambio (año tras año)	;Valor	;Tasa de cambio (ciclo tras ciclo)	;Tasa de cambio (año tras año)	;Valor	;Tasa de cambio (ciclo tras ciclo)	;Tasa de cambio (año tras año)	;Valor	;Tasa de cambio (ciclo tras ciclo)	;Tasa de cambio (año tras año)	;Valor	;Tasa de cambio (ciclo tras ciclo)	;Tasa de cambio (año tras año)	;Valor	;Tasa de cambio (ciclo tras ciclo)	;Tasa de cambio (año tras año)	;Valor	;Tasa de cambio (ciclo tras ciclo)	;Tasa de cambio (año tras año)	;
1	;06/01 00:00 - 01:00	;0	; --%	; --%	;0	; --%	; --%	;0	; --%	; --%	;0	; --%	; --%	;0	; --%	; --%	;0	; --%	; --%	;0	; --%	; --%	;0	; --%	; --%	;
2	;06/01 01:00 - 02:00	;0	; --%	; --%	;0	; --%	; --%	;0	; --%	; --%	;0	; --%	; --%	;0	; --%	; --%	;0	; --%	; --%	;0	; --%	; --%	;0	; --%	; --%	;
3	;06/01 02:00 - 03:00	;0	; --%	; --%	;0	; --%	; --%	;0	; --%	; --%	;0	; --%	;Disminuir por100.0%	;0	; --%	; --%	;0	; --%	;Disminuir por100.0%	;0	; --%	; --%	;0	; --%	; --%	;
4	;06/01 03:00 - 04:00	;0	; --%	; --%	;0	; --%	; --%	;0	; --%	; --%	;0	; --%	; --%	;0	; --%	; --%	;0	;Disminuir por100.0%	; --%	;0	; --%	; --%	;0	; --%	; --%	;
5	;06/01 04:00 - 05:00	;0	; --%	; --%	;0	; --%	; --%	;0	; --%	; --%	;0	; --%	; --%	;0	; --%	; --%	;0	; --%	; --%	;0	; --%	;Disminuir por100.0%	;0	; --%	;Disminuir por100.0%	;
6	;06/01 05:00 - 06:00	;0	; --%	; --%	;0	; --%	; --%	;0	; --%	; --%	;0	; --%	; --%	;0	; --%	; --%	;0	; --%	; --%	;0	; --%	; --%	;0	; --%	;Disminuir por100.0%	;
7	;06/01 06:00 - 07:00	;0	; --%	; --%	;0	; --%	; --%	;0	; --%	; --%	;0	; --%	; --%	;0	; --%	; --%	;1	;Sin cambios	; --%	;0	; --%	; --%	;0	;Disminuir por100.0%	; --%	;
8	;06/01 07:00 - 08:00	;1	; --%	; --%	;2	; --%	; --%	;0	; --%	; --%	;0	; --%	; --%	;0	; --%	;Disminuir por100.0%	;2	; --%	;Sin cambios	;0	; --%	; --%	;0	; --%	; --%	;
9	;06/01 08:00 - 09:00	;0	; --%	; --%	;0	; --%	; --%	;0	; --%	; --%	;0	; --%	; --%	;0	; --%	; --%	;6	;Aumentar por500.0%	;Aumentar por500.0%	;0	; --%	; --%	;0	; --%	; --%	;
10	;06/01 09:00 - 10:00	;0	; --%	; --%	;0	; --%	; --%	;0	; --%	; --%	;0	; --%	; --%	;0	; --%	;Disminuir por100.0%	;2	;Disminuir por50.0%	;Aumentar por100.0%	;0	; --%	; --%	;0	; --%	; --%	;
11	;06/01 10:00 - 11:00	;0	; --%	; --%	;0	; --%	; --%	;0	; --%	; --%	;2	; --%	;Aumentar por100.0%	;0	; --%	;Disminuir por100.0%	;4	;Aumentar por33.3%	;Aumentar por33.3%	;0	; --%	; --%	;1	; --%	; --%	;
12	;06/01 11:00 - 12:00	;0	; --%	; --%	;0	; --%	; --%	;0	; --%	; --%	;0	; --%	; --%	;0	; --%	; --%	;5	;Aumentar por400.0%	;Aumentar por400.0%	;1	; --%	; --%	;3	; --%	; --%	;
13	;06/01 12:00 - 13:00	;0	; --%	; --%	;0	; --%	; --%	;0	; --%	; --%	;0	; --%	; --%	;0	; --%	; --%	;2	;Aumentar por100.0%	; --%	;0	; --%	; --%	;0	; --%	; --%	;
14	;06/01 13:00 - 14:00	;0	; --%	; --%	;0	; --%	; --%	;0	; --%	; --%	;1	; --%	; --%	;1	; --%	; --%	;3	;Aumentar por200.0%	;Aumentar por200.0%	;0	; --%	; --%	;0	; --%	; --%	;
15	;06/01 14:00 - 15:00	;0	; --%	; --%	;0	; --%	; --%	;0	; --%	; --%	;0	; --%	; --%	;0	; --%	; --%	;1	;Sin cambios	; --%	;0	; --%	; --%	;0	; --%	; --%	;
16	;06/01 15:00 - 16:00	;0	; --%	; --%	;0	; --%	; --%	;0	; --%	; --%	;2	; --%	; --%	;0	; --%	; --%	;1	; --%	;Sin cambios	;0	; --%	; --%	;0	; --%	; --%	;
17	;06/01 16:00 - 17:00	;0	; --%	; --%	;0	; --%	; --%	;0	; --%	; --%	;2	; --%	; --%	;0	; --%	; --%	;2	;Aumentar por100.0%	;Sin cambios	;0	; --%	; --%	;0	; --%	; --%	;
18	;06/01 17:00 - 18:00	;0	; --%	; --%	;0	; --%	; --%	;0	; --%	; --%	;0	; --%	; --%	;0	; --%	; --%	;3	; --%	;Aumentar por200.0%	;0	; --%	; --%	;0	; --%	; --%	;
19	;06/01 18:00 - 19:00	;0	; --%	; --%	;0	; --%	; --%	;0	; --%	; --%	;0	; --%	; --%	;0	; --%	; --%	;0	;Disminuir por100.0%	;Disminuir por100.0%	;0	; --%	; --%	;0	; --%	; --%	;
20	;06/01 19:00 - 20:00	;0	; --%	; --%	;0	; --%	; --%	;0	; --%	; --%	;0	; --%	; --%	;0	; --%	; --%	;0	;Disminuir por100.0%	; --%	;0	; --%	; --%	;0	; --%	; --%	;
21	;06/01 20:00 - 21:00	;0	; --%	; --%	;0	; --%	; --%	;0	; --%	; --%	;0	; --%	; --%	;0	; --%	; --%	;0	;Disminuir por100.0%	; --%	;0	; --%	; --%	;0	; --%	; --%	;
22	;06/01 21:00 - 22:00	;0	; --%	; --%	;0	; --%	; --%	;0	; --%	; --%	;0	; --%	; --%	;0	; --%	; --%	;0	; --%	; --%	;0	; --%	; --%	;0	; --%	; --%	;
23	;06/01 22:00 - 23:00	;0	; --%	; --%	;0	; --%	; --%	;0	; --%	; --%	;0	; --%	; --%	;1	; --%	; --%	;1	; --%	; --%	;0	; --%	; --%	;0	; --%	; --%	;
24	;06/01 23:00 - 24:00	;0	; --%	; --%	;0	; --%	; --%	;0	; --%	; --%	;0	; --%	; --%	;0	; --%	; --%	;0	;Disminuir por100.0%	; --%	;0	; --%	; --%	;0	; --%	; --%	;
25	;06/02 00:00 - 01:00	;0	; --%	; --%	;0	; --%	; --%	;0	; --%	; --%	;0	; --%	; --%	;0	; --%	; --%	;0	; --%	; --%	;0	; --%	; --%	;0	; --%	; --%	;
26	;06/02 01:00 - 02:00	;0	; --%	; --%	;0	; --%	; --%	;0	; --%	; --%	;0	; --%	; --%	;0	; --%	; --%	;0	; --%	; --%	;0	; --%	; --%	;0	; --%	; --%	;
27	;06/02 02:00 - 03:00	;0	; --%	; --%	;0	; --%	; --%	;0	; --%	; --%	;0	; --%	; --%	;0	; --%	; --%	;0	; --%	; --%	;0	; --%	; --%	;0	; --%	; --%	;
28	;06/02 03:00 - 04:00	;0	; --%	; --%	;0	; --%	; --%	;0	; --%	; --%	;0	; --%	; --%	;0	; --%	; --%	;0	; --%	; --%	;0	; --%	; --%	;0	; --%	; --%	;
29	;06/02 04:00 - 05:00	;0	; --%	; --%	;0	; --%	; --%	;0	; --%	; --%	;0	; --%	; --%	;0	; --%	; --%	;0	; --%	; --%	;0	; --%	; --%	;0	; --%	; --%	;
30	;06/02 05:00 - 06:00	;0	; --%	; --%	;1	; --%	; --%	;0	; --%	; --%	;0	; --%	; --%	;0	; --%	; --%	;1	; --%	; --%	;2	; --%	;Disminuir por96.3%	;3	;Aumentar por200.0%	;Disminuir por94.5%	;
31	;06/02 06:00 - 07:00	;0	; --%	; --%	;0	; --%	; --%	;0	; --%	; --%	;0	; --%	; --%	;0	; --%	; --%	;1	;Disminuir por66.7%	;Sin cambios	;0	; --%	; --%	;0	; --%	;Disminuir por100.0%	;
32	;06/02 07:00 - 08:00	;0	; --%	; --%	;0	; --%	; --%	;0	; --%	; --%	;0	;Disminuir por100.0%	; --%	;0	; --%	; --%	;1	;Sin cambios	;Sin cambios	;0	; --%	; --%	;0	; --%	; --%	;
33	;06/02 08:00 - 09:00	;0	; --%	; --%	;0	; --%	; --%	;0	; --%	;Disminuir por100.0%	;0	; --%	;Disminuir por100.0%	;0	; --%	; --%	;4	;Disminuir por33.3%	;Aumentar por33.3%	;0	; --%	; --%	;0	; --%	; --%	;
34	;06/02 09:00 - 10:00	;0	; --%	; --%	;0	; --%	; --%	;0	; --%	;Disminuir por100.0%	;0	; --%	;Disminuir por100.0%	;0	; --%	; --%	;4	;Aumentar por33.3%	;Aumentar por100.0%	;0	; --%	; --%	;1	; --%	; --%	;
35	;06/02 10:00 - 11:00	;0	; --%	; --%	;0	; --%	; --%	;0	; --%	; --%	;1	; --%	;Sin cambios	;0	; --%	; --%	;3	;Disminuir por57.1%	;Sin cambios	;0	; --%	; --%	;0	; --%	; --%	;
36	;06/02 11:00 - 12:00	;0	; --%	; --%	;0	; --%	; --%	;0	; --%	; --%	;0	; --%	;Disminuir por100.0%	;0	; --%	; --%	;7	;Aumentar por75.0%	;Aumentar por16.7%	;0	; --%	; --%	;0	; --%	; --%	;
37	;06/02 12:00 - 13:00	;0	; --%	; --%	;0	; --%	; --%	;0	; --%	; --%	;0	; --%	; --%	;0	; --%	; --%	;1	;Sin cambios	;Sin cambios	;0	; --%	; --%	;0	; --%	; --%	;
38	;06/02 13:00 - 14:00	;0	; --%	; --%	;0	; --%	; --%	;0	; --%	; --%	;0	; --%	; --%	;0	; --%	; --%	;3	;Aumentar por50.0%	;Aumentar por200.0%	;0	; --%	; --%	;0	; --%	; --%	;
39	;06/02 14:00 - 15:00	;0	; --%	; --%	;0	; --%	; --%	;0	; --%	; --%	;0	; --%	; --%	;0	; --%	; --%	;1	;Disminuir por75.0%	;Disminuir por66.7%	;0	; --%	; --%	;0	; --%	; --%	;
40	;06/02 15:00 - 16:00	;0	; --%	; --%	;0	; --%	; --%	;0	;Disminuir por100.0%	; --%	;1	; --%	; --%	;0	; --%	; --%	;5	;Aumentar por66.7%	;Aumentar por150.0%	;0	; --%	; --%	;0	; --%	; --%	;
41	;06/02 16:00 - 17:00	;0	; --%	; --%	;0	; --%	; --%	;0	; --%	; --%	;0	; --%	;Disminuir por100.0%	;0	; --%	; --%	;5	;Aumentar por25.0%	;Aumentar por66.7%	;0	; --%	; --%	;0	; --%	; --%	;
42	;06/02 17:00 - 18:00	;0	; --%	; --%	;0	; --%	; --%	;0	; --%	; --%	;1	; --%	; --%	;0	; --%	; --%	;2	;Disminuir por60.0%	;Aumentar por100.0%	;0	; --%	; --%	;0	; --%	; --%	;
43	;06/02 18:00 - 19:00	;0	; --%	; --%	;0	; --%	; --%	;0	; --%	; --%	;1	; --%	; --%	;0	; --%	; --%	;0	;Disminuir por100.0%	;Disminuir por100.0%	;0	; --%	; --%	;0	; --%	; --%	;
44	;06/02 19:00 - 20:00	;0	; --%	; --%	;0	; --%	; --%	;0	; --%	; --%	;0	; --%	; --%	;0	; --%	; --%	;0	;Disminuir por100.0%	; --%	;0	; --%	; --%	;0	; --%	; --%	;
45	;06/02 20:00 - 21:00	;0	; --%	; --%	;0	; --%	; --%	;0	; --%	; --%	;0	; --%	; --%	;0	; --%	; --%	;0	; --%	; --%	;0	; --%	; --%	;0	;Disminuir por100.0%	; --%	;
46	;06/02 21:00 - 22:00	;0	; --%	; --%	;0	; --%	; --%	;0	; --%	; --%	;0	; --%	; --%	;0	; --%	; --%	;1	;Sin cambios	; --%	;0	; --%	; --%	;0	; --%	; --%	;
47	;06/02 22:00 - 23:00	;0	; --%	; --%	;0	; --%	; --%	;0	; --%	; --%	;0	; --%	; --%	;0	; --%	; --%	;0	; --%	; --%	;0	; --%	; --%	;0	; --%	; --%	;
48	;06/02 23:00 - 24:00	;0	; --%	; --%	;0	; --%	; --%	;0	; --%	; --%	;0	; --%	; --%	;0	; --%	; --%	;2	; --%	; --%	;0	; --%	; --%	;0	; --%	; --%	;
49	;06/03 00:00 - 01:00	;0	; --%	; --%	;0	; --%	; --%	;0	; --%	; --%	;0	; --%	; --%	;0	; --%	; --%	;0	; --%	;Disminuir por100.0%	;0	; --%	; --%	;0	; --%	; --%	;
50	;06/03 01:00 - 02:00	;0	; --%	; --%	;0	; --%	; --%	;0	; --%	; --%	;0	; --%	; --%	;0	; --%	;Disminuir por100.0%	;0	; --%	; --%	;0	; --%	; --%	;0	; --%	; --%	;
51	;06/03 02:00 - 03:00	;0	; --%	; --%	;0	; --%	; --%	;0	; --%	; --%	;0	; --%	; --%	;0	; --%	; --%	;0	; --%	; --%	;0	; --%	;Disminuir por100.0%	;0	; --%	;Disminuir por100.0%	;
52	;06/03 03:00 - 04:00	;0	; --%	; --%	;0	; --%	; --%	;0	; --%	; --%	;0	; --%	; --%	;0	; --%	; --%	;0	;Disminuir por100.0%	; --%	;0	; --%	; --%	;0	; --%	;Disminuir por100.0%	;
53	;06/03 04:00 - 05:00	;0	; --%	; --%	;0	; --%	; --%	;0	; --%	; --%	;1	; --%	; --%	;0	; --%	; --%	;0	; --%	; --%	;1	; --%	; --%	;2	; --%	; --%	;
54	;06/03 05:00 - 06:00	;0	; --%	; --%	;0	; --%	; --%	;0	; --%	; --%	;0	; --%	; --%	;0	; --%	; --%	;0	; --%	;Disminuir por100.0%	;0	; --%	; --%	;0	; --%	;Disminuir por100.0%	;
55	;06/03 06:00 - 07:00	;0	; --%	; --%	;0	; --%	; --%	;0	; --%	; --%	;0	; --%	; --%	;0	; --%	; --%	;1	;Sin cambios	; --%	;0	;Disminuir por100.0%	; --%	;1	;Disminuir por50.0%	; --%	;
56	;06/03 07:00 - 08:00	;0	; --%	; --%	;0	; --%	; --%	;0	; --%	; --%	;0	; --%	; --%	;0	; --%	; --%	;5	;Aumentar por150.0%	;Aumentar por66.7%	;0	; --%	; --%	;0	; --%	; --%	;
57	;06/03 08:00 - 09:00	;0	; --%	; --%	;0	; --%	; --%	;0	; --%	;Disminuir por100.0%	;0	; --%	;Disminuir por100.0%	;0	; --%	; --%	;5	;Aumentar por66.7%	;Disminuir por16.7%	;0	; --%	; --%	;1	; --%	; --%	;
58	;06/03 09:00 - 10:00	;0	; --%	; --%	;0	; --%	; --%	;0	; --%	; --%	;1	; --%	; --%	;0	; --%	; --%	;1	;Disminuir por50.0%	;Disminuir por75.0%	;1	; --%	; --%	;0	; --%	; --%	;
59	;06/03 10:00 - 11:00	;0	; --%	; --%	;0	; --%	; --%	;0	;Disminuir por100.0%	;Disminuir por100.0%	;1	; --%	;Disminuir por50.0%	;0	; --%	; --%	;3	;Aumentar por50.0%	;Disminuir por25.0%	;0	; --%	; --%	;0	; --%	; --%	;
60	;06/03 11:00 - 12:00	;0	; --%	; --%	;0	; --%	; --%	;0	; --%	;Disminuir por100.0%	;0	; --%	;Disminuir por100.0%	;0	;Disminuir por100.0%	; --%	;1	;Sin cambios	;Disminuir por75.0%	;0	; --%	; --%	;1	;Sin cambios	;Sin cambios	;
61	;06/03 12:00 - 13:00	;0	; --%	; --%	;0	; --%	; --%	;0	; --%	; --%	;0	; --%	; --%	;0	;Disminuir por100.0%	; --%	;2	;Disminuir por33.3%	;Disminuir por33.3%	;2	; --%	;Sin cambios	;1	; --%	;Disminuir por50.0%	;
62	;06/03 13:00 - 14:00	;0	; --%	; --%	;0	; --%	; --%	;0	; --%	; --%	;0	; --%	; --%	;0	; --%	; --%	;4	;Aumentar por33.3%	;Aumentar por300.0%	;0	; --%	; --%	;0	; --%	; --%	;
63	;06/03 14:00 - 15:00	;0	; --%	; --%	;0	; --%	; --%	;0	; --%	; --%	;0	; --%	; --%	;0	; --%	; --%	;0	; --%	;Disminuir por100.0%	;0	; --%	; --%	;0	; --%	; --%	;
64	;06/03 15:00 - 16:00	;0	; --%	; --%	;0	; --%	; --%	;0	; --%	; --%	;0	; --%	;Disminuir por100.0%	;0	; --%	; --%	;1	; --%	;Sin cambios	;0	; --%	; --%	;0	; --%	; --%	;
65	;06/03 16:00 - 17:00	;0	; --%	; --%	;0	; --%	; --%	;0	; --%	; --%	;1	; --%	; --%	;0	; --%	; --%	;1	; --%	;Disminuir por50.0%	;0	; --%	; --%	;0	; --%	; --%	;
66	;06/03 17:00 - 18:00	;0	; --%	; --%	;0	; --%	; --%	;0	; --%	; --%	;0	; --%	;Disminuir por100.0%	;0	; --%	; --%	;3	; --%	;Disminuir por50.0%	;0	; --%	; --%	;0	; --%	; --%	;
67	;06/03 18:00 - 19:00	;0	; --%	; --%	;0	; --%	; --%	;0	; --%	; --%	;0	; --%	; --%	;0	; --%	; --%	;0	; --%	;Disminuir por100.0%	;0	; --%	; --%	;0	; --%	; --%	;
68	;06/03 19:00 - 20:00	;0	; --%	; --%	;0	; --%	; --%	;0	; --%	; --%	;0	; --%	; --%	;0	; --%	; --%	;1	; --%	;Sin cambios	;0	; --%	; --%	;0	; --%	; --%	;
69	;06/03 20:00 - 21:00	;0	; --%	; --%	;0	; --%	; --%	;0	; --%	; --%	;0	; --%	; --%	;0	; --%	; --%	;1	; --%	;Sin cambios	;0	; --%	; --%	;0	; --%	; --%	;
70	;06/03 21:00 - 22:00	;0	; --%	; --%	;0	; --%	; --%	;0	; --%	; --%	;0	; --%	; --%	;0	; --%	; --%	;0	; --%	; --%	;0	; --%	; --%	;0	; --%	; --%	;
71	;06/03 22:00 - 23:00	;0	; --%	; --%	;0	; --%	; --%	;0	; --%	; --%	;0	; --%	; --%	;0	; --%	; --%	;1	; --%	;Disminuir por50.0%	;0	; --%	; --%	;0	; --%	; --%	;
72	;06/03 23:00 - 24:00	;0	; --%	; --%	;0	; --%	; --%	;0	; --%	; --%	;0	; --%	; --%	;0	; --%	; --%	;0	; --%	; --%	;0	; --%	; --%	;0	; --%	; --%	;
73	;06/04 00:00 - 01:00	;0	; --%	; --%	;0	; --%	; --%	;0	; --%	; --%	;0	; --%	; --%	;0	; --%	; --%	;2	; --%	; --%	;0	; --%	; --%	;0	; --%	; --%	;
74	;06/04 01:00 - 02:00	;0	; --%	; --%	;0	; --%	; --%	;0	; --%	; --%	;0	; --%	; --%	;0	; --%	; --%	;0	; --%	; --%	;0	; --%	; --%	;0	; --%	; --%	;
75	;06/04 02:00 - 03:00	;0	; --%	; --%	;0	; --%	; --%	;0	; --%	; --%	;0	; --%	; --%	;1	; --%	; --%	;0	; --%	; --%	;0	; --%	; --%	;0	; --%	; --%	;
76	;06/04 03:00 - 04:00	;0	; --%	; --%	;0	; --%	; --%	;0	; --%	; --%	;0	; --%	; --%	;0	; --%	; --%	;0	; --%	; --%	;0	; --%	; --%	;1	; --%	; --%	;
77	;06/04 04:00 - 05:00	;0	; --%	; --%	;0	; --%	; --%	;0	; --%	; --%	;0	; --%	; --%	;0	; --%	; --%	;1	; --%	;Sin cambios	;0	; --%	; --%	;0	; --%	; --%	;
78	;06/04 05:00 - 06:00	;0	; --%	; --%	;0	; --%	; --%	;0	; --%	; --%	;0	; --%	; --%	;0	; --%	; --%	;0	; --%	; --%	;0	; --%	; --%	;0	; --%	;Disminuir por100.0%	;
79	;06/04 06:00 - 07:00	;0	; --%	; --%	;0	; --%	; --%	;0	; --%	; --%	;0	; --%	; --%	;0	; --%	; --%	;0	; --%	; --%	;0	; --%	; --%	;1	; --%	; --%	;
80	;06/04 07:00 - 08:00	;0	; --%	; --%	;0	; --%	; --%	;0	; --%	; --%	;1	; --%	; --%	;0	; --%	; --%	;2	; --%	;Aumentar por100.0%	;0	; --%	; --%	;0	; --%	; --%	;
81	;06/04 08:00 - 09:00	;0	; --%	; --%	;0	; --%	; --%	;0	; --%	; --%	;2	; --%	; --%	;0	; --%	; --%	;3	;Disminuir por25.0%	;Disminuir por25.0%	;0	; --%	; --%	;0	; --%	; --%	;
82	;06/04 09:00 - 10:00	;0	; --%	; --%	;0	; --%	; --%	;1	; --%	; --%	;4	; --%	;Aumentar por100.0%	;0	; --%	; --%	;4	;Aumentar por300.0%	;Disminuir por20.0%	;0	; --%	; --%	;1	; --%	; --%	;
83	;06/04 10:00 - 11:00	;0	; --%	; --%	;0	; --%	; --%	;0	; --%	;Disminuir por100.0%	;1	; --%	;Disminuir por83.3%	;0	; --%	; --%	;4	;Aumentar por100.0%	;Sin cambios	;0	; --%	; --%	;0	;Disminuir por100.0%	; --%	;
84	;06/04 11:00 - 12:00	;0	; --%	; --%	;0	; --%	; --%	;0	; --%	; --%	;0	; --%	; --%	;0	; --%	; --%	;5	;Aumentar por150.0%	;Aumentar por25.0%	;0	; --%	; --%	;0	; --%	; --%	;
85	;06/04 12:00 - 13:00	;0	; --%	; --%	;0	; --%	; --%	;0	; --%	; --%	;0	; --%	;Disminuir por100.0%	;0	; --%	; --%	;2	;Aumentar por100.0%	;Disminuir por50.0%	;0	; --%	; --%	;0	; --%	; --%	;
86	;06/04 13:00 - 14:00	;0	; --%	; --%	;0	; --%	; --%	;0	; --%	; --%	;0	; --%	; --%	;0	; --%	; --%	;4	;Aumentar por100.0%	;Aumentar por300.0%	;0	;Disminuir por100.0%	; --%	;0	;Disminuir por100.0%	; --%	;
87	;06/04 14:00 - 15:00	;0	; --%	; --%	;0	; --%	; --%	;0	; --%	; --%	;0	;Disminuir por100.0%	; --%	;0	; --%	; --%	;0	;Disminuir por100.0%	;Disminuir por100.0%	;0	; --%	; --%	;0	; --%	; --%	;
88	;06/04 15:00 - 16:00	;0	; --%	; --%	;0	; --%	; --%	;0	; --%	;Disminuir por100.0%	;0	; --%	;Disminuir por100.0%	;0	; --%	; --%	;4	;Sin cambios	;Sin cambios	;0	; --%	; --%	;0	; --%	; --%	;
89	;06/04 16:00 - 17:00	;0	; --%	; --%	;0	; --%	; --%	;0	; --%	; --%	;1	; --%	; --%	;0	; --%	; --%	;3	;Disminuir por25.0%	;Disminuir por40.0%	;0	; --%	; --%	;0	; --%	; --%	;
90	;06/04 17:00 - 18:00	;0	; --%	; --%	;0	; --%	; --%	;0	; --%	; --%	;0	; --%	; --%	;0	; --%	; --%	;2	;Aumentar por100.0%	;Disminuir por33.3%	;0	; --%	; --%	;0	; --%	; --%	;
91	;06/04 18:00 - 19:00	;0	; --%	; --%	;0	; --%	; --%	;0	; --%	; --%	;0	;Disminuir por100.0%	;Disminuir por100.0%	;0	; --%	; --%	;1	;Disminuir por50.0%	;Sin cambios	;0	; --%	; --%	;0	; --%	; --%	;
92	;06/04 19:00 - 20:00	;0	; --%	; --%	;0	; --%	; --%	;0	; --%	; --%	;0	; --%	; --%	;0	; --%	; --%	;0	;Disminuir por100.0%	; --%	;0	; --%	; --%	;0	;Disminuir por100.0%	; --%	;
93	;06/04 20:00 - 21:00	;0	; --%	; --%	;0	; --%	; --%	;0	; --%	; --%	;0	; --%	; --%	;0	; --%	; --%	;0	;Disminuir por100.0%	; --%	;0	; --%	; --%	;0	; --%	; --%	;
94	;06/04 21:00 - 22:00	;0	; --%	; --%	;0	; --%	; --%	;0	; --%	; --%	;0	; --%	; --%	;0	; --%	; --%	;0	; --%	; --%	;0	; --%	; --%	;0	; --%	; --%	;
95	;06/04 22:00 - 23:00	;0	; --%	; --%	;0	; --%	; --%	;0	; --%	; --%	;0	; --%	; --%	;0	; --%	; --%	;0	; --%	;Disminuir por100.0%	;0	; --%	; --%	;0	; --%	; --%	;
96	;06/04 23:00 - 24:00	;0	; --%	; --%	;0	; --%	; --%	;0	; --%	; --%	;0	; --%	; --%	;0	; --%	; --%	;0	; --%	;Disminuir por100.0%	;0	; --%	; --%	;0	; --%	; --%	;
97	;06/05 00:00 - 01:00	;0	; --%	; --%	;0	; --%	; --%	;0	; --%	; --%	;0	; --%	; --%	;0	;Disminuir por100.0%	; --%	;0	;Disminuir por100.0%	; --%	;0	; --%	; --%	;0	; --%	; --%	;
98	;06/05 01:00 - 02:00	;0	; --%	; --%	;0	; --%	; --%	;0	; --%	; --%	;0	; --%	; --%	;0	; --%	; --%	;0	; --%	; --%	;0	; --%	; --%	;0	; --%	; --%	;
99	;06/05 02:00 - 03:00	;0	; --%	; --%	;0	; --%	; --%	;0	; --%	; --%	;0	; --%	; --%	;0	; --%	; --%	;0	; --%	; --%	;0	; --%	; --%	;0	; --%	;Disminuir por100.0%	;
100	;06/05 03:00 - 04:00	;0	; --%	; --%	;0	; --%	; --%	;0	; --%	; --%	;0	; --%	;Disminuir por100.0%	;0	; --%	; --%	;0	; --%	; --%	;8	; --%	; --%	;9	; --%	; --%	;
101	;06/05 04:00 - 05:00	;0	; --%	; --%	;0	; --%	; --%	;0	; --%	; --%	;0	; --%	; --%	;0	; --%	; --%	;1	; --%	; --%	;0	; --%	; --%	;0	; --%	; --%	;
102	;06/05 05:00 - 06:00	;0	; --%	; --%	;0	; --%	; --%	;0	; --%	; --%	;0	; --%	; --%	;0	; --%	; --%	;0	; --%	; --%	;0	; --%	; --%	;0	; --%	;Disminuir por100.0%	;
103	;06/05 06:00 - 07:00	;0	; --%	; --%	;0	; --%	; --%	;0	; --%	; --%	;0	; --%	; --%	;0	; --%	; --%	;0	;Disminuir por100.0%	; --%	;0	; --%	; --%	;0	;Disminuir por100.0%	; --%	;
104	;06/05 07:00 - 08:00	;0	; --%	; --%	;0	; --%	; --%	;0	; --%	; --%	;0	; --%	; --%	;0	; --%	; --%	;5	;Aumentar por66.7%	;Aumentar por150.0%	;0	; --%	; --%	;0	; --%	; --%	;
105	;06/05 08:00 - 09:00	;0	; --%	; --%	;0	; --%	; --%	;0	; --%	;Disminuir por100.0%	;1	; --%	;Disminuir por50.0%	;0	; --%	; --%	;4	;Aumentar por33.3%	;Disminuir por33.3%	;0	; --%	; --%	;1	; --%	; --%	;
106	;06/05 09:00 - 10:00	;0	; --%	; --%	;0	; --%	; --%	;0	; --%	; --%	;1	; --%	;Disminuir por80.0%	;0	;Disminuir por100.0%	; --%	;6	;Aumentar por50.0%	;Sin cambios	;0	; --%	; --%	;0	; --%	; --%	;
107	;06/05 10:00 - 11:00	;0	; --%	; --%	;0	; --%	; --%	;0	; --%	; --%	;1	;Sin cambios	; --%	;0	; --%	; --%	;7	;Aumentar por75.0%	;Aumentar por40.0%	;0	; --%	; --%	;0	; --%	; --%	;
108	;06/05 11:00 - 12:00	;0	; --%	; --%	;0	; --%	; --%	;0	; --%	; --%	;1	; --%	; --%	;0	;Disminuir por100.0%	; --%	;6	;Aumentar por20.0%	;Aumentar por500.0%	;0	; --%	; --%	;1	; --%	; --%	;
109	;06/05 12:00 - 13:00	;0	; --%	; --%	;0	; --%	; --%	;0	; --%	; --%	;0	; --%	;Disminuir por100.0%	;0	;Disminuir por100.0%	; --%	;8	;Aumentar por100.0%	;Aumentar por166.7%	;0	; --%	; --%	;0	; --%	; --%	;
110	;06/05 13:00 - 14:00	;0	; --%	; --%	;0	; --%	; --%	;1	; --%	; --%	;0	; --%	;Disminuir por100.0%	;0	; --%	; --%	;5	;Sin cambios	;Aumentar por25.0%	;0	; --%	; --%	;0	; --%	; --%	;
111	;06/05 14:00 - 15:00	;0	; --%	; --%	;0	; --%	; --%	;0	; --%	; --%	;0	; --%	; --%	;0	; --%	; --%	;10	;Aumentar por233.3%	;Aumentar por900.0%	;0	; --%	; --%	;0	; --%	; --%	;
112	;06/05 15:00 - 16:00	;0	; --%	; --%	;0	; --%	; --%	;0	; --%	;Disminuir por100.0%	;0	; --%	;Disminuir por100.0%	;0	; --%	; --%	;1	;Disminuir por75.0%	;Sin cambios	;0	; --%	; --%	;0	; --%	; --%	;
113	;06/05 16:00 - 17:00	;0	; --%	; --%	;0	; --%	; --%	;0	; --%	; --%	;0	; --%	;Disminuir por100.0%	;0	; --%	; --%	;1	;Sin cambios	;Disminuir por75.0%	;0	; --%	; --%	;1	; --%	; --%	;
114	;06/05 17:00 - 18:00	;0	; --%	; --%	;0	; --%	; --%	;0	; --%	; --%	;0	; --%	; --%	;0	; --%	; --%	;0	;Disminuir por100.0%	;Disminuir por100.0%	;0	; --%	; --%	;0	; --%	; --%	;
115	;06/05 18:00 - 19:00	;0	; --%	; --%	;0	; --%	; --%	;0	; --%	; --%	;0	; --%	; --%	;0	; --%	; --%	;1	;Disminuir por80.0%	; --%	;0	; --%	; --%	;0	; --%	; --%	;
116	;06/05 19:00 - 20:00	;0	; --%	; --%	;0	; --%	; --%	;0	; --%	; --%	;0	; --%	; --%	;0	; --%	; --%	;0	;Disminuir por100.0%	; --%	;0	; --%	; --%	;0	; --%	; --%	;
117	;06/05 20:00 - 21:00	;0	; --%	; --%	;0	; --%	; --%	;0	; --%	; --%	;0	; --%	; --%	;0	; --%	; --%	;0	;Disminuir por100.0%	; --%	;0	; --%	; --%	;0	; --%	; --%	;
118	;06/05 21:00 - 22:00	;0	; --%	; --%	;0	; --%	; --%	;0	; --%	; --%	;0	; --%	; --%	;0	; --%	; --%	;0	; --%	; --%	;0	; --%	; --%	;0	; --%	; --%	;
119	;06/05 22:00 - 23:00	;0	; --%	; --%	;0	; --%	; --%	;0	; --%	; --%	;0	; --%	; --%	;0	; --%	; --%	;0	; --%	; --%	;0	; --%	; --%	;0	; --%	; --%	;
120	;06/05 23:00 - 24:00	;0	; --%	; --%	;0	; --%	; --%	;0	; --%	; --%	;0	; --%	; --%	;0	; --%	; --%	;0	; --%	; --%	;0	; --%	; --%	;0	; --%	; --%	;
121	;06/06 00:00 - 01:00	;0	; --%	; --%	;0	; --%	; --%	;0	; --%	; --%	;0	; --%	; --%	;0	; --%	; --%	;0	; --%	; --%	;0	; --%	; --%	;0	;Disminuir por100.0%	; --%	;
122	;06/06 01:00 - 02:00	;0	; --%	; --%	;0	; --%	; --%	;0	; --%	; --%	;0	; --%	; --%	;0	; --%	; --%	;0	; --%	; --%	;0	; --%	; --%	;0	; --%	; --%	;
123	;06/06 02:00 - 03:00	;0	; --%	; --%	;1	; --%	; --%	;0	; --%	; --%	;0	; --%	; --%	;0	; --%	; --%	;0	; --%	; --%	;0	; --%	;Disminuir por100.0%	;0	; --%	;Disminuir por100.0%	;
124	;06/06 03:00 - 04:00	;0	; --%	; --%	;0	;Disminuir por100.0%	; --%	;0	; --%	; --%	;0	; --%	; --%	;0	; --%	; --%	;0	; --%	;Disminuir por100.0%	;0	; --%	; --%	;0	; --%	; --%	;
125	;06/06 04:00 - 05:00	;0	; --%	; --%	;0	; --%	; --%	;0	; --%	; --%	;0	; --%	; --%	;0	; --%	; --%	;0	; --%	;Disminuir por100.0%	;5	; --%	; --%	;7	; --%	; --%	;
126	;06/06 05:00 - 06:00	;0	; --%	; --%	;0	; --%	; --%	;0	; --%	; --%	;0	; --%	; --%	;0	; --%	; --%	;0	; --%	; --%	;0	; --%	; --%	;1	; --%	; --%	;
127	;06/06 06:00 - 07:00	;0	; --%	; --%	;0	; --%	; --%	;0	; --%	; --%	;0	; --%	;Disminuir por100.0%	;0	; --%	; --%	;0	;Disminuir por100.0%	;Disminuir por100.0%	;0	; --%	; --%	;0	; --%	; --%	;
128	;06/06 07:00 - 08:00	;0	; --%	; --%	;0	; --%	; --%	;0	; --%	; --%	;0	; --%	; --%	;0	; --%	; --%	;1	;Disminuir por66.7%	;Disminuir por66.7%	;0	; --%	; --%	;0	; --%	; --%	;
129	;06/06 08:00 - 09:00	;0	; --%	; --%	;0	; --%	; --%	;0	; --%	;Disminuir por100.0%	;0	; --%	;Disminuir por100.0%	;0	; --%	; --%	;2	;Disminuir por71.4%	;Disminuir por33.3%	;0	; --%	; --%	;0	; --%	; --%	;
130	;06/06 09:00 - 10:00	;0	; --%	; --%	;0	; --%	; --%	;0	; --%	; --%	;0	; --%	; --%	;0	; --%	; --%	;2	;Disminuir por33.3%	;Disminuir por33.3%	;0	; --%	; --%	;0	; --%	; --%	;
131	;06/06 10:00 - 11:00	;0	; --%	; --%	;0	; --%	; --%	;0	; --%	; --%	;0	; --%	; --%	;0	;Disminuir por100.0%	; --%	;3	;Disminuir por50.0%	;Disminuir por62.5%	;0	; --%	; --%	;0	; --%	; --%	;
132	;06/06 11:00 - 12:00	;0	; --%	; --%	;0	; --%	; --%	;0	; --%	; --%	;0	; --%	; --%	;0	; --%	;Disminuir por100.0%	;1	;Disminuir por75.0%	;Disminuir por80.0%	;0	; --%	; --%	;0	; --%	; --%	;
133	;06/06 12:00 - 13:00	;0	; --%	; --%	;0	; --%	; --%	;0	; --%	; --%	;0	;Disminuir por100.0%	; --%	;0	; --%	; --%	;2	; --%	;Sin cambios	;0	; --%	; --%	;0	; --%	; --%	;
134	;06/06 13:00 - 14:00	;0	; --%	; --%	;0	; --%	; --%	;0	; --%	;Disminuir por100.0%	;0	; --%	;Disminuir por100.0%	;0	; --%	; --%	;1	;Disminuir por66.7%	;Disminuir por50.0%	;0	; --%	; --%	;0	; --%	; --%	;
135	;06/06 14:00 - 15:00	;0	; --%	; --%	;0	; --%	; --%	;0	; --%	; --%	;0	;Disminuir por100.0%	; --%	;0	; --%	; --%	;1	;Disminuir por75.0%	;Disminuir por66.7%	;0	; --%	; --%	;0	; --%	; --%	;
136	;06/06 15:00 - 16:00	;0	; --%	; --%	;0	; --%	; --%	;0	; --%	; --%	;0	; --%	; --%	;0	; --%	; --%	;1	;Disminuir por80.0%	;Sin cambios	;0	; --%	; --%	;0	; --%	; --%	;
137	;06/06 16:00 - 17:00	;0	; --%	; --%	;0	; --%	; --%	;0	; --%	; --%	;0	; --%	; --%	;0	; --%	; --%	;1	; --%	;Disminuir por50.0%	;0	; --%	; --%	;0	; --%	; --%	;
138	;06/06 17:00 - 18:00	;0	; --%	; --%	;0	; --%	; --%	;0	; --%	; --%	;0	; --%	; --%	;0	; --%	; --%	;1	;Disminuir por50.0%	;Disminuir por50.0%	;0	; --%	; --%	;0	; --%	; --%	;
139	;06/06 18:00 - 19:00	;0	; --%	; --%	;0	; --%	; --%	;0	; --%	; --%	;0	;Disminuir por100.0%	; --%	;0	; --%	; --%	;0	;Disminuir por100.0%	; --%	;0	; --%	; --%	;0	; --%	; --%	;
140	;06/06 19:00 - 20:00	;0	; --%	; --%	;0	; --%	; --%	;0	; --%	; --%	;0	; --%	; --%	;0	; --%	; --%	;0	;Disminuir por100.0%	; --%	;0	; --%	; --%	;0	;Disminuir por100.0%	; --%	;
141	;06/06 20:00 - 21:00	;0	; --%	; --%	;0	; --%	; --%	;0	; --%	; --%	;0	; --%	; --%	;0	; --%	; --%	;0	; --%	; --%	;0	; --%	; --%	;0	; --%	; --%	;
142	;06/06 21:00 - 22:00	;0	; --%	; --%	;0	; --%	; --%	;0	;Disminuir por100.0%	; --%	;0	; --%	; --%	;0	; --%	; --%	;0	; --%	; --%	;0	; --%	; --%	;0	; --%	; --%	;
143	;06/06 22:00 - 23:00	;0	; --%	; --%	;0	; --%	; --%	;0	; --%	; --%	;0	; --%	; --%	;0	; --%	; --%	;0	;Disminuir por100.0%	; --%	;0	; --%	; --%	;0	; --%	; --%	;
144	;06/06 23:00 - 24:00	;0	; --%	; --%	;0	; --%	; --%	;0	; --%	; --%	;0	; --%	; --%	;0	; --%	; --%	;0	;Disminuir por100.0%	; --%	;0	; --%	; --%	;0	; --%	; --%	;
145	;06/07 00:00 - 01:00	;0	; --%	; --%	;0	; --%	; --%	;0	; --%	; --%	;0	; --%	; --%	;0	; --%	; --%	;0	; --%	; --%	;0	; --%	; --%	;0	; --%	; --%	;
146	;06/07 01:00 - 02:00	;0	; --%	; --%	;0	; --%	; --%	;0	; --%	; --%	;0	; --%	; --%	;0	; --%	; --%	;0	; --%	; --%	;0	; --%	; --%	;0	; --%	; --%	;
147	;06/07 02:00 - 03:00	;0	; --%	; --%	;0	; --%	; --%	;0	; --%	; --%	;0	; --%	; --%	;0	; --%	; --%	;0	; --%	; --%	;0	; --%	; --%	;1	; --%	;Sin cambios	;
148	;06/07 03:00 - 04:00	;0	; --%	; --%	;0	; --%	; --%	;0	; --%	; --%	;0	; --%	;Disminuir por100.0%	;0	; --%	; --%	;0	; --%	; --%	;0	; --%	; --%	;0	; --%	; --%	;
149	;06/07 04:00 - 05:00	;0	; --%	; --%	;0	; --%	; --%	;0	; --%	; --%	;0	; --%	;Disminuir por100.0%	;0	; --%	; --%	;0	; --%	; --%	;1	; --%	; --%	;2	;Aumentar por100.0%	; --%	;
150	;06/07 05:00 - 06:00	;0	; --%	; --%	;0	; --%	; --%	;0	; --%	; --%	;0	; --%	; --%	;0	; --%	; --%	;0	; --%	; --%	;0	; --%	; --%	;0	; --%	; --%	;
151	;06/07 06:00 - 07:00	;0	; --%	; --%	;0	; --%	; --%	;0	; --%	; --%	;0	; --%	; --%	;0	; --%	; --%	;0	; --%	; --%	;0	; --%	; --%	;0	; --%	; --%	;
152	;06/07 07:00 - 08:00	;0	; --%	; --%	;0	; --%	; --%	;0	; --%	; --%	;0	; --%	; --%	;1	; --%	; --%	;5	; --%	;Aumentar por150.0%	;0	;Disminuir por100.0%	; --%	;0	;Disminuir por100.0%	; --%	;
153	;06/07 08:00 - 09:00	;0	; --%	; --%	;0	; --%	; --%	;0	; --%	; --%	;0	; --%	; --%	;0	; --%	;Disminuir por100.0%	;1	;Disminuir por75.0%	;Disminuir por75.0%	;0	; --%	; --%	;0	; --%	; --%	;
154	;06/07 09:00 - 10:00	;0	; --%	; --%	;0	; --%	; --%	;0	; --%	; --%	;0	; --%	; --%	;0	; --%	; --%	;0	;Disminuir por100.0%	;Disminuir por100.0%	;0	; --%	; --%	;0	; --%	; --%	;
155	;06/07 10:00 - 11:00	;0	; --%	; --%	;0	; --%	; --%	;0	; --%	; --%	;0	; --%	; --%	;0	; --%	;Disminuir por100.0%	;2	;Disminuir por33.3%	;Disminuir por50.0%	;0	; --%	; --%	;0	; --%	; --%	;
156	;06/07 11:00 - 12:00	;0	; --%	; --%	;0	; --%	; --%	;0	; --%	; --%	;0	;Disminuir por100.0%	; --%	;0	; --%	; --%	;0	;Disminuir por100.0%	; --%	;0	; --%	; --%	;0	; --%	; --%	;
157	;06/07 12:00 - 13:00	;0	; --%	; --%	;0	; --%	; --%	;0	; --%	; --%	;0	;Disminuir por100.0%	; --%	;0	; --%	; --%	;0	;Disminuir por100.0%	; --%	;0	; --%	; --%	;0	; --%	; --%	;
158	;06/07 13:00 - 14:00	;0	; --%	; --%	;0	; --%	; --%	;0	; --%	; --%	;0	; --%	; --%	;0	; --%	; --%	;1	;Disminuir por75.0%	;Sin cambios	;0	; --%	; --%	;0	; --%	; --%	;
159	;06/07 14:00 - 15:00	;0	; --%	; --%	;0	; --%	; --%	;0	; --%	; --%	;0	; --%	;Disminuir por100.0%	;0	; --%	; --%	;0	;Disminuir por100.0%	;Disminuir por100.0%	;0	; --%	; --%	;0	; --%	; --%	;
160	;06/07 15:00 - 16:00	;0	; --%	; --%	;0	; --%	; --%	;0	; --%	; --%	;0	; --%	; --%	;0	; --%	; --%	;0	;Disminuir por100.0%	;Disminuir por100.0%	;0	; --%	; --%	;0	; --%	; --%	;
161	;06/07 16:00 - 17:00	;0	; --%	; --%	;0	; --%	; --%	;0	; --%	; --%	;0	; --%	; --%	;0	; --%	; --%	;0	;Disminuir por100.0%	; --%	;0	; --%	; --%	;0	; --%	; --%	;
162	;06/07 17:00 - 18:00	;0	; --%	; --%	;0	; --%	; --%	;0	; --%	; --%	;0	; --%	; --%	;0	;Disminuir por100.0%	; --%	;2	; --%	; --%	;0	; --%	; --%	;0	; --%	; --%	;
163	;06/07 18:00 - 19:00	;0	; --%	; --%	;0	; --%	; --%	;0	; --%	; --%	;0	; --%	; --%	;0	; --%	; --%	;0	;Disminuir por100.0%	; --%	;0	; --%	; --%	;0	; --%	; --%	;
164	;06/07 19:00 - 20:00	;0	; --%	; --%	;0	;Disminuir por100.0%	; --%	;0	; --%	; --%	;0	; --%	; --%	;0	;Disminuir por100.0%	; --%	;0	;Disminuir por100.0%	; --%	;0	; --%	; --%	;0	;Disminuir por100.0%	; --%	;
165	;06/07 20:00 - 21:00	;0	; --%	; --%	;0	; --%	; --%	;0	; --%	; --%	;0	; --%	; --%	;0	; --%	; --%	;0	; --%	; --%	;0	; --%	; --%	;0	; --%	; --%	;
166	;06/07 21:00 - 22:00	;0	; --%	; --%	;0	; --%	; --%	;0	; --%	; --%	;0	; --%	; --%	;0	; --%	; --%	;0	;Disminuir por100.0%	; --%	;0	; --%	; --%	;0	;Disminuir por100.0%	; --%	;
167	;06/07 22:00 - 23:00	;0	; --%	; --%	;0	; --%	; --%	;0	; --%	; --%	;0	; --%	; --%	;0	; --%	; --%	;0	; --%	; --%	;0	; --%	; --%	;0	; --%	; --%	;
168	;06/07 23:00 - 24:00	;0	; --%	; --%	;0	; --%	; --%	;0	; --%	; --%	;0	; --%	; --%	;0	; --%	; --%	;0	; --%	; --%	;0	; --%	; --%	;0	; --%	; --%	;
169	;06/08 00:00 - 01:00	;0	; --%	; --%	;0	; --%	; --%	;0	; --%	; --%	;0	; --%	; --%	;0	; --%	; --%	;0	; --%	; --%	;0	; --%	; --%	;0	; --%	; --%	;
170	;06/08 01:00 - 02:00	;0	; --%	; --%	;0	; --%	; --%	;0	; --%	; --%	;0	; --%	; --%	;0	; --%	; --%	;0	;Disminuir por100.0%	; --%	;0	; --%	; --%	;0	; --%	; --%	;
171	;06/08 02:00 - 03:00	;0	; --%	; --%	;0	; --%	; --%	;0	; --%	; --%	;0	; --%	; --%	;0	; --%	; --%	;0	; --%	; --%	;0	; --%	; --%	;1	; --%	;Sin cambios	;
172	;06/08 03:00 - 04:00	;0	; --%	; --%	;0	; --%	; --%	;0	; --%	; --%	;0	; --%	; --%	;1	; --%	; --%	;2	; --%	; --%	;0	; --%	; --%	;0	; --%	; --%	;
173	;06/08 04:00 - 05:00	;0	; --%	; --%	;0	; --%	; --%	;0	; --%	; --%	;0	; --%	;Disminuir por100.0%	;0	; --%	; --%	;0	; --%	; --%	;0	; --%	; --%	;0	; --%	;Disminuir por100.0%	;
174	;06/08 05:00 - 06:00	;0	; --%	; --%	;0	; --%	; --%	;0	; --%	; --%	;0	; --%	; --%	;0	; --%	; --%	;0	; --%	; --%	;0	;Disminuir por100.0%	; --%	;0	;Disminuir por100.0%	;Disminuir por100.0%	;
175	;06/08 06:00 - 07:00	;0	; --%	; --%	;0	; --%	; --%	;0	; --%	; --%	;0	; --%	; --%	;0	; --%	; --%	;2	; --%	; --%	;0	; --%	;Disminuir por100.0%	;0	; --%	;Disminuir por100.0%	;
176	;06/08 07:00 - 08:00	;0	; --%	; --%	;0	; --%	; --%	;0	; --%	; --%	;0	;Disminuir por100.0%	; --%	;0	; --%	; --%	;2	; --%	; --%	;0	; --%	; --%	;0	; --%	; --%	;
177	;06/08 08:00 - 09:00	;0	; --%	; --%	;0	; --%	; --%	;0	; --%	; --%	;0	; --%	; --%	;0	; --%	; --%	;5	; --%	;Aumentar por150.0%	;0	; --%	; --%	;0	; --%	; --%	;
178	;06/08 09:00 - 10:00	;0	; --%	; --%	;0	; --%	; --%	;0	;Disminuir por100.0%	; --%	;0	; --%	; --%	;0	; --%	; --%	;1	;Sin cambios	;Sin cambios	;0	; --%	; --%	;0	; --%	; --%	;
179	;06/08 10:00 - 11:00	;0	; --%	; --%	;0	; --%	; --%	;0	; --%	; --%	;0	; --%	; --%	;0	; --%	; --%	;5	;Aumentar por66.7%	;Aumentar por150.0%	;0	; --%	; --%	;1	; --%	; --%	;
180	;06/08 11:00 - 12:00	;0	; --%	; --%	;0	; --%	; --%	;0	; --%	; --%	;0	; --%	; --%	;0	; --%	; --%	;1	;Disminuir por50.0%	;Disminuir por66.7%	;1	; --%	; --%	;2	; --%	; --%	;
181	;06/08 12:00 - 13:00	;0	; --%	; --%	;0	; --%	; --%	;1	; --%	; --%	;0	;Disminuir por100.0%	; --%	;0	; --%	; --%	;3	;Aumentar por50.0%	; --%	;0	; --%	; --%	;1	; --%	; --%	;
182	;06/08 13:00 - 14:00	;0	; --%	; --%	;0	; --%	; --%	;0	; --%	; --%	;0	; --%	; --%	;0	; --%	; --%	;4	;Aumentar por33.3%	; --%	;0	; --%	; --%	;0	; --%	; --%	;
183	;06/08 14:00 - 15:00	;0	; --%	; --%	;0	; --%	; --%	;0	; --%	; --%	;0	; --%	; --%	;0	; --%	; --%	;2	;Aumentar por100.0%	;Aumentar por100.0%	;0	; --%	; --%	;0	; --%	; --%	;
184	;06/08 15:00 - 16:00	;0	; --%	; --%	;0	; --%	; --%	;0	; --%	; --%	;0	; --%	; --%	;0	; --%	; --%	;0	; --%	;Disminuir por100.0%	;0	; --%	; --%	;1	; --%	; --%	;
185	;06/08 16:00 - 17:00	;0	; --%	; --%	;0	; --%	; --%	;0	; --%	; --%	;1	;Sin cambios	; --%	;0	; --%	; --%	;0	;Disminuir por100.0%	;Disminuir por100.0%	;1	; --%	; --%	;3	; --%	; --%	;
186	;06/08 17:00 - 18:00	;0	; --%	; --%	;0	; --%	; --%	;0	;Disminuir por100.0%	; --%	;0	; --%	; --%	;0	; --%	; --%	;2	;Aumentar por100.0%	; --%	;0	; --%	; --%	;0	; --%	; --%	;
187	;06/08 18:00 - 19:00	;0	; --%	; --%	;0	; --%	; --%	;0	; --%	; --%	;0	; --%	; --%	;0	; --%	; --%	;1	; --%	; --%	;0	; --%	;Disminuir por100.0%	;0	; --%	; --%	;
188	;06/08 19:00 - 20:00	;0	; --%	; --%	;0	; --%	; --%	;0	; --%	; --%	;0	; --%	; --%	;0	; --%	; --%	;0	; --%	; --%	;0	; --%	; --%	;0	; --%	; --%	;
189	;06/08 20:00 - 21:00	;0	; --%	; --%	;0	; --%	; --%	;0	; --%	; --%	;0	; --%	; --%	;0	; --%	; --%	;0	;Disminuir por100.0%	; --%	;0	; --%	; --%	;0	; --%	; --%	;
190	;06/08 21:00 - 22:00	;0	; --%	; --%	;0	; --%	; --%	;0	; --%	; --%	;0	; --%	; --%	;0	; --%	; --%	;0	; --%	; --%	;0	; --%	; --%	;0	; --%	; --%	;
191	;06/08 22:00 - 23:00	;0	; --%	; --%	;0	; --%	; --%	;0	; --%	; --%	;0	; --%	; --%	;0	; --%	; --%	;0	; --%	; --%	;0	; --%	; --%	;0	; --%	; --%	;
192	;06/08 23:00 - 24:00	;0	; --%	; --%	;0	; --%	; --%	;0	; --%	; --%	;0	; --%	; --%	;0	; --%	; --%	;0	; --%	; --%	;0	; --%	; --%	;0	; --%	; --%	;
193	;06/09 00:00 - 01:00	;0	; --%	; --%	;0	; --%	; --%	;0	; --%	; --%	;0	; --%	; --%	;0	;Disminuir por100.0%	; --%	;0	; --%	; --%	;0	; --%	; --%	;0	; --%	; --%	;
194	;06/09 01:00 - 02:00	;0	; --%	; --%	;0	; --%	; --%	;0	; --%	; --%	;0	; --%	; --%	;0	; --%	; --%	;0	; --%	; --%	;0	; --%	; --%	;0	; --%	; --%	;
195	;06/09 02:00 - 03:00	;0	; --%	; --%	;0	; --%	; --%	;0	; --%	; --%	;0	; --%	; --%	;0	; --%	; --%	;0	; --%	; --%	;0	; --%	; --%	;0	; --%	; --%	;
196	;06/09 03:00 - 04:00	;0	; --%	; --%	;0	; --%	; --%	;0	; --%	; --%	;0	; --%	; --%	;0	; --%	; --%	;0	; --%	; --%	;0	; --%	; --%	;0	; --%	; --%	;
197	;06/09 04:00 - 05:00	;0	; --%	; --%	;0	; --%	; --%	;0	; --%	; --%	;0	; --%	; --%	;0	; --%	; --%	;0	; --%	; --%	;0	; --%	; --%	;0	; --%	; --%	;
198	;06/09 05:00 - 06:00	;0	; --%	; --%	;0	; --%	; --%	;0	; --%	; --%	;0	; --%	;Disminuir por100.0%	;0	; --%	; --%	;1	;Sin cambios	; --%	;1	; --%	; --%	;2	; --%	; --%	;
199	;06/09 06:00 - 07:00	;0	; --%	; --%	;0	; --%	; --%	;0	; --%	; --%	;0	; --%	; --%	;0	; --%	; --%	;1	;Sin cambios	; --%	;0	; --%	;Disminuir por100.0%	;0	;Disminuir por100.0%	;Disminuir por100.0%	;
200	;06/09 07:00 - 08:00	;0	; --%	; --%	;0	; --%	; --%	;0	; --%	; --%	;0	; --%	; --%	;0	; --%	; --%	;4	;Aumentar por300.0%	;Aumentar por100.0%	;0	; --%	; --%	;0	; --%	; --%	;
201	;06/09 08:00 - 09:00	;0	; --%	; --%	;0	; --%	; --%	;0	; --%	;Disminuir por100.0%	;0	; --%	;Disminuir por100.0%	;0	; --%	; --%	;4	;Sin cambios	;Disminuir por60.0%	;0	; --%	; --%	;1	; --%	; --%	;
202	;06/09 09:00 - 10:00	;0	; --%	; --%	;0	; --%	; --%	;0	; --%	;Disminuir por100.0%	;0	; --%	;Disminuir por100.0%	;0	; --%	; --%	;3	;Disminuir por50.0%	;Aumentar por50.0%	;0	; --%	; --%	;0	; --%	; --%	;
203	;06/09 10:00 - 11:00	;0	; --%	; --%	;0	; --%	; --%	;0	; --%	; --%	;1	;Sin cambios	;Sin cambios	;0	; --%	; --%	;3	;Aumentar por200.0%	;Disminuir por25.0%	;0	; --%	;Disminuir por100.0%	;0	; --%	;Disminuir por100.0%	;
204	;06/09 11:00 - 12:00	;0	; --%	; --%	;0	; --%	; --%	;0	; --%	; --%	;1	;Sin cambios	;Sin cambios	;0	; --%	; --%	;5	;Sin cambios	;Aumentar por25.0%	;0	; --%	; --%	;0	; --%	;Disminuir por100.0%	;
205	;06/09 12:00 - 13:00	;0	; --%	; --%	;0	; --%	; --%	;0	; --%	; --%	;0	;Disminuir por100.0%	; --%	;0	;Disminuir por100.0%	; --%	;2	;Sin cambios	;Disminuir por66.7%	;0	; --%	;Disminuir por100.0%	;0	; --%	;Disminuir por100.0%	;
206	;06/09 13:00 - 14:00	;0	; --%	; --%	;0	; --%	; --%	;0	; --%	; --%	;0	;Disminuir por100.0%	; --%	;0	; --%	; --%	;5	;Aumentar por25.0%	;Aumentar por25.0%	;0	; --%	; --%	;0	;Disminuir por100.0%	; --%	;
207	;06/09 14:00 - 15:00	;0	; --%	; --%	;0	; --%	; --%	;0	; --%	;Disminuir por100.0%	;0	; --%	;Disminuir por100.0%	;0	; --%	; --%	;1	;Disminuir por50.0%	;Sin cambios	;0	; --%	; --%	;0	; --%	; --%	;
208	;06/09 15:00 - 16:00	;0	; --%	; --%	;0	; --%	; --%	;0	; --%	;Disminuir por100.0%	;0	; --%	;Disminuir por100.0%	;0	; --%	; --%	;1	; --%	;Sin cambios	;0	; --%	; --%	;1	; --%	; --%	;
209	;06/09 16:00 - 17:00	;0	; --%	; --%	;0	; --%	; --%	;0	; --%	; --%	;1	; --%	; --%	;0	; --%	; --%	;1	;Sin cambios	; --%	;0	; --%	; --%	;0	; --%	; --%	;
210	;06/09 17:00 - 18:00	;0	; --%	; --%	;0	; --%	; --%	;0	; --%	; --%	;0	; --%	; --%	;0	;Disminuir por100.0%	; --%	;0	;Disminuir por100.0%	;Disminuir por100.0%	;0	; --%	; --%	;0	; --%	; --%	;
211	;06/09 18:00 - 19:00	;0	; --%	; --%	;0	; --%	; --%	;0	;Disminuir por100.0%	; --%	;0	; --%	;Disminuir por100.0%	;0	; --%	; --%	;2	;Disminuir por33.3%	;Aumentar por100.0%	;0	; --%	; --%	;0	; --%	; --%	;
212	;06/09 19:00 - 20:00	;0	; --%	; --%	;0	; --%	; --%	;0	; --%	; --%	;0	; --%	; --%	;0	; --%	; --%	;0	;Disminuir por100.0%	; --%	;0	; --%	; --%	;0	; --%	; --%	;
213	;06/09 20:00 - 21:00	;0	; --%	; --%	;0	; --%	; --%	;0	; --%	; --%	;0	; --%	; --%	;0	; --%	; --%	;1	;Disminuir por66.7%	; --%	;0	; --%	; --%	;0	; --%	; --%	;
214	;06/09 21:00 - 22:00	;0	; --%	; --%	;0	; --%	; --%	;0	; --%	; --%	;0	; --%	; --%	;0	; --%	; --%	;0	;Disminuir por100.0%	; --%	;0	; --%	; --%	;0	; --%	; --%	;
215	;06/09 22:00 - 23:00	;0	; --%	; --%	;0	; --%	; --%	;0	; --%	; --%	;0	; --%	; --%	;0	; --%	; --%	;0	; --%	; --%	;0	; --%	; --%	;0	; --%	; --%	;
216	;06/09 23:00 - 24:00	;0	; --%	; --%	;0	; --%	; --%	;0	; --%	; --%	;0	; --%	; --%	;0	; --%	; --%	;0	; --%	; --%	;0	; --%	; --%	;0	; --%	; --%	;
217	;06/10 00:00 - 01:00	;0	; --%	; --%	;0	; --%	; --%	;0	; --%	; --%	;0	; --%	; --%	;0	; --%	; --%	;0	; --%	; --%	;0	; --%	; --%	;0	; --%	; --%	;
218	;06/10 01:00 - 02:00	;0	; --%	; --%	;0	; --%	; --%	;0	; --%	; --%	;0	; --%	; --%	;0	; --%	; --%	;0	; --%	; --%	;0	; --%	; --%	;0	; --%	; --%	;
219	;06/10 02:00 - 03:00	;0	; --%	; --%	;0	; --%	; --%	;0	; --%	; --%	;0	; --%	; --%	;0	; --%	; --%	;0	; --%	; --%	;0	; --%	; --%	;0	; --%	;Disminuir por100.0%	;
220	;06/10 03:00 - 04:00	;0	; --%	; --%	;0	; --%	; --%	;0	; --%	; --%	;0	; --%	; --%	;0	; --%	; --%	;0	; --%	; --%	;0	; --%	;Disminuir por100.0%	;1	; --%	;Disminuir por50.0%	;
221	;06/10 04:00 - 05:00	;0	; --%	; --%	;0	; --%	; --%	;0	; --%	; --%	;0	; --%	; --%	;0	; --%	; --%	;0	; --%	; --%	;0	; --%	; --%	;1	; --%	; --%	;
222	;06/10 05:00 - 06:00	;0	; --%	; --%	;0	; --%	; --%	;0	; --%	; --%	;0	; --%	; --%	;0	; --%	; --%	;0	; --%	; --%	;0	; --%	; --%	;0	;Disminuir por100.0%	; --%	;
223	;06/10 06:00 - 07:00	;0	; --%	; --%	;0	;Disminuir por100.0%	; --%	;0	; --%	; --%	;0	; --%	; --%	;0	; --%	; --%	;0	; --%	;Disminuir por100.0%	;0	; --%	; --%	;0	; --%	; --%	;
224	;06/10 07:00 - 08:00	;0	; --%	; --%	;0	; --%	; --%	;0	; --%	; --%	;0	; --%	; --%	;0	; --%	; --%	;1	;Disminuir por50.0%	;Sin cambios	;0	; --%	; --%	;0	; --%	; --%	;
225	;06/10 08:00 - 09:00	;0	; --%	; --%	;0	; --%	; --%	;0	; --%	; --%	;1	; --%	; --%	;0	; --%	; --%	;4	;Aumentar por33.3%	;Sin cambios	;0	; --%	;Disminuir por100.0%	;1	; --%	;Sin cambios	;
226	;06/10 09:00 - 10:00	;1	; --%	; --%	;0	; --%	; --%	;0	; --%	; --%	;1	; --%	; --%	;0	; --%	; --%	;3	;Sin cambios	;Disminuir por40.0%	;0	; --%	; --%	;0	; --%	; --%	;
227	;06/10 10:00 - 11:00	;0	; --%	; --%	;0	; --%	; --%	;0	; --%	; --%	;3	;Aumentar por200.0%	; --%	;0	; --%	; --%	;5	;Disminuir por16.7%	;Sin cambios	;0	; --%	; --%	;0	; --%	; --%	;
228	;06/10 11:00 - 12:00	;0	; --%	; --%	;0	; --%	; --%	;0	; --%	; --%	;0	;Disminuir por100.0%	;Disminuir por100.0%	;0	; --%	;Disminuir por100.0%	;4	;Aumentar por100.0%	;Disminuir por42.9%	;0	; --%	; --%	;1	; --%	; --%	;
229	;06/10 12:00 - 13:00	;0	; --%	; --%	;0	; --%	; --%	;0	; --%	; --%	;0	; --%	; --%	;0	; --%	; --%	;6	;Aumentar por20.0%	;Aumentar por100.0%	;0	; --%	; --%	;0	; --%	; --%	;
230	;06/10 13:00 - 14:00	;0	; --%	; --%	;0	; --%	; --%	;0	;Disminuir por100.0%	; --%	;0	; --%	; --%	;0	; --%	; --%	;5	;Aumentar por66.7%	;Aumentar por66.7%	;0	; --%	; --%	;0	; --%	; --%	;
231	;06/10 14:00 - 15:00	;0	; --%	; --%	;0	; --%	; --%	;0	; --%	; --%	;0	; --%	;Disminuir por100.0%	;0	; --%	; --%	;1	;Disminuir por50.0%	;Sin cambios	;0	; --%	; --%	;0	; --%	; --%	;
232	;06/10 15:00 - 16:00	;0	; --%	; --%	;0	; --%	; --%	;1	; --%	; --%	;2	; --%	;Aumentar por100.0%	;0	; --%	; --%	;3	; --%	;Aumentar por50.0%	;0	; --%	; --%	;0	; --%	; --%	;
233	;06/10 16:00 - 17:00	;0	; --%	; --%	;0	; --%	; --%	;0	; --%	; --%	;1	; --%	; --%	;0	; --%	; --%	;2	;Disminuir por50.0%	;Disminuir por33.3%	;1	; --%	; --%	;0	; --%	; --%	;
234	;06/10 17:00 - 18:00	;0	; --%	; --%	;0	; --%	; --%	;0	; --%	; --%	;0	;Disminuir por100.0%	;Disminuir por100.0%	;0	; --%	; --%	;0	;Disminuir por100.0%	;Disminuir por100.0%	;0	; --%	; --%	;1	; --%	; --%	;
235	;06/10 18:00 - 19:00	;0	; --%	; --%	;0	; --%	; --%	;0	; --%	; --%	;0	; --%	; --%	;0	; --%	; --%	;2	;Sin cambios	;Aumentar por100.0%	;0	; --%	; --%	;0	; --%	; --%	;
236	;06/10 19:00 - 20:00	;0	; --%	; --%	;0	; --%	; --%	;0	; --%	; --%	;0	; --%	; --%	;0	; --%	; --%	;0	;Disminuir por100.0%	;Disminuir por100.0%	;0	; --%	; --%	;0	; --%	; --%	;
237	;06/10 20:00 - 21:00	;0	; --%	; --%	;0	; --%	; --%	;0	; --%	; --%	;0	; --%	; --%	;0	; --%	; --%	;0	; --%	; --%	;0	; --%	; --%	;0	; --%	; --%	;
238	;06/10 21:00 - 22:00	;0	; --%	; --%	;0	; --%	; --%	;0	; --%	; --%	;0	; --%	; --%	;0	;Disminuir por100.0%	; --%	;0	;Disminuir por100.0%	;Disminuir por100.0%	;0	; --%	; --%	;0	; --%	; --%	;
239	;06/10 22:00 - 23:00	;0	; --%	; --%	;0	; --%	; --%	;0	; --%	; --%	;0	; --%	; --%	;0	; --%	; --%	;0	; --%	; --%	;0	; --%	; --%	;0	; --%	; --%	;
240	;06/10 23:00 - 24:00	;0	; --%	; --%	;0	; --%	; --%	;0	; --%	; --%	;0	; --%	; --%	;0	; --%	; --%	;0	; --%	; --%	;0	; --%	; --%	;0	; --%	; --%	;
241	;06/11 00:00 - 01:00	;0	; --%	; --%	;0	; --%	; --%	;0	; --%	; --%	;0	; --%	; --%	;0	; --%	; --%	;0	; --%	; --%	;0	; --%	; --%	;0	; --%	; --%	;
242	;06/11 01:00 - 02:00	;0	; --%	; --%	;0	; --%	; --%	;0	; --%	; --%	;0	; --%	; --%	;0	; --%	; --%	;0	; --%	; --%	;0	; --%	; --%	;0	; --%	; --%	;
243	;06/11 02:00 - 03:00	;0	; --%	; --%	;0	; --%	; --%	;0	; --%	; --%	;0	; --%	; --%	;0	; --%	; --%	;0	; --%	; --%	;0	; --%	; --%	;1	; --%	; --%	;
244	;06/11 03:00 - 04:00	;0	; --%	; --%	;0	; --%	; --%	;0	; --%	; --%	;0	; --%	; --%	;0	; --%	; --%	;0	; --%	; --%	;0	; --%	; --%	;1	; --%	; --%	;
245	;06/11 04:00 - 05:00	;0	; --%	; --%	;0	; --%	; --%	;0	; --%	; --%	;0	; --%	; --%	;0	; --%	; --%	;0	; --%	; --%	;0	; --%	; --%	;0	; --%	;Disminuir por100.0%	;
246	;06/11 05:00 - 06:00	;0	; --%	; --%	;0	; --%	; --%	;0	; --%	; --%	;0	; --%	; --%	;0	; --%	; --%	;0	; --%	;Disminuir por100.0%	;0	; --%	; --%	;0	; --%	; --%	;
247	;06/11 06:00 - 07:00	;0	; --%	; --%	;0	; --%	; --%	;0	; --%	; --%	;0	; --%	; --%	;0	; --%	; --%	;0	;Disminuir por100.0%	; --%	;0	; --%	; --%	;0	;Disminuir por100.0%	; --%	;
248	;06/11 07:00 - 08:00	;0	; --%	; --%	;0	; --%	; --%	;0	; --%	; --%	;0	; --%	; --%	;0	; --%	; --%	;1	; --%	;Disminuir por50.0%	;0	; --%	; --%	;0	; --%	; --%	;
249	;06/11 08:00 - 09:00	;0	; --%	; --%	;0	; --%	; --%	;0	; --%	; --%	;0	; --%	;Disminuir por100.0%	;0	; --%	; --%	;4	;Disminuir por50.0%	;Aumentar por33.3%	;0	; --%	; --%	;1	; --%	; --%	;
250	;06/11 09:00 - 10:00	;0	; --%	; --%	;0	; --%	; --%	;0	; --%	; --%	;0	; --%	;Disminuir por100.0%	;0	; --%	; --%	;7	;Aumentar por250.0%	;Aumentar por16.7%	;0	; --%	; --%	;0	; --%	; --%	;
251	;06/11 10:00 - 11:00	;0	; --%	; --%	;0	; --%	; --%	;0	; --%	; --%	;0	; --%	;Disminuir por100.0%	;0	; --%	; --%	;3	;Aumentar por50.0%	;Disminuir por50.0%	;0	; --%	; --%	;1	; --%	; --%	;
252	;06/11 11:00 - 12:00	;0	; --%	; --%	;0	; --%	; --%	;0	; --%	; --%	;0	;Disminuir por100.0%	; --%	;0	;Disminuir por100.0%	; --%	;3	;Aumentar por200.0%	;Disminuir por25.0%	;0	; --%	;Disminuir por100.0%	;1	;Sin cambios	;Disminuir por50.0%	;
253	;06/11 12:00 - 13:00	;0	; --%	; --%	;0	; --%	; --%	;0	;Disminuir por100.0%	; --%	;0	;Disminuir por100.0%	; --%	;0	; --%	; --%	;4	;Disminuir por20.0%	;Sin cambios	;0	; --%	; --%	;0	; --%	; --%	;
254	;06/11 13:00 - 14:00	;0	; --%	; --%	;0	; --%	; --%	;0	; --%	; --%	;0	; --%	; --%	;0	; --%	; --%	;3	;Aumentar por200.0%	;Sin cambios	;0	; --%	; --%	;0	; --%	; --%	;
255	;06/11 14:00 - 15:00	;0	; --%	; --%	;0	; --%	; --%	;0	; --%	; --%	;0	; --%	;Disminuir por100.0%	;0	; --%	; --%	;3	;Aumentar por50.0%	;Aumentar por200.0%	;0	; --%	; --%	;0	; --%	; --%	;
256	;06/11 15:00 - 16:00	;0	; --%	; --%	;0	; --%	; --%	;0	; --%	; --%	;0	; --%	; --%	;0	; --%	; --%	;2	;Disminuir por71.4%	;Sin cambios	;0	; --%	; --%	;0	; --%	; --%	;
257	;06/11 16:00 - 17:00	;0	; --%	; --%	;0	; --%	; --%	;0	; --%	; --%	;1	; --%	; --%	;0	; --%	; --%	;2	;Disminuir por33.3%	;Sin cambios	;0	; --%	; --%	;1	; --%	; --%	;
258	;06/11 17:00 - 18:00	;0	; --%	; --%	;0	; --%	; --%	;0	; --%	; --%	;0	;Disminuir por100.0%	; --%	;0	; --%	; --%	;1	;Sin cambios	; --%	;0	; --%	; --%	;1	; --%	; --%	;
259	;06/11 18:00 - 19:00	;0	; --%	; --%	;0	; --%	; --%	;0	; --%	; --%	;0	; --%	; --%	;0	; --%	; --%	;0	;Disminuir por100.0%	;Disminuir por100.0%	;0	; --%	; --%	;0	; --%	; --%	;
260	;06/11 19:00 - 20:00	;0	; --%	; --%	;0	; --%	; --%	;0	; --%	; --%	;0	; --%	; --%	;0	; --%	; --%	;0	;Disminuir por100.0%	; --%	;0	; --%	; --%	;0	; --%	; --%	;
261	;06/11 20:00 - 21:00	;0	; --%	; --%	;0	; --%	; --%	;0	; --%	; --%	;0	; --%	; --%	;0	; --%	; --%	;0	;Disminuir por100.0%	; --%	;0	; --%	; --%	;0	; --%	; --%	;
262	;06/11 21:00 - 22:00	;0	; --%	; --%	;0	; --%	; --%	;0	; --%	; --%	;0	; --%	; --%	;0	; --%	; --%	;0	;Disminuir por100.0%	; --%	;0	; --%	; --%	;0	; --%	; --%	;
263	;06/11 22:00 - 23:00	;0	; --%	; --%	;0	; --%	; --%	;0	; --%	; --%	;0	; --%	; --%	;0	; --%	; --%	;0	; --%	; --%	;0	; --%	; --%	;0	; --%	; --%	;
264	;06/11 23:00 - 24:00	;0	; --%	; --%	;0	; --%	; --%	;0	; --%	; --%	;0	; --%	; --%	;0	; --%	; --%	;0	; --%	;Disminuir por100.0%	;0	; --%	; --%	;0	; --%	; --%	;
265	;06/12 00:00 - 01:00	;0	; --%	; --%	;0	; --%	; --%	;0	; --%	; --%	;0	; --%	; --%	;0	; --%	; --%	;0	; --%	; --%	;0	; --%	; --%	;0	; --%	; --%	;
266	;06/12 01:00 - 02:00	;0	; --%	; --%	;0	; --%	; --%	;0	; --%	; --%	;0	; --%	; --%	;0	; --%	; --%	;0	; --%	;Disminuir por100.0%	;0	; --%	; --%	;1	; --%	; --%	;
267	;06/12 02:00 - 03:00	;0	; --%	; --%	;0	; --%	; --%	;0	; --%	; --%	;0	; --%	; --%	;0	; --%	; --%	;0	; --%	; --%	;0	; --%	; --%	;0	; --%	; --%	;
268	;06/12 03:00 - 04:00	;0	; --%	; --%	;0	; --%	; --%	;0	; --%	; --%	;0	; --%	; --%	;0	; --%	; --%	;0	; --%	; --%	;0	; --%	; --%	;0	; --%	; --%	;
269	;06/12 04:00 - 05:00	;0	; --%	; --%	;0	; --%	; --%	;0	; --%	; --%	;0	; --%	; --%	;0	; --%	; --%	;1	; --%	; --%	;3	; --%	; --%	;4	; --%	;Aumentar por300.0%	;
270	;06/12 05:00 - 06:00	;0	; --%	; --%	;0	; --%	; --%	;0	; --%	; --%	;0	; --%	; --%	;0	; --%	; --%	;0	;Disminuir por100.0%	; --%	;0	; --%	; --%	;0	; --%	; --%	;
271	;06/12 06:00 - 07:00	;0	; --%	; --%	;0	; --%	; --%	;0	; --%	; --%	;0	; --%	; --%	;0	; --%	; --%	;0	;Disminuir por100.0%	; --%	;0	; --%	; --%	;0	;Disminuir por100.0%	; --%	;
272	;06/12 07:00 - 08:00	;0	; --%	; --%	;0	; --%	; --%	;0	; --%	; --%	;0	; --%	; --%	;1	; --%	;Sin cambios	;2	;Sin cambios	;Disminuir por50.0%	;0	; --%	; --%	;0	; --%	; --%	;
273	;06/12 08:00 - 09:00	;0	; --%	; --%	;0	; --%	; --%	;0	; --%	; --%	;0	; --%	;Disminuir por100.0%	;0	; --%	;Disminuir por100.0%	;2	;Aumentar por100.0%	;Disminuir por71.4%	;0	; --%	; --%	;1	; --%	; --%	;
274	;06/12 09:00 - 10:00	;0	; --%	;Disminuir por100.0%	;0	; --%	;Disminuir por100.0%	;0	;Disminuir por100.0%	; --%	;0	;Disminuir por100.0%	; --%	;0	; --%	; --%	;4	;Aumentar por33.3%	;Aumentar por100.0%	;0	; --%	; --%	;0	; --%	;Disminuir por100.0%	;
275	;06/12 10:00 - 11:00	;0	; --%	;Disminuir por100.0%	;0	; --%	;Disminuir por100.0%	;0	;Disminuir por100.0%	; --%	;0	; --%	; --%	;0	; --%	; --%	;4	;Aumentar por100.0%	;Disminuir por20.0%	;0	; --%	; --%	;0	;Disminuir por100.0%	; --%	;
276	;06/12 11:00 - 12:00	;0	; --%	; --%	;0	; --%	; --%	;0	; --%	; --%	;0	; --%	; --%	;0	; --%	; --%	;5	;Aumentar por66.7%	;Aumentar por66.7%	;0	; --%	; --%	;1	; --%	; --%	;
277	;06/12 12:00 - 13:00	;0	; --%	; --%	;0	; --%	; --%	;0	; --%	;Disminuir por100.0%	;0	;Disminuir por100.0%	; --%	;1	; --%	; --%	;7	;Aumentar por133.3%	;Aumentar por250.0%	;0	; --%	; --%	;0	; --%	; --%	;
278	;06/12 13:00 - 14:00	;0	; --%	; --%	;0	; --%	; --%	;0	; --%	; --%	;0	; --%	;Disminuir por100.0%	;0	; --%	; --%	;1	;Disminuir por50.0%	;Disminuir por83.3%	;0	; --%	; --%	;0	; --%	; --%	;
279	;06/12 14:00 - 15:00	;0	; --%	; --%	;0	; --%	; --%	;0	; --%	; --%	;0	; --%	; --%	;0	; --%	; --%	;2	;Disminuir por50.0%	;Sin cambios	;0	; --%	; --%	;0	; --%	; --%	;
280	;06/12 15:00 - 16:00	;0	; --%	; --%	;0	; --%	; --%	;0	; --%	; --%	;0	; --%	; --%	;0	; --%	; --%	;4	;Aumentar por100.0%	;Aumentar por300.0%	;0	; --%	; --%	;0	; --%	; --%	;
281	;06/12 16:00 - 17:00	;0	; --%	; --%	;0	; --%	; --%	;0	; --%	; --%	;1	; --%	; --%	;0	; --%	; --%	;1	;Disminuir por50.0%	;Disminuir por66.7%	;0	; --%	; --%	;0	; --%	; --%	;
282	;06/12 17:00 - 18:00	;0	; --%	; --%	;0	; --%	; --%	;0	; --%	; --%	;0	; --%	;Disminuir por100.0%	;0	; --%	; --%	;1	; --%	; --%	;0	; --%	; --%	;0	; --%	; --%	;
283	;06/12 18:00 - 19:00	;0	; --%	; --%	;0	; --%	; --%	;0	; --%	; --%	;0	; --%	; --%	;0	; --%	; --%	;1	;Disminuir por66.7%	; --%	;0	; --%	; --%	;0	; --%	; --%	;
284	;06/12 19:00 - 20:00	;0	; --%	; --%	;0	; --%	; --%	;0	; --%	; --%	;0	; --%	; --%	;0	; --%	; --%	;0	;Disminuir por100.0%	; --%	;0	; --%	; --%	;0	; --%	; --%	;
285	;06/12 20:00 - 21:00	;0	; --%	; --%	;0	; --%	; --%	;0	; --%	; --%	;0	; --%	; --%	;0	; --%	; --%	;0	;Disminuir por100.0%	; --%	;0	; --%	; --%	;0	; --%	; --%	;
286	;06/12 21:00 - 22:00	;0	; --%	; --%	;0	; --%	; --%	;0	; --%	; --%	;0	; --%	; --%	;0	; --%	; --%	;0	; --%	; --%	;0	; --%	; --%	;0	; --%	; --%	;
287	;06/12 22:00 - 23:00	;0	; --%	; --%	;0	; --%	; --%	;0	; --%	; --%	;0	; --%	; --%	;0	; --%	; --%	;0	; --%	; --%	;0	; --%	; --%	;0	; --%	; --%	;
288	;06/12 23:00 - 24:00	;0	; --%	; --%	;0	; --%	; --%	;0	; --%	; --%	;0	; --%	; --%	;0	; --%	;Disminuir por100.0%	;0	; --%	; --%	;0	; --%	; --%	;0	; --%	; --%	;
289	;06/13 00:00 - 01:00	;0	; --%	; --%	;0	; --%	; --%	;0	; --%	; --%	;0	; --%	; --%	;0	; --%	; --%	;0	; --%	; --%	;0	; --%	; --%	;0	; --%	; --%	;
290	;06/13 01:00 - 02:00	;0	; --%	; --%	;0	; --%	; --%	;0	; --%	; --%	;0	; --%	; --%	;0	; --%	; --%	;0	; --%	; --%	;0	; --%	; --%	;0	; --%	; --%	;
291	;06/13 02:00 - 03:00	;0	; --%	; --%	;0	; --%	; --%	;0	; --%	; --%	;0	; --%	; --%	;0	; --%	; --%	;0	; --%	; --%	;0	; --%	; --%	;0	; --%	; --%	;
292	;06/13 03:00 - 04:00	;0	; --%	; --%	;0	; --%	; --%	;0	; --%	; --%	;0	; --%	; --%	;0	; --%	; --%	;0	; --%	; --%	;1	; --%	; --%	;2	; --%	;Aumentar por100.0%	;
293	;06/13 04:00 - 05:00	;0	; --%	; --%	;0	; --%	; --%	;0	; --%	; --%	;0	; --%	; --%	;0	; --%	; --%	;0	; --%	;Disminuir por100.0%	;62	; --%	;Aumentar por6100.0%	;63	; --%	;Aumentar por3050.0%	;
294	;06/13 05:00 - 06:00	;0	; --%	; --%	;0	; --%	; --%	;0	; --%	; --%	;0	; --%	; --%	;0	; --%	; --%	;1	;Sin cambios	; --%	;0	; --%	; --%	;0	; --%	; --%	;
295	;06/13 06:00 - 07:00	;0	; --%	; --%	;0	;Disminuir por100.0%	; --%	;0	; --%	; --%	;0	; --%	; --%	;0	; --%	; --%	;0	; --%	; --%	;0	; --%	; --%	;0	; --%	; --%	;
296	;06/13 07:00 - 08:00	;0	; --%	; --%	;0	; --%	; --%	;0	; --%	; --%	;0	; --%	; --%	;0	; --%	; --%	;1	;Disminuir por75.0%	;Disminuir por75.0%	;0	; --%	; --%	;0	;Disminuir por100.0%	; --%	;
297	;06/13 08:00 - 09:00	;0	; --%	; --%	;0	; --%	; --%	;0	; --%	; --%	;0	; --%	;Disminuir por100.0%	;0	; --%	; --%	;1	;Disminuir por75.0%	;Disminuir por75.0%	;0	; --%	; --%	;0	; --%	; --%	;
298	;06/13 09:00 - 10:00	;0	; --%	; --%	;0	; --%	; --%	;0	; --%	; --%	;0	; --%	;Disminuir por100.0%	;0	; --%	; --%	;3	;Disminuir por25.0%	;Sin cambios	;0	; --%	; --%	;0	; --%	; --%	;
299	;06/13 10:00 - 11:00	;0	; --%	; --%	;0	; --%	; --%	;0	; --%	; --%	;0	;Disminuir por100.0%	; --%	;0	; --%	; --%	;1	;Disminuir por50.0%	;Disminuir por80.0%	;0	; --%	; --%	;0	; --%	; --%	;
300	;06/13 11:00 - 12:00	;0	; --%	; --%	;0	; --%	; --%	;0	;Disminuir por100.0%	; --%	;0	; --%	; --%	;0	; --%	; --%	;2	;Disminuir por33.3%	;Sin cambios	;0	; --%	; --%	;0	; --%	;Disminuir por100.0%	;
301	;06/13 12:00 - 13:00	;0	; --%	; --%	;0	; --%	; --%	;0	; --%	;Disminuir por100.0%	;0	; --%	;Disminuir por100.0%	;0	;Disminuir por100.0%	; --%	;1	;Disminuir por50.0%	;Disminuir por80.0%	;0	;Disminuir por100.0%	; --%	;0	;Disminuir por100.0%	; --%	;
302	;06/13 13:00 - 14:00	;0	; --%	; --%	;0	; --%	; --%	;0	; --%	; --%	;0	;Disminuir por100.0%	; --%	;0	; --%	; --%	;1	;Disminuir por66.7%	;Disminuir por50.0%	;0	; --%	; --%	;0	; --%	; --%	;
303	;06/13 14:00 - 15:00	;0	; --%	; --%	;0	; --%	; --%	;0	; --%	; --%	;0	; --%	; --%	;0	; --%	; --%	;0	;Disminuir por100.0%	;Disminuir por100.0%	;0	; --%	; --%	;0	; --%	; --%	;
304	;06/13 15:00 - 16:00	;0	; --%	; --%	;0	; --%	; --%	;0	; --%	; --%	;0	; --%	; --%	;0	; --%	; --%	;2	;Sin cambios	; --%	;0	; --%	; --%	;0	; --%	; --%	;
305	;06/13 16:00 - 17:00	;0	; --%	; --%	;0	; --%	; --%	;0	; --%	; --%	;0	;Disminuir por100.0%	; --%	;0	; --%	; --%	;2	;Disminuir por33.3%	;Disminuir por50.0%	;0	; --%	; --%	;0	; --%	; --%	;
306	;06/13 17:00 - 18:00	;0	; --%	; --%	;0	; --%	; --%	;0	; --%	; --%	;0	; --%	;Disminuir por100.0%	;0	; --%	; --%	;1	;Disminuir por50.0%	;Sin cambios	;0	; --%	; --%	;0	; --%	; --%	;
307	;06/13 18:00 - 19:00	;0	; --%	; --%	;0	; --%	; --%	;0	; --%	; --%	;0	; --%	; --%	;0	; --%	; --%	;0	;Disminuir por100.0%	; --%	;0	; --%	; --%	;0	; --%	; --%	;
308	;06/13 19:00 - 20:00	;0	; --%	; --%	;0	; --%	; --%	;0	; --%	; --%	;0	; --%	; --%	;0	; --%	; --%	;0	;Disminuir por100.0%	; --%	;0	; --%	; --%	;0	; --%	; --%	;
309	;06/13 20:00 - 21:00	;0	; --%	; --%	;0	; --%	; --%	;0	; --%	; --%	;0	; --%	; --%	;0	; --%	; --%	;0	;Disminuir por100.0%	; --%	;0	; --%	; --%	;0	; --%	; --%	;
310	;06/13 21:00 - 22:00	;0	; --%	; --%	;0	; --%	; --%	;0	; --%	; --%	;0	; --%	; --%	;0	; --%	; --%	;0	;Disminuir por100.0%	; --%	;0	; --%	; --%	;0	; --%	; --%	;
311	;06/13 22:00 - 23:00	;0	; --%	; --%	;0	; --%	; --%	;0	; --%	; --%	;0	; --%	; --%	;0	; --%	; --%	;0	; --%	; --%	;0	; --%	; --%	;0	; --%	; --%	;
312	;06/13 23:00 - 24:00	;0	; --%	; --%	;0	; --%	; --%	;0	; --%	; --%	;0	; --%	; --%	;0	; --%	; --%	;0	; --%	; --%	;0	; --%	; --%	;0	; --%	; --%	;
313	;06/14 00:00 - 01:00	;0	; --%	; --%	;0	; --%	; --%	;0	; --%	; --%	;0	; --%	; --%	;0	; --%	; --%	;0	; --%	; --%	;0	; --%	; --%	;0	; --%	; --%	;
314	;06/14 01:00 - 02:00	;0	; --%	; --%	;0	; --%	; --%	;0	; --%	; --%	;0	; --%	; --%	;0	; --%	; --%	;0	; --%	; --%	;0	; --%	; --%	;0	; --%	; --%	;
315	;06/14 02:00 - 03:00	;0	; --%	; --%	;0	; --%	; --%	;0	; --%	; --%	;0	; --%	; --%	;0	; --%	; --%	;0	; --%	; --%	;1	; --%	; --%	;2	; --%	; --%	;
316	;06/14 03:00 - 04:00	;0	; --%	; --%	;0	; --%	; --%	;0	; --%	; --%	;0	; --%	; --%	;0	; --%	; --%	;0	; --%	;Disminuir por100.0%	;0	; --%	; --%	;0	; --%	; --%	;
317	;06/14 04:00 - 05:00	;0	; --%	; --%	;0	; --%	; --%	;0	; --%	; --%	;0	; --%	; --%	;0	; --%	; --%	;1	; --%	; --%	;0	; --%	;Disminuir por100.0%	;1	; --%	;Disminuir por50.0%	;
318	;06/14 05:00 - 06:00	;0	; --%	; --%	;0	; --%	; --%	;0	; --%	; --%	;0	; --%	; --%	;0	; --%	; --%	;0	; --%	; --%	;0	; --%	; --%	;0	; --%	; --%	;
319	;06/14 06:00 - 07:00	;0	; --%	; --%	;0	; --%	; --%	;0	; --%	; --%	;0	; --%	; --%	;0	; --%	; --%	;0	; --%	; --%	;0	; --%	; --%	;0	; --%	; --%	;
320	;06/14 07:00 - 08:00	;0	; --%	; --%	;0	; --%	; --%	;0	; --%	; --%	;0	;Disminuir por100.0%	; --%	;0	; --%	; --%	;1	; --%	;Sin cambios	;0	;Disminuir por100.0%	; --%	;0	;Disminuir por100.0%	; --%	;
321	;06/14 08:00 - 09:00	;0	; --%	; --%	;0	; --%	; --%	;0	; --%	; --%	;0	; --%	; --%	;0	; --%	; --%	;1	;Disminuir por66.7%	;Disminuir por50.0%	;0	; --%	; --%	;0	; --%	; --%	;
322	;06/14 09:00 - 10:00	;0	; --%	; --%	;0	; --%	; --%	;0	; --%	; --%	;0	; --%	; --%	;0	; --%	; --%	;2	;Disminuir por60.0%	;Sin cambios	;0	; --%	; --%	;0	; --%	; --%	;
323	;06/14 10:00 - 11:00	;0	; --%	; --%	;0	; --%	; --%	;0	; --%	; --%	;0	;Disminuir por100.0%	; --%	;0	; --%	; --%	;4	;Aumentar por33.3%	;Aumentar por33.3%	;0	; --%	; --%	;0	; --%	; --%	;
324	;06/14 11:00 - 12:00	;0	; --%	; --%	;0	; --%	; --%	;0	; --%	; --%	;0	; --%	;Disminuir por100.0%	;0	; --%	; --%	;1	; --%	;Disminuir por80.0%	;0	; --%	; --%	;0	; --%	; --%	;
325	;06/14 12:00 - 13:00	;0	; --%	; --%	;0	; --%	; --%	;0	; --%	; --%	;0	; --%	; --%	;0	; --%	; --%	;1	;Disminuir por75.0%	;Disminuir por66.7%	;0	; --%	; --%	;0	; --%	; --%	;
326	;06/14 13:00 - 14:00	;0	; --%	; --%	;0	; --%	; --%	;0	; --%	; --%	;0	; --%	; --%	;0	; --%	; --%	;2	;Disminuir por33.3%	;Aumentar por100.0%	;0	; --%	; --%	;0	; --%	; --%	;
327	;06/14 14:00 - 15:00	;0	; --%	; --%	;0	; --%	; --%	;0	; --%	; --%	;0	; --%	;Disminuir por100.0%	;0	; --%	; --%	;0	;Disminuir por100.0%	;Disminuir por100.0%	;0	; --%	; --%	;0	; --%	; --%	;
328	;06/14 15:00 - 16:00	;0	; --%	; --%	;0	; --%	; --%	;0	; --%	; --%	;0	; --%	; --%	;0	; --%	; --%	;1	;Disminuir por50.0%	; --%	;0	; --%	; --%	;0	; --%	; --%	;
329	;06/14 16:00 - 17:00	;0	; --%	; --%	;0	; --%	; --%	;0	; --%	; --%	;0	; --%	; --%	;0	; --%	; --%	;0	; --%	;Disminuir por100.0%	;0	; --%	; --%	;0	; --%	; --%	;
330	;06/14 17:00 - 18:00	;0	; --%	; --%	;0	; --%	; --%	;0	; --%	; --%	;0	; --%	; --%	;0	; --%	; --%	;1	;Disminuir por50.0%	;Sin cambios	;0	; --%	; --%	;0	; --%	; --%	;
331	;06/14 18:00 - 19:00	;0	; --%	; --%	;0	; --%	; --%	;0	; --%	; --%	;0	; --%	; --%	;0	; --%	; --%	;0	; --%	; --%	;0	; --%	; --%	;0	; --%	; --%	;
332	;06/14 19:00 - 20:00	;0	; --%	; --%	;0	; --%	; --%	;0	; --%	; --%	;0	; --%	; --%	;0	; --%	; --%	;0	;Disminuir por100.0%	; --%	;0	; --%	; --%	;0	; --%	; --%	;
333	;06/14 20:00 - 21:00	;0	; --%	; --%	;0	; --%	; --%	;0	; --%	; --%	;0	; --%	; --%	;0	; --%	; --%	;0	;Disminuir por100.0%	; --%	;0	; --%	; --%	;0	; --%	; --%	;
334	;06/14 21:00 - 22:00	;0	; --%	; --%	;0	; --%	; --%	;0	; --%	; --%	;0	; --%	; --%	;0	; --%	; --%	;0	; --%	; --%	;0	; --%	; --%	;0	; --%	; --%	;
335	;06/14 22:00 - 23:00	;0	; --%	; --%	;0	; --%	; --%	;0	; --%	; --%	;0	; --%	; --%	;0	; --%	; --%	;0	;Disminuir por100.0%	; --%	;0	; --%	; --%	;0	; --%	; --%	;
336	;06/14 23:00 - 24:00	;0	; --%	; --%	;0	; --%	; --%	;0	; --%	; --%	;0	; --%	; --%	;0	; --%	; --%	;0	; --%	; --%	;0	; --%	; --%	;0	; --%	; --%	;
337	;06/15 00:00 - 01:00	;0	; --%	; --%	;0	; --%	; --%	;0	; --%	; --%	;0	; --%	; --%	;0	; --%	; --%	;0	;Disminuir por100.0%	; --%	;0	; --%	; --%	;0	; --%	; --%	;
338	;06/15 01:00 - 02:00	;0	; --%	; --%	;0	; --%	; --%	;0	; --%	; --%	;0	; --%	; --%	;0	; --%	; --%	;0	; --%	; --%	;0	; --%	; --%	;0	; --%	; --%	;
339	;06/15 02:00 - 03:00	;0	; --%	; --%	;0	; --%	; --%	;0	; --%	; --%	;0	; --%	; --%	;0	; --%	; --%	;0	; --%	; --%	;0	; --%	; --%	;1	; --%	; --%	;
340	;06/15 03:00 - 04:00	;0	; --%	; --%	;0	; --%	; --%	;0	; --%	; --%	;0	; --%	; --%	;0	; --%	; --%	;0	; --%	; --%	;0	; --%	; --%	;0	; --%	; --%	;
341	;06/15 04:00 - 05:00	;0	; --%	; --%	;0	; --%	; --%	;0	; --%	; --%	;0	; --%	; --%	;0	; --%	; --%	;1	; --%	;Sin cambios	;4	; --%	;Aumentar por300.0%	;3	; --%	;Aumentar por50.0%	;
342	;06/15 05:00 - 06:00	;0	; --%	; --%	;1	; --%	; --%	;0	; --%	; --%	;0	; --%	; --%	;0	; --%	; --%	;0	; --%	; --%	;0	; --%	;Disminuir por100.0%	;0	; --%	;Disminuir por100.0%	;
343	;06/15 06:00 - 07:00	;0	; --%	; --%	;0	; --%	; --%	;0	; --%	; --%	;0	; --%	; --%	;0	; --%	; --%	;1	; --%	;Sin cambios	;0	; --%	; --%	;0	;Disminuir por100.0%	; --%	;
344	;06/15 07:00 - 08:00	;0	; --%	; --%	;0	; --%	; --%	;0	; --%	; --%	;2	; --%	; --%	;0	; --%	; --%	;2	; --%	;Aumentar por100.0%	;0	; --%	; --%	;0	; --%	; --%	;
345	;06/15 08:00 - 09:00	;0	; --%	; --%	;0	; --%	; --%	;0	; --%	; --%	;0	;Disminuir por100.0%	; --%	;0	; --%	; --%	;1	;Sin cambios	;Sin cambios	;0	; --%	; --%	;0	; --%	; --%	;
346	;06/15 09:00 - 10:00	;0	; --%	; --%	;0	; --%	; --%	;0	; --%	; --%	;1	; --%	; --%	;0	; --%	; --%	;5	;Aumentar por25.0%	;Aumentar por400.0%	;0	; --%	; --%	;0	; --%	; --%	;
347	;06/15 10:00 - 11:00	;0	; --%	; --%	;0	; --%	; --%	;0	; --%	; --%	;1	; --%	; --%	;0	; --%	; --%	;1	;Sin cambios	;Disminuir por50.0%	;0	; --%	; --%	;0	; --%	; --%	;
348	;06/15 11:00 - 12:00	;0	; --%	; --%	;0	; --%	; --%	;0	; --%	; --%	;1	; --%	; --%	;0	; --%	; --%	;3	;Aumentar por200.0%	;Disminuir por25.0%	;0	; --%	; --%	;1	; --%	; --%	;
349	;06/15 12:00 - 13:00	;0	; --%	; --%	;0	; --%	; --%	;0	; --%	; --%	;0	; --%	; --%	;0	; --%	; --%	;3	;Disminuir por50.0%	; --%	;0	; --%	; --%	;0	; --%	; --%	;
350	;06/15 13:00 - 14:00	;0	; --%	; --%	;0	; --%	; --%	;0	; --%	; --%	;1	; --%	; --%	;0	; --%	; --%	;1	;Disminuir por66.7%	; --%	;0	; --%	; --%	;0	; --%	; --%	;
351	;06/15 14:00 - 15:00	;0	; --%	; --%	;1	; --%	; --%	;0	;Disminuir por100.0%	; --%	;0	; --%	; --%	;0	; --%	; --%	;1	;Disminuir por50.0%	;Disminuir por50.0%	;0	; --%	; --%	;0	; --%	; --%	;
352	;06/15 15:00 - 16:00	;0	; --%	; --%	;0	; --%	; --%	;0	; --%	; --%	;3	;Aumentar por200.0%	; --%	;0	; --%	; --%	;1	;Sin cambios	; --%	;0	; --%	; --%	;0	; --%	; --%	;
353	;06/15 16:00 - 17:00	;0	; --%	; --%	;0	; --%	; --%	;0	; --%	; --%	;0	; --%	; --%	;0	; --%	; --%	;2	;Aumentar por100.0%	;Sin cambios	;0	; --%	; --%	;0	; --%	; --%	;
354	;06/15 17:00 - 18:00	;0	; --%	; --%	;0	; --%	; --%	;0	; --%	; --%	;2	; --%	; --%	;0	; --%	; --%	;1	;Sin cambios	;Disminuir por50.0%	;0	; --%	; --%	;0	; --%	; --%	;
355	;06/15 18:00 - 19:00	;0	; --%	; --%	;0	; --%	; --%	;0	; --%	; --%	;0	; --%	; --%	;0	; --%	; --%	;1	;Disminuir por66.7%	; --%	;0	; --%	; --%	;0	; --%	; --%	;
356	;06/15 19:00 - 20:00	;0	; --%	; --%	;0	; --%	; --%	;1	; --%	; --%	;0	; --%	; --%	;0	; --%	; --%	;0	;Disminuir por100.0%	; --%	;0	; --%	; --%	;0	; --%	; --%	;
357	;06/15 20:00 - 21:00	;0	; --%	; --%	;0	; --%	; --%	;0	; --%	; --%	;1	; --%	; --%	;0	; --%	; --%	;0	;Disminuir por100.0%	; --%	;0	; --%	; --%	;0	; --%	; --%	;
358	;06/15 21:00 - 22:00	;0	; --%	; --%	;0	; --%	; --%	;0	; --%	; --%	;0	; --%	; --%	;0	; --%	; --%	;0	;Disminuir por100.0%	; --%	;0	; --%	; --%	;0	; --%	; --%	;
359	;06/15 22:00 - 23:00	;0	; --%	; --%	;0	; --%	; --%	;0	; --%	; --%	;0	; --%	; --%	;0	; --%	; --%	;0	; --%	; --%	;0	; --%	; --%	;0	; --%	; --%	;
360	;06/15 23:00 - 24:00	;0	; --%	; --%	;0	; --%	; --%	;0	; --%	; --%	;0	; --%	; --%	;0	; --%	; --%	;0	; --%	; --%	;0	; --%	; --%	;0	; --%	; --%	;
361	;06/16 00:00 - 01:00	;0	; --%	; --%	;0	; --%	; --%	;0	; --%	; --%	;0	; --%	; --%	;0	; --%	; --%	;0	; --%	;Disminuir por100.0%	;0	; --%	; --%	;0	; --%	; --%	;
362	;06/16 01:00 - 02:00	;0	; --%	; --%	;0	; --%	; --%	;0	; --%	; --%	;0	; --%	; --%	;0	; --%	; --%	;0	; --%	; --%	;0	; --%	; --%	;0	; --%	; --%	;
363	;06/16 02:00 - 03:00	;0	; --%	; --%	;0	; --%	; --%	;0	; --%	; --%	;0	; --%	; --%	;0	; --%	; --%	;0	; --%	; --%	;0	; --%	; --%	;0	; --%	; --%	;
364	;06/16 03:00 - 04:00	;0	; --%	; --%	;0	; --%	; --%	;0	; --%	; --%	;0	; --%	; --%	;0	; --%	; --%	;0	; --%	; --%	;0	; --%	; --%	;0	; --%	; --%	;
365	;06/16 04:00 - 05:00	;0	; --%	; --%	;0	; --%	; --%	;0	; --%	; --%	;0	; --%	; --%	;0	; --%	; --%	;0	; --%	; --%	;0	; --%	; --%	;0	; --%	; --%	;
366	;06/16 05:00 - 06:00	;0	; --%	; --%	;0	; --%	; --%	;0	; --%	; --%	;0	; --%	; --%	;0	; --%	; --%	;0	; --%	; --%	;0	; --%	; --%	;0	; --%	; --%	;
367	;06/16 06:00 - 07:00	;0	; --%	; --%	;0	; --%	; --%	;1	; --%	; --%	;2	; --%	; --%	;0	; --%	; --%	;1	;Disminuir por66.7%	;Sin cambios	;0	;Disminuir por100.0%	;Disminuir por100.0%	;0	;Disminuir por100.0%	;Disminuir por100.0%	;
368	;06/16 07:00 - 08:00	;0	; --%	; --%	;0	; --%	; --%	;0	; --%	; --%	;0	; --%	;Disminuir por100.0%	;1	; --%	; --%	;2	;Aumentar por100.0%	;Aumentar por100.0%	;0	; --%	; --%	;0	; --%	; --%	;
369	;06/16 08:00 - 09:00	;0	; --%	; --%	;0	; --%	; --%	;0	; --%	; --%	;3	; --%	; --%	;0	; --%	; --%	;3	;Sin cambios	;Aumentar por50.0%	;0	; --%	;Disminuir por100.0%	;0	; --%	;Disminuir por100.0%	;
370	;06/16 09:00 - 10:00	;0	; --%	; --%	;0	; --%	; --%	;0	; --%	; --%	;1	;Sin cambios	;Sin cambios	;0	; --%	; --%	;4	;Disminuir por55.6%	;Sin cambios	;0	; --%	; --%	;0	; --%	; --%	;
371	;06/16 10:00 - 11:00	;0	; --%	; --%	;0	; --%	; --%	;0	; --%	; --%	;1	;Sin cambios	; --%	;0	; --%	; --%	;5	;Disminuir por28.6%	;Aumentar por66.7%	;0	; --%	; --%	;0	; --%	; --%	;
372	;06/16 11:00 - 12:00	;0	; --%	; --%	;0	; --%	; --%	;0	; --%	; --%	;0	;Disminuir por100.0%	; --%	;0	; --%	; --%	;5	;Aumentar por400.0%	;Sin cambios	;0	; --%	; --%	;0	;Disminuir por100.0%	; --%	;
373	;06/16 12:00 - 13:00	;0	; --%	; --%	;0	; --%	; --%	;0	; --%	; --%	;1	;Sin cambios	; --%	;0	; --%	; --%	;6	;Aumentar por500.0%	;Sin cambios	;0	; --%	; --%	;0	;Disminuir por100.0%	; --%	;
374	;06/16 13:00 - 14:00	;0	; --%	; --%	;0	; --%	; --%	;0	; --%	; --%	;0	; --%	; --%	;0	; --%	; --%	;1	; --%	;Disminuir por66.7%	;0	; --%	; --%	;0	; --%	; --%	;
375	;06/16 14:00 - 15:00	;0	; --%	; --%	;0	; --%	; --%	;0	; --%	;Disminuir por100.0%	;0	; --%	; --%	;0	; --%	; --%	;2	;Disminuir por33.3%	;Disminuir por33.3%	;0	; --%	; --%	;0	; --%	; --%	;
376	;06/16 15:00 - 16:00	;0	; --%	; --%	;0	; --%	; --%	;0	; --%	; --%	;1	;Sin cambios	; --%	;0	; --%	; --%	;1	;Sin cambios	;Disminuir por66.7%	;0	; --%	; --%	;0	; --%	; --%	;
377	;06/16 16:00 - 17:00	;0	; --%	; --%	;0	; --%	; --%	;0	; --%	; --%	;1	; --%	;Sin cambios	;0	; --%	; --%	;0	;Disminuir por100.0%	; --%	;0	; --%	; --%	;0	; --%	; --%	;
378	;06/16 17:00 - 18:00	;0	; --%	; --%	;0	; --%	; --%	;0	; --%	; --%	;0	; --%	;Disminuir por100.0%	;0	; --%	; --%	;0	;Disminuir por100.0%	;Disminuir por100.0%	;0	; --%	; --%	;0	; --%	; --%	;
379	;06/16 18:00 - 19:00	;0	; --%	; --%	;0	; --%	; --%	;0	; --%	; --%	;0	; --%	;Disminuir por100.0%	;0	; --%	; --%	;0	;Disminuir por100.0%	; --%	;0	; --%	; --%	;0	; --%	; --%	;
380	;06/16 19:00 - 20:00	;0	; --%	; --%	;0	; --%	; --%	;0	; --%	; --%	;0	; --%	; --%	;0	; --%	; --%	;0	;Disminuir por100.0%	; --%	;0	; --%	; --%	;0	; --%	; --%	;
381	;06/16 20:00 - 21:00	;0	; --%	; --%	;0	; --%	; --%	;0	; --%	; --%	;0	; --%	; --%	;0	; --%	; --%	;0	;Disminuir por100.0%	; --%	;0	; --%	; --%	;0	; --%	; --%	;
382	;06/16 21:00 - 22:00	;0	; --%	; --%	;0	; --%	; --%	;0	; --%	; --%	;0	; --%	; --%	;0	; --%	; --%	;0	; --%	; --%	;0	; --%	; --%	;0	; --%	; --%	;
383	;06/16 22:00 - 23:00	;0	; --%	; --%	;0	; --%	; --%	;0	; --%	; --%	;0	; --%	; --%	;0	; --%	; --%	;0	; --%	; --%	;0	; --%	; --%	;0	; --%	; --%	;
384	;06/16 23:00 - 24:00	;0	; --%	; --%	;0	; --%	; --%	;0	; --%	; --%	;0	; --%	; --%	;0	; --%	; --%	;0	; --%	; --%	;0	; --%	; --%	;0	; --%	; --%	;
385	;06/17 00:00 - 01:00	;0	; --%	; --%	;0	; --%	; --%	;0	; --%	; --%	;0	; --%	; --%	;0	; --%	; --%	;0	; --%	; --%	;0	; --%	; --%	;0	; --%	; --%	;
386	;06/17 01:00 - 02:00	;0	; --%	; --%	;0	; --%	; --%	;0	; --%	; --%	;0	; --%	; --%	;0	; --%	; --%	;0	; --%	; --%	;0	; --%	; --%	;0	; --%	; --%	;
387	;06/17 02:00 - 03:00	;0	; --%	; --%	;0	; --%	; --%	;0	; --%	; --%	;0	; --%	; --%	;0	; --%	; --%	;0	; --%	; --%	;0	; --%	; --%	;0	; --%	; --%	;
388	;06/17 03:00 - 04:00	;0	; --%	; --%	;0	; --%	; --%	;0	; --%	; --%	;0	; --%	; --%	;0	; --%	; --%	;0	; --%	; --%	;0	; --%	; --%	;1	; --%	; --%	;
389	;06/17 04:00 - 05:00	;0	; --%	; --%	;0	; --%	; --%	;0	; --%	; --%	;0	; --%	; --%	;0	; --%	; --%	;0	; --%	; --%	;0	; --%	;Disminuir por100.0%	;1	; --%	;Disminuir por50.0%	;
390	;06/17 05:00 - 06:00	;0	; --%	; --%	;0	; --%	; --%	;0	; --%	; --%	;0	; --%	; --%	;0	; --%	; --%	;0	;Disminuir por100.0%	; --%	;0	; --%	; --%	;0	; --%	; --%	;
391	;06/17 06:00 - 07:00	;0	; --%	; --%	;0	; --%	; --%	;0	; --%	; --%	;0	; --%	; --%	;0	; --%	; --%	;2	;Aumentar por100.0%	; --%	;0	; --%	; --%	;0	; --%	; --%	;
392	;06/17 07:00 - 08:00	;0	; --%	; --%	;0	; --%	; --%	;0	; --%	; --%	;0	; --%	; --%	;0	; --%	;Disminuir por100.0%	;3	;Aumentar por200.0%	;Aumentar por50.0%	;0	; --%	; --%	;0	;Disminuir por100.0%	; --%	;
393	;06/17 08:00 - 09:00	;0	; --%	; --%	;0	; --%	; --%	;0	; --%	; --%	;0	; --%	; --%	;0	; --%	;Disminuir por100.0%	;3	;Aumentar por200.0%	;Disminuir por25.0%	;0	; --%	; --%	;0	; --%	; --%	;
394	;06/17 09:00 - 10:00	;0	; --%	; --%	;0	; --%	; --%	;0	; --%	; --%	;0	; --%	;Disminuir por100.0%	;0	; --%	; --%	;8	;Aumentar por100.0%	;Aumentar por700.0%	;0	; --%	; --%	;0	;Disminuir por100.0%	; --%	;
395	;06/17 10:00 - 11:00	;0	; --%	; --%	;0	; --%	; --%	;0	; --%	; --%	;0	;Disminuir por100.0%	;Disminuir por100.0%	;0	; --%	; --%	;3	;Aumentar por50.0%	;Aumentar por50.0%	;0	; --%	; --%	;0	; --%	; --%	;
396	;06/17 11:00 - 12:00	;0	; --%	; --%	;0	;Disminuir por100.0%	; --%	;0	; --%	; --%	;0	; --%	; --%	;0	; --%	; --%	;1	;Disminuir por66.7%	;Disminuir por50.0%	;0	; --%	; --%	;0	; --%	; --%	;
397	;06/17 12:00 - 13:00	;0	; --%	; --%	;0	; --%	; --%	;0	; --%	; --%	;1	; --%	; --%	;0	; --%	; --%	;5	;Aumentar por400.0%	;Aumentar por400.0%	;0	; --%	; --%	;0	; --%	; --%	;
398	;06/17 13:00 - 14:00	;0	; --%	; --%	;0	; --%	; --%	;0	; --%	; --%	;0	; --%	;Disminuir por100.0%	;0	; --%	;Disminuir por100.0%	;1	;Sin cambios	;Disminuir por80.0%	;0	; --%	; --%	;0	; --%	; --%	;
399	;06/17 14:00 - 15:00	;0	; --%	; --%	;0	; --%	; --%	;0	; --%	; --%	;0	; --%	; --%	;0	; --%	; --%	;1	;Sin cambios	;Disminuir por66.7%	;0	; --%	; --%	;0	; --%	; --%	;
400	;06/17 15:00 - 16:00	;0	; --%	; --%	;0	; --%	; --%	;0	; --%	; --%	;1	;Sin cambios	; --%	;0	; --%	; --%	;5	;Aumentar por25.0%	; --%	;0	; --%	; --%	;1	; --%	; --%	;
401	;06/17 16:00 - 17:00	;0	; --%	; --%	;0	; --%	; --%	;0	; --%	; --%	;0	; --%	; --%	;0	; --%	; --%	;1	;Disminuir por75.0%	;Sin cambios	;0	; --%	; --%	;1	; --%	; --%	;
402	;06/17 17:00 - 18:00	;0	; --%	; --%	;0	; --%	; --%	;0	; --%	; --%	;1	; --%	; --%	;0	; --%	; --%	;3	;Disminuir por25.0%	;Aumentar por200.0%	;0	; --%	; --%	;0	; --%	; --%	;
403	;06/17 18:00 - 19:00	;0	; --%	; --%	;0	; --%	; --%	;0	; --%	; --%	;0	; --%	; --%	;0	; --%	; --%	;1	;Disminuir por50.0%	; --%	;0	; --%	; --%	;0	; --%	; --%	;
404	;06/17 19:00 - 20:00	;0	; --%	; --%	;0	; --%	; --%	;0	; --%	; --%	;0	; --%	; --%	;0	; --%	; --%	;0	;Disminuir por100.0%	; --%	;0	; --%	; --%	;0	; --%	; --%	;
405	;06/17 20:00 - 21:00	;0	; --%	; --%	;0	; --%	; --%	;0	; --%	; --%	;0	; --%	; --%	;0	; --%	; --%	;0	; --%	; --%	;0	; --%	; --%	;0	; --%	; --%	;
406	;06/17 21:00 - 22:00	;0	; --%	; --%	;0	; --%	; --%	;0	; --%	; --%	;0	; --%	; --%	;0	; --%	; --%	;0	;Disminuir por100.0%	; --%	;0	; --%	; --%	;0	; --%	; --%	;
407	;06/17 22:00 - 23:00	;0	; --%	; --%	;0	; --%	; --%	;0	; --%	; --%	;0	; --%	; --%	;0	; --%	; --%	;0	;Disminuir por100.0%	; --%	;0	; --%	; --%	;0	; --%	; --%	;
408	;06/17 23:00 - 24:00	;0	; --%	; --%	;0	; --%	; --%	;0	; --%	; --%	;0	; --%	; --%	;0	; --%	; --%	;0	; --%	;Disminuir por100.0%	;0	; --%	; --%	;0	; --%	; --%	;
409	;06/18 00:00 - 01:00	;0	; --%	; --%	;0	; --%	; --%	;0	; --%	; --%	;0	; --%	; --%	;0	; --%	; --%	;0	; --%	; --%	;0	; --%	; --%	;0	; --%	; --%	;
410	;06/18 01:00 - 02:00	;0	; --%	; --%	;0	; --%	; --%	;0	; --%	; --%	;0	; --%	; --%	;0	; --%	; --%	;1	; --%	; --%	;0	; --%	; --%	;0	; --%	; --%	;
411	;06/18 02:00 - 03:00	;0	; --%	; --%	;0	; --%	; --%	;0	; --%	; --%	;0	; --%	; --%	;0	; --%	; --%	;0	; --%	; --%	;0	; --%	; --%	;0	; --%	; --%	;
412	;06/18 03:00 - 04:00	;0	; --%	; --%	;0	; --%	; --%	;0	; --%	; --%	;0	; --%	; --%	;0	; --%	; --%	;0	; --%	; --%	;0	; --%	; --%	;0	; --%	; --%	;
413	;06/18 04:00 - 05:00	;0	; --%	; --%	;0	; --%	; --%	;0	; --%	; --%	;0	; --%	; --%	;0	; --%	; --%	;1	; --%	; --%	;2	; --%	;Aumentar por100.0%	;3	; --%	;Aumentar por50.0%	;
414	;06/18 05:00 - 06:00	;0	; --%	; --%	;0	; --%	; --%	;0	; --%	; --%	;0	; --%	; --%	;0	; --%	; --%	;0	;Disminuir por100.0%	; --%	;1	; --%	; --%	;2	;Aumentar por100.0%	; --%	;
415	;06/18 06:00 - 07:00	;0	; --%	; --%	;0	;Disminuir por100.0%	; --%	;0	; --%	; --%	;0	; --%	; --%	;0	; --%	; --%	;0	; --%	;Disminuir por100.0%	;0	; --%	; --%	;0	; --%	; --%	;
416	;06/18 07:00 - 08:00	;0	; --%	; --%	;0	; --%	; --%	;0	; --%	; --%	;0	; --%	; --%	;0	; --%	; --%	;4	;Aumentar por100.0%	;Aumentar por33.3%	;0	; --%	; --%	;0	; --%	; --%	;
417	;06/18 08:00 - 09:00	;0	; --%	; --%	;0	; --%	; --%	;0	; --%	; --%	;0	; --%	;Disminuir por100.0%	;0	; --%	; --%	;0	;Disminuir por100.0%	;Disminuir por100.0%	;0	; --%	; --%	;1	; --%	; --%	;
418	;06/18 09:00 - 10:00	;0	; --%	; --%	;0	; --%	; --%	;0	; --%	; --%	;0	; --%	;Disminuir por100.0%	;0	; --%	; --%	;7	;Aumentar por133.3%	;Aumentar por75.0%	;0	; --%	; --%	;0	;Disminuir por100.0%	; --%	;
419	;06/18 10:00 - 11:00	;0	; --%	; --%	;0	; --%	; --%	;0	;Disminuir por100.0%	; --%	;1	; --%	;Sin cambios	;0	;Disminuir por100.0%	; --%	;5	;Aumentar por150.0%	;Sin cambios	;1	; --%	; --%	;1	; --%	; --%	;
420	;06/18 11:00 - 12:00	;0	; --%	; --%	;0	; --%	; --%	;0	; --%	; --%	;0	; --%	; --%	;0	; --%	; --%	;1	;Disminuir por80.0%	;Disminuir por66.7%	;0	;Disminuir por100.0%	; --%	;0	; --%	; --%	;
421	;06/18 12:00 - 13:00	;0	; --%	; --%	;0	; --%	; --%	;0	; --%	; --%	;0	;Disminuir por100.0%	;Disminuir por100.0%	;0	; --%	; --%	;7	;Aumentar por16.7%	;Aumentar por40.0%	;0	; --%	; --%	;0	; --%	; --%	;
422	;06/18 13:00 - 14:00	;0	; --%	; --%	;0	; --%	; --%	;0	; --%	; --%	;0	;Disminuir por100.0%	; --%	;0	; --%	;Disminuir por100.0%	;3	;Aumentar por50.0%	;Disminuir por25.0%	;0	; --%	; --%	;0	; --%	; --%	;
423	;06/18 14:00 - 15:00	;0	; --%	; --%	;0	; --%	; --%	;0	; --%	; --%	;0	;Disminuir por100.0%	; --%	;0	; --%	; --%	;3	;Disminuir por57.1%	;Sin cambios	;0	; --%	; --%	;0	; --%	; --%	;
424	;06/18 15:00 - 16:00	;0	; --%	; --%	;0	; --%	; --%	;0	; --%	; --%	;0	;Disminuir por100.0%	;Disminuir por100.0%	;0	;Disminuir por100.0%	; --%	;4	;Disminuir por33.3%	;Aumentar por100.0%	;0	; --%	; --%	;1	; --%	; --%	;
425	;06/18 16:00 - 17:00	;0	; --%	; --%	;0	; --%	; --%	;0	; --%	; --%	;0	;Disminuir por100.0%	; --%	;0	; --%	; --%	;1	;Disminuir por50.0%	;Disminuir por50.0%	;0	; --%	; --%	;1	; --%	; --%	;
426	;06/18 17:00 - 18:00	;0	; --%	; --%	;0	;Disminuir por100.0%	; --%	;0	; --%	; --%	;0	; --%	;Disminuir por100.0%	;0	; --%	; --%	;2	;Sin cambios	;Aumentar por100.0%	;0	; --%	; --%	;0	; --%	; --%	;
427	;06/18 18:00 - 19:00	;0	; --%	; --%	;0	; --%	; --%	;0	; --%	; --%	;0	; --%	; --%	;0	; --%	; --%	;0	;Disminuir por100.0%	; --%	;0	; --%	; --%	;0	; --%	; --%	;
428	;06/18 19:00 - 20:00	;0	; --%	; --%	;0	; --%	; --%	;0	; --%	; --%	;0	; --%	; --%	;0	; --%	; --%	;0	;Disminuir por100.0%	;Disminuir por100.0%	;0	; --%	; --%	;0	;Disminuir por100.0%	; --%	;
429	;06/18 20:00 - 21:00	;0	; --%	; --%	;0	; --%	; --%	;0	; --%	; --%	;0	; --%	; --%	;0	;Disminuir por100.0%	; --%	;0	; --%	; --%	;0	; --%	; --%	;0	; --%	; --%	;
430	;06/18 21:00 - 22:00	;0	; --%	; --%	;0	; --%	; --%	;0	; --%	; --%	;0	; --%	; --%	;0	; --%	; --%	;0	;Disminuir por100.0%	; --%	;0	; --%	; --%	;0	; --%	; --%	;
431	;06/18 22:00 - 23:00	;0	; --%	; --%	;0	; --%	; --%	;0	; --%	; --%	;0	; --%	; --%	;0	; --%	; --%	;0	; --%	; --%	;0	; --%	; --%	;0	; --%	; --%	;
432	;06/18 23:00 - 24:00	;0	; --%	; --%	;0	; --%	; --%	;0	; --%	; --%	;0	; --%	; --%	;0	; --%	; --%	;0	; --%	;Disminuir por100.0%	;0	; --%	; --%	;0	; --%	; --%	;
433	;06/19 00:00 - 01:00	;0	; --%	; --%	;0	; --%	; --%	;0	; --%	; --%	;0	; --%	; --%	;0	; --%	; --%	;0	; --%	; --%	;0	; --%	; --%	;0	; --%	; --%	;
434	;06/19 01:00 - 02:00	;0	; --%	; --%	;0	; --%	; --%	;0	; --%	; --%	;0	; --%	; --%	;0	; --%	; --%	;0	; --%	; --%	;0	; --%	; --%	;0	; --%	; --%	;
435	;06/19 02:00 - 03:00	;0	; --%	; --%	;0	; --%	; --%	;0	; --%	; --%	;0	; --%	; --%	;0	; --%	; --%	;0	; --%	; --%	;2	; --%	; --%	;1	; --%	; --%	;
436	;06/19 03:00 - 04:00	;0	; --%	; --%	;0	; --%	; --%	;0	; --%	; --%	;0	; --%	; --%	;0	; --%	; --%	;0	; --%	; --%	;0	; --%	; --%	;1	; --%	; --%	;
437	;06/19 04:00 - 05:00	;0	; --%	; --%	;0	; --%	; --%	;0	; --%	; --%	;0	; --%	; --%	;0	; --%	; --%	;1	; --%	; --%	;0	; --%	;Disminuir por100.0%	;1	; --%	;Disminuir por80.0%	;
438	;06/19 05:00 - 06:00	;0	; --%	; --%	;0	; --%	; --%	;0	; --%	; --%	;0	; --%	; --%	;0	; --%	; --%	;0	; --%	;Disminuir por100.0%	;0	; --%	; --%	;0	; --%	; --%	;
439	;06/19 06:00 - 07:00	;0	; --%	; --%	;0	; --%	; --%	;0	; --%	; --%	;0	;Disminuir por100.0%	; --%	;0	; --%	; --%	;2	; --%	;Aumentar por100.0%	;0	; --%	; --%	;0	; --%	; --%	;
440	;06/19 07:00 - 08:00	;0	; --%	; --%	;0	; --%	; --%	;0	; --%	; --%	;1	; --%	;Sin cambios	;0	; --%	; --%	;1	; --%	;Sin cambios	;0	; --%	; --%	;0	; --%	; --%	;
441	;06/19 08:00 - 09:00	;0	; --%	;Disminuir por100.0%	;0	; --%	;Disminuir por100.0%	;0	; --%	; --%	;0	; --%	; --%	;0	; --%	; --%	;0	;Disminuir por100.0%	;Disminuir por100.0%	;1	; --%	; --%	;0	; --%	; --%	;
442	;06/19 09:00 - 10:00	;0	; --%	; --%	;0	; --%	; --%	;0	; --%	; --%	;2	;Aumentar por100.0%	; --%	;0	; --%	; --%	;4	;Aumentar por100.0%	;Sin cambios	;0	; --%	; --%	;0	;Disminuir por100.0%	;Disminuir por100.0%	;
443	;06/19 10:00 - 11:00	;0	; --%	; --%	;0	; --%	; --%	;0	; --%	; --%	;0	; --%	; --%	;1	; --%	; --%	;9	;Aumentar por350.0%	;Aumentar por800.0%	;0	; --%	; --%	;0	; --%	; --%	;
444	;06/19 11:00 - 12:00	;0	; --%	; --%	;0	; --%	; --%	;0	; --%	; --%	;1	; --%	; --%	;0	; --%	; --%	;8	;Aumentar por100.0%	;Aumentar por100.0%	;1	; --%	; --%	;1	; --%	;Sin cambios	;
445	;06/19 12:00 - 13:00	;0	; --%	; --%	;0	; --%	; --%	;1	; --%	; --%	;2	; --%	; --%	;0	; --%	; --%	;11	;Aumentar por450.0%	;Aumentar por175.0%	;0	; --%	; --%	;1	; --%	; --%	;
446	;06/19 13:00 - 14:00	;0	; --%	; --%	;0	; --%	; --%	;0	; --%	; --%	;0	; --%	; --%	;0	; --%	; --%	;2	;Disminuir por50.0%	;Sin cambios	;0	; --%	; --%	;0	; --%	; --%	;
447	;06/19 14:00 - 15:00	;0	; --%	; --%	;0	; --%	; --%	;0	; --%	; --%	;0	; --%	;Disminuir por100.0%	;0	; --%	; --%	;1	; --%	;Sin cambios	;0	; --%	; --%	;0	; --%	; --%	;
448	;06/19 15:00 - 16:00	;0	; --%	; --%	;0	; --%	; --%	;0	; --%	; --%	;1	; --%	; --%	;0	; --%	; --%	;3	;Aumentar por200.0%	;Disminuir por25.0%	;0	; --%	; --%	;1	; --%	; --%	;
449	;06/19 16:00 - 17:00	;0	; --%	; --%	;0	; --%	; --%	;0	; --%	; --%	;1	; --%	; --%	;0	; --%	;Disminuir por100.0%	;2	;Aumentar por100.0%	;Disminuir por33.3%	;0	; --%	; --%	;1	; --%	; --%	;
450	;06/19 17:00 - 18:00	;0	; --%	; --%	;0	; --%	; --%	;0	; --%	; --%	;1	; --%	; --%	;0	; --%	; --%	;0	;Disminuir por100.0%	;Disminuir por100.0%	;0	; --%	; --%	;1	; --%	; --%	;
451	;06/19 18:00 - 19:00	;0	; --%	; --%	;0	; --%	; --%	;0	; --%	; --%	;0	; --%	; --%	;0	; --%	; --%	;0	;Disminuir por100.0%	; --%	;0	; --%	; --%	;0	; --%	; --%	;
452	;06/19 19:00 - 20:00	;0	; --%	; --%	;0	; --%	; --%	;0	; --%	; --%	;0	; --%	; --%	;0	; --%	; --%	;0	;Disminuir por100.0%	; --%	;0	; --%	; --%	;0	; --%	; --%	;
453	;06/19 20:00 - 21:00	;0	; --%	; --%	;0	; --%	; --%	;0	; --%	; --%	;0	; --%	; --%	;0	; --%	; --%	;0	;Disminuir por100.0%	; --%	;0	; --%	; --%	;0	; --%	; --%	;
454	;06/19 21:00 - 22:00	;0	; --%	; --%	;0	; --%	; --%	;0	; --%	; --%	;0	; --%	; --%	;0	; --%	; --%	;0	; --%	; --%	;0	; --%	; --%	;0	;Disminuir por100.0%	; --%	;
455	;06/19 22:00 - 23:00	;0	; --%	; --%	;0	; --%	; --%	;0	; --%	; --%	;0	; --%	; --%	;0	; --%	; --%	;0	; --%	; --%	;0	; --%	; --%	;0	; --%	; --%	;
456	;06/19 23:00 - 24:00	;0	; --%	; --%	;0	; --%	; --%	;0	; --%	; --%	;0	; --%	; --%	;0	; --%	; --%	;0	; --%	; --%	;0	; --%	; --%	;0	; --%	; --%	;
457	;06/20 00:00 - 01:00	;0	; --%	; --%	;0	; --%	; --%	;0	; --%	; --%	;0	; --%	; --%	;0	; --%	; --%	;0	;Disminuir por100.0%	; --%	;0	; --%	; --%	;0	; --%	; --%	;
458	;06/20 01:00 - 02:00	;0	; --%	; --%	;0	; --%	; --%	;0	; --%	; --%	;0	; --%	; --%	;0	; --%	; --%	;0	; --%	; --%	;0	; --%	; --%	;0	; --%	; --%	;
459	;06/20 02:00 - 03:00	;0	; --%	; --%	;0	; --%	; --%	;0	; --%	; --%	;0	; --%	; --%	;0	; --%	; --%	;0	; --%	; --%	;0	; --%	; --%	;0	; --%	; --%	;
460	;06/20 03:00 - 04:00	;0	; --%	; --%	;0	; --%	; --%	;0	; --%	; --%	;0	; --%	; --%	;0	; --%	; --%	;0	; --%	; --%	;0	; --%	; --%	;1	; --%	; --%	;
461	;06/20 04:00 - 05:00	;0	; --%	; --%	;0	; --%	; --%	;0	; --%	; --%	;0	; --%	; --%	;0	; --%	; --%	;0	;Disminuir por100.0%	; --%	;6	; --%	;Aumentar por500.0%	;5	; --%	;Aumentar por150.0%	;
462	;06/20 05:00 - 06:00	;0	; --%	; --%	;0	; --%	; --%	;0	; --%	; --%	;0	; --%	; --%	;0	; --%	; --%	;1	; --%	;Sin cambios	;0	; --%	; --%	;0	; --%	; --%	;
463	;06/20 06:00 - 07:00	;0	; --%	; --%	;0	; --%	; --%	;0	; --%	; --%	;0	; --%	;Disminuir por100.0%	;0	; --%	; --%	;0	; --%	; --%	;0	; --%	;Disminuir por100.0%	;0	;Disminuir por100.0%	;Disminuir por100.0%	;
464	;06/20 07:00 - 08:00	;0	; --%	; --%	;0	; --%	; --%	;0	; --%	; --%	;0	; --%	; --%	;0	; --%	; --%	;1	;Sin cambios	;Disminuir por75.0%	;0	; --%	; --%	;0	; --%	; --%	;
465	;06/20 08:00 - 09:00	;0	; --%	; --%	;0	; --%	; --%	;0	; --%	; --%	;0	; --%	;Disminuir por100.0%	;0	; --%	; --%	;2	;Disminuir por60.0%	;Disminuir por71.4%	;0	; --%	; --%	;0	; --%	; --%	;
466	;06/20 09:00 - 10:00	;0	; --%	; --%	;0	; --%	; --%	;0	; --%	;Disminuir por100.0%	;0	;Disminuir por100.0%	;Disminuir por100.0%	;0	; --%	; --%	;5	;Disminuir por16.7%	;Aumentar por66.7%	;0	; --%	; --%	;0	; --%	; --%	;
467	;06/20 10:00 - 11:00	;0	; --%	; --%	;0	; --%	; --%	;0	; --%	; --%	;0	; --%	; --%	;1	; --%	; --%	;3	;Disminuir por25.0%	; --%	;0	; --%	; --%	;0	; --%	; --%	;
468	;06/20 11:00 - 12:00	;0	; --%	; --%	;0	; --%	; --%	;0	; --%	; --%	;0	; --%	; --%	;0	; --%	; --%	;3	;Aumentar por50.0%	;Sin cambios	;0	; --%	; --%	;0	; --%	; --%	;
469	;06/20 12:00 - 13:00	;0	; --%	; --%	;0	; --%	; --%	;0	; --%	; --%	;1	; --%	; --%	;0	; --%	; --%	;0	;Disminuir por100.0%	;Disminuir por100.0%	;0	; --%	; --%	;0	; --%	; --%	;
470	;06/20 13:00 - 14:00	;0	; --%	; --%	;0	; --%	; --%	;0	; --%	; --%	;0	; --%	;Disminuir por100.0%	;0	; --%	; --%	;2	;Sin cambios	;Disminuir por60.0%	;0	; --%	; --%	;0	; --%	; --%	;
471	;06/20 14:00 - 15:00	;0	; --%	; --%	;0	; --%	; --%	;0	; --%	; --%	;0	; --%	; --%	;0	; --%	; --%	;1	;Disminuir por75.0%	;Disminuir por50.0%	;0	; --%	; --%	;0	; --%	; --%	;
472	;06/20 15:00 - 16:00	;0	; --%	; --%	;0	; --%	; --%	;0	; --%	; --%	;0	; --%	; --%	;0	; --%	; --%	;2	;Disminuir por33.3%	; --%	;0	; --%	; --%	;0	; --%	; --%	;
473	;06/20 16:00 - 17:00	;0	; --%	; --%	;0	; --%	; --%	;0	; --%	; --%	;0	; --%	;Disminuir por100.0%	;0	; --%	; --%	;2	;Sin cambios	;Aumentar por100.0%	;0	; --%	; --%	;0	; --%	; --%	;
474	;06/20 17:00 - 18:00	;0	; --%	; --%	;0	; --%	; --%	;0	; --%	; --%	;0	; --%	; --%	;0	; --%	; --%	;1	;Disminuir por80.0%	;Sin cambios	;0	; --%	; --%	;0	; --%	; --%	;
475	;06/20 18:00 - 19:00	;0	; --%	; --%	;0	; --%	; --%	;0	; --%	; --%	;0	; --%	; --%	;0	; --%	; --%	;1	;Sin cambios	;Sin cambios	;0	; --%	; --%	;0	; --%	; --%	;
476	;06/20 19:00 - 20:00	;0	; --%	; --%	;0	; --%	; --%	;0	; --%	; --%	;0	; --%	; --%	;0	; --%	; --%	;0	;Disminuir por100.0%	; --%	;0	; --%	; --%	;0	; --%	; --%	;
477	;06/20 20:00 - 21:00	;0	; --%	; --%	;0	; --%	; --%	;0	; --%	; --%	;0	; --%	; --%	;0	; --%	; --%	;0	;Disminuir por100.0%	; --%	;0	; --%	; --%	;0	; --%	; --%	;
478	;06/20 21:00 - 22:00	;0	; --%	; --%	;0	; --%	; --%	;0	; --%	; --%	;0	; --%	; --%	;0	; --%	; --%	;0	;Disminuir por100.0%	; --%	;0	; --%	; --%	;0	; --%	; --%	;
479	;06/20 22:00 - 23:00	;0	; --%	; --%	;0	; --%	; --%	;0	; --%	; --%	;0	; --%	; --%	;0	; --%	; --%	;0	; --%	; --%	;0	; --%	; --%	;0	; --%	; --%	;
480	;06/20 23:00 - 24:00	;0	; --%	; --%	;0	; --%	; --%	;0	; --%	; --%	;0	; --%	; --%	;0	; --%	; --%	;0	; --%	; --%	;0	; --%	; --%	;0	; --%	; --%	;
481	;06/21 00:00 - 01:00	;0	; --%	; --%	;0	; --%	; --%	;0	; --%	; --%	;0	; --%	; --%	;0	; --%	; --%	;0	;Disminuir por100.0%	; --%	;0	; --%	; --%	;0	; --%	; --%	;
482	;06/21 01:00 - 02:00	;0	; --%	; --%	;0	; --%	; --%	;0	; --%	; --%	;0	; --%	; --%	;0	; --%	; --%	;1	;Sin cambios	; --%	;0	; --%	; --%	;0	; --%	; --%	;
483	;06/21 02:00 - 03:00	;0	; --%	; --%	;0	; --%	; --%	;0	; --%	; --%	;0	; --%	; --%	;0	; --%	; --%	;0	; --%	; --%	;0	; --%	; --%	;0	; --%	; --%	;
484	;06/21 03:00 - 04:00	;0	; --%	; --%	;0	; --%	; --%	;0	; --%	; --%	;0	; --%	; --%	;0	; --%	; --%	;0	;Disminuir por100.0%	; --%	;0	; --%	; --%	;0	; --%	; --%	;
485	;06/21 04:00 - 05:00	;0	; --%	; --%	;0	; --%	; --%	;0	; --%	; --%	;0	; --%	; --%	;0	; --%	; --%	;0	; --%	;Disminuir por100.0%	;0	; --%	; --%	;0	; --%	;Disminuir por100.0%	;
486	;06/21 05:00 - 06:00	;26	; --%	; --%	;27	; --%	; --%	;0	; --%	; --%	;0	; --%	; --%	;0	; --%	; --%	;0	; --%	; --%	;0	; --%	; --%	;0	; --%	; --%	;
487	;06/21 06:00 - 07:00	;0	; --%	; --%	;0	; --%	; --%	;0	; --%	; --%	;0	; --%	; --%	;0	; --%	; --%	;0	;Disminuir por100.0%	; --%	;0	; --%	; --%	;0	; --%	;Disminuir por100.0%	;
488	;06/21 07:00 - 08:00	;0	; --%	; --%	;0	; --%	; --%	;0	; --%	; --%	;0	; --%	; --%	;0	; --%	; --%	;2	; --%	;Sin cambios	;0	; --%	; --%	;0	;Disminuir por100.0%	; --%	;
489	;06/21 08:00 - 09:00	;0	; --%	; --%	;0	; --%	; --%	;0	; --%	; --%	;0	;Disminuir por100.0%	; --%	;0	; --%	; --%	;3	;Sin cambios	;Disminuir por57.1%	;0	; --%	; --%	;0	; --%	; --%	;
490	;06/21 09:00 - 10:00	;0	; --%	; --%	;0	; --%	;Disminuir por100.0%	;0	; --%	; --%	;1	; --%	; --%	;0	; --%	;Disminuir por100.0%	;1	;Disminuir por75.0%	;Disminuir por80.0%	;0	; --%	; --%	;0	; --%	; --%	;
491	;06/21 10:00 - 11:00	;0	; --%	; --%	;0	; --%	; --%	;0	; --%	; --%	;0	; --%	; --%	;0	; --%	; --%	;2	;Disminuir por71.4%	;Disminuir por33.3%	;0	; --%	; --%	;0	; --%	; --%	;
492	;06/21 11:00 - 12:00	;0	; --%	; --%	;0	; --%	; --%	;0	; --%	; --%	;0	; --%	; --%	;0	; --%	; --%	;2	;Sin cambios	;Disminuir por66.7%	;0	; --%	; --%	;0	; --%	; --%	;
493	;06/21 12:00 - 13:00	;0	; --%	; --%	;0	; --%	; --%	;0	;Disminuir por100.0%	; --%	;0	; --%	; --%	;0	; --%	; --%	;3	;Sin cambios	;Disminuir por50.0%	;0	; --%	; --%	;0	; --%	; --%	;
494	;06/21 13:00 - 14:00	;0	; --%	; --%	;0	; --%	; --%	;0	; --%	; --%	;0	; --%	; --%	;0	; --%	; --%	;1	;Disminuir por80.0%	;Disminuir por50.0%	;0	; --%	; --%	;0	; --%	; --%	;
495	;06/21 14:00 - 15:00	;0	; --%	; --%	;0	; --%	; --%	;0	; --%	; --%	;0	;Disminuir por100.0%	; --%	;0	; --%	; --%	;0	;Disminuir por100.0%	;Disminuir por100.0%	;0	; --%	; --%	;0	; --%	; --%	;
496	;06/21 15:00 - 16:00	;0	; --%	; --%	;0	; --%	; --%	;0	; --%	; --%	;0	; --%	; --%	;0	; --%	; --%	;0	;Disminuir por100.0%	;Disminuir por100.0%	;0	; --%	; --%	;0	; --%	; --%	;
497	;06/21 16:00 - 17:00	;0	; --%	; --%	;0	; --%	; --%	;0	; --%	; --%	;0	; --%	; --%	;0	; --%	; --%	;1	;Disminuir por66.7%	;Disminuir por66.7%	;0	; --%	; --%	;0	; --%	; --%	;
498	;06/21 17:00 - 18:00	;0	; --%	; --%	;0	; --%	; --%	;0	; --%	; --%	;0	; --%	; --%	;0	; --%	; --%	;0	; --%	;Disminuir por100.0%	;0	; --%	; --%	;0	; --%	; --%	;
499	;06/21 18:00 - 19:00	;0	; --%	; --%	;0	; --%	; --%	;0	; --%	; --%	;0	; --%	; --%	;0	; --%	; --%	;0	;Disminuir por100.0%	; --%	;0	; --%	; --%	;0	; --%	; --%	;
500	;06/21 19:00 - 20:00	;0	; --%	; --%	;0	; --%	; --%	;0	; --%	; --%	;0	; --%	; --%	;0	; --%	; --%	;0	; --%	; --%	;0	; --%	; --%	;0	; --%	; --%	;
501	;06/21 20:00 - 21:00	;0	; --%	; --%	;0	; --%	; --%	;0	; --%	; --%	;0	; --%	; --%	;0	; --%	; --%	;0	;Disminuir por100.0%	; --%	;0	; --%	; --%	;0	; --%	; --%	;
502	;06/21 21:00 - 22:00	;0	; --%	; --%	;0	; --%	; --%	;0	; --%	; --%	;0	; --%	; --%	;0	; --%	; --%	;0	; --%	; --%	;0	; --%	; --%	;0	; --%	; --%	;
503	;06/21 22:00 - 23:00	;0	; --%	; --%	;0	; --%	; --%	;0	; --%	; --%	;0	; --%	; --%	;0	; --%	; --%	;0	; --%	; --%	;0	; --%	; --%	;0	; --%	; --%	;
504	;06/21 23:00 - 24:00	;0	; --%	; --%	;0	; --%	; --%	;0	; --%	; --%	;0	; --%	; --%	;0	; --%	; --%	;0	;Disminuir por100.0%	; --%	;0	; --%	; --%	;0	; --%	; --%	;
505	;06/22 00:00 - 01:00	;0	; --%	; --%	;0	; --%	; --%	;0	; --%	; --%	;0	; --%	; --%	;0	; --%	; --%	;0	;Disminuir por100.0%	; --%	;0	; --%	; --%	;0	; --%	; --%	;
506	;06/22 01:00 - 02:00	;0	; --%	; --%	;0	; --%	; --%	;0	; --%	; --%	;0	; --%	; --%	;0	; --%	; --%	;0	;Disminuir por100.0%	; --%	;0	; --%	; --%	;0	; --%	; --%	;
507	;06/22 02:00 - 03:00	;0	; --%	; --%	;0	; --%	; --%	;0	; --%	; --%	;0	; --%	; --%	;0	; --%	; --%	;1	; --%	; --%	;0	; --%	; --%	;1	; --%	; --%	;
508	;06/22 03:00 - 04:00	;0	; --%	; --%	;0	; --%	; --%	;0	; --%	; --%	;1	; --%	; --%	;0	; --%	; --%	;0	; --%	; --%	;0	; --%	; --%	;0	; --%	; --%	;
509	;06/22 04:00 - 05:00	;0	; --%	; --%	;0	; --%	; --%	;0	; --%	; --%	;0	; --%	; --%	;0	; --%	;Disminuir por100.0%	;0	; --%	; --%	;0	; --%	;Disminuir por100.0%	;0	; --%	;Disminuir por100.0%	;
510	;06/22 05:00 - 06:00	;0	; --%	; --%	;0	; --%	; --%	;0	; --%	; --%	;0	; --%	; --%	;0	; --%	; --%	;0	; --%	;Disminuir por100.0%	;0	; --%	; --%	;0	;Disminuir por100.0%	; --%	;
511	;06/22 06:00 - 07:00	;0	; --%	; --%	;0	; --%	; --%	;0	; --%	; --%	;0	; --%	; --%	;0	; --%	; --%	;0	; --%	; --%	;0	; --%	; --%	;0	; --%	;Disminuir por100.0%	;
512	;06/22 07:00 - 08:00	;0	; --%	; --%	;0	; --%	; --%	;0	; --%	; --%	;0	;Disminuir por100.0%	; --%	;0	; --%	; --%	;0	;Disminuir por100.0%	; --%	;0	; --%	; --%	;0	; --%	; --%	;
513	;06/22 08:00 - 09:00	;0	; --%	; --%	;0	; --%	; --%	;0	; --%	; --%	;0	; --%	; --%	;0	; --%	; --%	;6	;Aumentar por200.0%	;Aumentar por500.0%	;0	; --%	; --%	;0	; --%	; --%	;
514	;06/22 09:00 - 10:00	;0	; --%	; --%	;0	; --%	; --%	;0	; --%	; --%	;1	; --%	; --%	;0	; --%	; --%	;3	;Aumentar por200.0%	;Sin cambios	;0	; --%	; --%	;0	; --%	; --%	;
515	;06/22 10:00 - 11:00	;0	; --%	; --%	;0	; --%	; --%	;0	; --%	; --%	;1	; --%	; --%	;0	; --%	; --%	;8	;Aumentar por300.0%	;Aumentar por700.0%	;0	; --%	; --%	;0	; --%	; --%	;
516	;06/22 11:00 - 12:00	;0	; --%	; --%	;0	; --%	; --%	;0	; --%	; --%	;0	; --%	; --%	;0	; --%	; --%	;6	;Aumentar por50.0%	;Aumentar por500.0%	;1	; --%	; --%	;2	; --%	; --%	;
517	;06/22 12:00 - 13:00	;0	; --%	; --%	;0	; --%	; --%	;0	; --%	; --%	;0	; --%	; --%	;0	; --%	;Disminuir por100.0%	;0	; --%	;Disminuir por100.0%	;0	; --%	; --%	;0	;Disminuir por100.0%	; --%	;
518	;06/22 13:00 - 14:00	;0	; --%	; --%	;0	; --%	; --%	;0	; --%	; --%	;0	;Disminuir por100.0%	; --%	;0	; --%	; --%	;5	; --%	; --%	;0	; --%	; --%	;0	; --%	; --%	;
519	;06/22 14:00 - 15:00	;0	; --%	; --%	;0	; --%	; --%	;0	; --%	; --%	;0	; --%	; --%	;0	; --%	; --%	;3	;Aumentar por200.0%	;Aumentar por200.0%	;0	; --%	; --%	;0	; --%	; --%	;
520	;06/22 15:00 - 16:00	;0	; --%	; --%	;0	; --%	; --%	;0	; --%	; --%	;0	; --%	;Disminuir por100.0%	;0	; --%	; --%	;3	;Sin cambios	; --%	;0	; --%	; --%	;0	; --%	; --%	;
521	;06/22 16:00 - 17:00	;0	; --%	; --%	;0	; --%	; --%	;0	; --%	; --%	;1	;Sin cambios	; --%	;0	; --%	; --%	;3	;Aumentar por200.0%	;Aumentar por200.0%	;0	; --%	; --%	;0	; --%	; --%	;
522	;06/22 17:00 - 18:00	;0	; --%	; --%	;0	; --%	; --%	;0	; --%	; --%	;0	; --%	; --%	;0	; --%	; --%	;3	;Disminuir por25.0%	;Sin cambios	;0	; --%	; --%	;0	; --%	; --%	;
523	;06/22 18:00 - 19:00	;0	; --%	; --%	;0	; --%	; --%	;0	; --%	; --%	;0	; --%	; --%	;0	; --%	; --%	;1	; --%	;Sin cambios	;0	; --%	; --%	;0	; --%	; --%	;
524	;06/22 19:00 - 20:00	;0	; --%	; --%	;0	; --%	; --%	;0	; --%	; --%	;0	; --%	; --%	;0	; --%	; --%	;0	;Disminuir por100.0%	; --%	;0	; --%	; --%	;0	; --%	; --%	;
525	;06/22 20:00 - 21:00	;0	; --%	; --%	;0	; --%	; --%	;0	; --%	; --%	;0	; --%	; --%	;0	; --%	; --%	;0	;Disminuir por100.0%	; --%	;0	; --%	; --%	;0	; --%	; --%	;
526	;06/22 21:00 - 22:00	;0	; --%	; --%	;0	; --%	; --%	;0	; --%	; --%	;0	; --%	; --%	;0	;Disminuir por100.0%	; --%	;0	;Disminuir por100.0%	; --%	;0	; --%	; --%	;0	; --%	; --%	;
527	;06/22 22:00 - 23:00	;0	; --%	; --%	;0	; --%	; --%	;0	; --%	; --%	;0	; --%	; --%	;0	; --%	; --%	;0	; --%	; --%	;0	; --%	; --%	;0	;Disminuir por100.0%	; --%	;
528	;06/22 23:00 - 24:00	;0	; --%	; --%	;0	; --%	; --%	;0	; --%	; --%	;0	; --%	; --%	;0	; --%	; --%	;0	;Disminuir por100.0%	; --%	;0	; --%	; --%	;0	; --%	; --%	;
529	;06/23 00:00 - 01:00	;0	; --%	; --%	;0	; --%	; --%	;0	; --%	; --%	;0	; --%	; --%	;0	; --%	; --%	;0	; --%	; --%	;0	; --%	; --%	;0	; --%	; --%	;
530	;06/23 01:00 - 02:00	;0	; --%	; --%	;0	; --%	; --%	;0	; --%	; --%	;0	; --%	; --%	;0	; --%	; --%	;0	; --%	; --%	;0	; --%	; --%	;0	; --%	; --%	;
531	;06/23 02:00 - 03:00	;0	; --%	; --%	;0	; --%	; --%	;0	; --%	; --%	;0	; --%	; --%	;0	; --%	; --%	;0	; --%	; --%	;0	; --%	; --%	;0	; --%	;Disminuir por100.0%	;
532	;06/23 03:00 - 04:00	;0	; --%	; --%	;0	; --%	; --%	;0	; --%	; --%	;0	; --%	; --%	;0	; --%	; --%	;0	; --%	; --%	;0	; --%	; --%	;0	; --%	; --%	;
533	;06/23 04:00 - 05:00	;0	; --%	; --%	;0	; --%	; --%	;0	; --%	; --%	;0	; --%	; --%	;0	; --%	; --%	;0	; --%	; --%	;0	; --%	;Disminuir por100.0%	;0	; --%	;Disminuir por100.0%	;
534	;06/23 05:00 - 06:00	;0	; --%	; --%	;0	; --%	; --%	;0	; --%	; --%	;0	; --%	; --%	;0	; --%	; --%	;0	; --%	;Disminuir por100.0%	;0	; --%	; --%	;0	; --%	; --%	;
535	;06/23 06:00 - 07:00	;0	; --%	; --%	;0	; --%	; --%	;0	; --%	; --%	;0	; --%	; --%	;0	; --%	; --%	;1	;Sin cambios	; --%	;0	;Disminuir por100.0%	; --%	;0	;Disminuir por100.0%	; --%	;
536	;06/23 07:00 - 08:00	;0	; --%	; --%	;0	; --%	; --%	;0	; --%	; --%	;0	; --%	; --%	;0	; --%	; --%	;6	;Aumentar por50.0%	;Aumentar por100.0%	;0	; --%	; --%	;1	; --%	; --%	;
537	;06/23 08:00 - 09:00	;0	; --%	; --%	;0	; --%	; --%	;0	;Disminuir por100.0%	; --%	;0	; --%	; --%	;0	; --%	; --%	;4	;Disminuir por20.0%	;Disminuir por20.0%	;1	; --%	; --%	;2	; --%	; --%	;
538	;06/23 09:00 - 10:00	;0	; --%	; --%	;0	; --%	; --%	;0	;Disminuir por100.0%	; --%	;0	;Disminuir por100.0%	; --%	;0	; --%	; --%	;7	;Aumentar por75.0%	;Aumentar por250.0%	;0	; --%	; --%	;1	; --%	; --%	;
539	;06/23 10:00 - 11:00	;0	; --%	; --%	;0	; --%	; --%	;0	; --%	; --%	;1	;Sin cambios	;Sin cambios	;0	; --%	; --%	;1	;Disminuir por66.7%	;Disminuir por87.5%	;0	; --%	; --%	;0	; --%	; --%	;
540	;06/23 11:00 - 12:00	;0	; --%	; --%	;0	; --%	; --%	;0	; --%	; --%	;0	; --%	;Disminuir por100.0%	;0	; --%	; --%	;5	;Disminuir por28.6%	;Sin cambios	;0	; --%	; --%	;0	; --%	; --%	;
541	;06/23 12:00 - 13:00	;0	; --%	; --%	;0	; --%	; --%	;1	; --%	; --%	;2	;Aumentar por100.0%	;Aumentar por100.0%	;0	; --%	; --%	;2	;Disminuir por66.7%	;Sin cambios	;0	; --%	; --%	;0	; --%	; --%	;
542	;06/23 13:00 - 14:00	;0	; --%	; --%	;0	; --%	; --%	;0	; --%	; --%	;0	;Disminuir por100.0%	; --%	;0	; --%	; --%	;5	;Disminuir por28.6%	;Aumentar por25.0%	;0	; --%	; --%	;0	; --%	; --%	;
543	;06/23 14:00 - 15:00	;0	; --%	; --%	;0	; --%	; --%	;0	; --%	; --%	;1	; --%	; --%	;0	;Disminuir por100.0%	; --%	;3	;Disminuir por50.0%	;Aumentar por50.0%	;0	; --%	; --%	;0	; --%	; --%	;
544	;06/23 15:00 - 16:00	;0	; --%	; --%	;0	; --%	; --%	;0	; --%	; --%	;0	; --%	; --%	;0	; --%	; --%	;0	;Disminuir por100.0%	;Disminuir por100.0%	;0	; --%	; --%	;0	; --%	; --%	;
545	;06/23 16:00 - 17:00	;0	; --%	; --%	;0	; --%	; --%	;0	; --%	; --%	;1	;Sin cambios	;Sin cambios	;0	; --%	; --%	;2	;Disminuir por66.7%	;Disminuir por60.0%	;0	; --%	; --%	;0	; --%	; --%	;
546	;06/23 17:00 - 18:00	;0	; --%	; --%	;0	; --%	; --%	;0	; --%	; --%	;0	; --%	; --%	;0	; --%	; --%	;0	;Disminuir por100.0%	;Disminuir por100.0%	;0	; --%	; --%	;0	; --%	; --%	;
547	;06/23 18:00 - 19:00	;0	; --%	; --%	;0	; --%	; --%	;0	; --%	; --%	;0	; --%	; --%	;0	; --%	; --%	;2	;Sin cambios	; --%	;0	; --%	; --%	;0	; --%	; --%	;
548	;06/23 19:00 - 20:00	;0	; --%	; --%	;0	; --%	; --%	;0	; --%	; --%	;0	; --%	; --%	;0	; --%	; --%	;0	;Disminuir por100.0%	; --%	;0	; --%	; --%	;0	; --%	; --%	;
549	;06/23 20:00 - 21:00	;0	; --%	; --%	;0	; --%	; --%	;0	; --%	; --%	;0	; --%	; --%	;0	; --%	; --%	;0	;Disminuir por100.0%	; --%	;0	; --%	; --%	;0	; --%	; --%	;
550	;06/23 21:00 - 22:00	;0	; --%	; --%	;0	; --%	; --%	;0	; --%	; --%	;0	; --%	; --%	;0	; --%	; --%	;0	;Disminuir por100.0%	; --%	;0	; --%	; --%	;0	; --%	; --%	;
551	;06/23 22:00 - 23:00	;0	; --%	; --%	;0	; --%	; --%	;0	; --%	; --%	;0	; --%	; --%	;0	; --%	; --%	;0	; --%	; --%	;0	; --%	; --%	;0	; --%	; --%	;
552	;06/23 23:00 - 24:00	;0	; --%	; --%	;0	; --%	; --%	;0	; --%	; --%	;0	; --%	; --%	;0	; --%	; --%	;0	; --%	; --%	;0	; --%	; --%	;0	; --%	; --%	;
553	;06/24 00:00 - 01:00	;0	; --%	; --%	;0	; --%	; --%	;0	; --%	; --%	;0	; --%	; --%	;0	; --%	; --%	;0	; --%	; --%	;0	; --%	; --%	;0	; --%	; --%	;
554	;06/24 01:00 - 02:00	;0	; --%	; --%	;0	; --%	; --%	;0	; --%	; --%	;0	; --%	; --%	;0	; --%	; --%	;0	; --%	; --%	;0	; --%	; --%	;0	; --%	; --%	;
555	;06/24 02:00 - 03:00	;0	; --%	; --%	;0	; --%	; --%	;0	; --%	; --%	;0	; --%	; --%	;0	; --%	; --%	;0	; --%	; --%	;0	; --%	; --%	;0	; --%	; --%	;
556	;06/24 03:00 - 04:00	;0	; --%	; --%	;0	; --%	; --%	;0	; --%	;Disminuir por100.0%	;0	; --%	;Disminuir por100.0%	;0	; --%	;Disminuir por100.0%	;0	;Disminuir por100.0%	;Disminuir por100.0%	;0	; --%	;Disminuir por100.0%	;0	; --%	;Disminuir por100.0%	;
557	;06/24 04:00 - 05:00	;0	; --%	; --%	;0	; --%	; --%	;0	; --%	; --%	;0	; --%	; --%	;0	; --%	; --%	;0	; --%	; --%	;0	; --%	; --%	;1	; --%	; --%	;
558	;06/24 05:00 - 06:00	;0	; --%	; --%	;0	; --%	; --%	;0	; --%	; --%	;0	; --%	; --%	;1	; --%	; --%	;1	; --%	;Sin cambios	;0	; --%	; --%	;0	; --%	; --%	;
559	;06/24 06:00 - 07:00	;0	; --%	; --%	;0	; --%	; --%	;0	; --%	; --%	;0	;Disminuir por100.0%	; --%	;0	;Disminuir por100.0%	; --%	;1	; --%	;Sin cambios	;1	;Sin cambios	; --%	;2	;Aumentar por100.0%	; --%	;
560	;06/24 07:00 - 08:00	;0	; --%	; --%	;0	; --%	; --%	;0	; --%	; --%	;0	; --%	; --%	;0	; --%	; --%	;1	;Disminuir por66.7%	;Disminuir por50.0%	;0	; --%	; --%	;0	; --%	; --%	;
561	;06/24 08:00 - 09:00	;0	; --%	; --%	;0	; --%	; --%	;0	; --%	; --%	;0	; --%	;Disminuir por100.0%	;0	; --%	; --%	;6	;Sin cambios	;Aumentar por200.0%	;0	; --%	; --%	;0	; --%	; --%	;
562	;06/24 09:00 - 10:00	;0	; --%	; --%	;0	; --%	; --%	;0	; --%	; --%	;0	;Disminuir por100.0%	;Disminuir por100.0%	;0	; --%	; --%	;2	;Disminuir por33.3%	;Sin cambios	;0	; --%	; --%	;0	;Disminuir por100.0%	; --%	;
563	;06/24 10:00 - 11:00	;0	; --%	; --%	;0	; --%	; --%	;0	; --%	; --%	;0	;Disminuir por100.0%	;Disminuir por100.0%	;0	; --%	; --%	;4	;Sin cambios	;Aumentar por33.3%	;1	; --%	; --%	;2	; --%	; --%	;
564	;06/24 11:00 - 12:00	;0	; --%	; --%	;0	; --%	; --%	;0	; --%	; --%	;0	; --%	; --%	;0	; --%	; --%	;4	;Aumentar por33.3%	;Disminuir por42.9%	;0	; --%	; --%	;0	; --%	; --%	;
565	;06/24 12:00 - 13:00	;0	; --%	; --%	;0	; --%	; --%	;0	; --%	; --%	;0	; --%	;Disminuir por100.0%	;0	; --%	; --%	;4	;Disminuir por33.3%	;Aumentar por33.3%	;0	; --%	; --%	;0	; --%	; --%	;
566	;06/24 13:00 - 14:00	;0	; --%	; --%	;0	; --%	; --%	;0	; --%	; --%	;0	; --%	; --%	;0	; --%	; --%	;3	;Sin cambios	;Aumentar por200.0%	;0	; --%	; --%	;0	; --%	; --%	;
567	;06/24 14:00 - 15:00	;0	; --%	; --%	;0	; --%	; --%	;0	; --%	; --%	;0	; --%	; --%	;0	; --%	; --%	;2	;Disminuir por66.7%	;Disminuir por50.0%	;0	; --%	; --%	;0	; --%	; --%	;
568	;06/24 15:00 - 16:00	;0	; --%	; --%	;0	; --%	; --%	;0	; --%	; --%	;0	;Disminuir por100.0%	;Disminuir por100.0%	;0	; --%	; --%	;0	;Disminuir por100.0%	;Disminuir por100.0%	;0	; --%	; --%	;0	; --%	; --%	;
569	;06/24 16:00 - 17:00	;0	; --%	; --%	;0	; --%	; --%	;0	; --%	; --%	;1	; --%	; --%	;0	; --%	; --%	;1	;Sin cambios	; --%	;0	; --%	; --%	;0	; --%	; --%	;
570	;06/24 17:00 - 18:00	;0	; --%	; --%	;0	; --%	; --%	;0	; --%	; --%	;0	; --%	;Disminuir por100.0%	;0	; --%	; --%	;1	; --%	;Disminuir por50.0%	;0	; --%	; --%	;0	; --%	; --%	;
571	;06/24 18:00 - 19:00	;0	; --%	; --%	;0	; --%	; --%	;0	; --%	; --%	;0	; --%	; --%	;0	; --%	; --%	;0	;Disminuir por100.0%	; --%	;0	; --%	; --%	;0	; --%	; --%	;
572	;06/24 19:00 - 20:00	;0	; --%	; --%	;0	; --%	; --%	;0	; --%	; --%	;0	;Disminuir por100.0%	; --%	;0	; --%	; --%	;0	; --%	; --%	;0	; --%	; --%	;0	; --%	; --%	;
573	;06/24 20:00 - 21:00	;0	; --%	; --%	;0	; --%	; --%	;0	; --%	; --%	;0	; --%	; --%	;0	; --%	; --%	;0	;Disminuir por100.0%	; --%	;0	; --%	; --%	;0	; --%	; --%	;
574	;06/24 21:00 - 22:00	;0	; --%	; --%	;0	; --%	; --%	;0	; --%	; --%	;0	; --%	; --%	;0	; --%	; --%	;0	;Disminuir por100.0%	; --%	;0	; --%	; --%	;0	; --%	; --%	;
575	;06/24 22:00 - 23:00	;0	; --%	; --%	;0	; --%	; --%	;0	; --%	; --%	;0	; --%	; --%	;0	; --%	; --%	;0	; --%	; --%	;0	; --%	; --%	;0	; --%	; --%	;
576	;06/24 23:00 - 24:00	;0	; --%	; --%	;0	; --%	; --%	;0	; --%	; --%	;0	; --%	; --%	;0	; --%	; --%	;0	; --%	; --%	;0	; --%	; --%	;0	; --%	; --%	;
577	;06/25 00:00 - 01:00	;0	; --%	; --%	;0	; --%	; --%	;0	; --%	; --%	;0	; --%	; --%	;0	; --%	; --%	;0	; --%	;Disminuir por100.0%	;0	; --%	; --%	;0	; --%	; --%	;
578	;06/25 01:00 - 02:00	;0	; --%	; --%	;0	; --%	; --%	;0	; --%	; --%	;0	; --%	; --%	;0	; --%	; --%	;0	; --%	; --%	;0	; --%	; --%	;0	; --%	; --%	;
579	;06/25 02:00 - 03:00	;0	; --%	; --%	;0	; --%	; --%	;0	; --%	; --%	;0	; --%	; --%	;0	; --%	; --%	;0	; --%	; --%	;0	; --%	; --%	;1	; --%	; --%	;
580	;06/25 03:00 - 04:00	;0	; --%	; --%	;0	; --%	; --%	;0	; --%	; --%	;0	; --%	; --%	;0	; --%	;Disminuir por100.0%	;0	; --%	;Disminuir por100.0%	;0	; --%	;Disminuir por100.0%	;0	; --%	;Disminuir por100.0%	;
581	;06/25 04:00 - 05:00	;0	; --%	; --%	;0	; --%	; --%	;0	; --%	; --%	;0	; --%	; --%	;0	; --%	; --%	;0	; --%	; --%	;0	; --%	; --%	;1	; --%	; --%	;
582	;06/25 05:00 - 06:00	;0	; --%	; --%	;0	; --%	; --%	;0	; --%	; --%	;0	; --%	; --%	;0	; --%	; --%	;0	; --%	; --%	;0	; --%	; --%	;0	; --%	; --%	;
583	;06/25 06:00 - 07:00	;0	; --%	; --%	;0	; --%	; --%	;0	; --%	; --%	;0	; --%	; --%	;0	; --%	; --%	;0	; --%	; --%	;0	; --%	; --%	;0	; --%	; --%	;
584	;06/25 07:00 - 08:00	;0	; --%	; --%	;0	; --%	; --%	;0	; --%	; --%	;1	; --%	; --%	;0	; --%	; --%	;3	; --%	;Sin cambios	;0	; --%	; --%	;0	; --%	; --%	;
585	;06/25 08:00 - 09:00	;0	; --%	; --%	;0	; --%	; --%	;0	; --%	; --%	;0	; --%	;Disminuir por100.0%	;1	; --%	; --%	;5	; --%	;Aumentar por25.0%	;0	; --%	; --%	;0	; --%	; --%	;
586	;06/25 09:00 - 10:00	;0	; --%	; --%	;0	; --%	; --%	;0	; --%	; --%	;0	; --%	; --%	;0	; --%	; --%	;4	; --%	;Aumentar por300.0%	;1	; --%	; --%	;3	; --%	; --%	;
587	;06/25 10:00 - 11:00	;0	; --%	; --%	;0	; --%	; --%	;0	; --%	;Disminuir por100.0%	;0	; --%	;Disminuir por100.0%	;0	; --%	; --%	;8	; --%	;Aumentar por100.0%	;0	; --%	; --%	;0	; --%	; --%	;
588	;06/25 11:00 - 12:00	;0	; --%	; --%	;0	; --%	; --%	;0	; --%	; --%	;0	; --%	;Disminuir por100.0%	;0	; --%	; --%	;4	; --%	;Disminuir por20.0%	;0	; --%	; --%	;0	; --%	; --%	;
589	;06/25 12:00 - 13:00	;0	; --%	; --%	;0	; --%	; --%	;0	; --%	; --%	;1	; --%	; --%	;0	; --%	; --%	;3	; --%	;Disminuir por40.0%	;0	; --%	; --%	;0	; --%	; --%	;
590	;06/25 13:00 - 14:00	;0	; --%	; --%	;0	; --%	; --%	;0	; --%	; --%	;0	; --%	; --%	;0	; --%	; --%	;3	;Aumentar por200.0%	;Disminuir por25.0%	;0	; --%	; --%	;0	; --%	; --%	;
591	;06/25 14:00 - 15:00	;0	; --%	; --%	;0	; --%	; --%	;0	; --%	; --%	;1	; --%	; --%	;0	; --%	; --%	;3	;Disminuir por25.0%	;Disminuir por40.0%	;0	; --%	; --%	;0	; --%	; --%	;
592	;06/25 15:00 - 16:00	;0	; --%	; --%	;0	; --%	; --%	;0	; --%	; --%	;0	; --%	; --%	;0	; --%	;Disminuir por100.0%	;2	;Disminuir por60.0%	;Disminuir por50.0%	;0	; --%	; --%	;0	; --%	; --%	;
593	;06/25 16:00 - 17:00	;0	; --%	; --%	;0	; --%	; --%	;0	; --%	; --%	;1	; --%	;Disminuir por50.0%	;0	; --%	;Disminuir por100.0%	;1	;Sin cambios	;Sin cambios	;0	; --%	; --%	;0	; --%	; --%	;
594	;06/25 17:00 - 18:00	;0	; --%	; --%	;0	; --%	; --%	;0	; --%	; --%	;0	; --%	; --%	;0	; --%	; --%	;3	;Disminuir por25.0%	;Aumentar por200.0%	;0	; --%	; --%	;0	; --%	; --%	;
595	;06/25 18:00 - 19:00	;0	; --%	; --%	;0	; --%	; --%	;0	; --%	; --%	;0	; --%	; --%	;0	; --%	; --%	;0	;Disminuir por100.0%	;Disminuir por100.0%	;0	; --%	; --%	;0	; --%	; --%	;
596	;06/25 19:00 - 20:00	;0	; --%	; --%	;0	; --%	; --%	;0	; --%	; --%	;0	; --%	;Disminuir por100.0%	;0	; --%	; --%	;0	;Disminuir por100.0%	; --%	;0	; --%	; --%	;0	; --%	; --%	;
597	;06/25 20:00 - 21:00	;0	; --%	; --%	;0	; --%	; --%	;0	; --%	; --%	;0	; --%	; --%	;0	; --%	; --%	;0	;Disminuir por100.0%	; --%	;0	; --%	; --%	;0	; --%	; --%	;
598	;06/25 21:00 - 22:00	;0	; --%	; --%	;0	; --%	; --%	;0	; --%	; --%	;0	; --%	; --%	;0	; --%	; --%	;0	;Disminuir por100.0%	; --%	;0	; --%	; --%	;0	; --%	; --%	;
599	;06/25 22:00 - 23:00	;0	; --%	; --%	;0	; --%	; --%	;0	; --%	; --%	;0	; --%	; --%	;0	; --%	; --%	;0	; --%	; --%	;0	; --%	; --%	;0	; --%	; --%	;
600	;06/25 23:00 - 24:00	;0	; --%	; --%	;0	; --%	; --%	;0	; --%	; --%	;0	; --%	; --%	;0	; --%	; --%	;0	; --%	; --%	;0	; --%	; --%	;0	; --%	; --%	;
601	;06/26 00:00 - 01:00	;0	; --%	; --%	;0	; --%	; --%	;0	; --%	; --%	;0	; --%	; --%	;0	; --%	; --%	;0	; --%	; --%	;0	; --%	; --%	;0	; --%	; --%	;
602	;06/26 01:00 - 02:00	;0	; --%	; --%	;0	; --%	; --%	;0	; --%	; --%	;0	; --%	; --%	;0	; --%	; --%	;0	; --%	; --%	;0	; --%	; --%	;0	; --%	; --%	;
603	;06/26 02:00 - 03:00	;0	; --%	; --%	;0	; --%	; --%	;0	; --%	; --%	;0	; --%	; --%	;0	; --%	; --%	;0	; --%	; --%	;0	; --%	; --%	;0	; --%	; --%	;
604	;06/26 03:00 - 04:00	;0	; --%	; --%	;0	; --%	; --%	;0	; --%	; --%	;0	; --%	; --%	;0	; --%	; --%	;0	; --%	; --%	;0	; --%	; --%	;0	; --%	; --%	;
605	;06/26 04:00 - 05:00	;0	; --%	; --%	;0	; --%	; --%	;0	; --%	; --%	;0	; --%	; --%	;1	; --%	; --%	;0	; --%	; --%	;1	; --%	; --%	;2	; --%	; --%	;
606	;06/26 05:00 - 06:00	;0	; --%	; --%	;0	; --%	; --%	;0	; --%	; --%	;0	; --%	; --%	;0	; --%	; --%	;0	; --%	; --%	;0	; --%	; --%	;0	; --%	; --%	;
607	;06/26 06:00 - 07:00	;0	; --%	; --%	;0	; --%	; --%	;0	; --%	; --%	;0	; --%	; --%	;0	; --%	; --%	;0	;Disminuir por100.0%	; --%	;0	; --%	; --%	;0	; --%	; --%	;
608	;06/26 07:00 - 08:00	;0	; --%	; --%	;0	; --%	; --%	;0	; --%	; --%	;0	; --%	; --%	;0	; --%	; --%	;3	;Aumentar por50.0%	; --%	;0	;Disminuir por100.0%	; --%	;1	;Disminuir por50.0%	; --%	;
609	;06/26 08:00 - 09:00	;0	; --%	; --%	;0	; --%	; --%	;0	; --%	; --%	;0	; --%	; --%	;0	; --%	; --%	;4	;Aumentar por100.0%	; --%	;0	; --%	; --%	;0	; --%	; --%	;
610	;06/26 09:00 - 10:00	;0	; --%	; --%	;0	; --%	; --%	;0	;Disminuir por100.0%	; --%	;2	;Aumentar por100.0%	; --%	;0	; --%	; --%	;2	;Disminuir por71.4%	; --%	;0	; --%	; --%	;0	; --%	; --%	;
611	;06/26 10:00 - 11:00	;0	; --%	; --%	;0	;Disminuir por100.0%	; --%	;0	;Disminuir por100.0%	; --%	;0	; --%	; --%	;0	; --%	; --%	;1	;Sin cambios	; --%	;0	; --%	; --%	;0	; --%	; --%	;
612	;06/26 11:00 - 12:00	;0	; --%	; --%	;0	; --%	; --%	;0	; --%	; --%	;0	; --%	; --%	;0	; --%	; --%	;7	; --%	; --%	;0	; --%	; --%	;0	; --%	; --%	;
613	;06/26 12:00 - 13:00	;0	; --%	; --%	;0	; --%	; --%	;0	;Disminuir por100.0%	; --%	;0	; --%	; --%	;0	; --%	; --%	;3	;Disminuir por40.0%	; --%	;0	; --%	; --%	;0	; --%	; --%	;
614	;06/26 13:00 - 14:00	;0	; --%	; --%	;0	; --%	; --%	;0	; --%	; --%	;1	;Sin cambios	; --%	;0	; --%	; --%	;3	;Aumentar por50.0%	; --%	;0	; --%	; --%	;0	; --%	; --%	;
615	;06/26 14:00 - 15:00	;0	; --%	; --%	;0	; --%	; --%	;0	; --%	; --%	;0	; --%	; --%	;0	; --%	; --%	;1	;Disminuir por75.0%	; --%	;0	; --%	; --%	;0	; --%	; --%	;
616	;06/26 15:00 - 16:00	;0	; --%	; --%	;0	; --%	; --%	;0	; --%	; --%	;0	; --%	; --%	;0	; --%	; --%	;4	;Aumentar por100.0%	; --%	;0	; --%	; --%	;0	; --%	; --%	;
617	;06/26 16:00 - 17:00	;0	; --%	; --%	;0	; --%	; --%	;0	; --%	; --%	;0	; --%	; --%	;0	; --%	; --%	;4	;Aumentar por100.0%	; --%	;0	; --%	; --%	;0	; --%	; --%	;
618	;06/26 17:00 - 18:00	;0	; --%	; --%	;0	; --%	; --%	;0	; --%	; --%	;0	; --%	; --%	;0	;Disminuir por100.0%	; --%	;4	;Disminuir por20.0%	; --%	;0	; --%	; --%	;0	;Disminuir por100.0%	; --%	;
619	;06/26 18:00 - 19:00	;0	; --%	; --%	;0	; --%	; --%	;0	; --%	; --%	;0	;Disminuir por100.0%	; --%	;0	;Disminuir por100.0%	; --%	;0	;Disminuir por100.0%	; --%	;0	; --%	; --%	;0	; --%	; --%	;
620	;06/26 19:00 - 20:00	;0	; --%	; --%	;0	; --%	; --%	;0	; --%	; --%	;0	; --%	; --%	;0	; --%	; --%	;0	;Disminuir por100.0%	; --%	;0	; --%	; --%	;0	; --%	; --%	;
621	;06/26 20:00 - 21:00	;0	; --%	; --%	;0	; --%	; --%	;0	; --%	; --%	;0	; --%	; --%	;0	; --%	; --%	;0	; --%	; --%	;0	; --%	; --%	;0	; --%	; --%	;
622	;06/26 21:00 - 22:00	;0	; --%	; --%	;0	; --%	; --%	;0	; --%	; --%	;0	; --%	; --%	;0	;Disminuir por100.0%	; --%	;0	;Disminuir por100.0%	; --%	;0	; --%	; --%	;0	; --%	; --%	;
623	;06/26 22:00 - 23:00	;0	; --%	; --%	;0	; --%	; --%	;0	; --%	; --%	;0	; --%	; --%	;0	; --%	; --%	;0	; --%	; --%	;0	; --%	; --%	;0	; --%	; --%	;
624	;06/26 23:00 - 24:00	;0	; --%	; --%	;0	; --%	; --%	;0	; --%	; --%	;0	; --%	; --%	;0	; --%	; --%	;0	;Disminuir por100.0%	; --%	;0	; --%	; --%	;0	; --%	; --%	;
625	;06/27 00:00 - 01:00	;0	; --%	; --%	;0	; --%	; --%	;0	; --%	; --%	;0	; --%	; --%	;0	; --%	; --%	;0	; --%	; --%	;0	; --%	; --%	;0	; --%	; --%	;
626	;06/27 01:00 - 02:00	;0	; --%	; --%	;0	; --%	; --%	;0	; --%	; --%	;0	; --%	; --%	;0	; --%	; --%	;0	; --%	; --%	;0	; --%	; --%	;0	; --%	; --%	;
627	;06/27 02:00 - 03:00	;0	; --%	; --%	;0	; --%	; --%	;0	; --%	; --%	;0	; --%	; --%	;0	; --%	; --%	;0	; --%	; --%	;0	; --%	; --%	;0	; --%	; --%	;
628	;06/27 03:00 - 04:00	;0	; --%	; --%	;0	; --%	; --%	;0	; --%	; --%	;0	; --%	; --%	;0	; --%	; --%	;0	; --%	; --%	;0	; --%	; --%	;0	; --%	; --%	;
629	;06/27 04:00 - 05:00	;0	; --%	; --%	;0	; --%	; --%	;0	; --%	; --%	;0	; --%	; --%	;0	; --%	; --%	;0	; --%	; --%	;172	; --%	; --%	;173	; --%	; --%	;
630	;06/27 05:00 - 06:00	;0	; --%	; --%	;0	; --%	; --%	;0	; --%	; --%	;0	; --%	; --%	;0	; --%	; --%	;0	; --%	; --%	;0	; --%	; --%	;0	; --%	; --%	;
631	;06/27 06:00 - 07:00	;0	; --%	; --%	;0	; --%	; --%	;0	; --%	; --%	;0	; --%	; --%	;0	;Disminuir por100.0%	; --%	;0	;Disminuir por100.0%	; --%	;0	;Disminuir por100.0%	; --%	;1	;Disminuir por66.7%	; --%	;
632	;06/27 07:00 - 08:00	;0	; --%	; --%	;0	; --%	; --%	;0	; --%	; --%	;0	; --%	; --%	;0	; --%	; --%	;1	;Disminuir por50.0%	; --%	;0	; --%	; --%	;0	; --%	; --%	;
633	;06/27 08:00 - 09:00	;0	; --%	; --%	;0	; --%	; --%	;0	; --%	; --%	;0	; --%	; --%	;0	; --%	; --%	;4	;Disminuir por33.3%	; --%	;0	; --%	; --%	;0	; --%	; --%	;
634	;06/27 09:00 - 10:00	;0	; --%	; --%	;0	; --%	; --%	;0	;Disminuir por100.0%	; --%	;0	; --%	; --%	;0	; --%	; --%	;4	;Sin cambios	; --%	;0	; --%	; --%	;0	; --%	; --%	;
635	;06/27 10:00 - 11:00	;0	; --%	; --%	;0	; --%	; --%	;0	; --%	; --%	;0	;Disminuir por100.0%	; --%	;0	; --%	; --%	;0	;Disminuir por100.0%	;Disminuir por100.0%	;0	; --%	; --%	;0	; --%	; --%	;
636	;06/27 11:00 - 12:00	;0	; --%	; --%	;0	; --%	; --%	;0	; --%	; --%	;0	; --%	; --%	;0	; --%	; --%	;3	;Aumentar por50.0%	;Disminuir por57.1%	;0	; --%	; --%	;0	; --%	; --%	;
637	;06/27 12:00 - 13:00	;0	; --%	; --%	;0	; --%	; --%	;0	; --%	; --%	;0	; --%	; --%	;0	; --%	;Disminuir por100.0%	;3	;Disminuir por57.1%	;Sin cambios	;0	; --%	; --%	;0	; --%	; --%	;
638	;06/27 13:00 - 14:00	;0	; --%	; --%	;0	; --%	; --%	;0	; --%	; --%	;0	; --%	;Disminuir por100.0%	;0	; --%	; --%	;1	;Disminuir por80.0%	;Disminuir por50.0%	;0	; --%	; --%	;0	; --%	; --%	;
639	;06/27 14:00 - 15:00	;0	; --%	; --%	;0	; --%	; --%	;0	; --%	; --%	;0	;Disminuir por100.0%	; --%	;0	; --%	; --%	;1	;Disminuir por50.0%	;Disminuir por75.0%	;0	; --%	; --%	;0	; --%	; --%	;
640	;06/27 15:00 - 16:00	;0	; --%	; --%	;0	; --%	; --%	;0	; --%	; --%	;0	;Disminuir por100.0%	; --%	;0	; --%	; --%	;1	;Disminuir por66.7%	;Disminuir por80.0%	;0	; --%	; --%	;0	; --%	; --%	;
641	;06/27 16:00 - 17:00	;0	; --%	; --%	;0	; --%	; --%	;0	; --%	; --%	;0	; --%	; --%	;0	; --%	; --%	;0	;Disminuir por100.0%	;Disminuir por100.0%	;0	; --%	; --%	;0	; --%	; --%	;
642	;06/27 17:00 - 18:00	;0	; --%	; --%	;0	; --%	; --%	;0	; --%	; --%	;0	; --%	;Disminuir por100.0%	;0	; --%	; --%	;0	;Disminuir por100.0%	;Disminuir por100.0%	;0	; --%	; --%	;0	; --%	; --%	;
643	;06/27 18:00 - 19:00	;0	; --%	; --%	;0	; --%	; --%	;0	; --%	; --%	;0	; --%	; --%	;0	; --%	; --%	;0	;Disminuir por100.0%	;Disminuir por100.0%	;0	; --%	; --%	;0	; --%	; --%	;
644	;06/27 19:00 - 20:00	;0	; --%	; --%	;0	; --%	; --%	;0	; --%	; --%	;0	; --%	; --%	;0	; --%	; --%	;0	;Disminuir por100.0%	; --%	;0	; --%	; --%	;0	; --%	; --%	;
645	;06/27 20:00 - 21:00	;0	; --%	; --%	;0	; --%	; --%	;0	; --%	; --%	;0	; --%	; --%	;0	; --%	; --%	;0	;Disminuir por100.0%	; --%	;0	; --%	; --%	;0	; --%	; --%	;
646	;06/27 21:00 - 22:00	;0	; --%	; --%	;0	; --%	; --%	;0	; --%	; --%	;0	; --%	; --%	;0	; --%	; --%	;0	; --%	; --%	;0	; --%	; --%	;0	; --%	; --%	;
647	;06/27 22:00 - 23:00	;0	; --%	; --%	;0	; --%	; --%	;0	; --%	; --%	;0	; --%	; --%	;0	; --%	; --%	;0	;Disminuir por100.0%	; --%	;0	; --%	; --%	;0	; --%	; --%	;
648	;06/27 23:00 - 24:00	;0	; --%	; --%	;0	; --%	; --%	;0	; --%	; --%	;0	; --%	; --%	;0	; --%	; --%	;0	; --%	; --%	;0	; --%	; --%	;0	; --%	; --%	;
649	;06/28 00:00 - 01:00	;0	; --%	; --%	;0	; --%	; --%	;0	; --%	; --%	;0	; --%	; --%	;0	; --%	; --%	;0	; --%	; --%	;0	; --%	; --%	;0	; --%	; --%	;
650	;06/28 01:00 - 02:00	;0	; --%	; --%	;0	; --%	; --%	;0	; --%	; --%	;0	; --%	; --%	;0	; --%	; --%	;0	; --%	;Disminuir por100.0%	;0	; --%	; --%	;0	; --%	; --%	;
651	;06/28 02:00 - 03:00	;0	; --%	; --%	;0	; --%	; --%	;0	; --%	; --%	;0	; --%	; --%	;0	; --%	; --%	;0	; --%	; --%	;0	; --%	; --%	;0	; --%	;Disminuir por100.0%	;
652	;06/28 03:00 - 04:00	;0	; --%	; --%	;0	; --%	; --%	;0	; --%	; --%	;0	; --%	; --%	;0	; --%	; --%	;0	; --%	; --%	;0	; --%	; --%	;0	;Disminuir por100.0%	; --%	;
653	;06/28 04:00 - 05:00	;0	; --%	; --%	;0	; --%	; --%	;0	; --%	; --%	;0	; --%	; --%	;0	; --%	; --%	;0	; --%	; --%	;28	; --%	; --%	;29	; --%	;Aumentar por2800.0%	;
654	;06/28 05:00 - 06:00	;0	; --%	; --%	;0	; --%	; --%	;0	; --%	; --%	;0	; --%	; --%	;0	; --%	; --%	;0	; --%	; --%	;0	; --%	;Disminuir por100.0%	;0	; --%	;Disminuir por100.0%	;
655	;06/28 06:00 - 07:00	;0	; --%	; --%	;0	; --%	; --%	;0	; --%	; --%	;0	; --%	; --%	;0	; --%	; --%	;1	; --%	; --%	;0	; --%	; --%	;0	; --%	; --%	;
656	;06/28 07:00 - 08:00	;0	; --%	; --%	;0	; --%	; --%	;0	; --%	; --%	;0	; --%	; --%	;0	; --%	; --%	;0	; --%	;Disminuir por100.0%	;3	; --%	; --%	;4	; --%	; --%	;
657	;06/28 08:00 - 09:00	;0	; --%	; --%	;0	; --%	; --%	;0	; --%	; --%	;0	;Disminuir por100.0%	; --%	;0	; --%	; --%	;3	;Disminuir por25.0%	;Disminuir por57.1%	;0	; --%	; --%	;0	; --%	; --%	;
658	;06/28 09:00 - 10:00	;0	; --%	; --%	;0	; --%	; --%	;0	; --%	; --%	;0	; --%	; --%	;0	; --%	; --%	;3	;Disminuir por40.0%	;Aumentar por200.0%	;0	; --%	; --%	;0	; --%	; --%	;
659	;06/28 10:00 - 11:00	;0	; --%	; --%	;0	; --%	; --%	;0	; --%	; --%	;1	; --%	; --%	;0	; --%	; --%	;3	;Disminuir por25.0%	;Aumentar por50.0%	;0	; --%	; --%	;0	; --%	; --%	;
660	;06/28 11:00 - 12:00	;0	; --%	; --%	;0	; --%	; --%	;0	; --%	; --%	;0	; --%	; --%	;0	; --%	; --%	;5	;Disminuir por28.6%	;Aumentar por150.0%	;0	; --%	; --%	;0	; --%	; --%	;
661	;06/28 12:00 - 13:00	;0	; --%	; --%	;0	; --%	; --%	;0	; --%	; --%	;0	; --%	; --%	;0	; --%	; --%	;3	;Disminuir por40.0%	;Disminuir por50.0%	;0	; --%	; --%	;0	; --%	; --%	;
662	;06/28 13:00 - 14:00	;0	; --%	; --%	;0	; --%	; --%	;0	; --%	; --%	;0	; --%	; --%	;0	; --%	; --%	;1	;Sin cambios	;Disminuir por50.0%	;0	; --%	; --%	;0	; --%	; --%	;
663	;06/28 14:00 - 15:00	;0	; --%	; --%	;0	; --%	; --%	;0	; --%	; --%	;0	; --%	; --%	;0	; --%	; --%	;2	;Aumentar por100.0%	; --%	;0	; --%	; --%	;0	; --%	; --%	;
664	;06/28 15:00 - 16:00	;0	; --%	; --%	;0	; --%	; --%	;0	; --%	; --%	;0	; --%	; --%	;0	; --%	; --%	;0	;Disminuir por100.0%	;Disminuir por100.0%	;0	; --%	; --%	;0	; --%	; --%	;
665	;06/28 16:00 - 17:00	;0	; --%	; --%	;0	; --%	; --%	;0	; --%	; --%	;0	; --%	; --%	;0	; --%	; --%	;2	; --%	;Aumentar por100.0%	;0	; --%	; --%	;0	; --%	; --%	;
666	;06/28 17:00 - 18:00	;0	; --%	; --%	;0	; --%	; --%	;0	; --%	; --%	;0	; --%	; --%	;0	; --%	; --%	;1	;Disminuir por50.0%	; --%	;0	; --%	; --%	;0	; --%	; --%	;
667	;06/28 18:00 - 19:00	;0	; --%	; --%	;0	; --%	; --%	;0	; --%	; --%	;0	; --%	; --%	;0	; --%	; --%	;0	; --%	; --%	;0	; --%	; --%	;0	; --%	; --%	;
668	;06/28 19:00 - 20:00	;0	; --%	; --%	;0	; --%	; --%	;0	; --%	; --%	;0	; --%	; --%	;0	; --%	; --%	;0	;Disminuir por100.0%	; --%	;0	; --%	; --%	;0	; --%	; --%	;
669	;06/28 20:00 - 21:00	;0	; --%	; --%	;0	; --%	; --%	;0	; --%	; --%	;0	; --%	; --%	;0	; --%	; --%	;0	; --%	; --%	;0	; --%	; --%	;0	; --%	; --%	;
670	;06/28 21:00 - 22:00	;0	; --%	; --%	;0	; --%	; --%	;0	; --%	; --%	;0	; --%	; --%	;0	; --%	; --%	;0	;Disminuir por100.0%	; --%	;0	; --%	; --%	;0	; --%	; --%	;
671	;06/28 22:00 - 23:00	;0	; --%	; --%	;0	; --%	; --%	;0	; --%	; --%	;0	; --%	; --%	;0	; --%	; --%	;0	; --%	; --%	;0	; --%	; --%	;0	; --%	; --%	;
672	;06/28 23:00 - 24:00	;0	; --%	; --%	;0	; --%	; --%	;0	; --%	; --%	;0	; --%	; --%	;0	; --%	; --%	;0	;Disminuir por100.0%	; --%	;0	; --%	; --%	;0	; --%	; --%	;
673	;06/29 00:00 - 01:00	;0	; --%	; --%	;0	; --%	; --%	;0	; --%	; --%	;0	; --%	; --%	;0	; --%	; --%	;0	;Disminuir por100.0%	; --%	;0	; --%	; --%	;0	; --%	; --%	;
674	;06/29 01:00 - 02:00	;0	; --%	; --%	;0	; --%	; --%	;0	; --%	; --%	;0	; --%	; --%	;0	; --%	; --%	;0	; --%	;Disminuir por100.0%	;0	; --%	; --%	;0	; --%	; --%	;
675	;06/29 02:00 - 03:00	;0	; --%	; --%	;0	; --%	; --%	;0	; --%	; --%	;0	; --%	; --%	;0	; --%	; --%	;0	; --%	; --%	;0	; --%	; --%	;1	; --%	;Sin cambios	;
676	;06/29 03:00 - 04:00	;0	; --%	; --%	;0	; --%	; --%	;0	; --%	; --%	;0	; --%	; --%	;0	;Disminuir por100.0%	; --%	;1	; --%	; --%	;0	;Disminuir por100.0%	; --%	;1	;Disminuir por66.7%	; --%	;
677	;06/29 04:00 - 05:00	;0	; --%	; --%	;0	; --%	; --%	;0	; --%	; --%	;0	; --%	; --%	;0	;Disminuir por100.0%	; --%	;0	; --%	; --%	;0	; --%	; --%	;0	; --%	;Disminuir por100.0%	;
678	;06/29 05:00 - 06:00	;0	; --%	; --%	;0	; --%	; --%	;0	; --%	; --%	;0	; --%	; --%	;0	; --%	; --%	;0	; --%	; --%	;0	; --%	;Disminuir por100.0%	;0	; --%	;Disminuir por100.0%	;
679	;06/29 06:00 - 07:00	;0	; --%	; --%	;0	; --%	; --%	;0	; --%	; --%	;0	; --%	; --%	;0	; --%	; --%	;1	; --%	; --%	;0	; --%	; --%	;0	; --%	; --%	;
680	;06/29 07:00 - 08:00	;0	; --%	; --%	;0	; --%	; --%	;0	; --%	; --%	;0	; --%	; --%	;0	; --%	; --%	;3	; --%	; --%	;0	; --%	; --%	;0	; --%	; --%	;
681	;06/29 08:00 - 09:00	;0	; --%	; --%	;0	; --%	; --%	;0	; --%	; --%	;1	;Sin cambios	; --%	;0	; --%	; --%	;2	;Sin cambios	;Disminuir por33.3%	;0	; --%	; --%	;0	; --%	; --%	;
682	;06/29 09:00 - 10:00	;0	; --%	; --%	;0	; --%	; --%	;0	; --%	; --%	;0	; --%	; --%	;0	; --%	; --%	;4	;Aumentar por33.3%	;Aumentar por100.0%	;0	; --%	; --%	;0	; --%	; --%	;
683	;06/29 10:00 - 11:00	;0	; --%	; --%	;0	; --%	; --%	;0	; --%	; --%	;0	; --%	; --%	;0	; --%	; --%	;5	;Aumentar por66.7%	;Aumentar por66.7%	;0	; --%	; --%	;1	; --%	; --%	;
684	;06/29 11:00 - 12:00	;0	; --%	; --%	;0	; --%	; --%	;0	; --%	; --%	;1	; --%	; --%	;1	; --%	; --%	;1	;Disminuir por75.0%	; --%	;0	; --%	; --%	;0	; --%	; --%	;
685	;06/29 12:00 - 13:00	;0	; --%	; --%	;0	; --%	; --%	;0	;Disminuir por100.0%	; --%	;0	; --%	; --%	;0	; --%	; --%	;4	; --%	; --%	;0	; --%	; --%	;0	; --%	; --%	;
686	;06/29 13:00 - 14:00	;0	; --%	; --%	;0	; --%	; --%	;0	; --%	; --%	;0	; --%	; --%	;0	; --%	; --%	;4	;Aumentar por100.0%	;Aumentar por100.0%	;0	; --%	; --%	;0	; --%	; --%	;
687	;06/29 14:00 - 15:00	;0	; --%	; --%	;0	; --%	; --%	;0	; --%	; --%	;0	; --%	; --%	;0	; --%	; --%	;3	;Sin cambios	; --%	;0	; --%	; --%	;0	; --%	; --%	;
688	;06/29 15:00 - 16:00	;0	; --%	; --%	;0	; --%	; --%	;0	; --%	; --%	;0	; --%	; --%	;0	; --%	; --%	;2	; --%	; --%	;0	; --%	; --%	;1	; --%	; --%	;
689	;06/29 16:00 - 17:00	;0	; --%	; --%	;0	; --%	; --%	;0	; --%	; --%	;0	; --%	; --%	;0	; --%	; --%	;4	;Aumentar por300.0%	;Aumentar por300.0%	;0	; --%	; --%	;2	; --%	; --%	;
690	;06/29 17:00 - 18:00	;0	; --%	; --%	;0	; --%	; --%	;0	; --%	; --%	;0	; --%	; --%	;0	; --%	; --%	;1	;Sin cambios	;Sin cambios	;0	; --%	; --%	;1	; --%	; --%	;
691	;06/29 18:00 - 19:00	;0	; --%	; --%	;0	; --%	; --%	;0	; --%	; --%	;0	; --%	; --%	;0	; --%	; --%	;0	;Disminuir por100.0%	;Disminuir por100.0%	;0	; --%	; --%	;0	; --%	; --%	;
692	;06/29 19:00 - 20:00	;0	; --%	; --%	;0	; --%	; --%	;0	; --%	; --%	;1	; --%	; --%	;0	; --%	; --%	;0	;Disminuir por100.0%	; --%	;0	; --%	; --%	;0	; --%	; --%	;
693	;06/29 20:00 - 21:00	;0	; --%	; --%	;0	; --%	; --%	;0	; --%	; --%	;0	; --%	; --%	;0	; --%	; --%	;0	;Disminuir por100.0%	; --%	;0	; --%	; --%	;0	; --%	; --%	;
694	;06/29 21:00 - 22:00	;0	; --%	; --%	;0	; --%	; --%	;0	; --%	; --%	;0	; --%	; --%	;0	; --%	; --%	;0	;Disminuir por100.0%	; --%	;0	; --%	; --%	;0	; --%	; --%	;
695	;06/29 22:00 - 23:00	;0	; --%	; --%	;0	; --%	; --%	;0	; --%	; --%	;0	; --%	; --%	;0	; --%	; --%	;0	; --%	; --%	;0	; --%	; --%	;0	; --%	; --%	;
696	;06/29 23:00 - 24:00	;0	; --%	; --%	;0	; --%	; --%	;0	; --%	; --%	;0	; --%	; --%	;0	; --%	; --%	;0	; --%	; --%	;0	; --%	; --%	;0	; --%	; --%	;
697	;06/30 00:00 - 01:00	;0	; --%	; --%	;0	; --%	; --%	;0	; --%	; --%	;0	; --%	; --%	;0	; --%	; --%	;1	; --%	; --%	;0	; --%	; --%	;0	; --%	; --%	;
698	;06/30 01:00 - 02:00	;0	; --%	; --%	;0	; --%	; --%	;0	; --%	; --%	;0	; --%	; --%	;0	; --%	; --%	;0	; --%	; --%	;0	; --%	; --%	;0	; --%	; --%	;
699	;06/30 02:00 - 03:00	;0	; --%	; --%	;0	; --%	; --%	;0	; --%	; --%	;0	; --%	; --%	;0	; --%	; --%	;1	; --%	; --%	;1	;Disminuir por80.0%	; --%	;2	;Disminuir por66.7%	;Aumentar por100.0%	;
700	;06/30 03:00 - 04:00	;0	; --%	; --%	;0	; --%	; --%	;0	; --%	; --%	;0	; --%	; --%	;0	; --%	; --%	;1	; --%	; --%	;0	; --%	; --%	;1	; --%	; --%	;
701	;06/30 04:00 - 05:00	;0	; --%	; --%	;0	; --%	; --%	;0	; --%	; --%	;0	; --%	; --%	;0	;Disminuir por100.0%	; --%	;0	; --%	; --%	;0	; --%	; --%	;0	; --%	;Disminuir por100.0%	;
702	;06/30 05:00 - 06:00	;0	; --%	; --%	;0	; --%	; --%	;0	; --%	; --%	;0	; --%	; --%	;0	; --%	; --%	;0	; --%	; --%	;0	; --%	; --%	;0	; --%	;Disminuir por100.0%	;
703	;06/30 06:00 - 07:00	;0	; --%	; --%	;0	; --%	; --%	;0	; --%	; --%	;0	; --%	; --%	;0	; --%	; --%	;0	;Disminuir por100.0%	; --%	;0	; --%	; --%	;0	; --%	;Disminuir por100.0%	;
704	;06/30 07:00 - 08:00	;0	; --%	; --%	;0	; --%	; --%	;0	; --%	; --%	;0	; --%	; --%	;0	; --%	; --%	;1	;Disminuir por66.7%	;Disminuir por50.0%	;0	; --%	; --%	;0	; --%	; --%	;
705	;06/30 08:00 - 09:00	;0	; --%	; --%	;0	; --%	; --%	;0	; --%	; --%	;1	; --%	; --%	;0	; --%	; --%	;3	;Disminuir por50.0%	;Disminuir por57.1%	;0	; --%	; --%	;1	; --%	; --%	;
706	;06/30 09:00 - 10:00	;0	; --%	; --%	;0	; --%	; --%	;0	; --%	; --%	;2	; --%	; --%	;0	; --%	; --%	;4	;Aumentar por33.3%	; --%	;0	; --%	; --%	;2	;Aumentar por100.0%	; --%	;
707	;06/30 10:00 - 11:00	;0	; --%	; --%	;0	; --%	; --%	;0	; --%	; --%	;2	; --%	; --%	;0	; --%	; --%	;4	;Disminuir por20.0%	;Aumentar por33.3%	;1	; --%	; --%	;1	; --%	; --%	;
708	;06/30 11:00 - 12:00	;0	; --%	; --%	;0	; --%	; --%	;0	; --%	; --%	;0	; --%	;Disminuir por100.0%	;0	; --%	; --%	;1	;Disminuir por75.0%	;Disminuir por50.0%	;0	; --%	; --%	;0	; --%	; --%	;
709	;06/30 12:00 - 13:00	;0	; --%	; --%	;0	; --%	; --%	;0	; --%	; --%	;0	; --%	; --%	;0	; --%	; --%	;0	;Disminuir por100.0%	;Disminuir por100.0%	;0	; --%	; --%	;0	; --%	; --%	;
710	;06/30 13:00 - 14:00	;0	; --%	; --%	;0	; --%	; --%	;0	; --%	; --%	;0	;Disminuir por100.0%	; --%	;0	; --%	; --%	;2	;Sin cambios	;Sin cambios	;0	; --%	; --%	;0	; --%	; --%	;
711	;06/30 14:00 - 15:00	;0	; --%	; --%	;0	; --%	; --%	;0	; --%	; --%	;0	;Disminuir por100.0%	; --%	;0	; --%	; --%	;2	;Disminuir por50.0%	;Disminuir por60.0%	;0	; --%	; --%	;0	; --%	; --%	;
712	;06/30 15:00 - 16:00	;0	; --%	; --%	;0	; --%	; --%	;0	; --%	; --%	;0	; --%	; --%	;0	; --%	;Disminuir por100.0%	;3	;Sin cambios	;Disminuir por50.0%	;0	; --%	; --%	;0	; --%	; --%	;
713	;06/30 16:00 - 17:00	;0	; --%	; --%	;0	; --%	; --%	;0	; --%	; --%	;0	;Disminuir por100.0%	;Disminuir por100.0%	;0	; --%	; --%	;2	; --%	;Disminuir por50.0%	;0	; --%	; --%	;0	; --%	; --%	;
714	;06/30 17:00 - 18:00	;0	; --%	; --%	;0	; --%	; --%	;0	; --%	; --%	;0	;Disminuir por100.0%	; --%	;0	; --%	; --%	;1	;Sin cambios	;Sin cambios	;0	; --%	; --%	;0	; --%	; --%	;
715	;06/30 18:00 - 19:00	;0	; --%	; --%	;0	; --%	; --%	;0	; --%	; --%	;0	; --%	; --%	;0	; --%	; --%	;0	;Disminuir por100.0%	;Disminuir por100.0%	;0	; --%	; --%	;0	; --%	; --%	;
716	;06/30 19:00 - 20:00	;0	; --%	; --%	;0	; --%	; --%	;0	; --%	; --%	;0	; --%	; --%	;0	; --%	; --%	;0	;Disminuir por100.0%	; --%	;0	; --%	; --%	;0	; --%	; --%	;
717	;06/30 20:00 - 21:00	;0	; --%	; --%	;0	; --%	; --%	;0	; --%	; --%	;0	; --%	; --%	;0	; --%	; --%	;0	; --%	; --%	;0	; --%	; --%	;0	; --%	; --%	;
718	;06/30 21:00 - 22:00	;0	; --%	; --%	;0	; --%	; --%	;0	; --%	; --%	;0	; --%	; --%	;0	; --%	; --%	;0	;Disminuir por100.0%	; --%	;0	; --%	; --%	;0	; --%	; --%	;
719	;06/30 22:00 - 23:00	;0	; --%	; --%	;0	; --%	; --%	;0	; --%	; --%	;0	; --%	; --%	;0	; --%	; --%	;0	; --%	; --%	;0	; --%	; --%	;0	; --%	; --%	;
720	;06/30 23:00 - 24:00	;0	; --%	; --%	;0	; --%	; --%	;0	; --%	; --%	;0	; --%	; --%	;0	; --%	; --%	;0	;Disminuir por100.0%	; --%	;0	; --%	; --%	;0	; --%	; --%	;
721	;07/01 00:00 - 01:00	;0	; --%	; --%	;0	; --%	; --%	;0	; --%	; --%	;0	; --%	; --%	;0	; --%	; --%	;0	; --%	;Disminuir por100.0%	;0	; --%	; --%	;0	; --%	; --%	;
722	;07/01 01:00 - 02:00	;0	; --%	; --%	;0	; --%	; --%	;38	; --%	; --%	;39	; --%	; --%	;0	; --%	; --%	;0	; --%	; --%	;0	; --%	; --%	;0	; --%	; --%	;
723	;07/01 02:00 - 03:00	;0	; --%	; --%	;0	; --%	; --%	;0	; --%	; --%	;0	; --%	; --%	;0	; --%	; --%	;0	; --%	; --%	;0	; --%	; --%	;0	; --%	; --%	;
724	;07/01 03:00 - 04:00	;0	; --%	; --%	;0	; --%	; --%	;0	; --%	; --%	;0	; --%	; --%	;0	; --%	;Disminuir por100.0%	;0	; --%	;Disminuir por100.0%	;0	; --%	;Disminuir por100.0%	;1	;Sin cambios	;Disminuir por50.0%	;
725	;07/01 04:00 - 05:00	;0	; --%	; --%	;0	; --%	; --%	;0	; --%	; --%	;0	; --%	; --%	;1	; --%	; --%	;1	; --%	; --%	;0	; --%	; --%	;1	; --%	; --%	;
726	;07/01 05:00 - 06:00	;0	; --%	; --%	;0	; --%	; --%	;0	; --%	; --%	;0	; --%	; --%	;0	; --%	; --%	;0	; --%	; --%	;0	; --%	; --%	;0	; --%	; --%	;
727	;07/01 06:00 - 07:00	;0	; --%	; --%	;0	; --%	; --%	;0	; --%	; --%	;0	; --%	; --%	;0	; --%	; --%	;1	;Sin cambios	;Sin cambios	;0	; --%	; --%	;0	; --%	;Disminuir por100.0%	;
728	;07/01 07:00 - 08:00	;0	; --%	; --%	;0	; --%	; --%	;0	; --%	; --%	;0	;Disminuir por100.0%	; --%	;0	; --%	; --%	;1	;Sin cambios	;Disminuir por50.0%	;0	; --%	; --%	;0	; --%	; --%	;
729	;07/01 08:00 - 09:00	;0	; --%	; --%	;0	; --%	; --%	;0	; --%	; --%	;0	; --%	; --%	;0	; --%	; --%	;3	;Sin cambios	;Disminuir por40.0%	;0	; --%	; --%	;2	; --%	; --%	;
730	;07/01 09:00 - 10:00	;0	; --%	; --%	;0	; --%	; --%	;0	; --%	; --%	;0	; --%	;Disminuir por100.0%	;0	; --%	; --%	;5	;Sin cambios	;Aumentar por150.0%	;0	; --%	; --%	;0	; --%	;Disminuir por100.0%	;
731	;07/01 10:00 - 11:00	;0	; --%	; --%	;0	; --%	; --%	;0	; --%	; --%	;0	;Disminuir por100.0%	; --%	;0	; --%	; --%	;6	;Sin cambios	;Aumentar por20.0%	;0	; --%	; --%	;0	; --%	; --%	;
732	;07/01 11:00 - 12:00	;0	; --%	; --%	;0	; --%	; --%	;0	; --%	; --%	;0	; --%	;Disminuir por100.0%	;0	; --%	;Disminuir por100.0%	;1	;Disminuir por80.0%	;Disminuir por80.0%	;1	; --%	; --%	;2	;Aumentar por100.0%	; --%	;
733	;07/01 12:00 - 13:00	;0	; --%	; --%	;0	; --%	; --%	;0	; --%	; --%	;0	; --%	;Disminuir por100.0%	;0	; --%	; --%	;2	;Disminuir por33.3%	;Disminuir por33.3%	;0	; --%	; --%	;0	; --%	; --%	;
734	;07/01 13:00 - 14:00	;0	; --%	; --%	;0	; --%	; --%	;0	; --%	; --%	;0	;Disminuir por100.0%	; --%	;0	; --%	; --%	;4	; --%	;Aumentar por100.0%	;0	; --%	; --%	;0	; --%	; --%	;
735	;07/01 14:00 - 15:00	;0	; --%	; --%	;0	; --%	; --%	;0	; --%	; --%	;0	;Disminuir por100.0%	; --%	;0	; --%	; --%	;1	;Disminuir por75.0%	;Disminuir por66.7%	;0	; --%	; --%	;0	; --%	; --%	;
736	;07/01 15:00 - 16:00	;0	; --%	; --%	;0	; --%	; --%	;0	; --%	;Disminuir por100.0%	;0	; --%	;Disminuir por100.0%	;0	; --%	; --%	;3	;Aumentar por50.0%	;Aumentar por50.0%	;0	; --%	; --%	;0	; --%	; --%	;
737	;07/01 16:00 - 17:00	;0	; --%	; --%	;0	; --%	; --%	;0	; --%	; --%	;0	; --%	;Disminuir por100.0%	;0	; --%	; --%	;2	;Disminuir por33.3%	;Disminuir por50.0%	;0	; --%	; --%	;0	; --%	; --%	;
738	;07/01 17:00 - 18:00	;0	; --%	; --%	;0	; --%	; --%	;0	; --%	; --%	;0	; --%	; --%	;0	; --%	; --%	;0	;Disminuir por100.0%	;Disminuir por100.0%	;0	; --%	; --%	;0	; --%	; --%	;
739	;07/01 18:00 - 19:00	;0	; --%	; --%	;0	; --%	; --%	;0	; --%	; --%	;0	; --%	; --%	;0	; --%	; --%	;1	;Sin cambios	;Sin cambios	;0	; --%	; --%	;0	; --%	; --%	;
740	;07/01 19:00 - 20:00	;0	; --%	; --%	;0	;Disminuir por100.0%	; --%	;0	; --%	; --%	;0	; --%	; --%	;0	; --%	; --%	;0	;Disminuir por100.0%	; --%	;0	; --%	; --%	;0	; --%	; --%	;
741	;07/01 20:00 - 21:00	;0	; --%	; --%	;0	; --%	; --%	;0	; --%	; --%	;0	; --%	; --%	;0	; --%	; --%	;0	; --%	; --%	;0	; --%	; --%	;0	; --%	; --%	;
742	;07/01 21:00 - 22:00	;0	; --%	; --%	;0	; --%	; --%	;0	; --%	; --%	;0	; --%	; --%	;0	; --%	; --%	;0	;Disminuir por100.0%	; --%	;0	; --%	; --%	;0	; --%	; --%	;
743	;07/01 22:00 - 23:00	;0	; --%	; --%	;0	; --%	; --%	;0	; --%	; --%	;0	; --%	; --%	;0	; --%	; --%	;0	; --%	; --%	;0	; --%	; --%	;0	; --%	; --%	;
744	;07/01 23:00 - 24:00	;0	; --%	; --%	;0	; --%	; --%	;0	; --%	; --%	;0	; --%	; --%	;0	; --%	; --%	;0	; --%	; --%	;0	; --%	; --%	;0	; --%	; --%	;
745	;07/02 00:00 - 01:00	;0	; --%	; --%	;0	; --%	; --%	;0	; --%	; --%	;0	; --%	; --%	;0	; --%	; --%	;0	; --%	; --%	;0	; --%	; --%	;0	; --%	; --%	;
746	;07/02 01:00 - 02:00	;0	; --%	; --%	;0	; --%	; --%	;0	; --%	; --%	;0	; --%	; --%	;0	; --%	; --%	;0	; --%	;Disminuir por100.0%	;0	; --%	; --%	;0	; --%	; --%	;
747	;07/02 02:00 - 03:00	;0	; --%	; --%	;0	; --%	; --%	;0	; --%	; --%	;0	; --%	; --%	;0	; --%	; --%	;0	; --%	; --%	;0	; --%	; --%	;0	; --%	; --%	;
748	;07/02 03:00 - 04:00	;0	;Disminuir por100.0%	; --%	;0	;Disminuir por100.0%	; --%	;0	; --%	; --%	;0	; --%	; --%	;0	; --%	; --%	;0	; --%	; --%	;1	; --%	;Sin cambios	;3	; --%	;Aumentar por50.0%	;
749	;07/02 04:00 - 05:00	;0	; --%	; --%	;0	; --%	; --%	;0	; --%	; --%	;0	; --%	; --%	;0	; --%	; --%	;1	; --%	;Sin cambios	;0	; --%	; --%	;0	; --%	; --%	;
750	;07/02 05:00 - 06:00	;0	; --%	; --%	;0	; --%	; --%	;0	; --%	; --%	;0	; --%	; --%	;0	; --%	; --%	;0	;Disminuir por100.0%	; --%	;0	; --%	;Disminuir por100.0%	;0	; --%	;Disminuir por100.0%	;
751	;07/02 06:00 - 07:00	;0	; --%	; --%	;0	; --%	; --%	;0	; --%	; --%	;0	; --%	; --%	;0	; --%	; --%	;1	; --%	;Sin cambios	;0	; --%	; --%	;0	; --%	; --%	;
752	;07/02 07:00 - 08:00	;0	; --%	; --%	;0	; --%	; --%	;0	;Disminuir por100.0%	; --%	;0	; --%	; --%	;0	; --%	; --%	;1	;Disminuir por50.0%	;Sin cambios	;0	; --%	; --%	;0	; --%	; --%	;
753	;07/02 08:00 - 09:00	;0	; --%	; --%	;0	; --%	; --%	;0	; --%	; --%	;0	; --%	; --%	;0	; --%	; --%	;2	;Disminuir por66.7%	;Disminuir por60.0%	;0	; --%	; --%	;0	; --%	;Disminuir por100.0%	;
754	;07/02 09:00 - 10:00	;0	; --%	; --%	;0	; --%	; --%	;0	; --%	; --%	;1	;Disminuir por50.0%	; --%	;0	; --%	; --%	;2	;Disminuir por50.0%	;Sin cambios	;0	; --%	; --%	;0	; --%	; --%	;
755	;07/02 10:00 - 11:00	;0	; --%	; --%	;0	; --%	; --%	;4	; --%	; --%	;4	;Aumentar por300.0%	;Aumentar por100.0%	;0	; --%	; --%	;5	;Sin cambios	;Sin cambios	;0	; --%	; --%	;0	;Disminuir por100.0%	; --%	;
756	;07/02 11:00 - 12:00	;0	; --%	; --%	;0	; --%	; --%	;0	; --%	; --%	;0	; --%	;Disminuir por100.0%	;0	; --%	; --%	;1	;Disminuir por75.0%	;Disminuir por87.5%	;0	; --%	; --%	;0	; --%	;Disminuir por100.0%	;
757	;07/02 12:00 - 13:00	;0	; --%	; --%	;0	; --%	; --%	;0	; --%	; --%	;0	;Disminuir por100.0%	;Disminuir por100.0%	;0	;Disminuir por100.0%	; --%	;3	;Disminuir por40.0%	;Disminuir por25.0%	;0	; --%	; --%	;0	; --%	; --%	;
758	;07/02 13:00 - 14:00	;0	; --%	; --%	;0	; --%	; --%	;0	; --%	; --%	;0	;Disminuir por100.0%	; --%	;0	; --%	; --%	;3	;Disminuir por25.0%	;Disminuir por25.0%	;0	; --%	; --%	;0	; --%	; --%	;
759	;07/02 14:00 - 15:00	;0	; --%	; --%	;0	; --%	; --%	;0	; --%	; --%	;0	; --%	; --%	;0	; --%	; --%	;4	;Aumentar por33.3%	;Sin cambios	;0	; --%	; --%	;0	; --%	; --%	;
760	;07/02 15:00 - 16:00	;0	; --%	; --%	;0	; --%	; --%	;0	; --%	; --%	;1	; --%	; --%	;0	; --%	; --%	;0	;Disminuir por100.0%	;Disminuir por100.0%	;0	; --%	; --%	;0	; --%	; --%	;
761	;07/02 16:00 - 17:00	;0	; --%	; --%	;0	; --%	; --%	;0	; --%	; --%	;0	; --%	;Disminuir por100.0%	;0	; --%	; --%	;0	;Disminuir por100.0%	;Disminuir por100.0%	;0	; --%	; --%	;0	; --%	; --%	;
762	;07/02 17:00 - 18:00	;0	; --%	; --%	;0	; --%	; --%	;0	; --%	; --%	;0	; --%	; --%	;0	; --%	; --%	;1	;Sin cambios	;Disminuir por75.0%	;0	; --%	; --%	;0	; --%	; --%	;
763	;07/02 18:00 - 19:00	;0	; --%	; --%	;0	; --%	; --%	;0	; --%	; --%	;0	; --%	; --%	;0	; --%	; --%	;1	;Disminuir por50.0%	;Sin cambios	;0	; --%	; --%	;0	; --%	; --%	;
764	;07/02 19:00 - 20:00	;0	; --%	; --%	;0	; --%	; --%	;0	; --%	; --%	;0	; --%	; --%	;0	; --%	; --%	;0	; --%	; --%	;0	; --%	; --%	;0	; --%	; --%	;
765	;07/02 20:00 - 21:00	;0	; --%	; --%	;0	; --%	; --%	;0	; --%	; --%	;0	; --%	; --%	;0	; --%	; --%	;0	; --%	; --%	;0	; --%	; --%	;0	; --%	; --%	;
766	;07/02 21:00 - 22:00	;0	; --%	; --%	;0	; --%	; --%	;0	; --%	; --%	;0	; --%	; --%	;0	; --%	; --%	;0	;Disminuir por100.0%	; --%	;0	; --%	; --%	;0	; --%	; --%	;
767	;07/02 22:00 - 23:00	;0	; --%	; --%	;0	; --%	; --%	;0	; --%	; --%	;0	; --%	; --%	;0	; --%	; --%	;0	; --%	; --%	;0	; --%	; --%	;0	; --%	; --%	;
768	;07/02 23:00 - 24:00	;0	; --%	; --%	;0	; --%	; --%	;0	; --%	; --%	;0	; --%	; --%	;0	; --%	; --%	;0	; --%	; --%	;0	; --%	; --%	;0	; --%	; --%	;
769	;07/03 00:00 - 01:00	;0	; --%	; --%	;0	; --%	; --%	;0	; --%	; --%	;0	; --%	; --%	;0	; --%	; --%	;0	;Disminuir por100.0%	;Disminuir por100.0%	;0	; --%	; --%	;0	; --%	; --%	;
770	;07/03 01:00 - 02:00	;0	; --%	; --%	;0	; --%	; --%	;0	; --%	; --%	;0	; --%	; --%	;0	; --%	; --%	;0	; --%	; --%	;0	; --%	; --%	;0	; --%	; --%	;
771	;07/03 02:00 - 03:00	;0	; --%	; --%	;0	; --%	; --%	;0	; --%	; --%	;0	; --%	; --%	;0	; --%	; --%	;1	; --%	; --%	;0	;Disminuir por100.0%	; --%	;1	;Disminuir por50.0%	; --%	;
772	;07/03 03:00 - 04:00	;0	; --%	; --%	;0	; --%	; --%	;0	; --%	; --%	;0	; --%	; --%	;0	; --%	; --%	;0	; --%	; --%	;0	;Disminuir por100.0%	; --%	;1	;Disminuir por50.0%	; --%	;
773	;07/03 04:00 - 05:00	;0	; --%	; --%	;0	; --%	; --%	;0	; --%	; --%	;0	; --%	; --%	;0	; --%	; --%	;1	; --%	;Sin cambios	;1	; --%	;Sin cambios	;2	; --%	;Sin cambios	;
774	;07/03 05:00 - 06:00	;0	; --%	; --%	;0	; --%	; --%	;0	; --%	; --%	;0	; --%	; --%	;0	; --%	; --%	;0	; --%	;Disminuir por100.0%	;0	; --%	; --%	;0	; --%	;Disminuir por100.0%	;
775	;07/03 06:00 - 07:00	;0	; --%	; --%	;0	; --%	; --%	;0	; --%	; --%	;0	; --%	; --%	;0	; --%	; --%	;0	; --%	;Disminuir por100.0%	;0	; --%	; --%	;0	; --%	; --%	;
776	;07/03 07:00 - 08:00	;0	; --%	; --%	;0	; --%	; --%	;0	; --%	; --%	;0	; --%	; --%	;0	; --%	; --%	;0	; --%	;Disminuir por100.0%	;0	; --%	; --%	;0	; --%	; --%	;
777	;07/03 08:00 - 09:00	;0	; --%	; --%	;0	; --%	; --%	;0	; --%	; --%	;0	;Disminuir por100.0%	; --%	;1	; --%	; --%	;4	;Aumentar por100.0%	;Disminuir por20.0%	;0	; --%	; --%	;0	; --%	; --%	;
778	;07/03 09:00 - 10:00	;0	; --%	; --%	;0	; --%	; --%	;0	; --%	; --%	;0	; --%	;Disminuir por100.0%	;2	; --%	;Aumentar por100.0%	;1	;Disminuir por80.0%	;Disminuir por80.0%	;0	;Disminuir por100.0%	; --%	;0	;Disminuir por100.0%	;Disminuir por100.0%	;
779	;07/03 10:00 - 11:00	;0	; --%	; --%	;0	; --%	; --%	;2	; --%	;Disminuir por33.3%	;1	;Disminuir por50.0%	;Disminuir por80.0%	;1	; --%	; --%	;2	;Disminuir por60.0%	;Disminuir por60.0%	;0	; --%	; --%	;0	; --%	; --%	;
780	;07/03 11:00 - 12:00	;0	; --%	; --%	;0	; --%	; --%	;0	; --%	; --%	;0	;Disminuir por100.0%	;Disminuir por100.0%	;0	; --%	; --%	;0	;Disminuir por100.0%	;Disminuir por100.0%	;0	; --%	; --%	;0	; --%	; --%	;
781	;07/03 12:00 - 13:00	;0	; --%	; --%	;0	; --%	; --%	;0	; --%	; --%	;0	; --%	; --%	;0	; --%	; --%	;1	;Sin cambios	;Disminuir por50.0%	;0	; --%	; --%	;0	; --%	;Disminuir por100.0%	;
782	;07/03 13:00 - 14:00	;0	; --%	; --%	;0	; --%	; --%	;0	; --%	; --%	;0	; --%	; --%	;1	;Sin cambios	; --%	;0	;Disminuir por100.0%	;Disminuir por100.0%	;0	; --%	; --%	;0	; --%	; --%	;
783	;07/03 14:00 - 15:00	;0	; --%	; --%	;0	; --%	; --%	;0	; --%	; --%	;0	;Disminuir por100.0%	; --%	;0	; --%	; --%	;0	;Disminuir por100.0%	;Disminuir por100.0%	;0	; --%	; --%	;0	; --%	; --%	;
784	;07/03 15:00 - 16:00	;0	; --%	; --%	;0	; --%	; --%	;0	; --%	; --%	;1	;Sin cambios	; --%	;0	; --%	;Disminuir por100.0%	;1	;Sin cambios	;Disminuir por66.7%	;0	; --%	; --%	;0	; --%	; --%	;
785	;07/03 16:00 - 17:00	;0	; --%	; --%	;0	; --%	; --%	;0	; --%	; --%	;0	; --%	; --%	;0	; --%	; --%	;1	;Disminuir por50.0%	;Disminuir por83.3%	;0	; --%	; --%	;0	; --%	; --%	;
786	;07/03 17:00 - 18:00	;0	; --%	; --%	;0	; --%	; --%	;0	; --%	; --%	;0	; --%	; --%	;1	; --%	; --%	;1	;Sin cambios	; --%	;0	; --%	; --%	;0	; --%	; --%	;
787	;07/03 18:00 - 19:00	;0	; --%	; --%	;0	; --%	; --%	;0	; --%	; --%	;0	; --%	; --%	;0	; --%	; --%	;0	;Disminuir por100.0%	; --%	;0	; --%	; --%	;0	; --%	; --%	;
788	;07/03 19:00 - 20:00	;0	; --%	; --%	;0	; --%	; --%	;0	; --%	; --%	;0	; --%	; --%	;0	; --%	; --%	;0	; --%	; --%	;0	; --%	; --%	;0	; --%	; --%	;
789	;07/03 20:00 - 21:00	;0	; --%	; --%	;0	; --%	; --%	;0	; --%	; --%	;0	; --%	; --%	;0	; --%	; --%	;0	; --%	; --%	;0	; --%	; --%	;0	; --%	; --%	;
790	;07/03 21:00 - 22:00	;0	; --%	; --%	;0	; --%	; --%	;0	; --%	; --%	;0	; --%	; --%	;0	; --%	; --%	;0	;Disminuir por100.0%	; --%	;0	; --%	; --%	;0	; --%	; --%	;
791	;07/03 22:00 - 23:00	;0	; --%	; --%	;0	; --%	; --%	;0	; --%	; --%	;0	; --%	; --%	;0	; --%	; --%	;0	; --%	; --%	;0	; --%	; --%	;0	; --%	; --%	;
792	;07/03 23:00 - 24:00	;0	; --%	; --%	;0	; --%	; --%	;0	; --%	; --%	;0	; --%	; --%	;0	; --%	; --%	;0	; --%	; --%	;0	; --%	; --%	;0	; --%	; --%	;
793	;07/04 00:00 - 01:00	;0	; --%	; --%	;0	; --%	; --%	;0	; --%	; --%	;0	; --%	; --%	;0	; --%	; --%	;0	; --%	; --%	;0	; --%	; --%	;0	; --%	; --%	;
794	;07/04 01:00 - 02:00	;0	; --%	; --%	;0	; --%	; --%	;0	; --%	; --%	;0	; --%	; --%	;0	; --%	; --%	;0	;Disminuir por100.0%	;Disminuir por100.0%	;0	; --%	; --%	;0	; --%	; --%	;
795	;07/04 02:00 - 03:00	;0	; --%	; --%	;0	; --%	; --%	;0	; --%	; --%	;0	; --%	; --%	;0	; --%	; --%	;0	; --%	; --%	;0	; --%	; --%	;2	; --%	;Aumentar por100.0%	;
796	;07/04 03:00 - 04:00	;0	; --%	; --%	;0	; --%	; --%	;2	; --%	; --%	;1	; --%	; --%	;0	; --%	; --%	;0	;Disminuir por100.0%	; --%	;8	;Aumentar por700.0%	; --%	;7	;Aumentar por250.0%	; --%	;
797	;07/04 04:00 - 05:00	;0	; --%	; --%	;0	; --%	; --%	;0	; --%	; --%	;0	; --%	; --%	;0	; --%	; --%	;1	; --%	;Sin cambios	;0	; --%	; --%	;0	; --%	;Disminuir por100.0%	;
798	;07/04 05:00 - 06:00	;0	; --%	; --%	;1	; --%	; --%	;0	; --%	; --%	;0	; --%	; --%	;0	; --%	; --%	;0	; --%	;Disminuir por100.0%	;0	; --%	;Disminuir por100.0%	;0	; --%	;Disminuir por100.0%	;
799	;07/04 06:00 - 07:00	;0	; --%	; --%	;0	; --%	; --%	;0	; --%	; --%	;0	; --%	; --%	;0	; --%	; --%	;0	; --%	; --%	;0	; --%	; --%	;0	; --%	; --%	;
800	;07/04 07:00 - 08:00	;0	; --%	; --%	;0	; --%	; --%	;0	; --%	; --%	;0	; --%	; --%	;0	; --%	; --%	;3	; --%	;Sin cambios	;0	; --%	; --%	;0	; --%	; --%	;
801	;07/04 08:00 - 09:00	;0	; --%	; --%	;0	; --%	; --%	;0	; --%	; --%	;0	;Disminuir por100.0%	;Disminuir por100.0%	;0	; --%	; --%	;2	;Sin cambios	;Disminuir por50.0%	;0	; --%	; --%	;0	; --%	; --%	;
802	;07/04 09:00 - 10:00	;0	; --%	; --%	;0	; --%	; --%	;0	; --%	; --%	;0	; --%	;Disminuir por100.0%	;0	; --%	; --%	;3	;Sin cambios	;Disminuir por40.0%	;0	; --%	; --%	;0	; --%	; --%	;
803	;07/04 10:00 - 11:00	;0	; --%	; --%	;0	; --%	; --%	;0	; --%	; --%	;1	; --%	;Sin cambios	;0	; --%	; --%	;5	;Aumentar por150.0%	;Disminuir por16.7%	;0	; --%	; --%	;0	; --%	; --%	;
804	;07/04 11:00 - 12:00	;0	; --%	; --%	;0	; --%	; --%	;0	; --%	; --%	;0	; --%	; --%	;0	; --%	; --%	;0	;Disminuir por100.0%	;Disminuir por100.0%	;0	; --%	; --%	;0	; --%	; --%	;
805	;07/04 12:00 - 13:00	;0	; --%	; --%	;0	; --%	; --%	;0	; --%	; --%	;0	; --%	; --%	;0	; --%	; --%	;3	;Aumentar por200.0%	;Sin cambios	;0	; --%	; --%	;0	; --%	; --%	;
806	;07/04 13:00 - 14:00	;0	; --%	; --%	;0	; --%	; --%	;0	; --%	; --%	;0	; --%	; --%	;0	; --%	; --%	;4	; --%	;Sin cambios	;0	; --%	; --%	;0	; --%	; --%	;
807	;07/04 14:00 - 15:00	;0	; --%	; --%	;0	; --%	; --%	;0	; --%	; --%	;0	; --%	; --%	;0	; --%	; --%	;1	;Disminuir por50.0%	;Sin cambios	;0	; --%	; --%	;0	; --%	; --%	;
808	;07/04 15:00 - 16:00	;0	; --%	; --%	;0	; --%	; --%	;0	; --%	; --%	;0	; --%	;Disminuir por100.0%	;0	; --%	; --%	;1	; --%	; --%	;0	; --%	; --%	;0	; --%	; --%	;
809	;07/04 16:00 - 17:00	;0	; --%	; --%	;0	; --%	; --%	;0	; --%	; --%	;0	; --%	; --%	;0	; --%	; --%	;2	; --%	;Disminuir por66.7%	;0	; --%	; --%	;0	; --%	; --%	;
810	;07/04 17:00 - 18:00	;0	; --%	; --%	;0	; --%	; --%	;0	; --%	; --%	;0	; --%	; --%	;0	; --%	; --%	;0	; --%	;Disminuir por100.0%	;0	; --%	; --%	;0	; --%	; --%	;
811	;07/04 18:00 - 19:00	;0	; --%	; --%	;0	; --%	; --%	;0	; --%	; --%	;0	; --%	; --%	;0	; --%	; --%	;0	; --%	; --%	;0	; --%	; --%	;0	; --%	; --%	;
812	;07/04 19:00 - 20:00	;0	; --%	; --%	;0	; --%	; --%	;0	; --%	; --%	;0	; --%	; --%	;0	; --%	; --%	;0	; --%	; --%	;0	; --%	; --%	;0	; --%	; --%	;
813	;07/04 20:00 - 21:00	;0	; --%	; --%	;0	; --%	; --%	;0	; --%	; --%	;0	; --%	; --%	;0	; --%	; --%	;0	; --%	; --%	;0	; --%	; --%	;0	; --%	; --%	;
814	;07/04 21:00 - 22:00	;0	; --%	; --%	;0	; --%	; --%	;0	; --%	; --%	;0	; --%	; --%	;0	; --%	; --%	;0	; --%	; --%	;0	; --%	; --%	;0	; --%	; --%	;
815	;07/04 22:00 - 23:00	;0	; --%	; --%	;0	; --%	; --%	;0	; --%	; --%	;0	; --%	; --%	;0	; --%	; --%	;0	; --%	; --%	;0	; --%	; --%	;0	; --%	; --%	;
816	;07/04 23:00 - 24:00	;0	; --%	; --%	;0	; --%	; --%	;0	; --%	; --%	;0	; --%	; --%	;0	; --%	; --%	;0	; --%	; --%	;0	; --%	; --%	;0	; --%	; --%	;
817	;07/05 00:00 - 01:00	;0	; --%	; --%	;0	; --%	; --%	;0	; --%	; --%	;0	; --%	; --%	;0	; --%	; --%	;0	;Disminuir por100.0%	;Disminuir por100.0%	;0	; --%	; --%	;0	; --%	; --%	;
818	;07/05 01:00 - 02:00	;0	; --%	; --%	;0	; --%	; --%	;0	; --%	; --%	;0	; --%	; --%	;0	; --%	; --%	;0	;Disminuir por100.0%	;Disminuir por100.0%	;0	; --%	; --%	;0	; --%	; --%	;
819	;07/05 02:00 - 03:00	;10	; --%	; --%	;12	; --%	; --%	;4	; --%	; --%	;4	; --%	; --%	;0	; --%	; --%	;1	; --%	; --%	;1	; --%	; --%	;3	;Aumentar por200.0%	; --%	;
820	;07/05 03:00 - 04:00	;0	; --%	; --%	;0	; --%	; --%	;0	; --%	; --%	;0	; --%	; --%	;0	; --%	; --%	;0	; --%	; --%	;1	;Disminuir por50.0%	; --%	;2	;Disminuir por33.3%	; --%	;
821	;07/05 04:00 - 05:00	;0	; --%	; --%	;0	; --%	; --%	;0	; --%	; --%	;0	; --%	; --%	;0	; --%	; --%	;0	; --%	; --%	;0	; --%	; --%	;0	; --%	;Disminuir por100.0%	;
822	;07/05 05:00 - 06:00	;0	; --%	; --%	;0	; --%	; --%	;0	; --%	; --%	;0	; --%	; --%	;0	; --%	; --%	;1	; --%	;Sin cambios	;0	; --%	; --%	;0	; --%	; --%	;
823	;07/05 06:00 - 07:00	;0	; --%	; --%	;0	; --%	; --%	;0	; --%	; --%	;0	; --%	; --%	;0	; --%	;Disminuir por100.0%	;0	; --%	; --%	;0	; --%	; --%	;0	; --%	;Disminuir por100.0%	;
824	;07/05 07:00 - 08:00	;0	; --%	; --%	;0	; --%	; --%	;0	; --%	; --%	;0	; --%	; --%	;0	; --%	; --%	;2	; --%	; --%	;0	; --%	; --%	;0	; --%	; --%	;
825	;07/05 08:00 - 09:00	;0	; --%	; --%	;0	; --%	; --%	;0	; --%	; --%	;0	; --%	; --%	;0	; --%	; --%	;2	;Disminuir por33.3%	;Sin cambios	;0	; --%	; --%	;0	; --%	; --%	;
826	;07/05 09:00 - 10:00	;0	; --%	; --%	;0	; --%	; --%	;0	; --%	; --%	;0	; --%	;Disminuir por100.0%	;0	; --%	; --%	;2	;Disminuir por33.3%	;Aumentar por100.0%	;0	; --%	; --%	;0	; --%	; --%	;
827	;07/05 10:00 - 11:00	;0	; --%	; --%	;0	; --%	; --%	;0	; --%	; --%	;1	; --%	; --%	;0	; --%	; --%	;3	;Aumentar por50.0%	;Disminuir por25.0%	;0	; --%	; --%	;0	; --%	; --%	;
828	;07/05 11:00 - 12:00	;0	; --%	; --%	;0	; --%	; --%	;0	;Disminuir por100.0%	; --%	;0	; --%	; --%	;0	; --%	; --%	;2	; --%	;Aumentar por100.0%	;0	; --%	; --%	;0	; --%	; --%	;
829	;07/05 12:00 - 13:00	;0	; --%	; --%	;0	; --%	; --%	;0	; --%	;Disminuir por100.0%	;0	; --%	;Disminuir por100.0%	;0	; --%	; --%	;1	;Sin cambios	;Disminuir por83.3%	;0	; --%	; --%	;0	; --%	; --%	;
830	;07/05 13:00 - 14:00	;0	; --%	; --%	;0	; --%	; --%	;0	; --%	; --%	;0	; --%	;Disminuir por100.0%	;0	; --%	;Disminuir por100.0%	;2	; --%	;Disminuir por33.3%	;0	; --%	; --%	;0	; --%	; --%	;
831	;07/05 14:00 - 15:00	;0	; --%	; --%	;0	; --%	; --%	;0	; --%	; --%	;0	; --%	; --%	;0	; --%	; --%	;0	;Disminuir por100.0%	; --%	;0	; --%	; --%	;0	; --%	; --%	;
832	;07/05 15:00 - 16:00	;0	; --%	; --%	;0	; --%	; --%	;0	; --%	; --%	;0	; --%	; --%	;0	; --%	; --%	;4	;Aumentar por100.0%	;Aumentar por300.0%	;0	; --%	; --%	;0	; --%	; --%	;
833	;07/05 16:00 - 17:00	;0	; --%	; --%	;0	; --%	; --%	;0	; --%	; --%	;0	; --%	; --%	;0	; --%	; --%	;1	; --%	; --%	;0	; --%	; --%	;0	; --%	; --%	;
834	;07/05 17:00 - 18:00	;0	; --%	; --%	;0	; --%	; --%	;0	; --%	; --%	;0	; --%	; --%	;0	; --%	; --%	;0	; --%	;Disminuir por100.0%	;0	; --%	; --%	;0	; --%	; --%	;
835	;07/05 18:00 - 19:00	;0	; --%	; --%	;0	; --%	; --%	;0	; --%	; --%	;0	; --%	; --%	;0	; --%	; --%	;0	;Disminuir por100.0%	; --%	;0	; --%	; --%	;0	; --%	; --%	;
836	;07/05 19:00 - 20:00	;0	; --%	; --%	;0	; --%	; --%	;0	; --%	; --%	;0	; --%	; --%	;0	; --%	; --%	;0	; --%	; --%	;0	; --%	; --%	;0	; --%	; --%	;
837	;07/05 20:00 - 21:00	;0	; --%	; --%	;0	; --%	; --%	;0	; --%	; --%	;0	; --%	; --%	;0	; --%	; --%	;0	; --%	; --%	;0	; --%	; --%	;0	; --%	; --%	;
838	;07/05 21:00 - 22:00	;0	; --%	; --%	;0	; --%	; --%	;0	; --%	; --%	;0	; --%	; --%	;0	; --%	; --%	;0	; --%	; --%	;0	; --%	; --%	;0	; --%	; --%	;
839	;07/05 22:00 - 23:00	;0	; --%	; --%	;0	; --%	; --%	;0	; --%	; --%	;0	; --%	; --%	;0	; --%	; --%	;0	; --%	; --%	;0	; --%	; --%	;0	; --%	; --%	;
840	;07/05 23:00 - 24:00	;0	; --%	; --%	;0	; --%	; --%	;0	; --%	; --%	;0	; --%	; --%	;0	; --%	; --%	;0	; --%	; --%	;0	; --%	; --%	;0	; --%	; --%	;
841	;07/06 00:00 - 01:00	;0	; --%	; --%	;0	; --%	; --%	;0	; --%	; --%	;0	; --%	; --%	;0	; --%	; --%	;0	; --%	; --%	;0	; --%	; --%	;0	; --%	; --%	;
842	;07/06 01:00 - 02:00	;0	; --%	; --%	;0	; --%	; --%	;0	; --%	; --%	;0	; --%	; --%	;0	; --%	; --%	;1	; --%	;Sin cambios	;0	; --%	; --%	;0	; --%	; --%	;
843	;07/06 02:00 - 03:00	;0	; --%	; --%	;0	; --%	; --%	;0	; --%	; --%	;0	; --%	; --%	;0	; --%	; --%	;0	; --%	; --%	;3	; --%	; --%	;5	;Aumentar por400.0%	; --%	;
844	;07/06 03:00 - 04:00	;0	; --%	; --%	;0	; --%	; --%	;0	; --%	; --%	;0	; --%	; --%	;0	; --%	;Disminuir por100.0%	;0	; --%	;Disminuir por100.0%	;0	;Disminuir por100.0%	; --%	;0	;Disminuir por100.0%	; --%	;
845	;07/06 04:00 - 05:00	;0	; --%	; --%	;0	; --%	; --%	;0	; --%	; --%	;0	; --%	; --%	;0	; --%	; --%	;0	; --%	; --%	;0	; --%	; --%	;0	; --%	;Disminuir por100.0%	;
846	;07/06 05:00 - 06:00	;0	; --%	; --%	;0	; --%	; --%	;0	; --%	; --%	;0	; --%	; --%	;0	; --%	; --%	;0	;Disminuir por100.0%	;Disminuir por100.0%	;0	; --%	;Disminuir por100.0%	;0	; --%	;Disminuir por100.0%	;
847	;07/06 06:00 - 07:00	;0	; --%	; --%	;0	; --%	; --%	;0	; --%	; --%	;0	; --%	; --%	;0	; --%	; --%	;0	; --%	; --%	;0	; --%	; --%	;0	; --%	; --%	;
848	;07/06 07:00 - 08:00	;0	; --%	; --%	;0	; --%	; --%	;0	; --%	; --%	;1	; --%	; --%	;0	; --%	; --%	;1	; --%	; --%	;0	; --%	; --%	;0	; --%	; --%	;
849	;07/06 08:00 - 09:00	;0	; --%	; --%	;0	; --%	; --%	;0	; --%	; --%	;0	; --%	; --%	;0	; --%	; --%	;4	; --%	;Aumentar por33.3%	;0	; --%	; --%	;0	; --%	; --%	;
850	;07/06 09:00 - 10:00	;0	; --%	; --%	;0	; --%	; --%	;0	; --%	; --%	;0	; --%	; --%	;0	;Disminuir por100.0%	; --%	;5	;Aumentar por150.0%	;Aumentar por400.0%	;0	; --%	; --%	;0	; --%	; --%	;
851	;07/06 10:00 - 11:00	;0	; --%	; --%	;0	; --%	; --%	;0	; --%	; --%	;1	; --%	; --%	;0	; --%	; --%	;5	;Sin cambios	;Aumentar por400.0%	;0	; --%	; --%	;0	; --%	; --%	;
852	;07/06 11:00 - 12:00	;0	; --%	; --%	;0	; --%	; --%	;0	; --%	; --%	;1	; --%	; --%	;0	; --%	; --%	;1	;Disminuir por66.7%	;Disminuir por50.0%	;0	; --%	; --%	;0	; --%	; --%	;
853	;07/06 12:00 - 13:00	;0	; --%	; --%	;0	; --%	; --%	;0	; --%	; --%	;1	; --%	; --%	;0	; --%	; --%	;3	;Aumentar por200.0%	;Aumentar por200.0%	;0	; --%	; --%	;0	; --%	; --%	;
854	;07/06 13:00 - 14:00	;0	; --%	; --%	;0	; --%	; --%	;0	; --%	; --%	;0	; --%	; --%	;0	; --%	; --%	;2	;Sin cambios	;Disminuir por50.0%	;0	; --%	; --%	;0	; --%	; --%	;
855	;07/06 14:00 - 15:00	;0	; --%	; --%	;0	; --%	; --%	;0	; --%	; --%	;0	; --%	; --%	;0	; --%	; --%	;3	;Aumentar por200.0%	;Sin cambios	;0	; --%	; --%	;0	; --%	; --%	;
856	;07/06 15:00 - 16:00	;0	; --%	; --%	;0	; --%	; --%	;0	; --%	; --%	;0	; --%	; --%	;0	; --%	; --%	;3	; --%	;Aumentar por200.0%	;0	; --%	; --%	;0	; --%	; --%	;
857	;07/06 16:00 - 17:00	;0	; --%	; --%	;0	; --%	; --%	;0	; --%	; --%	;0	; --%	; --%	;0	; --%	; --%	;0	; --%	;Disminuir por100.0%	;0	; --%	; --%	;0	; --%	; --%	;
858	;07/06 17:00 - 18:00	;0	; --%	; --%	;0	; --%	; --%	;0	; --%	; --%	;0	; --%	; --%	;0	; --%	; --%	;0	; --%	;Disminuir por100.0%	;0	; --%	; --%	;0	; --%	; --%	;
859	;07/06 18:00 - 19:00	;0	; --%	; --%	;0	; --%	; --%	;0	; --%	; --%	;0	; --%	; --%	;0	; --%	; --%	;0	; --%	; --%	;0	; --%	; --%	;0	; --%	; --%	;
860	;07/06 19:00 - 20:00	;0	; --%	; --%	;0	; --%	; --%	;0	; --%	; --%	;0	; --%	; --%	;0	; --%	; --%	;0	; --%	; --%	;0	; --%	; --%	;0	; --%	; --%	;
861	;07/06 20:00 - 21:00	;0	; --%	; --%	;0	; --%	; --%	;0	; --%	; --%	;0	; --%	; --%	;0	; --%	; --%	;0	; --%	; --%	;0	; --%	; --%	;0	; --%	; --%	;
862	;07/06 21:00 - 22:00	;0	; --%	; --%	;0	; --%	; --%	;0	; --%	; --%	;0	; --%	; --%	;0	; --%	; --%	;0	; --%	; --%	;0	; --%	; --%	;0	; --%	; --%	;
863	;07/06 22:00 - 23:00	;0	; --%	; --%	;0	; --%	; --%	;0	; --%	; --%	;0	; --%	; --%	;0	; --%	; --%	;0	; --%	; --%	;0	; --%	; --%	;0	; --%	; --%	;
864	;07/06 23:00 - 24:00	;0	; --%	; --%	;0	; --%	; --%	;0	; --%	; --%	;0	; --%	; --%	;0	; --%	; --%	;0	; --%	; --%	;0	; --%	; --%	;0	; --%	; --%	;
865	;07/07 00:00 - 01:00	;0	; --%	; --%	;0	; --%	; --%	;0	; --%	; --%	;0	; --%	; --%	;0	; --%	; --%	;1	; --%	; --%	;0	; --%	; --%	;0	; --%	; --%	;
866	;07/07 01:00 - 02:00	;0	; --%	; --%	;0	; --%	; --%	;0	; --%	; --%	;0	; --%	; --%	;0	; --%	; --%	;0	; --%	; --%	;0	; --%	; --%	;0	;Disminuir por100.0%	; --%	;
867	;07/07 02:00 - 03:00	;0	; --%	; --%	;0	; --%	; --%	;0	; --%	; --%	;0	; --%	; --%	;0	; --%	; --%	;0	; --%	; --%	;2	; --%	; --%	;3	; --%	;Aumentar por200.0%	;
868	;07/07 03:00 - 04:00	;0	; --%	; --%	;0	; --%	; --%	;0	; --%	; --%	;0	; --%	; --%	;0	; --%	; --%	;0	; --%	; --%	;0	;Disminuir por100.0%	; --%	;0	;Disminuir por100.0%	; --%	;
869	;07/07 04:00 - 05:00	;0	; --%	; --%	;0	; --%	; --%	;0	; --%	; --%	;0	; --%	; --%	;0	; --%	; --%	;1	; --%	;Sin cambios	;0	; --%	;Disminuir por100.0%	;0	; --%	;Disminuir por100.0%	;
870	;07/07 05:00 - 06:00	;0	; --%	; --%	;0	; --%	; --%	;0	; --%	; --%	;0	; --%	; --%	;0	; --%	; --%	;0	; --%	; --%	;0	; --%	; --%	;0	; --%	; --%	;
871	;07/07 06:00 - 07:00	;0	; --%	; --%	;0	; --%	; --%	;0	; --%	; --%	;0	; --%	; --%	;0	; --%	; --%	;1	; --%	;Disminuir por50.0%	;0	; --%	; --%	;0	; --%	; --%	;
872	;07/07 07:00 - 08:00	;0	; --%	; --%	;0	; --%	; --%	;0	; --%	; --%	;0	; --%	; --%	;0	; --%	; --%	;0	;Disminuir por100.0%	;Disminuir por100.0%	;0	; --%	; --%	;0	; --%	;Disminuir por100.0%	;
873	;07/07 08:00 - 09:00	;0	; --%	; --%	;0	; --%	; --%	;0	; --%	; --%	;0	; --%	; --%	;0	; --%	; --%	;8	;Aumentar por300.0%	;Aumentar por60.0%	;0	; --%	; --%	;0	; --%	; --%	;
874	;07/07 09:00 - 10:00	;0	; --%	; --%	;0	; --%	; --%	;0	; --%	; --%	;0	; --%	; --%	;0	; --%	; --%	;3	;Aumentar por50.0%	;Disminuir por40.0%	;0	; --%	; --%	;0	; --%	; --%	;
875	;07/07 10:00 - 11:00	;0	; --%	; --%	;0	; --%	; --%	;0	; --%	; --%	;2	; --%	; --%	;0	; --%	; --%	;4	;Aumentar por100.0%	;Disminuir por33.3%	;0	; --%	; --%	;0	; --%	; --%	;
876	;07/07 11:00 - 12:00	;0	; --%	; --%	;0	; --%	; --%	;0	; --%	; --%	;0	; --%	; --%	;0	; --%	; --%	;1	; --%	;Disminuir por80.0%	;0	; --%	; --%	;0	; --%	; --%	;
877	;07/07 12:00 - 13:00	;0	; --%	; --%	;0	; --%	; --%	;0	; --%	; --%	;0	; --%	; --%	;0	; --%	; --%	;4	;Aumentar por300.0%	;Aumentar por33.3%	;0	; --%	; --%	;0	; --%	; --%	;
878	;07/07 13:00 - 14:00	;0	; --%	; --%	;0	; --%	; --%	;0	; --%	; --%	;0	; --%	; --%	;0	; --%	;Disminuir por100.0%	;0	; --%	;Disminuir por100.0%	;0	; --%	; --%	;0	; --%	; --%	;
879	;07/07 14:00 - 15:00	;0	; --%	; --%	;0	; --%	; --%	;0	; --%	; --%	;0	; --%	;Disminuir por100.0%	;1	; --%	; --%	;1	; --%	;Disminuir por50.0%	;0	; --%	; --%	;0	; --%	; --%	;
880	;07/07 15:00 - 16:00	;0	; --%	; --%	;0	; --%	; --%	;0	; --%	; --%	;0	; --%	;Disminuir por100.0%	;0	; --%	; --%	;1	; --%	;Disminuir por50.0%	;0	; --%	; --%	;0	; --%	; --%	;
881	;07/07 16:00 - 17:00	;0	; --%	; --%	;0	; --%	; --%	;1	; --%	;Sin cambios	;1	; --%	;Sin cambios	;0	; --%	; --%	;4	;Aumentar por300.0%	;Disminuir por20.0%	;0	; --%	; --%	;0	; --%	; --%	;
882	;07/07 17:00 - 18:00	;0	; --%	; --%	;0	; --%	; --%	;1	; --%	; --%	;1	; --%	; --%	;0	; --%	; --%	;0	; --%	;Disminuir por100.0%	;0	; --%	; --%	;0	; --%	; --%	;
883	;07/07 18:00 - 19:00	;0	; --%	; --%	;0	; --%	; --%	;0	; --%	; --%	;0	; --%	; --%	;0	; --%	; --%	;0	;Disminuir por100.0%	; --%	;0	; --%	; --%	;0	; --%	; --%	;
884	;07/07 19:00 - 20:00	;0	; --%	; --%	;0	; --%	; --%	;0	; --%	; --%	;0	; --%	; --%	;0	; --%	; --%	;0	; --%	; --%	;0	; --%	; --%	;0	; --%	; --%	;
885	;07/07 20:00 - 21:00	;0	; --%	; --%	;0	; --%	; --%	;0	; --%	; --%	;0	; --%	; --%	;0	; --%	; --%	;0	;Disminuir por100.0%	; --%	;0	; --%	; --%	;0	; --%	; --%	;
886	;07/07 21:00 - 22:00	;0	; --%	; --%	;0	; --%	; --%	;0	; --%	; --%	;0	; --%	; --%	;0	; --%	; --%	;0	; --%	; --%	;0	; --%	; --%	;0	; --%	; --%	;
887	;07/07 22:00 - 23:00	;0	; --%	; --%	;0	; --%	; --%	;0	; --%	; --%	;0	; --%	; --%	;0	; --%	; --%	;0	; --%	; --%	;0	; --%	; --%	;0	; --%	; --%	;
888	;07/07 23:00 - 24:00	;0	; --%	; --%	;0	; --%	; --%	;0	; --%	; --%	;0	; --%	; --%	;0	; --%	; --%	;0	; --%	; --%	;0	; --%	; --%	;0	; --%	; --%	;
889	;07/08 00:00 - 01:00	;0	; --%	; --%	;0	; --%	; --%	;0	; --%	; --%	;0	; --%	; --%	;0	; --%	; --%	;0	; --%	; --%	;0	; --%	; --%	;0	; --%	; --%	;
890	;07/08 01:00 - 02:00	;0	; --%	; --%	;0	; --%	; --%	;0	; --%	; --%	;0	; --%	; --%	;0	; --%	; --%	;0	;Disminuir por100.0%	; --%	;0	; --%	; --%	;0	; --%	; --%	;
891	;07/08 02:00 - 03:00	;0	; --%	; --%	;0	; --%	; --%	;0	; --%	; --%	;0	; --%	; --%	;0	; --%	; --%	;0	; --%	; --%	;0	;Disminuir por100.0%	; --%	;0	;Disminuir por100.0%	;Disminuir por100.0%	;
892	;07/08 03:00 - 04:00	;0	; --%	; --%	;0	; --%	; --%	;0	; --%	; --%	;0	; --%	; --%	;0	; --%	; --%	;0	; --%	; --%	;1	; --%	; --%	;2	; --%	; --%	;
893	;07/08 04:00 - 05:00	;0	; --%	; --%	;0	; --%	; --%	;0	; --%	; --%	;0	; --%	; --%	;1	; --%	; --%	;1	; --%	; --%	;0	; --%	;Disminuir por100.0%	;0	; --%	;Disminuir por100.0%	;
894	;07/08 05:00 - 06:00	;0	; --%	; --%	;0	; --%	; --%	;0	; --%	; --%	;0	; --%	; --%	;0	; --%	; --%	;0	; --%	; --%	;0	; --%	; --%	;0	; --%	;Disminuir por100.0%	;
895	;07/08 06:00 - 07:00	;0	; --%	; --%	;0	; --%	; --%	;0	; --%	; --%	;0	; --%	; --%	;0	; --%	; --%	;0	;Disminuir por100.0%	; --%	;0	; --%	; --%	;0	; --%	; --%	;
896	;07/08 07:00 - 08:00	;0	; --%	; --%	;0	; --%	; --%	;0	; --%	;Disminuir por100.0%	;0	; --%	; --%	;0	; --%	; --%	;4	;Aumentar por33.3%	;Aumentar por100.0%	;0	; --%	; --%	;0	; --%	; --%	;
897	;07/08 08:00 - 09:00	;0	; --%	; --%	;0	; --%	; --%	;0	; --%	; --%	;0	;Disminuir por100.0%	; --%	;0	; --%	; --%	;4	;Aumentar por33.3%	;Disminuir por20.0%	;0	; --%	; --%	;0	; --%	; --%	;
898	;07/08 09:00 - 10:00	;0	; --%	; --%	;0	; --%	; --%	;0	; --%	; --%	;0	; --%	; --%	;0	; --%	; --%	;3	;Disminuir por57.1%	;Aumentar por50.0%	;0	; --%	; --%	;1	; --%	;Sin cambios	;
899	;07/08 10:00 - 11:00	;0	; --%	; --%	;0	; --%	; --%	;0	; --%	; --%	;0	;Disminuir por100.0%	; --%	;0	; --%	; --%	;7	;Aumentar por75.0%	;Aumentar por250.0%	;0	; --%	; --%	;0	; --%	; --%	;
900	;07/08 11:00 - 12:00	;0	; --%	; --%	;0	; --%	; --%	;0	; --%	; --%	;1	; --%	; --%	;0	; --%	; --%	;4	;Disminuir por20.0%	;Disminuir por55.6%	;1	; --%	; --%	;2	; --%	; --%	;
901	;07/08 12:00 - 13:00	;0	; --%	; --%	;0	; --%	; --%	;0	; --%	; --%	;0	; --%	; --%	;0	; --%	; --%	;5	;Sin cambios	;Aumentar por150.0%	;0	; --%	; --%	;0	; --%	; --%	;
902	;07/08 13:00 - 14:00	;0	; --%	; --%	;0	; --%	; --%	;0	; --%	; --%	;0	; --%	;Disminuir por100.0%	;0	; --%	; --%	;3	;Disminuir por40.0%	;Sin cambios	;0	; --%	; --%	;0	; --%	; --%	;
903	;07/08 14:00 - 15:00	;0	; --%	; --%	;0	; --%	; --%	;0	; --%	; --%	;0	; --%	; --%	;0	; --%	; --%	;5	;Aumentar por400.0%	;Aumentar por150.0%	;0	; --%	; --%	;0	; --%	; --%	;
904	;07/08 15:00 - 16:00	;0	; --%	; --%	;0	; --%	; --%	;0	; --%	; --%	;1	; --%	; --%	;0	; --%	; --%	;2	;Aumentar por100.0%	;Disminuir por50.0%	;0	; --%	; --%	;0	; --%	; --%	;
905	;07/08 16:00 - 17:00	;0	; --%	; --%	;0	; --%	; --%	;0	; --%	; --%	;0	; --%	; --%	;0	; --%	; --%	;5	;Aumentar por400.0%	;Aumentar por150.0%	;0	; --%	; --%	;0	; --%	; --%	;
906	;07/08 17:00 - 18:00	;0	; --%	; --%	;0	; --%	; --%	;0	; --%	; --%	;0	; --%	; --%	;0	; --%	; --%	;1	;Disminuir por50.0%	;Disminuir por83.3%	;0	; --%	; --%	;0	; --%	; --%	;
907	;07/08 18:00 - 19:00	;0	; --%	; --%	;0	; --%	; --%	;0	; --%	; --%	;0	; --%	; --%	;0	; --%	; --%	;0	;Disminuir por100.0%	; --%	;0	; --%	; --%	;0	; --%	; --%	;
908	;07/08 19:00 - 20:00	;0	; --%	; --%	;0	; --%	; --%	;0	; --%	; --%	;0	; --%	; --%	;0	; --%	; --%	;0	; --%	; --%	;0	; --%	; --%	;0	; --%	; --%	;
909	;07/08 20:00 - 21:00	;0	; --%	; --%	;0	; --%	; --%	;0	; --%	; --%	;0	; --%	; --%	;0	; --%	; --%	;0	;Disminuir por100.0%	; --%	;0	; --%	; --%	;0	; --%	; --%	;
910	;07/08 21:00 - 22:00	;0	; --%	; --%	;0	; --%	; --%	;0	; --%	; --%	;0	; --%	; --%	;0	; --%	; --%	;0	; --%	; --%	;0	; --%	; --%	;0	; --%	; --%	;
911	;07/08 22:00 - 23:00	;0	; --%	; --%	;0	; --%	; --%	;0	; --%	; --%	;0	; --%	; --%	;0	; --%	; --%	;0	; --%	; --%	;0	; --%	; --%	;0	; --%	; --%	;
912	;07/08 23:00 - 24:00	;0	; --%	; --%	;0	; --%	; --%	;0	; --%	; --%	;0	; --%	; --%	;0	; --%	; --%	;0	;Disminuir por100.0%	; --%	;0	; --%	; --%	;0	; --%	; --%	;
913	;07/09 00:00 - 01:00	;0	; --%	; --%	;0	; --%	; --%	;0	; --%	; --%	;0	; --%	; --%	;0	; --%	; --%	;0	; --%	; --%	;0	; --%	; --%	;0	; --%	; --%	;
914	;07/09 01:00 - 02:00	;0	; --%	; --%	;0	; --%	; --%	;0	; --%	; --%	;0	; --%	; --%	;0	; --%	; --%	;0	; --%	;Disminuir por100.0%	;0	; --%	; --%	;0	; --%	; --%	;
915	;07/09 02:00 - 03:00	;0	; --%	; --%	;0	; --%	; --%	;0	; --%	; --%	;0	; --%	; --%	;0	; --%	; --%	;0	; --%	; --%	;0	; --%	; --%	;0	;Disminuir por100.0%	; --%	;
916	;07/09 03:00 - 04:00	;1	; --%	; --%	;1	; --%	; --%	;0	; --%	; --%	;0	; --%	; --%	;0	; --%	; --%	;0	; --%	; --%	;0	; --%	; --%	;1	; --%	;Sin cambios	;
917	;07/09 04:00 - 05:00	;0	; --%	; --%	;0	; --%	; --%	;0	; --%	; --%	;0	; --%	; --%	;0	; --%	; --%	;1	; --%	;Sin cambios	;0	; --%	; --%	;0	; --%	; --%	;
918	;07/09 05:00 - 06:00	;0	; --%	; --%	;0	; --%	; --%	;0	; --%	; --%	;0	; --%	; --%	;0	; --%	; --%	;0	; --%	;Disminuir por100.0%	;0	; --%	;Disminuir por100.0%	;0	; --%	;Disminuir por100.0%	;
919	;07/09 06:00 - 07:00	;0	; --%	; --%	;0	; --%	; --%	;0	; --%	; --%	;0	; --%	; --%	;0	; --%	;Disminuir por100.0%	;0	;Disminuir por100.0%	; --%	;0	; --%	; --%	;0	; --%	; --%	;
920	;07/09 07:00 - 08:00	;0	; --%	; --%	;0	; --%	; --%	;0	; --%	; --%	;0	; --%	; --%	;0	; --%	; --%	;4	;Aumentar por300.0%	;Aumentar por100.0%	;0	; --%	; --%	;0	; --%	; --%	;
921	;07/09 08:00 - 09:00	;0	; --%	; --%	;0	; --%	; --%	;0	; --%	; --%	;0	; --%	;Disminuir por100.0%	;0	; --%	; --%	;3	;Aumentar por50.0%	;Disminuir por25.0%	;3	; --%	; --%	;5	; --%	; --%	;
922	;07/09 09:00 - 10:00	;0	; --%	; --%	;0	; --%	; --%	;0	; --%	; --%	;1	; --%	; --%	;1	; --%	; --%	;5	;Aumentar por150.0%	;Aumentar por150.0%	;0	; --%	; --%	;0	; --%	; --%	;
923	;07/09 10:00 - 11:00	;0	; --%	; --%	;0	; --%	; --%	;0	; --%	; --%	;0	; --%	;Disminuir por100.0%	;0	; --%	;Disminuir por100.0%	;6	;Aumentar por50.0%	;Disminuir por57.1%	;0	; --%	; --%	;1	; --%	; --%	;
924	;07/09 11:00 - 12:00	;0	; --%	; --%	;0	; --%	; --%	;0	; --%	; --%	;0	; --%	;Disminuir por100.0%	;0	;Disminuir por100.0%	;Disminuir por100.0%	;7	;Aumentar por40.0%	;Disminuir por53.3%	;0	; --%	;Disminuir por100.0%	;0	; --%	;Disminuir por100.0%	;
925	;07/09 12:00 - 13:00	;0	; --%	; --%	;0	; --%	; --%	;0	; --%	; --%	;0	;Disminuir por100.0%	;Disminuir por100.0%	;0	; --%	; --%	;3	;Aumentar por50.0%	;Disminuir por50.0%	;0	; --%	; --%	;0	; --%	; --%	;
926	;07/09 13:00 - 14:00	;0	; --%	; --%	;0	; --%	; --%	;1	; --%	; --%	;0	; --%	; --%	;0	; --%	; --%	;4	;Aumentar por33.3%	;Sin cambios	;0	; --%	; --%	;0	; --%	; --%	;
927	;07/09 14:00 - 15:00	;0	; --%	; --%	;0	; --%	; --%	;0	; --%	; --%	;0	; --%	; --%	;0	; --%	; --%	;2	;Disminuir por60.0%	;Sin cambios	;0	; --%	; --%	;0	; --%	; --%	;
928	;07/09 15:00 - 16:00	;0	; --%	; --%	;0	; --%	; --%	;0	; --%	; --%	;0	; --%	; --%	;0	; --%	; --%	;5	;Aumentar por150.0%	;Aumentar por400.0%	;0	; --%	; --%	;0	; --%	; --%	;
929	;07/09 16:00 - 17:00	;0	; --%	; --%	;0	; --%	; --%	;0	; --%	; --%	;0	; --%	; --%	;0	; --%	; --%	;3	;Aumentar por200.0%	;Sin cambios	;0	; --%	; --%	;0	; --%	; --%	;
930	;07/09 17:00 - 18:00	;0	; --%	; --%	;0	; --%	; --%	;0	; --%	; --%	;1	; --%	; --%	;0	; --%	; --%	;0	;Disminuir por100.0%	;Disminuir por100.0%	;0	; --%	; --%	;0	; --%	; --%	;
931	;07/09 18:00 - 19:00	;0	; --%	; --%	;0	; --%	; --%	;0	; --%	; --%	;0	; --%	; --%	;0	; --%	; --%	;2	;Disminuir por33.3%	;Aumentar por100.0%	;0	; --%	; --%	;0	; --%	; --%	;
932	;07/09 19:00 - 20:00	;0	; --%	; --%	;0	; --%	; --%	;0	; --%	; --%	;0	; --%	; --%	;0	; --%	; --%	;0	; --%	; --%	;0	; --%	; --%	;0	; --%	; --%	;
933	;07/09 20:00 - 21:00	;0	; --%	; --%	;0	; --%	; --%	;0	; --%	; --%	;0	; --%	; --%	;0	; --%	; --%	;0	;Disminuir por100.0%	; --%	;0	; --%	; --%	;0	; --%	; --%	;
934	;07/09 21:00 - 22:00	;0	; --%	; --%	;0	; --%	; --%	;0	; --%	; --%	;0	; --%	; --%	;0	; --%	; --%	;0	;Disminuir por100.0%	; --%	;0	; --%	; --%	;0	; --%	; --%	;
935	;07/09 22:00 - 23:00	;0	; --%	; --%	;0	; --%	; --%	;0	; --%	; --%	;0	; --%	; --%	;0	; --%	; --%	;0	; --%	; --%	;0	; --%	; --%	;0	; --%	; --%	;
936	;07/09 23:00 - 24:00	;0	; --%	; --%	;0	; --%	; --%	;0	; --%	; --%	;0	; --%	; --%	;0	;Disminuir por100.0%	; --%	;0	;Disminuir por100.0%	; --%	;0	; --%	; --%	;0	; --%	; --%	;
937	;07/10 00:00 - 01:00	;0	; --%	; --%	;0	; --%	; --%	;0	; --%	; --%	;0	; --%	; --%	;0	; --%	; --%	;0	; --%	; --%	;0	; --%	; --%	;0	; --%	; --%	;
938	;07/10 01:00 - 02:00	;0	; --%	; --%	;0	; --%	; --%	;0	; --%	; --%	;0	; --%	; --%	;0	; --%	; --%	;0	; --%	; --%	;0	; --%	; --%	;0	; --%	; --%	;
939	;07/10 02:00 - 03:00	;0	; --%	; --%	;0	; --%	; --%	;0	; --%	; --%	;0	; --%	; --%	;0	; --%	; --%	;0	; --%	; --%	;0	; --%	; --%	;2	; --%	;Aumentar por100.0%	;
940	;07/10 03:00 - 04:00	;0	; --%	; --%	;0	; --%	; --%	;0	; --%	; --%	;0	; --%	; --%	;0	; --%	;Disminuir por100.0%	;0	; --%	;Disminuir por100.0%	;0	;Disminuir por100.0%	; --%	;0	;Disminuir por100.0%	;Disminuir por100.0%	;
941	;07/10 04:00 - 05:00	;0	; --%	; --%	;1	; --%	; --%	;0	; --%	; --%	;0	; --%	; --%	;0	; --%	; --%	;0	; --%	; --%	;0	; --%	;Disminuir por100.0%	;0	; --%	;Disminuir por100.0%	;
942	;07/10 05:00 - 06:00	;0	; --%	; --%	;0	; --%	; --%	;0	; --%	; --%	;0	; --%	; --%	;0	; --%	; --%	;0	; --%	;Disminuir por100.0%	;0	; --%	; --%	;0	; --%	; --%	;
943	;07/10 06:00 - 07:00	;0	; --%	; --%	;0	; --%	; --%	;0	; --%	; --%	;0	; --%	; --%	;0	; --%	; --%	;0	;Disminuir por100.0%	;Disminuir por100.0%	;0	; --%	; --%	;0	; --%	; --%	;
944	;07/10 07:00 - 08:00	;0	; --%	; --%	;0	; --%	; --%	;0	; --%	; --%	;0	; --%	; --%	;0	; --%	; --%	;3	;Aumentar por200.0%	;Aumentar por50.0%	;0	; --%	; --%	;0	; --%	; --%	;
945	;07/10 08:00 - 09:00	;0	; --%	; --%	;0	; --%	; --%	;0	; --%	; --%	;0	;Disminuir por100.0%	; --%	;0	; --%	; --%	;4	;Disminuir por20.0%	;Sin cambios	;0	; --%	; --%	;0	; --%	; --%	;
946	;07/10 09:00 - 10:00	;0	; --%	; --%	;0	; --%	; --%	;0	; --%	; --%	;0	; --%	;Disminuir por100.0%	;0	; --%	; --%	;3	;Aumentar por200.0%	;Disminuir por25.0%	;0	; --%	; --%	;0	;Disminuir por100.0%	;Disminuir por100.0%	;
947	;07/10 10:00 - 11:00	;0	; --%	; --%	;0	; --%	; --%	;0	; --%	; --%	;0	;Disminuir por100.0%	;Disminuir por100.0%	;0	; --%	; --%	;10	;Aumentar por150.0%	;Aumentar por400.0%	;2	; --%	; --%	;3	;Aumentar por200.0%	;Aumentar por200.0%	;
948	;07/10 11:00 - 12:00	;0	; --%	; --%	;0	; --%	; --%	;0	;Disminuir por100.0%	;Disminuir por100.0%	;0	; --%	; --%	;0	; --%	; --%	;4	;Disminuir por33.3%	;Disminuir por33.3%	;0	; --%	; --%	;0	; --%	; --%	;
949	;07/10 12:00 - 13:00	;0	; --%	; --%	;0	; --%	; --%	;0	; --%	;Disminuir por100.0%	;1	; --%	; --%	;0	; --%	; --%	;3	;Disminuir por57.1%	;Disminuir por40.0%	;0	; --%	; --%	;0	; --%	; --%	;
950	;07/10 13:00 - 14:00	;0	; --%	; --%	;0	; --%	; --%	;0	; --%	; --%	;0	; --%	; --%	;0	; --%	; --%	;2	;Sin cambios	;Disminuir por50.0%	;0	; --%	; --%	;0	; --%	; --%	;
951	;07/10 14:00 - 15:00	;0	; --%	; --%	;0	; --%	; --%	;0	; --%	;Disminuir por100.0%	;0	; --%	;Disminuir por100.0%	;0	; --%	; --%	;5	; --%	;Aumentar por25.0%	;0	; --%	; --%	;0	; --%	; --%	;
952	;07/10 15:00 - 16:00	;0	; --%	; --%	;0	; --%	; --%	;0	; --%	; --%	;1	; --%	; --%	;0	; --%	; --%	;2	;Disminuir por33.3%	;Sin cambios	;0	; --%	; --%	;0	; --%	; --%	;
953	;07/10 16:00 - 17:00	;0	; --%	; --%	;0	; --%	; --%	;0	; --%	; --%	;0	; --%	;Disminuir por100.0%	;0	; --%	; --%	;3	;Aumentar por200.0%	;Aumentar por200.0%	;0	; --%	; --%	;0	; --%	; --%	;
954	;07/10 17:00 - 18:00	;0	; --%	; --%	;0	; --%	; --%	;0	;Disminuir por100.0%	; --%	;1	;Sin cambios	; --%	;0	; --%	; --%	;2	;Sin cambios	;Aumentar por100.0%	;0	; --%	; --%	;0	; --%	; --%	;
955	;07/10 18:00 - 19:00	;0	; --%	; --%	;0	; --%	; --%	;0	; --%	;Disminuir por100.0%	;0	; --%	;Disminuir por100.0%	;0	; --%	; --%	;1	;Disminuir por75.0%	; --%	;0	; --%	; --%	;0	; --%	; --%	;
956	;07/10 19:00 - 20:00	;0	; --%	; --%	;0	; --%	; --%	;0	; --%	; --%	;0	; --%	; --%	;0	; --%	; --%	;0	; --%	; --%	;0	; --%	; --%	;0	; --%	; --%	;
957	;07/10 20:00 - 21:00	;0	; --%	; --%	;0	; --%	; --%	;0	; --%	; --%	;0	; --%	; --%	;0	; --%	; --%	;0	; --%	; --%	;0	; --%	; --%	;0	; --%	; --%	;
958	;07/10 21:00 - 22:00	;0	; --%	; --%	;0	; --%	; --%	;0	; --%	; --%	;0	; --%	; --%	;0	; --%	; --%	;0	; --%	; --%	;0	; --%	; --%	;0	; --%	; --%	;
959	;07/10 22:00 - 23:00	;0	; --%	; --%	;0	; --%	; --%	;0	; --%	; --%	;0	; --%	; --%	;0	; --%	; --%	;0	; --%	; --%	;0	; --%	; --%	;0	; --%	; --%	;
960	;07/10 23:00 - 24:00	;0	; --%	; --%	;0	; --%	; --%	;0	; --%	; --%	;0	; --%	; --%	;0	;Disminuir por100.0%	; --%	;0	; --%	; --%	;0	; --%	; --%	;0	; --%	; --%	;
961	;07/11 00:00 - 01:00	;0	; --%	; --%	;0	; --%	; --%	;0	; --%	; --%	;0	; --%	; --%	;0	; --%	; --%	;0	; --%	; --%	;0	; --%	; --%	;0	; --%	; --%	;
962	;07/11 01:00 - 02:00	;0	; --%	; --%	;0	; --%	; --%	;0	; --%	; --%	;0	; --%	; --%	;0	; --%	; --%	;0	; --%	; --%	;0	; --%	; --%	;0	; --%	; --%	;
963	;07/11 02:00 - 03:00	;0	; --%	; --%	;0	; --%	; --%	;0	; --%	; --%	;0	; --%	; --%	;0	; --%	; --%	;0	; --%	;Disminuir por100.0%	;0	; --%	; --%	;1	; --%	; --%	;
964	;07/11 03:00 - 04:00	;0	; --%	; --%	;0	; --%	; --%	;0	; --%	; --%	;0	; --%	; --%	;0	; --%	;Disminuir por100.0%	;0	; --%	;Disminuir por100.0%	;0	;Disminuir por100.0%	; --%	;1	;Disminuir por50.0%	; --%	;
965	;07/11 04:00 - 05:00	;0	; --%	; --%	;0	; --%	; --%	;0	; --%	; --%	;0	; --%	; --%	;0	; --%	; --%	;0	; --%	;Disminuir por100.0%	;0	; --%	; --%	;0	; --%	; --%	;
966	;07/11 05:00 - 06:00	;0	; --%	; --%	;0	; --%	; --%	;0	; --%	; --%	;0	; --%	; --%	;0	; --%	; --%	;0	; --%	; --%	;0	; --%	; --%	;0	; --%	; --%	;
967	;07/11 06:00 - 07:00	;0	; --%	; --%	;0	; --%	; --%	;0	; --%	; --%	;0	; --%	; --%	;1	; --%	; --%	;0	;Disminuir por100.0%	;Disminuir por100.0%	;0	; --%	;Disminuir por100.0%	;0	; --%	;Disminuir por100.0%	;
968	;07/11 07:00 - 08:00	;0	; --%	; --%	;0	; --%	; --%	;0	; --%	; --%	;0	;Disminuir por100.0%	; --%	;0	; --%	; --%	;0	;Disminuir por100.0%	;Disminuir por100.0%	;0	; --%	; --%	;0	; --%	; --%	;
969	;07/11 08:00 - 09:00	;0	; --%	; --%	;0	; --%	; --%	;0	; --%	; --%	;0	; --%	; --%	;0	; --%	; --%	;3	;Sin cambios	;Disminuir por50.0%	;0	; --%	; --%	;0	; --%	; --%	;
970	;07/11 09:00 - 10:00	;0	; --%	; --%	;0	; --%	; --%	;0	; --%	; --%	;0	;Disminuir por100.0%	; --%	;0	; --%	; --%	;3	;Aumentar por50.0%	;Aumentar por200.0%	;0	; --%	; --%	;0	; --%	; --%	;
971	;07/11 10:00 - 11:00	;0	; --%	; --%	;0	; --%	; --%	;0	; --%	; --%	;0	;Disminuir por100.0%	; --%	;0	; --%	; --%	;5	;Aumentar por25.0%	;Aumentar por400.0%	;0	; --%	; --%	;0	; --%	; --%	;
972	;07/11 11:00 - 12:00	;0	; --%	; --%	;0	; --%	; --%	;0	; --%	; --%	;0	; --%	; --%	;0	; --%	;Disminuir por100.0%	;4	;Aumentar por33.3%	;Sin cambios	;0	; --%	; --%	;0	; --%	; --%	;
973	;07/11 12:00 - 13:00	;0	; --%	; --%	;0	; --%	; --%	;0	; --%	; --%	;0	; --%	; --%	;0	; --%	;Disminuir por100.0%	;3	;Aumentar por50.0%	;Sin cambios	;0	; --%	; --%	;0	; --%	; --%	;
974	;07/11 13:00 - 14:00	;0	; --%	; --%	;0	; --%	; --%	;0	; --%	; --%	;0	;Disminuir por100.0%	; --%	;14	; --%	; --%	;15	;Aumentar por400.0%	;Aumentar por1400.0%	;0	; --%	; --%	;0	; --%	; --%	;
975	;07/11 14:00 - 15:00	;0	; --%	; --%	;0	; --%	; --%	;0	;Disminuir por100.0%	; --%	;0	; --%	; --%	;0	; --%	; --%	;1	;Sin cambios	;Disminuir por50.0%	;0	; --%	; --%	;0	; --%	; --%	;
976	;07/11 15:00 - 16:00	;0	; --%	; --%	;0	; --%	; --%	;0	; --%	; --%	;0	; --%	; --%	;0	;Disminuir por100.0%	; --%	;1	;Disminuir por50.0%	;Disminuir por66.7%	;0	; --%	; --%	;0	;Disminuir por100.0%	; --%	;
977	;07/11 16:00 - 17:00	;0	; --%	; --%	;0	; --%	; --%	;0	; --%	; --%	;1	; --%	; --%	;0	; --%	; --%	;1	;Disminuir por50.0%	;Disminuir por66.7%	;0	; --%	; --%	;0	; --%	; --%	;
978	;07/11 17:00 - 18:00	;0	; --%	; --%	;0	; --%	; --%	;0	; --%	; --%	;0	; --%	; --%	;0	; --%	; --%	;1	;Disminuir por50.0%	;Disminuir por80.0%	;0	; --%	; --%	;0	; --%	; --%	;
979	;07/11 18:00 - 19:00	;0	; --%	; --%	;0	; --%	; --%	;0	; --%	; --%	;0	; --%	; --%	;0	; --%	; --%	;0	; --%	; --%	;0	; --%	; --%	;0	; --%	; --%	;
980	;07/11 19:00 - 20:00	;0	; --%	; --%	;0	; --%	; --%	;0	; --%	; --%	;0	; --%	; --%	;0	; --%	; --%	;0	; --%	; --%	;0	; --%	; --%	;0	; --%	; --%	;
981	;07/11 20:00 - 21:00	;0	; --%	; --%	;0	; --%	; --%	;0	; --%	; --%	;0	; --%	; --%	;0	; --%	; --%	;0	;Disminuir por100.0%	; --%	;0	; --%	; --%	;0	; --%	; --%	;
982	;07/11 21:00 - 22:00	;0	; --%	; --%	;0	; --%	; --%	;0	; --%	; --%	;0	; --%	; --%	;0	; --%	; --%	;0	; --%	; --%	;0	; --%	; --%	;0	; --%	; --%	;
983	;07/11 22:00 - 23:00	;0	; --%	; --%	;0	; --%	; --%	;0	; --%	; --%	;0	; --%	; --%	;0	; --%	; --%	;0	; --%	; --%	;0	; --%	; --%	;0	; --%	; --%	;
984	;07/11 23:00 - 24:00	;0	; --%	; --%	;0	; --%	; --%	;0	; --%	; --%	;0	; --%	; --%	;0	; --%	; --%	;0	; --%	; --%	;0	; --%	; --%	;0	; --%	; --%	;
985	;07/12 00:00 - 01:00	;0	; --%	; --%	;0	; --%	; --%	;0	; --%	; --%	;0	; --%	; --%	;0	; --%	; --%	;0	; --%	; --%	;0	; --%	; --%	;0	; --%	; --%	;
986	;07/12 01:00 - 02:00	;0	; --%	; --%	;0	; --%	; --%	;0	; --%	; --%	;0	; --%	; --%	;0	; --%	; --%	;1	; --%	;Disminuir por50.0%	;0	; --%	; --%	;0	; --%	; --%	;
987	;07/12 02:00 - 03:00	;0	; --%	; --%	;0	; --%	; --%	;0	; --%	; --%	;0	; --%	; --%	;0	; --%	; --%	;0	; --%	;Disminuir por100.0%	;0	; --%	; --%	;1	; --%	; --%	;
988	;07/12 03:00 - 04:00	;0	; --%	; --%	;0	; --%	; --%	;0	; --%	; --%	;0	; --%	; --%	;0	; --%	; --%	;0	; --%	; --%	;1	;Sin cambios	; --%	;1	;Disminuir por50.0%	; --%	;
989	;07/12 04:00 - 05:00	;0	; --%	; --%	;0	; --%	; --%	;0	; --%	; --%	;0	; --%	; --%	;0	; --%	; --%	;0	;Disminuir por100.0%	;Disminuir por100.0%	;0	; --%	; --%	;0	; --%	; --%	;
990	;07/12 05:00 - 06:00	;0	; --%	; --%	;0	; --%	; --%	;0	; --%	; --%	;0	; --%	; --%	;0	; --%	; --%	;0	; --%	; --%	;0	; --%	; --%	;0	; --%	; --%	;
991	;07/12 06:00 - 07:00	;0	; --%	; --%	;0	; --%	; --%	;0	; --%	; --%	;0	; --%	; --%	;0	; --%	; --%	;0	; --%	;Disminuir por100.0%	;0	; --%	; --%	;0	; --%	; --%	;
992	;07/12 07:00 - 08:00	;0	; --%	; --%	;0	; --%	; --%	;0	; --%	; --%	;0	; --%	; --%	;0	; --%	; --%	;0	; --%	; --%	;0	; --%	; --%	;0	; --%	; --%	;
993	;07/12 08:00 - 09:00	;0	; --%	; --%	;0	; --%	; --%	;0	; --%	; --%	;0	; --%	; --%	;0	; --%	; --%	;2	;Disminuir por50.0%	;Disminuir por66.7%	;0	; --%	; --%	;0	; --%	; --%	;
994	;07/12 09:00 - 10:00	;0	; --%	; --%	;0	; --%	; --%	;0	; --%	; --%	;0	; --%	;Disminuir por100.0%	;0	; --%	; --%	;2	;Disminuir por33.3%	;Sin cambios	;0	; --%	; --%	;0	; --%	; --%	;
995	;07/12 10:00 - 11:00	;0	; --%	; --%	;0	; --%	; --%	;0	; --%	; --%	;0	;Disminuir por100.0%	;Disminuir por100.0%	;0	; --%	; --%	;2	;Sin cambios	;Sin cambios	;0	; --%	; --%	;0	; --%	; --%	;
996	;07/12 11:00 - 12:00	;0	; --%	; --%	;0	; --%	; --%	;0	; --%	; --%	;0	; --%	;Disminuir por100.0%	;0	; --%	; --%	;0	; --%	;Disminuir por100.0%	;0	; --%	; --%	;0	; --%	; --%	;
997	;07/12 12:00 - 13:00	;0	; --%	; --%	;0	; --%	; --%	;0	; --%	; --%	;0	; --%	; --%	;0	; --%	; --%	;1	;Sin cambios	;Sin cambios	;0	; --%	; --%	;0	; --%	; --%	;
998	;07/12 13:00 - 14:00	;0	; --%	; --%	;0	; --%	; --%	;0	; --%	; --%	;0	; --%	; --%	;0	; --%	;Disminuir por100.0%	;2	;Aumentar por100.0%	;Disminuir por60.0%	;0	; --%	; --%	;0	; --%	; --%	;
999	;07/12 14:00 - 15:00	;0	; --%	; --%	;0	; --%	; --%	;0	; --%	; --%	;0	; --%	; --%	;0	; --%	; --%	;2	;Aumentar por100.0%	;Disminuir por66.7%	;0	; --%	; --%	;0	; --%	; --%	;
1000	;07/12 15:00 - 16:00	;0	; --%	; --%	;0	; --%	; --%	;0	; --%	; --%	;0	; --%	; --%	;0	; --%	; --%	;0	; --%	;Disminuir por100.0%	;0	; --%	; --%	;0	; --%	; --%	;
1001	;07/12 16:00 - 17:00	;0	; --%	; --%	;0	; --%	; --%	;0	; --%	; --%	;0	; --%	; --%	;0	; --%	; --%	;1	; --%	;Disminuir por75.0%	;0	; --%	; --%	;0	; --%	; --%	;
1002	;07/12 17:00 - 18:00	;0	; --%	; --%	;0	; --%	; --%	;0	; --%	; --%	;0	; --%	;Disminuir por100.0%	;0	; --%	; --%	;1	; --%	; --%	;0	; --%	; --%	;0	; --%	; --%	;
1003	;07/12 18:00 - 19:00	;0	; --%	; --%	;0	; --%	; --%	;0	; --%	; --%	;0	; --%	; --%	;0	; --%	; --%	;0	; --%	;Disminuir por100.0%	;0	; --%	; --%	;0	; --%	; --%	;
1004	;07/12 19:00 - 20:00	;0	; --%	; --%	;0	; --%	; --%	;0	; --%	; --%	;0	; --%	; --%	;0	; --%	; --%	;0	; --%	; --%	;0	; --%	; --%	;0	; --%	; --%	;
1005	;07/12 20:00 - 21:00	;0	; --%	; --%	;0	; --%	; --%	;0	; --%	; --%	;0	; --%	; --%	;0	; --%	; --%	;0	; --%	; --%	;0	; --%	; --%	;0	; --%	; --%	;
1006	;07/12 21:00 - 22:00	;0	; --%	; --%	;0	; --%	; --%	;0	; --%	; --%	;0	; --%	; --%	;0	; --%	; --%	;0	; --%	; --%	;0	; --%	; --%	;0	; --%	; --%	;
1007	;07/12 22:00 - 23:00	;0	; --%	; --%	;0	; --%	; --%	;0	; --%	; --%	;0	; --%	; --%	;0	; --%	; --%	;0	;Disminuir por100.0%	; --%	;0	; --%	; --%	;0	; --%	; --%	;
1008	;07/12 23:00 - 24:00	;0	; --%	; --%	;0	; --%	; --%	;0	; --%	; --%	;0	; --%	; --%	;0	; --%	; --%	;0	; --%	; --%	;0	; --%	; --%	;0	; --%	; --%	;
1009	;07/13 00:00 - 01:00	;0	; --%	; --%	;0	; --%	; --%	;0	; --%	; --%	;0	; --%	; --%	;0	; --%	; --%	;0	; --%	; --%	;0	; --%	; --%	;0	; --%	; --%	;
1010	;07/13 01:00 - 02:00	;0	; --%	; --%	;0	; --%	; --%	;0	; --%	; --%	;0	; --%	; --%	;0	; --%	; --%	;1	; --%	;Disminuir por50.0%	;0	; --%	; --%	;0	; --%	; --%	;
1011	;07/13 02:00 - 03:00	;0	; --%	; --%	;0	; --%	; --%	;0	; --%	; --%	;0	; --%	; --%	;0	; --%	; --%	;0	; --%	; --%	;0	; --%	; --%	;0	; --%	;Disminuir por100.0%	;
1012	;07/13 03:00 - 04:00	;0	;Disminuir por100.0%	; --%	;0	;Disminuir por100.0%	; --%	;0	; --%	; --%	;0	; --%	; --%	;0	; --%	; --%	;0	; --%	;Disminuir por100.0%	;0	; --%	; --%	;0	;Disminuir por100.0%	;Disminuir por100.0%	;
1013	;07/13 04:00 - 05:00	;0	; --%	; --%	;0	; --%	; --%	;0	; --%	; --%	;0	; --%	; --%	;0	; --%	; --%	;1	; --%	;Sin cambios	;16	; --%	; --%	;18	; --%	; --%	;
1014	;07/13 05:00 - 06:00	;0	; --%	; --%	;0	; --%	; --%	;0	; --%	; --%	;0	; --%	; --%	;0	; --%	; --%	;0	; --%	; --%	;0	; --%	; --%	;0	; --%	; --%	;
1015	;07/13 06:00 - 07:00	;0	; --%	; --%	;0	; --%	; --%	;0	; --%	; --%	;0	; --%	; --%	;0	; --%	; --%	;0	;Disminuir por100.0%	; --%	;0	; --%	; --%	;0	; --%	; --%	;
1016	;07/13 07:00 - 08:00	;0	; --%	; --%	;0	; --%	; --%	;0	; --%	; --%	;0	;Disminuir por100.0%	; --%	;0	; --%	; --%	;3	;Aumentar por50.0%	; --%	;0	; --%	; --%	;0	; --%	; --%	;
1017	;07/13 08:00 - 09:00	;0	; --%	; --%	;0	; --%	; --%	;0	; --%	; --%	;0	;Disminuir por100.0%	; --%	;0	; --%	; --%	;4	;Aumentar por33.3%	;Aumentar por33.3%	;0	; --%	; --%	;1	; --%	; --%	;
1018	;07/13 09:00 - 10:00	;0	; --%	; --%	;0	; --%	; --%	;0	; --%	; --%	;0	; --%	; --%	;0	; --%	; --%	;4	;Aumentar por100.0%	;Sin cambios	;0	; --%	; --%	;0	; --%	; --%	;
1019	;07/13 10:00 - 11:00	;0	; --%	; --%	;0	; --%	; --%	;0	; --%	; --%	;0	; --%	; --%	;0	; --%	; --%	;4	;Aumentar por300.0%	;Aumentar por33.3%	;0	; --%	; --%	;0	; --%	; --%	;
1020	;07/13 11:00 - 12:00	;0	; --%	; --%	;0	; --%	; --%	;0	; --%	; --%	;0	; --%	; --%	;0	; --%	; --%	;3	;Sin cambios	;Disminuir por25.0%	;0	; --%	; --%	;0	; --%	; --%	;
1021	;07/13 12:00 - 13:00	;0	; --%	; --%	;0	; --%	; --%	;0	; --%	; --%	;0	; --%	; --%	;0	; --%	; --%	;5	; --%	;Aumentar por400.0%	;0	; --%	; --%	;0	; --%	; --%	;
1022	;07/13 13:00 - 14:00	;0	; --%	; --%	;0	; --%	; --%	;0	; --%	; --%	;0	; --%	; --%	;0	; --%	; --%	;7	;Aumentar por133.3%	;Aumentar por250.0%	;0	; --%	; --%	;0	; --%	; --%	;
1023	;07/13 14:00 - 15:00	;0	; --%	; --%	;0	; --%	; --%	;0	; --%	; --%	;0	; --%	; --%	;0	; --%	;Disminuir por100.0%	;5	; --%	; --%	;0	; --%	; --%	;0	; --%	; --%	;
1024	;07/13 15:00 - 16:00	;0	; --%	; --%	;0	; --%	; --%	;0	; --%	; --%	;2	; --%	;Aumentar por100.0%	;0	; --%	; --%	;2	; --%	;Sin cambios	;0	; --%	; --%	;0	; --%	; --%	;
1025	;07/13 16:00 - 17:00	;0	; --%	; --%	;0	; --%	; --%	;0	; --%	; --%	;0	; --%	; --%	;0	; --%	; --%	;3	;Sin cambios	;Aumentar por200.0%	;0	; --%	; --%	;0	; --%	; --%	;
1026	;07/13 17:00 - 18:00	;0	; --%	; --%	;0	; --%	; --%	;0	; --%	; --%	;0	; --%	; --%	;0	; --%	; --%	;3	;Aumentar por200.0%	; --%	;0	; --%	; --%	;0	; --%	; --%	;
1027	;07/13 18:00 - 19:00	;0	; --%	; --%	;0	; --%	; --%	;0	; --%	; --%	;0	; --%	; --%	;0	; --%	; --%	;2	;Aumentar por100.0%	; --%	;0	; --%	; --%	;0	; --%	; --%	;
1028	;07/13 19:00 - 20:00	;0	; --%	; --%	;0	; --%	; --%	;0	; --%	; --%	;0	; --%	; --%	;0	; --%	; --%	;0	;Disminuir por100.0%	; --%	;0	; --%	; --%	;0	; --%	; --%	;
1029	;07/13 20:00 - 21:00	;0	; --%	; --%	;0	; --%	; --%	;0	; --%	; --%	;0	; --%	; --%	;0	; --%	; --%	;0	;Disminuir por100.0%	; --%	;0	; --%	; --%	;0	; --%	; --%	;
1030	;07/13 21:00 - 22:00	;0	; --%	; --%	;0	; --%	; --%	;0	; --%	; --%	;0	; --%	; --%	;0	;Disminuir por100.0%	; --%	;0	; --%	; --%	;0	; --%	; --%	;0	;Disminuir por100.0%	; --%	;
1031	;07/13 22:00 - 23:00	;0	; --%	; --%	;0	; --%	; --%	;0	; --%	; --%	;0	; --%	; --%	;0	; --%	; --%	;0	;Disminuir por100.0%	; --%	;0	; --%	; --%	;0	; --%	; --%	;
1032	;07/13 23:00 - 24:00	;0	; --%	; --%	;0	; --%	; --%	;0	; --%	; --%	;0	; --%	; --%	;0	; --%	; --%	;0	; --%	; --%	;0	; --%	; --%	;0	; --%	; --%	;
1033	;07/14 00:00 - 01:00	;0	; --%	; --%	;0	; --%	; --%	;0	; --%	; --%	;0	; --%	; --%	;0	; --%	; --%	;0	; --%	; --%	;0	; --%	; --%	;0	; --%	; --%	;
1034	;07/14 01:00 - 02:00	;0	; --%	; --%	;0	; --%	; --%	;0	; --%	; --%	;0	; --%	; --%	;0	; --%	; --%	;0	; --%	;Disminuir por100.0%	;0	; --%	; --%	;0	; --%	; --%	;
1035	;07/14 02:00 - 03:00	;0	; --%	; --%	;0	; --%	; --%	;0	; --%	; --%	;0	; --%	; --%	;0	; --%	; --%	;0	; --%	; --%	;0	; --%	;Disminuir por100.0%	;1	;Sin cambios	;Disminuir por50.0%	;
1036	;07/14 03:00 - 04:00	;0	; --%	; --%	;0	; --%	; --%	;0	; --%	; --%	;0	; --%	; --%	;0	; --%	; --%	;0	; --%	; --%	;0	; --%	; --%	;0	; --%	; --%	;
1037	;07/14 04:00 - 05:00	;0	; --%	; --%	;0	; --%	; --%	;0	; --%	; --%	;0	; --%	; --%	;0	; --%	; --%	;1	; --%	;Sin cambios	;0	; --%	; --%	;0	; --%	;Disminuir por100.0%	;
1038	;07/14 05:00 - 06:00	;0	; --%	; --%	;0	; --%	; --%	;0	; --%	; --%	;0	; --%	; --%	;0	; --%	; --%	;0	;Disminuir por100.0%	;Disminuir por100.0%	;0	; --%	;Disminuir por100.0%	;0	; --%	;Disminuir por100.0%	;
1039	;07/14 06:00 - 07:00	;0	; --%	; --%	;0	; --%	; --%	;0	; --%	; --%	;0	; --%	; --%	;0	; --%	; --%	;3	; --%	;Aumentar por50.0%	;0	; --%	; --%	;0	; --%	; --%	;
1040	;07/14 07:00 - 08:00	;0	; --%	; --%	;0	; --%	;Disminuir por100.0%	;0	; --%	; --%	;0	; --%	; --%	;0	; --%	; --%	;1	; --%	;Disminuir por50.0%	;0	; --%	; --%	;0	; --%	; --%	;
1041	;07/14 08:00 - 09:00	;0	; --%	; --%	;0	; --%	; --%	;0	;Disminuir por100.0%	; --%	;0	;Disminuir por100.0%	; --%	;0	; --%	; --%	;4	;Aumentar por100.0%	;Aumentar por33.3%	;0	; --%	; --%	;0	; --%	; --%	;
1042	;07/14 09:00 - 10:00	;0	; --%	; --%	;0	; --%	; --%	;0	; --%	; --%	;0	; --%	;Disminuir por100.0%	;0	; --%	; --%	;4	;Aumentar por33.3%	;Aumentar por100.0%	;1	; --%	; --%	;0	; --%	; --%	;
1043	;07/14 10:00 - 11:00	;0	; --%	; --%	;0	; --%	; --%	;0	; --%	; --%	;1	; --%	;Disminuir por50.0%	;0	; --%	; --%	;7	;Aumentar por133.3%	;Aumentar por40.0%	;0	; --%	; --%	;0	; --%	; --%	;
1044	;07/14 11:00 - 12:00	;0	; --%	; --%	;0	; --%	; --%	;0	; --%	; --%	;0	; --%	; --%	;0	; --%	; --%	;1	;Disminuir por50.0%	;Disminuir por66.7%	;3	; --%	; --%	;4	; --%	;Aumentar por300.0%	;
1045	;07/14 12:00 - 13:00	;0	; --%	; --%	;0	; --%	; --%	;0	; --%	; --%	;0	; --%	;Disminuir por100.0%	;1	; --%	; --%	;2	;Sin cambios	;Aumentar por100.0%	;0	; --%	; --%	;0	; --%	; --%	;
1046	;07/14 13:00 - 14:00	;0	; --%	; --%	;0	; --%	; --%	;0	; --%	; --%	;0	; --%	; --%	;0	; --%	; --%	;0	;Disminuir por100.0%	;Disminuir por100.0%	;0	; --%	; --%	;0	; --%	; --%	;
1047	;07/14 14:00 - 15:00	;0	; --%	; --%	;0	; --%	; --%	;0	; --%	; --%	;0	;Disminuir por100.0%	; --%	;0	; --%	; --%	;1	; --%	;Disminuir por66.7%	;0	; --%	; --%	;0	; --%	; --%	;
1048	;07/14 15:00 - 16:00	;0	; --%	; --%	;0	; --%	; --%	;0	; --%	; --%	;0	; --%	; --%	;0	; --%	; --%	;3	;Sin cambios	;Aumentar por200.0%	;0	; --%	; --%	;0	; --%	; --%	;
1049	;07/14 16:00 - 17:00	;0	; --%	; --%	;0	; --%	; --%	;0	; --%	; --%	;0	; --%	; --%	;0	; --%	; --%	;3	; --%	;Disminuir por50.0%	;0	; --%	; --%	;0	; --%	; --%	;
1050	;07/14 17:00 - 18:00	;0	; --%	; --%	;0	; --%	; --%	;0	; --%	; --%	;2	; --%	; --%	;0	; --%	; --%	;0	;Disminuir por100.0%	;Disminuir por100.0%	;0	; --%	; --%	;0	; --%	; --%	;
1051	;07/14 18:00 - 19:00	;0	; --%	; --%	;0	; --%	; --%	;0	; --%	; --%	;0	; --%	; --%	;0	; --%	; --%	;1	; --%	;Sin cambios	;0	; --%	; --%	;0	; --%	; --%	;
1052	;07/14 19:00 - 20:00	;0	; --%	; --%	;0	; --%	; --%	;0	; --%	; --%	;0	; --%	; --%	;0	; --%	; --%	;0	;Disminuir por100.0%	; --%	;0	; --%	; --%	;0	; --%	; --%	;
1053	;07/14 20:00 - 21:00	;0	; --%	; --%	;0	; --%	; --%	;0	; --%	; --%	;0	; --%	; --%	;0	; --%	; --%	;0	;Disminuir por100.0%	; --%	;0	; --%	; --%	;0	; --%	; --%	;
1054	;07/14 21:00 - 22:00	;0	; --%	; --%	;0	; --%	; --%	;0	; --%	; --%	;0	; --%	; --%	;0	; --%	; --%	;0	; --%	; --%	;0	; --%	; --%	;0	; --%	; --%	;
1055	;07/14 22:00 - 23:00	;0	; --%	; --%	;0	; --%	; --%	;0	; --%	; --%	;0	; --%	; --%	;0	; --%	; --%	;0	; --%	; --%	;0	; --%	; --%	;0	; --%	; --%	;
1056	;07/14 23:00 - 24:00	;0	; --%	; --%	;0	; --%	; --%	;0	; --%	; --%	;0	; --%	; --%	;0	; --%	; --%	;0	; --%	; --%	;0	; --%	; --%	;0	; --%	; --%	;
1057	;07/15 00:00 - 01:00	;0	; --%	; --%	;0	; --%	; --%	;0	; --%	; --%	;0	; --%	; --%	;0	; --%	; --%	;0	; --%	; --%	;0	; --%	; --%	;0	; --%	; --%	;
1058	;07/15 01:00 - 02:00	;0	; --%	; --%	;0	; --%	; --%	;0	; --%	; --%	;0	; --%	; --%	;0	; --%	; --%	;1	; --%	; --%	;0	; --%	; --%	;0	; --%	; --%	;
1059	;07/15 02:00 - 03:00	;0	; --%	; --%	;0	; --%	; --%	;0	; --%	; --%	;0	; --%	; --%	;0	; --%	; --%	;0	; --%	; --%	;0	; --%	; --%	;1	;Sin cambios	;Sin cambios	;
1060	;07/15 03:00 - 04:00	;0	; --%	; --%	;0	; --%	; --%	;0	; --%	; --%	;0	; --%	; --%	;0	; --%	; --%	;0	; --%	;Disminuir por100.0%	;0	; --%	;Disminuir por100.0%	;0	; --%	;Disminuir por100.0%	;
1061	;07/15 04:00 - 05:00	;0	; --%	; --%	;0	; --%	; --%	;0	; --%	; --%	;0	; --%	; --%	;0	; --%	; --%	;1	; --%	; --%	;0	; --%	; --%	;0	; --%	; --%	;
1062	;07/15 05:00 - 06:00	;0	; --%	; --%	;0	; --%	; --%	;0	; --%	; --%	;0	; --%	; --%	;0	; --%	; --%	;0	; --%	;Disminuir por100.0%	;0	; --%	; --%	;0	; --%	; --%	;
1063	;07/15 06:00 - 07:00	;0	; --%	; --%	;1	; --%	; --%	;0	; --%	; --%	;0	; --%	; --%	;0	; --%	; --%	;2	;Sin cambios	;Sin cambios	;0	; --%	; --%	;0	; --%	; --%	;
1064	;07/15 07:00 - 08:00	;0	; --%	; --%	;0	; --%	; --%	;0	; --%	; --%	;0	;Disminuir por100.0%	; --%	;0	; --%	; --%	;3	;Disminuir por40.0%	;Sin cambios	;0	; --%	; --%	;0	; --%	; --%	;
1065	;07/15 08:00 - 09:00	;0	; --%	; --%	;0	; --%	; --%	;0	; --%	; --%	;0	;Disminuir por100.0%	; --%	;0	;Disminuir por100.0%	; --%	;2	;Disminuir por60.0%	;Aumentar por100.0%	;0	; --%	; --%	;1	; --%	; --%	;
1066	;07/15 09:00 - 10:00	;0	; --%	; --%	;0	; --%	; --%	;0	; --%	; --%	;0	; --%	; --%	;0	; --%	; --%	;4	;Disminuir por50.0%	;Disminuir por20.0%	;0	; --%	; --%	;0	;Disminuir por100.0%	;Disminuir por100.0%	;
1067	;07/15 10:00 - 11:00	;0	; --%	; --%	;0	; --%	; --%	;0	; --%	; --%	;1	; --%	; --%	;0	; --%	; --%	;5	;Aumentar por150.0%	;Aumentar por25.0%	;1	; --%	; --%	;2	; --%	; --%	;
1068	;07/15 11:00 - 12:00	;0	; --%	; --%	;0	; --%	; --%	;0	; --%	; --%	;1	; --%	; --%	;0	; --%	; --%	;3	;Disminuir por25.0%	;Aumentar por50.0%	;0	; --%	; --%	;0	; --%	; --%	;
1069	;07/15 12:00 - 13:00	;0	; --%	; --%	;0	; --%	; --%	;0	; --%	; --%	;0	; --%	; --%	;0	; --%	; --%	;9	;Aumentar por80.0%	;Aumentar por125.0%	;0	; --%	; --%	;0	;Disminuir por100.0%	; --%	;
1070	;07/15 13:00 - 14:00	;0	; --%	; --%	;0	; --%	; --%	;0	; --%	; --%	;0	; --%	; --%	;0	; --%	; --%	;3	;Aumentar por50.0%	;Sin cambios	;0	; --%	; --%	;0	; --%	; --%	;
1071	;07/15 14:00 - 15:00	;0	; --%	; --%	;0	; --%	; --%	;0	; --%	; --%	;1	; --%	; --%	;0	; --%	; --%	;4	;Aumentar por300.0%	; --%	;0	; --%	; --%	;0	; --%	; --%	;
1072	;07/15 15:00 - 16:00	;0	; --%	; --%	;0	; --%	; --%	;0	; --%	; --%	;0	;Disminuir por100.0%	; --%	;0	; --%	; --%	;1	;Disminuir por75.0%	;Sin cambios	;0	; --%	; --%	;0	; --%	; --%	;
1073	;07/15 16:00 - 17:00	;0	; --%	; --%	;0	; --%	; --%	;0	; --%	; --%	;0	; --%	; --%	;0	; --%	; --%	;7	;Aumentar por600.0%	;Aumentar por75.0%	;0	; --%	; --%	;0	; --%	; --%	;
1074	;07/15 17:00 - 18:00	;0	; --%	; --%	;0	; --%	; --%	;0	; --%	; --%	;2	;Aumentar por100.0%	; --%	;0	; --%	; --%	;2	;Aumentar por100.0%	;Sin cambios	;0	; --%	; --%	;0	; --%	; --%	;
1075	;07/15 18:00 - 19:00	;0	; --%	; --%	;0	; --%	; --%	;0	; --%	; --%	;0	; --%	; --%	;0	; --%	; --%	;1	;Disminuir por50.0%	;Disminuir por50.0%	;0	; --%	; --%	;0	; --%	; --%	;
1076	;07/15 19:00 - 20:00	;0	; --%	; --%	;0	; --%	; --%	;0	; --%	; --%	;0	;Disminuir por100.0%	; --%	;0	; --%	; --%	;0	;Disminuir por100.0%	; --%	;0	; --%	; --%	;0	; --%	; --%	;
1077	;07/15 20:00 - 21:00	;0	; --%	; --%	;0	; --%	; --%	;0	; --%	; --%	;0	; --%	; --%	;0	; --%	; --%	;0	;Disminuir por100.0%	; --%	;0	; --%	; --%	;0	; --%	; --%	;
1078	;07/15 21:00 - 22:00	;0	; --%	; --%	;0	; --%	; --%	;0	; --%	; --%	;0	; --%	; --%	;0	; --%	; --%	;0	; --%	; --%	;0	; --%	; --%	;0	; --%	; --%	;
1079	;07/15 22:00 - 23:00	;0	; --%	; --%	;0	; --%	; --%	;0	; --%	; --%	;0	; --%	; --%	;0	; --%	; --%	;0	; --%	; --%	;0	; --%	; --%	;0	; --%	; --%	;
1080	;07/15 23:00 - 24:00	;0	; --%	; --%	;0	; --%	; --%	;0	; --%	; --%	;0	; --%	; --%	;0	; --%	; --%	;0	; --%	; --%	;0	; --%	; --%	;0	; --%	; --%	;
1081	;07/16 00:00 - 01:00	;0	; --%	; --%	;0	; --%	; --%	;0	; --%	; --%	;0	; --%	; --%	;0	; --%	; --%	;0	; --%	; --%	;0	; --%	; --%	;0	; --%	; --%	;
1082	;07/16 01:00 - 02:00	;0	; --%	; --%	;0	; --%	; --%	;0	; --%	; --%	;0	; --%	; --%	;0	; --%	; --%	;0	; --%	; --%	;0	; --%	; --%	;0	; --%	; --%	;
1083	;07/16 02:00 - 03:00	;0	; --%	; --%	;0	; --%	; --%	;0	; --%	; --%	;0	; --%	; --%	;0	; --%	; --%	;0	; --%	; --%	;0	; --%	; --%	;0	; --%	; --%	;
1084	;07/16 03:00 - 04:00	;0	; --%	; --%	;0	; --%	; --%	;0	; --%	; --%	;0	; --%	; --%	;0	; --%	; --%	;0	; --%	; --%	;2	; --%	; --%	;6	; --%	; --%	;
1085	;07/16 04:00 - 05:00	;0	; --%	; --%	;0	; --%	; --%	;0	; --%	; --%	;0	; --%	; --%	;0	; --%	; --%	;0	; --%	;Disminuir por100.0%	;0	; --%	; --%	;0	; --%	;Disminuir por100.0%	;
1086	;07/16 05:00 - 06:00	;0	; --%	; --%	;0	; --%	; --%	;0	; --%	; --%	;0	; --%	; --%	;0	; --%	; --%	;0	; --%	;Disminuir por100.0%	;0	;Disminuir por100.0%	;Disminuir por100.0%	;0	;Disminuir por100.0%	;Disminuir por100.0%	;
1087	;07/16 06:00 - 07:00	;0	; --%	; --%	;0	; --%	; --%	;0	; --%	; --%	;0	; --%	; --%	;0	; --%	; --%	;2	;Sin cambios	;Disminuir por33.3%	;0	; --%	; --%	;0	; --%	; --%	;
1088	;07/16 07:00 - 08:00	;0	; --%	; --%	;0	; --%	; --%	;0	; --%	; --%	;0	; --%	; --%	;0	; --%	; --%	;2	;Aumentar por100.0%	;Disminuir por33.3%	;0	; --%	; --%	;0	; --%	; --%	;
1089	;07/16 08:00 - 09:00	;0	; --%	; --%	;0	; --%	; --%	;0	; --%	; --%	;0	; --%	;Disminuir por100.0%	;0	; --%	; --%	;2	;Sin cambios	;Disminuir por33.3%	;0	; --%	; --%	;0	; --%	; --%	;
1090	;07/16 09:00 - 10:00	;0	; --%	; --%	;0	; --%	; --%	;2	; --%	; --%	;3	;Aumentar por200.0%	;Aumentar por50.0%	;0	; --%	; --%	;4	;Disminuir por20.0%	;Sin cambios	;0	; --%	; --%	;1	; --%	; --%	;
1091	;07/16 10:00 - 11:00	;0	; --%	; --%	;0	; --%	; --%	;0	;Disminuir por100.0%	; --%	;1	;Disminuir por85.7%	; --%	;0	; --%	; --%	;4	;Disminuir por33.3%	;Disminuir por42.9%	;0	;Disminuir por100.0%	; --%	;0	;Disminuir por100.0%	; --%	;
1092	;07/16 11:00 - 12:00	;0	; --%	; --%	;0	; --%	; --%	;0	; --%	; --%	;0	;Disminuir por100.0%	; --%	;0	; --%	; --%	;2	; --%	;Disminuir por66.7%	;0	; --%	; --%	;0	; --%	; --%	;
1093	;07/16 12:00 - 13:00	;0	; --%	; --%	;0	; --%	; --%	;0	; --%	; --%	;1	;Sin cambios	; --%	;0	; --%	; --%	;5	;Aumentar por25.0%	;Aumentar por25.0%	;0	; --%	; --%	;0	; --%	; --%	;
1094	;07/16 13:00 - 14:00	;0	; --%	; --%	;0	; --%	; --%	;0	; --%	; --%	;0	;Disminuir por100.0%	; --%	;0	; --%	; --%	;4	;Aumentar por100.0%	;Aumentar por33.3%	;0	; --%	; --%	;0	; --%	; --%	;
1095	;07/16 14:00 - 15:00	;0	; --%	; --%	;0	; --%	; --%	;0	; --%	; --%	;0	; --%	; --%	;0	; --%	; --%	;1	;Disminuir por80.0%	;Disminuir por66.7%	;0	; --%	; --%	;0	; --%	; --%	;
1096	;07/16 15:00 - 16:00	;0	; --%	; --%	;0	; --%	; --%	;0	; --%	; --%	;0	; --%	; --%	;0	; --%	; --%	;1	;Disminuir por50.0%	;Sin cambios	;0	; --%	; --%	;0	; --%	; --%	;
1097	;07/16 16:00 - 17:00	;0	; --%	; --%	;0	; --%	; --%	;0	; --%	; --%	;0	; --%	; --%	;0	; --%	; --%	;1	;Disminuir por75.0%	;Disminuir por50.0%	;0	; --%	; --%	;0	; --%	; --%	;
1098	;07/16 17:00 - 18:00	;0	; --%	; --%	;0	; --%	; --%	;0	; --%	; --%	;0	;Disminuir por100.0%	; --%	;0	;Disminuir por100.0%	; --%	;1	;Disminuir por66.7%	;Disminuir por66.7%	;0	; --%	; --%	;0	; --%	; --%	;
1099	;07/16 18:00 - 19:00	;0	; --%	; --%	;0	; --%	; --%	;0	; --%	; --%	;0	; --%	; --%	;0	; --%	; --%	;0	;Disminuir por100.0%	;Disminuir por100.0%	;0	; --%	; --%	;0	; --%	; --%	;
1100	;07/16 19:00 - 20:00	;0	; --%	; --%	;0	; --%	; --%	;0	; --%	; --%	;0	; --%	; --%	;0	; --%	; --%	;0	;Disminuir por100.0%	; --%	;0	; --%	; --%	;0	; --%	; --%	;
1101	;07/16 20:00 - 21:00	;0	; --%	; --%	;0	; --%	; --%	;0	; --%	; --%	;0	; --%	; --%	;0	; --%	; --%	;0	;Disminuir por100.0%	; --%	;0	; --%	; --%	;0	; --%	; --%	;
1102	;07/16 21:00 - 22:00	;0	; --%	; --%	;0	; --%	; --%	;0	; --%	; --%	;0	; --%	; --%	;0	; --%	; --%	;0	; --%	; --%	;0	; --%	; --%	;0	; --%	; --%	;
1103	;07/16 22:00 - 23:00	;0	; --%	; --%	;0	; --%	; --%	;0	; --%	; --%	;0	; --%	; --%	;0	; --%	; --%	;0	; --%	; --%	;0	; --%	; --%	;0	; --%	; --%	;
1104	;07/16 23:00 - 24:00	;0	; --%	; --%	;0	; --%	; --%	;0	; --%	; --%	;0	; --%	; --%	;0	; --%	; --%	;0	; --%	; --%	;0	; --%	; --%	;0	; --%	; --%	;
1105	;07/17 00:00 - 01:00	;0	; --%	; --%	;0	; --%	; --%	;0	; --%	; --%	;0	; --%	; --%	;0	; --%	; --%	;0	; --%	; --%	;0	; --%	; --%	;0	; --%	; --%	;
1106	;07/17 01:00 - 02:00	;0	; --%	; --%	;0	; --%	; --%	;0	; --%	; --%	;0	; --%	; --%	;0	; --%	; --%	;1	; --%	; --%	;0	; --%	; --%	;0	; --%	; --%	;
1107	;07/17 02:00 - 03:00	;0	; --%	; --%	;0	; --%	; --%	;0	; --%	; --%	;0	; --%	; --%	;0	; --%	; --%	;0	; --%	; --%	;0	; --%	; --%	;2	;Aumentar por100.0%	; --%	;
1108	;07/17 03:00 - 04:00	;0	; --%	; --%	;0	; --%	; --%	;0	; --%	; --%	;0	; --%	; --%	;0	; --%	; --%	;0	; --%	; --%	;0	; --%	; --%	;0	; --%	;Disminuir por100.0%	;
1109	;07/17 04:00 - 05:00	;0	; --%	; --%	;0	; --%	; --%	;0	; --%	; --%	;0	; --%	; --%	;0	; --%	; --%	;0	; --%	; --%	;0	; --%	; --%	;0	; --%	; --%	;
1110	;07/17 05:00 - 06:00	;0	; --%	; --%	;0	; --%	; --%	;0	; --%	; --%	;0	; --%	; --%	;0	; --%	; --%	;1	; --%	; --%	;0	; --%	; --%	;0	; --%	; --%	;
1111	;07/17 06:00 - 07:00	;0	; --%	; --%	;0	; --%	; --%	;0	; --%	; --%	;0	; --%	; --%	;0	; --%	; --%	;1	;Sin cambios	;Sin cambios	;0	; --%	; --%	;0	; --%	;Disminuir por100.0%	;
1112	;07/17 07:00 - 08:00	;0	; --%	; --%	;0	; --%	; --%	;0	; --%	; --%	;0	; --%	; --%	;0	; --%	; --%	;2	;Disminuir por33.3%	;Disminuir por60.0%	;0	; --%	; --%	;0	; --%	; --%	;
1113	;07/17 08:00 - 09:00	;0	; --%	; --%	;0	; --%	; --%	;0	; --%	; --%	;0	;Disminuir por100.0%	; --%	;0	; --%	; --%	;4	;Aumentar por300.0%	;Aumentar por33.3%	;0	; --%	; --%	;0	; --%	; --%	;
1114	;07/17 09:00 - 10:00	;0	; --%	; --%	;0	; --%	; --%	;0	; --%	; --%	;0	; --%	;Disminuir por100.0%	;0	; --%	; --%	;1	;Disminuir por50.0%	;Disminuir por80.0%	;0	; --%	; --%	;0	; --%	; --%	;
1115	;07/17 10:00 - 11:00	;0	; --%	;Disminuir por100.0%	;0	; --%	;Disminuir por100.0%	;0	; --%	; --%	;0	; --%	; --%	;1	; --%	; --%	;2	;Disminuir por33.3%	;Disminuir por66.7%	;0	; --%	; --%	;0	; --%	; --%	;
1116	;07/17 11:00 - 12:00	;0	; --%	; --%	;0	; --%	; --%	;0	; --%	; --%	;0	;Disminuir por100.0%	; --%	;0	; --%	; --%	;8	;Aumentar por700.0%	;Aumentar por14.3%	;0	; --%	; --%	;0	; --%	; --%	;
1117	;07/17 12:00 - 13:00	;0	; --%	; --%	;0	; --%	; --%	;0	; --%	; --%	;0	; --%	; --%	;0	; --%	; --%	;2	; --%	;Disminuir por60.0%	;0	; --%	; --%	;0	; --%	; --%	;
1118	;07/17 13:00 - 14:00	;0	; --%	; --%	;0	; --%	; --%	;0	; --%	; --%	;0	;Disminuir por100.0%	; --%	;0	; --%	; --%	;4	;Aumentar por100.0%	;Aumentar por100.0%	;0	; --%	; --%	;0	; --%	; --%	;
1119	;07/17 14:00 - 15:00	;0	; --%	; --%	;0	; --%	; --%	;0	; --%	; --%	;0	; --%	; --%	;0	; --%	; --%	;3	;Aumentar por200.0%	;Aumentar por200.0%	;0	; --%	; --%	;0	; --%	; --%	;
1120	;07/17 15:00 - 16:00	;0	; --%	; --%	;0	; --%	; --%	;0	; --%	; --%	;0	; --%	; --%	;0	; --%	; --%	;0	;Disminuir por100.0%	;Disminuir por100.0%	;0	; --%	; --%	;0	; --%	; --%	;
1121	;07/17 16:00 - 17:00	;0	; --%	; --%	;0	; --%	; --%	;0	; --%	; --%	;0	; --%	; --%	;0	; --%	; --%	;0	;Disminuir por100.0%	;Disminuir por100.0%	;0	; --%	; --%	;0	; --%	; --%	;
1122	;07/17 17:00 - 18:00	;0	; --%	; --%	;0	; --%	; --%	;0	; --%	; --%	;0	; --%	; --%	;0	; --%	; --%	;2	;Aumentar por100.0%	;Sin cambios	;0	; --%	; --%	;0	; --%	; --%	;
1123	;07/17 18:00 - 19:00	;0	; --%	; --%	;0	; --%	; --%	;0	; --%	; --%	;2	; --%	; --%	;0	; --%	; --%	;1	;Sin cambios	;Disminuir por50.0%	;0	; --%	; --%	;0	; --%	; --%	;
1124	;07/17 19:00 - 20:00	;0	; --%	; --%	;0	; --%	; --%	;0	; --%	; --%	;0	; --%	; --%	;0	; --%	; --%	;0	;Disminuir por100.0%	; --%	;0	; --%	; --%	;0	; --%	; --%	;
1125	;07/17 20:00 - 21:00	;0	; --%	; --%	;0	; --%	; --%	;0	; --%	; --%	;0	; --%	; --%	;0	; --%	; --%	;0	;Disminuir por100.0%	; --%	;0	; --%	; --%	;0	; --%	; --%	;
1126	;07/17 21:00 - 22:00	;0	; --%	; --%	;0	; --%	; --%	;0	; --%	; --%	;0	; --%	; --%	;0	; --%	; --%	;0	; --%	; --%	;0	; --%	; --%	;0	; --%	; --%	;
1127	;07/17 22:00 - 23:00	;0	; --%	; --%	;0	; --%	; --%	;0	; --%	; --%	;0	; --%	; --%	;0	; --%	; --%	;0	;Disminuir por100.0%	; --%	;0	; --%	; --%	;0	; --%	; --%	;
1128	;07/17 23:00 - 24:00	;0	; --%	; --%	;0	; --%	; --%	;0	; --%	; --%	;0	; --%	; --%	;0	; --%	; --%	;0	; --%	; --%	;0	; --%	; --%	;0	; --%	; --%	;
1129	;07/18 00:00 - 01:00	;0	; --%	; --%	;0	; --%	; --%	;0	; --%	; --%	;0	; --%	; --%	;0	; --%	; --%	;0	; --%	; --%	;0	; --%	; --%	;0	; --%	; --%	;
1130	;07/18 01:00 - 02:00	;0	; --%	; --%	;0	; --%	; --%	;0	; --%	; --%	;0	; --%	; --%	;0	; --%	; --%	;0	; --%	; --%	;0	; --%	; --%	;0	; --%	; --%	;
1131	;07/18 02:00 - 03:00	;0	; --%	; --%	;0	; --%	; --%	;0	; --%	; --%	;0	; --%	;Disminuir por100.0%	;0	; --%	; --%	;0	; --%	; --%	;0	; --%	; --%	;0	; --%	; --%	;
1132	;07/18 03:00 - 04:00	;0	; --%	; --%	;0	; --%	; --%	;0	; --%	; --%	;0	; --%	; --%	;0	; --%	; --%	;0	; --%	; --%	;0	; --%	; --%	;1	;Sin cambios	;Sin cambios	;
1133	;07/18 04:00 - 05:00	;0	; --%	; --%	;0	; --%	; --%	;0	; --%	; --%	;0	; --%	; --%	;0	; --%	; --%	;0	; --%	;Disminuir por100.0%	;0	; --%	; --%	;0	; --%	; --%	;
1134	;07/18 05:00 - 06:00	;0	; --%	; --%	;0	; --%	; --%	;0	; --%	; --%	;0	; --%	; --%	;0	; --%	; --%	;0	; --%	; --%	;0	; --%	; --%	;0	; --%	; --%	;
1135	;07/18 06:00 - 07:00	;0	; --%	; --%	;0	; --%	; --%	;0	; --%	; --%	;0	; --%	; --%	;0	; --%	; --%	;0	;Disminuir por100.0%	; --%	;0	; --%	; --%	;0	; --%	; --%	;
1136	;07/18 07:00 - 08:00	;0	; --%	; --%	;0	; --%	; --%	;0	; --%	; --%	;0	;Disminuir por100.0%	; --%	;0	; --%	; --%	;1	;Disminuir por75.0%	; --%	;0	; --%	; --%	;0	; --%	; --%	;
1137	;07/18 08:00 - 09:00	;0	; --%	; --%	;0	; --%	; --%	;0	;Disminuir por100.0%	; --%	;0	;Disminuir por100.0%	; --%	;0	; --%	; --%	;2	;Aumentar por100.0%	; --%	;0	; --%	; --%	;0	; --%	; --%	;
1138	;07/18 09:00 - 10:00	;0	; --%	; --%	;0	; --%	; --%	;0	;Disminuir por100.0%	; --%	;0	;Disminuir por100.0%	; --%	;0	; --%	; --%	;3	;Disminuir por40.0%	; --%	;0	; --%	; --%	;0	; --%	; --%	;
1139	;07/18 10:00 - 11:00	;0	; --%	; --%	;0	; --%	; --%	;0	; --%	; --%	;0	; --%	; --%	;0	; --%	; --%	;3	;Sin cambios	; --%	;0	; --%	; --%	;0	; --%	; --%	;
1140	;07/18 11:00 - 12:00	;0	; --%	; --%	;0	; --%	; --%	;0	; --%	; --%	;0	; --%	; --%	;0	; --%	; --%	;3	;Disminuir por25.0%	; --%	;0	; --%	; --%	;0	; --%	; --%	;
1141	;07/18 12:00 - 13:00	;0	; --%	; --%	;0	; --%	; --%	;0	; --%	; --%	;0	; --%	; --%	;0	; --%	; --%	;0	;Disminuir por100.0%	; --%	;0	; --%	; --%	;0	; --%	; --%	;
1142	;07/18 13:00 - 14:00	;0	; --%	; --%	;0	; --%	; --%	;0	; --%	; --%	;0	;Disminuir por100.0%	; --%	;0	; --%	; --%	;2	;Disminuir por50.0%	; --%	;0	; --%	; --%	;0	; --%	; --%	;
1143	;07/18 14:00 - 15:00	;0	; --%	; --%	;0	; --%	; --%	;0	; --%	; --%	;0	; --%	; --%	;0	; --%	; --%	;1	;Sin cambios	; --%	;0	; --%	; --%	;0	; --%	; --%	;
1144	;07/18 15:00 - 16:00	;0	; --%	; --%	;0	; --%	; --%	;0	; --%	; --%	;0	; --%	; --%	;0	; --%	; --%	;2	;Sin cambios	; --%	;0	; --%	; --%	;0	; --%	; --%	;
1145	;07/18 16:00 - 17:00	;0	; --%	; --%	;0	; --%	; --%	;0	; --%	; --%	;0	; --%	; --%	;0	; --%	; --%	;0	;Disminuir por100.0%	; --%	;0	; --%	; --%	;0	; --%	; --%	;
1146	;07/18 17:00 - 18:00	;0	; --%	; --%	;0	; --%	; --%	;0	; --%	; --%	;0	;Disminuir por100.0%	; --%	;0	; --%	; --%	;0	;Disminuir por100.0%	; --%	;0	; --%	; --%	;0	; --%	; --%	;
1147	;07/18 18:00 - 19:00	;0	; --%	; --%	;0	; --%	; --%	;0	; --%	; --%	;0	; --%	; --%	;0	; --%	; --%	;0	;Disminuir por100.0%	; --%	;0	; --%	; --%	;0	; --%	; --%	;
1148	;07/18 19:00 - 20:00	;0	; --%	; --%	;0	; --%	; --%	;0	; --%	; --%	;0	;Disminuir por100.0%	; --%	;0	; --%	; --%	;0	;Disminuir por100.0%	; --%	;0	; --%	; --%	;0	; --%	; --%	;
1149	;07/18 20:00 - 21:00	;0	; --%	; --%	;0	; --%	; --%	;0	; --%	; --%	;0	; --%	; --%	;0	; --%	; --%	;0	;Disminuir por100.0%	; --%	;0	; --%	; --%	;0	; --%	; --%	;
1150	;07/18 21:00 - 22:00	;0	; --%	; --%	;0	; --%	; --%	;0	; --%	; --%	;0	; --%	; --%	;0	; --%	; --%	;0	; --%	; --%	;0	; --%	; --%	;0	; --%	; --%	;
1151	;07/18 22:00 - 23:00	;0	; --%	; --%	;0	; --%	; --%	;0	; --%	; --%	;0	; --%	; --%	;0	; --%	; --%	;0	; --%	; --%	;0	; --%	; --%	;0	; --%	; --%	;
1152	;07/18 23:00 - 24:00	;0	; --%	; --%	;0	; --%	; --%	;0	; --%	; --%	;0	; --%	; --%	;0	; --%	; --%	;0	; --%	; --%	;0	; --%	; --%	;0	; --%	; --%	;
1153	;07/19 00:00 - 01:00	;0	; --%	; --%	;0	; --%	; --%	;0	; --%	; --%	;0	; --%	; --%	;0	; --%	; --%	;0	; --%	; --%	;0	; --%	; --%	;0	; --%	; --%	;
1154	;07/19 01:00 - 02:00	;0	; --%	; --%	;0	; --%	; --%	;0	; --%	; --%	;0	; --%	; --%	;0	;Disminuir por100.0%	; --%	;0	; --%	; --%	;0	; --%	; --%	;0	; --%	; --%	;
1155	;07/19 02:00 - 03:00	;0	; --%	; --%	;0	; --%	; --%	;0	; --%	; --%	;0	; --%	; --%	;1	; --%	; --%	;2	; --%	; --%	;0	; --%	; --%	;1	; --%	; --%	;
1156	;07/19 03:00 - 04:00	;0	; --%	; --%	;0	; --%	; --%	;0	; --%	; --%	;0	; --%	; --%	;0	; --%	; --%	;0	; --%	; --%	;0	; --%	; --%	;0	; --%	; --%	;
1157	;07/19 04:00 - 05:00	;0	; --%	; --%	;0	; --%	; --%	;0	; --%	; --%	;0	; --%	; --%	;0	; --%	; --%	;0	; --%	; --%	;0	; --%	; --%	;0	;Disminuir por100.0%	; --%	;
1158	;07/19 05:00 - 06:00	;0	; --%	; --%	;0	; --%	; --%	;0	; --%	; --%	;0	; --%	; --%	;0	; --%	; --%	;0	; --%	; --%	;0	; --%	; --%	;0	; --%	; --%	;
1159	;07/19 06:00 - 07:00	;0	; --%	; --%	;0	; --%	; --%	;0	; --%	; --%	;0	; --%	; --%	;0	; --%	; --%	;0	; --%	; --%	;0	; --%	; --%	;0	; --%	; --%	;
1160	;07/19 07:00 - 08:00	;0	; --%	; --%	;0	; --%	; --%	;0	; --%	; --%	;0	; --%	; --%	;0	; --%	; --%	;2	; --%	; --%	;0	; --%	; --%	;0	; --%	; --%	;
1161	;07/19 08:00 - 09:00	;0	; --%	; --%	;0	; --%	; --%	;0	; --%	; --%	;0	; --%	; --%	;0	; --%	; --%	;1	;Disminuir por50.0%	; --%	;0	; --%	; --%	;0	; --%	; --%	;
1162	;07/19 09:00 - 10:00	;0	; --%	; --%	;0	; --%	; --%	;0	; --%	; --%	;0	; --%	; --%	;1	; --%	; --%	;4	;Aumentar por33.3%	; --%	;0	; --%	; --%	;0	; --%	; --%	;
1163	;07/19 10:00 - 11:00	;0	; --%	; --%	;0	; --%	; --%	;0	; --%	; --%	;0	;Disminuir por100.0%	; --%	;0	; --%	; --%	;3	;Disminuir por25.0%	; --%	;0	; --%	; --%	;0	; --%	; --%	;
1164	;07/19 11:00 - 12:00	;0	; --%	; --%	;0	; --%	; --%	;0	; --%	; --%	;0	; --%	; --%	;0	; --%	; --%	;0	;Disminuir por100.0%	; --%	;0	; --%	; --%	;0	; --%	; --%	;
1165	;07/19 12:00 - 13:00	;0	; --%	; --%	;0	; --%	; --%	;0	; --%	; --%	;0	; --%	; --%	;0	; --%	; --%	;0	;Disminuir por100.0%	; --%	;0	; --%	; --%	;0	; --%	; --%	;
1166	;07/19 13:00 - 14:00	;0	; --%	; --%	;0	; --%	; --%	;0	; --%	; --%	;0	;Disminuir por100.0%	; --%	;0	; --%	; --%	;2	;Aumentar por100.0%	; --%	;0	; --%	; --%	;0	; --%	; --%	;
1167	;07/19 14:00 - 15:00	;0	; --%	; --%	;0	; --%	; --%	;0	; --%	; --%	;0	; --%	; --%	;0	; --%	; --%	;2	;Aumentar por100.0%	; --%	;0	; --%	; --%	;0	; --%	; --%	;
1168	;07/19 15:00 - 16:00	;0	; --%	; --%	;0	; --%	; --%	;0	; --%	; --%	;0	; --%	; --%	;0	; --%	; --%	;0	;Disminuir por100.0%	; --%	;0	; --%	; --%	;0	; --%	; --%	;
1169	;07/19 16:00 - 17:00	;0	; --%	; --%	;0	; --%	; --%	;0	; --%	; --%	;0	;Disminuir por100.0%	; --%	;0	; --%	; --%	;1	; --%	; --%	;0	; --%	; --%	;0	; --%	; --%	;
1170	;07/19 17:00 - 18:00	;0	; --%	; --%	;0	; --%	; --%	;0	; --%	; --%	;0	; --%	; --%	;0	; --%	; --%	;3	; --%	; --%	;0	; --%	; --%	;0	; --%	; --%	;
1171	;07/19 18:00 - 19:00	;0	; --%	; --%	;0	; --%	; --%	;0	; --%	; --%	;0	; --%	; --%	;0	; --%	; --%	;0	;Disminuir por100.0%	; --%	;0	; --%	; --%	;0	; --%	; --%	;
1172	;07/19 19:00 - 20:00	;0	; --%	; --%	;0	; --%	; --%	;0	; --%	; --%	;0	; --%	; --%	;0	; --%	; --%	;0	; --%	; --%	;0	; --%	; --%	;0	; --%	; --%	;
1173	;07/19 20:00 - 21:00	;0	; --%	; --%	;0	; --%	; --%	;0	; --%	; --%	;0	; --%	; --%	;0	; --%	; --%	;0	; --%	; --%	;0	; --%	; --%	;0	; --%	; --%	;
1174	;07/19 21:00 - 22:00	;0	; --%	; --%	;0	; --%	; --%	;0	; --%	; --%	;0	; --%	; --%	;0	; --%	; --%	;0	; --%	; --%	;0	; --%	; --%	;0	; --%	; --%	;
1175	;07/19 22:00 - 23:00	;0	; --%	; --%	;0	; --%	; --%	;0	; --%	; --%	;0	; --%	; --%	;0	; --%	; --%	;0	; --%	; --%	;0	; --%	; --%	;0	; --%	; --%	;
1176	;07/19 23:00 - 24:00	;0	; --%	; --%	;0	; --%	; --%	;0	; --%	; --%	;0	; --%	; --%	;0	; --%	; --%	;0	; --%	; --%	;0	; --%	; --%	;0	; --%	; --%	;
1177	;07/20 00:00 - 01:00	;0	; --%	; --%	;0	; --%	; --%	;0	; --%	; --%	;0	; --%	; --%	;0	; --%	; --%	;0	; --%	; --%	;0	; --%	; --%	;0	; --%	; --%	;
1178	;07/20 01:00 - 02:00	;0	; --%	; --%	;0	; --%	; --%	;0	; --%	; --%	;0	; --%	; --%	;0	; --%	; --%	;0	; --%	; --%	;0	; --%	; --%	;0	; --%	; --%	;
1179	;07/20 02:00 - 03:00	;0	; --%	; --%	;0	; --%	; --%	;0	; --%	; --%	;0	; --%	; --%	;0	; --%	; --%	;2	; --%	; --%	;0	; --%	; --%	;1	; --%	; --%	;
1180	;07/20 03:00 - 04:00	;0	; --%	; --%	;0	; --%	; --%	;0	; --%	; --%	;0	; --%	; --%	;0	; --%	; --%	;1	; --%	; --%	;1	; --%	; --%	;2	;Aumentar por100.0%	; --%	;
1181	;07/20 04:00 - 05:00	;0	; --%	; --%	;0	; --%	; --%	;0	; --%	; --%	;0	; --%	; --%	;0	; --%	; --%	;0	; --%	; --%	;0	; --%	; --%	;0	; --%	; --%	;
1182	;07/20 05:00 - 06:00	;0	; --%	; --%	;0	; --%	; --%	;0	; --%	; --%	;0	; --%	; --%	;0	; --%	; --%	;0	; --%	; --%	;0	; --%	; --%	;0	; --%	; --%	;
1183	;07/20 06:00 - 07:00	;0	; --%	; --%	;0	; --%	; --%	;0	; --%	; --%	;0	; --%	; --%	;0	; --%	; --%	;0	; --%	; --%	;0	; --%	; --%	;0	; --%	; --%	;
1184	;07/20 07:00 - 08:00	;0	; --%	; --%	;0	; --%	; --%	;0	; --%	; --%	;0	; --%	; --%	;0	; --%	; --%	;1	; --%	; --%	;0	; --%	; --%	;0	; --%	; --%	;
1185	;07/20 08:00 - 09:00	;0	; --%	; --%	;0	; --%	; --%	;0	; --%	; --%	;0	; --%	; --%	;0	; --%	; --%	;4	;Aumentar por300.0%	; --%	;0	; --%	; --%	;0	; --%	; --%	;
1186	;07/20 09:00 - 10:00	;0	; --%	; --%	;0	; --%	; --%	;1	; --%	; --%	;1	; --%	; --%	;0	; --%	; --%	;8	;Aumentar por700.0%	; --%	;1	; --%	; --%	;0	; --%	; --%	;
1187	;07/20 10:00 - 11:00	;0	; --%	; --%	;0	; --%	; --%	;0	; --%	; --%	;0	; --%	; --%	;0	; --%	; --%	;3	;Sin cambios	; --%	;0	; --%	; --%	;0	; --%	; --%	;
1188	;07/20 11:00 - 12:00	;0	; --%	; --%	;0	; --%	; --%	;2	; --%	; --%	;2	; --%	; --%	;0	; --%	; --%	;6	; --%	; --%	;2	; --%	; --%	;3	; --%	; --%	;
1189	;07/20 12:00 - 13:00	;0	; --%	; --%	;0	; --%	; --%	;0	; --%	; --%	;0	; --%	; --%	;0	; --%	; --%	;4	;Aumentar por300.0%	; --%	;0	; --%	; --%	;0	; --%	; --%	;
1190	;07/20 13:00 - 14:00	;0	; --%	; --%	;0	; --%	; --%	;0	; --%	; --%	;0	; --%	; --%	;0	; --%	; --%	;3	; --%	; --%	;0	; --%	; --%	;0	; --%	; --%	;
1191	;07/20 14:00 - 15:00	;0	; --%	; --%	;0	; --%	; --%	;0	; --%	; --%	;0	; --%	; --%	;0	; --%	; --%	;1	; --%	; --%	;0	; --%	; --%	;0	; --%	; --%	;
1192	;07/20 15:00 - 16:00	;0	; --%	; --%	;0	; --%	; --%	;0	; --%	; --%	;0	; --%	; --%	;0	; --%	; --%	;0	; --%	; --%	;0	; --%	; --%	;0	; --%	; --%	;
1193	;07/20 16:00 - 17:00	;0	; --%	; --%	;0	; --%	; --%	;0	; --%	; --%	;0	; --%	; --%	;0	; --%	; --%	;2	; --%	; --%	;0	; --%	; --%	;0	; --%	; --%	;
1194	;07/20 17:00 - 18:00	;0	; --%	; --%	;0	; --%	; --%	;0	; --%	; --%	;0	; --%	; --%	;0	;Disminuir por100.0%	; --%	;1	;Disminuir por66.7%	; --%	;0	; --%	; --%	;1	; --%	; --%	;
1195	;07/20 18:00 - 19:00	;0	; --%	; --%	;0	; --%	; --%	;0	; --%	; --%	;0	; --%	; --%	;0	;Disminuir por100.0%	; --%	;0	;Disminuir por100.0%	; --%	;0	; --%	; --%	;0	; --%	; --%	;
1196	;07/20 19:00 - 20:00	;0	; --%	; --%	;0	; --%	; --%	;0	; --%	; --%	;0	; --%	; --%	;0	; --%	; --%	;0	; --%	; --%	;0	; --%	; --%	;0	; --%	; --%	;
1197	;07/20 20:00 - 21:00	;0	; --%	; --%	;0	; --%	; --%	;0	; --%	; --%	;0	; --%	; --%	;0	; --%	; --%	;0	;Disminuir por100.0%	; --%	;0	; --%	; --%	;0	; --%	; --%	;
1198	;07/20 21:00 - 22:00	;0	; --%	; --%	;0	; --%	; --%	;0	; --%	; --%	;0	; --%	; --%	;0	; --%	; --%	;0	;Disminuir por100.0%	; --%	;0	; --%	; --%	;0	; --%	; --%	;
1199	;07/20 22:00 - 23:00	;0	; --%	; --%	;0	; --%	; --%	;0	; --%	; --%	;0	; --%	; --%	;0	; --%	; --%	;0	; --%	; --%	;0	; --%	; --%	;0	; --%	; --%	;
1200	;07/20 23:00 - 24:00	;0	; --%	; --%	;0	; --%	; --%	;0	; --%	; --%	;0	; --%	; --%	;0	; --%	; --%	;0	; --%	; --%	;0	; --%	; --%	;0	; --%	; --%	;
1201	;07/21 00:00 - 01:00	;0	; --%	; --%	;0	; --%	; --%	;0	; --%	; --%	;0	; --%	; --%	;0	; --%	; --%	;0	; --%	; --%	;0	; --%	; --%	;0	; --%	; --%	;
1202	;07/21 01:00 - 02:00	;0	; --%	; --%	;0	; --%	; --%	;0	; --%	; --%	;0	; --%	; --%	;0	; --%	; --%	;1	; --%	; --%	;0	; --%	; --%	;0	; --%	; --%	;
1203	;07/21 02:00 - 03:00	;0	; --%	; --%	;0	; --%	; --%	;0	; --%	; --%	;0	; --%	; --%	;0	; --%	; --%	;0	; --%	; --%	;0	; --%	; --%	;1	; --%	; --%	;
1204	;07/21 03:00 - 04:00	;0	; --%	; --%	;0	; --%	; --%	;0	; --%	; --%	;0	; --%	; --%	;0	; --%	; --%	;0	; --%	; --%	;0	; --%	; --%	;0	; --%	; --%	;
1205	;07/21 04:00 - 05:00	;0	; --%	; --%	;0	; --%	; --%	;0	; --%	; --%	;0	; --%	; --%	;0	; --%	; --%	;0	; --%	; --%	;0	; --%	; --%	;0	;Disminuir por100.0%	; --%	;
1206	;07/21 05:00 - 06:00	;0	; --%	; --%	;0	; --%	; --%	;0	; --%	; --%	;0	; --%	; --%	;0	; --%	; --%	;0	; --%	; --%	;36	; --%	; --%	;37	; --%	; --%	;
1207	;07/21 06:00 - 07:00	;0	; --%	; --%	;0	; --%	; --%	;0	; --%	; --%	;0	; --%	; --%	;0	; --%	; --%	;0	;Disminuir por100.0%	; --%	;0	; --%	; --%	;0	; --%	; --%	;
1208	;07/21 07:00 - 08:00	;0	; --%	; --%	;0	; --%	; --%	;0	; --%	; --%	;0	;Disminuir por100.0%	; --%	;0	; --%	; --%	;2	;Disminuir por33.3%	; --%	;0	; --%	; --%	;0	; --%	; --%	;
1209	;07/21 08:00 - 09:00	;0	; --%	; --%	;0	; --%	; --%	;0	; --%	; --%	;0	; --%	; --%	;0	; --%	; --%	;6	;Aumentar por100.0%	; --%	;0	; --%	; --%	;0	; --%	; --%	;
1210	;07/21 09:00 - 10:00	;0	; --%	; --%	;0	; --%	; --%	;0	; --%	; --%	;0	; --%	; --%	;0	; --%	; --%	;7	;Aumentar por250.0%	; --%	;0	; --%	; --%	;1	; --%	; --%	;
1211	;07/21 10:00 - 11:00	;0	; --%	; --%	;0	; --%	; --%	;0	; --%	; --%	;1	; --%	; --%	;0	; --%	; --%	;2	;Sin cambios	; --%	;0	; --%	; --%	;0	; --%	; --%	;
1212	;07/21 11:00 - 12:00	;0	; --%	; --%	;0	; --%	; --%	;0	; --%	; --%	;0	; --%	; --%	;0	; --%	; --%	;2	;Sin cambios	; --%	;0	; --%	; --%	;0	; --%	; --%	;
1213	;07/21 12:00 - 13:00	;0	; --%	; --%	;0	; --%	; --%	;0	; --%	; --%	;0	; --%	; --%	;0	; --%	; --%	;1	;Disminuir por80.0%	; --%	;0	; --%	; --%	;0	; --%	; --%	;
1214	;07/21 13:00 - 14:00	;0	; --%	; --%	;0	; --%	; --%	;0	; --%	; --%	;0	; --%	; --%	;0	;Disminuir por100.0%	; --%	;0	;Disminuir por100.0%	; --%	;0	; --%	; --%	;0	; --%	; --%	;
1215	;07/21 14:00 - 15:00	;0	; --%	; --%	;0	; --%	; --%	;0	; --%	; --%	;0	; --%	; --%	;0	; --%	; --%	;7	;Aumentar por133.3%	; --%	;0	; --%	; --%	;0	; --%	; --%	;
1216	;07/21 15:00 - 16:00	;0	; --%	; --%	;0	; --%	; --%	;0	; --%	; --%	;0	; --%	; --%	;0	; --%	; --%	;1	;Disminuir por83.3%	; --%	;0	; --%	; --%	;0	; --%	; --%	;
1217	;07/21 16:00 - 17:00	;0	; --%	; --%	;0	; --%	; --%	;0	; --%	; --%	;1	; --%	; --%	;0	; --%	; --%	;1	;Disminuir por66.7%	; --%	;0	; --%	; --%	;1	; --%	; --%	;
1218	;07/21 17:00 - 18:00	;0	; --%	; --%	;0	; --%	; --%	;0	; --%	; --%	;0	; --%	; --%	;0	; --%	; --%	;4	;Sin cambios	; --%	;0	; --%	; --%	;0	; --%	; --%	;
1219	;07/21 18:00 - 19:00	;0	; --%	; --%	;0	; --%	; --%	;0	; --%	; --%	;1	; --%	; --%	;0	; --%	; --%	;0	;Disminuir por100.0%	; --%	;0	; --%	; --%	;0	; --%	; --%	;
1220	;07/21 19:00 - 20:00	;0	; --%	; --%	;0	; --%	; --%	;0	; --%	; --%	;0	; --%	; --%	;0	; --%	; --%	;0	;Disminuir por100.0%	; --%	;0	; --%	; --%	;0	; --%	; --%	;
1221	;07/21 20:00 - 21:00	;0	; --%	; --%	;0	; --%	; --%	;0	; --%	; --%	;0	; --%	; --%	;0	; --%	; --%	;0	; --%	; --%	;0	; --%	; --%	;0	; --%	; --%	;
1222	;07/21 21:00 - 22:00	;0	; --%	; --%	;0	; --%	; --%	;0	; --%	; --%	;0	; --%	; --%	;0	; --%	; --%	;0	;Disminuir por100.0%	; --%	;0	; --%	; --%	;0	; --%	; --%	;
1223	;07/21 22:00 - 23:00	;0	; --%	; --%	;0	; --%	; --%	;0	; --%	; --%	;0	; --%	; --%	;0	; --%	; --%	;0	; --%	; --%	;0	; --%	; --%	;0	;Disminuir por100.0%	; --%	;
1224	;07/21 23:00 - 24:00	;0	; --%	; --%	;0	; --%	; --%	;0	; --%	; --%	;0	; --%	; --%	;0	; --%	; --%	;0	;Disminuir por100.0%	; --%	;0	; --%	; --%	;0	; --%	; --%	;
1225	;07/22 00:00 - 01:00	;0	; --%	; --%	;0	; --%	; --%	;0	; --%	; --%	;0	; --%	; --%	;0	; --%	; --%	;0	; --%	; --%	;0	; --%	; --%	;0	; --%	; --%	;
1226	;07/22 01:00 - 02:00	;0	; --%	; --%	;0	; --%	; --%	;0	; --%	; --%	;0	; --%	; --%	;0	; --%	; --%	;0	; --%	; --%	;0	; --%	; --%	;0	; --%	; --%	;
1227	;07/22 02:00 - 03:00	;0	; --%	; --%	;0	; --%	; --%	;0	; --%	; --%	;0	; --%	; --%	;0	; --%	; --%	;0	; --%	; --%	;0	; --%	; --%	;0	; --%	; --%	;
1228	;07/22 03:00 - 04:00	;0	; --%	; --%	;0	; --%	; --%	;0	; --%	; --%	;0	; --%	; --%	;0	; --%	; --%	;0	; --%	; --%	;5	; --%	; --%	;6	;Aumentar por500.0%	; --%	;
1229	;07/22 04:00 - 05:00	;0	; --%	; --%	;0	; --%	; --%	;0	; --%	; --%	;0	; --%	; --%	;0	; --%	; --%	;1	; --%	; --%	;0	; --%	; --%	;0	; --%	; --%	;
1230	;07/22 05:00 - 06:00	;0	; --%	; --%	;0	; --%	; --%	;0	; --%	; --%	;0	; --%	; --%	;0	; --%	; --%	;0	; --%	; --%	;0	; --%	; --%	;0	; --%	; --%	;
1231	;07/22 06:00 - 07:00	;0	; --%	; --%	;0	; --%	; --%	;0	; --%	; --%	;0	; --%	; --%	;0	; --%	; --%	;0	;Disminuir por100.0%	; --%	;0	; --%	; --%	;0	; --%	; --%	;
1232	;07/22 07:00 - 08:00	;0	; --%	; --%	;0	; --%	; --%	;0	; --%	; --%	;0	; --%	; --%	;0	; --%	; --%	;3	; --%	; --%	;0	; --%	; --%	;0	; --%	; --%	;
1233	;07/22 08:00 - 09:00	;0	; --%	; --%	;0	; --%	; --%	;1	; --%	; --%	;2	;Aumentar por100.0%	; --%	;0	; --%	; --%	;4	;Aumentar por300.0%	; --%	;0	; --%	; --%	;0	; --%	; --%	;
1234	;07/22 09:00 - 10:00	;0	; --%	; --%	;0	; --%	; --%	;1	; --%	; --%	;0	; --%	; --%	;0	; --%	; --%	;3	;Disminuir por50.0%	; --%	;3	; --%	; --%	;1	; --%	; --%	;
1235	;07/22 10:00 - 11:00	;0	; --%	; --%	;0	; --%	; --%	;0	; --%	; --%	;0	; --%	; --%	;0	; --%	; --%	;4	;Disminuir por33.3%	; --%	;1	; --%	; --%	;2	; --%	; --%	;
1236	;07/22 11:00 - 12:00	;0	; --%	; --%	;0	; --%	; --%	;0	; --%	; --%	;0	; --%	; --%	;0	; --%	; --%	;5	;Aumentar por25.0%	; --%	;0	; --%	; --%	;0	; --%	; --%	;
1237	;07/22 12:00 - 13:00	;0	; --%	; --%	;0	; --%	; --%	;0	; --%	; --%	;0	; --%	; --%	;0	; --%	; --%	;5	; --%	; --%	;0	; --%	; --%	;0	; --%	; --%	;
1238	;07/22 13:00 - 14:00	;0	; --%	; --%	;0	; --%	; --%	;0	; --%	; --%	;0	; --%	; --%	;0	; --%	; --%	;5	;Aumentar por150.0%	; --%	;0	; --%	; --%	;1	; --%	; --%	;
1239	;07/22 14:00 - 15:00	;0	; --%	; --%	;0	; --%	; --%	;0	; --%	; --%	;0	; --%	; --%	;1	; --%	; --%	;2	;Sin cambios	; --%	;0	; --%	; --%	;0	; --%	; --%	;
1240	;07/22 15:00 - 16:00	;0	; --%	; --%	;0	; --%	; --%	;0	; --%	; --%	;0	;Disminuir por100.0%	; --%	;0	; --%	; --%	;2	;Aumentar por100.0%	; --%	;0	; --%	; --%	;0	; --%	; --%	;
1241	;07/22 16:00 - 17:00	;0	; --%	; --%	;0	; --%	; --%	;0	; --%	; --%	;0	; --%	; --%	;0	; --%	; --%	;1	;Disminuir por66.7%	; --%	;0	; --%	; --%	;0	; --%	; --%	;
1242	;07/22 17:00 - 18:00	;0	; --%	; --%	;0	; --%	; --%	;0	; --%	; --%	;0	; --%	; --%	;0	; --%	; --%	;4	;Aumentar por100.0%	; --%	;0	; --%	; --%	;0	; --%	; --%	;
1243	;07/22 18:00 - 19:00	;0	; --%	; --%	;0	; --%	; --%	;0	; --%	; --%	;0	; --%	; --%	;0	; --%	; --%	;0	; --%	; --%	;0	; --%	; --%	;0	; --%	; --%	;
1244	;07/22 19:00 - 20:00	;0	; --%	; --%	;0	; --%	; --%	;0	; --%	; --%	;0	; --%	; --%	;0	; --%	; --%	;0	; --%	; --%	;0	; --%	; --%	;0	; --%	; --%	;
1245	;07/22 20:00 - 21:00	;0	; --%	; --%	;0	; --%	; --%	;0	; --%	; --%	;0	; --%	; --%	;0	; --%	; --%	;0	;Disminuir por100.0%	; --%	;0	; --%	; --%	;0	; --%	; --%	;
1246	;07/22 21:00 - 22:00	;0	; --%	; --%	;0	; --%	; --%	;0	; --%	; --%	;0	; --%	; --%	;0	; --%	; --%	;0	; --%	; --%	;0	; --%	; --%	;0	; --%	; --%	;
1247	;07/22 22:00 - 23:00	;0	; --%	; --%	;0	; --%	; --%	;0	; --%	; --%	;0	; --%	; --%	;0	; --%	; --%	;0	; --%	; --%	;0	; --%	; --%	;0	; --%	; --%	;
1248	;07/22 23:00 - 24:00	;0	; --%	; --%	;0	; --%	; --%	;0	; --%	; --%	;0	; --%	; --%	;0	; --%	; --%	;0	; --%	; --%	;0	; --%	; --%	;0	; --%	; --%	;
1249	;07/23 00:00 - 01:00	;0	; --%	; --%	;0	; --%	; --%	;0	; --%	; --%	;0	; --%	; --%	;0	; --%	; --%	;0	; --%	; --%	;0	; --%	; --%	;0	; --%	; --%	;
1250	;07/23 01:00 - 02:00	;0	; --%	; --%	;0	; --%	; --%	;0	; --%	; --%	;0	; --%	; --%	;0	; --%	; --%	;0	; --%	; --%	;0	; --%	; --%	;0	; --%	; --%	;
1251	;07/23 02:00 - 03:00	;0	; --%	; --%	;0	; --%	; --%	;0	; --%	; --%	;0	; --%	; --%	;0	; --%	; --%	;0	; --%	; --%	;1	; --%	; --%	;2	; --%	; --%	;
1252	;07/23 03:00 - 04:00	;0	; --%	; --%	;0	; --%	; --%	;0	; --%	; --%	;0	; --%	; --%	;0	; --%	; --%	;0	; --%	; --%	;0	; --%	; --%	;0	; --%	; --%	;
1253	;07/23 04:00 - 05:00	;0	; --%	; --%	;0	; --%	; --%	;0	; --%	; --%	;0	; --%	; --%	;0	; --%	; --%	;0	; --%	; --%	;0	; --%	; --%	;0	; --%	; --%	;
1254	;07/23 05:00 - 06:00	;0	; --%	; --%	;0	; --%	; --%	;0	; --%	; --%	;0	; --%	; --%	;0	; --%	; --%	;0	; --%	; --%	;0	; --%	; --%	;0	; --%	; --%	;
1255	;07/23 06:00 - 07:00	;0	; --%	; --%	;1	; --%	; --%	;0	; --%	; --%	;0	; --%	; --%	;0	; --%	; --%	;0	;Disminuir por100.0%	; --%	;0	; --%	; --%	;0	;Disminuir por100.0%	; --%	;
1256	;07/23 07:00 - 08:00	;0	; --%	; --%	;0	; --%	; --%	;0	; --%	; --%	;0	; --%	; --%	;0	; --%	; --%	;1	;Sin cambios	; --%	;0	; --%	; --%	;0	; --%	; --%	;
1257	;07/23 08:00 - 09:00	;0	; --%	; --%	;0	; --%	; --%	;0	; --%	; --%	;1	; --%	; --%	;0	; --%	; --%	;5	;Aumentar por25.0%	; --%	;0	; --%	; --%	;1	; --%	; --%	;
1258	;07/23 09:00 - 10:00	;0	; --%	; --%	;0	; --%	; --%	;1	; --%	; --%	;0	; --%	; --%	;0	; --%	; --%	;1	;Disminuir por83.3%	; --%	;0	; --%	; --%	;1	; --%	; --%	;
1259	;07/23 10:00 - 11:00	;0	; --%	; --%	;0	; --%	; --%	;0	; --%	; --%	;1	; --%	; --%	;0	; --%	; --%	;8	;Aumentar por166.7%	; --%	;0	; --%	; --%	;0	; --%	; --%	;
1260	;07/23 11:00 - 12:00	;0	; --%	; --%	;0	; --%	; --%	;1	; --%	; --%	;2	; --%	; --%	;0	;Disminuir por100.0%	; --%	;4	;Disminuir por42.9%	; --%	;0	; --%	; --%	;0	; --%	; --%	;
1261	;07/23 12:00 - 13:00	;0	; --%	; --%	;0	; --%	; --%	;0	; --%	; --%	;0	;Disminuir por100.0%	; --%	;0	; --%	; --%	;3	;Disminuir por66.7%	; --%	;0	; --%	; --%	;0	;Disminuir por100.0%	; --%	;
1262	;07/23 13:00 - 14:00	;0	; --%	; --%	;0	; --%	; --%	;0	; --%	; --%	;0	; --%	; --%	;0	; --%	; --%	;3	;Sin cambios	; --%	;0	; --%	; --%	;0	; --%	; --%	;
1263	;07/23 14:00 - 15:00	;0	; --%	; --%	;0	; --%	; --%	;0	; --%	; --%	;0	; --%	; --%	;0	; --%	; --%	;3	;Disminuir por40.0%	; --%	;0	; --%	; --%	;0	; --%	; --%	;
1264	;07/23 15:00 - 16:00	;0	; --%	; --%	;0	; --%	; --%	;0	; --%	; --%	;0	; --%	; --%	;0	; --%	; --%	;4	;Aumentar por300.0%	; --%	;0	; --%	; --%	;0	; --%	; --%	;
1265	;07/23 16:00 - 17:00	;0	; --%	; --%	;0	; --%	; --%	;0	; --%	; --%	;0	; --%	; --%	;0	; --%	; --%	;0	;Disminuir por100.0%	; --%	;0	; --%	; --%	;0	; --%	; --%	;
1266	;07/23 17:00 - 18:00	;0	; --%	; --%	;0	; --%	; --%	;0	; --%	; --%	;0	; --%	; --%	;0	; --%	; --%	;2	;Aumentar por100.0%	; --%	;0	; --%	; --%	;0	; --%	; --%	;
1267	;07/23 18:00 - 19:00	;0	; --%	; --%	;0	; --%	; --%	;0	; --%	; --%	;0	; --%	; --%	;0	; --%	; --%	;0	;Disminuir por100.0%	; --%	;0	; --%	; --%	;0	; --%	; --%	;
1268	;07/23 19:00 - 20:00	;0	; --%	; --%	;0	; --%	; --%	;0	; --%	; --%	;0	; --%	; --%	;0	; --%	; --%	;0	;Disminuir por100.0%	; --%	;0	; --%	; --%	;0	; --%	; --%	;
1269	;07/23 20:00 - 21:00	;0	; --%	; --%	;0	; --%	; --%	;0	; --%	; --%	;0	; --%	; --%	;0	; --%	; --%	;0	; --%	; --%	;0	; --%	; --%	;0	; --%	; --%	;
1270	;07/23 21:00 - 22:00	;0	; --%	; --%	;0	; --%	; --%	;0	; --%	; --%	;0	; --%	; --%	;0	; --%	; --%	;0	; --%	; --%	;0	; --%	; --%	;0	; --%	; --%	;
1271	;07/23 22:00 - 23:00	;0	; --%	; --%	;0	; --%	; --%	;0	; --%	; --%	;0	; --%	; --%	;0	;Disminuir por100.0%	; --%	;0	;Disminuir por100.0%	; --%	;0	; --%	; --%	;0	; --%	; --%	;
1272	;07/23 23:00 - 24:00	;0	; --%	; --%	;0	; --%	; --%	;0	; --%	; --%	;0	; --%	; --%	;0	; --%	; --%	;0	; --%	; --%	;0	; --%	; --%	;0	; --%	; --%	;
1273	;07/24 00:00 - 01:00	;0	; --%	; --%	;0	; --%	; --%	;0	; --%	; --%	;0	; --%	; --%	;0	; --%	; --%	;0	; --%	; --%	;0	; --%	; --%	;0	; --%	; --%	;
1274	;07/24 01:00 - 02:00	;0	; --%	; --%	;0	; --%	; --%	;0	; --%	; --%	;0	; --%	; --%	;0	; --%	; --%	;1	; --%	; --%	;0	;Disminuir por100.0%	; --%	;0	;Disminuir por100.0%	; --%	;
1275	;07/24 02:00 - 03:00	;1	; --%	; --%	;0	; --%	; --%	;0	; --%	; --%	;0	; --%	; --%	;0	; --%	; --%	;0	; --%	; --%	;1	; --%	; --%	;2	;Aumentar por100.0%	; --%	;
1276	;07/24 03:00 - 04:00	;0	; --%	; --%	;0	; --%	; --%	;0	; --%	; --%	;0	; --%	; --%	;0	;Disminuir por100.0%	; --%	;0	;Disminuir por100.0%	; --%	;0	; --%	; --%	;0	; --%	; --%	;
1277	;07/24 04:00 - 05:00	;0	; --%	; --%	;0	; --%	; --%	;0	; --%	; --%	;0	; --%	; --%	;0	; --%	; --%	;0	; --%	; --%	;0	; --%	; --%	;0	; --%	; --%	;
1278	;07/24 05:00 - 06:00	;0	; --%	; --%	;0	; --%	; --%	;0	; --%	; --%	;0	; --%	; --%	;0	; --%	; --%	;0	; --%	; --%	;0	; --%	; --%	;1	; --%	; --%	;
1279	;07/24 06:00 - 07:00	;0	; --%	; --%	;0	; --%	; --%	;0	; --%	; --%	;0	; --%	; --%	;0	; --%	; --%	;0	; --%	; --%	;0	;Disminuir por100.0%	; --%	;0	;Disminuir por100.0%	; --%	;
1280	;07/24 07:00 - 08:00	;0	; --%	; --%	;0	; --%	; --%	;0	; --%	; --%	;1	; --%	; --%	;0	; --%	; --%	;3	; --%	; --%	;0	; --%	; --%	;0	; --%	; --%	;
1281	;07/24 08:00 - 09:00	;0	; --%	; --%	;0	; --%	; --%	;0	; --%	; --%	;1	; --%	; --%	;0	; --%	; --%	;3	;Sin cambios	; --%	;0	; --%	; --%	;0	; --%	; --%	;
1282	;07/24 09:00 - 10:00	;0	; --%	; --%	;0	; --%	; --%	;0	; --%	; --%	;0	;Disminuir por100.0%	; --%	;0	; --%	; --%	;2	;Sin cambios	; --%	;0	; --%	; --%	;1	;Sin cambios	; --%	;
1283	;07/24 10:00 - 11:00	;0	; --%	; --%	;0	; --%	; --%	;0	; --%	; --%	;2	; --%	; --%	;0	; --%	; --%	;3	;Sin cambios	; --%	;0	; --%	; --%	;0	; --%	; --%	;
1284	;07/24 11:00 - 12:00	;0	; --%	; --%	;0	; --%	; --%	;0	; --%	; --%	;0	; --%	; --%	;0	; --%	; --%	;6	;Aumentar por200.0%	; --%	;0	; --%	; --%	;0	; --%	; --%	;
1285	;07/24 12:00 - 13:00	;0	; --%	; --%	;0	; --%	; --%	;0	; --%	; --%	;0	; --%	; --%	;0	; --%	; --%	;4	;Sin cambios	; --%	;0	; --%	; --%	;0	; --%	; --%	;
1286	;07/24 13:00 - 14:00	;0	; --%	; --%	;0	; --%	; --%	;0	; --%	; --%	;1	; --%	; --%	;0	; --%	; --%	;4	;Aumentar por100.0%	; --%	;0	; --%	; --%	;0	; --%	; --%	;
1287	;07/24 14:00 - 15:00	;0	; --%	; --%	;0	; --%	; --%	;0	; --%	; --%	;0	; --%	; --%	;0	; --%	; --%	;5	;Aumentar por25.0%	; --%	;0	; --%	; --%	;0	; --%	; --%	;
1288	;07/24 15:00 - 16:00	;0	; --%	; --%	;0	; --%	; --%	;0	; --%	; --%	;0	; --%	; --%	;0	; --%	; --%	;2	;Disminuir por33.3%	; --%	;0	; --%	; --%	;0	; --%	; --%	;
1289	;07/24 16:00 - 17:00	;0	; --%	; --%	;0	; --%	; --%	;0	; --%	; --%	;0	; --%	; --%	;0	; --%	; --%	;2	;Disminuir por50.0%	; --%	;0	; --%	; --%	;0	; --%	; --%	;
1290	;07/24 17:00 - 18:00	;0	; --%	; --%	;0	; --%	; --%	;0	; --%	; --%	;0	; --%	; --%	;0	; --%	; --%	;1	;Disminuir por50.0%	; --%	;0	; --%	; --%	;0	; --%	; --%	;
1291	;07/24 18:00 - 19:00	;0	; --%	; --%	;0	; --%	; --%	;0	; --%	; --%	;0	; --%	; --%	;0	; --%	; --%	;0	;Disminuir por100.0%	; --%	;0	; --%	; --%	;0	; --%	; --%	;
1292	;07/24 19:00 - 20:00	;0	; --%	; --%	;0	; --%	; --%	;0	; --%	; --%	;0	; --%	; --%	;0	; --%	; --%	;0	; --%	; --%	;0	; --%	; --%	;0	; --%	; --%	;
1293	;07/24 20:00 - 21:00	;0	; --%	; --%	;0	; --%	; --%	;0	; --%	; --%	;0	; --%	; --%	;0	; --%	; --%	;0	;Disminuir por100.0%	; --%	;0	; --%	; --%	;0	; --%	; --%	;
1294	;07/24 21:00 - 22:00	;0	; --%	; --%	;0	; --%	; --%	;0	; --%	; --%	;0	; --%	; --%	;0	; --%	; --%	;0	; --%	; --%	;0	; --%	; --%	;0	; --%	; --%	;
1295	;07/24 22:00 - 23:00	;0	; --%	; --%	;0	; --%	; --%	;0	; --%	; --%	;0	; --%	; --%	;0	; --%	; --%	;0	; --%	; --%	;0	; --%	; --%	;0	; --%	; --%	;
1296	;07/24 23:00 - 24:00	;0	; --%	; --%	;0	; --%	; --%	;0	; --%	; --%	;0	; --%	; --%	;0	; --%	; --%	;0	; --%	; --%	;0	; --%	; --%	;0	; --%	; --%	;
1297	;07/25 00:00 - 01:00	;0	; --%	; --%	;0	; --%	; --%	;0	; --%	; --%	;0	; --%	; --%	;0	; --%	; --%	;0	;Disminuir por100.0%	; --%	;0	; --%	; --%	;0	; --%	; --%	;
1298	;07/25 01:00 - 02:00	;0	; --%	; --%	;0	; --%	; --%	;0	; --%	; --%	;0	; --%	; --%	;0	; --%	; --%	;1	; --%	; --%	;0	; --%	; --%	;0	; --%	; --%	;
1299	;07/25 02:00 - 03:00	;0	; --%	; --%	;1	; --%	; --%	;0	; --%	; --%	;0	; --%	; --%	;0	; --%	; --%	;0	; --%	; --%	;0	;Disminuir por100.0%	; --%	;0	;Disminuir por100.0%	; --%	;
1300	;07/25 03:00 - 04:00	;0	; --%	; --%	;0	; --%	; --%	;0	; --%	; --%	;0	; --%	; --%	;0	; --%	; --%	;0	;Disminuir por100.0%	; --%	;61	; --%	; --%	;63	; --%	; --%	;
1301	;07/25 04:00 - 05:00	;0	; --%	; --%	;0	; --%	; --%	;0	; --%	; --%	;0	; --%	; --%	;0	; --%	; --%	;0	; --%	; --%	;0	; --%	; --%	;1	; --%	; --%	;
1302	;07/25 05:00 - 06:00	;0	; --%	; --%	;2	; --%	; --%	;0	; --%	; --%	;0	; --%	; --%	;0	; --%	; --%	;0	; --%	; --%	;0	; --%	; --%	;0	; --%	; --%	;
1303	;07/25 06:00 - 07:00	;0	; --%	; --%	;0	; --%	; --%	;0	; --%	; --%	;0	; --%	; --%	;0	;Disminuir por100.0%	; --%	;0	;Disminuir por100.0%	; --%	;0	; --%	; --%	;0	; --%	; --%	;
1304	;07/25 07:00 - 08:00	;0	; --%	; --%	;0	; --%	; --%	;0	; --%	; --%	;0	; --%	; --%	;0	; --%	; --%	;3	; --%	; --%	;0	; --%	; --%	;0	; --%	; --%	;
1305	;07/25 08:00 - 09:00	;0	; --%	; --%	;0	; --%	; --%	;0	; --%	; --%	;0	; --%	; --%	;0	; --%	; --%	;4	; --%	; --%	;0	; --%	; --%	;0	; --%	; --%	;
1306	;07/25 09:00 - 10:00	;0	; --%	; --%	;0	; --%	; --%	;0	; --%	; --%	;0	;Disminuir por100.0%	; --%	;0	; --%	; --%	;2	; --%	; --%	;0	; --%	; --%	;0	; --%	; --%	;
1307	;07/25 10:00 - 11:00	;0	; --%	; --%	;0	; --%	; --%	;0	; --%	; --%	;0	; --%	; --%	;0	; --%	; --%	;3	; --%	; --%	;0	; --%	; --%	;0	; --%	; --%	;
1308	;07/25 11:00 - 12:00	;0	; --%	; --%	;0	; --%	; --%	;0	; --%	; --%	;0	; --%	; --%	;0	; --%	; --%	;2	; --%	; --%	;0	; --%	; --%	;0	; --%	; --%	;
1309	;07/25 12:00 - 13:00	;0	; --%	; --%	;0	; --%	; --%	;0	; --%	; --%	;0	; --%	; --%	;0	; --%	; --%	;4	; --%	; --%	;0	; --%	; --%	;0	; --%	; --%	;
1310	;07/25 13:00 - 14:00	;0	; --%	; --%	;0	; --%	; --%	;1	; --%	; --%	;0	; --%	; --%	;0	; --%	; --%	;5	; --%	; --%	;0	; --%	; --%	;0	; --%	; --%	;
1311	;07/25 14:00 - 15:00	;0	; --%	; --%	;0	; --%	; --%	;0	; --%	; --%	;0	; --%	; --%	;0	; --%	; --%	;2	; --%	; --%	;0	; --%	; --%	;0	; --%	; --%	;
1312	;07/25 15:00 - 16:00	;0	; --%	; --%	;0	; --%	; --%	;0	; --%	; --%	;0	; --%	; --%	;0	; --%	; --%	;0	; --%	; --%	;0	; --%	; --%	;0	; --%	; --%	;
1313	;07/25 16:00 - 17:00	;0	; --%	; --%	;0	; --%	; --%	;0	; --%	; --%	;0	; --%	; --%	;0	; --%	; --%	;2	; --%	; --%	;0	; --%	; --%	;0	; --%	; --%	;
1314	;07/25 17:00 - 18:00	;0	; --%	; --%	;0	; --%	; --%	;0	; --%	; --%	;0	; --%	; --%	;0	; --%	; --%	;0	; --%	; --%	;0	; --%	; --%	;0	; --%	; --%	;
1315	;07/25 18:00 - 19:00	;0	; --%	; --%	;0	; --%	; --%	;0	; --%	; --%	;0	; --%	; --%	;0	; --%	; --%	;1	; --%	; --%	;0	; --%	; --%	;0	; --%	; --%	;
1316	;07/25 19:00 - 20:00	;0	; --%	; --%	;0	; --%	; --%	;0	; --%	; --%	;0	; --%	; --%	;0	; --%	; --%	;0	; --%	; --%	;0	; --%	; --%	;0	; --%	; --%	;
1317	;07/25 20:00 - 21:00	;0	; --%	; --%	;0	; --%	; --%	;0	; --%	; --%	;0	; --%	; --%	;0	; --%	; --%	;0	; --%	; --%	;0	; --%	; --%	;0	; --%	; --%	;
1318	;07/25 21:00 - 22:00	;0	; --%	; --%	;0	; --%	; --%	;0	; --%	; --%	;0	; --%	; --%	;0	; --%	; --%	;0	; --%	; --%	;0	; --%	; --%	;0	; --%	; --%	;
1319	;07/25 22:00 - 23:00	;0	; --%	; --%	;0	; --%	; --%	;0	; --%	; --%	;0	; --%	; --%	;0	; --%	; --%	;0	; --%	; --%	;0	; --%	; --%	;0	; --%	; --%	;
1320	;07/25 23:00 - 24:00	;0	; --%	; --%	;0	; --%	; --%	;0	; --%	; --%	;0	; --%	; --%	;0	; --%	; --%	;0	; --%	; --%	;0	; --%	; --%	;0	; --%	; --%	;
1321	;07/26 00:00 - 01:00	;0	; --%	; --%	;0	; --%	; --%	;0	; --%	; --%	;0	; --%	; --%	;0	; --%	; --%	;0	; --%	; --%	;0	; --%	; --%	;0	; --%	; --%	;
1322	;07/26 01:00 - 02:00	;0	; --%	; --%	;0	; --%	; --%	;0	; --%	; --%	;0	; --%	; --%	;0	; --%	; --%	;0	; --%	; --%	;0	; --%	; --%	;0	; --%	; --%	;
1323	;07/26 02:00 - 03:00	;0	; --%	; --%	;0	; --%	; --%	;0	; --%	; --%	;0	; --%	; --%	;0	; --%	; --%	;0	; --%	; --%	;0	; --%	; --%	;0	; --%	; --%	;
1324	;07/26 03:00 - 04:00	;0	; --%	; --%	;0	; --%	; --%	;0	; --%	; --%	;0	; --%	; --%	;0	; --%	; --%	;0	; --%	; --%	;0	; --%	; --%	;2	;Sin cambios	; --%	;
1325	;07/26 04:00 - 05:00	;0	; --%	; --%	;0	; --%	; --%	;0	; --%	; --%	;0	; --%	; --%	;0	;Disminuir por100.0%	; --%	;1	;Sin cambios	; --%	;0	; --%	; --%	;0	; --%	; --%	;
1326	;07/26 05:00 - 06:00	;0	; --%	; --%	;0	; --%	; --%	;0	; --%	; --%	;0	; --%	; --%	;0	; --%	; --%	;1	; --%	; --%	;0	; --%	; --%	;0	; --%	; --%	;
1327	;07/26 06:00 - 07:00	;0	; --%	; --%	;0	; --%	; --%	;0	; --%	; --%	;0	; --%	; --%	;0	; --%	; --%	;0	; --%	; --%	;0	; --%	; --%	;0	; --%	; --%	;
1328	;07/26 07:00 - 08:00	;0	; --%	; --%	;0	; --%	; --%	;0	; --%	; --%	;0	; --%	; --%	;0	;Disminuir por100.0%	; --%	;2	;Aumentar por100.0%	; --%	;0	; --%	; --%	;0	; --%	; --%	;
1329	;07/26 08:00 - 09:00	;0	; --%	; --%	;0	; --%	; --%	;0	; --%	; --%	;0	; --%	; --%	;0	; --%	; --%	;1	;Sin cambios	; --%	;0	; --%	; --%	;0	; --%	; --%	;
1330	;07/26 09:00 - 10:00	;0	; --%	; --%	;0	; --%	; --%	;0	; --%	; --%	;0	; --%	; --%	;0	; --%	; --%	;0	;Disminuir por100.0%	; --%	;0	; --%	; --%	;0	; --%	; --%	;
1331	;07/26 10:00 - 11:00	;0	; --%	; --%	;0	; --%	; --%	;0	; --%	; --%	;0	; --%	; --%	;0	; --%	; --%	;1	;Sin cambios	; --%	;0	; --%	; --%	;0	; --%	; --%	;
1332	;07/26 11:00 - 12:00	;0	; --%	; --%	;0	; --%	; --%	;0	; --%	; --%	;0	; --%	; --%	;0	; --%	; --%	;1	; --%	; --%	;0	; --%	; --%	;0	; --%	; --%	;
1333	;07/26 12:00 - 13:00	;0	; --%	; --%	;0	; --%	; --%	;0	; --%	; --%	;0	; --%	; --%	;0	; --%	; --%	;2	; --%	; --%	;0	; --%	; --%	;0	; --%	; --%	;
1334	;07/26 13:00 - 14:00	;0	; --%	; --%	;0	; --%	; --%	;0	; --%	; --%	;0	; --%	; --%	;0	; --%	; --%	;3	; --%	; --%	;0	; --%	; --%	;0	; --%	; --%	;
1335	;07/26 14:00 - 15:00	;0	; --%	; --%	;0	; --%	; --%	;0	; --%	; --%	;0	; --%	; --%	;0	; --%	; --%	;2	;Aumentar por100.0%	; --%	;0	; --%	; --%	;0	; --%	; --%	;
1336	;07/26 15:00 - 16:00	;0	; --%	; --%	;0	; --%	; --%	;0	; --%	; --%	;0	; --%	; --%	;0	;Disminuir por100.0%	; --%	;1	;Sin cambios	; --%	;0	; --%	; --%	;0	; --%	; --%	;
1337	;07/26 16:00 - 17:00	;0	; --%	; --%	;0	; --%	; --%	;0	;Disminuir por100.0%	; --%	;0	; --%	; --%	;0	;Disminuir por100.0%	; --%	;2	;Aumentar por100.0%	; --%	;0	; --%	; --%	;0	; --%	; --%	;
1338	;07/26 17:00 - 18:00	;0	; --%	; --%	;0	; --%	; --%	;0	; --%	; --%	;0	; --%	; --%	;0	; --%	; --%	;0	; --%	; --%	;0	; --%	; --%	;0	; --%	; --%	;
1339	;07/26 18:00 - 19:00	;0	; --%	; --%	;0	; --%	; --%	;0	;Disminuir por100.0%	; --%	;0	; --%	; --%	;0	;Disminuir por100.0%	; --%	;1	;Disminuir por50.0%	; --%	;0	; --%	; --%	;0	; --%	; --%	;
1340	;07/26 19:00 - 20:00	;0	; --%	; --%	;0	; --%	; --%	;0	; --%	; --%	;0	; --%	; --%	;0	; --%	; --%	;0	; --%	; --%	;0	; --%	; --%	;0	; --%	; --%	;
1341	;07/26 20:00 - 21:00	;0	; --%	; --%	;0	; --%	; --%	;0	; --%	; --%	;0	; --%	; --%	;0	; --%	; --%	;0	; --%	; --%	;0	; --%	; --%	;0	; --%	; --%	;
1342	;07/26 21:00 - 22:00	;0	; --%	; --%	;0	; --%	; --%	;0	; --%	; --%	;0	; --%	; --%	;0	; --%	; --%	;0	; --%	; --%	;0	; --%	; --%	;0	; --%	; --%	;
1343	;07/26 22:00 - 23:00	;0	; --%	; --%	;0	; --%	; --%	;0	; --%	; --%	;0	; --%	; --%	;0	; --%	; --%	;0	; --%	; --%	;0	; --%	; --%	;0	; --%	; --%	;
1344	;07/26 23:00 - 24:00	;0	; --%	; --%	;0	; --%	; --%	;0	; --%	; --%	;0	; --%	; --%	;0	; --%	; --%	;0	; --%	; --%	;0	; --%	; --%	;0	; --%	; --%	;
1345	;07/27 00:00 - 01:00	;0	; --%	; --%	;0	; --%	; --%	;0	; --%	; --%	;0	; --%	; --%	;0	; --%	; --%	;0	; --%	; --%	;0	; --%	; --%	;0	; --%	; --%	;
1346	;07/27 01:00 - 02:00	;0	; --%	; --%	;0	; --%	; --%	;0	; --%	; --%	;0	; --%	; --%	;0	; --%	; --%	;0	; --%	; --%	;0	; --%	; --%	;0	; --%	; --%	;
1347	;07/27 02:00 - 03:00	;0	; --%	; --%	;0	; --%	; --%	;0	; --%	; --%	;0	; --%	; --%	;0	; --%	; --%	;0	; --%	; --%	;0	; --%	; --%	;0	; --%	; --%	;
1348	;07/27 03:00 - 04:00	;1	; --%	; --%	;2	; --%	; --%	;0	; --%	; --%	;0	; --%	; --%	;0	; --%	; --%	;1	; --%	; --%	;43	;Aumentar por975.0%	; --%	;44	;Aumentar por1000.0%	; --%	;
1349	;07/27 04:00 - 05:00	;0	; --%	; --%	;0	; --%	; --%	;0	; --%	; --%	;0	; --%	; --%	;0	; --%	; --%	;0	; --%	; --%	;0	; --%	; --%	;0	; --%	; --%	;
1350	;07/27 05:00 - 06:00	;0	; --%	; --%	;0	; --%	; --%	;0	; --%	; --%	;0	; --%	; --%	;0	; --%	; --%	;0	; --%	; --%	;0	; --%	; --%	;0	; --%	; --%	;
1351	;07/27 06:00 - 07:00	;0	; --%	; --%	;0	; --%	; --%	;0	; --%	; --%	;1	; --%	; --%	;0	; --%	; --%	;1	; --%	; --%	;0	; --%	; --%	;0	; --%	; --%	;
1352	;07/27 07:00 - 08:00	;0	; --%	; --%	;0	; --%	; --%	;0	; --%	; --%	;0	; --%	; --%	;0	; --%	; --%	;2	; --%	; --%	;0	; --%	; --%	;0	; --%	; --%	;
1353	;07/27 08:00 - 09:00	;0	; --%	; --%	;0	; --%	; --%	;1	; --%	; --%	;0	; --%	; --%	;0	; --%	; --%	;3	; --%	; --%	;0	; --%	; --%	;0	; --%	; --%	;
1354	;07/27 09:00 - 10:00	;0	; --%	; --%	;0	; --%	; --%	;0	; --%	; --%	;1	; --%	; --%	;0	; --%	; --%	;3	; --%	; --%	;0	; --%	; --%	;0	; --%	; --%	;
1355	;07/27 10:00 - 11:00	;0	; --%	; --%	;0	; --%	; --%	;0	; --%	; --%	;0	; --%	; --%	;0	; --%	; --%	;1	; --%	; --%	;1	; --%	; --%	;0	; --%	; --%	;
1356	;07/27 11:00 - 12:00	;0	; --%	; --%	;0	; --%	; --%	;0	; --%	; --%	;1	; --%	; --%	;0	; --%	; --%	;1	; --%	; --%	;0	; --%	; --%	;0	; --%	; --%	;
1357	;07/27 12:00 - 13:00	;0	; --%	; --%	;0	; --%	; --%	;0	; --%	; --%	;1	; --%	; --%	;0	; --%	; --%	;3	; --%	; --%	;0	; --%	; --%	;0	; --%	; --%	;
1358	;07/27 13:00 - 14:00	;0	; --%	; --%	;0	; --%	; --%	;0	; --%	; --%	;0	; --%	; --%	;0	; --%	; --%	;4	; --%	; --%	;0	; --%	; --%	;0	; --%	; --%	;
1359	;07/27 14:00 - 15:00	;0	; --%	; --%	;0	; --%	; --%	;0	; --%	; --%	;0	; --%	; --%	;0	; --%	; --%	;2	; --%	; --%	;0	; --%	; --%	;0	; --%	; --%	;
1360	;07/27 15:00 - 16:00	;0	; --%	; --%	;0	; --%	; --%	;0	; --%	; --%	;0	; --%	; --%	;0	; --%	; --%	;2	; --%	; --%	;0	; --%	; --%	;0	; --%	; --%	;
1361	;07/27 16:00 - 17:00	;0	; --%	; --%	;0	; --%	; --%	;0	; --%	; --%	;0	; --%	; --%	;0	; --%	; --%	;1	; --%	; --%	;0	; --%	; --%	;0	; --%	; --%	;
1362	;07/27 17:00 - 18:00	;0	; --%	; --%	;0	; --%	; --%	;0	; --%	; --%	;0	; --%	; --%	;0	; --%	; --%	;3	; --%	; --%	;0	; --%	; --%	;0	; --%	; --%	;
1363	;07/27 18:00 - 19:00	;0	; --%	; --%	;0	; --%	; --%	;0	; --%	; --%	;0	; --%	; --%	;0	; --%	; --%	;0	; --%	; --%	;0	; --%	; --%	;0	; --%	; --%	;
1364	;07/27 19:00 - 20:00	;0	; --%	; --%	;0	; --%	; --%	;0	; --%	; --%	;0	; --%	; --%	;0	; --%	; --%	;0	; --%	; --%	;0	; --%	; --%	;0	; --%	; --%	;
1365	;07/27 20:00 - 21:00	;0	; --%	; --%	;0	; --%	; --%	;0	; --%	; --%	;0	; --%	; --%	;0	; --%	; --%	;0	;Disminuir por100.0%	; --%	;0	; --%	; --%	;0	; --%	; --%	;
1366	;07/27 21:00 - 22:00	;0	; --%	; --%	;0	; --%	; --%	;0	; --%	; --%	;0	; --%	; --%	;0	; --%	; --%	;0	; --%	; --%	;0	; --%	; --%	;0	; --%	; --%	;
1367	;07/27 22:00 - 23:00	;0	; --%	; --%	;0	; --%	; --%	;0	; --%	; --%	;0	; --%	; --%	;0	; --%	; --%	;0	; --%	; --%	;0	; --%	; --%	;0	; --%	; --%	;
1368	;07/27 23:00 - 24:00	;0	; --%	; --%	;0	; --%	; --%	;0	; --%	; --%	;0	; --%	; --%	;0	; --%	; --%	;0	; --%	; --%	;0	; --%	; --%	;0	; --%	; --%	;
1369	;07/28 00:00 - 01:00	;0	; --%	; --%	;0	; --%	; --%	;0	; --%	; --%	;0	; --%	; --%	;0	; --%	; --%	;0	; --%	; --%	;0	; --%	; --%	;0	; --%	; --%	;
1370	;07/28 01:00 - 02:00	;0	; --%	; --%	;0	; --%	; --%	;0	; --%	; --%	;0	; --%	; --%	;0	; --%	; --%	;0	; --%	; --%	;0	; --%	; --%	;0	; --%	; --%	;
1371	;07/28 02:00 - 03:00	;0	; --%	; --%	;0	; --%	; --%	;0	; --%	; --%	;0	; --%	; --%	;0	; --%	; --%	;0	; --%	; --%	;2	; --%	; --%	;3	; --%	; --%	;
1372	;07/28 03:00 - 04:00	;0	; --%	; --%	;0	; --%	; --%	;0	; --%	; --%	;0	; --%	; --%	;0	; --%	; --%	;0	; --%	; --%	;0	; --%	; --%	;0	; --%	; --%	;
1373	;07/28 04:00 - 05:00	;0	; --%	; --%	;0	; --%	; --%	;0	; --%	; --%	;0	; --%	; --%	;0	; --%	; --%	;0	; --%	; --%	;0	;Disminuir por100.0%	; --%	;0	;Disminuir por100.0%	; --%	;
1374	;07/28 05:00 - 06:00	;0	; --%	; --%	;0	; --%	; --%	;0	; --%	; --%	;0	; --%	; --%	;0	; --%	; --%	;0	; --%	; --%	;0	; --%	; --%	;0	; --%	; --%	;
1375	;07/28 06:00 - 07:00	;0	; --%	; --%	;0	; --%	; --%	;0	; --%	; --%	;0	; --%	; --%	;0	; --%	; --%	;2	;Aumentar por100.0%	; --%	;0	; --%	; --%	;0	; --%	; --%	;
1376	;07/28 07:00 - 08:00	;0	; --%	; --%	;0	; --%	; --%	;0	; --%	; --%	;0	; --%	; --%	;0	; --%	; --%	;2	;Aumentar por100.0%	; --%	;0	; --%	; --%	;0	; --%	; --%	;
1377	;07/28 08:00 - 09:00	;0	; --%	; --%	;0	; --%	; --%	;0	; --%	; --%	;1	; --%	; --%	;0	; --%	; --%	;3	;Disminuir por25.0%	; --%	;0	; --%	; --%	;0	; --%	; --%	;
1378	;07/28 09:00 - 10:00	;0	; --%	; --%	;0	; --%	; --%	;0	; --%	; --%	;1	;Sin cambios	; --%	;0	; --%	; --%	;1	;Disminuir por50.0%	; --%	;0	; --%	; --%	;0	; --%	; --%	;
1379	;07/28 10:00 - 11:00	;0	; --%	; --%	;0	; --%	; --%	;0	; --%	; --%	;1	;Disminuir por50.0%	; --%	;0	; --%	; --%	;3	;Disminuir por25.0%	; --%	;0	; --%	; --%	;0	; --%	; --%	;
1380	;07/28 11:00 - 12:00	;0	; --%	; --%	;0	; --%	; --%	;0	; --%	; --%	;0	; --%	; --%	;0	;Disminuir por100.0%	; --%	;3	;Aumentar por50.0%	; --%	;0	;Disminuir por100.0%	; --%	;1	; --%	; --%	;
1381	;07/28 12:00 - 13:00	;0	; --%	; --%	;0	; --%	; --%	;0	; --%	; --%	;0	;Disminuir por100.0%	; --%	;0	; --%	; --%	;1	;Disminuir por50.0%	; --%	;0	;Disminuir por100.0%	; --%	;0	; --%	; --%	;
1382	;07/28 13:00 - 14:00	;0	; --%	; --%	;0	; --%	; --%	;0	; --%	; --%	;1	; --%	; --%	;0	; --%	; --%	;4	;Aumentar por300.0%	; --%	;0	; --%	; --%	;0	; --%	; --%	;
1383	;07/28 14:00 - 15:00	;0	; --%	; --%	;0	; --%	; --%	;0	; --%	; --%	;0	;Disminuir por100.0%	; --%	;0	; --%	; --%	;4	;Sin cambios	;Aumentar por100.0%	;0	; --%	; --%	;0	; --%	; --%	;
1384	;07/28 15:00 - 16:00	;0	; --%	; --%	;0	; --%	; --%	;0	; --%	; --%	;0	; --%	;Disminuir por100.0%	;0	; --%	; --%	;1	;Sin cambios	;Disminuir por50.0%	;0	; --%	; --%	;0	; --%	; --%	;
1385	;07/28 16:00 - 17:00	;0	; --%	; --%	;0	; --%	; --%	;0	; --%	; --%	;0	; --%	; --%	;1	; --%	; --%	;2	;Aumentar por100.0%	;Sin cambios	;0	; --%	; --%	;0	; --%	; --%	;
1386	;07/28 17:00 - 18:00	;0	; --%	; --%	;0	; --%	; --%	;0	; --%	; --%	;0	;Disminuir por100.0%	;Disminuir por100.0%	;0	; --%	; --%	;1	;Disminuir por75.0%	;Sin cambios	;0	; --%	; --%	;0	; --%	; --%	;
1387	;07/28 18:00 - 19:00	;0	; --%	; --%	;0	; --%	; --%	;0	; --%	; --%	;0	; --%	; --%	;0	; --%	; --%	;0	;Disminuir por100.0%	; --%	;0	; --%	; --%	;0	; --%	; --%	;
1388	;07/28 19:00 - 20:00	;0	; --%	; --%	;0	; --%	; --%	;0	; --%	; --%	;0	; --%	; --%	;0	; --%	; --%	;1	;Disminuir por50.0%	; --%	;0	; --%	; --%	;0	; --%	; --%	;
1389	;07/28 20:00 - 21:00	;0	; --%	; --%	;0	; --%	; --%	;0	; --%	; --%	;0	; --%	; --%	;0	; --%	; --%	;0	;Disminuir por100.0%	; --%	;0	; --%	; --%	;0	; --%	; --%	;
1390	;07/28 21:00 - 22:00	;0	; --%	; --%	;0	; --%	; --%	;0	; --%	; --%	;0	; --%	; --%	;0	; --%	; --%	;0	;Disminuir por100.0%	; --%	;0	; --%	; --%	;0	; --%	; --%	;
1391	;07/28 22:00 - 23:00	;0	; --%	; --%	;0	; --%	; --%	;0	; --%	; --%	;0	; --%	; --%	;0	; --%	; --%	;0	; --%	; --%	;0	; --%	; --%	;0	; --%	; --%	;
1392	;07/28 23:00 - 24:00	;0	; --%	; --%	;0	; --%	; --%	;0	; --%	; --%	;0	; --%	; --%	;0	; --%	; --%	;0	; --%	; --%	;0	; --%	; --%	;0	; --%	; --%	;
1393	;07/29 00:00 - 01:00	;0	; --%	; --%	;0	; --%	; --%	;0	; --%	; --%	;0	; --%	; --%	;0	; --%	; --%	;0	; --%	; --%	;0	; --%	; --%	;0	; --%	; --%	;
1394	;07/29 01:00 - 02:00	;0	; --%	; --%	;0	; --%	; --%	;0	; --%	; --%	;0	; --%	; --%	;0	;Disminuir por100.0%	; --%	;0	; --%	; --%	;0	; --%	; --%	;0	; --%	; --%	;
1395	;07/29 02:00 - 03:00	;0	; --%	; --%	;0	; --%	; --%	;0	; --%	; --%	;0	;Disminuir por100.0%	; --%	;0	; --%	; --%	;0	; --%	; --%	;0	; --%	; --%	;0	; --%	; --%	;
1396	;07/29 03:00 - 04:00	;0	; --%	; --%	;0	; --%	; --%	;0	; --%	; --%	;0	; --%	; --%	;0	; --%	; --%	;0	; --%	; --%	;3	; --%	; --%	;3	; --%	; --%	;
1397	;07/29 04:00 - 05:00	;0	; --%	; --%	;0	; --%	; --%	;0	; --%	; --%	;0	; --%	; --%	;0	; --%	; --%	;0	; --%	; --%	;0	; --%	; --%	;0	; --%	; --%	;
1398	;07/29 05:00 - 06:00	;0	; --%	; --%	;0	; --%	; --%	;0	; --%	; --%	;0	; --%	; --%	;0	; --%	; --%	;0	; --%	; --%	;0	; --%	; --%	;0	; --%	; --%	;
1399	;07/29 06:00 - 07:00	;0	; --%	; --%	;0	; --%	; --%	;0	; --%	; --%	;0	; --%	; --%	;0	; --%	; --%	;2	; --%	; --%	;0	; --%	; --%	;0	; --%	; --%	;
1400	;07/29 07:00 - 08:00	;0	; --%	; --%	;0	; --%	; --%	;0	; --%	; --%	;1	; --%	; --%	;0	; --%	; --%	;2	;Aumentar por100.0%	; --%	;0	; --%	; --%	;0	; --%	; --%	;
1401	;07/29 08:00 - 09:00	;0	; --%	; --%	;0	; --%	; --%	;0	; --%	; --%	;0	; --%	; --%	;0	; --%	; --%	;5	;Aumentar por400.0%	;Aumentar por400.0%	;0	; --%	; --%	;0	; --%	; --%	;
1402	;07/29 09:00 - 10:00	;0	; --%	; --%	;0	; --%	; --%	;0	; --%	; --%	;0	; --%	; --%	;0	; --%	; --%	;5	;Sin cambios	; --%	;0	; --%	; --%	;0	; --%	; --%	;
1403	;07/29 10:00 - 11:00	;0	; --%	; --%	;0	; --%	; --%	;0	; --%	; --%	;0	;Disminuir por100.0%	; --%	;0	; --%	; --%	;4	;Disminuir por50.0%	; --%	;1	; --%	; --%	;2	; --%	; --%	;
1404	;07/29 11:00 - 12:00	;0	; --%	; --%	;0	; --%	; --%	;0	; --%	; --%	;0	; --%	; --%	;0	; --%	; --%	;4	;Aumentar por100.0%	; --%	;0	; --%	; --%	;0	; --%	; --%	;
1405	;07/29 12:00 - 13:00	;0	; --%	; --%	;0	; --%	; --%	;0	; --%	; --%	;1	; --%	; --%	;0	; --%	; --%	;5	;Sin cambios	; --%	;0	; --%	; --%	;0	; --%	; --%	;
1406	;07/29 13:00 - 14:00	;0	; --%	; --%	;0	; --%	; --%	;0	; --%	; --%	;0	; --%	; --%	;0	; --%	; --%	;6	;Aumentar por50.0%	; --%	;0	; --%	; --%	;0	; --%	; --%	;
1407	;07/29 14:00 - 15:00	;0	; --%	; --%	;0	; --%	; --%	;0	; --%	; --%	;0	; --%	; --%	;0	; --%	; --%	;1	;Disminuir por87.5%	; --%	;0	; --%	; --%	;0	; --%	; --%	;
1408	;07/29 15:00 - 16:00	;0	; --%	; --%	;0	; --%	; --%	;0	; --%	; --%	;1	;Sin cambios	; --%	;0	; --%	; --%	;6	;Aumentar por100.0%	; --%	;0	; --%	; --%	;0	; --%	; --%	;
1409	;07/29 16:00 - 17:00	;0	; --%	; --%	;0	; --%	; --%	;0	; --%	; --%	;0	;Disminuir por100.0%	; --%	;0	; --%	; --%	;2	;Disminuir por33.3%	; --%	;0	; --%	; --%	;0	; --%	; --%	;
1410	;07/29 17:00 - 18:00	;0	; --%	; --%	;0	; --%	; --%	;0	; --%	; --%	;1	; --%	; --%	;0	; --%	; --%	;3	;Disminuir por25.0%	; --%	;0	; --%	; --%	;0	; --%	; --%	;
1411	;07/29 18:00 - 19:00	;0	; --%	; --%	;0	; --%	; --%	;0	; --%	; --%	;0	; --%	; --%	;0	; --%	; --%	;0	;Disminuir por100.0%	; --%	;0	; --%	; --%	;0	; --%	; --%	;
1412	;07/29 19:00 - 20:00	;0	; --%	; --%	;0	; --%	; --%	;0	; --%	; --%	;0	; --%	; --%	;0	; --%	; --%	;0	;Disminuir por100.0%	; --%	;0	; --%	; --%	;0	; --%	; --%	;
1413	;07/29 20:00 - 21:00	;0	; --%	; --%	;0	; --%	; --%	;0	; --%	; --%	;0	; --%	; --%	;0	; --%	; --%	;0	; --%	; --%	;0	; --%	; --%	;0	; --%	; --%	;
1414	;07/29 21:00 - 22:00	;0	; --%	; --%	;0	; --%	; --%	;0	; --%	; --%	;0	; --%	; --%	;0	; --%	; --%	;0	; --%	; --%	;0	; --%	; --%	;0	; --%	; --%	;
1415	;07/29 22:00 - 23:00	;0	; --%	; --%	;0	; --%	; --%	;0	; --%	; --%	;0	; --%	; --%	;0	; --%	; --%	;0	;Disminuir por100.0%	; --%	;0	; --%	; --%	;0	; --%	; --%	;
1416	;07/29 23:00 - 24:00	;0	; --%	; --%	;0	; --%	; --%	;0	; --%	; --%	;0	; --%	; --%	;0	; --%	; --%	;0	; --%	; --%	;0	; --%	; --%	;0	; --%	; --%	;
1417	;07/30 00:00 - 01:00	;0	; --%	; --%	;0	; --%	; --%	;0	; --%	; --%	;0	; --%	; --%	;0	; --%	; --%	;0	; --%	; --%	;0	; --%	; --%	;0	; --%	; --%	;
1418	;07/30 01:00 - 02:00	;0	; --%	; --%	;0	; --%	; --%	;0	; --%	; --%	;0	; --%	; --%	;0	; --%	; --%	;0	; --%	; --%	;0	; --%	; --%	;0	; --%	; --%	;
1419	;07/30 02:00 - 03:00	;0	; --%	; --%	;0	; --%	; --%	;0	; --%	; --%	;0	; --%	; --%	;0	; --%	; --%	;0	; --%	; --%	;0	; --%	; --%	;0	; --%	; --%	;
1420	;07/30 03:00 - 04:00	;0	; --%	; --%	;0	; --%	; --%	;0	; --%	; --%	;0	; --%	; --%	;0	; --%	; --%	;0	; --%	; --%	;19	; --%	; --%	;20	;Aumentar por1900.0%	; --%	;
1421	;07/30 04:00 - 05:00	;0	; --%	; --%	;0	; --%	; --%	;0	; --%	; --%	;0	; --%	; --%	;0	; --%	; --%	;0	; --%	; --%	;0	; --%	; --%	;0	; --%	; --%	;
1422	;07/30 05:00 - 06:00	;0	; --%	; --%	;0	; --%	; --%	;0	; --%	; --%	;0	; --%	; --%	;0	; --%	; --%	;0	; --%	; --%	;0	; --%	; --%	;1	; --%	; --%	;
1423	;07/30 06:00 - 07:00	;0	; --%	; --%	;0	; --%	; --%	;0	; --%	; --%	;0	;Disminuir por100.0%	; --%	;0	; --%	; --%	;0	; --%	; --%	;0	; --%	; --%	;0	; --%	; --%	;
1424	;07/30 07:00 - 08:00	;0	; --%	; --%	;0	; --%	; --%	;0	; --%	; --%	;0	;Disminuir por100.0%	; --%	;0	; --%	; --%	;5	;Aumentar por150.0%	; --%	;0	; --%	; --%	;0	; --%	; --%	;
1425	;07/30 08:00 - 09:00	;0	; --%	; --%	;0	; --%	; --%	;0	; --%	; --%	;0	; --%	; --%	;0	; --%	; --%	;3	;Disminuir por50.0%	; --%	;0	; --%	; --%	;1	; --%	; --%	;
1426	;07/30 09:00 - 10:00	;0	; --%	; --%	;0	; --%	; --%	;0	; --%	; --%	;1	; --%	; --%	;0	; --%	; --%	;2	;Disminuir por33.3%	; --%	;0	;Disminuir por100.0%	; --%	;0	; --%	; --%	;
1427	;07/30 10:00 - 11:00	;0	; --%	; --%	;1	; --%	; --%	;0	;Disminuir por100.0%	; --%	;2	;Disminuir por33.3%	; --%	;0	; --%	; --%	;5	;Aumentar por66.7%	;Aumentar por25.0%	;0	;Disminuir por100.0%	; --%	;0	; --%	; --%	;
1428	;07/30 11:00 - 12:00	;0	; --%	; --%	;0	; --%	; --%	;0	; --%	; --%	;0	;Disminuir por100.0%	; --%	;0	; --%	; --%	;6	;Aumentar por50.0%	;Aumentar por50.0%	;0	; --%	; --%	;0	; --%	; --%	;
1429	;07/30 12:00 - 13:00	;0	; --%	; --%	;0	; --%	; --%	;2	; --%	; --%	;1	; --%	; --%	;0	; --%	; --%	;5	;Disminuir por16.7%	;Aumentar por400.0%	;0	; --%	; --%	;0	; --%	; --%	;
1430	;07/30 13:00 - 14:00	;0	; --%	; --%	;0	; --%	; --%	;1	; --%	; --%	;1	;Sin cambios	; --%	;0	; --%	; --%	;2	;Disminuir por71.4%	; --%	;0	; --%	; --%	;0	; --%	; --%	;
1431	;07/30 14:00 - 15:00	;0	; --%	; --%	;0	; --%	; --%	;0	; --%	; --%	;0	; --%	; --%	;0	; --%	; --%	;3	;Sin cambios	;Aumentar por50.0%	;0	; --%	; --%	;0	; --%	; --%	;
1432	;07/30 15:00 - 16:00	;0	; --%	; --%	;0	; --%	; --%	;0	; --%	; --%	;0	; --%	; --%	;0	; --%	; --%	;1	;Disminuir por50.0%	;Disminuir por66.7%	;0	; --%	; --%	;0	; --%	; --%	;
1433	;07/30 16:00 - 17:00	;0	; --%	; --%	;0	; --%	; --%	;0	; --%	; --%	;0	;Disminuir por100.0%	; --%	;1	; --%	; --%	;3	;Aumentar por200.0%	;Sin cambios	;0	; --%	; --%	;0	; --%	; --%	;
1434	;07/30 17:00 - 18:00	;0	; --%	; --%	;0	; --%	; --%	;0	; --%	; --%	;0	; --%	; --%	;0	; --%	; --%	;1	;Sin cambios	;Disminuir por50.0%	;0	; --%	; --%	;0	; --%	; --%	;
1435	;07/30 18:00 - 19:00	;0	; --%	; --%	;0	; --%	; --%	;0	; --%	; --%	;0	; --%	; --%	;0	; --%	; --%	;1	;Disminuir por50.0%	; --%	;0	; --%	; --%	;0	; --%	; --%	;
1436	;07/30 19:00 - 20:00	;0	; --%	; --%	;0	; --%	; --%	;0	; --%	; --%	;0	; --%	; --%	;0	; --%	; --%	;0	;Disminuir por100.0%	; --%	;0	; --%	; --%	;0	; --%	; --%	;
1437	;07/30 20:00 - 21:00	;0	; --%	; --%	;0	; --%	; --%	;0	; --%	; --%	;0	; --%	; --%	;0	; --%	; --%	;0	;Disminuir por100.0%	; --%	;0	; --%	; --%	;0	; --%	; --%	;
1438	;07/30 21:00 - 22:00	;0	; --%	; --%	;0	; --%	; --%	;0	; --%	; --%	;0	; --%	; --%	;0	; --%	; --%	;0	;Disminuir por100.0%	; --%	;0	; --%	; --%	;0	; --%	; --%	;
1439	;07/30 22:00 - 23:00	;0	; --%	; --%	;0	; --%	; --%	;0	; --%	; --%	;0	; --%	; --%	;0	; --%	; --%	;0	; --%	; --%	;0	; --%	; --%	;0	; --%	; --%	;
1440	;07/30 23:00 - 24:00	;0	; --%	; --%	;0	; --%	; --%	;0	; --%	; --%	;0	; --%	; --%	;0	; --%	; --%	;0	; --%	; --%	;0	; --%	; --%	;0	; --%	; --%	;
1441	;07/31 00:00 - 01:00	;0	; --%	; --%	;0	; --%	; --%	;0	; --%	; --%	;0	; --%	; --%	;0	; --%	; --%	;0	; --%	; --%	;0	; --%	; --%	;0	; --%	; --%	;
1442	;07/31 01:00 - 02:00	;0	; --%	; --%	;0	; --%	; --%	;0	; --%	; --%	;0	; --%	; --%	;1	; --%	; --%	;2	; --%	;Aumentar por100.0%	;0	; --%	; --%	;0	; --%	; --%	;
1443	;07/31 02:00 - 03:00	;0	; --%	; --%	;1	; --%	; --%	;1	; --%	; --%	;0	; --%	;Disminuir por100.0%	;0	; --%	; --%	;0	; --%	; --%	;0	; --%	; --%	;0	; --%	; --%	;
1444	;07/31 03:00 - 04:00	;0	; --%	; --%	;0	; --%	; --%	;0	; --%	; --%	;0	; --%	; --%	;0	; --%	; --%	;0	; --%	; --%	;0	;Disminuir por100.0%	; --%	;0	;Disminuir por100.0%	;Disminuir por100.0%	;
1445	;07/31 04:00 - 05:00	;0	; --%	; --%	;0	; --%	; --%	;0	; --%	; --%	;0	; --%	; --%	;0	; --%	; --%	;0	; --%	;Disminuir por100.0%	;0	; --%	;Disminuir por100.0%	;1	; --%	;Disminuir por50.0%	;
1446	;07/31 05:00 - 06:00	;0	; --%	; --%	;1	; --%	; --%	;0	; --%	; --%	;0	; --%	; --%	;0	; --%	; --%	;0	; --%	; --%	;0	; --%	; --%	;0	; --%	; --%	;
1447	;07/31 06:00 - 07:00	;0	; --%	; --%	;0	; --%	; --%	;0	; --%	; --%	;0	; --%	; --%	;0	; --%	; --%	;1	; --%	;Sin cambios	;0	; --%	; --%	;0	; --%	; --%	;
1448	;07/31 07:00 - 08:00	;0	; --%	; --%	;0	; --%	; --%	;0	; --%	; --%	;0	; --%	; --%	;0	; --%	; --%	;2	;Aumentar por100.0%	;Disminuir por50.0%	;0	; --%	; --%	;0	; --%	; --%	;
1449	;07/31 08:00 - 09:00	;0	; --%	; --%	;0	; --%	; --%	;0	; --%	; --%	;0	; --%	; --%	;0	; --%	; --%	;2	;Disminuir por60.0%	;Disminuir por50.0%	;0	;Disminuir por100.0%	; --%	;0	;Disminuir por100.0%	; --%	;
1450	;07/31 09:00 - 10:00	;0	; --%	; --%	;0	; --%	; --%	;1	; --%	; --%	;1	;Sin cambios	;Sin cambios	;0	; --%	; --%	;2	;Disminuir por33.3%	;Sin cambios	;0	; --%	; --%	;0	; --%	; --%	;
1451	;07/31 10:00 - 11:00	;0	; --%	; --%	;0	; --%	;Disminuir por100.0%	;0	; --%	; --%	;0	;Disminuir por100.0%	; --%	;0	; --%	; --%	;5	;Aumentar por150.0%	;Aumentar por150.0%	;0	; --%	; --%	;0	; --%	; --%	;
1452	;07/31 11:00 - 12:00	;0	; --%	; --%	;0	;Disminuir por100.0%	; --%	;0	;Disminuir por100.0%	;Disminuir por100.0%	;1	;Disminuir por50.0%	; --%	;0	; --%	; --%	;2	;Disminuir por33.3%	;Disminuir por66.7%	;0	; --%	; --%	;0	; --%	; --%	;
1453	;07/31 12:00 - 13:00	;0	; --%	; --%	;0	; --%	; --%	;0	; --%	; --%	;1	; --%	; --%	;0	; --%	; --%	;2	;Disminuir por50.0%	;Disminuir por60.0%	;0	; --%	; --%	;0	; --%	; --%	;
1454	;07/31 13:00 - 14:00	;0	; --%	; --%	;0	; --%	; --%	;0	; --%	; --%	;0	;Disminuir por100.0%	; --%	;2	; --%	; --%	;6	;Disminuir por25.0%	;Disminuir por14.3%	;0	; --%	; --%	;0	; --%	; --%	;
1455	;07/31 14:00 - 15:00	;0	; --%	; --%	;0	; --%	; --%	;0	; --%	; --%	;0	;Disminuir por100.0%	; --%	;0	; --%	; --%	;2	;Sin cambios	;Disminuir por33.3%	;0	; --%	; --%	;0	; --%	; --%	;
1456	;07/31 15:00 - 16:00	;0	; --%	; --%	;0	; --%	; --%	;0	; --%	; --%	;0	;Disminuir por100.0%	; --%	;0	; --%	; --%	;4	; --%	;Aumentar por100.0%	;0	; --%	; --%	;0	; --%	; --%	;
1457	;07/31 16:00 - 17:00	;0	; --%	; --%	;0	; --%	; --%	;0	; --%	; --%	;0	;Disminuir por100.0%	; --%	;0	; --%	; --%	;0	;Disminuir por100.0%	;Disminuir por100.0%	;0	; --%	; --%	;0	; --%	; --%	;
1458	;07/31 17:00 - 18:00	;0	; --%	; --%	;0	; --%	; --%	;0	; --%	; --%	;0	;Disminuir por100.0%	; --%	;1	; --%	; --%	;3	; --%	;Aumentar por50.0%	;0	; --%	; --%	;0	; --%	; --%	;
1459	;07/31 18:00 - 19:00	;0	; --%	; --%	;0	; --%	; --%	;0	;Disminuir por100.0%	; --%	;0	; --%	; --%	;0	; --%	; --%	;0	;Disminuir por100.0%	; --%	;0	; --%	; --%	;0	; --%	; --%	;
1460	;07/31 19:00 - 20:00	;0	; --%	; --%	;0	; --%	; --%	;0	; --%	; --%	;0	; --%	; --%	;0	; --%	; --%	;0	; --%	; --%	;0	; --%	; --%	;0	; --%	; --%	;
1461	;07/31 20:00 - 21:00	;0	; --%	; --%	;0	; --%	; --%	;0	; --%	; --%	;0	; --%	; --%	;0	; --%	; --%	;0	;Disminuir por100.0%	; --%	;0	; --%	; --%	;0	; --%	; --%	;
1462	;07/31 21:00 - 22:00	;0	; --%	; --%	;0	; --%	; --%	;0	; --%	; --%	;0	; --%	; --%	;0	; --%	; --%	;0	;Disminuir por100.0%	; --%	;0	; --%	; --%	;0	; --%	; --%	;
1463	;07/31 22:00 - 23:00	;0	; --%	; --%	;0	; --%	; --%	;0	; --%	; --%	;0	; --%	; --%	;0	; --%	; --%	;0	; --%	; --%	;0	; --%	; --%	;0	; --%	; --%	;
1464	;07/31 23:00 - 24:00	;0	; --%	; --%	;0	; --%	; --%	;0	; --%	; --%	;0	; --%	; --%	;0	; --%	; --%	;0	; --%	; --%	;0	; --%	; --%	;0	; --%	; --%	;
1465	;08/01 00:00 - 01:00	;0	; --%	; --%	;0	; --%	; --%	;0	; --%	; --%	;0	; --%	; --%	;0	; --%	; --%	;0	; --%	; --%	;0	; --%	; --%	;0	; --%	; --%	;
1466	;08/01 01:00 - 02:00	;0	;Disminuir por100.0%	; --%	;0	; --%	; --%	;0	; --%	; --%	;0	; --%	; --%	;0	; --%	; --%	;0	; --%	;Disminuir por100.0%	;0	; --%	; --%	;0	; --%	; --%	;
1467	;08/01 02:00 - 03:00	;0	; --%	; --%	;0	; --%	; --%	;0	; --%	; --%	;0	; --%	; --%	;0	;Disminuir por100.0%	; --%	;0	;Disminuir por100.0%	; --%	;2	; --%	; --%	;3	; --%	; --%	;
1468	;08/01 03:00 - 04:00	;0	; --%	;Disminuir por100.0%	;0	; --%	; --%	;0	; --%	; --%	;0	; --%	; --%	;0	;Disminuir por100.0%	; --%	;0	;Disminuir por100.0%	; --%	;0	; --%	;Disminuir por100.0%	;1	; --%	;Disminuir por87.5%	;
1469	;08/01 04:00 - 05:00	;0	; --%	; --%	;0	; --%	; --%	;0	; --%	; --%	;0	; --%	; --%	;0	; --%	; --%	;0	;Disminuir por100.0%	; --%	;0	; --%	; --%	;0	; --%	; --%	;
1470	;08/01 05:00 - 06:00	;0	; --%	; --%	;0	; --%	; --%	;0	; --%	; --%	;0	; --%	; --%	;0	; --%	; --%	;1	;Sin cambios	; --%	;0	; --%	; --%	;0	; --%	; --%	;
1471	;08/01 06:00 - 07:00	;0	; --%	; --%	;0	; --%	; --%	;0	; --%	; --%	;0	; --%	; --%	;0	; --%	; --%	;0	; --%	;Disminuir por100.0%	;0	; --%	; --%	;0	; --%	; --%	;
1472	;08/01 07:00 - 08:00	;0	; --%	; --%	;0	; --%	; --%	;0	; --%	; --%	;0	; --%	; --%	;0	; --%	; --%	;0	;Disminuir por100.0%	;Disminuir por100.0%	;0	; --%	; --%	;0	; --%	; --%	;
1473	;08/01 08:00 - 09:00	;0	; --%	; --%	;0	; --%	; --%	;0	; --%	; --%	;0	;Disminuir por100.0%	; --%	;0	; --%	; --%	;2	;Sin cambios	;Disminuir por60.0%	;0	; --%	; --%	;0	; --%	; --%	;
1474	;08/01 09:00 - 10:00	;0	; --%	; --%	;0	; --%	; --%	;0	; --%	; --%	;0	; --%	; --%	;0	; --%	; --%	;2	;Sin cambios	;Disminuir por33.3%	;0	; --%	; --%	;0	; --%	; --%	;
1475	;08/01 10:00 - 11:00	;0	; --%	; --%	;0	; --%	; --%	;0	; --%	; --%	;0	; --%	;Disminuir por100.0%	;0	; --%	; --%	;5	;Aumentar por150.0%	;Disminuir por28.6%	;0	; --%	; --%	;0	; --%	; --%	;
1476	;08/01 11:00 - 12:00	;0	; --%	; --%	;0	; --%	; --%	;1	; --%	; --%	;0	; --%	; --%	;0	; --%	; --%	;3	; --%	;Sin cambios	;0	; --%	; --%	;0	; --%	; --%	;
1477	;08/01 12:00 - 13:00	;0	; --%	; --%	;0	; --%	; --%	;0	; --%	; --%	;0	;Disminuir por100.0%	;Disminuir por100.0%	;0	; --%	; --%	;2	;Disminuir por33.3%	;Disminuir por50.0%	;0	; --%	; --%	;0	; --%	; --%	;
1478	;08/01 13:00 - 14:00	;0	; --%	; --%	;0	; --%	; --%	;0	; --%	; --%	;0	; --%	; --%	;0	; --%	; --%	;1	;Disminuir por50.0%	;Disminuir por66.7%	;0	; --%	; --%	;0	; --%	; --%	;
1479	;08/01 14:00 - 15:00	;0	; --%	; --%	;0	; --%	; --%	;0	; --%	; --%	;1	; --%	; --%	;0	; --%	; --%	;2	; --%	;Aumentar por100.0%	;0	; --%	; --%	;0	; --%	; --%	;
1480	;08/01 15:00 - 16:00	;0	; --%	; --%	;0	; --%	; --%	;0	; --%	; --%	;0	; --%	; --%	;0	; --%	; --%	;1	;Sin cambios	;Disminuir por66.7%	;0	; --%	; --%	;0	; --%	; --%	;
1481	;08/01 16:00 - 17:00	;0	; --%	; --%	;0	; --%	; --%	;0	; --%	; --%	;0	; --%	;Disminuir por100.0%	;0	; --%	;Disminuir por100.0%	;2	; --%	;Sin cambios	;0	; --%	; --%	;0	; --%	; --%	;
1482	;08/01 17:00 - 18:00	;0	; --%	; --%	;0	; --%	; --%	;0	; --%	; --%	;0	; --%	; --%	;0	; --%	; --%	;2	; --%	;Aumentar por100.0%	;0	; --%	; --%	;0	; --%	; --%	;
1483	;08/01 18:00 - 19:00	;0	; --%	; --%	;0	; --%	; --%	;0	; --%	; --%	;0	; --%	; --%	;0	; --%	; --%	;0	; --%	; --%	;0	; --%	; --%	;0	; --%	; --%	;
1484	;08/01 19:00 - 20:00	;0	; --%	; --%	;0	; --%	; --%	;0	; --%	; --%	;0	; --%	; --%	;0	; --%	; --%	;0	;Disminuir por100.0%	; --%	;0	; --%	; --%	;0	; --%	; --%	;
1485	;08/01 20:00 - 21:00	;0	; --%	; --%	;0	; --%	; --%	;0	; --%	; --%	;0	; --%	; --%	;0	; --%	; --%	;0	; --%	; --%	;0	; --%	; --%	;0	; --%	; --%	;
1486	;08/01 21:00 - 22:00	;0	; --%	; --%	;0	; --%	; --%	;0	; --%	; --%	;0	; --%	; --%	;0	; --%	; --%	;0	;Disminuir por100.0%	; --%	;0	; --%	; --%	;0	; --%	; --%	;
1487	;08/01 22:00 - 23:00	;0	; --%	; --%	;0	; --%	; --%	;0	; --%	; --%	;0	; --%	; --%	;0	; --%	; --%	;0	; --%	; --%	;0	; --%	; --%	;0	; --%	; --%	;
1488	;08/01 23:00 - 24:00	;0	; --%	; --%	;0	; --%	; --%	;0	; --%	; --%	;0	; --%	; --%	;0	; --%	; --%	;0	; --%	; --%	;0	; --%	; --%	;0	; --%	; --%	;
1489	;08/02 00:00 - 01:00	;0	; --%	; --%	;0	; --%	; --%	;0	; --%	; --%	;0	; --%	; --%	;0	; --%	; --%	;0	; --%	; --%	;0	; --%	; --%	;0	; --%	; --%	;
1490	;08/02 01:00 - 02:00	;0	; --%	; --%	;0	; --%	; --%	;0	; --%	; --%	;0	; --%	; --%	;0	; --%	; --%	;0	; --%	; --%	;0	; --%	; --%	;0	; --%	; --%	;
1491	;08/02 02:00 - 03:00	;0	; --%	; --%	;0	; --%	; --%	;0	; --%	; --%	;0	; --%	; --%	;0	; --%	; --%	;0	; --%	; --%	;0	; --%	; --%	;0	; --%	; --%	;
1492	;08/02 03:00 - 04:00	;0	; --%	; --%	;0	; --%	; --%	;0	; --%	; --%	;0	; --%	; --%	;0	; --%	; --%	;0	; --%	; --%	;0	;Disminuir por100.0%	; --%	;2	;Sin cambios	; --%	;
1493	;08/02 04:00 - 05:00	;0	; --%	; --%	;0	; --%	; --%	;0	; --%	; --%	;0	; --%	; --%	;0	; --%	; --%	;0	; --%	;Disminuir por100.0%	;0	; --%	;Disminuir por100.0%	;0	; --%	;Disminuir por100.0%	;
1494	;08/02 05:00 - 06:00	;0	; --%	; --%	;1	; --%	; --%	;0	; --%	; --%	;0	; --%	; --%	;0	; --%	; --%	;0	; --%	; --%	;0	; --%	; --%	;0	; --%	; --%	;
1495	;08/02 06:00 - 07:00	;0	; --%	; --%	;0	; --%	; --%	;0	; --%	; --%	;0	; --%	; --%	;0	; --%	; --%	;1	; --%	; --%	;0	; --%	; --%	;0	; --%	; --%	;
1496	;08/02 07:00 - 08:00	;0	; --%	; --%	;0	; --%	; --%	;0	; --%	; --%	;0	; --%	; --%	;0	;Disminuir por100.0%	; --%	;1	; --%	;Sin cambios	;0	; --%	; --%	;0	; --%	; --%	;
1497	;08/02 08:00 - 09:00	;0	; --%	; --%	;0	; --%	; --%	;0	; --%	; --%	;0	;Disminuir por100.0%	; --%	;0	; --%	; --%	;1	;Disminuir por50.0%	;Disminuir por80.0%	;0	; --%	; --%	;0	; --%	; --%	;
1498	;08/02 09:00 - 10:00	;0	; --%	; --%	;0	; --%	; --%	;0	; --%	; --%	;0	; --%	; --%	;0	; --%	; --%	;1	;Disminuir por75.0%	;Disminuir por50.0%	;0	; --%	; --%	;0	; --%	; --%	;
1499	;08/02 10:00 - 11:00	;0	; --%	; --%	;0	; --%	; --%	;0	; --%	; --%	;0	; --%	;Disminuir por100.0%	;0	; --%	; --%	;3	;Aumentar por50.0%	;Disminuir por62.5%	;0	; --%	;Disminuir por100.0%	;0	; --%	;Disminuir por100.0%	;
1500	;08/02 11:00 - 12:00	;0	; --%	; --%	;0	; --%	; --%	;0	; --%	; --%	;0	; --%	; --%	;0	; --%	; --%	;1	;Sin cambios	;Sin cambios	;0	; --%	; --%	;0	; --%	; --%	;
1501	;08/02 12:00 - 13:00	;0	; --%	; --%	;0	; --%	; --%	;0	; --%	; --%	;0	; --%	; --%	;0	; --%	;Disminuir por100.0%	;2	;Aumentar por100.0%	;Disminuir por60.0%	;0	; --%	; --%	;0	; --%	; --%	;
1502	;08/02 13:00 - 14:00	;0	; --%	; --%	;0	; --%	; --%	;0	; --%	; --%	;0	; --%	; --%	;0	; --%	; --%	;3	;Aumentar por200.0%	;Aumentar por50.0%	;0	; --%	; --%	;0	; --%	; --%	;
1503	;08/02 14:00 - 15:00	;0	; --%	; --%	;0	; --%	; --%	;0	; --%	; --%	;0	; --%	; --%	;0	; --%	; --%	;2	;Aumentar por100.0%	;Sin cambios	;0	; --%	; --%	;0	; --%	; --%	;
1504	;08/02 15:00 - 16:00	;0	; --%	; --%	;0	; --%	; --%	;0	; --%	; --%	;0	; --%	; --%	;0	; --%	; --%	;1	; --%	;Disminuir por66.7%	;0	; --%	; --%	;0	; --%	; --%	;
1505	;08/02 16:00 - 17:00	;0	; --%	; --%	;0	; --%	; --%	;0	; --%	; --%	;0	; --%	; --%	;0	; --%	; --%	;0	; --%	; --%	;0	; --%	; --%	;0	; --%	; --%	;
1506	;08/02 17:00 - 18:00	;0	; --%	; --%	;0	; --%	; --%	;0	; --%	; --%	;0	; --%	;Disminuir por100.0%	;0	; --%	; --%	;2	; --%	;Disminuir por33.3%	;0	; --%	; --%	;0	; --%	; --%	;
1507	;08/02 18:00 - 19:00	;0	; --%	; --%	;0	; --%	; --%	;0	; --%	; --%	;0	; --%	; --%	;0	; --%	; --%	;0	; --%	; --%	;0	; --%	; --%	;0	; --%	; --%	;
1508	;08/02 19:00 - 20:00	;0	; --%	; --%	;0	; --%	; --%	;0	; --%	; --%	;0	; --%	; --%	;0	; --%	; --%	;0	; --%	; --%	;0	; --%	; --%	;0	; --%	; --%	;
1509	;08/02 20:00 - 21:00	;0	; --%	; --%	;0	; --%	; --%	;0	; --%	; --%	;0	; --%	; --%	;0	; --%	; --%	;0	; --%	; --%	;0	; --%	; --%	;0	; --%	; --%	;
1510	;08/02 21:00 - 22:00	;0	; --%	; --%	;0	; --%	; --%	;0	; --%	; --%	;0	; --%	; --%	;0	; --%	; --%	;0	; --%	; --%	;0	; --%	; --%	;0	;Disminuir por100.0%	; --%	;
1511	;08/02 22:00 - 23:00	;0	; --%	; --%	;0	; --%	; --%	;0	; --%	; --%	;0	; --%	; --%	;0	; --%	; --%	;0	; --%	; --%	;0	; --%	; --%	;0	; --%	; --%	;
1512	;08/02 23:00 - 24:00	;0	; --%	; --%	;0	; --%	; --%	;0	; --%	; --%	;0	; --%	; --%	;0	; --%	; --%	;0	; --%	; --%	;0	; --%	; --%	;0	;Disminuir por100.0%	; --%	;
1513	;08/03 00:00 - 01:00	;0	;Disminuir por100.0%	; --%	;0	;Disminuir por100.0%	; --%	;0	; --%	; --%	;0	; --%	; --%	;0	; --%	; --%	;0	; --%	; --%	;0	;Disminuir por100.0%	; --%	;0	;Disminuir por100.0%	; --%	;
1514	;08/03 01:00 - 02:00	;0	; --%	; --%	;0	; --%	; --%	;0	; --%	; --%	;0	; --%	; --%	;0	; --%	; --%	;0	; --%	; --%	;0	; --%	; --%	;0	; --%	; --%	;
1515	;08/03 02:00 - 03:00	;0	; --%	; --%	;0	; --%	; --%	;0	; --%	; --%	;0	; --%	; --%	;0	; --%	; --%	;0	; --%	; --%	;0	; --%	; --%	;0	; --%	; --%	;
1516	;08/03 03:00 - 04:00	;0	; --%	; --%	;0	; --%	; --%	;0	; --%	; --%	;0	; --%	; --%	;0	;Disminuir por100.0%	; --%	;0	;Disminuir por100.0%	; --%	;1	;Disminuir por90.0%	;Disminuir por66.7%	;3	;Disminuir por72.7%	;Disminuir por40.0%	;
1517	;08/03 04:00 - 05:00	;0	; --%	; --%	;0	; --%	; --%	;0	; --%	; --%	;0	; --%	; --%	;0	; --%	; --%	;1	; --%	; --%	;0	; --%	; --%	;0	; --%	; --%	;
1518	;08/03 05:00 - 06:00	;0	; --%	; --%	;0	; --%	; --%	;0	; --%	; --%	;0	; --%	; --%	;0	; --%	; --%	;0	; --%	; --%	;0	; --%	; --%	;0	; --%	; --%	;
1519	;08/03 06:00 - 07:00	;0	; --%	; --%	;0	; --%	; --%	;0	; --%	; --%	;0	; --%	; --%	;0	; --%	; --%	;1	; --%	;Sin cambios	;0	; --%	; --%	;0	; --%	; --%	;
1520	;08/03 07:00 - 08:00	;0	; --%	; --%	;0	; --%	; --%	;0	; --%	; --%	;0	; --%	; --%	;0	; --%	; --%	;2	; --%	;Aumentar por100.0%	;0	; --%	; --%	;0	; --%	; --%	;
1521	;08/03 08:00 - 09:00	;0	; --%	; --%	;0	; --%	; --%	;0	; --%	; --%	;0	; --%	; --%	;0	; --%	; --%	;4	;Aumentar por300.0%	; --%	;1	; --%	; --%	;2	; --%	; --%	;
1522	;08/03 09:00 - 10:00	;0	; --%	; --%	;0	; --%	; --%	;0	; --%	; --%	;0	; --%	; --%	;0	; --%	; --%	;4	;Aumentar por300.0%	;Aumentar por33.3%	;0	; --%	; --%	;0	; --%	; --%	;
1523	;08/03 10:00 - 11:00	;0	; --%	; --%	;0	; --%	; --%	;0	; --%	; --%	;0	; --%	; --%	;0	; --%	; --%	;8	;Aumentar por700.0%	;Aumentar por700.0%	;0	; --%	; --%	;0	; --%	; --%	;
1524	;08/03 11:00 - 12:00	;0	; --%	; --%	;0	; --%	; --%	;0	; --%	; --%	;0	; --%	; --%	;0	; --%	; --%	;1	;Disminuir por50.0%	;Disminuir por50.0%	;0	; --%	; --%	;0	; --%	; --%	;
1525	;08/03 12:00 - 13:00	;0	; --%	; --%	;0	; --%	; --%	;0	; --%	; --%	;0	; --%	; --%	;0	; --%	; --%	;1	;Disminuir por75.0%	;Disminuir por66.7%	;0	; --%	; --%	;0	; --%	; --%	;
1526	;08/03 13:00 - 14:00	;0	; --%	; --%	;0	; --%	; --%	;0	; --%	; --%	;2	; --%	; --%	;0	; --%	; --%	;4	;Aumentar por300.0%	;Aumentar por300.0%	;0	; --%	; --%	;0	; --%	; --%	;
1527	;08/03 14:00 - 15:00	;0	; --%	; --%	;0	; --%	; --%	;0	; --%	; --%	;0	; --%	; --%	;0	; --%	; --%	;3	; --%	;Aumentar por50.0%	;0	; --%	; --%	;0	; --%	; --%	;
1528	;08/03 15:00 - 16:00	;0	; --%	; --%	;0	; --%	; --%	;0	; --%	; --%	;0	; --%	; --%	;0	; --%	; --%	;1	; --%	;Disminuir por50.0%	;0	; --%	; --%	;0	; --%	; --%	;
1529	;08/03 16:00 - 17:00	;0	; --%	; --%	;0	; --%	; --%	;0	; --%	; --%	;0	; --%	; --%	;0	; --%	; --%	;3	;Aumentar por200.0%	;Aumentar por200.0%	;0	; --%	; --%	;0	; --%	; --%	;
1530	;08/03 17:00 - 18:00	;0	; --%	; --%	;0	; --%	; --%	;0	; --%	; --%	;0	; --%	;Disminuir por100.0%	;0	; --%	; --%	;3	; --%	; --%	;0	; --%	; --%	;0	; --%	; --%	;
1531	;08/03 18:00 - 19:00	;0	; --%	; --%	;0	; --%	; --%	;0	; --%	; --%	;0	; --%	; --%	;0	; --%	; --%	;1	; --%	; --%	;0	; --%	; --%	;0	; --%	; --%	;
1532	;08/03 19:00 - 20:00	;0	; --%	; --%	;0	; --%	; --%	;0	; --%	; --%	;0	; --%	; --%	;0	; --%	; --%	;0	;Disminuir por100.0%	; --%	;0	; --%	; --%	;0	; --%	; --%	;
1533	;08/03 20:00 - 21:00	;0	; --%	; --%	;0	; --%	; --%	;0	; --%	; --%	;0	; --%	; --%	;0	; --%	; --%	;0	;Disminuir por100.0%	; --%	;0	; --%	; --%	;0	; --%	; --%	;
1534	;08/03 21:00 - 22:00	;0	; --%	; --%	;0	; --%	; --%	;0	; --%	; --%	;0	; --%	; --%	;0	; --%	; --%	;0	; --%	; --%	;0	; --%	; --%	;0	; --%	; --%	;
1535	;08/03 22:00 - 23:00	;0	; --%	; --%	;0	; --%	; --%	;0	; --%	; --%	;0	; --%	; --%	;0	; --%	; --%	;0	;Disminuir por100.0%	; --%	;0	; --%	; --%	;0	; --%	; --%	;
1536	;08/03 23:00 - 24:00	;0	; --%	; --%	;0	; --%	; --%	;0	; --%	; --%	;0	; --%	; --%	;0	; --%	; --%	;0	;Disminuir por100.0%	; --%	;0	; --%	; --%	;0	; --%	; --%	;
1537	;08/04 00:00 - 01:00	;0	; --%	; --%	;0	; --%	; --%	;0	; --%	; --%	;0	; --%	; --%	;0	; --%	; --%	;0	; --%	; --%	;0	; --%	; --%	;0	; --%	; --%	;
1538	;08/04 01:00 - 02:00	;0	; --%	; --%	;0	; --%	; --%	;0	; --%	; --%	;0	; --%	; --%	;0	; --%	; --%	;1	; --%	; --%	;0	; --%	; --%	;0	; --%	; --%	;
1539	;08/04 02:00 - 03:00	;0	; --%	; --%	;0	; --%	; --%	;1	; --%	; --%	;0	; --%	; --%	;1	; --%	; --%	;1	; --%	; --%	;1	; --%	; --%	;3	; --%	; --%	;
1540	;08/04 03:00 - 04:00	;0	; --%	; --%	;0	; --%	; --%	;0	; --%	; --%	;0	; --%	; --%	;0	; --%	; --%	;0	; --%	; --%	;0	; --%	; --%	;0	; --%	; --%	;
1541	;08/04 04:00 - 05:00	;0	; --%	; --%	;0	; --%	; --%	;0	; --%	; --%	;0	; --%	; --%	;0	; --%	; --%	;0	;Disminuir por100.0%	; --%	;0	; --%	; --%	;0	;Disminuir por100.0%	;Disminuir por100.0%	;
1542	;08/04 05:00 - 06:00	;0	; --%	; --%	;0	; --%	; --%	;0	; --%	; --%	;0	; --%	; --%	;0	; --%	; --%	;2	; --%	; --%	;0	; --%	; --%	;0	; --%	; --%	;
1543	;08/04 06:00 - 07:00	;0	; --%	; --%	;0	; --%	; --%	;0	; --%	; --%	;0	; --%	; --%	;0	; --%	; --%	;1	; --%	;Sin cambios	;0	; --%	; --%	;0	; --%	;Disminuir por100.0%	;
1544	;08/04 07:00 - 08:00	;0	; --%	; --%	;0	; --%	; --%	;0	; --%	; --%	;0	; --%	; --%	;0	; --%	; --%	;5	;Aumentar por150.0%	; --%	;0	; --%	; --%	;0	; --%	; --%	;
1545	;08/04 08:00 - 09:00	;0	; --%	; --%	;0	; --%	; --%	;0	; --%	; --%	;1	;Sin cambios	; --%	;0	; --%	; --%	;5	;Disminuir por44.4%	;Disminuir por16.7%	;0	; --%	; --%	;0	; --%	; --%	;
1546	;08/04 09:00 - 10:00	;0	; --%	; --%	;0	; --%	; --%	;0	; --%	; --%	;1	; --%	; --%	;0	; --%	; --%	;4	;Disminuir por20.0%	;Aumentar por33.3%	;0	; --%	; --%	;1	; --%	; --%	;
1547	;08/04 10:00 - 11:00	;0	; --%	; --%	;0	; --%	; --%	;0	; --%	; --%	;2	;Sin cambios	; --%	;0	; --%	; --%	;5	;Disminuir por28.6%	;Aumentar por66.7%	;1	; --%	; --%	;2	; --%	; --%	;
1548	;08/04 11:00 - 12:00	;0	; --%	; --%	;0	; --%	; --%	;0	; --%	; --%	;0	; --%	; --%	;0	; --%	; --%	;2	;Disminuir por71.4%	;Sin cambios	;0	; --%	; --%	;0	; --%	; --%	;
1549	;08/04 12:00 - 13:00	;0	; --%	; --%	;0	; --%	; --%	;0	;Disminuir por100.0%	; --%	;0	; --%	; --%	;0	; --%	; --%	;5	;Aumentar por150.0%	;Sin cambios	;0	; --%	; --%	;0	; --%	; --%	;
1550	;08/04 13:00 - 14:00	;0	; --%	; --%	;0	; --%	; --%	;0	; --%	; --%	;0	; --%	; --%	;0	;Disminuir por100.0%	; --%	;2	;Sin cambios	;Disminuir por60.0%	;0	; --%	; --%	;0	; --%	; --%	;
1551	;08/04 14:00 - 15:00	;0	; --%	; --%	;0	; --%	; --%	;0	; --%	; --%	;0	; --%	; --%	;0	; --%	; --%	;5	;Aumentar por66.7%	;Sin cambios	;0	; --%	; --%	;0	; --%	; --%	;
1552	;08/04 15:00 - 16:00	;0	; --%	; --%	;0	; --%	; --%	;0	; --%	; --%	;1	;Sin cambios	; --%	;0	; --%	; --%	;2	;Sin cambios	;Sin cambios	;0	; --%	; --%	;0	; --%	; --%	;
1553	;08/04 16:00 - 17:00	;0	; --%	; --%	;0	; --%	; --%	;0	; --%	; --%	;0	; --%	; --%	;0	; --%	; --%	;1	;Sin cambios	;Disminuir por50.0%	;0	; --%	; --%	;0	; --%	; --%	;
1554	;08/04 17:00 - 18:00	;0	; --%	; --%	;0	; --%	; --%	;0	; --%	; --%	;0	; --%	; --%	;0	; --%	; --%	;2	;Sin cambios	;Aumentar por100.0%	;0	; --%	; --%	;0	; --%	; --%	;
1555	;08/04 18:00 - 19:00	;0	; --%	; --%	;0	; --%	; --%	;0	; --%	; --%	;0	; --%	; --%	;0	; --%	; --%	;0	;Disminuir por100.0%	;Disminuir por100.0%	;0	; --%	; --%	;0	; --%	; --%	;
1556	;08/04 19:00 - 20:00	;0	; --%	; --%	;0	; --%	; --%	;0	; --%	; --%	;0	; --%	; --%	;0	; --%	; --%	;0	;Disminuir por100.0%	; --%	;0	; --%	; --%	;0	; --%	; --%	;
1557	;08/04 20:00 - 21:00	;0	; --%	; --%	;0	; --%	; --%	;0	; --%	; --%	;0	; --%	; --%	;0	; --%	; --%	;0	;Disminuir por100.0%	; --%	;0	; --%	; --%	;0	; --%	; --%	;
1558	;08/04 21:00 - 22:00	;0	; --%	; --%	;0	; --%	; --%	;0	; --%	; --%	;0	; --%	; --%	;0	; --%	; --%	;0	; --%	; --%	;0	; --%	; --%	;0	; --%	; --%	;
1559	;08/04 22:00 - 23:00	;0	; --%	; --%	;0	; --%	; --%	;0	; --%	; --%	;0	; --%	; --%	;0	; --%	; --%	;0	; --%	; --%	;0	; --%	; --%	;0	; --%	; --%	;
1560	;08/04 23:00 - 24:00	;0	; --%	; --%	;0	; --%	; --%	;0	; --%	; --%	;0	; --%	; --%	;0	; --%	; --%	;0	; --%	; --%	;0	; --%	; --%	;0	; --%	; --%	;
1561	;08/05 00:00 - 01:00	;0	; --%	; --%	;0	; --%	; --%	;0	; --%	; --%	;0	; --%	; --%	;0	; --%	; --%	;0	; --%	; --%	;0	; --%	; --%	;0	; --%	; --%	;
1562	;08/05 01:00 - 02:00	;0	; --%	; --%	;0	; --%	; --%	;0	; --%	; --%	;0	; --%	; --%	;0	; --%	; --%	;0	; --%	; --%	;0	; --%	; --%	;0	; --%	; --%	;
1563	;08/05 02:00 - 03:00	;0	; --%	; --%	;0	; --%	; --%	;0	; --%	; --%	;0	; --%	; --%	;0	; --%	; --%	;0	; --%	; --%	;0	; --%	; --%	;0	;Disminuir por100.0%	; --%	;
1564	;08/05 03:00 - 04:00	;0	; --%	; --%	;0	; --%	; --%	;0	; --%	; --%	;0	; --%	; --%	;0	; --%	; --%	;0	; --%	; --%	;0	; --%	;Disminuir por100.0%	;2	; --%	;Disminuir por33.3%	;
1565	;08/05 04:00 - 05:00	;0	; --%	; --%	;0	; --%	; --%	;0	; --%	; --%	;0	; --%	; --%	;0	; --%	; --%	;0	; --%	;Disminuir por100.0%	;0	; --%	; --%	;0	; --%	;Disminuir por100.0%	;
1566	;08/05 05:00 - 06:00	;0	; --%	; --%	;0	; --%	; --%	;0	; --%	; --%	;0	; --%	; --%	;0	; --%	; --%	;0	; --%	; --%	;0	; --%	; --%	;0	; --%	; --%	;
1567	;08/05 06:00 - 07:00	;0	; --%	; --%	;0	; --%	; --%	;0	; --%	; --%	;0	; --%	; --%	;0	; --%	; --%	;2	; --%	;Aumentar por100.0%	;0	; --%	; --%	;0	; --%	; --%	;
1568	;08/05 07:00 - 08:00	;0	; --%	; --%	;0	; --%	; --%	;0	; --%	; --%	;0	; --%	; --%	;0	; --%	; --%	;5	;Aumentar por150.0%	;Aumentar por66.7%	;0	; --%	; --%	;0	; --%	; --%	;
1569	;08/05 08:00 - 09:00	;0	; --%	; --%	;0	; --%	; --%	;0	; --%	; --%	;0	; --%	; --%	;0	; --%	; --%	;4	;Disminuir por20.0%	;Aumentar por33.3%	;0	; --%	; --%	;0	; --%	; --%	;
1570	;08/05 09:00 - 10:00	;0	; --%	; --%	;0	; --%	; --%	;0	; --%	; --%	;0	; --%	; --%	;0	; --%	; --%	;3	;Disminuir por50.0%	;Disminuir por25.0%	;0	; --%	; --%	;0	; --%	;Disminuir por100.0%	;
1571	;08/05 10:00 - 11:00	;0	; --%	; --%	;0	; --%	; --%	;0	; --%	; --%	;0	;Disminuir por100.0%	; --%	;0	; --%	; --%	;5	;Aumentar por400.0%	;Aumentar por25.0%	;0	; --%	; --%	;0	; --%	; --%	;
1572	;08/05 11:00 - 12:00	;0	; --%	; --%	;0	; --%	; --%	;0	; --%	; --%	;2	; --%	; --%	;0	; --%	; --%	;5	;Disminuir por16.7%	;Disminuir por50.0%	;0	; --%	; --%	;0	;Disminuir por100.0%	;Disminuir por100.0%	;
1573	;08/05 12:00 - 13:00	;0	; --%	; --%	;0	; --%	; --%	;0	; --%	; --%	;1	; --%	;Sin cambios	;0	; --%	; --%	;5	;Sin cambios	;Aumentar por400.0%	;0	; --%	; --%	;0	;Disminuir por100.0%	; --%	;
1574	;08/05 13:00 - 14:00	;0	; --%	; --%	;0	; --%	; --%	;0	; --%	; --%	;1	; --%	; --%	;0	; --%	; --%	;5	;Disminuir por44.4%	;Aumentar por66.7%	;0	; --%	; --%	;0	; --%	; --%	;
1575	;08/05 14:00 - 15:00	;0	; --%	; --%	;0	; --%	; --%	;0	; --%	; --%	;1	; --%	; --%	;0	; --%	; --%	;4	;Aumentar por300.0%	;Disminuir por33.3%	;0	; --%	; --%	;0	; --%	; --%	;
1576	;08/05 15:00 - 16:00	;0	; --%	; --%	;0	; --%	; --%	;0	; --%	; --%	;1	; --%	; --%	;0	; --%	; --%	;3	; --%	;Disminuir por25.0%	;0	; --%	; --%	;0	;Disminuir por100.0%	; --%	;
1577	;08/05 16:00 - 17:00	;0	; --%	; --%	;0	; --%	; --%	;0	; --%	; --%	;0	;Disminuir por100.0%	; --%	;0	; --%	; --%	;1	;Disminuir por66.7%	;Disminuir por50.0%	;0	; --%	; --%	;0	;Disminuir por100.0%	; --%	;
1578	;08/05 17:00 - 18:00	;0	; --%	; --%	;0	; --%	; --%	;0	; --%	; --%	;0	; --%	; --%	;0	; --%	; --%	;1	;Sin cambios	;Sin cambios	;0	; --%	; --%	;0	; --%	; --%	;
1579	;08/05 18:00 - 19:00	;0	; --%	; --%	;0	; --%	; --%	;0	; --%	; --%	;0	; --%	; --%	;0	; --%	; --%	;0	;Disminuir por100.0%	; --%	;0	; --%	; --%	;0	; --%	; --%	;
1580	;08/05 19:00 - 20:00	;0	; --%	; --%	;0	; --%	; --%	;0	; --%	; --%	;0	; --%	; --%	;0	; --%	; --%	;0	;Disminuir por100.0%	; --%	;0	; --%	; --%	;0	; --%	; --%	;
1581	;08/05 20:00 - 21:00	;0	; --%	; --%	;0	; --%	; --%	;0	; --%	; --%	;0	; --%	; --%	;0	; --%	; --%	;0	;Disminuir por100.0%	; --%	;0	; --%	; --%	;0	; --%	; --%	;
1582	;08/05 21:00 - 22:00	;0	; --%	; --%	;0	; --%	; --%	;0	; --%	; --%	;0	; --%	; --%	;0	; --%	; --%	;0	; --%	; --%	;0	; --%	; --%	;0	; --%	; --%	;
1583	;08/05 22:00 - 23:00	;0	; --%	; --%	;0	; --%	; --%	;0	; --%	; --%	;0	; --%	; --%	;0	; --%	; --%	;0	;Disminuir por100.0%	; --%	;0	; --%	; --%	;0	; --%	; --%	;
1584	;08/05 23:00 - 24:00	;0	; --%	; --%	;0	; --%	; --%	;0	; --%	; --%	;0	; --%	; --%	;0	; --%	; --%	;0	; --%	; --%	;0	; --%	; --%	;0	; --%	; --%	;
1585	;08/06 00:00 - 01:00	;0	; --%	; --%	;0	; --%	; --%	;0	; --%	; --%	;0	; --%	; --%	;0	; --%	; --%	;0	; --%	; --%	;0	; --%	; --%	;0	; --%	; --%	;
1586	;08/06 01:00 - 02:00	;0	; --%	; --%	;0	; --%	; --%	;0	; --%	; --%	;0	; --%	; --%	;0	; --%	; --%	;0	; --%	; --%	;0	; --%	; --%	;0	; --%	; --%	;
1587	;08/06 02:00 - 03:00	;0	; --%	; --%	;0	; --%	; --%	;0	; --%	; --%	;0	; --%	; --%	;0	; --%	; --%	;0	; --%	; --%	;0	; --%	; --%	;0	;Disminuir por100.0%	; --%	;
1588	;08/06 03:00 - 04:00	;9	; --%	; --%	;9	; --%	; --%	;0	; --%	; --%	;0	; --%	; --%	;0	; --%	; --%	;0	; --%	; --%	;4	; --%	; --%	;5	; --%	; --%	;
1589	;08/06 04:00 - 05:00	;0	; --%	; --%	;0	; --%	; --%	;0	; --%	; --%	;0	; --%	; --%	;0	; --%	; --%	;0	;Disminuir por100.0%	;Disminuir por100.0%	;0	; --%	; --%	;0	; --%	;Disminuir por100.0%	;
1590	;08/06 05:00 - 06:00	;0	; --%	; --%	;0	; --%	; --%	;0	; --%	; --%	;0	; --%	; --%	;0	; --%	; --%	;0	; --%	; --%	;0	; --%	; --%	;0	; --%	; --%	;
1591	;08/06 06:00 - 07:00	;0	; --%	; --%	;0	; --%	; --%	;0	; --%	; --%	;0	; --%	; --%	;0	; --%	; --%	;2	; --%	;Sin cambios	;0	; --%	;Disminuir por100.0%	;0	; --%	;Disminuir por100.0%	;
1592	;08/06 07:00 - 08:00	;0	; --%	; --%	;0	; --%	; --%	;0	; --%	; --%	;0	; --%	; --%	;0	; --%	;Disminuir por100.0%	;2	;Aumentar por100.0%	;Disminuir por33.3%	;0	; --%	; --%	;0	; --%	;Disminuir por100.0%	;
1593	;08/06 08:00 - 09:00	;0	; --%	; --%	;0	; --%	; --%	;0	; --%	; --%	;0	; --%	; --%	;0	; --%	; --%	;4	;Disminuir por55.6%	;Aumentar por33.3%	;0	; --%	; --%	;0	; --%	; --%	;
1594	;08/06 09:00 - 10:00	;0	; --%	; --%	;0	; --%	; --%	;0	; --%	;Disminuir por100.0%	;0	; --%	;Disminuir por100.0%	;0	; --%	; --%	;3	;Disminuir por25.0%	;Disminuir por40.0%	;1	; --%	; --%	;2	; --%	; --%	;
1595	;08/06 10:00 - 11:00	;0	; --%	; --%	;0	;Disminuir por100.0%	; --%	;3	; --%	; --%	;2	; --%	;Aumentar por100.0%	;0	; --%	; --%	;6	; --%	;Aumentar por50.0%	;0	; --%	;Disminuir por100.0%	;0	; --%	;Disminuir por100.0%	;
1596	;08/06 11:00 - 12:00	;0	; --%	; --%	;0	; --%	; --%	;1	; --%	; --%	;0	; --%	; --%	;0	; --%	;Disminuir por100.0%	;5	;Aumentar por150.0%	;Aumentar por25.0%	;0	;Disminuir por100.0%	; --%	;0	;Disminuir por100.0%	; --%	;
1597	;08/06 12:00 - 13:00	;0	; --%	; --%	;0	; --%	; --%	;0	; --%	; --%	;0	;Disminuir por100.0%	; --%	;0	; --%	; --%	;1	;Disminuir por80.0%	;Disminuir por80.0%	;0	; --%	; --%	;0	; --%	; --%	;
1598	;08/06 13:00 - 14:00	;0	; --%	; --%	;0	; --%	; --%	;0	; --%	; --%	;0	; --%	; --%	;0	; --%	; --%	;4	;Sin cambios	;Aumentar por33.3%	;0	; --%	; --%	;0	; --%	; --%	;
1599	;08/06 14:00 - 15:00	;0	; --%	; --%	;0	; --%	; --%	;0	; --%	; --%	;0	; --%	; --%	;0	; --%	;Disminuir por100.0%	;4	;Disminuir por20.0%	;Aumentar por33.3%	;0	; --%	; --%	;0	; --%	; --%	;
1600	;08/06 15:00 - 16:00	;0	; --%	; --%	;0	; --%	; --%	;0	; --%	; --%	;0	; --%	; --%	;0	; --%	; --%	;2	;Disminuir por33.3%	;Aumentar por100.0%	;0	; --%	; --%	;0	; --%	; --%	;
1601	;08/06 16:00 - 17:00	;0	; --%	; --%	;0	; --%	; --%	;0	; --%	; --%	;0	;Disminuir por100.0%	; --%	;0	; --%	; --%	;2	;Sin cambios	;Aumentar por100.0%	;0	; --%	; --%	;0	; --%	; --%	;
1602	;08/06 17:00 - 18:00	;0	; --%	; --%	;0	; --%	; --%	;0	; --%	; --%	;0	;Disminuir por100.0%	; --%	;0	; --%	; --%	;2	;Sin cambios	; --%	;0	; --%	; --%	;0	; --%	; --%	;
1603	;08/06 18:00 - 19:00	;0	; --%	; --%	;0	; --%	; --%	;0	; --%	; --%	;0	;Disminuir por100.0%	; --%	;0	; --%	; --%	;0	;Disminuir por100.0%	; --%	;0	; --%	; --%	;0	; --%	; --%	;
1604	;08/06 19:00 - 20:00	;0	; --%	; --%	;0	; --%	; --%	;0	; --%	; --%	;0	; --%	; --%	;0	; --%	; --%	;0	;Disminuir por100.0%	; --%	;0	; --%	; --%	;0	; --%	; --%	;
1605	;08/06 20:00 - 21:00	;0	; --%	; --%	;0	; --%	; --%	;0	; --%	; --%	;0	; --%	; --%	;0	; --%	; --%	;0	;Disminuir por100.0%	; --%	;0	; --%	; --%	;0	; --%	; --%	;
1606	;08/06 21:00 - 22:00	;0	; --%	; --%	;0	; --%	; --%	;0	; --%	; --%	;0	; --%	; --%	;0	; --%	; --%	;0	;Disminuir por100.0%	; --%	;0	; --%	; --%	;0	; --%	; --%	;
1607	;08/06 22:00 - 23:00	;0	; --%	; --%	;0	; --%	; --%	;0	; --%	; --%	;0	; --%	; --%	;0	; --%	; --%	;0	; --%	; --%	;0	; --%	; --%	;0	; --%	; --%	;
1608	;08/06 23:00 - 24:00	;0	; --%	; --%	;0	; --%	; --%	;0	; --%	; --%	;0	; --%	; --%	;0	; --%	; --%	;0	;Disminuir por100.0%	; --%	;0	; --%	; --%	;0	; --%	; --%	;
1609	;08/07 00:00 - 01:00	;0	; --%	; --%	;0	; --%	; --%	;0	; --%	; --%	;0	; --%	; --%	;0	; --%	; --%	;0	; --%	; --%	;0	; --%	; --%	;0	; --%	; --%	;
1610	;08/07 01:00 - 02:00	;0	; --%	; --%	;0	; --%	; --%	;0	; --%	; --%	;0	; --%	; --%	;0	; --%	; --%	;0	; --%	;Disminuir por100.0%	;0	; --%	; --%	;0	; --%	; --%	;
1611	;08/07 02:00 - 03:00	;0	; --%	; --%	;0	; --%	; --%	;0	; --%	; --%	;0	; --%	; --%	;0	; --%	; --%	;0	; --%	; --%	;0	; --%	; --%	;0	; --%	; --%	;
1612	;08/07 03:00 - 04:00	;0	; --%	; --%	;0	; --%	; --%	;0	; --%	; --%	;0	; --%	; --%	;0	; --%	; --%	;0	; --%	; --%	;0	;Disminuir por100.0%	; --%	;1	;Disminuir por50.0%	;Sin cambios	;
1613	;08/07 04:00 - 05:00	;0	; --%	;Disminuir por100.0%	;0	; --%	;Disminuir por100.0%	;0	; --%	; --%	;0	; --%	; --%	;0	; --%	; --%	;0	; --%	; --%	;0	; --%	; --%	;0	; --%	; --%	;
1614	;08/07 05:00 - 06:00	;0	; --%	; --%	;0	; --%	; --%	;0	; --%	; --%	;0	; --%	; --%	;1	; --%	; --%	;0	; --%	;Disminuir por100.0%	;0	; --%	; --%	;2	; --%	; --%	;
1615	;08/07 06:00 - 07:00	;0	; --%	; --%	;0	; --%	; --%	;0	; --%	; --%	;0	; --%	; --%	;0	; --%	; --%	;1	;Sin cambios	;Sin cambios	;0	; --%	; --%	;0	; --%	; --%	;
1616	;08/07 07:00 - 08:00	;0	; --%	; --%	;0	; --%	; --%	;0	; --%	; --%	;0	; --%	; --%	;0	; --%	; --%	;3	;Aumentar por200.0%	;Sin cambios	;0	; --%	; --%	;0	; --%	; --%	;
1617	;08/07 08:00 - 09:00	;0	; --%	; --%	;0	; --%	; --%	;0	;Disminuir por100.0%	; --%	;0	;Disminuir por100.0%	; --%	;0	; --%	; --%	;3	;Disminuir por62.5%	;Aumentar por200.0%	;0	; --%	; --%	;0	; --%	; --%	;
1618	;08/07 09:00 - 10:00	;0	; --%	; --%	;0	; --%	; --%	;0	; --%	; --%	;0	;Disminuir por100.0%	;Disminuir por100.0%	;0	; --%	; --%	;5	;Aumentar por150.0%	;Disminuir por16.7%	;0	;Disminuir por100.0%	; --%	;0	;Disminuir por100.0%	;Disminuir por100.0%	;
1619	;08/07 10:00 - 11:00	;0	; --%	; --%	;0	; --%	; --%	;1	; --%	;Disminuir por98.4%	;0	;Disminuir por100.0%	;Disminuir por100.0%	;0	; --%	; --%	;3	;Disminuir por25.0%	;Disminuir por40.0%	;0	; --%	; --%	;0	; --%	; --%	;
1620	;08/07 11:00 - 12:00	;0	; --%	; --%	;0	; --%	; --%	;0	; --%	; --%	;0	; --%	; --%	;0	; --%	; --%	;4	;Sin cambios	;Disminuir por20.0%	;0	; --%	; --%	;0	; --%	; --%	;
1621	;08/07 12:00 - 13:00	;0	; --%	; --%	;0	; --%	; --%	;0	; --%	; --%	;0	; --%	; --%	;0	; --%	; --%	;5	;Aumentar por25.0%	;Aumentar por66.7%	;0	; --%	; --%	;0	; --%	; --%	;
1622	;08/07 13:00 - 14:00	;0	; --%	; --%	;0	; --%	; --%	;0	; --%	; --%	;1	; --%	; --%	;0	; --%	; --%	;6	;Aumentar por200.0%	;Aumentar por200.0%	;0	; --%	; --%	;0	; --%	; --%	;
1623	;08/07 14:00 - 15:00	;0	; --%	; --%	;0	; --%	; --%	;0	;Disminuir por100.0%	; --%	;0	;Disminuir por100.0%	;Disminuir por100.0%	;0	; --%	; --%	;3	;Aumentar por200.0%	;Aumentar por200.0%	;0	; --%	; --%	;0	; --%	; --%	;
1624	;08/07 15:00 - 16:00	;0	; --%	; --%	;0	; --%	; --%	;0	; --%	; --%	;0	; --%	; --%	;0	; --%	; --%	;1	;Sin cambios	;Disminuir por66.7%	;0	; --%	; --%	;0	; --%	; --%	;
1625	;08/07 16:00 - 17:00	;0	; --%	; --%	;0	; --%	; --%	;0	; --%	; --%	;0	; --%	; --%	;0	; --%	; --%	;0	;Disminuir por100.0%	;Disminuir por100.0%	;0	; --%	; --%	;0	; --%	; --%	;
1626	;08/07 17:00 - 18:00	;0	; --%	; --%	;0	; --%	; --%	;0	; --%	; --%	;0	;Disminuir por100.0%	; --%	;0	; --%	; --%	;1	;Sin cambios	;Sin cambios	;0	; --%	; --%	;0	; --%	; --%	;
1627	;08/07 18:00 - 19:00	;0	; --%	; --%	;0	; --%	; --%	;0	; --%	; --%	;0	; --%	; --%	;0	; --%	; --%	;1	;Sin cambios	; --%	;0	; --%	; --%	;0	; --%	; --%	;
1628	;08/07 19:00 - 20:00	;0	; --%	; --%	;0	; --%	; --%	;0	; --%	; --%	;0	; --%	; --%	;0	; --%	; --%	;0	;Disminuir por100.0%	; --%	;0	; --%	; --%	;0	; --%	; --%	;
1629	;08/07 20:00 - 21:00	;0	; --%	; --%	;0	; --%	; --%	;0	; --%	; --%	;0	; --%	; --%	;0	; --%	; --%	;0	; --%	; --%	;0	; --%	; --%	;0	; --%	; --%	;
1630	;08/07 21:00 - 22:00	;0	; --%	; --%	;0	; --%	; --%	;0	; --%	; --%	;0	; --%	; --%	;0	; --%	; --%	;0	;Disminuir por100.0%	; --%	;0	; --%	; --%	;0	; --%	; --%	;
1631	;08/07 22:00 - 23:00	;0	; --%	; --%	;0	; --%	; --%	;0	; --%	; --%	;0	; --%	; --%	;0	; --%	; --%	;0	;Disminuir por100.0%	; --%	;0	; --%	; --%	;0	; --%	; --%	;
1632	;08/07 23:00 - 24:00	;0	; --%	; --%	;0	; --%	; --%	;0	; --%	; --%	;0	; --%	; --%	;0	; --%	; --%	;0	; --%	; --%	;0	; --%	; --%	;0	; --%	; --%	;
1633	;08/08 00:00 - 01:00	;0	; --%	; --%	;0	; --%	; --%	;0	; --%	; --%	;0	; --%	; --%	;0	; --%	; --%	;0	; --%	; --%	;0	; --%	; --%	;0	; --%	; --%	;
1634	;08/08 01:00 - 02:00	;0	; --%	; --%	;0	; --%	; --%	;0	; --%	; --%	;0	; --%	; --%	;0	; --%	; --%	;0	; --%	;Disminuir por100.0%	;0	; --%	; --%	;1	; --%	; --%	;
1635	;08/08 02:00 - 03:00	;0	; --%	; --%	;0	; --%	; --%	;0	; --%	; --%	;0	; --%	; --%	;0	; --%	; --%	;0	; --%	; --%	;0	;Disminuir por100.0%	; --%	;0	;Disminuir por100.0%	; --%	;
1636	;08/08 03:00 - 04:00	;0	; --%	; --%	;0	; --%	; --%	;0	; --%	; --%	;0	; --%	; --%	;0	; --%	; --%	;0	; --%	; --%	;3	; --%	; --%	;5	; --%	; --%	;
1637	;08/08 04:00 - 05:00	;0	; --%	; --%	;0	; --%	; --%	;0	; --%	; --%	;0	; --%	; --%	;0	; --%	; --%	;1	; --%	; --%	;0	; --%	;Disminuir por100.0%	;0	; --%	;Disminuir por100.0%	;
1638	;08/08 05:00 - 06:00	;0	; --%	; --%	;0	; --%	; --%	;0	; --%	; --%	;0	; --%	; --%	;0	; --%	; --%	;0	; --%	; --%	;0	; --%	; --%	;0	; --%	; --%	;
1639	;08/08 06:00 - 07:00	;0	; --%	; --%	;0	; --%	; --%	;0	; --%	; --%	;0	; --%	; --%	;0	; --%	; --%	;0	; --%	;Disminuir por100.0%	;0	; --%	; --%	;0	; --%	; --%	;
1640	;08/08 07:00 - 08:00	;0	; --%	; --%	;0	; --%	; --%	;0	; --%	; --%	;0	; --%	; --%	;0	; --%	; --%	;0	;Disminuir por100.0%	;Disminuir por100.0%	;0	; --%	; --%	;0	; --%	; --%	;
1641	;08/08 08:00 - 09:00	;0	; --%	; --%	;0	; --%	; --%	;0	; --%	; --%	;0	;Disminuir por100.0%	; --%	;1	; --%	; --%	;8	;Disminuir por11.1%	;Aumentar por60.0%	;0	; --%	; --%	;0	; --%	; --%	;
1642	;08/08 09:00 - 10:00	;0	; --%	; --%	;0	; --%	; --%	;0	; --%	; --%	;0	; --%	; --%	;0	; --%	; --%	;5	;Sin cambios	;Aumentar por400.0%	;0	; --%	; --%	;0	; --%	; --%	;
1643	;08/08 10:00 - 11:00	;0	; --%	; --%	;0	; --%	; --%	;0	; --%	; --%	;0	;Disminuir por100.0%	; --%	;0	; --%	; --%	;4	;Aumentar por100.0%	;Aumentar por33.3%	;0	; --%	; --%	;0	; --%	;Disminuir por100.0%	;
1644	;08/08 11:00 - 12:00	;0	; --%	; --%	;0	; --%	; --%	;0	; --%	; --%	;0	;Disminuir por100.0%	; --%	;0	; --%	; --%	;0	;Disminuir por100.0%	;Disminuir por100.0%	;0	; --%	; --%	;0	;Disminuir por100.0%	; --%	;
1645	;08/08 12:00 - 13:00	;0	; --%	; --%	;0	; --%	; --%	;0	; --%	; --%	;1	; --%	; --%	;0	; --%	; --%	;5	;Disminuir por16.7%	;Aumentar por25.0%	;0	; --%	; --%	;0	; --%	; --%	;
1646	;08/08 13:00 - 14:00	;0	; --%	; --%	;0	; --%	; --%	;0	; --%	; --%	;0	; --%	; --%	;1	; --%	; --%	;1	;Disminuir por75.0%	;Disminuir por66.7%	;0	; --%	; --%	;0	; --%	; --%	;
1647	;08/08 14:00 - 15:00	;0	; --%	; --%	;0	; --%	; --%	;0	; --%	; --%	;1	; --%	; --%	;0	; --%	; --%	;2	;Sin cambios	;Disminuir por33.3%	;0	; --%	; --%	;0	; --%	; --%	;
1648	;08/08 15:00 - 16:00	;0	; --%	; --%	;0	; --%	; --%	;0	; --%	; --%	;0	; --%	; --%	;0	; --%	; --%	;3	;Aumentar por50.0%	;Aumentar por50.0%	;0	; --%	; --%	;0	; --%	; --%	;
1649	;08/08 16:00 - 17:00	;0	; --%	; --%	;0	; --%	; --%	;0	; --%	; --%	;0	;Disminuir por100.0%	;Disminuir por100.0%	;0	; --%	; --%	;2	;Sin cambios	;Sin cambios	;0	; --%	; --%	;0	; --%	; --%	;
1650	;08/08 17:00 - 18:00	;0	; --%	; --%	;0	; --%	; --%	;0	; --%	; --%	;0	; --%	; --%	;0	; --%	; --%	;1	;Sin cambios	;Disminuir por50.0%	;0	; --%	; --%	;0	; --%	; --%	;
1651	;08/08 18:00 - 19:00	;0	; --%	; --%	;0	; --%	; --%	;0	; --%	; --%	;0	; --%	; --%	;0	; --%	; --%	;0	; --%	; --%	;0	; --%	; --%	;0	; --%	; --%	;
1652	;08/08 19:00 - 20:00	;0	; --%	; --%	;0	; --%	; --%	;0	; --%	; --%	;0	; --%	; --%	;0	; --%	; --%	;0	;Disminuir por100.0%	; --%	;0	; --%	; --%	;0	; --%	; --%	;
1653	;08/08 20:00 - 21:00	;0	; --%	; --%	;0	; --%	; --%	;0	; --%	; --%	;0	;Disminuir por100.0%	; --%	;0	; --%	; --%	;0	;Disminuir por100.0%	; --%	;0	; --%	; --%	;0	; --%	; --%	;
1654	;08/08 21:00 - 22:00	;0	; --%	; --%	;0	; --%	; --%	;0	; --%	; --%	;0	; --%	; --%	;0	; --%	; --%	;0	; --%	; --%	;0	; --%	; --%	;0	; --%	; --%	;
1655	;08/08 22:00 - 23:00	;0	; --%	; --%	;0	; --%	; --%	;0	; --%	; --%	;0	; --%	; --%	;0	; --%	; --%	;0	; --%	; --%	;0	; --%	; --%	;0	; --%	; --%	;
1656	;08/08 23:00 - 24:00	;0	; --%	; --%	;0	; --%	; --%	;0	; --%	; --%	;0	; --%	; --%	;0	; --%	; --%	;0	; --%	; --%	;0	; --%	; --%	;0	; --%	; --%	;
1657	;08/09 00:00 - 01:00	;0	; --%	; --%	;0	; --%	; --%	;0	; --%	; --%	;0	; --%	; --%	;0	; --%	; --%	;0	; --%	; --%	;0	; --%	; --%	;0	; --%	; --%	;
1658	;08/09 01:00 - 02:00	;0	; --%	; --%	;0	; --%	; --%	;0	; --%	; --%	;0	; --%	; --%	;0	; --%	; --%	;1	; --%	; --%	;0	; --%	; --%	;0	; --%	; --%	;
1659	;08/09 02:00 - 03:00	;0	; --%	; --%	;0	; --%	; --%	;0	; --%	; --%	;0	; --%	; --%	;0	;Disminuir por100.0%	; --%	;0	; --%	;Disminuir por100.0%	;0	; --%	; --%	;0	; --%	; --%	;
1660	;08/09 03:00 - 04:00	;0	; --%	; --%	;0	; --%	; --%	;0	; --%	; --%	;0	; --%	; --%	;0	; --%	; --%	;0	; --%	; --%	;0	; --%	; --%	;1	; --%	; --%	;
1661	;08/09 04:00 - 05:00	;0	; --%	; --%	;0	; --%	; --%	;0	; --%	; --%	;0	; --%	;Disminuir por100.0%	;0	; --%	; --%	;0	;Disminuir por100.0%	; --%	;0	;Disminuir por100.0%	; --%	;0	;Disminuir por100.0%	;Disminuir por100.0%	;
1662	;08/09 05:00 - 06:00	;0	; --%	; --%	;0	; --%	; --%	;0	; --%	; --%	;0	; --%	; --%	;0	; --%	; --%	;0	; --%	; --%	;0	; --%	; --%	;0	; --%	; --%	;
1663	;08/09 06:00 - 07:00	;0	; --%	; --%	;0	; --%	; --%	;0	; --%	; --%	;0	; --%	; --%	;0	; --%	; --%	;0	; --%	; --%	;0	; --%	; --%	;0	; --%	; --%	;
1664	;08/09 07:00 - 08:00	;0	; --%	; --%	;0	; --%	; --%	;0	; --%	; --%	;0	; --%	; --%	;0	; --%	; --%	;0	; --%	; --%	;0	; --%	; --%	;0	; --%	; --%	;
1665	;08/09 08:00 - 09:00	;0	; --%	; --%	;0	; --%	; --%	;0	; --%	; --%	;0	; --%	; --%	;0	; --%	; --%	;2	;Disminuir por50.0%	;Disminuir por33.3%	;0	; --%	; --%	;0	; --%	; --%	;
1666	;08/09 09:00 - 10:00	;0	; --%	; --%	;0	; --%	; --%	;0	; --%	; --%	;0	; --%	; --%	;0	; --%	; --%	;2	;Disminuir por50.0%	;Disminuir por33.3%	;0	; --%	;Disminuir por100.0%	;0	; --%	;Disminuir por100.0%	;
1667	;08/09 10:00 - 11:00	;0	; --%	; --%	;0	; --%	; --%	;1	; --%	; --%	;0	; --%	; --%	;0	; --%	; --%	;3	;Disminuir por25.0%	;Disminuir por57.1%	;0	; --%	; --%	;0	; --%	; --%	;
1668	;08/09 11:00 - 12:00	;0	; --%	; --%	;0	; --%	; --%	;0	; --%	; --%	;1	; --%	; --%	;1	; --%	; --%	;4	;Aumentar por300.0%	;Aumentar por100.0%	;0	; --%	; --%	;0	; --%	; --%	;
1669	;08/09 12:00 - 13:00	;0	; --%	; --%	;0	; --%	; --%	;0	; --%	; --%	;0	;Disminuir por100.0%	; --%	;0	; --%	; --%	;4	; --%	;Aumentar por300.0%	;0	; --%	; --%	;0	; --%	; --%	;
1670	;08/09 13:00 - 14:00	;0	; --%	; --%	;0	; --%	; --%	;0	; --%	; --%	;0	; --%	; --%	;0	; --%	; --%	;0	;Disminuir por100.0%	;Disminuir por100.0%	;0	; --%	; --%	;0	; --%	; --%	;
1671	;08/09 14:00 - 15:00	;0	; --%	; --%	;0	; --%	; --%	;0	; --%	; --%	;0	; --%	; --%	;0	; --%	; --%	;1	; --%	;Disminuir por50.0%	;0	; --%	; --%	;0	; --%	; --%	;
1672	;08/09 15:00 - 16:00	;0	; --%	; --%	;0	; --%	; --%	;0	; --%	; --%	;0	;Disminuir por100.0%	; --%	;0	; --%	; --%	;0	;Disminuir por100.0%	; --%	;0	; --%	; --%	;0	; --%	; --%	;
1673	;08/09 16:00 - 17:00	;0	; --%	; --%	;0	; --%	; --%	;0	; --%	; --%	;0	; --%	; --%	;0	; --%	; --%	;0	;Disminuir por100.0%	;Disminuir por100.0%	;0	; --%	; --%	;0	; --%	; --%	;
1674	;08/09 17:00 - 18:00	;0	; --%	; --%	;0	; --%	; --%	;0	; --%	; --%	;0	; --%	; --%	;0	; --%	; --%	;1	;Disminuir por50.0%	;Disminuir por66.7%	;0	; --%	; --%	;0	; --%	; --%	;
1675	;08/09 18:00 - 19:00	;0	; --%	; --%	;0	; --%	; --%	;0	; --%	; --%	;0	; --%	; --%	;0	; --%	; --%	;0	;Disminuir por100.0%	;Disminuir por100.0%	;0	; --%	; --%	;0	; --%	; --%	;
1676	;08/09 19:00 - 20:00	;0	; --%	; --%	;0	; --%	; --%	;0	; --%	; --%	;0	; --%	; --%	;0	; --%	; --%	;0	;Disminuir por100.0%	; --%	;0	; --%	; --%	;0	; --%	; --%	;
1677	;08/09 20:00 - 21:00	;0	; --%	; --%	;0	; --%	; --%	;0	; --%	; --%	;0	; --%	; --%	;0	; --%	; --%	;0	; --%	; --%	;0	; --%	; --%	;0	; --%	; --%	;
1678	;08/09 21:00 - 22:00	;0	; --%	; --%	;0	; --%	; --%	;0	; --%	; --%	;0	; --%	; --%	;0	; --%	; --%	;0	; --%	; --%	;0	; --%	; --%	;0	; --%	; --%	;
1679	;08/09 22:00 - 23:00	;0	; --%	; --%	;0	; --%	; --%	;0	; --%	; --%	;0	; --%	; --%	;0	; --%	; --%	;0	; --%	; --%	;0	; --%	; --%	;0	; --%	; --%	;
1680	;08/09 23:00 - 24:00	;0	; --%	; --%	;0	; --%	; --%	;0	; --%	; --%	;0	; --%	; --%	;0	; --%	; --%	;0	; --%	; --%	;0	; --%	; --%	;0	; --%	; --%	;
1681	;08/10 00:00 - 01:00	;0	; --%	; --%	;0	; --%	; --%	;0	; --%	; --%	;0	; --%	; --%	;0	; --%	; --%	;0	; --%	; --%	;0	; --%	; --%	;0	; --%	; --%	;
1682	;08/10 01:00 - 02:00	;0	; --%	; --%	;0	; --%	; --%	;0	; --%	; --%	;0	; --%	; --%	;0	; --%	; --%	;1	; --%	;Sin cambios	;0	; --%	; --%	;0	; --%	; --%	;
1683	;08/10 02:00 - 03:00	;0	; --%	; --%	;0	; --%	; --%	;0	; --%	; --%	;0	; --%	; --%	;0	; --%	; --%	;0	; --%	; --%	;0	; --%	; --%	;2	;Aumentar por100.0%	; --%	;
1684	;08/10 03:00 - 04:00	;0	; --%	; --%	;0	; --%	; --%	;0	; --%	; --%	;0	; --%	; --%	;0	; --%	; --%	;0	; --%	; --%	;0	; --%	; --%	;0	; --%	;Disminuir por100.0%	;
1685	;08/10 04:00 - 05:00	;0	; --%	; --%	;0	; --%	; --%	;0	; --%	; --%	;0	; --%	; --%	;0	; --%	; --%	;1	; --%	;Sin cambios	;0	; --%	;Disminuir por100.0%	;1	; --%	;Disminuir por50.0%	;
1686	;08/10 05:00 - 06:00	;0	; --%	; --%	;0	; --%	; --%	;0	; --%	; --%	;0	; --%	; --%	;0	; --%	; --%	;1	; --%	;Disminuir por50.0%	;0	; --%	; --%	;0	; --%	; --%	;
1687	;08/10 06:00 - 07:00	;0	; --%	; --%	;0	; --%	; --%	;0	; --%	; --%	;0	; --%	; --%	;0	; --%	; --%	;2	; --%	; --%	;0	; --%	; --%	;0	; --%	; --%	;
1688	;08/10 07:00 - 08:00	;0	; --%	; --%	;0	; --%	; --%	;0	;Disminuir por100.0%	; --%	;0	; --%	; --%	;0	; --%	; --%	;1	;Sin cambios	;Sin cambios	;0	; --%	; --%	;0	; --%	; --%	;
1689	;08/10 08:00 - 09:00	;0	; --%	; --%	;0	; --%	; --%	;0	; --%	; --%	;0	; --%	; --%	;1	; --%	; --%	;5	;Aumentar por66.7%	;Aumentar por400.0%	;0	; --%	; --%	;0	; --%	; --%	;
1690	;08/10 09:00 - 10:00	;0	; --%	; --%	;0	; --%	; --%	;0	; --%	; --%	;0	; --%	; --%	;0	; --%	; --%	;1	; --%	;Disminuir por50.0%	;0	; --%	; --%	;0	; --%	; --%	;
1691	;08/10 10:00 - 11:00	;0	; --%	; --%	;0	; --%	; --%	;0	; --%	; --%	;0	;Disminuir por100.0%	; --%	;0	; --%	; --%	;5	;Aumentar por400.0%	;Aumentar por150.0%	;0	; --%	; --%	;0	; --%	; --%	;
1692	;08/10 11:00 - 12:00	;0	; --%	; --%	;0	; --%	; --%	;0	; --%	; --%	;0	; --%	; --%	;0	; --%	; --%	;5	;Aumentar por400.0%	;Aumentar por400.0%	;0	; --%	; --%	;0	; --%	; --%	;
1693	;08/10 12:00 - 13:00	;0	; --%	; --%	;0	; --%	; --%	;0	;Disminuir por100.0%	; --%	;1	; --%	; --%	;1	; --%	; --%	;1	;Sin cambios	;Disminuir por50.0%	;0	; --%	; --%	;0	; --%	; --%	;
1694	;08/10 13:00 - 14:00	;0	; --%	; --%	;0	; --%	; --%	;0	; --%	; --%	;0	; --%	; --%	;0	; --%	; --%	;5	;Aumentar por400.0%	;Aumentar por400.0%	;0	; --%	; --%	;0	; --%	; --%	;
1695	;08/10 14:00 - 15:00	;0	; --%	; --%	;0	; --%	; --%	;0	; --%	; --%	;0	; --%	; --%	;0	; --%	; --%	;2	;Aumentar por100.0%	;Sin cambios	;0	; --%	; --%	;0	; --%	; --%	;
1696	;08/10 15:00 - 16:00	;0	; --%	; --%	;0	; --%	; --%	;0	; --%	; --%	;1	; --%	; --%	;0	; --%	; --%	;2	; --%	;Disminuir por33.3%	;0	; --%	; --%	;0	; --%	; --%	;
1697	;08/10 16:00 - 17:00	;0	; --%	; --%	;0	; --%	; --%	;0	; --%	; --%	;0	; --%	; --%	;0	; --%	; --%	;3	; --%	;Aumentar por50.0%	;0	; --%	; --%	;0	; --%	; --%	;
1698	;08/10 17:00 - 18:00	;0	; --%	; --%	;0	; --%	; --%	;0	; --%	; --%	;1	; --%	; --%	;0	; --%	; --%	;3	; --%	;Aumentar por200.0%	;0	; --%	; --%	;0	; --%	; --%	;
1699	;08/10 18:00 - 19:00	;0	; --%	; --%	;0	; --%	; --%	;0	; --%	; --%	;1	; --%	; --%	;0	; --%	; --%	;0	;Disminuir por100.0%	; --%	;0	; --%	; --%	;0	; --%	; --%	;
1700	;08/10 19:00 - 20:00	;0	; --%	; --%	;0	; --%	; --%	;0	; --%	; --%	;0	; --%	; --%	;0	; --%	; --%	;0	; --%	; --%	;0	; --%	; --%	;0	; --%	; --%	;
1701	;08/10 20:00 - 21:00	;0	; --%	; --%	;0	; --%	; --%	;0	; --%	; --%	;0	; --%	; --%	;0	; --%	; --%	;0	;Disminuir por100.0%	; --%	;0	; --%	; --%	;0	; --%	; --%	;
1702	;08/10 21:00 - 22:00	;0	; --%	; --%	;0	; --%	; --%	;0	; --%	; --%	;0	; --%	; --%	;0	; --%	; --%	;0	;Disminuir por100.0%	; --%	;0	; --%	; --%	;0	; --%	; --%	;
1703	;08/10 22:00 - 23:00	;0	; --%	; --%	;0	; --%	; --%	;0	; --%	; --%	;0	; --%	; --%	;0	; --%	; --%	;0	; --%	; --%	;0	; --%	; --%	;0	; --%	; --%	;
1704	;08/10 23:00 - 24:00	;0	; --%	; --%	;0	; --%	; --%	;0	; --%	; --%	;0	; --%	; --%	;0	; --%	; --%	;0	; --%	; --%	;0	; --%	; --%	;0	; --%	; --%	;
1705	;08/11 00:00 - 01:00	;0	; --%	; --%	;0	; --%	; --%	;0	; --%	; --%	;0	; --%	; --%	;0	; --%	; --%	;0	; --%	; --%	;0	; --%	; --%	;0	; --%	; --%	;
1706	;08/11 01:00 - 02:00	;0	; --%	; --%	;0	; --%	; --%	;0	; --%	; --%	;0	; --%	; --%	;0	; --%	; --%	;0	; --%	; --%	;0	; --%	; --%	;1	; --%	; --%	;
1707	;08/11 02:00 - 03:00	;0	; --%	; --%	;0	; --%	; --%	;0	; --%	; --%	;0	; --%	; --%	;0	; --%	; --%	;0	; --%	; --%	;0	; --%	; --%	;0	;Disminuir por100.0%	; --%	;
1708	;08/11 03:00 - 04:00	;0	;Disminuir por100.0%	; --%	;0	;Disminuir por100.0%	; --%	;0	; --%	; --%	;0	; --%	; --%	;0	; --%	; --%	;1	; --%	; --%	;0	; --%	; --%	;1	; --%	; --%	;
1709	;08/11 04:00 - 05:00	;0	; --%	; --%	;0	; --%	; --%	;0	; --%	; --%	;0	; --%	; --%	;0	; --%	; --%	;0	; --%	;Disminuir por100.0%	;0	; --%	; --%	;0	; --%	; --%	;
1710	;08/11 05:00 - 06:00	;0	; --%	; --%	;0	; --%	; --%	;0	; --%	; --%	;0	; --%	; --%	;0	; --%	; --%	;0	; --%	; --%	;0	; --%	; --%	;0	; --%	; --%	;
1711	;08/11 06:00 - 07:00	;0	; --%	; --%	;0	; --%	; --%	;0	; --%	; --%	;0	; --%	; --%	;0	; --%	; --%	;2	; --%	;Sin cambios	;0	; --%	; --%	;0	;Disminuir por100.0%	;Disminuir por100.0%	;
1712	;08/11 07:00 - 08:00	;0	; --%	; --%	;0	; --%	; --%	;0	; --%	; --%	;0	; --%	; --%	;0	; --%	; --%	;3	;Aumentar por50.0%	;Disminuir por40.0%	;0	; --%	; --%	;0	; --%	; --%	;
1713	;08/11 08:00 - 09:00	;0	; --%	; --%	;0	; --%	; --%	;0	; --%	; --%	;0	;Disminuir por100.0%	; --%	;0	; --%	; --%	;4	;Disminuir por50.0%	;Aumentar por33.3%	;0	; --%	; --%	;0	; --%	; --%	;
1714	;08/11 09:00 - 10:00	;0	; --%	; --%	;0	; --%	; --%	;0	; --%	; --%	;1	; --%	; --%	;0	; --%	; --%	;6	;Aumentar por50.0%	;Aumentar por200.0%	;0	; --%	; --%	;0	; --%	; --%	;
1715	;08/11 10:00 - 11:00	;0	; --%	; --%	;0	; --%	; --%	;0	; --%	; --%	;0	; --%	; --%	;0	; --%	; --%	;0	;Disminuir por100.0%	;Disminuir por100.0%	;0	; --%	; --%	;0	; --%	; --%	;
1716	;08/11 11:00 - 12:00	;0	; --%	; --%	;0	; --%	; --%	;0	; --%	; --%	;0	; --%	; --%	;0	; --%	; --%	;0	;Disminuir por100.0%	;Disminuir por100.0%	;0	; --%	; --%	;0	; --%	; --%	;
1717	;08/11 12:00 - 13:00	;0	; --%	; --%	;0	; --%	; --%	;0	; --%	; --%	;0	;Disminuir por100.0%	; --%	;0	; --%	; --%	;0	;Disminuir por100.0%	;Disminuir por100.0%	;0	; --%	; --%	;0	; --%	; --%	;
1718	;08/11 13:00 - 14:00	;0	; --%	; --%	;0	; --%	; --%	;0	; --%	; --%	;0	; --%	; --%	;0	; --%	; --%	;0	;Disminuir por100.0%	;Disminuir por100.0%	;0	; --%	; --%	;0	; --%	; --%	;
1719	;08/11 14:00 - 15:00	;0	; --%	; --%	;0	; --%	; --%	;0	; --%	; --%	;0	;Disminuir por100.0%	; --%	;0	; --%	; --%	;0	;Disminuir por100.0%	;Disminuir por100.0%	;0	; --%	; --%	;0	; --%	; --%	;
1720	;08/11 15:00 - 16:00	;0	; --%	; --%	;0	; --%	; --%	;0	; --%	; --%	;0	; --%	; --%	;0	; --%	; --%	;0	;Disminuir por100.0%	; --%	;0	; --%	; --%	;0	; --%	; --%	;
1721	;08/11 16:00 - 17:00	;0	; --%	; --%	;0	; --%	; --%	;0	; --%	; --%	;0	; --%	; --%	;0	; --%	; --%	;0	;Disminuir por100.0%	; --%	;0	; --%	; --%	;0	; --%	; --%	;
1722	;08/11 17:00 - 18:00	;0	; --%	; --%	;0	; --%	; --%	;0	; --%	; --%	;0	;Disminuir por100.0%	; --%	;0	; --%	; --%	;0	;Disminuir por100.0%	;Disminuir por100.0%	;0	; --%	; --%	;0	; --%	; --%	;
1723	;08/11 18:00 - 19:00	;0	; --%	; --%	;0	; --%	; --%	;0	; --%	; --%	;0	; --%	; --%	;0	; --%	; --%	;0	;Disminuir por100.0%	; --%	;0	; --%	; --%	;0	; --%	; --%	;
1724	;08/11 19:00 - 20:00	;0	; --%	; --%	;0	; --%	; --%	;0	; --%	; --%	;0	; --%	; --%	;0	; --%	; --%	;0	;Disminuir por100.0%	; --%	;0	; --%	; --%	;0	; --%	; --%	;
1725	;08/11 20:00 - 21:00	;0	; --%	; --%	;0	; --%	; --%	;0	; --%	; --%	;0	; --%	; --%	;0	; --%	; --%	;0	;Disminuir por100.0%	; --%	;0	; --%	; --%	;0	; --%	; --%	;
1726	;08/11 21:00 - 22:00	;0	; --%	; --%	;0	; --%	; --%	;0	; --%	; --%	;0	; --%	; --%	;0	; --%	; --%	;0	;Disminuir por100.0%	; --%	;0	; --%	; --%	;0	; --%	; --%	;
1727	;08/11 22:00 - 23:00	;0	; --%	; --%	;0	; --%	; --%	;0	; --%	; --%	;0	; --%	; --%	;0	; --%	; --%	;0	; --%	; --%	;0	; --%	; --%	;0	; --%	; --%	;
1728	;08/11 23:00 - 24:00	;0	; --%	; --%	;0	; --%	; --%	;0	; --%	; --%	;0	; --%	; --%	;0	; --%	; --%	;0	; --%	; --%	;0	; --%	; --%	;0	; --%	; --%	;
1729	;08/12 00:00 - 01:00	;0	; --%	; --%	;0	; --%	; --%	;0	; --%	; --%	;0	; --%	; --%	;0	; --%	; --%	;0	; --%	; --%	;0	; --%	; --%	;0	; --%	; --%	;
1730	;08/12 01:00 - 02:00	;0	; --%	; --%	;0	; --%	; --%	;0	; --%	; --%	;0	; --%	; --%	;0	; --%	; --%	;0	;Disminuir por100.0%	; --%	;0	; --%	; --%	;0	; --%	; --%	;
1731	;08/12 02:00 - 03:00	;0	; --%	; --%	;0	; --%	; --%	;0	; --%	; --%	;0	; --%	; --%	;0	; --%	; --%	;0	; --%	; --%	;0	; --%	; --%	;0	; --%	;Disminuir por100.0%	;
1732	;08/12 03:00 - 04:00	;0	; --%	; --%	;0	; --%	; --%	;0	; --%	; --%	;0	;Disminuir por100.0%	; --%	;0	; --%	; --%	;0	; --%	;Disminuir por100.0%	;0	; --%	; --%	;0	; --%	;Disminuir por100.0%	;
1733	;08/12 04:00 - 05:00	;0	; --%	; --%	;0	; --%	; --%	;0	; --%	;Disminuir por100.0%	;0	; --%	;Disminuir por100.0%	;0	; --%	; --%	;0	; --%	;Disminuir por100.0%	;0	; --%	; --%	;0	; --%	; --%	;
1734	;08/12 05:00 - 06:00	;0	; --%	; --%	;0	; --%	; --%	;0	; --%	; --%	;0	; --%	; --%	;0	; --%	; --%	;0	; --%	; --%	;0	; --%	; --%	;0	; --%	; --%	;
1735	;08/12 06:00 - 07:00	;0	; --%	; --%	;0	; --%	; --%	;0	; --%	; --%	;0	; --%	; --%	;0	; --%	; --%	;0	;Disminuir por100.0%	;Disminuir por100.0%	;0	; --%	; --%	;0	; --%	; --%	;
1736	;08/12 07:00 - 08:00	;0	; --%	; --%	;0	; --%	; --%	;0	; --%	; --%	;0	; --%	; --%	;0	; --%	; --%	;0	;Disminuir por100.0%	;Disminuir por100.0%	;0	; --%	; --%	;0	; --%	; --%	;
1737	;08/12 08:00 - 09:00	;0	; --%	; --%	;0	; --%	; --%	;0	; --%	; --%	;0	; --%	;Disminuir por100.0%	;0	; --%	; --%	;0	;Disminuir por100.0%	;Disminuir por100.0%	;0	; --%	; --%	;0	; --%	; --%	;
1738	;08/12 09:00 - 10:00	;0	; --%	; --%	;0	; --%	; --%	;0	; --%	; --%	;0	; --%	; --%	;0	; --%	; --%	;0	;Disminuir por100.0%	;Disminuir por100.0%	;0	; --%	;Disminuir por100.0%	;0	; --%	;Disminuir por100.0%	;
1739	;08/12 10:00 - 11:00	;0	; --%	; --%	;0	; --%	; --%	;0	; --%	;Disminuir por100.0%	;0	; --%	;Disminuir por100.0%	;0	; --%	; --%	;0	;Disminuir por100.0%	;Disminuir por100.0%	;0	; --%	; --%	;0	; --%	;Disminuir por100.0%	;
1740	;08/12 11:00 - 12:00	;0	;Disminuir por100.0%	; --%	;0	; --%	; --%	;0	; --%	; --%	;0	;Disminuir por100.0%	; --%	;0	; --%	; --%	;0	;Disminuir por100.0%	;Disminuir por100.0%	;0	; --%	;Disminuir por100.0%	;0	; --%	;Disminuir por100.0%	;
1741	;08/12 12:00 - 13:00	;0	; --%	; --%	;0	; --%	; --%	;0	; --%	; --%	;0	; --%	; --%	;0	; --%	; --%	;0	;Disminuir por100.0%	;Disminuir por100.0%	;0	; --%	; --%	;0	;Disminuir por100.0%	; --%	;
1742	;08/12 13:00 - 14:00	;0	; --%	; --%	;0	; --%	; --%	;0	; --%	; --%	;0	; --%	; --%	;0	; --%	; --%	;0	;Disminuir por100.0%	;Disminuir por100.0%	;0	; --%	; --%	;0	; --%	; --%	;
1743	;08/12 14:00 - 15:00	;0	; --%	; --%	;0	; --%	; --%	;0	; --%	; --%	;0	; --%	; --%	;0	; --%	; --%	;0	;Disminuir por100.0%	;Disminuir por100.0%	;0	; --%	; --%	;0	; --%	; --%	;
1744	;08/12 15:00 - 16:00	;0	; --%	; --%	;0	; --%	; --%	;0	; --%	; --%	;0	; --%	; --%	;0	; --%	; --%	;0	;Disminuir por100.0%	;Disminuir por100.0%	;0	; --%	; --%	;0	; --%	; --%	;
1745	;08/12 16:00 - 17:00	;0	; --%	; --%	;0	; --%	; --%	;0	; --%	; --%	;0	;Disminuir por100.0%	; --%	;0	; --%	; --%	;0	;Disminuir por100.0%	;Disminuir por100.0%	;0	; --%	; --%	;0	; --%	; --%	;
1746	;08/12 17:00 - 18:00	;0	; --%	; --%	;0	; --%	; --%	;0	; --%	; --%	;0	;Disminuir por100.0%	; --%	;0	; --%	; --%	;0	; --%	;Disminuir por100.0%	;0	; --%	; --%	;0	; --%	; --%	;
1747	;08/12 18:00 - 19:00	;0	; --%	; --%	;0	; --%	; --%	;0	; --%	; --%	;0	; --%	; --%	;0	; --%	; --%	;0	;Disminuir por100.0%	; --%	;0	; --%	; --%	;0	; --%	; --%	;
1748	;08/12 19:00 - 20:00	;0	; --%	; --%	;0	; --%	; --%	;0	; --%	; --%	;0	;Disminuir por100.0%	; --%	;0	; --%	; --%	;0	;Disminuir por100.0%	; --%	;0	; --%	; --%	;0	; --%	; --%	;
1749	;08/12 20:00 - 21:00	;0	; --%	; --%	;0	; --%	; --%	;0	; --%	; --%	;0	; --%	; --%	;0	; --%	; --%	;0	; --%	; --%	;0	; --%	; --%	;0	; --%	; --%	;
1750	;08/12 21:00 - 22:00	;0	; --%	; --%	;0	; --%	; --%	;0	; --%	; --%	;0	; --%	; --%	;0	; --%	; --%	;0	; --%	; --%	;0	; --%	; --%	;0	; --%	; --%	;
1751	;08/12 22:00 - 23:00	;0	; --%	; --%	;0	; --%	; --%	;0	; --%	; --%	;0	; --%	; --%	;0	; --%	; --%	;0	; --%	; --%	;0	; --%	; --%	;0	; --%	; --%	;
1752	;08/12 23:00 - 24:00	;0	; --%	; --%	;0	; --%	; --%	;0	; --%	; --%	;0	; --%	; --%	;0	; --%	; --%	;0	; --%	; --%	;0	; --%	; --%	;0	; --%	; --%	;
1753	;08/13 00:00 - 01:00	;0	; --%	; --%	;0	; --%	; --%	;0	; --%	; --%	;0	; --%	; --%	;0	; --%	; --%	;0	; --%	; --%	;0	; --%	; --%	;0	; --%	; --%	;
1754	;08/13 01:00 - 02:00	;0	; --%	; --%	;0	; --%	; --%	;0	; --%	; --%	;0	; --%	; --%	;0	; --%	; --%	;0	; --%	;Disminuir por100.0%	;0	; --%	; --%	;0	; --%	; --%	;
1755	;08/13 02:00 - 03:00	;0	; --%	; --%	;0	; --%	; --%	;0	; --%	; --%	;0	; --%	; --%	;0	; --%	; --%	;0	; --%	; --%	;0	; --%	; --%	;0	;Disminuir por100.0%	; --%	;
1756	;08/13 03:00 - 04:00	;0	; --%	; --%	;0	; --%	; --%	;0	; --%	; --%	;0	; --%	; --%	;0	; --%	; --%	;0	; --%	; --%	;0	; --%	; --%	;0	; --%	; --%	;
1757	;08/13 04:00 - 05:00	;0	; --%	; --%	;0	; --%	; --%	;0	; --%	; --%	;0	; --%	; --%	;0	; --%	; --%	;0	; --%	; --%	;0	; --%	;Disminuir por100.0%	;0	; --%	;Disminuir por100.0%	;
1758	;08/13 05:00 - 06:00	;0	; --%	; --%	;0	; --%	; --%	;0	; --%	; --%	;0	; --%	; --%	;0	; --%	; --%	;0	; --%	;Disminuir por100.0%	;0	; --%	; --%	;0	; --%	; --%	;
1759	;08/13 06:00 - 07:00	;0	; --%	; --%	;0	; --%	; --%	;0	; --%	; --%	;0	; --%	; --%	;0	; --%	; --%	;0	; --%	;Disminuir por100.0%	;0	; --%	;Disminuir por100.0%	;0	; --%	;Disminuir por100.0%	;
1760	;08/13 07:00 - 08:00	;0	; --%	; --%	;0	;Disminuir por100.0%	; --%	;0	; --%	; --%	;0	; --%	; --%	;0	; --%	; --%	;0	;Disminuir por100.0%	;Disminuir por100.0%	;0	; --%	; --%	;0	;Disminuir por100.0%	; --%	;
1761	;08/13 08:00 - 09:00	;0	; --%	; --%	;0	;Disminuir por100.0%	; --%	;0	; --%	; --%	;0	;Disminuir por100.0%	; --%	;0	; --%	; --%	;0	;Disminuir por100.0%	;Disminuir por100.0%	;0	; --%	; --%	;0	; --%	; --%	;
1762	;08/13 09:00 - 10:00	;0	; --%	; --%	;0	; --%	; --%	;0	; --%	; --%	;0	;Disminuir por100.0%	; --%	;0	; --%	; --%	;0	;Disminuir por100.0%	;Disminuir por100.0%	;0	; --%	; --%	;0	; --%	; --%	;
1763	;08/13 10:00 - 11:00	;0	; --%	;Disminuir por100.0%	;0	; --%	; --%	;0	;Disminuir por100.0%	; --%	;0	;Disminuir por100.0%	; --%	;0	; --%	; --%	;0	;Disminuir por100.0%	;Disminuir por100.0%	;0	; --%	; --%	;0	; --%	; --%	;
1764	;08/13 11:00 - 12:00	;0	; --%	; --%	;0	; --%	; --%	;0	; --%	; --%	;0	;Disminuir por100.0%	; --%	;0	; --%	; --%	;0	;Disminuir por100.0%	;Disminuir por100.0%	;0	; --%	;Disminuir por100.0%	;0	;Disminuir por100.0%	;Disminuir por100.0%	;
1765	;08/13 12:00 - 13:00	;0	; --%	; --%	;0	; --%	; --%	;0	; --%	; --%	;0	; --%	; --%	;0	; --%	; --%	;0	;Disminuir por100.0%	;Disminuir por100.0%	;0	; --%	; --%	;0	; --%	; --%	;
1766	;08/13 13:00 - 14:00	;0	; --%	; --%	;0	; --%	; --%	;0	; --%	;Disminuir por100.0%	;0	; --%	;Disminuir por100.0%	;0	; --%	; --%	;0	;Disminuir por100.0%	;Disminuir por100.0%	;0	; --%	; --%	;0	; --%	; --%	;
1767	;08/13 14:00 - 15:00	;0	; --%	; --%	;0	; --%	; --%	;0	; --%	; --%	;0	; --%	; --%	;0	; --%	; --%	;0	;Disminuir por100.0%	;Disminuir por100.0%	;0	; --%	; --%	;0	; --%	; --%	;
1768	;08/13 15:00 - 16:00	;0	; --%	; --%	;0	; --%	; --%	;0	; --%	; --%	;0	; --%	; --%	;0	; --%	; --%	;0	;Disminuir por100.0%	;Disminuir por100.0%	;0	; --%	; --%	;0	; --%	; --%	;
1769	;08/13 16:00 - 17:00	;0	; --%	; --%	;0	; --%	; --%	;0	; --%	; --%	;0	; --%	; --%	;0	; --%	; --%	;0	;Disminuir por100.0%	;Disminuir por100.0%	;0	; --%	; --%	;0	; --%	; --%	;
1770	;08/13 17:00 - 18:00	;0	; --%	; --%	;0	; --%	; --%	;0	; --%	; --%	;0	; --%	; --%	;0	; --%	; --%	;0	;Disminuir por100.0%	;Disminuir por100.0%	;0	; --%	; --%	;0	; --%	; --%	;
1771	;08/13 18:00 - 19:00	;0	; --%	; --%	;0	; --%	; --%	;0	; --%	; --%	;0	; --%	; --%	;0	; --%	; --%	;0	; --%	; --%	;0	; --%	; --%	;0	; --%	; --%	;
1772	;08/13 19:00 - 20:00	;0	; --%	; --%	;0	; --%	; --%	;0	; --%	; --%	;0	; --%	; --%	;0	; --%	; --%	;0	;Disminuir por100.0%	; --%	;0	; --%	; --%	;0	; --%	; --%	;
1773	;08/13 20:00 - 21:00	;0	; --%	; --%	;0	; --%	; --%	;0	; --%	; --%	;0	; --%	; --%	;0	; --%	; --%	;0	;Disminuir por100.0%	; --%	;0	; --%	; --%	;0	; --%	; --%	;
1774	;08/13 21:00 - 22:00	;0	; --%	; --%	;0	; --%	; --%	;0	; --%	; --%	;0	; --%	; --%	;0	; --%	; --%	;0	; --%	; --%	;0	; --%	; --%	;0	; --%	; --%	;
1775	;08/13 22:00 - 23:00	;0	; --%	; --%	;0	; --%	; --%	;0	; --%	; --%	;0	; --%	; --%	;0	; --%	; --%	;0	; --%	; --%	;0	; --%	; --%	;0	; --%	; --%	;
1776	;08/13 23:00 - 24:00	;0	; --%	; --%	;0	; --%	; --%	;0	; --%	; --%	;0	; --%	; --%	;0	; --%	; --%	;0	; --%	; --%	;0	; --%	; --%	;0	; --%	; --%	;
1777	;08/14 00:00 - 01:00	;0	; --%	; --%	;0	; --%	; --%	;0	; --%	; --%	;0	; --%	; --%	;0	; --%	; --%	;0	; --%	; --%	;0	; --%	; --%	;0	; --%	; --%	;
1778	;08/14 01:00 - 02:00	;0	; --%	; --%	;0	; --%	; --%	;0	; --%	; --%	;0	; --%	; --%	;0	; --%	; --%	;0	; --%	;Disminuir por100.0%	;0	; --%	; --%	;0	; --%	; --%	;
1779	;08/14 02:00 - 03:00	;0	; --%	; --%	;0	; --%	; --%	;0	; --%	; --%	;0	; --%	; --%	;0	; --%	; --%	;0	; --%	; --%	;0	; --%	; --%	;0	; --%	; --%	;
1780	;08/14 03:00 - 04:00	;0	; --%	;Disminuir por100.0%	;0	; --%	;Disminuir por100.0%	;0	; --%	; --%	;0	; --%	; --%	;0	; --%	; --%	;0	; --%	; --%	;0	;Disminuir por100.0%	;Disminuir por100.0%	;0	;Disminuir por100.0%	;Disminuir por100.0%	;
1781	;08/14 04:00 - 05:00	;0	; --%	; --%	;0	; --%	; --%	;0	; --%	; --%	;0	; --%	; --%	;0	; --%	; --%	;0	; --%	; --%	;0	; --%	; --%	;0	; --%	; --%	;
1782	;08/14 05:00 - 06:00	;0	; --%	; --%	;0	; --%	; --%	;0	; --%	; --%	;0	; --%	; --%	;0	; --%	; --%	;0	; --%	;Disminuir por100.0%	;0	; --%	; --%	;0	; --%	; --%	;
1783	;08/14 06:00 - 07:00	;0	; --%	; --%	;0	; --%	; --%	;0	; --%	; --%	;0	; --%	; --%	;0	; --%	; --%	;0	; --%	;Disminuir por100.0%	;0	; --%	; --%	;0	; --%	; --%	;
1784	;08/14 07:00 - 08:00	;0	; --%	; --%	;0	; --%	; --%	;0	; --%	; --%	;0	; --%	; --%	;0	; --%	; --%	;0	;Disminuir por100.0%	;Disminuir por100.0%	;0	; --%	; --%	;0	; --%	; --%	;
1785	;08/14 08:00 - 09:00	;0	; --%	; --%	;0	; --%	; --%	;0	; --%	; --%	;0	; --%	; --%	;0	; --%	; --%	;0	;Disminuir por100.0%	;Disminuir por100.0%	;0	; --%	; --%	;0	; --%	; --%	;
1786	;08/14 09:00 - 10:00	;0	; --%	; --%	;0	; --%	; --%	;0	; --%	; --%	;0	; --%	; --%	;0	; --%	; --%	;0	;Disminuir por100.0%	;Disminuir por100.0%	;0	; --%	; --%	;0	;Disminuir por100.0%	;Disminuir por100.0%	;
1787	;08/14 10:00 - 11:00	;0	; --%	; --%	;0	; --%	; --%	;0	; --%	; --%	;0	;Disminuir por100.0%	;Disminuir por100.0%	;0	; --%	; --%	;0	;Disminuir por100.0%	; --%	;0	; --%	; --%	;0	;Disminuir por100.0%	; --%	;
1788	;08/14 11:00 - 12:00	;0	; --%	;Disminuir por100.0%	;0	; --%	;Disminuir por100.0%	;0	; --%	;Disminuir por100.0%	;0	;Disminuir por100.0%	; --%	;0	; --%	;Disminuir por100.0%	;0	;Disminuir por100.0%	;Disminuir por100.0%	;0	; --%	; --%	;0	; --%	;Disminuir por100.0%	;
1789	;08/14 12:00 - 13:00	;0	; --%	; --%	;0	; --%	; --%	;0	; --%	; --%	;0	;Disminuir por100.0%	; --%	;0	; --%	; --%	;0	;Disminuir por100.0%	;Disminuir por100.0%	;0	; --%	; --%	;0	;Disminuir por100.0%	; --%	;
1790	;08/14 13:00 - 14:00	;0	; --%	; --%	;0	; --%	; --%	;0	; --%	;Disminuir por100.0%	;0	; --%	; --%	;0	; --%	; --%	;0	;Disminuir por100.0%	;Disminuir por100.0%	;0	; --%	; --%	;0	;Disminuir por100.0%	; --%	;
1791	;08/14 14:00 - 15:00	;0	; --%	; --%	;0	; --%	; --%	;0	; --%	; --%	;0	; --%	; --%	;0	; --%	; --%	;0	;Disminuir por100.0%	;Disminuir por100.0%	;0	; --%	; --%	;0	; --%	; --%	;
1792	;08/14 15:00 - 16:00	;0	; --%	; --%	;0	; --%	; --%	;0	; --%	; --%	;0	; --%	; --%	;0	; --%	; --%	;0	; --%	;Disminuir por100.0%	;0	; --%	; --%	;0	; --%	; --%	;
1793	;08/14 16:00 - 17:00	;0	; --%	; --%	;0	; --%	; --%	;0	; --%	; --%	;0	; --%	; --%	;0	; --%	; --%	;0	;Disminuir por100.0%	;Disminuir por100.0%	;0	; --%	; --%	;0	; --%	; --%	;
1794	;08/14 17:00 - 18:00	;0	; --%	; --%	;0	; --%	; --%	;0	; --%	; --%	;0	;Disminuir por100.0%	; --%	;0	; --%	; --%	;0	; --%	;Disminuir por100.0%	;0	; --%	; --%	;0	;Disminuir por100.0%	; --%	;
1795	;08/14 18:00 - 19:00	;0	; --%	; --%	;0	; --%	; --%	;0	; --%	; --%	;0	; --%	; --%	;0	; --%	; --%	;0	;Disminuir por100.0%	; --%	;0	; --%	; --%	;0	; --%	; --%	;
1796	;08/14 19:00 - 20:00	;0	; --%	; --%	;0	; --%	; --%	;0	; --%	; --%	;0	; --%	; --%	;0	; --%	; --%	;0	;Disminuir por100.0%	; --%	;0	; --%	; --%	;0	; --%	; --%	;
1797	;08/14 20:00 - 21:00	;0	; --%	; --%	;0	; --%	; --%	;0	; --%	; --%	;0	; --%	; --%	;0	; --%	; --%	;0	;Disminuir por100.0%	; --%	;0	; --%	; --%	;0	; --%	; --%	;
1798	;08/14 21:00 - 22:00	;0	; --%	; --%	;0	; --%	; --%	;0	; --%	; --%	;0	; --%	; --%	;0	; --%	; --%	;0	;Disminuir por100.0%	; --%	;0	; --%	; --%	;0	; --%	; --%	;
1799	;08/14 22:00 - 23:00	;0	; --%	; --%	;0	; --%	; --%	;0	; --%	; --%	;0	; --%	; --%	;0	; --%	; --%	;0	; --%	; --%	;0	; --%	; --%	;0	; --%	; --%	;
1800	;08/14 23:00 - 24:00	;0	; --%	; --%	;0	; --%	; --%	;0	; --%	; --%	;0	; --%	; --%	;0	; --%	; --%	;0	; --%	; --%	;0	; --%	; --%	;0	; --%	; --%	;
1801	;08/15 00:00 - 01:00	;0	; --%	; --%	;0	; --%	; --%	;0	; --%	; --%	;0	; --%	; --%	;0	; --%	; --%	;0	; --%	; --%	;0	; --%	; --%	;0	; --%	; --%	;
1802	;08/15 01:00 - 02:00	;0	; --%	; --%	;0	; --%	; --%	;0	; --%	; --%	;0	; --%	; --%	;0	; --%	; --%	;0	; --%	; --%	;0	; --%	; --%	;0	;Disminuir por100.0%	; --%	;
1803	;08/15 02:00 - 03:00	;0	; --%	; --%	;0	; --%	; --%	;0	; --%	; --%	;0	; --%	; --%	;0	; --%	; --%	;0	; --%	; --%	;0	; --%	; --%	;0	;Disminuir por100.0%	; --%	;
1804	;08/15 03:00 - 04:00	;0	; --%	; --%	;0	; --%	; --%	;0	; --%	; --%	;0	; --%	; --%	;0	; --%	; --%	;0	; --%	; --%	;0	; --%	; --%	;0	; --%	; --%	;
1805	;08/15 04:00 - 05:00	;0	; --%	; --%	;0	; --%	; --%	;0	; --%	;Disminuir por100.0%	;0	; --%	;Disminuir por100.0%	;0	; --%	; --%	;0	;Disminuir por100.0%	; --%	;0	; --%	;Disminuir por100.0%	;0	; --%	;Disminuir por100.0%	;
1806	;08/15 05:00 - 06:00	;0	; --%	; --%	;0	; --%	; --%	;0	; --%	; --%	;0	; --%	; --%	;0	; --%	; --%	;0	; --%	; --%	;0	; --%	; --%	;0	; --%	; --%	;
1807	;08/15 06:00 - 07:00	;0	; --%	; --%	;0	; --%	; --%	;0	; --%	; --%	;0	; --%	; --%	;0	; --%	; --%	;0	; --%	;Disminuir por100.0%	;0	; --%	; --%	;0	; --%	; --%	;
1808	;08/15 07:00 - 08:00	;0	; --%	; --%	;0	; --%	; --%	;0	;Disminuir por100.0%	; --%	;0	; --%	; --%	;0	; --%	; --%	;0	;Disminuir por100.0%	;Disminuir por100.0%	;0	; --%	; --%	;0	; --%	; --%	;
1809	;08/15 08:00 - 09:00	;0	; --%	; --%	;0	; --%	; --%	;0	;Disminuir por100.0%	; --%	;0	;Disminuir por100.0%	; --%	;0	; --%	; --%	;0	;Disminuir por100.0%	;Disminuir por100.0%	;0	; --%	; --%	;0	; --%	; --%	;
1810	;08/15 09:00 - 10:00	;0	; --%	; --%	;0	; --%	; --%	;0	; --%	; --%	;0	;Disminuir por100.0%	; --%	;0	; --%	; --%	;0	;Disminuir por100.0%	;Disminuir por100.0%	;0	; --%	; --%	;0	; --%	; --%	;
1811	;08/15 10:00 - 11:00	;0	; --%	; --%	;0	; --%	; --%	;0	; --%	; --%	;0	;Disminuir por100.0%	; --%	;0	; --%	; --%	;0	;Disminuir por100.0%	;Disminuir por100.0%	;0	; --%	; --%	;0	; --%	; --%	;
1812	;08/15 11:00 - 12:00	;0	; --%	; --%	;0	; --%	; --%	;0	; --%	; --%	;0	;Disminuir por100.0%	; --%	;0	;Disminuir por100.0%	; --%	;0	;Disminuir por100.0%	;Disminuir por100.0%	;0	; --%	; --%	;0	; --%	; --%	;
1813	;08/15 12:00 - 13:00	;0	; --%	; --%	;0	; --%	; --%	;0	; --%	; --%	;0	;Disminuir por100.0%	; --%	;0	;Disminuir por100.0%	; --%	;0	;Disminuir por100.0%	;Disminuir por100.0%	;0	; --%	; --%	;0	;Disminuir por100.0%	; --%	;
1814	;08/15 13:00 - 14:00	;0	; --%	; --%	;0	; --%	; --%	;0	; --%	; --%	;0	;Disminuir por100.0%	; --%	;0	; --%	; --%	;0	;Disminuir por100.0%	;Disminuir por100.0%	;0	; --%	; --%	;0	; --%	; --%	;
1815	;08/15 14:00 - 15:00	;0	; --%	; --%	;0	; --%	; --%	;0	; --%	; --%	;0	;Disminuir por100.0%	; --%	;0	; --%	; --%	;0	;Disminuir por100.0%	;Disminuir por100.0%	;0	; --%	; --%	;0	;Disminuir por100.0%	; --%	;
1816	;08/15 15:00 - 16:00	;0	; --%	; --%	;0	; --%	; --%	;0	; --%	; --%	;0	; --%	; --%	;0	; --%	; --%	;0	; --%	;Disminuir por100.0%	;0	; --%	; --%	;0	;Disminuir por100.0%	; --%	;
1817	;08/15 16:00 - 17:00	;0	; --%	; --%	;0	; --%	; --%	;0	; --%	; --%	;0	;Disminuir por100.0%	; --%	;0	; --%	; --%	;0	;Disminuir por100.0%	;Disminuir por100.0%	;0	; --%	; --%	;0	; --%	; --%	;
1818	;08/15 17:00 - 18:00	;0	; --%	; --%	;0	; --%	; --%	;0	;Disminuir por100.0%	; --%	;0	;Disminuir por100.0%	; --%	;0	; --%	; --%	;0	; --%	;Disminuir por100.0%	;0	; --%	; --%	;0	; --%	; --%	;
1819	;08/15 18:00 - 19:00	;0	; --%	; --%	;0	; --%	; --%	;0	; --%	; --%	;0	; --%	; --%	;0	; --%	; --%	;0	;Disminuir por100.0%	; --%	;0	; --%	; --%	;0	; --%	; --%	;
1820	;08/15 19:00 - 20:00	;0	; --%	; --%	;0	; --%	; --%	;0	; --%	; --%	;0	; --%	; --%	;0	; --%	; --%	;0	; --%	; --%	;0	; --%	; --%	;0	; --%	; --%	;
1821	;08/15 20:00 - 21:00	;0	; --%	; --%	;0	; --%	; --%	;0	; --%	; --%	;0	; --%	; --%	;0	; --%	; --%	;0	; --%	; --%	;0	; --%	; --%	;0	; --%	; --%	;
1822	;08/15 21:00 - 22:00	;0	; --%	; --%	;0	; --%	; --%	;0	; --%	; --%	;0	; --%	; --%	;0	; --%	; --%	;0	; --%	; --%	;0	; --%	; --%	;0	; --%	; --%	;
1823	;08/15 22:00 - 23:00	;0	; --%	; --%	;0	; --%	; --%	;0	; --%	; --%	;0	; --%	; --%	;0	; --%	; --%	;0	; --%	; --%	;0	; --%	; --%	;0	; --%	; --%	;
1824	;08/15 23:00 - 24:00	;0	; --%	; --%	;0	; --%	; --%	;0	; --%	; --%	;0	; --%	; --%	;0	; --%	; --%	;0	; --%	; --%	;0	; --%	; --%	;0	; --%	; --%	;
1825	;08/16 00:00 - 01:00	;0	; --%	; --%	;0	; --%	; --%	;0	; --%	; --%	;0	; --%	; --%	;0	; --%	; --%	;0	;Disminuir por100.0%	; --%	;0	; --%	; --%	;0	; --%	; --%	;
1826	;08/16 01:00 - 02:00	;0	; --%	; --%	;0	; --%	; --%	;0	; --%	; --%	;0	; --%	; --%	;0	; --%	; --%	;0	; --%	; --%	;0	; --%	; --%	;0	; --%	; --%	;
1827	;08/16 02:00 - 03:00	;0	; --%	; --%	;0	; --%	; --%	;0	; --%	; --%	;0	; --%	; --%	;0	; --%	; --%	;0	; --%	; --%	;0	; --%	; --%	;0	;Disminuir por100.0%	; --%	;
1828	;08/16 03:00 - 04:00	;0	; --%	; --%	;0	; --%	; --%	;0	; --%	; --%	;0	; --%	; --%	;0	; --%	; --%	;0	; --%	; --%	;0	; --%	; --%	;0	; --%	; --%	;
1829	;08/16 04:00 - 05:00	;0	; --%	; --%	;0	; --%	; --%	;0	; --%	; --%	;0	; --%	; --%	;0	; --%	; --%	;0	; --%	; --%	;0	; --%	;Disminuir por100.0%	;0	;Disminuir por100.0%	;Disminuir por100.0%	;
1830	;08/16 05:00 - 06:00	;0	; --%	; --%	;0	; --%	; --%	;0	; --%	; --%	;0	; --%	; --%	;0	; --%	; --%	;0	;Disminuir por100.0%	;Disminuir por100.0%	;0	; --%	; --%	;0	; --%	; --%	;
1831	;08/16 06:00 - 07:00	;0	; --%	; --%	;0	; --%	; --%	;0	; --%	; --%	;0	; --%	; --%	;0	; --%	; --%	;0	; --%	;Disminuir por100.0%	;0	; --%	; --%	;0	; --%	; --%	;
1832	;08/16 07:00 - 08:00	;0	; --%	; --%	;0	; --%	; --%	;0	; --%	; --%	;0	; --%	; --%	;0	; --%	; --%	;0	; --%	; --%	;0	; --%	; --%	;0	; --%	; --%	;
1833	;08/16 08:00 - 09:00	;0	; --%	; --%	;0	; --%	; --%	;0	; --%	; --%	;0	; --%	; --%	;0	; --%	; --%	;0	;Disminuir por100.0%	;Disminuir por100.0%	;0	; --%	; --%	;0	; --%	; --%	;
1834	;08/16 09:00 - 10:00	;0	; --%	; --%	;0	; --%	; --%	;0	; --%	; --%	;0	; --%	; --%	;0	; --%	; --%	;0	;Disminuir por100.0%	;Disminuir por100.0%	;0	; --%	; --%	;0	; --%	; --%	;
1835	;08/16 10:00 - 11:00	;0	; --%	; --%	;0	; --%	; --%	;0	; --%	; --%	;0	; --%	; --%	;0	; --%	; --%	;0	;Disminuir por100.0%	;Disminuir por100.0%	;0	; --%	; --%	;0	; --%	; --%	;
1836	;08/16 11:00 - 12:00	;0	; --%	; --%	;0	; --%	; --%	;0	; --%	; --%	;0	; --%	; --%	;0	; --%	; --%	;0	;Disminuir por100.0%	;Disminuir por100.0%	;0	; --%	; --%	;0	; --%	; --%	;
1837	;08/16 12:00 - 13:00	;0	; --%	; --%	;0	; --%	; --%	;0	; --%	; --%	;0	; --%	;Disminuir por100.0%	;0	; --%	; --%	;0	;Disminuir por100.0%	;Disminuir por100.0%	;0	; --%	; --%	;0	; --%	; --%	;
1838	;08/16 13:00 - 14:00	;0	; --%	; --%	;0	; --%	; --%	;0	; --%	; --%	;0	; --%	; --%	;0	; --%	; --%	;0	;Disminuir por100.0%	;Disminuir por100.0%	;0	; --%	; --%	;0	; --%	; --%	;
1839	;08/16 14:00 - 15:00	;0	; --%	; --%	;0	; --%	; --%	;0	; --%	; --%	;0	; --%	; --%	;0	; --%	; --%	;0	;Disminuir por100.0%	;Disminuir por100.0%	;0	; --%	; --%	;0	; --%	; --%	;
1840	;08/16 15:00 - 16:00	;0	; --%	; --%	;0	; --%	; --%	;0	; --%	; --%	;0	; --%	; --%	;0	; --%	; --%	;0	; --%	;Disminuir por100.0%	;0	; --%	; --%	;0	; --%	; --%	;
1841	;08/16 16:00 - 17:00	;0	; --%	; --%	;0	; --%	; --%	;0	; --%	; --%	;0	; --%	; --%	;0	; --%	; --%	;0	;Disminuir por100.0%	;Disminuir por100.0%	;0	; --%	; --%	;0	; --%	; --%	;
1842	;08/16 17:00 - 18:00	;0	; --%	; --%	;0	; --%	; --%	;0	; --%	; --%	;0	; --%	; --%	;0	; --%	; --%	;0	;Disminuir por100.0%	;Disminuir por100.0%	;0	; --%	; --%	;0	; --%	; --%	;
1843	;08/16 18:00 - 19:00	;0	; --%	; --%	;0	; --%	; --%	;0	; --%	; --%	;0	; --%	; --%	;0	; --%	; --%	;0	; --%	;Disminuir por100.0%	;0	; --%	; --%	;0	; --%	; --%	;
1844	;08/16 19:00 - 20:00	;0	; --%	; --%	;0	; --%	; --%	;0	; --%	; --%	;0	; --%	; --%	;0	; --%	; --%	;0	; --%	; --%	;0	; --%	; --%	;0	; --%	; --%	;
1845	;08/16 20:00 - 21:00	;0	; --%	; --%	;0	; --%	; --%	;0	; --%	; --%	;0	; --%	; --%	;0	; --%	; --%	;0	; --%	; --%	;0	; --%	; --%	;0	; --%	; --%	;
1846	;08/16 21:00 - 22:00	;0	; --%	; --%	;0	; --%	; --%	;0	; --%	; --%	;0	; --%	; --%	;0	; --%	; --%	;0	; --%	; --%	;0	; --%	; --%	;0	; --%	; --%	;
1847	;08/16 22:00 - 23:00	;0	; --%	; --%	;0	; --%	; --%	;0	; --%	; --%	;0	; --%	; --%	;0	; --%	; --%	;0	; --%	; --%	;0	; --%	; --%	;0	; --%	; --%	;
1848	;08/16 23:00 - 24:00	;0	; --%	; --%	;0	; --%	; --%	;0	; --%	; --%	;0	; --%	; --%	;0	; --%	; --%	;0	; --%	; --%	;0	; --%	; --%	;0	; --%	; --%	;
1849	;08/17 00:00 - 01:00	;0	; --%	; --%	;0	; --%	; --%	;0	; --%	; --%	;0	; --%	; --%	;0	; --%	; --%	;0	; --%	; --%	;0	; --%	; --%	;0	; --%	; --%	;
1850	;08/17 01:00 - 02:00	;0	; --%	; --%	;0	; --%	; --%	;0	; --%	; --%	;0	; --%	; --%	;0	; --%	; --%	;0	; --%	;Disminuir por100.0%	;0	; --%	; --%	;0	; --%	; --%	;
1851	;08/17 02:00 - 03:00	;0	; --%	; --%	;0	; --%	; --%	;0	; --%	; --%	;0	; --%	; --%	;0	; --%	; --%	;0	; --%	; --%	;0	; --%	; --%	;0	; --%	; --%	;
1852	;08/17 03:00 - 04:00	;0	; --%	; --%	;0	; --%	; --%	;0	; --%	; --%	;0	; --%	; --%	;0	; --%	; --%	;0	; --%	; --%	;0	; --%	; --%	;0	;Disminuir por100.0%	; --%	;
1853	;08/17 04:00 - 05:00	;0	; --%	; --%	;0	; --%	; --%	;0	; --%	;Disminuir por100.0%	;0	; --%	;Disminuir por100.0%	;0	; --%	; --%	;0	;Disminuir por100.0%	; --%	;0	; --%	; --%	;0	; --%	;Disminuir por100.0%	;
1854	;08/17 05:00 - 06:00	;0	; --%	; --%	;0	; --%	; --%	;0	; --%	; --%	;0	; --%	; --%	;0	; --%	; --%	;0	;Disminuir por100.0%	; --%	;0	; --%	; --%	;0	; --%	; --%	;
1855	;08/17 06:00 - 07:00	;0	; --%	; --%	;0	; --%	; --%	;0	; --%	; --%	;0	; --%	; --%	;0	; --%	; --%	;0	; --%	;Disminuir por100.0%	;0	; --%	; --%	;0	; --%	; --%	;
1856	;08/17 07:00 - 08:00	;0	; --%	; --%	;0	; --%	; --%	;0	; --%	; --%	;0	; --%	; --%	;0	; --%	;Disminuir por100.0%	;0	; --%	;Disminuir por100.0%	;0	; --%	; --%	;0	; --%	; --%	;
1857	;08/17 08:00 - 09:00	;0	; --%	; --%	;0	; --%	; --%	;0	; --%	; --%	;0	; --%	; --%	;0	; --%	; --%	;0	;Disminuir por100.0%	;Disminuir por100.0%	;0	; --%	; --%	;0	; --%	; --%	;
1858	;08/17 09:00 - 10:00	;0	; --%	; --%	;0	; --%	; --%	;0	; --%	; --%	;0	; --%	; --%	;0	; --%	; --%	;0	;Disminuir por100.0%	;Disminuir por100.0%	;0	; --%	; --%	;0	; --%	; --%	;
1859	;08/17 10:00 - 11:00	;0	; --%	; --%	;0	; --%	; --%	;0	; --%	; --%	;0	; --%	; --%	;0	; --%	; --%	;0	;Disminuir por100.0%	;Disminuir por100.0%	;0	; --%	; --%	;0	; --%	; --%	;
1860	;08/17 11:00 - 12:00	;0	; --%	; --%	;0	; --%	; --%	;0	; --%	; --%	;0	; --%	; --%	;0	; --%	; --%	;0	;Disminuir por100.0%	;Disminuir por100.0%	;0	; --%	; --%	;0	; --%	; --%	;
1861	;08/17 12:00 - 13:00	;0	; --%	; --%	;0	; --%	; --%	;0	; --%	; --%	;0	; --%	; --%	;0	; --%	; --%	;0	; --%	;Disminuir por100.0%	;0	; --%	; --%	;0	; --%	; --%	;
1862	;08/17 13:00 - 14:00	;0	; --%	; --%	;0	; --%	; --%	;0	; --%	; --%	;0	; --%	; --%	;0	; --%	; --%	;0	;Disminuir por100.0%	;Disminuir por100.0%	;0	; --%	; --%	;0	; --%	; --%	;
1863	;08/17 14:00 - 15:00	;0	; --%	; --%	;0	; --%	; --%	;0	; --%	; --%	;0	; --%	; --%	;0	; --%	; --%	;0	;Disminuir por100.0%	;Disminuir por100.0%	;0	; --%	; --%	;0	; --%	; --%	;
1864	;08/17 15:00 - 16:00	;0	; --%	; --%	;0	; --%	; --%	;0	; --%	; --%	;0	; --%	; --%	;0	; --%	; --%	;0	;Disminuir por100.0%	;Disminuir por100.0%	;0	; --%	; --%	;0	; --%	; --%	;
1865	;08/17 16:00 - 17:00	;0	; --%	; --%	;0	; --%	; --%	;0	; --%	; --%	;0	; --%	; --%	;0	; --%	; --%	;0	;Disminuir por100.0%	; --%	;0	; --%	; --%	;0	; --%	; --%	;
1866	;08/17 17:00 - 18:00	;0	; --%	; --%	;0	; --%	; --%	;0	; --%	; --%	;0	; --%	; --%	;0	; --%	; --%	;0	;Disminuir por100.0%	;Disminuir por100.0%	;0	; --%	; --%	;0	; --%	; --%	;
1867	;08/17 18:00 - 19:00	;0	; --%	; --%	;0	; --%	; --%	;0	; --%	; --%	;0	; --%	; --%	;0	; --%	; --%	;0	;Disminuir por100.0%	; --%	;0	; --%	; --%	;0	; --%	; --%	;
1868	;08/17 19:00 - 20:00	;0	; --%	; --%	;0	; --%	; --%	;0	; --%	; --%	;0	; --%	; --%	;0	; --%	; --%	;0	;Disminuir por100.0%	; --%	;0	; --%	; --%	;0	; --%	; --%	;
1869	;08/17 20:00 - 21:00	;0	; --%	; --%	;0	; --%	; --%	;0	; --%	; --%	;0	; --%	; --%	;0	; --%	; --%	;0	;Disminuir por100.0%	; --%	;0	; --%	; --%	;0	; --%	; --%	;
1870	;08/17 21:00 - 22:00	;0	; --%	; --%	;0	; --%	; --%	;0	; --%	; --%	;0	; --%	; --%	;0	; --%	; --%	;0	; --%	; --%	;0	; --%	; --%	;0	; --%	; --%	;
1871	;08/17 22:00 - 23:00	;0	; --%	; --%	;0	; --%	; --%	;0	; --%	; --%	;0	; --%	; --%	;0	; --%	; --%	;0	; --%	; --%	;0	; --%	; --%	;0	; --%	; --%	;
1872	;08/17 23:00 - 24:00	;0	; --%	; --%	;0	; --%	; --%	;0	; --%	; --%	;0	; --%	; --%	;0	; --%	; --%	;0	; --%	; --%	;0	; --%	; --%	;0	; --%	; --%	;
1873	;08/18 00:00 - 01:00	;0	; --%	; --%	;0	; --%	; --%	;0	; --%	; --%	;0	; --%	; --%	;0	; --%	; --%	;0	; --%	; --%	;0	; --%	; --%	;0	; --%	; --%	;
1874	;08/18 01:00 - 02:00	;0	; --%	; --%	;0	; --%	; --%	;0	; --%	; --%	;0	; --%	; --%	;0	; --%	; --%	;0	;Disminuir por100.0%	;Disminuir por100.0%	;0	; --%	; --%	;0	; --%	; --%	;
1875	;08/18 02:00 - 03:00	;0	; --%	; --%	;0	; --%	; --%	;0	; --%	; --%	;0	; --%	; --%	;0	; --%	; --%	;0	; --%	; --%	;0	; --%	; --%	;0	;Disminuir por100.0%	; --%	;
1876	;08/18 03:00 - 04:00	;0	; --%	; --%	;0	; --%	; --%	;0	; --%	; --%	;0	; --%	; --%	;0	; --%	; --%	;0	; --%	; --%	;0	; --%	; --%	;0	;Disminuir por100.0%	;Disminuir por100.0%	;
1877	;08/18 04:00 - 05:00	;0	; --%	; --%	;0	; --%	; --%	;0	; --%	; --%	;0	; --%	; --%	;0	; --%	; --%	;0	; --%	;Disminuir por100.0%	;0	; --%	; --%	;0	; --%	;Disminuir por100.0%	;
1878	;08/18 05:00 - 06:00	;0	; --%	; --%	;0	; --%	; --%	;0	; --%	; --%	;0	; --%	; --%	;0	; --%	; --%	;0	; --%	;Disminuir por100.0%	;0	; --%	; --%	;0	; --%	;Disminuir por100.0%	;
1879	;08/18 06:00 - 07:00	;0	; --%	; --%	;0	; --%	; --%	;0	; --%	; --%	;0	; --%	; --%	;0	; --%	; --%	;0	; --%	;Disminuir por100.0%	;0	; --%	; --%	;0	; --%	;Disminuir por100.0%	;
1880	;08/18 07:00 - 08:00	;0	; --%	; --%	;0	; --%	; --%	;0	; --%	;Disminuir por100.0%	;0	; --%	; --%	;0	; --%	; --%	;0	;Disminuir por100.0%	;Disminuir por100.0%	;0	; --%	; --%	;0	; --%	; --%	;
1881	;08/18 08:00 - 09:00	;0	; --%	; --%	;0	; --%	; --%	;0	; --%	; --%	;0	;Disminuir por100.0%	; --%	;0	; --%	; --%	;0	;Disminuir por100.0%	;Disminuir por100.0%	;0	; --%	; --%	;0	; --%	; --%	;
1882	;08/18 09:00 - 10:00	;0	; --%	; --%	;0	; --%	; --%	;0	; --%	; --%	;0	; --%	;Disminuir por100.0%	;0	; --%	; --%	;0	;Disminuir por100.0%	;Disminuir por100.0%	;0	; --%	; --%	;0	; --%	; --%	;
1883	;08/18 10:00 - 11:00	;0	; --%	; --%	;0	; --%	; --%	;0	; --%	; --%	;0	;Disminuir por100.0%	; --%	;0	; --%	; --%	;0	;Disminuir por100.0%	;Disminuir por100.0%	;0	; --%	; --%	;0	; --%	; --%	;
1884	;08/18 11:00 - 12:00	;0	; --%	; --%	;0	; --%	; --%	;0	; --%	; --%	;0	; --%	; --%	;0	; --%	; --%	;0	;Disminuir por100.0%	; --%	;0	; --%	; --%	;0	;Disminuir por100.0%	; --%	;
1885	;08/18 12:00 - 13:00	;0	; --%	; --%	;0	; --%	; --%	;0	; --%	; --%	;0	;Disminuir por100.0%	; --%	;0	;Disminuir por100.0%	; --%	;0	;Disminuir por100.0%	;Disminuir por100.0%	;0	; --%	; --%	;0	; --%	; --%	;
1886	;08/18 13:00 - 14:00	;0	; --%	; --%	;0	; --%	; --%	;0	; --%	; --%	;0	; --%	; --%	;0	; --%	; --%	;0	;Disminuir por100.0%	;Disminuir por100.0%	;0	; --%	; --%	;0	; --%	; --%	;
1887	;08/18 14:00 - 15:00	;0	; --%	; --%	;0	; --%	; --%	;0	; --%	; --%	;0	; --%	; --%	;0	; --%	; --%	;0	;Disminuir por100.0%	;Disminuir por100.0%	;0	; --%	; --%	;0	; --%	; --%	;
1888	;08/18 15:00 - 16:00	;0	; --%	; --%	;0	; --%	; --%	;0	; --%	; --%	;0	;Disminuir por100.0%	; --%	;0	; --%	; --%	;0	;Disminuir por100.0%	;Disminuir por100.0%	;0	; --%	; --%	;0	; --%	; --%	;
1889	;08/18 16:00 - 17:00	;0	; --%	; --%	;0	; --%	; --%	;0	; --%	; --%	;0	; --%	; --%	;0	; --%	; --%	;0	;Disminuir por100.0%	;Disminuir por100.0%	;0	; --%	; --%	;0	; --%	; --%	;
1890	;08/18 17:00 - 18:00	;0	; --%	; --%	;0	; --%	; --%	;0	; --%	; --%	;0	; --%	; --%	;0	; --%	; --%	;0	; --%	;Disminuir por100.0%	;0	; --%	; --%	;0	;Disminuir por100.0%	; --%	;
1891	;08/18 18:00 - 19:00	;0	; --%	; --%	;0	; --%	; --%	;0	; --%	; --%	;0	; --%	;Disminuir por100.0%	;0	; --%	; --%	;0	;Disminuir por100.0%	;Disminuir por100.0%	;0	; --%	; --%	;0	; --%	; --%	;
1892	;08/18 19:00 - 20:00	;0	; --%	; --%	;0	; --%	; --%	;0	; --%	; --%	;0	; --%	; --%	;0	; --%	; --%	;0	;Disminuir por100.0%	; --%	;0	; --%	; --%	;0	; --%	; --%	;
1893	;08/18 20:00 - 21:00	;0	; --%	; --%	;0	; --%	; --%	;0	; --%	; --%	;0	; --%	; --%	;0	; --%	; --%	;0	;Disminuir por100.0%	; --%	;0	; --%	; --%	;0	;Disminuir por100.0%	; --%	;
1894	;08/18 21:00 - 22:00	;0	; --%	; --%	;0	; --%	; --%	;0	; --%	; --%	;0	; --%	; --%	;0	; --%	; --%	;0	; --%	; --%	;0	; --%	; --%	;0	; --%	; --%	;
1895	;08/18 22:00 - 23:00	;0	; --%	; --%	;0	; --%	; --%	;0	; --%	; --%	;0	; --%	; --%	;0	; --%	; --%	;0	; --%	; --%	;0	; --%	; --%	;0	; --%	; --%	;
1896	;08/18 23:00 - 24:00	;0	; --%	; --%	;0	; --%	; --%	;0	; --%	; --%	;0	; --%	; --%	;0	; --%	; --%	;0	; --%	; --%	;0	; --%	; --%	;0	; --%	; --%	;
1897	;08/19 00:00 - 01:00	;0	; --%	; --%	;0	; --%	; --%	;0	; --%	; --%	;0	; --%	; --%	;0	; --%	; --%	;0	; --%	;Disminuir por100.0%	;0	; --%	; --%	;0	; --%	; --%	;
1898	;08/19 01:00 - 02:00	;0	; --%	; --%	;0	; --%	; --%	;0	; --%	; --%	;0	; --%	; --%	;0	; --%	; --%	;0	; --%	; --%	;0	; --%	; --%	;0	; --%	; --%	;
1899	;08/19 02:00 - 03:00	;0	; --%	; --%	;0	; --%	; --%	;0	; --%	; --%	;0	; --%	; --%	;0	; --%	; --%	;0	; --%	; --%	;0	; --%	; --%	;0	; --%	; --%	;
1900	;08/19 03:00 - 04:00	;0	; --%	; --%	;0	; --%	; --%	;0	; --%	; --%	;0	; --%	; --%	;0	; --%	; --%	;0	; --%	;Disminuir por100.0%	;0	; --%	;Disminuir por100.0%	;0	;Disminuir por100.0%	;Disminuir por100.0%	;
1901	;08/19 04:00 - 05:00	;0	; --%	; --%	;0	; --%	; --%	;0	; --%	; --%	;0	; --%	; --%	;0	; --%	; --%	;0	; --%	;Disminuir por100.0%	;0	; --%	; --%	;0	; --%	; --%	;
1902	;08/19 05:00 - 06:00	;0	; --%	; --%	;0	; --%	; --%	;0	; --%	; --%	;0	; --%	; --%	;0	; --%	; --%	;0	; --%	; --%	;0	; --%	; --%	;0	; --%	; --%	;
1903	;08/19 06:00 - 07:00	;0	; --%	; --%	;0	; --%	; --%	;0	; --%	; --%	;0	; --%	; --%	;0	; --%	; --%	;0	; --%	;Disminuir por100.0%	;0	; --%	; --%	;0	; --%	; --%	;
1904	;08/19 07:00 - 08:00	;0	; --%	; --%	;0	; --%	; --%	;0	; --%	; --%	;0	; --%	; --%	;0	; --%	; --%	;0	;Disminuir por100.0%	;Disminuir por100.0%	;0	; --%	; --%	;0	; --%	; --%	;
1905	;08/19 08:00 - 09:00	;0	; --%	; --%	;0	; --%	; --%	;0	; --%	; --%	;0	;Disminuir por100.0%	; --%	;0	; --%	; --%	;0	;Disminuir por100.0%	;Disminuir por100.0%	;0	; --%	; --%	;0	; --%	; --%	;
1906	;08/19 09:00 - 10:00	;0	; --%	; --%	;0	; --%	; --%	;0	; --%	; --%	;0	; --%	; --%	;0	; --%	; --%	;0	;Disminuir por100.0%	;Disminuir por100.0%	;0	; --%	;Disminuir por100.0%	;0	; --%	;Disminuir por100.0%	;
1907	;08/19 10:00 - 11:00	;0	; --%	; --%	;0	; --%	; --%	;0	; --%	; --%	;0	; --%	; --%	;0	; --%	; --%	;0	;Disminuir por100.0%	;Disminuir por100.0%	;0	; --%	; --%	;0	; --%	; --%	;
1908	;08/19 11:00 - 12:00	;0	; --%	;Disminuir por100.0%	;0	; --%	;Disminuir por100.0%	;0	; --%	; --%	;0	;Disminuir por100.0%	; --%	;0	; --%	; --%	;0	;Disminuir por100.0%	;Disminuir por100.0%	;0	; --%	;Disminuir por100.0%	;0	; --%	; --%	;
1909	;08/19 12:00 - 13:00	;0	; --%	; --%	;0	; --%	; --%	;0	; --%	; --%	;0	;Disminuir por100.0%	;Disminuir por100.0%	;0	; --%	; --%	;0	;Disminuir por100.0%	;Disminuir por100.0%	;0	; --%	; --%	;0	;Disminuir por100.0%	; --%	;
1910	;08/19 13:00 - 14:00	;0	; --%	; --%	;0	; --%	; --%	;0	; --%	; --%	;0	;Disminuir por100.0%	; --%	;0	; --%	; --%	;0	;Disminuir por100.0%	;Disminuir por100.0%	;0	; --%	; --%	;0	;Disminuir por100.0%	; --%	;
1911	;08/19 14:00 - 15:00	;0	; --%	; --%	;0	; --%	; --%	;0	; --%	; --%	;0	; --%	; --%	;0	; --%	; --%	;0	; --%	;Disminuir por100.0%	;0	; --%	; --%	;0	; --%	; --%	;
1912	;08/19 15:00 - 16:00	;0	; --%	; --%	;0	; --%	; --%	;0	; --%	; --%	;0	; --%	; --%	;0	; --%	; --%	;0	; --%	;Disminuir por100.0%	;0	; --%	; --%	;0	; --%	; --%	;
1913	;08/19 16:00 - 17:00	;0	; --%	; --%	;0	; --%	; --%	;0	; --%	; --%	;0	;Disminuir por100.0%	; --%	;0	; --%	; --%	;0	;Disminuir por100.0%	;Disminuir por100.0%	;0	; --%	; --%	;0	;Disminuir por100.0%	; --%	;
1914	;08/19 17:00 - 18:00	;0	; --%	; --%	;0	; --%	; --%	;0	; --%	; --%	;0	; --%	; --%	;0	; --%	; --%	;0	;Disminuir por100.0%	;Disminuir por100.0%	;0	; --%	; --%	;0	; --%	; --%	;
1915	;08/19 18:00 - 19:00	;0	; --%	; --%	;0	; --%	; --%	;0	; --%	; --%	;0	;Disminuir por100.0%	; --%	;0	; --%	; --%	;0	;Disminuir por100.0%	; --%	;0	; --%	; --%	;0	; --%	; --%	;
1916	;08/19 19:00 - 20:00	;0	; --%	; --%	;0	; --%	; --%	;0	; --%	; --%	;0	;Disminuir por100.0%	; --%	;0	; --%	; --%	;0	; --%	; --%	;0	; --%	; --%	;0	; --%	; --%	;
1917	;08/19 20:00 - 21:00	;0	; --%	; --%	;0	; --%	; --%	;0	; --%	; --%	;0	; --%	; --%	;0	; --%	; --%	;0	;Disminuir por100.0%	; --%	;0	; --%	; --%	;0	; --%	; --%	;
1918	;08/19 21:00 - 22:00	;0	; --%	; --%	;0	; --%	; --%	;0	; --%	; --%	;0	; --%	; --%	;0	; --%	; --%	;0	; --%	; --%	;0	; --%	; --%	;0	; --%	; --%	;
1919	;08/19 22:00 - 23:00	;0	; --%	; --%	;0	; --%	; --%	;0	; --%	; --%	;0	; --%	; --%	;0	; --%	; --%	;0	; --%	; --%	;0	; --%	; --%	;0	; --%	; --%	;
1920	;08/19 23:00 - 24:00	;0	; --%	; --%	;0	; --%	; --%	;0	; --%	; --%	;0	; --%	; --%	;0	; --%	; --%	;0	; --%	; --%	;0	; --%	; --%	;0	; --%	; --%	;
1921	;08/20 00:00 - 01:00	;0	; --%	; --%	;0	; --%	; --%	;0	; --%	; --%	;0	; --%	; --%	;0	; --%	; --%	;0	; --%	; --%	;0	; --%	; --%	;0	; --%	; --%	;
1922	;08/20 01:00 - 02:00	;0	; --%	; --%	;0	; --%	; --%	;0	; --%	; --%	;0	; --%	; --%	;0	; --%	; --%	;0	; --%	; --%	;0	; --%	; --%	;0	; --%	; --%	;
1923	;08/20 02:00 - 03:00	;0	; --%	; --%	;0	; --%	; --%	;0	; --%	; --%	;0	; --%	; --%	;0	; --%	; --%	;0	; --%	; --%	;0	; --%	; --%	;0	; --%	; --%	;
1924	;08/20 03:00 - 04:00	;0	; --%	; --%	;0	; --%	; --%	;0	; --%	; --%	;0	; --%	; --%	;0	; --%	; --%	;0	; --%	; --%	;0	; --%	; --%	;0	;Disminuir por100.0%	; --%	;
1925	;08/20 04:00 - 05:00	;0	; --%	; --%	;0	; --%	; --%	;0	; --%	; --%	;0	; --%	; --%	;0	; --%	; --%	;0	; --%	; --%	;0	; --%	;Disminuir por100.0%	;0	; --%	;Disminuir por100.0%	;
1926	;08/20 05:00 - 06:00	;0	; --%	; --%	;0	; --%	; --%	;0	; --%	; --%	;0	; --%	; --%	;0	; --%	; --%	;0	; --%	; --%	;0	; --%	; --%	;0	; --%	; --%	;
1927	;08/20 06:00 - 07:00	;0	; --%	; --%	;0	; --%	; --%	;0	; --%	; --%	;0	; --%	; --%	;0	; --%	; --%	;0	; --%	;Disminuir por100.0%	;0	; --%	; --%	;0	; --%	; --%	;
1928	;08/20 07:00 - 08:00	;0	; --%	; --%	;0	; --%	; --%	;0	; --%	; --%	;0	; --%	; --%	;0	; --%	; --%	;0	;Disminuir por100.0%	;Disminuir por100.0%	;0	; --%	; --%	;0	; --%	; --%	;
1929	;08/20 08:00 - 09:00	;0	; --%	; --%	;0	; --%	; --%	;0	; --%	; --%	;0	;Disminuir por100.0%	;Disminuir por100.0%	;0	; --%	; --%	;0	;Disminuir por100.0%	;Disminuir por100.0%	;0	; --%	; --%	;0	; --%	;Disminuir por100.0%	;
1930	;08/20 09:00 - 10:00	;0	; --%	; --%	;0	; --%	; --%	;0	; --%	; --%	;0	; --%	;Disminuir por100.0%	;0	; --%	; --%	;0	;Disminuir por100.0%	;Disminuir por100.0%	;0	; --%	; --%	;0	; --%	;Disminuir por100.0%	;
1931	;08/20 10:00 - 11:00	;0	; --%	; --%	;0	; --%	; --%	;0	; --%	; --%	;0	;Disminuir por100.0%	; --%	;0	; --%	; --%	;0	;Disminuir por100.0%	;Disminuir por100.0%	;0	; --%	; --%	;0	;Disminuir por100.0%	;Disminuir por100.0%	;
1932	;08/20 11:00 - 12:00	;0	; --%	; --%	;0	; --%	; --%	;0	; --%	; --%	;0	;Disminuir por100.0%	; --%	;0	; --%	; --%	;0	;Disminuir por100.0%	;Disminuir por100.0%	;0	; --%	; --%	;0	; --%	; --%	;
1933	;08/20 12:00 - 13:00	;0	; --%	; --%	;0	; --%	; --%	;0	; --%	; --%	;0	; --%	; --%	;0	; --%	; --%	;0	;Disminuir por100.0%	; --%	;0	; --%	; --%	;0	; --%	; --%	;
1934	;08/20 13:00 - 14:00	;0	; --%	; --%	;0	; --%	; --%	;0	; --%	; --%	;0	; --%	; --%	;0	; --%	; --%	;0	;Disminuir por100.0%	;Disminuir por100.0%	;0	; --%	; --%	;0	; --%	; --%	;
1935	;08/20 14:00 - 15:00	;0	; --%	; --%	;0	; --%	; --%	;0	; --%	; --%	;0	; --%	; --%	;0	; --%	; --%	;0	;Disminuir por100.0%	;Disminuir por100.0%	;0	; --%	; --%	;0	;Disminuir por100.0%	; --%	;
1936	;08/20 15:00 - 16:00	;0	; --%	; --%	;0	; --%	; --%	;0	; --%	; --%	;0	; --%	; --%	;0	; --%	; --%	;0	;Disminuir por100.0%	; --%	;0	; --%	; --%	;0	; --%	; --%	;
1937	;08/20 16:00 - 17:00	;0	; --%	; --%	;0	; --%	; --%	;0	; --%	; --%	;0	;Disminuir por100.0%	; --%	;0	; --%	; --%	;0	;Disminuir por100.0%	;Disminuir por100.0%	;0	; --%	; --%	;0	; --%	; --%	;
1938	;08/20 17:00 - 18:00	;0	; --%	; --%	;0	; --%	; --%	;0	; --%	; --%	;0	;Disminuir por100.0%	; --%	;0	; --%	; --%	;0	;Disminuir por100.0%	;Disminuir por100.0%	;0	; --%	; --%	;0	; --%	; --%	;
1939	;08/20 18:00 - 19:00	;0	; --%	; --%	;0	; --%	; --%	;0	; --%	; --%	;0	; --%	; --%	;0	; --%	; --%	;0	;Disminuir por100.0%	;Disminuir por100.0%	;0	; --%	; --%	;0	; --%	; --%	;
1940	;08/20 19:00 - 20:00	;0	; --%	; --%	;0	; --%	; --%	;0	; --%	; --%	;0	; --%	; --%	;0	; --%	; --%	;0	;Disminuir por100.0%	; --%	;0	; --%	; --%	;0	; --%	; --%	;
1941	;08/20 20:00 - 21:00	;0	; --%	; --%	;0	; --%	; --%	;0	; --%	; --%	;0	; --%	; --%	;0	; --%	; --%	;0	;Disminuir por100.0%	; --%	;0	; --%	; --%	;0	; --%	; --%	;
1942	;08/20 21:00 - 22:00	;0	; --%	; --%	;0	; --%	; --%	;0	; --%	; --%	;0	; --%	; --%	;0	; --%	; --%	;0	; --%	; --%	;0	; --%	; --%	;0	; --%	; --%	;
1943	;08/20 22:00 - 23:00	;0	; --%	; --%	;0	; --%	; --%	;0	; --%	; --%	;0	; --%	; --%	;0	; --%	; --%	;0	; --%	; --%	;0	; --%	; --%	;0	; --%	; --%	;
1944	;08/20 23:00 - 24:00	;0	; --%	; --%	;0	; --%	; --%	;0	; --%	; --%	;0	; --%	; --%	;0	; --%	; --%	;0	;Disminuir por100.0%	; --%	;0	; --%	; --%	;0	; --%	; --%	;
1945	;08/21 00:00 - 01:00	;0	; --%	; --%	;0	; --%	; --%	;0	; --%	; --%	;0	; --%	; --%	;0	; --%	; --%	;0	; --%	; --%	;0	; --%	; --%	;0	; --%	; --%	;
1946	;08/21 01:00 - 02:00	;0	; --%	; --%	;0	; --%	; --%	;0	; --%	; --%	;0	; --%	; --%	;0	; --%	; --%	;0	; --%	; --%	;0	; --%	; --%	;0	;Disminuir por100.0%	; --%	;
1947	;08/21 02:00 - 03:00	;0	; --%	; --%	;0	; --%	; --%	;0	; --%	; --%	;0	; --%	; --%	;0	; --%	; --%	;0	; --%	; --%	;0	; --%	; --%	;0	; --%	; --%	;
1948	;08/21 03:00 - 04:00	;0	; --%	; --%	;0	; --%	; --%	;0	; --%	; --%	;0	; --%	; --%	;0	; --%	; --%	;0	; --%	; --%	;0	; --%	;Disminuir por100.0%	;0	;Disminuir por100.0%	;Disminuir por100.0%	;
1949	;08/21 04:00 - 05:00	;0	; --%	; --%	;0	; --%	; --%	;0	; --%	; --%	;0	; --%	; --%	;0	; --%	; --%	;0	; --%	; --%	;0	; --%	; --%	;0	; --%	; --%	;
1950	;08/21 05:00 - 06:00	;0	; --%	; --%	;0	; --%	; --%	;0	; --%	; --%	;0	; --%	; --%	;0	; --%	; --%	;0	; --%	; --%	;0	; --%	; --%	;0	; --%	; --%	;
1951	;08/21 06:00 - 07:00	;0	; --%	; --%	;0	; --%	; --%	;0	; --%	; --%	;0	; --%	; --%	;0	; --%	; --%	;0	; --%	;Disminuir por100.0%	;0	; --%	; --%	;0	; --%	; --%	;
1952	;08/21 07:00 - 08:00	;0	; --%	; --%	;0	; --%	; --%	;0	;Disminuir por100.0%	; --%	;0	;Disminuir por100.0%	; --%	;0	; --%	; --%	;0	;Disminuir por100.0%	;Disminuir por100.0%	;0	; --%	; --%	;0	; --%	; --%	;
1953	;08/21 08:00 - 09:00	;0	; --%	; --%	;0	; --%	; --%	;0	; --%	; --%	;0	; --%	; --%	;0	;Disminuir por100.0%	; --%	;0	;Disminuir por100.0%	;Disminuir por100.0%	;0	; --%	; --%	;0	; --%	; --%	;
1954	;08/21 09:00 - 10:00	;0	; --%	; --%	;0	; --%	; --%	;0	; --%	; --%	;0	; --%	; --%	;0	; --%	; --%	;0	;Disminuir por100.0%	;Disminuir por100.0%	;0	; --%	; --%	;0	;Disminuir por100.0%	; --%	;
1955	;08/21 10:00 - 11:00	;0	; --%	; --%	;0	; --%	; --%	;0	; --%	; --%	;0	;Disminuir por100.0%	;Disminuir por100.0%	;0	; --%	; --%	;0	;Disminuir por100.0%	;Disminuir por100.0%	;0	; --%	; --%	;0	; --%	; --%	;
1956	;08/21 11:00 - 12:00	;0	; --%	; --%	;0	; --%	; --%	;0	; --%	;Disminuir por100.0%	;0	;Disminuir por100.0%	; --%	;0	; --%	; --%	;0	;Disminuir por100.0%	;Disminuir por100.0%	;0	; --%	; --%	;0	; --%	; --%	;
1957	;08/21 12:00 - 13:00	;0	; --%	; --%	;0	; --%	; --%	;0	; --%	;Disminuir por100.0%	;0	; --%	;Disminuir por100.0%	;0	; --%	; --%	;0	;Disminuir por100.0%	;Disminuir por100.0%	;0	; --%	; --%	;0	; --%	; --%	;
1958	;08/21 13:00 - 14:00	;0	; --%	; --%	;0	; --%	; --%	;0	; --%	; --%	;0	; --%	; --%	;0	; --%	;Disminuir por100.0%	;0	;Disminuir por100.0%	;Disminuir por100.0%	;0	; --%	; --%	;0	; --%	; --%	;
1959	;08/21 14:00 - 15:00	;0	; --%	; --%	;0	; --%	; --%	;0	; --%	;Disminuir por100.0%	;0	;Disminuir por100.0%	; --%	;0	; --%	; --%	;0	;Disminuir por100.0%	;Disminuir por100.0%	;0	; --%	; --%	;0	; --%	; --%	;
1960	;08/21 15:00 - 16:00	;0	; --%	; --%	;0	; --%	; --%	;0	; --%	; --%	;0	; --%	; --%	;0	; --%	; --%	;0	; --%	;Disminuir por100.0%	;0	; --%	; --%	;0	; --%	; --%	;
1961	;08/21 16:00 - 17:00	;0	; --%	; --%	;0	; --%	; --%	;0	; --%	; --%	;0	; --%	; --%	;0	; --%	; --%	;0	;Disminuir por100.0%	;Disminuir por100.0%	;0	; --%	; --%	;0	; --%	; --%	;
1962	;08/21 17:00 - 18:00	;0	; --%	; --%	;0	; --%	; --%	;0	; --%	; --%	;0	; --%	; --%	;0	; --%	; --%	;0	;Disminuir por100.0%	;Disminuir por100.0%	;0	; --%	; --%	;0	; --%	; --%	;
1963	;08/21 18:00 - 19:00	;0	; --%	; --%	;0	; --%	; --%	;0	; --%	; --%	;0	;Disminuir por100.0%	; --%	;0	; --%	; --%	;0	;Disminuir por100.0%	; --%	;0	; --%	; --%	;0	; --%	; --%	;
1964	;08/21 19:00 - 20:00	;0	; --%	; --%	;0	; --%	; --%	;0	; --%	; --%	;0	; --%	; --%	;0	; --%	; --%	;0	;Disminuir por100.0%	; --%	;0	; --%	; --%	;0	; --%	; --%	;
1965	;08/21 20:00 - 21:00	;0	; --%	; --%	;0	; --%	; --%	;0	; --%	; --%	;0	; --%	; --%	;0	; --%	; --%	;0	;Disminuir por100.0%	; --%	;0	; --%	; --%	;0	; --%	; --%	;
1966	;08/21 21:00 - 22:00	;0	; --%	; --%	;0	; --%	; --%	;0	; --%	; --%	;0	; --%	; --%	;0	; --%	; --%	;0	;Disminuir por100.0%	; --%	;0	; --%	; --%	;0	; --%	; --%	;
1967	;08/21 22:00 - 23:00	;0	; --%	; --%	;0	; --%	; --%	;0	; --%	; --%	;0	; --%	; --%	;0	; --%	; --%	;0	;Disminuir por100.0%	; --%	;0	; --%	; --%	;0	; --%	; --%	;
1968	;08/21 23:00 - 24:00	;0	; --%	; --%	;0	; --%	; --%	;0	; --%	; --%	;0	; --%	; --%	;0	; --%	; --%	;0	; --%	; --%	;0	; --%	; --%	;0	; --%	; --%	;
1969	;08/22 00:00 - 01:00	;0	; --%	; --%	;0	; --%	; --%	;0	; --%	; --%	;0	; --%	; --%	;0	; --%	; --%	;0	; --%	; --%	;0	; --%	; --%	;0	; --%	; --%	;
1970	;08/22 01:00 - 02:00	;0	; --%	; --%	;0	; --%	; --%	;0	; --%	; --%	;0	; --%	; --%	;0	; --%	; --%	;0	; --%	; --%	;0	; --%	; --%	;0	; --%	; --%	;
1971	;08/22 02:00 - 03:00	;0	; --%	; --%	;0	; --%	; --%	;0	; --%	; --%	;0	; --%	; --%	;0	; --%	; --%	;0	; --%	; --%	;0	; --%	;Disminuir por100.0%	;0	;Disminuir por100.0%	;Disminuir por100.0%	;
1972	;08/22 03:00 - 04:00	;0	; --%	; --%	;0	; --%	; --%	;0	; --%	; --%	;0	; --%	; --%	;0	; --%	; --%	;0	; --%	;Disminuir por100.0%	;0	; --%	; --%	;0	; --%	; --%	;
1973	;08/22 04:00 - 05:00	;0	; --%	; --%	;0	; --%	; --%	;0	; --%	; --%	;0	; --%	; --%	;0	; --%	; --%	;0	; --%	;Disminuir por100.0%	;0	; --%	;Disminuir por100.0%	;0	; --%	;Disminuir por100.0%	;
1974	;08/22 05:00 - 06:00	;0	; --%	; --%	;0	; --%	; --%	;0	; --%	; --%	;0	; --%	; --%	;0	; --%	; --%	;0	; --%	; --%	;0	; --%	; --%	;0	; --%	; --%	;
1975	;08/22 06:00 - 07:00	;0	; --%	; --%	;0	; --%	; --%	;0	; --%	; --%	;0	; --%	; --%	;0	; --%	; --%	;0	;Disminuir por100.0%	; --%	;0	; --%	;Disminuir por100.0%	;0	; --%	; --%	;
1976	;08/22 07:00 - 08:00	;0	; --%	; --%	;0	; --%	; --%	;0	; --%	; --%	;0	; --%	; --%	;0	; --%	; --%	;0	;Disminuir por100.0%	;Disminuir por100.0%	;0	; --%	; --%	;0	; --%	; --%	;
1977	;08/22 08:00 - 09:00	;0	; --%	; --%	;0	; --%	; --%	;0	; --%	; --%	;0	; --%	; --%	;0	; --%	; --%	;0	;Disminuir por100.0%	;Disminuir por100.0%	;0	; --%	; --%	;0	; --%	; --%	;
1978	;08/22 09:00 - 10:00	;0	; --%	; --%	;0	; --%	; --%	;0	; --%	; --%	;0	; --%	;Disminuir por100.0%	;0	; --%	; --%	;0	;Disminuir por100.0%	;Disminuir por100.0%	;0	; --%	; --%	;0	;Disminuir por100.0%	; --%	;
1979	;08/22 10:00 - 11:00	;0	; --%	; --%	;0	; --%	; --%	;0	; --%	; --%	;0	;Disminuir por100.0%	; --%	;0	; --%	;Disminuir por100.0%	;0	;Disminuir por100.0%	;Disminuir por100.0%	;0	; --%	; --%	;0	;Disminuir por100.0%	;Disminuir por100.0%	;
1980	;08/22 11:00 - 12:00	;0	; --%	; --%	;0	; --%	; --%	;0	; --%	; --%	;0	; --%	;Disminuir por100.0%	;0	; --%	; --%	;0	;Disminuir por100.0%	;Disminuir por100.0%	;0	; --%	; --%	;0	; --%	; --%	;
1981	;08/22 12:00 - 13:00	;0	; --%	; --%	;0	; --%	; --%	;0	; --%	; --%	;0	; --%	; --%	;0	; --%	; --%	;0	;Disminuir por100.0%	;Disminuir por100.0%	;0	; --%	; --%	;0	; --%	; --%	;
1982	;08/22 13:00 - 14:00	;0	; --%	; --%	;0	; --%	; --%	;0	; --%	; --%	;0	;Disminuir por100.0%	; --%	;0	; --%	; --%	;0	;Disminuir por100.0%	; --%	;0	; --%	; --%	;0	; --%	; --%	;
1983	;08/22 14:00 - 15:00	;0	; --%	; --%	;0	; --%	; --%	;0	; --%	; --%	;0	; --%	; --%	;0	; --%	; --%	;0	; --%	;Disminuir por100.0%	;0	; --%	; --%	;0	; --%	; --%	;
1984	;08/22 15:00 - 16:00	;0	; --%	; --%	;0	; --%	; --%	;0	; --%	; --%	;0	; --%	; --%	;0	;Disminuir por100.0%	; --%	;0	;Disminuir por100.0%	;Disminuir por100.0%	;0	; --%	; --%	;0	; --%	; --%	;
1985	;08/22 16:00 - 17:00	;0	; --%	; --%	;0	; --%	; --%	;0	; --%	; --%	;0	; --%	; --%	;0	; --%	; --%	;0	;Disminuir por100.0%	;Disminuir por100.0%	;0	; --%	; --%	;0	; --%	; --%	;
1986	;08/22 17:00 - 18:00	;0	; --%	; --%	;0	; --%	; --%	;0	; --%	; --%	;0	; --%	; --%	;0	; --%	; --%	;0	;Disminuir por100.0%	;Disminuir por100.0%	;0	; --%	; --%	;0	; --%	; --%	;
1987	;08/22 18:00 - 19:00	;0	; --%	; --%	;0	; --%	; --%	;0	; --%	; --%	;0	; --%	; --%	;0	; --%	; --%	;0	;Disminuir por100.0%	; --%	;0	; --%	; --%	;0	; --%	; --%	;
1988	;08/22 19:00 - 20:00	;0	; --%	; --%	;0	; --%	; --%	;0	; --%	; --%	;0	; --%	; --%	;0	; --%	; --%	;0	; --%	; --%	;0	; --%	; --%	;0	; --%	; --%	;
1989	;08/22 20:00 - 21:00	;0	; --%	; --%	;0	; --%	; --%	;0	; --%	; --%	;0	; --%	; --%	;0	; --%	; --%	;0	; --%	; --%	;0	; --%	; --%	;0	; --%	; --%	;
1990	;08/22 21:00 - 22:00	;0	; --%	; --%	;0	; --%	; --%	;0	; --%	; --%	;0	; --%	; --%	;0	; --%	; --%	;0	; --%	; --%	;0	; --%	; --%	;0	; --%	; --%	;
1991	;08/22 22:00 - 23:00	;0	; --%	; --%	;0	; --%	; --%	;0	; --%	; --%	;0	; --%	; --%	;0	; --%	; --%	;0	; --%	; --%	;0	; --%	; --%	;0	; --%	; --%	;
1992	;08/22 23:00 - 24:00	;0	; --%	; --%	;0	; --%	; --%	;0	; --%	; --%	;0	; --%	; --%	;0	; --%	; --%	;0	; --%	; --%	;0	; --%	; --%	;0	; --%	; --%	;
1993	;08/23 00:00 - 01:00	;0	; --%	; --%	;0	; --%	; --%	;0	; --%	; --%	;0	; --%	; --%	;0	; --%	; --%	;0	; --%	; --%	;0	; --%	; --%	;0	; --%	; --%	;
1994	;08/23 01:00 - 02:00	;0	; --%	; --%	;0	; --%	; --%	;0	; --%	; --%	;0	; --%	; --%	;0	; --%	; --%	;0	; --%	;Disminuir por100.0%	;0	; --%	; --%	;0	; --%	; --%	;
1995	;08/23 02:00 - 03:00	;0	; --%	; --%	;0	; --%	; --%	;0	; --%	; --%	;0	; --%	; --%	;0	; --%	; --%	;0	; --%	; --%	;0	; --%	; --%	;0	; --%	; --%	;
1996	;08/23 03:00 - 04:00	;0	; --%	; --%	;0	; --%	; --%	;0	; --%	; --%	;0	; --%	; --%	;0	; --%	; --%	;0	; --%	; --%	;0	;Disminuir por100.0%	;Disminuir por100.0%	;0	;Disminuir por100.0%	;Disminuir por100.0%	;
1997	;08/23 04:00 - 05:00	;0	; --%	; --%	;0	; --%	; --%	;0	; --%	;Disminuir por100.0%	;0	; --%	;Disminuir por100.0%	;0	; --%	; --%	;0	; --%	; --%	;0	; --%	; --%	;0	; --%	; --%	;
1998	;08/23 05:00 - 06:00	;0	; --%	; --%	;0	; --%	; --%	;0	; --%	; --%	;0	; --%	; --%	;0	; --%	; --%	;0	; --%	;Disminuir por100.0%	;0	; --%	; --%	;0	; --%	; --%	;
1999	;08/23 06:00 - 07:00	;0	; --%	; --%	;0	; --%	; --%	;0	; --%	; --%	;0	; --%	; --%	;0	; --%	; --%	;0	; --%	; --%	;0	; --%	; --%	;0	; --%	; --%	;
2000	;08/23 07:00 - 08:00	;0	; --%	; --%	;0	; --%	; --%	;0	; --%	; --%	;0	; --%	; --%	;0	; --%	; --%	;0	;Disminuir por100.0%	; --%	;0	; --%	; --%	;0	; --%	; --%	;
2001	;08/23 08:00 - 09:00	;0	; --%	; --%	;0	; --%	; --%	;0	; --%	; --%	;0	; --%	; --%	;0	; --%	; --%	;0	;Disminuir por100.0%	;Disminuir por100.0%	;0	; --%	; --%	;0	; --%	; --%	;
2002	;08/23 09:00 - 10:00	;0	; --%	; --%	;0	; --%	; --%	;0	; --%	; --%	;0	; --%	; --%	;0	; --%	; --%	;0	;Disminuir por100.0%	;Disminuir por100.0%	;0	; --%	; --%	;0	; --%	; --%	;
2003	;08/23 10:00 - 11:00	;0	; --%	; --%	;0	; --%	; --%	;0	; --%	; --%	;0	; --%	; --%	;0	; --%	; --%	;0	;Disminuir por100.0%	;Disminuir por100.0%	;0	; --%	; --%	;0	; --%	; --%	;
2004	;08/23 11:00 - 12:00	;0	; --%	; --%	;0	; --%	; --%	;0	; --%	; --%	;0	; --%	; --%	;0	; --%	; --%	;0	;Disminuir por100.0%	;Disminuir por100.0%	;0	; --%	; --%	;0	; --%	; --%	;
2005	;08/23 12:00 - 13:00	;0	; --%	; --%	;0	; --%	; --%	;0	; --%	; --%	;0	; --%	; --%	;0	; --%	; --%	;0	;Disminuir por100.0%	;Disminuir por100.0%	;0	; --%	; --%	;0	; --%	; --%	;
2006	;08/23 13:00 - 14:00	;0	; --%	; --%	;0	; --%	; --%	;0	; --%	; --%	;0	; --%	; --%	;0	; --%	; --%	;0	;Disminuir por100.0%	;Disminuir por100.0%	;0	; --%	; --%	;0	; --%	; --%	;
2007	;08/23 14:00 - 15:00	;0	; --%	; --%	;0	; --%	; --%	;0	; --%	; --%	;0	; --%	; --%	;0	; --%	; --%	;0	; --%	;Disminuir por100.0%	;0	; --%	; --%	;0	; --%	; --%	;
2008	;08/23 15:00 - 16:00	;0	; --%	; --%	;0	; --%	; --%	;0	; --%	; --%	;0	; --%	; --%	;0	; --%	; --%	;0	;Disminuir por100.0%	; --%	;0	; --%	; --%	;0	; --%	; --%	;
2009	;08/23 16:00 - 17:00	;0	; --%	; --%	;0	; --%	; --%	;0	; --%	; --%	;0	; --%	; --%	;0	; --%	; --%	;0	; --%	; --%	;0	; --%	; --%	;0	; --%	; --%	;
2010	;08/23 17:00 - 18:00	;0	; --%	; --%	;0	; --%	; --%	;0	; --%	; --%	;0	; --%	; --%	;0	; --%	; --%	;0	; --%	;Disminuir por100.0%	;0	; --%	; --%	;0	; --%	; --%	;
2011	;08/23 18:00 - 19:00	;0	; --%	; --%	;0	; --%	; --%	;0	; --%	; --%	;0	; --%	; --%	;0	; --%	; --%	;0	; --%	; --%	;0	; --%	; --%	;0	; --%	; --%	;
2012	;08/23 19:00 - 20:00	;0	; --%	; --%	;0	; --%	; --%	;0	; --%	; --%	;0	; --%	; --%	;0	; --%	; --%	;0	; --%	; --%	;0	; --%	; --%	;0	; --%	; --%	;
2013	;08/23 20:00 - 21:00	;0	; --%	; --%	;0	; --%	; --%	;0	; --%	; --%	;0	; --%	; --%	;0	; --%	; --%	;0	; --%	; --%	;0	; --%	; --%	;0	; --%	; --%	;
2014	;08/23 21:00 - 22:00	;0	; --%	; --%	;0	; --%	; --%	;0	; --%	; --%	;0	; --%	; --%	;0	; --%	; --%	;0	; --%	; --%	;0	; --%	; --%	;0	; --%	; --%	;
2015	;08/23 22:00 - 23:00	;0	; --%	; --%	;0	; --%	; --%	;0	; --%	; --%	;0	; --%	; --%	;0	; --%	; --%	;0	; --%	; --%	;0	; --%	; --%	;0	; --%	; --%	;
2016	;08/23 23:00 - 24:00	;0	; --%	; --%	;0	; --%	; --%	;0	; --%	; --%	;0	; --%	; --%	;0	; --%	; --%	;0	; --%	; --%	;0	; --%	; --%	;0	; --%	; --%	;
2017	;08/24 00:00 - 01:00	;0	; --%	; --%	;0	; --%	; --%	;0	; --%	; --%	;0	; --%	; --%	;0	; --%	; --%	;0	; --%	; --%	;0	; --%	; --%	;0	; --%	; --%	;
2018	;08/24 01:00 - 02:00	;0	; --%	; --%	;0	; --%	; --%	;0	; --%	; --%	;0	; --%	; --%	;0	; --%	; --%	;0	; --%	;Disminuir por100.0%	;0	; --%	; --%	;0	; --%	; --%	;
2019	;08/24 02:00 - 03:00	;0	; --%	; --%	;0	; --%	; --%	;0	; --%	; --%	;0	; --%	; --%	;0	; --%	; --%	;0	; --%	; --%	;0	; --%	; --%	;0	; --%	; --%	;
2020	;08/24 03:00 - 04:00	;0	; --%	; --%	;0	; --%	; --%	;0	; --%	; --%	;0	; --%	; --%	;0	;Disminuir por100.0%	; --%	;0	;Disminuir por100.0%	;Disminuir por100.0%	;0	;Disminuir por100.0%	;Disminuir por100.0%	;0	;Disminuir por100.0%	;Disminuir por100.0%	;
2021	;08/24 04:00 - 05:00	;0	; --%	;Disminuir por100.0%	;0	; --%	;Disminuir por100.0%	;0	; --%	; --%	;0	; --%	; --%	;0	; --%	; --%	;0	; --%	; --%	;0	; --%	; --%	;0	; --%	;Disminuir por100.0%	;
2022	;08/24 05:00 - 06:00	;0	; --%	; --%	;0	; --%	; --%	;0	; --%	; --%	;0	; --%	; --%	;0	; --%	; --%	;0	;Disminuir por100.0%	;Disminuir por100.0%	;0	; --%	; --%	;0	; --%	; --%	;
2023	;08/24 06:00 - 07:00	;0	; --%	; --%	;0	; --%	; --%	;0	; --%	; --%	;0	; --%	; --%	;0	; --%	; --%	;0	; --%	; --%	;0	; --%	; --%	;0	; --%	; --%	;
2024	;08/24 07:00 - 08:00	;0	; --%	; --%	;0	; --%	; --%	;0	; --%	; --%	;0	; --%	; --%	;0	; --%	; --%	;0	; --%	; --%	;0	; --%	; --%	;0	; --%	; --%	;
2025	;08/24 08:00 - 09:00	;0	; --%	; --%	;0	; --%	; --%	;0	; --%	; --%	;0	; --%	; --%	;0	; --%	; --%	;0	;Disminuir por100.0%	; --%	;0	; --%	; --%	;0	; --%	; --%	;
2026	;08/24 09:00 - 10:00	;0	; --%	; --%	;0	; --%	; --%	;0	; --%	; --%	;0	; --%	; --%	;0	; --%	; --%	;0	;Disminuir por100.0%	;Disminuir por100.0%	;0	; --%	; --%	;0	; --%	; --%	;
2027	;08/24 10:00 - 11:00	;0	; --%	; --%	;0	; --%	; --%	;0	; --%	; --%	;0	; --%	; --%	;0	; --%	; --%	;0	;Disminuir por100.0%	;Disminuir por100.0%	;0	; --%	; --%	;0	; --%	; --%	;
2028	;08/24 11:00 - 12:00	;0	; --%	; --%	;0	; --%	; --%	;0	; --%	; --%	;0	; --%	; --%	;0	; --%	; --%	;0	;Disminuir por100.0%	;Disminuir por100.0%	;0	; --%	; --%	;0	; --%	; --%	;
2029	;08/24 12:00 - 13:00	;0	; --%	; --%	;0	; --%	; --%	;0	; --%	; --%	;0	; --%	; --%	;0	; --%	; --%	;0	;Disminuir por100.0%	;Disminuir por100.0%	;0	; --%	; --%	;0	; --%	; --%	;
2030	;08/24 13:00 - 14:00	;0	; --%	; --%	;0	; --%	; --%	;0	; --%	; --%	;0	; --%	; --%	;0	; --%	; --%	;0	; --%	;Disminuir por100.0%	;0	; --%	; --%	;0	; --%	; --%	;
2031	;08/24 14:00 - 15:00	;0	; --%	; --%	;0	; --%	; --%	;0	; --%	; --%	;0	; --%	; --%	;0	; --%	; --%	;0	; --%	;Disminuir por100.0%	;0	; --%	; --%	;0	; --%	; --%	;
2032	;08/24 15:00 - 16:00	;0	; --%	; --%	;0	; --%	; --%	;0	; --%	; --%	;0	; --%	; --%	;0	; --%	;Disminuir por100.0%	;0	;Disminuir por100.0%	;Disminuir por100.0%	;0	; --%	; --%	;0	; --%	; --%	;
2033	;08/24 16:00 - 17:00	;0	; --%	; --%	;0	; --%	; --%	;0	; --%	; --%	;0	; --%	; --%	;0	; --%	; --%	;0	; --%	; --%	;0	; --%	; --%	;0	; --%	; --%	;
2034	;08/24 17:00 - 18:00	;0	; --%	; --%	;0	; --%	; --%	;0	; --%	; --%	;0	; --%	; --%	;0	; --%	; --%	;0	; --%	;Disminuir por100.0%	;0	; --%	; --%	;0	; --%	; --%	;
2035	;08/24 18:00 - 19:00	;0	; --%	; --%	;0	; --%	; --%	;0	; --%	; --%	;0	;Disminuir por100.0%	; --%	;0	; --%	; --%	;0	; --%	; --%	;0	; --%	; --%	;0	; --%	; --%	;
2036	;08/24 19:00 - 20:00	;0	; --%	; --%	;0	; --%	; --%	;0	; --%	; --%	;0	; --%	; --%	;0	; --%	; --%	;0	; --%	; --%	;0	; --%	; --%	;0	; --%	; --%	;
2037	;08/24 20:00 - 21:00	;0	; --%	; --%	;0	; --%	; --%	;0	; --%	; --%	;0	; --%	; --%	;0	; --%	; --%	;0	; --%	; --%	;0	; --%	; --%	;0	; --%	; --%	;
2038	;08/24 21:00 - 22:00	;0	; --%	; --%	;0	; --%	; --%	;0	; --%	; --%	;0	; --%	; --%	;0	; --%	; --%	;0	; --%	; --%	;0	; --%	; --%	;0	; --%	; --%	;
2039	;08/24 22:00 - 23:00	;0	; --%	; --%	;0	; --%	; --%	;0	; --%	; --%	;0	; --%	; --%	;0	; --%	; --%	;0	; --%	; --%	;0	; --%	; --%	;0	; --%	; --%	;
2040	;08/24 23:00 - 24:00	;0	; --%	; --%	;0	; --%	; --%	;0	; --%	; --%	;0	; --%	; --%	;0	; --%	; --%	;0	; --%	; --%	;0	; --%	; --%	;0	; --%	; --%	;
2041	;08/25 00:00 - 01:00	;0	; --%	; --%	;0	; --%	; --%	;0	; --%	; --%	;0	; --%	; --%	;0	; --%	; --%	;0	;Disminuir por100.0%	; --%	;0	; --%	; --%	;0	; --%	; --%	;
2042	;08/25 01:00 - 02:00	;0	; --%	; --%	;0	; --%	; --%	;0	; --%	; --%	;0	; --%	; --%	;0	; --%	; --%	;0	; --%	; --%	;0	; --%	; --%	;0	; --%	; --%	;
2043	;08/25 02:00 - 03:00	;0	; --%	; --%	;0	; --%	; --%	;0	; --%	; --%	;0	; --%	; --%	;0	;Disminuir por100.0%	; --%	;0	; --%	; --%	;0	; --%	; --%	;0	; --%	;Disminuir por100.0%	;
2044	;08/25 03:00 - 04:00	;0	; --%	; --%	;0	; --%	; --%	;0	; --%	; --%	;0	; --%	; --%	;0	; --%	; --%	;0	; --%	; --%	;0	; --%	; --%	;0	; --%	; --%	;
2045	;08/25 04:00 - 05:00	;0	; --%	; --%	;0	; --%	; --%	;0	; --%	; --%	;0	; --%	; --%	;0	; --%	; --%	;0	;Disminuir por100.0%	;Disminuir por100.0%	;0	; --%	;Disminuir por100.0%	;0	; --%	;Disminuir por100.0%	;
2046	;08/25 05:00 - 06:00	;0	; --%	; --%	;0	; --%	; --%	;0	; --%	; --%	;0	; --%	; --%	;0	; --%	; --%	;0	; --%	;Disminuir por100.0%	;0	; --%	; --%	;0	; --%	;Disminuir por100.0%	;
2047	;08/25 06:00 - 07:00	;0	; --%	; --%	;0	; --%	; --%	;0	; --%	; --%	;0	; --%	; --%	;0	; --%	; --%	;0	; --%	;Disminuir por100.0%	;0	; --%	; --%	;0	; --%	; --%	;
2048	;08/25 07:00 - 08:00	;0	; --%	; --%	;0	; --%	; --%	;0	; --%	; --%	;0	; --%	; --%	;0	; --%	; --%	;0	;Disminuir por100.0%	;Disminuir por100.0%	;0	;Disminuir por100.0%	; --%	;0	;Disminuir por100.0%	; --%	;
2049	;08/25 08:00 - 09:00	;0	; --%	; --%	;0	; --%	; --%	;0	; --%	; --%	;0	; --%	; --%	;0	; --%	; --%	;0	;Disminuir por100.0%	;Disminuir por100.0%	;0	; --%	; --%	;0	;Disminuir por100.0%	; --%	;
2050	;08/25 09:00 - 10:00	;0	; --%	; --%	;0	; --%	; --%	;0	;Disminuir por100.0%	; --%	;0	;Disminuir por100.0%	; --%	;0	; --%	; --%	;0	;Disminuir por100.0%	;Disminuir por100.0%	;0	; --%	; --%	;0	; --%	; --%	;
2051	;08/25 10:00 - 11:00	;0	; --%	; --%	;0	; --%	; --%	;0	; --%	; --%	;0	; --%	; --%	;0	; --%	; --%	;0	;Disminuir por100.0%	;Disminuir por100.0%	;0	; --%	; --%	;0	; --%	; --%	;
2052	;08/25 11:00 - 12:00	;0	; --%	; --%	;0	; --%	; --%	;0	; --%	; --%	;0	;Disminuir por100.0%	; --%	;0	; --%	; --%	;0	;Disminuir por100.0%	;Disminuir por100.0%	;0	; --%	; --%	;0	; --%	; --%	;
2053	;08/25 12:00 - 13:00	;0	; --%	; --%	;0	; --%	; --%	;0	; --%	; --%	;0	;Disminuir por100.0%	; --%	;0	; --%	; --%	;0	;Disminuir por100.0%	;Disminuir por100.0%	;0	; --%	; --%	;0	;Disminuir por100.0%	; --%	;
2054	;08/25 13:00 - 14:00	;0	; --%	; --%	;0	; --%	; --%	;0	; --%	; --%	;0	;Disminuir por100.0%	; --%	;0	;Disminuir por100.0%	; --%	;0	;Disminuir por100.0%	;Disminuir por100.0%	;0	; --%	; --%	;0	; --%	; --%	;
2055	;08/25 14:00 - 15:00	;0	; --%	; --%	;0	; --%	; --%	;0	; --%	; --%	;0	; --%	;Disminuir por100.0%	;0	; --%	; --%	;0	;Disminuir por100.0%	;Disminuir por100.0%	;0	; --%	; --%	;0	; --%	; --%	;
2056	;08/25 15:00 - 16:00	;0	; --%	; --%	;0	; --%	; --%	;0	; --%	; --%	;0	; --%	; --%	;0	; --%	; --%	;0	;Disminuir por100.0%	;Disminuir por100.0%	;0	; --%	; --%	;0	;Disminuir por100.0%	; --%	;
2057	;08/25 16:00 - 17:00	;0	; --%	; --%	;0	; --%	; --%	;0	;Disminuir por100.0%	; --%	;0	;Disminuir por100.0%	; --%	;0	; --%	; --%	;0	;Disminuir por100.0%	; --%	;0	; --%	; --%	;0	; --%	; --%	;
2058	;08/25 17:00 - 18:00	;0	; --%	; --%	;0	; --%	; --%	;0	; --%	; --%	;0	; --%	; --%	;0	; --%	; --%	;0	;Disminuir por100.0%	;Disminuir por100.0%	;0	; --%	; --%	;0	; --%	; --%	;
2059	;08/25 18:00 - 19:00	;0	; --%	; --%	;0	; --%	; --%	;0	; --%	; --%	;0	; --%	; --%	;0	; --%	; --%	;0	;Disminuir por100.0%	; --%	;0	; --%	; --%	;0	; --%	; --%	;
2060	;08/25 19:00 - 20:00	;0	; --%	; --%	;0	; --%	; --%	;0	; --%	; --%	;0	; --%	; --%	;0	; --%	; --%	;0	; --%	; --%	;0	; --%	; --%	;0	; --%	; --%	;
2061	;08/25 20:00 - 21:00	;0	; --%	; --%	;0	; --%	; --%	;0	; --%	; --%	;0	; --%	; --%	;0	; --%	; --%	;0	; --%	; --%	;0	; --%	; --%	;0	; --%	; --%	;
2062	;08/25 21:00 - 22:00	;0	; --%	; --%	;0	; --%	; --%	;0	; --%	; --%	;0	; --%	; --%	;0	; --%	; --%	;0	; --%	; --%	;0	; --%	; --%	;0	; --%	; --%	;
2063	;08/25 22:00 - 23:00	;0	; --%	; --%	;0	; --%	; --%	;0	; --%	; --%	;0	; --%	; --%	;0	; --%	; --%	;0	; --%	; --%	;0	; --%	; --%	;0	; --%	; --%	;
2064	;08/25 23:00 - 24:00	;0	; --%	; --%	;0	; --%	; --%	;0	; --%	; --%	;0	; --%	; --%	;0	; --%	; --%	;0	; --%	; --%	;0	; --%	; --%	;0	; --%	; --%	;
2065	;08/26 00:00 - 01:00	;0	; --%	; --%	;0	; --%	; --%	;0	; --%	; --%	;0	; --%	; --%	;0	; --%	; --%	;0	;Disminuir por100.0%	;Disminuir por100.0%	;0	; --%	; --%	;0	; --%	; --%	;
2066	;08/26 01:00 - 02:00	;0	; --%	; --%	;0	; --%	; --%	;0	; --%	; --%	;0	; --%	; --%	;0	; --%	; --%	;0	; --%	;Disminuir por100.0%	;0	; --%	; --%	;0	; --%	; --%	;
2067	;08/26 02:00 - 03:00	;0	; --%	; --%	;0	; --%	; --%	;0	; --%	; --%	;0	; --%	; --%	;0	; --%	; --%	;0	; --%	; --%	;0	; --%	; --%	;0	; --%	; --%	;
2068	;08/26 03:00 - 04:00	;0	; --%	; --%	;0	; --%	; --%	;0	; --%	; --%	;0	; --%	; --%	;0	; --%	; --%	;0	; --%	; --%	;0	; --%	;Disminuir por100.0%	;0	; --%	;Disminuir por100.0%	;
2069	;08/26 04:00 - 05:00	;0	; --%	; --%	;0	; --%	; --%	;0	; --%	; --%	;0	; --%	; --%	;0	; --%	; --%	;0	; --%	;Disminuir por100.0%	;0	; --%	; --%	;0	; --%	; --%	;
2070	;08/26 05:00 - 06:00	;0	; --%	; --%	;0	; --%	; --%	;0	; --%	; --%	;0	; --%	; --%	;0	; --%	; --%	;0	; --%	;Disminuir por100.0%	;0	; --%	; --%	;0	; --%	; --%	;
2071	;08/26 06:00 - 07:00	;0	; --%	; --%	;0	; --%	; --%	;0	; --%	; --%	;0	; --%	; --%	;0	; --%	; --%	;0	;Disminuir por100.0%	;Disminuir por100.0%	;0	; --%	; --%	;0	; --%	; --%	;
2072	;08/26 07:00 - 08:00	;0	; --%	; --%	;0	; --%	; --%	;0	; --%	; --%	;0	; --%	; --%	;0	; --%	; --%	;0	;Disminuir por100.0%	;Disminuir por100.0%	;0	; --%	; --%	;0	;Disminuir por100.0%	; --%	;
2073	;08/26 08:00 - 09:00	;0	; --%	; --%	;0	; --%	; --%	;0	; --%	; --%	;0	; --%	; --%	;0	; --%	;Disminuir por100.0%	;0	;Disminuir por100.0%	;Disminuir por100.0%	;0	; --%	; --%	;0	;Disminuir por100.0%	; --%	;
2074	;08/26 09:00 - 10:00	;0	; --%	; --%	;0	; --%	;Disminuir por100.0%	;0	; --%	; --%	;0	;Disminuir por100.0%	;Disminuir por100.0%	;0	; --%	; --%	;0	;Disminuir por100.0%	;Disminuir por100.0%	;0	; --%	; --%	;0	;Disminuir por100.0%	;Disminuir por100.0%	;
2075	;08/26 10:00 - 11:00	;0	; --%	; --%	;0	; --%	; --%	;0	; --%	; --%	;0	; --%	; --%	;0	; --%	; --%	;0	;Disminuir por100.0%	;Disminuir por100.0%	;0	; --%	; --%	;0	; --%	; --%	;
2076	;08/26 11:00 - 12:00	;0	; --%	; --%	;0	; --%	; --%	;0	; --%	; --%	;0	; --%	;Disminuir por100.0%	;0	; --%	; --%	;0	;Disminuir por100.0%	;Disminuir por100.0%	;0	; --%	; --%	;0	; --%	; --%	;
2077	;08/26 12:00 - 13:00	;0	; --%	; --%	;0	; --%	; --%	;0	; --%	; --%	;0	;Disminuir por100.0%	; --%	;0	; --%	; --%	;0	;Disminuir por100.0%	;Disminuir por100.0%	;0	; --%	; --%	;0	;Disminuir por100.0%	; --%	;
2078	;08/26 13:00 - 14:00	;0	; --%	; --%	;0	; --%	; --%	;0	; --%	; --%	;0	;Disminuir por100.0%	; --%	;0	; --%	; --%	;0	;Disminuir por100.0%	;Disminuir por100.0%	;0	; --%	; --%	;0	; --%	; --%	;
2079	;08/26 14:00 - 15:00	;0	; --%	; --%	;0	; --%	; --%	;0	; --%	; --%	;0	; --%	; --%	;0	; --%	; --%	;0	;Disminuir por100.0%	;Disminuir por100.0%	;0	; --%	; --%	;0	; --%	; --%	;
2080	;08/26 15:00 - 16:00	;0	; --%	; --%	;0	; --%	; --%	;0	; --%	; --%	;0	; --%	; --%	;0	; --%	; --%	;0	; --%	;Disminuir por100.0%	;0	; --%	; --%	;0	;Disminuir por100.0%	; --%	;
2081	;08/26 16:00 - 17:00	;0	; --%	; --%	;0	; --%	; --%	;0	; --%	; --%	;0	;Disminuir por100.0%	; --%	;0	; --%	; --%	;0	;Disminuir por100.0%	;Disminuir por100.0%	;0	; --%	; --%	;0	;Disminuir por100.0%	; --%	;
2082	;08/26 17:00 - 18:00	;0	; --%	; --%	;0	;Disminuir por100.0%	; --%	;0	; --%	; --%	;0	;Disminuir por100.0%	; --%	;0	; --%	; --%	;0	;Disminuir por100.0%	;Disminuir por100.0%	;0	; --%	; --%	;0	; --%	; --%	;
2083	;08/26 18:00 - 19:00	;0	; --%	; --%	;0	; --%	; --%	;0	; --%	; --%	;0	; --%	; --%	;0	; --%	; --%	;0	;Disminuir por100.0%	; --%	;0	; --%	; --%	;0	; --%	; --%	;
2084	;08/26 19:00 - 20:00	;0	; --%	; --%	;0	; --%	; --%	;0	; --%	; --%	;0	; --%	; --%	;0	; --%	; --%	;0	;Disminuir por100.0%	;Disminuir por100.0%	;0	; --%	; --%	;0	; --%	; --%	;
2085	;08/26 20:00 - 21:00	;0	; --%	; --%	;0	; --%	; --%	;0	; --%	; --%	;0	; --%	; --%	;0	; --%	; --%	;0	;Disminuir por100.0%	; --%	;0	; --%	; --%	;0	; --%	; --%	;
2086	;08/26 21:00 - 22:00	;0	; --%	; --%	;0	; --%	; --%	;0	; --%	; --%	;0	; --%	; --%	;0	; --%	; --%	;0	;Disminuir por100.0%	; --%	;0	; --%	; --%	;0	; --%	; --%	;
2087	;08/26 22:00 - 23:00	;0	; --%	; --%	;0	; --%	; --%	;0	; --%	; --%	;0	; --%	; --%	;0	; --%	; --%	;0	; --%	; --%	;0	; --%	; --%	;0	; --%	; --%	;
2088	;08/26 23:00 - 24:00	;0	; --%	; --%	;0	; --%	; --%	;0	; --%	; --%	;0	; --%	; --%	;0	; --%	; --%	;0	; --%	; --%	;0	; --%	; --%	;0	; --%	; --%	;
2089	;08/27 00:00 - 01:00	;0	; --%	; --%	;0	; --%	; --%	;0	; --%	; --%	;0	; --%	; --%	;0	; --%	; --%	;0	; --%	; --%	;0	; --%	; --%	;0	; --%	; --%	;
2090	;08/27 01:00 - 02:00	;0	; --%	; --%	;0	; --%	; --%	;0	; --%	; --%	;0	; --%	; --%	;0	; --%	; --%	;0	; --%	; --%	;0	; --%	; --%	;0	; --%	; --%	;
2091	;08/27 02:00 - 03:00	;0	; --%	; --%	;0	; --%	; --%	;0	; --%	; --%	;0	; --%	; --%	;0	; --%	; --%	;0	; --%	; --%	;0	; --%	;Disminuir por100.0%	;0	; --%	; --%	;
2092	;08/27 03:00 - 04:00	;0	; --%	; --%	;0	; --%	; --%	;0	; --%	; --%	;0	; --%	; --%	;0	; --%	; --%	;0	; --%	; --%	;0	; --%	; --%	;0	; --%	; --%	;
2093	;08/27 04:00 - 05:00	;0	; --%	; --%	;0	; --%	; --%	;0	; --%	; --%	;0	; --%	; --%	;0	; --%	; --%	;0	; --%	;Disminuir por100.0%	;0	; --%	; --%	;0	; --%	;Disminuir por100.0%	;
2094	;08/27 05:00 - 06:00	;0	; --%	; --%	;0	; --%	; --%	;0	; --%	; --%	;0	; --%	; --%	;0	; --%	; --%	;0	; --%	; --%	;0	; --%	; --%	;0	; --%	; --%	;
2095	;08/27 06:00 - 07:00	;0	; --%	;Disminuir por100.0%	;0	; --%	;Disminuir por100.0%	;0	; --%	; --%	;0	; --%	; --%	;0	; --%	;Disminuir por100.0%	;0	;Disminuir por100.0%	;Disminuir por100.0%	;0	; --%	;Disminuir por100.0%	;0	; --%	;Disminuir por100.0%	;
2096	;08/27 07:00 - 08:00	;0	; --%	; --%	;0	; --%	; --%	;0	; --%	; --%	;0	; --%	; --%	;0	; --%	; --%	;0	;Disminuir por100.0%	;Disminuir por100.0%	;0	; --%	; --%	;0	; --%	; --%	;
2097	;08/27 08:00 - 09:00	;0	; --%	; --%	;0	; --%	; --%	;0	; --%	; --%	;0	; --%	; --%	;0	; --%	; --%	;0	;Disminuir por100.0%	;Disminuir por100.0%	;0	; --%	; --%	;0	;Disminuir por100.0%	; --%	;
2098	;08/27 09:00 - 10:00	;0	; --%	; --%	;0	; --%	; --%	;0	; --%	; --%	;0	;Disminuir por100.0%	; --%	;0	; --%	; --%	;0	;Disminuir por100.0%	;Disminuir por100.0%	;0	; --%	; --%	;0	; --%	; --%	;
2099	;08/27 10:00 - 11:00	;0	; --%	; --%	;0	; --%	; --%	;0	; --%	;Disminuir por100.0%	;0	;Disminuir por100.0%	;Disminuir por100.0%	;0	; --%	; --%	;0	;Disminuir por100.0%	;Disminuir por100.0%	;0	;Disminuir por100.0%	; --%	;0	;Disminuir por100.0%	;Disminuir por100.0%	;
2100	;08/27 11:00 - 12:00	;0	; --%	; --%	;0	; --%	; --%	;0	; --%	; --%	;0	; --%	; --%	;0	; --%	; --%	;0	;Disminuir por100.0%	;Disminuir por100.0%	;0	; --%	;Disminuir por100.0%	;0	;Disminuir por100.0%	;Disminuir por100.0%	;
2101	;08/27 12:00 - 13:00	;0	; --%	; --%	;0	; --%	; --%	;0	; --%	; --%	;0	; --%	;Disminuir por100.0%	;0	; --%	;Disminuir por100.0%	;0	;Disminuir por100.0%	;Disminuir por100.0%	;0	; --%	; --%	;0	; --%	;Disminuir por100.0%	;
2102	;08/27 13:00 - 14:00	;0	; --%	; --%	;0	; --%	; --%	;0	; --%	;Disminuir por100.0%	;0	; --%	; --%	;0	; --%	; --%	;0	; --%	;Disminuir por100.0%	;0	; --%	; --%	;0	; --%	; --%	;
2103	;08/27 14:00 - 15:00	;0	; --%	; --%	;0	; --%	; --%	;0	; --%	; --%	;0	; --%	; --%	;0	; --%	; --%	;0	;Disminuir por100.0%	;Disminuir por100.0%	;0	; --%	; --%	;0	; --%	; --%	;
2104	;08/27 15:00 - 16:00	;0	; --%	; --%	;0	; --%	; --%	;0	; --%	; --%	;0	; --%	; --%	;0	; --%	; --%	;0	;Disminuir por100.0%	;Disminuir por100.0%	;0	; --%	; --%	;0	; --%	; --%	;
2105	;08/27 16:00 - 17:00	;0	; --%	; --%	;0	; --%	; --%	;0	; --%	; --%	;0	;Disminuir por100.0%	; --%	;0	; --%	; --%	;0	;Disminuir por100.0%	;Disminuir por100.0%	;0	; --%	; --%	;0	; --%	; --%	;
2106	;08/27 17:00 - 18:00	;0	; --%	; --%	;0	; --%	; --%	;0	; --%	; --%	;0	;Disminuir por100.0%	; --%	;0	; --%	; --%	;0	;Disminuir por100.0%	;Disminuir por100.0%	;0	; --%	; --%	;0	; --%	; --%	;
2107	;08/27 18:00 - 19:00	;0	; --%	; --%	;0	; --%	; --%	;0	; --%	; --%	;0	; --%	; --%	;0	; --%	; --%	;0	;Disminuir por100.0%	; --%	;0	; --%	; --%	;0	; --%	; --%	;
2108	;08/27 19:00 - 20:00	;0	; --%	; --%	;0	; --%	; --%	;0	; --%	; --%	;0	; --%	; --%	;0	; --%	; --%	;0	;Disminuir por100.0%	; --%	;0	; --%	; --%	;0	; --%	; --%	;
2109	;08/27 20:00 - 21:00	;0	; --%	; --%	;0	; --%	; --%	;0	; --%	; --%	;0	; --%	; --%	;0	; --%	; --%	;0	;Disminuir por100.0%	; --%	;0	; --%	; --%	;0	; --%	; --%	;
2110	;08/27 21:00 - 22:00	;0	; --%	; --%	;0	; --%	; --%	;0	; --%	; --%	;0	; --%	; --%	;0	; --%	; --%	;0	; --%	; --%	;0	; --%	; --%	;0	; --%	; --%	;
2111	;08/27 22:00 - 23:00	;0	; --%	; --%	;0	; --%	; --%	;0	; --%	; --%	;0	; --%	; --%	;0	; --%	; --%	;0	; --%	; --%	;0	; --%	; --%	;0	; --%	; --%	;
2112	;08/27 23:00 - 24:00	;0	; --%	; --%	;0	; --%	; --%	;0	; --%	; --%	;0	; --%	; --%	;0	; --%	; --%	;0	; --%	; --%	;0	; --%	; --%	;0	; --%	; --%	;
2113	;08/28 00:00 - 01:00	;0	; --%	; --%	;0	; --%	; --%	;0	; --%	; --%	;0	; --%	; --%	;0	; --%	; --%	;0	; --%	;Disminuir por100.0%	;0	; --%	; --%	;0	; --%	; --%	;
2114	;08/28 01:00 - 02:00	;0	; --%	; --%	;0	; --%	; --%	;0	; --%	; --%	;0	; --%	; --%	;0	; --%	; --%	;0	; --%	;Disminuir por100.0%	;0	; --%	; --%	;0	; --%	; --%	;
2115	;08/28 02:00 - 03:00	;0	; --%	; --%	;0	; --%	; --%	;0	; --%	; --%	;0	; --%	; --%	;0	; --%	; --%	;0	; --%	; --%	;0	; --%	; --%	;0	; --%	; --%	;
2116	;08/28 03:00 - 04:00	;0	; --%	; --%	;0	; --%	; --%	;0	; --%	; --%	;0	; --%	; --%	;0	; --%	; --%	;0	; --%	; --%	;0	; --%	;Disminuir por100.0%	;0	; --%	;Disminuir por100.0%	;
2117	;08/28 04:00 - 05:00	;0	; --%	; --%	;0	; --%	; --%	;0	; --%	; --%	;0	; --%	; --%	;0	; --%	; --%	;0	; --%	; --%	;0	; --%	; --%	;0	; --%	; --%	;
2118	;08/28 05:00 - 06:00	;0	; --%	; --%	;0	; --%	; --%	;0	; --%	; --%	;0	; --%	; --%	;0	; --%	; --%	;0	; --%	; --%	;0	; --%	; --%	;0	; --%	; --%	;
2119	;08/28 06:00 - 07:00	;0	; --%	; --%	;0	; --%	; --%	;0	; --%	; --%	;0	; --%	; --%	;0	; --%	; --%	;0	; --%	;Disminuir por100.0%	;0	; --%	; --%	;0	; --%	; --%	;
2120	;08/28 07:00 - 08:00	;0	; --%	; --%	;0	; --%	; --%	;0	; --%	;Disminuir por100.0%	;0	; --%	; --%	;0	; --%	; --%	;0	;Disminuir por100.0%	;Disminuir por100.0%	;0	; --%	; --%	;0	;Disminuir por100.0%	; --%	;
2121	;08/28 08:00 - 09:00	;0	; --%	; --%	;0	; --%	; --%	;0	; --%	; --%	;0	; --%	; --%	;0	; --%	; --%	;0	;Disminuir por100.0%	;Disminuir por100.0%	;0	; --%	; --%	;0	;Disminuir por100.0%	; --%	;
2122	;08/28 09:00 - 10:00	;0	; --%	; --%	;0	;Disminuir por100.0%	; --%	;0	; --%	; --%	;0	; --%	; --%	;0	; --%	; --%	;0	;Disminuir por100.0%	;Disminuir por100.0%	;0	; --%	; --%	;0	; --%	;Disminuir por100.0%	;
2123	;08/28 10:00 - 11:00	;0	; --%	; --%	;0	; --%	; --%	;0	;Disminuir por100.0%	;Disminuir por100.0%	;0	; --%	;Disminuir por100.0%	;0	; --%	; --%	;0	;Disminuir por100.0%	;Disminuir por100.0%	;0	; --%	; --%	;0	; --%	; --%	;
2124	;08/28 11:00 - 12:00	;0	; --%	; --%	;0	; --%	; --%	;0	; --%	; --%	;0	; --%	;Disminuir por100.0%	;0	; --%	; --%	;0	;Disminuir por100.0%	;Disminuir por100.0%	;0	; --%	; --%	;0	; --%	; --%	;
2125	;08/28 12:00 - 13:00	;0	; --%	; --%	;0	; --%	; --%	;0	; --%	; --%	;0	;Disminuir por100.0%	; --%	;0	; --%	; --%	;0	;Disminuir por100.0%	;Disminuir por100.0%	;0	; --%	; --%	;0	; --%	; --%	;
2126	;08/28 13:00 - 14:00	;0	; --%	; --%	;0	; --%	; --%	;0	; --%	; --%	;0	; --%	; --%	;0	; --%	; --%	;0	;Disminuir por100.0%	; --%	;0	; --%	; --%	;0	; --%	; --%	;
2127	;08/28 14:00 - 15:00	;0	; --%	; --%	;0	; --%	; --%	;0	; --%	; --%	;0	; --%	; --%	;0	; --%	; --%	;0	;Disminuir por100.0%	;Disminuir por100.0%	;0	; --%	; --%	;0	; --%	; --%	;
2128	;08/28 15:00 - 16:00	;0	; --%	; --%	;0	; --%	; --%	;0	; --%	; --%	;0	; --%	; --%	;0	; --%	; --%	;0	; --%	; --%	;0	; --%	; --%	;0	;Disminuir por100.0%	; --%	;
2129	;08/28 16:00 - 17:00	;0	; --%	; --%	;0	; --%	; --%	;0	; --%	; --%	;0	; --%	; --%	;0	; --%	; --%	;0	;Disminuir por100.0%	;Disminuir por100.0%	;0	; --%	; --%	;0	; --%	; --%	;
2130	;08/28 17:00 - 18:00	;0	; --%	; --%	;0	; --%	; --%	;0	; --%	; --%	;0	; --%	; --%	;0	; --%	; --%	;0	;Disminuir por100.0%	;Disminuir por100.0%	;0	; --%	; --%	;0	; --%	; --%	;
2131	;08/28 18:00 - 19:00	;0	; --%	; --%	;0	; --%	; --%	;0	; --%	; --%	;0	; --%	; --%	;0	; --%	; --%	;0	;Disminuir por100.0%	;Disminuir por100.0%	;0	; --%	; --%	;0	; --%	; --%	;
2132	;08/28 19:00 - 20:00	;0	; --%	; --%	;0	; --%	; --%	;0	; --%	; --%	;0	; --%	; --%	;0	; --%	; --%	;0	;Disminuir por100.0%	; --%	;0	; --%	; --%	;0	; --%	; --%	;
2133	;08/28 20:00 - 21:00	;0	; --%	; --%	;0	; --%	; --%	;0	; --%	; --%	;0	; --%	; --%	;0	; --%	; --%	;0	; --%	; --%	;0	; --%	; --%	;0	; --%	; --%	;
2134	;08/28 21:00 - 22:00	;0	; --%	; --%	;0	; --%	; --%	;0	; --%	; --%	;0	; --%	; --%	;0	; --%	; --%	;0	; --%	; --%	;0	; --%	; --%	;0	; --%	; --%	;
2135	;08/28 22:00 - 23:00	;0	; --%	; --%	;0	; --%	; --%	;0	; --%	; --%	;0	; --%	; --%	;0	; --%	; --%	;0	; --%	; --%	;0	; --%	; --%	;0	; --%	; --%	;
2136	;08/28 23:00 - 24:00	;0	; --%	; --%	;0	; --%	; --%	;0	; --%	; --%	;0	; --%	; --%	;0	; --%	; --%	;0	; --%	; --%	;0	; --%	; --%	;0	; --%	; --%	;
2137	;08/29 00:00 - 01:00	;0	; --%	; --%	;0	; --%	; --%	;0	; --%	; --%	;0	; --%	; --%	;0	; --%	; --%	;0	; --%	; --%	;0	; --%	; --%	;0	; --%	; --%	;
2138	;08/29 01:00 - 02:00	;0	; --%	; --%	;0	; --%	; --%	;0	; --%	; --%	;0	; --%	; --%	;0	; --%	; --%	;0	; --%	;Disminuir por100.0%	;0	; --%	; --%	;0	; --%	; --%	;
2139	;08/29 02:00 - 03:00	;0	; --%	; --%	;0	; --%	; --%	;0	; --%	; --%	;0	; --%	; --%	;0	; --%	; --%	;0	; --%	; --%	;0	; --%	; --%	;0	; --%	; --%	;
2140	;08/29 03:00 - 04:00	;0	; --%	; --%	;0	; --%	; --%	;0	; --%	; --%	;0	; --%	;Disminuir por100.0%	;0	; --%	; --%	;0	; --%	; --%	;0	; --%	; --%	;0	; --%	;Disminuir por100.0%	;
2141	;08/29 04:00 - 05:00	;0	; --%	; --%	;0	; --%	; --%	;0	; --%	; --%	;0	; --%	; --%	;0	;Disminuir por100.0%	; --%	;0	; --%	; --%	;0	; --%	; --%	;0	; --%	; --%	;
2142	;08/29 05:00 - 06:00	;0	; --%	; --%	;0	; --%	; --%	;0	; --%	; --%	;0	; --%	; --%	;0	; --%	; --%	;0	; --%	; --%	;0	; --%	; --%	;0	; --%	; --%	;
2143	;08/29 06:00 - 07:00	;0	; --%	; --%	;0	; --%	; --%	;0	; --%	; --%	;0	; --%	; --%	;0	; --%	; --%	;0	; --%	;Disminuir por100.0%	;0	; --%	;Disminuir por100.0%	;0	; --%	; --%	;
2144	;08/29 07:00 - 08:00	;0	; --%	; --%	;0	; --%	; --%	;0	; --%	; --%	;0	; --%	; --%	;0	; --%	; --%	;0	;Disminuir por100.0%	;Disminuir por100.0%	;0	;Disminuir por100.0%	; --%	;0	;Disminuir por100.0%	; --%	;
2145	;08/29 08:00 - 09:00	;0	; --%	; --%	;0	; --%	; --%	;0	; --%	; --%	;0	;Disminuir por100.0%	; --%	;0	; --%	; --%	;0	;Disminuir por100.0%	;Disminuir por100.0%	;0	; --%	; --%	;0	; --%	;Disminuir por100.0%	;
2146	;08/29 09:00 - 10:00	;0	; --%	; --%	;0	; --%	; --%	;0	; --%	; --%	;0	; --%	; --%	;0	; --%	; --%	;0	;Disminuir por100.0%	;Disminuir por100.0%	;0	; --%	; --%	;0	; --%	; --%	;
2147	;08/29 10:00 - 11:00	;0	; --%	; --%	;0	; --%	; --%	;0	; --%	;Disminuir por100.0%	;0	; --%	;Disminuir por100.0%	;0	; --%	; --%	;0	;Disminuir por100.0%	;Disminuir por100.0%	;0	; --%	; --%	;0	; --%	; --%	;
2148	;08/29 11:00 - 12:00	;0	; --%	; --%	;0	; --%	;Disminuir por100.0%	;0	; --%	; --%	;0	;Disminuir por100.0%	; --%	;0	; --%	; --%	;0	;Disminuir por100.0%	;Disminuir por100.0%	;0	; --%	; --%	;0	;Disminuir por100.0%	; --%	;
2149	;08/29 12:00 - 13:00	;0	; --%	; --%	;0	; --%	; --%	;0	; --%	; --%	;0	; --%	; --%	;0	; --%	; --%	;0	;Disminuir por100.0%	;Disminuir por100.0%	;0	; --%	; --%	;0	; --%	; --%	;
2150	;08/29 13:00 - 14:00	;0	; --%	; --%	;0	; --%	; --%	;0	; --%	; --%	;0	; --%	; --%	;0	; --%	; --%	;0	;Disminuir por100.0%	;Disminuir por100.0%	;0	; --%	; --%	;0	; --%	; --%	;
2151	;08/29 14:00 - 15:00	;0	; --%	; --%	;0	; --%	; --%	;0	; --%	; --%	;0	; --%	; --%	;0	; --%	; --%	;0	;Disminuir por100.0%	;Disminuir por100.0%	;0	; --%	; --%	;0	; --%	; --%	;
2152	;08/29 15:00 - 16:00	;0	; --%	; --%	;0	; --%	; --%	;0	; --%	; --%	;0	;Disminuir por100.0%	;Disminuir por100.0%	;0	; --%	; --%	;0	; --%	;Disminuir por100.0%	;0	; --%	; --%	;0	; --%	; --%	;
2153	;08/29 16:00 - 17:00	;0	; --%	; --%	;0	; --%	; --%	;0	; --%	; --%	;0	; --%	;Disminuir por100.0%	;0	; --%	; --%	;0	; --%	;Disminuir por100.0%	;0	; --%	; --%	;0	; --%	; --%	;
2154	;08/29 17:00 - 18:00	;0	; --%	; --%	;0	; --%	; --%	;0	; --%	; --%	;0	; --%	;Disminuir por100.0%	;0	; --%	; --%	;0	;Disminuir por100.0%	;Disminuir por100.0%	;0	; --%	; --%	;0	; --%	; --%	;
2155	;08/29 18:00 - 19:00	;0	; --%	; --%	;0	; --%	; --%	;0	; --%	; --%	;0	; --%	; --%	;0	; --%	; --%	;0	;Disminuir por100.0%	; --%	;0	; --%	; --%	;0	; --%	; --%	;
2156	;08/29 19:00 - 20:00	;0	; --%	; --%	;0	; --%	; --%	;0	; --%	; --%	;0	; --%	; --%	;0	; --%	; --%	;0	; --%	; --%	;0	; --%	; --%	;0	; --%	; --%	;
2157	;08/29 20:00 - 21:00	;0	; --%	; --%	;0	; --%	; --%	;0	; --%	; --%	;0	; --%	; --%	;0	; --%	; --%	;0	; --%	; --%	;0	; --%	; --%	;0	; --%	; --%	;
2158	;08/29 21:00 - 22:00	;0	; --%	; --%	;0	; --%	; --%	;0	; --%	; --%	;0	; --%	; --%	;0	; --%	; --%	;0	; --%	; --%	;0	; --%	; --%	;0	; --%	; --%	;
2159	;08/29 22:00 - 23:00	;0	; --%	; --%	;0	; --%	; --%	;0	; --%	; --%	;0	; --%	; --%	;0	; --%	; --%	;0	; --%	; --%	;0	; --%	; --%	;0	; --%	; --%	;
2160	;08/29 23:00 - 24:00	;0	; --%	; --%	;0	; --%	; --%	;0	; --%	; --%	;0	; --%	; --%	;0	; --%	; --%	;0	; --%	; --%	;0	; --%	; --%	;0	; --%	; --%	;
2161	;08/30 00:00 - 01:00	;0	; --%	; --%	;0	; --%	; --%	;0	; --%	; --%	;0	; --%	; --%	;0	; --%	; --%	;0	; --%	; --%	;0	; --%	; --%	;0	; --%	; --%	;
2162	;08/30 01:00 - 02:00	;0	; --%	; --%	;0	; --%	; --%	;0	; --%	; --%	;0	; --%	; --%	;0	; --%	; --%	;0	; --%	;Disminuir por100.0%	;0	; --%	; --%	;0	; --%	; --%	;
2163	;08/30 02:00 - 03:00	;0	; --%	; --%	;0	; --%	; --%	;0	; --%	; --%	;0	; --%	; --%	;0	; --%	; --%	;0	; --%	; --%	;0	; --%	; --%	;0	; --%	;Disminuir por100.0%	;
2164	;08/30 03:00 - 04:00	;0	; --%	; --%	;0	; --%	; --%	;0	; --%	; --%	;0	; --%	; --%	;0	; --%	; --%	;0	; --%	; --%	;0	; --%	;Disminuir por100.0%	;0	; --%	;Disminuir por100.0%	;
2165	;08/30 04:00 - 05:00	;0	; --%	; --%	;0	; --%	; --%	;0	; --%	; --%	;0	; --%	; --%	;0	; --%	; --%	;0	; --%	; --%	;0	; --%	; --%	;0	; --%	;Disminuir por100.0%	;
2166	;08/30 05:00 - 06:00	;0	; --%	; --%	;0	; --%	; --%	;0	; --%	; --%	;0	; --%	; --%	;0	;Disminuir por100.0%	; --%	;0	;Disminuir por100.0%	; --%	;0	; --%	; --%	;0	; --%	; --%	;
2167	;08/30 06:00 - 07:00	;0	; --%	; --%	;0	; --%	; --%	;0	; --%	; --%	;0	; --%	; --%	;0	; --%	; --%	;0	; --%	; --%	;0	; --%	; --%	;0	; --%	; --%	;
2168	;08/30 07:00 - 08:00	;0	; --%	; --%	;0	; --%	; --%	;0	; --%	; --%	;0	; --%	; --%	;0	; --%	; --%	;0	; --%	; --%	;0	; --%	; --%	;0	;Disminuir por100.0%	; --%	;
2169	;08/30 08:00 - 09:00	;0	; --%	; --%	;0	; --%	; --%	;0	;Disminuir por100.0%	; --%	;0	;Disminuir por100.0%	; --%	;0	; --%	; --%	;0	;Disminuir por100.0%	;Disminuir por100.0%	;0	; --%	; --%	;0	; --%	; --%	;
2170	;08/30 09:00 - 10:00	;0	; --%	; --%	;0	; --%	; --%	;0	; --%	; --%	;0	;Disminuir por100.0%	; --%	;0	; --%	; --%	;0	;Disminuir por100.0%	;Disminuir por100.0%	;0	; --%	; --%	;0	; --%	; --%	;
2171	;08/30 10:00 - 11:00	;0	; --%	; --%	;0	; --%	; --%	;0	; --%	; --%	;0	; --%	; --%	;0	;Disminuir por100.0%	; --%	;0	;Disminuir por100.0%	;Disminuir por100.0%	;0	; --%	; --%	;0	; --%	; --%	;
2172	;08/30 11:00 - 12:00	;0	; --%	; --%	;0	; --%	; --%	;0	; --%	; --%	;0	; --%	; --%	;0	; --%	; --%	;0	;Disminuir por100.0%	;Disminuir por100.0%	;0	; --%	; --%	;0	; --%	; --%	;
2173	;08/30 12:00 - 13:00	;0	; --%	; --%	;0	; --%	; --%	;0	; --%	; --%	;0	; --%	; --%	;0	; --%	; --%	;0	;Disminuir por100.0%	;Disminuir por100.0%	;0	; --%	; --%	;0	; --%	; --%	;
2174	;08/30 13:00 - 14:00	;0	; --%	; --%	;0	; --%	; --%	;0	; --%	; --%	;0	; --%	;Disminuir por100.0%	;0	; --%	; --%	;0	;Disminuir por100.0%	;Disminuir por100.0%	;0	; --%	; --%	;0	; --%	; --%	;
2175	;08/30 14:00 - 15:00	;0	; --%	; --%	;0	; --%	; --%	;0	; --%	; --%	;0	; --%	; --%	;0	; --%	; --%	;0	;Disminuir por100.0%	;Disminuir por100.0%	;0	; --%	; --%	;0	; --%	; --%	;
2176	;08/30 15:00 - 16:00	;0	; --%	; --%	;0	; --%	; --%	;0	; --%	; --%	;0	; --%	; --%	;0	; --%	; --%	;0	;Disminuir por100.0%	; --%	;0	; --%	; --%	;0	; --%	; --%	;
2177	;08/30 16:00 - 17:00	;0	; --%	; --%	;0	; --%	; --%	;0	; --%	; --%	;0	; --%	; --%	;0	; --%	; --%	;0	; --%	;Disminuir por100.0%	;0	; --%	; --%	;0	; --%	; --%	;
2178	;08/30 17:00 - 18:00	;0	; --%	; --%	;0	; --%	; --%	;0	; --%	; --%	;0	; --%	; --%	;0	; --%	; --%	;0	; --%	;Disminuir por100.0%	;0	; --%	; --%	;0	; --%	; --%	;
2179	;08/30 18:00 - 19:00	;0	; --%	; --%	;0	; --%	; --%	;0	; --%	; --%	;0	; --%	; --%	;0	; --%	; --%	;0	; --%	; --%	;0	; --%	; --%	;0	; --%	; --%	;
2180	;08/30 19:00 - 20:00	;0	; --%	; --%	;0	; --%	; --%	;0	; --%	; --%	;0	; --%	; --%	;0	; --%	; --%	;0	; --%	; --%	;0	; --%	; --%	;0	; --%	; --%	;
2181	;08/30 20:00 - 21:00	;0	; --%	; --%	;0	; --%	; --%	;0	; --%	; --%	;0	; --%	; --%	;0	; --%	; --%	;0	; --%	; --%	;0	; --%	; --%	;0	; --%	; --%	;
2182	;08/30 21:00 - 22:00	;0	; --%	; --%	;0	; --%	; --%	;0	; --%	; --%	;0	; --%	; --%	;0	; --%	; --%	;0	; --%	; --%	;0	; --%	; --%	;0	; --%	; --%	;
2183	;08/30 22:00 - 23:00	;0	; --%	; --%	;0	; --%	; --%	;0	; --%	; --%	;0	; --%	; --%	;0	; --%	; --%	;0	; --%	; --%	;0	; --%	; --%	;0	; --%	; --%	;
2184	;08/30 23:00 - 24:00	;0	; --%	; --%	;0	; --%	; --%	;0	; --%	; --%	;0	; --%	; --%	;0	; --%	; --%	;0	; --%	; --%	;0	; --%	; --%	;0	; --%	; --%	;
2185	;08/31 00:00 - 01:00	;0	; --%	; --%	;0	; --%	; --%	;0	; --%	; --%	;0	; --%	; --%	;0	; --%	; --%	;0	; --%	; --%	;0	; --%	; --%	;0	; --%	; --%	;
2186	;08/31 01:00 - 02:00	;0	; --%	; --%	;0	; --%	; --%	;0	; --%	; --%	;0	; --%	; --%	;0	; --%	; --%	;0	; --%	; --%	;0	; --%	; --%	;0	; --%	; --%	;
2187	;08/31 02:00 - 03:00	;0	; --%	; --%	;0	; --%	; --%	;0	; --%	; --%	;0	; --%	; --%	;0	; --%	; --%	;0	; --%	; --%	;0	; --%	;Disminuir por100.0%	;0	; --%	;Disminuir por100.0%	;
2188	;08/31 03:00 - 04:00	;0	; --%	; --%	;0	; --%	; --%	;0	; --%	; --%	;0	; --%	; --%	;0	; --%	; --%	;0	; --%	; --%	;0	; --%	;Disminuir por100.0%	;0	; --%	;Disminuir por100.0%	;
2189	;08/31 04:00 - 05:00	;0	; --%	; --%	;0	; --%	; --%	;0	; --%	; --%	;0	; --%	; --%	;0	; --%	; --%	;0	; --%	; --%	;0	; --%	; --%	;0	; --%	; --%	;
2190	;08/31 05:00 - 06:00	;0	; --%	; --%	;0	; --%	; --%	;0	; --%	; --%	;0	; --%	; --%	;0	; --%	; --%	;0	; --%	; --%	;0	;Disminuir por100.0%	; --%	;0	;Disminuir por100.0%	; --%	;
2191	;08/31 06:00 - 07:00	;0	; --%	; --%	;0	; --%	; --%	;0	; --%	; --%	;0	; --%	; --%	;0	; --%	; --%	;0	;Disminuir por100.0%	; --%	;0	; --%	; --%	;0	; --%	; --%	;
2192	;08/31 07:00 - 08:00	;0	; --%	; --%	;0	; --%	; --%	;0	; --%	; --%	;0	; --%	; --%	;0	; --%	; --%	;0	;Disminuir por100.0%	; --%	;0	; --%	; --%	;0	; --%	; --%	;
2193	;08/31 08:00 - 09:00	;0	; --%	; --%	;0	; --%	; --%	;0	; --%	; --%	;0	; --%	; --%	;0	; --%	; --%	;0	; --%	;Disminuir por100.0%	;0	; --%	; --%	;0	; --%	; --%	;
2194	;08/31 09:00 - 10:00	;0	; --%	; --%	;0	; --%	; --%	;0	; --%	; --%	;0	; --%	; --%	;0	; --%	; --%	;0	;Disminuir por100.0%	;Disminuir por100.0%	;0	; --%	; --%	;0	; --%	; --%	;
2195	;08/31 10:00 - 11:00	;0	; --%	; --%	;0	; --%	; --%	;0	; --%	; --%	;0	; --%	; --%	;0	; --%	; --%	;0	;Disminuir por100.0%	;Disminuir por100.0%	;0	; --%	; --%	;0	; --%	; --%	;
2196	;08/31 11:00 - 12:00	;0	; --%	; --%	;0	; --%	; --%	;0	; --%	; --%	;0	; --%	; --%	;0	; --%	; --%	;0	;Disminuir por100.0%	; --%	;0	; --%	; --%	;0	; --%	; --%	;
2197	;08/31 12:00 - 13:00	;0	; --%	; --%	;0	; --%	; --%	;0	; --%	; --%	;0	; --%	; --%	;0	; --%	; --%	;0	;Disminuir por100.0%	; --%	;0	; --%	; --%	;0	; --%	; --%	;
2198	;08/31 13:00 - 14:00	;0	; --%	; --%	;0	; --%	; --%	;0	; --%	; --%	;0	; --%	; --%	;0	; --%	; --%	;0	; --%	;Disminuir por100.0%	;0	; --%	; --%	;0	; --%	; --%	;
2199	;08/31 14:00 - 15:00	;0	; --%	; --%	;0	; --%	; --%	;0	; --%	; --%	;0	; --%	; --%	;0	; --%	; --%	;0	; --%	; --%	;0	; --%	; --%	;0	; --%	; --%	;
2200	;08/31 15:00 - 16:00	;0	; --%	; --%	;0	; --%	; --%	;0	; --%	; --%	;0	; --%	; --%	;0	; --%	; --%	;0	; --%	; --%	;0	; --%	; --%	;0	; --%	; --%	;
2201	;08/31 16:00 - 17:00	;0	; --%	; --%	;0	; --%	; --%	;0	; --%	; --%	;0	; --%	; --%	;0	; --%	; --%	;0	; --%	;Disminuir por100.0%	;0	; --%	; --%	;0	; --%	; --%	;
2202	;08/31 17:00 - 18:00	;0	; --%	; --%	;0	; --%	; --%	;0	; --%	; --%	;0	; --%	; --%	;0	; --%	; --%	;0	; --%	;Disminuir por100.0%	;0	; --%	; --%	;0	; --%	; --%	;
2203	;08/31 18:00 - 19:00	;0	; --%	; --%	;0	; --%	; --%	;0	; --%	; --%	;0	; --%	; --%	;0	; --%	; --%	;0	; --%	; --%	;0	; --%	; --%	;0	; --%	; --%	;
2204	;08/31 19:00 - 20:00	;0	; --%	; --%	;0	; --%	; --%	;0	; --%	; --%	;0	; --%	; --%	;0	; --%	; --%	;0	; --%	; --%	;0	; --%	; --%	;0	; --%	; --%	;
2205	;08/31 20:00 - 21:00	;0	; --%	; --%	;0	; --%	; --%	;0	; --%	; --%	;0	; --%	; --%	;0	; --%	; --%	;0	; --%	; --%	;0	; --%	; --%	;0	; --%	; --%	;
2206	;08/31 21:00 - 22:00	;0	; --%	; --%	;0	; --%	; --%	;0	; --%	; --%	;0	; --%	; --%	;0	; --%	; --%	;0	; --%	; --%	;0	; --%	; --%	;0	; --%	; --%	;
2207	;08/31 22:00 - 23:00	;0	; --%	; --%	;0	; --%	; --%	;0	; --%	; --%	;0	; --%	; --%	;0	; --%	; --%	;0	; --%	; --%	;0	; --%	; --%	;0	; --%	; --%	;
2208	;08/31 23:00 - 24:00	;0	; --%	; --%	;0	; --%	; --%	;0	; --%	; --%	;0	; --%	; --%	;0	; --%	; --%	;0	; --%	; --%	;0	; --%	; --%	;0	; --%	; --%	;
