Análisis de tipo multiobjetivo	;
Información básica	;
Hora de exportación: 2026/07/14 13:51:29	;
Operador: Touristcheck	;
Objetivo de estadísticas: Rotonda Venus	;
Exportar contenido:Número de personas,Vehículos a motor,Vehículos sin motor	;
Hora del informe: 2025/12/01 00:00:00 - 2026/07/14 23:59:59	;

Personas totales	; 	; 	; 	; 	; 	;Total de vehículos a motor	; 	; 	; 	; 	; 	;Total de vehículos sin motor	;
Avanzar	; 	; 	;Retroceso	; 	; 	;Avanzar	; 	; 	;Retroceso	; 	; 	;Avanzar	; 	; 	;Retroceso	;
Valor	;Tasa de cambio (ciclo tras ciclo)	;Tasa de cambio (año tras año)	;Valor	;Tasa de cambio (ciclo tras ciclo)	;Tasa de cambio (año tras año)	;Valor	;Tasa de cambio (ciclo tras ciclo)	;Tasa de cambio (año tras año)	;Valor	;Tasa de cambio (ciclo tras ciclo)	;Tasa de cambio (año tras año)	;Valor	;Tasa de cambio (ciclo tras ciclo)	;Tasa de cambio (año tras año)	;Valor	;Tasa de cambio (ciclo tras ciclo)	;Tasa de cambio (año tras año)	;
30336	;Disminuir por25.0%	;Aumentar por97.0%	;17752	;Disminuir por7.9%	;Aumentar por160.4%	;315683	;Disminuir por25.5%	;Aumentar por108.3%	;278200	;Disminuir por27.0%	;Aumentar por94.7%	;49226	;Disminuir por31.0%	;Aumentar por92.9%	;8433	;Disminuir por61.0%	;Disminuir por8.9%	;

N.º	;Hora	;Personas	; 	; 	; 	; 	; 	;Vehículos a motor	; 	; 	; 	; 	; 	;Vehículos sin motor	;
	;	;Avanzar	; 	; 	;Retroceso	; 	; 	;Avanzar	; 	; 	;Retroceso	; 	; 	;Avanzar	; 	; 	;Retroceso	;
	;	;Valor	;Tasa de cambio (ciclo tras ciclo)	;Tasa de cambio (año tras año)	;Valor	;Tasa de cambio (ciclo tras ciclo)	;Tasa de cambio (año tras año)	;Valor	;Tasa de cambio (ciclo tras ciclo)	;Tasa de cambio (año tras año)	;Valor	;Tasa de cambio (ciclo tras ciclo)	;Tasa de cambio (año tras año)	;Valor	;Tasa de cambio (ciclo tras ciclo)	;Tasa de cambio (año tras año)	;Valor	;Tasa de cambio (ciclo tras ciclo)	;Tasa de cambio (año tras año)	;
1	;(Lunes)2025/12/01	;69	;Disminuir por83.6%	; --%	;40	;Disminuir por80.6%	; --%	;1169	;Disminuir por59.5%	; --%	;1102	;Disminuir por58.6%	; --%	;124	;Disminuir por73.8%	; --%	;23	;Disminuir por94.1%	; --%	;
2	;(Martes)2025/12/02	;41	;Disminuir por89.4%	; --%	;40	;Disminuir por79.2%	; --%	;1114	;Disminuir por56.3%	; --%	;1047	;Disminuir por52.0%	; --%	;148	;Disminuir por63.3%	; --%	;41	;Disminuir por89.4%	; --%	;
3	;(Miércoles)2025/12/03	;46	;Disminuir por81.4%	; --%	;52	;Disminuir por56.7%	; --%	;1145	;Disminuir por46.6%	; --%	;1058	;Disminuir por38.4%	; --%	;120	;Disminuir por70.1%	; --%	;20	;Disminuir por93.0%	; --%	;
4	;(Jueves)2025/12/04	;41	;Disminuir por66.1%	; --%	;35	;Disminuir por34.0%	; --%	;1153	;Disminuir por31.3%	; --%	;1116	;Disminuir por25.9%	; --%	;115	;Disminuir por30.7%	; --%	;30	;Disminuir por76.4%	; --%	;
5	;(Viernes)2025/12/05	;72	;Disminuir por70.1%	; --%	;65	;Disminuir por49.2%	; --%	;1277	;Disminuir por26.1%	; --%	;1364	;Disminuir por14.1%	; --%	;158	;Disminuir por51.8%	; --%	;38	;Disminuir por81.8%	; --%	;
6	;(Sábado)2025/12/06	;151	;Disminuir por28.1%	; --%	;132	;Aumentar por144.4%	; --%	;1422	;Disminuir por19.3%	; --%	;1408	;Disminuir por12.5%	; --%	;278	;Disminuir por5.4%	; --%	;40	;Disminuir por64.0%	; --%	;
7	;(Domingo)2025/12/07	;167	;Disminuir por7.2%	; --%	;172	;Aumentar por126.3%	; --%	;1488	;Disminuir por15.9%	; --%	;1376	;Disminuir por19.0%	; --%	;250	;Aumentar por3.3%	; --%	;61	;Disminuir por46.0%	; --%	;
8	;(Lunes)2025/12/08	;108	;Disminuir por60.0%	; --%	;94	;Disminuir por4.1%	; --%	;1438	;Disminuir por13.1%	; --%	;1051	;Disminuir por33.7%	; --%	;207	;Disminuir por37.8%	; --%	;17	;Disminuir por87.8%	; --%	;
9	;(Martes)2025/12/09	;39	;Disminuir por88.1%	; --%	;40	;Disminuir por76.5%	; --%	;1319	;Disminuir por29.3%	; --%	;1178	;Disminuir por30.2%	; --%	;112	;Disminuir por66.6%	; --%	;34	;Disminuir por73.4%	; --%	;
10	;(Miércoles)2025/12/10	;48	;Disminuir por26.2%	; --%	;47	;Aumentar por123.8%	; --%	;1154	;Aumentar por91.7%	; --%	;1032	;Aumentar por138.3%	; --%	;127	;Aumentar por42.7%	; --%	;36	;Aumentar por56.5%	; --%	;
11	;(Jueves)2025/12/11	;44	;Disminuir por24.1%	; --%	;48	;Aumentar por60.0%	; --%	;1126	;Aumentar por36.7%	; --%	;1038	;Aumentar por9.7%	; --%	;117	;Disminuir por30.4%	; --%	;32	;Disminuir por62.8%	; --%	;
12	;(Viernes)2025/12/12	;47	;Disminuir por57.3%	; --%	;41	;Disminuir por31.7%	; --%	;1220	;Disminuir por21.6%	; --%	;1189	;Disminuir por25.6%	; --%	;115	;Disminuir por41.0%	; --%	;39	;Disminuir por56.2%	; --%	;
13	;(Sábado)2025/12/13	;38	;Disminuir por82.6%	; --%	;41	;Disminuir por61.0%	; --%	;1022	;Disminuir por40.0%	; --%	;950	;Disminuir por48.4%	; --%	;118	;Disminuir por62.7%	; --%	;21	;Disminuir por84.9%	; --%	;
14	;(Domingo)2025/12/14	;12	;Aumentar por300.0%	; --%	;11	;Aumentar por22.2%	; --%	;643	;Aumentar por937.1%	; --%	;542	;Aumentar por1190.5%	; --%	;19	;Aumentar por216.7%	; --%	;5	;Disminuir por16.7%	; --%	;
15	;(Lunes)2025/12/15	;8	; --%	; --%	;9	; --%	; --%	;993	; --%	; --%	;940	; --%	; --%	;27	; --%	; --%	;9	; --%	; --%	;
16	;(Martes)2025/12/16	;28	; --%	; --%	;30	; --%	; --%	;950	; --%	; --%	;872	; --%	; --%	;48	; --%	; --%	;18	; --%	; --%	;
17	;(Miércoles)2025/12/17	;7	; --%	; --%	;11	; --%	; --%	;921	; --%	; --%	;859	; --%	; --%	;24	; --%	; --%	;13	; --%	; --%	;
18	;(Jueves)2025/12/18	;39	;Disminuir por61.8%	; --%	;25	;Disminuir por34.2%	; --%	;1043	;Aumentar por44.3%	; --%	;918	;Aumentar por12.5%	; --%	;120	;Aumentar por30.4%	; --%	;35	;Disminuir por25.5%	; --%	;
19	;(Viernes)2025/12/19	;42	;Disminuir por65.6%	; --%	;38	;Disminuir por11.6%	; --%	;1026	;Disminuir por28.5%	; --%	;932	;Disminuir por33.4%	; --%	;114	;Disminuir por53.7%	; --%	;31	;Disminuir por64.0%	; --%	;
20	;(Sábado)2025/12/20	;38	;Disminuir por44.9%	; --%	;53	;Aumentar por103.8%	; --%	;981	;Disminuir por29.5%	; --%	;948	;Disminuir por27.5%	; --%	;162	;Aumentar por32.8%	; --%	;58	;Disminuir por1.7%	; --%	;
21	;(Domingo)2025/12/21	;45	;Disminuir por59.8%	; --%	;49	;Aumentar por14.0%	; --%	;899	;Disminuir por28.3%	; --%	;835	;Disminuir por31.7%	; --%	;138	;Disminuir por27.0%	; --%	;51	;Disminuir por32.0%	; --%	;
22	;(Lunes)2025/12/22	;59	;Disminuir por57.9%	; --%	;58	;Disminuir por7.9%	; --%	;1091	;Disminuir por16.2%	; --%	;1006	;Disminuir por21.1%	; --%	;123	;Disminuir por53.6%	; --%	;42	;Disminuir por52.8%	; --%	;
23	;(Martes)2025/12/23	;32	;Disminuir por72.2%	; --%	;40	;Disminuir por42.0%	; --%	;1113	;Disminuir por5.7%	; --%	;1045	;Disminuir por1.4%	; --%	;115	;Disminuir por48.9%	; --%	;37	;Disminuir por54.3%	; --%	;
24	;(Miércoles)2025/12/24	;41	;Disminuir por73.4%	; --%	;38	;Disminuir por33.3%	; --%	;1049	;Disminuir por21.6%	; --%	;891	;Disminuir por29.6%	; --%	;155	;Disminuir por37.0%	; --%	;41	;Disminuir por38.8%	; --%	;
25	;(Jueves)2025/12/25	;13	;Disminuir por92.2%	; --%	;17	;Disminuir por70.2%	; --%	;604	;Disminuir por54.6%	; --%	;577	;Disminuir por55.6%	; --%	;23	;Disminuir por88.6%	; --%	;10	;Disminuir por86.8%	; --%	;
26	;(Viernes)2025/12/26	;33	;Disminuir por80.0%	; --%	;29	;Disminuir por65.1%	; --%	;963	;Disminuir por24.1%	; --%	;914	;Disminuir por27.2%	; --%	;46	;Disminuir por80.1%	; --%	;12	;Disminuir por85.2%	; --%	;
27	;(Sábado)2025/12/27	;10	;Disminuir por95.4%	; --%	;11	;Disminuir por89.4%	; --%	;935	;Disminuir por31.9%	; --%	;866	;Disminuir por35.4%	; --%	;16	;Disminuir por93.5%	; --%	;3	;Disminuir por97.0%	; --%	;
28	;(Domingo)2025/12/28	;41	;Disminuir por73.7%	; --%	;33	;Disminuir por40.0%	; --%	;897	;Disminuir por39.7%	; --%	;858	;Disminuir por41.2%	; --%	;43	;Disminuir por81.7%	; --%	;10	;Disminuir por85.1%	; --%	;
29	;(Lunes)2025/12/29	;16	;Disminuir por91.9%	; --%	;25	;Disminuir por67.5%	; --%	;1298	;Disminuir por11.0%	; --%	;1252	;Disminuir por11.5%	; --%	;58	;Disminuir por80.9%	; --%	;13	;Disminuir por86.0%	; --%	;
30	;(Martes)2025/12/30	;73	;Disminuir por44.7%	; --%	;51	;Disminuir por22.7%	; --%	;1431	;Aumentar por14.0%	; --%	;1138	;Aumentar por3.9%	; --%	;231	;Disminuir por22.5%	; --%	;54	;Disminuir por28.0%	; --%	;
31	;(Miércoles)2025/12/31	;82	;Disminuir por39.3%	; --%	;66	;Aumentar por22.2%	; --%	;1328	;Disminuir por4.6%	; --%	;1132	;Disminuir por15.5%	; --%	;160	;Disminuir por34.7%	; --%	;32	;Disminuir por57.3%	; --%	;
32	;(Jueves)2026/01/01	;77	;Disminuir por32.5%	; --%	;91	;Aumentar por111.6%	; --%	;1028	;Disminuir por12.6%	; --%	;964	;Disminuir por13.3%	; --%	;168	;Disminuir por24.7%	; --%	;34	;Disminuir por50.0%	; --%	;
33	;(Viernes)2026/01/02	;65	;Disminuir por55.8%	; --%	;63	;Disminuir por19.2%	; --%	;1308	;Disminuir por5.7%	; --%	;1149	;Disminuir por11.3%	; --%	;151	;Disminuir por35.5%	; --%	;50	;Disminuir por30.6%	; --%	;
34	;(Sábado)2026/01/03	;52	;Disminuir por52.7%	; --%	;79	;Aumentar por54.9%	; --%	;1217	;Disminuir por15.7%	; --%	;1069	;Disminuir por23.5%	; --%	;177	;Disminuir por24.4%	; --%	;46	;Disminuir por25.8%	; --%	;
35	;(Domingo)2026/01/04	;16	;Disminuir por88.1%	; --%	;18	;Disminuir por62.5%	; --%	;772	;Disminuir por48.9%	; --%	;634	;Disminuir por57.2%	; --%	;34	;Disminuir por86.6%	; --%	;11	;Disminuir por88.5%	; --%	;
36	;(Lunes)2026/01/05	;50	;Disminuir por72.7%	; --%	;57	;Disminuir por5.0%	; --%	;1050	;Disminuir por33.2%	; --%	;954	;Disminuir por36.9%	; --%	;59	;Disminuir por80.4%	; --%	;18	;Disminuir por72.7%	; --%	;
37	;(Martes)2026/01/06	;34	;Disminuir por76.6%	; --%	;24	;Disminuir por61.3%	; --%	;749	;Disminuir por47.7%	; --%	;656	;Disminuir por47.6%	; --%	;107	;Disminuir por64.1%	; --%	;27	;Disminuir por69.3%	; --%	;
38	;(Miércoles)2026/01/07	;29	;Disminuir por66.7%	; --%	;29	;Disminuir por45.3%	; --%	;1065	;Disminuir por26.7%	; --%	;867	;Disminuir por37.3%	; --%	;115	;Disminuir por55.4%	; --%	;31	;Disminuir por56.3%	; --%	;
39	;(Jueves)2026/01/08	;29	;Disminuir por82.5%	; --%	;60	;Aumentar por30.4%	; --%	;1021	;Disminuir por28.0%	; --%	;894	;Disminuir por33.3%	; --%	;191	;Disminuir por27.7%	; --%	;64	;Disminuir por12.3%	; --%	;
40	;(Viernes)2026/01/09	;55	;Disminuir por64.3%	; --%	;41	;Disminuir por22.6%	; --%	;1126	;Disminuir por26.0%	; --%	;854	;Disminuir por41.3%	; --%	;140	;Disminuir por42.9%	; --%	;26	;Disminuir por68.7%	; --%	;
41	;(Sábado)2026/01/10	;62	;Disminuir por44.1%	; --%	;49	;Aumentar por32.4%	; --%	;998	;Disminuir por36.7%	; --%	;861	;Disminuir por41.2%	; --%	;150	;Disminuir por44.2%	; --%	;30	;Disminuir por54.5%	; --%	;
42	;(Domingo)2026/01/11	;45	;Disminuir por64.3%	; --%	;85	;Aumentar por41.7%	; --%	;842	;Disminuir por49.8%	; --%	;622	;Disminuir por63.1%	; --%	;260	;Disminuir por13.0%	; --%	;33	;Disminuir por65.3%	; --%	;
43	;(Lunes)2026/01/12	;38	;Disminuir por78.3%	; --%	;40	;Disminuir por50.0%	; --%	;973	;Disminuir por48.8%	; --%	;842	;Disminuir por54.5%	; --%	;132	;Disminuir por65.2%	; --%	;39	;Disminuir por67.5%	; --%	;
44	;(Martes)2026/01/13	;36	;Disminuir por74.1%	; --%	;39	;Disminuir por56.7%	; --%	;1003	;Disminuir por40.8%	; --%	;868	;Disminuir por41.4%	; --%	;164	;Disminuir por43.6%	; --%	;62	;Disminuir por44.6%	; --%	;
45	;(Miércoles)2026/01/14	;34	;Disminuir por76.7%	; --%	;46	;Disminuir por34.3%	; --%	;1052	;Disminuir por34.7%	; --%	;970	;Disminuir por39.1%	; --%	;144	;Disminuir por51.8%	; --%	;52	;Disminuir por59.7%	; --%	;
46	;(Jueves)2026/01/15	;53	;Disminuir por44.2%	; --%	;72	;Aumentar por24.1%	; --%	;1070	;Disminuir por29.3%	; --%	;835	;Disminuir por42.4%	; --%	;187	;Disminuir por32.5%	; --%	;41	;Disminuir por62.4%	; --%	;
47	;(Viernes)2026/01/16	;40	;Disminuir por75.0%	; --%	;46	;Disminuir por22.0%	; --%	;1041	;Disminuir por29.7%	; --%	;971	;Disminuir por32.7%	; --%	;137	;Disminuir por49.8%	; --%	;43	;Disminuir por57.4%	; --%	;
48	;(Sábado)2026/01/17	;10	;Disminuir por92.3%	; --%	;14	;Disminuir por69.6%	; --%	;742	;Disminuir por51.7%	; --%	;702	;Disminuir por53.8%	; --%	;26	;Disminuir por90.8%	; --%	;8	;Disminuir por93.8%	; --%	;
49	;(Domingo)2026/01/18	;42	;Disminuir por72.0%	; --%	;91	;Aumentar por42.2%	; --%	;724	;Disminuir por57.9%	; --%	;633	;Disminuir por64.5%	; --%	;201	;Disminuir por36.6%	; --%	;40	;Disminuir por67.5%	; --%	;
50	;(Lunes)2026/01/19	;23	;Disminuir por90.7%	; --%	;23	;Disminuir por79.8%	; --%	;932	;Disminuir por55.5%	; --%	;851	;Disminuir por59.2%	; --%	;64	;Disminuir por84.6%	; --%	;22	;Disminuir por81.8%	; --%	;
51	;(Martes)2026/01/20	;10	;Disminuir por96.3%	; --%	;9	;Disminuir por91.3%	; --%	;894	;Disminuir por49.7%	; --%	;840	;Disminuir por47.0%	; --%	;26	;Disminuir por93.5%	; --%	;7	;Disminuir por94.5%	; --%	;
52	;(Miércoles)2026/01/21	;14	;Disminuir por91.1%	; --%	;24	;Disminuir por75.3%	; --%	;944	;Disminuir por48.5%	; --%	;897	;Disminuir por47.5%	; --%	;70	;Disminuir por79.9%	; --%	;20	;Disminuir por87.4%	; --%	;
53	;(Jueves)2026/01/22	;36	;Disminuir por78.3%	; --%	;39	;Disminuir por66.9%	; --%	;1052	;Disminuir por36.2%	; --%	;911	;Disminuir por42.6%	; --%	;114	;Disminuir por64.5%	; --%	;30	;Disminuir por73.0%	; --%	;
54	;(Viernes)2026/01/23	;49	;Disminuir por67.8%	; --%	;40	;Disminuir por52.4%	; --%	;1077	;Disminuir por35.4%	; --%	;949	;Disminuir por41.3%	; --%	;164	;Disminuir por46.2%	; --%	;55	;Disminuir por60.4%	; --%	;
55	;(Sábado)2026/01/24	;47	;Disminuir por70.4%	; --%	;50	;Disminuir por20.6%	; --%	;921	;Disminuir por45.6%	; --%	;834	;Disminuir por48.7%	; --%	;163	;Disminuir por53.0%	; --%	;26	;Disminuir por81.0%	; --%	;
56	;(Domingo)2026/01/25	;59	;Disminuir por68.6%	; --%	;123	;Aumentar por51.9%	; --%	;836	;Disminuir por55.3%	; --%	;743	;Disminuir por61.2%	; --%	;284	;Disminuir por13.9%	; --%	;29	;Disminuir por82.1%	; --%	;
57	;(Lunes)2026/01/26	;47	;Disminuir por79.5%	; --%	;42	;Disminuir por57.6%	; --%	;1031	;Disminuir por50.7%	; --%	;899	;Disminuir por55.7%	; --%	;124	;Disminuir por69.1%	; --%	;25	;Disminuir por83.1%	; --%	;
58	;(Martes)2026/01/27	;31	;Disminuir por82.3%	; --%	;30	;Disminuir por72.7%	; --%	;1021	;Disminuir por44.1%	; --%	;932	;Disminuir por42.7%	; --%	;97	;Disminuir por72.4%	; --%	;22	;Disminuir por81.8%	; --%	;
59	;(Miércoles)2026/01/28	;20	;Disminuir por90.0%	; --%	;18	;Disminuir por78.8%	; --%	;966	;Disminuir por46.2%	; --%	;911	;Disminuir por47.0%	; --%	;42	;Disminuir por85.3%	; --%	;14	;Disminuir por82.9%	; --%	;
60	;(Jueves)2026/01/29	;39	;Disminuir por79.3%	; --%	;30	;Disminuir por71.7%	; --%	;1002	;Disminuir por40.4%	; --%	;910	;Disminuir por43.6%	; --%	;97	;Disminuir por72.9%	; --%	;25	;Disminuir por78.4%	; --%	;
61	;(Viernes)2026/01/30	;53	;Disminuir por65.1%	; --%	;52	;Disminuir por22.4%	; --%	;1162	;Disminuir por33.9%	; --%	;972	;Disminuir por41.5%	; --%	;151	;Disminuir por54.5%	; --%	;36	;Disminuir por64.4%	; --%	;
62	;(Sábado)2026/01/31	;43	;Disminuir por72.8%	; --%	;30	;Disminuir por50.8%	; --%	;1041	;Disminuir por42.0%	; --%	;881	;Disminuir por49.1%	; --%	;87	;Disminuir por72.9%	; --%	;24	;Disminuir por79.3%	; --%	;
63	;(Domingo)2026/02/01	;39	;Disminuir por69.0%	; --%	;52	;Aumentar por8.3%	; --%	;841	;Disminuir por58.0%	; --%	;752	;Disminuir por63.3%	; --%	;207	;Disminuir por38.6%	; --%	;38	;Disminuir por63.8%	; --%	;
64	;(Lunes)2026/02/02	;28	;Disminuir por87.6%	; --%	;44	;Disminuir por60.4%	; --%	;1064	;Disminuir por55.0%	; --%	;967	;Disminuir por58.7%	; --%	;109	;Disminuir por73.9%	; --%	;33	;Disminuir por77.9%	; --%	;
65	;(Martes)2026/02/03	;40	;Disminuir por84.5%	; --%	;41	;Disminuir por66.4%	; --%	;1045	;Disminuir por54.4%	; --%	;908	;Disminuir por57.0%	; --%	;178	;Disminuir por54.0%	; --%	;38	;Disminuir por70.5%	; --%	;
66	;(Miércoles)2026/02/04	;36	;Disminuir por86.0%	; --%	;31	;Disminuir por64.8%	; --%	;984	;Disminuir por59.8%	; --%	;807	;Disminuir por63.3%	; --%	;120	;Disminuir por67.7%	; --%	;35	;Disminuir por64.3%	; --%	;
67	;(Jueves)2026/02/05	;25	;Disminuir por90.3%	; --%	;19	;Disminuir por86.1%	; --%	;591	;Disminuir por73.5%	; --%	;541	;Disminuir por74.5%	; --%	;80	;Disminuir por78.9%	; --%	;11	;Disminuir por87.9%	; --%	;
68	;(Viernes)2026/02/06	;75	;Disminuir por73.7%	; --%	;65	;Disminuir por27.0%	; --%	;1132	;Disminuir por47.3%	; --%	;1004	;Disminuir por50.5%	; --%	;193	;Disminuir por44.5%	; --%	;61	;Disminuir por46.5%	; --%	;
69	;(Sábado)2026/02/07	;44	;Disminuir por80.5%	; --%	;56	;Disminuir por46.2%	; --%	;1042	;Disminuir por51.4%	; --%	;969	;Disminuir por52.5%	; --%	;191	;Disminuir por50.5%	; --%	;57	;Disminuir por42.4%	; --%	;
70	;(Domingo)2026/02/08	;52	;Disminuir por75.9%	; --%	;47	;Disminuir por48.4%	; --%	;900	;Disminuir por62.3%	; --%	;828	;Disminuir por64.0%	; --%	;161	;Disminuir por57.1%	; --%	;46	;Disminuir por41.0%	; --%	;
71	;(Lunes)2026/02/09	;48	;Disminuir por81.5%	; --%	;37	;Disminuir por50.0%	; --%	;1102	;Disminuir por54.4%	; --%	;1061	;Disminuir por52.5%	; --%	;143	;Disminuir por62.3%	; --%	;62	;Disminuir por36.1%	; --%	;
72	;(Martes)2026/02/10	;44	;Disminuir por79.8%	; --%	;57	;Disminuir por29.6%	; --%	;1100	;Disminuir por49.9%	; --%	;1037	;Disminuir por43.7%	; --%	;198	;Disminuir por47.1%	; --%	;63	;Disminuir por33.7%	; --%	;
73	;(Miércoles)2026/02/11	;47	;Disminuir por72.2%	; --%	;42	;Disminuir por49.4%	; --%	;1122	;Disminuir por46.5%	; --%	;1029	;Disminuir por46.7%	; --%	;213	;Disminuir por43.2%	; --%	;62	;Disminuir por31.9%	; --%	;
74	;(Jueves)2026/02/12	;60	;Disminuir por67.4%	; --%	;45	;Disminuir por26.2%	; --%	;1247	;Disminuir por39.6%	; --%	;1135	;Disminuir por42.3%	; --%	;150	;Disminuir por54.7%	; --%	;49	;Disminuir por33.8%	; --%	;
75	;(Viernes)2026/02/13	;34	;Disminuir por83.4%	; --%	;23	;Disminuir por72.3%	; --%	;1245	;Disminuir por43.8%	; --%	;1221	;Disminuir por40.7%	; --%	;86	;Disminuir por76.4%	; --%	;29	;Disminuir por70.7%	; --%	;
76	;(Sábado)2026/02/14	;28	;Disminuir por87.1%	; --%	;18	;Disminuir por82.9%	; --%	;1125	;Disminuir por48.8%	; --%	;1215	;Disminuir por40.8%	; --%	;17	;Disminuir por95.6%	; --%	;10	;Disminuir por88.9%	; --%	;
77	;(Domingo)2026/02/15	;60	;Disminuir por73.7%	; --%	;48	;Disminuir por51.5%	; --%	;990	;Disminuir por57.7%	; --%	;912	;Disminuir por59.9%	; --%	;163	;Disminuir por59.5%	; --%	;57	;Disminuir por57.8%	; --%	;
78	;(Lunes)2026/02/16	;55	;Disminuir por82.3%	; --%	;47	;Disminuir por68.2%	; --%	;1211	;Disminuir por56.5%	; --%	;1136	;Disminuir por59.4%	; --%	;244	;Disminuir por41.9%	; --%	;86	;Aumentar por2.4%	; --%	;
79	;(Martes)2026/02/17	;89	;Disminuir por68.1%	; --%	;69	;Disminuir por56.3%	; --%	;1232	;Disminuir por53.2%	; --%	;1141	;Disminuir por50.9%	; --%	;248	;Disminuir por43.0%	; --%	;67	;Disminuir por43.7%	; --%	;
80	;(Miércoles)2026/02/18	;71	;Disminuir por69.8%	; --%	;49	;Disminuir por57.4%	; --%	;1183	;Disminuir por53.1%	; --%	;1138	;Disminuir por53.1%	; --%	;177	;Disminuir por57.1%	; --%	;64	;Disminuir por54.3%	; --%	;
81	;(Jueves)2026/02/19	;77	;Disminuir por71.4%	; --%	;36	;Disminuir por70.0%	; --%	;1224	;Disminuir por51.4%	; --%	;1155	;Disminuir por50.9%	; --%	;147	;Disminuir por63.0%	; --%	;47	;Disminuir por69.7%	; --%	;
82	;(Viernes)2026/02/20	;71	;Disminuir por58.0%	; --%	;59	;Aumentar por7.3%	; --%	;1309	;Disminuir por43.0%	; --%	;1259	;Disminuir por40.9%	; --%	;145	;Disminuir por6.5%	; --%	;48	;Disminuir por37.7%	; --%	;
83	;(Sábado)2026/02/21	;86	;Disminuir por55.9%	; --%	;81	;Aumentar por30.6%	; --%	;1391	;Disminuir por43.6%	; --%	;1314	;Disminuir por41.0%	; --%	;244	;Disminuir por36.0%	; --%	;78	;Disminuir por38.1%	; --%	;
84	;(Domingo)2026/02/22	;103	;Disminuir por46.6%	; --%	;62	;Disminuir por19.5%	; --%	;1103	;Disminuir por58.9%	; --%	;1007	;Disminuir por58.6%	; --%	;237	;Disminuir por12.9%	; --%	;82	;Disminuir por15.5%	; --%	;
85	;(Lunes)2026/02/23	;70	;Disminuir por62.0%	; --%	;52	;Disminuir por20.0%	; --%	;1137	;Disminuir por55.3%	; --%	;1022	;Disminuir por55.9%	; --%	;157	;Disminuir por11.3%	; --%	;55	;Disminuir por32.1%	; --%	;
86	;(Martes)2026/02/24	;71	;Disminuir por74.6%	; --%	;60	;Disminuir por54.2%	; --%	;1163	;Disminuir por57.8%	; --%	;1054	;Disminuir por51.9%	; --%	;208	;Disminuir por52.0%	; --%	;93	;Disminuir por7.0%	; --%	;
87	;(Miércoles)2026/02/25	;39	;Disminuir por80.3%	; --%	;40	;Disminuir por60.0%	; --%	;1164	;Disminuir por56.8%	; --%	;1113	;Disminuir por54.3%	; --%	;132	;Disminuir por68.5%	; --%	;51	;Disminuir por56.0%	; --%	;
88	;(Jueves)2026/02/26	;84	;Disminuir por65.1%	; --%	;66	;Disminuir por41.1%	; --%	;1223	;Disminuir por54.5%	; --%	;1157	;Disminuir por49.7%	; --%	;223	;Disminuir por45.1%	; --%	;80	;Aumentar por1.3%	; --%	;
89	;(Viernes)2026/02/27	;94	;Disminuir por63.3%	; --%	;46	;Disminuir por59.6%	; --%	;1203	;Disminuir por55.0%	; --%	;1174	;Disminuir por48.1%	; --%	;128	;Disminuir por71.0%	; --%	;46	;Disminuir por60.3%	; --%	;
90	;(Sábado)2026/02/28	;75	;Disminuir por71.8%	; --%	;50	;Disminuir por60.3%	; --%	;1122	;Disminuir por58.9%	; --%	;972	;Disminuir por60.0%	; --%	;175	;Disminuir por56.3%	; --%	;49	;Disminuir por63.4%	; --%	;
91	;(Domingo)2026/03/01	;86	;Disminuir por63.9%	; --%	;69	;Disminuir por38.9%	; --%	;992	;Disminuir por65.8%	; --%	;802	;Disminuir por70.2%	; --%	;250	;Disminuir por43.3%	; --%	;60	;Disminuir por54.2%	; --%	;
92	;(Lunes)2026/03/02	;42	;Disminuir por87.0%	; --%	;41	;Disminuir por74.8%	; --%	;1039	;Disminuir por65.9%	; --%	;940	;Disminuir por66.1%	; --%	;88	;Disminuir por82.6%	; --%	;38	;Disminuir por70.1%	; --%	;
93	;(Martes)2026/03/03	;18	;Disminuir por94.1%	; --%	;9	;Disminuir por93.6%	; --%	;550	;Disminuir por81.2%	; --%	;387	;Disminuir por84.2%	; --%	;37	;Disminuir por92.5%	; --%	;10	;Disminuir por92.9%	; --%	;
94	;(Miércoles)2026/03/04	;30	;Disminuir por88.1%	; --%	;29	;Disminuir por74.3%	; --%	;952	;Disminuir por67.3%	; --%	;860	;Disminuir por67.4%	; --%	;39	;Disminuir por91.4%	; --%	;15	;Disminuir por88.2%	; --%	;
95	;(Jueves)2026/03/05	;14	;Disminuir por94.3%	; --%	;15	;Disminuir por87.7%	; --%	;929	;Disminuir por66.6%	; --%	;825	;Disminuir por67.5%	; --%	;20	;Disminuir por95.3%	; --%	;4	;Disminuir por97.2%	; --%	;
96	;(Viernes)2026/03/06	;28	;Disminuir por87.2%	; --%	;26	;Disminuir por64.4%	; --%	;1126	;Disminuir por57.1%	; --%	;975	;Disminuir por58.7%	; --%	;40	;Disminuir por87.7%	; --%	;4	;Disminuir por97.1%	; --%	;
97	;(Sábado)2026/03/07	;22	;Disminuir por93.4%	; --%	;18	;Disminuir por88.9%	; --%	;866	;Disminuir por69.1%	; --%	;748	;Disminuir por70.6%	; --%	;47	;Disminuir por84.8%	; --%	;8	;Disminuir por92.4%	; --%	;
98	;(Domingo)2026/03/08	;64	;Disminuir por82.2%	; --%	;42	;Disminuir por76.1%	; --%	;811	;Disminuir por73.3%	; --%	;622	;Disminuir por77.2%	; --%	;164	;Disminuir por66.6%	; --%	;31	;Disminuir por76.3%	; --%	;
99	;(Lunes)2026/03/09	;52	;Disminuir por86.9%	; --%	;36	;Disminuir por83.6%	; --%	;1096	;Disminuir por66.8%	; --%	;870	;Disminuir por72.9%	; --%	;135	;Disminuir por75.8%	; --%	;30	;Disminuir por84.0%	; --%	;
100	;(Martes)2026/03/10	;46	;Disminuir por88.4%	; --%	;25	;Disminuir por86.4%	; --%	;1091	;Disminuir por62.2%	; --%	;934	;Disminuir por61.7%	; --%	;78	;Disminuir por83.6%	; --%	;26	;Disminuir por84.0%	; --%	;
101	;(Miércoles)2026/03/11	;86	;Disminuir por70.2%	; --%	;48	;Disminuir por66.0%	; --%	;1109	;Disminuir por61.8%	; --%	;906	;Disminuir por66.2%	; --%	;170	;Disminuir por59.7%	; --%	;31	;Disminuir por76.2%	; --%	;
102	;(Jueves)2026/03/12	;82	;Disminuir por72.4%	; --%	;46	;Disminuir por72.8%	; --%	;1086	;Disminuir por61.1%	; --%	;827	;Disminuir por67.4%	; --%	;200	;Disminuir por52.7%	; --%	;47	;Disminuir por64.7%	; --%	;
103	;(Viernes)2026/03/13	;84	;Disminuir por68.1%	; --%	;45	;Disminuir por71.5%	; --%	;1247	;Disminuir por57.0%	; --%	;1066	;Disminuir por59.8%	; --%	;195	;Disminuir por55.5%	; --%	;37	;Disminuir por75.2%	; --%	;
104	;(Sábado)2026/03/14	;115	;Disminuir por58.6%	; --%	;55	;Disminuir por56.3%	; --%	;1135	;Disminuir por60.3%	; --%	;971	;Disminuir por61.9%	; --%	;168	;Disminuir por62.7%	; --%	;28	;Disminuir por76.7%	; --%	;
105	;(Domingo)2026/03/15	;91	;Disminuir por70.4%	; --%	;54	;Disminuir por51.8%	; --%	;1045	;Disminuir por64.8%	; --%	;843	;Disminuir por71.2%	; --%	;125	;Disminuir por73.8%	; --%	;22	;Disminuir por86.7%	; --%	;
106	;(Lunes)2026/03/16	;65	;Disminuir por79.9%	; --%	;61	;Disminuir por57.3%	; --%	;1216	;Disminuir por64.9%	; --%	;927	;Disminuir por72.2%	; --%	;155	;Disminuir por69.5%	; --%	;21	;Disminuir por87.6%	; --%	;
107	;(Martes)2026/03/17	;92	;Disminuir por77.9%	; --%	;58	;Disminuir por70.1%	; --%	;1215	;Disminuir por62.5%	; --%	;897	;Disminuir por66.6%	; --%	;227	;Disminuir por60.6%	; --%	;33	;Disminuir por82.6%	; --%	;
108	;(Miércoles)2026/03/18	;87	;Disminuir por74.9%	; --%	;47	;Disminuir por68.2%	; --%	;1213	;Disminuir por62.7%	; --%	;986	;Disminuir por68.4%	; --%	;173	;Disminuir por67.7%	; --%	;30	;Disminuir por82.2%	; --%	;
109	;(Jueves)2026/03/19	;110	;Disminuir por64.5%	; --%	;54	;Disminuir por64.2%	; --%	;1005	;Disminuir por68.8%	; --%	;842	;Disminuir por71.4%	; --%	;173	;Disminuir por67.1%	; --%	;39	;Disminuir por78.8%	; --%	;
110	;(Viernes)2026/03/20	;146	;Disminuir por54.4%	; --%	;68	;Disminuir por47.3%	; --%	;1336	;Disminuir por59.4%	; --%	;1213	;Disminuir por59.0%	; --%	;217	;Disminuir por56.0%	; --%	;63	;Disminuir por57.1%	; --%	;
111	;(Sábado)2026/03/21	;153	;Disminuir por52.8%	; --%	;87	;Disminuir por36.0%	; --%	;1292	;Disminuir por62.0%	; --%	;1094	;Disminuir por64.3%	; --%	;242	;Disminuir por52.5%	; --%	;43	;Disminuir por72.3%	; --%	;
112	;(Domingo)2026/03/22	;119	;Disminuir por61.0%	; --%	;79	;Disminuir por49.0%	; --%	;1074	;Disminuir por67.6%	; --%	;857	;Disminuir por70.7%	; --%	;227	;Disminuir por57.1%	; --%	;38	;Disminuir por73.6%	; --%	;
113	;(Lunes)2026/03/23	;61	;Disminuir por81.7%	; --%	;31	;Disminuir por83.9%	; --%	;1138	;Disminuir por68.3%	; --%	;944	;Disminuir por71.9%	; --%	;96	;Disminuir por82.1%	; --%	;14	;Disminuir por91.6%	; --%	;
114	;(Martes)2026/03/24	;113	;Disminuir por67.0%	; --%	;65	;Disminuir por63.5%	; --%	;1240	;Disminuir por63.6%	; --%	;979	;Disminuir por66.5%	; --%	;233	;Disminuir por53.5%	; --%	;33	;Disminuir por81.8%	; --%	;
115	;(Miércoles)2026/03/25	;56	;Disminuir por82.2%	; --%	;29	;Disminuir por84.1%	; --%	;617	;Disminuir por82.7%	; --%	;577	;Disminuir por82.6%	; --%	;101	;Disminuir por82.3%	; --%	;11	;Disminuir por94.6%	; --%	;
116	;(Jueves)2026/03/26	;131	;Disminuir por65.3%	; --%	;73	;Disminuir por57.6%	; --%	;1377	;Disminuir por60.7%	; --%	;1151	;Disminuir por63.8%	; --%	;182	;Disminuir por63.2%	; --%	;28	;Disminuir por84.0%	; --%	;
117	;(Viernes)2026/03/27	;130	;Disminuir por62.2%	; --%	;65	;Disminuir por57.5%	; --%	;1517	;Disminuir por57.3%	; --%	;1471	;Disminuir por53.3%	; --%	;199	;Disminuir por60.9%	; --%	;37	;Disminuir por81.9%	; --%	;
118	;(Sábado)2026/03/28	;151	;Disminuir por54.5%	; --%	;76	;Disminuir por54.2%	; --%	;1590	;Disminuir por54.0%	; --%	;1439	;Disminuir por55.6%	; --%	;273	;Disminuir por46.4%	; --%	;34	;Disminuir por79.4%	; --%	;
119	;(Domingo)2026/03/29	;102	;Disminuir por76.4%	; --%	;78	;Disminuir por51.9%	; --%	;1660	;Disminuir por53.5%	; --%	;1526	;Disminuir por53.6%	; --%	;100	;Disminuir por81.9%	; --%	;17	;Disminuir por91.3%	; --%	;
120	;(Lunes)2026/03/30	;192	;Disminuir por54.0%	; --%	;102	;Disminuir por45.7%	; --%	;1856	;Disminuir por49.6%	; --%	;1531	;Disminuir por55.0%	; --%	;202	;Disminuir por65.2%	; --%	;26	;Disminuir por89.3%	; --%	;
121	;(Martes)2026/03/31	;231	;Disminuir por36.0%	; --%	;102	;Disminuir por43.3%	; --%	;1821	;Disminuir por42.2%	; --%	;1533	;Disminuir por44.2%	; --%	;220	;Disminuir por58.3%	; --%	;27	;Disminuir por86.9%	; --%	;
122	;(Miércoles)2026/04/01	;223	;Disminuir por8.6%	; --%	;131	;Disminuir por1.5%	; --%	;1997	;Disminuir por39.8%	; --%	;1858	;Disminuir por39.5%	; --%	;284	;Disminuir por29.0%	; --%	;55	;Disminuir por63.1%	; --%	;
123	;(Jueves)2026/04/02	;345	;Aumentar por16.6%	; --%	;225	;Aumentar por106.4%	; --%	;2356	;Disminuir por23.6%	; --%	;2341	;Disminuir por14.2%	; --%	;271	;Disminuir por38.8%	; --%	;57	;Disminuir por56.2%	; --%	;
124	;(Viernes)2026/04/03	;523	;Aumentar por67.6%	; --%	;265	;Aumentar por66.7%	; --%	;2561	;Disminuir por18.6%	; --%	;2231	;Disminuir por21.9%	; --%	;429	;Disminuir por17.5%	; --%	;72	;Disminuir por53.5%	; --%	;
125	;(Sábado)2026/04/04	;540	;Aumentar por78.8%	; --%	;292	;Aumentar por96.0%	; --%	;2781	;Disminuir por14.9%	; --%	;2256	;Disminuir por23.3%	; --%	;488	;Disminuir por2.4%	; --%	;55	;Disminuir por59.3%	; --%	;
126	;(Domingo)2026/04/05	;390	;Aumentar por17.5%	; --%	;216	;Aumentar por50.0%	; --%	;2426	;Disminuir por23.9%	; --%	;1836	;Disminuir por37.4%	; --%	;416	;Disminuir por17.8%	; --%	;67	;Disminuir por61.3%	; --%	;
127	;(Lunes)2026/04/06	;288	;Aumentar por1.1%	; --%	;125	;Disminuir por11.3%	; --%	;2031	;Disminuir por34.1%	; --%	;1381	;Disminuir por48.3%	; --%	;410	;Disminuir por15.6%	; --%	;46	;Disminuir por69.5%	; --%	;
128	;(Martes)2026/04/07	;229	;Disminuir por4.6%	; --%	;186	;Aumentar por39.8%	; --%	;1754	;Disminuir por35.6%	; --%	;1384	;Disminuir por33.3%	; --%	;284	;Disminuir por28.5%	; --%	;33	;Disminuir por70.5%	; --%	;
129	;(Miércoles)2026/04/08	;209	;Disminuir por9.1%	; --%	;140	;Aumentar por38.6%	; --%	;1588	;Disminuir por41.9%	; --%	;1319	;Disminuir por46.4%	; --%	;267	;Disminuir por39.0%	; --%	;39	;Disminuir por73.1%	; --%	;
130	;(Jueves)2026/04/09	;232	;Disminuir por10.1%	; --%	;114	;Disminuir por10.2%	; --%	;1616	;Disminuir por39.5%	; --%	;1385	;Disminuir por41.8%	; --%	;299	;Disminuir por35.1%	; --%	;49	;Disminuir por55.5%	; --%	;
131	;(Viernes)2026/04/10	;204	;Disminuir por29.4%	; --%	;82	;Disminuir por31.1%	; --%	;1708	;Disminuir por33.3%	; --%	;1481	;Disminuir por30.6%	; --%	;287	;Disminuir por31.7%	; --%	;44	;Disminuir por65.6%	; --%	;
132	;(Sábado)2026/04/11	;226	;Disminuir por20.1%	; --%	;108	;Disminuir por26.0%	; --%	;1602	;Disminuir por36.4%	; --%	;1410	;Disminuir por34.7%	; --%	;310	;Disminuir por27.1%	; --%	;49	;Disminuir por62.6%	; --%	;
133	;(Domingo)2026/04/12	;126	;Disminuir por47.3%	; --%	;151	;Aumentar por16.2%	; --%	;1533	;Disminuir por40.2%	; --%	;1352	;Disminuir por38.9%	; --%	;112	;Disminuir por73.9%	; --%	;22	;Disminuir por83.2%	; --%	;
134	;(Lunes)2026/04/13	;108	;Disminuir por52.2%	; --%	;49	;Disminuir por55.5%	; --%	;1288	;Disminuir por49.5%	; --%	;1070	;Disminuir por49.4%	; --%	;123	;Disminuir por71.5%	; --%	;16	;Disminuir por87.8%	; --%	;
135	;(Martes)2026/04/14	;125	;Disminuir por39.0%	; --%	;78	;Aumentar por6.8%	; --%	;1362	;Disminuir por39.1%	; --%	;1050	;Disminuir por40.3%	; --%	;216	;Disminuir por45.5%	; --%	;19	;Disminuir por85.9%	; --%	;
136	;(Miércoles)2026/04/15	;114	;Disminuir por48.9%	; --%	;69	;Disminuir por20.7%	; --%	;1402	;Disminuir por36.4%	; --%	;1086	;Disminuir por46.1%	; --%	;249	;Disminuir por17.0%	; --%	;28	;Disminuir por73.3%	; --%	;
137	;(Jueves)2026/04/16	;110	;Disminuir por39.9%	; --%	;58	;Disminuir por34.8%	; --%	;1412	;Disminuir por29.9%	; --%	;1135	;Disminuir por35.9%	; --%	;223	;Disminuir por35.4%	; --%	;29	;Disminuir por77.3%	; --%	;
138	;(Viernes)2026/04/17	;109	;Disminuir por33.9%	; --%	;74	;Aumentar por8.8%	; --%	;1528	;Disminuir por28.0%	; --%	;1365	;Disminuir por21.2%	; --%	;245	;Disminuir por22.5%	; --%	;27	;Disminuir por75.2%	; --%	;
139	;(Sábado)2026/04/18	;195	;Aumentar por2.6%	;Aumentar por19400.0%	;94	;Aumentar por19.0%	;Aumentar por1466.7%	;1459	;Disminuir por29.5%	;Aumentar por8005.6%	;1285	;Disminuir por24.8%	;Aumentar por1377.0%	;310	;Aumentar por5.8%	;Aumentar por30900.0%	;30	;Disminuir por61.5%	;Aumentar por233.3%	;
140	;(Domingo)2026/04/19	;201	;Aumentar por18.9%	;Disminuir por52.4%	;91	;Aumentar por127.5%	;Disminuir por55.8%	;1413	;Disminuir por33.9%	;Disminuir por51.0%	;1308	;Disminuir por25.8%	;Disminuir por50.9%	;306	;Aumentar por91.3%	;Disminuir por35.4%	;42	;Disminuir por23.6%	;Disminuir por89.3%	;
141	;(Lunes)2026/04/20	;103	;Disminuir por46.9%	;Disminuir por73.3%	;63	;Disminuir por20.3%	;Disminuir por67.2%	;1259	;Disminuir por42.1%	;Disminuir por50.7%	;1059	;Disminuir por41.1%	;Disminuir por51.4%	;218	;Disminuir por44.5%	;Disminuir por45.9%	;23	;Disminuir por73.3%	;Disminuir por94.0%	;
142	;(Martes)2026/04/21	;132	;Disminuir por9.0%	;Disminuir por46.6%	;56	;Disminuir por15.2%	;Disminuir por53.3%	;1237	;Disminuir por37.5%	;Disminuir por42.3%	;1124	;Disminuir por23.8%	;Disminuir por34.6%	;253	;Disminuir por37.2%	;Disminuir por37.1%	;39	;Disminuir por56.2%	;Disminuir por86.3%	;
143	;(Miércoles)2026/04/22	;136	;Disminuir por10.5%	;Aumentar por12.4%	;66	;Aumentar por3.1%	;Aumentar por24.5%	;1275	;Disminuir por30.7%	;Disminuir por24.1%	;1203	;Disminuir por21.3%	;Disminuir por20.2%	;211	;Disminuir por17.9%	;Aumentar por27.1%	;39	;Disminuir por44.3%	;Disminuir por69.3%	;
144	;(Jueves)2026/04/23	;155	;Disminuir por11.9%	;Disminuir por35.7%	;75	;Aumentar por38.9%	;Disminuir por41.4%	;1467	;Disminuir por16.4%	;Disminuir por15.2%	;1355	;Disminuir por7.4%	;Disminuir por14.6%	;225	;Disminuir por24.7%	;Disminuir por31.4%	;57	;Disminuir por30.5%	;Disminuir por72.7%	;
145	;(Viernes)2026/04/24	;219	;Aumentar por44.1%	;Aumentar por4.3%	;136	;Aumentar por189.4%	;Aumentar por151.9%	;1507	;Disminuir por20.9%	;Disminuir por14.5%	;1479	;Disminuir por8.3%	;Disminuir por8.1%	;231	;Disminuir por33.0%	;Disminuir por21.4%	;47	;Disminuir por53.9%	;Disminuir por57.7%	;
146	;(Sábado)2026/04/25	;309	;Aumentar por55.3%	;Aumentar por71.7%	;163	;Aumentar por94.0%	;Aumentar por114.5%	;1454	;Disminuir por26.6%	;Disminuir por17.8%	;1345	;Disminuir por21.4%	;Disminuir por20.8%	;379	;Aumentar por4.1%	;Aumentar por56.6%	;62	;Disminuir por28.7%	;Disminuir por45.1%	;
147	;(Domingo)2026/04/26	;1234	;Aumentar por617.4%	;Aumentar por357.0%	;1174	;Aumentar por1444.7%	;Aumentar por1098.0%	;1155	;Disminuir por46.7%	;Disminuir por30.2%	;847	;Disminuir por54.4%	;Disminuir por46.6%	;316	;Disminuir por21.6%	;Disminuir por5.1%	;58	;Disminuir por48.2%	;Disminuir por58.3%	;
148	;(Lunes)2026/04/27	;136	;Disminuir por44.3%	;Disminuir por58.4%	;69	;Aumentar por4.5%	;Disminuir por59.4%	;1457	;Disminuir por36.9%	;Disminuir por21.9%	;1188	;Disminuir por35.3%	;Disminuir por29.6%	;260	;Disminuir por36.3%	;Disminuir por22.4%	;45	;Disminuir por56.7%	;Disminuir por64.8%	;
149	;(Martes)2026/04/28	;157	;Disminuir por9.8%	;Aumentar por141.5%	;65	;Disminuir por16.7%	;Aumentar por209.5%	;1392	;Disminuir por23.2%	;Aumentar por131.2%	;1161	;Disminuir por13.7%	;Aumentar por168.1%	;253	;Disminuir por37.8%	;Aumentar por184.3%	;33	;Disminuir por74.4%	;Aumentar por43.5%	;
150	;(Miércoles)2026/04/29	;123	;Disminuir por6.1%	;Aumentar por112.1%	;57	;Disminuir por23.0%	;Aumentar por90.0%	;1447	;Disminuir por20.2%	;Aumentar por75.6%	;1313	;Disminuir por15.4%	;Aumentar por38.8%	;225	;Disminuir por40.5%	;Aumentar por33.9%	;41	;Disminuir por69.2%	;Disminuir por52.3%	;
151	;(Jueves)2026/04/30	;145	;Aumentar por12.4%	;Aumentar por31.8%	;65	;Aumentar por27.5%	;Aumentar por8.3%	;1612	;Disminuir por11.3%	;Aumentar por3.5%	;1524	;Disminuir por2.4%	;Disminuir por4.7%	;271	;Disminuir por19.8%	;Aumentar por39.0%	;33	;Disminuir por71.1%	;Disminuir por62.9%	;
152	;(Viernes)2026/05/01	;245	;Aumentar por53.1%	;Aumentar por12.4%	;118	;Aumentar por103.4%	;Aumentar por12.4%	;1605	;Disminuir por13.1%	;Disminuir por5.7%	;1525	;Disminuir por1.5%	;Disminuir por17.1%	;227	;Disminuir por30.8%	;Disminuir por28.2%	;35	;Disminuir por56.8%	;Disminuir por74.8%	;
153	;(Sábado)2026/05/02	;303	;Aumentar por133.1%	;Aumentar por10000.0%	;123	;Aumentar por179.5%	;Aumentar por1266.7%	;1869	;Aumentar por2.0%	;Aumentar por2914.5%	;1611	;Aumentar por5.2%	;Aumentar por3735.7%	;260	;Disminuir por25.9%	;Aumentar por4233.3%	;50	;Disminuir por54.1%	;Aumentar por733.3%	;
154	;(Domingo)2026/05/03	;170	;Disminuir por1.7%	; --%	;72	;Aumentar por9.1%	; --%	;1558	;Disminuir por20.4%	; --%	;1102	;Disminuir por33.5%	; --%	;239	;Disminuir por29.9%	; --%	;21	;Disminuir por79.8%	; --%	;
155	;(Lunes)2026/05/04	;86	;Disminuir por47.9%	; --%	;49	;Disminuir por23.4%	; --%	;1259	;Disminuir por35.9%	; --%	;1135	;Disminuir por31.1%	; --%	;115	;Disminuir por73.7%	; --%	;23	;Disminuir por80.2%	; --%	;
156	;(Martes)2026/05/05	;82	;Disminuir por41.4%	; --%	;62	;Aumentar por24.0%	; --%	;1304	;Disminuir por23.1%	; --%	;1140	;Disminuir por7.2%	; --%	;192	;Disminuir por38.1%	; --%	;29	;Disminuir por57.4%	; --%	;
157	;(Miércoles)2026/05/06	;160	;Disminuir por2.4%	;Aumentar por56.9%	;117	;Aumentar por95.0%	;Aumentar por207.9%	;1416	;Disminuir por21.5%	;Aumentar por95.9%	;1166	;Disminuir por20.8%	;Aumentar por42.9%	;244	;Disminuir por17.6%	;Aumentar por165.2%	;32	;Disminuir por43.9%	;Disminuir por31.9%	;
158	;(Jueves)2026/05/07	;153	;Aumentar por4.8%	;Aumentar por25.4%	;70	;Aumentar por6.1%	;Aumentar por62.8%	;1406	;Disminuir por16.9%	;Disminuir por2.0%	;1206	;Disminuir por16.0%	;Disminuir por13.9%	;253	;Disminuir por17.3%	;Aumentar por2.8%	;42	;Disminuir por31.1%	;Disminuir por51.2%	;
159	;(Viernes)2026/05/08	;177	;Aumentar por2.9%	;Aumentar por156.5%	;57	;Disminuir por6.6%	;Aumentar por119.2%	;1503	;Disminuir por10.9%	;Aumentar por8.0%	;1273	;Disminuir por8.4%	;Disminuir por2.6%	;228	;Disminuir por23.0%	;Aumentar por86.9%	;36	;Disminuir por49.3%	;Disminuir por39.0%	;
160	;(Sábado)2026/05/09	;116	;Disminuir por31.0%	;Aumentar por3.6%	;44	;Disminuir por34.3%	;Aumentar por2.3%	;1183	;Disminuir por28.3%	;Disminuir por5.7%	;1056	;Disminuir por23.4%	;Disminuir por13.6%	;120	;Disminuir por62.7%	;Disminuir por36.5%	;12	;Disminuir por85.7%	;Disminuir por84.0%	;
161	;(Domingo)2026/05/10	;228	;Aumentar por48.1%	;Aumentar por62.9%	;147	;Aumentar por153.4%	;Aumentar por133.3%	;1250	;Disminuir por26.3%	;Disminuir por4.0%	;1064	;Disminuir por24.8%	;Disminuir por16.5%	;341	;Aumentar por5.6%	;Aumentar por28.7%	;66	;Disminuir por28.3%	;Disminuir por25.8%	;
162	;(Lunes)2026/05/11	;183	;Aumentar por28.0%	;Aumentar por59.1%	;59	;Aumentar por40.5%	;Disminuir por14.5%	;1403	;Disminuir por16.7%	;Aumentar por18.9%	;1137	;Disminuir por12.7%	;Aumentar por7.3%	;281	;Disminuir por25.1%	;Aumentar por24.9%	;31	;Disminuir por60.8%	;Disminuir por61.7%	;
163	;(Martes)2026/05/12	;159	;Aumentar por31.4%	;Aumentar por3.2%	;87	;Aumentar por163.6%	;Aumentar por52.6%	;1264	;Disminuir por5.8%	;Disminuir por5.5%	;1034	;Aumentar por8.5%	;Disminuir por18.3%	;243	;Disminuir por4.0%	;Disminuir por1.2%	;30	;Disminuir por26.8%	;Disminuir por55.2%	;
164	;(Miércoles)2026/05/13	;145	;Aumentar por281.6%	;Disminuir por13.2%	;56	;Aumentar por229.4%	;Disminuir por1.8%	;1222	;Aumentar por38.9%	;Disminuir por8.1%	;1127	;Aumentar por48.9%	;Disminuir por13.4%	;281	;Aumentar por869.0%	;Aumentar por39.1%	;40	;Aumentar por233.3%	;Disminuir por47.4%	;
165	;(Jueves)2026/05/14	;151	;Aumentar por0.7%	;Disminuir por8.5%	;70	;Aumentar por9.4%	;Disminuir por15.7%	;1555	;Aumentar por14.7%	;Aumentar por22.6%	;1347	;Aumentar por15.8%	;Aumentar por7.3%	;268	;Aumentar por19.1%	;Aumentar por16.0%	;33	;Disminuir por28.3%	;Disminuir por59.3%	;
166	;(Viernes)2026/05/15	;162	;Aumentar por11.0%	;Disminuir por25.3%	;53	;Disminuir por20.9%	;Disminuir por49.0%	;1710	;Aumentar por26.5%	;Aumentar por24.5%	;1525	;Aumentar por33.2%	;Aumentar por13.8%	;219	;Disminuir por14.5%	;Disminuir por11.0%	;30	;Disminuir por49.2%	;Disminuir por70.0%	;
167	;(Sábado)2026/05/16	;220	;Aumentar por43.8%	;Aumentar por41.0%	;75	;Disminuir por5.1%	;Aumentar por36.4%	;1692	;Aumentar por23.3%	;Aumentar por13.8%	;1399	;Aumentar por17.2%	;Disminuir por4.2%	;354	;Aumentar por34.1%	;Aumentar por50.6%	;30	;Disminuir por57.7%	;Disminuir por55.2%	;
168	;(Domingo)2026/05/17	;162	;Aumentar por45.9%	;Disminuir por17.8%	;71	;Aumentar por61.4%	;Disminuir por7.8%	;1471	;Aumentar por4.3%	;Aumentar por0.9%	;1197	;Disminuir por2.5%	;Disminuir por15.4%	;292	;Aumentar por9.8%	;Disminuir por3.6%	;47	;Disminuir por35.6%	;Disminuir por49.5%	;
169	;(Lunes)2026/05/18	;126	;Disminuir por3.1%	;Disminuir por4.5%	;69	;Disminuir por15.9%	;Aumentar por4.5%	;1467	;Aumentar por4.0%	;Aumentar por16.9%	;1311	;Aumentar por15.3%	;Aumentar por19.7%	;251	;Disminuir por27.9%	;Disminuir por15.8%	;36	;Disminuir por37.9%	;Disminuir por52.0%	;
170	;(Martes)2026/05/19	;155	;Disminuir por22.5%	;Aumentar por14.8%	;54	;Disminuir por14.3%	;Sin cambios	;1446	;Aumentar por17.5%	;Aumentar por3.9%	;1242	;Aumentar por27.3%	;Disminuir por7.2%	;275	;Disminuir por0.7%	;Aumentar por12.2%	;23	;Disminuir por42.5%	;Disminuir por69.3%	;
171	;(Miércoles)2026/05/20	;162	;Aumentar por3.8%	;Aumentar por42.1%	;78	;Aumentar por32.2%	;Aumentar por81.4%	;1435	;Aumentar por8.5%	;Aumentar por22.0%	;1225	;Aumentar por3.5%	;Aumentar por10.2%	;244	;Aumentar por13.0%	;Aumentar por9.4%	;20	;Disminuir por54.5%	;Disminuir por70.6%	;
172	;(Jueves)2026/05/21	;175	;Aumentar por57.7%	;Aumentar por19.0%	;67	;Disminuir por5.6%	;Disminuir por14.1%	;1443	;Aumentar por13.7%	;Aumentar por4.0%	;1120	;Disminuir por1.7%	;Disminuir por13.5%	;295	;Aumentar por10.1%	;Aumentar por26.1%	;22	;Disminuir por65.1%	;Disminuir por69.4%	;
173	;(Viernes)2026/05/22	;190	;Aumentar por126.2%	;Aumentar por72.7%	;77	;Aumentar por54.0%	;Aumentar por51.0%	;1590	;Aumentar por37.7%	;Aumentar por10.2%	;1333	;Aumentar por37.3%	;Disminuir por4.6%	;300	;Aumentar por39.5%	;Aumentar por28.2%	;30	;Disminuir por38.8%	;Disminuir por51.6%	;
174	;(Sábado)2026/05/23	;165	;Aumentar por55.7%	;Aumentar por23.1%	;110	;Aumentar por161.9%	;Aumentar por129.2%	;1510	;Aumentar por81.1%	;Disminuir por0.1%	;1231	;Aumentar por67.7%	;Disminuir por16.8%	;289	;Aumentar por102.1%	;Aumentar por13.8%	;35	;Disminuir por38.6%	;Disminuir por63.5%	;
175	;(Domingo)2026/05/24	;213	;Aumentar por32.3%	;Aumentar por16.4%	;107	;Aumentar por75.4%	;Aumentar por78.3%	;1545	;Aumentar por7.6%	;Disminuir por1.7%	;1132	;Disminuir por6.5%	;Disminuir por25.2%	;334	;Aumentar por151.1%	;Aumentar por11.0%	;38	;Aumentar por11.8%	;Disminuir por42.4%	;
176	;(Lunes)2026/05/25	;157	;Aumentar por153.2%	;Aumentar por8.3%	;72	;Aumentar por242.9%	;Aumentar por16.1%	;1622	;Aumentar por43.0%	;Aumentar por13.3%	;1242	;Aumentar por30.5%	;Disminuir por0.7%	;304	;Aumentar por721.6%	;Aumentar por2.0%	;31	;Aumentar por106.7%	;Disminuir por64.8%	;
177	;(Martes)2026/05/26	;162	;Aumentar por60.4%	;Aumentar por86.2%	;64	;Aumentar por68.4%	;Aumentar por20.8%	;1440	;Aumentar por57.2%	;Disminuir por0.9%	;1097	;Aumentar por49.0%	;Disminuir por20.6%	;304	;Aumentar por322.2%	;Aumentar por17.8%	;32	;Aumentar por18.5%	;Disminuir por54.9%	;
178	;(Miércoles)2026/05/27	;132	;Aumentar por371.4%	;Disminuir por20.5%	;61	;Aumentar por79.4%	;Aumentar por32.6%	;1498	;Aumentar por26.7%	;Aumentar por5.6%	;1197	;Aumentar por15.2%	;Disminuir por10.7%	;286	;Aumentar por410.7%	;Aumentar por8.3%	;23	;Disminuir por8.0%	;Disminuir por68.5%	;
179	;(Jueves)2026/05/28	;187	;Aumentar por85.1%	;Aumentar por21.4%	;57	;Disminuir por1.7%	;Aumentar por7.5%	;1515	;Aumentar por24.9%	;Disminuir por0.4%	;1226	;Aumentar por11.6%	;Disminuir por15.7%	;293	;Aumentar por43.6%	;Aumentar por19.6%	;34	;Disminuir por53.4%	;Disminuir por59.0%	;
180	;(Viernes)2026/05/29	;187	;Aumentar por32.6%	;Aumentar por68.5%	;59	;Disminuir por37.2%	;Aumentar por59.5%	;1508	;Aumentar por22.8%	;Disminuir por4.3%	;1287	;Aumentar por14.8%	;Disminuir por12.2%	;250	;Disminuir por0.8%	;Disminuir por7.1%	;30	;Disminuir por34.8%	;Disminuir por54.5%	;
181	;(Sábado)2026/05/30	;200	;Aumentar por36.1%	;Aumentar por58.7%	;118	;Aumentar por51.3%	;Aumentar por96.7%	;1539	;Aumentar por16.2%	;Disminuir por8.3%	;1435	;Aumentar por16.3%	;Disminuir por14.9%	;291	;Aumentar por4.3%	;Disminuir por2.7%	;40	;Disminuir por18.4%	;Disminuir por57.9%	;
182	;(Domingo)2026/05/31	;190	;Aumentar por43.9%	;Aumentar por8.6%	;105	;Aumentar por52.2%	;Aumentar por31.3%	;1550	;Aumentar por17.4%	;Disminuir por18.5%	;1283	;Aumentar por5.0%	;Disminuir por30.6%	;312	;Disminuir por44.4%	;Disminuir por17.7%	;47	;Disminuir por42.7%	;Disminuir por60.8%	;
183	;(Lunes)2026/06/01	;14	;Disminuir por93.3%	;Disminuir por89.9%	;19	;Disminuir por82.9%	;Disminuir por78.9%	;146	;Disminuir por88.7%	;Disminuir por91.4%	;102	;Disminuir por91.1%	;Disminuir por93.1%	;19	;Disminuir por98.6%	;Disminuir por93.5%	;3	;Disminuir por96.9%	;Disminuir por97.3%	;
184	;(Martes)2026/06/02	;157	;Aumentar por17.2%	;Aumentar por7.5%	;78	;Disminuir por20.4%	;Aumentar por11.4%	;1586	;Aumentar por43.1%	;Disminuir por1.6%	;1389	;Aumentar por50.5%	;Disminuir por12.8%	;318	;Disminuir por53.9%	;Aumentar por6.4%	;52	;Aumentar por8.3%	;Disminuir por59.7%	;
185	;(Miércoles)2026/06/03	;179	;Aumentar por65.7%	;Aumentar por88.4%	;92	;Aumentar por35.3%	;Aumentar por58.6%	;1649	;Aumentar por28.7%	;Aumentar por8.9%	;1419	;Aumentar por28.3%	;Disminuir por2.1%	;289	;Aumentar por14.7%	;Aumentar por4.3%	;37	;Disminuir por15.9%	;Disminuir por66.1%	;
186	;(Jueves)2026/06/04	;154	;Disminuir por4.3%	;Disminuir por3.8%	;96	;Aumentar por26.3%	;Aumentar por62.7%	;1631	;Aumentar por28.8%	;Aumentar por10.2%	;1528	;Aumentar por33.0%	;Aumentar por5.9%	;341	;Aumentar por20.5%	;Aumentar por24.9%	;60	;Aumentar por30.4%	;Disminuir por40.6%	;
187	;(Viernes)2026/06/05	;149	;Aumentar por26.3%	;Aumentar por14.6%	;51	;Disminuir por37.0%	;Aumentar por10.9%	;1625	;Aumentar por22.5%	;Aumentar por5.8%	;1618	;Aumentar por38.8%	;Aumentar por6.4%	;134	;Disminuir por54.6%	;Disminuir por52.5%	;14	;Disminuir por78.5%	;Disminuir por89.1%	;
188	;(Sábado)2026/06/06	;227	;Aumentar por66.9%	;Aumentar por51.3%	;168	;Aumentar por136.6%	;Aumentar por162.5%	;1779	;Aumentar por23.5%	;Aumentar por3.6%	;1643	;Aumentar por26.6%	;Disminuir por7.8%	;339	;Aumentar por42.4%	;Aumentar por6.9%	;65	;Aumentar por27.5%	;Disminuir por47.2%	;
189	;(Domingo)2026/06/07	;208	;Aumentar por89.1%	;Disminuir por16.1%	;107	;Aumentar por35.4%	;Disminuir por6.1%	;1775	;Aumentar por17.3%	;Disminuir por15.3%	;1327	;Disminuir por7.7%	;Disminuir por36.4%	;321	;Aumentar por36.6%	;Disminuir por22.7%	;29	;Disminuir por48.2%	;Disminuir por76.0%	;
190	;(Lunes)2026/06/08	;190	;Aumentar por12.4%	;Disminuir por28.8%	;77	;Sin cambios	;Disminuir por26.0%	;1794	;Aumentar por18.7%	;Aumentar por1.0%	;1612	;Aumentar por13.9%	;Aumentar por1.8%	;285	;Aumentar por2.2%	;Disminuir por28.8%	;24	;Disminuir por69.6%	;Disminuir por81.1%	;
191	;(Martes)2026/06/09	;172	;Aumentar por123.4%	;Aumentar por8.9%	;86	;Aumentar por95.5%	;Disminuir por11.3%	;1723	;Aumentar por66.8%	;Disminuir por5.9%	;1428	;Aumentar por62.1%	;Disminuir por16.3%	;382	;Aumentar por319.8%	;Aumentar por9.5%	;39	;Aumentar por143.8%	;Disminuir por75.5%	;
192	;(Miércoles)2026/06/10	;155	;Aumentar por109.5%	;Disminuir por6.6%	;64	;Aumentar por16.4%	;Disminuir por45.8%	;1725	;Aumentar por102.5%	;Aumentar por4.7%	;1370	;Aumentar por118.5%	;Disminuir por13.6%	;303	;Aumentar por77.2%	;Disminuir por5.6%	;33	;Disminuir por8.3%	;Disminuir por70.3%	;
193	;(Jueves)2026/06/11	;189	; --%	;Aumentar por24.3%	;84	; --%	;Sin cambios	;1800	;Aumentar por59900.0%	;Aumentar por8.0%	;1448	;Aumentar por48166.7%	;Disminuir por10.4%	;325	; --%	;Aumentar por6.6%	;30	; --%	;Disminuir por78.4%	;
194	;(Viernes)2026/06/12	;186	;Aumentar por132.5%	;Aumentar por17.0%	;90	;Aumentar por50.0%	;Aumentar por42.9%	;1926	;Aumentar por55.6%	;Aumentar por13.8%	;1574	;Aumentar por42.2%	;Disminuir por3.3%	;341	;Aumentar por75.8%	;Disminuir por1.7%	;26	;Disminuir por44.7%	;Disminuir por81.0%	;
195	;(Sábado)2026/06/13	;268	;Aumentar por288.4%	;Aumentar por42.6%	;114	;Aumentar por137.5%	;Aumentar por40.7%	;2047	;Aumentar por77.7%	;Aumentar por9.5%	;1720	;Aumentar por78.6%	;Disminuir por10.1%	;435	;Aumentar por109.1%	;Aumentar por31.8%	;33	;Aumentar por32.0%	;Disminuir por79.6%	;
196	;(Domingo)2026/06/14	;220	;Aumentar por193.3%	;Disminuir por3.9%	;112	;Aumentar por107.4%	;Aumentar por13.1%	;1790	;Aumentar por29.0%	;Disminuir por14.4%	;1440	;Aumentar por16.6%	;Disminuir por29.0%	;390	;Aumentar por71.1%	;Disminuir por2.7%	;37	;Disminuir por22.9%	;Disminuir por75.0%	;
197	;(Lunes)2026/06/15	;225	;Aumentar por49.0%	;Aumentar por28.6%	;82	;Disminuir por2.4%	;Disminuir por25.5%	;1676	;Aumentar por42.0%	;Disminuir por8.2%	;1434	;Aumentar por33.1%	;Disminuir por11.9%	;309	;Aumentar por20.2%	;Disminuir por12.0%	;22	;Disminuir por59.3%	;Disminuir por81.8%	;
198	;(Martes)2026/06/16	;271	;Aumentar por158.1%	;Aumentar por34.8%	;142	;Aumentar por67.1%	;Aumentar por67.1%	;1764	;Aumentar por65.3%	;Disminuir por1.7%	;1466	;Aumentar por62.2%	;Disminuir por14.8%	;333	;Aumentar por12.9%	;Aumentar por16.8%	;28	;Disminuir por37.8%	;Disminuir por65.9%	;
199	;(Miércoles)2026/06/17	;206	;Aumentar por243.3%	;Aumentar por9.6%	;71	;Aumentar por2.9%	;Disminuir por33.0%	;1721	;Aumentar por47.2%	;Aumentar por2.4%	;1446	;Aumentar por50.6%	;Disminuir por10.4%	;336	;Aumentar por62.3%	;Disminuir por6.1%	;17	;Disminuir por52.8%	;Disminuir por85.3%	;
200	;(Jueves)2026/06/18	;177	;Aumentar por205.2%	;Aumentar por16.4%	;101	;Aumentar por80.4%	;Aumentar por50.7%	;1687	;Aumentar por51.2%	;Disminuir por4.0%	;1575	;Aumentar por66.0%	;Disminuir por5.2%	;331	;Aumentar por78.9%	;Disminuir por0.3%	;30	;Sin cambios	;Disminuir por70.3%	;
201	;(Viernes)2026/06/19	;229	;Aumentar por367.3%	;Aumentar por44.9%	;76	;Aumentar por52.0%	;Aumentar por24.6%	;1890	;Aumentar por68.9%	;Aumentar por5.2%	;1782	;Aumentar por78.9%	;Aumentar por2.9%	;324	;Aumentar por155.1%	;Aumentar por0.9%	;21	;Disminuir por27.6%	;Disminuir por81.9%	;
202	;(Sábado)2026/06/20	;297	;Aumentar por403.4%	;Aumentar por135.7%	;126	;Aumentar por152.0%	;Aumentar por162.5%	;2128	;Aumentar por99.4%	;Aumentar por6.4%	;2066	;Aumentar por128.3%	;Aumentar por0.8%	;349	;Aumentar por126.6%	;Aumentar por3.6%	;31	;Aumentar por3.3%	;Disminuir por70.5%	;
203	;(Domingo)2026/06/21	;279	;Aumentar por310.3%	;Aumentar por23.5%	;141	;Aumentar por151.8%	;Aumentar por27.0%	;1902	;Aumentar por58.2%	;Disminuir por19.5%	;1629	;Aumentar por57.8%	;Disminuir por30.5%	;376	;Aumentar por107.7%	;Disminuir por9.8%	;33	;Aumentar por17.9%	;Disminuir por77.9%	;
204	;(Lunes)2026/06/22	;260	;Aumentar por213.3%	;Aumentar por0.8%	;115	;Aumentar por98.3%	;Disminuir por5.7%	;1920	;Aumentar por70.1%	;Disminuir por16.2%	;1728	;Aumentar por76.3%	;Disminuir por18.2%	;338	;Aumentar por101.2%	;Disminuir por12.7%	;20	;Disminuir por45.9%	;Disminuir por84.5%	;
205	;(Martes)2026/06/23	;328	;Aumentar por252.7%	;Aumentar por27.1%	;145	;Aumentar por74.7%	;Aumentar por64.8%	;2107	;Aumentar por107.4%	;Disminuir por13.8%	;1760	;Aumentar por128.9%	;Disminuir por19.9%	;370	;Aumentar por41.8%	;Disminuir por0.5%	;25	;Disminuir por16.7%	;Disminuir por74.5%	;
206	;(Miércoles)2026/06/24	;377	;Aumentar por431.0%	;Aumentar por46.7%	;170	;Aumentar por142.9%	;Aumentar por24.1%	;2106	;Aumentar por79.2%	;Disminuir por5.4%	;1869	;Aumentar por113.6%	;Disminuir por12.0%	;405	;Aumentar por107.7%	;Aumentar por6.9%	;40	;Aumentar por33.3%	;Disminuir por56.0%	;
207	;(Jueves)2026/06/25	;312	;Aumentar por428.8%	;Aumentar por9.5%	;157	;Aumentar por145.3%	;Aumentar por76.4%	;2193	;Aumentar por94.1%	;Aumentar por2.0%	;2055	;Aumentar por133.8%	;Aumentar por1.3%	;355	;Aumentar por69.0%	;Aumentar por2.0%	;48	;Aumentar por33.3%	;Disminuir por57.9%	;
208	;(Viernes)2026/06/26	;250	;Aumentar por309.8%	;Aumentar por10.6%	;129	;Aumentar por95.5%	;Aumentar por24.0%	;2234	;Aumentar por111.0%	;Aumentar por4.3%	;2178	;Aumentar por145.3%	;Aumentar por6.8%	;415	;Aumentar por89.5%	;Aumentar por7.5%	;47	;Aumentar por9.3%	;Disminuir por52.5%	;
209	;(Sábado)2026/06/27	;340	;Aumentar por529.6%	;Aumentar por57.4%	;173	;Aumentar por260.4%	;Aumentar por90.1%	;2453	;Aumentar por125.3%	;Aumentar por2.8%	;2413	;Aumentar por155.1%	;Aumentar por4.8%	;418	;Aumentar por145.9%	;Aumentar por11.5%	;58	;Aumentar por61.1%	;Disminuir por25.6%	;
210	;(Domingo)2026/06/28	;287	;Aumentar por205.3%	;Aumentar por10.4%	;184	;Aumentar por166.7%	;Aumentar por148.6%	;2259	;Aumentar por87.9%	;Disminuir por6.6%	;2040	;Aumentar por95.2%	;Disminuir por8.6%	;417	;Aumentar por141.0%	;Aumentar por10.0%	;81	;Aumentar por145.5%	;Disminuir por16.5%	;
211	;(Lunes)2026/06/29	;273	;Aumentar por217.4%	;Aumentar por25.2%	;121	;Aumentar por59.2%	;Aumentar por49.4%	;2077	;Aumentar por93.8%	;Disminuir por5.3%	;1911	;Aumentar por115.7%	;Aumentar por3.7%	;402	;Aumentar por81.9%	;Aumentar por7.5%	;55	;Aumentar por150.0%	;Disminuir por42.1%	;
212	;(Martes)2026/06/30	;205	;Aumentar por310.0%	;Aumentar por21.3%	;111	;Aumentar por65.7%	;Aumentar por33.7%	;1948	;Aumentar por118.6%	;Disminuir por7.2%	;1891	;Aumentar por172.1%	;Disminuir por2.0%	;405	;Aumentar por80.8%	;Aumentar por8.0%	;66	;Aumentar por57.1%	;Disminuir por27.5%	;
213	;(Miércoles)2026/07/01	;245	;Aumentar por362.3%	;Aumentar por33.2%	;105	;Aumentar por118.8%	;Aumentar por72.1%	;2139	;Aumentar por102.6%	;Aumentar por3.7%	;2042	;Aumentar por109.7%	;Aumentar por3.8%	;372	;Aumentar por128.2%	;Aumentar por12.4%	;69	;Aumentar por130.0%	;Disminuir por6.8%	;
214	;(Jueves)2026/07/02	;232	;Aumentar por201.3%	;Aumentar por13.2%	;102	;Aumentar por72.9%	;Aumentar por22.9%	;2139	;Aumentar por103.5%	;Disminuir por3.5%	;1941	;Aumentar por126.8%	;Disminuir por5.7%	;355	;Aumentar por107.6%	;Disminuir por2.5%	;35	;Aumentar por59.1%	;Disminuir por64.6%	;
215	;(Viernes)2026/07/03	;270	;Aumentar por462.5%	;Aumentar por24.4%	;84	;Aumentar por110.0%	;Disminuir por20.0%	;2434	;Aumentar por140.8%	;Aumentar por10.8%	;2245	;Aumentar por147.2%	;Aumentar por9.4%	;393	;Aumentar por174.8%	;Aumentar por2.3%	;55	;Aumentar por66.7%	;Disminuir por38.9%	;
216	;(Sábado)2026/07/04	;338	;Aumentar por562.7%	;Aumentar por48.2%	;132	;Aumentar por277.1%	;Aumentar por33.3%	;2701	;Aumentar por156.3%	;Aumentar por15.4%	;2550	;Aumentar por168.7%	;Aumentar por12.1%	;424	;Aumentar por282.0%	;Aumentar por5.5%	;46	;Aumentar por27.8%	;Disminuir por65.9%	;
217	;(Domingo)2026/07/05	;304	;Aumentar por533.3%	;Disminuir por1.9%	;126	;Aumentar por404.0%	;Disminuir por14.9%	;2486	;Aumentar por97.5%	;Disminuir por10.7%	;2169	;Aumentar por93.8%	;Disminuir por22.5%	;430	;Aumentar por383.1%	;Aumentar por2.4%	;47	;Aumentar por88.0%	;Disminuir por44.0%	;
218	;(Lunes)2026/07/06	;231	;Aumentar por312.5%	;Disminuir por17.2%	;122	;Aumentar por190.5%	;Disminuir por22.8%	;2329	;Aumentar por117.5%	;Disminuir por11.5%	;2218	;Aumentar por135.5%	;Disminuir por4.6%	;361	;Aumentar por261.0%	;Disminuir por17.0%	;45	;Aumentar por164.7%	;Disminuir por62.2%	;
219	;(Martes)2026/07/07	;204	;Aumentar por251.7%	;Disminuir por13.2%	;102	;Aumentar por24.4%	;Disminuir por11.3%	;2390	;Aumentar por174.7%	;Disminuir por5.2%	;2238	;Aumentar por184.0%	;Disminuir por7.8%	;377	;Aumentar por95.3%	;Disminuir por8.7%	;36	;Aumentar por33.3%	;Disminuir por74.3%	;
220	;(Miércoles)2026/07/08	;281	;Aumentar por473.5%	;Aumentar por4.5%	;115	;Aumentar por155.6%	;Disminuir por4.2%	;2417	;Aumentar por119.7%	;Disminuir por4.0%	;2337	;Aumentar por135.1%	;Disminuir por0.6%	;390	;Aumentar por145.3%	;Disminuir por1.8%	;52	;Disminuir por1.9%	;Disminuir por66.5%	;
221	;(Jueves)2026/07/09	;288	;Aumentar por364.5%	;Aumentar por70.4%	;133	;Aumentar por209.3%	;Aumentar por141.8%	;2459	;Aumentar por108.9%	;Aumentar por7.1%	;2298	;Aumentar por123.8%	;Aumentar por7.9%	;412	;Aumentar por224.4%	;Aumentar por165.8%	;69	;Aumentar por130.0%	;Disminuir por10.4%	;
222	;(Viernes)2026/07/10	;277	;Aumentar por465.3%	;Aumentar por42.1%	;133	;Aumentar por375.0%	;Aumentar por114.5%	;2611	;Aumentar por115.6%	;Aumentar por5.8%	;2515	;Aumentar por139.5%	;Aumentar por13.0%	;391	;Aumentar por371.1%	;Aumentar por2.6%	;46	;Aumentar por76.9%	;Disminuir por63.5%	;
223	;(Sábado)2026/07/11	;347	;Aumentar por381.9%	;Aumentar por79.8%	;128	;Aumentar por151.0%	;Aumentar por66.2%	;2946	;Aumentar por139.7%	;Aumentar por9.8%	;2734	;Aumentar por152.0%	;Aumentar por12.5%	;467	;Aumentar por270.6%	;Aumentar por71.7%	;73	;Aumentar por143.3%	;Disminuir por24.7%	;
224	;(Domingo)2026/07/12	;301	;Aumentar por271.6%	;Aumentar por63.6%	;172	;Aumentar por164.6%	;Aumentar por164.6%	;2669	;Aumentar por87.0%	;Aumentar por5.0%	;2338	;Aumentar por77.4%	;Aumentar por0.8%	;438	;Aumentar por180.8%	;Aumentar por147.5%	;84	;Aumentar por147.1%	;Aumentar por3.7%	;
225	;(Lunes)2026/07/13	;262	;Aumentar por244.7%	;Disminuir por6.4%	;130	;Aumentar por113.1%	;Disminuir por0.8%	;2551	;Aumentar por103.9%	;Disminuir por7.5%	;2361	;Aumentar por100.6%	;Aumentar por7.7%	;408	;Aumentar por100.0%	;Disminuir por5.8%	;57	;Aumentar por58.3%	;Disminuir por43.0%	;
226	;(Martes)2026/07/14	;111	;Aumentar por158.1%	;Disminuir por43.9%	;51	;Disminuir por33.8%	;Disminuir por49.0%	;1186	;Aumentar por16.7%	;Disminuir por55.9%	;937	;Disminuir por1.5%	;Disminuir por61.6%	;260	;Aumentar por39.0%	;Disminuir por37.9%	;53	;Aumentar por39.5%	;Disminuir por54.3%	;

Exportar contenido:Subtipos de vehículos a motor	;
Hora del informe: 2025/12/01 00:00:00 - 2026/07/14 23:59:59	;

N.º	;Hora	;Autobuses	; 	; 	; 	; 	; 	;Monovolúmenes	; 	; 	; 	; 	; 	;Sedanes pequeños	; 	; 	; 	; 	; 	;Camiones	;
	;	;Avanzar	; 	; 	;Retroceso	; 	; 	;Avanzar	; 	; 	;Retroceso	; 	; 	;Avanzar	; 	; 	;Retroceso	; 	; 	;Avanzar	; 	; 	;Retroceso	;
	;	;Valor	;Tasa de cambio (ciclo tras ciclo)	;Tasa de cambio (año tras año)	;Valor	;Tasa de cambio (ciclo tras ciclo)	;Tasa de cambio (año tras año)	;Valor	;Tasa de cambio (ciclo tras ciclo)	;Tasa de cambio (año tras año)	;Valor	;Tasa de cambio (ciclo tras ciclo)	;Tasa de cambio (año tras año)	;Valor	;Tasa de cambio (ciclo tras ciclo)	;Tasa de cambio (año tras año)	;Valor	;Tasa de cambio (ciclo tras ciclo)	;Tasa de cambio (año tras año)	;Valor	;Tasa de cambio (ciclo tras ciclo)	;Tasa de cambio (año tras año)	;Valor	;Tasa de cambio (ciclo tras ciclo)	;Tasa de cambio (año tras año)	;
1	;(Lunes)2025/12/01	;60	; --%	; --%	;75	; --%	; --%	;212	; --%	; --%	;171	; --%	; --%	;855	; --%	; --%	;805	; --%	; --%	;42	; --%	; --%	;51	; --%	; --%	;
2	;(Martes)2025/12/02	;35	; --%	; --%	;50	; --%	; --%	;206	; --%	; --%	;205	; --%	; --%	;839	; --%	; --%	;747	; --%	; --%	;34	; --%	; --%	;45	; --%	; --%	;
3	;(Miércoles)2025/12/03	;43	; --%	; --%	;61	; --%	; --%	;209	; --%	; --%	;145	; --%	; --%	;847	; --%	; --%	;791	; --%	; --%	;46	; --%	; --%	;61	; --%	; --%	;
4	;(Jueves)2025/12/04	;15	; --%	; --%	;28	; --%	; --%	;214	; --%	; --%	;187	; --%	; --%	;892	; --%	; --%	;845	; --%	; --%	;32	; --%	; --%	;56	; --%	; --%	;
5	;(Viernes)2025/12/05	;24	;Aumentar por300.0%	; --%	;34	;Aumentar por750.0%	; --%	;201	;Aumentar por318.8%	; --%	;194	;Aumentar por295.9%	; --%	;1013	;Aumentar por168.7%	; --%	;1094	;Aumentar por139.4%	; --%	;39	;Aumentar por254.5%	; --%	;42	;Aumentar por121.1%	; --%	;
6	;(Sábado)2025/12/06	;15	;Sin cambios	; --%	;22	;Aumentar por57.1%	; --%	;206	;Disminuir por29.2%	; --%	;167	;Disminuir por21.2%	; --%	;1167	;Disminuir por17.4%	; --%	;1159	;Disminuir por14.0%	; --%	;34	;Disminuir por22.7%	; --%	;60	;Aumentar por66.7%	; --%	;
7	;(Domingo)2025/12/07	;14	;Disminuir por26.3%	; --%	;23	;Aumentar por43.8%	; --%	;142	;Disminuir por48.9%	; --%	;147	;Disminuir por32.6%	; --%	;1312	;Disminuir por8.3%	; --%	;1161	;Disminuir por18.4%	; --%	;17	;Disminuir por58.5%	; --%	;42	;Sin cambios	; --%	;
8	;(Lunes)2025/12/08	;74	;Aumentar por196.0%	; --%	;84	;Aumentar por394.1%	; --%	;210	;Aumentar por6.6%	; --%	;153	;Disminuir por12.1%	; --%	;1079	;Disminuir por23.1%	; --%	;727	;Disminuir por46.4%	; --%	;75	;Aumentar por158.6%	; --%	;87	;Aumentar por128.9%	; --%	;
9	;(Martes)2025/12/09	;127	;Aumentar por309.7%	; --%	;142	;Aumentar por446.2%	; --%	;232	;Disminuir por3.3%	; --%	;185	;Aumentar por14.9%	; --%	;894	;Disminuir por42.4%	; --%	;771	;Disminuir por47.3%	; --%	;60	;Aumentar por39.5%	; --%	;74	;Aumentar por89.7%	; --%	;
10	;(Miércoles)2025/12/10	;62	;Aumentar por675.0%	; --%	;68	;Aumentar por580.0%	; --%	;209	;Aumentar por167.9%	; --%	;155	;Aumentar por222.9%	; --%	;836	;Aumentar por67.2%	; --%	;737	;Aumentar por105.9%	; --%	;53	;Aumentar por231.3%	; --%	;78	;Aumentar por457.1%	; --%	;
11	;(Jueves)2025/12/11	;23	;Aumentar por187.5%	; --%	;34	;Aumentar por466.7%	; --%	;211	;Aumentar por57.5%	; --%	;205	;Aumentar por76.7%	; --%	;839	;Aumentar por25.6%	; --%	;738	;Disminuir por8.1%	; --%	;44	;Aumentar por214.3%	; --%	;52	;Aumentar por173.7%	; --%	;
12	;(Viernes)2025/12/12	;60	;Aumentar por328.6%	; --%	;69	;Aumentar por666.7%	; --%	;188	;Disminuir por10.5%	; --%	;207	;Disminuir por6.8%	; --%	;917	;Disminuir por28.6%	; --%	;836	;Disminuir por37.0%	; --%	;64	;Aumentar por33.3%	; --%	;86	;Aumentar por109.8%	; --%	;
13	;(Sábado)2025/12/13	;31	;Aumentar por19.2%	; --%	;60	;Aumentar por122.2%	; --%	;137	;Disminuir por12.7%	; --%	;134	;Disminuir por32.0%	; --%	;842	;Disminuir por43.5%	; --%	;725	;Disminuir por54.1%	; --%	;12	;Disminuir por60.0%	; --%	;31	;Disminuir por11.4%	; --%	;
14	;(Domingo)2025/12/14	;5	; --%	; --%	;14	;Aumentar por600.0%	; --%	;75	;Aumentar por1150.0%	; --%	;67	;Aumentar por2133.3%	; --%	;553	;Aumentar por905.5%	; --%	;442	;Aumentar por1033.3%	; --%	;10	;Aumentar por900.0%	; --%	;17	; --%	; --%	;
15	;(Lunes)2025/12/15	;3	; --%	; --%	;7	; --%	; --%	;164	; --%	; --%	;133	; --%	; --%	;808	; --%	; --%	;763	; --%	; --%	;18	; --%	; --%	;37	; --%	; --%	;
16	;(Martes)2025/12/16	;0	; --%	; --%	;5	; --%	; --%	;200	; --%	; --%	;166	; --%	; --%	;730	; --%	; --%	;663	; --%	; --%	;20	; --%	; --%	;38	; --%	; --%	;
17	;(Miércoles)2025/12/17	;1	; --%	; --%	;8	; --%	; --%	;154	; --%	; --%	;120	; --%	; --%	;756	; --%	; --%	;697	; --%	; --%	;10	; --%	; --%	;34	; --%	; --%	;
18	;(Jueves)2025/12/18	;11	;Aumentar por22.2%	; --%	;10	;Aumentar por100.0%	; --%	;205	;Aumentar por65.3%	; --%	;155	;Aumentar por32.5%	; --%	;797	;Aumentar por39.8%	; --%	;702	;Aumentar por4.8%	; --%	;30	;Aumentar por50.0%	; --%	;50	;Aumentar por92.3%	; --%	;
19	;(Viernes)2025/12/19	;2	;Disminuir por89.5%	; --%	;5	;Disminuir por64.3%	; --%	;198	;Disminuir por8.8%	; --%	;147	;Disminuir por31.6%	; --%	;795	;Disminuir por31.3%	; --%	;742	;Disminuir por34.6%	; --%	;31	;Disminuir por22.5%	; --%	;39	;Aumentar por5.4%	; --%	;
20	;(Sábado)2025/12/20	;2	;Disminuir por88.2%	; --%	;6	;Disminuir por62.5%	; --%	;153	;Disminuir por25.4%	; --%	;127	;Disminuir por41.5%	; --%	;809	;Disminuir por28.7%	; --%	;792	;Disminuir por24.5%	; --%	;17	;Disminuir por52.8%	; --%	;23	;Disminuir por8.0%	; --%	;
21	;(Domingo)2025/12/21	;9	;Disminuir por25.0%	; --%	;9	;Disminuir por18.2%	; --%	;127	;Disminuir por17.0%	; --%	;103	;Disminuir por32.2%	; --%	;748	;Disminuir por28.6%	; --%	;704	;Disminuir por31.7%	; --%	;15	;Disminuir por64.3%	; --%	;19	;Disminuir por29.6%	; --%	;
22	;(Lunes)2025/12/22	;4	;Disminuir por33.3%	; --%	;4	;Disminuir por60.0%	; --%	;175	;Aumentar por49.6%	; --%	;161	;Aumentar por3.9%	; --%	;879	;Disminuir por24.3%	; --%	;787	;Disminuir por28.2%	; --%	;33	;Aumentar por83.3%	; --%	;54	;Aumentar por237.5%	; --%	;
23	;(Martes)2025/12/23	;3	;Disminuir por86.4%	; --%	;13	;Disminuir por7.1%	; --%	;179	;Aumentar por51.7%	; --%	;150	;Aumentar por35.1%	; --%	;908	;Disminuir por10.7%	; --%	;842	;Disminuir por7.8%	; --%	;23	;Sin cambios	; --%	;39	;Aumentar por77.3%	; --%	;
24	;(Miércoles)2025/12/24	;2	;Disminuir por83.3%	; --%	;6	;Disminuir por45.5%	; --%	;193	;Aumentar por7.8%	; --%	;148	;Disminuir por14.0%	; --%	;827	;Disminuir por25.3%	; --%	;707	;Disminuir por31.6%	; --%	;27	;Disminuir por32.5%	; --%	;31	;Disminuir por34.0%	; --%	;
25	;(Jueves)2025/12/25	;3	;Disminuir por87.5%	; --%	;6	;Disminuir por64.7%	; --%	;82	;Disminuir por58.2%	; --%	;63	;Disminuir por67.5%	; --%	;512	;Disminuir por52.2%	; --%	;489	;Disminuir por53.8%	; --%	;7	;Disminuir por82.1%	; --%	;19	;Disminuir por42.4%	; --%	;
26	;(Viernes)2025/12/26	;6	;Disminuir por73.9%	; --%	;6	;Disminuir por66.7%	; --%	;131	;Disminuir por24.3%	; --%	;110	;Disminuir por38.9%	; --%	;818	;Disminuir por21.4%	; --%	;783	;Disminuir por23.5%	; --%	;8	;Disminuir por73.3%	; --%	;15	;Disminuir por51.6%	; --%	;
27	;(Sábado)2025/12/27	;1	;Disminuir por95.0%	; --%	;15	;Aumentar por15.4%	; --%	;76	;Disminuir por58.0%	; --%	;100	;Disminuir por48.2%	; --%	;846	;Disminuir por24.6%	; --%	;730	;Disminuir por33.0%	; --%	;12	;Disminuir por76.5%	; --%	;21	;Disminuir por55.3%	; --%	;
28	;(Domingo)2025/12/28	;2	;Disminuir por85.7%	; --%	;20	;Aumentar por100.0%	; --%	;102	;Disminuir por52.3%	; --%	;94	;Disminuir por49.2%	; --%	;785	;Disminuir por34.6%	; --%	;714	;Disminuir por41.4%	; --%	;8	;Disminuir por86.4%	; --%	;30	;Disminuir por34.8%	; --%	;
29	;(Lunes)2025/12/29	;1	;Disminuir por95.5%	; --%	;22	;Disminuir por4.3%	; --%	;167	;Aumentar por14.4%	; --%	;189	;Aumentar por28.6%	; --%	;1111	;Disminuir por10.8%	; --%	;1003	;Disminuir por16.7%	; --%	;19	;Disminuir por56.8%	; --%	;38	;Disminuir por7.3%	; --%	;
30	;(Martes)2025/12/30	;1	;Disminuir por83.3%	; --%	;10	;Aumentar por66.7%	; --%	;231	;Aumentar por75.0%	; --%	;159	;Aumentar por48.6%	; --%	;1154	;Aumentar por5.6%	; --%	;926	;Disminuir por3.4%	; --%	;45	;Aumentar por87.5%	; --%	;43	;Aumentar por95.5%	; --%	;
31	;(Miércoles)2025/12/31	;1	;Disminuir por95.2%	; --%	;10	;Disminuir por44.4%	; --%	;202	;Disminuir por0.5%	; --%	;150	;Disminuir por21.9%	; --%	;1093	;Disminuir por2.7%	; --%	;937	;Disminuir por13.8%	; --%	;32	;Disminuir por28.9%	; --%	;35	;Disminuir por18.6%	; --%	;
32	;(Jueves)2026/01/01	;1	;Disminuir por90.9%	; --%	;8	;Disminuir por55.6%	; --%	;151	;Disminuir por13.7%	; --%	;109	;Disminuir por26.4%	; --%	;859	;Disminuir por10.7%	; --%	;814	;Disminuir por10.7%	; --%	;17	;Disminuir por39.3%	; --%	;33	;Sin cambios	; --%	;
33	;(Viernes)2026/01/02	;5	;Disminuir por80.0%	; --%	;10	;Disminuir por50.0%	; --%	;196	;Disminuir por14.0%	; --%	;130	;Disminuir por27.0%	; --%	;1089	;Disminuir por0.6%	; --%	;971	;Disminuir por8.3%	; --%	;18	;Disminuir por52.6%	; --%	;38	;Sin cambios	; --%	;
34	;(Sábado)2026/01/03	;6	;Disminuir por53.8%	; --%	;18	;Aumentar por100.0%	; --%	;148	;Disminuir por34.8%	; --%	;152	;Disminuir por30.9%	; --%	;1047	;Disminuir por9.4%	; --%	;874	;Disminuir por22.0%	; --%	;16	;Disminuir por66.0%	; --%	;25	;Disminuir por49.0%	; --%	;
35	;(Domingo)2026/01/04	;1	;Disminuir por90.9%	; --%	;12	;Aumentar por20.0%	; --%	;94	;Disminuir por59.5%	; --%	;68	;Disminuir por63.8%	; --%	;668	;Disminuir por45.5%	; --%	;533	;Disminuir por57.1%	; --%	;9	;Disminuir por78.6%	; --%	;20	;Disminuir por44.4%	; --%	;
36	;(Lunes)2026/01/05	;2	;Disminuir por92.0%	; --%	;7	;Disminuir por63.2%	; --%	;151	;Disminuir por8.5%	; --%	;122	;Disminuir por29.5%	; --%	;882	;Disminuir por35.1%	; --%	;802	;Disminuir por38.1%	; --%	;15	;Disminuir por28.6%	; --%	;24	;Disminuir por4.0%	; --%	;
37	;(Martes)2026/01/06	;6	;Disminuir por70.0%	; --%	;1	;Disminuir por94.1%	; --%	;113	;Disminuir por18.1%	; --%	;87	;Disminuir por11.2%	; --%	;612	;Disminuir por50.7%	; --%	;539	;Disminuir por51.4%	; --%	;18	;Disminuir por45.5%	; --%	;29	;Aumentar por7.4%	; --%	;
38	;(Miércoles)2026/01/07	;5	;Disminuir por66.7%	; --%	;3	;Disminuir por70.0%	; --%	;223	;Disminuir por3.5%	; --%	;122	;Disminuir por39.9%	; --%	;797	;Disminuir por31.6%	; --%	;700	;Disminuir por37.8%	; --%	;40	;Disminuir por4.8%	; --%	;42	;Disminuir por4.5%	; --%	;
39	;(Jueves)2026/01/08	;10	;Disminuir por54.5%	; --%	;11	;Disminuir por15.4%	; --%	;185	;Disminuir por7.0%	; --%	;138	;Disminuir por31.3%	; --%	;795	;Disminuir por31.2%	; --%	;715	;Disminuir por34.5%	; --%	;31	;Disminuir por24.4%	; --%	;30	;Disminuir por16.7%	; --%	;
40	;(Viernes)2026/01/09	;10	;Disminuir por64.3%	; --%	;10	;Disminuir por41.2%	; --%	;230	;Disminuir por2.5%	; --%	;139	;Disminuir por32.5%	; --%	;839	;Disminuir por30.8%	; --%	;667	;Disminuir por43.9%	; --%	;47	;Aumentar por4.4%	; --%	;38	;Disminuir por7.3%	; --%	;
41	;(Sábado)2026/01/10	;10	;Disminuir por52.4%	; --%	;9	;Disminuir por55.0%	; --%	;165	;Disminuir por33.5%	; --%	;107	;Disminuir por44.8%	; --%	;787	;Disminuir por37.3%	; --%	;712	;Disminuir por41.4%	; --%	;36	;Disminuir por29.4%	; --%	;33	;Disminuir por13.2%	; --%	;
42	;(Domingo)2026/01/11	;0	;Disminuir por100.0%	; --%	;4	;Disminuir por71.4%	; --%	;132	;Disminuir por42.6%	; --%	;87	;Disminuir por61.2%	; --%	;692	;Disminuir por49.8%	; --%	;509	;Disminuir por63.8%	; --%	;18	;Disminuir por66.0%	; --%	;22	;Disminuir por42.1%	; --%	;
43	;(Lunes)2026/01/12	;6	;Disminuir por72.7%	; --%	;7	;Disminuir por78.1%	; --%	;190	;Aumentar por11.8%	; --%	;160	;Disminuir por11.6%	; --%	;757	;Disminuir por54.7%	; --%	;645	;Disminuir por60.0%	; --%	;20	;Disminuir por48.7%	; --%	;30	;Aumentar por11.1%	; --%	;
44	;(Martes)2026/01/13	;7	;Disminuir por12.5%	; --%	;12	;Aumentar por50.0%	; --%	;181	;Aumentar por9.7%	; --%	;148	;Aumentar por14.7%	; --%	;784	;Disminuir por47.0%	; --%	;663	;Disminuir por48.8%	; --%	;31	;Disminuir por26.2%	; --%	;45	;Disminuir por8.2%	; --%	;
45	;(Miércoles)2026/01/14	;2	;Disminuir por87.5%	; --%	;5	;Disminuir por72.2%	; --%	;205	;Disminuir por7.7%	; --%	;162	;Disminuir por20.2%	; --%	;826	;Disminuir por38.1%	; --%	;754	;Disminuir por43.2%	; --%	;19	;Disminuir por51.3%	; --%	;49	;Aumentar por11.4%	; --%	;
46	;(Jueves)2026/01/15	;15	;Aumentar por25.0%	; --%	;20	;Aumentar por66.7%	; --%	;216	;Aumentar por5.9%	; --%	;133	;Disminuir por28.9%	; --%	;804	;Disminuir por36.4%	; --%	;642	;Disminuir por47.1%	; --%	;35	;Aumentar por2.9%	; --%	;40	;Aumentar por5.3%	; --%	;
47	;(Viernes)2026/01/16	;6	;Disminuir por62.5%	; --%	;9	;Disminuir por50.0%	; --%	;202	;Disminuir por14.0%	; --%	;179	;Disminuir por18.6%	; --%	;801	;Disminuir por32.8%	; --%	;739	;Disminuir por36.7%	; --%	;32	;Disminuir por13.5%	; --%	;43	;Aumentar por16.2%	; --%	;
48	;(Sábado)2026/01/17	;0	;Disminuir por100.0%	; --%	;7	;Disminuir por65.0%	; --%	;92	;Disminuir por60.5%	; --%	;78	;Disminuir por65.6%	; --%	;640	;Disminuir por48.2%	; --%	;600	;Disminuir por51.3%	; --%	;10	;Disminuir por80.4%	; --%	;18	;Disminuir por57.1%	; --%	;
49	;(Domingo)2026/01/18	;1	;Disminuir por94.4%	; --%	;6	;Disminuir por66.7%	; --%	;85	;Disminuir por60.5%	; --%	;68	;Disminuir por67.0%	; --%	;627	;Disminuir por56.6%	; --%	;545	;Disminuir por63.9%	; --%	;11	;Disminuir por73.2%	; --%	;14	;Disminuir por69.6%	; --%	;
50	;(Lunes)2026/01/19	;7	;Disminuir por56.3%	; --%	;8	;Disminuir por46.7%	; --%	;163	;Disminuir por27.2%	; --%	;131	;Disminuir por36.7%	; --%	;742	;Disminuir por59.0%	; --%	;673	;Disminuir por63.0%	; --%	;20	;Disminuir por54.5%	; --%	;39	;Disminuir por20.4%	; --%	;
51	;(Martes)2026/01/20	;5	;Disminuir por68.8%	; --%	;5	;Disminuir por66.7%	; --%	;146	;Disminuir por22.8%	; --%	;126	;Disminuir por14.9%	; --%	;726	;Disminuir por52.9%	; --%	;671	;Disminuir por51.3%	; --%	;17	;Disminuir por39.3%	; --%	;38	;Disminuir por9.5%	; --%	;
52	;(Miércoles)2026/01/21	;6	;Disminuir por53.8%	; --%	;12	;Disminuir por20.0%	; --%	;163	;Disminuir por32.1%	; --%	;156	;Disminuir por31.6%	; --%	;752	;Disminuir por50.9%	; --%	;698	;Disminuir por50.7%	; --%	;23	;Disminuir por51.1%	; --%	;31	;Disminuir por36.7%	; --%	;
53	;(Jueves)2026/01/22	;23	;Aumentar por155.6%	; --%	;23	;Aumentar por53.3%	; --%	;182	;Disminuir por15.0%	; --%	;137	;Disminuir por27.9%	; --%	;816	;Disminuir por41.1%	; --%	;704	;Disminuir por47.7%	; --%	;31	;Disminuir por22.5%	; --%	;47	;Aumentar por34.3%	; --%	;
54	;(Viernes)2026/01/23	;6	;Disminuir por70.0%	; --%	;11	;Disminuir por50.0%	; --%	;201	;Disminuir por2.0%	; --%	;128	;Disminuir por40.2%	; --%	;839	;Disminuir por40.2%	; --%	;764	;Disminuir por42.4%	; --%	;31	;Disminuir por18.4%	; --%	;46	;Disminuir por14.8%	; --%	;
55	;(Sábado)2026/01/24	;4	;Disminuir por83.3%	; --%	;10	;Disminuir por47.4%	; --%	;137	;Disminuir por37.7%	; --%	;107	;Disminuir por53.7%	; --%	;766	;Disminuir por45.3%	; --%	;702	;Disminuir por47.1%	; --%	;14	;Disminuir por70.8%	; --%	;15	;Disminuir por69.4%	; --%	;
56	;(Domingo)2026/01/25	;5	;Disminuir por86.1%	; --%	;8	;Disminuir por68.0%	; --%	;86	;Disminuir por69.6%	; --%	;92	;Disminuir por64.5%	; --%	;733	;Disminuir por51.7%	; --%	;619	;Disminuir por60.7%	; --%	;12	;Disminuir por64.7%	; --%	;24	;Disminuir por53.8%	; --%	;
57	;(Lunes)2026/01/26	;9	;Disminuir por71.0%	; --%	;19	;Disminuir por9.5%	; --%	;183	;Disminuir por12.4%	; --%	;148	;Disminuir por35.1%	; --%	;793	;Disminuir por56.1%	; --%	;678	;Disminuir por61.2%	; --%	;46	;Aumentar por9.5%	; --%	;54	;Aumentar por74.2%	; --%	;
58	;(Martes)2026/01/27	;3	;Disminuir por75.0%	; --%	;11	;Disminuir por26.7%	; --%	;172	;Disminuir por2.3%	; --%	;140	;Disminuir por2.8%	; --%	;807	;Disminuir por50.1%	; --%	;737	;Disminuir por48.5%	; --%	;39	;Aumentar por85.7%	; --%	;44	;Aumentar por18.9%	; --%	;
59	;(Miércoles)2026/01/28	;8	;Disminuir por61.9%	; --%	;10	;Disminuir por60.0%	; --%	;155	;Disminuir por28.2%	; --%	;131	;Disminuir por39.1%	; --%	;783	;Disminuir por47.9%	; --%	;733	;Disminuir por48.7%	; --%	;20	;Disminuir por64.3%	; --%	;37	;Disminuir por26.0%	; --%	;
60	;(Jueves)2026/01/29	;3	;Disminuir por75.0%	; --%	;9	;Disminuir por43.8%	; --%	;159	;Disminuir por26.7%	; --%	;146	;Disminuir por26.6%	; --%	;813	;Disminuir por41.9%	; --%	;722	;Disminuir por46.6%	; --%	;27	;Disminuir por46.0%	; --%	;33	;Disminuir por28.3%	; --%	;
61	;(Viernes)2026/01/30	;3	;Disminuir por83.3%	; --%	;9	;Disminuir por52.6%	; --%	;208	;Disminuir por6.3%	; --%	;154	;Disminuir por22.2%	; --%	;905	;Disminuir por38.6%	; --%	;771	;Disminuir por45.4%	; --%	;46	;Aumentar por7.0%	; --%	;38	;Aumentar por11.8%	; --%	;
62	;(Sábado)2026/01/31	;7	;Disminuir por56.3%	; --%	;15	;Disminuir por16.7%	; --%	;189	;Disminuir por25.3%	; --%	;123	;Disminuir por45.1%	; --%	;812	;Disminuir por45.4%	; --%	;692	;Disminuir por52.0%	; --%	;33	;Disminuir por21.4%	; --%	;51	;Aumentar por10.9%	; --%	;
63	;(Domingo)2026/02/01	;3	;Disminuir por81.3%	; --%	;11	;Disminuir por60.7%	; --%	;106	;Disminuir por60.4%	; --%	;95	;Disminuir por58.1%	; --%	;713	;Disminuir por57.4%	; --%	;619	;Disminuir por64.6%	; --%	;19	;Disminuir por55.8%	; --%	;27	;Disminuir por41.3%	; --%	;
64	;(Lunes)2026/02/02	;8	;Disminuir por69.2%	; --%	;16	;Disminuir por44.8%	; --%	;185	;Disminuir por16.7%	; --%	;139	;Disminuir por30.2%	; --%	;838	;Disminuir por59.5%	; --%	;765	;Disminuir por63.1%	; --%	;33	;Disminuir por26.7%	; --%	;47	;Aumentar por17.5%	; --%	;
65	;(Martes)2026/02/03	;10	;Disminuir por54.5%	; --%	;16	;Disminuir por54.3%	; --%	;199	;Disminuir por10.0%	; --%	;147	;Disminuir por22.6%	; --%	;805	;Disminuir por60.1%	; --%	;687	;Disminuir por63.0%	; --%	;31	;Aumentar por3.3%	; --%	;58	;Aumentar por93.3%	; --%	;
66	;(Miércoles)2026/02/04	;10	;Disminuir por64.3%	; --%	;14	;Disminuir por63.2%	; --%	;196	;Disminuir por29.0%	; --%	;120	;Disminuir por52.9%	; --%	;744	;Disminuir por64.2%	; --%	;614	;Disminuir por66.5%	; --%	;34	;Disminuir por44.3%	; --%	;59	;Disminuir por19.2%	; --%	;
67	;(Jueves)2026/02/05	;6	;Disminuir por81.3%	; --%	;10	;Disminuir por80.4%	; --%	;97	;Disminuir por68.1%	; --%	;62	;Disminuir por73.6%	; --%	;471	;Disminuir por74.4%	; --%	;441	;Disminuir por75.2%	; --%	;17	;Disminuir por65.3%	; --%	;27	;Disminuir por57.1%	; --%	;
68	;(Viernes)2026/02/06	;5	;Disminuir por82.8%	; --%	;2	;Disminuir por94.4%	; --%	;228	;Disminuir por13.6%	; --%	;141	;Disminuir por43.1%	; --%	;839	;Disminuir por53.3%	; --%	;826	;Disminuir por50.2%	; --%	;60	;Disminuir por3.2%	; --%	;33	;Disminuir por62.9%	; --%	;
69	;(Sábado)2026/02/07	;5	;Disminuir por80.0%	; --%	;13	;Disminuir por68.3%	; --%	;158	;Disminuir por42.1%	; --%	;126	;Disminuir por50.6%	; --%	;845	;Disminuir por52.8%	; --%	;797	;Disminuir por52.7%	; --%	;34	;Disminuir por38.2%	; --%	;35	;Disminuir por37.5%	; --%	;
70	;(Domingo)2026/02/08	;8	;Disminuir por80.5%	; --%	;11	;Disminuir por77.1%	; --%	;144	;Disminuir por50.2%	; --%	;101	;Disminuir por63.1%	; --%	;717	;Disminuir por63.8%	; --%	;697	;Disminuir por63.1%	; --%	;29	;Disminuir por61.3%	; --%	;17	;Disminuir por81.1%	; --%	;
71	;(Lunes)2026/02/09	;12	;Disminuir por36.8%	; --%	;15	;Disminuir por54.5%	; --%	;216	;Disminuir por10.0%	; --%	;191	;Disminuir por13.6%	; --%	;839	;Disminuir por60.2%	; --%	;824	;Disminuir por57.5%	; --%	;37	;Disminuir por24.5%	; --%	;33	;Disminuir por23.3%	; --%	;
72	;(Martes)2026/02/10	;3	;Disminuir por81.3%	; --%	;4	;Disminuir por84.0%	; --%	;216	;Aumentar por1.9%	; --%	;173	;Disminuir por5.5%	; --%	;851	;Disminuir por55.6%	; --%	;829	;Disminuir por47.7%	; --%	;28	;Disminuir por44.0%	; --%	;29	;Disminuir por40.8%	; --%	;
73	;(Miércoles)2026/02/11	;4	;Disminuir por73.3%	; --%	;8	;Disminuir por74.2%	; --%	;237	;Disminuir por19.1%	; --%	;206	;Disminuir por17.9%	; --%	;843	;Disminuir por51.5%	; --%	;786	;Disminuir por50.8%	; --%	;40	;Disminuir por23.1%	; --%	;30	;Disminuir por41.2%	; --%	;
74	;(Jueves)2026/02/12	;10	;Disminuir por70.6%	; --%	;15	;Disminuir por58.3%	; --%	;263	;Aumentar por2.7%	; --%	;209	;Disminuir por12.6%	; --%	;892	;Disminuir por48.1%	; --%	;846	;Disminuir por48.2%	; --%	;82	;Aumentar por54.7%	; --%	;66	;Aumentar por13.8%	; --%	;
75	;(Viernes)2026/02/13	;8	;Disminuir por70.4%	; --%	;7	;Disminuir por81.6%	; --%	;245	;Disminuir por5.0%	; --%	;188	;Disminuir por18.6%	; --%	;943	;Disminuir por49.5%	; --%	;972	;Disminuir por43.7%	; --%	;49	;Disminuir por19.7%	; --%	;54	;Disminuir por11.5%	; --%	;
76	;(Sábado)2026/02/14	;105	;Aumentar por138.6%	; --%	;147	;Aumentar por206.3%	; --%	;221	;Disminuir por7.5%	; --%	;219	;Disminuir por8.8%	; --%	;743	;Disminuir por60.1%	; --%	;767	;Disminuir por55.5%	; --%	;56	;Aumentar por1.8%	; --%	;82	;Aumentar por95.2%	; --%	;
77	;(Domingo)2026/02/15	;7	;Disminuir por77.4%	; --%	;14	;Disminuir por63.2%	; --%	;132	;Disminuir por52.0%	; --%	;110	;Disminuir por58.0%	; --%	;827	;Disminuir por58.5%	; --%	;765	;Disminuir por60.1%	; --%	;24	;Disminuir por44.2%	; --%	;23	;Disminuir por60.3%	; --%	;
78	;(Lunes)2026/02/16	;10	;Disminuir por70.6%	; --%	;13	;Disminuir por74.5%	; --%	;205	;Disminuir por27.3%	; --%	;171	;Disminuir por42.8%	; --%	;953	;Disminuir por60.5%	; --%	;919	;Disminuir por61.3%	; --%	;43	;Disminuir por24.6%	; --%	;33	;Disminuir por56.6%	; --%	;
79	;(Martes)2026/02/17	;48	;Aumentar por108.7%	; --%	;50	;Aumentar por56.3%	; --%	;254	;Sin cambios	; --%	;180	;Disminuir por7.7%	; --%	;895	;Disminuir por61.4%	; --%	;872	;Disminuir por57.6%	; --%	;35	;Disminuir por7.9%	; --%	;39	;Sin cambios	; --%	;
80	;(Miércoles)2026/02/18	;10	;Disminuir por33.3%	; --%	;10	;Disminuir por66.7%	; --%	;227	;Disminuir por11.3%	; --%	;188	;Disminuir por30.4%	; --%	;909	;Disminuir por58.4%	; --%	;906	;Disminuir por55.7%	; --%	;37	;Disminuir por41.3%	; --%	;34	;Disminuir por58.0%	; --%	;
81	;(Jueves)2026/02/19	;36	;Aumentar por33.3%	; --%	;37	;Aumentar por19.4%	; --%	;317	;Aumentar por20.5%	; --%	;264	;Aumentar por0.4%	; --%	;824	;Disminuir por62.1%	; --%	;814	;Disminuir por59.2%	; --%	;47	;Disminuir por9.6%	; --%	;40	;Disminuir por31.0%	; --%	;
82	;(Viernes)2026/02/20	;9	;Disminuir por71.9%	; --%	;11	;Disminuir por74.4%	; --%	;233	;Aumentar por14.2%	; --%	;176	;Disminuir por25.4%	; --%	;1004	;Disminuir por50.5%	; --%	;1030	;Disminuir por42.5%	; --%	;62	;Aumentar por100.0%	; --%	;39	;Disminuir por36.1%	; --%	;
83	;(Sábado)2026/02/21	;17	;Disminuir por39.3%	; --%	;20	;Disminuir por53.5%	; --%	;189	;Disminuir por35.9%	; --%	;138	;Disminuir por56.2%	; --%	;1148	;Disminuir por45.4%	; --%	;1134	;Disminuir por37.1%	; --%	;38	;Disminuir por7.3%	; --%	;23	;Disminuir por64.1%	; --%	;
84	;(Domingo)2026/02/22	;7	;Disminuir por78.8%	; --%	;6	;Disminuir por88.9%	; --%	;127	;Disminuir por51.9%	; --%	;88	;Disminuir por70.6%	; --%	;932	;Disminuir por59.8%	; --%	;880	;Disminuir por56.1%	; --%	;37	;Disminuir por44.8%	; --%	;34	;Disminuir por54.1%	; --%	;
85	;(Lunes)2026/02/23	;12	;Disminuir por62.5%	; --%	;7	;Disminuir por86.0%	; --%	;211	;Aumentar por15.9%	; --%	;131	;Disminuir por41.0%	; --%	;867	;Disminuir por62.4%	; --%	;841	;Disminuir por58.1%	; --%	;47	;Aumentar por104.3%	; --%	;43	;Aumentar por4.9%	; --%	;
86	;(Martes)2026/02/24	;10	;Disminuir por73.7%	; --%	;11	;Disminuir por80.0%	; --%	;206	;Disminuir por6.4%	; --%	;165	;Disminuir por23.3%	; --%	;891	;Disminuir por63.6%	; --%	;822	;Disminuir por55.8%	; --%	;54	;Aumentar por5.9%	; --%	;55	;Disminuir por11.3%	; --%	;
87	;(Miércoles)2026/02/25	;14	;Disminuir por30.0%	; --%	;18	;Disminuir por67.3%	; --%	;202	;Disminuir por24.3%	; --%	;167	;Disminuir por42.2%	; --%	;900	;Disminuir por62.0%	; --%	;881	;Disminuir por56.6%	; --%	;50	;Aumentar por31.6%	; --%	;48	;Disminuir por23.8%	; --%	;
88	;(Jueves)2026/02/26	;10	;Disminuir por76.2%	; --%	;9	;Disminuir por87.1%	; --%	;226	;Disminuir por13.7%	; --%	;188	;Disminuir por22.3%	; --%	;941	;Disminuir por59.2%	; --%	;913	;Disminuir por52.2%	; --%	;45	;Disminuir por40.8%	; --%	;46	;Disminuir por41.0%	; --%	;
89	;(Viernes)2026/02/27	;12	;Disminuir por71.4%	; --%	;10	;Disminuir por83.6%	; --%	;216	;Disminuir por15.3%	; --%	;178	;Disminuir por20.2%	; --%	;921	;Disminuir por60.2%	; --%	;938	;Disminuir por51.2%	; --%	;55	;Disminuir por6.8%	; --%	;49	;Disminuir por12.5%	; --%	;
90	;(Sábado)2026/02/28	;12	;Disminuir por61.3%	; --%	;14	;Disminuir por76.3%	; --%	;154	;Disminuir por43.6%	; --%	;130	;Disminuir por56.2%	; --%	;932	;Disminuir por60.7%	; --%	;792	;Disminuir por60.3%	; --%	;24	;Disminuir por56.4%	; --%	;36	;Disminuir por51.4%	; --%	;
91	;(Domingo)2026/03/01	;3	;Disminuir por88.5%	; --%	;4	;Disminuir por91.3%	; --%	;103	;Disminuir por66.0%	; --%	;88	;Disminuir por70.1%	; --%	;856	;Disminuir por65.9%	; --%	;667	;Disminuir por70.8%	; --%	;29	;Disminuir por52.5%	; --%	;42	;Disminuir por31.1%	; --%	;
92	;(Lunes)2026/03/02	;6	;Disminuir por81.3%	; --%	;8	;Disminuir por86.0%	; --%	;168	;Disminuir por29.7%	; --%	;128	;Disminuir por51.5%	; --%	;818	;Disminuir por70.0%	; --%	;751	;Disminuir por68.8%	; --%	;48	;Disminuir por4.0%	; --%	;54	;Aumentar por14.9%	; --%	;
93	;(Martes)2026/03/03	;2	;Disminuir por92.9%	; --%	;3	;Disminuir por94.2%	; --%	;73	;Disminuir por63.1%	; --%	;68	;Disminuir por66.8%	; --%	;451	;Disminuir por83.0%	; --%	;295	;Disminuir por86.1%	; --%	;24	;Disminuir por52.0%	; --%	;21	;Disminuir por70.8%	; --%	;
94	;(Miércoles)2026/03/04	;11	;Disminuir por76.1%	; --%	;19	;Disminuir por68.9%	; --%	;112	;Disminuir por60.3%	; --%	;91	;Disminuir por65.7%	; --%	;792	;Disminuir por68.7%	; --%	;714	;Disminuir por68.3%	; --%	;37	;Disminuir por30.2%	; --%	;37	;Disminuir por42.2%	; --%	;
95	;(Jueves)2026/03/05	;3	;Disminuir por90.0%	; --%	;3	;Disminuir por94.3%	; --%	;101	;Disminuir por64.4%	; --%	;84	;Disminuir por70.1%	; --%	;803	;Disminuir por66.8%	; --%	;715	;Disminuir por66.4%	; --%	;22	;Disminuir por53.2%	; --%	;23	;Disminuir por71.3%	; --%	;
96	;(Viernes)2026/03/06	;8	;Disminuir por70.4%	; --%	;7	;Disminuir por81.6%	; --%	;157	;Disminuir por38.9%	; --%	;119	;Disminuir por53.1%	; --%	;933	;Disminuir por59.2%	; --%	;824	;Disminuir por58.9%	; --%	;28	;Disminuir por49.1%	; --%	;24	;Disminuir por61.9%	; --%	;
97	;(Sábado)2026/03/07	;4	;Disminuir por90.0%	; --%	;2	;Disminuir por96.3%	; --%	;93	;Disminuir por64.1%	; --%	;89	;Disminuir por69.1%	; --%	;764	;Disminuir por68.9%	; --%	;640	;Disminuir por70.2%	; --%	;5	;Disminuir por89.6%	; --%	;18	;Disminuir por64.7%	; --%	;
98	;(Domingo)2026/03/08	;4	;Disminuir por81.8%	; --%	;8	;Disminuir por81.4%	; --%	;87	;Disminuir por69.0%	; --%	;74	;Disminuir por72.4%	; --%	;694	;Disminuir por73.8%	; --%	;513	;Disminuir por78.0%	; --%	;26	;Disminuir por70.5%	; --%	;27	;Disminuir por65.4%	; --%	;
99	;(Lunes)2026/03/09	;7	;Disminuir por81.6%	; --%	;9	;Disminuir por89.2%	; --%	;164	;Disminuir por36.4%	; --%	;138	;Disminuir por50.5%	; --%	;876	;Disminuir por70.4%	; --%	;675	;Disminuir por75.7%	; --%	;49	;Aumentar por8.9%	; --%	;48	;Disminuir por21.3%	; --%	;
100	;(Martes)2026/03/10	;11	;Disminuir por67.6%	; --%	;19	;Disminuir por74.0%	; --%	;155	;Disminuir por26.2%	; --%	;103	;Disminuir por53.2%	; --%	;887	;Disminuir por65.9%	; --%	;768	;Disminuir por63.4%	; --%	;38	;Disminuir por13.6%	; --%	;44	;Disminuir por6.4%	; --%	;
101	;(Miércoles)2026/03/11	;6	;Disminuir por86.7%	; --%	;8	;Disminuir por90.6%	; --%	;168	;Disminuir por41.5%	; --%	;134	;Disminuir por52.3%	; --%	;895	;Disminuir por64.6%	; --%	;728	;Disminuir por67.7%	; --%	;40	;Disminuir por2.4%	; --%	;36	;Disminuir por43.8%	; --%	;
102	;(Jueves)2026/03/12	;6	;Disminuir por86.0%	; --%	;9	;Disminuir por87.5%	; --%	;161	;Disminuir por34.0%	; --%	;119	;Disminuir por52.0%	; --%	;877	;Disminuir por64.1%	; --%	;664	;Disminuir por69.2%	; --%	;42	;Disminuir por35.4%	; --%	;34	;Disminuir por42.4%	; --%	;
103	;(Viernes)2026/03/13	;24	;Disminuir por38.5%	; --%	;28	;Disminuir por49.1%	; --%	;158	;Disminuir por38.8%	; --%	;141	;Disminuir por48.9%	; --%	;993	;Disminuir por60.8%	; --%	;817	;Disminuir por63.5%	; --%	;72	;Aumentar por9.1%	; --%	;81	;Sin cambios	; --%	;
104	;(Sábado)2026/03/14	;5	;Disminuir por88.6%	; --%	;2	;Disminuir por97.2%	; --%	;158	;Disminuir por44.8%	; --%	;139	;Disminuir por46.5%	; --%	;921	;Disminuir por62.8%	; --%	;775	;Disminuir por64.0%	; --%	;51	;Disminuir por7.3%	; --%	;55	;Disminuir por16.7%	; --%	;
105	;(Domingo)2026/03/15	;39	;Aumentar por21.9%	; --%	;39	;Disminuir por48.0%	; --%	;163	;Disminuir por43.8%	; --%	;104	;Disminuir por63.9%	; --%	;816	;Disminuir por68.6%	; --%	;661	;Disminuir por73.6%	; --%	;27	;Disminuir por42.6%	; --%	;38	;Disminuir por34.5%	; --%	;
106	;(Lunes)2026/03/16	;6	;Disminuir por76.0%	; --%	;11	;Disminuir por87.8%	; --%	;209	;Disminuir por29.9%	; --%	;152	;Disminuir por47.4%	; --%	;944	;Disminuir por69.5%	; --%	;716	;Disminuir por75.4%	; --%	;57	;Aumentar por32.6%	; --%	;49	;Aumentar por11.4%	; --%	;
107	;(Martes)2026/03/17	;3	;Disminuir por90.6%	; --%	;10	;Disminuir por84.6%	; --%	;207	;Disminuir por19.1%	; --%	;163	;Disminuir por29.7%	; --%	;939	;Disminuir por67.8%	; --%	;647	;Disminuir por72.4%	; --%	;66	;Aumentar por88.6%	; --%	;77	;Aumentar por75.0%	; --%	;
108	;(Miércoles)2026/03/18	;7	;Disminuir por84.8%	; --%	;6	;Disminuir por94.9%	; --%	;207	;Disminuir por18.8%	; --%	;168	;Disminuir por30.9%	; --%	;959	;Disminuir por66.9%	; --%	;760	;Disminuir por71.6%	; --%	;40	;Disminuir por18.4%	; --%	;52	;Disminuir por35.8%	; --%	;
109	;(Jueves)2026/03/19	;14	;Disminuir por66.7%	; --%	;24	;Disminuir por73.0%	; --%	;130	;Disminuir por58.7%	; --%	;98	;Disminuir por69.1%	; --%	;818	;Disminuir por71.0%	; --%	;669	;Disminuir por72.9%	; --%	;43	;Disminuir por2.3%	; --%	;51	;Disminuir por27.1%	; --%	;
110	;(Viernes)2026/03/20	;11	;Disminuir por78.8%	; --%	;16	;Disminuir por83.2%	; --%	;205	;Disminuir por33.0%	; --%	;181	;Disminuir por37.2%	; --%	;1053	;Disminuir por63.4%	; --%	;952	;Disminuir por62.0%	; --%	;67	;Aumentar por24.1%	; --%	;63	;Disminuir por18.2%	; --%	;
111	;(Sábado)2026/03/21	;14	;Disminuir por70.8%	; --%	;25	;Disminuir por71.9%	; --%	;148	;Disminuir por44.8%	; --%	;133	;Disminuir por49.4%	; --%	;1088	;Disminuir por64.1%	; --%	;893	;Disminuir por65.9%	; --%	;42	;Disminuir por22.2%	; --%	;44	;Disminuir por53.7%	; --%	;
112	;(Domingo)2026/03/22	;3	;Disminuir por91.9%	; --%	;6	;Disminuir por92.1%	; --%	;154	;Disminuir por46.3%	; --%	;116	;Disminuir por51.9%	; --%	;878	;Disminuir por70.2%	; --%	;685	;Disminuir por72.9%	; --%	;39	;Disminuir por18.8%	; --%	;49	;Disminuir por36.4%	; --%	;
113	;(Lunes)2026/03/23	;5	;Disminuir por86.8%	; --%	;9	;Disminuir por86.6%	; --%	;188	;Disminuir por31.4%	; --%	;142	;Disminuir por49.1%	; --%	;900	;Disminuir por72.1%	; --%	;756	;Disminuir por74.1%	; --%	;45	;Disminuir por21.1%	; --%	;38	;Disminuir por56.3%	; --%	;
114	;(Martes)2026/03/24	;14	;Disminuir por70.8%	; --%	;17	;Disminuir por73.4%	; --%	;233	;Disminuir por5.7%	; --%	;168	;Disminuir por33.9%	; --%	;914	;Disminuir por70.2%	; --%	;700	;Disminuir por72.4%	; --%	;79	;Aumentar por71.7%	; --%	;94	;Aumentar por30.6%	; --%	;
115	;(Miércoles)2026/03/25	;5	;Disminuir por83.3%	; --%	;4	;Disminuir por94.3%	; --%	;104	;Disminuir por61.0%	; --%	;93	;Disminuir por68.8%	; --%	;474	;Disminuir por85.3%	; --%	;449	;Disminuir por84.3%	; --%	;34	;Disminuir por30.6%	; --%	;30	;Disminuir por62.0%	; --%	;
116	;(Jueves)2026/03/26	;12	;Disminuir por70.0%	; --%	;39	;Disminuir por53.0%	; --%	;231	;Disminuir por19.8%	; --%	;178	;Disminuir por39.9%	; --%	;1048	;Disminuir por66.4%	; --%	;838	;Disminuir por69.0%	; --%	;85	;Aumentar por32.8%	; --%	;96	;Aumentar por6.7%	; --%	;
117	;(Viernes)2026/03/27	;53	;Aumentar por15.2%	; --%	;140	;Aumentar por105.9%	; --%	;275	;Disminuir por12.1%	; --%	;239	;Disminuir por20.3%	; --%	;1090	;Disminuir por65.5%	; --%	;945	;Disminuir por65.1%	; --%	;100	;Aumentar por143.9%	; --%	;147	;Aumentar por107.0%	; --%	;
118	;(Sábado)2026/03/28	;33	;Disminuir por10.8%	; --%	;87	;Disminuir por2.2%	; --%	;250	;Disminuir por18.6%	; --%	;197	;Disminuir por33.0%	; --%	;1242	;Disminuir por59.1%	; --%	;1033	;Disminuir por62.7%	; --%	;64	;Disminuir por13.5%	; --%	;121	;Aumentar por31.5%	; --%	;
119	;(Domingo)2026/03/29	;39	;Disminuir por22.0%	; --%	;103	;Aumentar por56.1%	; --%	;160	;Disminuir por37.3%	; --%	;133	;Disminuir por45.5%	; --%	;1210	;Disminuir por62.4%	; --%	;965	;Disminuir por67.0%	; --%	;252	;Aumentar por404.0%	; --%	;326	;Aumentar por462.1%	; --%	;
120	;(Lunes)2026/03/30	;39	;Aumentar por5.4%	; --%	;59	;Disminuir por6.3%	; --%	;250	;Disminuir por8.4%	; --%	;191	;Disminuir por34.6%	; --%	;1458	;Disminuir por56.2%	; --%	;1162	;Disminuir por61.0%	; --%	;109	;Aumentar por147.7%	; --%	;119	;Aumentar por95.1%	; --%	;
121	;(Martes)2026/03/31	;20	;Disminuir por13.0%	; --%	;56	;Aumentar por40.0%	; --%	;269	;Aumentar por18.0%	; --%	;206	;Disminuir por5.9%	; --%	;1435	;Disminuir por49.9%	; --%	;1168	;Disminuir por52.2%	; --%	;97	;Aumentar por212.9%	; --%	;103	;Aumentar por164.1%	; --%	;
122	;(Miércoles)2026/04/01	;24	;Disminuir por53.8%	; --%	;84	;Aumentar por21.7%	; --%	;313	;Aumentar por21.3%	; --%	;248	;Disminuir por16.2%	; --%	;1557	;Disminuir por47.4%	; --%	;1405	;Disminuir por46.9%	; --%	;103	;Aumentar por106.0%	; --%	;121	;Aumentar por92.1%	; --%	;
123	;(Jueves)2026/04/02	;40	;Sin cambios	; --%	;99	;Aumentar por80.0%	; --%	;279	;Disminuir por6.7%	; --%	;257	;Disminuir por4.1%	; --%	;1958	;Disminuir por27.5%	; --%	;1868	;Disminuir por20.3%	; --%	;79	;Aumentar por88.1%	; --%	;117	;Aumentar por98.3%	; --%	;
124	;(Viernes)2026/04/03	;25	;Disminuir por21.9%	; --%	;37	;Disminuir por37.3%	; --%	;324	;Aumentar por8.0%	; --%	;254	;Disminuir por24.6%	; --%	;2138	;Disminuir por22.7%	; --%	;1853	;Disminuir por22.6%	; --%	;74	;Aumentar por45.1%	; --%	;87	;Aumentar por31.8%	; --%	;
125	;(Sábado)2026/04/04	;33	;Aumentar por13.8%	; --%	;50	;Aumentar por13.6%	; --%	;361	;Aumentar por38.8%	; --%	;297	;Aumentar por4.9%	; --%	;2305	;Disminuir por21.6%	; --%	;1828	;Disminuir por28.8%	; --%	;82	;Aumentar por110.3%	; --%	;80	;Aumentar por66.7%	; --%	;
126	;(Domingo)2026/04/05	;32	;Disminuir por13.5%	; --%	;35	;Disminuir por22.2%	; --%	;248	;Disminuir por15.1%	; --%	;195	;Disminuir por29.6%	; --%	;2097	;Disminuir por25.4%	; --%	;1562	;Disminuir por38.6%	; --%	;49	;Aumentar por2.1%	; --%	;44	;Disminuir por29.0%	; --%	;
127	;(Lunes)2026/04/06	;12	;Disminuir por58.6%	; --%	;24	;Disminuir por66.7%	; --%	;288	;Aumentar por1.1%	; --%	;196	;Disminuir por15.5%	; --%	;1680	;Disminuir por38.3%	; --%	;1105	;Disminuir por52.4%	; --%	;51	;Aumentar por15.9%	; --%	;56	;Aumentar por21.7%	; --%	;
128	;(Martes)2026/04/07	;9	;Disminuir por60.9%	; --%	;26	;Disminuir por42.2%	; --%	;286	;Aumentar por48.2%	; --%	;207	;Aumentar por8.4%	; --%	;1372	;Disminuir por44.3%	; --%	;1088	;Disminuir por39.5%	; --%	;87	;Aumentar por102.3%	; --%	;65	;Aumentar por58.5%	; --%	;
129	;(Miércoles)2026/04/08	;24	;Disminuir por25.0%	; --%	;36	;Disminuir por43.8%	; --%	;242	;Aumentar por0.4%	; --%	;219	;Disminuir por9.9%	; --%	;1260	;Disminuir por48.0%	; --%	;1005	;Disminuir por52.1%	; --%	;62	;Aumentar por77.1%	; --%	;59	;Aumentar por7.3%	; --%	;
130	;(Jueves)2026/04/09	;13	;Disminuir por67.5%	; --%	;41	;Disminuir por32.8%	; --%	;237	;Aumentar por4.9%	; --%	;216	;Disminuir por3.1%	; --%	;1295	;Disminuir por45.1%	; --%	;1064	;Disminuir por47.4%	; --%	;71	;Aumentar por57.8%	; --%	;64	;Disminuir por7.2%	; --%	;
131	;(Viernes)2026/04/10	;15	;Disminuir por58.3%	; --%	;46	;Aumentar por9.5%	; --%	;279	;Aumentar por35.4%	; --%	;226	;Aumentar por16.5%	; --%	;1343	;Disminuir por41.3%	; --%	;1133	;Disminuir por38.4%	; --%	;71	;Aumentar por121.9%	; --%	;76	;Aumentar por26.7%	; --%	;
132	;(Sábado)2026/04/11	;26	;Disminuir por7.1%	; --%	;43	;Aumentar por19.4%	; --%	;212	;Disminuir por5.8%	; --%	;172	;Disminuir por18.1%	; --%	;1303	;Disminuir por41.2%	; --%	;1137	;Disminuir por38.3%	; --%	;61	;Aumentar por22.0%	; --%	;58	;Disminuir por18.3%	; --%	;
133	;(Domingo)2026/04/12	;26	;Disminuir por21.2%	; --%	;54	;Disminuir por1.8%	; --%	;194	;Disminuir por20.5%	; --%	;126	;Disminuir por45.7%	; --%	;1267	;Disminuir por43.7%	; --%	;1112	;Disminuir por40.8%	; --%	;46	;Aumentar por27.8%	; --%	;60	;Aumentar por20.0%	; --%	;
134	;(Lunes)2026/04/13	;28	;Aumentar por21.7%	; --%	;61	;Aumentar por24.5%	; --%	;188	;Disminuir por4.1%	; --%	;161	;Disminuir por19.5%	; --%	;997	;Disminuir por56.3%	; --%	;759	;Disminuir por58.0%	; --%	;73	;Aumentar por55.3%	; --%	;86	;Aumentar por41.0%	; --%	;
135	;(Martes)2026/04/14	;22	;Aumentar por29.4%	; --%	;55	;Aumentar por77.4%	; --%	;201	;Aumentar por10.4%	; --%	;145	;Disminuir por11.0%	; --%	;1060	;Disminuir por47.4%	; --%	;773	;Disminuir por49.1%	; --%	;81	;Aumentar por237.5%	; --%	;80	;Aumentar por66.7%	; --%	;
136	;(Miércoles)2026/04/15	;24	;Disminuir por4.0%	; --%	;54	;Aumentar por80.0%	; --%	;247	;Aumentar por24.1%	; --%	;164	;Disminuir por23.7%	; --%	;1059	;Disminuir por45.7%	; --%	;795	;Disminuir por53.7%	; --%	;72	;Aumentar por148.3%	; --%	;73	;Aumentar por43.1%	; --%	;
137	;(Jueves)2026/04/16	;26	;Aumentar por18.2%	; --%	;45	;Aumentar por73.1%	; --%	;234	;Aumentar por12.5%	; --%	;191	;Disminuir por4.5%	; --%	;1045	;Disminuir por40.6%	; --%	;794	;Disminuir por47.0%	; --%	;107	;Aumentar por296.3%	; --%	;105	;Aumentar por123.4%	; --%	;
138	;(Viernes)2026/04/17	;33	;Aumentar por83.3%	; --%	;61	;Aumentar por64.9%	; --%	;263	;Aumentar por17.9%	; --%	;222	;Aumentar por13.3%	; --%	;1151	;Disminuir por37.4%	; --%	;1014	;Disminuir por29.4%	; --%	;81	;Aumentar por107.7%	; --%	;68	;Aumentar por7.9%	; --%	;
139	;(Sábado)2026/04/18	;21	;Disminuir por30.0%	; --%	;46	;Aumentar por43.8%	; --%	;186	;Disminuir por2.1%	; --%	;179	;Disminuir por4.3%	; --%	;1174	;Disminuir por35.5%	; --%	;968	;Disminuir por32.7%	; --%	;78	;Aumentar por151.6%	; --%	;92	;Aumentar por80.4%	; --%	;
140	;(Domingo)2026/04/19	;64	;Aumentar por68.4%	; --%	;126	;Aumentar por186.4%	; --%	;184	;Disminuir por18.6%	; --%	;141	;Disminuir por38.4%	; --%	;1067	;Disminuir por42.5%	; --%	;887	;Disminuir por38.9%	; --%	;98	;Aumentar por476.5%	; --%	;154	;Aumentar por305.3%	; --%	;
141	;(Lunes)2026/04/20	;9	;Disminuir por73.5%	; --%	;27	;Disminuir por27.0%	; --%	;179	;Aumentar por14.7%	; --%	;161	;Aumentar por1.3%	; --%	;1004	;Disminuir por48.6%	; --%	;814	;Disminuir por47.3%	; --%	;67	;Aumentar por123.3%	; --%	;57	;Aumentar por3.6%	; --%	;
142	;(Martes)2026/04/21	;17	;Disminuir por37.0%	; --%	;36	;Aumentar por20.0%	; --%	;190	;Aumentar por18.8%	; --%	;164	;Disminuir por2.4%	; --%	;960	;Disminuir por45.6%	; --%	;840	;Disminuir por31.9%	; --%	;70	;Aumentar por150.0%	; --%	;84	;Aumentar por86.7%	; --%	;
143	;(Miércoles)2026/04/22	;9	;Disminuir por62.5%	; --%	;15	;Disminuir por16.7%	; --%	;235	;Aumentar por47.8%	; --%	;164	;Disminuir por21.2%	; --%	;982	;Disminuir por39.9%	; --%	;970	;Disminuir por23.2%	; --%	;49	;Aumentar por122.7%	; --%	;56	;Aumentar por40.0%	; --%	;
144	;(Jueves)2026/04/23	;21	;Disminuir por34.4%	;Aumentar por250.0%	;18	;Disminuir por35.7%	;Aumentar por350.0%	;222	;Aumentar por29.1%	;Aumentar por362.5%	;190	;Disminuir por7.8%	;Aumentar por287.8%	;1167	;Disminuir por22.8%	;Aumentar por209.5%	;1093	;Disminuir por6.8%	;Aumentar por139.2%	;57	;Aumentar por46.2%	;Aumentar por418.2%	;52	;Disminuir por7.1%	;Aumentar por173.7%	;
145	;(Viernes)2026/04/24	;6	;Disminuir por79.3%	;Disminuir por60.0%	;22	;Disminuir por21.4%	;Aumentar por57.1%	;218	;Aumentar por19.8%	;Disminuir por25.1%	;238	;Aumentar por17.2%	;Aumentar por12.3%	;1222	;Disminuir por26.2%	;Disminuir por13.5%	;1157	;Disminuir por13.0%	;Disminuir por14.1%	;61	;Aumentar por52.5%	;Aumentar por38.6%	;61	;Aumentar por19.6%	;Aumentar por69.4%	;
146	;(Sábado)2026/04/25	;10	;Disminuir por68.8%	;Disminuir por47.4%	;21	;Disminuir por46.2%	;Aumentar por31.3%	;180	;Disminuir por0.6%	;Disminuir por35.3%	;175	;Disminuir por9.3%	;Disminuir por19.7%	;1239	;Disminuir por28.0%	;Disminuir por13.4%	;1114	;Disminuir por21.5%	;Disminuir por21.7%	;24	;Disminuir por48.9%	;Disminuir por41.5%	;34	;Disminuir por43.3%	;Disminuir por19.0%	;
147	;(Domingo)2026/04/26	;27	;Disminuir por41.3%	;Aumentar por8.0%	;43	;Disminuir por21.8%	;Aumentar por152.9%	;133	;Disminuir por35.1%	;Disminuir por32.5%	;104	;Disminuir por46.1%	;Disminuir por40.2%	;961	;Disminuir por48.6%	;Disminuir por31.6%	;669	;Disminuir por56.6%	;Disminuir por50.7%	;35	;Disminuir por23.9%	;Aumentar por20.7%	;33	;Disminuir por50.7%	;Disminuir por13.2%	;
148	;(Lunes)2026/04/27	;18	;Disminuir por64.7%	;Disminuir por41.9%	;40	;Disminuir por18.4%	;Aumentar por53.8%	;205	;Aumentar por12.0%	;Disminuir por14.6%	;188	;Aumentar por9.9%	;Aumentar por16.8%	;1178	;Disminuir por42.5%	;Disminuir por24.1%	;905	;Disminuir por42.5%	;Disminuir por38.1%	;56	;Aumentar por124.0%	;Aumentar por30.2%	;54	;Aumentar por22.7%	;Aumentar por38.5%	;
149	;(Martes)2026/04/28	;14	;Disminuir por57.6%	;Aumentar por75.0%	;42	;Aumentar por5.0%	;Aumentar por320.0%	;250	;Aumentar por85.2%	;Aumentar por220.5%	;203	;Aumentar por28.5%	;Aumentar por322.9%	;1044	;Disminuir por35.4%	;Aumentar por108.8%	;837	;Disminuir por24.5%	;Aumentar por133.8%	;84	;Aumentar por189.7%	;Aumentar por425.0%	;80	;Aumentar por105.1%	;Aumentar por471.4%	;
150	;(Miércoles)2026/04/29	;19	;Disminuir por5.0%	;Aumentar por137.5%	;38	;Aumentar por31.0%	;Aumentar por533.3%	;241	;Aumentar por28.2%	;Aumentar por79.9%	;212	;Aumentar por17.1%	;Aumentar por82.8%	;1113	;Disminuir por29.6%	;Aumentar por66.6%	;985	;Disminuir por23.6%	;Aumentar por22.7%	;74	;Aumentar por184.6%	;Aumentar por428.6%	;78	;Aumentar por50.0%	;Aumentar por310.5%	;
151	;(Jueves)2026/04/30	;55	;Aumentar por89.7%	;Aumentar por292.9%	;67	;Aumentar por109.4%	;Aumentar por644.4%	;227	;Aumentar por10.2%	;Aumentar por8.1%	;251	;Aumentar por23.6%	;Aumentar por13.1%	;1258	;Disminuir por17.5%	;Disminuir por2.1%	;1129	;Disminuir por10.6%	;Disminuir por14.9%	;72	;Aumentar por24.1%	;Aumentar por50.0%	;77	;Aumentar por22.2%	;Aumentar por87.8%	;
152	;(Viernes)2026/05/01	;19	;Disminuir por44.1%	;Disminuir por26.9%	;30	;Disminuir por26.8%	;Aumentar por11.1%	;158	;Disminuir por20.2%	;Aumentar por0.6%	;150	;Disminuir por26.8%	;Disminuir por23.9%	;1382	;Disminuir por12.5%	;Disminuir por7.2%	;1296	;Aumentar por3.8%	;Disminuir por18.0%	;46	;Aumentar por27.8%	;Aumentar por53.3%	;49	;Disminuir por10.9%	;Aumentar por40.0%	;
153	;(Sábado)2026/05/02	;31	;Aumentar por82.4%	; --%	;25	;Disminuir por7.4%	;Aumentar por1150.0%	;178	;Disminuir por14.0%	;Aumentar por2866.7%	;166	;Disminuir por10.3%	;Aumentar por5433.3%	;1610	;Aumentar por2.3%	;Aumentar por2827.3%	;1369	;Aumentar por8.0%	;Aumentar por3410.3%	;50	;Aumentar por47.1%	;Aumentar por4900.0%	;51	;Sin cambios	; --%	;
154	;(Domingo)2026/05/03	;10	;Disminuir por64.3%	; --%	;22	;Disminuir por43.6%	; --%	;167	;Disminuir por28.3%	; --%	;109	;Disminuir por47.1%	; --%	;1350	;Disminuir por18.6%	; --%	;940	;Disminuir por30.1%	; --%	;31	;Disminuir por16.2%	; --%	;30	;Disminuir por55.2%	; --%	;
155	;(Lunes)2026/05/04	;4	;Disminuir por75.0%	; --%	;12	;Disminuir por60.0%	; --%	;189	;Aumentar por16.7%	; --%	;185	;Aumentar por10.8%	; --%	;1026	;Disminuir por41.7%	; --%	;898	;Disminuir por36.0%	; --%	;39	;Aumentar por50.0%	; --%	;39	;Disminuir por13.3%	; --%	;
156	;(Martes)2026/05/05	;3	;Disminuir por88.9%	; --%	;12	;Disminuir por62.5%	; --%	;212	;Aumentar por48.3%	; --%	;190	;Aumentar por52.0%	; --%	;1027	;Disminuir por31.7%	; --%	;880	;Disminuir por14.5%	; --%	;63	;Aumentar por173.9%	; --%	;60	;Aumentar por39.5%	; --%	;
157	;(Miércoles)2026/05/06	;19	;Disminuir por24.0%	;Aumentar por111.1%	;30	;Aumentar por15.4%	;Aumentar por500.0%	;226	;Aumentar por29.9%	;Aumentar por82.3%	;199	;Aumentar por23.6%	;Aumentar por70.1%	;1093	;Disminuir por30.0%	;Aumentar por91.8%	;873	;Disminuir por28.1%	;Aumentar por30.3%	;78	;Aumentar por77.3%	;Aumentar por290.0%	;64	;Disminuir por9.9%	;Aumentar por146.2%	;
158	;(Jueves)2026/05/07	;15	;Disminuir por25.0%	;Disminuir por21.1%	;22	;Aumentar por22.2%	;Aumentar por57.1%	;247	;Aumentar por24.1%	;Aumentar por13.8%	;186	;Disminuir por7.9%	;Disminuir por13.5%	;1062	;Disminuir por25.4%	;Disminuir por8.3%	;924	;Disminuir por19.4%	;Disminuir por18.5%	;82	;Aumentar por67.3%	;Aumentar por105.0%	;73	;Aumentar por4.3%	;Aumentar por97.3%	;
159	;(Viernes)2026/05/08	;10	;Disminuir por66.7%	;Disminuir por41.2%	;25	;Aumentar por38.9%	;Aumentar por56.3%	;241	;Aumentar por35.4%	;Aumentar por17.6%	;179	;Aumentar por6.5%	;Disminuir por17.5%	;1172	;Disminuir por19.0%	;Aumentar por3.4%	;1005	;Disminuir por12.7%	;Disminuir por4.2%	;80	;Aumentar por150.0%	;Aumentar por122.2%	;64	;Aumentar por23.1%	;Aumentar por156.0%	;
160	;(Sábado)2026/05/09	;7	;Disminuir por69.6%	;Disminuir por41.7%	;4	;Disminuir por81.8%	;Disminuir por63.6%	;134	;Disminuir por29.1%	;Disminuir por12.4%	;110	;Disminuir por36.8%	;Disminuir por27.6%	;1014	;Disminuir por27.4%	;Disminuir por3.2%	;920	;Disminuir por17.0%	;Disminuir por10.7%	;28	;Disminuir por30.0%	;Disminuir por33.3%	;23	;Disminuir por68.5%	;Disminuir por14.8%	;
161	;(Domingo)2026/05/10	;11	;Disminuir por65.6%	;Aumentar por83.3%	;19	;Disminuir por5.0%	;Aumentar por90.0%	;133	;Disminuir por35.7%	;Aumentar por13.7%	;116	;Disminuir por39.3%	;Disminuir por25.2%	;1054	;Disminuir por25.8%	;Disminuir por9.2%	;871	;Disminuir por23.9%	;Disminuir por20.5%	;52	;Aumentar por48.6%	;Aumentar por188.9%	;58	;Disminuir por1.7%	;Aumentar por262.5%	;
162	;(Lunes)2026/05/11	;14	;Disminuir por39.1%	;Disminuir por36.4%	;21	;Aumentar por5.0%	;Aumentar por50.0%	;221	;Aumentar por30.8%	;Aumentar por87.3%	;170	;Aumentar por25.9%	;Aumentar por53.2%	;1110	;Disminuir por24.8%	;Aumentar por9.1%	;887	;Disminuir por19.5%	;Disminuir por2.8%	;58	;Aumentar por262.5%	;Aumentar por152.2%	;59	;Aumentar por31.1%	;Aumentar por168.2%	;
163	;(Martes)2026/05/12	;21	;Disminuir por25.0%	;Aumentar por75.0%	;27	;Aumentar por35.0%	;Aumentar por145.5%	;206	;Aumentar por49.3%	;Aumentar por15.1%	;169	;Aumentar por56.5%	;Disminuir por1.7%	;966	;Disminuir por17.0%	;Disminuir por12.7%	;777	;Disminuir por2.4%	;Disminuir por24.9%	;71	;Aumentar por491.7%	;Aumentar por77.5%	;59	;Aumentar por103.4%	;Aumentar por25.5%	;
164	;(Miércoles)2026/05/13	;12	;Disminuir por50.0%	;Disminuir por50.0%	;15	;Disminuir por50.0%	;Disminuir por11.8%	;193	;Aumentar por157.3%	;Disminuir por1.5%	;164	;Aumentar por86.4%	;Disminuir por15.5%	;967	;Aumentar por24.9%	;Disminuir por9.7%	;895	;Aumentar por44.4%	;Disminuir por15.4%	;51	;Aumentar por628.6%	;Aumentar por30.8%	;55	;Aumentar por189.5%	;Aumentar por66.7%	;
165	;(Jueves)2026/05/14	;17	;Disminuir por39.3%	;Disminuir por26.1%	;17	;Disminuir por22.7%	;Disminuir por5.6%	;241	;Aumentar por41.8%	;Aumentar por39.3%	;185	;Aumentar por12.8%	;Aumentar por2.8%	;1230	;Aumentar por8.6%	;Aumentar por18.2%	;1065	;Aumentar por15.8%	;Aumentar por4.1%	;67	;Aumentar por168.0%	;Aumentar por123.3%	;80	;Aumentar por40.4%	;Aumentar por158.1%	;
166	;(Viernes)2026/05/15	;24	;Aumentar por14.3%	;Aumentar por20.0%	;13	;Disminuir por60.6%	;Sin cambios	;230	;Aumentar por26.4%	;Aumentar por27.1%	;194	;Aumentar por19.0%	;Aumentar por0.5%	;1394	;Aumentar por25.4%	;Aumentar por24.2%	;1243	;Aumentar por38.3%	;Aumentar por14.0%	;62	;Aumentar por67.6%	;Aumentar por21.6%	;74	;Aumentar por48.0%	;Aumentar por57.4%	;
167	;(Sábado)2026/05/16	;9	;Disminuir por62.5%	;Disminuir por35.7%	;14	;Disminuir por30.0%	;Aumentar por40.0%	;211	;Aumentar por14.7%	;Disminuir por1.4%	;181	;Aumentar por13.8%	;Disminuir por2.2%	;1420	;Aumentar por25.7%	;Aumentar por18.3%	;1152	;Aumentar por18.9%	;Disminuir por5.5%	;52	;Aumentar por52.9%	;Disminuir por11.9%	;52	;Aumentar por13.0%	;Aumentar por13.0%	;
168	;(Domingo)2026/05/17	;10	;Disminuir por47.4%	;Disminuir por54.5%	;18	;Disminuir por21.7%	;Disminuir por21.7%	;169	;Aumentar por6.3%	;Aumentar por15.8%	;145	;Disminuir por8.2%	;Disminuir por1.4%	;1207	;Aumentar por1.6%	;Disminuir por3.1%	;921	;Disminuir por6.9%	;Disminuir por23.5%	;85	;Aumentar por88.9%	;Aumentar por93.2%	;114	;Aumentar por96.6%	;Aumentar por178.0%	;
169	;(Lunes)2026/05/18	;19	;Disminuir por26.9%	;Aumentar por216.7%	;24	;Disminuir por11.1%	;Aumentar por300.0%	;229	;Aumentar por77.5%	;Aumentar por73.5%	;196	;Aumentar por43.1%	;Aumentar por83.2%	;1143	;Disminuir por7.0%	;Aumentar por4.6%	;1015	;Aumentar por10.3%	;Aumentar por5.8%	;76	;Aumentar por181.5%	;Aumentar por216.7%	;75	;Aumentar por41.5%	;Aumentar por240.9%	;
170	;(Martes)2026/05/19	;23	;Aumentar por21.1%	;Aumentar por9.5%	;16	;Disminuir por23.8%	;Disminuir por11.1%	;247	;Aumentar por83.0%	;Aumentar por21.7%	;219	;Aumentar por81.0%	;Aumentar por14.1%	;1129	;Aumentar por6.9%	;Aumentar por0.5%	;946	;Aumentar por20.2%	;Disminuir por13.0%	;47	;Aumentar por135.0%	;Aumentar por4.4%	;62	;Aumentar por31.9%	;Aumentar por44.2%	;
171	;(Miércoles)2026/05/20	;10	;Disminuir por47.4%	;Disminuir por9.1%	;13	;Disminuir por31.6%	;Disminuir por27.8%	;238	;Aumentar por36.8%	;Aumentar por36.0%	;211	;Aumentar por17.2%	;Aumentar por42.6%	;1119	;Aumentar por3.9%	;Aumentar por16.3%	;930	;Aumentar por4.0%	;Aumentar por2.0%	;68	;Aumentar por25.9%	;Aumentar por142.9%	;71	;Disminuir por22.0%	;Aumentar por115.2%	;
172	;(Jueves)2026/05/21	;22	;Aumentar por120.0%	;Disminuir por12.0%	;25	;Aumentar por66.7%	;Aumentar por25.0%	;246	;Aumentar por56.7%	;Aumentar por7.9%	;198	;Aumentar por29.4%	;Aumentar por11.2%	;1092	;Aumentar por2.8%	;Disminuir por0.4%	;818	;Disminuir por10.6%	;Disminuir por22.8%	;83	;Aumentar por107.5%	;Aumentar por118.4%	;79	;Aumentar por41.1%	;Aumentar por107.9%	;
173	;(Viernes)2026/05/22	;18	;Disminuir por25.0%	;Aumentar por38.5%	;24	;Aumentar por9.1%	;Aumentar por166.7%	;261	;Aumentar por96.2%	;Aumentar por15.0%	;221	;Aumentar por88.9%	;Aumentar por0.5%	;1226	;Aumentar por26.0%	;Aumentar por6.1%	;1003	;Aumentar por25.8%	;Disminuir por10.4%	;85	;Aumentar por240.0%	;Aumentar por80.9%	;85	;Aumentar por150.0%	;Aumentar por73.5%	;
174	;(Sábado)2026/05/23	;11	;Disminuir por31.3%	;Sin cambios	;12	;Disminuir por25.0%	;Aumentar por20.0%	;211	;Aumentar por174.0%	;Disminuir por9.1%	;194	;Aumentar por139.5%	;Aumentar por3.2%	;1234	;Aumentar por73.6%	;Aumentar por0.7%	;944	;Aumentar por56.0%	;Disminuir por24.1%	;54	;Aumentar por80.0%	;Aumentar por28.6%	;81	;Aumentar por145.5%	;Aumentar por125.0%	;
175	;(Domingo)2026/05/24	;17	;Disminuir por29.2%	;Disminuir por32.0%	;15	;Disminuir por37.5%	;Disminuir por21.1%	;199	;Aumentar por44.2%	;Aumentar por20.6%	;164	;Aumentar por18.0%	;Disminuir por5.2%	;1287	;Aumentar por5.4%	;Disminuir por5.4%	;893	;Disminuir por8.7%	;Disminuir por31.1%	;41	;Disminuir por22.6%	;Aumentar por95.2%	;59	;Disminuir por15.7%	;Aumentar por136.0%	;
176	;(Lunes)2026/05/25	;17	;Disminuir por34.6%	;Disminuir por15.0%	;22	;Disminuir por45.0%	;Aumentar por29.4%	;266	;Aumentar por163.4%	;Aumentar por92.8%	;195	;Aumentar por48.9%	;Aumentar por99.0%	;1282	;Aumentar por29.0%	;Aumentar por3.3%	;958	;Aumentar por27.2%	;Disminuir por13.6%	;58	;Aumentar por346.2%	;Aumentar por75.8%	;68	;Aumentar por142.9%	;Aumentar por151.9%	;
177	;(Martes)2026/05/26	;17	;Aumentar por142.9%	;Aumentar por13.3%	;19	;Aumentar por26.7%	;Aumentar por90.0%	;235	;Aumentar por142.3%	;Aumentar por1.7%	;173	;Aumentar por71.3%	;Disminuir por14.8%	;1126	;Aumentar por42.0%	;Disminuir por3.3%	;839	;Aumentar por41.7%	;Disminuir por25.4%	;62	;Aumentar por226.3%	;Aumentar por47.6%	;65	;Aumentar por132.1%	;Aumentar por47.7%	;
178	;(Miércoles)2026/05/27	;35	;Aumentar por250.0%	;Aumentar por59.1%	;27	;Aumentar por107.7%	;Aumentar por107.7%	;238	;Aumentar por67.6%	;Aumentar por19.6%	;211	;Aumentar por64.8%	;Aumentar por5.0%	;1155	;Aumentar por13.7%	;Disminuir por0.1%	;888	;Aumentar por3.9%	;Disminuir por18.6%	;70	;Aumentar por400.0%	;Aumentar por70.7%	;72	;Aumentar por71.4%	;Aumentar por100.0%	;
179	;(Jueves)2026/05/28	;16	;Aumentar por23.1%	;Disminuir por42.9%	;23	;Aumentar por91.7%	;Aumentar por35.3%	;253	;Aumentar por51.5%	;Aumentar por7.2%	;215	;Aumentar por18.8%	;Aumentar por4.4%	;1178	;Aumentar por18.2%	;Disminuir por2.8%	;921	;Aumentar por9.5%	;Disminuir por22.5%	;68	;Aumentar por88.9%	;Aumentar por51.1%	;67	;Aumentar por3.1%	;Aumentar por63.4%	;
180	;(Viernes)2026/05/29	;20	;Disminuir por20.0%	;Disminuir por4.8%	;19	;Disminuir por48.6%	;Disminuir por5.0%	;243	;Aumentar por38.9%	;Disminuir por2.0%	;220	;Aumentar por27.2%	;Aumentar por13.4%	;1154	;Aumentar por16.0%	;Disminuir por8.1%	;963	;Aumentar por12.8%	;Disminuir por20.7%	;91	;Aumentar por175.8%	;Aumentar por78.4%	;85	;Aumentar por49.1%	;Aumentar por123.7%	;
181	;(Sábado)2026/05/30	;22	;Aumentar por37.5%	;Aumentar por29.4%	;23	;Aumentar por53.3%	;Aumentar por64.3%	;205	;Aumentar por9.0%	;Disminuir por10.9%	;196	;Aumentar por17.4%	;Disminuir por12.5%	;1265	;Aumentar por15.9%	;Disminuir por8.2%	;1174	;Aumentar por17.3%	;Disminuir por16.6%	;47	;Aumentar por62.1%	;Disminuir por11.3%	;42	;Disminuir por17.6%	;Aumentar por10.5%	;
182	;(Domingo)2026/05/31	;22	;Aumentar por83.3%	;Sin cambios	;17	;Sin cambios	;Disminuir por46.9%	;215	;Aumentar por7.5%	;Aumentar por26.5%	;177	;Disminuir por4.3%	;Disminuir por2.2%	;1281	;Aumentar por18.9%	;Disminuir por23.3%	;1046	;Aumentar por8.1%	;Disminuir por35.1%	;32	;Aumentar por3.2%	;Disminuir por17.9%	;45	;Disminuir por11.8%	;Aumentar por66.7%	;
183	;(Lunes)2026/06/01	;0	;Disminuir por100.0%	;Disminuir por100.0%	;0	;Disminuir por100.0%	;Disminuir por100.0%	;28	;Disminuir por81.8%	;Disminuir por83.0%	;11	;Disminuir por92.8%	;Disminuir por91.5%	;114	;Disminuir por89.8%	;Disminuir por92.3%	;85	;Disminuir por90.9%	;Disminuir por93.4%	;4	;Disminuir por75.0%	;Disminuir por90.5%	;5	;Disminuir por88.4%	;Disminuir por89.8%	;
184	;(Martes)2026/06/02	;39	;Aumentar por290.0%	;Aumentar por143.8%	;32	;Aumentar por146.2%	;Aumentar por77.8%	;250	;Aumentar por92.3%	;Aumentar por12.6%	;220	;Aumentar por122.2%	;Aumentar por8.4%	;1233	;Aumentar por29.5%	;Disminuir por7.6%	;1061	;Aumentar por37.3%	;Disminuir por20.0%	;64	;Aumentar por300.0%	;Aumentar por64.1%	;76	;Aumentar por100.0%	;Aumentar por72.7%	;
185	;(Miércoles)2026/06/03	;31	;Aumentar por158.3%	;Aumentar por158.3%	;33	;Aumentar por200.0%	;Aumentar por175.0%	;271	;Aumentar por49.7%	;Aumentar por32.8%	;210	;Aumentar por12.3%	;Aumentar por12.3%	;1267	;Aumentar por19.3%	;Aumentar por0.2%	;1074	;Aumentar por25.8%	;Disminuir por11.5%	;80	;Aumentar por207.7%	;Aumentar por135.3%	;103	;Aumentar por90.7%	;Aumentar por171.1%	;
186	;(Jueves)2026/06/04	;14	;Aumentar por75.0%	;Disminuir por12.5%	;23	;Aumentar por91.7%	;Aumentar por27.8%	;246	;Aumentar por33.0%	;Aumentar por4.7%	;225	;Aumentar por30.8%	;Aumentar por2.3%	;1301	;Aumentar por26.2%	;Aumentar por9.1%	;1222	;Aumentar por35.3%	;Aumentar por4.6%	;70	;Aumentar por66.7%	;Aumentar por89.2%	;58	;Disminuir por6.5%	;Aumentar por56.8%	;
187	;(Viernes)2026/06/05	;19	;Aumentar por11.8%	;Aumentar por18.8%	;17	;Aumentar por13.3%	;Disminuir por15.0%	;223	;Aumentar por23.9%	;Disminuir por4.3%	;229	;Aumentar por44.0%	;Aumentar por0.9%	;1300	;Aumentar por18.9%	;Aumentar por5.2%	;1290	;Aumentar por36.7%	;Aumentar por4.8%	;83	;Aumentar por130.6%	;Aumentar por62.7%	;82	;Aumentar por70.8%	;Aumentar por95.2%	;
188	;(Sábado)2026/06/06	;24	;Disminuir por60.7%	;Aumentar por33.3%	;19	;Disminuir por73.6%	;Aumentar por5.6%	;170	;Disminuir por24.1%	;Disminuir por20.9%	;195	;Disminuir por5.3%	;Disminuir por5.3%	;1559	;Aumentar por37.6%	;Aumentar por8.0%	;1390	;Aumentar por45.2%	;Disminuir por8.0%	;26	;Disminuir por29.7%	;Disminuir por36.6%	;37	;Disminuir por53.2%	;Disminuir por19.6%	;
189	;(Domingo)2026/06/07	;10	;Disminuir por67.7%	;Disminuir por37.5%	;17	;Disminuir por60.5%	;Aumentar por13.3%	;222	;Disminuir por7.5%	;Disminuir por0.9%	;169	;Disminuir por18.8%	;Disminuir por18.4%	;1494	;Aumentar por28.2%	;Disminuir por17.5%	;1081	;Disminuir por0.8%	;Disminuir por40.5%	;48	;Disminuir por37.7%	;Aumentar por9.1%	;59	;Disminuir por37.9%	;Aumentar por20.4%	;
190	;(Lunes)2026/06/08	;24	;Disminuir por42.9%	;Aumentar por50.0%	;28	;Disminuir por39.1%	;Aumentar por86.7%	;243	;Aumentar por11.0%	;Aumentar por28.6%	;210	;Aumentar por9.9%	;Aumentar por41.9%	;1409	;Aumentar por19.9%	;Disminuir por8.7%	;1266	;Aumentar por18.8%	;Disminuir por8.2%	;118	;Aumentar por55.3%	;Aumentar por321.4%	;107	;Disminuir por2.7%	;Aumentar por154.8%	;
191	;(Martes)2026/06/09	;18	;Aumentar por38.5%	;Aumentar por38.5%	;22	;Aumentar por29.4%	;Aumentar por46.7%	;268	;Aumentar por141.4%	;Aumentar por11.7%	;240	;Aumentar por126.4%	;Aumentar por5.3%	;1355	;Aumentar por53.6%	;Disminuir por11.6%	;1087	;Aumentar por53.1%	;Disminuir por23.2%	;82	;Aumentar por203.7%	;Aumentar por74.5%	;80	;Aumentar por60.0%	;Aumentar por63.3%	;
192	;(Miércoles)2026/06/10	;24	;Aumentar por300.0%	;Aumentar por166.7%	;19	;Aumentar por533.3%	;Aumentar por26.7%	;260	;Aumentar por39.8%	;Aumentar por21.5%	;222	;Aumentar por113.5%	;Aumentar por16.8%	;1359	;Aumentar por117.4%	;Disminuir por1.9%	;1062	;Aumentar por119.0%	;Disminuir por21.0%	;82	;Aumentar por134.3%	;Aumentar por105.0%	;67	;Aumentar por91.4%	;Aumentar por91.4%	;
193	;(Jueves)2026/06/11	;25	;Aumentar por2400.0%	;Aumentar por25.0%	;21	;Aumentar por2000.0%	;Disminuir por4.5%	;282	; --%	;Aumentar por37.6%	;201	; --%	;Disminuir por6.1%	;1416	;Aumentar por141500.0%	;Aumentar por0.9%	;1130	;Aumentar por112900.0%	;Disminuir por14.8%	;77	; --%	;Aumentar por102.6%	;96	; --%	;Aumentar por77.8%	;
194	;(Viernes)2026/06/12	;25	;Aumentar por38.9%	;Aumentar por4.2%	;31	;Aumentar por40.9%	;Aumentar por63.2%	;276	;Aumentar por25.5%	;Aumentar por25.5%	;190	;Aumentar por4.4%	;Disminuir por17.7%	;1509	;Aumentar por54.9%	;Aumentar por7.7%	;1264	;Aumentar por46.5%	;Disminuir por4.8%	;116	;Aumentar por329.6%	;Aumentar por141.7%	;89	;Aumentar por117.1%	;Aumentar por81.6%	;
195	;(Sábado)2026/06/13	;15	;Aumentar por87.5%	;Disminuir por58.3%	;21	;Aumentar por31.3%	;Disminuir por16.0%	;239	;Aumentar por7.2%	;Disminuir por15.5%	;197	;Aumentar por18.7%	;Disminuir por23.9%	;1747	;Aumentar por96.3%	;Aumentar por15.2%	;1450	;Aumentar por101.4%	;Disminuir por8.1%	;46	;Aumentar por48.4%	;Aumentar por35.3%	;52	;Disminuir por14.8%	;Sin cambios	;
196	;(Domingo)2026/06/14	;11	;Disminuir por15.4%	;Disminuir por64.5%	;17	;Disminuir por10.5%	;Disminuir por19.0%	;213	;Disminuir por5.8%	;Aumentar por1.9%	;164	;Disminuir por14.6%	;Disminuir por28.1%	;1527	;Aumentar por36.7%	;Disminuir por15.5%	;1211	;Aumentar por24.3%	;Disminuir por30.7%	;38	;Aumentar por18.8%	;Disminuir por9.5%	;48	;Disminuir por2.0%	;Aumentar por54.8%	;
197	;(Lunes)2026/06/15	;24	;Aumentar por33.3%	;Aumentar por100.0%	;21	;Sin cambios	;Aumentar por40.0%	;256	;Aumentar por93.9%	;Aumentar por45.5%	;206	;Aumentar por33.8%	;Aumentar por43.1%	;1334	;Aumentar por32.3%	;Disminuir por17.5%	;1137	;Aumentar por33.0%	;Disminuir por20.5%	;62	;Aumentar por195.2%	;Aumentar por195.2%	;70	;Aumentar por48.9%	;Aumentar por89.2%	;
198	;(Martes)2026/06/16	;28	;Aumentar por300.0%	;Aumentar por33.3%	;23	;Aumentar por15.0%	;Disminuir por8.0%	;316	;Aumentar por109.3%	;Aumentar por46.3%	;186	;Aumentar por37.8%	;Disminuir por13.5%	;1345	;Aumentar por53.4%	;Disminuir por10.5%	;1170	;Aumentar por70.3%	;Disminuir por18.2%	;75	;Aumentar por127.3%	;Aumentar por33.9%	;87	;Aumentar por40.3%	;Aumentar por74.0%	;
199	;(Miércoles)2026/06/17	;14	;Aumentar por16.7%	;Aumentar por16.7%	;26	;Aumentar por13.0%	;Aumentar por62.5%	;244	;Aumentar por5.2%	;Aumentar por12.4%	;190	;Aumentar por22.6%	;Disminuir por4.5%	;1385	;Aumentar por56.9%	;Disminuir por1.1%	;1180	;Aumentar por61.6%	;Disminuir por12.7%	;77	;Aumentar por83.3%	;Aumentar por54.0%	;49	;Disminuir por7.5%	;Aumentar por6.5%	;
200	;(Jueves)2026/06/18	;12	;Aumentar por100.0%	;Disminuir por33.3%	;10	;Aumentar por233.3%	;Disminuir por47.4%	;243	;Aumentar por10.0%	;Aumentar por9.5%	;196	;Aumentar por25.6%	;Disminuir por1.0%	;1371	;Aumentar por58.5%	;Disminuir por7.0%	;1308	;Aumentar por73.2%	;Disminuir por7.3%	;62	;Aumentar por158.3%	;Aumentar por44.2%	;62	;Aumentar por82.4%	;Aumentar por82.4%	;
201	;(Viernes)2026/06/19	;22	;Aumentar por1000.0%	;Aumentar por37.5%	;24	;Aumentar por700.0%	;Aumentar por33.3%	;257	;Aumentar por15.2%	;Aumentar por1.6%	;219	;Aumentar por25.1%	;Disminuir por2.2%	;1530	;Aumentar por75.9%	;Aumentar por3.0%	;1452	;Aumentar por88.3%	;Aumentar por0.6%	;81	;Aumentar por237.5%	;Aumentar por92.9%	;86	;Aumentar por79.2%	;Aumentar por87.0%	;
202	;(Sábado)2026/06/20	;36	;Aumentar por500.0%	;Aumentar por125.0%	;36	;Aumentar por260.0%	;Aumentar por28.6%	;218	;Disminuir por2.7%	;Disminuir por18.7%	;193	;Aumentar por23.7%	;Disminuir por15.0%	;1820	;Aumentar por124.4%	;Aumentar por8.8%	;1783	;Aumentar por150.8%	;Aumentar por1.9%	;54	;Aumentar por107.7%	;Aumentar por25.6%	;54	;Aumentar por86.2%	;Aumentar por17.4%	;
203	;(Domingo)2026/06/21	;23	;Aumentar por360.0%	;Disminuir por11.5%	;26	;Aumentar por271.4%	;Disminuir por10.3%	;192	;Disminuir por17.6%	;Disminuir por13.5%	;155	;Disminuir por12.4%	;Disminuir por22.1%	;1658	;Aumentar por79.6%	;Disminuir por19.9%	;1413	;Aumentar por78.9%	;Disminuir por31.9%	;29	;Disminuir por29.3%	;Disminuir por35.6%	;35	;Disminuir por39.7%	;Disminuir por12.5%	;
204	;(Lunes)2026/06/22	;31	;Aumentar por1450.0%	;Aumentar por40.9%	;34	;Aumentar por466.7%	;Disminuir por2.9%	;226	;Aumentar por54.8%	;Aumentar por2.3%	;194	;Aumentar por50.4%	;Aumentar por2.1%	;1601	;Aumentar por66.9%	;Disminuir por20.7%	;1445	;Aumentar por77.5%	;Disminuir por22.2%	;62	;Aumentar por181.8%	;Aumentar por106.7%	;53	;Aumentar por71.0%	;Aumentar por76.7%	;
205	;(Martes)2026/06/23	;26	;Aumentar por766.7%	;Disminuir por7.1%	;28	;Aumentar por833.3%	;Disminuir por26.3%	;287	;Aumentar por106.5%	;Aumentar por4.0%	;200	;Aumentar por78.6%	;Disminuir por21.6%	;1728	;Aumentar por103.5%	;Disminuir por16.9%	;1469	;Aumentar por133.9%	;Disminuir por19.8%	;66	;Aumentar por164.0%	;Aumentar por8.2%	;63	;Aumentar por142.3%	;Disminuir por13.7%	;
206	;(Miércoles)2026/06/24	;39	;Aumentar por200.0%	;Aumentar por21.9%	;42	;Aumentar por600.0%	;Disminuir por17.6%	;290	;Aumentar por51.0%	;Disminuir por4.6%	;201	;Aumentar por40.6%	;Disminuir por14.5%	;1718	;Aumentar por83.7%	;Disminuir por6.7%	;1578	;Aumentar por132.1%	;Disminuir por11.1%	;59	;Aumentar por68.6%	;Aumentar por20.4%	;48	;Aumentar por4.3%	;Disminuir por23.8%	;
207	;(Jueves)2026/06/25	;38	;Aumentar por3700.0%	;Aumentar por31.0%	;46	;Aumentar por666.7%	;Aumentar por27.8%	;311	;Aumentar por65.4%	;Aumentar por17.8%	;210	;Aumentar por39.1%	;Disminuir por15.3%	;1755	;Aumentar por91.0%	;Disminuir por2.3%	;1660	;Aumentar por137.5%	;Aumentar por0.2%	;89	;Aumentar por304.5%	;Aumentar por43.5%	;138	;Aumentar por500.0%	;Aumentar por55.1%	;
208	;(Viernes)2026/06/26	;35	;Aumentar por600.0%	;Aumentar por40.0%	;43	;Aumentar por975.0%	;Aumentar por4.9%	;310	;Aumentar por64.9%	;Aumentar por13.6%	;241	;Aumentar por40.1%	;Disminuir por5.5%	;1807	;Aumentar por114.4%	;Aumentar por1.0%	;1799	;Aumentar por167.7%	;Aumentar por6.7%	;82	;Aumentar por256.5%	;Aumentar por49.1%	;96	;Aumentar por140.0%	;Aumentar por71.4%	;
209	;(Sábado)2026/06/27	;24	;Aumentar por380.0%	;Disminuir por41.5%	;31	;Aumentar por342.9%	;Disminuir por35.4%	;301	;Aumentar por67.2%	;Aumentar por4.2%	;216	;Aumentar por20.0%	;Disminuir por21.2%	;2043	;Aumentar por130.8%	;Aumentar por3.1%	;2078	;Aumentar por186.6%	;Aumentar por10.0%	;85	;Aumentar por347.4%	;Aumentar por13.3%	;88	;Aumentar por158.8%	;Disminuir por2.2%	;
210	;(Domingo)2026/06/28	;21	;Aumentar por133.3%	;Aumentar por10.5%	;28	;Aumentar por300.0%	;Disminuir por15.2%	;280	;Aumentar por48.1%	;Aumentar por16.7%	;179	;Aumentar por8.5%	;Disminuir por19.0%	;1906	;Aumentar por93.7%	;Disminuir por9.7%	;1752	;Aumentar por108.8%	;Disminuir por9.6%	;52	;Aumentar por160.0%	;Aumentar por6.1%	;79	;Aumentar por132.4%	;Aumentar por83.7%	;
211	;(Lunes)2026/06/29	;33	;Aumentar por560.0%	;Aumentar por106.3%	;34	;Aumentar por209.1%	;Aumentar por36.0%	;330	;Aumentar por139.1%	;Aumentar por55.7%	;207	;Aumentar por41.8%	;Aumentar por13.1%	;1649	;Aumentar por80.0%	;Disminuir por13.9%	;1584	;Aumentar por124.0%	;Disminuir por0.1%	;65	;Aumentar por400.0%	;Aumentar por30.0%	;88	;Aumentar por319.0%	;Aumentar por79.6%	;
212	;(Martes)2026/06/30	;23	;Aumentar por228.6%	;Aumentar por53.3%	;33	;Aumentar por560.0%	;Aumentar por6.5%	;321	;Aumentar por179.1%	;Aumentar por9.6%	;224	;Aumentar por126.3%	;Disminuir por10.8%	;1555	;Aumentar por107.9%	;Disminuir por10.6%	;1546	;Aumentar por169.8%	;Disminuir por3.2%	;47	;Aumentar por123.8%	;Disminuir por9.6%	;86	;Aumentar por352.6%	;Aumentar por68.6%	;
213	;(Miércoles)2026/07/01	;45	;Aumentar por1400.0%	;Aumentar por32.4%	;61	;Aumentar por1425.0%	;Aumentar por69.4%	;343	;Aumentar por82.4%	;Aumentar por34.0%	;293	;Aumentar por65.5%	;Aumentar por22.6%	;1682	;Aumentar por99.8%	;Disminuir por2.2%	;1585	;Aumentar por109.1%	;Disminuir por3.0%	;71	;Aumentar por208.7%	;Aumentar por34.0%	;105	;Aumentar por200.0%	;Aumentar por81.0%	;
214	;(Jueves)2026/07/02	;38	;Aumentar por660.0%	;Aumentar por40.7%	;37	;Aumentar por311.1%	;Disminuir por2.6%	;332	;Aumentar por36.6%	;Aumentar por28.7%	;228	;Aumentar por86.9%	;Disminuir por1.3%	;1683	;Aumentar por121.7%	;Disminuir por10.0%	;1582	;Aumentar por136.1%	;Disminuir por8.4%	;86	;Aumentar por95.5%	;Aumentar por41.0%	;94	;Aumentar por70.9%	;Aumentar por54.1%	;
215	;(Viernes)2026/07/03	;54	;Aumentar por980.0%	;Aumentar por22.7%	;61	;Aumentar por771.4%	;Aumentar por27.1%	;363	;Aumentar por94.1%	;Aumentar por51.9%	;263	;Aumentar por80.1%	;Aumentar por9.6%	;1916	;Aumentar por139.8%	;Aumentar por3.0%	;1816	;Aumentar por150.5%	;Aumentar por5.4%	;101	;Aumentar por405.0%	;Aumentar por83.6%	;104	;Aumentar por246.7%	;Aumentar por147.6%	;
216	;(Sábado)2026/07/04	;51	;Aumentar por466.7%	;Aumentar por64.5%	;63	;Aumentar por293.8%	;Aumentar por65.8%	;392	;Aumentar por106.3%	;Aumentar por42.5%	;271	;Aumentar por97.8%	;Aumentar por3.4%	;2198	;Aumentar por165.1%	;Aumentar por10.4%	;2106	;Aumentar por178.6%	;Aumentar por9.9%	;60	;Aumentar por130.8%	;Aumentar por39.5%	;111	;Aumentar por177.5%	;Aumentar por91.4%	;
217	;(Domingo)2026/07/05	;32	;Aumentar por28.0%	;Disminuir por5.9%	;36	;Aumentar por20.0%	;Disminuir por29.4%	;316	;Aumentar por8.6%	;Aumentar por12.1%	;230	;Aumentar por18.6%	;Disminuir por23.1%	;2088	;Aumentar por130.2%	;Disminuir por13.4%	;1845	;Aumentar por117.6%	;Disminuir por22.2%	;50	;Aumentar por42.9%	;Disminuir por12.3%	;57	;Aumentar por23.9%	;Disminuir por25.0%	;
218	;(Lunes)2026/07/06	;29	;Disminuir por72.6%	;Aumentar por26.1%	;40	;Disminuir por64.9%	;Aumentar por25.0%	;315	;Aumentar por101.9%	;Aumentar por24.0%	;256	;Aumentar por146.2%	;Aumentar por31.3%	;1905	;Aumentar por146.4%	;Disminuir por17.8%	;1834	;Aumentar por162.4%	;Disminuir por10.9%	;80	;Aumentar por116.2%	;Aumentar por110.5%	;88	;Aumentar por238.5%	;Aumentar por125.6%	;
219	;(Martes)2026/07/07	;27	;Aumentar por575.0%	;Aumentar por80.0%	;44	;Aumentar por633.3%	;Aumentar por46.7%	;350	;Aumentar por191.7%	;Aumentar por36.7%	;299	;Aumentar por256.0%	;Aumentar por10.7%	;1936	;Aumentar por164.5%	;Disminuir por11.5%	;1808	;Aumentar por167.9%	;Disminuir por11.6%	;77	;Aumentar por450.0%	;Aumentar por22.2%	;88	;Aumentar por282.6%	;Aumentar por8.6%	;
220	;(Miércoles)2026/07/08	;30	;Aumentar por275.0%	;Aumentar por11.1%	;37	;Aumentar por311.1%	;Aumentar por19.4%	;347	;Aumentar por72.6%	;Aumentar por31.9%	;295	;Aumentar por113.8%	;Aumentar por12.2%	;1973	;Aumentar por128.1%	;Disminuir por9.4%	;1925	;Aumentar por141.8%	;Disminuir por3.6%	;67	;Aumentar por157.7%	;Aumentar por28.8%	;79	;Aumentar por54.9%	;Aumentar por36.2%	;
221	;(Jueves)2026/07/09	;40	;Disminuir por20.0%	;Aumentar por25.0%	;39	;Disminuir por32.8%	;Disminuir por9.3%	;323	;Aumentar por24.2%	;Aumentar por58.3%	;301	;Aumentar por95.5%	;Aumentar por27.5%	;2031	;Aumentar por151.7%	;Sin cambios	;1877	;Aumentar por152.3%	;Aumentar por4.7%	;65	;Aumentar por18.2%	;Aumentar por109.7%	;82	;Aumentar por24.2%	;Aumentar por34.4%	;
222	;(Viernes)2026/07/10	;55	;Aumentar por22.2%	;Aumentar por96.4%	;74	;Aumentar por37.0%	;Aumentar por72.1%	;351	;Aumentar por51.3%	;Aumentar por19.0%	;313	;Aumentar por94.4%	;Disminuir por0.6%	;2113	;Aumentar por154.9%	;Aumentar por0.5%	;2008	;Aumentar por184.4%	;Aumentar por11.4%	;92	;Disminuir por16.4%	;Aumentar por124.4%	;120	;Disminuir por10.4%	;Aumentar por87.5%	;
223	;(Sábado)2026/07/11	;37	;Disminuir por46.4%	;Aumentar por12.1%	;56	;Disminuir por25.3%	;Aumentar por3.7%	;310	;Aumentar por25.0%	;Aumentar por17.4%	;251	;Aumentar por58.9%	;Disminuir por16.1%	;2548	;Aumentar por191.9%	;Aumentar por9.8%	;2337	;Aumentar por191.8%	;Aumentar por16.6%	;51	;Aumentar por30.8%	;Disminuir por23.9%	;90	;Aumentar por76.5%	;Aumentar por21.6%	;
224	;(Domingo)2026/07/12	;36	;Disminuir por56.1%	;Aumentar por12.5%	;54	;Disminuir por43.8%	;Aumentar por8.0%	;276	;Disminuir por14.0%	;Aumentar por51.6%	;229	;Aumentar por3.6%	;Aumentar por3.2%	;2314	;Aumentar por141.8%	;Aumentar por0.4%	;1968	;Aumentar por113.4%	;Disminuir por1.9%	;43	;Disminuir por35.8%	;Aumentar por87.0%	;86	;Aumentar por8.9%	;Aumentar por109.8%	;
225	;(Lunes)2026/07/13	;21	;Disminuir por50.0%	;Disminuir por44.7%	;29	;Disminuir por47.3%	;Disminuir por47.3%	;345	;Aumentar por66.7%	;Aumentar por56.8%	;295	;Aumentar por86.7%	;Aumentar por37.2%	;2133	;Aumentar por119.7%	;Disminuir por12.9%	;1962	;Aumentar por114.9%	;Aumentar por5.4%	;52	;Aumentar por67.7%	;Aumentar por2.0%	;74	;Aumentar por45.1%	;Aumentar por19.4%	;
226	;(Martes)2026/07/14	;17	;Disminuir por85.7%	;Disminuir por15.0%	;48	;Disminuir por66.9%	;Disminuir por12.7%	;175	;Aumentar por14.4%	;Disminuir por34.5%	;109	;Disminuir por27.8%	;Disminuir por62.3%	;966	;Aumentar por32.5%	;Disminuir por59.2%	;741	;Aumentar por19.3%	;Disminuir por63.5%	;28	;Aumentar por86.7%	;Disminuir por26.3%	;37	;Aumentar por8.8%	;Disminuir por41.3%	;
