Análisis de tipo multiobjetivo	;
Información básica	;
Hora de exportación: 2026/07/14 13:28:37	;
Operador: Touristcheck	;
Objetivo de estadísticas: Avda. Akra Leuca	;
Exportar contenido:Número de personas,Vehículos a motor,Vehículos sin motor	;
Hora del informe: 2025/12/01 00:00:00 - 2026/07/14 23:59:59	;

Personas totales	; 	; 	; 	; 	; 	;Total de vehículos a motor	; 	; 	; 	; 	; 	;Total de vehículos sin motor	;
Avanzar	; 	; 	;Retroceso	; 	; 	;Avanzar	; 	; 	;Retroceso	; 	; 	;Avanzar	; 	; 	;Retroceso	;
Valor	;Tasa de cambio (ciclo tras ciclo)	;Tasa de cambio (año tras año)	;Valor	;Tasa de cambio (ciclo tras ciclo)	;Tasa de cambio (año tras año)	;Valor	;Tasa de cambio (ciclo tras ciclo)	;Tasa de cambio (año tras año)	;Valor	;Tasa de cambio (ciclo tras ciclo)	;Tasa de cambio (año tras año)	;Valor	;Tasa de cambio (ciclo tras ciclo)	;Tasa de cambio (año tras año)	;Valor	;Tasa de cambio (ciclo tras ciclo)	;Tasa de cambio (año tras año)	;
267099	;Disminuir por55.7%	;Aumentar por20.7%	;367783	;Disminuir por44.1%	;Aumentar por56.5%	;370180	;Disminuir por40.9%	;Aumentar por57.8%	;357071	;Disminuir por46.2%	;Aumentar por43.8%	;49081	;Disminuir por61.3%	;Aumentar por2.4%	;50913	;Disminuir por63.5%	;Aumentar por1.6%	;

N.º	;Hora	;Personas	; 	; 	; 	; 	; 	;Vehículos a motor	; 	; 	; 	; 	; 	;Vehículos sin motor	;
	;	;Avanzar	; 	; 	;Retroceso	; 	; 	;Avanzar	; 	; 	;Retroceso	; 	; 	;Avanzar	; 	; 	;Retroceso	;
	;	;Valor	;Tasa de cambio (ciclo tras ciclo)	;Tasa de cambio (año tras año)	;Valor	;Tasa de cambio (ciclo tras ciclo)	;Tasa de cambio (año tras año)	;Valor	;Tasa de cambio (ciclo tras ciclo)	;Tasa de cambio (año tras año)	;Valor	;Tasa de cambio (ciclo tras ciclo)	;Tasa de cambio (año tras año)	;Valor	;Tasa de cambio (ciclo tras ciclo)	;Tasa de cambio (año tras año)	;Valor	;Tasa de cambio (ciclo tras ciclo)	;Tasa de cambio (año tras año)	;
1	;(Lunes)2025/12/01	;586	;Disminuir por90.6%	; --%	;719	;Disminuir por88.9%	; --%	;1690	;Disminuir por57.7%	; --%	;1964	;Disminuir por52.1%	; --%	;285	;Disminuir por60.1%	; --%	;319	;Disminuir por58.2%	; --%	;
2	;(Martes)2025/12/02	;606	;Disminuir por89.5%	; --%	;643	;Disminuir por89.9%	; --%	;1615	;Disminuir por59.4%	; --%	;1793	;Disminuir por57.8%	; --%	;249	;Disminuir por65.1%	; --%	;270	;Disminuir por62.1%	; --%	;
3	;(Miércoles)2025/12/03	;526	;Disminuir por82.3%	; --%	;618	;Disminuir por83.0%	; --%	;2961	;Disminuir por15.0%	; --%	;3164	;Disminuir por15.0%	; --%	;220	;Disminuir por66.6%	; --%	;226	;Disminuir por68.4%	; --%	;
4	;(Jueves)2025/12/04	;587	;Disminuir por69.3%	; --%	;583	;Disminuir por66.6%	; --%	;1747	;Disminuir por22.7%	; --%	;1896	;Disminuir por22.4%	; --%	;222	;Disminuir por31.5%	; --%	;216	;Disminuir por38.1%	; --%	;
5	;(Viernes)2025/12/05	;1080	;Disminuir por48.5%	; --%	;1190	;Disminuir por45.3%	; --%	;2132	;Disminuir por8.4%	; --%	;2344	;Disminuir por8.1%	; --%	;256	;Disminuir por49.6%	; --%	;275	;Disminuir por43.3%	; --%	;
6	;(Sábado)2025/12/06	;3521	;Aumentar por92.4%	; --%	;4501	;Aumentar por124.9%	; --%	;3693	;Aumentar por39.3%	; --%	;3903	;Aumentar por39.0%	; --%	;355	;Disminuir por32.1%	; --%	;401	;Disminuir por22.9%	; --%	;
7	;(Domingo)2025/12/07	;3856	;Aumentar por87.6%	; --%	;5424	;Aumentar por163.9%	; --%	;3446	;Aumentar por27.9%	; --%	;3705	;Aumentar por31.7%	; --%	;366	;Disminuir por29.8%	; --%	;423	;Disminuir por20.5%	; --%	;
8	;(Lunes)2025/12/08	;2086	;Disminuir por26.2%	; --%	;2414	;Disminuir por16.9%	; --%	;2753	;Disminuir por3.4%	; --%	;3047	;Aumentar por0.3%	; --%	;322	;Disminuir por41.6%	; --%	;377	;Disminuir por37.1%	; --%	;
9	;(Martes)2025/12/09	;703	;Disminuir por72.7%	; --%	;734	;Disminuir por75.1%	; --%	;1546	;Disminuir por38.0%	; --%	;1792	;Disminuir por36.5%	; --%	;215	;Disminuir por48.2%	; --%	;243	;Disminuir por48.2%	; --%	;
10	;(Miércoles)2025/12/10	;496	;Disminuir por42.3%	; --%	;537	;Disminuir por4.6%	; --%	;1400	;Aumentar por53.7%	; --%	;1620	;Aumentar por122.8%	; --%	;240	;Disminuir por17.2%	; --%	;240	;Aumentar por35.6%	; --%	;
11	;(Jueves)2025/12/11	;534	;Disminuir por22.7%	; --%	;569	;Disminuir por26.3%	; --%	;1439	;Aumentar por31.2%	; --%	;1681	;Aumentar por19.1%	; --%	;200	;Disminuir por19.4%	; --%	;247	;Disminuir por15.4%	; --%	;
12	;(Viernes)2025/12/12	;690	;Disminuir por39.0%	; --%	;736	;Disminuir por36.1%	; --%	;1831	;Disminuir por15.2%	; --%	;2153	;Disminuir por4.9%	; --%	;233	;Disminuir por41.0%	; --%	;271	;Disminuir por32.9%	; --%	;
13	;(Sábado)2025/12/13	;1261	;Disminuir por45.5%	; --%	;1305	;Disminuir por62.6%	; --%	;2378	;Disminuir por31.8%	; --%	;2648	;Disminuir por26.4%	; --%	;195	;Disminuir por60.5%	; --%	;226	;Disminuir por59.3%	; --%	;
14	;(Domingo)2025/12/14	;338	;Disminuir por90.7%	; --%	;364	;Disminuir por91.1%	; --%	;1217	;Disminuir por65.0%	; --%	;1645	;Disminuir por55.9%	; --%	;45	;Disminuir por86.6%	; --%	;65	;Disminuir por81.2%	; --%	;
15	;(Lunes)2025/12/15	;238	;Disminuir por93.4%	; --%	;280	;Disminuir por93.5%	; --%	;1261	;Disminuir por62.6%	; --%	;1539	;Disminuir por54.3%	; --%	;45	;Disminuir por93.6%	; --%	;55	;Disminuir por91.4%	; --%	;
16	;(Martes)2025/12/16	;320	;Disminuir por84.8%	; --%	;339	;Disminuir por85.9%	; --%	;1277	;Disminuir por44.5%	; --%	;1497	;Disminuir por43.1%	; --%	;81	;Disminuir por82.3%	; --%	;87	;Disminuir por81.3%	; --%	;
17	;(Miércoles)2025/12/17	;153	;Disminuir por87.7%	; --%	;193	;Disminuir por84.7%	; --%	;1142	;Disminuir por41.8%	; --%	;1448	;Disminuir por29.2%	; --%	;18	;Disminuir por96.1%	; --%	;30	;Disminuir por93.8%	; --%	;
18	;(Jueves)2025/12/18	;455	;Disminuir por62.3%	; --%	;602	;Disminuir por47.6%	; --%	;1433	;Disminuir por22.2%	; --%	;1687	;Disminuir por17.2%	; --%	;177	;Disminuir por55.4%	; --%	;222	;Disminuir por43.5%	; --%	;
19	;(Viernes)2025/12/19	;646	;Disminuir por33.9%	; --%	;805	;Disminuir por9.7%	; --%	;1713	;Disminuir por6.2%	; --%	;1941	;Aumentar por1.6%	; --%	;224	;Disminuir por46.3%	; --%	;247	;Disminuir por42.2%	; --%	;
20	;(Sábado)2025/12/20	;1135	;Aumentar por19.2%	; --%	;1314	;Aumentar por47.1%	; --%	;2317	;Aumentar por31.3%	; --%	;2695	;Aumentar por40.6%	; --%	;251	;Disminuir por2.7%	; --%	;242	;Disminuir por3.6%	; --%	;
21	;(Domingo)2025/12/21	;1080	;Disminuir por28.2%	; --%	;1103	;Disminuir por31.7%	; --%	;1990	;Disminuir por10.0%	; --%	;2360	;Aumentar por5.3%	; --%	;183	;Disminuir por58.9%	; --%	;210	;Disminuir por49.9%	; --%	;
22	;(Lunes)2025/12/22	;844	;Disminuir por59.0%	; --%	;1058	;Disminuir por51.7%	; --%	;1726	;Disminuir por24.5%	; --%	;1901	;Disminuir por18.7%	; --%	;291	;Disminuir por21.1%	; --%	;390	;Disminuir por3.7%	; --%	;
23	;(Martes)2025/12/23	;679	;Disminuir por65.8%	; --%	;667	;Disminuir por70.2%	; --%	;1707	;Disminuir por15.7%	; --%	;1958	;Disminuir por14.6%	; --%	;158	;Disminuir por58.9%	; --%	;205	;Disminuir por47.0%	; --%	;
24	;(Miércoles)2025/12/24	;745	;Disminuir por44.4%	; --%	;828	;Disminuir por38.9%	; --%	;1507	;Disminuir por20.1%	; --%	;1728	;Disminuir por13.6%	; --%	;194	;Disminuir por62.9%	; --%	;206	;Disminuir por60.4%	; --%	;
25	;(Jueves)2025/12/25	;503	;Disminuir por56.5%	; --%	;495	;Disminuir por57.9%	; --%	;1248	;Disminuir por25.4%	; --%	;1403	;Disminuir por22.3%	; --%	;30	;Disminuir por92.7%	; --%	;34	;Disminuir por91.3%	; --%	;
26	;(Viernes)2025/12/26	;790	;Disminuir por21.5%	; --%	;869	;Disminuir por16.7%	; --%	;1827	;Aumentar por2.0%	; --%	;2012	;Aumentar por6.2%	; --%	;66	;Disminuir por81.9%	; --%	;71	;Disminuir por81.6%	; --%	;
27	;(Sábado)2025/12/27	;545	;Disminuir por53.7%	; --%	;625	;Disminuir por50.4%	; --%	;1726	;Disminuir por10.0%	; --%	;2068	;Aumentar por6.9%	; --%	;16	;Disminuir por96.4%	; --%	;20	;Disminuir por95.4%	; --%	;
28	;(Domingo)2025/12/28	;977	;Disminuir por39.7%	; --%	;1189	;Disminuir por30.1%	; --%	;2076	;Disminuir por18.3%	; --%	;2632	;Aumentar por1.6%	; --%	;72	;Disminuir por85.1%	; --%	;86	;Disminuir por83.1%	; --%	;
29	;(Lunes)2025/12/29	;953	;Disminuir por60.2%	; --%	;1075	;Disminuir por59.0%	; --%	;7893	;Aumentar por200.1%	; --%	;8384	;Aumentar por218.1%	; --%	;134	;Disminuir por78.9%	; --%	;155	;Disminuir por78.0%	; --%	;
30	;(Martes)2025/12/30	;1328	;Disminuir por34.7%	; --%	;1609	;Disminuir por25.0%	; --%	;23454	;Aumentar por1036.3%	; --%	;23892	;Aumentar por924.1%	; --%	;318	;Disminuir por28.2%	; --%	;336	;Disminuir por28.4%	; --%	;
31	;(Miércoles)2025/12/31	;1315	;Disminuir por29.9%	; --%	;1473	;Disminuir por13.4%	; --%	;3087	;Aumentar por58.9%	; --%	;3258	;Aumentar por58.4%	; --%	;281	;Disminuir por49.6%	; --%	;300	;Disminuir por49.8%	; --%	;
32	;(Jueves)2026/01/01	;1553	;Aumentar por35.9%	; --%	;2101	;Aumentar por112.4%	; --%	;3778	;Aumentar por107.7%	; --%	;4386	;Aumentar por124.9%	; --%	;181	;Disminuir por48.9%	; --%	;208	;Disminuir por47.1%	; --%	;
33	;(Viernes)2026/01/02	;1304	;Aumentar por17.1%	; --%	;1417	;Aumentar por19.6%	; --%	;2474	;Aumentar por31.9%	; --%	;2905	;Aumentar por40.5%	; --%	;219	;Disminuir por41.9%	; --%	;202	;Disminuir por53.3%	; --%	;
34	;(Sábado)2026/01/03	;1238	;Disminuir por9.6%	; --%	;1363	;Aumentar por6.4%	; --%	;1978	;Disminuir por0.6%	; --%	;2208	;Aumentar por8.2%	; --%	;213	;Disminuir por50.2%	; --%	;220	;Disminuir por45.7%	; --%	;
35	;(Domingo)2026/01/04	;563	;Disminuir por65.7%	; --%	;600	;Disminuir por62.1%	; --%	;1180	;Disminuir por46.4%	; --%	;1463	;Disminuir por37.6%	; --%	;58	;Disminuir por88.2%	; --%	;50	;Disminuir por90.2%	; --%	;
36	;(Lunes)2026/01/05	;1033	;Disminuir por60.8%	; --%	;798	;Disminuir por69.5%	; --%	;1622	;Disminuir por43.4%	; --%	;1862	;Disminuir por35.4%	; --%	;153	;Disminuir por73.9%	; --%	;174	;Disminuir por69.8%	; --%	;
37	;(Martes)2026/01/06	;658	;Disminuir por69.2%	; --%	;714	;Disminuir por70.6%	; --%	;1256	;Disminuir por43.9%	; --%	;1520	;Disminuir por41.2%	; --%	;109	;Disminuir por77.8%	; --%	;111	;Disminuir por77.9%	; --%	;
38	;(Miércoles)2026/01/07	;465	;Disminuir por77.0%	; --%	;540	;Disminuir por70.5%	; --%	;1186	;Disminuir por41.1%	; --%	;1395	;Disminuir por34.6%	; --%	;192	;Disminuir por66.6%	; --%	;188	;Disminuir por69.3%	; --%	;
39	;(Jueves)2026/01/08	;548	;Disminuir por59.6%	; --%	;661	;Disminuir por45.2%	; --%	;1185	;Disminuir por36.5%	; --%	;1420	;Disminuir por27.6%	; --%	;227	;Disminuir por50.9%	; --%	;255	;Disminuir por46.5%	; --%	;
40	;(Viernes)2026/01/09	;661	;Disminuir por49.6%	; --%	;762	;Disminuir por36.8%	; --%	;1294	;Disminuir por36.0%	; --%	;1540	;Disminuir por28.2%	; --%	;262	;Disminuir por32.1%	; --%	;286	;Disminuir por25.5%	; --%	;
41	;(Sábado)2026/01/10	;1145	;Disminuir por19.2%	; --%	;1344	;Disminuir por8.1%	; --%	;2109	;Disminuir por2.4%	; --%	;2253	;Disminuir por5.2%	; --%	;234	;Disminuir por51.0%	; --%	;238	;Disminuir por53.6%	; --%	;
42	;(Domingo)2026/01/11	;794	;Disminuir por59.2%	; --%	;1015	;Disminuir por51.3%	; --%	;1155	;Disminuir por56.4%	; --%	;1275	;Disminuir por52.8%	; --%	;235	;Disminuir por58.9%	; --%	;257	;Disminuir por57.2%	; --%	;
43	;(Lunes)2026/01/12	;585	;Disminuir por77.8%	; --%	;784	;Disminuir por75.0%	; --%	;1774	;Disminuir por36.5%	; --%	;2040	;Disminuir por17.8%	; --%	;348	;Disminuir por49.7%	; --%	;430	;Disminuir por29.6%	; --%	;
44	;(Martes)2026/01/13	;440	;Disminuir por82.8%	; --%	;561	;Disminuir por82.9%	; --%	;1161	;Disminuir por53.1%	; --%	;1320	;Disminuir por55.8%	; --%	;233	;Disminuir por57.9%	; --%	;233	;Disminuir por61.2%	; --%	;
45	;(Miércoles)2026/01/14	;408	;Disminuir por80.1%	; --%	;444	;Disminuir por77.6%	; --%	;1095	;Disminuir por53.4%	; --%	;1268	;Disminuir por49.2%	; --%	;230	;Disminuir por63.4%	; --%	;228	;Disminuir por65.3%	; --%	;
46	;(Jueves)2026/01/15	;422	;Disminuir por71.7%	; --%	;620	;Disminuir por63.5%	; --%	;1306	;Disminuir por38.5%	; --%	;1505	;Disminuir por36.5%	; --%	;248	;Disminuir por42.1%	; --%	;236	;Disminuir por49.5%	; --%	;
47	;(Viernes)2026/01/16	;470	;Disminuir por71.8%	; --%	;593	;Disminuir por65.9%	; --%	;6752	;Aumentar por242.7%	; --%	;6958	;Aumentar por229.8%	; --%	;216	;Disminuir por55.3%	; --%	;221	;Disminuir por54.9%	; --%	;
48	;(Sábado)2026/01/17	;351	;Disminuir por77.8%	; --%	;358	;Disminuir por79.7%	; --%	;1408	;Disminuir por51.5%	; --%	;1538	;Disminuir por50.2%	; --%	;43	;Disminuir por91.3%	; --%	;53	;Disminuir por89.8%	; --%	;
49	;(Domingo)2026/01/18	;645	;Disminuir por75.5%	; --%	;880	;Disminuir por65.7%	; --%	;1187	;Disminuir por53.1%	; --%	;1263	;Disminuir por47.6%	; --%	;232	;Disminuir por63.1%	; --%	;223	;Disminuir por59.2%	; --%	;
50	;(Lunes)2026/01/19	;361	;Disminuir por93.2%	; --%	;466	;Disminuir por90.0%	; --%	;1242	;Disminuir por32.4%	; --%	;1446	;Disminuir por20.8%	; --%	;142	;Disminuir por73.7%	; --%	;200	;Disminuir por58.2%	; --%	;
51	;(Martes)2026/01/20	;229	;Disminuir por93.9%	; --%	;284	;Disminuir por94.6%	; --%	;1439	;Disminuir por49.6%	; --%	;1566	;Disminuir por50.9%	; --%	;37	;Disminuir por94.0%	; --%	;45	;Disminuir por93.9%	; --%	;
52	;(Miércoles)2026/01/21	;287	;Disminuir por90.6%	; --%	;441	;Disminuir por86.8%	; --%	;2091	;Disminuir por31.9%	; --%	;2207	;Disminuir por34.0%	; --%	;168	;Disminuir por71.4%	; --%	;144	;Disminuir por79.3%	; --%	;
53	;(Jueves)2026/01/22	;466	;Disminuir por75.4%	; --%	;590	;Disminuir por70.8%	; --%	;2073	;Disminuir por0.9%	; --%	;2279	;Disminuir por2.3%	; --%	;200	;Disminuir por61.2%	; --%	;238	;Disminuir por53.0%	; --%	;
54	;(Viernes)2026/01/23	;524	;Disminuir por75.2%	; --%	;755	;Disminuir por63.6%	; --%	;1523	;Disminuir por29.4%	; --%	;1768	;Disminuir por24.9%	; --%	;219	;Disminuir por56.3%	; --%	;270	;Disminuir por47.2%	; --%	;
55	;(Sábado)2026/01/24	;1656	;Disminuir por16.9%	; --%	;1454	;Disminuir por23.8%	; --%	;1319	;Disminuir por52.7%	; --%	;1515	;Disminuir por51.0%	; --%	;206	;Disminuir por62.8%	; --%	;215	;Disminuir por62.5%	; --%	;
56	;(Domingo)2026/01/25	;2302	;Disminuir por12.0%	; --%	;3026	;Aumentar por18.5%	; --%	;977	;Disminuir por66.4%	; --%	;1134	;Disminuir por62.4%	; --%	;238	;Disminuir por63.0%	; --%	;267	;Disminuir por59.9%	; --%	;
57	;(Lunes)2026/01/26	;682	;Disminuir por79.8%	; --%	;738	;Disminuir por78.2%	; --%	;1358	;Disminuir por59.6%	; --%	;1492	;Disminuir por54.5%	; --%	;306	;Disminuir por55.4%	; --%	;360	;Disminuir por48.9%	; --%	;
58	;(Martes)2026/01/27	;428	;Disminuir por82.5%	; --%	;427	;Disminuir por85.1%	; --%	;1144	;Disminuir por58.2%	; --%	;1377	;Disminuir por57.9%	; --%	;172	;Disminuir por69.3%	; --%	;148	;Disminuir por77.6%	; --%	;
59	;(Miércoles)2026/01/28	;314	;Disminuir por86.0%	; --%	;347	;Disminuir por85.1%	; --%	;1108	;Disminuir por70.6%	; --%	;1332	;Disminuir por65.3%	; --%	;92	;Disminuir por85.4%	; --%	;90	;Disminuir por87.2%	; --%	;
60	;(Jueves)2026/01/29	;480	;Disminuir por78.4%	; --%	;557	;Disminuir por75.3%	; --%	;1180	;Disminuir por49.8%	; --%	;1434	;Disminuir por47.5%	; --%	;167	;Disminuir por70.7%	; --%	;193	;Disminuir por67.6%	; --%	;
61	;(Viernes)2026/01/30	;663	;Disminuir por68.8%	; --%	;760	;Disminuir por62.5%	; --%	;1462	;Disminuir por62.6%	; --%	;1671	;Disminuir por59.6%	; --%	;238	;Disminuir por57.7%	; --%	;276	;Disminuir por51.9%	; --%	;
62	;(Sábado)2026/01/31	;750	;Disminuir por69.2%	; --%	;857	;Disminuir por62.0%	; --%	;1367	;Disminuir por44.5%	; --%	;1496	;Disminuir por41.8%	; --%	;106	;Disminuir por82.1%	; --%	;138	;Disminuir por76.5%	; --%	;
63	;(Domingo)2026/02/01	;878	;Disminuir por61.1%	; --%	;992	;Disminuir por61.2%	; --%	;1251	;Disminuir por60.3%	; --%	;1475	;Disminuir por55.0%	; --%	;228	;Disminuir por67.6%	; --%	;222	;Disminuir por67.8%	; --%	;
64	;(Lunes)2026/02/02	;542	;Disminuir por84.6%	; --%	;560	;Disminuir por85.6%	; --%	;1359	;Disminuir por61.9%	; --%	;1585	;Disminuir por57.0%	; --%	;293	;Disminuir por55.9%	; --%	;360	;Disminuir por42.9%	; --%	;
65	;(Martes)2026/02/03	;486	;Disminuir por85.7%	; --%	;553	;Disminuir por86.1%	; --%	;1260	;Disminuir por60.4%	; --%	;1416	;Disminuir por61.2%	; --%	;247	;Disminuir por57.6%	; --%	;286	;Disminuir por61.5%	; --%	;
66	;(Miércoles)2026/02/04	;405	;Disminuir por94.4%	; --%	;498	;Disminuir por92.8%	; --%	;1157	;Disminuir por56.5%	; --%	;1324	;Disminuir por47.3%	; --%	;215	;Disminuir por72.7%	; --%	;245	;Disminuir por68.1%	; --%	;
67	;(Jueves)2026/02/05	;265	;Disminuir por94.2%	; --%	;304	;Disminuir por94.5%	; --%	;680	;Disminuir por77.3%	; --%	;781	;Disminuir por75.2%	; --%	;101	;Disminuir por85.0%	; --%	;116	;Disminuir por82.8%	; --%	;
68	;(Viernes)2026/02/06	;721	;Disminuir por75.1%	; --%	;864	;Disminuir por71.8%	; --%	;1567	;Disminuir por44.5%	; --%	;1722	;Disminuir por41.6%	; --%	;291	;Disminuir por53.7%	; --%	;275	;Disminuir por58.9%	; --%	;
69	;(Sábado)2026/02/07	;1070	;Disminuir por66.1%	; --%	;1186	;Disminuir por62.6%	; --%	;1596	;Disminuir por50.8%	; --%	;1689	;Disminuir por52.8%	; --%	;250	;Disminuir por63.5%	; --%	;293	;Disminuir por58.1%	; --%	;
70	;(Domingo)2026/02/08	;976	;Disminuir por68.7%	; --%	;1430	;Disminuir por54.9%	; --%	;1397	;Disminuir por56.0%	; --%	;1676	;Disminuir por47.7%	; --%	;262	;Disminuir por60.4%	; --%	;285	;Disminuir por57.7%	; --%	;
71	;(Lunes)2026/02/09	;628	;Disminuir por82.2%	; --%	;716	;Disminuir por81.1%	; --%	;1388	;Disminuir por67.1%	; --%	;1610	;Disminuir por62.3%	; --%	;337	;Disminuir por49.3%	; --%	;453	;Disminuir por39.3%	; --%	;
72	;(Martes)2026/02/10	;616	;Disminuir por80.4%	; --%	;635	;Disminuir por82.7%	; --%	;1298	;Disminuir por56.7%	; --%	;1473	;Disminuir por56.2%	; --%	;291	;Disminuir por55.2%	; --%	;321	;Disminuir por56.2%	; --%	;
73	;(Miércoles)2026/02/11	;498	;Disminuir por80.9%	; --%	;516	;Disminuir por79.1%	; --%	;1224	;Disminuir por58.2%	; --%	;1430	;Disminuir por53.3%	; --%	;295	;Disminuir por58.3%	; --%	;317	;Disminuir por61.8%	; --%	;
74	;(Jueves)2026/02/12	;612	;Disminuir por74.1%	; --%	;712	;Disminuir por69.2%	; --%	;1361	;Disminuir por49.7%	; --%	;1608	;Disminuir por43.6%	; --%	;256	;Disminuir por63.3%	; --%	;267	;Disminuir por62.4%	; --%	;
75	;(Viernes)2026/02/13	;613	;Disminuir por77.3%	; --%	;601	;Disminuir por77.5%	; --%	;1520	;Disminuir por65.6%	; --%	;1779	;Disminuir por60.8%	; --%	;160	;Disminuir por77.6%	; --%	;168	;Disminuir por76.7%	; --%	;
76	;(Sábado)2026/02/14	;388	;Disminuir por86.7%	; --%	;383	;Disminuir por86.7%	; --%	;1083	;Disminuir por65.8%	; --%	;1145	;Disminuir por66.8%	; --%	;24	;Disminuir por96.8%	; --%	;28	;Disminuir por96.5%	; --%	;
77	;(Domingo)2026/02/15	;1165	;Disminuir por69.7%	; --%	;1225	;Disminuir por67.6%	; --%	;1483	;Disminuir por55.7%	; --%	;1802	;Disminuir por47.2%	; --%	;190	;Disminuir por74.0%	; --%	;210	;Disminuir por71.5%	; --%	;
78	;(Lunes)2026/02/16	;975	;Disminuir por77.2%	; --%	;1074	;Disminuir por75.4%	; --%	;1647	;Disminuir por54.3%	; --%	;1857	;Disminuir por50.8%	; --%	;480	;Disminuir por25.2%	; --%	;575	;Disminuir por13.3%	; --%	;
79	;(Martes)2026/02/17	;763	;Disminuir por80.0%	; --%	;927	;Disminuir por79.4%	; --%	;1448	;Disminuir por62.1%	; --%	;1652	;Disminuir por61.4%	; --%	;336	;Disminuir por49.5%	; --%	;328	;Disminuir por57.8%	; --%	;
80	;(Miércoles)2026/02/18	;701	;Disminuir por82.3%	; --%	;716	;Disminuir por81.4%	; --%	;1366	;Disminuir por62.0%	; --%	;1402	;Disminuir por62.1%	; --%	;235	;Disminuir por70.9%	; --%	;247	;Disminuir por73.2%	; --%	;
81	;(Jueves)2026/02/19	;780	;Disminuir por80.3%	; --%	;882	;Disminuir por76.7%	; --%	;1482	;Disminuir por56.8%	; --%	;1431	;Disminuir por60.5%	; --%	;220	;Disminuir por68.8%	; --%	;240	;Disminuir por70.4%	; --%	;
82	;(Viernes)2026/02/20	;844	;Disminuir por70.4%	; --%	;903	;Disminuir por75.1%	; --%	;1649	;Disminuir por47.2%	; --%	;1637	;Disminuir por52.7%	; --%	;276	;Disminuir por26.6%	; --%	;262	;Disminuir por35.1%	; --%	;
83	;(Sábado)2026/02/21	;1287	;Disminuir por55.6%	; --%	;1343	;Disminuir por60.2%	; --%	;2324	;Disminuir por31.7%	; --%	;2325	;Disminuir por33.8%	; --%	;296	;Disminuir por60.1%	; --%	;280	;Disminuir por63.6%	; --%	;
84	;(Domingo)2026/02/22	;1271	;Disminuir por67.1%	; --%	;1494	;Disminuir por64.2%	; --%	;1475	;Disminuir por60.5%	; --%	;1515	;Disminuir por61.9%	; --%	;309	;Disminuir por53.8%	; --%	;267	;Disminuir por62.2%	; --%	;
85	;(Lunes)2026/02/23	;973	;Disminuir por67.7%	; --%	;1038	;Disminuir por70.6%	; --%	;1477	;Disminuir por57.5%	; --%	;1444	;Disminuir por58.3%	; --%	;404	;Aumentar por0.7%	; --%	;440	;Aumentar por12.5%	; --%	;
86	;(Martes)2026/02/24	;724	;Disminuir por81.7%	; --%	;779	;Disminuir por82.2%	; --%	;1336	;Disminuir por61.1%	; --%	;1266	;Disminuir por65.4%	; --%	;288	;Disminuir por57.6%	; --%	;286	;Disminuir por62.0%	; --%	;
87	;(Miércoles)2026/02/25	;532	;Disminuir por86.8%	; --%	;543	;Disminuir por86.1%	; --%	;1292	;Disminuir por61.0%	; --%	;1218	;Disminuir por63.0%	; --%	;172	;Disminuir por79.0%	; --%	;145	;Disminuir por84.3%	; --%	;
88	;(Jueves)2026/02/26	;813	;Disminuir por75.0%	; --%	;876	;Disminuir por75.3%	; --%	;1499	;Disminuir por52.7%	; --%	;1333	;Disminuir por59.7%	; --%	;320	;Disminuir por53.7%	; --%	;268	;Disminuir por64.6%	; --%	;
89	;(Viernes)2026/02/27	;817	;Disminuir por76.9%	; --%	;834	;Disminuir por76.9%	; --%	;1661	;Disminuir por51.3%	; --%	;1565	;Disminuir por55.7%	; --%	;233	;Disminuir por70.4%	; --%	;213	;Disminuir por74.9%	; --%	;
90	;(Sábado)2026/02/28	;1123	;Disminuir por68.8%	; --%	;1141	;Disminuir por69.3%	; --%	;2067	;Disminuir por40.6%	; --%	;1963	;Disminuir por44.8%	; --%	;236	;Disminuir por68.1%	; --%	;237	;Disminuir por69.9%	; --%	;
91	;(Domingo)2026/03/01	;1010	;Disminuir por74.0%	; --%	;1192	;Disminuir por71.3%	; --%	;2154	;Disminuir por40.9%	; --%	;2272	;Disminuir por39.3%	; --%	;295	;Disminuir por59.4%	; --%	;270	;Disminuir por66.4%	; --%	;
92	;(Lunes)2026/03/02	;703	;Disminuir por85.6%	; --%	;680	;Disminuir por87.0%	; --%	;1524	;Disminuir por61.6%	; --%	;1405	;Disminuir por65.3%	; --%	;251	;Disminuir por67.9%	; --%	;245	;Disminuir por69.8%	; --%	;
93	;(Martes)2026/03/03	;260	;Disminuir por93.8%	; --%	;250	;Disminuir por95.0%	; --%	;677	;Disminuir por81.5%	; --%	;502	;Disminuir por87.5%	; --%	;51	;Disminuir por93.2%	; --%	;47	;Disminuir por94.5%	; --%	;
94	;(Miércoles)2026/03/04	;345	;Disminuir por92.8%	; --%	;343	;Disminuir por92.9%	; --%	;1083	;Disminuir por72.4%	; --%	;938	;Disminuir por77.0%	; --%	;62	;Disminuir por92.3%	; --%	;64	;Disminuir por93.3%	; --%	;
95	;(Jueves)2026/03/05	;332	;Disminuir por91.3%	; --%	;343	;Disminuir por92.0%	; --%	;1218	;Disminuir por65.7%	; --%	;1228	;Disminuir por67.3%	; --%	;32	;Disminuir por96.1%	; --%	;35	;Disminuir por96.0%	; --%	;
96	;(Viernes)2026/03/06	;420	;Disminuir por89.1%	; --%	;446	;Disminuir por90.0%	; --%	;1412	;Disminuir por60.3%	; --%	;1333	;Disminuir por65.5%	; --%	;56	;Disminuir por89.9%	; --%	;44	;Disminuir por93.2%	; --%	;
97	;(Sábado)2026/03/07	;306	;Disminuir por93.9%	; --%	;339	;Disminuir por93.9%	; --%	;1139	;Disminuir por73.3%	; --%	;1142	;Disminuir por76.0%	; --%	;41	;Disminuir por93.1%	; --%	;41	;Disminuir por94.0%	; --%	;
98	;(Domingo)2026/03/08	;1005	;Disminuir por79.8%	; --%	;1109	;Disminuir por77.2%	; --%	;1630	;Disminuir por48.6%	; --%	;1531	;Disminuir por55.1%	; --%	;194	;Disminuir por73.7%	; --%	;192	;Disminuir por72.8%	; --%	;
99	;(Lunes)2026/03/09	;746	;Disminuir por86.7%	; --%	;745	;Disminuir por89.5%	; --%	;1451	;Disminuir por59.0%	; --%	;1277	;Disminuir por65.2%	; --%	;341	;Disminuir por59.2%	; --%	;301	;Disminuir por65.2%	; --%	;
100	;(Martes)2026/03/10	;553	;Disminuir por86.9%	; --%	;588	;Disminuir por89.1%	; --%	;1294	;Disminuir por64.5%	; --%	;1105	;Disminuir por72.3%	; --%	;148	;Disminuir por78.9%	; --%	;118	;Disminuir por86.2%	; --%	;
101	;(Miércoles)2026/03/11	;545	;Disminuir por88.5%	; --%	;568	;Disminuir por88.9%	; --%	;1327	;Disminuir por63.1%	; --%	;1077	;Disminuir por70.6%	; --%	;213	;Disminuir por73.3%	; --%	;213	;Disminuir por77.0%	; --%	;
102	;(Jueves)2026/03/12	;691	;Disminuir por82.8%	; --%	;752	;Disminuir por83.1%	; --%	;1418	;Disminuir por64.4%	; --%	;1231	;Disminuir por70.5%	; --%	;235	;Disminuir por69.4%	; --%	;212	;Disminuir por74.3%	; --%	;
103	;(Viernes)2026/03/13	;749	;Disminuir por79.9%	; --%	;778	;Disminuir por82.4%	; --%	;1636	;Disminuir por66.7%	; --%	;1425	;Disminuir por73.0%	; --%	;251	;Disminuir por65.4%	; --%	;204	;Disminuir por74.8%	; --%	;
104	;(Sábado)2026/03/14	;968	;Disminuir por72.6%	; --%	;985	;Disminuir por74.6%	; --%	;1570	;Disminuir por57.6%	; --%	;1420	;Disminuir por64.4%	; --%	;163	;Disminuir por77.5%	; --%	;165	;Disminuir por79.3%	; --%	;
105	;(Domingo)2026/03/15	;1099	;Disminuir por73.8%	; --%	;1315	;Disminuir por70.0%	; --%	;1496	;Disminuir por82.6%	; --%	;1458	;Disminuir por83.4%	; --%	;125	;Disminuir por85.2%	; --%	;147	;Disminuir por83.3%	; --%	;
106	;(Lunes)2026/03/16	;905	;Disminuir por81.7%	; --%	;979	;Disminuir por81.5%	; --%	;1617	;Disminuir por60.0%	; --%	;1427	;Disminuir por66.5%	; --%	;369	;Disminuir por52.8%	; --%	;369	;Disminuir por56.7%	; --%	;
107	;(Martes)2026/03/17	;703	;Disminuir por85.0%	; --%	;791	;Disminuir por85.2%	; --%	;1554	;Disminuir por63.1%	; --%	;1345	;Disminuir por70.4%	; --%	;297	;Disminuir por66.6%	; --%	;225	;Disminuir por74.3%	; --%	;
108	;(Miércoles)2026/03/18	;702	;Disminuir por86.1%	; --%	;804	;Disminuir por87.2%	; --%	;1558	;Disminuir por81.4%	; --%	;1326	;Disminuir por85.3%	; --%	;228	;Disminuir por75.9%	; --%	;206	;Disminuir por82.2%	; --%	;
109	;(Jueves)2026/03/19	;1088	;Disminuir por77.3%	; --%	;1390	;Disminuir por72.5%	; --%	;1441	;Disminuir por71.9%	; --%	;1335	;Disminuir por76.3%	; --%	;242	;Disminuir por74.4%	; --%	;212	;Disminuir por78.1%	; --%	;
110	;(Viernes)2026/03/20	;1102	;Disminuir por78.7%	; --%	;1215	;Disminuir por78.2%	; --%	;1865	;Disminuir por62.3%	; --%	;1706	;Disminuir por69.4%	; --%	;344	;Disminuir por60.4%	; --%	;263	;Disminuir por71.1%	; --%	;
111	;(Sábado)2026/03/21	;1369	;Disminuir por74.7%	; --%	;1577	;Disminuir por73.8%	; --%	;2084	;Disminuir por3.7%	; --%	;1916	;Disminuir por23.5%	; --%	;293	;Disminuir por62.3%	; --%	;238	;Disminuir por73.8%	; --%	;
112	;(Domingo)2026/03/22	;1222	;Disminuir por75.3%	; --%	;1311	;Disminuir por77.2%	; --%	;1699	;Disminuir por56.8%	; --%	;1680	;Disminuir por58.2%	; --%	;306	;Disminuir por64.0%	; --%	;259	;Disminuir por71.9%	; --%	;
113	;(Lunes)2026/03/23	;725	;Disminuir por86.9%	; --%	;722	;Disminuir por88.1%	; --%	;1558	;Disminuir por60.7%	; --%	;1459	;Disminuir por64.7%	; --%	;183	;Disminuir por78.1%	; --%	;157	;Disminuir por83.6%	; --%	;
114	;(Martes)2026/03/24	;703	;Disminuir por85.9%	; --%	;744	;Disminuir por87.3%	; --%	;1540	;Disminuir por61.0%	; --%	;1333	;Disminuir por68.0%	; --%	;320	;Disminuir por61.3%	; --%	;244	;Disminuir por73.9%	; --%	;
115	;(Miércoles)2026/03/25	;388	;Disminuir por92.9%	; --%	;457	;Disminuir por92.0%	; --%	;673	;Disminuir por84.9%	; --%	;758	;Disminuir por83.6%	; --%	;117	;Disminuir por89.2%	; --%	;136	;Disminuir por88.1%	; --%	;
116	;(Jueves)2026/03/26	;707	;Disminuir por85.2%	; --%	;810	;Disminuir por84.0%	; --%	;1614	;Disminuir por71.9%	; --%	;1419	;Disminuir por76.3%	; --%	;244	;Disminuir por73.2%	; --%	;196	;Disminuir por80.6%	; --%	;
117	;(Viernes)2026/03/27	;990	;Disminuir por81.4%	; --%	;1030	;Disminuir por82.1%	; --%	;2088	;Disminuir por49.5%	; --%	;2038	;Disminuir por51.9%	; --%	;331	;Disminuir por61.4%	; --%	;244	;Disminuir por75.4%	; --%	;
118	;(Sábado)2026/03/28	;1826	;Disminuir por56.7%	; --%	;2034	;Disminuir por60.2%	; --%	;2635	;Disminuir por38.5%	; --%	;2635	;Disminuir por43.0%	; --%	;407	;Disminuir por53.7%	; --%	;389	;Disminuir por59.5%	; --%	;
119	;(Domingo)2026/03/29	;1692	;Disminuir por72.9%	; --%	;1918	;Disminuir por71.3%	; --%	;2090	;Disminuir por59.0%	; --%	;2298	;Disminuir por57.0%	; --%	;143	;Disminuir por83.1%	; --%	;172	;Disminuir por82.2%	; --%	;
120	;(Lunes)2026/03/30	;2225	;Disminuir por59.9%	; --%	;2341	;Disminuir por63.2%	; --%	;2477	;Disminuir por41.8%	; --%	;2686	;Disminuir por38.3%	; --%	;436	;Disminuir por47.6%	; --%	;430	;Disminuir por53.5%	; --%	;
121	;(Martes)2026/03/31	;1960	;Disminuir por55.2%	; --%	;2184	;Disminuir por62.0%	; --%	;2475	;Disminuir por32.2%	; --%	;2724	;Disminuir por31.7%	; --%	;355	;Disminuir por54.0%	; --%	;366	;Disminuir por59.8%	; --%	;
122	;(Miércoles)2026/04/01	;2049	;Disminuir por52.0%	; --%	;2156	;Disminuir por57.3%	; --%	;2619	;Disminuir por38.0%	; --%	;2718	;Disminuir por36.5%	; --%	;404	;Disminuir por51.7%	; --%	;389	;Disminuir por60.3%	; --%	;
123	;(Jueves)2026/04/02	;3783	;Disminuir por18.7%	; --%	;4187	;Disminuir por20.9%	; --%	;3320	;Disminuir por19.0%	; --%	;3086	;Disminuir por27.7%	; --%	;463	;Disminuir por36.5%	; --%	;441	;Disminuir por45.1%	; --%	;
124	;(Viernes)2026/04/03	;6139	;Aumentar por27.3%	; --%	;6967	;Aumentar por24.8%	; --%	;4167	;Disminuir por12.9%	; --%	;4223	;Disminuir por20.3%	; --%	;653	;Disminuir por17.3%	; --%	;659	;Disminuir por23.5%	; --%	;
125	;(Sábado)2026/04/04	;6208	;Aumentar por37.8%	; --%	;7035	;Aumentar por19.6%	; --%	;4012	;Disminuir por3.4%	; --%	;4260	;Disminuir por5.9%	; --%	;697	;Disminuir por13.2%	; --%	;747	;Disminuir por18.6%	; --%	;
126	;(Domingo)2026/04/05	;5115	;Aumentar por10.3%	; --%	;5676	;Aumentar por1.5%	; --%	;3890	;Disminuir por39.1%	; --%	;4451	;Disminuir por32.9%	; --%	;677	;Disminuir por18.0%	; --%	;702	;Disminuir por23.4%	; --%	;
127	;(Lunes)2026/04/06	;3085	;Disminuir por33.7%	; --%	;3373	;Disminuir por41.3%	; --%	;2886	;Disminuir por29.4%	; --%	;3220	;Disminuir por24.7%	; --%	;646	;Disminuir por13.4%	; --%	;663	;Disminuir por26.3%	; --%	;
128	;(Martes)2026/04/07	;1802	;Disminuir por53.3%	; --%	;2015	;Disminuir por54.3%	; --%	;1975	;Disminuir por42.8%	; --%	;2216	;Disminuir por38.6%	; --%	;449	;Disminuir por33.8%	; --%	;485	;Disminuir por35.8%	; --%	;
129	;(Miércoles)2026/04/08	;1482	;Disminuir por72.7%	; --%	;1752	;Disminuir por67.4%	; --%	;1971	;Disminuir por53.3%	; --%	;2169	;Disminuir por51.3%	; --%	;427	;Disminuir por52.4%	; --%	;413	;Disminuir por57.3%	; --%	;
130	;(Jueves)2026/04/09	;1575	;Disminuir por58.0%	; --%	;1628	;Disminuir por62.3%	; --%	;2024	;Disminuir por44.9%	; --%	;2120	;Disminuir por43.4%	; --%	;479	;Disminuir por40.0%	; --%	;439	;Disminuir por49.4%	; --%	;
131	;(Viernes)2026/04/10	;1790	;Disminuir por53.7%	; --%	;1771	;Disminuir por64.8%	; --%	;2569	;Disminuir por29.2%	; --%	;2708	;Disminuir por28.7%	; --%	;482	;Disminuir por30.4%	; --%	;500	;Disminuir por40.3%	; --%	;
132	;(Sábado)2026/04/11	;2214	;Disminuir por43.0%	; --%	;2360	;Disminuir por46.8%	; --%	;2482	;Disminuir por33.8%	; --%	;2710	;Disminuir por30.0%	; --%	;535	;Disminuir por32.1%	; --%	;534	;Disminuir por36.4%	; --%	;
133	;(Domingo)2026/04/12	;1021	;Disminuir por73.4%	; --%	;1061	;Disminuir por76.4%	; --%	;1726	;Disminuir por55.1%	; --%	;2061	;Disminuir por47.4%	; --%	;103	;Disminuir por87.5%	; --%	;135	;Disminuir por84.7%	; --%	;
134	;(Lunes)2026/04/13	;1167	;Disminuir por71.3%	; --%	;1285	;Disminuir por71.1%	; --%	;1732	;Disminuir por52.6%	; --%	;1904	;Disminuir por48.0%	; --%	;215	;Disminuir por71.1%	; --%	;199	;Disminuir por77.3%	; --%	;
135	;(Martes)2026/04/14	;945	;Disminuir por70.5%	; --%	;945	;Disminuir por75.8%	; --%	;1711	;Disminuir por45.7%	; --%	;1648	;Disminuir por54.0%	; --%	;298	;Disminuir por58.4%	; --%	;285	;Disminuir por65.7%	; --%	;
136	;(Miércoles)2026/04/15	;1122	;Disminuir por63.1%	; --%	;1120	;Disminuir por67.5%	; --%	;3354	;Disminuir por10.5%	; --%	;1822	;Disminuir por49.4%	; --%	;523	;Disminuir por27.6%	; --%	;286	;Disminuir por66.0%	; --%	;
137	;(Jueves)2026/04/16	;1038	;Disminuir por70.3%	; --%	;1067	;Disminuir por74.3%	; --%	;3808	;Aumentar por19.6%	; --%	;2112	;Disminuir por37.1%	; --%	;539	;Disminuir por22.3%	; --%	;332	;Disminuir por58.0%	; --%	;
138	;(Viernes)2026/04/17	;1366	;Disminuir por66.8%	; --%	;1491	;Disminuir por66.2%	; --%	;4490	;Aumentar por18.0%	; --%	;2704	;Disminuir por33.4%	; --%	;629	;Disminuir por14.3%	; --%	;412	;Disminuir por49.4%	; --%	;
139	;(Sábado)2026/04/18	;1802	;Disminuir por36.2%	;Aumentar por2020.0%	;1914	;Disminuir por41.5%	;Aumentar por498.1%	;4426	;Aumentar por28.9%	;Aumentar por7401.7%	;3205	;Disminuir por13.8%	;Aumentar por1785.3%	;662	;Disminuir por2.2%	;Aumentar por8175.0%	;334	;Disminuir por56.9%	;Aumentar por676.7%	;
140	;(Domingo)2026/04/19	;1498	;Disminuir por53.1%	;Disminuir por75.9%	;1613	;Disminuir por53.9%	;Disminuir por75.2%	;3766	;Disminuir por2.2%	;Disminuir por5.7%	;2754	;Disminuir por31.7%	;Disminuir por32.8%	;603	;Aumentar por39.6%	;Disminuir por15.5%	;413	;Disminuir por12.7%	;Disminuir por45.9%	;
141	;(Lunes)2026/04/20	;1129	;Disminuir por71.1%	;Disminuir por80.4%	;1155	;Disminuir por73.2%	;Disminuir por81.9%	;3453	;Disminuir por10.8%	;Disminuir por13.3%	;2047	;Disminuir por43.9%	;Disminuir por51.9%	;592	;Disminuir por31.2%	;Disminuir por17.1%	;386	;Disminuir por57.3%	;Disminuir por45.9%	;
142	;(Martes)2026/04/21	;911	;Disminuir por75.8%	;Disminuir por69.4%	;997	;Disminuir por77.0%	;Disminuir por72.6%	;3199	;Disminuir por5.5%	;Disminuir por8.2%	;1968	;Disminuir por51.6%	;Disminuir por47.2%	;527	;Disminuir por42.2%	;Disminuir por19.9%	;330	;Disminuir por70.0%	;Disminuir por53.8%	;
143	;(Miércoles)2026/04/22	;855	;Disminuir por65.5%	;Disminuir por55.3%	;926	;Disminuir por71.4%	;Disminuir por46.9%	;3162	;Disminuir por1.1%	;Aumentar por39.8%	;1880	;Disminuir por43.8%	;Disminuir por23.0%	;448	;Disminuir por37.0%	;Aumentar por38.3%	;297	;Disminuir por63.5%	;Disminuir por14.9%	;
144	;(Jueves)2026/04/23	;1582	;Disminuir por54.7%	;Disminuir por24.5%	;1733	;Disminuir por51.2%	;Disminuir por20.4%	;3681	;Aumentar por14.2%	;Aumentar por58.1%	;2268	;Disminuir por32.9%	;Disminuir por11.1%	;488	;Disminuir por26.7%	;Disminuir por3.9%	;327	;Disminuir por52.6%	;Disminuir por32.6%	;
145	;(Viernes)2026/04/24	;1465	;Disminuir por58.4%	;Disminuir por19.9%	;1954	;Disminuir por50.6%	;Disminuir por2.3%	;4180	;Aumentar por6.2%	;Aumentar por57.6%	;2984	;Disminuir por25.4%	;Aumentar por6.3%	;544	;Disminuir por39.0%	;Aumentar por4.0%	;402	;Disminuir por53.2%	;Disminuir por22.7%	;
146	;(Sábado)2026/04/25	;2389	;Disminuir por39.1%	;Aumentar por16.3%	;3435	;Disminuir por19.5%	;Aumentar por67.2%	;3646	;Disminuir por10.3%	;Aumentar por35.3%	;2439	;Disminuir por41.9%	;Disminuir por13.3%	;1208	;Aumentar por37.1%	;Aumentar por131.9%	;705	;Disminuir por27.0%	;Aumentar por32.5%	;
147	;(Domingo)2026/04/26	;4163	;Disminuir por9.7%	;Aumentar por47.4%	;4551	;Aumentar por5.3%	;Aumentar por56.7%	;1677	;Disminuir por55.4%	;Disminuir por41.2%	;1276	;Disminuir por69.2%	;Disminuir por58.0%	;1253	;Disminuir por2.0%	;Aumentar por127.4%	;1573	;Aumentar por36.7%	;Aumentar por162.6%	;
148	;(Lunes)2026/04/27	;1259	;Disminuir por78.1%	;Disminuir por51.0%	;1537	;Disminuir por74.8%	;Disminuir por48.0%	;3138	;Disminuir por10.4%	;Aumentar por25.9%	;2144	;Disminuir por40.4%	;Disminuir por24.1%	;626	;Disminuir por31.4%	;Aumentar por50.8%	;479	;Disminuir por51.2%	;Aumentar por2.1%	;
149	;(Martes)2026/04/28	;1172	;Disminuir por69.3%	;Aumentar por36.3%	;1264	;Disminuir por76.2%	;Aumentar por124.5%	;2875	;Disminuir por4.3%	;Aumentar por215.6%	;1785	;Disminuir por47.2%	;Aumentar por145.5%	;492	;Disminuir por41.4%	;Aumentar por69.7%	;355	;Disminuir por66.8%	;Aumentar por100.6%	;
150	;(Miércoles)2026/04/29	;1012	;Disminuir por63.7%	;Aumentar por46.5%	;1119	;Disminuir por63.5%	;Aumentar por44.9%	;3107	;Aumentar por28.2%	;Aumentar por183.2%	;2076	;Disminuir por17.2%	;Aumentar por47.1%	;443	;Disminuir por47.9%	;Aumentar por78.6%	;288	;Disminuir por69.6%	;Disminuir por1.4%	;
151	;(Jueves)2026/04/30	;1515	;Disminuir por35.1%	;Aumentar por33.8%	;1673	;Disminuir por28.0%	;Aumentar por45.2%	;3628	;Aumentar por50.0%	;Aumentar por68.1%	;2561	;Disminuir por1.4%	;Aumentar por13.1%	;581	;Disminuir por7.6%	;Aumentar por47.1%	;373	;Disminuir por43.1%	;Disminuir por7.7%	;
152	;(Viernes)2026/05/01	;3675	;Aumentar por80.6%	;Aumentar por58.8%	;4293	;Aumentar por103.7%	;Aumentar por22.9%	;4883	;Aumentar por23.8%	;Aumentar por40.1%	;3866	;Disminuir por7.3%	;Aumentar por7.4%	;505	;Disminuir por9.7%	;Aumentar por2.2%	;407	;Disminuir por35.7%	;Disminuir por26.7%	;
153	;(Sábado)2026/05/02	;3060	;Aumentar por56.9%	;Disminuir por15.4%	;3697	;Aumentar por74.6%	;Disminuir por9.7%	;4314	;Aumentar por73.3%	;Aumentar por24.2%	;3656	;Aumentar por40.8%	;Disminuir por1.9%	;472	;Disminuir por25.1%	;Aumentar por40.1%	;348	;Disminuir por47.6%	;Aumentar por0.6%	;
154	;(Domingo)2026/05/03	;1666	;Disminuir por41.7%	;Disminuir por53.7%	;2020	;Disminuir por26.7%	;Disminuir por52.7%	;3438	;Aumentar por24.6%	;Aumentar por1.9%	;2915	;Aumentar por4.3%	;Disminuir por13.4%	;357	;Disminuir por51.6%	;Disminuir por49.0%	;276	;Disminuir por63.3%	;Disminuir por57.1%	;
155	;(Lunes)2026/05/04	;896	;Disminuir por72.7%	;Disminuir por57.5%	;1088	;Disminuir por76.0%	;Disminuir por54.6%	;694	;Disminuir por80.4%	;Disminuir por69.8%	;283	;Disminuir por92.1%	;Disminuir por89.3%	;120	;Disminuir por86.9%	;Disminuir por73.8%	;76	;Disminuir por91.6%	;Disminuir por83.7%	;
156	;(Martes)2026/05/05	;733	;Disminuir por80.3%	;Disminuir por41.2%	;1014	;Disminuir por75.2%	;Disminuir por19.5%	;1	;Disminuir por100.0%	;Disminuir por99.9%	;3	;Disminuir por99.9%	;Disminuir por99.9%	;27	;Disminuir por95.5%	;Disminuir por94.2%	;78	;Disminuir por89.5%	;Disminuir por84.0%	;
157	;(Miércoles)2026/05/06	;662	;Disminuir por79.2%	;Disminuir por45.1%	;1044	;Disminuir por68.4%	;Disminuir por9.1%	;1	;Disminuir por100.0%	;Disminuir por99.9%	;1	;Disminuir por100.0%	;Disminuir por100.0%	;16	;Disminuir por97.6%	;Disminuir por96.0%	;88	;Disminuir por87.9%	;Disminuir por77.6%	;
158	;(Jueves)2026/05/07	;665	;Disminuir por73.3%	;Disminuir por32.0%	;969	;Disminuir por61.0%	;Aumentar por8.8%	;1	;Disminuir por100.0%	;Disminuir por99.9%	;1	;Disminuir por100.0%	;Disminuir por99.9%	;25	;Disminuir por95.6%	;Disminuir por94.0%	;79	;Disminuir por85.8%	;Disminuir por81.5%	;
159	;(Viernes)2026/05/08	;1038	;Disminuir por52.9%	;Aumentar por9.0%	;1602	;Disminuir por32.1%	;Aumentar por79.4%	;0	;Disminuir por100.0%	;Disminuir por100.0%	;0	;Disminuir por100.0%	;Disminuir por100.0%	;60	;Disminuir por88.3%	;Disminuir por76.7%	;133	;Disminuir por76.4%	;Disminuir por47.0%	;
160	;(Sábado)2026/05/09	;1192	;Disminuir por47.6%	;Disminuir por20.7%	;1898	;Disminuir por18.1%	;Aumentar por17.5%	;1	;Disminuir por100.0%	;Disminuir por100.0%	;1	;Disminuir por100.0%	;Disminuir por100.0%	;12	;Disminuir por97.8%	;Disminuir por97.3%	;55	;Disminuir por90.1%	;Disminuir por86.9%	;
161	;(Domingo)2026/05/10	;1676	;Disminuir por34.7%	;Disminuir por18.6%	;2322	;Disminuir por10.4%	;Aumentar por6.0%	;2	;Disminuir por99.9%	;Disminuir por99.9%	;3	;Disminuir por99.9%	;Disminuir por99.9%	;74	;Disminuir por88.7%	;Disminuir por79.9%	;223	;Disminuir por66.2%	;Disminuir por44.9%	;
162	;(Lunes)2026/05/11	;866	;Disminuir por70.9%	;Disminuir por56.3%	;1301	;Disminuir por58.0%	;Disminuir por41.9%	;11	;Disminuir por99.6%	;Disminuir por99.5%	;7	;Disminuir por99.7%	;Disminuir por99.7%	;53	;Disminuir por91.8%	;Disminuir por86.2%	;168	;Disminuir por76.9%	;Disminuir por56.6%	;
163	;(Martes)2026/05/12	;586	;Disminuir por70.3%	;Disminuir por56.3%	;846	;Disminuir por59.0%	;Disminuir por37.6%	;3	;Disminuir por99.9%	;Disminuir por99.8%	;4	;Disminuir por99.8%	;Disminuir por99.8%	;28	;Disminuir por94.0%	;Disminuir por94.6%	;120	;Disminuir por76.9%	;Disminuir por76.9%	;
164	;(Miércoles)2026/05/13	;529	;Disminuir por43.7%	;Disminuir por54.2%	;1074	;Aumentar por5.8%	;Disminuir por8.6%	;1	;Disminuir por99.9%	;Disminuir por99.9%	;1	;Disminuir por99.9%	;Disminuir por99.9%	;29	;Disminuir por39.6%	;Disminuir por92.9%	;134	;Aumentar por139.3%	;Disminuir por65.7%	;
165	;(Jueves)2026/05/14	;772	;Disminuir por54.0%	;Disminuir por23.3%	;1254	;Disminuir por18.3%	;Aumentar por20.2%	;8	;Disminuir por99.6%	;Disminuir por99.6%	;7	;Disminuir por99.7%	;Disminuir por99.6%	;97	;Disminuir por79.1%	;Disminuir por73.4%	;243	;Disminuir por47.9%	;Disminuir por36.9%	;
166	;(Viernes)2026/05/15	;1294	;Disminuir por8.4%	;Aumentar por9.8%	;1984	;Aumentar por45.6%	;Aumentar por57.5%	;3	;Disminuir por99.8%	;Disminuir por99.8%	;4	;Disminuir por99.8%	;Disminuir por99.8%	;28	;Disminuir por94.4%	;Disminuir por93.7%	;130	;Disminuir por74.8%	;Disminuir por70.1%	;
167	;(Sábado)2026/05/16	;1659	;Aumentar por18.8%	;Aumentar por2.4%	;2605	;Aumentar por79.5%	;Aumentar por53.1%	;149	;Disminuir por92.2%	;Disminuir por94.1%	;152	;Disminuir por92.5%	;Disminuir por94.1%	;117	;Disminuir por76.9%	;Disminuir por75.7%	;202	;Disminuir por62.5%	;Disminuir por60.2%	;
168	;(Domingo)2026/05/17	;1233	;Disminuir por26.1%	;Disminuir por48.6%	;2059	;Aumentar por24.4%	;Disminuir por21.4%	;7	;Disminuir por99.7%	;Disminuir por99.7%	;8	;Disminuir por99.6%	;Disminuir por99.7%	;135	;Disminuir por75.2%	;Disminuir por78.8%	;251	;Disminuir por56.2%	;Disminuir por64.3%	;
169	;(Lunes)2026/05/18	;924	;Disminuir por59.8%	;Disminuir por54.5%	;1416	;Disminuir por39.2%	;Disminuir por34.0%	;5	;Disminuir por99.8%	;Disminuir por99.8%	;5	;Disminuir por99.8%	;Disminuir por99.8%	;55	;Disminuir por90.0%	;Disminuir por87.6%	;176	;Disminuir por70.3%	;Disminuir por62.5%	;
170	;(Martes)2026/05/19	;654	;Disminuir por69.7%	;Disminuir por65.2%	;1067	;Disminuir por54.1%	;Disminuir por37.3%	;12	;Disminuir por99.4%	;Disminuir por99.4%	;11	;Disminuir por99.5%	;Disminuir por99.5%	;42	;Disminuir por91.1%	;Disminuir por92.5%	;121	;Disminuir por75.5%	;Disminuir por79.8%	;
171	;(Miércoles)2026/05/20	;560	;Disminuir por72.3%	;Disminuir por51.0%	;974	;Disminuir por51.0%	;Disminuir por1.5%	;2	;Disminuir por99.9%	;Disminuir por99.9%	;2	;Disminuir por99.9%	;Disminuir por99.9%	;26	;Disminuir por95.6%	;Disminuir por92.7%	;138	;Disminuir por78.2%	;Disminuir por64.9%	;
172	;(Jueves)2026/05/21	;627	;Disminuir por54.0%	;Disminuir por43.7%	;1094	;Disminuir por17.4%	;Disminuir por7.7%	;6	;Disminuir por99.7%	;Disminuir por99.7%	;12	;Disminuir por99.3%	;Disminuir por99.4%	;30	;Disminuir por92.9%	;Disminuir por92.0%	;123	;Disminuir por74.7%	;Disminuir por71.6%	;
173	;(Viernes)2026/05/22	;962	;Aumentar por12.8%	;Disminuir por29.8%	;1655	;Aumentar por128.9%	;Aumentar por29.2%	;7	;Disminuir por99.5%	;Disminuir por99.6%	;16	;Disminuir por98.9%	;Disminuir por99.2%	;51	;Disminuir por86.1%	;Disminuir por88.1%	;132	;Disminuir por64.5%	;Disminuir por67.4%	;
174	;(Sábado)2026/05/23	;1369	;Disminuir por18.1%	;Disminuir por16.5%	;2227	;Aumentar por31.5%	;Aumentar por40.7%	;2	;Disminuir por99.9%	;Disminuir por99.9%	;5	;Disminuir por99.7%	;Disminuir por99.8%	;76	;Disminuir por70.9%	;Disminuir por84.6%	;164	;Disminuir por45.3%	;Disminuir por68.0%	;
175	;(Domingo)2026/05/24	;1545	;Disminuir por16.2%	;Disminuir por41.3%	;2757	;Aumentar por36.8%	;Aumentar por5.3%	;3	;Disminuir por99.9%	;Disminuir por99.9%	;4	;Disminuir por99.8%	;Disminuir por99.9%	;95	;Disminuir por65.3%	;Disminuir por83.8%	;215	;Disminuir por32.8%	;Disminuir por62.7%	;
176	;(Lunes)2026/05/25	;918	;Disminuir por9.3%	;Disminuir por57.0%	;1689	;Aumentar por47.3%	;Disminuir por30.5%	;10	;Disminuir por99.4%	;Disminuir por99.6%	;12	;Disminuir por99.4%	;Disminuir por99.5%	;92	;Disminuir por20.7%	;Disminuir por81.3%	;190	;Aumentar por35.7%	;Disminuir por62.2%	;
177	;(Martes)2026/05/26	;762	;Disminuir por21.7%	;Disminuir por62.3%	;1247	;Aumentar por23.8%	;Disminuir por31.9%	;50	;Disminuir por96.9%	;Disminuir por97.5%	;50	;Disminuir por97.4%	;Disminuir por97.7%	;55	;Disminuir por45.0%	;Disminuir por90.4%	;130	;Aumentar por26.2%	;Disminuir por78.8%	;
178	;(Miércoles)2026/05/27	;533	;Disminuir por36.2%	;Disminuir por60.7%	;1099	;Aumentar por50.5%	;Disminuir por8.9%	;4	;Disminuir por99.8%	;Disminuir por99.8%	;5	;Disminuir por99.7%	;Disminuir por99.7%	;18	;Disminuir por90.0%	;Disminuir por96.1%	;88	;Disminuir por56.4%	;Disminuir por81.6%	;
179	;(Jueves)2026/05/28	;624	;Disminuir por43.8%	;Disminuir por52.4%	;1141	;Aumentar por4.7%	;Disminuir por5.4%	;6	;Disminuir por99.7%	;Disminuir por99.7%	;8	;Disminuir por99.6%	;Disminuir por99.6%	;32	;Disminuir por91.8%	;Disminuir por91.7%	;111	;Disminuir por71.8%	;Disminuir por71.1%	;
180	;(Viernes)2026/05/29	;1167	;Aumentar por18.0%	;Disminuir por17.6%	;1928	;Aumentar por90.5%	;Aumentar por31.8%	;4	;Disminuir por99.8%	;Disminuir por99.8%	;4	;Disminuir por99.7%	;Disminuir por99.8%	;37	;Disminuir por91.8%	;Disminuir por92.3%	;113	;Disminuir por75.7%	;Disminuir por78.0%	;
181	;(Sábado)2026/05/30	;1747	;Aumentar por11.1%	;Disminuir por10.1%	;3014	;Aumentar por77.8%	;Aumentar por44.6%	;1	;Disminuir por99.8%	;Disminuir por100.0%	;1	;Disminuir por99.8%	;Disminuir por100.0%	;21	;Disminuir por94.6%	;Disminuir por96.3%	;118	;Disminuir por69.4%	;Disminuir por80.4%	;
182	;(Domingo)2026/05/31	;1135	;Disminuir por64.3%	;Disminuir por56.8%	;2307	;Disminuir por19.3%	;Disminuir por26.4%	;2	;Disminuir por99.1%	;Disminuir por99.9%	;2	;Disminuir por99.3%	;Disminuir por99.9%	;25	;Disminuir por94.7%	;Disminuir por96.4%	;106	;Disminuir por89.5%	;Disminuir por82.7%	;
183	;(Lunes)2026/06/01	;60	;Disminuir por98.8%	;Disminuir por97.7%	;212	;Disminuir por95.6%	;Disminuir por93.6%	;0	;Disminuir por100.0%	;Disminuir por100.0%	;0	;Disminuir por100.0%	;Disminuir por100.0%	;2	;Disminuir por99.5%	;Disminuir por99.6%	;10	;Disminuir por99.5%	;Disminuir por98.3%	;
184	;(Martes)2026/06/02	;579	;Disminuir por80.1%	;Disminuir por71.8%	;1363	;Disminuir por63.7%	;Disminuir por31.2%	;0	;Disminuir por100.0%	;Disminuir por100.0%	;0	;Disminuir por100.0%	;Disminuir por100.0%	;20	;Disminuir por92.3%	;Disminuir por96.8%	;104	;Disminuir por91.4%	;Disminuir por84.2%	;
185	;(Miércoles)2026/06/03	;713	;Disminuir por55.2%	;Disminuir por52.2%	;1445	;Disminuir por11.7%	;Disminuir por14.9%	;3	;Disminuir por99.8%	;Disminuir por99.9%	;3	;Disminuir por99.8%	;Disminuir por99.9%	;11	;Disminuir por97.8%	;Disminuir por97.4%	;103	;Disminuir por81.1%	;Disminuir por77.9%	;
186	;(Jueves)2026/06/04	;887	;Disminuir por21.1%	;Disminuir por46.8%	;1729	;Aumentar por33.8%	;Disminuir por0.6%	;3	;Disminuir por99.8%	;Disminuir por99.8%	;5	;Disminuir por99.7%	;Disminuir por99.8%	;13	;Disminuir por97.1%	;Disminuir por97.3%	;122	;Disminuir por73.0%	;Disminuir por75.1%	;
187	;(Viernes)2026/06/05	;948	;Disminuir por1.8%	;Disminuir por40.0%	;2104	;Aumentar por103.7%	;Aumentar por19.5%	;34	;Disminuir por97.9%	;Disminuir por98.8%	;35	;Disminuir por97.8%	;Disminuir por98.9%	;6	;Disminuir por98.6%	;Disminuir por98.8%	;37	;Disminuir por91.3%	;Disminuir por92.9%	;
188	;(Sábado)2026/06/06	;2033	;Aumentar por115.1%	;Disminuir por22.7%	;3549	;Aumentar por274.8%	;Aumentar por38.4%	;0	;Disminuir por100.0%	;Disminuir por100.0%	;0	;Disminuir por100.0%	;Disminuir por100.0%	;42	;Disminuir por88.2%	;Disminuir por93.3%	;128	;Disminuir por67.7%	;Disminuir por76.6%	;
189	;(Domingo)2026/06/07	;1464	;Disminuir por12.9%	;Disminuir por72.4%	;3810	;Aumentar por113.7%	;Disminuir por18.3%	;51	;Disminuir por97.5%	;Disminuir por97.2%	;56	;Disminuir por97.2%	;Disminuir por96.9%	;56	;Disminuir por88.1%	;Disminuir por89.6%	;209	;Disminuir por56.1%	;Disminuir por56.3%	;
190	;(Lunes)2026/06/08	;1154	;Disminuir por44.3%	;Disminuir por69.3%	;2587	;Aumentar por8.9%	;Disminuir por51.1%	;528	;Disminuir por79.1%	;Disminuir por81.5%	;530	;Disminuir por79.7%	;Disminuir por83.4%	;28	;Disminuir por94.5%	;Disminuir por95.5%	;127	;Disminuir por77.7%	;Disminuir por82.8%	;
191	;(Martes)2026/06/09	;930	;Disminuir por3.0%	;Disminuir por69.7%	;1978	;Aumentar por49.5%	;Disminuir por40.8%	;2	;Disminuir por99.9%	;Disminuir por99.9%	;3	;Disminuir por99.9%	;Disminuir por99.9%	;10	;Disminuir por94.9%	;Disminuir por98.3%	;83	;Disminuir por54.4%	;Disminuir por88.1%	;
192	;(Miércoles)2026/06/10	;877	;Disminuir por4.0%	;Disminuir por53.8%	;1912	;Aumentar por135.2%	;Disminuir por5.3%	;2	;Disminuir por99.8%	;Disminuir por99.9%	;2	;Disminuir por99.8%	;Disminuir por99.9%	;17	;Disminuir por95.5%	;Disminuir por96.7%	;84	;Disminuir por80.4%	;Disminuir por83.4%	;
193	;(Jueves)2026/06/11	;1141	;Aumentar por114000.0%	;Disminuir por45.9%	;2149	;Aumentar por107350.0%	;Aumentar por3.5%	;2	;Sin cambios	;Disminuir por99.9%	;3	;Aumentar por50.0%	;Disminuir por99.9%	;44	; --%	;Disminuir por91.2%	;114	;Aumentar por11300.0%	;Disminuir por77.7%	;
194	;(Viernes)2026/06/12	;1263	;Aumentar por83.8%	;Disminuir por36.6%	;2569	;Aumentar por300.8%	;Aumentar por34.6%	;9	;Disminuir por99.4%	;Disminuir por99.7%	;30	;Disminuir por98.2%	;Disminuir por99.0%	;26	;Disminuir por91.2%	;Disminuir por95.3%	;90	;Disminuir por74.3%	;Disminuir por84.3%	;
195	;(Sábado)2026/06/13	;2282	;Aumentar por243.7%	;Disminuir por12.7%	;3977	;Aumentar por453.1%	;Aumentar por55.8%	;16	;Disminuir por98.9%	;Disminuir por99.4%	;20	;Disminuir por98.7%	;Disminuir por99.3%	;53	;Disminuir por84.3%	;Disminuir por91.8%	;137	;Disminuir por60.9%	;Disminuir por79.4%	;
196	;(Domingo)2026/06/14	;1542	;Aumentar por51.9%	;Disminuir por54.2%	;3533	;Aumentar por177.1%	;Aumentar por4.1%	;22	;Disminuir por98.9%	;Disminuir por99.3%	;26	;Disminuir por98.7%	;Disminuir por99.2%	;26	;Disminuir por93.7%	;Disminuir por96.2%	;115	;Disminuir por74.1%	;Disminuir por83.7%	;
197	;(Lunes)2026/06/15	;1235	;Disminuir por19.6%	;Disminuir por49.4%	;2523	;Aumentar por46.2%	;Disminuir por11.8%	;35	;Disminuir por98.4%	;Disminuir por98.7%	;70	;Disminuir por97.0%	;Disminuir por97.9%	;47	;Disminuir por88.9%	;Disminuir por91.6%	;135	;Disminuir por69.0%	;Disminuir por79.6%	;
198	;(Martes)2026/06/16	;1100	;Disminuir por8.0%	;Disminuir por50.9%	;2040	;Aumentar por37.8%	;Disminuir por12.6%	;84	;Disminuir por95.4%	;Disminuir por97.8%	;61	;Disminuir por97.0%	;Disminuir por98.4%	;26	;Disminuir por92.9%	;Disminuir por95.9%	;112	;Disminuir por72.1%	;Disminuir por84.0%	;
199	;(Miércoles)2026/06/17	;1087	;Aumentar por41.0%	;Disminuir por51.0%	;1901	;Aumentar por95.4%	;Disminuir por15.8%	;194	;Disminuir por88.1%	;Disminuir por91.7%	;178	;Disminuir por89.8%	;Disminuir por93.5%	;9	;Disminuir por97.9%	;Disminuir por98.4%	;93	;Disminuir por82.7%	;Disminuir por84.4%	;
200	;(Jueves)2026/06/18	;990	;Aumentar por40.0%	;Disminuir por53.5%	;2008	;Aumentar por140.8%	;Disminuir por0.9%	;8	;Disminuir por99.5%	;Disminuir por99.8%	;5	;Disminuir por99.7%	;Disminuir por99.9%	;24	;Disminuir por92.2%	;Disminuir por95.7%	;111	;Disminuir por66.8%	;Disminuir por80.7%	;
201	;(Viernes)2026/06/19	;1350	;Aumentar por129.6%	;Disminuir por44.6%	;2401	;Aumentar por328.0%	;Aumentar por6.3%	;1	;Disminuir por99.9%	;Disminuir por100.0%	;2	;Disminuir por99.9%	;Disminuir por99.9%	;40	;Disminuir por83.7%	;Disminuir por93.3%	;122	;Disminuir por52.5%	;Disminuir por79.2%	;
202	;(Sábado)2026/06/20	;2381	;Aumentar por285.9%	;Aumentar por5.6%	;3977	;Aumentar por425.4%	;Aumentar por55.6%	;13	;Disminuir por99.1%	;Disminuir por99.6%	;14	;Disminuir por99.2%	;Disminuir por99.6%	;47	;Disminuir por82.5%	;Disminuir por93.3%	;131	;Disminuir por56.0%	;Disminuir por81.0%	;
203	;(Domingo)2026/06/21	;1879	;Aumentar por119.5%	;Disminuir por46.7%	;3658	;Aumentar por300.7%	;Disminuir por5.6%	;270	;Disminuir por84.8%	;Disminuir por92.4%	;279	;Disminuir por85.2%	;Disminuir por92.4%	;116	;Disminuir por66.1%	;Disminuir por82.6%	;181	;Disminuir por51.3%	;Disminuir por71.3%	;
204	;(Lunes)2026/06/22	;1811	;Aumentar por56.0%	;Disminuir por46.6%	;3286	;Aumentar por207.1%	;Disminuir por17.1%	;69	;Disminuir por97.1%	;Disminuir por97.8%	;69	;Disminuir por97.3%	;Disminuir por98.1%	;27	;Disminuir por89.1%	;Disminuir por95.4%	;144	;Disminuir por45.5%	;Disminuir por80.6%	;
205	;(Martes)2026/06/23	;3497	;Aumentar por207.0%	;Disminuir por51.9%	;4994	;Aumentar por270.7%	;Disminuir por27.9%	;37	;Disminuir por97.8%	;Disminuir por98.6%	;38	;Disminuir por97.9%	;Disminuir por98.5%	;43	;Disminuir por86.8%	;Disminuir por94.5%	;121	;Disminuir por65.2%	;Disminuir por84.2%	;
206	;(Miércoles)2026/06/24	;3318	;Aumentar por300.7%	;Disminuir por27.2%	;5573	;Aumentar por466.9%	;Aumentar por0.4%	;3	;Disminuir por99.8%	;Disminuir por99.9%	;3	;Disminuir por99.8%	;Disminuir por99.9%	;22	;Disminuir por94.9%	;Disminuir por96.7%	;113	;Disminuir por75.9%	;Disminuir por83.2%	;
207	;(Jueves)2026/06/25	;1428	;Aumentar por112.8%	;Disminuir por50.6%	;3067	;Aumentar por296.8%	;Sin cambios	;169	;Disminuir por89.1%	;Disminuir por94.0%	;170	;Disminuir por89.8%	;Disminuir por94.2%	;24	;Disminuir por92.5%	;Disminuir por96.2%	;102	;Disminuir por71.5%	;Disminuir por84.8%	;
208	;(Viernes)2026/06/26	;1267	;Aumentar por131.6%	;Disminuir por59.9%	;2937	;Aumentar por376.8%	;Disminuir por7.5%	;2	;Disminuir por99.9%	;Disminuir por99.9%	;5	;Disminuir por99.7%	;Disminuir por99.9%	;25	;Disminuir por90.5%	;Disminuir por96.4%	;93	;Disminuir por69.3%	;Disminuir por86.7%	;
209	;(Sábado)2026/06/27	;1948	;Aumentar por208.2%	;Disminuir por37.5%	;3921	;Aumentar por565.7%	;Aumentar por23.7%	;1233	;Disminuir por16.2%	;Disminuir por61.2%	;1298	;Disminuir por17.8%	;Disminuir por59.5%	;44	;Disminuir por86.5%	;Disminuir por93.4%	;87	;Disminuir por72.6%	;Disminuir por87.1%	;
210	;(Domingo)2026/06/28	;1815	;Aumentar por142.6%	;Disminuir por48.7%	;3770	;Aumentar por371.3%	;Disminuir por0.5%	;17	;Disminuir por99.2%	;Disminuir por99.6%	;22	;Disminuir por99.0%	;Disminuir por99.5%	;49	;Disminuir por85.9%	;Disminuir por92.6%	;118	;Disminuir por66.9%	;Disminuir por84.2%	;
211	;(Lunes)2026/06/29	;1369	;Aumentar por44.1%	;Disminuir por56.5%	;2660	;Aumentar por168.1%	;Disminuir por27.5%	;18	;Disminuir por99.0%	;Disminuir por99.4%	;74	;Disminuir por96.1%	;Disminuir por97.8%	;109	;Disminuir por61.1%	;Disminuir por83.2%	;136	;Disminuir por58.4%	;Disminuir por81.4%	;
212	;(Martes)2026/06/30	;1081	;Aumentar por12.4%	;Disminuir por58.5%	;2449	;Aumentar por110.9%	;Disminuir por1.0%	;117	;Disminuir por92.2%	;Disminuir por96.0%	;118	;Disminuir por93.0%	;Disminuir por96.2%	;18	;Disminuir por93.5%	;Disminuir por97.5%	;112	;Disminuir por62.5%	;Disminuir por86.5%	;
213	;(Miércoles)2026/07/01	;1345	;Aumentar por77.9%	;Disminuir por43.1%	;2660	;Aumentar por232.9%	;Aumentar por14.9%	;0	;Disminuir por100.0%	;Disminuir por100.0%	;1	;Disminuir por99.9%	;Disminuir por100.0%	;17	;Disminuir por95.1%	;Disminuir por97.6%	;77	;Disminuir por80.8%	;Disminuir por89.2%	;
214	;(Jueves)2026/07/02	;1159	;Aumentar por80.2%	;Disminuir por57.0%	;2740	;Aumentar por261.5%	;Aumentar por2.6%	;7	;Disminuir por99.5%	;Disminuir por99.8%	;12	;Disminuir por99.2%	;Disminuir por99.7%	;18	;Disminuir por94.1%	;Disminuir por97.5%	;72	;Disminuir por76.6%	;Disminuir por90.0%	;
215	;(Viernes)2026/07/03	;1898	;Aumentar por291.3%	;Disminuir por34.8%	;3456	;Aumentar por618.5%	;Aumentar por20.3%	;59	;Disminuir por95.5%	;Disminuir por98.1%	;90	;Disminuir por93.7%	;Disminuir por97.4%	;57	;Disminuir por70.3%	;Disminuir por92.4%	;111	;Disminuir por49.3%	;Disminuir por86.2%	;
216	;(Sábado)2026/07/04	;1984	;Aumentar por264.0%	;Disminuir por48.4%	;3949	;Aumentar por575.0%	;Aumentar por4.4%	;3426	;Aumentar por139.7%	;Aumentar por2.2%	;3393	;Aumentar por116.3%	;Disminuir por0.5%	;29	;Disminuir por87.3%	;Disminuir por96.0%	;125	;Disminuir por43.4%	;Disminuir por83.0%	;
217	;(Domingo)2026/07/05	;2101	;Aumentar por190.6%	;Disminuir por50.9%	;4191	;Aumentar por461.0%	;Disminuir por3.9%	;10	;Disminuir por99.4%	;Disminuir por99.7%	;15	;Disminuir por99.2%	;Disminuir por99.6%	;38	;Disminuir por77.4%	;Disminuir por94.1%	;93	;Disminuir por51.3%	;Disminuir por86.0%	;
218	;(Lunes)2026/07/06	;1641	;Aumentar por35.0%	;Disminuir por57.1%	;3038	;Aumentar por131.2%	;Disminuir por32.5%	;16	;Disminuir por99.3%	;Disminuir por99.6%	;38	;Disminuir por98.5%	;Disminuir por99.1%	;53	;Disminuir por69.4%	;Disminuir por92.0%	;107	;Disminuir por40.9%	;Disminuir por86.2%	;
219	;(Martes)2026/07/07	;1736	;Aumentar por69.9%	;Disminuir por56.1%	;3325	;Aumentar por181.8%	;Disminuir por13.5%	;0	;Disminuir por100.0%	;Disminuir por100.0%	;2	;Disminuir por99.9%	;Disminuir por99.9%	;49	;Disminuir por80.0%	;Disminuir por93.9%	;121	;Disminuir por59.4%	;Disminuir por86.9%	;
220	;(Miércoles)2026/07/08	;1625	;Aumentar por138.6%	;Disminuir por58.9%	;3182	;Aumentar por304.8%	;Disminuir por15.9%	;419	;Disminuir por72.1%	;Disminuir por87.8%	;40	;Disminuir por97.6%	;Disminuir por98.9%	;78	;Disminuir por76.6%	;Disminuir por88.9%	;80	;Disminuir por80.5%	;Disminuir por90.1%	;
221	;(Jueves)2026/07/09	;1732	;Aumentar por211.5%	;Disminuir por39.2%	;2757	;Aumentar por329.4%	;Disminuir por24.0%	;4569	;Aumentar por239.5%	;Aumentar por46.2%	;3347	;Aumentar por127.7%	;Disminuir por3.2%	;286	;Aumentar por53.8%	;Disminuir por23.9%	;130	;Disminuir por42.7%	;Disminuir por67.8%	;
222	;(Viernes)2026/07/10	;1563	;Aumentar por245.8%	;Disminuir por46.1%	;2743	;Aumentar por450.8%	;Disminuir por18.8%	;4768	;Aumentar por261.5%	;Aumentar por40.1%	;3176	;Aumentar por122.9%	;Disminuir por9.6%	;385	;Aumentar por165.5%	;Disminuir por48.1%	;123	;Disminuir por24.1%	;Disminuir por84.0%	;
223	;(Sábado)2026/07/11	;2446	;Aumentar por332.2%	;Disminuir por36.6%	;4024	;Aumentar por522.9%	;Disminuir por3.5%	;3488	;Aumentar por112.6%	;Disminuir por6.6%	;1376	;Disminuir por21.5%	;Disminuir por65.4%	;436	;Aumentar por114.8%	;Disminuir por34.8%	;152	;Disminuir por30.3%	;Disminuir por78.5%	;
224	;(Domingo)2026/07/12	;2296	;Aumentar por17.2%	;Disminuir por23.9%	;3994	;Aumentar por96.2%	;Aumentar por13.0%	;8062	;Aumentar por144.5%	;Aumentar por132.1%	;6539	;Aumentar por90.9%	;Aumentar por88.9%	;381	;Aumentar por24.1%	;Disminuir por5.0%	;169	;Disminuir por48.0%	;Disminuir por56.8%	;
225	;(Lunes)2026/07/13	;1828	;Aumentar por15.9%	;Disminuir por53.8%	;2769	;Aumentar por52.9%	;Disminuir por36.8%	;6232	;Aumentar por130.0%	;Aumentar por81.6%	;4157	;Aumentar por47.9%	;Aumentar por13.6%	;481	;Aumentar por66.4%	;Disminuir por29.3%	;156	;Disminuir por46.8%	;Disminuir por79.3%	;
226	;(Martes)2026/07/14	;428	;Disminuir por56.3%	;Disminuir por89.4%	;845	;Disminuir por36.0%	;Disminuir por78.4%	;118	;Disminuir por94.4%	;Disminuir por96.4%	;52	;Disminuir por98.0%	;Disminuir por98.4%	;69	;Disminuir por69.2%	;Disminuir por91.6%	;74	;Disminuir por71.8%	;Disminuir por92.0%	;

Exportar contenido:Subtipos de vehículos a motor	;
Hora del informe: 2025/12/01 00:00:00 - 2026/07/14 23:59:59	;

N.º	;Hora	;Autobuses	; 	; 	; 	; 	; 	;Monovolúmenes	; 	; 	; 	; 	; 	;Sedanes pequeños	; 	; 	; 	; 	; 	;Camiones	;
	;	;Avanzar	; 	; 	;Retroceso	; 	; 	;Avanzar	; 	; 	;Retroceso	; 	; 	;Avanzar	; 	; 	;Retroceso	; 	; 	;Avanzar	; 	; 	;Retroceso	;
	;	;Valor	;Tasa de cambio (ciclo tras ciclo)	;Tasa de cambio (año tras año)	;Valor	;Tasa de cambio (ciclo tras ciclo)	;Tasa de cambio (año tras año)	;Valor	;Tasa de cambio (ciclo tras ciclo)	;Tasa de cambio (año tras año)	;Valor	;Tasa de cambio (ciclo tras ciclo)	;Tasa de cambio (año tras año)	;Valor	;Tasa de cambio (ciclo tras ciclo)	;Tasa de cambio (año tras año)	;Valor	;Tasa de cambio (ciclo tras ciclo)	;Tasa de cambio (año tras año)	;Valor	;Tasa de cambio (ciclo tras ciclo)	;Tasa de cambio (año tras año)	;Valor	;Tasa de cambio (ciclo tras ciclo)	;Tasa de cambio (año tras año)	;
1	;(Lunes)2025/12/01	;55	; --%	; --%	;34	; --%	; --%	;290	; --%	; --%	;201	; --%	; --%	;1299	; --%	; --%	;1685	; --%	; --%	;44	; --%	; --%	;44	; --%	; --%	;
2	;(Martes)2025/12/02	;56	; --%	; --%	;41	; --%	; --%	;221	; --%	; --%	;142	; --%	; --%	;1310	; --%	; --%	;1573	; --%	; --%	;28	; --%	; --%	;37	; --%	; --%	;
3	;(Miércoles)2025/12/03	;190	; --%	; --%	;172	; --%	; --%	;314	; --%	; --%	;223	; --%	; --%	;2339	; --%	; --%	;2653	; --%	; --%	;118	; --%	; --%	;116	; --%	; --%	;
4	;(Jueves)2025/12/04	;49	; --%	; --%	;32	; --%	; --%	;246	; --%	; --%	;132	; --%	; --%	;1413	; --%	; --%	;1694	; --%	; --%	;38	; --%	; --%	;38	; --%	; --%	;
5	;(Viernes)2025/12/05	;52	;Aumentar por147.6%	; --%	;51	;Aumentar por200.0%	; --%	;224	;Aumentar por261.3%	; --%	;171	;Aumentar por307.1%	; --%	;1828	;Aumentar por216.8%	; --%	;2072	;Aumentar por129.2%	; --%	;27	;Aumentar por145.5%	; --%	;48	;Aumentar por269.2%	; --%	;
6	;(Sábado)2025/12/06	;85	;Disminuir por16.7%	; --%	;80	;Disminuir por3.6%	; --%	;202	;Disminuir por42.8%	; --%	;149	;Disminuir por43.8%	; --%	;3128	;Aumentar por50.5%	; --%	;3568	;Aumentar por52.8%	; --%	;9	;Disminuir por91.7%	; --%	;12	;Disminuir por90.1%	; --%	;
7	;(Domingo)2025/12/07	;60	;Disminuir por41.7%	; --%	;55	;Disminuir por38.9%	; --%	;161	;Disminuir por52.5%	; --%	;127	;Disminuir por45.3%	; --%	;2683	;Aumentar por24.3%	; --%	;3347	;Aumentar por39.7%	; --%	;4	;Disminuir por94.9%	; --%	;10	;Disminuir por89.6%	; --%	;
8	;(Lunes)2025/12/08	;65	;Sin cambios	; --%	;59	;Aumentar por31.1%	; --%	;226	;Aumentar por15.3%	; --%	;182	;Aumentar por32.8%	; --%	;2390	;Disminuir por4.3%	; --%	;2760	;Disminuir por1.6%	; --%	;33	;Aumentar por37.5%	; --%	;38	;Aumentar por22.6%	; --%	;
9	;(Martes)2025/12/09	;45	;Disminuir por33.8%	; --%	;28	;Disminuir por60.6%	; --%	;207	;Aumentar por37.1%	; --%	;137	;Aumentar por16.1%	; --%	;1245	;Disminuir por43.3%	; --%	;1572	;Disminuir por39.6%	; --%	;49	;Aumentar por145.0%	; --%	;55	;Aumentar por150.0%	; --%	;
10	;(Miércoles)2025/12/10	;43	;Aumentar por4.9%	; --%	;25	;Disminuir por7.4%	; --%	;182	;Aumentar por19.7%	; --%	;127	;Aumentar por56.8%	; --%	;1130	;Aumentar por68.7%	; --%	;1432	;Aumentar por144.4%	; --%	;45	;Aumentar por104.5%	; --%	;36	;Aumentar por56.5%	; --%	;
11	;(Jueves)2025/12/11	;51	;Aumentar por50.0%	; --%	;32	;Aumentar por28.0%	; --%	;219	;Aumentar por71.1%	; --%	;160	;Aumentar por75.8%	; --%	;1120	;Aumentar por22.0%	; --%	;1442	;Aumentar por13.2%	; --%	;49	;Aumentar por172.2%	; --%	;47	;Aumentar por104.3%	; --%	;
12	;(Viernes)2025/12/12	;49	;Disminuir por32.9%	; --%	;31	;Disminuir por34.0%	; --%	;223	;Disminuir por22.8%	; --%	;159	;Disminuir por16.8%	; --%	;1519	;Disminuir por12.6%	; --%	;1899	;Disminuir por3.2%	; --%	;38	;Disminuir por33.3%	; --%	;62	;Disminuir por6.1%	; --%	;
13	;(Sábado)2025/12/13	;66	;Disminuir por7.0%	; --%	;55	;Disminuir por3.5%	; --%	;172	;Disminuir por21.1%	; --%	;101	;Disminuir por38.4%	; --%	;2129	;Disminuir por22.1%	; --%	;2483	;Disminuir por22.7%	; --%	;5	;Disminuir por72.2%	; --%	;8	;Disminuir por42.9%	; --%	;
14	;(Domingo)2025/12/14	;59	;Disminuir por9.2%	; --%	;50	;Disminuir por25.4%	; --%	;86	;Disminuir por70.3%	; --%	;64	;Disminuir por69.1%	; --%	;1060	;Disminuir por58.6%	; --%	;1522	;Disminuir por51.0%	; --%	;11	;Disminuir por93.6%	; --%	;9	;Disminuir por95.5%	; --%	;
15	;(Lunes)2025/12/15	;53	;Disminuir por32.9%	; --%	;39	;Disminuir por37.1%	; --%	;203	;Aumentar por3.0%	; --%	;140	;Aumentar por12.0%	; --%	;978	;Disminuir por63.9%	; --%	;1333	;Disminuir por56.4%	; --%	;27	;Disminuir por10.0%	; --%	;29	;Disminuir por17.1%	; --%	;
16	;(Martes)2025/12/16	;43	;Disminuir por44.2%	; --%	;24	;Disminuir por64.7%	; --%	;190	;Aumentar por20.3%	; --%	;130	;Aumentar por31.3%	; --%	;1000	;Disminuir por50.0%	; --%	;1307	;Disminuir por46.3%	; --%	;44	;Aumentar por158.8%	; --%	;36	;Aumentar por56.5%	; --%	;
17	;(Miércoles)2025/12/17	;43	;Disminuir por48.2%	; --%	;19	;Disminuir por70.8%	; --%	;172	;Disminuir por47.6%	; --%	;129	;Disminuir por43.7%	; --%	;890	;Disminuir por40.0%	; --%	;1259	;Disminuir por24.8%	; --%	;35	;Disminuir por48.5%	; --%	;39	;Disminuir por48.7%	; --%	;
18	;(Jueves)2025/12/18	;54	;Disminuir por47.6%	; --%	;31	;Disminuir por56.3%	; --%	;209	;Disminuir por14.0%	; --%	;130	;Disminuir por16.1%	; --%	;1121	;Disminuir por21.6%	; --%	;1477	;Disminuir por14.1%	; --%	;43	;Disminuir por39.4%	; --%	;45	;Disminuir por50.5%	; --%	;
19	;(Viernes)2025/12/19	;46	;Disminuir por28.1%	; --%	;27	;Disminuir por34.1%	; --%	;216	;Disminuir por16.3%	; --%	;166	;Aumentar por1.8%	; --%	;1414	;Disminuir por1.9%	; --%	;1705	;Aumentar por4.2%	; --%	;43	;Disminuir por29.5%	; --%	;45	;Disminuir por36.6%	; --%	;
20	;(Sábado)2025/12/20	;87	;Aumentar por8.8%	; --%	;74	;Aumentar por37.0%	; --%	;144	;Disminuir por41.0%	; --%	;104	;Disminuir por36.6%	; --%	;2076	;Aumentar por51.2%	; --%	;2505	;Aumentar por53.8%	; --%	;9	;Disminuir por86.6%	; --%	;13	;Disminuir por81.4%	; --%	;
21	;(Domingo)2025/12/21	;57	;Disminuir por36.7%	; --%	;45	;Disminuir por39.2%	; --%	;128	;Disminuir por49.8%	; --%	;85	;Disminuir por51.1%	; --%	;1795	;Disminuir por2.4%	; --%	;2226	;Aumentar por13.0%	; --%	;9	;Disminuir por81.6%	; --%	;6	;Disminuir por87.8%	; --%	;
22	;(Lunes)2025/12/22	;63	;Aumentar por1.6%	; --%	;47	;Disminuir por19.0%	; --%	;259	;Aumentar por70.4%	; --%	;203	;Aumentar por128.1%	; --%	;1351	;Disminuir por32.3%	; --%	;1600	;Disminuir por25.7%	; --%	;53	;Aumentar por165.0%	; --%	;52	;Aumentar por136.4%	; --%	;
23	;(Martes)2025/12/23	;39	;Disminuir por26.4%	; --%	;21	;Disminuir por61.1%	; --%	;222	;Aumentar por72.1%	; --%	;149	;Aumentar por104.1%	; --%	;1394	;Disminuir por22.6%	; --%	;1728	;Disminuir por19.4%	; --%	;52	;Aumentar por147.6%	; --%	;60	;Aumentar por160.9%	; --%	;
24	;(Miércoles)2025/12/24	;59	;Disminuir por30.6%	; --%	;42	;Disminuir por36.4%	; --%	;188	;Disminuir por39.9%	; --%	;155	;Disminuir por31.1%	; --%	;1244	;Disminuir por13.2%	; --%	;1500	;Disminuir por9.4%	; --%	;17	;Disminuir por68.5%	; --%	;30	;Disminuir por43.4%	; --%	;
25	;(Jueves)2025/12/25	;41	;Disminuir por49.4%	; --%	;19	;Disminuir por58.7%	; --%	;90	;Disminuir por63.1%	; --%	;63	;Disminuir por62.0%	; --%	;1114	;Disminuir por13.8%	; --%	;1315	;Disminuir por14.6%	; --%	;3	;Disminuir por94.5%	; --%	;7	;Disminuir por86.8%	; --%	;
26	;(Viernes)2025/12/26	;60	;Disminuir por24.1%	; --%	;43	;Disminuir por21.8%	; --%	;162	;Disminuir por46.0%	; --%	;115	;Disminuir por37.2%	; --%	;1592	;Aumentar por16.8%	; --%	;1831	;Aumentar por14.2%	; --%	;13	;Disminuir por74.0%	; --%	;23	;Disminuir por55.8%	; --%	;
27	;(Sábado)2025/12/27	;62	;Disminuir por33.3%	; --%	;49	;Disminuir por22.2%	; --%	;139	;Disminuir por48.1%	; --%	;112	;Disminuir por32.5%	; --%	;1515	;Aumentar por1.3%	; --%	;1888	;Aumentar por14.5%	; --%	;9	;Disminuir por85.2%	; --%	;19	;Disminuir por65.5%	; --%	;
28	;(Domingo)2025/12/28	;67	;Disminuir por17.3%	; --%	;61	;Disminuir por7.6%	; --%	;148	;Disminuir por48.6%	; --%	;138	;Disminuir por29.6%	; --%	;1833	;Disminuir por11.5%	; --%	;2400	;Aumentar por7.7%	; --%	;12	;Disminuir por86.5%	; --%	;17	;Disminuir por82.3%	; --%	;
29	;(Lunes)2025/12/29	;537	;Aumentar por517.2%	; --%	;521	;Aumentar por478.9%	; --%	;404	;Aumentar por130.9%	; --%	;356	;Aumentar por212.3%	; --%	;6729	;Aumentar por194.5%	; --%	;7270	;Aumentar por202.9%	; --%	;40	;Aumentar por90.5%	; --%	;57	;Aumentar por128.0%	; --%	;
30	;(Martes)2025/12/30	;868	;Aumentar por1235.4%	; --%	;864	;Aumentar por1594.1%	; --%	;499	;Aumentar por264.2%	; --%	;427	;Aumentar por427.2%	; --%	;22093	;Aumentar por1107.3%	; --%	;22592	;Aumentar por937.3%	; --%	;187	;Aumentar por1338.5%	; --%	;203	;Aumentar por1094.1%	; --%	;
31	;(Miércoles)2025/12/31	;79	;Disminuir por3.7%	; --%	;78	;Aumentar por1.3%	; --%	;293	;Disminuir por4.2%	; --%	;251	;Aumentar por19.5%	; --%	;2621	;Aumentar por79.3%	; --%	;2824	;Aumentar por66.0%	; --%	;52	;Disminuir por22.4%	; --%	;62	;Sin cambios	; --%	;
32	;(Jueves)2026/01/01	;114	;Aumentar por25.3%	; --%	;103	;Aumentar por47.1%	; --%	;194	;Disminuir por18.5%	; --%	;145	;Aumentar por8.2%	; --%	;3471	;Aumentar por154.7%	; --%	;4147	;Aumentar por156.9%	; --%	;13	;Disminuir por89.2%	; --%	;24	;Disminuir por81.3%	; --%	;
33	;(Viernes)2026/01/02	;53	;Disminuir por51.4%	; --%	;48	;Disminuir por52.5%	; --%	;243	;Aumentar por1.7%	; --%	;188	;Aumentar por16.0%	; --%	;2132	;Aumentar por51.6%	; --%	;2602	;Aumentar por56.7%	; --%	;33	;Disminuir por72.5%	; --%	;54	;Disminuir por62.5%	; --%	;
34	;(Sábado)2026/01/03	;44	;Disminuir por39.7%	; --%	;30	;Disminuir por41.2%	; --%	;146	;Disminuir por47.9%	; --%	;116	;Disminuir por26.6%	; --%	;1780	;Aumentar por16.8%	; --%	;2055	;Aumentar por20.0%	; --%	;19	;Disminuir por82.7%	; --%	;20	;Disminuir por83.1%	; --%	;
35	;(Domingo)2026/01/04	;39	;Disminuir por45.1%	; --%	;27	;Disminuir por54.2%	; --%	;94	;Disminuir por64.1%	; --%	;70	;Disminuir por63.4%	; --%	;1042	;Disminuir por41.4%	; --%	;1357	;Disminuir por31.9%	; --%	;6	;Disminuir por92.8%	; --%	;9	;Disminuir por90.7%	; --%	;
36	;(Lunes)2026/01/05	;38	;Disminuir por55.3%	; --%	;27	;Disminuir por63.0%	; --%	;197	;Aumentar por4.8%	; --%	;148	;Aumentar por17.5%	; --%	;1354	;Disminuir por46.8%	; --%	;1646	;Disminuir por38.0%	; --%	;25	;Aumentar por25.0%	; --%	;42	;Aumentar por61.5%	; --%	;
37	;(Martes)2026/01/06	;57	;Disminuir por41.2%	; --%	;45	;Disminuir por40.8%	; --%	;101	;Disminuir por21.1%	; --%	;94	;Disminuir por3.1%	; --%	;1082	;Disminuir por45.1%	; --%	;1357	;Disminuir por43.0%	; --%	;17	;Disminuir por26.1%	; --%	;23	;Disminuir por8.0%	; --%	;
38	;(Miércoles)2026/01/07	;45	;Disminuir por44.4%	; --%	;19	;Disminuir por70.3%	; --%	;192	;Disminuir por40.4%	; --%	;146	;Disminuir por36.5%	; --%	;919	;Disminuir por40.8%	; --%	;1199	;Disminuir por32.4%	; --%	;30	;Disminuir por41.2%	; --%	;31	;Disminuir por51.6%	; --%	;
39	;(Jueves)2026/01/08	;39	;Disminuir por50.0%	; --%	;25	;Disminuir por56.1%	; --%	;178	;Disminuir por31.5%	; --%	;133	;Disminuir por25.7%	; --%	;945	;Disminuir por35.8%	; --%	;1236	;Disminuir por25.9%	; --%	;24	;Disminuir por55.6%	; --%	;27	;Disminuir por50.0%	; --%	;
40	;(Viernes)2026/01/09	;42	;Disminuir por47.5%	; --%	;18	;Disminuir por73.1%	; --%	;213	;Disminuir por21.1%	; --%	;149	;Disminuir por22.8%	; --%	;1015	;Disminuir por37.1%	; --%	;1340	;Disminuir por26.8%	; --%	;24	;Disminuir por56.4%	; --%	;33	;Disminuir por41.1%	; --%	;
41	;(Sábado)2026/01/10	;460	;Aumentar por379.2%	; --%	;440	;Aumentar por417.6%	; --%	;152	;Disminuir por53.5%	; --%	;125	;Disminuir por44.9%	; --%	;1465	;Disminuir por11.7%	; --%	;1660	;Disminuir por15.9%	; --%	;9	;Disminuir por88.2%	; --%	;21	;Disminuir por76.7%	; --%	;
42	;(Domingo)2026/01/11	;42	;Disminuir por20.8%	; --%	;17	;Disminuir por66.7%	; --%	;87	;Disminuir por72.3%	; --%	;63	;Disminuir por74.2%	; --%	;991	;Disminuir por54.2%	; --%	;1167	;Disminuir por49.1%	; --%	;10	;Disminuir por88.8%	; --%	;19	;Disminuir por82.2%	; --%	;
43	;(Lunes)2026/01/12	;54	;Disminuir por14.3%	; --%	;34	;Disminuir por29.2%	; --%	;291	;Aumentar por20.2%	; --%	;243	;Aumentar por82.7%	; --%	;1359	;Disminuir por43.9%	; --%	;1691	;Disminuir por25.2%	; --%	;70	;Aumentar por118.8%	; --%	;72	;Aumentar por132.3%	; --%	;
44	;(Martes)2026/01/13	;33	;Disminuir por51.5%	; --%	;16	;Disminuir por72.4%	; --%	;198	;Aumentar por30.3%	; --%	;134	;Aumentar por0.8%	; --%	;899	;Disminuir por59.2%	; --%	;1127	;Disminuir por59.0%	; --%	;31	;Aumentar por24.0%	; --%	;43	;Aumentar por48.3%	; --%	;
45	;(Miércoles)2026/01/14	;41	;Disminuir por51.2%	; --%	;14	;Disminuir por80.8%	; --%	;173	;Disminuir por53.9%	; --%	;124	;Disminuir por58.0%	; --%	;848	;Disminuir por52.9%	; --%	;1107	;Disminuir por45.6%	; --%	;33	;Disminuir por66.3%	; --%	;23	;Disminuir por78.5%	; --%	;
46	;(Jueves)2026/01/15	;31	;Disminuir por60.8%	; --%	;18	;Disminuir por71.0%	; --%	;190	;Disminuir por34.7%	; --%	;131	;Disminuir por37.9%	; --%	;1049	;Disminuir por37.1%	; --%	;1316	;Disminuir por33.6%	; --%	;23	;Disminuir por71.6%	; --%	;27	;Disminuir por75.5%	; --%	;
47	;(Viernes)2026/01/16	;136	;Aumentar por151.9%	; --%	;118	;Aumentar por140.8%	; --%	;3683	;Aumentar por1327.5%	; --%	;3673	;Aumentar por2153.4%	; --%	;1787	;Aumentar por11.7%	; --%	;2004	;Aumentar por9.5%	; --%	;1157	;Aumentar por2083.0%	; --%	;1176	;Aumentar por1629.4%	; --%	;
48	;(Sábado)2026/01/17	;59	;Disminuir por71.1%	; --%	;32	;Disminuir por84.0%	; --%	;87	;Disminuir por70.0%	; --%	;56	;Disminuir por71.9%	; --%	;1251	;Disminuir por33.9%	; --%	;1437	;Disminuir por33.6%	; --%	;12	;Disminuir por97.7%	; --%	;13	;Disminuir por97.5%	; --%	;
49	;(Domingo)2026/01/18	;58	;Disminuir por7.9%	; --%	;37	;Disminuir por24.5%	; --%	;90	;Disminuir por72.6%	; --%	;60	;Disminuir por73.6%	; --%	;1029	;Disminuir por50.0%	; --%	;1153	;Disminuir por43.7%	; --%	;2	;Disminuir por96.0%	; --%	;7	;Disminuir por90.5%	; --%	;
50	;(Lunes)2026/01/19	;47	;Aumentar por1075.0%	; --%	;30	;Aumentar por900.0%	; --%	;222	;Aumentar por88.1%	; --%	;165	;Aumentar por108.9%	; --%	;934	;Disminuir por40.4%	; --%	;1206	;Disminuir por28.8%	; --%	;37	;Aumentar por94.7%	; --%	;46	;Aumentar por130.0%	; --%	;
51	;(Martes)2026/01/20	;56	;Aumentar por33.3%	; --%	;47	;Aumentar por27.0%	; --%	;227	;Aumentar por54.4%	; --%	;153	;Aumentar por36.6%	; --%	;1139	;Disminuir por53.6%	; --%	;1332	;Disminuir por54.8%	; --%	;19	;Disminuir por17.4%	; --%	;34	;Aumentar por41.7%	; --%	;
52	;(Miércoles)2026/01/21	;747	;Aumentar por488.2%	; --%	;732	;Aumentar por525.6%	; --%	;223	;Disminuir por48.1%	; --%	;170	;Disminuir por55.4%	; --%	;1074	;Disminuir por54.4%	; --%	;1252	;Disminuir por53.5%	; --%	;48	;Disminuir por63.6%	; --%	;54	;Disminuir por62.8%	; --%	;
53	;(Jueves)2026/01/22	;122	;Aumentar por38.6%	; --%	;112	;Aumentar por45.5%	; --%	;394	;Aumentar por58.9%	; --%	;343	;Aumentar por84.4%	; --%	;1503	;Disminuir por10.2%	; --%	;1768	;Disminuir por10.2%	; --%	;53	;Disminuir por22.1%	; --%	;55	;Disminuir por44.4%	; --%	;
54	;(Viernes)2026/01/23	;67	;Disminuir por22.1%	; --%	;45	;Disminuir por31.8%	; --%	;199	;Disminuir por16.7%	; --%	;143	;Disminuir por14.9%	; --%	;1209	;Disminuir por31.8%	; --%	;1522	;Disminuir por26.0%	; --%	;49	;Disminuir por21.0%	; --%	;58	;Disminuir por9.4%	; --%	;
55	;(Sábado)2026/01/24	;43	;Disminuir por71.3%	; --%	;28	;Disminuir por80.3%	; --%	;129	;Disminuir por71.8%	; --%	;91	;Disminuir por76.1%	; --%	;1132	;Disminuir por46.2%	; --%	;1380	;Disminuir por44.2%	; --%	;11	;Disminuir por84.9%	; --%	;17	;Disminuir por81.1%	; --%	;
56	;(Domingo)2026/01/25	;33	;Disminuir por50.7%	; --%	;10	;Disminuir por85.7%	; --%	;70	;Disminuir por78.1%	; --%	;43	;Disminuir por79.1%	; --%	;855	;Disminuir por64.1%	; --%	;1059	;Disminuir por59.3%	; --%	;15	;Disminuir por81.7%	; --%	;18	;Disminuir por82.7%	; --%	;
57	;(Lunes)2026/01/26	;47	;Disminuir por25.4%	; --%	;20	;Disminuir por69.7%	; --%	;277	;Aumentar por35.1%	; --%	;204	;Aumentar por56.9%	; --%	;982	;Disminuir por65.6%	; --%	;1219	;Disminuir por59.1%	; --%	;55	;Aumentar por120.0%	; --%	;50	;Aumentar por56.3%	; --%	;
58	;(Martes)2026/01/27	;47	;Disminuir por30.9%	; --%	;34	;Disminuir por42.4%	; --%	;181	;Aumentar por8.4%	; --%	;139	;Aumentar por17.8%	; --%	;882	;Disminuir por64.1%	; --%	;1167	;Disminuir por61.8%	; --%	;33	;Aumentar por73.7%	; --%	;38	;Aumentar por22.6%	; --%	;
59	;(Miércoles)2026/01/28	;45	;Disminuir por80.9%	; --%	;30	;Disminuir por87.2%	; --%	;164	;Disminuir por69.2%	; --%	;114	;Disminuir por72.9%	; --%	;874	;Disminuir por70.1%	; --%	;1163	;Disminuir por62.5%	; --%	;25	;Disminuir por60.9%	; --%	;25	;Disminuir por69.1%	; --%	;
60	;(Jueves)2026/01/29	;54	;Disminuir por12.9%	; --%	;33	;Disminuir por43.1%	; --%	;176	;Disminuir por23.1%	; --%	;129	;Disminuir por31.0%	; --%	;912	;Disminuir por54.1%	; --%	;1236	;Disminuir por48.4%	; --%	;38	;Disminuir por44.1%	; --%	;36	;Disminuir por62.9%	; --%	;
61	;(Viernes)2026/01/30	;72	;Disminuir por79.9%	; --%	;51	;Disminuir por85.8%	; --%	;215	;Disminuir por74.2%	; --%	;139	;Disminuir por81.1%	; --%	;1140	;Disminuir por57.1%	; --%	;1434	;Disminuir por51.8%	; --%	;35	;Disminuir por27.1%	; --%	;47	;Disminuir por28.8%	; --%	;
62	;(Sábado)2026/01/31	;47	;Disminuir por11.3%	; --%	;28	;Disminuir por17.6%	; --%	;111	;Disminuir por60.5%	; --%	;84	;Disminuir por60.0%	; --%	;1191	;Disminuir por42.5%	; --%	;1367	;Disminuir por39.6%	; --%	;16	;Disminuir por65.2%	; --%	;15	;Disminuir por74.1%	; --%	;
63	;(Domingo)2026/02/01	;70	;Disminuir por38.1%	; --%	;48	;Disminuir por49.5%	; --%	;110	;Disminuir por68.9%	; --%	;76	;Disminuir por71.2%	; --%	;1056	;Disminuir por58.3%	; --%	;1341	;Disminuir por51.4%	; --%	;5	;Disminuir por95.5%	; --%	;7	;Disminuir por94.7%	; --%	;
64	;(Lunes)2026/02/02	;51	;Disminuir por34.6%	; --%	;34	;Disminuir por54.1%	; --%	;245	;Aumentar por26.3%	; --%	;172	;Aumentar por10.3%	; --%	;982	;Disminuir por68.7%	; --%	;1292	;Disminuir por61.6%	; --%	;37	;Aumentar por19.4%	; --%	;40	;Aumentar por8.1%	; --%	;
65	;(Martes)2026/02/03	;54	;Disminuir por33.3%	; --%	;32	;Disminuir por55.6%	; --%	;188	;Disminuir por25.7%	; --%	;132	;Disminuir por37.7%	; --%	;975	;Disminuir por63.8%	; --%	;1213	;Disminuir por63.4%	; --%	;87	;Aumentar por335.0%	; --%	;87	;Aumentar por295.5%	; --%	;
66	;(Miércoles)2026/02/04	;53	;Disminuir por22.1%	; --%	;26	;Disminuir por49.0%	; --%	;224	;Disminuir por42.0%	; --%	;150	;Disminuir por47.4%	; --%	;854	;Disminuir por58.8%	; --%	;1122	;Disminuir por45.9%	; --%	;28	;Disminuir por64.1%	; --%	;26	;Disminuir por71.1%	; --%	;
67	;(Jueves)2026/02/05	;27	;Disminuir por62.0%	; --%	;20	;Disminuir por53.5%	; --%	;116	;Disminuir por54.9%	; --%	;71	;Disminuir por63.6%	; --%	;523	;Disminuir por79.5%	; --%	;674	;Disminuir por76.0%	; --%	;18	;Disminuir por72.7%	; --%	;20	;Disminuir por72.2%	; --%	;
68	;(Viernes)2026/02/06	;51	;Disminuir por8.9%	; --%	;26	;Disminuir por48.0%	; --%	;233	;Disminuir por4.9%	; --%	;153	;Disminuir por10.5%	; --%	;1245	;Disminuir por49.2%	; --%	;1487	;Disminuir por44.1%	; --%	;38	;Disminuir por37.7%	; --%	;55	;Disminuir por30.4%	; --%	;
69	;(Sábado)2026/02/07	;44	;Disminuir por51.1%	; --%	;29	;Disminuir por58.0%	; --%	;136	;Disminuir por57.9%	; --%	;87	;Disminuir por64.8%	; --%	;1391	;Disminuir por48.3%	; --%	;1545	;Disminuir por50.3%	; --%	;18	;Disminuir por83.3%	; --%	;24	;Disminuir por81.4%	; --%	;
70	;(Domingo)2026/02/08	;49	;Disminuir por46.7%	; --%	;52	;Disminuir por37.3%	; --%	;89	;Disminuir por70.9%	; --%	;76	;Disminuir por68.3%	; --%	;1250	;Disminuir por52.1%	; --%	;1542	;Disminuir por43.9%	; --%	;6	;Disminuir por92.9%	; --%	;9	;Disminuir por91.2%	; --%	;
71	;(Lunes)2026/02/09	;61	;Disminuir por47.4%	; --%	;37	;Disminuir por65.4%	; --%	;267	;Aumentar por3.9%	; --%	;194	;Disminuir por1.0%	; --%	;1022	;Disminuir por70.2%	; --%	;1331	;Disminuir por63.1%	; --%	;38	;Disminuir por87.4%	; --%	;48	;Disminuir por85.0%	; --%	;
72	;(Martes)2026/02/10	;51	;Disminuir por20.3%	; --%	;19	;Disminuir por65.5%	; --%	;175	;Disminuir por11.6%	; --%	;121	;Disminuir por18.8%	; --%	;1040	;Disminuir por61.2%	; --%	;1302	;Disminuir por58.4%	; --%	;31	;Aumentar por244.4%	; --%	;30	;Aumentar por100.0%	; --%	;
73	;(Miércoles)2026/02/11	;44	;Disminuir por15.4%	; --%	;25	;Disminuir por39.0%	; --%	;206	;Disminuir por45.9%	; --%	;138	;Disminuir por51.4%	; --%	;951	;Disminuir por60.6%	; --%	;1250	;Disminuir por52.8%	; --%	;25	;Disminuir por67.1%	; --%	;18	;Disminuir por80.2%	; --%	;
74	;(Jueves)2026/02/12	;57	;Disminuir por8.1%	; --%	;35	;Disminuir por27.1%	; --%	;190	;Disminuir por36.5%	; --%	;144	;Disminuir por38.2%	; --%	;1076	;Disminuir por52.3%	; --%	;1397	;Disminuir por43.4%	; --%	;38	;Disminuir por39.7%	; --%	;31	;Disminuir por66.3%	; --%	;
75	;(Viernes)2026/02/13	;48	;Disminuir por33.3%	; --%	;24	;Disminuir por65.2%	; --%	;232	;Disminuir por31.2%	; --%	;156	;Disminuir por32.2%	; --%	;1203	;Disminuir por68.6%	; --%	;1550	;Disminuir por62.1%	; --%	;37	;Disminuir por72.4%	; --%	;50	;Disminuir por64.8%	; --%	;
76	;(Sábado)2026/02/14	;47	;Disminuir por30.9%	; --%	;20	;Disminuir por69.2%	; --%	;92	;Disminuir por69.5%	; --%	;64	;Disminuir por72.9%	; --%	;938	;Disminuir por64.8%	; --%	;1056	;Disminuir por65.3%	; --%	;6	;Disminuir por90.0%	; --%	;5	;Disminuir por94.0%	; --%	;
77	;(Domingo)2026/02/15	;73	;Aumentar por2.8%	; --%	;68	;Aumentar por33.3%	; --%	;108	;Disminuir por64.5%	; --%	;77	;Disminuir por65.9%	; --%	;1246	;Disminuir por53.2%	; --%	;1618	;Disminuir por45.0%	; --%	;26	;Disminuir por68.3%	; --%	;25	;Disminuir por74.7%	; --%	;
78	;(Lunes)2026/02/16	;54	;Disminuir por34.9%	; --%	;35	;Disminuir por57.3%	; --%	;303	;Aumentar por45.7%	; --%	;231	;Aumentar por48.1%	; --%	;1234	;Disminuir por59.6%	; --%	;1537	;Disminuir por54.3%	; --%	;52	;Aumentar por62.5%	; --%	;53	;Aumentar por29.3%	; --%	;
79	;(Martes)2026/02/17	;71	;Disminuir por26.0%	; --%	;49	;Disminuir por43.0%	; --%	;203	;Disminuir por4.2%	; --%	;136	;Disminuir por17.6%	; --%	;1111	;Disminuir por68.0%	; --%	;1397	;Disminuir por65.3%	; --%	;61	;Aumentar por281.3%	; --%	;69	;Aumentar por360.0%	; --%	;
80	;(Miércoles)2026/02/18	;66	;Disminuir por5.7%	; --%	;41	;Disminuir por37.9%	; --%	;209	;Disminuir por44.0%	; --%	;123	;Disminuir por54.8%	; --%	;1029	;Disminuir por64.8%	; --%	;1188	;Disminuir por62.5%	; --%	;63	;Disminuir por64.8%	; --%	;51	;Disminuir por72.3%	; --%	;
81	;(Jueves)2026/02/19	;82	;Aumentar por43.9%	; --%	;55	;Aumentar por61.8%	; --%	;251	;Disminuir por3.1%	; --%	;152	;Disminuir por22.4%	; --%	;1098	;Disminuir por62.7%	; --%	;1174	;Disminuir por64.2%	; --%	;51	;Disminuir por17.7%	; --%	;50	;Disminuir por35.9%	; --%	;
82	;(Viernes)2026/02/20	;83	;Aumentar por10.7%	; --%	;48	;Disminuir por2.0%	; --%	;242	;Disminuir por8.7%	; --%	;175	;Disminuir por5.4%	; --%	;1278	;Disminuir por51.0%	; --%	;1364	;Disminuir por56.0%	; --%	;45	;Disminuir por13.5%	; --%	;50	;Disminuir por35.1%	; --%	;
83	;(Sábado)2026/02/21	;85	;Aumentar por28.8%	; --%	;66	;Aumentar por6.5%	; --%	;258	;Disminuir por9.5%	; --%	;203	;Disminuir por12.5%	; --%	;1915	;Disminuir por33.2%	; --%	;2003	;Disminuir por35.3%	; --%	;46	;Disminuir por33.3%	; --%	;46	;Disminuir por43.2%	; --%	;
84	;(Domingo)2026/02/22	;80	;Disminuir por35.5%	; --%	;52	;Disminuir por52.7%	; --%	;95	;Disminuir por72.0%	; --%	;69	;Disminuir por76.6%	; --%	;1249	;Disminuir por58.4%	; --%	;1373	;Disminuir por59.4%	; --%	;9	;Disminuir por92.2%	; --%	;8	;Disminuir por94.6%	; --%	;
85	;(Lunes)2026/02/23	;68	;Aumentar por17.2%	; --%	;57	;Sin cambios	; --%	;266	;Aumentar por17.7%	; --%	;197	;Aumentar por30.5%	; --%	;1105	;Disminuir por63.7%	; --%	;1144	;Disminuir por64.1%	; --%	;38	;Disminuir por2.6%	; --%	;46	;Aumentar por12.2%	; --%	;
86	;(Martes)2026/02/24	;73	;Aumentar por40.4%	; --%	;36	;Disminuir por34.5%	; --%	;220	;Aumentar por3.8%	; --%	;121	;Disminuir por6.9%	; --%	;993	;Disminuir por67.6%	; --%	;1067	;Disminuir por68.9%	; --%	;48	;Aumentar por128.6%	; --%	;42	;Aumentar por82.6%	; --%	;
87	;(Miércoles)2026/02/25	;64	;Disminuir por11.1%	; --%	;36	;Disminuir por46.3%	; --%	;181	;Disminuir por53.0%	; --%	;114	;Disminuir por58.4%	; --%	;995	;Disminuir por63.5%	; --%	;1024	;Disminuir por64.0%	; --%	;52	;Disminuir por26.8%	; --%	;44	;Disminuir por51.1%	; --%	;
88	;(Jueves)2026/02/26	;63	;Aumentar por31.3%	; --%	;39	;Disminuir por11.4%	; --%	;203	;Disminuir por31.9%	; --%	;126	;Disminuir por43.8%	; --%	;1189	;Disminuir por55.3%	; --%	;1129	;Disminuir por61.1%	; --%	;43	;Disminuir por46.9%	; --%	;40	;Disminuir por63.6%	; --%	;
89	;(Viernes)2026/02/27	;83	;Aumentar por29.7%	; --%	;52	;Disminuir por5.5%	; --%	;238	;Disminuir por17.4%	; --%	;127	;Disminuir por35.9%	; --%	;1296	;Disminuir por55.5%	; --%	;1338	;Disminuir por58.1%	; --%	;44	;Disminuir por4.3%	; --%	;47	;Disminuir por19.0%	; --%	;
90	;(Sábado)2026/02/28	;66	;Aumentar por11.9%	; --%	;49	;Disminuir por21.0%	; --%	;162	;Disminuir por46.0%	; --%	;94	;Disminuir por55.5%	; --%	;1797	;Disminuir por39.6%	; --%	;1789	;Disminuir por43.8%	; --%	;24	;Disminuir por57.9%	; --%	;25	;Disminuir por68.4%	; --%	;
91	;(Domingo)2026/03/01	;80	;Aumentar por17.6%	; --%	;66	;Aumentar por10.0%	; --%	;91	;Disminuir por70.1%	; --%	;73	;Disminuir por67.6%	; --%	;1958	;Disminuir por32.5%	; --%	;2116	;Disminuir por34.7%	; --%	;14	;Disminuir por77.8%	; --%	;12	;Disminuir por86.7%	; --%	;
92	;(Lunes)2026/03/02	;73	;Disminuir por7.6%	; --%	;52	;Disminuir por28.8%	; --%	;261	;Aumentar por25.5%	; --%	;168	;Aumentar por9.1%	; --%	;1132	;Disminuir por64.7%	; --%	;1131	;Disminuir por68.6%	; --%	;56	;Aumentar por154.5%	; --%	;56	;Aumentar por60.0%	; --%	;
93	;(Martes)2026/03/03	;29	;Disminuir por68.5%	; --%	;16	;Disminuir por81.6%	; --%	;91	;Disminuir por46.8%	; --%	;37	;Disminuir por71.8%	; --%	;531	;Disminuir por83.4%	; --%	;419	;Disminuir por88.7%	; --%	;26	;Aumentar por30.0%	; --%	;29	;Aumentar por16.0%	; --%	;
94	;(Miércoles)2026/03/04	;54	;Disminuir por22.9%	; --%	;21	;Disminuir por68.7%	; --%	;141	;Disminuir por63.8%	; --%	;71	;Disminuir por76.3%	; --%	;870	;Disminuir por71.9%	; --%	;832	;Disminuir por76.4%	; --%	;18	;Disminuir por81.4%	; --%	;14	;Disminuir por85.9%	; --%	;
95	;(Jueves)2026/03/05	;68	;Aumentar por15.3%	; --%	;34	;Disminuir por24.4%	; --%	;174	;Disminuir por36.0%	; --%	;98	;Disminuir por53.8%	; --%	;947	;Disminuir por67.3%	; --%	;1055	;Disminuir por68.3%	; --%	;28	;Disminuir por59.4%	; --%	;39	;Disminuir por55.2%	; --%	;
96	;(Viernes)2026/03/06	;74	;Disminuir por28.2%	; --%	;45	;Disminuir por53.1%	; --%	;202	;Disminuir por24.6%	; --%	;102	;Disminuir por51.9%	; --%	;1098	;Disminuir por61.8%	; --%	;1141	;Disminuir por66.1%	; --%	;39	;Disminuir por58.1%	; --%	;47	;Disminuir por54.8%	; --%	;
97	;(Sábado)2026/03/07	;65	;Disminuir por47.2%	; --%	;40	;Disminuir por67.2%	; --%	;91	;Disminuir por77.8%	; --%	;61	;Disminuir por82.1%	; --%	;975	;Disminuir por70.6%	; --%	;1034	;Disminuir por74.5%	; --%	;9	;Disminuir por91.3%	; --%	;7	;Disminuir por93.4%	; --%	;
98	;(Domingo)2026/03/08	;117	;Aumentar por85.7%	; --%	;94	;Aumentar por95.8%	; --%	;126	;Disminuir por60.0%	; --%	;106	;Disminuir por58.4%	; --%	;1346	;Disminuir por47.2%	; --%	;1302	;Disminuir por55.5%	; --%	;35	;Disminuir por67.0%	; --%	;29	;Disminuir por77.0%	; --%	;
99	;(Lunes)2026/03/09	;87	;Aumentar por22.5%	; --%	;51	;Disminuir por22.7%	; --%	;235	;Aumentar por23.7%	; --%	;153	;Aumentar por2.7%	; --%	;1073	;Disminuir por62.4%	; --%	;1015	;Disminuir por68.7%	; --%	;58	;Aumentar por16.0%	; --%	;58	;Aumentar por7.4%	; --%	;
100	;(Martes)2026/03/10	;75	;Aumentar por15.4%	; --%	;47	;Disminuir por24.2%	; --%	;197	;Aumentar por10.7%	; --%	;87	;Disminuir por40.8%	; --%	;969	;Disminuir por70.1%	; --%	;911	;Disminuir por75.5%	; --%	;52	;Aumentar por85.7%	; --%	;60	;Aumentar por122.2%	; --%	;
101	;(Miércoles)2026/03/11	;81	;Aumentar por68.8%	; --%	;53	;Aumentar por39.5%	; --%	;171	;Disminuir por50.6%	; --%	;89	;Disminuir por68.9%	; --%	;1034	;Disminuir por63.0%	; --%	;904	;Disminuir por71.0%	; --%	;39	;Disminuir por61.4%	; --%	;31	;Disminuir por70.8%	; --%	;
102	;(Jueves)2026/03/12	;84	;Aumentar por12.0%	; --%	;55	;Disminuir por16.7%	; --%	;214	;Disminuir por26.0%	; --%	;102	;Disminuir por56.6%	; --%	;1079	;Disminuir por68.2%	; --%	;1024	;Disminuir por72.5%	; --%	;38	;Disminuir por55.8%	; --%	;44	;Disminuir por55.6%	; --%	;
103	;(Viernes)2026/03/13	;95	;Disminuir por13.6%	; --%	;74	;Disminuir por19.6%	; --%	;212	;Disminuir por44.1%	; --%	;128	;Disminuir por60.9%	; --%	;1280	;Disminuir por69.6%	; --%	;1165	;Disminuir por75.3%	; --%	;54	;Disminuir por19.4%	; --%	;63	;Disminuir por13.7%	; --%	;
104	;(Sábado)2026/03/14	;89	;Aumentar por50.8%	; --%	;68	;Aumentar por28.3%	; --%	;119	;Disminuir por65.3%	; --%	;61	;Disminuir por76.0%	; --%	;1330	;Disminuir por57.4%	; --%	;1268	;Disminuir por64.5%	; --%	;26	;Disminuir por46.9%	; --%	;22	;Disminuir por64.5%	; --%	;
105	;(Domingo)2026/03/15	;104	;Disminuir por65.8%	; --%	;80	;Disminuir por72.5%	; --%	;116	;Disminuir por88.0%	; --%	;69	;Disminuir por92.2%	; --%	;1252	;Disminuir por81.4%	; --%	;1292	;Disminuir por82.0%	; --%	;23	;Disminuir por90.9%	; --%	;17	;Disminuir por93.7%	; --%	;
106	;(Lunes)2026/03/16	;79	;Disminuir por1.3%	; --%	;58	;Disminuir por15.9%	; --%	;281	;Aumentar por22.7%	; --%	;170	;Disminuir por5.0%	; --%	;1204	;Disminuir por63.6%	; --%	;1158	;Disminuir por69.6%	; --%	;52	;Disminuir por52.3%	; --%	;42	;Disminuir por66.1%	; --%	;
107	;(Martes)2026/03/17	;133	;Aumentar por129.3%	; --%	;112	;Aumentar por133.3%	; --%	;177	;Disminuir por5.3%	; --%	;100	;Disminuir por39.4%	; --%	;1194	;Disminuir por67.3%	; --%	;1082	;Disminuir por74.1%	; --%	;50	;Aumentar por138.1%	; --%	;51	;Aumentar por121.7%	; --%	;
108	;(Miércoles)2026/03/18	;99	;Disminuir por79.3%	; --%	;62	;Disminuir por87.1%	; --%	;233	;Disminuir por70.2%	; --%	;115	;Disminuir por83.5%	; --%	;1177	;Disminuir por81.5%	; --%	;1095	;Disminuir por85.0%	; --%	;48	;Disminuir por88.8%	; --%	;54	;Disminuir por87.9%	; --%	;
109	;(Jueves)2026/03/19	;92	;Aumentar por33.3%	; --%	;76	;Aumentar por7.0%	; --%	;124	;Disminuir por57.1%	; --%	;70	;Disminuir por66.5%	; --%	;1195	;Disminuir por73.3%	; --%	;1167	;Disminuir por77.2%	; --%	;25	;Disminuir por71.6%	; --%	;20	;Disminuir por83.3%	; --%	;
110	;(Viernes)2026/03/20	;96	;Aumentar por65.5%	; --%	;79	;Aumentar por64.6%	; --%	;212	;Disminuir por27.6%	; --%	;111	;Disminuir por58.1%	; --%	;1492	;Disminuir por65.6%	; --%	;1436	;Disminuir por71.8%	; --%	;62	;Disminuir por3.1%	; --%	;81	;Aumentar por1.3%	; --%	;
111	;(Sábado)2026/03/21	;88	;Aumentar por417.6%	; --%	;74	;Aumentar por572.7%	; --%	;123	;Disminuir por30.9%	; --%	;71	;Disminuir por45.4%	; --%	;1803	;Aumentar por1.5%	; --%	;1723	;Disminuir por23.1%	; --%	;45	;Disminuir por13.5%	; --%	;41	;Disminuir por34.9%	; --%	;
112	;(Domingo)2026/03/22	;84	;Aumentar por740.0%	; --%	;75	;Aumentar por581.8%	; --%	;99	;Disminuir por65.9%	; --%	;53	;Disminuir por76.2%	; --%	;1472	;Disminuir por55.5%	; --%	;1520	;Disminuir por57.1%	; --%	;33	;Disminuir por62.5%	; --%	;29	;Disminuir por75.4%	; --%	;
113	;(Lunes)2026/03/23	;94	;Aumentar por44.6%	; --%	;81	;Aumentar por37.3%	; --%	;254	;Aumentar por16.0%	; --%	;136	;Disminuir por12.8%	; --%	;1155	;Disminuir por65.8%	; --%	;1176	;Disminuir por68.4%	; --%	;53	;Disminuir por72.3%	; --%	;64	;Disminuir por67.7%	; --%	;
114	;(Martes)2026/03/24	;101	;Aumentar por17.4%	; --%	;76	;Disminuir por6.2%	; --%	;205	;Aumentar por5.7%	; --%	;130	;Disminuir por17.7%	; --%	;1172	;Disminuir por64.4%	; --%	;1067	;Disminuir por71.6%	; --%	;63	;Aumentar por231.6%	; --%	;63	;Aumentar por250.0%	; --%	;
115	;(Miércoles)2026/03/25	;61	;Disminuir por9.0%	; --%	;53	;Disminuir por23.2%	; --%	;92	;Disminuir por77.7%	; --%	;45	;Disminuir por88.2%	; --%	;509	;Disminuir por85.4%	; --%	;647	;Disminuir por83.4%	; --%	;24	;Disminuir por72.7%	; --%	;26	;Disminuir por76.1%	; --%	;
116	;(Jueves)2026/03/26	;72	;Disminuir por57.4%	; --%	;46	;Disminuir por72.3%	; --%	;231	;Disminuir por72.4%	; --%	;133	;Disminuir por83.9%	; --%	;1245	;Disminuir por70.1%	; --%	;1174	;Disminuir por74.7%	; --%	;67	;Disminuir por60.1%	; --%	;66	;Disminuir por62.1%	; --%	;
117	;(Viernes)2026/03/27	;130	;Aumentar por75.7%	; --%	;109	;Aumentar por58.0%	; --%	;298	;Aumentar por10.4%	; --%	;173	;Disminuir por14.8%	; --%	;1567	;Disminuir por51.2%	; --%	;1649	;Disminuir por54.7%	; --%	;91	;Aumentar por28.2%	; --%	;105	;Aumentar por18.0%	; --%	;
118	;(Sábado)2026/03/28	;65	;Disminuir por5.8%	; --%	;60	;Disminuir por7.7%	; --%	;183	;Disminuir por43.5%	; --%	;95	;Disminuir por60.7%	; --%	;2297	;Disminuir por32.7%	; --%	;2429	;Disminuir por40.0%	; --%	;50	;Disminuir por52.8%	; --%	;43	;Disminuir por65.6%	; --%	;
119	;(Domingo)2026/03/29	;61	;Disminuir por18.7%	; --%	;40	;Disminuir por45.2%	; --%	;150	;Disminuir por50.8%	; --%	;100	;Disminuir por60.0%	; --%	;1843	;Disminuir por54.8%	; --%	;2134	;Disminuir por53.9%	; --%	;22	;Disminuir por67.2%	; --%	;24	;Disminuir por74.2%	; --%	;
120	;(Lunes)2026/03/30	;80	;Aumentar por42.9%	; --%	;79	;Aumentar por64.6%	; --%	;359	;Aumentar por44.2%	; --%	;291	;Aumentar por69.2%	; --%	;1858	;Disminuir por46.4%	; --%	;2188	;Disminuir por43.6%	; --%	;98	;Aumentar por151.3%	; --%	;107	;Aumentar por105.8%	; --%	;
121	;(Martes)2026/03/31	;100	;Aumentar por40.8%	; --%	;75	;Aumentar por2.7%	; --%	;282	;Aumentar por48.4%	; --%	;223	;Aumentar por84.3%	; --%	;1963	;Disminuir por36.3%	; --%	;2309	;Disminuir por37.1%	; --%	;88	;Aumentar por486.7%	; --%	;109	;Aumentar por445.0%	; --%	;
122	;(Miércoles)2026/04/01	;89	;Aumentar por64.8%	; --%	;76	;Aumentar por105.4%	; --%	;319	;Disminuir por26.8%	; --%	;219	;Disminuir por34.6%	; --%	;2092	;Disminuir por41.1%	; --%	;2317	;Disminuir por39.0%	; --%	;68	;Aumentar por13.3%	; --%	;89	;Aumentar por20.3%	; --%	;
123	;(Jueves)2026/04/02	;70	;Aumentar por11.1%	; --%	;56	;Aumentar por7.7%	; --%	;308	;Aumentar por11.6%	; --%	;227	;Sin cambios	; --%	;2488	;Disminuir por24.3%	; --%	;2598	;Disminuir por30.9%	; --%	;80	;Aumentar por77.8%	; --%	;103	;Aumentar por60.9%	; --%	;
124	;(Viernes)2026/04/03	;62	;Disminuir por53.4%	; --%	;64	;Disminuir por50.0%	; --%	;225	;Disminuir por39.7%	; --%	;183	;Disminuir por42.3%	; --%	;2765	;Disminuir por30.3%	; --%	;3474	;Disminuir por25.7%	; --%	;31	;Disminuir por65.9%	; --%	;33	;Disminuir por72.0%	; --%	;
125	;(Sábado)2026/04/04	;72	;Aumentar por7.5%	; --%	;64	;Aumentar por1.6%	; --%	;212	;Disminuir por20.0%	; --%	;172	;Disminuir por22.5%	; --%	;2455	;Disminuir por29.4%	; --%	;3385	;Disminuir por15.3%	; --%	;44	;Disminuir por47.6%	; --%	;54	;Disminuir por51.8%	; --%	;
126	;(Domingo)2026/04/05	;69	;Disminuir por46.9%	; --%	;63	;Disminuir por48.4%	; --%	;214	;Disminuir por42.2%	; --%	;168	;Disminuir por50.1%	; --%	;2586	;Disminuir por52.8%	; --%	;3751	;Disminuir por36.4%	; --%	;29	;Disminuir por78.2%	; --%	;32	;Disminuir por80.1%	; --%	;
127	;(Lunes)2026/04/06	;69	;Disminuir por18.8%	; --%	;59	;Disminuir por23.4%	; --%	;207	;Disminuir por5.5%	; --%	;149	;Disminuir por9.7%	; --%	;2303	;Disminuir por34.3%	; --%	;2893	;Disminuir por25.8%	; --%	;30	;Sin cambios	; --%	;38	;Disminuir por13.6%	; --%	;
128	;(Martes)2026/04/07	;71	;Aumentar por26.8%	; --%	;53	;Aumentar por32.5%	; --%	;242	;Aumentar por34.4%	; --%	;174	;Aumentar por21.7%	; --%	;1579	;Disminuir por49.2%	; --%	;1918	;Disminuir por43.2%	; --%	;60	;Aumentar por200.0%	; --%	;67	;Aumentar por179.2%	; --%	;
129	;(Miércoles)2026/04/08	;70	;Disminuir por9.1%	; --%	;54	;Disminuir por28.9%	; --%	;271	;Disminuir por40.3%	; --%	;186	;Disminuir por54.1%	; --%	;1576	;Disminuir por52.8%	; --%	;1879	;Disminuir por50.1%	; --%	;46	;Disminuir por49.5%	; --%	;49	;Disminuir por55.9%	; --%	;
130	;(Jueves)2026/04/09	;64	;Aumentar por8.5%	; --%	;44	;Disminuir por24.1%	; --%	;276	;Aumentar por3.4%	; --%	;187	;Disminuir por7.0%	; --%	;1607	;Disminuir por48.3%	; --%	;1817	;Disminuir por45.5%	; --%	;74	;Disminuir por6.3%	; --%	;72	;Disminuir por25.8%	; --%	;
131	;(Viernes)2026/04/10	;215	;Aumentar por330.0%	; --%	;197	;Aumentar por432.4%	; --%	;425	;Aumentar por64.7%	; --%	;306	;Aumentar por61.1%	; --%	;1840	;Disminuir por38.2%	; --%	;2108	;Disminuir por37.3%	; --%	;80	;Aumentar por31.1%	; --%	;88	;Aumentar por20.5%	; --%	;
132	;(Sábado)2026/04/11	;66	;Aumentar por26.9%	; --%	;48	;Aumentar por6.7%	; --%	;164	;Disminuir por43.6%	; --%	;109	;Disminuir por50.7%	; --%	;2207	;Disminuir por29.4%	; --%	;2529	;Disminuir por26.2%	; --%	;29	;Disminuir por54.7%	; --%	;28	;Disminuir por62.2%	; --%	;
133	;(Domingo)2026/04/12	;54	;Disminuir por19.4%	; --%	;39	;Disminuir por31.6%	; --%	;140	;Disminuir por62.9%	; --%	;93	;Disminuir por69.3%	; --%	;1509	;Disminuir por51.8%	; --%	;1904	;Disminuir por43.0%	; --%	;23	;Disminuir por75.8%	; --%	;24	;Disminuir por80.0%	; --%	;
134	;(Lunes)2026/04/13	;85	;Aumentar por107.3%	; --%	;60	;Aumentar por57.9%	; --%	;202	;Disminuir por7.8%	; --%	;136	;Disminuir por3.5%	; --%	;1383	;Disminuir por57.3%	; --%	;1656	;Disminuir por51.8%	; --%	;46	;Aumentar por2.2%	; --%	;45	;Disminuir por16.7%	; --%	;
135	;(Martes)2026/04/14	;89	;Aumentar por45.9%	; --%	;57	;Aumentar por14.0%	; --%	;216	;Aumentar por8.0%	; --%	;138	;Aumentar por1.5%	; --%	;1342	;Disminuir por52.6%	; --%	;1395	;Disminuir por58.5%	; --%	;64	;Aumentar por113.3%	; --%	;57	;Aumentar por83.9%	; --%	;
136	;(Miércoles)2026/04/15	;103	;Aumentar por7.3%	; --%	;63	;Disminuir por12.5%	; --%	;516	;Disminuir por0.8%	; --%	;189	;Disminuir por52.4%	; --%	;2613	;Disminuir por13.0%	; --%	;1480	;Disminuir por51.4%	; --%	;120	;Aumentar por53.8%	; --%	;91	;Aumentar por15.2%	; --%	;
137	;(Jueves)2026/04/16	;101	;Aumentar por94.2%	; --%	;64	;Aumentar por100.0%	; --%	;604	;Aumentar por102.7%	; --%	;240	;Aumentar por10.6%	; --%	;2976	;Aumentar por13.8%	; --%	;1726	;Disminuir por42.2%	; --%	;125	;Aumentar por58.2%	; --%	;82	;Disminuir por7.9%	; --%	;
138	;(Viernes)2026/04/17	;115	;Disminuir por17.9%	; --%	;77	;Disminuir por41.2%	; --%	;671	;Aumentar por102.1%	; --%	;323	;Aumentar por15.4%	; --%	;3516	;Aumentar por14.7%	; --%	;2155	;Disminuir por37.0%	; --%	;186	;Aumentar por2.8%	; --%	;149	;Disminuir por23.6%	; --%	;
139	;(Sábado)2026/04/18	;135	;Aumentar por95.7%	; --%	;109	;Aumentar por73.0%	; --%	;363	;Aumentar por9.0%	; --%	;199	;Disminuir por25.7%	; --%	;3806	;Aumentar por33.3%	; --%	;2842	;Disminuir por11.4%	; --%	;59	;Disminuir por63.6%	; --%	;42	;Disminuir por74.9%	; --%	;
140	;(Domingo)2026/04/19	;126	;Aumentar por48.2%	; --%	;92	;Aumentar por26.0%	; --%	;270	;Disminuir por19.2%	; --%	;143	;Disminuir por47.2%	; --%	;3294	;Aumentar por0.6%	; --%	;2490	;Disminuir por29.7%	; --%	;30	;Disminuir por73.7%	; --%	;20	;Disminuir por85.6%	; --%	;
141	;(Lunes)2026/04/20	;82	;Aumentar por32.3%	; --%	;66	;Aumentar por40.4%	; --%	;545	;Aumentar por120.6%	; --%	;241	;Aumentar por41.8%	; --%	;2712	;Disminuir por18.1%	; --%	;1675	;Disminuir por49.5%	; --%	;96	;Aumentar por146.2%	; --%	;63	;Aumentar por57.5%	; --%	;
142	;(Martes)2026/04/21	;70	;Aumentar por366.7%	; --%	;42	;Aumentar por281.8%	; --%	;466	;Aumentar por105.3%	; --%	;199	;Aumentar por4.2%	; --%	;2524	;Disminuir por16.4%	; --%	;1627	;Disminuir por57.3%	; --%	;137	;Aumentar por356.7%	; --%	;99	;Aumentar por312.5%	; --%	;
143	;(Miércoles)2026/04/22	;111	;Aumentar por19.4%	; --%	;63	;Disminuir por35.7%	; --%	;448	;Aumentar por9.5%	; --%	;175	;Disminuir por49.7%	; --%	;2489	;Disminuir por5.0%	; --%	;1570	;Disminuir por44.3%	; --%	;112	;Aumentar por75.0%	; --%	;71	;Disminuir por13.4%	; --%	;
144	;(Jueves)2026/04/23	;97	;Aumentar por40.6%	;Aumentar por361.9%	;62	;Aumentar por37.8%	;Aumentar por264.7%	;511	;Aumentar por64.8%	;Aumentar por724.2%	;223	;Disminuir por9.7%	;Aumentar por431.0%	;2932	;Aumentar por9.9%	;Aumentar por408.1%	;1876	;Disminuir por36.4%	;Aumentar por107.5%	;132	;Aumentar por18.9%	;Aumentar por1100.0%	;104	;Disminuir por12.6%	;Aumentar por700.0%	;
145	;(Viernes)2026/04/24	;168	;Aumentar por60.0%	;Aumentar por64.7%	;142	;Aumentar por65.1%	;Aumentar por71.1%	;518	;Disminuir por12.1%	;Aumentar por46.7%	;270	;Disminuir por44.8%	;Aumentar por1.9%	;3308	;Aumentar por6.1%	;Aumentar por59.1%	;2413	;Disminuir por26.7%	;Aumentar por3.3%	;166	;Aumentar por64.4%	;Aumentar por52.3%	;157	;Aumentar por33.1%	;Aumentar por29.8%	;
146	;(Sábado)2026/04/25	;136	;Aumentar por109.2%	;Aumentar por32.0%	;115	;Aumentar por109.1%	;Aumentar por27.8%	;258	;Disminuir por34.2%	;Disminuir por23.9%	;131	;Disminuir por60.7%	;Disminuir por43.5%	;3040	;Disminuir por11.6%	;Aumentar por40.8%	;2131	;Disminuir por42.0%	;Disminuir por11.0%	;44	;Disminuir por51.6%	;Disminuir por44.3%	;37	;Disminuir por67.5%	;Disminuir por61.5%	;
147	;(Domingo)2026/04/26	;38	;Disminuir por54.8%	;Disminuir por41.5%	;21	;Disminuir por74.4%	;Disminuir por53.3%	;120	;Disminuir por78.0%	;Disminuir por38.8%	;56	;Disminuir por88.4%	;Disminuir por59.1%	;1462	;Disminuir por48.8%	;Disminuir por41.4%	;1177	;Disminuir por65.3%	;Disminuir por58.0%	;26	;Disminuir por79.7%	;Aumentar por8.3%	;22	;Disminuir por86.6%	;Disminuir por29.0%	;
148	;(Lunes)2026/04/27	;122	;Aumentar por47.0%	;Aumentar por79.4%	;91	;Aumentar por21.3%	;Aumentar por28.2%	;548	;Aumentar por179.6%	;Aumentar por262.9%	;285	;Aumentar por126.2%	;Aumentar por141.5%	;2349	;Disminuir por21.3%	;Aumentar por7.0%	;1665	;Disminuir por49.2%	;Disminuir por36.0%	;113	;Aumentar por145.7%	;Aumentar por465.0%	;100	;Aumentar por132.6%	;Aumentar por354.5%	;
149	;(Martes)2026/04/28	;102	;Aumentar por67.2%	;Aumentar por148.8%	;61	;Aumentar por27.1%	;Aumentar por125.9%	;438	;Aumentar por93.8%	;Aumentar por188.2%	;186	;Aumentar por32.9%	;Aumentar por129.6%	;2210	;Disminuir por15.7%	;Aumentar por229.9%	;1440	;Disminuir por54.2%	;Aumentar por145.7%	;124	;Aumentar por490.5%	;Aumentar por463.6%	;98	;Aumentar por345.5%	;Aumentar por326.1%	;
150	;(Miércoles)2026/04/29	;125	;Aumentar por145.1%	;Aumentar por267.6%	;80	;Aumentar por50.9%	;Aumentar por220.0%	;474	;Aumentar por37.0%	;Aumentar por270.3%	;231	;Disminuir por21.4%	;Aumentar por153.8%	;2348	;Aumentar por22.0%	;Aumentar por155.8%	;1622	;Disminuir por20.9%	;Aumentar por27.3%	;162	;Aumentar por90.6%	;Aumentar por800.0%	;145	;Aumentar por39.4%	;Aumentar por530.4%	;
151	;(Jueves)2026/04/30	;123	;Aumentar por75.7%	;Aumentar por68.5%	;86	;Aumentar por50.9%	;Aumentar por83.0%	;482	;Aumentar por73.4%	;Aumentar por66.8%	;208	;Disminuir por1.9%	;Aumentar por8.9%	;2871	;Aumentar por43.8%	;Aumentar por65.2%	;2156	;Disminuir por4.0%	;Aumentar por9.9%	;138	;Aumentar por100.0%	;Aumentar por142.1%	;105	;Aumentar por25.0%	;Aumentar por59.1%	;
152	;(Viernes)2026/05/01	;88	;Disminuir por78.3%	;Aumentar por23.9%	;77	;Disminuir por81.0%	;Aumentar por35.1%	;297	;Disminuir por10.0%	;Aumentar por36.2%	;185	;Disminuir por34.6%	;Aumentar por12.8%	;3805	;Aumentar por26.5%	;Aumentar por39.2%	;3361	;Aumentar por2.8%	;Aumentar por4.6%	;67	;Disminuir por66.3%	;Aumentar por272.2%	;54	;Disminuir por74.5%	;Aumentar por285.7%	;
153	;(Sábado)2026/05/02	;104	;Aumentar por30.0%	;Aumentar por60.0%	;93	;Aumentar por43.1%	;Aumentar por38.8%	;265	;Aumentar por1.9%	;Disminuir por8.6%	;160	;Disminuir por11.1%	;Disminuir por22.7%	;3595	;Aumentar por71.8%	;Aumentar por40.3%	;3282	;Aumentar por43.8%	;Aumentar por5.6%	;58	;Aumentar por9.4%	;Disminuir por66.5%	;53	;Disminuir por22.1%	;Disminuir por73.5%	;
154	;(Domingo)2026/05/03	;129	;Aumentar por67.5%	;Aumentar por63.3%	;115	;Aumentar por71.6%	;Aumentar por85.5%	;224	;Disminuir por29.1%	;Aumentar por13.7%	;138	;Disminuir por43.2%	;Aumentar por10.4%	;2956	;Aumentar por31.0%	;Aumentar por9.2%	;2604	;Aumentar por9.9%	;Disminuir por14.8%	;45	;Disminuir por51.6%	;Aumentar por50.0%	;37	;Disminuir por67.5%	;Aumentar por5.7%	;
155	;(Lunes)2026/05/04	;27	;Disminuir por61.4%	;Disminuir por64.9%	;9	;Disminuir por86.4%	;Disminuir por86.8%	;166	;Disminuir por29.7%	;Aumentar por5.1%	;31	;Disminuir por81.1%	;Disminuir por68.7%	;474	;Disminuir por84.9%	;Disminuir por76.3%	;232	;Disminuir por93.0%	;Disminuir por90.5%	;27	;Aumentar por12.5%	;Aumentar por58.8%	;11	;Disminuir por65.6%	;Disminuir por52.2%	;
156	;(Martes)2026/05/05	;0	;Disminuir por100.0%	;Disminuir por100.0%	;0	;Disminuir por100.0%	;Disminuir por100.0%	;0	;Disminuir por100.0%	;Disminuir por100.0%	;1	;Disminuir por99.3%	;Disminuir por99.6%	;1	;Disminuir por100.0%	;Disminuir por99.9%	;1	;Disminuir por100.0%	;Disminuir por99.9%	;0	;Disminuir por100.0%	;Disminuir por100.0%	;1	;Disminuir por96.3%	;Disminuir por98.7%	;
157	;(Miércoles)2026/05/06	;0	;Disminuir por100.0%	;Disminuir por100.0%	;0	;Disminuir por100.0%	;Disminuir por100.0%	;0	;Disminuir por100.0%	;Disminuir por100.0%	;1	;Disminuir por99.6%	;Disminuir por99.4%	;1	;Disminuir por100.0%	;Disminuir por99.9%	;0	;Disminuir por100.0%	;Disminuir por100.0%	;0	;Disminuir por100.0%	;Disminuir por100.0%	;0	;Disminuir por100.0%	;Disminuir por100.0%	;
158	;(Jueves)2026/05/07	;0	;Disminuir por100.0%	;Disminuir por100.0%	;0	;Disminuir por100.0%	;Disminuir por100.0%	;1	;Disminuir por99.6%	;Disminuir por99.6%	;1	;Disminuir por99.5%	;Disminuir por99.4%	;0	;Disminuir por100.0%	;Disminuir por100.0%	;0	;Disminuir por100.0%	;Disminuir por100.0%	;0	;Disminuir por100.0%	;Disminuir por100.0%	;0	;Disminuir por100.0%	;Disminuir por100.0%	;
159	;(Viernes)2026/05/08	;0	;Disminuir por100.0%	;Disminuir por100.0%	;0	;Disminuir por100.0%	;Disminuir por100.0%	;0	;Disminuir por100.0%	;Disminuir por100.0%	;0	;Disminuir por100.0%	;Disminuir por100.0%	;0	;Disminuir por100.0%	;Disminuir por100.0%	;0	;Disminuir por100.0%	;Disminuir por100.0%	;0	;Disminuir por100.0%	;Disminuir por100.0%	;0	;Disminuir por100.0%	;Disminuir por100.0%	;
160	;(Sábado)2026/05/09	;0	;Disminuir por100.0%	;Disminuir por100.0%	;0	;Disminuir por100.0%	;Disminuir por100.0%	;0	;Disminuir por100.0%	;Disminuir por100.0%	;0	;Disminuir por100.0%	;Disminuir por100.0%	;0	;Disminuir por100.0%	;Disminuir por100.0%	;0	;Disminuir por100.0%	;Disminuir por100.0%	;0	;Disminuir por100.0%	;Disminuir por100.0%	;0	;Disminuir por100.0%	;Disminuir por100.0%	;
161	;(Domingo)2026/05/10	;0	;Disminuir por100.0%	;Disminuir por100.0%	;0	;Disminuir por100.0%	;Disminuir por100.0%	;0	;Disminuir por100.0%	;Disminuir por100.0%	;0	;Disminuir por100.0%	;Disminuir por100.0%	;3	;Disminuir por99.9%	;Disminuir por99.8%	;3	;Disminuir por99.9%	;Disminuir por99.9%	;0	;Disminuir por100.0%	;Disminuir por100.0%	;1	;Disminuir por99.0%	;Disminuir por95.5%	;
162	;(Lunes)2026/05/11	;0	;Disminuir por100.0%	;Disminuir por100.0%	;0	;Disminuir por100.0%	;Disminuir por100.0%	;0	;Disminuir por100.0%	;Disminuir por100.0%	;0	;Disminuir por100.0%	;Disminuir por100.0%	;1	;Disminuir por100.0%	;Disminuir por99.9%	;1	;Disminuir por100.0%	;Disminuir por100.0%	;10	;Disminuir por65.5%	;Disminuir por52.4%	;6	;Disminuir por75.0%	;Disminuir por73.9%	;
163	;(Martes)2026/05/12	;0	;Disminuir por100.0%	;Disminuir por100.0%	;0	;Disminuir por100.0%	;Disminuir por100.0%	;1	;Disminuir por99.3%	;Disminuir por99.7%	;1	;Disminuir por99.1%	;Disminuir por99.6%	;2	;Disminuir por99.9%	;Disminuir por99.9%	;3	;Disminuir por99.9%	;Disminuir por99.8%	;0	;Disminuir por100.0%	;Disminuir por100.0%	;0	;Disminuir por100.0%	;Disminuir por100.0%	;
164	;(Miércoles)2026/05/13	;0	;Disminuir por100.0%	;Disminuir por100.0%	;0	;Disminuir por100.0%	;Disminuir por100.0%	;1	;Disminuir por99.3%	;Disminuir por99.6%	;1	;Disminuir por99.0%	;Disminuir por99.4%	;0	;Disminuir por100.0%	;Disminuir por100.0%	;0	;Disminuir por100.0%	;Disminuir por100.0%	;0	;Disminuir por100.0%	;Disminuir por100.0%	;0	;Disminuir por100.0%	;Disminuir por100.0%	;
165	;(Jueves)2026/05/14	;0	;Disminuir por100.0%	;Disminuir por100.0%	;0	;Disminuir por100.0%	;Disminuir por100.0%	;0	;Disminuir por100.0%	;Disminuir por100.0%	;0	;Disminuir por100.0%	;Disminuir por100.0%	;3	;Disminuir por99.8%	;Disminuir por99.8%	;3	;Disminuir por99.8%	;Disminuir por99.8%	;5	;Disminuir por90.6%	;Disminuir por90.0%	;4	;Disminuir por93.3%	;Disminuir por92.3%	;
166	;(Viernes)2026/05/15	;0	;Disminuir por100.0%	;Disminuir por100.0%	;0	;Disminuir por100.0%	;Disminuir por100.0%	;2	;Disminuir por99.1%	;Disminuir por99.3%	;3	;Disminuir por98.1%	;Disminuir por98.2%	;1	;Disminuir por99.9%	;Disminuir por99.9%	;1	;Disminuir por99.9%	;Disminuir por99.9%	;0	;Disminuir por100.0%	;Disminuir por100.0%	;0	;Disminuir por100.0%	;Disminuir por100.0%	;
167	;(Sábado)2026/05/16	;0	;Disminuir por100.0%	;Disminuir por100.0%	;0	;Disminuir por100.0%	;Disminuir por100.0%	;114	;Disminuir por46.2%	;Disminuir por60.4%	;114	;Disminuir por32.5%	;Disminuir por41.8%	;28	;Disminuir por98.2%	;Disminuir por98.6%	;30	;Disminuir por98.3%	;Disminuir por98.7%	;7	;Disminuir por87.0%	;Disminuir por92.1%	;7	;Disminuir por88.3%	;Disminuir por92.7%	;
168	;(Domingo)2026/05/17	;0	;Disminuir por100.0%	;Disminuir por100.0%	;0	;Disminuir por100.0%	;Disminuir por100.0%	;0	;Disminuir por100.0%	;Disminuir por100.0%	;0	;Disminuir por100.0%	;Disminuir por100.0%	;7	;Disminuir por99.6%	;Disminuir por99.7%	;9	;Disminuir por99.5%	;Disminuir por99.6%	;0	;Disminuir por100.0%	;Disminuir por100.0%	;0	;Disminuir por100.0%	;Disminuir por100.0%	;
169	;(Lunes)2026/05/18	;0	;Disminuir por100.0%	;Disminuir por100.0%	;0	;Disminuir por100.0%	;Disminuir por100.0%	;0	;Disminuir por100.0%	;Disminuir por100.0%	;0	;Disminuir por100.0%	;Disminuir por100.0%	;4	;Disminuir por99.8%	;Disminuir por99.8%	;4	;Disminuir por99.8%	;Disminuir por99.8%	;0	;Disminuir por100.0%	;Disminuir por100.0%	;0	;Disminuir por100.0%	;Disminuir por100.0%	;
170	;(Martes)2026/05/19	;0	;Disminuir por100.0%	;Disminuir por100.0%	;0	;Disminuir por100.0%	;Disminuir por100.0%	;6	;Disminuir por95.0%	;Disminuir por98.0%	;6	;Disminuir por93.3%	;Disminuir por97.1%	;5	;Disminuir por99.7%	;Disminuir por99.7%	;4	;Disminuir por99.8%	;Disminuir por99.8%	;2	;Disminuir por85.7%	;Disminuir por97.0%	;2	;Disminuir por91.7%	;Disminuir por96.8%	;
171	;(Miércoles)2026/05/20	;0	;Disminuir por100.0%	;Disminuir por100.0%	;0	;Disminuir por100.0%	;Disminuir por100.0%	;0	;Disminuir por100.0%	;Disminuir por100.0%	;0	;Disminuir por100.0%	;Disminuir por100.0%	;2	;Disminuir por99.9%	;Disminuir por99.9%	;2	;Disminuir por99.9%	;Disminuir por99.9%	;0	;Disminuir por100.0%	;Disminuir por100.0%	;0	;Disminuir por100.0%	;Disminuir por100.0%	;
172	;(Jueves)2026/05/21	;0	;Disminuir por100.0%	;Disminuir por100.0%	;0	;Disminuir por100.0%	;Disminuir por100.0%	;0	;Disminuir por100.0%	;Disminuir por100.0%	;0	;Disminuir por100.0%	;Disminuir por100.0%	;6	;Disminuir por99.6%	;Disminuir por99.6%	;12	;Disminuir por99.2%	;Disminuir por99.3%	;0	;Disminuir por100.0%	;Disminuir por100.0%	;0	;Disminuir por100.0%	;Disminuir por100.0%	;
173	;(Viernes)2026/05/22	;0	;Disminuir por100.0%	;Disminuir por100.0%	;0	;Disminuir por100.0%	;Disminuir por100.0%	;2	;Disminuir por99.0%	;Disminuir por99.3%	;2	;Disminuir por98.3%	;Disminuir por98.7%	;2	;Disminuir por99.8%	;Disminuir por99.9%	;9	;Disminuir por99.3%	;Disminuir por99.5%	;2	;Disminuir por96.2%	;Disminuir por98.2%	;4	;Disminuir por93.4%	;Disminuir por96.6%	;
174	;(Sábado)2026/05/23	;0	;Disminuir por100.0%	;Disminuir por100.0%	;0	;Disminuir por100.0%	;Disminuir por100.0%	;0	;Disminuir por100.0%	;Disminuir por100.0%	;0	;Disminuir por100.0%	;Disminuir por100.0%	;1	;Disminuir por99.9%	;Disminuir por99.9%	;4	;Disminuir por99.7%	;Disminuir por99.8%	;0	;Disminuir por100.0%	;Disminuir por100.0%	;0	;Disminuir por100.0%	;Disminuir por100.0%	;
175	;(Domingo)2026/05/24	;0	;Disminuir por100.0%	;Disminuir por100.0%	;0	;Disminuir por100.0%	;Disminuir por100.0%	;0	;Disminuir por100.0%	;Disminuir por100.0%	;0	;Disminuir por100.0%	;Disminuir por100.0%	;4	;Disminuir por99.8%	;Disminuir por99.8%	;5	;Disminuir por99.8%	;Disminuir por99.8%	;1	;Disminuir por98.3%	;Disminuir por95.0%	;1	;Disminuir por98.8%	;Disminuir por96.2%	;
176	;(Lunes)2026/05/25	;0	;Disminuir por100.0%	;Disminuir por100.0%	;0	;Disminuir por100.0%	;Disminuir por100.0%	;0	;Disminuir por100.0%	;Disminuir por100.0%	;0	;Disminuir por100.0%	;Disminuir por100.0%	;8	;Disminuir por99.5%	;Disminuir por99.6%	;10	;Disminuir por99.4%	;Disminuir por99.6%	;2	;Disminuir por88.2%	;Disminuir por91.3%	;2	;Disminuir por86.7%	;Disminuir por92.0%	;
177	;(Martes)2026/05/26	;0	;Disminuir por100.0%	;Disminuir por100.0%	;0	;Disminuir por100.0%	;Disminuir por100.0%	;0	;Disminuir por100.0%	;Disminuir por100.0%	;0	;Disminuir por100.0%	;Disminuir por100.0%	;3	;Disminuir por99.8%	;Disminuir por99.8%	;3	;Disminuir por99.8%	;Disminuir por99.8%	;47	;Aumentar por123.8%	;Disminuir por7.8%	;47	;Aumentar por38.2%	;Disminuir por26.6%	;
178	;(Miércoles)2026/05/27	;0	;Disminuir por100.0%	;Disminuir por100.0%	;0	;Disminuir por100.0%	;Disminuir por100.0%	;0	;Disminuir por100.0%	;Disminuir por100.0%	;0	;Disminuir por100.0%	;Disminuir por100.0%	;3	;Disminuir por99.8%	;Disminuir por99.8%	;4	;Disminuir por99.7%	;Disminuir por99.8%	;1	;Disminuir por98.7%	;Disminuir por98.1%	;1	;Disminuir por98.9%	;Disminuir por98.1%	;
179	;(Jueves)2026/05/28	;0	;Disminuir por100.0%	;Disminuir por100.0%	;0	;Disminuir por100.0%	;Disminuir por100.0%	;0	;Disminuir por100.0%	;Disminuir por100.0%	;0	;Disminuir por100.0%	;Disminuir por100.0%	;1	;Disminuir por99.9%	;Disminuir por99.9%	;3	;Disminuir por99.8%	;Disminuir por99.8%	;5	;Disminuir por87.8%	;Disminuir por90.9%	;5	;Disminuir por91.7%	;Disminuir por91.1%	;
180	;(Viernes)2026/05/29	;1	;Disminuir por98.8%	;Disminuir por99.0%	;1	;Disminuir por97.2%	;Disminuir por98.8%	;0	;Disminuir por100.0%	;Disminuir por100.0%	;0	;Disminuir por100.0%	;Disminuir por100.0%	;1	;Disminuir por99.9%	;Disminuir por99.9%	;1	;Disminuir por99.9%	;Disminuir por99.9%	;2	;Disminuir por96.3%	;Disminuir por97.4%	;2	;Disminuir por95.9%	;Disminuir por97.8%	;
181	;(Sábado)2026/05/30	;0	;Disminuir por100.0%	;Disminuir por100.0%	;0	;Disminuir por100.0%	;Disminuir por100.0%	;0	;Disminuir por100.0%	;Disminuir por100.0%	;0	;Disminuir por100.0%	;Disminuir por100.0%	;0	;Disminuir por100.0%	;Disminuir por100.0%	;1	;Disminuir por99.8%	;Disminuir por100.0%	;1	;Disminuir por97.4%	;Disminuir por98.9%	;0	;Disminuir por100.0%	;Disminuir por100.0%	;
182	;(Domingo)2026/05/31	;0	;Disminuir por100.0%	;Disminuir por100.0%	;0	;Disminuir por100.0%	;Disminuir por100.0%	;0	;Disminuir por100.0%	;Disminuir por100.0%	;0	;Disminuir por100.0%	;Disminuir por100.0%	;2	;Disminuir por98.7%	;Disminuir por99.9%	;2	;Disminuir por99.0%	;Disminuir por99.9%	;0	;Disminuir por100.0%	;Disminuir por100.0%	;0	;Disminuir por100.0%	;Disminuir por100.0%	;
183	;(Lunes)2026/06/01	;0	; --%	;Disminuir por100.0%	;0	;Disminuir por100.0%	;Disminuir por100.0%	;0	;Disminuir por100.0%	;Disminuir por100.0%	;0	;Disminuir por100.0%	;Disminuir por100.0%	;0	;Disminuir por100.0%	;Disminuir por100.0%	;0	;Disminuir por100.0%	;Disminuir por100.0%	;0	;Disminuir por100.0%	;Disminuir por100.0%	;0	;Disminuir por100.0%	;Disminuir por100.0%	;
184	;(Martes)2026/06/02	;0	; --%	;Disminuir por100.0%	;0	;Disminuir por100.0%	;Disminuir por100.0%	;0	;Disminuir por100.0%	;Disminuir por100.0%	;0	;Disminuir por100.0%	;Disminuir por100.0%	;0	;Disminuir por100.0%	;Disminuir por100.0%	;0	;Disminuir por100.0%	;Disminuir por100.0%	;0	;Disminuir por100.0%	;Disminuir por100.0%	;0	;Disminuir por100.0%	;Disminuir por100.0%	;
185	;(Miércoles)2026/06/03	;0	;Disminuir por100.0%	;Disminuir por100.0%	;0	;Disminuir por100.0%	;Disminuir por100.0%	;1	;Disminuir por99.6%	;Disminuir por99.7%	;1	;Disminuir por99.5%	;Disminuir por99.5%	;0	;Disminuir por100.0%	;Disminuir por100.0%	;0	;Disminuir por100.0%	;Disminuir por100.0%	;2	;Disminuir por97.0%	;Disminuir por97.5%	;2	;Disminuir por97.6%	;Disminuir por98.2%	;
186	;(Jueves)2026/06/04	;0	;Disminuir por100.0%	;Disminuir por100.0%	;0	;Disminuir por100.0%	;Disminuir por100.0%	;0	;Disminuir por100.0%	;Disminuir por100.0%	;0	;Disminuir por100.0%	;Disminuir por100.0%	;2	;Disminuir por99.8%	;Disminuir por99.9%	;2	;Disminuir por99.9%	;Disminuir por99.9%	;1	;Disminuir por99.2%	;Disminuir por98.1%	;3	;Disminuir por97.5%	;Disminuir por95.6%	;
187	;(Viernes)2026/06/05	;0	;Disminuir por100.0%	;Disminuir por100.0%	;0	;Disminuir por100.0%	;Disminuir por100.0%	;0	;Disminuir por100.0%	;Disminuir por100.0%	;0	;Disminuir por100.0%	;Disminuir por100.0%	;28	;Disminuir por97.8%	;Disminuir por98.5%	;28	;Disminuir por98.0%	;Disminuir por98.7%	;10	;Disminuir por86.5%	;Disminuir por98.1%	;10	;Disminuir por86.1%	;Disminuir por98.1%	;
188	;(Sábado)2026/06/06	;0	;Disminuir por100.0%	;Disminuir por100.0%	;0	;Disminuir por100.0%	;Disminuir por100.0%	;0	;Disminuir por100.0%	;Disminuir por100.0%	;0	;Disminuir por100.0%	;Disminuir por100.0%	;0	;Disminuir por100.0%	;Disminuir por100.0%	;0	;Disminuir por100.0%	;Disminuir por100.0%	;0	;Disminuir por100.0%	;Disminuir por100.0%	;0	;Disminuir por100.0%	;Disminuir por100.0%	;
189	;(Domingo)2026/06/07	;1	;Disminuir por98.7%	;Disminuir por75.0%	;2	;Disminuir por96.2%	;Disminuir por33.3%	;4	;Disminuir por98.3%	;Disminuir por96.6%	;5	;Disminuir por96.4%	;Disminuir por93.7%	;16	;Disminuir por99.0%	;Disminuir por99.0%	;20	;Disminuir por98.9%	;Disminuir por98.8%	;24	;Disminuir por52.0%	;Aumentar por26.3%	;23	;Disminuir por58.2%	;Aumentar por15.0%	;
190	;(Lunes)2026/06/08	;0	;Disminuir por100.0%	;Disminuir por100.0%	;0	;Disminuir por100.0%	;Disminuir por100.0%	;108	;Disminuir por49.5%	;Disminuir por26.5%	;110	;Disminuir por29.0%	;Disminuir por1.8%	;343	;Disminuir por84.4%	;Disminuir por86.0%	;344	;Disminuir por85.4%	;Disminuir por88.3%	;83	;Aumentar por260.9%	;Aumentar por260.9%	;82	;Aumentar por215.4%	;Aumentar por241.7%	;
191	;(Martes)2026/06/09	;0	;Disminuir por100.0%	;Disminuir por100.0%	;0	;Disminuir por100.0%	;Disminuir por100.0%	;1	;Disminuir por99.1%	;Disminuir por99.8%	;1	;Disminuir por98.8%	;Disminuir por99.7%	;0	;Disminuir por100.0%	;Disminuir por100.0%	;0	;Disminuir por100.0%	;Disminuir por100.0%	;1	;Disminuir por96.0%	;Disminuir por99.2%	;2	;Disminuir por92.0%	;Disminuir por98.6%	;
192	;(Miércoles)2026/06/10	;0	;Disminuir por100.0%	;Disminuir por100.0%	;0	;Disminuir por100.0%	;Disminuir por100.0%	;1	;Disminuir por99.5%	;Disminuir por99.6%	;0	;Disminuir por100.0%	;Disminuir por100.0%	;0	;Disminuir por100.0%	;Disminuir por100.0%	;0	;Disminuir por100.0%	;Disminuir por100.0%	;1	;Disminuir por97.4%	;Disminuir por98.5%	;2	;Disminuir por95.9%	;Disminuir por98.0%	;
193	;(Jueves)2026/06/11	;0	; --%	;Disminuir por100.0%	;0	; --%	;Disminuir por100.0%	;0	; --%	;Disminuir por100.0%	;0	; --%	;Disminuir por100.0%	;2	;Sin cambios	;Disminuir por99.9%	;2	;Sin cambios	;Disminuir por99.9%	;0	; --%	;Disminuir por100.0%	;1	; --%	;Disminuir por98.4%	;
194	;(Viernes)2026/06/12	;0	;Disminuir por100.0%	;Disminuir por100.0%	;0	;Disminuir por100.0%	;Disminuir por100.0%	;0	;Disminuir por100.0%	;Disminuir por100.0%	;3	;Disminuir por97.8%	;Disminuir por99.2%	;0	;Disminuir por100.0%	;Disminuir por100.0%	;2	;Disminuir por99.9%	;Disminuir por99.9%	;9	;Disminuir por80.0%	;Disminuir por87.7%	;25	;Disminuir por45.7%	;Disminuir por72.2%	;
195	;(Sábado)2026/06/13	;1	;Disminuir por98.3%	;Disminuir por98.5%	;1	;Disminuir por98.1%	;Disminuir por98.6%	;0	;Disminuir por100.0%	;Disminuir por100.0%	;0	;Disminuir por100.0%	;Disminuir por100.0%	;6	;Disminuir por99.5%	;Disminuir por99.7%	;9	;Disminuir por99.3%	;Disminuir por99.7%	;9	;Disminuir por83.6%	;Disminuir por89.0%	;10	;Disminuir por79.6%	;Disminuir por90.4%	;
196	;(Domingo)2026/06/14	;3	;Disminuir por93.9%	;Disminuir por95.2%	;3	;Disminuir por91.9%	;Disminuir por95.5%	;0	;Disminuir por100.0%	;Disminuir por100.0%	;1	;Disminuir por99.3%	;Disminuir por99.2%	;19	;Disminuir por98.9%	;Disminuir por99.3%	;21	;Disminuir por98.8%	;Disminuir por99.3%	;0	;Disminuir por100.0%	;Disminuir por100.0%	;1	;Disminuir por97.8%	;Disminuir por96.9%	;
197	;(Lunes)2026/06/15	;0	;Disminuir por100.0%	;Disminuir por100.0%	;1	;Disminuir por98.7%	;Disminuir por98.3%	;0	;Disminuir por100.0%	;Disminuir por100.0%	;0	;Disminuir por100.0%	;Disminuir por100.0%	;21	;Disminuir por98.9%	;Disminuir por99.1%	;54	;Disminuir por97.5%	;Disminuir por98.2%	;14	;Disminuir por50.0%	;Disminuir por26.3%	;15	;Disminuir por46.4%	;Disminuir por51.6%	;
198	;(Martes)2026/06/16	;25	;Disminuir por60.3%	;Disminuir por89.4%	;24	;Disminuir por52.9%	;Disminuir por89.7%	;5	;Disminuir por96.2%	;Disminuir por99.1%	;5	;Disminuir por93.7%	;Disminuir por98.8%	;6	;Disminuir por99.6%	;Disminuir por99.8%	;3	;Disminuir por99.8%	;Disminuir por99.9%	;48	;Aumentar por220.0%	;Disminuir por25.0%	;29	;Aumentar por70.6%	;Disminuir por64.2%	;
199	;(Miércoles)2026/06/17	;41	;Disminuir por38.8%	;Disminuir por33.9%	;42	;Disminuir por12.5%	;Disminuir por27.6%	;0	;Disminuir por100.0%	;Disminuir por100.0%	;0	;Disminuir por100.0%	;Disminuir por100.0%	;12	;Disminuir por99.0%	;Disminuir por99.4%	;11	;Disminuir por99.2%	;Disminuir por99.5%	;141	;Aumentar por193.8%	;Aumentar por107.4%	;125	;Aumentar por190.7%	;Aumentar por28.9%	;
200	;(Jueves)2026/06/18	;0	;Disminuir por100.0%	;Disminuir por100.0%	;0	;Disminuir por100.0%	;Disminuir por100.0%	;2	;Disminuir por99.0%	;Disminuir por99.8%	;2	;Disminuir por98.4%	;Disminuir por99.7%	;2	;Disminuir por99.8%	;Disminuir por99.9%	;2	;Disminuir por99.9%	;Disminuir por99.9%	;4	;Disminuir por89.5%	;Disminuir por91.7%	;1	;Disminuir por97.5%	;Disminuir por98.5%	;
201	;(Viernes)2026/06/19	;0	;Disminuir por100.0%	;Disminuir por100.0%	;0	;Disminuir por100.0%	;Disminuir por100.0%	;0	;Disminuir por100.0%	;Disminuir por100.0%	;1	;Disminuir por99.1%	;Disminuir por99.5%	;1	;Disminuir por99.9%	;Disminuir por100.0%	;1	;Disminuir por99.9%	;Disminuir por100.0%	;0	;Disminuir por100.0%	;Disminuir por100.0%	;0	;Disminuir por100.0%	;Disminuir por100.0%	;
202	;(Sábado)2026/06/20	;0	;Disminuir por100.0%	;Disminuir por100.0%	;0	;Disminuir por100.0%	;Disminuir por100.0%	;4	;Disminuir por98.2%	;Disminuir por98.9%	;4	;Disminuir por96.9%	;Disminuir por98.5%	;8	;Disminuir por99.3%	;Disminuir por99.7%	;9	;Disminuir por99.4%	;Disminuir por99.7%	;1	;Disminuir por96.6%	;Disminuir por99.1%	;1	;Disminuir por97.6%	;Disminuir por99.2%	;
203	;(Domingo)2026/06/21	;0	;Disminuir por100.0%	;Disminuir por100.0%	;0	;Disminuir por100.0%	;Disminuir por100.0%	;1	;Disminuir por99.5%	;Disminuir por99.5%	;1	;Disminuir por99.4%	;Disminuir por99.4%	;242	;Disminuir por83.5%	;Disminuir por92.3%	;251	;Disminuir por84.5%	;Disminuir por92.5%	;27	;Disminuir por12.9%	;Disminuir por12.9%	;27	;Disminuir por34.1%	;Disminuir por27.0%	;
204	;(Lunes)2026/06/22	;0	;Disminuir por100.0%	;Disminuir por100.0%	;0	;Disminuir por100.0%	;Disminuir por100.0%	;67	;Disminuir por48.1%	;Disminuir por73.5%	;67	;Disminuir por21.2%	;Disminuir por68.4%	;2	;Disminuir por99.9%	;Disminuir por99.9%	;2	;Disminuir por99.9%	;Disminuir por99.9%	;0	;Disminuir por100.0%	;Disminuir por100.0%	;0	;Disminuir por100.0%	;Disminuir por100.0%	;
205	;(Martes)2026/06/23	;0	;Disminuir por100.0%	;Disminuir por100.0%	;0	;Disminuir por100.0%	;Disminuir por100.0%	;5	;Disminuir por95.5%	;Disminuir por98.7%	;7	;Disminuir por90.7%	;Disminuir por97.5%	;23	;Disminuir por98.5%	;Disminuir por98.9%	;24	;Disminuir por98.6%	;Disminuir por98.8%	;9	;Aumentar por50.0%	;Disminuir por88.5%	;7	;Disminuir por12.5%	;Disminuir por92.2%	;
206	;(Miércoles)2026/06/24	;0	;Disminuir por100.0%	;Disminuir por100.0%	;0	;Disminuir por100.0%	;Disminuir por100.0%	;0	;Disminuir por100.0%	;Disminuir por100.0%	;0	;Disminuir por100.0%	;Disminuir por100.0%	;3	;Disminuir por99.8%	;Disminuir por99.9%	;3	;Disminuir por99.8%	;Disminuir por99.9%	;0	;Disminuir por100.0%	;Disminuir por100.0%	;0	;Disminuir por100.0%	;Disminuir por100.0%	;
207	;(Jueves)2026/06/25	;0	;Disminuir por100.0%	;Disminuir por100.0%	;1	;Disminuir por97.7%	;Disminuir por98.0%	;0	;Disminuir por100.0%	;Disminuir por100.0%	;0	;Disminuir por100.0%	;Disminuir por100.0%	;0	;Disminuir por100.0%	;Disminuir por100.0%	;0	;Disminuir por100.0%	;Disminuir por100.0%	;169	;Aumentar por333.3%	;Aumentar por177.0%	;169	;Aumentar por275.6%	;Aumentar por113.9%	;
208	;(Viernes)2026/06/26	;1	;Disminuir por98.2%	;Disminuir por98.9%	;1	;Disminuir por97.0%	;Disminuir por98.6%	;0	;Disminuir por100.0%	;Disminuir por100.0%	;0	;Disminuir por100.0%	;Disminuir por100.0%	;0	;Disminuir por100.0%	;Disminuir por100.0%	;2	;Disminuir por99.8%	;Disminuir por99.9%	;1	;Disminuir por96.6%	;Disminuir por99.1%	;2	;Disminuir por92.6%	;Disminuir por98.4%	;
209	;(Sábado)2026/06/27	;19	;Disminuir por77.1%	;Disminuir por79.3%	;20	;Disminuir por69.2%	;Disminuir por75.9%	;0	;Disminuir por100.0%	;Disminuir por100.0%	;0	;Disminuir por100.0%	;Disminuir por100.0%	;678	;Disminuir por40.3%	;Disminuir por74.0%	;732	;Disminuir por45.4%	;Disminuir por73.4%	;427	;Aumentar por662.5%	;Aumentar por408.3%	;432	;Aumentar por620.0%	;Aumentar por323.5%	;
210	;(Domingo)2026/06/28	;0	;Disminuir por100.0%	;Disminuir por100.0%	;0	;Disminuir por100.0%	;Disminuir por100.0%	;0	;Disminuir por100.0%	;Disminuir por100.0%	;0	;Disminuir por100.0%	;Disminuir por100.0%	;27	;Disminuir por98.3%	;Disminuir por99.2%	;32	;Disminuir por98.3%	;Disminuir por99.1%	;21	;Disminuir por57.1%	;Disminuir por93.0%	;20	;Disminuir por69.7%	;Disminuir por93.8%	;
211	;(Lunes)2026/06/29	;0	;Disminuir por100.0%	;Disminuir por100.0%	;0	;Disminuir por100.0%	;Disminuir por100.0%	;1	;Disminuir por99.3%	;Disminuir por99.5%	;2	;Disminuir por97.8%	;Disminuir por98.7%	;16	;Disminuir por99.0%	;Disminuir por99.4%	;71	;Disminuir por95.9%	;Disminuir por97.7%	;1	;Disminuir por90.9%	;Disminuir por88.9%	;1	;Disminuir por93.3%	;Disminuir por93.3%	;
212	;(Martes)2026/06/30	;0	;Disminuir por100.0%	;Disminuir por100.0%	;0	;Disminuir por100.0%	;Disminuir por100.0%	;0	;Disminuir por100.0%	;Disminuir por100.0%	;0	;Disminuir por100.0%	;Disminuir por100.0%	;51	;Disminuir por96.1%	;Disminuir por97.9%	;52	;Disminuir por96.7%	;Disminuir por98.0%	;61	;Aumentar por771.4%	;Disminuir por19.7%	;61	;Aumentar por662.5%	;Disminuir por33.0%	;
213	;(Miércoles)2026/07/01	;0	;Disminuir por100.0%	;Disminuir por100.0%	;0	;Disminuir por100.0%	;Disminuir por100.0%	;0	;Disminuir por100.0%	;Disminuir por100.0%	;0	;Disminuir por100.0%	;Disminuir por100.0%	;5	;Disminuir por99.6%	;Disminuir por99.8%	;6	;Disminuir por99.6%	;Disminuir por99.8%	;0	;Disminuir por100.0%	;Disminuir por100.0%	;0	;Disminuir por100.0%	;Disminuir por100.0%	;
214	;(Jueves)2026/07/02	;0	;Disminuir por100.0%	;Disminuir por100.0%	;0	;Disminuir por100.0%	;Disminuir por100.0%	;0	;Disminuir por100.0%	;Disminuir por100.0%	;0	;Disminuir por100.0%	;Disminuir por100.0%	;5	;Disminuir por99.5%	;Disminuir por99.9%	;9	;Disminuir por99.3%	;Disminuir por99.8%	;2	;Disminuir por93.3%	;Disminuir por98.5%	;3	;Disminuir por91.4%	;Disminuir por97.9%	;
215	;(Viernes)2026/07/03	;0	;Disminuir por100.0%	;Disminuir por100.0%	;0	;Disminuir por100.0%	;Disminuir por100.0%	;0	;Disminuir por100.0%	;Disminuir por100.0%	;0	;Disminuir por100.0%	;Disminuir por100.0%	;17	;Disminuir por98.4%	;Disminuir por99.4%	;43	;Disminuir por96.6%	;Disminuir por98.6%	;42	;Aumentar por10.5%	;Disminuir por30.0%	;47	;Aumentar por46.9%	;Disminuir por43.4%	;
216	;(Sábado)2026/07/04	;2	;Disminuir por96.2%	;Disminuir por97.2%	;2	;Disminuir por92.9%	;Disminuir por96.1%	;0	;Disminuir por100.0%	;Disminuir por100.0%	;0	;Disminuir por100.0%	;Disminuir por100.0%	;925	;Disminuir por20.2%	;Disminuir por65.2%	;895	;Disminuir por34.6%	;Disminuir por69.6%	;2330	;Aumentar por9220.0%	;Aumentar por2741.5%	;2328	;Aumentar por6191.9%	;Aumentar por2251.5%	;
217	;(Domingo)2026/07/05	;1	;Disminuir por98.6%	;Disminuir por98.8%	;1	;Disminuir por97.9%	;Disminuir por98.8%	;3	;Disminuir por98.7%	;Disminuir por98.6%	;4	;Disminuir por97.2%	;Disminuir por97.4%	;3	;Disminuir por99.8%	;Disminuir por99.9%	;8	;Disminuir por99.5%	;Disminuir por99.8%	;3	;Disminuir por91.7%	;Disminuir por90.6%	;1	;Disminuir por97.7%	;Disminuir por97.6%	;
218	;(Lunes)2026/07/06	;0	;Disminuir por100.0%	;Disminuir por100.0%	;0	;Disminuir por100.0%	;Disminuir por100.0%	;6	;Disminuir por96.9%	;Disminuir por97.2%	;20	;Disminuir por80.0%	;Disminuir por87.9%	;5	;Disminuir por99.8%	;Disminuir por99.9%	;10	;Disminuir por99.6%	;Disminuir por99.8%	;6	;Disminuir por50.0%	;Disminuir por62.5%	;9	;Disminuir por35.7%	;Disminuir por40.0%	;
219	;(Martes)2026/07/07	;0	;Disminuir por100.0%	;Disminuir por100.0%	;0	;Disminuir por100.0%	;Disminuir por100.0%	;0	;Disminuir por100.0%	;Disminuir por100.0%	;0	;Disminuir por100.0%	;Disminuir por100.0%	;0	;Disminuir por100.0%	;Disminuir por100.0%	;2	;Disminuir por99.9%	;Disminuir por99.9%	;0	;Disminuir por100.0%	;Disminuir por100.0%	;0	;Disminuir por100.0%	;Disminuir por100.0%	;
220	;(Miércoles)2026/07/08	;1	;Disminuir por98.4%	;Disminuir por98.2%	;1	;Disminuir por97.4%	;Disminuir por97.1%	;16	;Disminuir por94.0%	;Disminuir por93.8%	;9	;Disminuir por95.5%	;Disminuir por95.4%	;340	;Disminuir por69.9%	;Disminuir por88.5%	;24	;Disminuir por98.3%	;Disminuir por99.3%	;4	;Disminuir por90.7%	;Disminuir por93.5%	;5	;Disminuir por90.0%	;Disminuir por93.6%	;
221	;(Jueves)2026/07/09	;145	;Aumentar por168.5%	;Aumentar por93.3%	;141	;Aumentar por487.5%	;Aumentar por187.8%	;246	;Aumentar por34.4%	;Disminuir por7.2%	;181	;Aumentar por42.5%	;Disminuir por2.2%	;3777	;Aumentar por249.4%	;Aumentar por44.7%	;2684	;Aumentar por107.3%	;Disminuir por13.4%	;344	;Aumentar por1086.2%	;Aumentar por561.5%	;336	;Aumentar por1300.0%	;Aumentar por336.4%	;
222	;(Viernes)2026/07/10	;82	;Aumentar por54.7%	;Aumentar por24.2%	;65	;Aumentar por97.0%	;Aumentar por4.8%	;515	;Aumentar por183.0%	;Aumentar por80.7%	;374	;Aumentar por302.2%	;Aumentar por61.2%	;3783	;Aumentar por257.2%	;Aumentar por32.0%	;2406	;Aumentar por88.1%	;Disminuir por22.3%	;345	;Aumentar por1280.0%	;Aumentar por400.0%	;328	;Aumentar por1540.0%	;Aumentar por304.9%	;
223	;(Sábado)2026/07/11	;27	;Disminuir por54.2%	;Disminuir por78.2%	;9	;Disminuir por75.7%	;Disminuir por91.8%	;138	;Disminuir por49.6%	;Disminuir por59.3%	;37	;Disminuir por78.6%	;Disminuir por87.5%	;2889	;Aumentar por126.4%	;Disminuir por3.7%	;1217	;Disminuir por19.5%	;Disminuir por64.0%	;39	;Aumentar por18.2%	;Disminuir por66.4%	;26	;Disminuir por16.1%	;Disminuir por82.4%	;
224	;(Domingo)2026/07/12	;275	;Disminuir por8.9%	;Aumentar por374.1%	;252	;Disminuir por11.3%	;Aumentar por342.1%	;188	;Disminuir por53.6%	;Disminuir por16.8%	;98	;Disminuir por69.1%	;Disminuir por35.1%	;6896	;Aumentar por182.0%	;Aumentar por126.2%	;5581	;Aumentar por109.8%	;Aumentar por75.2%	;669	;Aumentar por377.9%	;Aumentar por1615.4%	;651	;Aumentar por328.3%	;Aumentar por1487.8%	;
225	;(Lunes)2026/07/13	;61	;Aumentar por19.6%	;Aumentar por17.3%	;39	;Disminuir por11.4%	;Disminuir por29.1%	;766	;Aumentar por356.0%	;Aumentar por261.3%	;597	;Aumentar por457.9%	;Aumentar por359.2%	;4736	;Aumentar por91.7%	;Aumentar por54.4%	;2952	;Aumentar por12.0%	;Disminuir por13.9%	;544	;Aumentar por3300.0%	;Aumentar por2490.5%	;507	;Aumentar por2104.3%	;Aumentar por2104.3%	;
226	;(Martes)2026/07/14	;3	;Disminuir por95.4%	;Disminuir por95.8%	;1	;Disminuir por98.0%	;Disminuir por98.5%	;16	;Disminuir por90.7%	;Disminuir por95.8%	;2	;Disminuir por98.3%	;Disminuir por99.3%	;95	;Disminuir por94.9%	;Disminuir por96.5%	;50	;Disminuir por97.9%	;Disminuir por98.2%	;9	;Aumentar por80.0%	;Disminuir por87.3%	;1	;Disminuir por80.0%	;Disminuir por98.9%	;
