Análisis de tipo multiobjetivo	;
Información básica	;
Hora de exportación: 2026/07/14 13:46:42	;
Operador: Touristcheck	;
Objetivo de estadísticas: Calle LLevant	;
Exportar contenido:Número de personas,Vehículos a motor,Vehículos sin motor	;
Hora del informe: 2025/12/01 00:00:00 - 2026/07/14 23:59:59	;

Personas totales	; 	; 	; 	; 	; 	;Total de vehículos a motor	; 	; 	; 	; 	; 	;Total de vehículos sin motor	;
Avanzar	; 	; 	;Retroceso	; 	; 	;Avanzar	; 	; 	;Retroceso	; 	; 	;Avanzar	; 	; 	;Retroceso	;
Valor	;Tasa de cambio (ciclo tras ciclo)	;Tasa de cambio (año tras año)	;Valor	;Tasa de cambio (ciclo tras ciclo)	;Tasa de cambio (año tras año)	;Valor	;Tasa de cambio (ciclo tras ciclo)	;Tasa de cambio (año tras año)	;Valor	;Tasa de cambio (ciclo tras ciclo)	;Tasa de cambio (año tras año)	;Valor	;Tasa de cambio (ciclo tras ciclo)	;Tasa de cambio (año tras año)	;Valor	;Tasa de cambio (ciclo tras ciclo)	;Tasa de cambio (año tras año)	;
239701	;Disminuir por35.6%	;Aumentar por91.8%	;181440	;Disminuir por35.4%	;Aumentar por93.1%	;300959	;Aumentar por1.7%	;Aumentar por190.5%	;171012	;Disminuir por8.3%	;Aumentar por160.1%	;47110	;Disminuir por35.1%	;Aumentar por76.8%	;30060	;Disminuir por46.8%	;Aumentar por55.2%	;

N.º	;Hora	;Personas	; 	; 	; 	; 	; 	;Vehículos a motor	; 	; 	; 	; 	; 	;Vehículos sin motor	;
	;	;Avanzar	; 	; 	;Retroceso	; 	; 	;Avanzar	; 	; 	;Retroceso	; 	; 	;Avanzar	; 	; 	;Retroceso	;
	;	;Valor	;Tasa de cambio (ciclo tras ciclo)	;Tasa de cambio (año tras año)	;Valor	;Tasa de cambio (ciclo tras ciclo)	;Tasa de cambio (año tras año)	;Valor	;Tasa de cambio (ciclo tras ciclo)	;Tasa de cambio (año tras año)	;Valor	;Tasa de cambio (ciclo tras ciclo)	;Tasa de cambio (año tras año)	;Valor	;Tasa de cambio (ciclo tras ciclo)	;Tasa de cambio (año tras año)	;Valor	;Tasa de cambio (ciclo tras ciclo)	;Tasa de cambio (año tras año)	;
1	;(Lunes)2025/12/01	;668	; --%	; --%	;517	; --%	; --%	;879	; --%	; --%	;688	; --%	; --%	;164	; --%	; --%	;115	; --%	; --%	;
2	;(Martes)2025/12/02	;552	; --%	; --%	;468	; --%	; --%	;810	; --%	; --%	;655	; --%	; --%	;138	; --%	; --%	;123	; --%	; --%	;
3	;(Miércoles)2025/12/03	;521	; --%	; --%	;462	; --%	; --%	;870	; --%	; --%	;710	; --%	; --%	;132	; --%	; --%	;83	; --%	; --%	;
4	;(Jueves)2025/12/04	;587	; --%	; --%	;461	; --%	; --%	;924	; --%	; --%	;703	; --%	; --%	;129	; --%	; --%	;101	; --%	; --%	;
5	;(Viernes)2025/12/05	;1181	; --%	; --%	;761	; --%	; --%	;1108	; --%	; --%	;924	; --%	; --%	;150	; --%	; --%	;115	; --%	; --%	;
6	;(Sábado)2025/12/06	;2851	; --%	; --%	;1720	; --%	; --%	;2074	; --%	; --%	;1307	; --%	; --%	;215	; --%	; --%	;202	; --%	; --%	;
7	;(Domingo)2025/12/07	;3837	;Aumentar por187.8%	; --%	;2084	;Aumentar por120.8%	; --%	;1841	;Aumentar por39.8%	; --%	;859	;Disminuir por1.6%	; --%	;259	;Disminuir por11.6%	; --%	;188	;Disminuir por14.2%	; --%	;
8	;(Lunes)2025/12/08	;1952	;Aumentar por6.0%	; --%	;1411	;Aumentar por24.2%	; --%	;1592	;Aumentar por13.9%	; --%	;958	;Aumentar por8.9%	; --%	;199	;Disminuir por36.4%	; --%	;153	;Disminuir por35.7%	; --%	;
9	;(Martes)2025/12/09	;625	;Disminuir por60.2%	; --%	;471	;Disminuir por61.0%	; --%	;850	;Disminuir por35.6%	; --%	;673	;Disminuir por4.5%	; --%	;139	;Disminuir por49.1%	; --%	;105	;Disminuir por50.5%	; --%	;
10	;(Miércoles)2025/12/10	;504	;Aumentar por27.0%	; --%	;388	;Aumentar por61.0%	; --%	;751	;Aumentar por29.0%	; --%	;564	;Aumentar por55.4%	; --%	;154	;Aumentar por24.2%	; --%	;98	;Aumentar por75.0%	; --%	;
11	;(Jueves)2025/12/11	;475	;Aumentar por12.8%	; --%	;425	;Aumentar por11.8%	; --%	;754	;Aumentar por24.2%	; --%	;608	;Aumentar por33.0%	; --%	;115	;Disminuir por24.8%	; --%	;96	;Disminuir por17.9%	; --%	;
12	;(Viernes)2025/12/12	;853	;Aumentar por4.5%	; --%	;739	;Aumentar por9.3%	; --%	;936	;Disminuir por21.5%	; --%	;755	;Disminuir por13.8%	; --%	;117	;Disminuir por58.1%	; --%	;98	;Disminuir por43.7%	; --%	;
13	;(Sábado)2025/12/13	;1383	;Disminuir por39.2%	; --%	;1061	;Disminuir por40.2%	; --%	;1107	;Disminuir por37.0%	; --%	;802	;Disminuir por12.4%	; --%	;124	;Disminuir por65.0%	; --%	;84	;Disminuir por67.3%	; --%	;
14	;(Domingo)2025/12/14	;430	;Disminuir por78.2%	; --%	;417	;Disminuir por69.5%	; --%	;706	;Disminuir por59.9%	; --%	;525	;Disminuir por48.9%	; --%	;27	;Disminuir por89.2%	; --%	;17	;Disminuir por86.6%	; --%	;
15	;(Lunes)2025/12/15	;339	;Disminuir por84.2%	; --%	;319	;Disminuir por80.3%	; --%	;719	;Disminuir por56.9%	; --%	;641	;Disminuir por19.0%	; --%	;19	;Disminuir por95.7%	; --%	;20	;Disminuir por92.8%	; --%	;
16	;(Martes)2025/12/16	;314	;Disminuir por81.5%	; --%	;284	;Disminuir por79.1%	; --%	;717	;Disminuir por42.8%	; --%	;564	;Disminuir por32.0%	; --%	;46	;Disminuir por83.6%	; --%	;33	;Disminuir por85.1%	; --%	;
17	;(Miércoles)2025/12/17	;262	;Disminuir por69.8%	; --%	;273	;Disminuir por64.0%	; --%	;644	;Disminuir por47.3%	; --%	;621	;Disminuir por29.5%	; --%	;9	;Disminuir por96.7%	; --%	;17	;Disminuir por91.1%	; --%	;
18	;(Jueves)2025/12/18	;479	;Disminuir por33.1%	; --%	;343	;Disminuir por41.7%	; --%	;711	;Disminuir por24.7%	; --%	;612	;Disminuir por13.9%	; --%	;108	;Disminuir por56.1%	; --%	;90	;Disminuir por49.4%	; --%	;
19	;(Viernes)2025/12/19	;656	;Disminuir por21.7%	; --%	;451	;Disminuir por38.2%	; --%	;904	;Disminuir por16.0%	; --%	;756	;Disminuir por1.4%	; --%	;121	;Disminuir por52.4%	; --%	;99	;Disminuir por46.2%	; --%	;
20	;(Sábado)2025/12/20	;1355	;Aumentar por77.6%	; --%	;913	;Aumentar por19.3%	; --%	;1027	;Aumentar por7.7%	; --%	;785	;Aumentar por9.0%	; --%	;161	;Aumentar por2.5%	; --%	;104	;Disminuir por6.3%	; --%	;
21	;(Domingo)2025/12/21	;1183	;Aumentar por36.1%	; --%	;990	;Aumentar por32.4%	; --%	;965	;Disminuir por12.3%	; --%	;672	;Disminuir por0.1%	; --%	;118	;Disminuir por58.9%	; --%	;101	;Disminuir por50.0%	; --%	;
22	;(Lunes)2025/12/22	;625	;Disminuir por50.8%	; --%	;482	;Disminuir por45.1%	; --%	;1029	;Disminuir por13.2%	; --%	;719	;Disminuir por11.2%	; --%	;151	;Disminuir por30.4%	; --%	;102	;Disminuir por40.0%	; --%	;
23	;(Martes)2025/12/23	;537	;Disminuir por54.3%	; --%	;373	;Disminuir por62.3%	; --%	;871	;Disminuir por20.2%	; --%	;632	;Disminuir por5.4%	; --%	;81	;Disminuir por70.4%	; --%	;88	;Disminuir por56.4%	; --%	;
24	;(Miércoles)2025/12/24	;691	;Disminuir por25.1%	; --%	;515	;Disminuir por21.4%	; --%	;737	;Disminuir por39.7%	; --%	;562	;Disminuir por35.6%	; --%	;125	;Disminuir por59.0%	; --%	;92	;Disminuir por52.3%	; --%	;
25	;(Jueves)2025/12/25	;724	;Disminuir por14.8%	; --%	;642	;Disminuir por11.4%	; --%	;897	;Aumentar por0.2%	; --%	;731	;Aumentar por4.1%	; --%	;13	;Disminuir por95.5%	; --%	;6	;Disminuir por96.8%	; --%	;
26	;(Viernes)2025/12/26	;811	;Disminuir por1.9%	; --%	;570	;Disminuir por13.5%	; --%	;1065	;Aumentar por5.0%	; --%	;801	;Aumentar por7.8%	; --%	;51	;Disminuir por78.1%	; --%	;31	;Disminuir por80.6%	; --%	;
27	;(Sábado)2025/12/27	;570	;Disminuir por33.7%	; --%	;371	;Disminuir por53.8%	; --%	;1140	;Aumentar por5.1%	; --%	;860	;Aumentar por16.2%	; --%	;14	;Disminuir por94.9%	; --%	;5	;Disminuir por97.2%	; --%	;
28	;(Domingo)2025/12/28	;1103	;Disminuir por16.6%	; --%	;717	;Disminuir por29.6%	; --%	;1204	;Disminuir por7.0%	; --%	;849	;Aumentar por1.2%	; --%	;56	;Disminuir por81.1%	; --%	;44	;Disminuir por79.7%	; --%	;
29	;(Lunes)2025/12/29	;825	;Disminuir por56.1%	; --%	;502	;Disminuir por62.3%	; --%	;1402	;Aumentar por13.2%	; --%	;945	;Aumentar por23.4%	; --%	;66	;Disminuir por80.0%	; --%	;54	;Disminuir por79.9%	; --%	;
30	;(Martes)2025/12/30	;1299	;Aumentar por0.2%	; --%	;830	;Disminuir por19.7%	; --%	;1244	;Aumentar por14.0%	; --%	;862	;Aumentar por11.4%	; --%	;187	;Disminuir por36.0%	; --%	;121	;Disminuir por48.9%	; --%	;
31	;(Miércoles)2025/12/31	;1203	;Aumentar por55.6%	; --%	;748	;Aumentar por3.5%	; --%	;1017	;Disminuir por19.7%	; --%	;817	;Disminuir por12.1%	; --%	;188	;Disminuir por40.5%	; --%	;131	;Disminuir por46.3%	; --%	;
32	;(Jueves)2026/01/01	;2140	;Aumentar por167.5%	; --%	;2047	;Aumentar por257.2%	; --%	;1321	;Aumentar por40.2%	; --%	;821	;Aumentar por19.3%	; --%	;138	;Disminuir por47.3%	; --%	;118	;Disminuir por39.2%	; --%	;
33	;(Viernes)2026/01/02	;988	;Aumentar por42.8%	; --%	;672	;Aumentar por32.0%	; --%	;1156	;Aumentar por17.1%	; --%	;738	;Disminuir por0.9%	; --%	;144	;Disminuir por34.8%	; --%	;78	;Disminuir por62.5%	; --%	;
34	;(Sábado)2026/01/03	;1147	;Aumentar por54.8%	; --%	;713	;Aumentar por29.6%	; --%	;1026	;Disminuir por6.3%	; --%	;662	;Disminuir por13.1%	; --%	;135	;Disminuir por50.9%	; --%	;111	;Disminuir por36.9%	; --%	;
35	;(Domingo)2026/01/04	;642	;Disminuir por47.7%	; --%	;473	;Disminuir por48.2%	; --%	;722	;Disminuir por33.9%	; --%	;565	;Disminuir por36.2%	; --%	;34	;Disminuir por89.7%	; --%	;18	;Disminuir por92.7%	; --%	;
36	;(Lunes)2026/01/05	;1390	;Disminuir por24.2%	; --%	;909	;Disminuir por26.3%	; --%	;798	;Disminuir por35.9%	; --%	;610	;Disminuir por2.6%	; --%	;75	;Disminuir por77.7%	; --%	;55	;Disminuir por77.0%	; --%	;
37	;(Martes)2026/01/06	;547	;Disminuir por66.5%	; --%	;559	;Disminuir por51.7%	; --%	;821	;Disminuir por34.2%	; --%	;690	;Disminuir por18.9%	; --%	;79	;Disminuir por75.2%	; --%	;52	;Disminuir por79.5%	; --%	;
38	;(Miércoles)2026/01/07	;365	;Disminuir por56.5%	; --%	;286	;Disminuir por51.8%	; --%	;614	;Disminuir por50.3%	; --%	;472	;Disminuir por46.5%	; --%	;116	;Disminuir por58.9%	; --%	;80	;Disminuir por64.0%	; --%	;
39	;(Jueves)2026/01/08	;239	;Disminuir por72.4%	; --%	;229	;Disminuir por70.2%	; --%	;633	;Disminuir por41.2%	; --%	;510	;Disminuir por31.8%	; --%	;162	;Disminuir por44.1%	; --%	;111	;Disminuir por52.4%	; --%	;
40	;(Viernes)2026/01/09	;371	;Disminuir por62.9%	; --%	;268	;Disminuir por63.4%	; --%	;680	;Disminuir por43.5%	; --%	;554	;Disminuir por35.7%	; --%	;125	;Disminuir por53.2%	; --%	;106	;Disminuir por39.8%	; --%	;
41	;(Sábado)2026/01/10	;566	;Disminuir por43.2%	; --%	;382	;Disminuir por48.2%	; --%	;720	;Disminuir por38.7%	; --%	;526	;Disminuir por42.6%	; --%	;158	;Disminuir por46.8%	; --%	;100	;Disminuir por59.5%	; --%	;
42	;(Domingo)2026/01/11	;468	;Disminuir por58.9%	; --%	;435	;Disminuir por42.9%	; --%	;681	;Disminuir por48.2%	; --%	;477	;Disminuir por36.6%	; --%	;162	;Disminuir por53.2%	; --%	;142	;Disminuir por54.5%	; --%	;
43	;(Lunes)2026/01/12	;269	;Disminuir por88.6%	; --%	;260	;Disminuir por88.8%	; --%	;724	;Disminuir por39.6%	; --%	;545	;Disminuir por7.2%	; --%	;171	;Disminuir por54.5%	; --%	;139	;Disminuir por41.6%	; --%	;
44	;(Martes)2026/01/13	;271	;Disminuir por86.7%	; --%	;253	;Disminuir por82.1%	; --%	;642	;Disminuir por48.7%	; --%	;498	;Disminuir por46.5%	; --%	;146	;Disminuir por61.7%	; --%	;105	;Disminuir por62.2%	; --%	;
45	;(Miércoles)2026/01/14	;247	;Disminuir por74.1%	; --%	;229	;Disminuir por63.2%	; --%	;629	;Disminuir por53.8%	; --%	;515	;Disminuir por41.9%	; --%	;143	;Disminuir por56.3%	; --%	;117	;Disminuir por48.5%	; --%	;
46	;(Jueves)2026/01/15	;318	;Disminuir por53.5%	; --%	;278	;Disminuir por49.5%	; --%	;622	;Disminuir por43.8%	; --%	;482	;Disminuir por41.1%	; --%	;158	;Disminuir por42.1%	; --%	;100	;Disminuir por50.0%	; --%	;
47	;(Viernes)2026/01/16	;351	;Disminuir por57.5%	; --%	;319	;Disminuir por43.7%	; --%	;693	;Disminuir por34.3%	; --%	;494	;Disminuir por37.6%	; --%	;146	;Disminuir por51.7%	; --%	;98	;Disminuir por56.3%	; --%	;
48	;(Sábado)2026/01/17	;270	;Disminuir por70.6%	; --%	;252	;Disminuir por69.4%	; --%	;654	;Disminuir por50.3%	; --%	;501	;Disminuir por49.5%	; --%	;18	;Disminuir por93.7%	; --%	;18	;Disminuir por91.7%	; --%	;
49	;(Domingo)2026/01/18	;497	;Disminuir por74.2%	; --%	;388	;Disminuir por75.8%	; --%	;672	;Disminuir por16.5%	; --%	;452	;Disminuir por19.1%	; --%	;141	;Disminuir por50.9%	; --%	;124	;Disminuir por43.6%	; --%	;
50	;(Lunes)2026/01/19	;224	;Disminuir por96.2%	; --%	;199	;Disminuir por94.9%	; --%	;710	;Aumentar por755.4%	; --%	;523	;Aumentar por669.1%	; --%	;78	;Aumentar por20.0%	; --%	;46	;Sin cambios	; --%	;
51	;(Martes)2026/01/20	;146	;Disminuir por96.0%	; --%	;133	;Disminuir por94.2%	; --%	;774	;Disminuir por39.4%	; --%	;607	;Disminuir por1.9%	; --%	;20	;Disminuir por94.8%	; --%	;18	;Disminuir por94.0%	; --%	;
52	;(Miércoles)2026/01/21	;312	;Disminuir por79.6%	; --%	;205	;Disminuir por80.2%	; --%	;656	;Disminuir por60.6%	; --%	;435	;Disminuir por59.2%	; --%	;118	;Disminuir por63.2%	; --%	;62	;Disminuir por76.0%	; --%	;
53	;(Jueves)2026/01/22	;301	;Disminuir por74.7%	; --%	;250	;Disminuir por72.6%	; --%	;723	;Disminuir por30.2%	; --%	;507	;Disminuir por39.1%	; --%	;117	;Disminuir por62.7%	; --%	;106	;Disminuir por48.5%	; --%	;
54	;(Viernes)2026/01/23	;395	;Disminuir por75.0%	; --%	;350	;Disminuir por71.4%	; --%	;745	;Disminuir por37.7%	; --%	;585	;Disminuir por39.2%	; --%	;133	;Disminuir por60.3%	; --%	;115	;Disminuir por56.6%	; --%	;
55	;(Sábado)2026/01/24	;642	;Disminuir por42.9%	; --%	;511	;Disminuir por44.8%	; --%	;812	;Disminuir por30.3%	; --%	;637	;Disminuir por27.3%	; --%	;97	;Disminuir por72.4%	; --%	;77	;Disminuir por70.3%	; --%	;
56	;(Domingo)2026/01/25	;697	;Disminuir por53.5%	; --%	;733	;Disminuir por37.2%	; --%	;696	;Disminuir por53.8%	; --%	;460	;Disminuir por56.1%	; --%	;149	;Disminuir por62.8%	; --%	;142	;Disminuir por53.7%	; --%	;
57	;(Lunes)2026/01/26	;260	;Disminuir por87.2%	; --%	;223	;Disminuir por85.7%	; --%	;892	;Disminuir por47.1%	; --%	;687	;Disminuir por19.9%	; --%	;177	;Disminuir por60.8%	; --%	;100	;Disminuir por69.4%	; --%	;
58	;(Martes)2026/01/27	;212	;Disminuir por87.0%	; --%	;201	;Disminuir por83.9%	; --%	;694	;Disminuir por52.9%	; --%	;596	;Disminuir por32.0%	; --%	;103	;Disminuir por72.2%	; --%	;59	;Disminuir por81.2%	; --%	;
59	;(Miércoles)2026/01/28	;357	;Disminuir por75.1%	; --%	;323	;Disminuir por66.7%	; --%	;599	;Disminuir por61.6%	; --%	;501	;Disminuir por49.3%	; --%	;44	;Disminuir por87.6%	; --%	;41	;Disminuir por83.7%	; --%	;
60	;(Jueves)2026/01/29	;399	;Disminuir por68.9%	; --%	;355	;Disminuir por63.1%	; --%	;655	;Disminuir por46.8%	; --%	;577	;Disminuir por38.2%	; --%	;112	;Disminuir por69.5%	; --%	;94	;Disminuir por63.7%	; --%	;
61	;(Viernes)2026/01/30	;449	;Disminuir por74.3%	; --%	;396	;Disminuir por68.0%	; --%	;785	;Disminuir por37.3%	; --%	;611	;Disminuir por32.5%	; --%	;152	;Disminuir por57.4%	; --%	;129	;Disminuir por50.0%	; --%	;
62	;(Sábado)2026/01/31	;578	;Disminuir por54.3%	; --%	;351	;Disminuir por56.8%	; --%	;770	;Disminuir por39.5%	; --%	;609	;Disminuir por30.4%	; --%	;66	;Disminuir por81.6%	; --%	;51	;Disminuir por77.7%	; --%	;
63	;(Domingo)2026/02/01	;638	;Disminuir por56.2%	; --%	;609	;Disminuir por34.7%	; --%	;713	;Disminuir por48.6%	; --%	;573	;Disminuir por32.6%	; --%	;139	;Disminuir por69.2%	; --%	;118	;Disminuir por58.0%	; --%	;
64	;(Lunes)2026/02/02	;280	;Disminuir por86.4%	; --%	;249	;Disminuir por83.3%	; --%	;742	;Disminuir por56.1%	; --%	;584	;Disminuir por31.8%	; --%	;131	;Disminuir por70.4%	; --%	;112	;Disminuir por58.5%	; --%	;
65	;(Martes)2026/02/03	;345	;Disminuir por85.0%	; --%	;321	;Disminuir por80.4%	; --%	;688	;Disminuir por49.6%	; --%	;555	;Disminuir por35.2%	; --%	;149	;Disminuir por62.3%	; --%	;137	;Disminuir por60.3%	; --%	;
66	;(Miércoles)2026/02/04	;319	;Disminuir por82.7%	; --%	;285	;Disminuir por89.4%	; --%	;612	;Disminuir por64.1%	; --%	;440	;Disminuir por53.6%	; --%	;154	;Disminuir por63.8%	; --%	;115	;Disminuir por62.9%	; --%	;
67	;(Jueves)2026/02/05	;121	;Disminuir por95.1%	; --%	;94	;Disminuir por93.0%	; --%	;356	;Disminuir por75.8%	; --%	;269	;Disminuir por67.3%	; --%	;63	;Disminuir por85.6%	; --%	;40	;Disminuir por86.2%	; --%	;
68	;(Viernes)2026/02/06	;551	;Disminuir por64.7%	; --%	;485	;Disminuir por61.7%	; --%	;801	;Disminuir por39.3%	; --%	;587	;Disminuir por21.6%	; --%	;179	;Disminuir por51.9%	; --%	;114	;Disminuir por55.6%	; --%	;
69	;(Sábado)2026/02/07	;1109	;Disminuir por32.3%	; --%	;1589	;Aumentar por42.9%	; --%	;793	;Disminuir por41.0%	; --%	;566	;Disminuir por31.1%	; --%	;200	;Disminuir por50.0%	; --%	;206	;Disminuir por25.9%	; --%	;
70	;(Domingo)2026/02/08	;1210	;Disminuir por28.6%	; --%	;1640	;Aumentar por41.9%	; --%	;747	;Disminuir por45.0%	; --%	;524	;Disminuir por34.0%	; --%	;187	;Disminuir por51.3%	; --%	;190	;Disminuir por30.9%	; --%	;
71	;(Lunes)2026/02/09	;434	;Disminuir por82.3%	; --%	;389	;Disminuir por78.6%	; --%	;777	;Disminuir por49.9%	; --%	;594	;Disminuir por21.8%	; --%	;157	;Disminuir por61.5%	; --%	;140	;Disminuir por56.1%	; --%	;
72	;(Martes)2026/02/10	;423	;Disminuir por78.2%	; --%	;299	;Disminuir por79.5%	; --%	;661	;Disminuir por44.4%	; --%	;529	;Disminuir por18.9%	; --%	;161	;Disminuir por59.2%	; --%	;146	;Disminuir por56.9%	; --%	;
73	;(Miércoles)2026/02/11	;342	;Disminuir por75.5%	; --%	;324	;Disminuir por66.8%	; --%	;691	;Disminuir por54.0%	; --%	;571	;Disminuir por32.0%	; --%	;190	;Disminuir por49.6%	; --%	;138	;Disminuir por56.2%	; --%	;
74	;(Jueves)2026/02/12	;580	;Disminuir por54.6%	; --%	;411	;Disminuir por61.6%	; --%	;801	;Disminuir por35.4%	; --%	;676	;Disminuir por10.0%	; --%	;162	;Disminuir por56.9%	; --%	;105	;Disminuir por57.8%	; --%	;
75	;(Viernes)2026/02/13	;615	;Disminuir por60.2%	; --%	;487	;Disminuir por58.4%	; --%	;814	;Disminuir por38.9%	; --%	;701	;Disminuir por10.9%	; --%	;109	;Disminuir por72.9%	; --%	;63	;Disminuir por75.5%	; --%	;
76	;(Sábado)2026/02/14	;553	;Disminuir por69.4%	; --%	;353	;Disminuir por69.2%	; --%	;735	;Disminuir por43.0%	; --%	;556	;Disminuir por26.2%	; --%	;13	;Disminuir por96.7%	; --%	;7	;Disminuir por97.6%	; --%	;
77	;(Domingo)2026/02/15	;911	;Disminuir por54.9%	; --%	;726	;Disminuir por48.8%	; --%	;823	;Disminuir por43.8%	; --%	;644	;Disminuir por23.2%	; --%	;147	;Disminuir por66.2%	; --%	;131	;Disminuir por54.8%	; --%	;
78	;(Lunes)2026/02/16	;670	;Disminuir por75.9%	; --%	;558	;Disminuir por72.9%	; --%	;982	;Disminuir por30.6%	; --%	;687	;Disminuir por10.7%	; --%	;229	;Disminuir por41.1%	; --%	;184	;Disminuir por34.5%	; --%	;
79	;(Martes)2026/02/17	;607	;Disminuir por74.6%	; --%	;529	;Disminuir por70.6%	; --%	;778	;Disminuir por47.0%	; --%	;612	;Disminuir por22.9%	; --%	;219	;Disminuir por49.7%	; --%	;151	;Disminuir por54.4%	; --%	;
80	;(Miércoles)2026/02/18	;581	;Disminuir por66.2%	; --%	;434	;Disminuir por62.6%	; --%	;957	;Disminuir por45.5%	; --%	;650	;Disminuir por36.2%	; --%	;163	;Disminuir por62.7%	; --%	;134	;Disminuir por58.0%	; --%	;
81	;(Jueves)2026/02/19	;621	;Disminuir por68.8%	; --%	;507	;Disminuir por63.9%	; --%	;1040	;Disminuir por30.5%	; --%	;587	;Disminuir por31.6%	; --%	;146	;Disminuir por66.2%	; --%	;108	;Disminuir por65.4%	; --%	;
82	;(Viernes)2026/02/20	;593	;Disminuir por66.2%	; --%	;414	;Disminuir por72.2%	; --%	;1153	;Disminuir por22.5%	; --%	;683	;Disminuir por31.7%	; --%	;172	;Disminuir por23.2%	; --%	;118	;Disminuir por30.2%	; --%	;
83	;(Sábado)2026/02/21	;1043	;Disminuir por42.7%	; --%	;736	;Disminuir por44.2%	; --%	;1069	;Disminuir por22.5%	; --%	;685	;Disminuir por14.9%	; --%	;194	;Disminuir por56.9%	; --%	;118	;Disminuir por59.0%	; --%	;
84	;(Domingo)2026/02/22	;819	;Disminuir por59.5%	; --%	;630	;Disminuir por59.1%	; --%	;1009	;Disminuir por46.4%	; --%	;555	;Disminuir por56.1%	; --%	;222	;Disminuir por43.2%	; --%	;153	;Disminuir por39.5%	; --%	;
85	;(Lunes)2026/02/23	;521	;Disminuir por76.5%	; --%	;346	;Disminuir por80.7%	; --%	;1052	;Disminuir por34.4%	; --%	;603	;Disminuir por37.3%	; --%	;207	;Disminuir por16.2%	; --%	;147	;Disminuir por9.3%	; --%	;
86	;(Martes)2026/02/24	;593	;Disminuir por73.8%	; --%	;437	;Disminuir por76.6%	; --%	;985	;Disminuir por34.9%	; --%	;567	;Disminuir por27.8%	; --%	;228	;Disminuir por42.9%	; --%	;122	;Disminuir por63.0%	; --%	;
87	;(Miércoles)2026/02/25	;472	;Disminuir por70.4%	; --%	;335	;Disminuir por66.8%	; --%	;1045	;Disminuir por39.8%	; --%	;556	;Disminuir por39.0%	; --%	;137	;Disminuir por70.2%	; --%	;65	;Disminuir por81.9%	; --%	;
88	;(Jueves)2026/02/26	;546	;Disminuir por68.2%	; --%	;453	;Disminuir por60.0%	; --%	;1101	;Disminuir por19.2%	; --%	;563	;Disminuir por29.4%	; --%	;215	;Disminuir por46.1%	; --%	;141	;Disminuir por52.4%	; --%	;
89	;(Viernes)2026/02/27	;614	;Disminuir por67.7%	; --%	;491	;Disminuir por62.6%	; --%	;1208	;Disminuir por16.7%	; --%	;648	;Disminuir por18.8%	; --%	;143	;Disminuir por67.0%	; --%	;92	;Disminuir por73.1%	; --%	;
90	;(Sábado)2026/02/28	;775	;Disminuir por59.9%	; --%	;561	;Disminuir por57.3%	; --%	;1152	;Disminuir por22.5%	; --%	;664	;Disminuir por19.7%	; --%	;151	;Disminuir por65.3%	; --%	;122	;Disminuir por59.7%	; --%	;
91	;(Domingo)2026/03/01	;795	;Disminuir por64.9%	; --%	;551	;Disminuir por65.9%	; --%	;1086	;Disminuir por33.3%	; --%	;608	;Disminuir por33.0%	; --%	;199	;Disminuir por55.2%	; --%	;163	;Disminuir por51.6%	; --%	;
92	;(Lunes)2026/03/02	;458	;Disminuir por77.2%	; --%	;325	;Disminuir por84.2%	; --%	;1205	;Disminuir por34.7%	; --%	;610	;Disminuir por40.8%	; --%	;123	;Disminuir por74.2%	; --%	;77	;Disminuir por77.1%	; --%	;
93	;(Martes)2026/03/03	;292	;Disminuir por88.7%	; --%	;161	;Disminuir por90.7%	; --%	;527	;Disminuir por66.3%	; --%	;286	;Disminuir por63.8%	; --%	;25	;Disminuir por94.8%	; --%	;34	;Disminuir por91.3%	; --%	;
94	;(Miércoles)2026/03/04	;306	;Disminuir por85.9%	; --%	;287	;Disminuir por82.7%	; --%	;965	;Disminuir por53.1%	; --%	;485	;Disminuir por56.2%	; --%	;45	;Disminuir por89.8%	; --%	;23	;Disminuir por93.7%	; --%	;
95	;(Jueves)2026/03/05	;294	;Disminuir por85.6%	; --%	;281	;Disminuir por80.8%	; --%	;1000	;Disminuir por34.9%	; --%	;605	;Disminuir por31.0%	; --%	;19	;Disminuir por95.6%	; --%	;17	;Disminuir por94.8%	; --%	;
96	;(Viernes)2026/03/06	;345	;Disminuir por85.1%	; --%	;232	;Disminuir por85.5%	; --%	;1181	;Disminuir por26.2%	; --%	;664	;Disminuir por27.6%	; --%	;24	;Disminuir por92.5%	; --%	;25	;Disminuir por89.3%	; --%	;
97	;(Sábado)2026/03/07	;324	;Disminuir por87.2%	; --%	;274	;Disminuir por86.0%	; --%	;898	;Disminuir por48.5%	; --%	;600	;Disminuir por44.3%	; --%	;21	;Disminuir por93.9%	; --%	;17	;Disminuir por93.6%	; --%	;
98	;(Domingo)2026/03/08	;698	;Disminuir por61.3%	; --%	;537	;Disminuir por59.4%	; --%	;1020	;Disminuir por22.1%	; --%	;579	;Disminuir por32.3%	; --%	;154	;Disminuir por52.6%	; --%	;110	;Disminuir por57.9%	; --%	;
99	;(Lunes)2026/03/09	;656	;Disminuir por78.8%	; --%	;427	;Disminuir por78.9%	; --%	;1216	;Disminuir por21.2%	; --%	;616	;Disminuir por23.3%	; --%	;183	;Disminuir por63.8%	; --%	;95	;Disminuir por69.4%	; --%	;
100	;(Martes)2026/03/10	;414	;Disminuir por86.4%	; --%	;326	;Disminuir por84.9%	; --%	;1089	;Disminuir por30.9%	; --%	;531	;Disminuir por35.8%	; --%	;91	;Disminuir por78.4%	; --%	;52	;Disminuir por86.7%	; --%	;
101	;(Miércoles)2026/03/11	;656	;Disminuir por71.6%	; --%	;632	;Disminuir por63.1%	; --%	;1086	;Disminuir por37.2%	; --%	;470	;Disminuir por47.1%	; --%	;168	;Disminuir por62.2%	; --%	;129	;Disminuir por64.6%	; --%	;
102	;(Jueves)2026/03/12	;601	;Disminuir por76.2%	; --%	;434	;Disminuir por74.2%	; --%	;1159	;Disminuir por28.8%	; --%	;566	;Disminuir por31.7%	; --%	;175	;Disminuir por60.8%	; --%	;124	;Disminuir por61.6%	; --%	;
103	;(Viernes)2026/03/13	;545	;Disminuir por78.4%	; --%	;412	;Disminuir por76.5%	; --%	;1241	;Disminuir por20.0%	; --%	;593	;Disminuir por28.8%	; --%	;186	;Disminuir por57.0%	; --%	;112	;Disminuir por63.8%	; --%	;
104	;(Sábado)2026/03/14	;1173	;Disminuir por49.5%	; --%	;904	;Disminuir por45.9%	; --%	;1187	;Disminuir por18.6%	; --%	;603	;Disminuir por29.0%	; --%	;122	;Disminuir por71.2%	; --%	;83	;Disminuir por75.6%	; --%	;
105	;(Domingo)2026/03/15	;1120	;Disminuir por55.8%	; --%	;766	;Disminuir por58.8%	; --%	;1079	;Disminuir por34.8%	; --%	;585	;Disminuir por33.1%	; --%	;111	;Disminuir por78.4%	; --%	;81	;Disminuir por78.7%	; --%	;
106	;(Lunes)2026/03/16	;645	;Disminuir por78.8%	; --%	;505	;Disminuir por75.8%	; --%	;1354	;Disminuir por28.7%	; --%	;688	;Disminuir por23.7%	; --%	;250	;Disminuir por49.4%	; --%	;167	;Disminuir por56.4%	; --%	;
107	;(Martes)2026/03/17	;710	;Disminuir por77.2%	; --%	;545	;Disminuir por72.8%	; --%	;1232	;Disminuir por31.0%	; --%	;594	;Disminuir por31.7%	; --%	;220	;Disminuir por60.4%	; --%	;134	;Disminuir por62.4%	; --%	;
108	;(Miércoles)2026/03/18	;802	;Disminuir por71.2%	; --%	;581	;Disminuir por72.7%	; --%	;1316	;Disminuir por45.3%	; --%	;634	;Disminuir por55.3%	; --%	;154	;Disminuir por70.3%	; --%	;114	;Disminuir por71.4%	; --%	;
109	;(Jueves)2026/03/19	;927	;Disminuir por64.2%	; --%	;856	;Disminuir por54.0%	; --%	;1088	;Disminuir por39.7%	; --%	;608	;Disminuir por31.2%	; --%	;163	;Disminuir por66.0%	; --%	;107	;Disminuir por67.8%	; --%	;
110	;(Viernes)2026/03/20	;1307	;Disminuir por53.6%	; --%	;1012	;Disminuir por52.1%	; --%	;1406	;Disminuir por33.0%	; --%	;716	;Disminuir por29.9%	; --%	;244	;Disminuir por47.6%	; --%	;144	;Disminuir por56.6%	; --%	;
111	;(Sábado)2026/03/21	;1294	;Disminuir por49.2%	; --%	;883	;Disminuir por53.4%	; --%	;1471	;Aumentar por49.3%	; --%	;757	;Aumentar por47.0%	; --%	;205	;Disminuir por55.2%	; --%	;116	;Disminuir por67.0%	; --%	;
112	;(Domingo)2026/03/22	;969	;Disminuir por62.8%	; --%	;803	;Disminuir por60.3%	; --%	;1261	;Disminuir por8.0%	; --%	;653	;Aumentar por15.0%	; --%	;220	;Disminuir por54.5%	; --%	;134	;Disminuir por61.4%	; --%	;
113	;(Lunes)2026/03/23	;708	;Disminuir por77.6%	; --%	;631	;Disminuir por75.6%	; --%	;1367	;Disminuir por17.9%	; --%	;723	;Disminuir por21.2%	; --%	;119	;Disminuir por79.1%	; --%	;63	;Disminuir por84.4%	; --%	;
114	;(Martes)2026/03/24	;705	;Disminuir por79.1%	; --%	;659	;Disminuir por73.4%	; --%	;1325	;Disminuir por31.0%	; --%	;662	;Disminuir por30.0%	; --%	;219	;Disminuir por55.4%	; --%	;127	;Disminuir por69.6%	; --%	;
115	;(Miércoles)2026/03/25	;445	;Disminuir por83.2%	; --%	;387	;Disminuir por80.2%	; --%	;634	;Disminuir por74.8%	; --%	;311	;Disminuir por77.0%	; --%	;101	;Disminuir por79.6%	; --%	;62	;Disminuir por83.9%	; --%	;
116	;(Jueves)2026/03/26	;594	;Disminuir por78.6%	; --%	;489	;Disminuir por73.7%	; --%	;1308	;Disminuir por32.1%	; --%	;623	;Disminuir por38.4%	; --%	;176	;Disminuir por65.1%	; --%	;69	;Disminuir por81.7%	; --%	;
117	;(Viernes)2026/03/27	;1007	;Disminuir por67.2%	; --%	;748	;Disminuir por65.3%	; --%	;1418	;Disminuir por29.1%	; --%	;805	;Disminuir por14.7%	; --%	;250	;Disminuir por50.5%	; --%	;120	;Disminuir por69.1%	; --%	;
118	;(Sábado)2026/03/28	;1688	;Disminuir por39.3%	; --%	;1233	;Disminuir por39.7%	; --%	;1251	;Disminuir por37.7%	; --%	;848	;Disminuir por18.1%	; --%	;287	;Disminuir por39.5%	; --%	;176	;Disminuir por50.8%	; --%	;
119	;(Domingo)2026/03/29	;1160	;Disminuir por66.1%	; --%	;727	;Disminuir por71.0%	; --%	;1215	;Disminuir por47.8%	; --%	;872	;Disminuir por29.3%	; --%	;102	;Disminuir por79.3%	; --%	;67	;Disminuir por83.1%	; --%	;
120	;(Lunes)2026/03/30	;1532	;Disminuir por53.2%	; --%	;973	;Disminuir por59.4%	; --%	;1470	;Disminuir por34.3%	; --%	;953	;Disminuir por9.4%	; --%	;263	;Disminuir por43.1%	; --%	;173	;Disminuir por52.6%	; --%	;
121	;(Martes)2026/03/31	;1321	;Disminuir por58.8%	; --%	;981	;Disminuir por58.9%	; --%	;1268	;Disminuir por29.6%	; --%	;890	;Aumentar por1.5%	; --%	;202	;Disminuir por58.2%	; --%	;132	;Disminuir por65.7%	; --%	;
122	;(Miércoles)2026/04/01	;942	;Disminuir por59.5%	; --%	;591	;Disminuir por67.8%	; --%	;1487	;Disminuir por39.7%	; --%	;996	;Disminuir por18.8%	; --%	;266	;Disminuir por37.0%	; --%	;166	;Disminuir por51.5%	; --%	;
123	;(Jueves)2026/04/02	;2406	;Disminuir por14.4%	; --%	;1425	;Disminuir por21.6%	; --%	;1655	;Disminuir por18.4%	; --%	;912	;Disminuir por16.3%	; --%	;310	;Disminuir por28.2%	; --%	;164	;Disminuir por44.6%	; --%	;
124	;(Viernes)2026/04/03	;3602	;Aumentar por32.3%	; --%	;2397	;Aumentar por24.5%	; --%	;2056	;Aumentar por12.6%	; --%	;1038	;Aumentar por2.2%	; --%	;422	;Disminuir por18.8%	; --%	;283	;Disminuir por27.2%	; --%	;
125	;(Sábado)2026/04/04	;3916	;Aumentar por49.2%	; --%	;2453	;Aumentar por27.6%	; --%	;1968	;Disminuir por3.2%	; --%	;1149	;Aumentar por8.7%	; --%	;440	;Disminuir por14.7%	; --%	;342	;Disminuir por16.4%	; --%	;
126	;(Domingo)2026/04/05	;3338	;Aumentar por28.0%	; --%	;2222	;Aumentar por17.9%	; --%	;1870	;Disminuir por4.1%	; --%	;1057	;Aumentar por3.1%	; --%	;477	;Aumentar por1.3%	; --%	;299	;Disminuir por18.3%	; --%	;
127	;(Lunes)2026/04/06	;2033	;Disminuir por31.0%	; --%	;1676	;Disminuir por14.8%	; --%	;1472	;Disminuir por25.1%	; --%	;923	;Aumentar por3.0%	; --%	;420	;Aumentar por1.0%	; --%	;315	;Disminuir por7.4%	; --%	;
128	;(Martes)2026/04/07	;1118	;Disminuir por53.8%	; --%	;734	;Disminuir por59.5%	; --%	;982	;Disminuir por38.4%	; --%	;690	;Disminuir por9.0%	; --%	;261	;Disminuir por36.3%	; --%	;189	;Disminuir por42.9%	; --%	;
129	;(Miércoles)2026/04/08	;1097	;Disminuir por54.4%	; --%	;788	;Disminuir por54.5%	; --%	;1001	;Disminuir por54.3%	; --%	;737	;Disminuir por40.4%	; --%	;267	;Disminuir por41.7%	; --%	;174	;Disminuir por49.7%	; --%	;
130	;(Jueves)2026/04/09	;934	;Disminuir por61.3%	; --%	;691	;Disminuir por54.8%	; --%	;1075	;Disminuir por37.6%	; --%	;726	;Disminuir por14.0%	; --%	;281	;Disminuir por35.0%	; --%	;182	;Disminuir por42.4%	; --%	;
131	;(Viernes)2026/04/10	;1225	;Disminuir por48.0%	; --%	;888	;Disminuir por53.6%	; --%	;1139	;Disminuir por37.9%	; --%	;839	;Disminuir por10.6%	; --%	;288	;Disminuir por30.8%	; --%	;197	;Disminuir por39.6%	; --%	;
132	;(Sábado)2026/04/11	;1606	;Disminuir por31.9%	; --%	;1146	;Disminuir por27.0%	; --%	;1171	;Disminuir por32.2%	; --%	;893	;Disminuir por1.4%	; --%	;297	;Disminuir por35.3%	; --%	;226	;Disminuir por33.9%	; --%	;
133	;(Domingo)2026/04/12	;779	;Disminuir por66.5%	; --%	;564	;Disminuir por63.8%	; --%	;1092	;Disminuir por38.0%	; --%	;832	;Disminuir por10.9%	; --%	;71	;Disminuir por85.1%	; --%	;64	;Disminuir por80.6%	; --%	;
134	;(Lunes)2026/04/13	;971	;Disminuir por57.5%	; --%	;772	;Disminuir por54.1%	; --%	;1216	;Disminuir por26.7%	; --%	;793	;Disminuir por5.6%	; --%	;115	;Disminuir por72.6%	; --%	;73	;Disminuir por79.5%	; --%	;
135	;(Martes)2026/04/14	;795	;Disminuir por66.4%	; --%	;748	;Disminuir por57.6%	; --%	;1240	;Disminuir por17.5%	; --%	;689	;Disminuir por16.6%	; --%	;220	;Disminuir por50.8%	; --%	;129	;Disminuir por62.2%	; --%	;
136	;(Miércoles)2026/04/15	;784	;Disminuir por53.2%	; --%	;575	;Disminuir por49.2%	; --%	;2471	;Aumentar por16.9%	; --%	;537	;Disminuir por51.2%	; --%	;333	;Disminuir por19.6%	; --%	;112	;Disminuir por64.3%	; --%	;
137	;(Jueves)2026/04/16	;951	;Disminuir por53.4%	; --%	;819	;Disminuir por40.1%	; --%	;2769	;Aumentar por73.2%	; --%	;588	;Disminuir por33.2%	; --%	;296	;Disminuir por31.3%	; --%	;120	;Disminuir por62.4%	; --%	;
138	;(Viernes)2026/04/17	;1157	;Disminuir por43.0%	; --%	;826	;Disminuir por34.0%	; --%	;2882	;Aumentar por91.2%	; --%	;672	;Disminuir por18.3%	; --%	;370	;Disminuir por15.5%	; --%	;162	;Disminuir por47.9%	; --%	;
139	;(Sábado)2026/04/18	;1728	;Disminuir por10.0%	; --%	;1247	;Disminuir por13.9%	; --%	;2710	;Aumentar por68.8%	; --%	;739	;Disminuir por17.1%	; --%	;435	;Aumentar por6.1%	; --%	;130	;Disminuir por59.2%	; --%	;
140	;(Domingo)2026/04/19	;1222	;Disminuir por46.0%	; --%	;955	;Disminuir por35.4%	; --%	;2435	;Aumentar por21.5%	; --%	;721	;Disminuir por39.4%	; --%	;430	;Aumentar por61.7%	; --%	;187	;Aumentar por6.9%	; --%	;
141	;(Lunes)2026/04/20	;825	;Disminuir por69.2%	; --%	;662	;Disminuir por61.4%	; --%	;2680	;Aumentar por31.6%	; --%	;703	;Disminuir por17.8%	; --%	;365	;Disminuir por22.3%	; --%	;138	;Disminuir por61.0%	; --%	;
142	;(Martes)2026/04/21	;839	;Disminuir por68.4%	; --%	;684	;Disminuir por72.5%	; --%	;2193	;Aumentar por43.5%	; --%	;552	;Disminuir por34.9%	; --%	;342	;Disminuir por39.9%	; --%	;169	;Disminuir por63.0%	; --%	;
143	;(Miércoles)2026/04/22	;595	;Disminuir por71.9%	; --%	;414	;Disminuir por75.8%	; --%	;2389	;Aumentar por42.8%	; --%	;655	;Disminuir por25.7%	; --%	;282	;Disminuir por29.5%	; --%	;147	;Disminuir por48.4%	; --%	;
144	;(Jueves)2026/04/23	;913	;Disminuir por62.8%	; --%	;592	;Disminuir por63.0%	; --%	;2728	;Aumentar por101.2%	; --%	;722	;Disminuir por0.1%	; --%	;293	;Disminuir por34.3%	; --%	;148	;Disminuir por52.9%	; --%	;
145	;(Viernes)2026/04/24	;1334	;Disminuir por42.6%	; --%	;906	;Disminuir por58.7%	; --%	;3240	;Aumentar por127.4%	; --%	;1190	;Aumentar por94.8%	; --%	;398	;Disminuir por29.2%	; --%	;208	;Disminuir por46.8%	; --%	;
146	;(Sábado)2026/04/25	;2599	;Disminuir por15.9%	;Aumentar por95.0%	;1811	;Disminuir por28.6%	;Aumentar por91.8%	;2708	;Aumentar por47.8%	;Aumentar por105.6%	;934	;Aumentar por20.2%	;Aumentar por7.0%	;690	;Aumentar por17.7%	;Aumentar por135.5%	;521	;Aumentar por17.9%	;Aumentar por137.9%	;
147	;(Domingo)2026/04/26	;5294	;Aumentar por259.9%	;Aumentar por187.4%	;4090	;Aumentar por164.7%	;Aumentar por260.0%	;1292	;Aumentar por2.0%	;Disminuir por7.6%	;418	;Disminuir por44.2%	;Disminuir por52.5%	;497	;Aumentar por27.8%	;Aumentar por58.8%	;253	;Disminuir por21.9%	;Aumentar por6.3%	;
148	;(Lunes)2026/04/27	;860	;Disminuir por86.8%	;Disminuir por45.2%	;756	;Disminuir por82.9%	;Disminuir por37.5%	;2426	;Aumentar por102.7%	;Aumentar por83.9%	;814	;Aumentar por22.6%	;Aumentar por15.5%	;358	;Disminuir por22.2%	;Aumentar por31.1%	;202	;Disminuir por42.1%	;Disminuir por4.7%	;
149	;(Martes)2026/04/28	;871	;Disminuir por73.3%	;Aumentar por119.4%	;692	;Disminuir por78.6%	;Aumentar por187.1%	;2250	;Aumentar por68.5%	;Aumentar por286.6%	;672	;Aumentar por5.5%	;Aumentar por85.1%	;333	;Disminuir por33.7%	;Aumentar por168.5%	;189	;Disminuir por57.5%	;Aumentar por237.5%	;
150	;(Miércoles)2026/04/29	;961	;Disminuir por21.0%	;Aumentar por128.3%	;714	;Disminuir por14.3%	;Aumentar por87.9%	;2228	;Aumentar por44.4%	;Aumentar por267.1%	;678	;Disminuir por33.5%	;Aumentar por48.4%	;308	;Disminuir por26.8%	;Aumentar por101.3%	;161	;Disminuir por47.6%	;Aumentar por37.6%	;
151	;(Jueves)2026/04/30	;1144	;Disminuir por7.5%	;Aumentar por40.2%	;831	;Aumentar por17.0%	;Aumentar por22.9%	;2379	;Aumentar por102.8%	;Aumentar por99.6%	;760	;Disminuir por12.4%	;Disminuir por13.2%	;348	;Disminuir por7.0%	;Aumentar por24.7%	;138	;Disminuir por51.9%	;Disminuir por20.7%	;
152	;(Viernes)2026/05/01	;2670	;Aumentar por152.6%	;Aumentar por17.3%	;1720	;Aumentar por138.2%	;Disminuir por3.0%	;2954	;Aumentar por142.5%	;Aumentar por68.0%	;950	;Aumentar por18.0%	;Aumentar por3.7%	;361	;Aumentar por11.8%	;Aumentar por2.0%	;190	;Disminuir por28.6%	;Disminuir por26.1%	;
153	;(Sábado)2026/05/02	;2331	;Aumentar por114.4%	;Aumentar por18.0%	;1544	;Aumentar por151.9%	;Aumentar por12.8%	;2616	;Aumentar por115.5%	;Aumentar por48.7%	;915	;Aumentar por12.3%	;Disminuir por10.9%	;307	;Disminuir por18.8%	;Aumentar por23.3%	;163	;Disminuir por42.6%	;Aumentar por28.3%	;
154	;(Domingo)2026/05/03	;1576	;Disminuir por15.6%	;Disminuir por26.4%	;1121	;Aumentar por10.6%	;Disminuir por30.6%	;2307	;Aumentar por60.8%	;Aumentar por38.2%	;849	;Disminuir por19.1%	;Aumentar por7.3%	;257	;Disminuir por42.8%	;Disminuir por41.5%	;147	;Disminuir por57.5%	;Disminuir por47.1%	;
155	;(Lunes)2026/05/04	;622	;Disminuir por72.9%	;Disminuir por63.3%	;550	;Disminuir por68.9%	;Disminuir por59.6%	;1912	;Aumentar por15.7%	;Aumentar por52.5%	;957	;Aumentar por28.6%	;Aumentar por15.4%	;152	;Disminuir por69.7%	;Disminuir por45.9%	;76	;Disminuir por79.2%	;Disminuir por65.6%	;
156	;(Martes)2026/05/05	;537	;Disminuir por82.2%	;Disminuir por38.1%	;429	;Disminuir por79.1%	;Disminuir por43.4%	;1435	;Aumentar por41.5%	;Aumentar por17.5%	;846	;Aumentar por40.3%	;Disminuir por4.0%	;165	;Disminuir por52.3%	;Disminuir por38.7%	;122	;Disminuir por52.5%	;Disminuir por36.5%	;
157	;(Miércoles)2026/05/06	;653	;Disminuir por52.4%	;Disminuir por8.8%	;511	;Disminuir por47.0%	;Disminuir por13.1%	;1422	;Disminuir por10.6%	;Aumentar por50.6%	;857	;Disminuir por18.3%	;Aumentar por20.5%	;219	;Disminuir por39.8%	;Disminuir por11.0%	;139	;Disminuir por46.7%	;Disminuir por21.9%	;
158	;(Jueves)2026/05/07	;659	;Disminuir por54.1%	;Disminuir por21.4%	;542	;Disminuir por49.0%	;Disminuir por25.8%	;1517	;Aumentar por27.7%	;Aumentar por41.0%	;890	;Aumentar por1.6%	;Aumentar por16.0%	;231	;Disminuir por33.0%	;Disminuir por9.1%	;134	;Disminuir por44.9%	;Disminuir por27.2%	;
159	;(Viernes)2026/05/08	;767	;Disminuir por45.1%	;Aumentar por0.5%	;600	;Disminuir por45.6%	;Disminuir por21.6%	;1595	;Aumentar por27.9%	;Aumentar por67.2%	;1005	;Aumentar por16.6%	;Aumentar por39.6%	;236	;Disminuir por28.7%	;Aumentar por50.3%	;133	;Disminuir por48.6%	;Aumentar por19.8%	;
160	;(Sábado)2026/05/09	;1138	;Disminuir por33.9%	;Aumentar por31.0%	;818	;Disminuir por29.5%	;Aumentar por9.4%	;1631	;Aumentar por49.5%	;Aumentar por48.3%	;1081	;Aumentar por36.0%	;Aumentar por60.6%	;83	;Disminuir por76.2%	;Disminuir por71.1%	;79	;Disminuir por69.0%	;Disminuir por60.9%	;
161	;(Domingo)2026/05/10	;1128	;Disminuir por14.3%	;Disminuir por11.3%	;984	;Disminuir por6.8%	;Aumentar por12.1%	;1642	;Aumentar por25.1%	;Aumentar por38.6%	;989	;Aumentar por5.5%	;Aumentar por22.1%	;251	;Disminuir por28.7%	;Aumentar por15.7%	;220	;Disminuir por15.7%	;Aumentar por29.4%	;
162	;(Lunes)2026/05/11	;722	;Disminuir por63.6%	;Disminuir por38.5%	;545	;Disminuir por58.8%	;Disminuir por44.9%	;1670	;Aumentar por16.5%	;Aumentar por52.9%	;1143	;Aumentar por24.0%	;Aumentar por71.1%	;346	;Disminuir por15.2%	;Aumentar por26.3%	;204	;Disminuir por34.2%	;Aumentar por1.0%	;
163	;(Martes)2026/05/12	;707	;Disminuir por54.2%	;Disminuir por23.3%	;510	;Disminuir por57.9%	;Disminuir por22.1%	;1203	;Disminuir por6.1%	;Disminuir por1.6%	;814	;Disminuir por10.5%	;Disminuir por6.8%	;215	;Disminuir por25.1%	;Disminuir por29.5%	;136	;Disminuir por42.1%	;Disminuir por29.5%	;
164	;(Miércoles)2026/05/13	;618	;Aumentar por2.1%	;Disminuir por27.3%	;439	;Aumentar por9.8%	;Disminuir por39.4%	;1301	;Aumentar por58.1%	;Aumentar por45.4%	;759	;Disminuir por7.6%	;Aumentar por8.1%	;214	;Aumentar por548.5%	;Disminuir por26.5%	;139	;Aumentar por672.2%	;Disminuir por24.9%	;
165	;(Jueves)2026/05/14	;714	;Disminuir por34.7%	;Disminuir por13.7%	;540	;Disminuir por44.3%	;Disminuir por18.1%	;1695	;Aumentar por69.3%	;Aumentar por67.2%	;1056	;Aumentar por35.2%	;Aumentar por42.1%	;214	;Disminuir por30.1%	;Disminuir por8.2%	;160	;Disminuir por27.9%	;Sin cambios	;
166	;(Viernes)2026/05/15	;941	;Disminuir por20.7%	;Aumentar por9.4%	;873	;Disminuir por6.1%	;Aumentar por8.7%	;1911	;Aumentar por91.3%	;Aumentar por76.1%	;1248	;Aumentar por57.6%	;Aumentar por68.6%	;251	;Disminuir por21.1%	;Disminuir por8.4%	;158	;Disminuir por20.6%	;Disminuir por12.2%	;
167	;(Sábado)2026/05/16	;1492	;Aumentar por57.6%	;Aumentar por12.8%	;953	;Aumentar por32.0%	;Disminuir por6.5%	;1790	;Aumentar por85.7%	;Aumentar por38.3%	;1176	;Aumentar por63.1%	;Aumentar por40.2%	;262	;Disminuir por17.1%	;Disminuir por11.5%	;194	;Disminuir por19.5%	;Disminuir por10.6%	;
168	;(Domingo)2026/05/17	;1148	;Aumentar por21.7%	;Disminuir por38.9%	;1030	;Aumentar por43.1%	;Disminuir por22.6%	;1826	;Aumentar por64.2%	;Aumentar por47.4%	;1049	;Aumentar por18.1%	;Aumentar por36.9%	;240	;Disminuir por33.0%	;Disminuir por27.3%	;161	;Disminuir por37.6%	;Disminuir por39.9%	;
169	;(Lunes)2026/05/18	;736	;Disminuir por59.1%	;Disminuir por43.3%	;777	;Disminuir por39.0%	;Disminuir por24.8%	;1641	;Aumentar por31.9%	;Aumentar por50.4%	;1175	;Aumentar por41.7%	;Aumentar por51.8%	;281	;Disminuir por23.2%	;Disminuir por3.8%	;176	;Disminuir por29.9%	;Disminuir por25.7%	;
170	;(Martes)2026/05/19	;669	;Disminuir por55.4%	;Disminuir por13.5%	;533	;Disminuir por51.4%	;Disminuir por26.3%	;1582	;Aumentar por40.5%	;Aumentar por25.0%	;1024	;Aumentar por25.2%	;Aumentar por10.2%	;213	;Disminuir por33.4%	;Disminuir por32.6%	;164	;Disminuir por34.4%	;Disminuir por32.8%	;
171	;(Miércoles)2026/05/20	;696	;Disminuir por33.4%	;Disminuir por13.0%	;577	;Disminuir por37.6%	;Aumentar por0.7%	;1540	;Aumentar por24.6%	;Aumentar por63.5%	;995	;Aumentar por18.6%	;Aumentar por44.6%	;240	;Disminuir por21.1%	;Disminuir por8.4%	;160	;Disminuir por24.2%	;Disminuir por17.5%	;
172	;(Jueves)2026/05/21	;666	;Disminuir por28.3%	;Disminuir por3.8%	;524	;Disminuir por23.4%	;Aumentar por2.9%	;1588	;Aumentar por68.8%	;Aumentar por60.9%	;1080	;Aumentar por62.9%	;Aumentar por45.0%	;216	;Disminuir por25.0%	;Disminuir por2.3%	;156	;Disminuir por32.8%	;Disminuir por25.0%	;
173	;(Viernes)2026/05/22	;822	;Aumentar por21.2%	;Aumentar por10.9%	;700	;Aumentar por59.1%	;Aumentar por27.3%	;1787	;Aumentar por114.0%	;Aumentar por63.2%	;1205	;Aumentar por114.0%	;Aumentar por58.1%	;267	;Aumentar por19.7%	;Disminuir por2.9%	;210	;Aumentar por25.7%	;Aumentar por19.3%	;
174	;(Sábado)2026/05/23	;1544	;Aumentar por67.1%	;Aumentar por25.7%	;963	;Aumentar por29.3%	;Aumentar por5.4%	;1745	;Aumentar por103.1%	;Aumentar por59.7%	;1150	;Aumentar por62.7%	;Aumentar por29.8%	;241	;Aumentar por18.1%	;Disminuir por26.7%	;170	;Aumentar por13.3%	;Disminuir por30.9%	;
175	;(Domingo)2026/05/24	;1320	;Disminuir por15.0%	;Disminuir por28.0%	;932	;Disminuir por25.9%	;Disminuir por24.4%	;2113	;Aumentar por68.0%	;Aumentar por69.9%	;1135	;Aumentar por11.3%	;Aumentar por81.3%	;302	;Aumentar por88.8%	;Disminuir por10.1%	;223	;Aumentar por75.6%	;Disminuir por6.7%	;
176	;(Lunes)2026/05/25	;813	;Disminuir por0.5%	;Disminuir por50.2%	;678	;Disminuir por4.0%	;Disminuir por41.5%	;1974	;Aumentar por81.3%	;Aumentar por58.3%	;1282	;Aumentar por28.6%	;Aumentar por50.6%	;341	;Aumentar por675.0%	;Aumentar por6.9%	;209	;Aumentar por895.2%	;Disminuir por17.7%	;
177	;(Martes)2026/05/26	;760	;Disminuir por20.6%	;Disminuir por9.5%	;620	;Disminuir por31.4%	;Aumentar por4.6%	;1604	;Aumentar por73.8%	;Aumentar por29.9%	;1068	;Aumentar por16.3%	;Aumentar por21.1%	;232	;Aumentar por222.2%	;Disminuir por17.7%	;166	;Aumentar por238.8%	;Disminuir por25.2%	;
178	;(Miércoles)2026/05/27	;688	;Disminuir por3.8%	;Disminuir por20.5%	;427	;Disminuir por26.1%	;Disminuir por44.5%	;1673	;Disminuir por80.4%	;Aumentar por55.3%	;1073	;Disminuir por87.2%	;Aumentar por43.4%	;242	;Aumentar por96.7%	;Disminuir por16.6%	;160	;Aumentar por53.8%	;Disminuir por31.3%	;
179	;(Jueves)2026/05/28	;624	;Disminuir por32.1%	;Disminuir por37.6%	;407	;Disminuir por50.9%	;Disminuir por44.4%	;2024	;Aumentar por84.5%	;Aumentar por68.2%	;1425	;Aumentar por64.5%	;Aumentar por65.5%	;255	;Disminuir por14.4%	;Disminuir por4.5%	;163	;Disminuir por22.0%	;Disminuir por7.4%	;
180	;(Viernes)2026/05/29	;1603	;Aumentar por82.4%	;Aumentar por60.8%	;1354	;Aumentar por50.3%	;Aumentar por83.5%	;706	;Disminuir por39.3%	;Disminuir por39.9%	;869	;Aumentar por12.6%	;Disminuir por5.2%	;132	;Disminuir por59.9%	;Disminuir por55.6%	;128	;Disminuir por46.4%	;Disminuir por48.2%	;
181	;(Sábado)2026/05/30	;368	;Disminuir por49.7%	;Disminuir por67.7%	;305	;Disminuir por60.3%	;Disminuir por60.0%	;4	;Disminuir por99.0%	;Disminuir por99.7%	;13	;Disminuir por95.9%	;Disminuir por98.3%	;3	;Disminuir por98.3%	;Disminuir por99.1%	;1	;Disminuir por99.6%	;Disminuir por99.7%	;
182	;(Domingo)2026/05/31	;715	;Disminuir por70.2%	;Disminuir por69.7%	;407	;Disminuir por88.4%	;Disminuir por82.4%	;36	;Disminuir por79.9%	;Disminuir por97.0%	;32	;Disminuir por82.6%	;Disminuir por94.5%	;5	;Disminuir por95.7%	;Disminuir por98.7%	;3	;Disminuir por99.5%	;Disminuir por98.7%	;
183	;(Lunes)2026/06/01	;750	;Disminuir por89.6%	;Disminuir por63.1%	;541	;Disminuir por93.2%	;Disminuir por61.7%	;71	;Disminuir por86.9%	;Disminuir por94.3%	;65	;Disminuir por87.8%	;Disminuir por93.0%	;25	;Disminuir por91.9%	;Disminuir por93.4%	;15	;Disminuir por98.8%	;Disminuir por94.6%	;
184	;(Martes)2026/06/02	;545	;Disminuir por82.1%	;Disminuir por42.9%	;453	;Disminuir por64.5%	;Disminuir por27.2%	;57	;Disminuir por63.2%	;Disminuir por95.8%	;45	;Disminuir por67.9%	;Disminuir por94.9%	;28	;Disminuir por65.0%	;Disminuir por91.4%	;9	;Disminuir por98.7%	;Disminuir por96.0%	;
185	;(Miércoles)2026/06/03	;628	;Disminuir por47.7%	;Disminuir por8.2%	;369	;Disminuir por61.4%	;Disminuir por32.9%	;101	;Disminuir por91.2%	;Disminuir por90.9%	;86	;Disminuir por89.9%	;Disminuir por89.5%	;17	;Disminuir por94.4%	;Disminuir por93.8%	;11	;Disminuir por96.2%	;Disminuir por94.5%	;
186	;(Jueves)2026/06/04	;679	;Disminuir por27.9%	;Disminuir por17.8%	;440	;Disminuir por46.7%	;Disminuir por22.4%	;871	;Disminuir por17.5%	;Disminuir por17.4%	;506	;Disminuir por33.4%	;Disminuir por36.1%	;126	;Disminuir por54.8%	;Disminuir por58.3%	;70	;Disminuir por69.8%	;Disminuir por68.8%	;
187	;(Viernes)2026/06/05	;1195	;Aumentar por31.8%	;Aumentar por30.3%	;969	;Aumentar por35.0%	;Aumentar por17.7%	;1644	;Aumentar por77.3%	;Aumentar por25.0%	;1057	;Aumentar por45.6%	;Aumentar por6.6%	;129	;Disminuir por53.8%	;Disminuir por54.9%	;84	;Disminuir por64.1%	;Disminuir por61.1%	;
188	;(Sábado)2026/06/06	;7563	;Aumentar por726.6%	;Aumentar por292.7%	;5590	;Aumentar por788.7%	;Aumentar por248.1%	;222	;Disminuir por75.5%	;Disminuir por72.4%	;110	;Disminuir por84.7%	;Disminuir por80.3%	;79	;Disminuir por63.9%	;Disminuir por72.5%	;78	;Disminuir por54.9%	;Disminuir por64.5%	;
189	;(Domingo)2026/06/07	;3660	;Aumentar por305.3%	;Disminuir por37.7%	;1739	;Aumentar por163.1%	;Disminuir por55.8%	;567	;Disminuir por48.0%	;Aumentar por583.1%	;475	;Disminuir por36.6%	;Aumentar por598.5%	;148	;Disminuir por45.8%	;Aumentar por127.7%	;115	;Disminuir por47.5%	;Aumentar por150.0%	;
190	;(Lunes)2026/06/08	;1040	;Disminuir por32.1%	;Disminuir por71.2%	;744	;Disminuir por27.2%	;Disminuir por67.8%	;1595	;Aumentar por37.1%	;Aumentar por24.9%	;1080	;Aumentar por46.7%	;Aumentar por74.5%	;303	;Aumentar por0.7%	;Disminuir por21.9%	;227	;Disminuir por0.9%	;Disminuir por23.8%	;
191	;(Martes)2026/06/09	;1052	;Aumentar por5.2%	;Disminuir por31.3%	;901	;Aumentar por4.3%	;Disminuir por12.9%	;1638	;Aumentar por66.8%	;Disminuir por1.7%	;1099	;Aumentar por27.5%	;Aumentar por3.0%	;251	;Aumentar por110.9%	;Disminuir por21.8%	;160	;Aumentar por135.3%	;Disminuir por38.0%	;
192	;(Miércoles)2026/06/10	;1257	;Aumentar por147.4%	;Aumentar por5.5%	;1092	;Aumentar por168.3%	;Aumentar por19.9%	;1694	;Aumentar por123.8%	;Aumentar por63.5%	;1102	;Aumentar por116.5%	;Aumentar por32.3%	;250	;Aumentar por49.7%	;Disminuir por20.4%	;146	;Disminuir por13.1%	;Disminuir por29.1%	;
193	;(Jueves)2026/06/11	;943	; --%	;Disminuir por40.3%	;728	; --%	;Disminuir por40.5%	;1840	;Aumentar por91900.0%	;Aumentar por54.0%	;1193	;Aumentar por119200.0%	;Aumentar por24.0%	;255	; --%	;Disminuir por23.9%	;175	;Aumentar por17400.0%	;Disminuir por34.0%	;
194	;(Viernes)2026/06/12	;1251	;Aumentar por43.1%	;Aumentar por11.2%	;888	;Aumentar por37.0%	;Disminuir por4.0%	;1799	;Aumentar por116.5%	;Aumentar por54.4%	;1255	;Aumentar por113.1%	;Aumentar por43.3%	;315	;Aumentar por66.7%	;Disminuir por10.3%	;174	;Aumentar por8.1%	;Disminuir por32.8%	;
195	;(Sábado)2026/06/13	;2968	;Aumentar por374.1%	;Aumentar por97.9%	;3015	;Aumentar por528.1%	;Aumentar por158.4%	;1135	;Aumentar por53.2%	;Disminuir por24.7%	;790	;Aumentar por39.6%	;Disminuir por24.7%	;252	;Aumentar por16.7%	;Disminuir por37.2%	;190	;Aumentar por18.0%	;Disminuir por38.1%	;
196	;(Domingo)2026/06/14	;2113	;Aumentar por159.6%	;Aumentar por4.3%	;1560	;Aumentar por153.7%	;Aumentar por0.1%	;1412	;Aumentar por35.9%	;Disminuir por16.3%	;851	;Aumentar por33.8%	;Disminuir por0.8%	;302	;Aumentar por29.6%	;Disminuir por33.0%	;214	;Aumentar por21.6%	;Disminuir por34.6%	;
197	;(Lunes)2026/06/15	;1219	;Disminuir por7.9%	;Disminuir por25.2%	;918	;Disminuir por4.5%	;Disminuir por26.7%	;1728	;Aumentar por63.2%	;Aumentar por17.3%	;1152	;Aumentar por54.2%	;Aumentar por31.4%	;332	;Aumentar por23.4%	;Disminuir por10.5%	;233	;Aumentar por11.0%	;Disminuir por25.6%	;
198	;(Martes)2026/06/16	;1045	;Disminuir por7.5%	;Disminuir por27.1%	;828	;Aumentar por2.1%	;Disminuir por14.6%	;1516	;Aumentar por59.2%	;Disminuir por2.8%	;986	;Aumentar por51.5%	;Disminuir por0.2%	;263	;Aumentar por24.1%	;Disminuir por25.9%	;175	;Disminuir por4.4%	;Disminuir por30.6%	;
199	;(Miércoles)2026/06/17	;983	;Aumentar por65.2%	;Disminuir por23.3%	;808	;Aumentar por89.2%	;Disminuir por15.9%	;1510	;Aumentar por70.6%	;Aumentar por22.6%	;896	;Aumentar por39.8%	;Disminuir por4.1%	;269	;Aumentar por18.0%	;Disminuir por26.7%	;170	;Disminuir por4.0%	;Disminuir por34.4%	;
200	;(Jueves)2026/06/18	;1273	;Aumentar por150.6%	;Disminuir por27.3%	;993	;Aumentar por129.9%	;Disminuir por19.8%	;1690	;Aumentar por118.3%	;Aumentar por35.1%	;1025	;Aumentar por83.7%	;Aumentar por13.3%	;307	;Aumentar por78.5%	;Disminuir por14.0%	;200	;Aumentar por43.9%	;Disminuir por22.5%	;
201	;(Viernes)2026/06/19	;1366	;Aumentar por158.7%	;Aumentar por8.1%	;968	;Aumentar por113.7%	;Aumentar por19.2%	;1722	;Aumentar por123.9%	;Aumentar por35.4%	;1102	;Aumentar por96.4%	;Aumentar por25.9%	;312	;Aumentar por97.5%	;Disminuir por12.8%	;202	;Aumentar por122.0%	;Disminuir por11.8%	;
202	;(Sábado)2026/06/20	;2254	;Aumentar por392.1%	;Aumentar por54.6%	;1630	;Aumentar por341.7%	;Aumentar por74.7%	;2061	;Aumentar por162.5%	;Aumentar por48.6%	;1249	;Aumentar por107.1%	;Aumentar por46.9%	;297	;Aumentar por120.0%	;Disminuir por34.3%	;207	;Aumentar por107.0%	;Disminuir por26.3%	;
203	;(Domingo)2026/06/21	;1806	;Aumentar por183.1%	;Disminuir por12.2%	;1334	;Aumentar por172.8%	;Disminuir por10.7%	;1971	;Aumentar por128.7%	;Aumentar por16.7%	;1141	;Aumentar por84.6%	;Aumentar por33.3%	;338	;Aumentar por67.3%	;Disminuir por23.7%	;212	;Aumentar por21.8%	;Disminuir por21.5%	;
204	;(Lunes)2026/06/22	;1672	;Aumentar por79.4%	;Disminuir por27.1%	;1165	;Aumentar por81.7%	;Disminuir por28.7%	;2167	;Aumentar por130.3%	;Aumentar por58.6%	;1485	;Aumentar por106.0%	;Aumentar por73.3%	;391	;Aumentar por147.5%	;Disminuir por1.0%	;244	;Aumentar por154.2%	;Disminuir por29.3%	;
205	;(Martes)2026/06/23	;1593	;Aumentar por70.0%	;Disminuir por13.8%	;2440	;Aumentar por226.6%	;Disminuir por9.2%	;1754	;Aumentar por90.2%	;Aumentar por3.0%	;1093	;Aumentar por67.9%	;Aumentar por15.2%	;289	;Aumentar por26.2%	;Disminuir por32.0%	;191	;Aumentar por5.5%	;Disminuir por38.4%	;
206	;(Miércoles)2026/06/24	;2240	;Aumentar por313.3%	;Disminuir por9.7%	;1309	;Aumentar por183.3%	;Disminuir por2.8%	;1647	;Aumentar por84.0%	;Aumentar por12.0%	;926	;Aumentar por49.1%	;Aumentar por12.5%	;373	;Aumentar por82.0%	;Disminuir por14.8%	;232	;Aumentar por52.6%	;Disminuir por20.0%	;
207	;(Jueves)2026/06/25	;1433	;Aumentar por160.5%	;Disminuir por8.3%	;1063	;Aumentar por131.1%	;Disminuir por16.0%	;1803	;Aumentar por139.1%	;Aumentar por36.7%	;1023	;Aumentar por82.0%	;Aumentar por36.6%	;332	;Aumentar por91.9%	;Disminuir por10.8%	;204	;Aumentar por31.6%	;Disminuir por20.6%	;
208	;(Viernes)2026/06/26	;1608	;Aumentar por167.1%	;Disminuir por1.8%	;1116	;Aumentar por132.5%	;Aumentar por0.4%	;1943	;Aumentar por159.1%	;Aumentar por44.7%	;1152	;Aumentar por109.5%	;Aumentar por40.3%	;344	;Aumentar por96.6%	;Disminuir por14.0%	;224	;Aumentar por64.7%	;Disminuir por19.4%	;
209	;(Sábado)2026/06/27	;2126	;Aumentar por189.6%	;Aumentar por25.5%	;1640	;Aumentar por171.1%	;Aumentar por41.9%	;1965	;Aumentar por145.0%	;Aumentar por44.7%	;1117	;Aumentar por78.7%	;Aumentar por40.7%	;352	;Aumentar por89.2%	;Disminuir por8.3%	;232	;Aumentar por57.8%	;Disminuir por15.6%	;
210	;(Domingo)2026/06/28	;1987	;Aumentar por158.7%	;Disminuir por18.8%	;1572	;Aumentar por154.8%	;Disminuir por13.7%	;1972	;Aumentar por117.4%	;Aumentar por27.2%	;1019	;Aumentar por51.0%	;Aumentar por34.1%	;304	;Aumentar por52.8%	;Disminuir por25.5%	;187	;Aumentar por27.2%	;Disminuir por41.4%	;
211	;(Lunes)2026/06/29	;1309	;Aumentar por34.7%	;Disminuir por32.5%	;1105	;Aumentar por53.0%	;Disminuir por24.3%	;1851	;Aumentar por94.0%	;Aumentar por55.7%	;1179	;Aumentar por75.2%	;Aumentar por80.8%	;406	;Aumentar por113.7%	;Aumentar por2.8%	;254	;Aumentar por74.0%	;Disminuir por25.1%	;
212	;(Martes)2026/06/30	;1320	;Aumentar por87.5%	;Disminuir por5.4%	;1039	;Aumentar por70.0%	;Aumentar por6.3%	;1715	;Aumentar por103.4%	;Aumentar por14.1%	;1012	;Aumentar por61.1%	;Aumentar por20.5%	;337	;Aumentar por60.5%	;Disminuir por10.6%	;188	;Aumentar por18.2%	;Disminuir por40.3%	;

Exportar contenido:Subtipos de vehículos a motor	;
Hora del informe: 2025/12/01 00:00:00 - 2026/07/14 23:59:59	;

N.º	;Hora	;Autobuses	; 	; 	; 	; 	; 	;Monovolúmenes	; 	; 	; 	; 	; 	;Sedanes pequeños	; 	; 	; 	; 	; 	;Camiones	;
	;	;Avanzar	; 	; 	;Retroceso	; 	; 	;Avanzar	; 	; 	;Retroceso	; 	; 	;Avanzar	; 	; 	;Retroceso	; 	; 	;Avanzar	; 	; 	;Retroceso	;
	;	;Valor	;Tasa de cambio (ciclo tras ciclo)	;Tasa de cambio (año tras año)	;Valor	;Tasa de cambio (ciclo tras ciclo)	;Tasa de cambio (año tras año)	;Valor	;Tasa de cambio (ciclo tras ciclo)	;Tasa de cambio (año tras año)	;Valor	;Tasa de cambio (ciclo tras ciclo)	;Tasa de cambio (año tras año)	;Valor	;Tasa de cambio (ciclo tras ciclo)	;Tasa de cambio (año tras año)	;Valor	;Tasa de cambio (ciclo tras ciclo)	;Tasa de cambio (año tras año)	;Valor	;Tasa de cambio (ciclo tras ciclo)	;Tasa de cambio (año tras año)	;Valor	;Tasa de cambio (ciclo tras ciclo)	;Tasa de cambio (año tras año)	;
1	;(Lunes)2025/12/01	;31	; --%	; --%	;1	; --%	; --%	;61	; --%	; --%	;111	; --%	; --%	;765	; --%	; --%	;556	; --%	; --%	;21	; --%	; --%	;19	; --%	; --%	;
2	;(Martes)2025/12/02	;30	; --%	; --%	;6	; --%	; --%	;77	; --%	; --%	;105	; --%	; --%	;683	; --%	; --%	;525	; --%	; --%	;17	; --%	; --%	;15	; --%	; --%	;
3	;(Miércoles)2025/12/03	;35	; --%	; --%	;8	; --%	; --%	;77	; --%	; --%	;112	; --%	; --%	;713	; --%	; --%	;541	; --%	; --%	;24	; --%	; --%	;27	; --%	; --%	;
4	;(Jueves)2025/12/04	;35	; --%	; --%	;7	; --%	; --%	;63	; --%	; --%	;101	; --%	; --%	;775	; --%	; --%	;551	; --%	; --%	;51	; --%	; --%	;45	; --%	; --%	;
5	;(Viernes)2025/12/05	;47	; --%	; --%	;27	; --%	; --%	;52	; --%	; --%	;118	; --%	; --%	;981	; --%	; --%	;747	; --%	; --%	;51	; --%	; --%	;54	; --%	; --%	;
6	;(Sábado)2025/12/06	;35	; --%	; --%	;8	; --%	; --%	;57	; --%	; --%	;59	; --%	; --%	;1968	; --%	; --%	;1211	; --%	; --%	;7	; --%	; --%	;5	; --%	; --%	;
7	;(Domingo)2025/12/07	;33	;Disminuir por5.7%	; --%	;13	;Sin cambios	; --%	;52	;Disminuir por26.8%	; --%	;52	;Disminuir por56.7%	; --%	;1754	;Aumentar por48.0%	; --%	;786	;Aumentar por14.1%	; --%	;3	;Disminuir por88.5%	; --%	;6	;Disminuir por87.5%	; --%	;
8	;(Lunes)2025/12/08	;32	;Disminuir por28.9%	; --%	;5	;Disminuir por75.0%	; --%	;56	;Disminuir por12.5%	; --%	;71	;Disminuir por32.4%	; --%	;1481	;Aumentar por17.0%	; --%	;849	;Aumentar por16.5%	; --%	;22	;Aumentar por22.2%	; --%	;24	;Aumentar por4.3%	; --%	;
9	;(Martes)2025/12/09	;37	;Disminuir por9.8%	; --%	;7	;Disminuir por68.2%	; --%	;52	;Aumentar por36.8%	; --%	;110	;Aumentar por86.4%	; --%	;729	;Disminuir por40.6%	; --%	;527	;Disminuir por13.5%	; --%	;31	;Aumentar por106.7%	; --%	;29	;Aumentar por81.3%	; --%	;
10	;(Miércoles)2025/12/10	;37	;Aumentar por117.6%	; --%	;5	;Sin cambios	; --%	;43	;Aumentar por38.7%	; --%	;92	;Aumentar por84.0%	; --%	;648	;Aumentar por25.6%	; --%	;450	;Aumentar por63.0%	; --%	;20	;Aumentar por42.9%	; --%	;14	;Disminuir por41.7%	; --%	;
11	;(Jueves)2025/12/11	;34	;Aumentar por21.4%	; --%	;5	;Disminuir por28.6%	; --%	;59	;Aumentar por73.5%	; --%	;111	;Aumentar por152.3%	; --%	;636	;Aumentar por18.2%	; --%	;473	;Aumentar por19.7%	; --%	;23	;Aumentar por228.6%	; --%	;18	;Aumentar por63.6%	; --%	;
12	;(Viernes)2025/12/12	;39	;Disminuir por23.5%	; --%	;5	;Disminuir por58.3%	; --%	;68	;Disminuir por12.8%	; --%	;104	;Disminuir por12.6%	; --%	;813	;Disminuir por20.7%	; --%	;610	;Disminuir por13.5%	; --%	;18	;Disminuir por51.4%	; --%	;36	;Disminuir por7.7%	; --%	;
13	;(Sábado)2025/12/13	;41	;Aumentar por20.6%	; --%	;3	;Disminuir por84.2%	; --%	;32	;Disminuir por38.5%	; --%	;48	;Disminuir por22.6%	; --%	;1033	;Disminuir por37.9%	; --%	;747	;Disminuir por8.6%	; --%	;4	;Sin cambios	; --%	;5	;Disminuir por54.5%	; --%	;
14	;(Domingo)2025/12/14	;38	;Disminuir por9.5%	; --%	;2	;Disminuir por92.9%	; --%	;19	;Disminuir por78.4%	; --%	;35	;Disminuir por74.1%	; --%	;639	;Disminuir por59.8%	; --%	;481	;Disminuir por40.2%	; --%	;4	;Disminuir por90.0%	; --%	;3	;Disminuir por95.0%	; --%	;
15	;(Lunes)2025/12/15	;34	;Aumentar por3.0%	; --%	;6	;Disminuir por50.0%	; --%	;53	;Disminuir por7.0%	; --%	;91	;Aumentar por26.4%	; --%	;622	;Disminuir por60.2%	; --%	;535	;Disminuir por22.4%	; --%	;15	;Disminuir por28.6%	; --%	;13	;Disminuir por31.6%	; --%	;
16	;(Martes)2025/12/16	;31	;Disminuir por16.2%	; --%	;6	;Disminuir por50.0%	; --%	;40	;Disminuir por11.1%	; --%	;92	;Aumentar por61.4%	; --%	;621	;Disminuir por46.3%	; --%	;449	;Disminuir por40.0%	; --%	;25	;Aumentar por127.3%	; --%	;17	;Aumentar por112.5%	; --%	;
17	;(Miércoles)2025/12/17	;34	;Disminuir por32.0%	; --%	;9	;Disminuir por40.0%	; --%	;47	;Disminuir por44.7%	; --%	;109	;Disminuir por18.0%	; --%	;556	;Disminuir por46.8%	; --%	;493	;Disminuir por27.3%	; --%	;8	;Disminuir por81.4%	; --%	;11	;Disminuir por80.4%	; --%	;
18	;(Jueves)2025/12/18	;37	;Disminuir por26.0%	; --%	;9	;Disminuir por40.0%	; --%	;52	;Disminuir por22.4%	; --%	;82	;Disminuir por14.6%	; --%	;603	;Disminuir por23.7%	; --%	;504	;Disminuir por7.9%	; --%	;19	;Disminuir por50.0%	; --%	;16	;Disminuir por69.2%	; --%	;
19	;(Viernes)2025/12/19	;37	;Disminuir por21.3%	; --%	;6	;Disminuir por70.0%	; --%	;88	;Aumentar por11.4%	; --%	;131	;Aumentar por14.9%	; --%	;739	;Disminuir por18.3%	; --%	;577	;Disminuir por2.4%	; --%	;39	;Disminuir por11.4%	; --%	;42	;Disminuir por2.3%	; --%	;
20	;(Sábado)2025/12/20	;35	;Disminuir por32.7%	; --%	;7	;Disminuir por66.7%	; --%	;22	;Disminuir por64.5%	; --%	;55	;Disminuir por56.0%	; --%	;964	;Aumentar por20.8%	; --%	;718	;Aumentar por32.2%	; --%	;5	;Disminuir por87.8%	; --%	;4	;Disminuir por86.2%	; --%	;
21	;(Domingo)2025/12/21	;33	;Sin cambios	; --%	;8	;Disminuir por52.9%	; --%	;23	;Disminuir por68.5%	; --%	;42	;Disminuir por46.8%	; --%	;909	;Disminuir por5.0%	; --%	;618	;Aumentar por13.8%	; --%	;2	;Disminuir por94.3%	; --%	;5	;Disminuir por83.3%	; --%	;
22	;(Lunes)2025/12/22	;35	;Aumentar por52.2%	; --%	;3	;Disminuir por76.9%	; --%	;56	;Aumentar por30.2%	; --%	;102	;Aumentar por72.9%	; --%	;918	;Disminuir por16.5%	; --%	;589	;Disminuir por17.4%	; --%	;18	;Sin cambios	; --%	;23	;Sin cambios	; --%	;
23	;(Martes)2025/12/23	;35	;Disminuir por5.4%	; --%	;3	;Disminuir por84.2%	; --%	;52	;Aumentar por62.5%	; --%	;79	;Aumentar por68.1%	; --%	;754	;Disminuir por25.6%	; --%	;518	;Disminuir por11.9%	; --%	;28	;Aumentar por133.3%	; --%	;29	;Aumentar por123.1%	; --%	;
24	;(Miércoles)2025/12/24	;41	;Disminuir por19.6%	; --%	;7	;Disminuir por58.8%	; --%	;35	;Disminuir por62.4%	; --%	;80	;Disminuir por42.0%	; --%	;655	;Disminuir por37.4%	; --%	;467	;Disminuir por31.6%	; --%	;9	;Disminuir por71.9%	; --%	;12	;Disminuir por60.0%	; --%	;
25	;(Jueves)2025/12/25	;33	;Disminuir por34.0%	; --%	;7	;Disminuir por69.6%	; --%	;38	;Disminuir por33.3%	; --%	;52	;Disminuir por42.9%	; --%	;808	;Aumentar por6.6%	; --%	;653	;Aumentar por18.7%	; --%	;18	;Disminuir por37.9%	; --%	;19	;Disminuir por48.6%	; --%	;
26	;(Viernes)2025/12/26	;37	;Disminuir por21.3%	; --%	;15	;Disminuir por6.3%	; --%	;37	;Disminuir por40.3%	; --%	;77	;Disminuir por18.9%	; --%	;983	;Aumentar por13.6%	; --%	;693	;Aumentar por17.5%	; --%	;7	;Disminuir por82.1%	; --%	;14	;Disminuir por65.9%	; --%	;
27	;(Sábado)2025/12/27	;44	;Disminuir por22.8%	; --%	;11	;Disminuir por47.6%	; --%	;34	;Disminuir por56.4%	; --%	;51	;Disminuir por52.3%	; --%	;1049	;Aumentar por14.5%	; --%	;787	;Aumentar por37.1%	; --%	;6	;Disminuir por82.9%	; --%	;5	;Disminuir por86.8%	; --%	;
28	;(Domingo)2025/12/28	;36	;Disminuir por21.7%	; --%	;7	;Disminuir por63.2%	; --%	;41	;Disminuir por51.8%	; --%	;45	;Disminuir por64.0%	; --%	;1120	;Aumentar por0.8%	; --%	;788	;Aumentar por22.2%	; --%	;9	;Disminuir por81.6%	; --%	;10	;Disminuir por79.2%	; --%	;
29	;(Lunes)2025/12/29	;37	;Aumentar por5.7%	; --%	;9	;Disminuir por47.1%	; --%	;74	;Aumentar por45.1%	; --%	;122	;Aumentar por125.9%	; --%	;1286	;Aumentar por14.0%	; --%	;805	;Aumentar por19.4%	; --%	;12	;Disminuir por50.0%	; --%	;16	;Disminuir por20.0%	; --%	;
30	;(Martes)2025/12/30	;36	;Aumentar por33.3%	; --%	;6	;Disminuir por60.0%	; --%	;73	;Aumentar por97.3%	; --%	;98	;Aumentar por96.0%	; --%	;1105	;Aumentar por8.8%	; --%	;723	;Aumentar por4.9%	; --%	;16	;Aumentar por33.3%	; --%	;22	;Aumentar por22.2%	; --%	;
31	;(Miércoles)2025/12/31	;34	;Disminuir por30.6%	; --%	;10	;Disminuir por16.7%	; --%	;62	;Disminuir por7.5%	; --%	;84	;Disminuir por30.6%	; --%	;905	;Disminuir por15.3%	; --%	;708	;Aumentar por0.6%	; --%	;21	;Disminuir por73.8%	; --%	;20	;Disminuir por78.5%	; --%	;
32	;(Jueves)2026/01/01	;41	;Disminuir por25.5%	; --%	;14	;Disminuir por44.0%	; --%	;37	;Disminuir por47.1%	; --%	;42	;Disminuir por53.8%	; --%	;1249	;Aumentar por57.7%	; --%	;761	;Aumentar por40.1%	; --%	;2	;Disminuir por92.3%	; --%	;9	;Disminuir por69.0%	; --%	;
33	;(Viernes)2026/01/02	;35	;Disminuir por31.4%	; --%	;11	;Disminuir por21.4%	; --%	;38	;Disminuir por53.7%	; --%	;82	;Disminuir por33.9%	; --%	;1072	;Aumentar por30.6%	; --%	;630	;Aumentar por10.9%	; --%	;11	;Disminuir por66.7%	; --%	;16	;Disminuir por59.0%	; --%	;
34	;(Sábado)2026/01/03	;37	;Disminuir por15.9%	; --%	;14	;Disminuir por22.2%	; --%	;32	;Disminuir por60.5%	; --%	;39	;Disminuir por68.8%	; --%	;948	;Aumentar por2.6%	; --%	;603	;Aumentar por3.6%	; --%	;8	;Disminuir por82.6%	; --%	;6	;Disminuir por83.8%	; --%	;
35	;(Domingo)2026/01/04	;31	;Disminuir por3.1%	; --%	;4	;Disminuir por75.0%	; --%	;22	;Disminuir por72.5%	; --%	;42	;Disminuir por64.4%	; --%	;666	;Disminuir por29.5%	; --%	;515	;Disminuir por27.0%	; --%	;4	;Disminuir por87.5%	; --%	;4	;Disminuir por90.5%	; --%	;
36	;(Lunes)2026/01/05	;28	;Disminuir por28.2%	; --%	;2	;Disminuir por86.7%	; --%	;50	;Disminuir por3.8%	; --%	;93	;Aumentar por86.0%	; --%	;704	;Disminuir por37.9%	; --%	;499	;Disminuir por7.9%	; --%	;15	;Disminuir por16.7%	; --%	;16	;Disminuir por5.9%	; --%	;
37	;(Martes)2026/01/06	;46	;Aumentar por17.9%	; --%	;18	;Aumentar por38.5%	; --%	;79	;Aumentar por92.7%	; --%	;90	;Aumentar por38.5%	; --%	;688	;Disminuir por40.2%	; --%	;571	;Disminuir por24.8%	; --%	;8	;Disminuir por60.0%	; --%	;11	;Disminuir por26.7%	; --%	;
38	;(Miércoles)2026/01/07	;31	;Disminuir por39.2%	; --%	;4	;Disminuir por66.7%	; --%	;44	;Disminuir por56.9%	; --%	;68	;Disminuir por45.2%	; --%	;528	;Disminuir por50.0%	; --%	;383	;Disminuir por47.0%	; --%	;11	;Disminuir por56.0%	; --%	;17	;Disminuir por29.2%	; --%	;
39	;(Jueves)2026/01/08	;38	;Disminuir por24.0%	; --%	;9	;Disminuir por10.0%	; --%	;48	;Disminuir por45.5%	; --%	;83	;Disminuir por21.7%	; --%	;535	;Disminuir por41.3%	; --%	;411	;Disminuir por30.3%	; --%	;12	;Disminuir por53.8%	; --%	;7	;Disminuir por82.1%	; --%	;
40	;(Viernes)2026/01/09	;38	;Disminuir por13.6%	; --%	;5	;Disminuir por75.0%	; --%	;54	;Disminuir por34.1%	; --%	;75	;Disminuir por44.0%	; --%	;570	;Disminuir por45.3%	; --%	;456	;Disminuir por32.3%	; --%	;14	;Disminuir por56.3%	; --%	;14	;Disminuir por48.1%	; --%	;
41	;(Sábado)2026/01/10	;35	;Disminuir por41.7%	; --%	;6	;Disminuir por85.0%	; --%	;31	;Disminuir por70.2%	; --%	;43	;Disminuir por69.7%	; --%	;658	;Disminuir por32.7%	; --%	;477	;Disminuir por31.5%	; --%	;1	;Disminuir por97.1%	; --%	;5	;Disminuir por87.8%	; --%	;
42	;(Domingo)2026/01/11	;35	;Disminuir por12.5%	; --%	;6	;Disminuir por73.9%	; --%	;24	;Disminuir por71.4%	; --%	;31	;Disminuir por78.5%	; --%	;619	;Disminuir por46.5%	; --%	;434	;Disminuir por18.7%	; --%	;4	;Disminuir por87.1%	; --%	;6	;Disminuir por88.0%	; --%	;
43	;(Lunes)2026/01/12	;32	;Disminuir por17.9%	; --%	;3	;Disminuir por85.0%	; --%	;49	;Aumentar por8.9%	; --%	;101	;Aumentar por129.5%	; --%	;626	;Disminuir por42.4%	; --%	;424	;Disminuir por14.5%	; --%	;17	;Disminuir por37.0%	; --%	;17	;Disminuir por22.7%	; --%	;
44	;(Martes)2026/01/13	;28	;Disminuir por42.9%	; --%	;6	;Disminuir por81.3%	; --%	;49	;Aumentar por8.9%	; --%	;76	;Aumentar por61.7%	; --%	;540	;Disminuir por52.8%	; --%	;398	;Disminuir por52.6%	; --%	;23	;Aumentar por64.3%	; --%	;17	;Aumentar por41.7%	; --%	;
45	;(Miércoles)2026/01/14	;33	;Disminuir por37.7%	; --%	;1	;Disminuir por94.4%	; --%	;52	;Disminuir por48.0%	; --%	;88	;Disminuir por39.3%	; --%	;532	;Disminuir por54.8%	; --%	;416	;Disminuir por40.7%	; --%	;14	;Disminuir por58.8%	; --%	;11	;Disminuir por57.7%	; --%	;
46	;(Jueves)2026/01/15	;31	;Disminuir por45.6%	; --%	;3	;Disminuir por80.0%	; --%	;47	;Disminuir por16.1%	; --%	;73	;Disminuir por36.0%	; --%	;528	;Disminuir por44.7%	; --%	;392	;Disminuir por39.4%	; --%	;15	;Disminuir por61.5%	; --%	;14	;Disminuir por66.7%	; --%	;
47	;(Viernes)2026/01/16	;34	;Disminuir por33.3%	; --%	;0	;Disminuir por100.0%	; --%	;44	;Disminuir por37.1%	; --%	;65	;Disminuir por43.5%	; --%	;595	;Disminuir por34.4%	; --%	;404	;Disminuir por34.7%	; --%	;18	;Disminuir por33.3%	; --%	;24	;Disminuir por25.0%	; --%	;
48	;(Sábado)2026/01/17	;34	;Disminuir por30.6%	; --%	;8	;Disminuir por57.9%	; --%	;27	;Disminuir por66.7%	; --%	;38	;Disminuir por63.8%	; --%	;587	;Disminuir por33.7%	; --%	;446	;Disminuir por20.8%	; --%	;4	;Disminuir por98.7%	; --%	;7	;Disminuir por97.7%	; --%	;
49	;(Domingo)2026/01/18	;36	;Aumentar por12.5%	; --%	;4	;Disminuir por69.2%	; --%	;24	;Disminuir por70.7%	; --%	;25	;Disminuir por74.7%	; --%	;615	;Disminuir por6.5%	; --%	;421	;Aumentar por6.3%	; --%	;1	;Disminuir por97.0%	; --%	;4	;Disminuir por91.3%	; --%	;
50	;(Lunes)2026/01/19	;35	; --%	; --%	;6	;Aumentar por500.0%	; --%	;48	;Aumentar por860.0%	; --%	;76	;Aumentar por1166.7%	; --%	;601	;Aumentar por723.3%	; --%	;422	;Aumentar por696.2%	; --%	;26	;Aumentar por420.0%	; --%	;20	;Aumentar por150.0%	; --%	;
51	;(Martes)2026/01/20	;32	;Aumentar por18.5%	; --%	;7	;Disminuir por30.0%	; --%	;61	;Aumentar por74.3%	; --%	;102	;Aumentar por251.7%	; --%	;662	;Disminuir por44.9%	; --%	;472	;Disminuir por16.3%	; --%	;19	;Aumentar por90.0%	; --%	;26	;Aumentar por136.4%	; --%	;
52	;(Miércoles)2026/01/21	;34	;Disminuir por43.3%	; --%	;2	;Disminuir por90.9%	; --%	;45	;Disminuir por60.9%	; --%	;69	;Disminuir por54.6%	; --%	;564	;Disminuir por61.2%	; --%	;348	;Disminuir por59.3%	; --%	;13	;Disminuir por65.8%	; --%	;16	;Disminuir por56.8%	; --%	;
53	;(Jueves)2026/01/22	;41	;Disminuir por19.6%	; --%	;8	;Disminuir por73.3%	; --%	;64	;Disminuir por13.5%	; --%	;89	;Disminuir por17.6%	; --%	;602	;Disminuir por31.4%	; --%	;394	;Disminuir por39.2%	; --%	;16	;Disminuir por54.3%	; --%	;16	;Disminuir por66.7%	; --%	;
54	;(Viernes)2026/01/23	;35	;Disminuir por20.5%	; --%	;2	;Disminuir por85.7%	; --%	;39	;Disminuir por40.0%	; --%	;82	;Disminuir por33.3%	; --%	;628	;Disminuir por39.3%	; --%	;466	;Disminuir por41.0%	; --%	;43	;Disminuir por10.4%	; --%	;33	;Disminuir por2.9%	; --%	;
55	;(Sábado)2026/01/24	;28	;Disminuir por47.2%	; --%	;3	;Disminuir por86.4%	; --%	;33	;Disminuir por64.1%	; --%	;49	;Disminuir por62.9%	; --%	;742	;Disminuir por24.0%	; --%	;574	;Disminuir por15.2%	; --%	;6	;Disminuir por86.0%	; --%	;8	;Disminuir por79.5%	; --%	;
56	;(Domingo)2026/01/25	;24	;Disminuir por36.8%	; --%	;5	;Disminuir por80.0%	; --%	;14	;Disminuir por87.8%	; --%	;39	;Disminuir por75.3%	; --%	;644	;Disminuir por50.1%	; --%	;400	;Disminuir por49.8%	; --%	;5	;Disminuir por91.7%	; --%	;8	;Disminuir por87.9%	; --%	;
57	;(Lunes)2026/01/26	;36	;Sin cambios	; --%	;7	;Disminuir por56.3%	; --%	;69	;Aumentar por16.9%	; --%	;101	;Aumentar por36.5%	; --%	;761	;Disminuir por51.6%	; --%	;557	;Disminuir por25.8%	; --%	;34	;Aumentar por112.5%	; --%	;30	;Aumentar por114.3%	; --%	;
58	;(Martes)2026/01/27	;37	;Aumentar por48.0%	; --%	;5	;Disminuir por54.5%	; --%	;57	;Aumentar por50.0%	; --%	;97	;Aumentar por120.5%	; --%	;575	;Disminuir por59.0%	; --%	;472	;Disminuir por41.4%	; --%	;22	;Aumentar por100.0%	; --%	;20	;Sin cambios	; --%	;
59	;(Miércoles)2026/01/28	;31	;Disminuir por52.3%	; --%	;4	;Disminuir por89.5%	; --%	;31	;Disminuir por71.3%	; --%	;56	;Disminuir por61.4%	; --%	;509	;Disminuir por62.2%	; --%	;416	;Disminuir por46.3%	; --%	;17	;Disminuir por54.1%	; --%	;13	;Disminuir por55.2%	; --%	;
60	;(Jueves)2026/01/29	;41	;Disminuir por21.2%	; --%	;13	;Disminuir por51.9%	; --%	;44	;Disminuir por38.9%	; --%	;85	;Disminuir por32.5%	; --%	;574	;Disminuir por46.5%	; --%	;481	;Disminuir por33.7%	; --%	;14	;Disminuir por60.0%	; --%	;14	;Disminuir por70.8%	; --%	;
61	;(Viernes)2026/01/30	;38	;Disminuir por38.7%	; --%	;6	;Disminuir por77.8%	; --%	;57	;Disminuir por48.6%	; --%	;87	;Disminuir por31.5%	; --%	;671	;Disminuir por34.9%	; --%	;491	;Disminuir por30.0%	; --%	;15	;Disminuir por64.3%	; --%	;24	;Disminuir por48.9%	; --%	;
62	;(Sábado)2026/01/31	;38	;Disminuir por28.3%	; --%	;6	;Disminuir por76.0%	; --%	;34	;Disminuir por63.8%	; --%	;51	;Disminuir por57.9%	; --%	;674	;Disminuir por37.7%	; --%	;526	;Disminuir por23.8%	; --%	;26	;Disminuir por38.1%	; --%	;30	;Disminuir por11.8%	; --%	;
63	;(Domingo)2026/02/01	;33	;Disminuir por8.3%	; --%	;2	;Disminuir por88.2%	; --%	;24	;Disminuir por73.6%	; --%	;52	;Disminuir por61.2%	; --%	;647	;Disminuir por46.5%	; --%	;508	;Disminuir por19.0%	; --%	;3	;Disminuir por94.1%	; --%	;3	;Disminuir por95.9%	; --%	;
64	;(Lunes)2026/02/02	;37	;Aumentar por54.2%	; --%	;4	;Disminuir por55.6%	; --%	;54	;Aumentar por8.0%	; --%	;111	;Aumentar por54.2%	; --%	;646	;Disminuir por59.6%	; --%	;462	;Disminuir por39.4%	; --%	;12	;Disminuir por25.0%	; --%	;14	;Sin cambios	; --%	;
65	;(Martes)2026/02/03	;39	;Aumentar por21.9%	; --%	;9	;Disminuir por10.0%	; --%	;64	;Aumentar por100.0%	; --%	;87	;Aumentar por81.3%	; --%	;566	;Disminuir por56.0%	; --%	;436	;Disminuir por44.5%	; --%	;17	;Sin cambios	; --%	;21	;Aumentar por61.5%	; --%	;
66	;(Miércoles)2026/02/04	;35	;Disminuir por7.9%	; --%	;4	;Disminuir por66.7%	; --%	;51	;Disminuir por50.0%	; --%	;76	;Disminuir por41.1%	; --%	;516	;Disminuir por66.0%	; --%	;345	;Disminuir por54.6%	; --%	;12	;Disminuir por70.0%	; --%	;17	;Disminuir por62.2%	; --%	;
67	;(Jueves)2026/02/05	;18	;Disminuir por56.1%	; --%	;1	;Disminuir por90.0%	; --%	;30	;Disminuir por63.4%	; --%	;39	;Disminuir por64.5%	; --%	;293	;Disminuir por77.7%	; --%	;218	;Disminuir por67.2%	; --%	;15	;Disminuir por63.4%	; --%	;12	;Disminuir por70.7%	; --%	;
68	;(Viernes)2026/02/06	;36	;Disminuir por30.8%	; --%	;7	;Disminuir por53.3%	; --%	;57	;Disminuir por8.1%	; --%	;75	;Disminuir por34.8%	; --%	;687	;Disminuir por41.3%	; --%	;477	;Disminuir por17.9%	; --%	;20	;Disminuir por37.5%	; --%	;27	;Disminuir por18.2%	; --%	;
69	;(Sábado)2026/02/07	;37	;Disminuir por7.5%	; --%	;2	;Disminuir por85.7%	; --%	;37	;Disminuir por61.1%	; --%	;40	;Disminuir por62.3%	; --%	;709	;Disminuir por38.9%	; --%	;506	;Disminuir por23.8%	; --%	;11	;Disminuir por73.8%	; --%	;20	;Disminuir por39.4%	; --%	;
70	;(Domingo)2026/02/08	;30	;Disminuir por44.4%	; --%	;6	;Disminuir por66.7%	; --%	;29	;Disminuir por58.6%	; --%	;40	;Disminuir por70.4%	; --%	;683	;Disminuir por42.8%	; --%	;466	;Disminuir por21.4%	; --%	;5	;Disminuir por88.1%	; --%	;11	;Disminuir por77.6%	; --%	;
71	;(Lunes)2026/02/09	;34	;Disminuir por29.2%	; --%	;5	;Disminuir por58.3%	; --%	;57	;Aumentar por26.7%	; --%	;87	;Aumentar por20.8%	; --%	;670	;Disminuir por53.4%	; --%	;475	;Disminuir por27.3%	; --%	;16	;Disminuir por5.9%	; --%	;27	;Aumentar por35.0%	; --%	;
72	;(Martes)2026/02/10	;34	;Disminuir por8.1%	; --%	;1	;Disminuir por87.5%	; --%	;51	;Aumentar por59.4%	; --%	;79	;Aumentar por88.1%	; --%	;559	;Disminuir por49.5%	; --%	;430	;Disminuir por26.9%	; --%	;17	;Aumentar por41.7%	; --%	;19	;Aumentar por72.7%	; --%	;
73	;(Miércoles)2026/02/11	;36	;Disminuir por20.0%	; --%	;3	;Disminuir por72.7%	; --%	;56	;Disminuir por42.3%	; --%	;82	;Disminuir por26.1%	; --%	;562	;Disminuir por57.3%	; --%	;452	;Disminuir por33.0%	; --%	;37	;Disminuir por21.3%	; --%	;34	;Disminuir por20.9%	; --%	;
74	;(Jueves)2026/02/12	;94	;Aumentar por154.1%	; --%	;61	;Aumentar por916.7%	; --%	;57	;Disminuir por24.0%	; --%	;74	;Disminuir por37.3%	; --%	;565	;Disminuir por48.2%	; --%	;465	;Disminuir por19.0%	; --%	;85	;Aumentar por136.1%	; --%	;75	;Aumentar por38.9%	; --%	;
75	;(Viernes)2026/02/13	;43	;Aumentar por7.5%	; --%	;11	;Aumentar por10.0%	; --%	;56	;Disminuir por27.3%	; --%	;95	;Disminuir por12.0%	; --%	;690	;Disminuir por41.9%	; --%	;569	;Disminuir por11.1%	; --%	;25	;Disminuir por10.7%	; --%	;26	;Disminuir por10.3%	; --%	;
76	;(Sábado)2026/02/14	;44	;Aumentar por7.3%	; --%	;10	;Disminuir por33.3%	; --%	;18	;Disminuir por80.6%	; --%	;40	;Disminuir por64.6%	; --%	;671	;Disminuir por40.1%	; --%	;503	;Disminuir por14.5%	; --%	;1	;Disminuir por97.2%	; --%	;0	;Disminuir por100.0%	; --%	;
77	;(Domingo)2026/02/15	;37	;Disminuir por11.9%	; --%	;12	;Aumentar por71.4%	; --%	;26	;Disminuir por74.3%	; --%	;23	;Disminuir por83.8%	; --%	;755	;Disminuir por40.4%	; --%	;606	;Disminuir por4.3%	; --%	;6	;Disminuir por89.1%	; --%	;6	;Disminuir por89.7%	; --%	;
78	;(Lunes)2026/02/16	;37	;Disminuir por11.9%	; --%	;4	;Disminuir por66.7%	; --%	;78	;Aumentar por62.5%	; --%	;106	;Aumentar por34.2%	; --%	;834	;Disminuir por36.1%	; --%	;547	;Disminuir por17.1%	; --%	;33	;Aumentar por50.0%	; --%	;30	;Aumentar por87.5%	; --%	;
79	;(Martes)2026/02/17	;39	;Disminuir por2.5%	; --%	;5	;Disminuir por54.5%	; --%	;73	;Aumentar por65.9%	; --%	;107	;Aumentar por81.4%	; --%	;630	;Disminuir por54.0%	; --%	;471	;Disminuir por34.2%	; --%	;36	;Aumentar por176.9%	; --%	;29	;Aumentar por262.5%	; --%	;
80	;(Miércoles)2026/02/18	;45	;Aumentar por9.8%	; --%	;7	;Disminuir por50.0%	; --%	;76	;Disminuir por13.6%	; --%	;84	;Disminuir por39.6%	; --%	;796	;Disminuir por50.1%	; --%	;521	;Disminuir por37.4%	; --%	;40	;Aumentar por21.2%	; --%	;37	;Aumentar por8.8%	; --%	;
81	;(Jueves)2026/02/19	;55	;Aumentar por14.6%	; --%	;14	;Aumentar por55.6%	; --%	;99	;Aumentar por25.3%	; --%	;93	;Disminuir por14.7%	; --%	;843	;Disminuir por36.5%	; --%	;445	;Disminuir por36.0%	; --%	;43	;Aumentar por4.9%	; --%	;35	;Disminuir por20.5%	; --%	;
82	;(Viernes)2026/02/20	;57	;Aumentar por14.0%	; --%	;8	;Disminuir por55.6%	; --%	;73	;Disminuir por13.1%	; --%	;90	;Disminuir por37.5%	; --%	;983	;Disminuir por25.1%	; --%	;550	;Disminuir por31.9%	; --%	;40	;Sin cambios	; --%	;34	;Aumentar por13.3%	; --%	;
83	;(Sábado)2026/02/21	;48	;Aumentar por23.1%	; --%	;8	;Aumentar por14.3%	; --%	;42	;Disminuir por53.3%	; --%	;49	;Disminuir por62.0%	; --%	;964	;Disminuir por20.9%	; --%	;618	;Disminuir por2.7%	; --%	;15	;Disminuir por50.0%	; --%	;10	;Disminuir por69.7%	; --%	;
84	;(Domingo)2026/02/22	;54	;Disminuir por46.5%	; --%	;8	;Disminuir por89.5%	; --%	;45	;Disminuir por81.6%	; --%	;40	;Disminuir por86.8%	; --%	;902	;Disminuir por38.4%	; --%	;500	;Disminuir por37.5%	; --%	;8	;Disminuir por89.0%	; --%	;6	;Disminuir por92.9%	; --%	;
85	;(Lunes)2026/02/23	;60	;Aumentar por46.3%	; --%	;21	;Aumentar por200.0%	; --%	;77	;Aumentar por22.2%	; --%	;97	;Aumentar por15.5%	; --%	;885	;Disminuir por40.1%	; --%	;454	;Disminuir por46.8%	; --%	;30	;Aumentar por36.4%	; --%	;32	;Aumentar por77.8%	; --%	;
86	;(Martes)2026/02/24	;50	;Aumentar por13.6%	; --%	;9	;Disminuir por40.0%	; --%	;71	;Aumentar por39.2%	; --%	;72	;Aumentar por30.9%	; --%	;824	;Disminuir por41.4%	; --%	;464	;Disminuir por33.4%	; --%	;40	;Aumentar por233.3%	; --%	;22	;Aumentar por29.4%	; --%	;
87	;(Miércoles)2026/02/25	;52	;Aumentar por10.6%	; --%	;6	;Disminuir por60.0%	; --%	;76	;Disminuir por22.4%	; --%	;96	;Disminuir por28.9%	; --%	;890	;Disminuir por42.9%	; --%	;427	;Disminuir por41.5%	; --%	;27	;Disminuir por15.6%	; --%	;27	;Disminuir por18.2%	; --%	;
88	;(Jueves)2026/02/26	;57	;Aumentar por32.6%	; --%	;13	;Aumentar por85.7%	; --%	;93	;Disminuir por3.1%	; --%	;109	;Disminuir por9.2%	; --%	;923	;Disminuir por22.3%	; --%	;418	;Disminuir por32.5%	; --%	;28	;Disminuir por17.6%	; --%	;22	;Disminuir por56.0%	; --%	;
89	;(Viernes)2026/02/27	;58	;Aumentar por20.8%	; --%	;7	;Aumentar por16.7%	; --%	;109	;Aumentar por53.5%	; --%	;95	;Disminuir por28.0%	; --%	;1000	;Disminuir por22.6%	; --%	;506	;Disminuir por19.8%	; --%	;41	;Sin cambios	; --%	;40	;Aumentar por29.0%	; --%	;
90	;(Sábado)2026/02/28	;47	;Aumentar por4.4%	; --%	;3	;Disminuir por62.5%	; --%	;52	;Disminuir por36.6%	; --%	;47	;Disminuir por64.4%	; --%	;1036	;Disminuir por21.7%	; --%	;598	;Disminuir por8.1%	; --%	;17	;Disminuir por52.8%	; --%	;16	;Disminuir por55.6%	; --%	;
91	;(Domingo)2026/03/01	;51	;Aumentar por6.3%	; --%	;11	;Disminuir por21.4%	; --%	;27	;Disminuir por70.0%	; --%	;40	;Disminuir por72.8%	; --%	;998	;Disminuir por31.1%	; --%	;551	;Disminuir por19.7%	; --%	;10	;Disminuir por73.7%	; --%	;6	;Disminuir por88.9%	; --%	;
92	;(Lunes)2026/03/02	;71	;Aumentar por54.3%	; --%	;20	;Sin cambios	; --%	;96	;Aumentar por17.1%	; --%	;91	;Disminuir por9.9%	; --%	;1000	;Disminuir por41.2%	; --%	;472	;Disminuir por47.0%	; --%	;38	;Aumentar por111.1%	; --%	;27	;Aumentar por22.7%	; --%	;
93	;(Martes)2026/03/03	;30	;Disminuir por26.8%	; --%	;9	;Sin cambios	; --%	;39	;Disminuir por18.8%	; --%	;46	;Disminuir por31.3%	; --%	;431	;Disminuir por70.7%	; --%	;206	;Disminuir por70.8%	; --%	;27	;Aumentar por440.0%	; --%	;23	;Aumentar por187.5%	; --%	;
94	;(Miércoles)2026/03/04	;52	;Aumentar por15.6%	; --%	;10	;Aumentar por25.0%	; --%	;63	;Disminuir por40.0%	; --%	;52	;Disminuir por64.1%	; --%	;830	;Disminuir por55.4%	; --%	;414	;Disminuir por55.0%	; --%	;20	;Disminuir por52.4%	; --%	;9	;Disminuir por73.5%	; --%	;
95	;(Jueves)2026/03/05	;55	;Aumentar por44.7%	; --%	;6	;Aumentar por20.0%	; --%	;76	;Aumentar por4.1%	; --%	;91	;Disminuir por24.8%	; --%	;849	;Disminuir por39.0%	; --%	;493	;Disminuir por30.9%	; --%	;20	;Disminuir por39.4%	; --%	;15	;Disminuir por60.5%	; --%	;
96	;(Viernes)2026/03/06	;52	;Aumentar por10.6%	; --%	;9	;Disminuir por30.8%	; --%	;63	;Disminuir por12.5%	; --%	;78	;Disminuir por40.0%	; --%	;1012	;Disminuir por29.4%	; --%	;545	;Disminuir por26.5%	; --%	;54	;Aumentar por8.0%	; --%	;32	;Disminuir por3.0%	; --%	;
97	;(Sábado)2026/03/07	;52	;Sin cambios	; --%	;14	;Disminuir por33.3%	; --%	;23	;Disminuir por74.7%	; --%	;46	;Disminuir por68.7%	; --%	;814	;Disminuir por47.9%	; --%	;528	;Disminuir por39.4%	; --%	;9	;Disminuir por75.7%	; --%	;11	;Disminuir por70.3%	; --%	;
98	;(Domingo)2026/03/08	;48	;Disminuir por4.0%	; --%	;20	;Aumentar por100.0%	; --%	;32	;Disminuir por62.8%	; --%	;35	;Disminuir por74.1%	; --%	;922	;Disminuir por18.6%	; --%	;512	;Disminuir por20.9%	; --%	;18	;Disminuir por56.1%	; --%	;12	;Disminuir por80.0%	; --%	;
99	;(Lunes)2026/03/09	;62	;Aumentar por40.9%	; --%	;15	;Aumentar por66.7%	; --%	;96	;Aumentar por128.6%	; --%	;93	;Aumentar por19.2%	; --%	;1025	;Disminuir por28.5%	; --%	;477	;Disminuir por30.5%	; --%	;33	;Aumentar por50.0%	; --%	;32	;Aumentar por10.3%	; --%	;
100	;(Martes)2026/03/10	;51	;Aumentar por24.4%	; --%	;6	;Disminuir por14.3%	; --%	;65	;Aumentar por75.7%	; --%	;66	;Disminuir por10.8%	; --%	;928	;Disminuir por37.6%	; --%	;427	;Disminuir por42.5%	; --%	;45	;Aumentar por275.0%	; --%	;32	;Aumentar por540.0%	; --%	;
101	;(Miércoles)2026/03/11	;66	;Aumentar por65.0%	; --%	;9	;Aumentar por50.0%	; --%	;56	;Disminuir por22.2%	; --%	;68	;Disminuir por41.9%	; --%	;934	;Disminuir por41.0%	; --%	;369	;Disminuir por49.6%	; --%	;30	;Disminuir por14.3%	; --%	;21	;Disminuir por40.0%	; --%	;
102	;(Jueves)2026/03/12	;60	;Aumentar por17.6%	; --%	;10	;Disminuir por9.1%	; --%	;87	;Disminuir por7.4%	; --%	;72	;Disminuir por45.9%	; --%	;970	;Disminuir por32.4%	; --%	;449	;Disminuir por29.1%	; --%	;42	;Disminuir por12.5%	; --%	;33	;Disminuir por36.5%	; --%	;
103	;(Viernes)2026/03/13	;67	;Aumentar por52.3%	; --%	;20	;Aumentar por300.0%	; --%	;99	;Aumentar por43.5%	; --%	;99	;Disminuir por2.9%	; --%	;1044	;Disminuir por24.9%	; --%	;443	;Disminuir por35.7%	; --%	;31	;Disminuir por36.7%	; --%	;32	;Disminuir por13.5%	; --%	;
104	;(Sábado)2026/03/14	;63	;Aumentar por37.0%	; --%	;14	;Aumentar por7.7%	; --%	;41	;Disminuir por41.4%	; --%	;34	;Disminuir por75.2%	; --%	;1059	;Disminuir por19.8%	; --%	;543	;Disminuir por18.6%	; --%	;24	;Aumentar por9.1%	; --%	;12	;Disminuir por63.6%	; --%	;
105	;(Domingo)2026/03/15	;58	;Aumentar por16.0%	; --%	;14	;Disminuir por22.2%	; --%	;37	;Disminuir por56.5%	; --%	;34	;Disminuir por74.6%	; --%	;972	;Disminuir por33.7%	; --%	;532	;Disminuir por19.3%	; --%	;12	;Disminuir por76.0%	; --%	;4	;Disminuir por93.1%	; --%	;
106	;(Lunes)2026/03/16	;76	;Aumentar por85.4%	; --%	;21	;Aumentar por90.9%	; --%	;119	;Aumentar por101.7%	; --%	;87	;Aumentar por13.0%	; --%	;1127	;Disminuir por36.5%	; --%	;544	;Disminuir por31.0%	; --%	;32	;Aumentar por14.3%	; --%	;36	;Aumentar por63.6%	; --%	;
107	;(Martes)2026/03/17	;74	;Aumentar por64.4%	; --%	;25	;Aumentar por127.3%	; --%	;99	;Aumentar por120.0%	; --%	;88	;Aumentar por39.7%	; --%	;1013	;Disminuir por39.9%	; --%	;435	;Disminuir por44.8%	; --%	;46	;Aumentar por253.8%	; --%	;46	;Aumentar por283.3%	; --%	;
108	;(Miércoles)2026/03/18	;85	;Aumentar por84.8%	; --%	;29	;Aumentar por107.1%	; --%	;112	;Disminuir por9.7%	; --%	;90	;Disminuir por52.1%	; --%	;1083	;Disminuir por50.5%	; --%	;485	;Disminuir por58.5%	; --%	;36	;Disminuir por16.3%	; --%	;30	;Disminuir por28.6%	; --%	;
109	;(Jueves)2026/03/19	;80	;Aumentar por81.8%	; --%	;36	;Aumentar por227.3%	; --%	;45	;Disminuir por38.4%	; --%	;58	;Disminuir por50.8%	; --%	;922	;Disminuir por44.1%	; --%	;491	;Disminuir por31.3%	; --%	;40	;Aumentar por5.3%	; --%	;22	;Disminuir por46.3%	; --%	;
110	;(Viernes)2026/03/20	;86	;Aumentar por72.0%	; --%	;15	;Aumentar por7.1%	; --%	;98	;Aumentar por2.1%	; --%	;90	;Disminuir por28.0%	; --%	;1166	;Disminuir por39.3%	; --%	;571	;Disminuir por32.3%	; --%	;53	;Aumentar por89.3%	; --%	;33	;Sin cambios	; --%	;
111	;(Sábado)2026/03/21	;65	;Aumentar por550.0%	; --%	;11	;Aumentar por450.0%	; --%	;55	;Disminuir por8.3%	; --%	;47	;Disminuir por51.0%	; --%	;1322	;Aumentar por50.6%	; --%	;678	;Aumentar por72.1%	; --%	;29	;Disminuir por27.5%	; --%	;20	;Disminuir por13.0%	; --%	;
112	;(Domingo)2026/03/22	;58	;Aumentar por480.0%	; --%	;12	;Aumentar por200.0%	; --%	;40	;Disminuir por42.9%	; --%	;36	;Disminuir por67.0%	; --%	;1147	;Disminuir por7.6%	; --%	;598	;Aumentar por49.5%	; --%	;16	;Disminuir por63.6%	; --%	;7	;Disminuir por86.3%	; --%	;
113	;(Lunes)2026/03/23	;65	;Aumentar por58.5%	; --%	;17	;Disminuir por5.6%	; --%	;101	;Aumentar por98.0%	; --%	;114	;Aumentar por25.3%	; --%	;1154	;Disminuir por25.3%	; --%	;550	;Disminuir por30.3%	; --%	;47	;Aumentar por56.7%	; --%	;40	;Aumentar por90.5%	; --%	;
114	;(Martes)2026/03/24	;78	;Aumentar por90.2%	; --%	;25	;Aumentar por31.6%	; --%	;104	;Aumentar por181.1%	; --%	;106	;Aumentar por103.8%	; --%	;1098	;Disminuir por40.1%	; --%	;501	;Disminuir por41.9%	; --%	;45	;Aumentar por275.0%	; --%	;30	;Aumentar por150.0%	; --%	;
115	;(Miércoles)2026/03/25	;51	;Aumentar por13.3%	; --%	;14	;Aumentar por27.3%	; --%	;47	;Disminuir por44.7%	; --%	;36	;Disminuir por74.5%	; --%	;525	;Disminuir por77.7%	; --%	;256	;Disminuir por78.0%	; --%	;11	;Disminuir por69.4%	; --%	;6	;Disminuir por82.9%	; --%	;
116	;(Jueves)2026/03/26	;62	;Aumentar por63.2%	; --%	;8	;Aumentar por33.3%	; --%	;107	;Aumentar por27.4%	; --%	;107	;Disminuir por25.7%	; --%	;1083	;Disminuir por38.8%	; --%	;466	;Disminuir por42.9%	; --%	;56	;Aumentar por80.6%	; --%	;41	;Disminuir por8.9%	; --%	;
117	;(Viernes)2026/03/27	;99	;Aumentar por110.6%	; --%	;51	;Aumentar por325.0%	; --%	;114	;Aumentar por37.3%	; --%	;109	;Aumentar por17.2%	; --%	;1131	;Disminuir por37.8%	; --%	;575	;Disminuir por27.9%	; --%	;74	;Aumentar por45.1%	; --%	;69	;Aumentar por68.3%	; --%	;
118	;(Sábado)2026/03/28	;25	;Disminuir por43.2%	; --%	;13	;Disminuir por38.1%	; --%	;56	;Disminuir por45.1%	; --%	;72	;Disminuir por50.7%	; --%	;1127	;Disminuir por38.1%	; --%	;731	;Disminuir por11.8%	; --%	;43	;Aumentar por4.9%	; --%	;31	;Disminuir por16.2%	; --%	;
119	;(Domingo)2026/03/29	;43	;Aumentar por7.5%	; --%	;9	;Disminuir por40.0%	; --%	;44	;Disminuir por38.9%	; --%	;57	;Disminuir por40.6%	; --%	;1113	;Disminuir por48.7%	; --%	;786	;Disminuir por27.1%	; --%	;15	;Disminuir por65.9%	; --%	;20	;Disminuir por47.4%	; --%	;
120	;(Lunes)2026/03/30	;52	;Aumentar por6.1%	; --%	;20	;Disminuir por16.7%	; --%	;110	;Aumentar por71.9%	; --%	;133	;Aumentar por26.7%	; --%	;1266	;Disminuir por39.7%	; --%	;760	;Disminuir por15.6%	; --%	;42	;Aumentar por90.9%	; --%	;38	;Aumentar por111.1%	; --%	;
121	;(Martes)2026/03/31	;55	;Aumentar por31.0%	; --%	;20	;Aumentar por100.0%	; --%	;80	;Aumentar por37.9%	; --%	;116	;Aumentar por70.6%	; --%	;1081	;Disminuir por36.0%	; --%	;704	;Disminuir por10.4%	; --%	;52	;Aumentar por333.3%	; --%	;48	;Aumentar por336.4%	; --%	;
122	;(Miércoles)2026/04/01	;113	;Aumentar por182.5%	; --%	;82	;Aumentar por583.3%	; --%	;104	;Aumentar por9.5%	; --%	;120	;Disminuir por7.0%	; --%	;1213	;Disminuir por47.1%	; --%	;737	;Disminuir por29.5%	; --%	;49	;Aumentar por44.1%	; --%	;51	;Aumentar por54.5%	; --%	;
123	;(Jueves)2026/04/02	;40	;Disminuir por9.1%	; --%	;23	;Aumentar por76.9%	; --%	;106	;Aumentar por37.7%	; --%	;131	;Aumentar por2.3%	; --%	;1450	;Disminuir por22.5%	; --%	;694	;Disminuir por23.6%	; --%	;64	;Aumentar por52.4%	; --%	;64	;Aumentar por33.3%	; --%	;
124	;(Viernes)2026/04/03	;35	;Disminuir por32.7%	; --%	;14	;Disminuir por22.2%	; --%	;64	;Aumentar por20.8%	; --%	;69	;Disminuir por25.8%	; --%	;1939	;Aumentar por15.1%	; --%	;923	;Aumentar por7.1%	; --%	;17	;Disminuir por52.8%	; --%	;25	;Disminuir por39.0%	; --%	;
125	;(Sábado)2026/04/04	;40	;Disminuir por7.0%	; --%	;25	;Aumentar por108.3%	; --%	;90	;Aumentar por18.4%	; --%	;108	;Disminuir por12.2%	; --%	;1809	;Disminuir por3.5%	; --%	;988	;Aumentar por10.6%	; --%	;27	;Disminuir por32.5%	; --%	;24	;Disminuir por17.2%	; --%	;
126	;(Domingo)2026/04/05	;37	;Disminuir por15.9%	; --%	;15	;Aumentar por15.4%	; --%	;50	;Disminuir por32.4%	; --%	;71	;Disminuir por42.7%	; --%	;1765	;Disminuir por1.1%	; --%	;955	;Aumentar por14.6%	; --%	;18	;Disminuir por61.7%	; --%	;15	;Disminuir por72.2%	; --%	;
127	;(Lunes)2026/04/06	;32	;Disminuir por31.9%	; --%	;16	;Aumentar por45.5%	; --%	;62	;Aumentar por12.7%	; --%	;70	;Aumentar por27.3%	; --%	;1356	;Disminuir por26.4%	; --%	;814	;Aumentar por1.0%	; --%	;22	;Aumentar por4.8%	; --%	;19	;Disminuir por20.8%	; --%	;
128	;(Martes)2026/04/07	;47	;Aumentar por9.3%	; --%	;21	;Aumentar por133.3%	; --%	;76	;Aumentar por181.5%	; --%	;96	;Aumentar por140.0%	; --%	;828	;Disminuir por45.3%	; --%	;554	;Disminuir por21.1%	; --%	;31	;Aumentar por244.4%	; --%	;19	;Aumentar por171.4%	; --%	;
129	;(Miércoles)2026/04/08	;48	;Aumentar por26.3%	; --%	;19	;Aumentar por5.6%	; --%	;83	;Disminuir por22.4%	; --%	;102	;Disminuir por30.6%	; --%	;843	;Disminuir por58.1%	; --%	;583	;Disminuir por43.6%	; --%	;27	;Sin cambios	; --%	;33	;Aumentar por13.8%	; --%	;
130	;(Jueves)2026/04/09	;55	;Aumentar por14.6%	; --%	;10	;Disminuir por47.4%	; --%	;89	;Aumentar por18.7%	; --%	;120	;Aumentar por5.3%	; --%	;888	;Disminuir por42.9%	; --%	;550	;Disminuir por17.0%	; --%	;43	;Disminuir por12.2%	; --%	;46	;Disminuir por13.2%	; --%	;
131	;(Viernes)2026/04/10	;51	;Aumentar por8.5%	; --%	;24	;Aumentar por84.6%	; --%	;75	;Aumentar por7.1%	; --%	;99	;Disminuir por8.3%	; --%	;971	;Disminuir por42.3%	; --%	;664	;Disminuir por15.1%	; --%	;42	;Aumentar por13.5%	; --%	;50	;Aumentar por35.1%	; --%	;
132	;(Sábado)2026/04/11	;38	;Sin cambios	; --%	;14	;Aumentar por133.3%	; --%	;42	;Disminuir por44.0%	; --%	;64	;Disminuir por48.4%	; --%	;1072	;Disminuir por32.2%	; --%	;791	;Aumentar por6.0%	; --%	;18	;Disminuir por43.8%	; --%	;22	;Disminuir por21.4%	; --%	;
133	;(Domingo)2026/04/12	;39	;Disminuir por35.0%	; --%	;16	;Disminuir por51.5%	; --%	;43	;Disminuir por53.3%	; --%	;53	;Disminuir por62.9%	; --%	;991	;Disminuir por36.5%	; --%	;751	;Aumentar por5.3%	; --%	;19	;Disminuir por56.8%	; --%	;11	;Disminuir por75.6%	; --%	;
134	;(Lunes)2026/04/13	;76	;Aumentar por90.0%	; --%	;26	;Aumentar por136.4%	; --%	;65	;Aumentar por80.6%	; --%	;86	;Aumentar por48.3%	; --%	;1042	;Disminuir por33.1%	; --%	;659	;Disminuir por12.1%	; --%	;33	;Aumentar por57.1%	; --%	;23	;Aumentar por27.8%	; --%	;
135	;(Martes)2026/04/14	;76	;Aumentar por85.4%	; --%	;20	;Aumentar por53.8%	; --%	;92	;Aumentar por148.6%	; --%	;92	;Aumentar por124.4%	; --%	;1020	;Disminuir por27.2%	; --%	;525	;Disminuir por29.9%	; --%	;52	;Aumentar por108.0%	; --%	;50	;Aumentar por163.2%	; --%	;
136	;(Miércoles)2026/04/15	;78	;Aumentar por77.3%	; --%	;16	;Disminuir por23.8%	; --%	;187	;Aumentar por74.8%	; --%	;77	;Disminuir por53.6%	; --%	;2134	;Aumentar por10.3%	; --%	;425	;Disminuir por52.2%	; --%	;72	;Aumentar por118.2%	; --%	;19	;Disminuir por38.7%	; --%	;
137	;(Jueves)2026/04/16	;81	;Aumentar por65.3%	; --%	;14	;Aumentar por27.3%	; --%	;229	;Aumentar por182.7%	; --%	;95	;Disminuir por15.9%	; --%	;2349	;Aumentar por64.0%	; --%	;452	;Disminuir por35.9%	; --%	;109	;Aumentar por211.4%	; --%	;27	;Disminuir por44.9%	; --%	;
138	;(Viernes)2026/04/17	;76	;Aumentar por76.7%	; --%	;9	;Disminuir por35.7%	; --%	;233	;Aumentar por237.7%	; --%	;87	;Disminuir por17.1%	; --%	;2460	;Aumentar por80.7%	; --%	;536	;Disminuir por20.0%	; --%	;113	;Aumentar por253.1%	; --%	;39	;Aumentar por21.9%	; --%	;
139	;(Sábado)2026/04/18	;68	;Aumentar por51.1%	; --%	;13	;Disminuir por27.8%	; --%	;134	;Aumentar por67.5%	; --%	;69	;Disminuir por42.5%	; --%	;2465	;Aumentar por71.8%	; --%	;644	;Disminuir por10.2%	; --%	;41	;Disminuir por14.6%	; --%	;11	;Disminuir por71.1%	; --%	;
140	;(Domingo)2026/04/19	;71	;Aumentar por61.4%	; --%	;18	;Disminuir por30.8%	; --%	;70	;Disminuir por26.3%	; --%	;40	;Disminuir por73.3%	; --%	;2254	;Aumentar por25.9%	; --%	;650	;Disminuir por31.2%	; --%	;39	;Disminuir por47.3%	; --%	;12	;Disminuir por82.4%	; --%	;
141	;(Lunes)2026/04/20	;70	;Aumentar por55.6%	; --%	;10	;Disminuir por16.7%	; --%	;253	;Aumentar por368.5%	; --%	;155	;Aumentar por150.0%	; --%	;2272	;Aumentar por18.7%	; --%	;499	;Disminuir por34.4%	; --%	;85	;Aumentar por286.4%	; --%	;38	;Aumentar por123.5%	; --%	;
142	;(Martes)2026/04/21	;70	;Aumentar por775.0%	; --%	;8	;Disminuir por20.0%	; --%	;159	;Aumentar por278.6%	; --%	;85	;Aumentar por9.0%	; --%	;1870	;Aumentar por27.8%	; --%	;420	;Disminuir por43.5%	; --%	;84	;Aumentar por394.1%	; --%	;33	;Aumentar por120.0%	; --%	;
143	;(Miércoles)2026/04/22	;132	;Aumentar por164.0%	; --%	;58	;Aumentar por190.0%	; --%	;176	;Aumentar por131.6%	; --%	;68	;Disminuir por38.2%	; --%	;1975	;Aumentar por32.3%	; --%	;486	;Disminuir por31.5%	; --%	;108	;Aumentar por145.5%	; --%	;45	;Aumentar por7.1%	; --%	;
144	;(Jueves)2026/04/23	;111	;Aumentar por98.2%	; --%	;37	;Aumentar por105.6%	; --%	;203	;Aumentar por269.1%	; --%	;111	;Aumentar por27.6%	; --%	;2305	;Aumentar por91.0%	; --%	;525	;Disminuir por9.3%	; --%	;109	;Aumentar por186.8%	; --%	;49	;Aumentar por25.6%	; --%	;
145	;(Viernes)2026/04/24	;223	;Aumentar por337.3%	; --%	;160	;Aumentar por841.2%	; --%	;192	;Aumentar por123.3%	; --%	;104	;Aumentar por11.8%	; --%	;2680	;Aumentar por115.8%	; --%	;845	;Aumentar por85.7%	; --%	;147	;Aumentar por219.6%	; --%	;82	;Aumentar por110.3%	; --%	;
146	;(Sábado)2026/04/25	;120	;Aumentar por200.0%	;Aumentar por242.9%	;65	;Aumentar por828.6%	;Aumentar por400.0%	;147	;Aumentar por21.5%	;Aumentar por107.0%	;104	;Disminuir por4.6%	;Disminuir por13.3%	;2388	;Aumentar por47.1%	;Aumentar por101.5%	;736	;Aumentar por20.9%	;Aumentar por6.8%	;53	;Aumentar por20.5%	;Aumentar por103.8%	;28	;Disminuir por45.1%	;Disminuir por41.7%	;
147	;(Domingo)2026/04/26	;32	;Disminuir por42.9%	;Disminuir por28.9%	;11	;Disminuir por70.3%	;Disminuir por45.0%	;51	;Disminuir por52.8%	;Disminuir por20.3%	;32	;Disminuir por72.4%	;Disminuir por69.5%	;1192	;Aumentar por20.8%	;Disminuir por5.8%	;360	;Disminuir por22.9%	;Disminuir por50.6%	;18	;Disminuir por84.9%	;Sin cambios	;14	;Disminuir por89.2%	;Disminuir por39.1%	;
148	;(Lunes)2026/04/27	;113	;Aumentar por121.6%	;Aumentar por175.6%	;43	;Aumentar por138.9%	;Aumentar por95.5%	;238	;Aumentar por480.5%	;Aumentar por526.3%	;151	;Aumentar por190.4%	;Aumentar por155.9%	;1965	;Aumentar por90.4%	;Aumentar por60.0%	;554	;Aumentar por2.0%	;Disminuir por9.0%	;110	;Aumentar por214.3%	;Aumentar por633.3%	;66	;Aumentar por106.3%	;Aumentar por312.5%	;
149	;(Martes)2026/04/28	;112	;Aumentar por148.9%	;Aumentar por558.8%	;55	;Aumentar por323.1%	;Aumentar por1000.0%	;203	;Aumentar por351.1%	;Aumentar por554.8%	;109	;Aumentar por137.0%	;Aumentar por118.0%	;1814	;Aumentar por49.5%	;Aumentar por251.6%	;444	;Disminuir por19.7%	;Aumentar por60.9%	;121	;Aumentar por365.4%	;Aumentar por764.3%	;64	;Aumentar por255.6%	;Aumentar por166.7%	;
150	;(Miércoles)2026/04/29	;109	;Aumentar por147.7%	;Aumentar por289.3%	;37	;Aumentar por117.6%	;Aumentar por428.6%	;156	;Aumentar por105.3%	;Aumentar por358.8%	;102	;Disminuir por29.7%	;Aumentar por131.8%	;1847	;Aumentar por33.1%	;Aumentar por243.3%	;476	;Disminuir por41.9%	;Aumentar por20.5%	;115	;Aumentar por187.5%	;Aumentar por1542.9%	;62	;Aumentar por37.8%	;Aumentar por463.6%	;
151	;(Jueves)2026/04/30	;87	;Aumentar por93.3%	;Aumentar por70.6%	;20	;Aumentar por122.2%	;Aumentar por66.7%	;200	;Aumentar por177.8%	;Aumentar por156.4%	;105	;Disminuir por10.3%	;Disminuir por11.8%	;2007	;Aumentar por96.0%	;Aumentar por95.8%	;597	;Disminuir por14.6%	;Disminuir por15.3%	;84	;Aumentar por162.5%	;Aumentar por127.0%	;35	;Disminuir por14.6%	;Disminuir por10.3%	;
152	;(Viernes)2026/05/01	;68	;Aumentar por47.8%	;Aumentar por100.0%	;14	;Disminuir por17.6%	;Disminuir por26.3%	;107	;Aumentar por84.5%	;Aumentar por105.8%	;68	;Disminuir por25.3%	;Aumentar por9.7%	;2720	;Aumentar por153.7%	;Aumentar por63.6%	;836	;Aumentar por26.3%	;Aumentar por2.3%	;56	;Aumentar por36.6%	;Aumentar por1300.0%	;28	;Disminuir por17.6%	;Aumentar por154.5%	;
153	;(Sábado)2026/05/02	;80	;Aumentar por53.8%	;Aumentar por90.5%	;18	;Disminuir por28.0%	;Disminuir por35.7%	;111	;Aumentar por27.6%	;Aumentar por26.1%	;70	;Disminuir por42.6%	;Disminuir por48.1%	;2387	;Aumentar por127.3%	;Aumentar por50.3%	;818	;Aumentar por29.8%	;Aumentar por1.7%	;38	;Aumentar por58.3%	;Disminuir por5.0%	;8	;Disminuir por78.4%	;Disminuir por86.7%	;
154	;(Domingo)2026/05/03	;70	;Aumentar por7.7%	;Aumentar por112.1%	;13	;Disminuir por56.7%	;Aumentar por8.3%	;77	;Aumentar por6.9%	;Aumentar por35.1%	;58	;Disminuir por57.7%	;Disminuir por19.4%	;2134	;Aumentar por72.9%	;Aumentar por36.7%	;771	;Disminuir por5.6%	;Aumentar por11.9%	;26	;Disminuir por60.0%	;Aumentar por23.8%	;8	;Disminuir por87.5%	;Disminuir por57.9%	;
155	;(Lunes)2026/05/04	;46	;Aumentar por2.2%	;Aumentar por24.3%	;30	;Aumentar por11.1%	;Aumentar por150.0%	;224	;Aumentar por540.0%	;Aumentar por397.8%	;172	;Aumentar por186.7%	;Aumentar por201.8%	;1589	;Aumentar por3.5%	;Aumentar por37.3%	;720	;Aumentar por15.4%	;Disminuir por3.7%	;53	;Aumentar por65.6%	;Aumentar por381.8%	;35	;Aumentar por20.7%	;Aumentar por337.5%	;
156	;(Martes)2026/05/05	;33	;Aumentar por3.1%	;Disminuir por34.0%	;29	;Aumentar por383.3%	;Aumentar por93.3%	;127	;Aumentar por477.3%	;Aumentar por49.4%	;138	;Aumentar por360.0%	;Aumentar por3.8%	;1227	;Aumentar por28.6%	;Aumentar por17.3%	;641	;Aumentar por15.3%	;Disminuir por5.5%	;48	;Aumentar por700.0%	;Aumentar por11.6%	;38	;Aumentar por375.0%	;Disminuir por32.1%	;
157	;(Miércoles)2026/05/06	;43	;Disminuir por10.4%	;Disminuir por14.0%	;41	;Aumentar por64.0%	;Aumentar por173.3%	;96	;Disminuir por7.7%	;Aumentar por43.3%	;104	;Disminuir por20.0%	;Aumentar por8.3%	;1238	;Disminuir por11.4%	;Aumentar por56.7%	;669	;Disminuir por21.1%	;Aumentar por22.3%	;45	;Aumentar por4.7%	;Aumentar por18.4%	;43	;Disminuir por4.4%	;Disminuir por17.3%	;
158	;(Jueves)2026/05/07	;41	;Disminuir por16.3%	;Disminuir por12.8%	;43	;Aumentar por72.0%	;Aumentar por115.0%	;128	;Aumentar por103.2%	;Aumentar por62.0%	;141	;Aumentar por42.4%	;Aumentar por23.7%	;1317	;Aumentar por26.6%	;Aumentar por45.5%	;676	;Disminuir por4.5%	;Aumentar por14.4%	;31	;Disminuir por11.4%	;Disminuir por29.5%	;30	;Disminuir por31.8%	;Disminuir por30.2%	;
159	;(Viernes)2026/05/08	;35	;Disminuir por40.7%	;Disminuir por32.7%	;38	;Aumentar por35.7%	;Aumentar por81.0%	;119	;Aumentar por21.4%	;Aumentar por91.9%	;129	;Aumentar por17.3%	;Aumentar por3.2%	;1387	;Aumentar por32.1%	;Aumentar por73.8%	;797	;Aumentar por16.9%	;Aumentar por46.8%	;54	;Aumentar por38.5%	;Aumentar por31.7%	;40	;Aumentar por2.6%	;Aumentar por37.9%	;
160	;(Sábado)2026/05/09	;19	;Disminuir por64.2%	;Disminuir por42.4%	;23	;Sin cambios	;Aumentar por35.3%	;60	;Sin cambios	;Disminuir por17.8%	;83	;Disminuir por19.4%	;Aumentar por5.1%	;1534	;Aumentar por63.9%	;Aumentar por60.3%	;968	;Aumentar por53.4%	;Aumentar por78.3%	;17	;Disminuir por52.8%	;Disminuir por51.4%	;8	;Disminuir por72.4%	;Disminuir por73.3%	;
161	;(Domingo)2026/05/10	;19	;Disminuir por68.3%	;Disminuir por17.4%	;17	;Disminuir por50.0%	;Aumentar por30.8%	;44	;Disminuir por42.9%	;Aumentar por2.3%	;50	;Disminuir por45.1%	;Disminuir por15.3%	;1567	;Aumentar por38.9%	;Aumentar por42.5%	;914	;Aumentar por20.6%	;Aumentar por28.2%	;12	;Disminuir por75.5%	;Disminuir por33.3%	;7	;Disminuir por86.5%	;Disminuir por69.6%	;
162	;(Lunes)2026/05/11	;29	;Disminuir por17.1%	;Disminuir por21.6%	;30	;Aumentar por87.5%	;Aumentar por57.9%	;176	;Aumentar por266.7%	;Aumentar por450.0%	;203	;Aumentar por190.0%	;Aumentar por331.9%	;1353	;Aumentar por1.8%	;Aumentar por33.6%	;803	;Disminuir por2.2%	;Aumentar por36.6%	;112	;Aumentar por522.2%	;Aumentar por833.3%	;107	;Aumentar por791.7%	;Aumentar por723.1%	;
163	;(Martes)2026/05/12	;26	;Disminuir por52.7%	;Disminuir por49.0%	;27	;Aumentar por12.5%	;Aumentar por58.8%	;103	;Aumentar por106.0%	;Aumentar por10.8%	;126	;Aumentar por103.2%	;Disminuir por8.7%	;981	;Disminuir por15.5%	;Disminuir por6.3%	;585	;Disminuir por27.1%	;Disminuir por14.3%	;93	;Aumentar por675.0%	;Aumentar por190.6%	;74	;Aumentar por469.2%	;Aumentar por146.7%	;
164	;(Miércoles)2026/05/13	;29	;Disminuir por34.1%	;Disminuir por42.0%	;26	;Aumentar por188.9%	;Aumentar por13.0%	;92	;Aumentar por130.0%	;Aumentar por61.4%	;85	;Aumentar por25.0%	;Disminuir por6.6%	;1108	;Aumentar por49.9%	;Aumentar por46.2%	;575	;Disminuir por22.7%	;Aumentar por4.5%	;72	;Aumentar por1700.0%	;Aumentar por148.3%	;73	;Aumentar por942.9%	;Aumentar por97.3%	;
165	;(Jueves)2026/05/14	;32	;Disminuir por37.3%	;Disminuir por31.9%	;34	;Aumentar por70.0%	;Aumentar por112.5%	;107	;Aumentar por91.1%	;Aumentar por72.6%	;132	;Aumentar por57.1%	;Aumentar por38.9%	;1455	;Aumentar por70.8%	;Aumentar por68.2%	;807	;Aumentar por28.7%	;Aumentar por36.8%	;100	;Aumentar por212.5%	;Aumentar por156.4%	;82	;Aumentar por127.8%	;Aumentar por100.0%	;
166	;(Viernes)2026/05/15	;74	;Disminuir por3.9%	;Aumentar por29.8%	;72	;Aumentar por125.0%	;Aumentar por242.9%	;155	;Aumentar por146.0%	;Aumentar por98.7%	;164	;Aumentar por67.3%	;Aumentar por53.3%	;1620	;Aumentar por96.6%	;Aumentar por76.9%	;961	;Aumentar por53.3%	;Aumentar por67.4%	;61	;Aumentar por56.4%	;Aumentar por74.3%	;51	;Aumentar por41.7%	;Aumentar por34.2%	;
167	;(Sábado)2026/05/16	;27	;Disminuir por48.1%	;Disminuir por41.3%	;28	;Aumentar por3.7%	;Aumentar por47.4%	;69	;Aumentar por23.2%	;Disminuir por18.8%	;94	;Aumentar por30.6%	;Disminuir por24.8%	;1680	;Aumentar por102.2%	;Aumentar por51.2%	;1045	;Aumentar por76.5%	;Aumentar por62.0%	;14	;Disminuir por44.0%	;Disminuir por71.4%	;9	;Disminuir por71.0%	;Disminuir por81.3%	;
168	;(Domingo)2026/05/17	;24	;Disminuir por50.0%	;Disminuir por31.4%	;26	;Aumentar por85.7%	;Aumentar por52.9%	;74	;Aumentar por19.4%	;Aumentar por45.1%	;102	;Disminuir por15.7%	;Aumentar por88.9%	;1721	;Aumentar por78.9%	;Aumentar por52.6%	;917	;Aumentar por29.3%	;Aumentar por36.1%	;6	;Disminuir por84.6%	;Disminuir por75.0%	;4	;Disminuir por90.9%	;Disminuir por80.0%	;
169	;(Lunes)2026/05/18	;62	;Aumentar por12.7%	;Aumentar por129.6%	;55	;Aumentar por205.6%	;Aumentar por266.7%	;155	;Aumentar por269.0%	;Aumentar por318.9%	;193	;Aumentar por153.9%	;Aumentar por286.0%	;1317	;Aumentar por17.3%	;Aumentar por29.6%	;829	;Aumentar por16.6%	;Aumentar por20.3%	;107	;Aumentar por365.2%	;Aumentar por791.7%	;98	;Aumentar por326.1%	;Aumentar por444.4%	;
170	;(Martes)2026/05/19	;41	;Disminuir por2.4%	;Disminuir por16.3%	;44	;Aumentar por109.5%	;Aumentar por266.7%	;126	;Aumentar por281.8%	;Aumentar por88.1%	;161	;Aumentar por302.5%	;Aumentar por33.1%	;1274	;Aumentar por23.2%	;Aumentar por19.3%	;705	;Disminuir por5.1%	;Aumentar por0.1%	;141	;Aumentar por781.3%	;Aumentar por76.3%	;114	;Aumentar por850.0%	;Aumentar por22.6%	;
171	;(Miércoles)2026/05/20	;50	;Aumentar por6.4%	;Disminuir por9.1%	;51	;Aumentar por264.3%	;Aumentar por104.0%	;112	;Aumentar por64.7%	;Aumentar por60.0%	;117	;Aumentar por30.0%	;Aumentar por28.6%	;1239	;Aumentar por13.4%	;Aumentar por56.4%	;693	;Disminuir por2.3%	;Aumentar por27.6%	;139	;Aumentar por396.4%	;Aumentar por434.6%	;133	;Aumentar por392.6%	;Aumentar por358.6%	;
172	;(Jueves)2026/05/21	;73	;Aumentar por58.7%	;Aumentar por43.1%	;65	;Aumentar por333.3%	;Aumentar por364.3%	;98	;Aumentar por50.8%	;Aumentar por19.5%	;147	;Aumentar por98.6%	;Aumentar por18.5%	;1263	;Aumentar por56.9%	;Aumentar por53.8%	;721	;Aumentar por31.6%	;Aumentar por26.9%	;154	;Aumentar por516.0%	;Aumentar por366.7%	;145	;Aumentar por480.0%	;Aumentar por271.8%	;
173	;(Viernes)2026/05/22	;65	;Aumentar por44.4%	;Aumentar por47.7%	;65	;Aumentar por441.7%	;Aumentar por261.1%	;124	;Aumentar por72.2%	;Aumentar por53.1%	;152	;Aumentar por117.1%	;Aumentar por21.6%	;1496	;Aumentar por118.4%	;Aumentar por61.9%	;901	;Aumentar por103.8%	;Aumentar por54.8%	;103	;Aumentar por221.9%	;Aumentar por123.9%	;88	;Aumentar por151.4%	;Aumentar por137.8%	;
174	;(Sábado)2026/05/23	;35	;Sin cambios	;Aumentar por9.4%	;31	;Aumentar por82.4%	;Aumentar por93.8%	;49	;Aumentar por22.5%	;Disminuir por38.8%	;73	;Aumentar por15.9%	;Disminuir por38.1%	;1653	;Aumentar por115.8%	;Aumentar por74.9%	;1042	;Aumentar por71.7%	;Aumentar por47.8%	;8	;Disminuir por63.6%	;Disminuir por75.0%	;5	;Disminuir por76.2%	;Disminuir por88.1%	;
175	;(Domingo)2026/05/24	;34	;Disminuir por45.2%	;Disminuir por12.8%	;28	;Disminuir por17.6%	;Aumentar por86.7%	;47	;Disminuir por13.0%	;Disminuir por9.6%	;71	;Disminuir por29.0%	;Aumentar por42.0%	;2022	;Aumentar por86.7%	;Aumentar por78.5%	;1030	;Aumentar por25.6%	;Aumentar por90.0%	;10	;Disminuir por82.8%	;Disminuir por44.4%	;5	;Disminuir por91.9%	;Disminuir por70.6%	;
176	;(Lunes)2026/05/25	;56	;Aumentar por36.6%	;Aumentar por43.6%	;51	;Aumentar por183.3%	;Aumentar por292.3%	;156	;Aumentar por524.0%	;Aumentar por280.5%	;185	;Aumentar por249.1%	;Aumentar por184.6%	;1653	;Aumentar por64.8%	;Aumentar por43.6%	;951	;Aumentar por4.9%	;Aumentar por25.3%	;109	;Aumentar por505.6%	;Aumentar por445.0%	;95	;Aumentar por427.8%	;Aumentar por533.3%	;
177	;(Martes)2026/05/26	;48	;Aumentar por4.3%	;Disminuir por5.9%	;48	;Aumentar por84.6%	;Aumentar por300.0%	;120	;Aumentar por500.0%	;Aumentar por17.6%	;149	;Aumentar por223.9%	;Aumentar por20.2%	;1316	;Aumentar por55.0%	;Aumentar por24.5%	;752	;Disminuir por9.3%	;Aumentar por4.2%	;120	;Aumentar por1233.3%	;Aumentar por380.0%	;118	;Aumentar por490.0%	;Aumentar por391.7%	;
178	;(Miércoles)2026/05/27	;36	;Disminuir por99.5%	;Disminuir por28.0%	;39	;Disminuir por99.5%	;Aumentar por290.0%	;103	;Disminuir por40.8%	;Aumentar por17.0%	;131	;Disminuir por43.3%	;Aumentar por23.6%	;1405	;Aumentar por38.3%	;Aumentar por54.2%	;791	;Disminuir por3.2%	;Aumentar por34.1%	;129	;Disminuir por24.6%	;Aumentar por396.2%	;111	;Disminuir por34.3%	;Aumentar por184.6%	;
179	;(Jueves)2026/05/28	;107	;Aumentar por98.1%	;Aumentar por143.2%	;108	;Aumentar por535.3%	;Aumentar por440.0%	;124	;Aumentar por103.3%	;Aumentar por51.2%	;164	;Aumentar por72.6%	;Aumentar por22.4%	;1488	;Aumentar por55.3%	;Aumentar por42.7%	;864	;Aumentar por18.7%	;Aumentar por28.2%	;305	;Aumentar por1120.0%	;Aumentar por853.1%	;290	;Aumentar por1160.9%	;Aumentar por974.1%	;
180	;(Viernes)2026/05/29	;7	;Disminuir por91.7%	;Disminuir por88.3%	;8	;Disminuir por73.3%	;Disminuir por80.0%	;66	;Disminuir por12.0%	;Disminuir por36.5%	;133	;Aumentar por44.6%	;Disminuir por6.3%	;264	;Disminuir por72.6%	;Disminuir por73.0%	;341	;Disminuir por44.6%	;Disminuir por51.0%	;369	;Aumentar por822.5%	;Aumentar por985.3%	;387	;Aumentar por1005.7%	;Aumentar por843.9%	;
181	;(Sábado)2026/05/30	;0	;Disminuir por100.0%	;Disminuir por100.0%	;2	;Disminuir por66.7%	;Disminuir por91.3%	;0	;Disminuir por100.0%	;Disminuir por100.0%	;1	;Disminuir por98.7%	;Disminuir por99.3%	;4	;Disminuir por98.6%	;Disminuir por99.7%	;6	;Disminuir por97.2%	;Disminuir por98.9%	;0	;Disminuir por100.0%	;Disminuir por100.0%	;4	;Disminuir por84.0%	;Disminuir por92.0%	;
182	;(Domingo)2026/05/31	;3	;Disminuir por25.0%	;Disminuir por92.3%	;1	;Disminuir por50.0%	;Disminuir por95.0%	;6	;Disminuir por71.4%	;Disminuir por86.7%	;7	;Disminuir por85.7%	;Disminuir por84.1%	;11	;Disminuir por91.2%	;Disminuir por99.0%	;12	;Disminuir por89.2%	;Disminuir por97.6%	;16	;Disminuir por44.8%	;Disminuir por40.7%	;13	;Disminuir por40.9%	;Disminuir por40.9%	;
183	;(Lunes)2026/06/01	;17	;Disminuir por60.5%	;Disminuir por65.3%	;12	;Disminuir por68.4%	;Disminuir por62.5%	;12	;Disminuir por89.1%	;Disminuir por73.3%	;20	;Disminuir por81.5%	;Disminuir por57.4%	;27	;Disminuir por76.9%	;Disminuir por97.6%	;13	;Disminuir por89.5%	;Disminuir por98.5%	;15	;Disminuir por92.5%	;Aumentar por7.1%	;20	;Disminuir por89.7%	;Aumentar por66.7%	;
184	;(Martes)2026/06/02	;26	;Aumentar por420.0%	;Disminuir por50.9%	;8	;Aumentar por166.7%	;Disminuir por55.6%	;11	;Disminuir por15.4%	;Disminuir por89.0%	;5	;Disminuir por83.3%	;Disminuir por96.6%	;12	;Disminuir por89.7%	;Disminuir por99.0%	;10	;Disminuir por89.0%	;Disminuir por98.6%	;8	;Disminuir por60.0%	;Disminuir por76.5%	;22	;Aumentar por37.5%	;Disminuir por15.4%	;
185	;(Miércoles)2026/06/03	;56	;Aumentar por33.3%	;Disminuir por1.8%	;38	;Aumentar por123.5%	;Aumentar por153.3%	;11	;Disminuir por79.6%	;Disminuir por80.4%	;11	;Disminuir por91.1%	;Disminuir por90.4%	;6	;Disminuir por99.4%	;Disminuir por99.4%	;6	;Disminuir por99.1%	;Disminuir por99.1%	;28	;Disminuir por39.1%	;Disminuir por28.2%	;31	;Disminuir por22.5%	;Disminuir por26.2%	;
186	;(Jueves)2026/06/04	;73	;Aumentar por32.7%	;Aumentar por43.1%	;62	;Aumentar por148.0%	;Aumentar por129.6%	;47	;Disminuir por17.5%	;Disminuir por32.9%	;45	;Disminuir por41.6%	;Disminuir por60.9%	;698	;Disminuir por22.6%	;Disminuir por23.0%	;349	;Disminuir por43.9%	;Disminuir por43.6%	;53	;Aumentar por29.3%	;Aumentar por96.3%	;49	;Aumentar por48.5%	;Aumentar por53.1%	;
187	;(Viernes)2026/06/05	;15	;Disminuir por65.9%	;Disminuir por69.4%	;15	;Aumentar por36.4%	;Disminuir por21.1%	;119	;Aumentar por101.7%	;Aumentar por46.9%	;141	;Aumentar por43.9%	;Aumentar por34.3%	;1411	;Aumentar por76.8%	;Aumentar por59.4%	;812	;Aumentar por36.9%	;Aumentar por44.2%	;99	;Aumentar por280.8%	;Disminuir por66.9%	;90	;Aumentar por291.3%	;Disminuir por70.5%	;
188	;(Sábado)2026/06/06	;0	;Disminuir por100.0%	;Disminuir por100.0%	;2	;Disminuir por83.3%	;Disminuir por84.6%	;13	;Disminuir por75.0%	;Disminuir por84.1%	;16	;Disminuir por82.2%	;Disminuir por83.8%	;199	;Disminuir por74.3%	;Disminuir por69.8%	;87	;Disminuir por84.9%	;Disminuir por78.0%	;10	;Disminuir por71.4%	;Disminuir por69.7%	;5	;Disminuir por87.2%	;Disminuir por89.1%	;
189	;(Domingo)2026/06/07	;4	;Disminuir por92.2%	; --%	;5	;Disminuir por58.3%	;Aumentar por400.0%	;25	;Disminuir por55.4%	;Aumentar por400.0%	;44	;Disminuir por39.7%	;Aumentar por633.3%	;530	;Disminuir por43.7%	;Aumentar por626.0%	;419	;Disminuir por34.2%	;Aumentar por690.6%	;8	;Disminuir por81.4%	;Aumentar por60.0%	;5	;Disminuir por80.8%	;Disminuir por37.5%	;
190	;(Lunes)2026/06/08	;24	;Disminuir por20.0%	;Disminuir por11.1%	;22	;Aumentar por175.0%	;Aumentar por120.0%	;183	;Aumentar por346.3%	;Aumentar por422.9%	;202	;Aumentar por254.4%	;Aumentar por596.6%	;1272	;Aumentar por18.9%	;Aumentar por5.8%	;754	;Aumentar por15.3%	;Aumentar por33.7%	;116	;Aumentar por427.3%	;Aumentar por1060.0%	;103	;Aumentar por472.2%	;Aumentar por836.4%	;
191	;(Martes)2026/06/09	;32	;Disminuir por11.1%	;Disminuir por46.7%	;30	;Aumentar por275.0%	;Aumentar por36.4%	;114	;Aumentar por307.1%	;Disminuir por0.9%	;149	;Aumentar por166.1%	;Disminuir por2.0%	;1376	;Aumentar por52.7%	;Disminuir por5.3%	;806	;Aumentar por4.4%	;Disminuir por5.7%	;114	;Aumentar por570.6%	;Aumentar por200.0%	;111	;Aumentar por344.0%	;Aumentar por200.0%	;
192	;(Miércoles)2026/06/10	;18	;Disminuir por52.6%	;Disminuir por64.7%	;19	;Aumentar por35.7%	;Disminuir por36.7%	;114	;Aumentar por62.9%	;Aumentar por54.1%	;117	;Aumentar por17.0%	;Aumentar por8.3%	;1449	;Aumentar por130.0%	;Aumentar por65.2%	;865	;Aumentar por130.1%	;Aumentar por33.5%	;113	;Aumentar por564.7%	;Aumentar por222.9%	;102	;Aumentar por466.7%	;Aumentar por112.5%	;
193	;(Jueves)2026/06/11	;59	; --%	;Aumentar por34.1%	;59	; --%	;Aumentar por321.4%	;135	; --%	;Aumentar por107.7%	;149	;Aumentar por14800.0%	;Aumentar por21.1%	;1465	;Aumentar por73150.0%	;Aumentar por41.5%	;826	; --%	;Aumentar por4.6%	;181	; --%	;Aumentar por277.1%	;159	; --%	;Aumentar por367.6%	;
194	;(Viernes)2026/06/12	;40	;Disminuir por7.0%	;Disminuir por24.5%	;49	;Aumentar por512.5%	;Aumentar por122.7%	;132	;Aumentar por116.4%	;Aumentar por43.5%	;145	;Aumentar por61.1%	;Aumentar por9.8%	;1545	;Aumentar por123.6%	;Aumentar por58.3%	;996	;Aumentar por118.9%	;Aumentar por47.1%	;82	;Aumentar por134.3%	;Aumentar por90.7%	;65	;Aumentar por97.0%	;Aumentar por66.7%	;
195	;(Sábado)2026/06/13	;16	;Disminuir por54.3%	;Disminuir por57.9%	;16	;Aumentar por77.8%	;Disminuir por36.0%	;39	;Disminuir por37.1%	;Disminuir por66.1%	;70	;Disminuir por16.7%	;Disminuir por55.7%	;1070	;Aumentar por74.6%	;Disminuir por17.1%	;700	;Aumentar por55.9%	;Disminuir por12.2%	;10	;Disminuir por67.7%	;Disminuir por83.3%	;4	;Disminuir por82.6%	;Disminuir por93.9%	;
196	;(Domingo)2026/06/14	;21	;Disminuir por19.2%	;Disminuir por41.7%	;23	;Aumentar por283.3%	;Aumentar por43.8%	;38	;Disminuir por48.6%	;Disminuir por35.6%	;57	;Disminuir por12.3%	;Disminuir por23.0%	;1335	;Aumentar por48.0%	;Disminuir por15.1%	;753	;Aumentar por41.5%	;Aumentar por0.3%	;18	;Disminuir por52.6%	;Aumentar por12.5%	;17	;Disminuir por48.5%	;Aumentar por21.4%	;
197	;(Lunes)2026/06/15	;29	;Disminuir por9.4%	;Aumentar por16.0%	;25	;Aumentar por400.0%	;Aumentar por127.3%	;183	;Aumentar por266.0%	;Aumentar por381.6%	;201	;Aumentar por258.9%	;Aumentar por356.8%	;1448	;Aumentar por50.4%	;Aumentar por3.4%	;860	;Aumentar por28.6%	;Aumentar por6.7%	;68	;Aumentar por518.2%	;Aumentar por518.2%	;65	;Aumentar por364.3%	;Aumentar por225.0%	;
198	;(Martes)2026/06/16	;29	;Disminuir por31.0%	;Disminuir por55.4%	;31	;Aumentar por106.7%	;Disminuir por18.4%	;106	;Aumentar por202.9%	;Disminuir por1.9%	;134	;Aumentar por272.2%	;Disminuir por7.6%	;1305	;Aumentar por49.5%	;Disminuir por3.2%	;760	;Aumentar por28.6%	;Disminuir por1.8%	;76	;Aumentar por1420.0%	;Aumentar por105.4%	;61	;Aumentar por577.8%	;Aumentar por110.3%	;
199	;(Miércoles)2026/06/17	;35	;Disminuir por2.8%	;Disminuir por32.7%	;36	;Aumentar por500.0%	;Aumentar por33.3%	;87	;Aumentar por7.4%	;Aumentar por20.8%	;117	;Aumentar por19.4%	;Disminuir por7.1%	;1332	;Aumentar por78.8%	;Aumentar por24.1%	;690	;Aumentar por33.2%	;Disminuir por5.0%	;56	;Aumentar por154.5%	;Aumentar por60.0%	;53	;Aumentar por194.4%	;Aumentar por10.4%	;
200	;(Jueves)2026/06/18	;30	;Disminuir por21.1%	;Disminuir por51.6%	;31	;Aumentar por933.3%	;Aumentar por14.8%	;93	;Aumentar por69.1%	;Disminuir por16.2%	;142	;Aumentar por86.8%	;Aumentar por11.8%	;1515	;Aumentar por127.1%	;Aumentar por46.9%	;814	;Aumentar por79.3%	;Aumentar por16.1%	;51	;Aumentar por218.8%	;Aumentar por21.4%	;34	;Aumentar por25.9%	;Disminuir por27.7%	;
201	;(Viernes)2026/06/19	;31	;Disminuir por8.8%	;Disminuir por41.5%	;34	;Aumentar por580.0%	;Aumentar por36.0%	;113	;Aumentar por105.5%	;Aumentar por20.2%	;141	;Aumentar por113.6%	;Aumentar por16.5%	;1514	;Aumentar por128.0%	;Aumentar por39.9%	;883	;Aumentar por87.5%	;Aumentar por28.0%	;64	;Aumentar por300.0%	;Aumentar por52.4%	;45	;Aumentar por136.8%	;Aumentar por32.4%	;
202	;(Sábado)2026/06/20	;72	;Aumentar por41.2%	;Aumentar por100.0%	;71	;Aumentar por343.8%	;Aumentar por317.6%	;99	;Aumentar por73.7%	;Aumentar por8.8%	;109	;Aumentar por41.6%	;Disminuir por18.7%	;1872	;Aumentar por184.1%	;Aumentar por54.7%	;1056	;Aumentar por114.6%	;Aumentar por68.4%	;18	;Sin cambios	;Disminuir por64.7%	;13	;Disminuir por27.8%	;Disminuir por82.4%	;
203	;(Domingo)2026/06/21	;17	;Disminuir por60.5%	;Disminuir por29.2%	;18	;Disminuir por10.0%	;Aumentar por100.0%	;256	;Aumentar por287.9%	;Aumentar por412.0%	;273	;Aumentar por170.3%	;Aumentar por279.2%	;1684	;Aumentar por128.8%	;Aumentar por5.3%	;839	;Aumentar por78.5%	;Aumentar por10.1%	;13	;Disminuir por7.1%	;Disminuir por18.8%	;8	;Disminuir por63.6%	;Disminuir por42.9%	;
204	;(Lunes)2026/06/22	;45	;Aumentar por45.2%	;Aumentar por40.6%	;46	;Aumentar por318.2%	;Aumentar por360.0%	;269	;Aumentar por860.7%	;Aumentar por740.6%	;285	;Aumentar por418.2%	;Aumentar por493.8%	;1790	;Aumentar por104.3%	;Aumentar por39.3%	;1106	;Aumentar por71.2%	;Aumentar por40.9%	;63	;Aumentar por600.0%	;Aumentar por270.6%	;49	;Aumentar por276.9%	;Aumentar por276.9%	;
205	;(Martes)2026/06/23	;32	;Disminuir por5.9%	;Disminuir por15.8%	;26	;Aumentar por420.0%	;Aumentar por116.7%	;136	;Aumentar por338.7%	;Aumentar por33.3%	;152	;Aumentar por310.8%	;Aumentar por17.8%	;1513	;Aumentar por77.4%	;Disminuir por0.3%	;854	;Aumentar por41.9%	;Aumentar por12.4%	;73	;Aumentar por1725.0%	;Aumentar por82.5%	;61	;Aumentar por662.5%	;Aumentar por35.6%	;
206	;(Miércoles)2026/06/24	;5	;Disminuir por87.5%	;Disminuir por87.8%	;5	;Disminuir por58.3%	;Disminuir por50.0%	;81	;Disminuir por21.4%	;Disminuir por1.2%	;110	;Disminuir por4.3%	;Sin cambios	;1540	;Aumentar por110.7%	;Aumentar por17.5%	;792	;Aumentar por66.7%	;Aumentar por19.3%	;21	;Sin cambios	;Disminuir por48.8%	;19	;Aumentar por5.6%	;Disminuir por53.7%	;
207	;(Jueves)2026/06/25	;3	;Disminuir por91.9%	;Disminuir por94.2%	;5	;Disminuir por28.6%	;Disminuir por66.7%	;123	;Aumentar por105.0%	;Aumentar por98.4%	;126	;Aumentar por61.5%	;Aumentar por9.6%	;1632	;Aumentar por153.8%	;Aumentar por39.5%	;852	;Aumentar por84.8%	;Aumentar por46.6%	;45	;Aumentar por221.4%	;Aumentar por40.6%	;40	;Aumentar por150.0%	;Aumentar por21.2%	;
208	;(Viernes)2026/06/26	;2	;Disminuir por94.6%	;Disminuir por95.0%	;5	;Aumentar por25.0%	;Disminuir por64.3%	;125	;Aumentar por104.9%	;Aumentar por31.6%	;172	;Aumentar por73.7%	;Aumentar por62.3%	;1740	;Aumentar por173.6%	;Aumentar por49.9%	;917	;Aumentar por111.3%	;Aumentar por38.1%	;76	;Aumentar por375.0%	;Aumentar por81.0%	;58	;Aumentar por346.2%	;Aumentar por75.8%	;
209	;(Sábado)2026/06/27	;6	;Disminuir por84.6%	;Disminuir por88.9%	;6	;Aumentar por20.0%	;Disminuir por66.7%	;86	;Aumentar por62.3%	;Aumentar por22.9%	;94	;Aumentar por1.1%	;Disminuir por30.4%	;1849	;Aumentar por169.9%	;Aumentar por54.7%	;995	;Aumentar por97.8%	;Aumentar por67.8%	;23	;Aumentar por27.8%	;Disminuir por45.2%	;21	;Aumentar por31.3%	;Disminuir por57.1%	;
210	;(Domingo)2026/06/28	;8	;Disminuir por79.5%	;Disminuir por83.3%	;8	;Disminuir por11.1%	;Disminuir por33.3%	;71	;Disminuir por14.5%	;Aumentar por57.8%	;78	;Disminuir por31.0%	;Aumentar por8.3%	;1884	;Aumentar por151.2%	;Aumentar por30.9%	;925	;Aumentar por80.3%	;Aumentar por41.7%	;9	;Disminuir por75.7%	;Disminuir por47.1%	;8	;Disminuir por81.4%	;Disminuir por60.0%	;
211	;(Lunes)2026/06/29	;7	;Disminuir por83.7%	;Disminuir por81.1%	;8	;Disminuir por38.5%	;Sin cambios	;191	;Aumentar por389.7%	;Aumentar por496.9%	;184	;Aumentar por196.8%	;Aumentar por338.1%	;1592	;Aumentar por84.7%	;Aumentar por43.7%	;933	;Aumentar por58.7%	;Aumentar por58.7%	;60	;Aumentar por757.1%	;Aumentar por400.0%	;54	;Aumentar por980.0%	;Aumentar por390.9%	;
212	;(Martes)2026/06/30	;6	;Disminuir por84.2%	;Disminuir por86.7%	;6	;Disminuir por45.5%	;Disminuir por45.5%	;151	;Aumentar por344.1%	;Aumentar por55.7%	;166	;Aumentar por201.8%	;Aumentar por49.5%	;1491	;Aumentar por94.4%	;Aumentar por13.4%	;784	;Aumentar por40.0%	;Aumentar por16.1%	;67	;Aumentar por1016.7%	;Aumentar por42.6%	;56	;Aumentar por833.3%	;Aumentar por30.2%	;
