Análisis de tipo multiobjetivo	;
Información básica	;
Hora de exportación: 2026/07/14 13:49:50	;
Operador: Touristcheck	;
Objetivo de estadísticas: Plaza Illueca - Avda. Papa Luna	;
Exportar contenido:Número de personas,Vehículos a motor,Vehículos sin motor	;
Hora del informe: 2025/12/01 00:00:00 - 2026/07/14 23:59:59	;

Personas totales	; 	; 	; 	; 	; 	;Total de vehículos a motor	; 	; 	; 	; 	; 	;Total de vehículos sin motor	;
Avanzar	; 	; 	;Retroceso	; 	; 	;Avanzar	; 	; 	;Retroceso	; 	; 	;Avanzar	; 	; 	;Retroceso	;
Valor	;Tasa de cambio (ciclo tras ciclo)	;Tasa de cambio (año tras año)	;Valor	;Tasa de cambio (ciclo tras ciclo)	;Tasa de cambio (año tras año)	;Valor	;Tasa de cambio (ciclo tras ciclo)	;Tasa de cambio (año tras año)	;Valor	;Tasa de cambio (ciclo tras ciclo)	;Tasa de cambio (año tras año)	;Valor	;Tasa de cambio (ciclo tras ciclo)	;Tasa de cambio (año tras año)	;Valor	;Tasa de cambio (ciclo tras ciclo)	;Tasa de cambio (año tras año)	;
460514	;Disminuir por35.7%	;Aumentar por78.0%	;467360	;Disminuir por33.7%	;Aumentar por80.6%	;109637	;Disminuir por16.9%	;Aumentar por89.6%	;194570	;Disminuir por10.7%	;Aumentar por137.2%	;24556	;Disminuir por43.1%	;Aumentar por39.8%	;31151	;Disminuir por27.2%	;Aumentar por105.1%	;

N.º	;Hora	;Personas	; 	; 	; 	; 	; 	;Vehículos a motor	; 	; 	; 	; 	; 	;Vehículos sin motor	;
	;	;Avanzar	; 	; 	;Retroceso	; 	; 	;Avanzar	; 	; 	;Retroceso	; 	; 	;Avanzar	; 	; 	;Retroceso	;
	;	;Valor	;Tasa de cambio (ciclo tras ciclo)	;Tasa de cambio (año tras año)	;Valor	;Tasa de cambio (ciclo tras ciclo)	;Tasa de cambio (año tras año)	;Valor	;Tasa de cambio (ciclo tras ciclo)	;Tasa de cambio (año tras año)	;Valor	;Tasa de cambio (ciclo tras ciclo)	;Tasa de cambio (año tras año)	;Valor	;Tasa de cambio (ciclo tras ciclo)	;Tasa de cambio (año tras año)	;Valor	;Tasa de cambio (ciclo tras ciclo)	;Tasa de cambio (año tras año)	;
1	;(Lunes)2025/12/01	;517	;Disminuir por92.5%	; --%	;517	;Disminuir por92.6%	; --%	;334	;Disminuir por60.2%	; --%	;669	;Disminuir por53.5%	; --%	;129	;Disminuir por59.8%	; --%	;81	;Disminuir por59.7%	; --%	;
2	;(Martes)2025/12/02	;533	;Disminuir por90.2%	; --%	;534	;Disminuir por90.1%	; --%	;315	;Disminuir por59.1%	; --%	;659	;Disminuir por50.7%	; --%	;59	;Disminuir por79.4%	; --%	;76	;Disminuir por65.8%	; --%	;
3	;(Miércoles)2025/12/03	;605	;Disminuir por84.3%	; --%	;605	;Disminuir por84.7%	; --%	;285	;Disminuir por66.5%	; --%	;612	;Disminuir por39.2%	; --%	;44	;Disminuir por85.1%	; --%	;65	;Disminuir por60.8%	; --%	;
4	;(Jueves)2025/12/04	;671	;Disminuir por68.2%	; --%	;674	;Disminuir por71.3%	; --%	;334	;Disminuir por45.1%	; --%	;725	;Disminuir por11.8%	; --%	;61	;Disminuir por44.5%	; --%	;71	;Disminuir por34.3%	; --%	;
5	;(Viernes)2025/12/05	;1022	;Disminuir por49.8%	; --%	;1046	;Disminuir por51.8%	; --%	;460	;Disminuir por23.7%	; --%	;840	;Aumentar por3.3%	; --%	;90	;Disminuir por61.7%	; --%	;95	;Disminuir por34.0%	; --%	;
6	;(Sábado)2025/12/06	;2867	;Aumentar por38.0%	; --%	;3123	;Aumentar por42.5%	; --%	;645	;Aumentar por14.2%	; --%	;1327	;Aumentar por55.9%	; --%	;164	;Disminuir por23.0%	; --%	;97	;Disminuir por37.8%	; --%	;
7	;(Domingo)2025/12/07	;3463	;Aumentar por63.7%	; --%	;3873	;Aumentar por80.1%	; --%	;499	;Disminuir por14.6%	; --%	;1451	;Aumentar por47.0%	; --%	;164	;Disminuir por14.1%	; --%	;143	;Disminuir por8.3%	; --%	;
8	;(Lunes)2025/12/08	;1554	;Disminuir por46.0%	; --%	;1661	;Disminuir por43.9%	; --%	;554	;Disminuir por17.7%	; --%	;897	;Aumentar por4.2%	; --%	;119	;Disminuir por39.6%	; --%	;83	;Disminuir por44.3%	; --%	;
9	;(Martes)2025/12/09	;639	;Disminuir por71.5%	; --%	;588	;Disminuir por75.8%	; --%	;331	;Disminuir por47.0%	; --%	;680	;Disminuir por0.6%	; --%	;99	;Disminuir por53.3%	; --%	;81	;Disminuir por31.4%	; --%	;
10	;(Miércoles)2025/12/10	;556	;Disminuir por13.9%	; --%	;539	;Aumentar por9.1%	; --%	;289	;Aumentar por33.8%	; --%	;574	;Aumentar por91.3%	; --%	;89	;Disminuir por8.2%	; --%	;77	;Aumentar por120.0%	; --%	;
11	;(Jueves)2025/12/11	;492	;Disminuir por37.9%	; --%	;485	;Disminuir por44.9%	; --%	;309	;Disminuir por19.1%	; --%	;687	;Aumentar por64.7%	; --%	;69	;Disminuir por33.7%	; --%	;71	;Disminuir por22.8%	; --%	;
12	;(Viernes)2025/12/12	;680	;Disminuir por55.1%	; --%	;645	;Disminuir por60.3%	; --%	;356	;Disminuir por45.8%	; --%	;667	;Disminuir por22.8%	; --%	;84	;Disminuir por46.2%	; --%	;72	;Disminuir por36.8%	; --%	;
13	;(Sábado)2025/12/13	;1129	;Disminuir por71.0%	; --%	;1314	;Disminuir por69.1%	; --%	;532	;Disminuir por37.9%	; --%	;697	;Disminuir por37.4%	; --%	;78	;Disminuir por66.7%	; --%	;70	;Disminuir por50.4%	; --%	;
14	;(Domingo)2025/12/14	;267	;Disminuir por93.3%	; --%	;305	;Disminuir por93.2%	; --%	;282	;Disminuir por67.4%	; --%	;345	;Disminuir por74.0%	; --%	;12	;Disminuir por90.1%	; --%	;14	;Disminuir por88.7%	; --%	;
15	;(Lunes)2025/12/15	;330	;Disminuir por91.2%	; --%	;310	;Disminuir por92.3%	; --%	;312	;Disminuir por57.7%	; --%	;623	;Disminuir por43.4%	; --%	;7	;Disminuir por97.4%	; --%	;21	;Disminuir por90.2%	; --%	;
16	;(Martes)2025/12/16	;428	;Disminuir por80.1%	; --%	;384	;Disminuir por82.6%	; --%	;258	;Disminuir por68.2%	; --%	;673	;Disminuir por6.0%	; --%	;30	;Disminuir por82.4%	; --%	;44	;Disminuir por57.7%	; --%	;
17	;(Miércoles)2025/12/17	;355	;Disminuir por73.3%	; --%	;342	;Disminuir por78.4%	; --%	;281	;Disminuir por51.4%	; --%	;631	;Disminuir por19.5%	; --%	;6	;Disminuir por97.1%	; --%	;28	;Disminuir por78.6%	; --%	;
18	;(Jueves)2025/12/18	;547	;Disminuir por58.6%	; --%	;463	;Disminuir por68.2%	; --%	;276	;Disminuir por50.6%	; --%	;616	;Disminuir por12.3%	; --%	;60	;Disminuir por62.7%	; --%	;75	;Disminuir por25.7%	; --%	;
19	;(Viernes)2025/12/19	;622	;Disminuir por54.0%	; --%	;537	;Disminuir por59.5%	; --%	;374	;Disminuir por28.2%	; --%	;674	;Disminuir por4.7%	; --%	;67	;Disminuir por47.7%	; --%	;100	;Aumentar por1.0%	; --%	;
20	;(Sábado)2025/12/20	;1053	;Disminuir por5.3%	; --%	;1018	;Disminuir por16.0%	; --%	;450	;Disminuir por15.1%	; --%	;620	;Disminuir por21.1%	; --%	;90	;Aumentar por9.8%	; --%	;50	;Disminuir por44.4%	; --%	;
21	;(Domingo)2025/12/21	;1005	;Disminuir por28.2%	; --%	;897	;Disminuir por41.2%	; --%	;430	;Disminuir por10.8%	; --%	;516	;Disminuir por35.4%	; --%	;76	;Disminuir por35.0%	; --%	;51	;Disminuir por58.9%	; --%	;
22	;(Lunes)2025/12/22	;724	;Disminuir por64.4%	; --%	;818	;Disminuir por63.0%	; --%	;337	;Disminuir por53.6%	; --%	;717	;Disminuir por0.1%	; --%	;170	;Aumentar por21.4%	; --%	;76	;Disminuir por39.2%	; --%	;
23	;(Martes)2025/12/23	;620	;Disminuir por61.7%	; --%	;618	;Disminuir por66.9%	; --%	;299	;Disminuir por54.8%	; --%	;696	;Aumentar por26.8%	; --%	;71	;Disminuir por67.1%	; --%	;61	;Disminuir por31.5%	; --%	;
24	;(Miércoles)2025/12/24	;623	;Disminuir por58.2%	; --%	;630	;Disminuir por61.3%	; --%	;291	;Disminuir por51.3%	; --%	;505	;Disminuir por31.7%	; --%	;90	;Disminuir por65.1%	; --%	;68	;Disminuir por50.4%	; --%	;
25	;(Jueves)2025/12/25	;427	;Disminuir por68.8%	; --%	;501	;Disminuir por63.7%	; --%	;363	;Disminuir por22.6%	; --%	;383	;Disminuir por36.5%	; --%	;3	;Disminuir por98.5%	; --%	;16	;Disminuir por86.4%	; --%	;
26	;(Viernes)2025/12/26	;723	;Disminuir por46.2%	; --%	;842	;Disminuir por39.4%	; --%	;418	;Disminuir por18.8%	; --%	;564	;Disminuir por14.7%	; --%	;22	;Disminuir por85.2%	; --%	;27	;Disminuir por69.7%	; --%	;
27	;(Sábado)2025/12/27	;525	;Disminuir por63.2%	; --%	;588	;Disminuir por62.5%	; --%	;493	;Disminuir por10.2%	; --%	;553	;Disminuir por27.2%	; --%	;10	;Disminuir por95.4%	; --%	;14	;Disminuir por86.9%	; --%	;
28	;(Domingo)2025/12/28	;895	;Disminuir por55.2%	; --%	;1140	;Disminuir por42.5%	; --%	;517	;Disminuir por11.6%	; --%	;488	;Disminuir por45.9%	; --%	;36	;Disminuir por82.5%	; --%	;19	;Disminuir por86.4%	; --%	;
29	;(Lunes)2025/12/29	;1135	;Disminuir por58.1%	; --%	;1180	;Disminuir por58.5%	; --%	;447	;Disminuir por32.2%	; --%	;844	;Aumentar por14.1%	; --%	;55	;Disminuir por73.4%	; --%	;55	;Disminuir por63.3%	; --%	;
30	;(Martes)2025/12/30	;1453	;Disminuir por22.8%	; --%	;1450	;Disminuir por23.4%	; --%	;425	;Disminuir por43.6%	; --%	;803	;Aumentar por46.0%	; --%	;118	;Disminuir por53.7%	; --%	;85	;Disminuir por32.5%	; --%	;
31	;(Miércoles)2025/12/31	;1409	;Disminuir por17.8%	; --%	;1297	;Disminuir por31.3%	; --%	;484	;Disminuir por20.5%	; --%	;584	;Disminuir por29.3%	; --%	;108	;Disminuir por65.5%	; --%	;64	;Disminuir por49.6%	; --%	;
32	;(Jueves)2026/01/01	;1825	;Aumentar por22.2%	; --%	;1870	;Aumentar por17.8%	; --%	;543	;Aumentar por0.4%	; --%	;483	;Disminuir por31.9%	; --%	;79	;Disminuir por65.2%	; --%	;45	;Disminuir por63.7%	; --%	;
33	;(Viernes)2026/01/02	;1639	;Aumentar por8.3%	; --%	;1485	;Disminuir por2.4%	; --%	;380	;Disminuir por29.4%	; --%	;730	;Aumentar por7.2%	; --%	;86	;Disminuir por61.1%	; --%	;65	;Disminuir por44.4%	; --%	;
34	;(Sábado)2026/01/03	;1340	;Disminuir por8.0%	; --%	;1632	;Aumentar por7.7%	; --%	;443	;Disminuir por21.9%	; --%	;637	;Disminuir por14.3%	; --%	;76	;Disminuir por60.6%	; --%	;50	;Disminuir por63.8%	; --%	;
35	;(Domingo)2026/01/04	;643	;Disminuir por63.1%	; --%	;768	;Disminuir por62.0%	; --%	;357	;Disminuir por45.9%	; --%	;372	;Disminuir por55.3%	; --%	;14	;Disminuir por94.4%	; --%	;22	;Disminuir por87.4%	; --%	;
36	;(Lunes)2026/01/05	;913	;Disminuir por66.1%	; --%	;832	;Disminuir por70.5%	; --%	;312	;Disminuir por45.8%	; --%	;757	;Disminuir por5.8%	; --%	;69	;Disminuir por69.3%	; --%	;56	;Disminuir por63.9%	; --%	;
37	;(Martes)2026/01/06	;464	;Disminuir por78.7%	; --%	;519	;Disminuir por77.9%	; --%	;334	;Disminuir por52.8%	; --%	;334	;Disminuir por42.7%	; --%	;50	;Disminuir por77.8%	; --%	;40	;Disminuir por66.1%	; --%	;
38	;(Miércoles)2026/01/07	;582	;Disminuir por71.6%	; --%	;480	;Disminuir por77.4%	; --%	;257	;Disminuir por58.9%	; --%	;587	;Disminuir por32.4%	; --%	;93	;Disminuir por61.4%	; --%	;69	;Disminuir por56.3%	; --%	;
39	;(Jueves)2026/01/08	;523	;Disminuir por70.2%	; --%	;481	;Disminuir por72.2%	; --%	;251	;Disminuir por54.1%	; --%	;799	;Aumentar por6.4%	; --%	;112	;Disminuir por37.4%	; --%	;91	;Disminuir por39.7%	; --%	;
40	;(Viernes)2026/01/09	;665	;Disminuir por62.7%	; --%	;591	;Disminuir por68.3%	; --%	;270	;Disminuir por56.5%	; --%	;548	;Disminuir por21.7%	; --%	;80	;Disminuir por49.0%	; --%	;65	;Disminuir por49.6%	; --%	;
41	;(Sábado)2026/01/10	;744	;Disminuir por58.2%	; --%	;810	;Disminuir por58.5%	; --%	;335	;Disminuir por52.0%	; --%	;466	;Disminuir por41.5%	; --%	;75	;Disminuir por64.8%	; --%	;56	;Disminuir por60.6%	; --%	;
42	;(Domingo)2026/01/11	;627	;Disminuir por73.5%	; --%	;568	;Disminuir por76.8%	; --%	;280	;Disminuir por55.9%	; --%	;317	;Disminuir por69.4%	; --%	;109	;Disminuir por48.8%	; --%	;38	;Disminuir por82.0%	; --%	;
43	;(Lunes)2026/01/12	;574	;Disminuir por85.0%	; --%	;491	;Disminuir por86.5%	; --%	;284	;Disminuir por60.4%	; --%	;611	;Disminuir por47.7%	; --%	;177	;Disminuir por22.4%	; --%	;76	;Disminuir por62.0%	; --%	;
44	;(Martes)2026/01/13	;532	;Disminuir por81.4%	; --%	;510	;Disminuir por82.2%	; --%	;255	;Disminuir por70.8%	; --%	;589	;Disminuir por22.4%	; --%	;79	;Disminuir por67.9%	; --%	;64	;Disminuir por52.9%	; --%	;
45	;(Miércoles)2026/01/14	;575	;Disminuir por76.6%	; --%	;481	;Disminuir por81.0%	; --%	;287	;Disminuir por53.9%	; --%	;581	;Disminuir por36.3%	; --%	;67	;Disminuir por71.2%	; --%	;76	;Disminuir por61.6%	; --%	;
46	;(Jueves)2026/01/15	;564	;Disminuir por72.7%	; --%	;429	;Disminuir por79.6%	; --%	;272	;Disminuir por55.5%	; --%	;560	;Disminuir por29.8%	; --%	;96	;Disminuir por47.8%	; --%	;56	;Disminuir por64.1%	; --%	;
47	;(Viernes)2026/01/16	;620	;Disminuir por71.6%	; --%	;509	;Disminuir por76.2%	; --%	;236	;Disminuir por60.5%	; --%	;583	;Disminuir por23.6%	; --%	;90	;Disminuir por57.7%	; --%	;54	;Disminuir por70.5%	; --%	;
48	;(Sábado)2026/01/17	;483	;Disminuir por75.9%	; --%	;454	;Disminuir por77.0%	; --%	;339	;Disminuir por48.2%	; --%	;387	;Disminuir por54.1%	; --%	;15	;Disminuir por93.2%	; --%	;16	;Disminuir por90.2%	; --%	;
49	;(Domingo)2026/01/18	;544	;Disminuir por80.4%	; --%	;526	;Disminuir por80.5%	; --%	;308	;Disminuir por52.5%	; --%	;294	;Disminuir por72.9%	; --%	;86	;Disminuir por65.9%	; --%	;50	;Disminuir por74.2%	; --%	;
50	;(Lunes)2026/01/19	;410	;Disminuir por90.4%	; --%	;418	;Disminuir por90.0%	; --%	;252	;Disminuir por62.2%	; --%	;583	;Disminuir por62.3%	; --%	;72	;Disminuir por66.5%	; --%	;53	;Disminuir por74.6%	; --%	;
51	;(Martes)2026/01/20	;306	;Disminuir por92.1%	; --%	;319	;Disminuir por92.2%	; --%	;255	;Disminuir por68.3%	; --%	;536	;Disminuir por44.3%	; --%	;15	;Disminuir por94.4%	; --%	;16	;Disminuir por90.3%	; --%	;
52	;(Miércoles)2026/01/21	;414	;Disminuir por88.3%	; --%	;385	;Disminuir por89.4%	; --%	;212	;Disminuir por74.2%	; --%	;578	;Disminuir por42.3%	; --%	;49	;Disminuir por80.9%	; --%	;53	;Disminuir por72.8%	; --%	;
53	;(Jueves)2026/01/22	;566	;Disminuir por79.3%	; --%	;521	;Disminuir por80.4%	; --%	;231	;Disminuir por64.4%	; --%	;609	;Disminuir por26.3%	; --%	;72	;Disminuir por64.5%	; --%	;70	;Disminuir por59.8%	; --%	;
54	;(Viernes)2026/01/23	;638	;Disminuir por75.3%	; --%	;543	;Disminuir por78.3%	; --%	;285	;Disminuir por59.9%	; --%	;580	;Disminuir por31.6%	; --%	;110	;Disminuir por54.0%	; --%	;58	;Disminuir por62.3%	; --%	;
55	;(Sábado)2026/01/24	;798	;Disminuir por71.4%	; --%	;784	;Disminuir por68.3%	; --%	;312	;Disminuir por57.0%	; --%	;495	;Disminuir por40.7%	; --%	;63	;Disminuir por68.7%	; --%	;31	;Disminuir por82.6%	; --%	;
56	;(Domingo)2026/01/25	;844	;Disminuir por73.9%	; --%	;759	;Disminuir por74.4%	; --%	;289	;Disminuir por62.1%	; --%	;390	;Disminuir por60.8%	; --%	;84	;Disminuir por60.9%	; --%	;45	;Disminuir por77.3%	; --%	;
57	;(Lunes)2026/01/26	;612	;Disminuir por85.3%	; --%	;611	;Disminuir por83.6%	; --%	;275	;Disminuir por64.0%	; --%	;593	;Disminuir por43.0%	; --%	;169	;Disminuir por18.8%	; --%	;60	;Disminuir por67.0%	; --%	;
58	;(Martes)2026/01/27	;564	;Disminuir por82.5%	; --%	;535	;Disminuir por84.8%	; --%	;270	;Disminuir por65.1%	; --%	;592	;Disminuir por30.4%	; --%	;43	;Disminuir por79.0%	; --%	;55	;Disminuir por65.8%	; --%	;
59	;(Miércoles)2026/01/28	;437	;Disminuir por87.5%	; --%	;415	;Disminuir por88.2%	; --%	;275	;Disminuir por63.5%	; --%	;588	;Disminuir por41.7%	; --%	;23	;Disminuir por90.9%	; --%	;32	;Disminuir por83.6%	; --%	;
60	;(Jueves)2026/01/29	;502	;Disminuir por81.6%	; --%	;531	;Disminuir por80.3%	; --%	;293	;Disminuir por58.0%	; --%	;629	;Disminuir por25.0%	; --%	;63	;Disminuir por69.9%	; --%	;55	;Disminuir por66.9%	; --%	;
61	;(Viernes)2026/01/30	;762	;Disminuir por73.1%	; --%	;691	;Disminuir por73.4%	; --%	;321	;Disminuir por53.0%	; --%	;599	;Disminuir por28.0%	; --%	;91	;Disminuir por52.1%	; --%	;68	;Disminuir por61.8%	; --%	;
62	;(Sábado)2026/01/31	;840	;Disminuir por71.5%	; --%	;889	;Disminuir por67.1%	; --%	;372	;Disminuir por44.4%	; --%	;463	;Disminuir por48.8%	; --%	;24	;Disminuir por84.8%	; --%	;21	;Disminuir por89.9%	; --%	;
63	;(Domingo)2026/02/01	;680	;Disminuir por79.8%	; --%	;625	;Disminuir por80.3%	; --%	;384	;Disminuir por39.6%	; --%	;354	;Disminuir por65.7%	; --%	;88	;Disminuir por50.8%	; --%	;23	;Disminuir por89.7%	; --%	;
64	;(Lunes)2026/02/02	;635	;Disminuir por85.0%	; --%	;570	;Disminuir por86.6%	; --%	;315	;Disminuir por61.9%	; --%	;610	;Disminuir por52.5%	; --%	;158	;Disminuir por29.8%	; --%	;78	;Disminuir por68.5%	; --%	;
65	;(Martes)2026/02/03	;553	;Disminuir por86.6%	; --%	;485	;Disminuir por88.7%	; --%	;258	;Disminuir por68.0%	; --%	;689	;Disminuir por28.5%	; --%	;74	;Disminuir por64.8%	; --%	;61	;Disminuir por72.1%	; --%	;
66	;(Miércoles)2026/02/04	;531	;Disminuir por88.7%	; --%	;472	;Disminuir por88.8%	; --%	;277	;Disminuir por62.3%	; --%	;564	;Disminuir por59.3%	; --%	;86	;Disminuir por65.9%	; --%	;61	;Disminuir por74.7%	; --%	;
67	;(Jueves)2026/02/05	;367	;Disminuir por90.5%	; --%	;332	;Disminuir por92.5%	; --%	;174	;Disminuir por77.2%	; --%	;312	;Disminuir por69.3%	; --%	;15	;Disminuir por93.3%	; --%	;29	;Disminuir por89.4%	; --%	;
68	;(Viernes)2026/02/06	;741	;Disminuir por79.7%	; --%	;662	;Disminuir por81.4%	; --%	;356	;Disminuir por38.6%	; --%	;600	;Disminuir por39.6%	; --%	;118	;Disminuir por18.6%	; --%	;83	;Disminuir por56.3%	; --%	;
69	;(Sábado)2026/02/07	;1259	;Disminuir por65.4%	; --%	;1290	;Disminuir por62.0%	; --%	;343	;Disminuir por42.2%	; --%	;620	;Disminuir por39.9%	; --%	;137	;Disminuir por25.1%	; --%	;56	;Disminuir por73.8%	; --%	;
70	;(Domingo)2026/02/08	;885	;Disminuir por77.4%	; --%	;866	;Disminuir por75.7%	; --%	;360	;Disminuir por40.0%	; --%	;458	;Disminuir por61.4%	; --%	;117	;Disminuir por29.1%	; --%	;47	;Disminuir por79.9%	; --%	;
71	;(Lunes)2026/02/09	;677	;Disminuir por84.8%	; --%	;622	;Disminuir por85.0%	; --%	;305	;Disminuir por59.9%	; --%	;697	;Disminuir por39.3%	; --%	;201	;Aumentar por22.6%	; --%	;90	;Disminuir por60.4%	; --%	;
72	;(Martes)2026/02/10	;710	;Disminuir por80.9%	; --%	;551	;Disminuir por85.0%	; --%	;293	;Disminuir por54.5%	; --%	;620	;Disminuir por31.0%	; --%	;122	;Disminuir por24.2%	; --%	;75	;Disminuir por63.9%	; --%	;
73	;(Miércoles)2026/02/11	;748	;Disminuir por77.0%	; --%	;638	;Disminuir por79.7%	; --%	;331	;Disminuir por47.0%	; --%	;552	;Disminuir por46.4%	; --%	;116	;Disminuir por38.0%	; --%	;86	;Disminuir por64.6%	; --%	;
74	;(Jueves)2026/02/12	;651	;Disminuir por78.2%	; --%	;615	;Disminuir por78.7%	; --%	;369	;Disminuir por25.9%	; --%	;686	;Disminuir por31.7%	; --%	;81	;Disminuir por39.6%	; --%	;68	;Disminuir por70.7%	; --%	;
75	;(Viernes)2026/02/13	;890	;Disminuir por72.7%	; --%	;771	;Disminuir por75.7%	; --%	;389	;Disminuir por25.8%	; --%	;599	;Disminuir por38.1%	; --%	;36	;Disminuir por76.9%	; --%	;52	;Disminuir por79.5%	; --%	;
76	;(Sábado)2026/02/14	;682	;Disminuir por79.3%	; --%	;789	;Disminuir por75.4%	; --%	;383	;Disminuir por30.2%	; --%	;463	;Disminuir por54.6%	; --%	;2	;Disminuir por98.9%	; --%	;20	;Disminuir por91.8%	; --%	;
77	;(Domingo)2026/02/15	;1080	;Disminuir por72.3%	; --%	;1077	;Disminuir por70.2%	; --%	;525	;Disminuir por13.4%	; --%	;425	;Disminuir por62.2%	; --%	;94	;Disminuir por47.5%	; --%	;40	;Disminuir por85.1%	; --%	;
78	;(Lunes)2026/02/16	;948	;Disminuir por81.4%	; --%	;895	;Disminuir por80.9%	; --%	;406	;Disminuir por45.4%	; --%	;645	;Disminuir por51.3%	; --%	;229	;Aumentar por38.8%	; --%	;103	;Disminuir por58.6%	; --%	;
79	;(Martes)2026/02/17	;923	;Disminuir por78.2%	; --%	;886	;Disminuir por79.4%	; --%	;385	;Disminuir por44.8%	; --%	;819	;Disminuir por15.2%	; --%	;121	;Disminuir por37.3%	; --%	;134	;Disminuir por47.5%	; --%	;
80	;(Miércoles)2026/02/18	;863	;Disminuir por80.5%	; --%	;773	;Disminuir por82.1%	; --%	;357	;Disminuir por47.0%	; --%	;1052	;Disminuir por17.9%	; --%	;97	;Disminuir por56.7%	; --%	;137	;Disminuir por54.9%	; --%	;
81	;(Jueves)2026/02/19	;796	;Disminuir por81.1%	; --%	;784	;Disminuir por80.9%	; --%	;341	;Disminuir por49.5%	; --%	;1077	;Disminuir por6.6%	; --%	;74	;Disminuir por61.5%	; --%	;144	;Disminuir por44.8%	; --%	;
82	;(Viernes)2026/02/20	;1071	;Disminuir por72.6%	; --%	;1108	;Disminuir por70.3%	; --%	;423	;Disminuir por44.3%	; --%	;1184	;Aumentar por2.8%	; --%	;115	;Aumentar por19.8%	; --%	;156	;Aumentar por35.7%	; --%	;
83	;(Sábado)2026/02/21	;1470	;Disminuir por60.6%	; --%	;1487	;Disminuir por56.7%	; --%	;477	;Disminuir por22.1%	; --%	;1049	;Disminuir por2.4%	; --%	;118	;Disminuir por33.0%	; --%	;161	;Disminuir por34.3%	; --%	;
84	;(Domingo)2026/02/22	;1228	;Disminuir por73.0%	; --%	;1072	;Disminuir por75.0%	; --%	;443	;Disminuir por33.0%	; --%	;833	;Disminuir por34.8%	; --%	;123	;Disminuir por23.1%	; --%	;118	;Disminuir por44.1%	; --%	;
85	;(Lunes)2026/02/23	;1004	;Disminuir por78.6%	; --%	;926	;Disminuir por77.9%	; --%	;345	;Disminuir por56.5%	; --%	;1072	;Disminuir por10.7%	; --%	;217	;Aumentar por161.4%	; --%	;211	;Aumentar por43.5%	; --%	;
86	;(Martes)2026/02/24	;788	;Disminuir por83.8%	; --%	;727	;Disminuir por84.5%	; --%	;345	;Disminuir por51.1%	; --%	;1106	;Aumentar por4.8%	; --%	;98	;Disminuir por49.5%	; --%	;143	;Disminuir por31.6%	; --%	;
87	;(Miércoles)2026/02/25	;751	;Disminuir por85.0%	; --%	;785	;Disminuir por83.7%	; --%	;360	;Disminuir por47.5%	; --%	;1041	;Disminuir por13.8%	; --%	;59	;Disminuir por72.0%	; --%	;101	;Disminuir por62.0%	; --%	;
88	;(Jueves)2026/02/26	;859	;Disminuir por80.5%	; --%	;782	;Disminuir por81.0%	; --%	;333	;Disminuir por46.7%	; --%	;1148	;Aumentar por2.0%	; --%	;122	;Disminuir por37.1%	; --%	;189	;Disminuir por27.3%	; --%	;
89	;(Viernes)2026/02/27	;1113	;Disminuir por76.8%	; --%	;1041	;Disminuir por76.0%	; --%	;440	;Disminuir por22.7%	; --%	;1268	;Aumentar por17.8%	; --%	;91	;Disminuir por50.5%	; --%	;155	;Disminuir por41.5%	; --%	;
90	;(Sábado)2026/02/28	;1514	;Disminuir por68.3%	; --%	;1653	;Disminuir por61.9%	; --%	;545	;Disminuir por15.5%	; --%	;1048	;Disminuir por17.5%	; --%	;114	;Disminuir por41.2%	; --%	;154	;Disminuir por40.1%	; --%	;
91	;(Domingo)2026/03/01	;1221	;Disminuir por75.7%	; --%	;1135	;Disminuir por74.3%	; --%	;495	;Disminuir por23.4%	; --%	;902	;Disminuir por29.0%	; --%	;123	;Disminuir por37.2%	; --%	;140	;Disminuir por46.2%	; --%	;
92	;(Lunes)2026/03/02	;879	;Disminuir por85.5%	; --%	;858	;Disminuir por84.5%	; --%	;373	;Disminuir por49.2%	; --%	;1136	;Disminuir por17.3%	; --%	;128	;Disminuir por32.3%	; --%	;149	;Disminuir por47.7%	; --%	;
93	;(Martes)2026/03/03	;422	;Disminuir por92.6%	; --%	;337	;Disminuir por93.6%	; --%	;152	;Disminuir por78.6%	; --%	;563	;Disminuir por47.9%	; --%	;16	;Disminuir por92.8%	; --%	;34	;Disminuir por84.0%	; --%	;
94	;(Miércoles)2026/03/04	;619	;Disminuir por88.9%	; --%	;577	;Disminuir por89.5%	; --%	;363	;Disminuir por50.5%	; --%	;893	;Disminuir por38.8%	; --%	;17	;Disminuir por94.0%	; --%	;81	;Disminuir por68.8%	; --%	;
95	;(Jueves)2026/03/05	;478	;Disminuir por90.4%	; --%	;469	;Disminuir por89.5%	; --%	;414	;Disminuir por34.4%	; --%	;921	;Disminuir por21.8%	; --%	;10	;Disminuir por95.8%	; --%	;50	;Disminuir por81.3%	; --%	;
96	;(Viernes)2026/03/06	;760	;Disminuir por84.0%	; --%	;732	;Disminuir por84.4%	; --%	;442	;Disminuir por31.9%	; --%	;1152	;Disminuir por5.0%	; --%	;17	;Disminuir por90.7%	; --%	;50	;Disminuir por74.5%	; --%	;
97	;(Sábado)2026/03/07	;648	;Disminuir por89.1%	; --%	;725	;Disminuir por87.9%	; --%	;471	;Disminuir por39.6%	; --%	;813	;Disminuir por42.3%	; --%	;16	;Disminuir por91.4%	; --%	;49	;Disminuir por78.3%	; --%	;
98	;(Domingo)2026/03/08	;1004	;Disminuir por82.7%	; --%	;1011	;Disminuir por80.0%	; --%	;397	;Disminuir por45.5%	; --%	;798	;Disminuir por46.5%	; --%	;86	;Disminuir por60.2%	; --%	;91	;Disminuir por66.2%	; --%	;
99	;(Lunes)2026/03/09	;1116	;Disminuir por83.0%	; --%	;933	;Disminuir por85.6%	; --%	;359	;Disminuir por52.5%	; --%	;1081	;Disminuir por26.9%	; --%	;170	;Disminuir por23.4%	; --%	;203	;Disminuir por31.2%	; --%	;
100	;(Martes)2026/03/10	;769	;Disminuir por85.9%	; --%	;700	;Disminuir por87.2%	; --%	;338	;Disminuir por51.0%	; --%	;1013	;Disminuir por5.7%	; --%	;46	;Disminuir por76.4%	; --%	;95	;Disminuir por63.0%	; --%	;
101	;(Miércoles)2026/03/11	;952	;Disminuir por83.8%	; --%	;880	;Disminuir por84.3%	; --%	;328	;Disminuir por51.6%	; --%	;998	;Disminuir por28.6%	; --%	;114	;Disminuir por52.9%	; --%	;170	;Disminuir por39.3%	; --%	;
102	;(Jueves)2026/03/12	;891	;Disminuir por83.1%	; --%	;792	;Disminuir por84.0%	; --%	;347	;Disminuir por43.9%	; --%	;1080	;Disminuir por12.2%	; --%	;85	;Disminuir por58.1%	; --%	;152	;Disminuir por45.9%	; --%	;
103	;(Viernes)2026/03/13	;1183	;Disminuir por77.0%	; --%	;1084	;Disminuir por78.1%	; --%	;398	;Disminuir por32.9%	; --%	;1152	;Disminuir por3.6%	; --%	;112	;Disminuir por47.7%	; --%	;153	;Disminuir por43.1%	; --%	;
104	;(Sábado)2026/03/14	;1414	;Disminuir por71.2%	; --%	;1476	;Disminuir por67.9%	; --%	;481	;Disminuir por18.3%	; --%	;934	;Disminuir por25.9%	; --%	;87	;Disminuir por59.7%	; --%	;136	;Disminuir por49.8%	; --%	;
105	;(Domingo)2026/03/15	;1121	;Disminuir por79.4%	; --%	;1159	;Disminuir por77.1%	; --%	;436	;Disminuir por28.4%	; --%	;808	;Disminuir por40.5%	; --%	;60	;Disminuir por69.8%	; --%	;105	;Disminuir por63.7%	; --%	;
106	;(Lunes)2026/03/16	;1259	;Disminuir por80.3%	; --%	;1206	;Disminuir por79.3%	; --%	;389	;Disminuir por42.5%	; --%	;1141	;Disminuir por16.3%	; --%	;212	;Disminuir por11.7%	; --%	;210	;Disminuir por27.3%	; --%	;
107	;(Martes)2026/03/17	;1155	;Disminuir por85.2%	; --%	;1159	;Disminuir por86.5%	; --%	;354	;Disminuir por46.8%	; --%	;1095	;Disminuir por18.5%	; --%	;118	;Disminuir por58.9%	; --%	;171	;Disminuir por50.3%	; --%	;
108	;(Miércoles)2026/03/18	;1267	;Disminuir por85.1%	; --%	;1220	;Disminuir por84.1%	; --%	;396	;Disminuir por43.1%	; --%	;1054	;Disminuir por31.8%	; --%	;119	;Disminuir por59.5%	; --%	;189	;Disminuir por54.5%	; --%	;
109	;(Jueves)2026/03/19	;1351	;Disminuir por77.0%	; --%	;1338	;Disminuir por76.3%	; --%	;469	;Disminuir por26.7%	; --%	;887	;Disminuir por34.2%	; --%	;138	;Disminuir por47.1%	; --%	;147	;Disminuir por55.5%	; --%	;
110	;(Viernes)2026/03/20	;1797	;Disminuir por71.0%	; --%	;1726	;Disminuir por70.6%	; --%	;483	;Disminuir por28.1%	; --%	;1295	;Disminuir por6.4%	; --%	;128	;Disminuir por44.8%	; --%	;221	;Disminuir por28.7%	; --%	;
111	;(Sábado)2026/03/21	;1759	;Disminuir por72.4%	; --%	;1848	;Disminuir por69.8%	; --%	;604	;Aumentar por7.9%	; --%	;1291	;Disminuir por27.1%	; --%	;109	;Disminuir por55.1%	; --%	;172	;Disminuir por54.6%	; --%	;
112	;(Domingo)2026/03/22	;1319	;Disminuir por78.7%	; --%	;1222	;Disminuir por79.4%	; --%	;502	;Disminuir por10.5%	; --%	;967	;Disminuir por40.8%	; --%	;114	;Disminuir por59.6%	; --%	;181	;Disminuir por50.0%	; --%	;
113	;(Lunes)2026/03/23	;1077	;Disminuir por84.1%	; --%	;997	;Disminuir por84.5%	; --%	;425	;Disminuir por44.2%	; --%	;1211	;Disminuir por23.3%	; --%	;70	;Disminuir por75.2%	; --%	;113	;Disminuir por64.8%	; --%	;
114	;(Martes)2026/03/24	;1010	;Disminuir por83.4%	; --%	;920	;Disminuir por84.5%	; --%	;378	;Disminuir por48.2%	; --%	;1148	;Disminuir por13.7%	; --%	;136	;Disminuir por50.0%	; --%	;193	;Disminuir por27.7%	; --%	;
115	;(Miércoles)2026/03/25	;629	;Disminuir por90.7%	; --%	;598	;Disminuir por91.0%	; --%	;176	;Disminuir por74.7%	; --%	;588	;Disminuir por63.6%	; --%	;40	;Disminuir por84.2%	; --%	;96	;Disminuir por72.4%	; --%	;
116	;(Jueves)2026/03/26	;1099	;Disminuir por82.3%	; --%	;1009	;Disminuir por82.0%	; --%	;374	;Disminuir por44.7%	; --%	;1216	;Disminuir por15.7%	; --%	;88	;Disminuir por63.5%	; --%	;164	;Disminuir por46.4%	; --%	;
117	;(Viernes)2026/03/27	;1591	;Disminuir por74.2%	; --%	;1415	;Disminuir por75.3%	; --%	;479	;Disminuir por24.9%	; --%	;1157	;Disminuir por25.0%	; --%	;105	;Disminuir por56.6%	; --%	;142	;Disminuir por58.4%	; --%	;
118	;(Sábado)2026/03/28	;2483	;Disminuir por59.3%	; --%	;2697	;Disminuir por51.5%	; --%	;609	;Disminuir por15.5%	; --%	;800	;Disminuir por48.6%	; --%	;129	;Disminuir por39.2%	; --%	;118	;Disminuir por65.6%	; --%	;
119	;(Domingo)2026/03/29	;1865	;Disminuir por74.1%	; --%	;2674	;Disminuir por60.5%	; --%	;618	;Disminuir por30.0%	; --%	;615	;Disminuir por62.1%	; --%	;36	;Disminuir por88.2%	; --%	;50	;Disminuir por86.3%	; --%	;
120	;(Lunes)2026/03/30	;2428	;Disminuir por65.3%	; --%	;2648	;Disminuir por60.1%	; --%	;551	;Disminuir por26.0%	; --%	;904	;Disminuir por42.2%	; --%	;149	;Disminuir por31.0%	; --%	;140	;Disminuir por58.3%	; --%	;
121	;(Martes)2026/03/31	;2117	;Disminuir por63.4%	; --%	;2552	;Disminuir por52.0%	; --%	;514	;Disminuir por32.4%	; --%	;884	;Disminuir por20.0%	; --%	;84	;Disminuir por64.9%	; --%	;129	;Disminuir por51.3%	; --%	;
122	;(Miércoles)2026/04/01	;2590	;Disminuir por58.5%	; --%	;3229	;Disminuir por46.8%	; --%	;529	;Disminuir por25.4%	; --%	;944	;Disminuir por43.0%	; --%	;122	;Disminuir por40.5%	; --%	;121	;Disminuir por59.5%	; --%	;
123	;(Jueves)2026/04/02	;4720	;Disminuir por19.7%	; --%	;6208	;Aumentar por0.3%	; --%	;628	;Disminuir por15.4%	; --%	;1308	;Disminuir por15.6%	; --%	;110	;Disminuir por52.2%	; --%	;186	;Disminuir por27.1%	; --%	;
124	;(Viernes)2026/04/03	;6016	;Aumentar por2.5%	; --%	;6402	;Aumentar por14.3%	; --%	;737	;Disminuir por1.2%	; --%	;1418	;Disminuir por5.9%	; --%	;184	;Disminuir por26.4%	; --%	;215	;Disminuir por27.6%	; --%	;
125	;(Sábado)2026/04/04	;5964	;Disminuir por3.3%	; --%	;6284	;Aumentar por7.6%	; --%	;694	;Aumentar por0.1%	; --%	;1319	;Disminuir por12.8%	; --%	;193	;Disminuir por11.1%	; --%	;227	;Disminuir por27.9%	; --%	;
126	;(Domingo)2026/04/05	;4866	;Disminuir por18.6%	; --%	;5007	;Disminuir por8.9%	; --%	;747	;Aumentar por9.9%	; --%	;1117	;Disminuir por19.5%	; --%	;180	;Disminuir por28.3%	; --%	;201	;Disminuir por39.3%	; --%	;
127	;(Lunes)2026/04/06	;2932	;Disminuir por54.4%	; --%	;2974	;Disminuir por53.5%	; --%	;623	;Disminuir por15.7%	; --%	;884	;Disminuir por38.8%	; --%	;186	;Disminuir por18.4%	; --%	;181	;Disminuir por38.2%	; --%	;
128	;(Martes)2026/04/07	;1777	;Disminuir por63.6%	; --%	;1907	;Disminuir por60.9%	; --%	;438	;Disminuir por35.5%	; --%	;793	;Disminuir por24.8%	; --%	;155	;Disminuir por25.5%	; --%	;160	;Disminuir por35.5%	; --%	;
129	;(Miércoles)2026/04/08	;1729	;Disminuir por70.6%	; --%	;1813	;Disminuir por67.3%	; --%	;439	;Disminuir por36.2%	; --%	;759	;Disminuir por54.1%	; --%	;148	;Disminuir por38.1%	; --%	;148	;Disminuir por54.7%	; --%	;
130	;(Jueves)2026/04/09	;1823	;Disminuir por62.3%	; --%	;1883	;Disminuir por61.2%	; --%	;442	;Disminuir por30.2%	; --%	;779	;Disminuir por40.5%	; --%	;145	;Disminuir por30.3%	; --%	;128	;Disminuir por53.1%	; --%	;
131	;(Viernes)2026/04/10	;1891	;Disminuir por63.8%	; --%	;2008	;Disminuir por60.5%	; --%	;535	;Disminuir por22.4%	; --%	;898	;Disminuir por31.6%	; --%	;151	;Disminuir por34.9%	; --%	;146	;Disminuir por49.3%	; --%	;
132	;(Sábado)2026/04/11	;2120	;Disminuir por56.1%	; --%	;2579	;Disminuir por43.9%	; --%	;658	;Aumentar por7.9%	; --%	;764	;Disminuir por40.6%	; --%	;157	;Disminuir por16.0%	; --%	;157	;Disminuir por41.6%	; --%	;
133	;(Domingo)2026/04/12	;1277	;Disminuir por74.2%	; --%	;1759	;Disminuir por63.0%	; --%	;613	;Aumentar por1.7%	; --%	;540	;Disminuir por58.5%	; --%	;22	;Disminuir por89.8%	; --%	;51	;Disminuir por83.1%	; --%	;
134	;(Lunes)2026/04/13	;1489	;Disminuir por71.4%	; --%	;1629	;Disminuir por65.9%	; --%	;405	;Disminuir por36.0%	; --%	;1277	;Aumentar por9.1%	; --%	;83	;Disminuir por59.7%	; --%	;162	;Disminuir por44.5%	; --%	;
135	;(Martes)2026/04/14	;1248	;Disminuir por69.0%	; --%	;1215	;Disminuir por70.6%	; --%	;386	;Disminuir por43.6%	; --%	;1295	;Aumentar por42.9%	; --%	;89	;Disminuir por43.3%	; --%	;212	;Disminuir por14.2%	; --%	;
136	;(Miércoles)2026/04/15	;1088	;Disminuir por76.2%	; --%	;1030	;Disminuir por75.2%	; --%	;342	;Disminuir por46.7%	; --%	;632	;Disminuir por50.7%	; --%	;89	;Disminuir por55.3%	; --%	;96	;Disminuir por60.0%	; --%	;
137	;(Jueves)2026/04/16	;1198	;Disminuir por71.2%	; --%	;1127	;Disminuir por73.1%	; --%	;320	;Disminuir por48.8%	; --%	;678	;Disminuir por34.8%	; --%	;92	;Disminuir por48.0%	; --%	;115	;Disminuir por50.4%	; --%	;
138	;(Viernes)2026/04/17	;1507	;Disminuir por64.5%	; --%	;1359	;Disminuir por64.8%	; --%	;416	;Disminuir por25.8%	; --%	;738	;Disminuir por30.0%	; --%	;108	;Disminuir por44.9%	; --%	;186	;Disminuir por27.3%	; --%	;
139	;(Sábado)2026/04/18	;1995	;Disminuir por49.5%	;Disminuir por65.9%	;2025	;Disminuir por45.2%	;Disminuir por66.3%	;579	;Disminuir por4.0%	;Disminuir por17.6%	;667	;Disminuir por41.8%	;Disminuir por54.6%	;99	;Disminuir por28.8%	;Disminuir por66.4%	;190	;Disminuir por7.8%	;Disminuir por4.5%	;
140	;(Domingo)2026/04/19	;1738	;Disminuir por57.0%	;Disminuir por74.7%	;1645	;Disminuir por58.4%	;Disminuir por76.5%	;595	;Disminuir por13.9%	;Disminuir por29.1%	;594	;Disminuir por53.9%	;Disminuir por58.7%	;114	;Aumentar por21.3%	;Disminuir por64.5%	;112	;Disminuir por29.6%	;Disminuir por44.3%	;
141	;(Lunes)2026/04/20	;1472	;Disminuir por68.8%	;Disminuir por72.8%	;1428	;Disminuir por67.6%	;Disminuir por73.5%	;392	;Disminuir por41.8%	;Disminuir por49.2%	;687	;Disminuir por43.5%	;Disminuir por48.6%	;122	;Disminuir por45.3%	;Disminuir por57.5%	;136	;Disminuir por43.3%	;Disminuir por38.7%	;
142	;(Martes)2026/04/21	;1176	;Disminuir por72.1%	;Disminuir por69.5%	;1128	;Disminuir por75.0%	;Disminuir por71.6%	;384	;Aumentar por33.8%	;Disminuir por54.9%	;608	;Disminuir por48.0%	;Disminuir por39.6%	;97	;Disminuir por48.9%	;Disminuir por67.1%	;127	;Disminuir por54.2%	;Disminuir por23.5%	;
143	;(Miércoles)2026/04/22	;1404	;Disminuir por63.2%	;Disminuir por33.5%	;1348	;Disminuir por66.1%	;Disminuir por42.5%	;423	;Disminuir por31.1%	;Disminuir por30.4%	;653	;Disminuir por35.2%	;Disminuir por20.6%	;86	;Disminuir por59.2%	;Disminuir por21.8%	;110	;Disminuir por48.1%	;Aumentar por1.9%	;
144	;(Jueves)2026/04/23	;2122	;Disminuir por47.8%	;Aumentar por4.2%	;2179	;Disminuir por49.1%	;Aumentar por0.4%	;468	;Disminuir por15.4%	;Disminuir por22.4%	;811	;Disminuir por16.4%	;Disminuir por0.2%	;94	;Disminuir por60.0%	;Disminuir por60.0%	;120	;Disminuir por48.7%	;Disminuir por16.7%	;
145	;(Viernes)2026/04/24	;2311	;Disminuir por43.9%	;Aumentar por11.2%	;2432	;Disminuir por36.4%	;Aumentar por11.0%	;533	;Aumentar por12.0%	;Disminuir por5.7%	;1013	;Aumentar por0.7%	;Aumentar por19.0%	;142	;Disminuir por28.6%	;Disminuir por33.3%	;132	;Disminuir por45.7%	;Disminuir por15.4%	;
146	;(Sábado)2026/04/25	;3169	;Disminuir por31.6%	;Aumentar por49.8%	;3238	;Disminuir por30.2%	;Aumentar por50.6%	;558	;Aumentar por5.7%	;Disminuir por4.5%	;800	;Disminuir por27.9%	;Disminuir por18.9%	;278	;Aumentar por10.8%	;Aumentar por45.5%	;178	;Disminuir por24.9%	;Aumentar por14.1%	;
147	;(Domingo)2026/04/26	;2975	;Disminuir por36.2%	;Aumentar por3.3%	;3377	;Disminuir por26.7%	;Aumentar por14.0%	;498	;Disminuir por1.4%	;Disminuir por26.0%	;841	;Disminuir por34.3%	;Disminuir por2.3%	;151	;Disminuir por58.5%	;Disminuir por23.4%	;251	;Disminuir por28.1%	;Aumentar por68.5%	;
148	;(Lunes)2026/04/27	;1597	;Disminuir por74.0%	;Disminuir por28.9%	;1606	;Disminuir por73.3%	;Disminuir por33.9%	;450	;Disminuir por20.8%	;Disminuir por28.0%	;804	;Disminuir por43.7%	;Aumentar por17.5%	;134	;Disminuir por58.5%	;Disminuir por36.8%	;137	;Disminuir por58.1%	;Aumentar por16.1%	;
149	;(Martes)2026/04/28	;1408	;Disminuir por73.9%	;Aumentar por118.0%	;1337	;Disminuir por76.9%	;Aumentar por170.6%	;397	;Disminuir por31.0%	;Aumentar por83.8%	;634	;Disminuir por35.3%	;Aumentar por111.3%	;126	;Disminuir por55.0%	;Aumentar por29.9%	;137	;Disminuir por50.7%	;Aumentar por291.4%	;
150	;(Miércoles)2026/04/29	;1442	;Disminuir por59.4%	;Aumentar por82.1%	;1409	;Disminuir por61.4%	;Aumentar por60.1%	;401	;Disminuir por35.3%	;Aumentar por5.0%	;682	;Disminuir por28.0%	;Aumentar por63.5%	;116	;Disminuir por64.0%	;Aumentar por11.5%	;140	;Disminuir por46.2%	;Aumentar por52.2%	;
151	;(Jueves)2026/04/30	;1916	;Disminuir por41.4%	;Aumentar por26.5%	;1809	;Disminuir por42.5%	;Aumentar por11.5%	;526	;Disminuir por0.6%	;Disminuir por19.9%	;800	;Aumentar por3.8%	;Disminuir por7.4%	;143	;Disminuir por36.7%	;Disminuir por8.3%	;149	;Disminuir por29.0%	;Aumentar por30.7%	;
152	;(Viernes)2026/05/01	;4724	;Aumentar por54.5%	;Aumentar por21.5%	;4495	;Aumentar por47.8%	;Aumentar por5.7%	;749	;Aumentar por38.7%	;Disminuir por12.6%	;1049	;Aumentar por27.6%	;Disminuir por5.8%	;104	;Disminuir por48.0%	;Disminuir por55.6%	;114	;Disminuir por40.0%	;Disminuir por19.1%	;
153	;(Sábado)2026/05/02	;4423	;Aumentar por39.9%	;Aumentar por10.4%	;4195	;Aumentar por33.8%	;Disminuir por7.1%	;758	;Aumentar por33.7%	;Disminuir por12.3%	;826	;Disminuir por8.2%	;Disminuir por37.8%	;126	;Disminuir por41.1%	;Aumentar por4.1%	;121	;Disminuir por49.2%	;Disminuir por2.4%	;
154	;(Domingo)2026/05/03	;2349	;Disminuir por32.3%	;Disminuir por37.3%	;2375	;Disminuir por27.9%	;Disminuir por41.1%	;698	;Aumentar por11.0%	;Disminuir por5.4%	;550	;Disminuir por41.9%	;Disminuir por50.0%	;96	;Disminuir por63.6%	;Disminuir por64.4%	;98	;Disminuir por56.6%	;Disminuir por54.2%	;
155	;(Lunes)2026/05/04	;1832	;Disminuir por66.5%	;Disminuir por14.6%	;1873	;Disminuir por67.6%	;Disminuir por14.9%	;497	;Aumentar por14.0%	;Disminuir por38.8%	;911	;Disminuir por39.2%	;Aumentar por27.2%	;71	;Disminuir por69.4%	;Disminuir por58.2%	;101	;Disminuir por74.0%	;Disminuir por2.9%	;
156	;(Martes)2026/05/05	;1681	;Disminuir por54.3%	;Aumentar por26.3%	;1960	;Disminuir por53.5%	;Aumentar por24.1%	;378	;Disminuir por16.7%	;Disminuir por34.6%	;709	;Disminuir por31.8%	;Disminuir por9.6%	;79	;Disminuir por60.1%	;Disminuir por62.0%	;129	;Disminuir por47.3%	;Disminuir por1.5%	;
157	;(Miércoles)2026/05/06	;1956	;Disminuir por45.8%	;Aumentar por48.0%	;1853	;Disminuir por50.1%	;Aumentar por27.2%	;389	;Disminuir por43.5%	;Disminuir por30.4%	;669	;Disminuir por25.8%	;Disminuir por4.7%	;103	;Disminuir por71.0%	;Disminuir por36.0%	;155	;Disminuir por26.2%	;Aumentar por53.5%	;
158	;(Jueves)2026/05/07	;1949	;Disminuir por37.0%	;Aumentar por44.2%	;2133	;Disminuir por30.7%	;Aumentar por61.0%	;397	;Disminuir por35.1%	;Disminuir por23.8%	;805	;Aumentar por4.3%	;Aumentar por13.9%	;124	;Disminuir por38.0%	;Disminuir por3.1%	;170	;Disminuir por7.1%	;Aumentar por71.7%	;
159	;(Viernes)2026/05/08	;2230	;Disminuir por21.0%	;Aumentar por100.5%	;2424	;Disminuir por12.0%	;Aumentar por100.0%	;437	;Disminuir por18.0%	;Disminuir por17.5%	;837	;Aumentar por13.1%	;Aumentar por6.5%	;121	;Disminuir por37.0%	;Aumentar por47.6%	;168	;Disminuir por0.6%	;Aumentar por86.7%	;
160	;(Sábado)2026/05/09	;2500	;Disminuir por10.3%	;Aumentar por78.6%	;2591	;Disminuir por3.4%	;Aumentar por69.9%	;573	;Aumentar por7.1%	;Aumentar por18.9%	;720	;Disminuir por16.5%	;Disminuir por9.9%	;35	;Disminuir por85.5%	;Disminuir por70.1%	;77	;Disminuir por45.0%	;Disminuir por37.9%	;
161	;(Domingo)2026/05/10	;2442	;Disminuir por15.7%	;Aumentar por20.2%	;2701	;Disminuir por5.5%	;Aumentar por22.1%	;636	;Aumentar por8.5%	;Disminuir por12.4%	;743	;Disminuir por10.5%	;Aumentar por3.5%	;183	;Disminuir por25.6%	;Aumentar por30.7%	;148	;Disminuir por14.0%	;Aumentar por18.4%	;
162	;(Lunes)2026/05/11	;2687	;Disminuir por11.1%	;Aumentar por66.0%	;2809	;Disminuir por10.3%	;Aumentar por50.4%	;445	;Disminuir por41.6%	;Disminuir por32.8%	;876	;Aumentar por18.5%	;Aumentar por59.6%	;180	;Disminuir por36.6%	;Disminuir por16.7%	;178	;Disminuir por8.2%	;Aumentar por100.0%	;
163	;(Martes)2026/05/12	;1665	;Disminuir por26.4%	;Aumentar por11.8%	;1768	;Disminuir por28.4%	;Aumentar por8.7%	;368	;Disminuir por45.3%	;Disminuir por38.4%	;669	;Aumentar por14.6%	;Disminuir por9.5%	;100	;Disminuir por50.2%	;Disminuir por61.2%	;143	;Aumentar por47.4%	;Aumentar por4.4%	;
164	;(Miércoles)2026/05/13	;1927	;Aumentar por46.4%	;Aumentar por40.7%	;2190	;Aumentar por30.5%	;Aumentar por58.8%	;418	;Disminuir por22.6%	;Disminuir por10.9%	;722	;Aumentar por30.6%	;Aumentar por19.7%	;116	;Aumentar por673.3%	;Disminuir por42.9%	;156	;Aumentar por437.9%	;Aumentar por32.2%	;
165	;(Jueves)2026/05/14	;2214	;Aumentar por18.6%	;Aumentar por64.7%	;2223	;Aumentar por11.9%	;Aumentar por59.9%	;586	;Aumentar por20.6%	;Aumentar por13.8%	;932	;Aumentar por19.2%	;Aumentar por41.0%	;122	;Disminuir por50.8%	;Disminuir por18.1%	;142	;Disminuir por2.1%	;Aumentar por59.6%	;
166	;(Viernes)2026/05/15	;2890	;Aumentar por65.3%	;Aumentar por102.7%	;3398	;Aumentar por88.3%	;Aumentar por116.4%	;785	;Aumentar por63.2%	;Aumentar por43.0%	;1194	;Aumentar por50.6%	;Aumentar por57.1%	;118	;Disminuir por41.6%	;Disminuir por46.1%	;175	;Aumentar por8.7%	;Aumentar por63.6%	;
167	;(Sábado)2026/05/16	;3557	;Aumentar por89.6%	;Aumentar por78.0%	;3734	;Aumentar por84.2%	;Aumentar por88.3%	;746	;Aumentar por41.8%	;Aumentar por27.5%	;992	;Aumentar por33.5%	;Aumentar por10.0%	;163	;Disminuir por16.4%	;Disminuir por20.9%	;164	;Aumentar por10.1%	;Aumentar por17.1%	;
168	;(Domingo)2026/05/17	;2541	;Aumentar por5.8%	;Disminuir por6.3%	;2912	;Aumentar por22.6%	;Aumentar por2.5%	;567	;Aumentar por5.2%	;Disminuir por14.0%	;687	;Disminuir por22.4%	;Disminuir por7.2%	;166	;Disminuir por34.4%	;Disminuir por19.8%	;174	;Disminuir por14.7%	;Aumentar por16.0%	;
169	;(Lunes)2026/05/18	;2492	;Disminuir por30.3%	;Aumentar por32.5%	;2637	;Disminuir por24.0%	;Aumentar por39.2%	;451	;Disminuir por31.3%	;Disminuir por40.1%	;729	;Disminuir por9.9%	;Aumentar por32.5%	;174	;Disminuir por35.3%	;Disminuir por31.8%	;212	;Aumentar por9.8%	;Aumentar por68.3%	;
170	;(Martes)2026/05/19	;2131	;Disminuir por0.3%	;Aumentar por24.3%	;2438	;Aumentar por14.3%	;Aumentar por29.2%	;594	;Disminuir por10.3%	;Disminuir por2.5%	;917	;Aumentar por48.4%	;Aumentar por11.0%	;123	;Disminuir por36.6%	;Disminuir por60.7%	;146	;Aumentar por24.8%	;Aumentar por15.0%	;
171	;(Miércoles)2026/05/20	;2030	;Aumentar por0.2%	;Aumentar por36.0%	;2299	;Aumentar por3.1%	;Aumentar por44.9%	;349	;Disminuir por33.5%	;Disminuir por35.5%	;661	;Disminuir por18.7%	;Disminuir por6.8%	;145	;Disminuir por47.8%	;Disminuir por36.1%	;173	;Aumentar por3.6%	;Aumentar por39.5%	;
172	;(Jueves)2026/05/21	;2039	;Aumentar por21.7%	;Aumentar por34.7%	;2291	;Aumentar por37.9%	;Aumentar por50.5%	;403	;Disminuir por5.8%	;Disminuir por25.1%	;751	;Aumentar por11.8%	;Aumentar por10.3%	;123	;Disminuir por42.0%	;Disminuir por44.3%	;159	;Disminuir por4.2%	;Aumentar por35.9%	;
173	;(Viernes)2026/05/22	;2785	;Aumentar por130.0%	;Aumentar por91.3%	;2937	;Aumentar por190.8%	;Aumentar por93.9%	;626	;Aumentar por66.5%	;Aumentar por10.4%	;1062	;Aumentar por56.2%	;Aumentar por42.9%	;164	;Aumentar por27.1%	;Disminuir por15.0%	;190	;Aumentar por50.8%	;Aumentar por37.7%	;
174	;(Sábado)2026/05/23	;3479	;Aumentar por110.8%	;Aumentar por99.7%	;3581	;Aumentar por111.9%	;Aumentar por77.2%	;585	;Aumentar por12.7%	;Disminuir por11.4%	;818	;Aumentar por57.0%	;Disminuir por1.8%	;147	;Aumentar por8.9%	;Disminuir por41.4%	;168	;Aumentar por100.0%	;Disminuir por3.4%	;
175	;(Domingo)2026/05/24	;3278	;Aumentar por53.4%	;Aumentar por21.7%	;3831	;Aumentar por69.1%	;Aumentar por35.9%	;642	;Aumentar por8.4%	;Aumentar por11.5%	;755	;Disminuir por21.7%	;Disminuir por6.1%	;172	;Aumentar por36.5%	;Disminuir por23.6%	;193	;Aumentar por72.3%	;Aumentar por24.5%	;
176	;(Lunes)2026/05/25	;3193	;Aumentar por121.7%	;Aumentar por46.4%	;3582	;Aumentar por113.5%	;Aumentar por52.4%	;514	;Disminuir por24.3%	;Disminuir por27.4%	;895	;Aumentar por23.3%	;Aumentar por53.5%	;179	;Aumentar por795.0%	;Disminuir por20.4%	;201	;Aumentar por593.1%	;Aumentar por70.3%	;
177	;(Martes)2026/05/26	;2562	;Aumentar por92.8%	;Aumentar por25.0%	;2921	;Aumentar por125.4%	;Aumentar por37.5%	;489	;Disminuir por19.3%	;Disminuir por21.9%	;854	;Aumentar por53.6%	;Disminuir por1.6%	;125	;Aumentar por212.5%	;Disminuir por48.1%	;175	;Aumentar por373.0%	;Aumentar por10.8%	;
178	;(Miércoles)2026/05/27	;2768	;Aumentar por139.2%	;Aumentar por57.8%	;2928	;Aumentar por133.3%	;Aumentar por69.0%	;871	;Aumentar por92.7%	;Aumentar por59.2%	;1107	;Aumentar por29.0%	;Aumentar por47.4%	;132	;Aumentar por63.0%	;Disminuir por26.3%	;154	;Aumentar por175.0%	;Aumentar por2.0%	;
179	;(Jueves)2026/05/28	;2657	;Aumentar por127.1%	;Aumentar por49.1%	;2863	;Aumentar por123.0%	;Aumentar por53.4%	;727	;Aumentar por75.6%	;Aumentar por17.1%	;1050	;Aumentar por41.5%	;Aumentar por50.0%	;122	;Disminuir por11.6%	;Disminuir por22.3%	;176	;Aumentar por34.4%	;Aumentar por36.4%	;
180	;(Viernes)2026/05/29	;3285	;Aumentar por166.6%	;Aumentar por84.3%	;3413	;Aumentar por153.0%	;Aumentar por74.7%	;652	;Aumentar por78.1%	;Disminuir por6.6%	;1072	;Aumentar por41.6%	;Aumentar por34.7%	;140	;Aumentar por12.0%	;Disminuir por34.3%	;220	;Aumentar por83.3%	;Aumentar por54.9%	;
181	;(Sábado)2026/05/30	;4134	;Aumentar por188.3%	;Aumentar por74.7%	;4281	;Aumentar por208.0%	;Aumentar por74.8%	;792	;Aumentar por123.7%	;Aumentar por24.7%	;1004	;Aumentar por2.6%	;Disminuir por3.2%	;130	;Aumentar por12.1%	;Disminuir por39.0%	;200	;Aumentar por39.9%	;Disminuir por5.2%	;
182	;(Domingo)2026/05/31	;3393	;Aumentar por30.5%	;Disminuir por11.6%	;3806	;Aumentar por60.0%	;Aumentar por4.6%	;696	;Aumentar por111.6%	;Disminuir por2.9%	;751	;Disminuir por36.2%	;Disminuir por35.8%	;124	;Disminuir por50.6%	;Disminuir por45.6%	;190	;Disminuir por48.1%	;Disminuir por5.0%	;
183	;(Lunes)2026/06/01	;3507	;Disminuir por14.5%	;Aumentar por22.8%	;3584	;Disminuir por13.2%	;Aumentar por25.0%	;575	;Aumentar por64.3%	;Disminuir por34.2%	;1020	;Disminuir por13.0%	;Aumentar por34.4%	;123	;Disminuir por65.4%	;Disminuir por50.0%	;247	;Disminuir por66.5%	;Aumentar por81.6%	;
184	;(Martes)2026/06/02	;3035	;Aumentar por32.5%	;Aumentar por23.5%	;3174	;Aumentar por19.5%	;Aumentar por25.7%	;606	;Aumentar por41.6%	;Disminuir por2.6%	;927	;Disminuir por8.7%	;Aumentar por1.6%	;137	;Disminuir por46.9%	;Disminuir por41.2%	;225	;Disminuir por33.0%	;Aumentar por13.6%	;
185	;(Miércoles)2026/06/03	;3238	;Aumentar por113.2%	;Aumentar por56.7%	;3341	;Aumentar por98.3%	;Aumentar por59.1%	;659	;Aumentar por37.9%	;Aumentar por7.9%	;939	;Aumentar por15.8%	;Aumentar por17.7%	;113	;Disminuir por42.9%	;Disminuir por38.6%	;196	;Aumentar por31.5%	;Aumentar por25.6%	;
186	;(Jueves)2026/06/04	;3115	;Aumentar por136.3%	;Aumentar por42.6%	;3397	;Aumentar por148.5%	;Aumentar por58.7%	;446	;Aumentar por3.7%	;Disminuir por25.4%	;832	;Aumentar por7.6%	;Aumentar por9.0%	;118	;Disminuir por28.9%	;Disminuir por44.6%	;230	;Aumentar por53.3%	;Aumentar por25.7%	;
187	;(Viernes)2026/06/05	;3485	;Aumentar por197.4%	;Aumentar por74.1%	;3611	;Aumentar por177.3%	;Aumentar por83.2%	;633	;Aumentar por35.8%	;Disminuir por3.4%	;1050	;Aumentar por32.1%	;Aumentar por24.6%	;84	;Disminuir por53.6%	;Disminuir por62.2%	;117	;Disminuir por7.9%	;Disminuir por28.7%	;
188	;(Sábado)2026/06/06	;4390	;Aumentar por235.9%	;Aumentar por58.0%	;4445	;Aumentar por228.5%	;Aumentar por64.6%	;660	;Aumentar por33.6%	;Aumentar por1.9%	;1071	;Aumentar por38.9%	;Disminuir por1.3%	;165	;Aumentar por20.4%	;Disminuir por34.5%	;222	;Aumentar por54.2%	;Aumentar por14.4%	;
189	;(Domingo)2026/06/07	;4021	;Aumentar por153.5%	;Disminuir por6.1%	;4424	;Aumentar por174.3%	;Aumentar por5.9%	;822	;Aumentar por55.1%	;Aumentar por23.2%	;1009	;Aumentar por12.6%	;Disminuir por34.7%	;140	;Disminuir por22.7%	;Disminuir por34.9%	;212	;Aumentar por54.7%	;Aumentar por1.4%	;
190	;(Lunes)2026/06/08	;4260	;Aumentar por93.3%	;Aumentar por10.6%	;4531	;Aumentar por77.3%	;Aumentar por11.0%	;515	;Disminuir por9.5%	;Disminuir por35.9%	;1010	;Aumentar por25.3%	;Aumentar por5.0%	;194	;Disminuir por8.1%	;Disminuir por27.3%	;227	;Aumentar por66.9%	;Aumentar por37.6%	;
191	;(Martes)2026/06/09	;3435	;Aumentar por104.0%	;Disminuir por2.7%	;3700	;Aumentar por111.2%	;Aumentar por1.7%	;625	;Disminuir por1.1%	;Disminuir por23.9%	;975	;Aumentar por56.3%	;Disminuir por2.7%	;121	;Aumentar por15.2%	;Disminuir por52.7%	;207	;Aumentar por256.9%	;Aumentar por6.2%	;
192	;(Miércoles)2026/06/10	;3635	;Aumentar por407.0%	;Aumentar por32.8%	;3815	;Aumentar por485.1%	;Aumentar por43.4%	;644	;Aumentar por114.7%	;Disminuir por0.6%	;1028	;Aumentar por80.4%	;Aumentar por24.5%	;104	;Disminuir por55.6%	;Disminuir por48.8%	;180	;Aumentar por122.2%	;Aumentar por3.4%	;
193	;(Jueves)2026/06/11	;3479	;Aumentar por38555.6%	;Aumentar por34.8%	;3724	; --%	;Aumentar por49.1%	;619	; --%	;Disminuir por12.9%	;1099	; --%	;Aumentar por29.6%	;144	; --%	;Disminuir por39.7%	;230	; --%	;Aumentar por49.4%	;
194	;(Viernes)2026/06/12	;3999	;Aumentar por412.0%	;Aumentar por43.4%	;3899	;Aumentar por366.9%	;Aumentar por57.7%	;644	;Aumentar por79.4%	;Disminuir por11.2%	;1089	;Aumentar por68.1%	;Aumentar por30.4%	;161	;Aumentar por10.3%	;Disminuir por19.9%	;242	;Aumentar por195.1%	;Aumentar por36.0%	;
195	;(Sábado)2026/06/13	;5388	;Aumentar por620.3%	;Aumentar por66.6%	;5281	;Aumentar por589.4%	;Aumentar por78.2%	;964	;Aumentar por221.3%	;Aumentar por26.3%	;1249	;Aumentar por103.8%	;Aumentar por25.5%	;175	;Aumentar por44.6%	;Disminuir por18.6%	;259	;Aumentar por164.3%	;Aumentar por30.8%	;
196	;(Domingo)2026/06/14	;4367	;Aumentar por212.2%	;Aumentar por4.5%	;4666	;Aumentar por246.4%	;Aumentar por25.2%	;943	;Aumentar por124.0%	;Aumentar por23.6%	;1059	;Aumentar por20.8%	;Aumentar por1.8%	;142	;Disminuir por8.4%	;Disminuir por31.7%	;229	;Aumentar por78.9%	;Aumentar por25.8%	;
197	;(Lunes)2026/06/15	;4177	;Aumentar por208.5%	;Aumentar por29.4%	;4282	;Aumentar por170.7%	;Aumentar por21.7%	;790	;Aumentar por23.4%	;Aumentar por2.2%	;1135	;Aumentar por84.0%	;Aumentar por33.5%	;135	;Aumentar por0.7%	;Disminuir por34.1%	;236	;Aumentar por148.4%	;Aumentar por46.6%	;
198	;(Martes)2026/06/16	;3722	;Aumentar por217.0%	;Aumentar por6.5%	;3654	;Aumentar por238.3%	;Aumentar por3.5%	;700	;Aumentar por25.9%	;Disminuir por7.2%	;1052	;Aumentar por84.2%	;Aumentar por4.3%	;148	;Disminuir por12.4%	;Disminuir por41.5%	;260	;Aumentar por251.4%	;Aumentar por33.3%	;
199	;(Miércoles)2026/06/17	;3873	;Aumentar por415.0%	;Aumentar por41.7%	;3745	;Aumentar por458.1%	;Aumentar por39.2%	;636	;Aumentar por84.3%	;Disminuir por8.9%	;968	;Aumentar por41.1%	;Aumentar por15.4%	;140	;Disminuir por27.8%	;Disminuir por33.0%	;239	;Aumentar por106.0%	;Aumentar por44.0%	;
200	;(Jueves)2026/06/18	;3631	;Aumentar por501.2%	;Aumentar por28.4%	;3544	;Aumentar por482.9%	;Aumentar por36.2%	;568	;Aumentar por79.7%	;Disminuir por16.8%	;945	;Aumentar por74.4%	;Aumentar por13.6%	;141	;Aumentar por34.3%	;Disminuir por25.8%	;249	;Aumentar por186.2%	;Aumentar por39.9%	;
201	;(Viernes)2026/06/19	;4021	;Aumentar por636.4%	;Aumentar por36.4%	;4006	;Aumentar por706.0%	;Aumentar por48.3%	;917	;Aumentar por221.8%	;Aumentar por37.1%	;1317	;Aumentar por125.5%	;Aumentar por45.5%	;144	;Aumentar por152.6%	;Disminuir por8.9%	;253	;Aumentar por172.0%	;Aumentar por21.6%	;
202	;(Sábado)2026/06/20	;5696	;Aumentar por935.6%	;Aumentar por69.1%	;5255	;Aumentar por999.4%	;Aumentar por65.3%	;725	;Aumentar por147.4%	;Aumentar por14.0%	;1106	;Aumentar por66.6%	;Aumentar por7.1%	;158	;Aumentar por113.5%	;Disminuir por11.7%	;260	;Aumentar por154.9%	;Aumentar por16.6%	;
203	;(Domingo)2026/06/21	;4680	;Aumentar por542.9%	;Aumentar por10.3%	;4647	;Aumentar por544.5%	;Aumentar por9.6%	;1007	;Aumentar por201.5%	;Aumentar por21.9%	;1241	;Aumentar por93.0%	;Disminuir por3.3%	;139	;Aumentar por32.4%	;Disminuir por38.2%	;237	;Aumentar por97.5%	;Disminuir por4.4%	;
204	;(Lunes)2026/06/22	;4852	;Aumentar por509.5%	;Aumentar por17.4%	;4967	;Aumentar por375.3%	;Aumentar por15.3%	;929	;Aumentar por108.3%	;Aumentar por15.3%	;1556	;Aumentar por190.8%	;Aumentar por61.6%	;165	;Aumentar por166.1%	;Disminuir por21.4%	;274	;Aumentar por280.6%	;Aumentar por25.1%	;
205	;(Martes)2026/06/23	;4933	;Aumentar por500.9%	;Aumentar por4.8%	;4259	;Aumentar por439.8%	;Aumentar por0.9%	;835	;Aumentar por96.5%	;Aumentar por13.6%	;1507	;Aumentar por241.7%	;Aumentar por8.7%	;133	;Aumentar por13.7%	;Disminuir por47.2%	;255	;Aumentar por304.8%	;Aumentar por5.8%	;
206	;(Miércoles)2026/06/24	;5131	;Aumentar por639.3%	;Aumentar por33.0%	;5402	;Aumentar por750.7%	;Aumentar por21.7%	;989	;Aumentar por195.2%	;Aumentar por29.6%	;1497	;Aumentar por131.7%	;Aumentar por47.2%	;119	;Disminuir por43.3%	;Disminuir por47.1%	;277	;Aumentar por109.8%	;Aumentar por1.1%	;
207	;(Jueves)2026/06/25	;4879	;Aumentar por745.6%	;Aumentar por33.3%	;4733	;Aumentar por751.3%	;Aumentar por33.0%	;855	;Aumentar por162.3%	;Aumentar por47.4%	;1417	;Aumentar por153.0%	;Aumentar por42.6%	;117	;Aumentar por1.7%	;Disminuir por19.3%	;242	;Aumentar por198.8%	;Aumentar por27.4%	;
208	;(Viernes)2026/06/26	;4652	;Aumentar por733.7%	;Aumentar por27.9%	;4507	;Aumentar por707.7%	;Aumentar por32.7%	;855	;Aumentar por207.6%	;Aumentar por44.2%	;1525	;Aumentar por158.0%	;Aumentar por47.8%	;149	;Aumentar por27.4%	;Disminuir por18.6%	;275	;Aumentar por161.9%	;Aumentar por28.5%	;
209	;(Sábado)2026/06/27	;5218	;Aumentar por812.2%	;Aumentar por33.1%	;5495	;Aumentar por927.1%	;Aumentar por54.2%	;1036	;Aumentar por240.8%	;Aumentar por72.7%	;1576	;Aumentar por147.4%	;Aumentar por32.9%	;157	;Aumentar por67.0%	;Disminuir por4.8%	;308	;Aumentar por246.1%	;Aumentar por31.6%	;
210	;(Domingo)2026/06/28	;4666	;Aumentar por580.2%	;Aumentar por4.9%	;4785	;Aumentar por589.5%	;Aumentar por15.3%	;696	;Aumentar por92.8%	;Disminuir por8.5%	;1137	;Aumentar por67.9%	;Disminuir por1.0%	;102	;Disminuir por10.5%	;Disminuir por37.8%	;227	;Aumentar por131.6%	;Sin cambios	;
211	;(Lunes)2026/06/29	;4449	;Aumentar por403.3%	;Aumentar por19.7%	;4441	;Aumentar por395.6%	;Aumentar por20.7%	;771	;Aumentar por95.2%	;Aumentar por19.7%	;1328	;Aumentar por152.5%	;Aumentar por47.9%	;145	;Aumentar por27.2%	;Disminuir por9.9%	;309	;Aumentar por329.2%	;Aumentar por48.6%	;
212	;(Martes)2026/06/30	;3881	;Aumentar por420.2%	;Aumentar por19.5%	;3724	;Aumentar por416.5%	;Aumentar por18.6%	;809	;Aumentar por110.1%	;Aumentar por29.6%	;1244	;Aumentar por174.0%	;Aumentar por20.9%	;141	;Aumentar por21.6%	;Disminuir por24.6%	;272	;Aumentar por345.9%	;Aumentar por11.9%	;

Exportar contenido:Subtipos de vehículos a motor	;
Hora del informe: 2025/12/01 00:00:00 - 2026/07/14 23:59:59	;

N.º	;Hora	;Autobuses	; 	; 	; 	; 	; 	;Monovolúmenes	; 	; 	; 	; 	; 	;Sedanes pequeños	; 	; 	; 	; 	; 	;Camiones	;
	;	;Avanzar	; 	; 	;Retroceso	; 	; 	;Avanzar	; 	; 	;Retroceso	; 	; 	;Avanzar	; 	; 	;Retroceso	; 	; 	;Avanzar	; 	; 	;Retroceso	;
	;	;Valor	;Tasa de cambio (ciclo tras ciclo)	;Tasa de cambio (año tras año)	;Valor	;Tasa de cambio (ciclo tras ciclo)	;Tasa de cambio (año tras año)	;Valor	;Tasa de cambio (ciclo tras ciclo)	;Tasa de cambio (año tras año)	;Valor	;Tasa de cambio (ciclo tras ciclo)	;Tasa de cambio (año tras año)	;Valor	;Tasa de cambio (ciclo tras ciclo)	;Tasa de cambio (año tras año)	;Valor	;Tasa de cambio (ciclo tras ciclo)	;Tasa de cambio (año tras año)	;Valor	;Tasa de cambio (ciclo tras ciclo)	;Tasa de cambio (año tras año)	;Valor	;Tasa de cambio (ciclo tras ciclo)	;Tasa de cambio (año tras año)	;
1	;(Lunes)2025/12/01	;13	; --%	; --%	;8	; --%	; --%	;7	; --%	; --%	;91	; --%	; --%	;311	; --%	; --%	;554	; --%	; --%	;3	; --%	; --%	;16	; --%	; --%	;
2	;(Martes)2025/12/02	;16	; --%	; --%	;7	; --%	; --%	;13	; --%	; --%	;90	; --%	; --%	;282	; --%	; --%	;541	; --%	; --%	;4	; --%	; --%	;21	; --%	; --%	;
3	;(Miércoles)2025/12/03	;3	; --%	; --%	;5	; --%	; --%	;11	; --%	; --%	;95	; --%	; --%	;269	; --%	; --%	;487	; --%	; --%	;2	; --%	; --%	;25	; --%	; --%	;
4	;(Jueves)2025/12/04	;3	; --%	; --%	;1	; --%	; --%	;9	; --%	; --%	;96	; --%	; --%	;322	; --%	; --%	;608	; --%	; --%	;0	; --%	; --%	;20	; --%	; --%	;
5	;(Viernes)2025/12/05	;9	;Aumentar por200.0%	; --%	;4	;Aumentar por300.0%	; --%	;9	;Aumentar por125.0%	; --%	;114	;Aumentar por375.0%	; --%	;442	;Aumentar por126.7%	; --%	;704	;Aumentar por257.4%	; --%	;0	;Disminuir por100.0%	; --%	;18	;Aumentar por350.0%	; --%	;
6	;(Sábado)2025/12/06	;7	;Disminuir por50.0%	; --%	;4	;Disminuir por50.0%	; --%	;12	;Disminuir por65.7%	; --%	;69	;Disminuir por46.9%	; --%	;610	;Aumentar por20.1%	; --%	;1165	;Aumentar por73.4%	; --%	;2	;Disminuir por75.0%	; --%	;10	;Disminuir por75.0%	; --%	;
7	;(Domingo)2025/12/07	;6	;Disminuir por75.0%	; --%	;3	;Disminuir por25.0%	; --%	;17	;Disminuir por26.1%	; --%	;71	;Disminuir por54.5%	; --%	;454	;Disminuir por13.7%	; --%	;1142	;Aumentar por43.6%	; --%	;4	;Disminuir por63.6%	; --%	;15	;Disminuir por46.4%	; --%	;
8	;(Lunes)2025/12/08	;17	;Aumentar por142.9%	; --%	;3	;Disminuir por40.0%	; --%	;10	;Disminuir por68.8%	; --%	;71	;Disminuir por24.5%	; --%	;521	;Disminuir por17.2%	; --%	;810	;Aumentar por10.4%	; --%	;6	;Aumentar por50.0%	; --%	;13	;Disminuir por23.5%	; --%	;
9	;(Martes)2025/12/09	;13	;Disminuir por7.1%	; --%	;6	;Sin cambios	; --%	;10	;Disminuir por41.2%	; --%	;101	;Aumentar por48.5%	; --%	;303	;Disminuir por48.6%	; --%	;553	;Disminuir por6.1%	; --%	;5	;Sin cambios	; --%	;20	;Aumentar por25.0%	; --%	;
10	;(Miércoles)2025/12/10	;13	;Aumentar por85.7%	; --%	;6	;Aumentar por50.0%	; --%	;7	;Aumentar por75.0%	; --%	;66	;Aumentar por57.1%	; --%	;266	;Aumentar por30.4%	; --%	;483	;Aumentar por97.1%	; --%	;3	;Aumentar por200.0%	; --%	;19	;Aumentar por137.5%	; --%	;
11	;(Jueves)2025/12/11	;18	;Aumentar por80.0%	; --%	;6	;Disminuir por25.0%	; --%	;8	;Disminuir por38.5%	; --%	;95	;Aumentar por131.7%	; --%	;283	;Disminuir por20.1%	; --%	;576	;Aumentar por62.7%	; --%	;0	;Disminuir por100.0%	; --%	;10	;Disminuir por28.6%	; --%	;
12	;(Viernes)2025/12/12	;15	;Disminuir por11.8%	; --%	;6	;Aumentar por200.0%	; --%	;4	;Disminuir por86.7%	; --%	;89	;Disminuir por31.0%	; --%	;336	;Disminuir por44.5%	; --%	;555	;Disminuir por21.5%	; --%	;1	;Disminuir por80.0%	; --%	;17	;Disminuir por34.6%	; --%	;
13	;(Sábado)2025/12/13	;23	;Aumentar por53.3%	; --%	;5	;Aumentar por25.0%	; --%	;16	;Disminuir por15.8%	; --%	;43	;Disminuir por41.9%	; --%	;488	;Disminuir por39.2%	; --%	;641	;Disminuir por30.9%	; --%	;5	;Aumentar por25.0%	; --%	;8	;Disminuir por46.7%	; --%	;
14	;(Domingo)2025/12/14	;26	;Aumentar por100.0%	; --%	;6	;Aumentar por100.0%	; --%	;7	;Disminuir por78.1%	; --%	;19	;Disminuir por86.7%	; --%	;246	;Disminuir por68.7%	; --%	;317	;Disminuir por70.4%	; --%	;3	;Disminuir por87.5%	; --%	;3	;Disminuir por89.3%	; --%	;
15	;(Lunes)2025/12/15	;2	;Disminuir por88.9%	; --%	;5	;Disminuir por44.4%	; --%	;8	;Disminuir por52.9%	; --%	;88	;Disminuir por6.4%	; --%	;301	;Disminuir por55.9%	; --%	;522	;Disminuir por43.8%	; --%	;1	;Disminuir por90.0%	; --%	;8	;Disminuir por20.0%	; --%	;
16	;(Martes)2025/12/16	;4	;Disminuir por69.2%	; --%	;4	;Aumentar por33.3%	; --%	;7	;Disminuir por68.2%	; --%	;83	;Aumentar por6.4%	; --%	;247	;Disminuir por67.8%	; --%	;568	;Disminuir por9.0%	; --%	;0	;Disminuir por100.0%	; --%	;18	;Aumentar por125.0%	; --%	;
17	;(Miércoles)2025/12/17	;3	;Disminuir por78.6%	; --%	;6	;Aumentar por20.0%	; --%	;9	;Disminuir por59.1%	; --%	;81	;Disminuir por41.3%	; --%	;268	;Disminuir por49.7%	; --%	;537	;Disminuir por12.4%	; --%	;1	;Disminuir por88.9%	; --%	;7	;Disminuir por72.0%	; --%	;
18	;(Jueves)2025/12/18	;2	;Disminuir por83.3%	; --%	;8	;Aumentar por100.0%	; --%	;10	;Disminuir por66.7%	; --%	;93	;Disminuir por21.8%	; --%	;262	;Disminuir por48.1%	; --%	;506	;Disminuir por8.0%	; --%	;2	;Disminuir por81.8%	; --%	;9	;Disminuir por67.9%	; --%	;
19	;(Viernes)2025/12/19	;4	;Disminuir por42.9%	; --%	;3	;Disminuir por40.0%	; --%	;13	;Disminuir por35.0%	; --%	;104	;Disminuir por2.8%	; --%	;356	;Disminuir por26.6%	; --%	;552	;Disminuir por4.0%	; --%	;1	;Disminuir por88.9%	; --%	;15	;Disminuir por25.0%	; --%	;
20	;(Sábado)2025/12/20	;7	;Disminuir por22.2%	; --%	;5	;Aumentar por25.0%	; --%	;14	;Disminuir por36.4%	; --%	;39	;Disminuir por72.5%	; --%	;429	;Disminuir por11.7%	; --%	;568	;Disminuir por6.3%	; --%	;0	;Disminuir por100.0%	; --%	;8	;Disminuir por76.5%	; --%	;
21	;(Domingo)2025/12/21	;5	;Disminuir por54.5%	; --%	;1	;Disminuir por80.0%	; --%	;4	;Disminuir por73.3%	; --%	;41	;Disminuir por54.4%	; --%	;421	;Disminuir por5.8%	; --%	;468	;Disminuir por30.6%	; --%	;0	;Disminuir por100.0%	; --%	;6	;Disminuir por80.0%	; --%	;
22	;(Lunes)2025/12/22	;3	;Disminuir por88.5%	; --%	;2	;Disminuir por66.7%	; --%	;15	;Aumentar por25.0%	; --%	;104	;Aumentar por62.5%	; --%	;317	;Disminuir por53.7%	; --%	;599	;Disminuir por5.1%	; --%	;2	;Sin cambios	; --%	;12	;Disminuir por20.0%	; --%	;
23	;(Martes)2025/12/23	;3	;Disminuir por83.3%	; --%	;1	;Disminuir por75.0%	; --%	;9	;Disminuir por60.9%	; --%	;79	;Aumentar por113.5%	; --%	;287	;Disminuir por53.4%	; --%	;587	;Aumentar por18.8%	; --%	;0	;Disminuir por100.0%	; --%	;29	;Aumentar por141.7%	; --%	;
24	;(Miércoles)2025/12/24	;3	;Disminuir por76.9%	; --%	;2	;Disminuir por60.0%	; --%	;8	;Disminuir por60.0%	; --%	;55	;Disminuir por51.3%	; --%	;277	;Disminuir por50.1%	; --%	;438	;Disminuir por26.4%	; --%	;3	;Disminuir por66.7%	; --%	;10	;Disminuir por60.0%	; --%	;
25	;(Jueves)2025/12/25	;8	;Disminuir por52.9%	; --%	;1	;Disminuir por87.5%	; --%	;15	;Disminuir por11.8%	; --%	;30	;Disminuir por67.0%	; --%	;340	;Disminuir por19.8%	; --%	;347	;Disminuir por28.3%	; --%	;0	;Disminuir por100.0%	; --%	;5	;Disminuir por75.0%	; --%	;
26	;(Viernes)2025/12/26	;7	;Disminuir por30.0%	; --%	;3	;Aumentar por50.0%	; --%	;12	;Disminuir por42.9%	; --%	;38	;Disminuir por64.2%	; --%	;397	;Disminuir por16.4%	; --%	;513	;Disminuir por3.6%	; --%	;2	;Disminuir por75.0%	; --%	;10	;Disminuir por52.4%	; --%	;
27	;(Sábado)2025/12/27	;25	;Aumentar por212.5%	; --%	;7	;Aumentar por16.7%	; --%	;4	;Disminuir por81.8%	; --%	;52	;Disminuir por57.4%	; --%	;463	;Disminuir por9.9%	; --%	;489	;Disminuir por19.2%	; --%	;1	;Disminuir por80.0%	; --%	;5	;Disminuir por81.5%	; --%	;
28	;(Domingo)2025/12/28	;3	;Disminuir por66.7%	; --%	;2	;Disminuir por75.0%	; --%	;12	;Disminuir por52.0%	; --%	;42	;Disminuir por63.5%	; --%	;501	;Disminuir por7.6%	; --%	;443	;Disminuir por39.8%	; --%	;1	;Disminuir por88.9%	; --%	;1	;Disminuir por97.4%	; --%	;
29	;(Lunes)2025/12/29	;6	;Disminuir por57.1%	; --%	;0	;Disminuir por100.0%	; --%	;13	;Disminuir por31.6%	; --%	;86	;Aumentar por13.2%	; --%	;425	;Disminuir por31.7%	; --%	;742	;Aumentar por18.3%	; --%	;3	;Aumentar por50.0%	; --%	;16	;Disminuir por20.0%	; --%	;
30	;(Martes)2025/12/30	;5	;Disminuir por80.8%	; --%	;0	;Disminuir por100.0%	; --%	;10	;Disminuir por41.2%	; --%	;73	;Aumentar por46.0%	; --%	;409	;Disminuir por41.6%	; --%	;706	;Aumentar por46.2%	; --%	;1	;Disminuir por90.0%	; --%	;24	;Aumentar por100.0%	; --%	;
31	;(Miércoles)2025/12/31	;10	;Aumentar por11.1%	; --%	;1	;Sin cambios	; --%	;11	;Disminuir por54.2%	; --%	;68	;Disminuir por45.2%	; --%	;460	;Disminuir por18.6%	; --%	;493	;Disminuir por26.6%	; --%	;3	;Disminuir por72.7%	; --%	;22	;Disminuir por18.5%	; --%	;
32	;(Jueves)2026/01/01	;7	;Disminuir por53.3%	; --%	;4	;Aumentar por300.0%	; --%	;12	;Disminuir por42.9%	; --%	;39	;Disminuir por63.6%	; --%	;520	;Aumentar por4.0%	; --%	;432	;Disminuir por24.3%	; --%	;4	;Disminuir por20.0%	; --%	;8	;Disminuir por72.4%	; --%	;
33	;(Viernes)2026/01/02	;6	;Disminuir por33.3%	; --%	;1	;Disminuir por50.0%	; --%	;7	;Disminuir por63.2%	; --%	;69	;Disminuir por20.7%	; --%	;366	;Disminuir por27.1%	; --%	;650	;Aumentar por15.2%	; --%	;1	;Disminuir por87.5%	; --%	;10	;Disminuir por64.3%	; --%	;
34	;(Sábado)2026/01/03	;4	;Aumentar por33.3%	; --%	;2	;Disminuir por66.7%	; --%	;7	;Disminuir por63.2%	; --%	;56	;Disminuir por39.1%	; --%	;431	;Disminuir por19.7%	; --%	;569	;Disminuir por8.1%	; --%	;1	;Disminuir por87.5%	; --%	;10	;Disminuir por61.5%	; --%	;
35	;(Domingo)2026/01/04	;9	;Aumentar por12.5%	; --%	;0	;Disminuir por100.0%	; --%	;6	;Disminuir por80.6%	; --%	;19	;Disminuir por83.5%	; --%	;341	;Disminuir por43.9%	; --%	;349	;Disminuir por48.6%	; --%	;1	;Disminuir por92.3%	; --%	;4	;Disminuir por85.7%	; --%	;
36	;(Lunes)2026/01/05	;1	;Disminuir por87.5%	; --%	;1	;Disminuir por50.0%	; --%	;8	;Disminuir por57.9%	; --%	;92	;Aumentar por21.1%	; --%	;302	;Disminuir por44.4%	; --%	;646	;Disminuir por8.6%	; --%	;1	;Disminuir por83.3%	; --%	;18	;Aumentar por5.9%	; --%	;
37	;(Martes)2026/01/06	;4	;Disminuir por78.9%	; --%	;1	;Disminuir por83.3%	; --%	;9	;Disminuir por55.0%	; --%	;26	;Disminuir por46.9%	; --%	;321	;Disminuir por51.4%	; --%	;295	;Disminuir por42.0%	; --%	;0	;Disminuir por100.0%	; --%	;12	;Disminuir por20.0%	; --%	;
38	;(Miércoles)2026/01/07	;4	;Disminuir por85.2%	; --%	;2	;Disminuir por66.7%	; --%	;6	;Disminuir por76.0%	; --%	;76	;Disminuir por39.7%	; --%	;246	;Disminuir por55.8%	; --%	;494	;Disminuir por30.2%	; --%	;1	;Disminuir por94.4%	; --%	;15	;Disminuir por44.4%	; --%	;
39	;(Jueves)2026/01/08	;4	;Disminuir por60.0%	; --%	;8	;Aumentar por100.0%	; --%	;10	;Disminuir por52.4%	; --%	;125	;Aumentar por19.0%	; --%	;236	;Disminuir por53.2%	; --%	;643	;Aumentar por3.5%	; --%	;1	;Disminuir por91.7%	; --%	;23	;Aumentar por9.5%	; --%	;
40	;(Viernes)2026/01/09	;4	;Disminuir por69.2%	; --%	;7	;Aumentar por250.0%	; --%	;8	;Disminuir por69.2%	; --%	;77	;Disminuir por19.8%	; --%	;255	;Disminuir por55.2%	; --%	;445	;Disminuir por21.7%	; --%	;3	;Disminuir por75.0%	; --%	;19	;Disminuir por44.1%	; --%	;
41	;(Sábado)2026/01/10	;16	;Disminuir por59.0%	; --%	;21	;Aumentar por600.0%	; --%	;6	;Disminuir por79.3%	; --%	;44	;Disminuir por57.3%	; --%	;312	;Disminuir por48.6%	; --%	;390	;Disminuir por40.4%	; --%	;1	;Disminuir por95.7%	; --%	;10	;Disminuir por71.4%	; --%	;
42	;(Domingo)2026/01/11	;4	;Disminuir por71.4%	; --%	;2	;Disminuir por33.3%	; --%	;1	;Disminuir por95.5%	; --%	;21	;Disminuir por85.2%	; --%	;273	;Disminuir por53.4%	; --%	;286	;Disminuir por66.6%	; --%	;2	;Disminuir por84.6%	; --%	;8	;Disminuir por75.8%	; --%	;
43	;(Lunes)2026/01/12	;7	;Disminuir por30.0%	; --%	;6	;Aumentar por20.0%	; --%	;8	;Disminuir por42.9%	; --%	;87	;Disminuir por3.3%	; --%	;265	;Disminuir por61.4%	; --%	;507	;Disminuir por50.0%	; --%	;4	;Disminuir por20.0%	; --%	;11	;Disminuir por54.2%	; --%	;
44	;(Martes)2026/01/13	;8	;Disminuir por61.9%	; --%	;5	;Aumentar por150.0%	; --%	;11	;Disminuir por57.7%	; --%	;94	;Aumentar por54.1%	; --%	;231	;Disminuir por71.8%	; --%	;473	;Disminuir por29.8%	; --%	;5	;Disminuir por28.6%	; --%	;17	;Disminuir por5.6%	; --%	;
45	;(Miércoles)2026/01/14	;6	;Disminuir por53.8%	; --%	;7	;Aumentar por16.7%	; --%	;11	;Disminuir por52.2%	; --%	;82	;Disminuir por31.7%	; --%	;267	;Disminuir por53.0%	; --%	;484	;Disminuir por35.0%	; --%	;3	;Disminuir por83.3%	; --%	;8	;Disminuir por75.0%	; --%	;
46	;(Jueves)2026/01/15	;10	;Disminuir por33.3%	; --%	;8	;Aumentar por100.0%	; --%	;5	;Disminuir por79.2%	; --%	;82	;Disminuir por37.4%	; --%	;251	;Disminuir por55.8%	; --%	;456	;Disminuir por28.6%	; --%	;6	;Aumentar por50.0%	; --%	;14	;Disminuir por41.7%	; --%	;
47	;(Viernes)2026/01/16	;10	;Disminuir por56.5%	; --%	;6	;Disminuir por14.3%	; --%	;10	;Disminuir por60.0%	; --%	;71	;Disminuir por32.4%	; --%	;212	;Disminuir por60.7%	; --%	;488	;Disminuir por22.3%	; --%	;4	;Disminuir por60.0%	; --%	;18	;Disminuir por18.2%	; --%	;
48	;(Sábado)2026/01/17	;20	;Disminuir por16.7%	; --%	;2	;Disminuir por50.0%	; --%	;5	;Disminuir por75.0%	; --%	;27	;Disminuir por79.9%	; --%	;313	;Disminuir por47.3%	; --%	;357	;Disminuir por48.3%	; --%	;1	;Disminuir por94.1%	; --%	;1	;Disminuir por92.9%	; --%	;
49	;(Domingo)2026/01/18	;5	;Disminuir por72.2%	; --%	;1	;Disminuir por90.9%	; --%	;4	;Disminuir por83.3%	; --%	;27	;Disminuir por76.1%	; --%	;298	;Disminuir por49.0%	; --%	;262	;Disminuir por71.3%	; --%	;1	;Disminuir por95.5%	; --%	;4	;Disminuir por89.5%	; --%	;
50	;(Lunes)2026/01/19	;9	;Disminuir por60.9%	; --%	;10	;Aumentar por66.7%	; --%	;5	;Disminuir por75.0%	; --%	;86	;Disminuir por2.3%	; --%	;234	;Disminuir por61.4%	; --%	;471	;Disminuir por64.1%	; --%	;4	;Disminuir por42.9%	; --%	;16	;Disminuir por33.3%	; --%	;
51	;(Martes)2026/01/20	;11	;Disminuir por38.9%	; --%	;4	;Aumentar por33.3%	; --%	;8	;Disminuir por63.6%	; --%	;49	;Disminuir por27.9%	; --%	;233	;Disminuir por69.1%	; --%	;470	;Disminuir por45.1%	; --%	;3	;Disminuir por62.5%	; --%	;13	;Disminuir por13.3%	; --%	;
52	;(Miércoles)2026/01/21	;10	;Disminuir por16.7%	; --%	;4	;Disminuir por42.9%	; --%	;8	;Disminuir por71.4%	; --%	;84	;Disminuir por19.2%	; --%	;193	;Disminuir por74.7%	; --%	;479	;Disminuir por41.4%	; --%	;1	;Disminuir por90.9%	; --%	;11	;Disminuir por60.7%	; --%	;
53	;(Jueves)2026/01/22	;6	;Disminuir por71.4%	; --%	;2	;Disminuir por71.4%	; --%	;8	;Disminuir por42.9%	; --%	;91	;Disminuir por22.2%	; --%	;216	;Disminuir por64.2%	; --%	;498	;Disminuir por25.3%	; --%	;1	;Disminuir por90.0%	; --%	;18	;Disminuir por37.9%	; --%	;
54	;(Viernes)2026/01/23	;2	;Disminuir por81.8%	; --%	;2	;Disminuir por33.3%	; --%	;5	;Disminuir por83.3%	; --%	;88	;Disminuir por21.4%	; --%	;276	;Disminuir por58.3%	; --%	;472	;Disminuir por33.2%	; --%	;2	;Disminuir por75.0%	; --%	;18	;Disminuir por30.8%	; --%	;
55	;(Sábado)2026/01/24	;1	;Disminuir por95.5%	; --%	;1	;Disminuir por83.3%	; --%	;6	;Disminuir por77.8%	; --%	;52	;Disminuir por50.9%	; --%	;304	;Disminuir por54.1%	; --%	;438	;Disminuir por36.8%	; --%	;1	;Disminuir por92.9%	; --%	;4	;Disminuir por84.0%	; --%	;
56	;(Domingo)2026/01/25	;1	;Disminuir por94.1%	; --%	;0	;Disminuir por100.0%	; --%	;9	;Disminuir por64.0%	; --%	;32	;Disminuir por74.4%	; --%	;276	;Disminuir por61.2%	; --%	;353	;Disminuir por57.4%	; --%	;3	;Disminuir por62.5%	; --%	;5	;Disminuir por77.3%	; --%	;
57	;(Lunes)2026/01/26	;5	;Disminuir por58.3%	; --%	;3	;Sin cambios	; --%	;8	;Disminuir por46.7%	; --%	;81	;Aumentar por12.5%	; --%	;260	;Disminuir por64.1%	; --%	;503	;Disminuir por44.4%	; --%	;2	;Disminuir por75.0%	; --%	;6	;Disminuir por76.0%	; --%	;
58	;(Martes)2026/01/27	;6	;Disminuir por64.7%	; --%	;4	;Disminuir por20.0%	; --%	;17	;Aumentar por54.5%	; --%	;63	;Disminuir por1.6%	; --%	;244	;Disminuir por66.9%	; --%	;511	;Disminuir por33.2%	; --%	;3	;Disminuir por40.0%	; --%	;14	;Aumentar por55.6%	; --%	;
59	;(Miércoles)2026/01/28	;5	;Disminuir por80.8%	; --%	;0	;Disminuir por100.0%	; --%	;9	;Disminuir por62.5%	; --%	;76	;Disminuir por32.7%	; --%	;259	;Disminuir por62.1%	; --%	;503	;Disminuir por40.7%	; --%	;2	;Disminuir por88.2%	; --%	;9	;Disminuir por65.4%	; --%	;
60	;(Jueves)2026/01/29	;9	;Disminuir por57.1%	; --%	;0	;Disminuir por100.0%	; --%	;7	;Disminuir por73.1%	; --%	;72	;Disminuir por30.8%	; --%	;272	;Disminuir por57.3%	; --%	;539	;Disminuir por23.1%	; --%	;5	;Disminuir por64.3%	; --%	;16	;Disminuir por33.3%	; --%	;
61	;(Viernes)2026/01/30	;6	;Disminuir por75.0%	; --%	;3	;Disminuir por57.1%	; --%	;8	;Disminuir por63.6%	; --%	;77	;Disminuir por20.6%	; --%	;307	;Disminuir por50.8%	; --%	;500	;Disminuir por28.2%	; --%	;0	;Disminuir por100.0%	; --%	;19	;Disminuir por17.4%	; --%	;
62	;(Sábado)2026/01/31	;6	;Disminuir por62.5%	; --%	;1	;Disminuir por80.0%	; --%	;10	;Disminuir por67.7%	; --%	;47	;Disminuir por58.4%	; --%	;355	;Disminuir por42.1%	; --%	;398	;Disminuir por48.0%	; --%	;1	;Disminuir por87.5%	; --%	;17	;Aumentar por13.3%	; --%	;
63	;(Domingo)2026/02/01	;1	;Disminuir por93.8%	; --%	;1	;Disminuir por80.0%	; --%	;11	;Disminuir por38.9%	; --%	;19	;Disminuir por83.2%	; --%	;372	;Disminuir por37.2%	; --%	;330	;Disminuir por61.7%	; --%	;0	;Disminuir por100.0%	; --%	;4	;Disminuir por88.9%	; --%	;
64	;(Lunes)2026/02/02	;8	;Disminuir por70.4%	; --%	;3	;Disminuir por25.0%	; --%	;8	;Disminuir por60.0%	; --%	;90	;Disminuir por5.3%	; --%	;295	;Disminuir por61.4%	; --%	;508	;Disminuir por52.9%	; --%	;4	;Disminuir por33.3%	; --%	;9	;Disminuir por60.9%	; --%	;
65	;(Martes)2026/02/03	;2	;Disminuir por88.2%	; --%	;5	;Sin cambios	; --%	;10	;Sin cambios	; --%	;94	;Aumentar por70.9%	; --%	;244	;Disminuir por68.2%	; --%	;563	;Disminuir por34.6%	; --%	;2	;Disminuir por77.8%	; --%	;27	;Aumentar por237.5%	; --%	;
66	;(Miércoles)2026/02/04	;5	;Disminuir por66.7%	; --%	;0	;Disminuir por100.0%	; --%	;9	;Disminuir por64.0%	; --%	;92	;Disminuir por36.6%	; --%	;258	;Disminuir por62.5%	; --%	;454	;Disminuir por59.8%	; --%	;5	;Disminuir por16.7%	; --%	;18	;Disminuir por50.0%	; --%	;
67	;(Jueves)2026/02/05	;2	;Disminuir por89.5%	; --%	;4	;Disminuir por55.6%	; --%	;4	;Disminuir por75.0%	; --%	;35	;Disminuir por65.0%	; --%	;165	;Disminuir por76.9%	; --%	;265	;Disminuir por69.3%	; --%	;4	;Disminuir por66.7%	; --%	;8	;Disminuir por77.1%	; --%	;
68	;(Viernes)2026/02/06	;5	;Disminuir por75.0%	; --%	;6	;Disminuir por25.0%	; --%	;9	;Disminuir por52.6%	; --%	;96	;Disminuir por25.0%	; --%	;340	;Disminuir por35.6%	; --%	;474	;Disminuir por41.7%	; --%	;2	;Disminuir por71.4%	; --%	;24	;Disminuir por4.0%	; --%	;
69	;(Sábado)2026/02/07	;0	;Disminuir por100.0%	; --%	;4	;Sin cambios	; --%	;7	;Disminuir por58.8%	; --%	;54	;Disminuir por56.5%	; --%	;334	;Disminuir por38.9%	; --%	;549	;Disminuir por36.9%	; --%	;2	;Disminuir por85.7%	; --%	;13	;Disminuir por48.0%	; --%	;
70	;(Domingo)2026/02/08	;16	;Disminuir por38.5%	; --%	;13	;Aumentar por333.3%	; --%	;5	;Disminuir por75.0%	; --%	;33	;Disminuir por73.6%	; --%	;339	;Disminuir por37.3%	; --%	;404	;Disminuir por59.4%	; --%	;0	;Disminuir por100.0%	; --%	;8	;Disminuir por80.0%	; --%	;
71	;(Lunes)2026/02/09	;9	;Disminuir por65.4%	; --%	;3	;Disminuir por70.0%	; --%	;13	;Disminuir por23.5%	; --%	;98	;Aumentar por27.3%	; --%	;281	;Disminuir por60.4%	; --%	;592	;Disminuir por40.0%	; --%	;2	;Disminuir por66.7%	; --%	;4	;Disminuir por88.2%	; --%	;
72	;(Martes)2026/02/10	;4	;Disminuir por85.7%	; --%	;2	;Disminuir por66.7%	; --%	;13	;Aumentar por18.2%	; --%	;89	;Aumentar por93.5%	; --%	;275	;Disminuir por54.4%	; --%	;508	;Disminuir por37.3%	; --%	;1	;Disminuir por50.0%	; --%	;21	;Disminuir por27.6%	; --%	;
73	;(Miércoles)2026/02/11	;5	;Disminuir por76.2%	; --%	;3	;Disminuir por25.0%	; --%	;14	;Disminuir por12.5%	; --%	;77	;Disminuir por30.0%	; --%	;306	;Disminuir por47.3%	; --%	;460	;Disminuir por47.5%	; --%	;6	;Sin cambios	; --%	;12	;Disminuir por69.2%	; --%	;
74	;(Jueves)2026/02/12	;11	;Disminuir por15.4%	; --%	;10	;Aumentar por25.0%	; --%	;35	;Aumentar por133.3%	; --%	;94	;Disminuir por20.3%	; --%	;318	;Disminuir por31.0%	; --%	;556	;Disminuir por33.9%	; --%	;5	;Disminuir por37.5%	; --%	;26	;Disminuir por25.7%	; --%	;
75	;(Viernes)2026/02/13	;4	;Disminuir por81.8%	; --%	;4	;Disminuir por63.6%	; --%	;8	;Disminuir por55.6%	; --%	;81	;Disminuir por30.2%	; --%	;375	;Disminuir por20.9%	; --%	;502	;Disminuir por36.9%	; --%	;2	;Disminuir por75.0%	; --%	;12	;Disminuir por64.7%	; --%	;
76	;(Sábado)2026/02/14	;3	;Disminuir por84.2%	; --%	;3	;Disminuir por72.7%	; --%	;7	;Disminuir por46.2%	; --%	;37	;Disminuir por74.7%	; --%	;371	;Disminuir por27.3%	; --%	;416	;Disminuir por48.2%	; --%	;2	;Disminuir por71.4%	; --%	;7	;Disminuir por83.7%	; --%	;
77	;(Domingo)2026/02/15	;4	;Disminuir por69.2%	; --%	;1	;Disminuir por66.7%	; --%	;7	;Disminuir por61.1%	; --%	;34	;Disminuir por73.4%	; --%	;514	;Disminuir por8.4%	; --%	;385	;Disminuir por57.9%	; --%	;0	;Disminuir por100.0%	; --%	;5	;Disminuir por82.8%	; --%	;
78	;(Lunes)2026/02/16	;4	;Disminuir por78.9%	; --%	;4	;Aumentar por300.0%	; --%	;21	;Aumentar por110.0%	; --%	;84	;Disminuir por10.6%	; --%	;380	;Disminuir por45.2%	; --%	;548	;Disminuir por48.6%	; --%	;1	;Disminuir por90.9%	; --%	;9	;Disminuir por30.8%	; --%	;
79	;(Martes)2026/02/17	;3	;Disminuir por89.7%	; --%	;3	;Disminuir por50.0%	; --%	;11	;Disminuir por8.3%	; --%	;85	;Aumentar por44.1%	; --%	;365	;Disminuir por43.8%	; --%	;706	;Disminuir por17.6%	; --%	;6	;Aumentar por20.0%	; --%	;25	;Aumentar por56.3%	; --%	;
80	;(Miércoles)2026/02/18	;11	;Sin cambios	; --%	;4	;Disminuir por33.3%	; --%	;10	;Disminuir por56.5%	; --%	;155	;Aumentar por23.0%	; --%	;332	;Disminuir por47.2%	; --%	;875	;Disminuir por19.9%	; --%	;4	;Disminuir por50.0%	; --%	;18	;Disminuir por47.1%	; --%	;
81	;(Jueves)2026/02/19	;2	;Disminuir por80.0%	; --%	;8	;Aumentar por100.0%	; --%	;9	;Disminuir por43.8%	; --%	;143	;Aumentar por26.5%	; --%	;324	;Disminuir por49.1%	; --%	;886	;Disminuir por8.3%	; --%	;6	;Disminuir por40.0%	; --%	;40	;Aumentar por33.3%	; --%	;
82	;(Viernes)2026/02/20	;4	;Disminuir por85.7%	; --%	;8	;Aumentar por33.3%	; --%	;11	;Disminuir por63.3%	; --%	;144	;Aumentar por29.7%	; --%	;406	;Disminuir por41.2%	; --%	;996	;Disminuir por0.2%	; --%	;2	;Disminuir por77.8%	; --%	;36	;Aumentar por44.0%	; --%	;
83	;(Sábado)2026/02/21	;17	;Disminuir por51.4%	; --%	;12	;Aumentar por50.0%	; --%	;12	;Disminuir por40.0%	; --%	;97	;Disminuir por23.6%	; --%	;443	;Disminuir por18.3%	; --%	;913	;Aumentar por1.1%	; --%	;5	;Disminuir por61.5%	; --%	;27	;Aumentar por35.0%	; --%	;
84	;(Domingo)2026/02/22	;11	;Disminuir por75.6%	; --%	;7	;Disminuir por30.0%	; --%	;6	;Disminuir por72.7%	; --%	;85	;Disminuir por35.6%	; --%	;423	;Disminuir por26.7%	; --%	;722	;Disminuir por30.4%	; --%	;3	;Disminuir por75.0%	; --%	;19	;Disminuir por36.7%	; --%	;
85	;(Lunes)2026/02/23	;9	;Disminuir por71.0%	; --%	;7	;Aumentar por40.0%	; --%	;12	;Disminuir por45.5%	; --%	;147	;Aumentar por42.7%	; --%	;318	;Disminuir por55.3%	; --%	;873	;Disminuir por10.7%	; --%	;6	;Disminuir por62.5%	; --%	;45	;Aumentar por200.0%	; --%	;
86	;(Martes)2026/02/24	;16	;Aumentar por300.0%	; --%	;11	;Aumentar por450.0%	; --%	;12	;Disminuir por45.5%	; --%	;158	;Aumentar por71.7%	; --%	;306	;Disminuir por53.7%	; --%	;891	;Aumentar por0.3%	; --%	;11	;Disminuir por26.7%	; --%	;46	;Aumentar por109.1%	; --%	;
87	;(Miércoles)2026/02/25	;13	;Aumentar por62.5%	; --%	;6	;Aumentar por100.0%	; --%	;15	;Disminuir por37.5%	; --%	;115	;Disminuir por8.7%	; --%	;327	;Disminuir por48.2%	; --%	;900	;Disminuir por6.2%	; --%	;5	;Disminuir por61.5%	; --%	;20	;Disminuir por31.0%	; --%	;
88	;(Jueves)2026/02/26	;7	;Disminuir por12.5%	; --%	;9	;Aumentar por80.0%	; --%	;5	;Disminuir por82.8%	; --%	;167	;Aumentar por50.5%	; --%	;313	;Disminuir por45.8%	; --%	;920	;Aumentar por3.7%	; --%	;8	;Sin cambios	; --%	;52	;Aumentar por30.0%	; --%	;
89	;(Viernes)2026/02/27	;12	;Aumentar por20.0%	; --%	;8	;Aumentar por100.0%	; --%	;22	;Aumentar por29.4%	; --%	;158	;Aumentar por39.8%	; --%	;402	;Disminuir por24.7%	; --%	;1080	;Aumentar por26.9%	; --%	;4	;Disminuir por33.3%	; --%	;21	;Disminuir por32.3%	; --%	;
90	;(Sábado)2026/02/28	;16	;Aumentar por77.8%	; --%	;9	;Aumentar por50.0%	; --%	;16	;Sin cambios	; --%	;106	;Disminuir por14.5%	; --%	;512	;Disminuir por14.7%	; --%	;923	;Disminuir por6.2%	; --%	;1	;Disminuir por92.3%	; --%	;10	;Disminuir por75.6%	; --%	;
91	;(Domingo)2026/03/01	;17	;Aumentar por70.0%	; --%	;7	;Aumentar por250.0%	; --%	;11	;Disminuir por57.7%	; --%	;65	;Disminuir por46.7%	; --%	;465	;Disminuir por18.3%	; --%	;817	;Disminuir por15.5%	; --%	;2	;Disminuir por87.5%	; --%	;13	;Disminuir por53.6%	; --%	;
92	;(Lunes)2026/03/02	;11	;Sin cambios	; --%	;8	;Aumentar por33.3%	; --%	;13	;Disminuir por31.6%	; --%	;135	;Aumentar por40.6%	; --%	;344	;Disminuir por47.3%	; --%	;974	;Disminuir por1.0%	; --%	;5	;Disminuir por28.6%	; --%	;19	;Disminuir por5.0%	; --%	;
93	;(Martes)2026/03/03	;4	;Disminuir por69.2%	; --%	;4	;Disminuir por42.9%	; --%	;5	;Disminuir por37.5%	; --%	;86	;Aumentar por6.2%	; --%	;143	;Disminuir por78.8%	; --%	;464	;Disminuir por47.3%	; --%	;0	;Disminuir por100.0%	; --%	;9	;Disminuir por40.0%	; --%	;
94	;(Miércoles)2026/03/04	;21	;Aumentar por31.3%	; --%	;10	;Aumentar por66.7%	; --%	;15	;Disminuir por34.8%	; --%	;126	;Disminuir por4.5%	; --%	;322	;Disminuir por51.5%	; --%	;747	;Disminuir por34.0%	; --%	;4	;Disminuir por66.7%	; --%	;10	;Disminuir por72.2%	; --%	;
95	;(Jueves)2026/03/05	;62	;Aumentar por376.9%	; --%	;13	;Aumentar por44.4%	; --%	;28	;Aumentar por75.0%	; --%	;117	;Disminuir por11.4%	; --%	;316	;Disminuir por44.8%	; --%	;783	;Disminuir por12.7%	; --%	;9	;Disminuir por25.0%	; --%	;8	;Disminuir por75.8%	; --%	;
96	;(Viernes)2026/03/06	;14	;Aumentar por27.3%	; --%	;7	;Aumentar por75.0%	; --%	;16	;Disminuir por30.4%	; --%	;138	;Disminuir por4.8%	; --%	;408	;Disminuir por30.8%	; --%	;992	;Aumentar por5.0%	; --%	;4	;Disminuir por78.9%	; --%	;15	;Disminuir por31.8%	; --%	;
97	;(Sábado)2026/03/07	;10	;Disminuir por16.7%	; --%	;5	;Disminuir por28.6%	; --%	;16	;Disminuir por50.0%	; --%	;64	;Disminuir por53.6%	; --%	;442	;Disminuir por36.2%	; --%	;735	;Disminuir por25.0%	; --%	;3	;Disminuir por75.0%	; --%	;9	;Disminuir por59.1%	; --%	;
98	;(Domingo)2026/03/08	;2	;Disminuir por90.0%	; --%	;4	;Aumentar por100.0%	; --%	;11	;Disminuir por42.1%	; --%	;83	;Disminuir por40.7%	; --%	;379	;Disminuir por39.8%	; --%	;704	;Disminuir por32.8%	; --%	;5	;Disminuir por68.8%	; --%	;7	;Disminuir por83.7%	; --%	;
99	;(Lunes)2026/03/09	;4	;Disminuir por66.7%	; --%	;10	;Aumentar por66.7%	; --%	;20	;Disminuir por45.9%	; --%	;185	;Aumentar por90.7%	; --%	;331	;Disminuir por48.8%	; --%	;858	;Disminuir por14.1%	; --%	;4	;Disminuir por63.6%	; --%	;28	;Aumentar por21.7%	; --%	;
100	;(Martes)2026/03/10	;0	;Disminuir por100.0%	; --%	;4	;Disminuir por55.6%	; --%	;11	;Disminuir por15.4%	; --%	;146	;Aumentar por135.5%	; --%	;327	;Disminuir por49.0%	; --%	;834	;Disminuir por8.5%	; --%	;0	;Disminuir por100.0%	; --%	;29	;Aumentar por314.3%	; --%	;
101	;(Miércoles)2026/03/11	;2	;Disminuir por88.2%	; --%	;5	;Aumentar por25.0%	; --%	;11	;Disminuir por45.0%	; --%	;167	;Aumentar por22.8%	; --%	;311	;Disminuir por49.3%	; --%	;795	;Disminuir por26.1%	; --%	;4	;Disminuir por55.6%	; --%	;31	;Disminuir por20.5%	; --%	;
102	;(Jueves)2026/03/12	;1	;Disminuir por75.0%	; --%	;8	;Aumentar por33.3%	; --%	;9	;Disminuir por30.8%	; --%	;151	;Aumentar por14.4%	; --%	;332	;Disminuir por42.9%	; --%	;892	;Disminuir por5.2%	; --%	;5	;Disminuir por61.5%	; --%	;29	;Disminuir por25.6%	; --%	;
103	;(Viernes)2026/03/13	;2	;Disminuir por80.0%	; --%	;9	;Aumentar por80.0%	; --%	;17	;Disminuir por22.7%	; --%	;137	;Disminuir por6.8%	; --%	;368	;Disminuir por32.0%	; --%	;958	;Aumentar por8.1%	; --%	;11	;Aumentar por120.0%	; --%	;47	;Aumentar por74.1%	; --%	;
104	;(Sábado)2026/03/14	;1	;Disminuir por91.7%	; --%	;4	;Disminuir por20.0%	; --%	;11	;Disminuir por31.3%	; --%	;85	;Disminuir por37.0%	; --%	;466	;Disminuir por13.7%	; --%	;831	;Disminuir por11.5%	; --%	;2	;Disminuir por81.8%	; --%	;13	;Disminuir por67.5%	; --%	;
105	;(Domingo)2026/03/15	;2	;Disminuir por86.7%	; --%	;4	;Disminuir por20.0%	; --%	;12	;Disminuir por40.0%	; --%	;66	;Disminuir por55.1%	; --%	;422	;Disminuir por23.8%	; --%	;717	;Disminuir por26.7%	; --%	;1	;Disminuir por88.9%	; --%	;21	;Disminuir por48.8%	; --%	;
106	;(Lunes)2026/03/16	;8	;Disminuir por57.9%	; --%	;6	;Aumentar por100.0%	; --%	;16	;Disminuir por36.0%	; --%	;150	;Aumentar por53.1%	; --%	;358	;Disminuir por38.5%	; --%	;954	;Aumentar por3.0%	; --%	;7	;Disminuir por30.0%	; --%	;31	;Aumentar por14.8%	; --%	;
107	;(Martes)2026/03/17	;3	;Disminuir por70.0%	; --%	;12	;Aumentar por300.0%	; --%	;11	;Disminuir por35.3%	; --%	;158	;Aumentar por113.5%	; --%	;336	;Disminuir por42.7%	; --%	;890	;Disminuir por0.3%	; --%	;4	;Disminuir por50.0%	; --%	;35	;Aumentar por66.7%	; --%	;
108	;(Miércoles)2026/03/18	;5	;Disminuir por54.5%	; --%	;15	;Aumentar por150.0%	; --%	;8	;Disminuir por66.7%	; --%	;155	;Aumentar por12.3%	; --%	;374	;Disminuir por37.4%	; --%	;853	;Disminuir por19.8%	; --%	;9	;Disminuir por18.2%	; --%	;31	;Disminuir por11.4%	; --%	;
109	;(Jueves)2026/03/19	;7	;Disminuir por36.4%	; --%	;6	;Aumentar por20.0%	; --%	;13	;Disminuir por27.8%	; --%	;92	;Disminuir por30.8%	; --%	;445	;Disminuir por23.1%	; --%	;781	;Disminuir por19.9%	; --%	;4	;Disminuir por50.0%	; --%	;8	;Disminuir por81.8%	; --%	;
110	;(Viernes)2026/03/20	;11	;Disminuir por38.9%	; --%	;11	;Aumentar por57.1%	; --%	;10	;Disminuir por54.5%	; --%	;182	;Aumentar por37.9%	; --%	;459	;Disminuir por23.2%	; --%	;1062	;Aumentar por11.0%	; --%	;3	;Disminuir por62.5%	; --%	;40	;Aumentar por66.7%	; --%	;
111	;(Sábado)2026/03/21	;13	;Aumentar por62.5%	; --%	;9	;Aumentar por12.5%	; --%	;10	;Disminuir por41.2%	; --%	;115	;Disminuir por25.3%	; --%	;578	;Aumentar por18.4%	; --%	;1149	;Disminuir por5.0%	; --%	;3	;Disminuir por57.1%	; --%	;14	;Disminuir por56.3%	; --%	;
112	;(Domingo)2026/03/22	;8	;Disminuir por42.9%	; --%	;4	;Disminuir por50.0%	; --%	;9	;Disminuir por50.0%	; --%	;84	;Disminuir por36.8%	; --%	;484	;Disminuir por1.0%	; --%	;870	;Disminuir por27.4%	; --%	;1	;Disminuir por90.0%	; --%	;8	;Disminuir por84.9%	; --%	;
113	;(Lunes)2026/03/23	;4	;Disminuir por73.3%	; --%	;4	; --%	; --%	;9	;Disminuir por43.8%	; --%	;139	;Aumentar por44.8%	; --%	;408	;Disminuir por39.3%	; --%	;1025	;Disminuir por5.0%	; --%	;4	;Disminuir por60.0%	; --%	;43	;Aumentar por48.3%	; --%	;
114	;(Martes)2026/03/24	;3	;Disminuir por85.0%	; --%	;7	;Aumentar por16.7%	; --%	;16	;Disminuir por20.0%	; --%	;168	;Aumentar por118.2%	; --%	;355	;Disminuir por45.7%	; --%	;930	;Disminuir por8.7%	; --%	;4	;Disminuir por76.5%	; --%	;43	;Aumentar por59.3%	; --%	;
115	;(Miércoles)2026/03/25	;0	;Disminuir por100.0%	; --%	;4	;Disminuir por63.6%	; --%	;12	;Disminuir por45.5%	; --%	;72	;Disminuir por43.8%	; --%	;163	;Disminuir por73.0%	; --%	;503	;Disminuir por54.4%	; --%	;1	;Disminuir por87.5%	; --%	;9	;Disminuir por67.9%	; --%	;
116	;(Jueves)2026/03/26	;4	;Disminuir por73.3%	; --%	;10	;Aumentar por100.0%	; --%	;11	;Disminuir por21.4%	; --%	;183	;Aumentar por50.0%	; --%	;350	;Disminuir por42.1%	; --%	;986	;Aumentar por0.1%	; --%	;9	;Sin cambios	; --%	;37	;Sin cambios	; --%	;
117	;(Viernes)2026/03/27	;13	;Disminuir por7.1%	; --%	;8	;Aumentar por166.7%	; --%	;26	;Aumentar por36.8%	; --%	;174	;Aumentar por19.2%	; --%	;431	;Disminuir por23.4%	; --%	;929	;Disminuir por11.9%	; --%	;9	;Disminuir por25.0%	; --%	;46	;Aumentar por53.3%	; --%	;
118	;(Sábado)2026/03/28	;7	;Disminuir por58.8%	; --%	;8	;Aumentar por100.0%	; --%	;13	;Disminuir por38.1%	; --%	;89	;Disminuir por36.4%	; --%	;580	;Disminuir por9.2%	; --%	;674	;Disminuir por40.5%	; --%	;6	;Disminuir por45.5%	; --%	;20	;Disminuir por61.5%	; --%	;
119	;(Domingo)2026/03/29	;11	;Disminuir por45.0%	; --%	;3	;Disminuir por40.0%	; --%	;14	;Disminuir por30.0%	; --%	;58	;Disminuir por43.7%	; --%	;586	;Disminuir por24.7%	; --%	;525	;Disminuir por52.8%	; --%	;7	;Disminuir por12.5%	; --%	;21	;Disminuir por46.2%	; --%	;
120	;(Lunes)2026/03/30	;3	;Disminuir por50.0%	; --%	;7	;Aumentar por133.3%	; --%	;20	;Aumentar por53.8%	; --%	;128	;Aumentar por62.0%	; --%	;517	;Disminuir por21.7%	; --%	;730	;Disminuir por29.8%	; --%	;10	;Aumentar por11.1%	; --%	;28	;Sin cambios	; --%	;
121	;(Martes)2026/03/31	;12	;Aumentar por50.0%	; --%	;7	;Aumentar por250.0%	; --%	;14	;Disminuir por22.2%	; --%	;100	;Aumentar por20.5%	; --%	;482	;Disminuir por31.3%	; --%	;737	;Disminuir por12.3%	; --%	;6	;Disminuir por53.8%	; --%	;36	;Aumentar por56.5%	; --%	;
122	;(Miércoles)2026/04/01	;8	;Disminuir por27.3%	; --%	;9	;Aumentar por125.0%	; --%	;11	;Disminuir por50.0%	; --%	;115	;Disminuir por5.0%	; --%	;499	;Disminuir por21.5%	; --%	;769	;Disminuir por37.5%	; --%	;9	;Sin cambios	; --%	;35	;Aumentar por52.2%	; --%	;
123	;(Jueves)2026/04/02	;10	;Disminuir por16.7%	; --%	;2	;Disminuir por33.3%	; --%	;11	;Disminuir por50.0%	; --%	;132	;Disminuir por5.0%	; --%	;549	;Disminuir por15.0%	; --%	;900	;Disminuir por15.2%	; --%	;10	;Disminuir por23.1%	; --%	;35	;Aumentar por20.7%	; --%	;
124	;(Viernes)2026/04/03	;25	;Aumentar por108.3%	; --%	;5	;Disminuir por16.7%	; --%	;20	;Aumentar por11.1%	; --%	;80	;Disminuir por33.3%	; --%	;597	;Disminuir por9.0%	; --%	;863	;Disminuir por15.6%	; --%	;8	;Disminuir por42.9%	; --%	;33	;Aumentar por6.5%	; --%	;
125	;(Sábado)2026/04/04	;16	;Aumentar por33.3%	; --%	;5	;Sin cambios	; --%	;18	;Disminuir por10.0%	; --%	;86	;Disminuir por43.0%	; --%	;603	;Disminuir por1.5%	; --%	;839	;Disminuir por16.9%	; --%	;6	;Disminuir por57.1%	; --%	;27	;Disminuir por44.9%	; --%	;
126	;(Domingo)2026/04/05	;18	;Sin cambios	; --%	;9	;Aumentar por350.0%	; --%	;18	;Sin cambios	; --%	;71	;Disminuir por45.0%	; --%	;639	;Aumentar por6.5%	; --%	;781	;Disminuir por22.2%	; --%	;18	;Aumentar por80.0%	; --%	;19	;Disminuir por54.8%	; --%	;
127	;(Lunes)2026/04/06	;6	;Disminuir por64.7%	; --%	;4	;Disminuir por20.0%	; --%	;23	;Aumentar por109.1%	; --%	;77	;Disminuir por28.0%	; --%	;570	;Disminuir por13.2%	; --%	;748	;Disminuir por25.9%	; --%	;18	;Aumentar por157.1%	; --%	;26	;Aumentar por52.9%	; --%	;
128	;(Martes)2026/04/07	;11	;Disminuir por26.7%	; --%	;5	;Disminuir por37.5%	; --%	;11	;Aumentar por10.0%	; --%	;104	;Aumentar por31.6%	; --%	;410	;Disminuir por36.0%	; --%	;655	;Disminuir por26.6%	; --%	;6	;Disminuir por14.3%	; --%	;25	;Aumentar por150.0%	; --%	;
129	;(Miércoles)2026/04/08	;10	;Disminuir por47.4%	; --%	;6	;Disminuir por14.3%	; --%	;13	;Disminuir por38.1%	; --%	;102	;Disminuir por32.0%	; --%	;414	;Disminuir por32.4%	; --%	;631	;Disminuir por48.9%	; --%	;2	;Disminuir por75.0%	; --%	;19	;Disminuir por17.4%	; --%	;
130	;(Jueves)2026/04/09	;5	;Disminuir por76.2%	; --%	;3	;Disminuir por25.0%	; --%	;15	;Disminuir por48.3%	; --%	;105	;Disminuir por8.7%	; --%	;418	;Disminuir por24.0%	; --%	;647	;Disminuir por36.3%	; --%	;4	;Disminuir por78.9%	; --%	;24	;Disminuir por29.4%	; --%	;
131	;(Viernes)2026/04/10	;6	;Disminuir por62.5%	; --%	;5	;Aumentar por66.7%	; --%	;12	;Disminuir por33.3%	; --%	;114	;Disminuir por5.8%	; --%	;508	;Disminuir por19.9%	; --%	;744	;Disminuir por25.3%	; --%	;9	;Sin cambios	; --%	;32	;Disminuir por5.9%	; --%	;
132	;(Sábado)2026/04/11	;13	;Aumentar por8.3%	; --%	;6	;Aumentar por20.0%	; --%	;20	;Disminuir por16.7%	; --%	;74	;Disminuir por41.7%	; --%	;608	;Aumentar por12.2%	; --%	;664	;Disminuir por32.9%	; --%	;16	;Disminuir por20.0%	; --%	;8	;Disminuir por75.0%	; --%	;
133	;(Domingo)2026/04/12	;14	;Aumentar por40.0%	; --%	;4	;Sin cambios	; --%	;15	;Disminuir por21.1%	; --%	;48	;Disminuir por62.8%	; --%	;582	;Aumentar por5.6%	; --%	;482	;Disminuir por51.2%	; --%	;2	;Disminuir por80.0%	; --%	;6	;Disminuir por82.9%	; --%	;
134	;(Lunes)2026/04/13	;6	;Disminuir por68.4%	; --%	;7	;Aumentar por40.0%	; --%	;15	;Disminuir por16.7%	; --%	;142	;Aumentar por52.7%	; --%	;377	;Disminuir por33.6%	; --%	;1106	;Aumentar por25.1%	; --%	;7	;Aumentar por16.7%	; --%	;19	;Disminuir por40.6%	; --%	;
135	;(Martes)2026/04/14	;10	;Disminuir por28.6%	; --%	;9	;Aumentar por50.0%	; --%	;19	;Aumentar por18.8%	; --%	;176	;Aumentar por112.0%	; --%	;348	;Disminuir por46.0%	; --%	;1056	;Aumentar por36.1%	; --%	;9	;Disminuir por10.0%	; --%	;54	;Aumentar por116.0%	; --%	;
136	;(Miércoles)2026/04/15	;4	;Disminuir por71.4%	; --%	;10	;Aumentar por100.0%	; --%	;6	;Disminuir por68.4%	; --%	;89	;Disminuir por34.6%	; --%	;329	;Disminuir por44.3%	; --%	;511	;Disminuir por51.5%	; --%	;3	;Disminuir por76.9%	; --%	;22	;Disminuir por35.3%	; --%	;
137	;(Jueves)2026/04/16	;7	;Disminuir por12.5%	; --%	;6	;Aumentar por200.0%	; --%	;12	;Disminuir por42.9%	; --%	;72	;Disminuir por18.2%	; --%	;292	;Disminuir por49.5%	; --%	;572	;Disminuir por33.6%	; --%	;9	;Disminuir por18.2%	; --%	;28	;Aumentar por3.7%	; --%	;
138	;(Viernes)2026/04/17	;9	;Disminuir por59.1%	; --%	;1	;Disminuir por90.0%	; --%	;14	;Disminuir por26.3%	; --%	;103	;Disminuir por3.7%	; --%	;386	;Disminuir por23.7%	; --%	;605	;Disminuir por30.6%	; --%	;7	;Disminuir por46.2%	; --%	;29	;Aumentar por7.4%	; --%	;
139	;(Sábado)2026/04/18	;8	;Disminuir por50.0%	; --%	;2	;Disminuir por60.0%	; --%	;12	;Disminuir por29.4%	; --%	;53	;Disminuir por62.9%	; --%	;556	;Aumentar por1.3%	; --%	;597	;Disminuir por36.4%	; --%	;3	;Disminuir por82.4%	; --%	;14	;Disminuir por53.3%	; --%	;
140	;(Domingo)2026/04/19	;9	;Disminuir por18.2%	; --%	;4	;Sin cambios	; --%	;13	;Disminuir por35.0%	; --%	;44	;Disminuir por65.9%	; --%	;567	;Disminuir por11.7%	; --%	;536	;Disminuir por50.7%	; --%	;6	;Disminuir por64.7%	; --%	;8	;Disminuir por76.5%	; --%	;
141	;(Lunes)2026/04/20	;3	;Disminuir por88.9%	; --%	;8	;Aumentar por60.0%	; --%	;10	;Disminuir por37.5%	; --%	;75	;Disminuir por17.6%	; --%	;374	;Disminuir por38.6%	; --%	;584	;Disminuir por40.8%	; --%	;4	;Disminuir por42.9%	; --%	;20	;Aumentar por33.3%	; --%	;
142	;(Martes)2026/04/21	;9	;Disminuir por40.0%	; --%	;7	;Aumentar por250.0%	; --%	;16	;Aumentar por77.8%	; --%	;64	;Disminuir por28.1%	; --%	;353	;Aumentar por36.3%	; --%	;513	;Disminuir por49.2%	; --%	;6	;Aumentar por100.0%	; --%	;23	;Aumentar por43.8%	; --%	;
143	;(Miércoles)2026/04/22	;5	;Disminuir por80.0%	; --%	;3	;Disminuir por25.0%	; --%	;16	;Aumentar por6.7%	; --%	;95	;Disminuir por4.0%	; --%	;399	;Disminuir por29.4%	; --%	;541	;Disminuir por35.4%	; --%	;3	;Disminuir por57.1%	; --%	;14	;Disminuir por36.4%	; --%	;
144	;(Jueves)2026/04/23	;5	;Disminuir por54.5%	;Aumentar por66.7%	;9	;Aumentar por80.0%	;Aumentar por800.0%	;16	;Aumentar por77.8%	;Aumentar por300.0%	;97	;Aumentar por12.8%	;Aumentar por304.2%	;442	;Disminuir por14.3%	;Aumentar por126.7%	;696	;Disminuir por13.9%	;Aumentar por253.3%	;5	;Disminuir por61.5%	;Aumentar por400.0%	;8	;Disminuir por77.1%	;Aumentar por100.0%	;
145	;(Viernes)2026/04/24	;16	;Disminuir por5.9%	;Aumentar por14.3%	;4	;Sin cambios	;Disminuir por50.0%	;14	;Disminuir por36.4%	;Disminuir por60.0%	;124	;Disminuir por0.8%	;Disminuir por4.6%	;496	;Aumentar por18.7%	;Disminuir por2.4%	;856	;Aumentar por3.9%	;Aumentar por27.4%	;6	;Disminuir por60.0%	;Disminuir por25.0%	;19	;Disminuir por47.2%	;Disminuir por52.5%	;
146	;(Sábado)2026/04/25	;16	;Aumentar por6.7%	;Disminuir por33.3%	;4	;Disminuir por42.9%	;Sin cambios	;10	;Sin cambios	;Disminuir por56.5%	;56	;Disminuir por40.4%	;Disminuir por64.1%	;519	;Aumentar por5.1%	;Disminuir por1.3%	;690	;Disminuir por23.7%	;Disminuir por13.2%	;11	;Aumentar por37.5%	;Sin cambios	;14	;Disminuir por71.4%	;Disminuir por50.0%	;
147	;(Domingo)2026/04/26	;19	;Disminuir por26.9%	;Aumentar por171.4%	;12	;Aumentar por200.0%	;Aumentar por140.0%	;14	;Disminuir por17.6%	;Disminuir por56.3%	;65	;Disminuir por46.7%	;Disminuir por30.9%	;440	;Aumentar por1.4%	;Disminuir por30.0%	;704	;Disminuir por29.5%	;Disminuir por4.1%	;20	;Disminuir por9.1%	;Aumentar por400.0%	;18	;Disminuir por67.9%	;Aumentar por5.9%	;
148	;(Lunes)2026/04/27	;11	;Disminuir por42.1%	;Disminuir por21.4%	;11	;Aumentar por175.0%	;Aumentar por83.3%	;16	;Disminuir por23.8%	;Disminuir por5.9%	;96	;Sin cambios	;Aumentar por41.2%	;415	;Disminuir por16.0%	;Disminuir por29.5%	;661	;Disminuir por37.5%	;Aumentar por12.2%	;8	;Disminuir por33.3%	;Aumentar por60.0%	;36	;Aumentar por33.3%	;Aumentar por125.0%	;
149	;(Martes)2026/04/28	;8	;Disminuir por50.0%	;Aumentar por14.3%	;5	;Sin cambios	;Aumentar por25.0%	;11	;Disminuir por38.9%	;Aumentar por175.0%	;97	;Aumentar por36.6%	;Aumentar por131.0%	;375	;Disminuir por29.4%	;Aumentar por83.8%	;517	;Disminuir por38.1%	;Aumentar por111.0%	;3	;Disminuir por40.0%	;Aumentar por200.0%	;15	;Sin cambios	;Aumentar por87.5%	;
150	;(Miércoles)2026/04/29	;10	;Disminuir por63.0%	;Sin cambios	;8	;Aumentar por100.0%	;Sin cambios	;13	;Disminuir por50.0%	;Sin cambios	;75	;Disminuir por41.9%	;Aumentar por82.9%	;375	;Disminuir por31.1%	;Aumentar por5.9%	;580	;Disminuir por24.0%	;Aumentar por63.8%	;3	;Disminuir por85.0%	;Disminuir por40.0%	;19	;Disminuir por45.7%	;Aumentar por35.7%	;
151	;(Jueves)2026/04/30	;5	;Disminuir por76.2%	;Disminuir por70.6%	;4	;Aumentar por100.0%	;Aumentar por100.0%	;20	;Aumentar por17.6%	;Disminuir por33.3%	;124	;Aumentar por18.1%	;Disminuir por3.9%	;490	;Aumentar por1.7%	;Disminuir por19.0%	;645	;Aumentar por1.9%	;Disminuir por8.8%	;11	;Aumentar por57.1%	;Aumentar por120.0%	;27	;Sin cambios	;Aumentar por3.8%	;
152	;(Viernes)2026/05/01	;23	;Disminuir por28.1%	;Aumentar por53.3%	;10	;Aumentar por150.0%	;Aumentar por150.0%	;10	;Disminuir por47.4%	;Disminuir por47.4%	;55	;Disminuir por49.1%	;Disminuir por25.7%	;698	;Aumentar por48.8%	;Disminuir por13.1%	;884	;Aumentar por31.5%	;Disminuir por4.7%	;5	;Disminuir por73.7%	;Aumentar por25.0%	;9	;Disminuir por74.3%	;Disminuir por40.0%	;
153	;(Sábado)2026/05/02	;25	;Disminuir por30.6%	;Aumentar por92.3%	;15	;Aumentar por200.0%	;Aumentar por400.0%	;21	;Aumentar por31.3%	;Disminuir por34.4%	;56	;Disminuir por57.3%	;Disminuir por60.8%	;689	;Aumentar por42.1%	;Disminuir por12.3%	;689	;Disminuir por3.8%	;Disminuir por35.6%	;10	;Disminuir por65.5%	;Disminuir por58.3%	;6	;Disminuir por83.3%	;Disminuir por78.6%	;
154	;(Domingo)2026/05/03	;5	;Disminuir por80.0%	;Disminuir por72.2%	;2	;Disminuir por66.7%	;Disminuir por77.8%	;16	;Aumentar por23.1%	;Disminuir por5.9%	;33	;Disminuir por77.2%	;Disminuir por64.9%	;669	;Aumentar por17.8%	;Disminuir por2.0%	;504	;Disminuir por32.4%	;Disminuir por45.7%	;7	;Disminuir por63.2%	;Disminuir por30.0%	;8	;Disminuir por81.4%	;Disminuir por20.0%	;
155	;(Lunes)2026/05/04	;3	;Disminuir por85.0%	;Disminuir por76.9%	;11	;Aumentar por83.3%	;Aumentar por266.7%	;13	;Disminuir por23.5%	;Disminuir por40.9%	;98	;Aumentar por2.1%	;Aumentar por25.6%	;467	;Aumentar por21.6%	;Disminuir por39.2%	;773	;Disminuir por23.5%	;Aumentar por23.9%	;13	;Aumentar por116.7%	;Aumentar por62.5%	;27	;Aumentar por35.0%	;Aumentar por237.5%	;
156	;(Martes)2026/05/05	;3	;Disminuir por90.9%	;Disminuir por78.6%	;16	;Sin cambios	;Aumentar por220.0%	;12	;Sin cambios	;Disminuir por45.5%	;95	;Aumentar por41.8%	;Disminuir por31.2%	;361	;Disminuir por10.0%	;Disminuir por32.3%	;569	;Disminuir por37.3%	;Disminuir por7.2%	;1	;Disminuir por87.5%	;Disminuir por88.9%	;27	;Aumentar por200.0%	;Aumentar por8.0%	;
157	;(Miércoles)2026/05/06	;5	;Disminuir por86.1%	;Disminuir por58.3%	;9	;Aumentar por28.6%	;Aumentar por125.0%	;14	;Disminuir por33.3%	;Disminuir por53.3%	;94	;Disminuir por16.1%	;Disminuir por21.0%	;364	;Disminuir por41.0%	;Disminuir por27.9%	;544	;Disminuir por23.1%	;Disminuir por1.1%	;5	;Disminuir por54.5%	;Disminuir por54.5%	;22	;Disminuir por45.0%	;Disminuir por21.4%	;
158	;(Jueves)2026/05/07	;4	;Disminuir por81.0%	;Disminuir por42.9%	;15	;Aumentar por50.0%	;Aumentar por200.0%	;7	;Disminuir por56.3%	;Disminuir por65.0%	;112	;Aumentar por13.1%	;Aumentar por4.7%	;381	;Disminuir por32.3%	;Disminuir por21.4%	;653	;Aumentar por5.8%	;Aumentar por13.6%	;5	;Disminuir por50.0%	;Disminuir por44.4%	;25	;Disminuir por28.6%	;Aumentar por25.0%	;
159	;(Viernes)2026/05/08	;0	;Disminuir por100.0%	;Disminuir por100.0%	;7	;Sin cambios	;Aumentar por75.0%	;12	;Disminuir por14.3%	;Disminuir por45.5%	;108	;Aumentar por31.7%	;Disminuir por23.9%	;419	;Disminuir por13.4%	;Disminuir por13.8%	;687	;Aumentar por12.4%	;Aumentar por13.4%	;5	;Disminuir por37.5%	;Disminuir por61.5%	;35	;Sin cambios	;Aumentar por2.9%	;
160	;(Sábado)2026/05/09	;6	;Disminuir por64.7%	;Disminuir por45.5%	;10	;Sin cambios	;Aumentar por100.0%	;10	;Disminuir por50.0%	;Disminuir por33.3%	;63	;Disminuir por50.4%	;Disminuir por30.0%	;554	;Aumentar por13.8%	;Aumentar por23.9%	;630	;Disminuir por8.2%	;Disminuir por6.5%	;2	;Disminuir por77.8%	;Disminuir por75.0%	;12	;Disminuir por62.5%	;Disminuir por60.0%	;
161	;(Domingo)2026/05/10	;1	;Disminuir por96.9%	;Disminuir por96.2%	;8	;Aumentar por60.0%	;Aumentar por33.3%	;14	;Disminuir por6.7%	;Aumentar por16.7%	;47	;Disminuir por46.0%	;Disminuir por26.6%	;618	;Aumentar por17.3%	;Disminuir por9.6%	;669	;Disminuir por2.9%	;Aumentar por6.0%	;3	;Disminuir por72.7%	;Aumentar por50.0%	;10	;Disminuir por77.3%	;Disminuir por33.3%	;
162	;(Lunes)2026/05/11	;4	;Disminuir por88.2%	;Disminuir por77.8%	;11	;Aumentar por83.3%	;Aumentar por175.0%	;10	;Disminuir por58.3%	;Disminuir por56.5%	;91	;Aumentar por31.9%	;Aumentar por145.9%	;407	;Disminuir por41.0%	;Disminuir por33.9%	;699	;Aumentar por11.5%	;Aumentar por41.5%	;5	;Disminuir por61.5%	;Sin cambios	;28	;Sin cambios	;Aumentar por133.3%	;
163	;(Martes)2026/05/12	;4	;Disminuir por84.6%	;Disminuir por69.2%	;8	;Aumentar por33.3%	;Aumentar por60.0%	;28	;Aumentar por47.4%	;Aumentar por40.0%	;113	;Aumentar por82.3%	;Sin cambios	;332	;Disminuir por46.3%	;Disminuir por40.2%	;533	;Aumentar por7.5%	;Disminuir por10.4%	;4	;Disminuir por60.0%	;Disminuir por55.6%	;15	;Disminuir por11.8%	;Disminuir por40.0%	;
164	;(Miércoles)2026/05/13	;9	;Disminuir por85.0%	;Disminuir por47.1%	;13	;Disminuir por13.3%	;Aumentar por62.5%	;21	;Aumentar por23.5%	;Aumentar por23.5%	;88	;Aumentar por31.3%	;Disminuir por3.3%	;386	;Disminuir por14.4%	;Disminuir por9.0%	;597	;Aumentar por30.6%	;Aumentar por23.3%	;3	;Disminuir por76.9%	;Disminuir por72.7%	;22	;Aumentar por69.2%	;Aumentar por10.0%	;
165	;(Jueves)2026/05/14	;11	;Disminuir por60.7%	;Aumentar por10.0%	;24	;Aumentar por300.0%	;Aumentar por1100.0%	;12	;Disminuir por29.4%	;Disminuir por42.9%	;92	;Disminuir por18.6%	;Disminuir por13.2%	;527	;Aumentar por24.3%	;Aumentar por10.9%	;752	;Aumentar por17.9%	;Aumentar por41.4%	;36	;Aumentar por125.0%	;Aumentar por350.0%	;64	;Aumentar por178.3%	;Aumentar por204.8%	;
166	;(Viernes)2026/05/15	;8	;Disminuir por69.2%	;Sin cambios	;14	;Aumentar por16.7%	;Aumentar por133.3%	;19	;Aumentar por58.3%	;Disminuir por13.6%	;117	;Aumentar por5.4%	;Disminuir por4.1%	;744	;Aumentar por75.5%	;Aumentar por44.7%	;1021	;Aumentar por61.8%	;Aumentar por68.8%	;12	;Disminuir por36.8%	;Aumentar por140.0%	;31	;Disminuir por20.5%	;Aumentar por14.8%	;
167	;(Sábado)2026/05/16	;8	;Disminuir por69.2%	;Disminuir por11.1%	;16	;Aumentar por300.0%	;Aumentar por100.0%	;22	;Aumentar por15.8%	;Disminuir por12.0%	;82	;Disminuir por7.9%	;Disminuir por28.7%	;709	;Aumentar por51.5%	;Aumentar por30.8%	;861	;Aumentar por41.8%	;Aumentar por17.0%	;4	;Disminuir por69.2%	;Disminuir por55.6%	;16	;Disminuir por61.9%	;Disminuir por59.0%	;
168	;(Domingo)2026/05/17	;14	;Disminuir por57.6%	;Sin cambios	;16	;Aumentar por300.0%	;Aumentar por60.0%	;19	;Aumentar por11.8%	;Sin cambios	;61	;Disminuir por50.8%	;Disminuir por19.7%	;519	;Aumentar por9.5%	;Disminuir por16.6%	;585	;Disminuir por18.5%	;Disminuir por6.7%	;12	;Disminuir por20.0%	;Aumentar por500.0%	;20	;Disminuir por48.7%	;Sin cambios	;
169	;(Lunes)2026/05/18	;5	;Disminuir por90.9%	;Disminuir por80.8%	;8	;Aumentar por100.0%	;Aumentar por60.0%	;15	;Disminuir por16.7%	;Disminuir por11.8%	;83	;Disminuir por3.5%	;Aumentar por66.0%	;415	;Disminuir por27.1%	;Disminuir por40.7%	;599	;Disminuir por10.9%	;Aumentar por24.0%	;13	;Sin cambios	;Aumentar por30.0%	;33	;Aumentar por10.0%	;Aumentar por175.0%	;
170	;(Martes)2026/05/19	;4	;Disminuir por90.2%	;Disminuir por55.6%	;8	;Aumentar por100.0%	;Aumentar por700.0%	;13	;Disminuir por23.5%	;Disminuir por45.8%	;83	;Aumentar por59.6%	;Disminuir por33.1%	;570	;Disminuir por4.4%	;Aumentar por0.9%	;790	;Aumentar por46.0%	;Aumentar por17.6%	;5	;Disminuir por37.5%	;Disminuir por54.5%	;33	;Aumentar por65.0%	;Aumentar por22.2%	;
171	;(Miércoles)2026/05/20	;2	;Disminuir por88.2%	;Disminuir por86.7%	;8	;Aumentar por33.3%	;Aumentar por700.0%	;14	;Aumentar por7.7%	;Disminuir por33.3%	;77	;Disminuir por26.7%	;Disminuir por28.0%	;325	;Disminuir por33.4%	;Disminuir por35.0%	;547	;Disminuir por19.3%	;Disminuir por4.2%	;8	;Aumentar por14.3%	;Aumentar por60.0%	;28	;Aumentar por27.3%	;Disminuir por3.4%	;
172	;(Jueves)2026/05/21	;5	;Disminuir por84.8%	;Disminuir por44.4%	;10	;Aumentar por66.7%	;Aumentar por400.0%	;13	;Aumentar por8.3%	;Disminuir por31.6%	;80	;Disminuir por8.0%	;Disminuir por8.0%	;378	;Aumentar por3.3%	;Disminuir por24.7%	;627	;Aumentar por14.8%	;Aumentar por11.2%	;7	;Disminuir por58.8%	;Disminuir por12.5%	;33	;Sin cambios	;Aumentar por17.9%	;
173	;(Viernes)2026/05/22	;55	;Aumentar por120.0%	;Aumentar por1733.3%	;71	;Aumentar por491.7%	;Aumentar por1083.3%	;22	;Aumentar por175.0%	;Aumentar por15.8%	;108	;Aumentar por0.9%	;Aumentar por17.4%	;540	;Aumentar por66.2%	;Aumentar por0.6%	;825	;Aumentar por56.5%	;Aumentar por33.3%	;9	;Disminuir por47.1%	;Aumentar por12.5%	;53	;Aumentar por60.6%	;Aumentar por103.8%	;
174	;(Sábado)2026/05/23	;7	;Disminuir por79.4%	;Disminuir por12.5%	;12	;Aumentar por140.0%	;Aumentar por33.3%	;16	;Sin cambios	;Disminuir por48.4%	;61	;Aumentar por24.5%	;Disminuir por47.0%	;551	;Aumentar por19.0%	;Disminuir por9.4%	;692	;Aumentar por52.4%	;Aumentar por1.9%	;3	;Disminuir por50.0%	;Disminuir por76.9%	;14	;Aumentar por40.0%	;Disminuir por50.0%	;
175	;(Domingo)2026/05/24	;8	;Disminuir por81.8%	;Sin cambios	;12	;Aumentar por9.1%	;Aumentar por500.0%	;7	;Disminuir por56.3%	;Disminuir por63.2%	;60	;Disminuir por35.5%	;Disminuir por21.1%	;623	;Aumentar por18.2%	;Aumentar por14.7%	;645	;Disminuir por22.3%	;Disminuir por8.8%	;4	;Disminuir por20.0%	;Disminuir por33.3%	;21	;Disminuir por16.0%	;Aumentar por23.5%	;
176	;(Lunes)2026/05/25	;18	;Disminuir por71.0%	;Disminuir por5.3%	;24	;Aumentar por118.2%	;Aumentar por300.0%	;18	;Disminuir por21.7%	;Disminuir por10.0%	;95	;Aumentar por61.0%	;Aumentar por93.9%	;470	;Disminuir por18.4%	;Disminuir por28.8%	;727	;Aumentar por13.8%	;Aumentar por42.8%	;6	;Disminuir por64.7%	;Disminuir por25.0%	;31	;Aumentar por181.8%	;Aumentar por106.7%	;
177	;(Martes)2026/05/26	;7	;Disminuir por69.6%	;Disminuir por74.1%	;20	;Aumentar por300.0%	;Aumentar por233.3%	;26	;Aumentar por333.3%	;Aumentar por4.0%	;97	;Aumentar por125.6%	;Disminuir por23.0%	;448	;Disminuir por22.4%	;Disminuir por19.4%	;708	;Aumentar por41.6%	;Sin cambios	;8	; --%	;Disminuir por55.6%	;29	;Aumentar por262.5%	;Aumentar por7.4%	;
178	;(Miércoles)2026/05/27	;42	;Aumentar por281.8%	;Aumentar por320.0%	;52	;Aumentar por550.0%	;Aumentar por1200.0%	;35	;Aumentar por169.2%	;Aumentar por66.7%	;118	;Aumentar por24.2%	;Aumentar por12.4%	;783	;Aumentar por83.8%	;Aumentar por55.4%	;902	;Aumentar por21.9%	;Aumentar por45.2%	;9	;Aumentar por350.0%	;Disminuir por25.0%	;32	;Aumentar por113.3%	;Aumentar por52.4%	;
179	;(Jueves)2026/05/28	;6	;Disminuir por14.3%	;Disminuir por53.8%	;14	;Aumentar por100.0%	;Aumentar por600.0%	;23	;Aumentar por76.9%	;Disminuir por11.5%	;125	;Aumentar por34.4%	;Aumentar por30.2%	;692	;Aumentar por78.8%	;Aumentar por21.6%	;879	;Aumentar por43.6%	;Aumentar por54.8%	;6	;Disminuir por14.3%	;Disminuir por50.0%	;29	;Disminuir por3.3%	;Disminuir por14.7%	;
180	;(Viernes)2026/05/29	;8	;Disminuir por11.1%	;Disminuir por79.5%	;14	;Aumentar por180.0%	;Aumentar por366.7%	;16	;Aumentar por14.3%	;Disminuir por44.8%	;100	;Disminuir por12.3%	;Disminuir por2.9%	;617	;Aumentar por84.2%	;Aumentar por1.6%	;909	;Aumentar por47.3%	;Aumentar por39.0%	;10	;Aumentar por25.0%	;Disminuir por56.5%	;39	;Aumentar por85.7%	;Aumentar por11.4%	;
181	;(Sábado)2026/05/30	;37	;Aumentar por1133.3%	;Aumentar por164.3%	;52	;Aumentar por940.0%	;Aumentar por1633.3%	;21	;Aumentar por75.0%	;Disminuir por4.5%	;73	;Disminuir por53.5%	;Disminuir por48.6%	;716	;Aumentar por114.4%	;Aumentar por22.2%	;785	;Disminuir por1.5%	;Disminuir por8.4%	;6	;Aumentar por20.0%	;Disminuir por53.8%	;19	;Disminuir por5.0%	;Disminuir por42.4%	;
182	;(Domingo)2026/05/31	;4	;Disminuir por20.0%	;Disminuir por60.0%	;6	;Aumentar por100.0%	;Aumentar por20.0%	;8	;Disminuir por27.3%	;Disminuir por42.9%	;65	;Disminuir por61.8%	;Disminuir por27.8%	;675	;Aumentar por117.7%	;Disminuir por1.7%	;646	;Disminuir por32.4%	;Disminuir por36.2%	;4	;Aumentar por100.0%	;Disminuir por20.0%	;16	;Disminuir por60.0%	;Disminuir por33.3%	;
183	;(Lunes)2026/06/01	;5	;Disminuir por54.5%	;Disminuir por76.2%	;17	;Aumentar por6.3%	;Aumentar por750.0%	;21	;Aumentar por200.0%	;Disminuir por19.2%	;118	;Aumentar por18.0%	;Aumentar por93.4%	;530	;Aumentar por65.6%	;Disminuir por35.2%	;840	;Disminuir por12.6%	;Aumentar por24.6%	;19	;Aumentar por375.0%	;Aumentar por171.4%	;41	;Aumentar por2.5%	;Aumentar por127.8%	;
184	;(Martes)2026/06/02	;25	;Aumentar por127.3%	;Aumentar por92.3%	;28	;Aumentar por64.7%	;Aumentar por366.7%	;40	;Aumentar por300.0%	;Aumentar por73.9%	;133	;Aumentar por58.3%	;Aumentar por10.8%	;533	;Aumentar por33.9%	;Disminuir por6.2%	;739	;Disminuir por15.0%	;Disminuir por0.8%	;8	;Aumentar por14.3%	;Disminuir por55.6%	;24	;Disminuir por7.7%	;Disminuir por25.0%	;
185	;(Miércoles)2026/06/03	;26	;Aumentar por188.9%	;Aumentar por73.3%	;35	;Aumentar por337.5%	;Aumentar por775.0%	;49	;Aumentar por308.3%	;Aumentar por104.2%	;137	;Aumentar por17.1%	;Aumentar por4.6%	;568	;Aumentar por25.9%	;Sin cambios	;724	;Aumentar por9.7%	;Aumentar por13.3%	;11	;Aumentar por83.3%	;Aumentar por175.0%	;25	;Sin cambios	;Aumentar por4.2%	;
186	;(Jueves)2026/06/04	;5	;Disminuir por44.4%	;Disminuir por78.3%	;15	;Aumentar por150.0%	;Aumentar por114.3%	;12	;Disminuir por29.4%	;Disminuir por52.0%	;109	;Disminuir por6.0%	;Aumentar por3.8%	;411	;Aumentar por2.8%	;Disminuir por23.9%	;662	;Aumentar por5.9%	;Aumentar por5.4%	;16	;Aumentar por300.0%	;Aumentar por60.0%	;37	;Aumentar por60.9%	;Aumentar por68.2%	;
187	;(Viernes)2026/06/05	;8	;Sin cambios	;Disminuir por66.7%	;11	;Aumentar por120.0%	;Aumentar por175.0%	;19	;Disminuir por34.5%	;Disminuir por5.0%	;80	;Disminuir por27.9%	;Disminuir por40.3%	;590	;Aumentar por38.2%	;Disminuir por0.7%	;888	;Aumentar por35.2%	;Aumentar por28.5%	;11	;Aumentar por450.0%	;Disminuir por35.3%	;26	;Aumentar por18.2%	;Aumentar por85.7%	;
188	;(Sábado)2026/06/06	;1	;Disminuir por92.3%	;Disminuir por94.4%	;16	;Aumentar por14.3%	;Aumentar por45.5%	;19	;Sin cambios	;Disminuir por20.8%	;97	;Disminuir por8.5%	;Disminuir por14.2%	;610	;Aumentar por33.5%	;Aumentar por4.5%	;833	;Aumentar por33.1%	;Disminuir por8.9%	;3	;Disminuir por40.0%	;Disminuir por86.4%	;10	;Disminuir por60.0%	;Disminuir por73.7%	;
189	;(Domingo)2026/06/07	;22	;Aumentar por120.0%	;Disminuir por4.3%	;23	;Aumentar por283.3%	;Aumentar por283.3%	;20	;Disminuir por16.7%	;Sin cambios	;74	;Disminuir por33.9%	;Disminuir por15.9%	;774	;Aumentar por57.0%	;Aumentar por27.7%	;865	;Aumentar por14.9%	;Disminuir por34.1%	;3	;Sin cambios	;Disminuir por57.1%	;25	;Sin cambios	;Aumentar por4.2%	;
190	;(Lunes)2026/06/08	;9	;Aumentar por28.6%	;Disminuir por50.0%	;18	;Aumentar por125.0%	;Aumentar por500.0%	;18	;Aumentar por38.5%	;Disminuir por18.2%	;112	;Aumentar por24.4%	;Aumentar por64.7%	;475	;Disminuir por13.0%	;Disminuir por36.9%	;820	;Aumentar por18.7%	;Disminuir por4.2%	;5	;Aumentar por150.0%	;Disminuir por37.5%	;28	;Aumentar por86.7%	;Aumentar por86.7%	;
191	;(Martes)2026/06/09	;21	;Aumentar por75.0%	;Aumentar por75.0%	;29	;Aumentar por222.2%	;Aumentar por314.3%	;17	;Aumentar por112.5%	;Disminuir por39.3%	;95	;Aumentar por137.5%	;Disminuir por8.7%	;584	;Disminuir por4.6%	;Disminuir por23.6%	;814	;Aumentar por44.1%	;Disminuir por0.5%	;3	;Aumentar por200.0%	;Disminuir por72.7%	;32	;Aumentar por220.0%	;Aumentar por14.3%	;
192	;(Miércoles)2026/06/10	;24	;Aumentar por500.0%	;Aumentar por14.3%	;36	;Aumentar por1700.0%	;Aumentar por414.3%	;31	;Aumentar por158.3%	;Aumentar por121.4%	;127	;Aumentar por53.0%	;Aumentar por8.5%	;561	;Aumentar por99.6%	;Disminuir por7.0%	;808	;Aumentar por74.5%	;Aumentar por21.1%	;22	;Aumentar por633.3%	;Aumentar por120.0%	;37	;Aumentar por68.2%	;Aumentar por27.6%	;
193	;(Jueves)2026/06/11	;40	; --%	;Aumentar por263.6%	;44	; --%	;Aumentar por1366.7%	;20	; --%	;Disminuir por33.3%	;117	; --%	;Aumentar por4.5%	;524	; --%	;Disminuir por20.8%	;862	; --%	;Aumentar por21.9%	;27	; --%	;Aumentar por237.5%	;43	; --%	;Aumentar por65.4%	;
194	;(Viernes)2026/06/12	;9	;Disminuir por30.8%	;Disminuir por59.1%	;24	;Aumentar por380.0%	;Aumentar por300.0%	;22	;Aumentar por144.4%	;Disminuir por18.5%	;150	;Aumentar por89.9%	;Aumentar por41.5%	;596	;Aumentar por78.4%	;Disminuir por10.0%	;845	;Aumentar por55.3%	;Aumentar por21.9%	;10	;Aumentar por233.3%	;Disminuir por28.6%	;35	;Aumentar por75.0%	;Aumentar por40.0%	;
195	;(Sábado)2026/06/13	;14	;Aumentar por7.7%	;Disminuir por17.6%	;27	;Aumentar por1250.0%	;Aumentar por237.5%	;26	;Aumentar por188.9%	;Aumentar por4.0%	;114	;Aumentar por75.4%	;Disminuir por8.8%	;873	;Aumentar por222.1%	;Aumentar por22.8%	;988	;Aumentar por92.2%	;Aumentar por19.2%	;21	;Aumentar por200.0%	;Aumentar por162.5%	;35	;Aumentar por9.4%	;Aumentar por59.1%	;
196	;(Domingo)2026/06/14	;11	;Aumentar por10.0%	;Disminuir por8.3%	;21	;Aumentar por200.0%	;Aumentar por600.0%	;26	;Aumentar por136.4%	;Aumentar por73.3%	;72	;Disminuir por41.0%	;Sin cambios	;890	;Aumentar por123.1%	;Aumentar por22.9%	;923	;Aumentar por28.6%	;Aumentar por2.1%	;9	;Aumentar por800.0%	;Aumentar por12.5%	;26	;Disminuir por13.3%	;Aumentar por4.0%	;
197	;(Lunes)2026/06/15	;7	;Disminuir por68.2%	;Disminuir por58.8%	;15	;Aumentar por400.0%	;Aumentar por200.0%	;41	;Aumentar por115.8%	;Aumentar por272.7%	;116	;Aumentar por78.5%	;Aumentar por81.3%	;721	;Aumentar por21.6%	;Disminuir por2.3%	;940	;Aumentar por73.8%	;Aumentar por22.9%	;19	;Aumentar por216.7%	;Aumentar por280.0%	;40	;Aumentar por400.0%	;Aumentar por344.4%	;
198	;(Martes)2026/06/16	;13	;Aumentar por8.3%	;Disminuir por50.0%	;30	;Aumentar por500.0%	;Aumentar por328.6%	;23	;Aumentar por187.5%	;Disminuir por4.2%	;123	;Aumentar por161.7%	;Aumentar por8.8%	;652	;Aumentar por22.1%	;Disminuir por4.7%	;860	;Aumentar por68.3%	;Aumentar por1.4%	;9	;Aumentar por350.0%	;Disminuir por47.1%	;29	;Aumentar por262.5%	;Aumentar por11.5%	;
199	;(Miércoles)2026/06/17	;16	;Aumentar por77.8%	;Disminuir por23.8%	;25	;Aumentar por733.3%	;Aumentar por400.0%	;28	;Aumentar por75.0%	;Aumentar por7.7%	;122	;Aumentar por29.8%	;Aumentar por17.3%	;570	;Aumentar por83.9%	;Disminuir por10.5%	;760	;Aumentar por36.2%	;Aumentar por8.4%	;17	;Aumentar por70.0%	;Aumentar por21.4%	;49	;Aumentar por58.1%	;Aumentar por104.2%	;
200	;(Jueves)2026/06/18	;12	;Disminuir por29.4%	;Disminuir por50.0%	;17	;Aumentar por466.7%	;Aumentar por142.9%	;24	;Aumentar por200.0%	;Aumentar por9.1%	;135	;Aumentar por87.5%	;Aumentar por39.2%	;511	;Aumentar por80.6%	;Disminuir por18.1%	;739	;Aumentar por67.2%	;Aumentar por6.2%	;21	;Aumentar por162.5%	;Aumentar por75.0%	;30	;Aumentar por20.0%	;Aumentar por30.4%	;
201	;(Viernes)2026/06/19	;58	;Aumentar por427.3%	;Aumentar por262.5%	;66	;Aumentar por3200.0%	;Aumentar por1220.0%	;77	;Aumentar por862.5%	;Aumentar por148.4%	;185	;Aumentar por125.6%	;Aumentar por63.7%	;748	;Aumentar por185.5%	;Aumentar por22.0%	;994	;Aumentar por100.4%	;Aumentar por29.9%	;28	;Aumentar por600.0%	;Aumentar por250.0%	;45	;Aumentar por1025.0%	;Aumentar por200.0%	;
202	;(Sábado)2026/06/20	;4	;Disminuir por33.3%	;Disminuir por75.0%	;11	;Aumentar por120.0%	;Aumentar por120.0%	;13	;Aumentar por333.3%	;Disminuir por27.8%	;99	;Disminuir por5.7%	;Disminuir por12.4%	;674	;Aumentar por138.2%	;Aumentar por13.9%	;888	;Aumentar por63.2%	;Aumentar por3.1%	;6	; --%	;Disminuir por33.3%	;19	;Aumentar por90.0%	;Disminuir por47.2%	;
203	;(Domingo)2026/06/21	;14	;Sin cambios	;Disminuir por48.1%	;19	;Aumentar por533.3%	;Aumentar por375.0%	;21	;Aumentar por61.5%	;Aumentar por5.0%	;74	;Disminuir por30.8%	;Disminuir por22.1%	;921	;Aumentar por201.0%	;Aumentar por20.4%	;1072	;Aumentar por109.4%	;Disminuir por0.6%	;47	;Aumentar por2250.0%	;Aumentar por683.3%	;55	;Aumentar por161.9%	;Aumentar por139.1%	;
204	;(Lunes)2026/06/22	;13	;Aumentar por44.4%	;Disminuir por23.5%	;28	;Aumentar por600.0%	;Aumentar por460.0%	;25	;Aumentar por127.3%	;Aumentar por150.0%	;137	;Aumentar por168.6%	;Aumentar por149.1%	;831	;Aumentar por97.4%	;Aumentar por8.2%	;1262	;Aumentar por167.4%	;Aumentar por46.6%	;57	;Aumentar por1040.0%	;Aumentar por533.3%	;86	;Aumentar por975.0%	;Aumentar por975.0%	;
205	;(Martes)2026/06/23	;8	;Sin cambios	;Disminuir por46.7%	;32	;Aumentar por966.7%	;Aumentar por300.0%	;26	;Aumentar por271.4%	;Aumentar por4.0%	;135	;Aumentar por181.3%	;Disminuir por6.9%	;794	;Aumentar por94.6%	;Aumentar por15.4%	;1279	;Aumentar por235.7%	;Aumentar por13.3%	;5	;Aumentar por150.0%	;Disminuir por16.7%	;31	;Aumentar por244.4%	;Disminuir por13.9%	;
206	;(Miércoles)2026/06/24	;19	;Aumentar por111.1%	;Sin cambios	;43	;Aumentar por4200.0%	;Aumentar por377.8%	;14	;Sin cambios	;Disminuir por12.5%	;95	;Aumentar por6.7%	;Disminuir por5.0%	;945	;Aumentar por204.8%	;Aumentar por32.2%	;1284	;Aumentar por141.4%	;Aumentar por49.0%	;7	;Aumentar por250.0%	;Disminuir por41.7%	;26	;Aumentar por8.3%	;Disminuir por25.7%	;
207	;(Jueves)2026/06/25	;16	;Disminuir por5.9%	;Disminuir por20.0%	;42	;Aumentar por2000.0%	;Aumentar por425.0%	;17	;Aumentar por30.8%	;Disminuir por10.5%	;134	;Aumentar por83.6%	;Aumentar por4.7%	;808	;Aumentar por177.7%	;Aumentar por53.0%	;1163	;Aumentar por147.4%	;Aumentar por43.1%	;10	;Aumentar por100.0%	;Aumentar por42.9%	;43	;Aumentar por186.7%	;Aumentar por72.0%	;
208	;(Viernes)2026/06/26	;12	;Aumentar por50.0%	;Disminuir por20.0%	;32	;Aumentar por700.0%	;Aumentar por700.0%	;25	;Aumentar por733.3%	;Aumentar por47.1%	;142	;Aumentar por69.0%	;Aumentar por14.5%	;793	;Aumentar por199.2%	;Aumentar por45.0%	;1278	;Aumentar por160.3%	;Aumentar por46.9%	;20	;Aumentar por900.0%	;Aumentar por42.9%	;44	;Aumentar por266.7%	;Aumentar por76.0%	;
209	;(Sábado)2026/06/27	;24	;Aumentar por84.6%	;Disminuir por7.7%	;41	; --%	;Aumentar por1266.7%	;30	;Aumentar por114.3%	;Aumentar por50.0%	;115	;Aumentar por19.8%	;Disminuir por8.0%	;946	;Aumentar por241.5%	;Aumentar por74.9%	;1289	;Aumentar por142.3%	;Aumentar por29.5%	;16	; --%	;Aumentar por45.5%	;31	;Aumentar por244.4%	;Disminuir por22.5%	;
210	;(Domingo)2026/06/28	;15	;Aumentar por66.7%	;Disminuir por42.3%	;39	;Aumentar por875.0%	;Aumentar por290.0%	;16	;Aumentar por14.3%	;Disminuir por5.9%	;80	;Disminuir por8.0%	;Aumentar por3.9%	;652	;Aumentar por94.0%	;Disminuir por8.0%	;973	;Aumentar por70.1%	;Disminuir por1.4%	;6	;Aumentar por200.0%	;Sin cambios	;15	;Aumentar por7.1%	;Disminuir por55.9%	;
211	;(Lunes)2026/06/29	;18	;Aumentar por50.0%	;Disminuir por35.7%	;54	; --%	;Aumentar por800.0%	;50	;Aumentar por455.6%	;Aumentar por354.5%	;152	;Aumentar por216.7%	;Aumentar por230.4%	;688	;Aumentar por84.0%	;Aumentar por14.1%	;1070	;Aumentar por129.1%	;Aumentar por32.1%	;14	; --%	;Aumentar por600.0%	;44	;Aumentar por300.0%	;Aumentar por51.7%	;
212	;(Martes)2026/06/30	;7	;Disminuir por36.4%	;Disminuir por66.7%	;48	;Aumentar por860.0%	;Aumentar por1100.0%	;22	;Aumentar por144.4%	;Aumentar por37.5%	;114	;Aumentar por178.0%	;Aumentar por3.6%	;714	;Aumentar por95.6%	;Aumentar por22.9%	;975	;Aumentar por142.5%	;Aumentar por11.3%	;59	; --%	;Aumentar por883.3%	;86	;Aumentar por1333.3%	;Aumentar por120.5%	;
