Análisis de tipo multiobjetivo	;
Información básica	;
Hora de exportación: 2026/07/14 13:38:04	;
Operador: Touristcheck	;
Objetivo de estadísticas: C Saiz De Carlos	;
Exportar contenido:Número de personas,Vehículos a motor,Vehículos sin motor	;
Hora del informe: 2025/12/01 00:00:00 - 2026/07/14 23:59:59	;

Personas totales	; 	; 	; 	; 	; 	;Total de vehículos a motor	; 	; 	; 	; 	; 	;Total de vehículos sin motor	;
Avanzar	; 	; 	;Retroceso	; 	; 	;Avanzar	; 	; 	;Retroceso	; 	; 	;Avanzar	; 	; 	;Retroceso	;
Valor	;Tasa de cambio (ciclo tras ciclo)	;Tasa de cambio (año tras año)	;Valor	;Tasa de cambio (ciclo tras ciclo)	;Tasa de cambio (año tras año)	;Valor	;Tasa de cambio (ciclo tras ciclo)	;Tasa de cambio (año tras año)	;Valor	;Tasa de cambio (ciclo tras ciclo)	;Tasa de cambio (año tras año)	;Valor	;Tasa de cambio (ciclo tras ciclo)	;Tasa de cambio (año tras año)	;Valor	;Tasa de cambio (ciclo tras ciclo)	;Tasa de cambio (año tras año)	;
568026	;Disminuir por30.9%	;Aumentar por110.1%	;292491	;Disminuir por41.2%	;Aumentar por90.2%	;1254	;Disminuir por54.5%	;Aumentar por105.6%	;8940	;Disminuir por7.1%	;Aumentar por169.7%	;8552	;Disminuir por30.9%	;Aumentar por115.9%	;14968	;Disminuir por24.2%	;Aumentar por123.6%	;

N.º	;Hora	;Personas	; 	; 	; 	; 	; 	;Vehículos a motor	; 	; 	; 	; 	; 	;Vehículos sin motor	;
	;	;Avanzar	; 	; 	;Retroceso	; 	; 	;Avanzar	; 	; 	;Retroceso	; 	; 	;Avanzar	; 	; 	;Retroceso	;
	;	;Valor	;Tasa de cambio (ciclo tras ciclo)	;Tasa de cambio (año tras año)	;Valor	;Tasa de cambio (ciclo tras ciclo)	;Tasa de cambio (año tras año)	;Valor	;Tasa de cambio (ciclo tras ciclo)	;Tasa de cambio (año tras año)	;Valor	;Tasa de cambio (ciclo tras ciclo)	;Tasa de cambio (año tras año)	;Valor	;Tasa de cambio (ciclo tras ciclo)	;Tasa de cambio (año tras año)	;Valor	;Tasa de cambio (ciclo tras ciclo)	;Tasa de cambio (año tras año)	;
1	;(Lunes)2025/12/01	;834	; --%	; --%	;338	; --%	; --%	;11	; --%	; --%	;33	; --%	; --%	;11	; --%	; --%	;29	; --%	; --%	;
2	;(Martes)2025/12/02	;730	; --%	; --%	;259	; --%	; --%	;2	; --%	; --%	;25	; --%	; --%	;14	; --%	; --%	;33	; --%	; --%	;
3	;(Miércoles)2025/12/03	;980	; --%	; --%	;401	; --%	; --%	;8	; --%	; --%	;26	; --%	; --%	;16	; --%	; --%	;16	; --%	; --%	;
4	;(Jueves)2025/12/04	;1187	; --%	; --%	;558	; --%	; --%	;2	; --%	; --%	;15	; --%	; --%	;15	; --%	; --%	;29	; --%	; --%	;
5	;(Viernes)2025/12/05	;5132	; --%	; --%	;2782	; --%	; --%	;3	; --%	; --%	;21	; --%	; --%	;51	; --%	; --%	;83	; --%	; --%	;
6	;(Sábado)2025/12/06	;17648	; --%	; --%	;12306	; --%	; --%	;0	; --%	; --%	;7	; --%	; --%	;83	; --%	; --%	;172	; --%	; --%	;
7	;(Domingo)2025/12/07	;20474	;Aumentar por1933.2%	; --%	;10900	;Aumentar por2878.1%	; --%	;0	; --%	; --%	;5	;Aumentar por400.0%	; --%	;79	;Aumentar por1216.7%	; --%	;91	;Aumentar por658.3%	; --%	;
8	;(Lunes)2025/12/08	;7192	;Aumentar por122.9%	; --%	;3161	;Aumentar por117.1%	; --%	;2	;Sin cambios	; --%	;14	;Disminuir por54.8%	; --%	;20	;Sin cambios	; --%	;35	;Disminuir por30.0%	; --%	;
9	;(Martes)2025/12/09	;1232	;Disminuir por49.1%	; --%	;599	;Disminuir por30.2%	; --%	;3	; --%	; --%	;24	;Disminuir por35.1%	; --%	;11	;Disminuir por8.3%	; --%	;28	;Aumentar por3.7%	; --%	;
10	;(Miércoles)2025/12/10	;1164	;Aumentar por241.3%	; --%	;535	;Aumentar por365.2%	; --%	;2	;Sin cambios	; --%	;24	;Disminuir por4.0%	; --%	;17	;Aumentar por1600.0%	; --%	;34	;Aumentar por183.3%	; --%	;
11	;(Jueves)2025/12/11	;1075	;Aumentar por165.4%	; --%	;485	;Aumentar por208.9%	; --%	;2	;Aumentar por100.0%	; --%	;22	;Aumentar por37.5%	; --%	;17	;Aumentar por142.9%	; --%	;37	;Aumentar por85.0%	; --%	;
12	;(Viernes)2025/12/12	;3212	;Aumentar por140.4%	; --%	;1977	;Aumentar por275.9%	; --%	;2	;Disminuir por66.7%	; --%	;26	;Disminuir por62.9%	; --%	;53	;Aumentar por51.4%	; --%	;55	;Sin cambios	; --%	;
13	;(Sábado)2025/12/13	;7210	;Aumentar por12.0%	; --%	;3193	;Aumentar por2.6%	; --%	;1	;Sin cambios	; --%	;9	;Disminuir por66.7%	; --%	;26	;Disminuir por67.9%	; --%	;30	;Disminuir por76.7%	; --%	;
14	;(Domingo)2025/12/14	;656	;Disminuir por88.3%	; --%	;366	;Disminuir por88.1%	; --%	;3	;Disminuir por81.3%	; --%	;22	;Disminuir por69.4%	; --%	;2	;Disminuir por94.9%	; --%	;16	;Disminuir por83.5%	; --%	;
15	;(Lunes)2025/12/15	;353	;Disminuir por94.7%	; --%	;135	;Disminuir por96.2%	; --%	;2	;Sin cambios	; --%	;45	;Aumentar por18.4%	; --%	;2	;Disminuir por97.3%	; --%	;3	;Disminuir por98.3%	; --%	;
16	;(Martes)2025/12/16	;318	;Disminuir por87.2%	; --%	;163	;Disminuir por88.1%	; --%	;2	;Sin cambios	; --%	;31	;Aumentar por14.8%	; --%	;5	;Disminuir por77.3%	; --%	;13	;Disminuir por76.4%	; --%	;
17	;(Miércoles)2025/12/17	;291	;Disminuir por60.8%	; --%	;167	;Disminuir por39.1%	; --%	;1	;Sin cambios	; --%	;50	;Aumentar por8.7%	; --%	;0	;Disminuir por100.0%	; --%	;6	;Disminuir por87.5%	; --%	;
18	;(Jueves)2025/12/18	;743	;Disminuir por21.6%	; --%	;280	;Disminuir por24.3%	; --%	;0	;Disminuir por100.0%	; --%	;53	;Aumentar por6.0%	; --%	;14	;Aumentar por75.0%	; --%	;20	;Disminuir por64.9%	; --%	;
19	;(Viernes)2025/12/19	;3223	;Aumentar por323.0%	; --%	;2233	;Aumentar por560.7%	; --%	;5	;Aumentar por66.7%	; --%	;37	;Disminuir por27.5%	; --%	;65	;Aumentar por550.0%	; --%	;80	;Aumentar por105.1%	; --%	;
20	;(Sábado)2025/12/20	;6018	;Aumentar por730.1%	; --%	;3459	;Aumentar por845.1%	; --%	;1	;Disminuir por83.3%	; --%	;20	;Disminuir por60.8%	; --%	;29	;Aumentar por107.1%	; --%	;65	;Aumentar por75.7%	; --%	;
21	;(Domingo)2025/12/21	;5026	;Aumentar por246.6%	; --%	;2695	;Aumentar por333.3%	; --%	;0	;Disminuir por100.0%	; --%	;14	;Disminuir por77.8%	; --%	;35	;Aumentar por169.2%	; --%	;38	;Disminuir por13.6%	; --%	;
22	;(Lunes)2025/12/22	;1675	;Aumentar por2.6%	; --%	;787	;Aumentar por13.7%	; --%	;0	;Disminuir por100.0%	; --%	;35	;Aumentar por34.6%	; --%	;41	;Aumentar por115.8%	; --%	;58	;Aumentar por41.5%	; --%	;
23	;(Martes)2025/12/23	;1587	;Aumentar por12.2%	; --%	;680	;Aumentar por53.5%	; --%	;3	;Disminuir por57.1%	; --%	;37	;Aumentar por8.8%	; --%	;26	;Aumentar por188.9%	; --%	;19	;Disminuir por38.7%	; --%	;
24	;(Miércoles)2025/12/24	;1116	;Aumentar por33.7%	; --%	;354	;Disminuir por7.6%	; --%	;1	;Disminuir por75.0%	; --%	;40	;Disminuir por23.1%	; --%	;21	;Aumentar por90.9%	; --%	;29	;Disminuir por34.1%	; --%	;
25	;(Jueves)2025/12/25	;1324	;Aumentar por54.0%	; --%	;492	;Aumentar por47.3%	; --%	;0	;Disminuir por100.0%	; --%	;29	;Disminuir por50.0%	; --%	;3	;Disminuir por85.7%	; --%	;4	;Disminuir por90.9%	; --%	;
26	;(Viernes)2025/12/26	;2734	;Aumentar por443.5%	; --%	;1407	;Aumentar por433.0%	; --%	;1	;Disminuir por85.7%	; --%	;14	;Disminuir por63.2%	; --%	;6	;Disminuir por57.1%	; --%	;17	;Disminuir por43.3%	; --%	;
27	;(Sábado)2025/12/27	;1703	; --%	; --%	;840	; --%	; --%	;5	; --%	; --%	;26	; --%	; --%	;3	; --%	; --%	;4	; --%	; --%	;
28	;(Domingo)2025/12/28	;4461	; --%	; --%	;1622	; --%	; --%	;1	; --%	; --%	;4	; --%	; --%	;13	; --%	; --%	;17	; --%	; --%	;
29	;(Lunes)2025/12/29	;3565	; --%	; --%	;1477	; --%	; --%	;11	; --%	; --%	;32	; --%	; --%	;10	; --%	; --%	;18	; --%	; --%	;
30	;(Martes)2025/12/30	;7279	; --%	; --%	;4234	; --%	; --%	;3	; --%	; --%	;32	; --%	; --%	;26	; --%	; --%	;23	; --%	; --%	;
31	;(Miércoles)2025/12/31	;3743	; --%	; --%	;1336	; --%	; --%	;3	; --%	; --%	;15	; --%	; --%	;21	; --%	; --%	;40	; --%	; --%	;
32	;(Jueves)2026/01/01	;7004	; --%	; --%	;3142	; --%	; --%	;4	; --%	; --%	;4	; --%	; --%	;34	; --%	; --%	;30	; --%	; --%	;
33	;(Viernes)2026/01/02	;4148	; --%	; --%	;1706	; --%	; --%	;0	; --%	; --%	;23	; --%	; --%	;31	; --%	; --%	;41	; --%	; --%	;
34	;(Sábado)2026/01/03	;4043	; --%	; --%	;1715	; --%	; --%	;2	; --%	; --%	;20	; --%	; --%	;16	; --%	; --%	;26	; --%	; --%	;
35	;(Domingo)2026/01/04	;1473	;Aumentar por2.1%	; --%	;486	;Disminuir por12.1%	; --%	;0	;Disminuir por100.0%	; --%	;14	;Disminuir por17.6%	; --%	;6	;Disminuir por45.5%	; --%	;6	;Disminuir por82.4%	; --%	;
36	;(Lunes)2026/01/05	;732	;Disminuir por78.5%	; --%	;292	;Disminuir por80.8%	; --%	;2	; --%	; --%	;40	;Aumentar por42.9%	; --%	;3	;Disminuir por92.7%	; --%	;13	;Disminuir por85.4%	; --%	;
37	;(Martes)2026/01/06	;706	;Disminuir por75.1%	; --%	;256	;Disminuir por80.2%	; --%	;2	; --%	; --%	;19	;Aumentar por90.0%	; --%	;8	;Disminuir por72.4%	; --%	;17	;Disminuir por61.4%	; --%	;
38	;(Miércoles)2026/01/07	;336	;Disminuir por67.7%	; --%	;117	;Disminuir por72.3%	; --%	;6	;Aumentar por500.0%	; --%	;36	;Disminuir por23.4%	; --%	;11	;Disminuir por38.9%	; --%	;24	;Disminuir por41.5%	; --%	;
39	;(Jueves)2026/01/08	;313	;Disminuir por70.5%	; --%	;125	;Disminuir por70.2%	; --%	;0	;Disminuir por100.0%	; --%	;38	;Disminuir por22.4%	; --%	;12	;Disminuir por25.0%	; --%	;27	;Disminuir por44.9%	; --%	;
40	;(Viernes)2026/01/09	;432	;Disminuir por59.5%	; --%	;196	;Disminuir por49.7%	; --%	;2	;Disminuir por77.8%	; --%	;49	;Disminuir por30.0%	; --%	;16	;Disminuir por15.8%	; --%	;15	;Disminuir por71.2%	; --%	;
41	;(Sábado)2026/01/10	;879	;Disminuir por28.8%	; --%	;322	;Disminuir por39.1%	; --%	;1	;Disminuir por95.8%	; --%	;20	;Disminuir por75.0%	; --%	;18	;Disminuir por35.7%	; --%	;28	;Disminuir por40.4%	; --%	;
42	;(Domingo)2026/01/11	;649	;Disminuir por84.0%	; --%	;163	;Disminuir por94.4%	; --%	;0	;Disminuir por100.0%	; --%	;23	;Disminuir por65.2%	; --%	;16	;Disminuir por42.9%	; --%	;9	;Disminuir por82.0%	; --%	;
43	;(Lunes)2026/01/12	;245	;Disminuir por95.1%	; --%	;96	;Disminuir por96.5%	; --%	;2	;Disminuir por33.3%	; --%	;41	;Aumentar por24.2%	; --%	;12	;Disminuir por77.4%	; --%	;31	;Disminuir por49.2%	; --%	;
44	;(Martes)2026/01/13	;302	;Disminuir por88.4%	; --%	;178	;Disminuir por84.4%	; --%	;2	;Disminuir por60.0%	; --%	;51	;Aumentar por142.9%	; --%	;10	;Disminuir por67.7%	; --%	;36	;Disminuir por14.3%	; --%	;
45	;(Miércoles)2026/01/14	;303	;Disminuir por76.3%	; --%	;144	;Disminuir por69.6%	; --%	;2	;Disminuir por96.5%	; --%	;42	;Disminuir por56.3%	; --%	;10	;Disminuir por28.6%	; --%	;28	;Disminuir por36.4%	; --%	;
46	;(Jueves)2026/01/15	;265	;Disminuir por78.8%	; --%	;153	;Disminuir por68.1%	; --%	;30	;Aumentar por100.0%	; --%	;70	;Disminuir por1.4%	; --%	;16	;Aumentar por33.3%	; --%	;28	;Disminuir por15.2%	; --%	;
47	;(Viernes)2026/01/16	;284	;Disminuir por78.0%	; --%	;131	;Disminuir por78.5%	; --%	;2	;Disminuir por84.6%	; --%	;37	;Disminuir por41.3%	; --%	;12	;Disminuir por42.9%	; --%	;27	;Disminuir por53.4%	; --%	;
48	;(Sábado)2026/01/17	;390	;Disminuir por76.3%	; --%	;193	;Disminuir por78.8%	; --%	;8	;Aumentar por300.0%	; --%	;42	;Disminuir por14.3%	; --%	;5	;Disminuir por90.7%	; --%	;7	;Disminuir por93.1%	; --%	;
49	;(Domingo)2026/01/18	;559	;Disminuir por81.7%	; --%	;173	;Disminuir por90.6%	; --%	;5	;Sin cambios	; --%	;25	;Disminuir por41.9%	; --%	;11	;Disminuir por82.0%	; --%	;12	;Disminuir por83.8%	; --%	;
50	;(Lunes)2026/01/19	;148	;Disminuir por97.7%	; --%	;103	;Disminuir por97.5%	; --%	;3	;Aumentar por50.0%	; --%	;52	;Aumentar por147.6%	; --%	;2	;Disminuir por98.0%	; --%	;15	;Disminuir por88.8%	; --%	;
51	;(Martes)2026/01/20	;226	;Disminuir por94.2%	; --%	;139	;Disminuir por92.5%	; --%	;3	;Aumentar por50.0%	; --%	;60	;Aumentar por252.9%	; --%	;3	;Disminuir por91.2%	; --%	;10	;Disminuir por80.8%	; --%	;
52	;(Miércoles)2026/01/21	;238	;Disminuir por89.2%	; --%	;132	;Disminuir por86.5%	; --%	;5	;Disminuir por89.8%	; --%	;45	;Disminuir por52.1%	; --%	;11	;Disminuir por59.3%	; --%	;21	;Disminuir por65.6%	; --%	;
53	;(Jueves)2026/01/22	;292	;Disminuir por89.4%	; --%	;126	;Disminuir por91.6%	; --%	;3	;Disminuir por57.1%	; --%	;52	;Aumentar por10.6%	; --%	;4	;Disminuir por85.7%	; --%	;24	;Disminuir por57.1%	; --%	;
54	;(Viernes)2026/01/23	;470	;Disminuir por81.0%	; --%	;231	;Disminuir por81.1%	; --%	;193	;Aumentar por9550.0%	; --%	;241	;Aumentar por447.7%	; --%	;9	;Disminuir por83.3%	; --%	;29	;Disminuir por62.8%	; --%	;
55	;(Sábado)2026/01/24	;982	;Disminuir por53.8%	; --%	;581	;Disminuir por39.7%	; --%	;2	;Disminuir por96.4%	; --%	;30	;Disminuir por68.1%	; --%	;44	;Sin cambios	; --%	;49	;Disminuir por18.3%	; --%	;
56	;(Domingo)2026/01/25	;1160	;Disminuir por74.1%	; --%	;651	;Disminuir por76.9%	; --%	;2	;Sin cambios	; --%	;17	;Disminuir por59.5%	; --%	;36	;Disminuir por47.1%	; --%	;49	;Disminuir por66.0%	; --%	;
57	;(Lunes)2026/01/26	;257	;Disminuir por96.1%	; --%	;132	;Disminuir por96.0%	; --%	;7	;Aumentar por600.0%	; --%	;50	;Aumentar por100.0%	; --%	;11	;Disminuir por76.1%	; --%	;30	;Disminuir por65.5%	; --%	;
58	;(Martes)2026/01/27	;247	;Disminuir por92.1%	; --%	;134	;Disminuir por90.6%	; --%	;2	;Disminuir por33.3%	; --%	;49	;Aumentar por122.7%	; --%	;18	;Aumentar por12.5%	; --%	;25	;Disminuir por47.9%	; --%	;
59	;(Miércoles)2026/01/28	;245	;Disminuir por93.1%	; --%	;93	;Disminuir por95.5%	; --%	;2	;Disminuir por33.3%	; --%	;41	;Disminuir por2.4%	; --%	;2	;Disminuir por98.8%	; --%	;15	;Disminuir por94.9%	; --%	;
60	;(Jueves)2026/01/29	;342	;Disminuir por91.1%	; --%	;157	;Disminuir por93.6%	; --%	;2	;Disminuir por50.0%	; --%	;30	;Aumentar por3.4%	; --%	;9	;Disminuir por66.7%	; --%	;19	;Disminuir por71.2%	; --%	;
61	;(Viernes)2026/01/30	;483	;Disminuir por85.0%	; --%	;193	;Disminuir por90.2%	; --%	;2	;Disminuir por33.3%	; --%	;43	;Disminuir por15.7%	; --%	;14	;Disminuir por86.3%	; --%	;32	;Disminuir por80.2%	; --%	;
62	;(Sábado)2026/01/31	;742	;Disminuir por80.7%	; --%	;240	;Disminuir por89.7%	; --%	;1	;Disminuir por90.9%	; --%	;19	;Disminuir por59.6%	; --%	;5	;Disminuir por94.3%	; --%	;20	;Disminuir por83.6%	; --%	;
63	;(Domingo)2026/02/01	;749	;Disminuir por84.7%	; --%	;240	;Disminuir por91.5%	; --%	;0	;Disminuir por100.0%	; --%	;18	;Disminuir por83.8%	; --%	;17	;Disminuir por91.6%	; --%	;21	;Disminuir por94.2%	; --%	;
64	;(Lunes)2026/02/02	;229	;Disminuir por97.3%	; --%	;118	;Disminuir por97.8%	; --%	;1	;Sin cambios	; --%	;45	;Sin cambios	; --%	;5	;Disminuir por90.4%	; --%	;28	;Disminuir por62.7%	; --%	;
65	;(Martes)2026/02/03	;321	;Disminuir por94.6%	; --%	;184	;Disminuir por94.5%	; --%	;2	;Disminuir por33.3%	; --%	;42	;Aumentar por121.1%	; --%	;15	;Disminuir por84.5%	; --%	;32	;Disminuir por74.6%	; --%	;
66	;(Miércoles)2026/02/04	;325	;Disminuir por95.3%	; --%	;225	;Disminuir por95.2%	; --%	;1	;Disminuir por88.9%	; --%	;50	;Disminuir por13.8%	; --%	;11	;Disminuir por89.6%	; --%	;29	;Disminuir por78.0%	; --%	;
67	;(Jueves)2026/02/05	;348	;Disminuir por94.3%	; --%	;179	;Disminuir por95.2%	; --%	;4	;Disminuir por42.9%	; --%	;50	;Aumentar por8.7%	; --%	;8	;Disminuir por91.1%	; --%	;22	;Disminuir por84.9%	; --%	;
68	;(Viernes)2026/02/06	;418	;Disminuir por84.7%	; --%	;150	;Disminuir por89.5%	; --%	;2	;Disminuir por94.7%	; --%	;48	;Disminuir por40.7%	; --%	;11	;Disminuir por78.8%	; --%	;33	;Disminuir por68.0%	; --%	;
69	;(Sábado)2026/02/07	;915	; --%	; --%	;382	; --%	; --%	;1	; --%	; --%	;26	; --%	; --%	;10	; --%	; --%	;24	; --%	; --%	;
70	;(Domingo)2026/02/08	;720	;Disminuir por86.9%	; --%	;219	;Disminuir por93.4%	; --%	;1	;Sin cambios	; --%	;18	;Disminuir por37.9%	; --%	;20	;Disminuir por59.2%	; --%	;22	;Disminuir por68.6%	; --%	;
71	;(Lunes)2026/02/09	;274	;Disminuir por96.3%	; --%	;126	;Disminuir por97.2%	; --%	;2	;Aumentar por100.0%	; --%	;44	;Aumentar por41.9%	; --%	;10	;Disminuir por86.3%	; --%	;30	;Disminuir por69.1%	; --%	;
72	;(Martes)2026/02/10	;429	;Disminuir por92.8%	; --%	;193	;Disminuir por95.0%	; --%	;1	;Sin cambios	; --%	;49	;Aumentar por172.2%	; --%	;13	;Disminuir por85.6%	; --%	;42	;Disminuir por70.0%	; --%	;
73	;(Miércoles)2026/02/11	;296	;Disminuir por93.5%	; --%	;112	;Disminuir por96.2%	; --%	;3	;Aumentar por200.0%	; --%	;42	;Disminuir por8.7%	; --%	;24	;Disminuir por82.5%	; --%	;36	;Disminuir por68.1%	; --%	;
74	;(Jueves)2026/02/12	;401	;Disminuir por89.4%	; --%	;145	;Disminuir por93.2%	; --%	;2	;Disminuir por92.9%	; --%	;43	;Disminuir por41.1%	; --%	;13	;Disminuir por76.8%	; --%	;27	;Disminuir por74.8%	; --%	;
75	;(Viernes)2026/02/13	;422	;Disminuir por91.5%	; --%	;184	;Disminuir por94.1%	; --%	;3	;Sin cambios	; --%	;53	;Disminuir por15.9%	; --%	;5	;Disminuir por91.2%	; --%	;22	;Disminuir por79.6%	; --%	;
76	;(Sábado)2026/02/14	;449	;Disminuir por92.0%	; --%	;187	;Disminuir por94.7%	; --%	;3	;Disminuir por50.0%	; --%	;21	;Disminuir por64.4%	; --%	;0	;Disminuir por100.0%	; --%	;7	;Disminuir por95.3%	; --%	;
77	;(Domingo)2026/02/15	;1186	;Disminuir por82.9%	; --%	;290	;Disminuir por93.8%	; --%	;2	;Disminuir por33.3%	; --%	;17	;Disminuir por67.3%	; --%	;3	;Disminuir por96.1%	; --%	;21	;Disminuir por88.3%	; --%	;
78	;(Lunes)2026/02/16	;425	;Disminuir por95.6%	; --%	;179	;Disminuir por97.0%	; --%	;2	;Disminuir por33.3%	; --%	;49	;Aumentar por58.1%	; --%	;17	;Disminuir por74.6%	; --%	;37	;Disminuir por71.3%	; --%	;
79	;(Martes)2026/02/17	;610	;Disminuir por91.3%	; --%	;261	;Disminuir por94.3%	; --%	;1	;Disminuir por50.0%	; --%	;46	;Aumentar por84.0%	; --%	;16	;Disminuir por70.9%	; --%	;30	;Disminuir por68.8%	; --%	;
80	;(Miércoles)2026/02/18	;496	;Disminuir por91.7%	; --%	;223	;Disminuir por94.1%	; --%	;0	;Disminuir por100.0%	; --%	;48	;Disminuir por14.3%	; --%	;13	;Disminuir por92.4%	; --%	;24	;Disminuir por89.0%	; --%	;
81	;(Jueves)2026/02/19	;514	;Disminuir por92.7%	; --%	;218	;Disminuir por94.6%	; --%	;43	;Aumentar por2050.0%	; --%	;92	;Aumentar por104.4%	; --%	;19	;Disminuir por86.6%	; --%	;33	;Disminuir por83.3%	; --%	;
82	;(Viernes)2026/02/20	;762	;Disminuir por87.5%	; --%	;269	;Disminuir por90.6%	; --%	;1	;Disminuir por96.0%	; --%	;48	;Disminuir por35.1%	; --%	;11	;Disminuir por93.8%	; --%	;40	;Disminuir por77.5%	; --%	;
83	;(Sábado)2026/02/21	;1292	;Disminuir por76.3%	; --%	;356	;Disminuir por88.6%	; --%	;0	;Disminuir por100.0%	; --%	;28	;Disminuir por44.0%	; --%	;14	;Disminuir por78.1%	; --%	;21	;Disminuir por83.7%	; --%	;
84	;(Domingo)2026/02/22	;1009	;Disminuir por83.7%	; --%	;240	;Disminuir por93.5%	; --%	;1	;Disminuir por93.3%	; --%	;23	;Disminuir por48.9%	; --%	;8	;Disminuir por92.2%	; --%	;25	;Disminuir por82.0%	; --%	;
85	;(Lunes)2026/02/23	;472	;Disminuir por94.1%	; --%	;147	;Disminuir por97.1%	; --%	;1	;Sin cambios	; --%	;45	;Aumentar por7.1%	; --%	;14	;Disminuir por53.3%	; --%	;29	;Disminuir por55.4%	; --%	;
86	;(Martes)2026/02/24	;474	;Disminuir por94.2%	; --%	;222	;Disminuir por96.0%	; --%	;1	;Sin cambios	; --%	;38	;Aumentar por35.7%	; --%	;6	;Disminuir por94.5%	; --%	;33	;Disminuir por84.1%	; --%	;
87	;(Miércoles)2026/02/25	;393	;Disminuir por93.7%	; --%	;194	;Disminuir por94.9%	; --%	;1	;Disminuir por66.7%	; --%	;43	;Disminuir por24.6%	; --%	;9	;Disminuir por90.9%	; --%	;30	;Disminuir por85.1%	; --%	;
88	;(Jueves)2026/02/26	;559	;Disminuir por91.3%	; --%	;201	;Disminuir por94.8%	; --%	;6	;Aumentar por100.0%	; --%	;51	;Aumentar por24.4%	; --%	;14	;Disminuir por87.6%	; --%	;27	;Disminuir por90.8%	; --%	;
89	;(Viernes)2026/02/27	;711	;Disminuir por87.8%	; --%	;267	;Disminuir por92.1%	; --%	;3	;Disminuir por25.0%	; --%	;44	;Disminuir por18.5%	; --%	;10	;Disminuir por89.8%	; --%	;31	;Disminuir por76.5%	; --%	;
90	;(Sábado)2026/02/28	;1620	;Disminuir por75.9%	; --%	;606	;Disminuir por84.3%	; --%	;1	;Disminuir por80.0%	; --%	;31	;Disminuir por42.6%	; --%	;7	;Disminuir por92.5%	; --%	;31	;Disminuir por76.3%	; --%	;
91	;(Domingo)2026/03/01	;1035	;Aumentar por241.6%	; --%	;297	;Aumentar por22.7%	; --%	;0	; --%	; --%	;20	;Aumentar por566.7%	; --%	;20	;Aumentar por400.0%	; --%	;24	;Aumentar por380.0%	; --%	;
92	;(Lunes)2026/03/02	;398	; --%	; --%	;187	; --%	; --%	;1	; --%	; --%	;56	; --%	; --%	;5	; --%	; --%	;17	; --%	; --%	;
93	;(Martes)2026/03/03	;296	; --%	; --%	;114	; --%	; --%	;4	; --%	; --%	;21	; --%	; --%	;4	; --%	; --%	;19	; --%	; --%	;
94	;(Miércoles)2026/03/04	;321	; --%	; --%	;116	; --%	; --%	;1	; --%	; --%	;34	; --%	; --%	;3	; --%	; --%	;12	; --%	; --%	;
95	;(Jueves)2026/03/05	;285	; --%	; --%	;127	; --%	; --%	;4	; --%	; --%	;50	; --%	; --%	;7	; --%	; --%	;8	; --%	; --%	;
96	;(Viernes)2026/03/06	;369	; --%	; --%	;139	; --%	; --%	;3	; --%	; --%	;50	; --%	; --%	;4	; --%	; --%	;12	; --%	; --%	;
97	;(Sábado)2026/03/07	;432	; --%	; --%	;216	; --%	; --%	;3	; --%	; --%	;40	; --%	; --%	;0	; --%	; --%	;10	; --%	; --%	;
98	;(Domingo)2026/03/08	;993	; --%	; --%	;244	; --%	; --%	;3	; --%	; --%	;24	; --%	; --%	;8	; --%	; --%	;13	; --%	; --%	;
99	;(Lunes)2026/03/09	;372	; --%	; --%	;171	; --%	; --%	;4	; --%	; --%	;48	; --%	; --%	;11	; --%	; --%	;30	; --%	; --%	;
100	;(Martes)2026/03/10	;430	; --%	; --%	;203	; --%	; --%	;2	; --%	; --%	;43	; --%	; --%	;13	; --%	; --%	;24	; --%	; --%	;
101	;(Miércoles)2026/03/11	;583	;Disminuir por70.6%	; --%	;247	;Disminuir por68.8%	; --%	;2	; --%	; --%	;52	;Aumentar por477.8%	; --%	;20	;Aumentar por185.7%	; --%	;23	;Disminuir por8.0%	; --%	;
102	;(Jueves)2026/03/12	;679	;Aumentar por16875.0%	; --%	;226	; --%	; --%	;3	; --%	; --%	;39	;Aumentar por3800.0%	; --%	;16	; --%	; --%	;42	; --%	; --%	;
103	;(Viernes)2026/03/13	;677	;Disminuir por90.9%	; --%	;311	;Disminuir por92.8%	; --%	;3	; --%	; --%	;46	;Aumentar por142.1%	; --%	;9	;Disminuir por86.2%	; --%	;39	;Disminuir por68.0%	; --%	;
104	;(Sábado)2026/03/14	;1215	;Disminuir por84.7%	; --%	;398	;Disminuir por92.2%	; --%	;1	;Disminuir por50.0%	; --%	;35	;Disminuir por28.6%	; --%	;11	;Disminuir por91.6%	; --%	;27	;Disminuir por82.9%	; --%	;
105	;(Domingo)2026/03/15	;1126	;Disminuir por86.9%	; --%	;339	;Disminuir por93.3%	; --%	;1	;Disminuir por88.9%	; --%	;32	;Disminuir por38.5%	; --%	;6	;Disminuir por94.1%	; --%	;19	;Disminuir por88.5%	; --%	;
106	;(Lunes)2026/03/16	;733	;Disminuir por92.9%	; --%	;316	;Disminuir por95.3%	; --%	;1	;Disminuir por93.3%	; --%	;49	;Disminuir por5.8%	; --%	;14	;Disminuir por83.3%	; --%	;43	;Disminuir por64.5%	; --%	;
107	;(Martes)2026/03/17	;902	;Disminuir por89.3%	; --%	;328	;Disminuir por93.7%	; --%	;0	;Disminuir por100.0%	; --%	;41	;Aumentar por78.3%	; --%	;20	;Disminuir por77.5%	; --%	;34	;Disminuir por80.1%	; --%	;
108	;(Miércoles)2026/03/18	;1043	;Disminuir por88.6%	; --%	;464	;Disminuir por91.4%	; --%	;5	; --%	; --%	;58	;Aumentar por52.6%	; --%	;12	;Disminuir por91.2%	; --%	;34	;Disminuir por78.8%	; --%	;
109	;(Jueves)2026/03/19	;1195	;Disminuir por85.6%	; --%	;268	;Disminuir por94.2%	; --%	;0	;Disminuir por100.0%	; --%	;29	;Disminuir por42.0%	; --%	;14	;Disminuir por81.6%	; --%	;45	;Disminuir por55.9%	; --%	;
110	;(Viernes)2026/03/20	;1629	;Disminuir por79.4%	; --%	;464	;Disminuir por89.2%	; --%	;0	;Disminuir por100.0%	; --%	;52	;Aumentar por6.1%	; --%	;7	;Disminuir por94.4%	; --%	;33	;Disminuir por73.2%	; --%	;
111	;(Sábado)2026/03/21	;2356	;Disminuir por78.6%	; --%	;614	;Disminuir por92.0%	; --%	;1	;Disminuir por98.4%	; --%	;43	;Disminuir por59.0%	; --%	;15	;Disminuir por89.8%	; --%	;34	;Disminuir por84.5%	; --%	;
112	;(Domingo)2026/03/22	;1345	;Disminuir por88.3%	; --%	;408	;Disminuir por94.7%	; --%	;1	;Disminuir por66.7%	; --%	;36	;Disminuir por12.2%	; --%	;4	;Disminuir por96.5%	; --%	;30	;Disminuir por87.8%	; --%	;
113	;(Lunes)2026/03/23	;646	;Disminuir por92.8%	; --%	;283	;Disminuir por94.6%	; --%	;5	;Aumentar por150.0%	; --%	;70	;Aumentar por100.0%	; --%	;7	;Disminuir por96.5%	; --%	;24	;Disminuir por91.5%	; --%	;
114	;(Martes)2026/03/24	;835	;Disminuir por91.1%	; --%	;306	;Disminuir por94.6%	; --%	;2	;Aumentar por100.0%	; --%	;50	;Aumentar por100.0%	; --%	;15	;Disminuir por85.7%	; --%	;47	;Disminuir por78.0%	; --%	;
115	;(Miércoles)2026/03/25	;357	;Disminuir por96.3%	; --%	;98	;Disminuir por98.4%	; --%	;0	; --%	; --%	;22	;Disminuir por37.1%	; --%	;11	;Disminuir por87.9%	; --%	;23	;Disminuir por83.3%	; --%	;
116	;(Jueves)2026/03/26	;628	;Disminuir por92.6%	; --%	;228	;Disminuir por95.6%	; --%	;8	;Disminuir por46.7%	; --%	;53	;Disminuir por26.4%	; --%	;12	;Disminuir por88.5%	; --%	;45	;Disminuir por71.7%	; --%	;
117	;(Viernes)2026/03/27	;1037	;Disminuir por90.1%	; --%	;387	;Disminuir por94.2%	; --%	;4	;Disminuir por20.0%	; --%	;50	;Sin cambios	; --%	;33	;Disminuir por80.9%	; --%	;44	;Disminuir por82.5%	; --%	;
118	;(Sábado)2026/03/28	;2347	;Disminuir por75.6%	; --%	;765	;Disminuir por87.9%	; --%	;0	;Disminuir por100.0%	; --%	;36	;Disminuir por54.4%	; --%	;17	;Disminuir por91.3%	; --%	;44	;Disminuir por86.7%	; --%	;
119	;(Domingo)2026/03/29	;2093	;Disminuir por77.5%	; --%	;974	;Disminuir por82.1%	; --%	;5	;Disminuir por64.3%	; --%	;29	;Disminuir por39.6%	; --%	;10	;Disminuir por91.3%	; --%	;28	;Disminuir por80.3%	; --%	;
120	;(Lunes)2026/03/30	;2098	;Disminuir por79.0%	; --%	;792	;Disminuir por86.9%	; --%	;6	;Disminuir por66.7%	; --%	;54	;Aumentar por25.6%	; --%	;15	;Disminuir por86.2%	; --%	;62	;Disminuir por78.3%	; --%	;
121	;(Martes)2026/03/31	;2303	;Disminuir por71.8%	; --%	;869	;Disminuir por81.7%	; --%	;0	;Disminuir por100.0%	; --%	;46	;Aumentar por64.3%	; --%	;41	;Disminuir por68.9%	; --%	;58	;Disminuir por61.8%	; --%	;
122	;(Miércoles)2026/04/01	;2410	;Disminuir por62.5%	; --%	;931	;Disminuir por72.3%	; --%	;4	;Aumentar por300.0%	; --%	;52	;Aumentar por40.5%	; --%	;28	;Disminuir por83.2%	; --%	;67	;Disminuir por48.1%	; --%	;
123	;(Jueves)2026/04/02	;8010	;Disminuir por13.9%	; --%	;4317	;Disminuir por17.1%	; --%	;4	;Disminuir por60.0%	; --%	;44	;Disminuir por13.7%	; --%	;43	;Disminuir por52.2%	; --%	;90	;Disminuir por46.4%	; --%	;
124	;(Viernes)2026/04/03	;12516	;Aumentar por18.4%	; --%	;7782	;Aumentar por17.0%	; --%	;1	;Sin cambios	; --%	;17	;Disminuir por41.4%	; --%	;135	;Disminuir por45.6%	; --%	;155	;Disminuir por50.9%	; --%	;
125	;(Sábado)2026/04/04	;10491	;Disminuir por0.6%	; --%	;5503	;Disminuir por18.9%	; --%	;3	;Disminuir por85.7%	; --%	;19	;Disminuir por67.2%	; --%	;243	;Aumentar por52.8%	; --%	;284	;Aumentar por12.3%	; --%	;
126	;(Domingo)2026/04/05	;7716	;Disminuir por13.2%	; --%	;3373	;Disminuir por40.0%	; --%	;2	;Disminuir por75.0%	; --%	;18	;Disminuir por60.9%	; --%	;134	;Disminuir por47.0%	; --%	;245	;Disminuir por16.1%	; --%	;
127	;(Lunes)2026/04/06	;3548	;Disminuir por64.3%	; --%	;1257	;Disminuir por80.5%	; --%	;15	;Aumentar por650.0%	; --%	;29	;Aumentar por11.5%	; --%	;42	;Disminuir por74.7%	; --%	;72	;Disminuir por71.0%	; --%	;
128	;(Martes)2026/04/07	;1554	;Disminuir por79.8%	; --%	;596	;Disminuir por87.3%	; --%	;1	;Disminuir por66.7%	; --%	;50	;Aumentar por100.0%	; --%	;10	;Disminuir por90.3%	; --%	;64	;Disminuir por54.9%	; --%	;
129	;(Miércoles)2026/04/08	;1400	;Disminuir por79.7%	; --%	;548	;Disminuir por86.6%	; --%	;2	;Aumentar por100.0%	; --%	;40	;Disminuir por13.0%	; --%	;14	;Disminuir por79.1%	; --%	;51	;Disminuir por51.9%	; --%	;
130	;(Jueves)2026/04/09	;1707	;Disminuir por77.3%	; --%	;693	;Disminuir por85.7%	; --%	;4	;Aumentar por33.3%	; --%	;44	;Disminuir por4.3%	; --%	;29	;Disminuir por73.4%	; --%	;63	;Disminuir por59.1%	; --%	;
131	;(Viernes)2026/04/10	;1880	;Disminuir por73.9%	; --%	;776	;Disminuir por81.2%	; --%	;3	;Disminuir por99.6%	; --%	;35	;Disminuir por95.2%	; --%	;47	;Disminuir por48.9%	; --%	;54	;Disminuir por52.6%	; --%	;
132	;(Sábado)2026/04/11	;3999	;Disminuir por59.6%	; --%	;2211	;Disminuir por67.6%	; --%	;1	;Disminuir por80.0%	; --%	;18	;Disminuir por64.0%	; --%	;34	;Disminuir por71.4%	; --%	;59	;Disminuir por66.1%	; --%	;
133	;(Domingo)2026/04/12	;856	;Disminuir por88.6%	; --%	;492	;Disminuir por89.6%	; --%	;2	;Disminuir por50.0%	; --%	;30	;Disminuir por28.6%	; --%	;4	;Disminuir por96.3%	; --%	;12	;Disminuir por91.7%	; --%	;
134	;(Lunes)2026/04/13	;1078	;Disminuir por86.2%	; --%	;359	;Disminuir por92.4%	; --%	;1	;Disminuir por50.0%	; --%	;28	;Disminuir por3.4%	; --%	;9	;Disminuir por91.4%	; --%	;19	;Disminuir por87.8%	; --%	;
135	;(Martes)2026/04/14	;795	;Disminuir por87.1%	; --%	;285	;Disminuir por92.7%	; --%	;1	;Disminuir por99.3%	; --%	;56	;Disminuir por66.1%	; --%	;12	;Disminuir por83.3%	; --%	;32	;Disminuir por66.3%	; --%	;
136	;(Miércoles)2026/04/15	;808	;Disminuir por58.3%	; --%	;283	;Disminuir por67.5%	; --%	;7	;Aumentar por600.0%	; --%	;58	;Aumentar por52.6%	; --%	;21	;Disminuir por16.0%	; --%	;45	;Disminuir por28.6%	; --%	;
137	;(Jueves)2026/04/16	;806	;Disminuir por87.0%	; --%	;313	;Disminuir por92.6%	; --%	;0	; --%	; --%	;30	;Aumentar por400.0%	; --%	;12	;Disminuir por93.6%	; --%	;40	;Disminuir por83.6%	; --%	;
138	;(Viernes)2026/04/17	;1276	;Disminuir por76.9%	; --%	;430	;Disminuir por87.6%	; --%	;4	; --%	; --%	;47	;Aumentar por17.5%	; --%	;16	;Disminuir por85.2%	; --%	;43	;Disminuir por72.8%	; --%	;
139	;(Sábado)2026/04/18	;2361	;Disminuir por57.7%	; --%	;925	;Disminuir por73.4%	; --%	;1	;Disminuir por75.0%	; --%	;22	;Disminuir por45.0%	; --%	;18	;Disminuir por86.8%	; --%	;57	;Disminuir por76.8%	; --%	;
140	;(Domingo)2026/04/19	;1593	;Disminuir por73.3%	; --%	;678	;Disminuir por79.1%	; --%	;2	;Disminuir por50.0%	; --%	;14	;Disminuir por67.4%	; --%	;22	;Disminuir por87.3%	; --%	;31	;Disminuir por85.3%	; --%	;
141	;(Lunes)2026/04/20	;856	;Disminuir por89.3%	; --%	;255	;Disminuir por94.9%	; --%	;1	;Disminuir por75.0%	; --%	;45	;Aumentar por9.8%	; --%	;7	;Disminuir por94.2%	; --%	;40	;Disminuir por80.3%	; --%	;
142	;(Martes)2026/04/21	;657	;Disminuir por84.0%	; --%	;211	;Disminuir por87.7%	; --%	;0	;Disminuir por100.0%	; --%	;32	;Sin cambios	; --%	;10	;Disminuir por70.6%	; --%	;36	;Disminuir por50.7%	; --%	;
143	;(Miércoles)2026/04/22	;847	;Disminuir por67.1%	; --%	;309	;Disminuir por75.9%	; --%	;2	; --%	; --%	;52	;Aumentar por173.7%	; --%	;11	;Disminuir por31.3%	; --%	;51	;Disminuir por22.7%	; --%	;
144	;(Jueves)2026/04/23	;1852	;Disminuir por50.9%	; --%	;597	;Disminuir por62.0%	; --%	;3	;Disminuir por40.0%	; --%	;41	;Aumentar por70.8%	; --%	;4	;Disminuir por69.2%	; --%	;45	;Disminuir por16.7%	; --%	;
145	;(Viernes)2026/04/24	;2528	;Aumentar por6.0%	; --%	;783	;Disminuir por42.6%	; --%	;3	;Disminuir por91.7%	; --%	;9	;Disminuir por85.0%	; --%	;81	;Aumentar por376.5%	; --%	;55	;Aumentar por52.8%	; --%	;
146	;(Sábado)2026/04/25	;4374	;Disminuir por57.3%	;Aumentar por334.4%	;1600	;Disminuir por81.5%	;Aumentar por337.2%	;7	;Disminuir por41.7%	; --%	;13	;Disminuir por59.4%	;Aumentar por1200.0%	;61	;Disminuir por76.7%	;Aumentar por916.7%	;86	;Disminuir por71.0%	;Aumentar por616.7%	;
147	;(Domingo)2026/04/26	;4146	;Disminuir por72.5%	;Aumentar por28.5%	;1455	;Disminuir por89.0%	;Disminuir por0.1%	;4	;Aumentar por300.0%	;Aumentar por100.0%	;5	;Disminuir por83.3%	;Disminuir por83.9%	;26	;Disminuir por84.4%	;Aumentar por30.0%	;77	;Disminuir por68.8%	;Aumentar por54.0%	;
148	;(Lunes)2026/04/27	;825	;Disminuir por90.8%	;Disminuir por65.9%	;260	;Disminuir por96.0%	;Disminuir por69.7%	;6	;Aumentar por500.0%	; --%	;43	;Aumentar por230.8%	;Aumentar por16.2%	;22	;Disminuir por91.0%	;Aumentar por83.3%	;51	;Disminuir por86.0%	;Aumentar por88.9%	;
149	;(Martes)2026/04/28	;891	;Disminuir por64.8%	;Aumentar por161.3%	;258	;Disminuir por79.1%	;Aumentar por124.3%	;1	;Disminuir por83.3%	;Disminuir por50.0%	;55	;Aumentar por323.1%	;Aumentar por120.0%	;19	;Sin cambios	;Aumentar por1800.0%	;52	;Aumentar por57.6%	;Aumentar por333.3%	;
150	;(Miércoles)2026/04/29	;1097	;Disminuir por58.4%	;Aumentar por170.9%	;306	;Disminuir por81.4%	;Aumentar por94.9%	;3	; --%	;Aumentar por200.0%	;54	;Aumentar por74.2%	;Aumentar por237.5%	;16	;Disminuir por71.9%	;Aumentar por128.6%	;48	;Disminuir por35.1%	;Aumentar por140.0%	;
151	;(Jueves)2026/04/30	;1670	;Disminuir por17.2%	;Aumentar por25.0%	;716	;Disminuir por35.9%	;Aumentar por36.1%	;4	;Disminuir por60.0%	;Disminuir por33.3%	;49	;Disminuir por22.2%	;Disminuir por30.0%	;46	;Aumentar por31.4%	;Aumentar por31.4%	;69	;Aumentar por6.2%	;Aumentar por25.5%	;
152	;(Viernes)2026/05/01	;6698	;Aumentar por187.5%	;Aumentar por4.0%	;3133	;Aumentar por162.6%	;Aumentar por0.6%	;29	;Aumentar por625.0%	;Aumentar por2800.0%	;50	;Aumentar por19.0%	;Aumentar por85.2%	;85	;Disminuir por5.6%	;Aumentar por4.9%	;114	;Aumentar por14.0%	;Disminuir por11.6%	;
153	;(Sábado)2026/05/02	;6052	;Aumentar por76.6%	;Aumentar por7.6%	;3270	;Aumentar por49.4%	;Aumentar por6.3%	;3	;Disminuir por78.6%	;Disminuir por81.3%	;17	;Disminuir por70.7%	;Disminuir por76.4%	;79	;Disminuir por25.5%	;Aumentar por102.6%	;153	;Disminuir por2.5%	;Aumentar por57.7%	;
154	;(Domingo)2026/05/03	;2275	;Disminuir por52.8%	;Disminuir por66.1%	;863	;Disminuir por74.4%	;Disminuir por75.8%	;18	;Aumentar por125.0%	;Aumentar por800.0%	;35	;Disminuir por25.5%	;Disminuir por7.9%	;27	;Disminuir por83.8%	;Disminuir por63.0%	;39	;Disminuir por81.9%	;Disminuir por77.5%	;
155	;(Lunes)2026/05/04	;581	;Disminuir por87.8%	;Disminuir por76.7%	;218	;Disminuir por92.7%	;Disminuir por84.1%	;2	;Aumentar por100.0%	;Sin cambios	;55	;Aumentar por175.0%	;Aumentar por103.7%	;6	;Disminuir por97.3%	;Disminuir por72.7%	;18	;Disminuir por94.6%	;Disminuir por67.3%	;
156	;(Martes)2026/05/05	;627	;Disminuir por71.8%	;Disminuir por15.5%	;232	;Disminuir por75.3%	;Disminuir por15.3%	;0	; --%	;Disminuir por100.0%	;57	;Aumentar por137.5%	;Aumentar por23.9%	;12	;Disminuir por20.0%	;Sin cambios	;37	;Aumentar por27.6%	;Disminuir por22.9%	;
157	;(Miércoles)2026/05/06	;946	;Disminuir por68.3%	;Disminuir por0.2%	;361	;Disminuir por78.0%	;Disminuir por2.4%	;1	;Disminuir por50.0%	;Disminuir por66.7%	;55	;Aumentar por17.0%	;Aumentar por10.0%	;10	;Disminuir por84.4%	;Aumentar por25.0%	;45	;Disminuir por68.3%	;Disminuir por21.1%	;
158	;(Jueves)2026/05/07	;957	;Disminuir por65.0%	;Aumentar por25.6%	;373	;Disminuir por75.8%	;Aumentar por10.4%	;6	;Disminuir por25.0%	;Aumentar por100.0%	;46	;Disminuir por24.6%	;Disminuir por9.8%	;16	;Disminuir por54.3%	;Aumentar por60.0%	;45	;Disminuir por28.6%	;Aumentar por15.4%	;
159	;(Viernes)2026/05/08	;1298	;Disminuir por47.0%	;Aumentar por79.0%	;499	;Disminuir por63.0%	;Aumentar por36.3%	;1	;Sin cambios	;Disminuir por83.3%	;48	;Aumentar por26.3%	;Disminuir por5.9%	;18	;Disminuir por85.9%	;Aumentar por28.6%	;46	;Disminuir por48.9%	;Aumentar por24.3%	;
160	;(Sábado)2026/05/09	;1593	;Disminuir por16.5%	;Aumentar por9.9%	;617	;Disminuir por23.6%	;Disminuir por0.8%	;8	;Disminuir por20.0%	;Aumentar por100.0%	;38	;Disminuir por34.5%	;Disminuir por39.7%	;9	;Disminuir por79.5%	;Disminuir por30.8%	;23	;Disminuir por62.9%	;Disminuir por47.7%	;
161	;(Domingo)2026/05/10	;2072	;Disminuir por44.1%	;Aumentar por26.9%	;766	;Disminuir por66.5%	;Aumentar por10.7%	;2	;Sin cambios	;Disminuir por33.3%	;18	;Disminuir por60.9%	;Disminuir por30.8%	;50	;Disminuir por65.5%	;Aumentar por163.2%	;53	;Disminuir por74.1%	;Aumentar por29.3%	;
162	;(Lunes)2026/05/11	;971	;Disminuir por77.3%	;Disminuir por31.3%	;302	;Disminuir por86.8%	;Disminuir por31.8%	;7	;Aumentar por600.0%	;Sin cambios	;56	;Aumentar por64.7%	;Aumentar por64.7%	;11	;Disminuir por94.1%	;Aumentar por22.2%	;49	;Disminuir por77.5%	;Aumentar por58.1%	;
163	;(Martes)2026/05/12	;867	;Disminuir por48.1%	;Aumentar por3.8%	;275	;Disminuir por53.6%	;Disminuir por28.2%	;1	;Sin cambios	;Disminuir por75.0%	;50	;Aumentar por66.7%	;Disminuir por3.8%	;22	;Aumentar por22.2%	;Aumentar por100.0%	;40	;Aumentar por17.6%	;Disminuir por9.1%	;
164	;(Miércoles)2026/05/13	;989	;Aumentar por16383.3%	;Aumentar por15.0%	;433	;Aumentar por7116.7%	;Aumentar por29.6%	;1	; --%	;Disminuir por90.9%	;44	;Aumentar por4300.0%	;Disminuir por24.1%	;22	; --%	;Aumentar por4.8%	;43	; --%	;Disminuir por2.3%	;
165	;(Jueves)2026/05/14	;1091	;Aumentar por25.4%	;Aumentar por116.9%	;388	;Aumentar por13.5%	;Aumentar por47.0%	;1	; --%	;Disminuir por85.7%	;47	;Aumentar por113.6%	;Aumentar por23.7%	;9	;Disminuir por50.0%	;Disminuir por35.7%	;56	;Aumentar por55.6%	;Aumentar por86.7%	;
166	;(Viernes)2026/05/15	;2233	;Aumentar por98.7%	; --%	;809	;Aumentar por44.7%	; --%	;5	;Disminuir por64.3%	; --%	;51	;Disminuir por22.7%	; --%	;31	;Aumentar por72.2%	; --%	;63	;Aumentar por28.6%	; --%	;
167	;(Sábado)2026/05/16	;3230	;Aumentar por159.2%	; --%	;1126	;Aumentar por91.8%	; --%	;0	;Disminuir por100.0%	; --%	;26	;Disminuir por46.9%	; --%	;29	;Disminuir por35.6%	; --%	;41	;Disminuir por58.2%	; --%	;
168	;(Domingo)2026/05/17	;1887	;Aumentar por4.5%	; --%	;732	;Disminuir por26.4%	; --%	;0	;Disminuir por100.0%	; --%	;18	;Disminuir por59.1%	; --%	;27	;Aumentar por22.7%	; --%	;48	;Disminuir por20.0%	; --%	;
169	;(Lunes)2026/05/18	;1032	;Disminuir por60.9%	; --%	;361	;Disminuir por63.4%	; --%	;1	;Sin cambios	; --%	;43	;Aumentar por87.0%	; --%	;10	;Disminuir por73.7%	; --%	;40	;Disminuir por54.0%	; --%	;
170	;(Martes)2026/05/19	;862	;Disminuir por59.8%	; --%	;316	;Disminuir por51.6%	; --%	;0	;Disminuir por100.0%	; --%	;52	;Aumentar por79.3%	; --%	;14	;Disminuir por50.0%	; --%	;43	;Aumentar por10.3%	; --%	;
171	;(Miércoles)2026/05/20	;1060	;Aumentar por13.6%	; --%	;372	;Disminuir por18.8%	; --%	;0	;Disminuir por100.0%	; --%	;47	;Disminuir por23.0%	; --%	;11	;Aumentar por22.2%	; --%	;42	;Disminuir por28.8%	; --%	;
172	;(Jueves)2026/05/21	;1027	;Disminuir por1.3%	; --%	;410	;Aumentar por14.2%	; --%	;3	;Disminuir por25.0%	; --%	;49	;Disminuir por16.9%	; --%	;16	;Disminuir por15.8%	; --%	;57	;Aumentar por9.6%	; --%	;
173	;(Viernes)2026/05/22	;2818	;Aumentar por176.3%	; --%	;1485	;Aumentar por286.7%	; --%	;1	;Disminuir por85.7%	; --%	;34	;Disminuir por44.3%	; --%	;50	;Aumentar por66.7%	; --%	;78	;Aumentar por62.5%	; --%	;
174	;(Sábado)2026/05/23	;4299	;Aumentar por185.8%	;Aumentar por197.9%	;2131	;Aumentar por304.4%	;Aumentar por285.4%	;5	;Disminuir por75.0%	;Aumentar por150.0%	;23	;Disminuir por17.9%	;Aumentar por35.3%	;72	;Aumentar por278.9%	;Aumentar por554.5%	;80	;Aumentar por400.0%	;Aumentar por135.3%	;
175	;(Domingo)2026/05/24	;3614	;Aumentar por77.6%	;Aumentar por6.2%	;1357	;Aumentar por83.4%	;Disminuir por10.8%	;4	;Aumentar por33.3%	; --%	;16	;Disminuir por27.3%	;Disminuir por42.9%	;38	;Aumentar por72.7%	;Disminuir por7.3%	;51	;Aumentar por131.8%	;Disminuir por42.7%	;
176	;(Lunes)2026/05/25	;1356	;Aumentar por18.5%	;Disminuir por52.3%	;527	;Aumentar por36.5%	;Disminuir por59.3%	;9	;Aumentar por800.0%	; --%	;68	;Aumentar por78.9%	;Aumentar por580.0%	;17	;Aumentar por466.7%	;Disminuir por41.4%	;55	;Aumentar por816.7%	;Aumentar por25.0%	;
177	;(Martes)2026/05/26	;1237	;Aumentar por28.7%	;Aumentar por18.8%	;454	;Aumentar por48.9%	;Aumentar por7.6%	;0	;Disminuir por100.0%	;Disminuir por100.0%	;52	;Aumentar por100.0%	;Aumentar por10.6%	;12	;Aumentar por300.0%	;Disminuir por33.3%	;46	;Aumentar por360.0%	;Aumentar por12.2%	;
178	;(Miércoles)2026/05/27	;1272	;Aumentar por165.6%	;Aumentar por19.8%	;428	;Aumentar por87.7%	;Aumentar por2.1%	;1	;Disminuir por93.8%	;Disminuir por66.7%	;44	;Disminuir por38.0%	;Disminuir por10.2%	;9	;Aumentar por80.0%	;Disminuir por43.8%	;48	;Aumentar por118.2%	;Disminuir por2.0%	;
179	;(Jueves)2026/05/28	;1151	;Aumentar por45.9%	;Aumentar por7.9%	;527	;Aumentar por63.7%	;Aumentar por35.1%	;1	;Disminuir por99.7%	;Disminuir por88.9%	;30	;Disminuir por92.8%	;Disminuir por57.1%	;12	;Disminuir por29.4%	;Disminuir por36.8%	;45	;Disminuir por15.1%	;Disminuir por13.5%	;
180	;(Viernes)2026/05/29	;2931	;Aumentar por273.9%	;Aumentar por137.3%	;1642	;Aumentar por575.7%	;Aumentar por210.4%	;2	;Aumentar por100.0%	;Disminuir por91.7%	;45	;Disminuir por4.3%	;Disminuir por43.8%	;39	;Aumentar por129.4%	;Aumentar por39.3%	;63	;Aumentar por50.0%	;Aumentar por34.0%	;
181	;(Sábado)2026/05/30	;5312	;Aumentar por748.6%	;Aumentar por30.7%	;3082	;Aumentar por1123.0%	;Aumentar por6.8%	;3	;Aumentar por200.0%	;Disminuir por72.7%	;28	;Disminuir por37.8%	;Disminuir por57.6%	;84	;Aumentar por500.0%	;Aumentar por200.0%	;108	;Aumentar por145.5%	;Aumentar por116.0%	;
182	;(Domingo)2026/05/31	;2794	;Aumentar por167.9%	;Disminuir por43.7%	;1275	;Aumentar por306.1%	;Disminuir por53.7%	;1	;Disminuir por80.0%	;Disminuir por66.7%	;12	;Disminuir por64.7%	;Disminuir por63.6%	;23	;Aumentar por9.5%	;Disminuir por56.6%	;39	;Disminuir por23.5%	;Disminuir por36.1%	;
183	;(Lunes)2026/06/01	;1057	;Disminuir por51.7%	;Disminuir por59.4%	;431	;Disminuir por36.5%	;Disminuir por62.2%	;4	;Aumentar por300.0%	;Disminuir por20.0%	;46	;Aumentar por283.3%	;Aumentar por119.0%	;13	;Disminuir por62.9%	;Disminuir por58.1%	;48	;Aumentar por20.0%	;Aumentar por14.3%	;
184	;(Martes)2026/06/02	;1242	;Disminuir por11.3%	;Disminuir por2.7%	;532	;Aumentar por13.4%	;Aumentar por12.2%	;2	;Aumentar por100.0%	;Disminuir por96.5%	;50	;Aumentar por163.2%	;Disminuir por47.9%	;22	;Aumentar por22.2%	;Aumentar por57.1%	;64	;Aumentar por45.5%	;Aumentar por45.5%	;
185	;(Miércoles)2026/06/03	;1700	;Aumentar por111.7%	;Aumentar por35.8%	;701	;Aumentar por169.6%	;Aumentar por46.3%	;4	;Sin cambios	;Disminuir por73.3%	;40	;Disminuir por27.3%	;Disminuir por43.7%	;17	;Aumentar por13.3%	;Aumentar por41.7%	;53	;Aumentar por26.2%	;Aumentar por60.6%	;
186	;(Jueves)2026/06/04	;1664	;Aumentar por125.2%	;Aumentar por28.8%	;792	;Aumentar por175.0%	;Aumentar por30.0%	;2	;Disminuir por33.3%	;Disminuir por84.6%	;49	;Aumentar por25.6%	;Disminuir por22.2%	;17	;Aumentar por21.4%	;Disminuir por19.0%	;71	;Aumentar por102.9%	;Aumentar por22.4%	;
187	;(Viernes)2026/06/05	;4495	;Aumentar por464.0%	;Aumentar por173.1%	;2715	;Aumentar por859.4%	;Aumentar por198.4%	;9	;Aumentar por800.0%	;Aumentar por350.0%	;71	;Aumentar por82.1%	;Aumentar por44.9%	;48	;Aumentar por242.9%	;Disminuir por11.1%	;121	;Aumentar por146.9%	;Aumentar por19.8%	;
188	;(Sábado)2026/06/06	;6617	;Aumentar por701.1%	;Aumentar por116.8%	;3812	;Aumentar por1044.7%	;Aumentar por106.7%	;5	;Sin cambios	;Sin cambios	;25	;Disminuir por39.0%	;Disminuir por41.9%	;179	;Aumentar por842.1%	;Aumentar por193.4%	;242	;Aumentar por332.1%	;Aumentar por227.0%	;
189	;(Domingo)2026/06/07	;4211	;Aumentar por305.7%	;Disminuir por34.8%	;2202	;Aumentar por532.8%	;Disminuir por46.8%	;2	;Sin cambios	;Sin cambios	;14	;Disminuir por73.1%	;Disminuir por33.3%	;66	;Aumentar por230.0%	;Disminuir por32.7%	;125	;Aumentar por101.6%	;Disminuir por6.7%	;
190	;(Lunes)2026/06/08	;3445	;Aumentar por29.8%	;Disminuir por11.9%	;2063	;Aumentar por136.6%	;Aumentar por11.4%	;4	;Aumentar por300.0%	;Aumentar por100.0%	;40	;Aumentar por263.6%	;Aumentar por135.3%	;68	;Aumentar por195.7%	;Aumentar por100.0%	;112	;Aumentar por239.4%	;Aumentar por115.4%	;
191	;(Martes)2026/06/09	;3100	;Aumentar por175.6%	;Aumentar por40.2%	;1823	;Aumentar por449.1%	;Aumentar por87.0%	;1	; --%	;Disminuir por98.0%	;41	;Aumentar por105.0%	;Disminuir por56.4%	;73	;Aumentar por461.5%	;Aumentar por170.4%	;142	;Aumentar por517.4%	;Aumentar por132.8%	;
192	;(Miércoles)2026/06/10	;3390	;Aumentar por356.3%	;Aumentar por22.9%	;2048	;Aumentar por684.7%	;Aumentar por36.4%	;3	;Disminuir por25.0%	;Disminuir por57.1%	;49	;Aumentar por6.5%	;Aumentar por4.3%	;161	;Aumentar por1241.7%	;Aumentar por475.0%	;257	;Aumentar por594.6%	;Aumentar por358.9%	;
193	;(Jueves)2026/06/11	;2801	;Aumentar por260.5%	;Aumentar por13.3%	;1500	;Aumentar por426.3%	;Aumentar por22.7%	;0	; --%	;Disminuir por100.0%	;41	;Disminuir por22.6%	;Disminuir por6.8%	;81	;Aumentar por376.5%	;Aumentar por50.0%	;126	;Aumentar por186.4%	;Aumentar por61.5%	;
194	;(Viernes)2026/06/12	;5341	;Aumentar por822.5%	;Aumentar por151.5%	;3282	;Aumentar por1296.6%	;Aumentar por240.5%	;5	; --%	;Disminuir por90.9%	;43	;Disminuir por24.6%	;Disminuir por54.3%	;168	;Aumentar por4100.0%	;Aumentar por281.8%	;232	;Aumentar por728.6%	;Aumentar por286.7%	;
195	;(Sábado)2026/06/13	;8878	;Aumentar por1532.0%	;Aumentar por98.0%	;5926	;Aumentar por3035.4%	;Aumentar por110.6%	;63	;Aumentar por3050.0%	;Aumentar por3050.0%	;81	;Aumentar por88.4%	;Aumentar por92.9%	;146	;Aumentar por873.3%	;Aumentar por114.7%	;185	;Aumentar por460.6%	;Aumentar por28.5%	;
196	;(Domingo)2026/06/14	;4517	;Aumentar por430.2%	;Disminuir por31.5%	;2457	;Aumentar por727.3%	;Disminuir por24.7%	;1	;Disminuir por50.0%	;Sin cambios	;18	;Disminuir por70.5%	;Disminuir por28.0%	;101	;Aumentar por676.9%	;Aumentar por119.6%	;176	;Aumentar por282.6%	;Aumentar por102.3%	;
197	;(Lunes)2026/06/15	;2731	;Aumentar por13.6%	;Disminuir por13.2%	;1417	;Aumentar por70.1%	;Disminuir por0.8%	;5	;Aumentar por66.7%	;Aumentar por66.7%	;43	;Aumentar por26.5%	;Aumentar por95.5%	;37	;Aumentar por131.3%	;Aumentar por131.3%	;88	;Aumentar por131.6%	;Aumentar por83.3%	;
198	;(Martes)2026/06/16	;3103	;Aumentar por135.8%	;Disminuir por12.5%	;1736	;Aumentar por290.1%	;Disminuir por15.6%	;2	;Sin cambios	;Disminuir por33.3%	;40	;Aumentar por100.0%	;Disminuir por4.8%	;30	;Aumentar por66.7%	;Disminuir por82.2%	;67	;Aumentar por168.0%	;Disminuir por77.1%	;
199	;(Miércoles)2026/06/17	;3684	;Aumentar por1023.2%	;Disminuir por4.2%	;1998	;Aumentar por1141.0%	;Disminuir por18.8%	;0	;Disminuir por100.0%	;Disminuir por100.0%	;44	;Aumentar por25.7%	;Aumentar por51.7%	;63	;Aumentar por472.7%	;Aumentar por133.3%	;134	;Aumentar por282.9%	;Aumentar por103.0%	;
200	;(Jueves)2026/06/18	;4146	;Aumentar por2037.1%	;Aumentar por28.6%	;2441	;Aumentar por2642.7%	;Aumentar por24.4%	;4	;Aumentar por100.0%	;Aumentar por33.3%	;49	;Aumentar por63.3%	;Disminuir por3.9%	;205	;Aumentar por2828.6%	;Aumentar por101.0%	;303	;Aumentar por1494.7%	;Aumentar por87.0%	;
201	;(Viernes)2026/06/19	;5543	;Aumentar por1285.8%	;Aumentar por44.3%	;3629	;Aumentar por1628.1%	;Aumentar por56.0%	;6	;Aumentar por20.0%	;Disminuir por45.5%	;61	;Aumentar por1.7%	;Aumentar por29.8%	;167	;Aumentar por1291.7%	;Aumentar por92.0%	;242	;Aumentar por633.3%	;Aumentar por98.4%	;
202	;(Sábado)2026/06/20	;8708	;Aumentar por2110.2%	;Aumentar por78.0%	;5233	;Aumentar por2516.5%	;Aumentar por84.7%	;7	;Aumentar por133.3%	;Disminuir por90.0%	;31	;Disminuir por47.5%	;Disminuir por72.1%	;175	;Aumentar por993.8%	;Disminuir por13.4%	;217	;Aumentar por538.2%	;Disminuir por39.9%	;
203	;(Domingo)2026/06/21	;5272	;Aumentar por775.7%	;Disminuir por38.1%	;3042	;Aumentar por1172.8%	;Disminuir por43.5%	;26	;Aumentar por2500.0%	;Aumentar por2500.0%	;44	;Disminuir por6.4%	;Disminuir por2.2%	;82	;Aumentar por192.9%	;Aumentar por57.7%	;149	;Aumentar por272.5%	;Aumentar por98.7%	;
204	;(Lunes)2026/06/22	;4818	;Aumentar por291.1%	;Disminuir por18.4%	;2831	;Aumentar por563.0%	;Disminuir por15.4%	;1	; --%	;Disminuir por66.7%	;49	;Aumentar por75.0%	;Aumentar por157.9%	;46	;Aumentar por475.0%	;Disminuir por52.6%	;91	;Aumentar por203.3%	;Disminuir por27.8%	;
205	;(Martes)2026/06/23	;5061	;Aumentar por412.8%	;Disminuir por27.0%	;2984	;Aumentar por921.9%	;Disminuir por36.7%	;2	;Aumentar por100.0%	;Disminuir por77.8%	;47	;Aumentar por88.0%	;Disminuir por19.0%	;123	;Aumentar por392.0%	;Aumentar por16.0%	;226	;Aumentar por804.0%	;Aumentar por71.2%	;
206	;(Miércoles)2026/06/24	;6645	;Aumentar por1599.5%	;Aumentar por8.4%	;3998	;Aumentar por2049.5%	;Aumentar por6.6%	;3	;Disminuir por25.0%	;Disminuir por57.1%	;36	;Disminuir por23.4%	;Disminuir por21.7%	;133	;Aumentar por923.1%	;Aumentar por47.8%	;171	;Aumentar por297.7%	;Aumentar por17.1%	;
207	;(Jueves)2026/06/25	;7375	;Aumentar por1615.1%	;Aumentar por170.1%	;4916	;Aumentar por2263.5%	;Aumentar por245.2%	;2	;Disminuir por71.4%	;Disminuir por94.7%	;48	;Aumentar por17.1%	;Disminuir por40.7%	;375	;Aumentar por2400.0%	;Aumentar por621.2%	;468	;Aumentar por1772.0%	;Aumentar por354.4%	;
208	;(Viernes)2026/06/26	;7770	;Aumentar por1939.4%	; --%	;5094	;Aumentar por2794.3%	; --%	;2	;Aumentar por100.0%	; --%	;42	;Aumentar por7.7%	; --%	;174	;Aumentar por2800.0%	; --%	;270	;Aumentar por527.9%	; --%	;
209	;(Sábado)2026/06/27	;8964	;Aumentar por1729.4%	;Aumentar por63.3%	;5532	;Aumentar por2585.4%	;Aumentar por67.2%	;172	;Aumentar por3340.0%	;Aumentar por17100.0%	;192	;Aumentar por346.5%	;Aumentar por562.1%	;109	;Aumentar por990.0%	;Aumentar por122.4%	;231	;Aumentar por463.4%	;Aumentar por230.0%	;
210	;(Domingo)2026/06/28	;5421	;Aumentar por788.7%	;Disminuir por27.3%	;2931	;Aumentar por1141.9%	;Disminuir por36.0%	;31	;Aumentar por520.0%	;Aumentar por3000.0%	;58	;Aumentar por18.4%	;Aumentar por87.1%	;71	;Aumentar por238.1%	;Disminuir por2.7%	;172	;Aumentar por405.9%	;Aumentar por77.3%	;
211	;(Lunes)2026/06/29	;4438	;Aumentar por285.9%	;Disminuir por25.9%	;2536	;Aumentar por463.6%	;Disminuir por34.3%	;1	;Disminuir por50.0%	;Sin cambios	;45	;Aumentar por36.4%	;Aumentar por150.0%	;79	;Aumentar por295.0%	;Disminuir por12.2%	;104	;Aumentar por271.4%	;Disminuir por25.7%	;
212	;(Martes)2026/06/30	;4684	;Aumentar por421.6%	;Aumentar por2.1%	;2701	;Aumentar por752.1%	;Disminuir por9.0%	;2	;Aumentar por100.0%	;Aumentar por100.0%	;38	;Aumentar por111.1%	;Disminuir por17.4%	;122	;Aumentar por430.4%	;Disminuir por10.9%	;222	;Aumentar por957.1%	;Aumentar por96.5%	;
213	;(Miércoles)2026/07/01	;5398	;Aumentar por1270.1%	;Aumentar por42.7%	;3029	;Aumentar por1611.3%	;Aumentar por42.8%	;40	;Aumentar por566.7%	;Aumentar por42.9%	;76	;Aumentar por100.0%	;Aumentar por4.1%	;75	;Aumentar por971.4%	;Aumentar por33.9%	;128	;Aumentar por178.3%	;Aumentar por19.6%	;
214	;(Jueves)2026/07/02	;3420	;Aumentar por750.7%	;Disminuir por30.7%	;1652	;Aumentar por828.1%	;Disminuir por47.1%	;5	;Disminuir por97.8%	;Aumentar por66.7%	;34	;Disminuir por85.8%	;Disminuir por46.0%	;22	;Aumentar por46.7%	;Disminuir por61.4%	;83	;Aumentar por159.4%	;Disminuir por23.1%	;
215	;(Viernes)2026/07/03	;7872	;Aumentar por3061.4%	;Aumentar por40.7%	;5123	;Aumentar por4433.6%	;Aumentar por45.8%	;9	;Sin cambios	;Aumentar por50.0%	;19	;Aumentar por111.1%	;Disminuir por67.8%	;173	;Aumentar por861.1%	;Aumentar por21.8%	;170	;Aumentar por672.7%	;Aumentar por14.1%	;
216	;(Sábado)2026/07/04	;9007	;Aumentar por2163.1%	;Aumentar por29.7%	;5129	;Aumentar por2718.1%	;Aumentar por9.8%	;10	;Disminuir por50.0%	;Aumentar por233.3%	;37	;Aumentar por85.0%	;Disminuir por28.8%	;82	;Aumentar por355.6%	;Aumentar por6.5%	;141	;Aumentar por605.0%	;Disminuir por21.7%	;
217	;(Domingo)2026/07/05	;7977	;Aumentar por876.4%	;Disminuir por16.5%	;4790	;Aumentar por747.8%	;Disminuir por19.9%	;16	;Disminuir por50.0%	;Aumentar por433.3%	;43	;Aumentar por30.3%	;Aumentar por38.7%	;189	;Aumentar por1250.0%	;Aumentar por182.1%	;232	;Aumentar por1446.7%	;Aumentar por79.8%	;
218	;(Lunes)2026/07/06	;2919	;Disminuir por87.1%	;Disminuir por58.5%	;1335	;Disminuir por93.8%	;Disminuir por70.9%	;3	;Disminuir por70.0%	;Aumentar por50.0%	;37	;Aumentar por270.0%	;Aumentar por48.0%	;29	;Aumentar por93.3%	;Disminuir por47.3%	;75	;Aumentar por150.0%	;Disminuir por21.9%	;
219	;(Martes)2026/07/07	;7392	;Disminuir por35.7%	;Aumentar por23.4%	;4258	;Disminuir por60.4%	;Aumentar por13.2%	;5	;Disminuir por44.4%	;Aumentar por25.0%	;36	;Aumentar por300.0%	;Disminuir por35.7%	;90	;Aumentar por800.0%	;Disminuir por47.4%	;171	;Aumentar por489.7%	;Disminuir por21.6%	;
220	;(Miércoles)2026/07/08	;6115	;Aumentar por1448.1%	;Disminuir por13.1%	;3732	;Aumentar por1652.1%	;Disminuir por7.8%	;3	;Disminuir por81.3%	;Aumentar por50.0%	;51	;Aumentar por218.8%	;Aumentar por13.3%	;118	;Aumentar por807.7%	;Disminuir por16.9%	;172	;Aumentar por647.8%	;Disminuir por13.1%	;
221	;(Jueves)2026/07/09	;6032	;Aumentar por1785.0%	;Disminuir por1.3%	;3506	;Aumentar por2773.8%	;Aumentar por22.6%	;6	;Disminuir por14.3%	;Disminuir por76.0%	;55	;Aumentar por7.8%	;Disminuir por25.7%	;171	;Aumentar por755.0%	;Disminuir por3.4%	;209	;Aumentar por620.7%	;Aumentar por17.4%	;
222	;(Viernes)2026/07/10	;3564	;Aumentar por1456.3%	;Disminuir por34.6%	;1756	;Aumentar por1102.7%	;Disminuir por43.6%	;2	;Disminuir por50.0%	;Disminuir por71.4%	;51	;Aumentar por50.0%	;Aumentar por2.0%	;33	;Aumentar por266.7%	;Disminuir por48.4%	;91	;Aumentar por355.0%	;Disminuir por29.5%	;
223	;(Sábado)2026/07/11	;10805	;Aumentar por1731.4%	;Aumentar por75.1%	;7061	;Aumentar por3010.6%	;Aumentar por92.0%	;15	;Aumentar por275.0%	;Sin cambios	;40	;Disminuir por9.1%	;Disminuir por11.1%	;192	;Aumentar por1029.4%	;Aumentar por86.4%	;258	;Aumentar por545.0%	;Aumentar por85.6%	;
224	;(Domingo)2026/07/12	;9562	;Disminuir por12.3%	;Aumentar por19.0%	;6131	;Disminuir por29.1%	;Aumentar por23.0%	;1	;Disminuir por87.5%	;Sin cambios	;16	;Disminuir por56.8%	;Disminuir por61.9%	;197	;Aumentar por497.0%	;Aumentar por556.7%	;448	;Aumentar por833.3%	;Aumentar por589.2%	;
225	;(Lunes)2026/07/13	;6449	;Disminuir por47.9%	;Disminuir por21.4%	;4043	;Disminuir por53.1%	;Disminuir por26.7%	;16	;Aumentar por1500.0%	;Aumentar por1500.0%	;68	;Aumentar por1260.0%	;Aumentar por142.9%	;118	;Aumentar por81.5%	;Aumentar por7.3%	;228	;Aumentar por235.3%	;Aumentar por9.6%	;
226	;(Martes)2026/07/14	;657	;Disminuir por84.5%	;Disminuir por89.4%	;440	;Disminuir por76.8%	;Disminuir por88.5%	;5	;Aumentar por400.0%	;Aumentar por66.7%	;29	;Aumentar por314.3%	;Disminuir por49.1%	;9	;Disminuir por65.4%	;Disminuir por90.9%	;33	;Disminuir por29.8%	;Disminuir por83.7%	;

Exportar contenido:Subtipos de vehículos a motor	;
Hora del informe: 2025/12/01 00:00:00 - 2026/07/14 23:59:59	;

N.º	;Hora	;Autobuses	; 	; 	; 	; 	; 	;Monovolúmenes	; 	; 	; 	; 	; 	;Sedanes pequeños	; 	; 	; 	; 	; 	;Camiones	;
	;	;Avanzar	; 	; 	;Retroceso	; 	; 	;Avanzar	; 	; 	;Retroceso	; 	; 	;Avanzar	; 	; 	;Retroceso	; 	; 	;Avanzar	; 	; 	;Retroceso	;
	;	;Valor	;Tasa de cambio (ciclo tras ciclo)	;Tasa de cambio (año tras año)	;Valor	;Tasa de cambio (ciclo tras ciclo)	;Tasa de cambio (año tras año)	;Valor	;Tasa de cambio (ciclo tras ciclo)	;Tasa de cambio (año tras año)	;Valor	;Tasa de cambio (ciclo tras ciclo)	;Tasa de cambio (año tras año)	;Valor	;Tasa de cambio (ciclo tras ciclo)	;Tasa de cambio (año tras año)	;Valor	;Tasa de cambio (ciclo tras ciclo)	;Tasa de cambio (año tras año)	;Valor	;Tasa de cambio (ciclo tras ciclo)	;Tasa de cambio (año tras año)	;Valor	;Tasa de cambio (ciclo tras ciclo)	;Tasa de cambio (año tras año)	;
1	;(Lunes)2025/12/01	;0	; --%	; --%	;0	; --%	; --%	;5	; --%	; --%	;7	; --%	; --%	;5	; --%	; --%	;24	; --%	; --%	;1	; --%	; --%	;2	; --%	; --%	;
2	;(Martes)2025/12/02	;0	; --%	; --%	;0	; --%	; --%	;0	; --%	; --%	;0	; --%	; --%	;0	; --%	; --%	;22	; --%	; --%	;2	; --%	; --%	;3	; --%	; --%	;
3	;(Miércoles)2025/12/03	;0	; --%	; --%	;0	; --%	; --%	;5	; --%	; --%	;7	; --%	; --%	;0	; --%	; --%	;15	; --%	; --%	;3	; --%	; --%	;4	; --%	; --%	;
4	;(Jueves)2025/12/04	;0	; --%	; --%	;0	; --%	; --%	;1	; --%	; --%	;0	; --%	; --%	;1	; --%	; --%	;13	; --%	; --%	;0	; --%	; --%	;2	; --%	; --%	;
5	;(Viernes)2025/12/05	;0	; --%	; --%	;0	; --%	; --%	;1	; --%	; --%	;0	; --%	; --%	;0	; --%	; --%	;18	; --%	; --%	;2	; --%	; --%	;3	; --%	; --%	;
6	;(Sábado)2025/12/06	;0	; --%	; --%	;0	; --%	; --%	;0	; --%	; --%	;0	; --%	; --%	;0	; --%	; --%	;5	; --%	; --%	;0	; --%	; --%	;2	; --%	; --%	;
7	;(Domingo)2025/12/07	;0	; --%	; --%	;0	; --%	; --%	;0	; --%	; --%	;0	; --%	; --%	;0	; --%	; --%	;3	;Aumentar por200.0%	; --%	;0	; --%	; --%	;2	; --%	; --%	;
8	;(Lunes)2025/12/08	;0	; --%	; --%	;0	; --%	; --%	;0	; --%	; --%	;0	;Disminuir por100.0%	; --%	;1	; --%	; --%	;12	;Disminuir por53.8%	; --%	;1	;Disminuir por50.0%	; --%	;2	;Disminuir por33.3%	; --%	;
9	;(Martes)2025/12/09	;0	; --%	; --%	;0	; --%	; --%	;1	; --%	; --%	;0	;Disminuir por100.0%	; --%	;0	; --%	; --%	;18	;Disminuir por43.8%	; --%	;2	; --%	; --%	;6	;Aumentar por200.0%	; --%	;
10	;(Miércoles)2025/12/10	;0	; --%	; --%	;0	; --%	; --%	;0	;Disminuir por100.0%	; --%	;5	;Aumentar por66.7%	; --%	;0	;Disminuir por100.0%	; --%	;14	;Disminuir por30.0%	; --%	;2	; --%	; --%	;5	;Aumentar por150.0%	; --%	;
11	;(Jueves)2025/12/11	;0	; --%	; --%	;0	;Disminuir por100.0%	; --%	;1	; --%	; --%	;3	;Aumentar por200.0%	; --%	;0	;Disminuir por100.0%	; --%	;16	;Aumentar por14.3%	; --%	;1	; --%	; --%	;3	; --%	; --%	;
12	;(Viernes)2025/12/12	;0	; --%	; --%	;0	; --%	; --%	;0	;Disminuir por100.0%	; --%	;0	;Disminuir por100.0%	; --%	;1	;Disminuir por50.0%	; --%	;24	;Disminuir por50.0%	; --%	;1	;Disminuir por50.0%	; --%	;2	;Disminuir por50.0%	; --%	;
13	;(Sábado)2025/12/13	;0	; --%	; --%	;0	; --%	; --%	;0	; --%	; --%	;0	;Disminuir por100.0%	; --%	;0	; --%	; --%	;7	;Disminuir por69.6%	; --%	;1	;Sin cambios	; --%	;2	;Sin cambios	; --%	;
14	;(Domingo)2025/12/14	;0	; --%	; --%	;0	;Disminuir por100.0%	; --%	;1	;Disminuir por91.7%	; --%	;3	;Disminuir por82.4%	; --%	;2	; --%	; --%	;19	;Disminuir por57.8%	; --%	;0	;Disminuir por100.0%	; --%	;0	;Disminuir por100.0%	; --%	;
15	;(Lunes)2025/12/15	;0	; --%	; --%	;1	;Sin cambios	; --%	;1	;Sin cambios	; --%	;3	;Disminuir por25.0%	; --%	;1	; --%	; --%	;38	;Aumentar por26.7%	; --%	;0	;Disminuir por100.0%	; --%	;3	;Sin cambios	; --%	;
16	;(Martes)2025/12/16	;0	; --%	; --%	;0	; --%	; --%	;0	; --%	; --%	;2	; --%	; --%	;1	; --%	; --%	;27	;Aumentar por17.4%	; --%	;1	;Disminuir por50.0%	; --%	;2	;Disminuir por50.0%	; --%	;
17	;(Miércoles)2025/12/17	;0	; --%	; --%	;1	; --%	; --%	;0	;Disminuir por100.0%	; --%	;3	;Sin cambios	; --%	;1	; --%	; --%	;46	;Aumentar por9.5%	; --%	;0	; --%	; --%	;0	;Disminuir por100.0%	; --%	;
18	;(Jueves)2025/12/18	;0	; --%	; --%	;1	;Sin cambios	; --%	;0	;Disminuir por100.0%	; --%	;0	;Disminuir por100.0%	; --%	;0	; --%	; --%	;50	;Aumentar por31.6%	; --%	;0	; --%	; --%	;2	;Sin cambios	; --%	;
19	;(Viernes)2025/12/19	;0	; --%	; --%	;0	;Disminuir por100.0%	; --%	;1	;Disminuir por50.0%	; --%	;0	;Disminuir por100.0%	; --%	;3	; --%	; --%	;34	;Disminuir por22.7%	; --%	;1	;Sin cambios	; --%	;3	;Sin cambios	; --%	;
20	;(Sábado)2025/12/20	;0	; --%	; --%	;0	; --%	; --%	;0	;Disminuir por100.0%	; --%	;0	;Disminuir por100.0%	; --%	;1	;Disminuir por50.0%	; --%	;19	;Disminuir por52.5%	; --%	;0	; --%	; --%	;1	;Sin cambios	; --%	;
21	;(Domingo)2025/12/21	;0	; --%	; --%	;0	; --%	; --%	;0	;Disminuir por100.0%	; --%	;0	;Disminuir por100.0%	; --%	;0	;Disminuir por100.0%	; --%	;13	;Disminuir por71.7%	; --%	;0	; --%	; --%	;1	;Disminuir por66.7%	; --%	;
22	;(Lunes)2025/12/22	;0	; --%	; --%	;0	; --%	; --%	;0	; --%	; --%	;5	;Aumentar por150.0%	; --%	;0	;Disminuir por100.0%	; --%	;29	;Aumentar por31.8%	; --%	;0	;Disminuir por100.0%	; --%	;1	;Disminuir por50.0%	; --%	;
23	;(Martes)2025/12/23	;0	; --%	; --%	;0	; --%	; --%	;1	; --%	; --%	;3	; --%	; --%	;1	; --%	; --%	;31	;Aumentar por19.2%	; --%	;1	;Disminuir por85.7%	; --%	;3	;Disminuir por62.5%	; --%	;
24	;(Miércoles)2025/12/24	;0	; --%	; --%	;0	; --%	; --%	;0	; --%	; --%	;2	;Disminuir por50.0%	; --%	;0	;Disminuir por100.0%	; --%	;36	;Disminuir por16.3%	; --%	;1	;Sin cambios	; --%	;2	;Disminuir por60.0%	; --%	;
25	;(Jueves)2025/12/25	;0	; --%	; --%	;0	; --%	; --%	;0	;Disminuir por100.0%	; --%	;0	;Disminuir por100.0%	; --%	;0	; --%	; --%	;28	;Disminuir por33.3%	; --%	;0	;Disminuir por100.0%	; --%	;1	;Disminuir por85.7%	; --%	;
26	;(Viernes)2025/12/26	;0	; --%	; --%	;0	; --%	; --%	;0	;Disminuir por100.0%	; --%	;0	;Disminuir por100.0%	; --%	;1	; --%	; --%	;13	;Disminuir por53.6%	; --%	;0	;Disminuir por100.0%	; --%	;1	;Disminuir por87.5%	; --%	;
27	;(Sábado)2025/12/27	;0	; --%	; --%	;0	; --%	; --%	;1	; --%	; --%	;0	; --%	; --%	;3	; --%	; --%	;23	; --%	; --%	;1	; --%	; --%	;2	; --%	; --%	;
28	;(Domingo)2025/12/28	;0	; --%	; --%	;0	; --%	; --%	;0	; --%	; --%	;0	; --%	; --%	;0	; --%	; --%	;2	; --%	; --%	;1	; --%	; --%	;2	; --%	; --%	;
29	;(Lunes)2025/12/29	;0	; --%	; --%	;1	; --%	; --%	;1	; --%	; --%	;3	; --%	; --%	;0	; --%	; --%	;17	; --%	; --%	;10	; --%	; --%	;11	; --%	; --%	;
30	;(Martes)2025/12/30	;0	; --%	; --%	;0	; --%	; --%	;0	; --%	; --%	;3	; --%	; --%	;1	; --%	; --%	;25	; --%	; --%	;2	; --%	; --%	;4	; --%	; --%	;
31	;(Miércoles)2025/12/31	;0	; --%	; --%	;0	; --%	; --%	;1	; --%	; --%	;1	; --%	; --%	;2	; --%	; --%	;13	; --%	; --%	;0	; --%	; --%	;1	; --%	; --%	;
32	;(Jueves)2026/01/01	;0	; --%	; --%	;0	; --%	; --%	;0	; --%	; --%	;0	; --%	; --%	;2	; --%	; --%	;2	; --%	; --%	;2	; --%	; --%	;2	; --%	; --%	;
33	;(Viernes)2026/01/02	;0	; --%	; --%	;0	; --%	; --%	;0	; --%	; --%	;0	; --%	; --%	;0	; --%	; --%	;22	; --%	; --%	;0	; --%	; --%	;1	; --%	; --%	;
34	;(Sábado)2026/01/03	;0	; --%	; --%	;0	; --%	; --%	;1	; --%	; --%	;0	; --%	; --%	;0	; --%	; --%	;18	; --%	; --%	;1	; --%	; --%	;2	; --%	; --%	;
35	;(Domingo)2026/01/04	;0	; --%	; --%	;0	; --%	; --%	;0	; --%	; --%	;0	;Disminuir por100.0%	; --%	;0	;Disminuir por100.0%	; --%	;12	;Disminuir por20.0%	; --%	;0	; --%	; --%	;2	; --%	; --%	;
36	;(Lunes)2026/01/05	;0	; --%	; --%	;0	; --%	; --%	;0	; --%	; --%	;1	; --%	; --%	;1	; --%	; --%	;37	;Aumentar por37.0%	; --%	;1	; --%	; --%	;2	;Aumentar por100.0%	; --%	;
37	;(Martes)2026/01/06	;0	; --%	; --%	;0	; --%	; --%	;0	; --%	; --%	;0	; --%	; --%	;1	; --%	; --%	;17	;Aumentar por88.9%	; --%	;1	; --%	; --%	;2	;Aumentar por100.0%	; --%	;
38	;(Miércoles)2026/01/07	;0	; --%	; --%	;0	; --%	; --%	;0	; --%	; --%	;3	;Aumentar por200.0%	; --%	;2	;Aumentar por100.0%	; --%	;26	;Disminuir por38.1%	; --%	;4	; --%	; --%	;7	;Aumentar por75.0%	; --%	;
39	;(Jueves)2026/01/08	;0	; --%	; --%	;0	; --%	; --%	;0	;Disminuir por100.0%	; --%	;3	;Disminuir por25.0%	; --%	;0	;Disminuir por100.0%	; --%	;32	;Disminuir por25.6%	; --%	;0	; --%	; --%	;3	;Aumentar por50.0%	; --%	;
40	;(Viernes)2026/01/09	;0	; --%	; --%	;0	; --%	; --%	;0	;Disminuir por100.0%	; --%	;8	;Disminuir por27.3%	; --%	;0	; --%	; --%	;38	;Disminuir por33.3%	; --%	;2	;Sin cambios	; --%	;3	;Aumentar por50.0%	; --%	;
41	;(Sábado)2026/01/10	;0	;Disminuir por100.0%	; --%	;0	;Disminuir por100.0%	; --%	;0	;Disminuir por100.0%	; --%	;1	;Disminuir por94.1%	; --%	;0	; --%	; --%	;17	;Disminuir por64.6%	; --%	;1	;Disminuir por90.0%	; --%	;2	;Disminuir por83.3%	; --%	;
42	;(Domingo)2026/01/11	;0	; --%	; --%	;0	;Disminuir por100.0%	; --%	;0	;Disminuir por100.0%	; --%	;0	;Disminuir por100.0%	; --%	;0	;Disminuir por100.0%	; --%	;21	;Disminuir por60.4%	; --%	;0	;Disminuir por100.0%	; --%	;2	;Disminuir por50.0%	; --%	;
43	;(Lunes)2026/01/12	;0	; --%	; --%	;0	; --%	; --%	;1	; --%	; --%	;2	;Sin cambios	; --%	;1	; --%	; --%	;39	;Aumentar por44.4%	; --%	;0	;Disminuir por100.0%	; --%	;0	;Disminuir por100.0%	; --%	;
44	;(Martes)2026/01/13	;0	; --%	; --%	;0	; --%	; --%	;1	; --%	; --%	;2	;Sin cambios	; --%	;1	;Disminuir por66.7%	; --%	;46	;Aumentar por206.7%	; --%	;0	;Disminuir por100.0%	; --%	;3	;Disminuir por25.0%	; --%	;
45	;(Miércoles)2026/01/14	;0	; --%	; --%	;0	; --%	; --%	;0	;Disminuir por100.0%	; --%	;1	;Disminuir por90.9%	; --%	;1	; --%	; --%	;39	;Aumentar por34.5%	; --%	;1	;Disminuir por98.1%	; --%	;2	;Disminuir por96.4%	; --%	;
46	;(Jueves)2026/01/15	;26	; --%	; --%	;27	; --%	; --%	;0	;Disminuir por100.0%	; --%	;4	;Disminuir por78.9%	; --%	;3	;Aumentar por200.0%	; --%	;34	;Disminuir por24.4%	; --%	;1	;Disminuir por66.7%	; --%	;5	;Disminuir por28.6%	; --%	;
47	;(Viernes)2026/01/16	;0	; --%	; --%	;1	; --%	; --%	;1	;Disminuir por92.3%	; --%	;3	;Disminuir por85.0%	; --%	;0	; --%	; --%	;31	;Disminuir por26.2%	; --%	;1	; --%	; --%	;2	;Aumentar por100.0%	; --%	;
48	;(Sábado)2026/01/17	;0	; --%	; --%	;0	; --%	; --%	;0	;Disminuir por100.0%	; --%	;3	;Disminuir por76.9%	; --%	;6	; --%	; --%	;36	;Aumentar por5.9%	; --%	;2	; --%	; --%	;3	;Aumentar por50.0%	; --%	;
49	;(Domingo)2026/01/18	;0	; --%	; --%	;0	; --%	; --%	;0	;Disminuir por100.0%	; --%	;3	;Sin cambios	; --%	;4	;Aumentar por300.0%	; --%	;20	;Disminuir por45.9%	; --%	;1	;Disminuir por50.0%	; --%	;2	;Disminuir por33.3%	; --%	;
50	;(Lunes)2026/01/19	;0	; --%	; --%	;2	; --%	; --%	;0	; --%	; --%	;3	;Disminuir por25.0%	; --%	;2	;Sin cambios	; --%	;40	;Aumentar por150.0%	; --%	;1	; --%	; --%	;7	;Aumentar por600.0%	; --%	;
51	;(Martes)2026/01/20	;0	; --%	; --%	;2	; --%	; --%	;0	; --%	; --%	;5	;Aumentar por400.0%	; --%	;3	; --%	; --%	;47	;Aumentar por327.3%	; --%	;0	;Disminuir por100.0%	; --%	;6	;Aumentar por20.0%	; --%	;
52	;(Miércoles)2026/01/21	;0	; --%	; --%	;1	; --%	; --%	;1	;Disminuir por97.8%	; --%	;2	;Disminuir por96.1%	; --%	;4	; --%	; --%	;38	;Aumentar por2.7%	; --%	;0	;Disminuir por100.0%	; --%	;4	;Disminuir por33.3%	; --%	;
53	;(Jueves)2026/01/22	;0	; --%	; --%	;0	; --%	; --%	;1	; --%	; --%	;5	;Aumentar por25.0%	; --%	;0	;Disminuir por100.0%	; --%	;43	;Aumentar por10.3%	; --%	;2	;Sin cambios	; --%	;4	;Sin cambios	; --%	;
54	;(Viernes)2026/01/23	;1	; --%	; --%	;2	; --%	; --%	;1	; --%	; --%	;3	;Disminuir por40.0%	; --%	;0	; --%	; --%	;42	;Aumentar por16.7%	; --%	;191	;Aumentar por9450.0%	; --%	;194	;Aumentar por6366.7%	; --%	;
55	;(Sábado)2026/01/24	;0	;Disminuir por100.0%	; --%	;0	;Disminuir por100.0%	; --%	;0	;Disminuir por100.0%	; --%	;2	;Disminuir por50.0%	; --%	;1	;Disminuir por80.0%	; --%	;26	;Disminuir por27.8%	; --%	;1	; --%	; --%	;2	;Sin cambios	; --%	;
56	;(Domingo)2026/01/25	;0	; --%	; --%	;0	; --%	; --%	;0	;Disminuir por100.0%	; --%	;1	;Disminuir por80.0%	; --%	;1	; --%	; --%	;14	;Disminuir por57.6%	; --%	;1	;Sin cambios	; --%	;2	;Disminuir por50.0%	; --%	;
57	;(Lunes)2026/01/26	;0	; --%	; --%	;0	; --%	; --%	;2	; --%	; --%	;5	;Aumentar por150.0%	; --%	;3	; --%	; --%	;42	;Aumentar por100.0%	; --%	;2	;Aumentar por100.0%	; --%	;3	;Aumentar por50.0%	; --%	;
58	;(Martes)2026/01/27	;0	; --%	; --%	;0	; --%	; --%	;1	; --%	; --%	;1	; --%	; --%	;1	; --%	; --%	;45	;Aumentar por164.7%	; --%	;0	;Disminuir por100.0%	; --%	;3	;Disminuir por40.0%	; --%	;
59	;(Miércoles)2026/01/28	;0	; --%	; --%	;0	; --%	; --%	;0	;Disminuir por100.0%	; --%	;1	;Disminuir por80.0%	; --%	;1	; --%	; --%	;38	;Aumentar por11.8%	; --%	;1	;Disminuir por50.0%	; --%	;2	;Disminuir por33.3%	; --%	;
60	;(Jueves)2026/01/29	;0	; --%	; --%	;0	; --%	; --%	;0	; --%	; --%	;0	;Disminuir por100.0%	; --%	;1	;Disminuir por66.7%	; --%	;27	;Aumentar por12.5%	; --%	;1	;Sin cambios	; --%	;3	;Aumentar por50.0%	; --%	;
61	;(Viernes)2026/01/30	;0	; --%	; --%	;0	; --%	; --%	;1	; --%	; --%	;4	;Disminuir por42.9%	; --%	;1	;Disminuir por50.0%	; --%	;38	;Disminuir por9.5%	; --%	;0	;Disminuir por100.0%	; --%	;1	;Disminuir por50.0%	; --%	;
62	;(Sábado)2026/01/31	;0	;Disminuir por100.0%	; --%	;0	;Disminuir por100.0%	; --%	;0	; --%	; --%	;0	;Disminuir por100.0%	; --%	;0	;Disminuir por100.0%	; --%	;17	;Disminuir por46.9%	; --%	;1	;Disminuir por75.0%	; --%	;2	;Disminuir por71.4%	; --%	;
63	;(Domingo)2026/02/01	;0	; --%	; --%	;0	; --%	; --%	;0	;Disminuir por100.0%	; --%	;0	;Disminuir por100.0%	; --%	;0	; --%	; --%	;17	;Disminuir por48.5%	; --%	;0	;Disminuir por100.0%	; --%	;1	;Disminuir por90.9%	; --%	;
64	;(Lunes)2026/02/02	;0	; --%	; --%	;0	;Disminuir por100.0%	; --%	;0	; --%	; --%	;2	; --%	; --%	;0	;Disminuir por100.0%	; --%	;41	;Disminuir por2.4%	; --%	;1	; --%	; --%	;2	;Sin cambios	; --%	;
65	;(Martes)2026/02/03	;0	; --%	; --%	;0	; --%	; --%	;0	; --%	; --%	;1	;Sin cambios	; --%	;2	;Sin cambios	; --%	;39	;Aumentar por160.0%	; --%	;0	;Disminuir por100.0%	; --%	;2	;Disminuir por33.3%	; --%	;
66	;(Miércoles)2026/02/04	;0	; --%	; --%	;0	; --%	; --%	;0	; --%	; --%	;2	;Disminuir por50.0%	; --%	;0	; --%	; --%	;46	;Aumentar por7.0%	; --%	;1	;Disminuir por88.9%	; --%	;2	;Disminuir por81.8%	; --%	;
67	;(Jueves)2026/02/05	;0	; --%	; --%	;1	; --%	; --%	;1	;Sin cambios	; --%	;6	;Disminuir por25.0%	; --%	;2	;Aumentar por100.0%	; --%	;40	;Aumentar por29.0%	; --%	;1	;Disminuir por80.0%	; --%	;3	;Disminuir por57.1%	; --%	;
68	;(Viernes)2026/02/06	;0	; --%	; --%	;0	; --%	; --%	;0	;Disminuir por100.0%	; --%	;2	;Disminuir por77.8%	; --%	;2	;Disminuir por88.2%	; --%	;44	;Disminuir por17.0%	; --%	;0	;Disminuir por100.0%	; --%	;2	;Disminuir por89.5%	; --%	;
69	;(Sábado)2026/02/07	;0	; --%	; --%	;0	; --%	; --%	;0	; --%	; --%	;0	; --%	; --%	;1	; --%	; --%	;25	; --%	; --%	;0	; --%	; --%	;1	; --%	; --%	;
70	;(Domingo)2026/02/08	;0	; --%	; --%	;0	; --%	; --%	;1	; --%	; --%	;0	;Disminuir por100.0%	; --%	;0	;Disminuir por100.0%	; --%	;17	;Disminuir por37.0%	; --%	;0	; --%	; --%	;1	; --%	; --%	;
71	;(Lunes)2026/02/09	;0	; --%	; --%	;0	; --%	; --%	;0	; --%	; --%	;0	; --%	; --%	;1	; --%	; --%	;42	;Aumentar por55.6%	; --%	;1	;Sin cambios	; --%	;2	;Disminuir por50.0%	; --%	;
72	;(Martes)2026/02/10	;0	; --%	; --%	;1	; --%	; --%	;0	; --%	; --%	;3	; --%	; --%	;1	; --%	; --%	;42	;Aumentar por200.0%	; --%	;0	;Disminuir por100.0%	; --%	;3	;Disminuir por25.0%	; --%	;
73	;(Miércoles)2026/02/11	;0	; --%	; --%	;0	; --%	; --%	;0	; --%	; --%	;3	;Disminuir por40.0%	; --%	;1	;Sin cambios	; --%	;36	;Disminuir por2.7%	; --%	;2	; --%	; --%	;3	;Disminuir por25.0%	; --%	;
74	;(Jueves)2026/02/12	;0	; --%	; --%	;0	; --%	; --%	;0	;Disminuir por100.0%	; --%	;0	;Disminuir por100.0%	; --%	;0	;Disminuir por100.0%	; --%	;41	;Disminuir por35.9%	; --%	;2	;Aumentar por100.0%	; --%	;2	;Disminuir por50.0%	; --%	;
75	;(Viernes)2026/02/13	;0	; --%	; --%	;0	; --%	; --%	;0	; --%	; --%	;0	;Disminuir por100.0%	; --%	;0	; --%	; --%	;49	;Sin cambios	; --%	;3	;Sin cambios	; --%	;4	;Disminuir por42.9%	; --%	;
76	;(Sábado)2026/02/14	;0	; --%	; --%	;0	; --%	; --%	;0	;Disminuir por100.0%	; --%	;0	;Disminuir por100.0%	; --%	;3	;Aumentar por50.0%	; --%	;21	;Disminuir por54.3%	; --%	;0	;Disminuir por100.0%	; --%	;0	;Disminuir por100.0%	; --%	;
77	;(Domingo)2026/02/15	;0	; --%	; --%	;0	; --%	; --%	;0	; --%	; --%	;2	;Disminuir por50.0%	; --%	;0	; --%	; --%	;12	;Disminuir por72.1%	; --%	;2	;Disminuir por33.3%	; --%	;3	;Disminuir por40.0%	; --%	;
78	;(Lunes)2026/02/16	;0	; --%	; --%	;0	; --%	; --%	;0	;Disminuir por100.0%	; --%	;7	;Aumentar por75.0%	; --%	;1	;Disminuir por50.0%	; --%	;39	;Aumentar por56.0%	; --%	;1	; --%	; --%	;3	;Aumentar por50.0%	; --%	;
79	;(Martes)2026/02/17	;0	; --%	; --%	;0	; --%	; --%	;0	; --%	; --%	;6	; --%	; --%	;1	;Sin cambios	; --%	;38	;Aumentar por72.7%	; --%	;0	;Disminuir por100.0%	; --%	;2	;Disminuir por33.3%	; --%	;
80	;(Miércoles)2026/02/18	;0	; --%	; --%	;0	; --%	; --%	;0	;Disminuir por100.0%	; --%	;5	;Aumentar por66.7%	; --%	;0	;Disminuir por100.0%	; --%	;42	;Disminuir por10.6%	; --%	;0	;Disminuir por100.0%	; --%	;1	;Disminuir por83.3%	; --%	;
81	;(Jueves)2026/02/19	;0	; --%	; --%	;0	; --%	; --%	;42	;Aumentar por4100.0%	; --%	;51	;Aumentar por5000.0%	; --%	;1	; --%	; --%	;38	;Disminuir por2.6%	; --%	;0	;Disminuir por100.0%	; --%	;3	;Disminuir por40.0%	; --%	;
82	;(Viernes)2026/02/20	;0	; --%	; --%	;0	; --%	; --%	;1	; --%	; --%	;7	;Aumentar por40.0%	; --%	;0	;Disminuir por100.0%	; --%	;40	;Disminuir por31.0%	; --%	;0	;Disminuir por100.0%	; --%	;1	;Disminuir por90.9%	; --%	;
83	;(Sábado)2026/02/21	;0	; --%	; --%	;0	; --%	; --%	;0	;Disminuir por100.0%	; --%	;1	;Disminuir por83.3%	; --%	;0	;Disminuir por100.0%	; --%	;26	;Disminuir por31.6%	; --%	;0	;Disminuir por100.0%	; --%	;1	;Disminuir por83.3%	; --%	;
84	;(Domingo)2026/02/22	;0	; --%	; --%	;1	; --%	; --%	;0	; --%	; --%	;2	; --%	; --%	;0	;Disminuir por100.0%	; --%	;18	;Disminuir por47.1%	; --%	;1	;Disminuir por91.7%	; --%	;2	;Disminuir por81.8%	; --%	;
85	;(Lunes)2026/02/23	;0	; --%	; --%	;0	; --%	; --%	;0	; --%	; --%	;1	;Disminuir por75.0%	; --%	;1	;Sin cambios	; --%	;42	;Aumentar por10.5%	; --%	;0	; --%	; --%	;2	; --%	; --%	;
86	;(Martes)2026/02/24	;0	; --%	; --%	;0	; --%	; --%	;0	; --%	; --%	;2	;Aumentar por100.0%	; --%	;0	;Disminuir por100.0%	; --%	;34	;Aumentar por36.0%	; --%	;1	; --%	; --%	;2	;Sin cambios	; --%	;
87	;(Miércoles)2026/02/25	;0	; --%	; --%	;2	;Sin cambios	; --%	;0	; --%	; --%	;1	;Disminuir por80.0%	; --%	;1	; --%	; --%	;39	;Disminuir por9.3%	; --%	;0	;Disminuir por100.0%	; --%	;1	;Disminuir por85.7%	; --%	;
88	;(Jueves)2026/02/26	;0	; --%	; --%	;1	; --%	; --%	;1	; --%	; --%	;2	; --%	; --%	;3	; --%	; --%	;45	;Aumentar por28.6%	; --%	;2	;Disminuir por33.3%	; --%	;3	;Disminuir por50.0%	; --%	;
89	;(Viernes)2026/02/27	;0	; --%	; --%	;0	; --%	; --%	;1	; --%	; --%	;4	;Aumentar por33.3%	; --%	;1	; --%	; --%	;38	;Disminuir por15.6%	; --%	;1	;Disminuir por75.0%	; --%	;2	;Disminuir por66.7%	; --%	;
90	;(Sábado)2026/02/28	;0	;Disminuir por100.0%	; --%	;0	;Disminuir por100.0%	; --%	;0	; --%	; --%	;0	;Disminuir por100.0%	; --%	;0	; --%	; --%	;28	;Disminuir por36.4%	; --%	;1	; --%	; --%	;3	;Sin cambios	; --%	;
91	;(Domingo)2026/03/01	;0	; --%	; --%	;0	; --%	; --%	;0	; --%	; --%	;0	;Disminuir por100.0%	; --%	;0	; --%	; --%	;19	;Aumentar por1800.0%	; --%	;0	; --%	; --%	;1	;Sin cambios	; --%	;
92	;(Lunes)2026/03/02	;0	; --%	; --%	;0	; --%	; --%	;1	; --%	; --%	;1	; --%	; --%	;0	; --%	; --%	;53	; --%	; --%	;0	; --%	; --%	;2	; --%	; --%	;
93	;(Martes)2026/03/03	;0	; --%	; --%	;0	; --%	; --%	;1	; --%	; --%	;0	; --%	; --%	;2	; --%	; --%	;18	; --%	; --%	;1	; --%	; --%	;3	; --%	; --%	;
94	;(Miércoles)2026/03/04	;0	; --%	; --%	;0	; --%	; --%	;0	; --%	; --%	;2	; --%	; --%	;0	; --%	; --%	;29	; --%	; --%	;1	; --%	; --%	;3	; --%	; --%	;
95	;(Jueves)2026/03/05	;0	; --%	; --%	;0	; --%	; --%	;0	; --%	; --%	;1	; --%	; --%	;4	; --%	; --%	;48	; --%	; --%	;0	; --%	; --%	;1	; --%	; --%	;
96	;(Viernes)2026/03/06	;0	; --%	; --%	;1	; --%	; --%	;1	; --%	; --%	;3	; --%	; --%	;2	; --%	; --%	;44	; --%	; --%	;0	; --%	; --%	;2	; --%	; --%	;
97	;(Sábado)2026/03/07	;0	; --%	; --%	;1	; --%	; --%	;0	; --%	; --%	;2	; --%	; --%	;2	; --%	; --%	;30	; --%	; --%	;1	; --%	; --%	;7	; --%	; --%	;
98	;(Domingo)2026/03/08	;0	; --%	; --%	;0	; --%	; --%	;2	; --%	; --%	;3	; --%	; --%	;0	; --%	; --%	;19	; --%	; --%	;1	; --%	; --%	;2	; --%	; --%	;
99	;(Lunes)2026/03/09	;0	; --%	; --%	;0	; --%	; --%	;1	; --%	; --%	;4	; --%	; --%	;3	; --%	; --%	;42	; --%	; --%	;0	; --%	; --%	;2	; --%	; --%	;
100	;(Martes)2026/03/10	;0	; --%	; --%	;1	; --%	; --%	;1	; --%	; --%	;3	; --%	; --%	;1	; --%	; --%	;38	; --%	; --%	;0	; --%	; --%	;1	; --%	; --%	;
101	;(Miércoles)2026/03/11	;0	; --%	; --%	;0	; --%	; --%	;1	; --%	; --%	;4	;Aumentar por100.0%	; --%	;1	; --%	; --%	;46	;Aumentar por557.1%	; --%	;0	; --%	; --%	;2	; --%	; --%	;
102	;(Jueves)2026/03/12	;0	; --%	; --%	;0	; --%	; --%	;3	; --%	; --%	;2	; --%	; --%	;0	; --%	; --%	;35	;Aumentar por3400.0%	; --%	;0	; --%	; --%	;2	; --%	; --%	;
103	;(Viernes)2026/03/13	;0	; --%	; --%	;1	; --%	; --%	;1	; --%	; --%	;3	; --%	; --%	;1	; --%	; --%	;39	;Aumentar por105.3%	; --%	;1	; --%	; --%	;3	; --%	; --%	;
104	;(Sábado)2026/03/14	;0	; --%	; --%	;0	;Disminuir por100.0%	; --%	;0	;Disminuir por100.0%	; --%	;2	;Sin cambios	; --%	;0	; --%	; --%	;31	;Disminuir por27.9%	; --%	;1	;Sin cambios	; --%	;2	;Disminuir por33.3%	; --%	;
105	;(Domingo)2026/03/15	;0	;Disminuir por100.0%	; --%	;0	; --%	; --%	;1	; --%	; --%	;2	;Disminuir por50.0%	; --%	;0	;Disminuir por100.0%	; --%	;29	;Disminuir por27.5%	; --%	;0	;Disminuir por100.0%	; --%	;1	;Disminuir por87.5%	; --%	;
106	;(Lunes)2026/03/16	;0	; --%	; --%	;0	; --%	; --%	;0	; --%	; --%	;5	;Aumentar por150.0%	; --%	;0	;Disminuir por100.0%	; --%	;40	;Aumentar por21.2%	; --%	;1	;Disminuir por92.9%	; --%	;4	;Disminuir por76.5%	; --%	;
107	;(Martes)2026/03/17	;0	; --%	; --%	;1	; --%	; --%	;0	; --%	; --%	;2	;Aumentar por100.0%	; --%	;0	; --%	; --%	;36	;Aumentar por111.8%	; --%	;0	;Disminuir por100.0%	; --%	;2	;Disminuir por60.0%	; --%	;
108	;(Miércoles)2026/03/18	;0	; --%	; --%	;2	; --%	; --%	;1	; --%	; --%	;6	; --%	; --%	;3	; --%	; --%	;47	;Aumentar por30.6%	; --%	;1	; --%	; --%	;3	;Aumentar por50.0%	; --%	;
109	;(Jueves)2026/03/19	;0	; --%	; --%	;0	; --%	; --%	;0	; --%	; --%	;2	;Aumentar por100.0%	; --%	;0	; --%	; --%	;25	;Disminuir por41.9%	; --%	;0	;Disminuir por100.0%	; --%	;2	;Disminuir por66.7%	; --%	;
110	;(Viernes)2026/03/20	;0	; --%	; --%	;0	; --%	; --%	;0	;Disminuir por100.0%	; --%	;1	;Disminuir por80.0%	; --%	;0	;Disminuir por100.0%	; --%	;50	;Aumentar por42.9%	; --%	;0	;Disminuir por100.0%	; --%	;1	;Disminuir por88.9%	; --%	;
111	;(Sábado)2026/03/21	;0	;Disminuir por100.0%	; --%	;0	;Disminuir por100.0%	; --%	;1	;Disminuir por98.4%	; --%	;2	;Disminuir por96.9%	; --%	;0	; --%	; --%	;40	;Aumentar por14.3%	; --%	;0	; --%	; --%	;1	;Disminuir por50.0%	; --%	;
112	;(Domingo)2026/03/22	;0	; --%	; --%	;0	; --%	; --%	;0	; --%	; --%	;3	;Aumentar por200.0%	; --%	;1	; --%	; --%	;30	;Disminuir por11.8%	; --%	;0	;Disminuir por100.0%	; --%	;3	;Disminuir por50.0%	; --%	;
113	;(Lunes)2026/03/23	;0	; --%	; --%	;0	; --%	; --%	;2	; --%	; --%	;5	;Aumentar por400.0%	; --%	;2	; --%	; --%	;63	;Aumentar por110.0%	; --%	;1	;Disminuir por50.0%	; --%	;2	;Disminuir por50.0%	; --%	;
114	;(Martes)2026/03/24	;0	; --%	; --%	;0	; --%	; --%	;0	; --%	; --%	;5	; --%	; --%	;1	; --%	; --%	;43	;Aumentar por95.5%	; --%	;1	;Sin cambios	; --%	;2	;Disminuir por33.3%	; --%	;
115	;(Miércoles)2026/03/25	;0	; --%	; --%	;0	; --%	; --%	;0	; --%	; --%	;0	; --%	; --%	;0	; --%	; --%	;22	;Disminuir por35.3%	; --%	;0	; --%	; --%	;0	;Disminuir por100.0%	; --%	;
116	;(Jueves)2026/03/26	;0	; --%	; --%	;1	; --%	; --%	;3	;Disminuir por76.9%	; --%	;3	;Disminuir por83.3%	; --%	;4	; --%	; --%	;46	;Disminuir por2.1%	; --%	;1	;Disminuir por50.0%	; --%	;3	;Disminuir por57.1%	; --%	;
117	;(Viernes)2026/03/27	;0	;Disminuir por100.0%	; --%	;0	; --%	; --%	;1	;Sin cambios	; --%	;4	;Aumentar por300.0%	; --%	;1	; --%	; --%	;43	;Aumentar por2.4%	; --%	;2	;Disminuir por33.3%	; --%	;3	;Disminuir por57.1%	; --%	;
118	;(Sábado)2026/03/28	;0	;Disminuir por100.0%	; --%	;0	;Disminuir por100.0%	; --%	;0	;Disminuir por100.0%	; --%	;1	;Disminuir por50.0%	; --%	;0	;Disminuir por100.0%	; --%	;34	;Disminuir por15.0%	; --%	;0	;Disminuir por100.0%	; --%	;1	;Disminuir por75.0%	; --%	;
119	;(Domingo)2026/03/29	;0	; --%	; --%	;0	; --%	; --%	;1	;Disminuir por66.7%	; --%	;1	;Disminuir por66.7%	; --%	;2	; --%	; --%	;25	;Disminuir por19.4%	; --%	;2	;Disminuir por81.8%	; --%	;3	;Disminuir por78.6%	; --%	;
120	;(Lunes)2026/03/30	;0	; --%	; --%	;0	; --%	; --%	;0	; --%	; --%	;6	;Aumentar por500.0%	; --%	;1	; --%	; --%	;41	;Aumentar por78.3%	; --%	;5	;Disminuir por72.2%	; --%	;7	;Disminuir por63.2%	; --%	;
121	;(Martes)2026/03/31	;0	; --%	; --%	;1	; --%	; --%	;0	;Disminuir por100.0%	; --%	;4	;Aumentar por100.0%	; --%	;0	;Disminuir por100.0%	; --%	;39	;Aumentar por56.0%	; --%	;0	; --%	; --%	;2	;Aumentar por100.0%	; --%	;
122	;(Miércoles)2026/04/01	;1	; --%	; --%	;2	; --%	; --%	;1	;Sin cambios	; --%	;7	;Aumentar por133.3%	; --%	;2	; --%	; --%	;42	;Aumentar por40.0%	; --%	;0	; --%	; --%	;1	;Disminuir por75.0%	; --%	;
123	;(Jueves)2026/04/02	;0	;Disminuir por100.0%	; --%	;0	;Disminuir por100.0%	; --%	;0	; --%	; --%	;6	;Aumentar por500.0%	; --%	;1	; --%	; --%	;32	;Disminuir por13.5%	; --%	;3	;Disminuir por57.1%	; --%	;6	;Disminuir por33.3%	; --%	;
124	;(Viernes)2026/04/03	;0	; --%	; --%	;0	; --%	; --%	;0	; --%	; --%	;1	;Disminuir por66.7%	; --%	;0	; --%	; --%	;14	;Disminuir por33.3%	; --%	;1	;Sin cambios	; --%	;2	;Disminuir por60.0%	; --%	;
125	;(Sábado)2026/04/04	;0	; --%	; --%	;0	; --%	; --%	;1	;Disminuir por66.7%	; --%	;0	;Disminuir por100.0%	; --%	;0	;Disminuir por100.0%	; --%	;15	;Disminuir por58.3%	; --%	;2	;Disminuir por88.2%	; --%	;4	;Disminuir por78.9%	; --%	;
126	;(Domingo)2026/04/05	;0	; --%	; --%	;0	; --%	; --%	;0	; --%	; --%	;0	;Disminuir por100.0%	; --%	;1	;Sin cambios	; --%	;15	;Disminuir por57.1%	; --%	;1	;Disminuir por85.7%	; --%	;3	;Disminuir por66.7%	; --%	;
127	;(Lunes)2026/04/06	;0	; --%	; --%	;0	; --%	; --%	;0	;Disminuir por100.0%	; --%	;0	;Disminuir por100.0%	; --%	;0	; --%	; --%	;12	;Disminuir por45.5%	; --%	;15	;Aumentar por1400.0%	; --%	;17	;Aumentar por750.0%	; --%	;
128	;(Martes)2026/04/07	;0	;Disminuir por100.0%	; --%	;0	;Disminuir por100.0%	; --%	;0	; --%	; --%	;4	; --%	; --%	;0	;Disminuir por100.0%	; --%	;44	;Aumentar por109.5%	; --%	;1	;Sin cambios	; --%	;2	;Disminuir por33.3%	; --%	;
129	;(Miércoles)2026/04/08	;0	; --%	; --%	;0	; --%	; --%	;0	; --%	; --%	;2	;Aumentar por100.0%	; --%	;2	; --%	; --%	;37	;Disminuir por9.8%	; --%	;0	;Disminuir por100.0%	; --%	;1	;Disminuir por75.0%	; --%	;
130	;(Jueves)2026/04/09	;0	; --%	; --%	;0	;Disminuir por100.0%	; --%	;2	; --%	; --%	;3	;Sin cambios	; --%	;1	;Sin cambios	; --%	;38	;Aumentar por2.7%	; --%	;1	;Disminuir por50.0%	; --%	;3	;Disminuir por40.0%	; --%	;
131	;(Viernes)2026/04/10	;0	;Disminuir por100.0%	; --%	;0	;Disminuir por100.0%	; --%	;1	;Disminuir por66.7%	; --%	;4	;Disminuir por33.3%	; --%	;1	;Disminuir por99.5%	; --%	;28	;Disminuir por87.8%	; --%	;1	;Disminuir por88.9%	; --%	;3	;Disminuir por78.6%	; --%	;
132	;(Sábado)2026/04/11	;0	; --%	; --%	;0	; --%	; --%	;0	;Disminuir por100.0%	; --%	;1	;Disminuir por66.7%	; --%	;0	; --%	; --%	;15	;Disminuir por63.4%	; --%	;1	;Disminuir por66.7%	; --%	;2	;Disminuir por66.7%	; --%	;
133	;(Domingo)2026/04/12	;1	; --%	; --%	;1	;Sin cambios	; --%	;0	;Disminuir por100.0%	; --%	;2	;Disminuir por66.7%	; --%	;1	; --%	; --%	;25	;Disminuir por24.2%	; --%	;0	;Disminuir por100.0%	; --%	;2	;Sin cambios	; --%	;
134	;(Lunes)2026/04/13	;0	; --%	; --%	;0	; --%	; --%	;1	; --%	; --%	;2	;Aumentar por100.0%	; --%	;0	; --%	; --%	;25	;Aumentar por8.7%	; --%	;0	;Disminuir por100.0%	; --%	;1	;Disminuir por80.0%	; --%	;
135	;(Martes)2026/04/14	;0	; --%	; --%	;0	; --%	; --%	;0	; --%	; --%	;5	; --%	; --%	;1	; --%	; --%	;48	;Aumentar por336.4%	; --%	;0	;Disminuir por100.0%	; --%	;3	;Disminuir por98.1%	; --%	;
136	;(Miércoles)2026/04/15	;0	; --%	; --%	;0	;Disminuir por100.0%	; --%	;4	; --%	; --%	;13	;Aumentar por333.3%	; --%	;1	; --%	; --%	;41	;Aumentar por32.3%	; --%	;2	;Aumentar por100.0%	; --%	;4	;Aumentar por33.3%	; --%	;
137	;(Jueves)2026/04/16	;0	; --%	; --%	;0	; --%	; --%	;0	; --%	; --%	;3	;Aumentar por200.0%	; --%	;0	; --%	; --%	;26	;Aumentar por420.0%	; --%	;0	; --%	; --%	;1	; --%	; --%	;
138	;(Viernes)2026/04/17	;0	; --%	; --%	;0	; --%	; --%	;4	; --%	; --%	;10	;Aumentar por900.0%	; --%	;0	; --%	; --%	;36	;Disminuir por5.3%	; --%	;0	; --%	; --%	;1	;Sin cambios	; --%	;
139	;(Sábado)2026/04/18	;0	;Disminuir por100.0%	; --%	;0	;Disminuir por100.0%	; --%	;0	;Disminuir por100.0%	; --%	;4	;Disminuir por20.0%	; --%	;1	;Sin cambios	; --%	;17	;Disminuir por39.3%	; --%	;0	;Disminuir por100.0%	; --%	;1	;Disminuir por75.0%	; --%	;
140	;(Domingo)2026/04/19	;0	; --%	; --%	;0	; --%	; --%	;0	; --%	; --%	;0	;Disminuir por100.0%	; --%	;2	;Disminuir por33.3%	; --%	;13	;Disminuir por64.9%	; --%	;0	;Disminuir por100.0%	; --%	;1	;Disminuir por66.7%	; --%	;
141	;(Lunes)2026/04/20	;0	;Disminuir por100.0%	; --%	;0	;Disminuir por100.0%	; --%	;0	; --%	; --%	;1	;Disminuir por66.7%	; --%	;1	;Sin cambios	; --%	;42	;Aumentar por31.3%	; --%	;0	;Disminuir por100.0%	; --%	;2	;Disminuir por60.0%	; --%	;
142	;(Martes)2026/04/21	;0	; --%	; --%	;0	; --%	; --%	;0	;Disminuir por100.0%	; --%	;2	;Sin cambios	; --%	;0	; --%	; --%	;29	;Aumentar por3.6%	; --%	;0	;Disminuir por100.0%	; --%	;1	;Disminuir por50.0%	; --%	;
143	;(Miércoles)2026/04/22	;0	; --%	; --%	;0	; --%	; --%	;0	; --%	; --%	;1	;Sin cambios	; --%	;2	; --%	; --%	;49	;Aumentar por206.3%	; --%	;0	; --%	; --%	;2	;Sin cambios	; --%	;
144	;(Jueves)2026/04/23	;0	; --%	; --%	;0	; --%	; --%	;0	; --%	; --%	;1	;Sin cambios	; --%	;1	;Sin cambios	; --%	;35	;Aumentar por105.9%	; --%	;2	;Disminuir por50.0%	; --%	;5	;Disminuir por16.7%	; --%	;
145	;(Viernes)2026/04/24	;0	; --%	; --%	;0	; --%	; --%	;0	;Disminuir por100.0%	; --%	;3	;Disminuir por91.9%	; --%	;1	; --%	; --%	;3	;Disminuir por85.0%	; --%	;2	; --%	; --%	;3	;Sin cambios	; --%	;
146	;(Sábado)2026/04/25	;0	; --%	; --%	;0	; --%	; --%	;2	; --%	; --%	;0	;Disminuir por100.0%	; --%	;5	; --%	; --%	;11	;Disminuir por26.7%	;Aumentar por1000.0%	;0	;Disminuir por100.0%	; --%	;2	;Disminuir por85.7%	; --%	;
147	;(Domingo)2026/04/26	;0	; --%	; --%	;0	; --%	; --%	;0	; --%	; --%	;0	;Disminuir por100.0%	;Disminuir por100.0%	;0	;Disminuir por100.0%	; --%	;1	;Disminuir por96.2%	;Disminuir por96.2%	;4	; --%	;Aumentar por100.0%	;4	;Aumentar por300.0%	;Aumentar por33.3%	;
148	;(Lunes)2026/04/27	;0	; --%	; --%	;0	; --%	; --%	;0	; --%	; --%	;6	;Aumentar por500.0%	;Aumentar por100.0%	;1	;Sin cambios	; --%	;35	;Aumentar por250.0%	;Aumentar por9.4%	;5	; --%	; --%	;2	;Sin cambios	;Sin cambios	;
149	;(Martes)2026/04/28	;0	; --%	; --%	;0	; --%	; --%	;0	; --%	;Disminuir por100.0%	;6	; --%	;Aumentar por100.0%	;1	;Disminuir por50.0%	;Sin cambios	;49	;Aumentar por600.0%	;Aumentar por145.0%	;0	;Disminuir por100.0%	; --%	;0	;Disminuir por100.0%	;Disminuir por100.0%	;
150	;(Miércoles)2026/04/29	;0	; --%	; --%	;0	; --%	;Disminuir por100.0%	;1	; --%	; --%	;8	; --%	;Aumentar por700.0%	;0	; --%	;Disminuir por100.0%	;45	;Aumentar por55.2%	;Aumentar por221.4%	;2	; --%	; --%	;1	;Disminuir por50.0%	; --%	;
151	;(Jueves)2026/04/30	;0	; --%	; --%	;1	; --%	; --%	;2	;Disminuir por71.4%	;Sin cambios	;10	;Disminuir por33.3%	;Disminuir por44.4%	;0	;Disminuir por100.0%	;Disminuir por100.0%	;34	;Disminuir por22.7%	;Disminuir por29.2%	;2	;Sin cambios	;Sin cambios	;4	;Sin cambios	;Sin cambios	;
152	;(Viernes)2026/05/01	;1	; --%	; --%	;0	; --%	; --%	;0	;Disminuir por100.0%	; --%	;2	;Disminuir por50.0%	;Sin cambios	;28	;Aumentar por2700.0%	; --%	;48	;Aumentar por33.3%	;Aumentar por108.7%	;0	; --%	;Disminuir por100.0%	;0	;Disminuir por100.0%	;Disminuir por100.0%	;
153	;(Sábado)2026/05/02	;0	; --%	; --%	;0	; --%	;Disminuir por100.0%	;0	;Disminuir por100.0%	;Disminuir por100.0%	;1	;Disminuir por94.1%	;Disminuir por94.1%	;1	;Sin cambios	; --%	;12	;Disminuir por67.6%	;Disminuir por73.3%	;2	;Sin cambios	;Disminuir por50.0%	;4	;Sin cambios	;Disminuir por55.6%	;
154	;(Domingo)2026/05/03	;3	;Disminuir por40.0%	; --%	;4	;Sin cambios	;Aumentar por300.0%	;0	; --%	;Disminuir por100.0%	;0	;Disminuir por100.0%	;Disminuir por100.0%	;2	;Aumentar por100.0%	; --%	;17	;Disminuir por52.8%	;Disminuir por43.3%	;13	;Aumentar por550.0%	;Aumentar por1200.0%	;14	;Aumentar por366.7%	;Aumentar por366.7%	;
155	;(Lunes)2026/05/04	;0	; --%	; --%	;0	; --%	; --%	;1	; --%	; --%	;4	; --%	; --%	;1	; --%	; --%	;50	;Aumentar por194.1%	;Aumentar por117.4%	;0	;Disminuir por100.0%	;Disminuir por100.0%	;1	;Disminuir por66.7%	;Disminuir por75.0%	;
156	;(Martes)2026/05/05	;0	; --%	; --%	;0	; --%	; --%	;0	; --%	;Disminuir por100.0%	;2	; --%	;Disminuir por33.3%	;0	; --%	; --%	;49	;Aumentar por122.7%	;Aumentar por16.7%	;0	; --%	; --%	;6	;Aumentar por200.0%	;Aumentar por500.0%	;
157	;(Miércoles)2026/05/06	;0	; --%	; --%	;1	; --%	;Sin cambios	;0	; --%	;Disminuir por100.0%	;6	;Aumentar por200.0%	;Disminuir por33.3%	;0	;Disminuir por100.0%	; --%	;46	;Aumentar por9.5%	;Aumentar por21.1%	;1	; --%	; --%	;2	;Disminuir por33.3%	;Sin cambios	;
158	;(Jueves)2026/05/07	;0	; --%	; --%	;0	; --%	;Disminuir por100.0%	;4	;Aumentar por100.0%	;Aumentar por100.0%	;7	;Aumentar por250.0%	;Aumentar por133.3%	;0	;Disminuir por100.0%	; --%	;35	;Disminuir por36.4%	;Disminuir por20.5%	;2	;Sin cambios	;Aumentar por100.0%	;4	;Sin cambios	;Aumentar por33.3%	;
159	;(Viernes)2026/05/08	;0	; --%	; --%	;0	; --%	; --%	;0	;Disminuir por100.0%	;Disminuir por100.0%	;7	;Disminuir por12.5%	;Disminuir por30.0%	;0	; --%	;Disminuir por100.0%	;38	;Aumentar por26.7%	;Disminuir por5.0%	;1	; --%	; --%	;3	; --%	;Aumentar por200.0%	;
160	;(Sábado)2026/05/09	;0	; --%	; --%	;0	; --%	; --%	;0	;Disminuir por100.0%	;Disminuir por100.0%	;4	;Disminuir por33.3%	;Disminuir por71.4%	;1	; --%	;Sin cambios	;26	;Disminuir por38.1%	;Disminuir por43.5%	;7	;Sin cambios	; --%	;8	;Disminuir por20.0%	;Aumentar por166.7%	;
161	;(Domingo)2026/05/10	;0	; --%	; --%	;0	; --%	; --%	;2	; --%	; --%	;1	;Disminuir por66.7%	;Disminuir por50.0%	;0	;Disminuir por100.0%	;Disminuir por100.0%	;16	;Disminuir por60.0%	;Disminuir por27.3%	;0	;Disminuir por100.0%	;Disminuir por100.0%	;1	;Disminuir por66.7%	;Disminuir por50.0%	;
162	;(Lunes)2026/05/11	;7	; --%	; --%	;8	; --%	; --%	;0	; --%	; --%	;5	;Aumentar por150.0%	; --%	;0	;Disminuir por100.0%	; --%	;40	;Aumentar por33.3%	;Aumentar por53.8%	;0	; --%	;Disminuir por100.0%	;3	;Aumentar por50.0%	;Disminuir por62.5%	;
163	;(Martes)2026/05/12	;1	; --%	; --%	;0	; --%	; --%	;0	; --%	; --%	;7	; --%	;Aumentar por75.0%	;0	; --%	;Disminuir por100.0%	;42	;Aumentar por55.6%	;Disminuir por2.3%	;0	;Disminuir por100.0%	;Disminuir por100.0%	;1	;Disminuir por66.7%	;Disminuir por80.0%	;
164	;(Miércoles)2026/05/13	;0	; --%	; --%	;2	; --%	; --%	;1	; --%	;Disminuir por83.3%	;5	; --%	;Disminuir por44.4%	;0	; --%	; --%	;34	; --%	;Disminuir por19.0%	;0	; --%	;Disminuir por100.0%	;3	; --%	;Disminuir por57.1%	;
165	;(Jueves)2026/05/14	;0	; --%	; --%	;0	; --%	; --%	;0	; --%	;Disminuir por100.0%	;5	; --%	;Aumentar por150.0%	;0	; --%	; --%	;35	;Aumentar por59.1%	;Aumentar por25.0%	;1	; --%	;Disminuir por75.0%	;7	; --%	;Disminuir por12.5%	;
166	;(Viernes)2026/05/15	;0	;Disminuir por100.0%	; --%	;0	;Disminuir por100.0%	; --%	;3	;Aumentar por50.0%	; --%	;11	;Aumentar por83.3%	; --%	;2	;Aumentar por100.0%	; --%	;35	;Disminuir por20.5%	; --%	;0	;Disminuir por100.0%	; --%	;5	;Disminuir por50.0%	; --%	;
167	;(Sábado)2026/05/16	;0	; --%	; --%	;0	; --%	; --%	;0	;Disminuir por100.0%	; --%	;0	;Disminuir por100.0%	; --%	;0	;Disminuir por100.0%	; --%	;24	;Disminuir por36.8%	; --%	;0	;Disminuir por100.0%	; --%	;2	;Sin cambios	; --%	;
168	;(Domingo)2026/05/17	;0	; --%	; --%	;0	; --%	; --%	;0	; --%	; --%	;0	;Disminuir por100.0%	; --%	;0	; --%	; --%	;17	;Disminuir por45.2%	; --%	;0	;Disminuir por100.0%	; --%	;1	;Disminuir por88.9%	; --%	;
169	;(Lunes)2026/05/18	;0	; --%	; --%	;0	; --%	; --%	;0	;Disminuir por100.0%	; --%	;4	;Aumentar por100.0%	; --%	;1	; --%	; --%	;34	;Aumentar por70.0%	; --%	;0	; --%	; --%	;5	;Aumentar por400.0%	; --%	;
170	;(Martes)2026/05/19	;0	; --%	; --%	;0	; --%	; --%	;0	;Disminuir por100.0%	; --%	;7	;Aumentar por40.0%	; --%	;0	; --%	; --%	;41	;Aumentar por70.8%	; --%	;0	; --%	; --%	;4	; --%	; --%	;
171	;(Miércoles)2026/05/20	;0	; --%	; --%	;0	; --%	; --%	;0	;Disminuir por100.0%	; --%	;9	;Aumentar por28.6%	; --%	;0	;Disminuir por100.0%	; --%	;35	;Disminuir por28.6%	; --%	;0	;Disminuir por100.0%	; --%	;3	;Disminuir por40.0%	; --%	;
172	;(Jueves)2026/05/21	;0	; --%	; --%	;0	;Disminuir por100.0%	; --%	;2	;Aumentar por100.0%	; --%	;7	;Aumentar por40.0%	; --%	;1	; --%	; --%	;39	;Disminuir por15.2%	; --%	;0	;Disminuir por100.0%	; --%	;3	;Disminuir por57.1%	; --%	;
173	;(Viernes)2026/05/22	;0	; --%	; --%	;0	;Disminuir por100.0%	; --%	;0	;Disminuir por100.0%	; --%	;2	;Disminuir por66.7%	; --%	;1	;Sin cambios	; --%	;29	;Disminuir por39.6%	; --%	;0	;Disminuir por100.0%	; --%	;3	;Disminuir por50.0%	; --%	;
174	;(Sábado)2026/05/23	;0	;Disminuir por100.0%	; --%	;0	;Disminuir por100.0%	; --%	;0	; --%	; --%	;0	; --%	;Disminuir por100.0%	;0	;Disminuir por100.0%	;Disminuir por100.0%	;17	;Aumentar por88.9%	;Aumentar por13.3%	;5	;Disminuir por70.6%	; --%	;6	;Disminuir por64.7%	; --%	;
175	;(Domingo)2026/05/24	;0	; --%	; --%	;0	; --%	; --%	;0	; --%	; --%	;1	;Disminuir por50.0%	; --%	;2	;Aumentar por100.0%	; --%	;12	;Disminuir por29.4%	;Disminuir por55.6%	;2	;Sin cambios	; --%	;3	;Sin cambios	;Aumentar por200.0%	;
176	;(Lunes)2026/05/25	;0	; --%	; --%	;0	; --%	; --%	;2	; --%	; --%	;6	;Aumentar por500.0%	; --%	;2	;Aumentar por100.0%	; --%	;52	;Aumentar por40.5%	;Aumentar por477.8%	;5	; --%	; --%	;10	; --%	;Aumentar por900.0%	;
177	;(Martes)2026/05/26	;0	; --%	; --%	;1	; --%	; --%	;0	; --%	; --%	;6	;Aumentar por500.0%	;Aumentar por500.0%	;0	;Disminuir por100.0%	;Disminuir por100.0%	;38	;Aumentar por52.0%	;Disminuir por9.5%	;0	; --%	; --%	;7	; --%	;Aumentar por75.0%	;
178	;(Miércoles)2026/05/27	;0	;Disminuir por100.0%	; --%	;0	;Disminuir por100.0%	; --%	;0	;Disminuir por100.0%	;Disminuir por100.0%	;4	;Disminuir por78.9%	;Sin cambios	;0	; --%	;Disminuir por100.0%	;37	;Disminuir por22.9%	;Disminuir por14.0%	;1	; --%	; --%	;3	; --%	;Aumentar por50.0%	;
179	;(Jueves)2026/05/28	;0	; --%	; --%	;1	; --%	; --%	;1	;Disminuir por83.3%	;Disminuir por85.7%	;1	;Disminuir por87.5%	;Disminuir por90.9%	;0	;Disminuir por100.0%	; --%	;25	;Disminuir por51.0%	;Disminuir por56.1%	;0	;Disminuir por100.0%	;Disminuir por100.0%	;3	;Disminuir por99.2%	;Aumentar por50.0%	;
180	;(Viernes)2026/05/29	;0	; --%	;Disminuir por100.0%	;0	; --%	;Disminuir por100.0%	;0	;Disminuir por100.0%	;Disminuir por100.0%	;3	;Disminuir por25.0%	;Disminuir por82.4%	;1	; --%	; --%	;39	;Disminuir por4.9%	;Disminuir por18.8%	;1	; --%	;Disminuir por90.0%	;3	;Aumentar por50.0%	;Disminuir por75.0%	;
181	;(Sábado)2026/05/30	;0	; --%	; --%	;0	;Disminuir por100.0%	;Disminuir por100.0%	;1	;Sin cambios	;Disminuir por50.0%	;6	;Aumentar por200.0%	;Disminuir por25.0%	;2	; --%	;Disminuir por66.7%	;21	;Disminuir por47.5%	;Disminuir por60.4%	;0	; --%	;Disminuir por100.0%	;1	;Disminuir por50.0%	;Disminuir por75.0%	;
182	;(Domingo)2026/05/31	;0	; --%	; --%	;0	; --%	; --%	;0	;Disminuir por100.0%	; --%	;0	;Disminuir por100.0%	;Disminuir por100.0%	;0	;Disminuir por100.0%	; --%	;10	;Disminuir por63.0%	;Disminuir por63.0%	;1	; --%	;Disminuir por66.7%	;2	;Sin cambios	;Disminuir por50.0%	;
183	;(Lunes)2026/06/01	;1	; --%	; --%	;2	; --%	; --%	;0	; --%	; --%	;7	; --%	;Aumentar por250.0%	;2	;Aumentar por100.0%	;Disminuir por33.3%	;33	;Aumentar por200.0%	;Aumentar por120.0%	;1	; --%	;Disminuir por50.0%	;4	;Aumentar por300.0%	;Sin cambios	;
184	;(Martes)2026/06/02	;0	; --%	; --%	;1	; --%	; --%	;0	; --%	;Disminuir por100.0%	;4	;Aumentar por300.0%	;Disminuir por63.6%	;0	;Disminuir por100.0%	; --%	;41	;Aumentar por141.2%	;Aumentar por41.4%	;2	; --%	;Disminuir por96.3%	;4	;Aumentar por300.0%	;Disminuir por92.9%	;
185	;(Miércoles)2026/06/03	;0	; --%	; --%	;0	; --%	; --%	;0	;Disminuir por100.0%	;Disminuir por100.0%	;4	;Disminuir por20.0%	;Disminuir por78.9%	;0	;Disminuir por100.0%	;Disminuir por100.0%	;30	;Disminuir por36.2%	;Disminuir por33.3%	;4	;Aumentar por300.0%	;Aumentar por33.3%	;6	;Aumentar por100.0%	;Disminuir por14.3%	;
186	;(Jueves)2026/06/04	;0	; --%	; --%	;0	; --%	; --%	;1	;Disminuir por66.7%	;Disminuir por92.3%	;9	;Aumentar por12.5%	;Disminuir por55.0%	;1	; --%	; --%	;37	;Aumentar por27.6%	;Disminuir por11.9%	;0	; --%	; --%	;3	;Aumentar por50.0%	;Aumentar por200.0%	;
187	;(Viernes)2026/06/05	;0	; --%	; --%	;0	; --%	; --%	;1	; --%	;Disminuir por50.0%	;4	;Aumentar por33.3%	;Disminuir por69.2%	;0	; --%	; --%	;55	;Aumentar por61.8%	;Aumentar por61.8%	;8	;Aumentar por700.0%	; --%	;12	;Aumentar por500.0%	;Aumentar por500.0%	;
188	;(Sábado)2026/06/06	;0	; --%	; --%	;1	; --%	; --%	;0	;Disminuir por100.0%	;Disminuir por100.0%	;0	;Disminuir por100.0%	;Disminuir por100.0%	;0	; --%	;Disminuir por100.0%	;16	;Disminuir por46.7%	;Disminuir por56.8%	;5	; --%	;Aumentar por150.0%	;8	;Aumentar por300.0%	;Aumentar por166.7%	;
189	;(Domingo)2026/06/07	;0	; --%	; --%	;0	; --%	; --%	;0	;Disminuir por100.0%	; --%	;0	;Disminuir por100.0%	;Disminuir por100.0%	;1	;Sin cambios	;Disminuir por50.0%	;11	;Disminuir por73.8%	;Disminuir por31.3%	;1	; --%	; --%	;3	;Aumentar por50.0%	;Aumentar por200.0%	;
190	;(Lunes)2026/06/08	;0	; --%	; --%	;0	; --%	; --%	;1	; --%	; --%	;1	; --%	;Sin cambios	;1	;Sin cambios	; --%	;30	;Aumentar por200.0%	;Aumentar por172.7%	;2	; --%	;Sin cambios	;9	;Aumentar por800.0%	;Aumentar por80.0%	;
191	;(Martes)2026/06/09	;0	; --%	; --%	;0	; --%	; --%	;0	; --%	;Disminuir por100.0%	;3	; --%	;Disminuir por94.1%	;0	; --%	; --%	;34	;Aumentar por78.9%	;Disminuir por8.1%	;1	; --%	;Disminuir por66.7%	;4	;Aumentar por300.0%	;Disminuir por33.3%	;
192	;(Miércoles)2026/06/10	;1	; --%	; --%	;0	; --%	; --%	;1	;Disminuir por66.7%	; --%	;8	;Sin cambios	;Aumentar por100.0%	;0	; --%	;Disminuir por100.0%	;36	;Sin cambios	;Disminuir por7.7%	;1	;Sin cambios	;Disminuir por50.0%	;5	;Aumentar por150.0%	;Aumentar por25.0%	;
193	;(Jueves)2026/06/11	;0	; --%	; --%	;0	; --%	; --%	;0	; --%	; --%	;1	;Disminuir por80.0%	;Disminuir por80.0%	;0	; --%	; --%	;33	;Disminuir por29.8%	;Disminuir por8.3%	;0	; --%	;Disminuir por100.0%	;7	;Aumentar por600.0%	;Aumentar por133.3%	;
194	;(Viernes)2026/06/12	;0	; --%	;Disminuir por100.0%	;0	; --%	;Disminuir por100.0%	;0	; --%	;Disminuir por100.0%	;1	;Disminuir por80.0%	;Disminuir por75.0%	;2	; --%	;Disminuir por60.0%	;35	;Disminuir por30.0%	;Disminuir por2.8%	;3	; --%	; --%	;7	;Aumentar por250.0%	;Aumentar por250.0%	;
195	;(Sábado)2026/06/13	;0	; --%	; --%	;0	; --%	; --%	;0	;Disminuir por100.0%	;Disminuir por100.0%	;0	;Disminuir por100.0%	;Disminuir por100.0%	;0	;Disminuir por100.0%	; --%	;16	;Disminuir por57.9%	;Disminuir por51.5%	;63	; --%	;Aumentar por6200.0%	;65	;Aumentar por3150.0%	;Aumentar por1525.0%	;
196	;(Domingo)2026/06/14	;0	; --%	; --%	;0	; --%	; --%	;0	;Disminuir por100.0%	; --%	;0	;Disminuir por100.0%	;Disminuir por100.0%	;0	;Disminuir por100.0%	; --%	;15	;Disminuir por72.7%	;Disminuir por28.6%	;1	; --%	;Sin cambios	;3	;Aumentar por200.0%	;Aumentar por50.0%	;
197	;(Lunes)2026/06/15	;0	; --%	; --%	;2	; --%	; --%	;1	; --%	; --%	;12	;Aumentar por1100.0%	; --%	;0	;Disminuir por100.0%	; --%	;24	;Disminuir por27.3%	;Aumentar por41.2%	;4	;Aumentar por300.0%	;Aumentar por33.3%	;5	; --%	;Sin cambios	;
198	;(Martes)2026/06/16	;0	; --%	; --%	;0	; --%	; --%	;1	; --%	;Sin cambios	;10	;Aumentar por900.0%	;Aumentar por100.0%	;1	;Disminuir por50.0%	; --%	;30	;Aumentar por57.9%	;Disminuir por11.8%	;0	; --%	;Disminuir por100.0%	;0	; --%	;Disminuir por100.0%	;
199	;(Miércoles)2026/06/17	;0	; --%	; --%	;0	; --%	; --%	;0	; --%	; --%	;3	;Disminuir por40.0%	;Sin cambios	;0	;Disminuir por100.0%	;Disminuir por100.0%	;37	;Aumentar por32.1%	;Aumentar por54.2%	;0	; --%	;Disminuir por100.0%	;4	;Aumentar por100.0%	;Aumentar por100.0%	;
200	;(Jueves)2026/06/18	;0	; --%	; --%	;0	; --%	; --%	;0	; --%	; --%	;1	;Sin cambios	;Disminuir por85.7%	;0	;Disminuir por100.0%	;Disminuir por100.0%	;39	;Aumentar por34.5%	;Disminuir por7.1%	;4	; --%	;Aumentar por300.0%	;9	; --%	;Aumentar por350.0%	;
201	;(Viernes)2026/06/19	;0	; --%	;Disminuir por100.0%	;0	; --%	;Disminuir por100.0%	;1	; --%	; --%	;9	;Aumentar por80.0%	;Aumentar por200.0%	;1	;Disminuir por80.0%	;Sin cambios	;44	;Disminuir por18.5%	;Aumentar por37.5%	;4	; --%	;Sin cambios	;8	;Aumentar por700.0%	;Aumentar por14.3%	;
202	;(Sábado)2026/06/20	;0	;Disminuir por100.0%	; --%	;0	;Disminuir por100.0%	; --%	;0	;Disminuir por100.0%	;Disminuir por100.0%	;1	;Disminuir por90.0%	;Disminuir por98.5%	;1	; --%	; --%	;24	;Disminuir por48.9%	;Disminuir por27.3%	;6	; --%	;Disminuir por33.3%	;6	; --%	;Disminuir por45.5%	;
203	;(Domingo)2026/06/21	;26	; --%	; --%	;27	;Aumentar por2600.0%	;Aumentar por2600.0%	;0	; --%	; --%	;1	;Disminuir por83.3%	; --%	;0	;Disminuir por100.0%	;Disminuir por100.0%	;16	;Disminuir por60.0%	;Disminuir por61.9%	;0	; --%	; --%	;0	; --%	;Disminuir por100.0%	;
204	;(Lunes)2026/06/22	;0	; --%	; --%	;0	; --%	; --%	;0	; --%	; --%	;4	; --%	;Aumentar por300.0%	;0	; --%	;Disminuir por100.0%	;42	;Aumentar por55.6%	;Aumentar por180.0%	;1	; --%	;Sin cambios	;3	;Aumentar por200.0%	;Sin cambios	;
205	;(Martes)2026/06/23	;0	; --%	; --%	;0	; --%	; --%	;1	; --%	; --%	;5	; --%	;Aumentar por25.0%	;0	;Disminuir por100.0%	; --%	;38	;Aumentar por58.3%	;Disminuir por11.6%	;1	; --%	;Disminuir por88.9%	;4	;Aumentar por300.0%	;Disminuir por63.6%	;
206	;(Miércoles)2026/06/24	;0	; --%	; --%	;0	; --%	; --%	;0	;Disminuir por100.0%	;Disminuir por100.0%	;1	;Disminuir por75.0%	;Disminuir por87.5%	;1	;Sin cambios	;Sin cambios	;30	;Disminuir por25.0%	;Disminuir por3.2%	;2	;Sin cambios	;Disminuir por60.0%	;5	;Aumentar por66.7%	;Disminuir por28.6%	;
207	;(Jueves)2026/06/25	;0	; --%	; --%	;0	; --%	; --%	;0	;Disminuir por100.0%	;Disminuir por100.0%	;4	;Aumentar por100.0%	;Disminuir por55.6%	;1	;Disminuir por75.0%	;Disminuir por94.1%	;39	;Aumentar por8.3%	;Disminuir por26.4%	;1	;Sin cambios	;Disminuir por94.4%	;5	;Aumentar por66.7%	;Disminuir por73.7%	;
208	;(Viernes)2026/06/26	;0	; --%	; --%	;0	;Disminuir por100.0%	; --%	;0	; --%	; --%	;3	;Disminuir por25.0%	; --%	;1	; --%	; --%	;36	;Aumentar por20.0%	; --%	;1	;Sin cambios	; --%	;3	;Disminuir por25.0%	; --%	;
209	;(Sábado)2026/06/27	;0	; --%	; --%	;0	;Disminuir por100.0%	; --%	;0	;Disminuir por100.0%	; --%	;0	;Disminuir por100.0%	;Disminuir por100.0%	;0	;Disminuir por100.0%	;Disminuir por100.0%	;18	;Disminuir por51.4%	;Disminuir por33.3%	;172	;Aumentar por5633.3%	; --%	;174	;Aumentar por5700.0%	; --%	;
210	;(Domingo)2026/06/28	;0	; --%	; --%	;0	;Disminuir por100.0%	; --%	;0	;Disminuir por100.0%	; --%	;1	;Disminuir por66.7%	; --%	;0	;Disminuir por100.0%	; --%	;24	;Disminuir por42.9%	;Disminuir por11.1%	;31	;Aumentar por1450.0%	;Aumentar por3000.0%	;33	;Aumentar por1000.0%	;Aumentar por725.0%	;
211	;(Lunes)2026/06/29	;0	; --%	; --%	;0	; --%	; --%	;0	; --%	; --%	;3	;Aumentar por200.0%	; --%	;1	;Sin cambios	; --%	;35	;Aumentar por16.7%	;Aumentar por150.0%	;0	;Disminuir por100.0%	;Disminuir por100.0%	;7	;Aumentar por250.0%	;Aumentar por75.0%	;
212	;(Martes)2026/06/30	;0	; --%	; --%	;0	; --%	; --%	;0	; --%	; --%	;5	; --%	;Sin cambios	;0	; --%	;Disminuir por100.0%	;26	;Aumentar por62.5%	;Disminuir por29.7%	;2	;Aumentar por100.0%	; --%	;7	;Aumentar por250.0%	;Aumentar por75.0%	;
213	;(Miércoles)2026/07/01	;0	; --%	; --%	;0	; --%	; --%	;38	;Aumentar por1800.0%	;Aumentar por3700.0%	;39	;Aumentar por3800.0%	;Aumentar por680.0%	;1	;Disminuir por66.7%	;Disminuir por96.2%	;31	;Disminuir por11.4%	;Disminuir por51.6%	;1	;Sin cambios	;Sin cambios	;6	;Aumentar por200.0%	;Aumentar por50.0%	;
214	;(Jueves)2026/07/02	;0	; --%	; --%	;0	; --%	; --%	;4	;Aumentar por300.0%	; --%	;6	; --%	;Disminuir por14.3%	;0	;Disminuir por100.0%	; --%	;25	;Disminuir por89.1%	;Disminuir por49.0%	;1	;Disminuir por87.5%	;Disminuir por66.7%	;3	;Disminuir por66.7%	;Disminuir por57.1%	;
215	;(Viernes)2026/07/03	;0	; --%	; --%	;0	; --%	; --%	;2	;Sin cambios	;Disminuir por33.3%	;2	; --%	;Disminuir por75.0%	;6	;Sin cambios	;Aumentar por200.0%	;13	;Aumentar por62.5%	;Disminuir por71.7%	;1	;Sin cambios	;Sin cambios	;4	;Aumentar por300.0%	;Disminuir por20.0%	;
216	;(Sábado)2026/07/04	;0	;Disminuir por100.0%	; --%	;1	;Disminuir por50.0%	; --%	;2	;Disminuir por60.0%	; --%	;2	;Sin cambios	;Disminuir por50.0%	;0	;Disminuir por100.0%	; --%	;25	;Aumentar por108.3%	;Disminuir por41.9%	;8	;Aumentar por300.0%	;Aumentar por166.7%	;9	;Aumentar por125.0%	;Aumentar por80.0%	;
217	;(Domingo)2026/07/05	;10	; --%	; --%	;12	; --%	; --%	;4	;Disminuir por84.6%	;Aumentar por300.0%	;5	;Disminuir por80.0%	;Aumentar por25.0%	;0	;Disminuir por100.0%	;Disminuir por100.0%	;21	;Aumentar por320.0%	;Disminuir por16.0%	;2	;Disminuir por33.3%	; --%	;5	;Aumentar por66.7%	;Aumentar por150.0%	;
218	;(Lunes)2026/07/06	;0	; --%	; --%	;0	; --%	; --%	;0	;Disminuir por100.0%	; --%	;4	;Aumentar por100.0%	; --%	;0	;Disminuir por100.0%	;Disminuir por100.0%	;28	;Aumentar por366.7%	;Aumentar por27.3%	;3	;Aumentar por50.0%	;Aumentar por200.0%	;5	;Aumentar por150.0%	;Aumentar por66.7%	;
219	;(Martes)2026/07/07	;0	; --%	; --%	;0	;Disminuir por100.0%	; --%	;2	;Aumentar por100.0%	;Aumentar por100.0%	;4	; --%	;Aumentar por33.3%	;1	;Sin cambios	;Sin cambios	;29	;Aumentar por2800.0%	;Disminuir por38.3%	;2	;Disminuir por71.4%	;Sin cambios	;3	;Disminuir por57.1%	;Disminuir por50.0%	;
220	;(Miércoles)2026/07/08	;0	; --%	; --%	;0	; --%	; --%	;0	;Disminuir por100.0%	;Disminuir por100.0%	;2	;Disminuir por50.0%	;Aumentar por100.0%	;1	;Disminuir por85.7%	; --%	;44	;Aumentar por300.0%	;Aumentar por12.8%	;2	;Sin cambios	;Aumentar por100.0%	;5	;Aumentar por400.0%	;Sin cambios	;
221	;(Jueves)2026/07/09	;1	; --%	; --%	;1	;Disminuir por50.0%	; --%	;1	;Sin cambios	; --%	;2	;Sin cambios	;Disminuir por60.0%	;1	;Sin cambios	;Disminuir por93.8%	;45	;Aumentar por15.4%	;Disminuir por22.4%	;3	;Disminuir por40.0%	;Disminuir por66.7%	;7	;Disminuir por12.5%	;Disminuir por36.4%	;
222	;(Viernes)2026/07/10	;0	; --%	; --%	;1	; --%	; --%	;0	;Disminuir por100.0%	;Disminuir por100.0%	;3	;Disminuir por40.0%	;Disminuir por50.0%	;0	;Disminuir por100.0%	;Disminuir por100.0%	;42	;Aumentar por61.5%	;Aumentar por10.5%	;2	;Sin cambios	;Sin cambios	;5	;Aumentar por66.7%	;Disminuir por16.7%	;
223	;(Sábado)2026/07/11	;0	; --%	; --%	;0	; --%	; --%	;0	;Disminuir por100.0%	; --%	;1	;Disminuir por75.0%	; --%	;15	; --%	;Aumentar por400.0%	;37	;Sin cambios	;Aumentar por8.8%	;0	;Disminuir por100.0%	;Disminuir por100.0%	;2	;Disminuir por33.3%	;Disminuir por81.8%	;
224	;(Domingo)2026/07/12	;0	; --%	; --%	;0	; --%	; --%	;0	;Disminuir por100.0%	; --%	;0	;Disminuir por100.0%	;Disminuir por100.0%	;0	;Disminuir por100.0%	;Disminuir por100.0%	;14	;Disminuir por53.3%	;Disminuir por63.2%	;1	;Disminuir por50.0%	; --%	;2	;Disminuir por33.3%	; --%	;
225	;(Lunes)2026/07/13	;0	; --%	; --%	;0	; --%	; --%	;0	; --%	; --%	;2	; --%	;Aumentar por100.0%	;0	;Disminuir por100.0%	;Disminuir por100.0%	;47	;Aumentar por1075.0%	;Aumentar por88.0%	;16	; --%	; --%	;19	;Aumentar por1800.0%	;Aumentar por850.0%	;
226	;(Martes)2026/07/14	;0	; --%	; --%	;0	; --%	;Disminuir por100.0%	;0	; --%	; --%	;1	; --%	;Disminuir por80.0%	;1	; --%	; --%	;23	;Aumentar por360.0%	;Disminuir por46.5%	;4	;Aumentar por300.0%	;Aumentar por33.3%	;5	;Aumentar por150.0%	;Disminuir por28.6%	;
