Análisis de tipo multiobjetivo	;
Información básica	;
Hora de exportación: 2026/07/14 13:45:31	;
Operador: Touristcheck	;
Objetivo de estadísticas: C Mayor - Baluarte Del Principe	;
Exportar contenido:Número de personas,Vehículos a motor,Vehículos sin motor	;
Hora del informe: 2025/12/01 00:00:00 - 2026/07/14 23:59:59	;

Personas totales	; 	; 	; 	; 	; 	;Total de vehículos a motor	; 	; 	; 	; 	; 	;Total de vehículos sin motor	;
Avanzar	; 	; 	;Retroceso	; 	; 	;Avanzar	; 	; 	;Retroceso	; 	; 	;Avanzar	; 	; 	;Retroceso	;
Valor	;Tasa de cambio (ciclo tras ciclo)	;Tasa de cambio (año tras año)	;Valor	;Tasa de cambio (ciclo tras ciclo)	;Tasa de cambio (año tras año)	;Valor	;Tasa de cambio (ciclo tras ciclo)	;Tasa de cambio (año tras año)	;Valor	;Tasa de cambio (ciclo tras ciclo)	;Tasa de cambio (año tras año)	;Valor	;Tasa de cambio (ciclo tras ciclo)	;Tasa de cambio (año tras año)	;Valor	;Tasa de cambio (ciclo tras ciclo)	;Tasa de cambio (año tras año)	;
543656	;Disminuir por40.5%	;Aumentar por54.6%	;386888	;Disminuir por40.9%	;Aumentar por58.3%	;53923	;Aumentar por9.8%	;Aumentar por166.4%	;12946	;Aumentar por47.6%	;Aumentar por335.7%	;16214	;Disminuir por34.7%	;Aumentar por53.3%	;3708	;Disminuir por16.9%	;Aumentar por117.7%	;

N.º	;Hora	;Personas	; 	; 	; 	; 	; 	;Vehículos a motor	; 	; 	; 	; 	; 	;Vehículos sin motor	;
	;	;Avanzar	; 	; 	;Retroceso	; 	; 	;Avanzar	; 	; 	;Retroceso	; 	; 	;Avanzar	; 	; 	;Retroceso	;
	;	;Valor	;Tasa de cambio (ciclo tras ciclo)	;Tasa de cambio (año tras año)	;Valor	;Tasa de cambio (ciclo tras ciclo)	;Tasa de cambio (año tras año)	;Valor	;Tasa de cambio (ciclo tras ciclo)	;Tasa de cambio (año tras año)	;Valor	;Tasa de cambio (ciclo tras ciclo)	;Tasa de cambio (año tras año)	;Valor	;Tasa de cambio (ciclo tras ciclo)	;Tasa de cambio (año tras año)	;Valor	;Tasa de cambio (ciclo tras ciclo)	;Tasa de cambio (año tras año)	;
1	;(Lunes)2025/12/01	;803	;Disminuir por92.5%	; --%	;461	;Disminuir por94.3%	; --%	;193	;Aumentar por67.8%	; --%	;33	;Aumentar por725.0%	; --%	;42	;Disminuir por67.7%	; --%	;11	;Disminuir por72.5%	; --%	;
2	;(Martes)2025/12/02	;676	;Disminuir por92.8%	; --%	;381	;Disminuir por94.9%	; --%	;241	;Aumentar por167.8%	; --%	;40	;Aumentar por566.7%	; --%	;55	;Disminuir por53.8%	; --%	;6	;Disminuir por88.0%	; --%	;
3	;(Miércoles)2025/12/03	;1031	;Disminuir por84.7%	; --%	;596	;Disminuir por87.6%	; --%	;254	;Aumentar por122.8%	; --%	;37	;Aumentar por1133.3%	; --%	;51	;Disminuir por45.7%	; --%	;11	;Disminuir por57.7%	; --%	;
4	;(Jueves)2025/12/04	;961	;Disminuir por62.1%	; --%	;560	;Disminuir por69.9%	; --%	;269	;Aumentar por4.7%	; --%	;20	;Aumentar por81.8%	; --%	;57	;Disminuir por27.8%	; --%	;7	;Sin cambios	; --%	;
5	;(Viernes)2025/12/05	;3053	;Disminuir por12.6%	; --%	;1265	;Disminuir por48.2%	; --%	;235	;Disminuir por17.0%	; --%	;40	;Disminuir por18.4%	; --%	;66	;Disminuir por32.0%	; --%	;18	;Aumentar por5.9%	; --%	;
6	;(Sábado)2025/12/06	;9760	;Aumentar por226.5%	; --%	;8504	;Aumentar por335.7%	; --%	;127	;Disminuir por51.3%	; --%	;17	;Disminuir por58.5%	; --%	;82	;Disminuir por34.9%	; --%	;55	;Aumentar por205.6%	; --%	;
7	;(Domingo)2025/12/07	;12043	;Aumentar por287.5%	; --%	;9069	;Aumentar por290.7%	; --%	;83	;Disminuir por69.4%	; --%	;10	;Disminuir por74.4%	; --%	;113	;Disminuir por18.1%	; --%	;78	;Aumentar por254.5%	; --%	;
8	;(Lunes)2025/12/08	;5448	;Aumentar por16.1%	; --%	;2942	;Disminuir por15.8%	; --%	;136	;Disminuir por31.0%	; --%	;27	;Aumentar por80.0%	; --%	;67	;Disminuir por39.1%	; --%	;37	;Aumentar por48.0%	; --%	;
9	;(Martes)2025/12/09	;1013	;Disminuir por79.2%	; --%	;546	;Disminuir por84.4%	; --%	;248	;Aumentar por62.1%	; --%	;44	;Aumentar por76.0%	; --%	;52	;Disminuir por17.5%	; --%	;6	;Disminuir por78.6%	; --%	;
10	;(Miércoles)2025/12/10	;876	;Aumentar por47.5%	; --%	;488	;Aumentar por41.9%	; --%	;191	;Aumentar por78.5%	; --%	;26	;Aumentar por30.0%	; --%	;50	;Aumentar por47.1%	; --%	;11	;Aumentar por175.0%	; --%	;
11	;(Jueves)2025/12/11	;919	;Disminuir por24.7%	; --%	;558	;Disminuir por41.5%	; --%	;210	;Aumentar por40.0%	; --%	;36	;Aumentar por24.1%	; --%	;60	;Disminuir por6.3%	; --%	;10	;Sin cambios	; --%	;
12	;(Viernes)2025/12/12	;1605	;Disminuir por33.5%	; --%	;701	;Disminuir por51.6%	; --%	;211	;Disminuir por26.5%	; --%	;13	;Disminuir por35.0%	; --%	;70	;Disminuir por34.6%	; --%	;5	;Disminuir por72.2%	; --%	;
13	;(Sábado)2025/12/13	;5544	;Disminuir por24.4%	; --%	;2614	;Disminuir por47.4%	; --%	;121	;Disminuir por4.7%	; --%	;7	;Aumentar por16.7%	; --%	;68	;Disminuir por33.3%	; --%	;14	;Disminuir por48.1%	; --%	;
14	;(Domingo)2025/12/14	;678	;Disminuir por90.2%	; --%	;537	;Disminuir por89.4%	; --%	;191	;Aumentar por3.2%	; --%	;35	;Aumentar por483.3%	; --%	;9	;Disminuir por90.3%	; --%	;2	;Disminuir por88.9%	; --%	;
15	;(Lunes)2025/12/15	;296	;Disminuir por95.6%	; --%	;273	;Disminuir por94.7%	; --%	;195	;Aumentar por27.5%	; --%	;14	;Aumentar por40.0%	; --%	;9	;Disminuir por93.1%	; --%	;3	;Disminuir por89.3%	; --%	;
16	;(Martes)2025/12/16	;343	;Disminuir por89.4%	; --%	;191	;Disminuir por92.1%	; --%	;207	;Aumentar por4.5%	; --%	;1	;Disminuir por97.6%	; --%	;27	;Disminuir por71.6%	; --%	;3	;Disminuir por88.5%	; --%	;
17	;(Miércoles)2025/12/17	;228	;Disminuir por85.8%	; --%	;192	;Disminuir por83.4%	; --%	;221	;Disminuir por20.8%	; --%	;2	;Disminuir por93.3%	; --%	;4	;Disminuir por95.9%	; --%	;3	;Disminuir por62.5%	; --%	;
18	;(Jueves)2025/12/18	;811	;Disminuir por61.0%	; --%	;485	;Disminuir por61.7%	; --%	;225	;Disminuir por29.9%	; --%	;14	;Disminuir por82.7%	; --%	;43	;Disminuir por56.1%	; --%	;10	;Disminuir por16.7%	; --%	;
19	;(Viernes)2025/12/19	;1207	;Disminuir por25.4%	; --%	;604	;Disminuir por49.1%	; --%	;228	;Disminuir por16.2%	; --%	;4	;Disminuir por89.7%	; --%	;56	;Disminuir por43.4%	; --%	;23	;Aumentar por91.7%	; --%	;
20	;(Sábado)2025/12/20	;3809	;Aumentar por129.3%	; --%	;2206	;Aumentar por95.9%	; --%	;130	;Disminuir por58.6%	; --%	;4	;Disminuir por91.3%	; --%	;57	;Disminuir por13.6%	; --%	;12	;Aumentar por71.4%	; --%	;
21	;(Domingo)2025/12/21	;3426	;Aumentar por39.4%	; --%	;1917	;Aumentar por12.6%	; --%	;107	;Disminuir por61.9%	; --%	;0	;Disminuir por100.0%	; --%	;50	;Disminuir por56.1%	; --%	;10	;Disminuir por47.4%	; --%	;
22	;(Lunes)2025/12/22	;1540	;Disminuir por53.1%	; --%	;1039	;Disminuir por58.5%	; --%	;197	;Aumentar por18.7%	; --%	;2	;Disminuir por71.4%	; --%	;46	;Disminuir por50.5%	; --%	;14	;Disminuir por39.1%	; --%	;
23	;(Martes)2025/12/23	;1391	;Disminuir por55.5%	; --%	;777	;Disminuir por63.3%	; --%	;217	;Aumentar por64.4%	; --%	;2	;Disminuir por50.0%	; --%	;37	;Disminuir por41.3%	; --%	;9	;Disminuir por59.1%	; --%	;
24	;(Miércoles)2025/12/24	;1157	;Disminuir por29.0%	; --%	;781	;Disminuir por30.2%	; --%	;199	;Disminuir por19.8%	; --%	;33	;Aumentar por26.9%	; --%	;31	;Disminuir por67.0%	; --%	;10	;Disminuir por41.2%	; --%	;
25	;(Jueves)2025/12/25	;1085	;Disminuir por38.3%	; --%	;537	;Disminuir por55.7%	; --%	;135	;Disminuir por36.3%	; --%	;1	;Disminuir por96.6%	; --%	;11	;Disminuir por87.6%	; --%	;4	;Disminuir por63.6%	; --%	;
26	;(Viernes)2025/12/26	;2314	;Aumentar por24.7%	; --%	;1374	;Disminuir por2.6%	; --%	;165	;Disminuir por25.7%	; --%	;8	;Disminuir por57.9%	; --%	;15	;Disminuir por81.9%	; --%	;11	;Disminuir por8.3%	; --%	;
27	;(Sábado)2025/12/27	;860	;Disminuir por56.7%	; --%	;661	;Disminuir por50.8%	; --%	;195	;Disminuir por35.0%	; --%	;36	;Aumentar por80.0%	; --%	;6	;Disminuir por94.9%	; --%	;3	;Disminuir por78.6%	; --%	;
28	;(Domingo)2025/12/28	;3272	;Aumentar por25.9%	; --%	;1595	;Disminuir por16.9%	; --%	;121	;Disminuir por60.1%	; --%	;39	;Aumentar por30.0%	; --%	;13	;Disminuir por89.0%	; --%	;10	;Disminuir por28.6%	; --%	;
29	;(Lunes)2025/12/29	;2410	;Disminuir por48.9%	; --%	;1171	;Disminuir por64.1%	; --%	;158	;Aumentar por12.1%	; --%	;2	;Disminuir por84.6%	; --%	;25	;Disminuir por77.9%	; --%	;10	;Disminuir por33.3%	; --%	;
30	;(Martes)2025/12/30	;4508	;Aumentar por41.4%	; --%	;2026	;Disminuir por11.5%	; --%	;160	;Aumentar por24.0%	; --%	;7	;Disminuir por63.2%	; --%	;48	;Disminuir por45.5%	; --%	;26	;Aumentar por18.2%	; --%	;
31	;(Miércoles)2025/12/31	;3361	;Aumentar por75.1%	; --%	;1848	;Aumentar por60.6%	; --%	;129	;Disminuir por44.4%	; --%	;9	;Disminuir por69.0%	; --%	;47	;Disminuir por61.8%	; --%	;21	;Aumentar por61.5%	; --%	;
32	;(Jueves)2026/01/01	;5049	;Aumentar por150.6%	; --%	;2541	;Aumentar por111.2%	; --%	;66	;Disminuir por82.9%	; --%	;3	;Disminuir por97.2%	; --%	;32	;Disminuir por72.2%	; --%	;24	;Aumentar por41.2%	; --%	;
33	;(Viernes)2026/01/02	;4145	;Aumentar por136.2%	; --%	;2783	;Aumentar por132.5%	; --%	;182	;Disminuir por53.8%	; --%	;3	;Disminuir por97.8%	; --%	;44	;Disminuir por60.4%	; --%	;22	;Aumentar por120.0%	; --%	;
34	;(Sábado)2026/01/03	;3973	;Aumentar por119.1%	; --%	;2515	;Aumentar por88.0%	; --%	;154	;Disminuir por46.2%	; --%	;1	;Disminuir por98.5%	; --%	;51	;Disminuir por58.2%	; --%	;26	;Aumentar por73.3%	; --%	;
35	;(Domingo)2026/01/04	;1473	;Disminuir por35.2%	; --%	;955	;Disminuir por42.8%	; --%	;96	;Disminuir por75.3%	; --%	;1	;Disminuir por98.9%	; --%	;14	;Disminuir por89.1%	; --%	;7	;Disminuir por30.0%	; --%	;
36	;(Lunes)2026/01/05	;661	;Disminuir por84.8%	; --%	;364	;Disminuir por89.0%	; --%	;170	;Disminuir por1.7%	; --%	;2	;Disminuir por93.1%	; --%	;19	;Disminuir por82.7%	; --%	;2	;Disminuir por92.3%	; --%	;
37	;(Martes)2026/01/06	;1128	;Disminuir por67.5%	; --%	;760	;Disminuir por66.5%	; --%	;125	;Disminuir por20.9%	; --%	;30	;Disminuir por36.2%	; --%	;16	;Disminuir por81.2%	; --%	;7	;Disminuir por68.2%	; --%	;
38	;(Miércoles)2026/01/07	;529	;Disminuir por74.9%	; --%	;359	;Disminuir por71.1%	; --%	;256	;Aumentar por8.0%	; --%	;72	;Aumentar por188.0%	; --%	;29	;Disminuir por74.1%	; --%	;8	;Sin cambios	; --%	;
39	;(Jueves)2026/01/08	;491	;Disminuir por75.9%	; --%	;347	;Disminuir por76.2%	; --%	;222	;Disminuir por25.5%	; --%	;56	;Disminuir por8.2%	; --%	;44	;Disminuir por66.2%	; --%	;6	;Disminuir por45.5%	; --%	;
40	;(Viernes)2026/01/09	;576	;Disminuir por71.8%	; --%	;392	;Disminuir por70.5%	; --%	;393	;Aumentar por14.6%	; --%	;169	;Aumentar por69.0%	; --%	;39	;Disminuir por64.5%	; --%	;20	;Sin cambios	; --%	;
41	;(Sábado)2026/01/10	;1298	;Disminuir por39.1%	; --%	;836	;Disminuir por45.5%	; --%	;221	;Disminuir por42.4%	; --%	;86	;Sin cambios	; --%	;43	;Disminuir por61.9%	; --%	;10	;Disminuir por52.4%	; --%	;
42	;(Domingo)2026/01/11	;1100	;Disminuir por56.7%	; --%	;669	;Disminuir por63.5%	; --%	;119	;Disminuir por57.5%	; --%	;14	;Disminuir por56.3%	; --%	;33	;Disminuir por77.4%	; --%	;16	;Aumentar por23.1%	; --%	;
43	;(Lunes)2026/01/12	;397	;Disminuir por91.1%	; --%	;237	;Disminuir por92.4%	; --%	;211	;Aumentar por37.0%	; --%	;4	;Disminuir por42.9%	; --%	;39	;Disminuir por65.5%	; --%	;13	;Disminuir por31.6%	; --%	;
44	;(Martes)2026/01/13	;404	;Disminuir por89.2%	; --%	;298	;Disminuir por88.7%	; --%	;203	;Aumentar por116.0%	; --%	;4	;Aumentar por33.3%	; --%	;49	;Disminuir por55.0%	; --%	;13	;Aumentar por8.3%	; --%	;
45	;(Miércoles)2026/01/14	;467	;Disminuir por77.3%	; --%	;254	;Disminuir por81.7%	; --%	;214	;Disminuir por1.4%	; --%	;10	;Aumentar por42.9%	; --%	;48	;Disminuir por56.8%	; --%	;7	;Disminuir por30.0%	; --%	;
46	;(Jueves)2026/01/15	;404	;Disminuir por79.9%	; --%	;285	;Disminuir por80.6%	; --%	;205	;Disminuir por14.2%	; --%	;2	;Disminuir por77.8%	; --%	;62	;Disminuir por46.1%	; --%	;7	;Disminuir por50.0%	; --%	;
47	;(Viernes)2026/01/16	;390	;Disminuir por79.8%	; --%	;293	;Disminuir por79.1%	; --%	;210	;Disminuir por17.3%	; --%	;4	;Disminuir por77.8%	; --%	;58	;Disminuir por52.1%	; --%	;8	;Disminuir por27.3%	; --%	;
48	;(Sábado)2026/01/17	;551	;Disminuir por72.1%	; --%	;409	;Disminuir por73.5%	; --%	;192	;Disminuir por24.1%	; --%	;7	;Disminuir por58.8%	; --%	;3	;Disminuir por97.5%	; --%	;3	;Disminuir por81.3%	; --%	;
49	;(Domingo)2026/01/18	;934	;Disminuir por66.9%	; --%	;598	;Disminuir por70.7%	; --%	;67	;Disminuir por72.7%	; --%	;0	;Disminuir por100.0%	; --%	;29	;Disminuir por78.4%	; --%	;6	;Disminuir por53.8%	; --%	;
50	;(Lunes)2026/01/19	;288	;Disminuir por93.7%	; --%	;213	;Disminuir por94.2%	; --%	;172	;Aumentar por2.4%	; --%	;4	;Disminuir por73.3%	; --%	;23	;Disminuir por81.1%	; --%	;0	;Disminuir por100.0%	; --%	;
51	;(Martes)2026/01/20	;263	;Disminuir por95.3%	; --%	;147	;Disminuir por96.5%	; --%	;162	;Aumentar por63.6%	; --%	;4	;Disminuir por55.6%	; --%	;10	;Disminuir por91.9%	; --%	;0	;Disminuir por100.0%	; --%	;
52	;(Miércoles)2026/01/21	;323	;Disminuir por89.8%	; --%	;282	;Disminuir por86.7%	; --%	;164	;Disminuir por21.5%	; --%	;0	;Disminuir por100.0%	; --%	;24	;Disminuir por82.1%	; --%	;3	;Disminuir por72.7%	; --%	;
53	;(Jueves)2026/01/22	;582	;Disminuir por79.5%	; --%	;419	;Disminuir por79.5%	; --%	;483	;Aumentar por121.6%	; --%	;303	;Aumentar por2425.0%	; --%	;32	;Disminuir por76.3%	; --%	;1	;Disminuir por94.7%	; --%	;
54	;(Viernes)2026/01/23	;402	;Disminuir por87.7%	; --%	;337	;Disminuir por84.7%	; --%	;204	;Disminuir por10.1%	; --%	;18	;Aumentar por63.6%	; --%	;24	;Disminuir por82.2%	; --%	;5	;Disminuir por78.3%	; --%	;
55	;(Sábado)2026/01/24	;1143	;Disminuir por58.7%	; --%	;697	;Disminuir por60.5%	; --%	;115	;Disminuir por50.0%	; --%	;2	;Disminuir por90.9%	; --%	;42	;Disminuir por70.6%	; --%	;13	;Disminuir por27.8%	; --%	;
56	;(Domingo)2026/01/25	;1056	;Disminuir por68.8%	; --%	;897	;Disminuir por59.3%	; --%	;77	;Disminuir por73.9%	; --%	;6	;Disminuir por57.1%	; --%	;35	;Disminuir por72.4%	; --%	;24	;Aumentar por41.2%	; --%	;
57	;(Lunes)2026/01/26	;399	;Disminuir por92.6%	; --%	;278	;Disminuir por91.6%	; --%	;200	;Aumentar por7.0%	; --%	;3	;Disminuir por92.9%	; --%	;25	;Disminuir por83.9%	; --%	;7	;Disminuir por61.1%	; --%	;
58	;(Martes)2026/01/27	;334	;Disminuir por90.7%	; --%	;297	;Disminuir por88.6%	; --%	;203	;Aumentar por44.0%	; --%	;7	;Aumentar por16.7%	; --%	;40	;Disminuir por63.6%	; --%	;5	;Disminuir por76.2%	; --%	;
59	;(Miércoles)2026/01/28	;328	;Disminuir por89.2%	; --%	;265	;Disminuir por84.6%	; --%	;214	;Disminuir por23.0%	; --%	;4	;Disminuir por93.0%	; --%	;22	;Disminuir por82.3%	; --%	;2	;Disminuir por86.7%	; --%	;
60	;(Jueves)2026/01/29	;511	;Disminuir por83.0%	; --%	;328	;Disminuir por82.6%	; --%	;195	;Aumentar por3.2%	; --%	;4	;Disminuir por77.8%	; --%	;32	;Disminuir por77.1%	; --%	;11	;Disminuir por47.6%	; --%	;
61	;(Viernes)2026/01/30	;791	;Disminuir por72.2%	; --%	;438	;Disminuir por77.6%	; --%	;204	;Disminuir por27.9%	; --%	;2	;Disminuir por93.3%	; --%	;40	;Disminuir por72.2%	; --%	;3	;Disminuir por85.0%	; --%	;
62	;(Sábado)2026/01/31	;1298	;Disminuir por58.5%	; --%	;859	;Disminuir por58.3%	; --%	;124	;Disminuir por61.3%	; --%	;1	;Disminuir por98.9%	; --%	;27	;Disminuir por81.0%	; --%	;6	;Disminuir por53.8%	; --%	;
63	;(Domingo)2026/02/01	;1317	;Disminuir por64.2%	; --%	;809	;Disminuir por63.9%	; --%	;95	;Disminuir por65.9%	; --%	;1	;Disminuir por95.7%	; --%	;32	;Disminuir por77.3%	; --%	;6	;Disminuir por66.7%	; --%	;
64	;(Lunes)2026/02/02	;382	;Disminuir por93.5%	; --%	;308	;Disminuir por91.9%	; --%	;185	;Disminuir por27.2%	; --%	;3	;Disminuir por94.4%	; --%	;30	;Disminuir por76.6%	; --%	;3	;Disminuir por88.5%	; --%	;
65	;(Martes)2026/02/03	;541	;Disminuir por89.5%	; --%	;340	;Disminuir por89.9%	; --%	;207	;Aumentar por213.6%	; --%	;5	;Aumentar por150.0%	; --%	;44	;Disminuir por60.4%	; --%	;6	;Disminuir por66.7%	; --%	;
66	;(Miércoles)2026/02/04	;428	;Disminuir por89.0%	; --%	;366	;Disminuir por86.8%	; --%	;191	;Disminuir por43.2%	; --%	;6	;Disminuir por95.0%	; --%	;40	;Disminuir por71.2%	; --%	;6	;Disminuir por68.4%	; --%	;
67	;(Jueves)2026/02/05	;506	;Disminuir por89.5%	; --%	;297	;Disminuir por90.7%	; --%	;194	;Disminuir por4.0%	; --%	;11	;Aumentar por22.2%	; --%	;33	;Disminuir por74.6%	; --%	;8	;Disminuir por46.7%	; --%	;
68	;(Viernes)2026/02/06	;763	;Disminuir por83.7%	; --%	;505	;Disminuir por83.0%	; --%	;188	;Disminuir por21.3%	; --%	;3	;Disminuir por94.1%	; --%	;56	;Disminuir por54.8%	; --%	;10	;Disminuir por44.4%	; --%	;
69	;(Sábado)2026/02/07	;1449	;Disminuir por68.0%	; --%	;1002	;Disminuir por67.1%	; --%	;120	;Disminuir por57.3%	; --%	;1	;Disminuir por98.2%	; --%	;47	;Disminuir por69.3%	; --%	;6	;Disminuir por79.3%	; --%	;
70	;(Domingo)2026/02/08	;1743	;Disminuir por63.3%	; --%	;1215	;Disminuir por59.4%	; --%	;88	;Disminuir por63.0%	; --%	;1	;Disminuir por97.8%	; --%	;34	;Disminuir por75.9%	; --%	;7	;Disminuir por56.3%	; --%	;
71	;(Lunes)2026/02/09	;528	;Disminuir por91.1%	; --%	;347	;Disminuir por91.4%	; --%	;177	;Disminuir por6.8%	; --%	;2	;Disminuir por94.4%	; --%	;48	;Disminuir por57.9%	; --%	;7	;Disminuir por68.2%	; --%	;
72	;(Martes)2026/02/10	;649	;Disminuir por85.9%	; --%	;450	;Disminuir por85.9%	; --%	;163	;Aumentar por49.5%	; --%	;0	;Disminuir por100.0%	; --%	;46	;Disminuir por65.4%	; --%	;12	;Disminuir por14.3%	; --%	;
73	;(Miércoles)2026/02/11	;614	;Disminuir por81.0%	; --%	;422	;Disminuir por79.0%	; --%	;194	;Disminuir por35.8%	; --%	;2	;Disminuir por97.8%	; --%	;67	;Disminuir por52.1%	; --%	;7	;Disminuir por30.0%	; --%	;
74	;(Jueves)2026/02/12	;763	;Disminuir por77.6%	; --%	;576	;Disminuir por74.3%	; --%	;217	;Aumentar por6.9%	; --%	;19	;Aumentar por35.7%	; --%	;40	;Disminuir por74.4%	; --%	;8	;Disminuir por63.6%	; --%	;
75	;(Viernes)2026/02/13	;826	;Disminuir por80.9%	; --%	;486	;Disminuir por83.0%	; --%	;255	;Disminuir por2.7%	; --%	;9	;Disminuir por79.1%	; --%	;34	;Disminuir por76.4%	; --%	;4	;Disminuir por76.5%	; --%	;
76	;(Sábado)2026/02/14	;932	;Disminuir por78.1%	; --%	;623	;Disminuir por78.2%	; --%	;109	;Disminuir por52.4%	; --%	;2	;Disminuir por92.0%	; --%	;8	;Disminuir por94.4%	; --%	;4	;Disminuir por75.0%	; --%	;
77	;(Domingo)2026/02/15	;2244	;Disminuir por54.4%	; --%	;1528	;Disminuir por55.1%	; --%	;96	;Disminuir por58.3%	; --%	;4	;Disminuir por73.3%	; --%	;40	;Disminuir por77.0%	; --%	;19	;Disminuir por5.0%	; --%	;
78	;(Lunes)2026/02/16	;886	;Disminuir por86.3%	; --%	;585	;Disminuir por86.9%	; --%	;202	;Aumentar por16.8%	; --%	;6	;Disminuir por71.4%	; --%	;59	;Disminuir por60.4%	; --%	;11	;Disminuir por47.6%	; --%	;
79	;(Martes)2026/02/17	;1110	;Disminuir por78.2%	; --%	;778	;Disminuir por79.8%	; --%	;197	;Aumentar por1.0%	; --%	;3	;Disminuir por95.5%	; --%	;49	;Disminuir por62.9%	; --%	;13	;Disminuir por40.9%	; --%	;
80	;(Miércoles)2026/02/18	;1047	;Disminuir por77.3%	; --%	;650	;Disminuir por78.9%	; --%	;430	;Aumentar por79.9%	; --%	;234	;Aumentar por735.7%	; --%	;36	;Disminuir por75.0%	; --%	;9	;Disminuir por52.6%	; --%	;
81	;(Jueves)2026/02/19	;965	;Disminuir por86.0%	; --%	;824	;Disminuir por80.6%	; --%	;220	;Sin cambios	; --%	;10	;Disminuir por23.1%	; --%	;47	;Disminuir por70.4%	; --%	;8	;Disminuir por69.2%	; --%	;
82	;(Viernes)2026/02/20	;1379	;Disminuir por79.5%	; --%	;923	;Disminuir por80.8%	; --%	;236	;Aumentar por3.1%	; --%	;23	;Aumentar por155.6%	; --%	;71	;Disminuir por11.3%	; --%	;17	;Disminuir por26.1%	; --%	;
83	;(Sábado)2026/02/21	;2349	;Disminuir por57.8%	; --%	;1827	;Disminuir por45.8%	; --%	;196	;Disminuir por17.6%	; --%	;11	;Disminuir por31.3%	; --%	;54	;Disminuir por63.8%	; --%	;13	;Sin cambios	; --%	;
84	;(Domingo)2026/02/22	;2068	;Disminuir por62.1%	; --%	;1518	;Disminuir por61.5%	; --%	;125	;Disminuir por60.3%	; --%	;10	;Disminuir por81.8%	; --%	;45	;Disminuir por69.0%	; --%	;18	;Disminuir por14.3%	; --%	;
85	;(Lunes)2026/02/23	;830	;Disminuir por86.8%	; --%	;545	;Disminuir por87.0%	; --%	;236	;Disminuir por13.2%	; --%	;11	;Disminuir por90.2%	; --%	;56	;Disminuir por47.2%	; --%	;14	;Disminuir por17.6%	; --%	;
86	;(Martes)2026/02/24	;909	;Disminuir por85.2%	; --%	;704	;Disminuir por83.5%	; --%	;196	;Aumentar por48.5%	; --%	;15	;Aumentar por25.0%	; --%	;51	;Disminuir por61.1%	; --%	;15	;Disminuir por11.8%	; --%	;
87	;(Miércoles)2026/02/25	;661	;Disminuir por86.2%	; --%	;542	;Disminuir por82.9%	; --%	;229	;Aumentar por6.0%	; --%	;9	;Disminuir por55.0%	; --%	;41	;Disminuir por70.7%	; --%	;12	;Disminuir por47.8%	; --%	;
88	;(Jueves)2026/02/26	;1072	;Disminuir por78.8%	; --%	;711	;Disminuir por80.4%	; --%	;235	;Aumentar por9.3%	; --%	;22	;Disminuir por26.7%	; --%	;53	;Disminuir por65.4%	; --%	;14	;Disminuir por26.3%	; --%	;
89	;(Viernes)2026/02/27	;1208	;Disminuir por79.8%	; --%	;925	;Disminuir por77.4%	; --%	;294	;Aumentar por13.5%	; --%	;42	;Disminuir por8.7%	; --%	;59	;Disminuir por61.7%	; --%	;12	;Disminuir por47.8%	; --%	;
90	;(Sábado)2026/02/28	;2427	;Disminuir por57.3%	; --%	;1715	;Disminuir por55.9%	; --%	;157	;Disminuir por30.8%	; --%	;6	;Disminuir por71.4%	; --%	;47	;Disminuir por70.3%	; --%	;12	;Disminuir por7.7%	; --%	;
91	;(Domingo)2026/03/01	;2011	;Disminuir por64.8%	; --%	;1436	;Disminuir por63.5%	; --%	;154	;Disminuir por37.4%	; --%	;13	;Disminuir por40.9%	; --%	;49	;Disminuir por70.8%	; --%	;25	;Aumentar por8.7%	; --%	;
92	;(Lunes)2026/03/02	;752	;Disminuir por90.4%	; --%	;474	;Disminuir por90.9%	; --%	;216	;Aumentar por34.2%	; --%	;11	;Disminuir por21.4%	; --%	;39	;Disminuir por73.8%	; --%	;5	;Disminuir por61.5%	; --%	;
93	;(Martes)2026/03/03	;369	;Disminuir por94.2%	; --%	;169	;Disminuir por96.3%	; --%	;130	;Aumentar por4.8%	; --%	;9	;Disminuir por10.0%	; --%	;11	;Disminuir por91.3%	; --%	;1	;Disminuir por95.2%	; --%	;
94	;(Miércoles)2026/03/04	;555	;Disminuir por90.9%	; --%	;284	;Disminuir por93.1%	; --%	;218	;Disminuir por1.8%	; --%	;9	;Disminuir por71.9%	; --%	;24	;Disminuir por83.8%	; --%	;3	;Disminuir por81.3%	; --%	;
95	;(Jueves)2026/03/05	;321	;Disminuir por94.6%	; --%	;193	;Disminuir por95.4%	; --%	;240	;Aumentar por14.3%	; --%	;31	;Aumentar por72.2%	; --%	;12	;Disminuir por92.9%	; --%	;4	;Disminuir por81.8%	; --%	;
96	;(Viernes)2026/03/06	;489	;Disminuir por93.7%	; --%	;273	;Disminuir por95.1%	; --%	;271	;Aumentar por26.0%	; --%	;16	;Disminuir por5.9%	; --%	;9	;Disminuir por93.9%	; --%	;2	;Disminuir por93.8%	; --%	;
97	;(Sábado)2026/03/07	;730	;Disminuir por92.3%	; --%	;519	;Disminuir por92.2%	; --%	;152	;Disminuir por39.4%	; --%	;1	;Disminuir por97.0%	; --%	;5	;Disminuir por95.7%	; --%	;4	;Disminuir por81.0%	; --%	;
98	;(Domingo)2026/03/08	;2133	;Disminuir por64.0%	; --%	;1361	;Disminuir por70.7%	; --%	;126	;Disminuir por47.9%	; --%	;5	;Disminuir por80.8%	; --%	;34	;Disminuir por77.0%	; --%	;11	;Disminuir por42.1%	; --%	;
99	;(Lunes)2026/03/09	;822	;Disminuir por90.1%	; --%	;641	;Disminuir por89.4%	; --%	;223	;Aumentar por25.3%	; --%	;13	;Disminuir por65.8%	; --%	;29	;Disminuir por79.9%	; --%	;8	;Disminuir por55.6%	; --%	;
100	;(Martes)2026/03/10	;657	;Disminuir por91.0%	; --%	;386	;Disminuir por92.8%	; --%	;205	;Aumentar por46.4%	; --%	;14	;Disminuir por26.3%	; --%	;14	;Disminuir por89.0%	; --%	;2	;Disminuir por91.7%	; --%	;
101	;(Miércoles)2026/03/11	;1227	;Disminuir por81.4%	; --%	;877	;Disminuir por82.7%	; --%	;247	;Aumentar por5.6%	; --%	;32	;Disminuir por49.2%	; --%	;54	;Disminuir por65.6%	; --%	;12	;Disminuir por52.0%	; --%	;
102	;(Jueves)2026/03/12	;1001	;Disminuir por87.0%	; --%	;646	;Disminuir por88.1%	; --%	;280	;Aumentar por32.1%	; --%	;53	;Aumentar por140.9%	; --%	;47	;Disminuir por70.1%	; --%	;13	;Disminuir por53.6%	; --%	;
103	;(Viernes)2026/03/13	;1071	;Disminuir por86.3%	; --%	;760	;Disminuir por86.4%	; --%	;344	;Aumentar por83.0%	; --%	;123	;Aumentar por720.0%	; --%	;48	;Disminuir por69.6%	; --%	;10	;Disminuir por76.2%	; --%	;
104	;(Sábado)2026/03/14	;2348	;Disminuir por63.7%	; --%	;1831	;Disminuir por63.1%	; --%	;147	;Disminuir por40.7%	; --%	;5	;Disminuir por87.5%	; --%	;45	;Disminuir por70.2%	; --%	;10	;Disminuir por63.0%	; --%	;
105	;(Domingo)2026/03/15	;2575	;Disminuir por62.8%	; --%	;1926	;Disminuir por57.5%	; --%	;166	;Disminuir por30.8%	; --%	;30	;Aumentar por66.7%	; --%	;29	;Disminuir por81.4%	; --%	;14	;Disminuir por58.8%	; --%	;
106	;(Lunes)2026/03/16	;1258	;Disminuir por83.2%	; --%	;934	;Disminuir por82.6%	; --%	;563	;Aumentar por258.6%	; --%	;318	;Aumentar por4442.9%	; --%	;48	;Disminuir por70.2%	; --%	;13	;Disminuir por51.9%	; --%	;
107	;(Martes)2026/03/17	;1556	;Disminuir por78.9%	; --%	;967	;Disminuir por81.5%	; --%	;406	;Aumentar por290.4%	; --%	;153	;Aumentar por2085.7%	; --%	;66	;Disminuir por54.5%	; --%	;17	;Disminuir por63.8%	; --%	;
108	;(Miércoles)2026/03/18	;1579	;Disminuir por79.1%	; --%	;1044	;Disminuir por79.3%	; --%	;258	;Aumentar por24.6%	; --%	;27	;Aumentar por8.0%	; --%	;65	;Disminuir por60.6%	; --%	;14	;Disminuir por57.6%	; --%	;
109	;(Jueves)2026/03/19	;2407	;Disminuir por68.7%	; --%	;1655	;Disminuir por71.4%	; --%	;203	;Aumentar por0.5%	; --%	;63	;Aumentar por530.0%	; --%	;55	;Disminuir por68.6%	; --%	;13	;Disminuir por66.7%	; --%	;
110	;(Viernes)2026/03/20	;2734	;Disminuir por68.1%	; --%	;1697	;Disminuir por74.4%	; --%	;429	;Aumentar por116.7%	; --%	;186	;Aumentar por1140.0%	; --%	;65	;Disminuir por58.3%	; --%	;9	;Disminuir por76.3%	; --%	;
111	;(Sábado)2026/03/21	;3812	;Disminuir por49.8%	; --%	;2798	;Disminuir por53.6%	; --%	;250	;Aumentar por35.9%	; --%	;60	;Aumentar por361.5%	; --%	;58	;Disminuir por65.3%	; --%	;16	;Disminuir por42.9%	; --%	;
112	;(Domingo)2026/03/22	;2446	;Disminuir por66.6%	; --%	;1926	;Disminuir por62.6%	; --%	;260	;Aumentar por13.5%	; --%	;130	;Aumentar por465.2%	; --%	;58	;Disminuir por67.2%	; --%	;18	;Disminuir por45.5%	; --%	;
113	;(Lunes)2026/03/23	;1013	;Disminuir por86.7%	; --%	;623	;Disminuir por89.0%	; --%	;271	;Aumentar por100.7%	; --%	;47	;Aumentar por487.5%	; --%	;36	;Disminuir por78.0%	; --%	;2	;Disminuir por94.6%	; --%	;
114	;(Martes)2026/03/24	;1416	;Disminuir por82.1%	; --%	;1021	;Disminuir por81.4%	; --%	;506	;Aumentar por301.6%	; --%	;243	;Aumentar por3371.4%	; --%	;58	;Disminuir por61.1%	; --%	;9	;Disminuir por70.0%	; --%	;
115	;(Miércoles)2026/03/25	;664	;Disminuir por90.7%	; --%	;598	;Disminuir por88.4%	; --%	;620	;Aumentar por229.8%	; --%	;499	;Aumentar por4058.3%	; --%	;39	;Disminuir por74.8%	; --%	;4	;Disminuir por78.9%	; --%	;
116	;(Jueves)2026/03/26	;1127	;Disminuir por85.1%	; --%	;886	;Disminuir por84.2%	; --%	;436	;Aumentar por85.5%	; --%	;180	;Aumentar por900.0%	; --%	;65	;Disminuir por58.9%	; --%	;7	;Disminuir por80.0%	; --%	;
117	;(Viernes)2026/03/27	;1616	;Disminuir por80.9%	; --%	;1330	;Disminuir por79.2%	; --%	;461	;Aumentar por130.5%	; --%	;236	;Aumentar por1023.8%	; --%	;75	;Disminuir por48.3%	; --%	;11	;Disminuir por66.7%	; --%	;
118	;(Sábado)2026/03/28	;3749	;Disminuir por50.5%	; --%	;2904	;Disminuir por47.5%	; --%	;595	;Aumentar por159.8%	; --%	;421	;Aumentar por1102.9%	; --%	;74	;Disminuir por50.3%	; --%	;14	;Disminuir por54.8%	; --%	;
119	;(Domingo)2026/03/29	;3949	;Disminuir por55.4%	; --%	;2933	;Disminuir por55.6%	; --%	;306	;Aumentar por65.4%	; --%	;131	;Aumentar por718.8%	; --%	;49	;Disminuir por67.5%	; --%	;16	;Disminuir por48.4%	; --%	;
120	;(Lunes)2026/03/30	;3160	;Disminuir por61.0%	; --%	;2415	;Disminuir por58.7%	; --%	;561	;Aumentar por303.6%	; --%	;327	;Aumentar por2080.0%	; --%	;69	;Disminuir por57.4%	; --%	;19	;Disminuir por44.1%	; --%	;
121	;(Martes)2026/03/31	;3450	;Disminuir por56.2%	; --%	;2644	;Disminuir por54.1%	; --%	;650	;Aumentar por490.9%	; --%	;382	;Aumentar por6266.7%	; --%	;88	;Disminuir por41.3%	; --%	;21	;Disminuir por25.0%	; --%	;
122	;(Miércoles)2026/04/01	;3626	;Disminuir por41.5%	; --%	;2558	;Disminuir por45.1%	; --%	;479	;Aumentar por95.5%	; --%	;174	;Aumentar por248.0%	; --%	;84	;Disminuir por44.4%	; --%	;22	;Disminuir por8.3%	; --%	;
123	;(Jueves)2026/04/02	;7788	;Disminuir por15.7%	; --%	;5606	;Disminuir por11.6%	; --%	;223	;Disminuir por75.1%	; --%	;25	;Disminuir por96.3%	; --%	;138	;Aumentar por3.8%	; --%	;60	;Aumentar por100.0%	; --%	;
124	;(Viernes)2026/04/03	;10937	;Aumentar por21.1%	; --%	;8185	;Aumentar por23.0%	; --%	;117	;Disminuir por31.2%	; --%	;22	;Disminuir por8.3%	; --%	;121	;Disminuir por26.7%	; --%	;60	;Aumentar por93.5%	; --%	;
125	;(Sábado)2026/04/04	;9836	;Aumentar por5.9%	; --%	;8326	;Aumentar por19.2%	; --%	;319	;Aumentar por28.6%	; --%	;164	;Aumentar por187.7%	; --%	;107	;Disminuir por29.1%	; --%	;76	;Aumentar por123.5%	; --%	;
126	;(Domingo)2026/04/05	;9019	;Aumentar por12.1%	; --%	;6836	;Aumentar por12.6%	; --%	;143	;Disminuir por24.3%	; --%	;37	;Aumentar por236.4%	; --%	;99	;Disminuir por33.6%	; --%	;24	;Aumentar por4.3%	; --%	;
127	;(Lunes)2026/04/06	;5671	;Disminuir por34.9%	; --%	;4117	;Disminuir por36.7%	; --%	;279	;Aumentar por27.4%	; --%	;160	;Aumentar por90.5%	; --%	;100	;Disminuir por29.6%	; --%	;26	;Disminuir por18.8%	; --%	;
128	;(Martes)2026/04/07	;2707	;Disminuir por61.2%	; --%	;1716	;Disminuir por66.3%	; --%	;293	;Aumentar por39.5%	; --%	;104	;Disminuir por7.1%	; --%	;78	;Disminuir por37.6%	; --%	;17	;Disminuir por45.2%	; --%	;
129	;(Miércoles)2026/04/08	;2503	;Disminuir por65.8%	; --%	;1798	;Disminuir por66.5%	; --%	;268	;Aumentar por21.8%	; --%	;78	;Aumentar por239.1%	; --%	;78	;Disminuir por45.1%	; --%	;13	;Disminuir por40.9%	; --%	;
130	;(Jueves)2026/04/09	;2343	;Disminuir por63.6%	; --%	;1670	;Disminuir por66.1%	; --%	;342	;Aumentar por86.9%	; --%	;113	;Aumentar por1030.0%	; --%	;74	;Disminuir por48.3%	; --%	;18	;Aumentar por5.9%	; --%	;
131	;(Viernes)2026/04/10	;2530	;Disminuir por68.1%	; --%	;1808	;Disminuir por70.8%	; --%	;318	;Aumentar por72.8%	; --%	;75	;Aumentar por212.5%	; --%	;88	;Disminuir por42.9%	; --%	;16	;Disminuir por42.9%	; --%	;
132	;(Sábado)2026/04/11	;4176	;Disminuir por42.5%	; --%	;3113	;Disminuir por45.6%	; --%	;123	;Disminuir por40.6%	; --%	;1	;Disminuir por96.6%	; --%	;79	;Disminuir por49.7%	; --%	;19	;Disminuir por26.9%	; --%	;
133	;(Domingo)2026/04/12	;1095	;Disminuir por84.8%	; --%	;684	;Disminuir por87.3%	; --%	;76	;Disminuir por61.6%	; --%	;6	;Disminuir por62.5%	; --%	;18	;Disminuir por87.0%	; --%	;0	;Disminuir por100.0%	; --%	;
134	;(Lunes)2026/04/13	;0	;Disminuir por100.0%	; --%	;0	;Disminuir por100.0%	; --%	;0	;Disminuir por100.0%	; --%	;0	;Disminuir por100.0%	; --%	;0	;Disminuir por100.0%	; --%	;0	;Disminuir por100.0%	; --%	;
135	;(Martes)2026/04/14	;1825	;Disminuir por66.8%	; --%	;1079	;Disminuir por74.6%	; --%	;373	;Aumentar por9.7%	; --%	;157	;Disminuir por27.6%	; --%	;53	;Disminuir por62.9%	; --%	;12	;Disminuir por50.0%	; --%	;
136	;(Miércoles)2026/04/15	;1663	;Disminuir por61.0%	; --%	;1078	;Disminuir por65.2%	; --%	;557	;Aumentar por166.5%	; --%	;324	;Aumentar por800.0%	; --%	;90	;Disminuir por23.1%	; --%	;7	;Disminuir por63.2%	; --%	;
137	;(Jueves)2026/04/16	;1708	;Disminuir por70.3%	;Disminuir por25.3%	;1167	;Disminuir por71.5%	;Disminuir por24.1%	;346	;Aumentar por33.1%	;Aumentar por276.1%	;93	;Aumentar por25.7%	;Aumentar por1228.6%	;91	;Disminuir por29.5%	;Aumentar por93.6%	;6	;Disminuir por79.3%	;Disminuir por66.7%	;
138	;(Viernes)2026/04/17	;1776	;Disminuir por64.8%	;Disminuir por75.9%	;1248	;Disminuir por65.4%	;Disminuir por76.3%	;557	;Aumentar por119.3%	;Aumentar por114.2%	;297	;Aumentar por506.1%	;Aumentar por412.1%	;84	;Disminuir por42.9%	;Disminuir por40.0%	;17	;Disminuir por39.3%	;Disminuir por71.2%	;
139	;(Sábado)2026/04/18	;3637	;Disminuir por23.6%	;Disminuir por67.5%	;2723	;Disminuir por24.6%	;Disminuir por67.7%	;481	;Aumentar por111.9%	;Aumentar por321.9%	;341	;Aumentar por1000.0%	;Aumentar por4771.4%	;83	;Disminuir por35.2%	;Disminuir por23.9%	;12	;Disminuir por42.9%	;Disminuir por67.6%	;
140	;(Domingo)2026/04/19	;2883	;Disminuir por52.4%	;Disminuir por72.9%	;2431	;Disminuir por48.7%	;Disminuir por70.2%	;197	;Disminuir por29.4%	;Aumentar por71.3%	;111	;Aumentar por455.0%	;Aumentar por2675.0%	;76	;Disminuir por13.6%	;Disminuir por41.5%	;23	;Disminuir por8.0%	;Disminuir por42.5%	;
141	;(Lunes)2026/04/20	;1486	;Disminuir por76.0%	;Disminuir por84.2%	;1121	;Disminuir por74.7%	;Disminuir por84.9%	;232	;Aumentar por26.1%	;Aumentar por157.8%	;9	;Disminuir por18.2%	;Aumentar por50.0%	;86	;Disminuir por34.8%	;Disminuir por27.7%	;13	;Disminuir por55.2%	;Disminuir por74.0%	;
142	;(Martes)2026/04/21	;1613	;Disminuir por66.8%	;Disminuir por76.0%	;1052	;Disminuir por72.3%	;Disminuir por78.2%	;469	;Aumentar por114.2%	;Aumentar por311.4%	;216	;Aumentar por157.1%	;Aumentar por7100.0%	;78	;Disminuir por47.3%	;Disminuir por17.0%	;7	;Disminuir por75.9%	;Disminuir por73.1%	;
143	;(Miércoles)2026/04/22	;1538	;Disminuir por53.1%	;Disminuir por39.4%	;1266	;Disminuir por45.6%	;Disminuir por32.0%	;254	;Aumentar por57.8%	;Disminuir por1.2%	;42	;Aumentar por27.3%	;Aumentar por281.8%	;74	;Disminuir por27.5%	;Disminuir por6.3%	;11	;Disminuir por56.0%	;Aumentar por57.1%	;
144	;(Jueves)2026/04/23	;2559	;Disminuir por50.9%	;Disminuir por26.8%	;1378	;Disminuir por69.1%	;Disminuir por43.6%	;254	;Aumentar por53.0%	;Disminuir por10.2%	;31	;Disminuir por27.9%	;Disminuir por36.7%	;77	;Disminuir por30.0%	;Disminuir por20.6%	;9	;Disminuir por72.7%	;Disminuir por47.1%	;
145	;(Viernes)2026/04/24	;2905	;Disminuir por20.8%	;Disminuir por2.8%	;2115	;Disminuir por28.6%	;Aumentar por8.4%	;291	;Aumentar por59.9%	;Aumentar por11.5%	;23	;Aumentar por21.1%	;Disminuir por43.9%	;98	;Disminuir por12.5%	;Disminuir por22.2%	;16	;Disminuir por70.4%	;Disminuir por11.1%	;
146	;(Sábado)2026/04/25	;4772	;Aumentar por16.2%	;Aumentar por53.5%	;3295	;Aumentar por8.2%	;Aumentar por42.0%	;193	;Disminuir por13.1%	;Disminuir por28.8%	;45	;Disminuir por35.7%	;Aumentar por15.4%	;101	;Disminuir por19.8%	;Disminuir por26.8%	;42	;Disminuir por10.6%	;Aumentar por90.9%	;
147	;(Domingo)2026/04/26	;2723	;Disminuir por41.1%	;Disminuir por42.0%	;2270	;Disminuir por31.3%	;Disminuir por35.0%	;124	;Disminuir por40.4%	;Disminuir por37.1%	;35	;Disminuir por40.7%	;Aumentar por133.3%	;93	;Disminuir por24.4%	;Disminuir por15.5%	;24	;Disminuir por52.9%	;Disminuir por4.0%	;
148	;(Lunes)2026/04/27	;1672	;Disminuir por75.6%	;Disminuir por65.7%	;1192	;Disminuir por77.0%	;Disminuir por66.0%	;398	;Aumentar por323.4%	;Aumentar por160.1%	;202	;Aumentar por910.0%	;Aumentar por708.0%	;89	;Disminuir por19.1%	;Aumentar por41.3%	;17	;Disminuir por73.0%	;Disminuir por39.3%	;
149	;(Martes)2026/04/28	;1753	;Disminuir por55.3%	;Aumentar por195.1%	;1171	;Disminuir por64.0%	;Aumentar por240.4%	;244	;Disminuir por15.3%	;Aumentar por128.0%	;34	;Disminuir por84.1%	;Aumentar por70.0%	;85	;Disminuir por25.4%	;Aumentar por150.0%	;11	;Disminuir por82.0%	;Aumentar por175.0%	;
150	;(Miércoles)2026/04/29	;1954	;Disminuir por28.5%	;Aumentar por60.2%	;1355	;Disminuir por30.0%	;Aumentar por42.0%	;258	;Aumentar por7.1%	;Aumentar por72.0%	;48	;Disminuir por5.9%	;Aumentar por65.5%	;87	;Disminuir por31.5%	;Aumentar por35.9%	;12	;Disminuir por61.3%	;Aumentar por20.0%	;
151	;(Jueves)2026/04/30	;2128	;Disminuir por22.2%	;Disminuir por11.8%	;1550	;Disminuir por27.7%	;Aumentar por7.1%	;432	;Aumentar por54.3%	;Aumentar por50.5%	;131	;Aumentar por14.9%	;Aumentar por555.0%	;92	;Disminuir por28.1%	;Disminuir por14.0%	;15	;Disminuir por42.3%	;Disminuir por16.7%	;
152	;(Viernes)2026/05/01	;7791	;Aumentar por175.0%	;Aumentar por6.2%	;5796	;Aumentar por165.3%	;Aumentar por16.6%	;100	;Disminuir por58.8%	;Disminuir por21.3%	;11	;Disminuir por71.8%	;Aumentar por83.3%	;95	;Disminuir por16.7%	;Disminuir por6.9%	;33	;Aumentar por65.0%	;Aumentar por22.2%	;
153	;(Sábado)2026/05/02	;6966	;Aumentar por147.1%	;Aumentar por1.2%	;5708	;Aumentar por182.2%	;Aumentar por12.4%	;140	;Disminuir por41.7%	;Disminuir por24.3%	;5	;Disminuir por91.7%	;Disminuir por16.7%	;86	;Disminuir por29.5%	;Disminuir por7.5%	;24	;Aumentar por100.0%	;Aumentar por33.3%	;
154	;(Domingo)2026/05/03	;3378	;Aumentar por4.5%	;Disminuir por50.1%	;2482	;Disminuir por8.8%	;Disminuir por51.6%	;155	;Disminuir por38.7%	;Aumentar por1.3%	;6	;Disminuir por86.0%	;Disminuir por40.0%	;72	;Disminuir por41.5%	;Disminuir por44.6%	;16	;Disminuir por23.8%	;Disminuir por42.9%	;
155	;(Lunes)2026/05/04	;1066	;Disminuir por74.8%	;Disminuir por67.1%	;848	;Disminuir por73.2%	;Disminuir por65.1%	;217	;Aumentar por68.2%	;Aumentar por9.6%	;7	;Disminuir por75.0%	;Disminuir por82.9%	;57	;Disminuir por52.9%	;Disminuir por40.0%	;3	;Disminuir por91.2%	;Disminuir por88.5%	;
156	;(Martes)2026/05/05	;1276	;Disminuir por70.1%	;Disminuir por20.6%	;967	;Disminuir por65.5%	;Disminuir por16.6%	;245	;Aumentar por222.4%	;Disminuir por12.2%	;16	;Aumentar por60.0%	;Disminuir por46.7%	;59	;Disminuir por35.9%	;Disminuir por39.2%	;10	;Disminuir por41.2%	;Aumentar por25.0%	;
157	;(Miércoles)2026/05/06	;1722	;Disminuir por48.8%	;Disminuir por17.2%	;1176	;Disminuir por53.5%	;Disminuir por7.0%	;258	;Disminuir por2.3%	;Disminuir por19.6%	;36	;Disminuir por28.0%	;Disminuir por55.6%	;64	;Disminuir por34.7%	;Disminuir por34.7%	;13	;Disminuir por13.3%	;Aumentar por8.3%	;
158	;(Jueves)2026/05/07	;1564	;Disminuir por56.2%	;Disminuir por3.3%	;1225	;Disminuir por54.4%	;Aumentar por3.2%	;420	;Aumentar por78.7%	;Aumentar por54.4%	;181	;Aumentar por331.0%	;Aumentar por364.1%	;78	;Disminuir por29.7%	;Disminuir por21.2%	;12	;Disminuir por40.0%	;Sin cambios	;
159	;(Viernes)2026/05/08	;1875	;Disminuir por43.8%	;Aumentar por12.9%	;1418	;Disminuir por44.8%	;Aumentar por25.9%	;293	;Aumentar por18.1%	;Disminuir por6.7%	;79	;Aumentar por25.4%	;Aumentar por71.7%	;89	;Disminuir por15.2%	;Aumentar por34.8%	;14	;Disminuir por39.1%	;Aumentar por100.0%	;
160	;(Sábado)2026/05/09	;2056	;Disminuir por32.4%	;Disminuir por16.4%	;1559	;Disminuir por36.2%	;Disminuir por8.4%	;200	;Disminuir por28.1%	;Disminuir por28.8%	;25	;Disminuir por56.1%	;Disminuir por7.4%	;50	;Disminuir por53.3%	;Disminuir por56.1%	;10	;Disminuir por41.2%	;Disminuir por47.4%	;
161	;(Domingo)2026/05/10	;3088	;Disminuir por4.6%	;Disminuir por5.9%	;2343	;Sin cambios	;Disminuir por6.3%	;182	;Disminuir por68.2%	;Aumentar por9.6%	;56	;Disminuir por85.1%	;Aumentar por700.0%	;78	;Disminuir por36.6%	;Disminuir por16.1%	;22	;Aumentar por29.4%	;Disminuir por4.3%	;
162	;(Lunes)2026/05/11	;1546	;Disminuir por68.0%	;Disminuir por50.5%	;1221	;Disminuir por63.5%	;Disminuir por42.4%	;339	;Aumentar por73.8%	;Aumentar por156.8%	;121	;Aumentar por317.2%	;Aumentar por2925.0%	;95	;Disminuir por12.0%	;Aumentar por50.8%	;15	;Disminuir por11.8%	;Disminuir por31.8%	;
163	;(Martes)2026/05/12	;1644	;Disminuir por46.2%	;Aumentar por0.9%	;1148	;Disminuir por49.9%	;Aumentar por2.6%	;265	;Aumentar por87.9%	;Aumentar por6.9%	;48	;Aumentar por152.6%	;Aumentar por84.6%	;81	;Aumentar por1.3%	;Disminuir por13.8%	;9	;Disminuir por47.1%	;Disminuir por47.1%	;
164	;(Miércoles)2026/05/13	;1606	;Aumentar por102.5%	;Disminuir por8.6%	;1198	;Aumentar por123.9%	;Disminuir por1.1%	;332	;Aumentar por23.4%	;Aumentar por56.6%	;113	;Aumentar por24.2%	;Aumentar por289.7%	;75	;Aumentar por733.3%	;Disminuir por15.7%	;12	; --%	;Aumentar por9.1%	;
165	;(Jueves)2026/05/14	;1833	;Disminuir por29.8%	;Disminuir por1.2%	;1388	;Disminuir por17.8%	;Disminuir por1.6%	;274	;Aumentar por16.1%	;Aumentar por23.4%	;60	;Aumentar por114.3%	;Aumentar por215.8%	;92	;Disminuir por17.1%	;Aumentar por10.8%	;11	;Disminuir por35.3%	;Disminuir por8.3%	;
166	;(Viernes)2026/05/15	;3307	;Aumentar por47.5%	;Aumentar por66.6%	;2399	;Aumentar por50.8%	;Aumentar por78.5%	;325	;Aumentar por31.0%	;Aumentar por8.3%	;50	;Aumentar por51.5%	;Aumentar por150.0%	;88	;Aumentar por10.0%	;Disminuir por25.4%	;25	;Aumentar por127.3%	;Aumentar por78.6%	;
167	;(Sábado)2026/05/16	;4732	;Aumentar por167.0%	;Aumentar por82.1%	;3625	;Aumentar por171.5%	;Aumentar por88.9%	;190	;Disminuir por21.2%	;Disminuir por37.3%	;36	;Aumentar por20.0%	;Aumentar por20.0%	;109	;Aumentar por19.8%	;Disminuir por7.6%	;19	;Aumentar por90.0%	;Aumentar por35.7%	;
168	;(Domingo)2026/05/17	;3069	;Aumentar por47.3%	;Disminuir por35.0%	;2342	;Aumentar por64.4%	;Disminuir por28.3%	;192	;Disminuir por28.1%	;Aumentar por36.2%	;64	;Aumentar por64.1%	;Aumentar por392.3%	;87	;Aumentar por1.2%	;Disminuir por23.0%	;23	;Aumentar por130.0%	;Aumentar por53.3%	;
169	;(Lunes)2026/05/18	;1839	;Disminuir por58.3%	;Disminuir por42.3%	;1440	;Disminuir por52.3%	;Disminuir por37.1%	;216	;Aumentar por16.1%	;Aumentar por67.4%	;27	;Aumentar por12.5%	;Aumentar por42.1%	;80	;Disminuir por1.2%	;Disminuir por9.1%	;7	;Disminuir por56.3%	;Disminuir por68.2%	;
170	;(Martes)2026/05/19	;1764	;Disminuir por53.6%	;Disminuir por8.1%	;1167	;Disminuir por53.2%	;Aumentar por1.4%	;288	;Aumentar por140.0%	;Aumentar por24.1%	;79	;Aumentar por558.3%	;Aumentar por172.4%	;81	;Aumentar por9.5%	;Disminuir por34.1%	;10	;Disminuir por23.1%	;Disminuir por23.1%	;
171	;(Miércoles)2026/05/20	;1647	;Disminuir por22.8%	;Disminuir por18.3%	;1137	;Disminuir por23.8%	;Disminuir por5.5%	;223	;Aumentar por7.7%	;Disminuir por42.4%	;47	;Aumentar por113.6%	;Disminuir por56.1%	;99	;Aumentar por13.8%	;Disminuir por13.9%	;9	;Aumentar por28.6%	;Disminuir por47.1%	;
172	;(Jueves)2026/05/21	;1579	;Disminuir por19.4%	;Disminuir por10.0%	;1196	;Disminuir por12.1%	;Disminuir por0.1%	;334	;Aumentar por34.1%	;Disminuir por15.2%	;105	;Aumentar por90.9%	;Disminuir por23.9%	;101	;Aumentar por12.2%	;Disminuir por9.0%	;13	;Aumentar por18.2%	;Aumentar por30.0%	;
173	;(Viernes)2026/05/22	;2345	;Aumentar por41.9%	;Aumentar por29.3%	;1457	;Aumentar por21.4%	;Aumentar por8.9%	;333	;Aumentar por19.4%	;Aumentar por16.4%	;109	;Aumentar por26.7%	;Aumentar por65.2%	;93	;Disminuir por5.1%	;Disminuir por23.8%	;10	;Disminuir por37.5%	;Disminuir por33.3%	;
174	;(Sábado)2026/05/23	;4554	;Aumentar por71.4%	;Aumentar por100.3%	;3567	;Aumentar por69.5%	;Aumentar por113.7%	;242	;Aumentar por149.5%	;Disminuir por37.8%	;61	;Aumentar por1933.3%	;Disminuir por33.7%	;103	;Aumentar por17.0%	;Disminuir por19.5%	;24	;Aumentar por166.7%	;Aumentar por140.0%	;
175	;(Domingo)2026/05/24	;3900	;Aumentar por19.6%	;Disminuir por10.2%	;2876	;Aumentar por15.6%	;Disminuir por12.7%	;363	;Aumentar por40.7%	;Aumentar por109.8%	;218	;Aumentar por373.9%	;Aumentar por651.7%	;95	;Aumentar por66.7%	;Disminuir por13.6%	;22	;Aumentar por37.5%	;Disminuir por15.4%	;
176	;(Lunes)2026/05/25	;2111	;Aumentar por13.3%	;Disminuir por39.2%	;1452	;Aumentar por15.5%	;Disminuir por35.9%	;250	;Aumentar por47.9%	;Aumentar por58.2%	;41	;Aumentar por173.3%	;Disminuir por12.8%	;105	;Aumentar por775.0%	;Aumentar por23.5%	;10	;Aumentar por25.0%	;Disminuir por54.5%	;
177	;(Martes)2026/05/26	;1916	;Aumentar por9.5%	;Disminuir por9.2%	;1346	;Aumentar por32.2%	;Aumentar por8.5%	;293	;Aumentar por134.4%	;Aumentar por23.6%	;85	;Aumentar por347.4%	;Aumentar por240.0%	;96	;Aumentar por540.0%	;Disminuir por14.3%	;16	;Aumentar por300.0%	;Aumentar por100.0%	;
178	;(Miércoles)2026/05/27	;1786	;Aumentar por130.2%	;Disminuir por12.4%	;1395	;Aumentar por146.0%	;Disminuir por4.4%	;417	;Aumentar por125.4%	;Aumentar por39.9%	;167	;Aumentar por4075.0%	;Aumentar por173.8%	;104	;Aumentar por316.0%	;Disminuir por20.0%	;9	;Aumentar por350.0%	;Disminuir por18.2%	;
179	;(Jueves)2026/05/28	;1962	;Aumentar por19.1%	;Disminuir por3.8%	;1544	;Aumentar por52.9%	;Aumentar por16.1%	;414	;Aumentar por123.8%	;Aumentar por20.7%	;133	;Aumentar por923.1%	;Aumentar por33.0%	;104	;Aumentar por67.7%	;Disminuir por5.5%	;11	;Disminuir por31.3%	;Disminuir por45.0%	;
180	;(Viernes)2026/05/29	;2436	;Aumentar por49.2%	;Aumentar por14.4%	;1661	;Aumentar por31.2%	;Aumentar por8.3%	;363	;Aumentar por70.4%	;Disminuir por5.5%	;108	;Aumentar por315.4%	;Aumentar por25.6%	;128	;Aumentar por66.2%	;Aumentar por13.3%	;16	;Aumentar por6.7%	;Disminuir por23.8%	;
181	;(Sábado)2026/05/30	;3841	;Aumentar por198.9%	;Aumentar por51.3%	;2978	;Aumentar por187.7%	;Aumentar por62.5%	;165	;Disminuir por21.1%	;Disminuir por41.1%	;23	;Disminuir por8.0%	;Disminuir por28.1%	;122	;Aumentar por40.2%	;Disminuir por16.4%	;21	;Aumentar por50.0%	;Aumentar por61.5%	;
182	;(Domingo)2026/05/31	;3175	;Aumentar por85.9%	;Disminuir por28.7%	;2624	;Aumentar por108.6%	;Disminuir por16.2%	;119	;Disminuir por41.1%	;Disminuir por22.7%	;24	;Disminuir por7.7%	;Aumentar por242.9%	;135	;Disminuir por2.9%	;Aumentar por19.5%	;28	;Aumentar por180.0%	;Aumentar por47.4%	;
183	;(Lunes)2026/06/01	;1727	;Disminuir por50.6%	;Disminuir por53.8%	;1414	;Disminuir por51.9%	;Disminuir por46.4%	;265	;Aumentar por113.7%	;Aumentar por181.9%	;44	;Aumentar por7.3%	;Aumentar por1366.7%	;110	;Disminuir por7.6%	;Aumentar por0.9%	;12	;Disminuir por14.3%	;Sin cambios	;
184	;(Martes)2026/06/02	;2029	;Disminuir por20.6%	;Disminuir por1.2%	;1440	;Disminuir por27.9%	;Aumentar por4.0%	;235	;Aumentar por106.1%	;Aumentar por8.3%	;22	;Aumentar por4.8%	;Aumentar por214.3%	;109	;Aumentar por55.7%	;Disminuir por1.8%	;12	;Aumentar por100.0%	;Aumentar por20.0%	;
185	;(Miércoles)2026/06/03	;2395	;Aumentar por18.3%	;Aumentar por19.4%	;1881	;Aumentar por47.8%	;Aumentar por28.0%	;355	;Aumentar por95.1%	;Aumentar por48.5%	;117	;Aumentar por431.8%	;Aumentar por1200.0%	;97	;Aumentar por11.5%	;Disminuir por15.7%	;14	;Aumentar por40.0%	;Sin cambios	;
186	;(Jueves)2026/06/04	;2034	;Aumentar por39.3%	;Aumentar por5.2%	;1639	;Aumentar por32.4%	;Aumentar por16.8%	;227	;Aumentar por8.6%	;Disminuir por10.6%	;33	;Aumentar por13.8%	;Aumentar por83.3%	;112	;Aumentar por24.4%	;Disminuir por7.4%	;17	;Aumentar por21.4%	;Aumentar por54.5%	;
187	;(Viernes)2026/06/05	;3079	;Aumentar por106.9%	;Aumentar por56.0%	;2251	;Aumentar por92.4%	;Aumentar por45.8%	;157	;Disminuir por29.3%	;Disminuir por37.9%	;6	;Disminuir por87.5%	;Disminuir por64.7%	;69	;Disminuir por12.7%	;Disminuir por43.4%	;20	;Aumentar por100.0%	;Aumentar por25.0%	;
188	;(Sábado)2026/06/06	;4615	;Aumentar por164.5%	;Aumentar por63.6%	;3788	;Aumentar por192.5%	;Aumentar por85.5%	;186	;Disminuir por22.8%	;Disminuir por24.1%	;16	;Disminuir por59.0%	;Disminuir por33.3%	;125	;Aumentar por83.8%	;Disminuir por6.7%	;43	;Aumentar por514.3%	;Aumentar por230.8%	;
189	;(Domingo)2026/06/07	;3824	;Aumentar por61.5%	;Disminuir por16.8%	;2928	;Aumentar por96.0%	;Disminuir por19.6%	;101	;Disminuir por60.9%	;Disminuir por39.9%	;34	;Disminuir por52.1%	;Aumentar por126.7%	;92	;Aumentar por16.5%	;Disminuir por24.6%	;33	;Aumentar por135.7%	;Aumentar por26.9%	;
190	;(Lunes)2026/06/08	;2620	;Disminuir por34.6%	;Disminuir por52.9%	;1952	;Disminuir por28.5%	;Disminuir por54.0%	;384	;Aumentar por146.2%	;Aumentar por287.9%	;199	;Aumentar por895.0%	;Aumentar por2111.1%	;105	;Aumentar por26.5%	;Disminuir por14.6%	;21	;Aumentar por10.5%	;Disminuir por34.4%	;
191	;(Martes)2026/06/09	;2639	;Aumentar por19.5%	;Disminuir por17.1%	;2092	;Aumentar por39.3%	;Disminuir por1.6%	;204	;Aumentar por39.7%	;Disminuir por2.4%	;19	;Aumentar por26.7%	;Aumentar por72.7%	;116	;Aumentar por205.3%	;Disminuir por13.4%	;19	;Aumentar por137.5%	;Aumentar por72.7%	;
192	;(Miércoles)2026/06/10	;2651	;Aumentar por64.6%	;Disminuir por6.8%	;2104	;Aumentar por75.8%	;Aumentar por3.0%	;259	;Sin cambios	;Aumentar por18.8%	;45	;Disminuir por53.1%	;Aumentar por275.0%	;110	;Aumentar por69.2%	;Disminuir por18.5%	;13	;Disminuir por27.8%	;Disminuir por31.6%	;
193	;(Jueves)2026/06/11	;2707	;Aumentar por68.6%	;Disminuir por17.3%	;1979	;Aumentar por73.6%	;Disminuir por10.3%	;243	;Aumentar por4.7%	;Aumentar por7.0%	;19	;Disminuir por59.6%	;Aumentar por72.7%	;119	;Aumentar por63.0%	;Disminuir por11.9%	;15	;Aumentar por15.4%	;Disminuir por34.8%	;
194	;(Viernes)2026/06/12	;3160	;Aumentar por131.2%	;Aumentar por14.1%	;2240	;Aumentar por122.4%	;Aumentar por27.0%	;277	;Aumentar por41.3%	;Aumentar por20.4%	;41	;Aumentar por173.3%	;Aumentar por86.4%	;136	;Aumentar por130.5%	;Disminuir por4.9%	;18	;Aumentar por80.0%	;Sin cambios	;
195	;(Sábado)2026/06/13	;5589	;Aumentar por391.6%	;Aumentar por65.2%	;4058	;Aumentar por410.4%	;Aumentar por84.1%	;177	;Disminuir por34.7%	;Disminuir por40.0%	;26	;Disminuir por69.8%	;Aumentar por85.7%	;128	;Aumentar por68.4%	;Aumentar por0.8%	;34	;Aumentar por54.5%	;Aumentar por100.0%	;
196	;(Domingo)2026/06/14	;3818	;Aumentar por210.4%	;Disminuir por29.6%	;2682	;Aumentar por184.7%	;Disminuir por18.8%	;134	;Disminuir por36.8%	;Disminuir por28.3%	;16	;Sin cambios	;Disminuir por61.9%	;127	;Aumentar por41.1%	;Disminuir por18.1%	;24	;Aumentar por140.0%	;Aumentar por33.3%	;
197	;(Lunes)2026/06/15	;2393	;Disminuir por39.7%	;Disminuir por33.5%	;1630	;Disminuir por42.5%	;Disminuir por37.5%	;264	;Aumentar por46.7%	;Aumentar por87.2%	;49	;Aumentar por308.3%	;Aumentar por716.7%	;107	;Aumentar por42.7%	;Disminuir por2.7%	;15	;Disminuir por42.3%	;Disminuir por28.6%	;
198	;(Martes)2026/06/16	;2544	;Aumentar por1.8%	;Disminuir por16.5%	;2002	;Aumentar por3.0%	;Aumentar por16.1%	;273	;Aumentar por47.6%	;Disminuir por1.8%	;46	;Disminuir por14.8%	;Disminuir por19.3%	;125	;Aumentar por135.8%	;Aumentar por0.8%	;13	;Disminuir por31.6%	;Disminuir por13.3%	;
199	;(Miércoles)2026/06/17	;3078	;Aumentar por265.1%	;Aumentar por2.1%	;2466	;Aumentar por293.3%	;Aumentar por31.0%	;256	;Aumentar por20.8%	;Aumentar por35.4%	;46	;Aumentar por17.9%	;Aumentar por155.6%	;109	;Aumentar por65.2%	;Disminuir por22.1%	;19	;Aumentar por58.3%	;Disminuir por9.5%	;
200	;(Jueves)2026/06/18	;2799	;Aumentar por254.8%	;Disminuir por1.8%	;2290	;Aumentar por297.6%	;Aumentar por16.9%	;254	;Aumentar por23.3%	;Disminuir por10.2%	;32	;Disminuir por5.9%	;Aumentar por6.7%	;150	;Aumentar por163.2%	;Aumentar por4.2%	;36	;Aumentar por157.1%	;Aumentar por80.0%	;
201	;(Viernes)2026/06/19	;3214	;Aumentar por271.6%	;Aumentar por2.8%	;2210	;Aumentar por230.8%	;Aumentar por7.2%	;292	;Aumentar por45.3%	;Disminuir por8.8%	;68	;Aumentar por277.8%	;Disminuir por24.4%	;132	;Aumentar por200.0%	;Disminuir por7.0%	;39	;Aumentar por290.0%	;Aumentar por200.0%	;
202	;(Sábado)2026/06/20	;5742	;Aumentar por595.2%	;Aumentar por56.1%	;4033	;Aumentar por477.0%	;Aumentar por79.8%	;152	;Disminuir por30.3%	;Disminuir por45.5%	;18	;Aumentar por20.0%	;Disminuir por21.7%	;122	;Aumentar por134.6%	;Disminuir por13.5%	;36	;Aumentar por89.5%	;Aumentar por100.0%	;
203	;(Domingo)2026/06/21	;3966	;Aumentar por284.3%	;Disminuir por32.2%	;2811	;Aumentar por303.9%	;Disminuir por26.3%	;257	;Aumentar por12.2%	;Aumentar por1.2%	;135	;Aumentar por513.6%	;Aumentar por150.0%	;142	;Aumentar por163.0%	;Aumentar por10.9%	;24	;Aumentar por140.0%	;Disminuir por7.7%	;
204	;(Lunes)2026/06/22	;3546	;Aumentar por66.2%	;Disminuir por31.5%	;2576	;Aumentar por63.0%	;Disminuir por23.5%	;222	;Aumentar por58.6%	;Aumentar por236.4%	;27	;Aumentar por125.0%	;Aumentar por1250.0%	;134	;Aumentar por119.7%	;Aumentar por20.7%	;23	;Aumentar por130.0%	;Aumentar por27.8%	;
205	;(Martes)2026/06/23	;3394	;Aumentar por65.1%	;Disminuir por13.1%	;2503	;Aumentar por66.9%	;Disminuir por9.8%	;300	;Aumentar por145.9%	;Disminuir por10.7%	;72	;Aumentar por176.9%	;Disminuir por40.0%	;123	;Aumentar por146.0%	;Disminuir por11.5%	;26	;Aumentar por160.0%	;Aumentar por36.8%	;
206	;(Miércoles)2026/06/24	;4541	;Aumentar por416.6%	;Disminuir por5.8%	;3181	;Aumentar por357.0%	;Sin cambios	;169	;Disminuir por14.2%	;Disminuir por16.3%	;27	;Aumentar por8.0%	;Aumentar por200.0%	;119	;Aumentar por77.6%	;Disminuir por8.5%	;25	;Aumentar por212.5%	;Aumentar por66.7%	;
207	;(Jueves)2026/06/25	;4567	;Aumentar por549.6%	;Disminuir por2.2%	;3121	;Aumentar por476.9%	;Aumentar por5.0%	;261	;Aumentar por24.3%	;Aumentar por9.2%	;28	;Aumentar por21.7%	;Disminuir por45.1%	;120	;Aumentar por135.3%	;Disminuir por3.2%	;36	;Aumentar por140.0%	;Aumentar por100.0%	;
208	;(Viernes)2026/06/26	;4252	;Aumentar por503.1%	;Disminuir por6.2%	;2879	;Aumentar por434.1%	;Disminuir por5.3%	;310	;Aumentar por52.0%	;Aumentar por10.3%	;72	;Aumentar por111.8%	;Aumentar por30.9%	;146	;Aumentar por198.0%	;Disminuir por4.6%	;22	;Aumentar por57.1%	;Disminuir por24.1%	;
209	;(Sábado)2026/06/27	;5779	;Aumentar por635.2%	;Aumentar por21.6%	;4306	;Aumentar por642.4%	;Aumentar por44.1%	;193	;Disminuir por2.0%	;Disminuir por18.9%	;42	;Aumentar por133.3%	;Disminuir por8.7%	;147	;Aumentar por200.0%	;Aumentar por4.3%	;31	;Aumentar por138.5%	;Aumentar por93.8%	;
210	;(Domingo)2026/06/28	;4274	;Aumentar por306.3%	;Disminuir por28.3%	;3279	;Aumentar por405.2%	;Disminuir por19.0%	;141	;Disminuir por37.1%	;Disminuir por25.8%	;18	;Disminuir por21.7%	;Disminuir por50.0%	;132	;Aumentar por94.1%	;Aumentar por15.8%	;25	;Aumentar por257.1%	;Aumentar por13.6%	;
211	;(Lunes)2026/06/29	;3230	;Aumentar por58.4%	;Disminuir por30.0%	;2254	;Aumentar por46.8%	;Disminuir por29.2%	;243	;Aumentar por62.0%	;Aumentar por122.9%	;52	;Aumentar por642.9%	;Aumentar por333.3%	;124	;Aumentar por93.8%	;Disminuir por6.8%	;39	;Aumentar por160.0%	;Aumentar por178.6%	;
212	;(Martes)2026/06/30	;3465	;Aumentar por109.2%	;Aumentar por6.9%	;2363	;Aumentar por94.2%	;Aumentar por17.8%	;255	;Aumentar por150.0%	;Disminuir por15.6%	;32	;Aumentar por540.0%	;Disminuir por65.6%	;159	;Aumentar por231.3%	;Aumentar por13.6%	;24	;Aumentar por41.2%	;Aumentar por140.0%	;

Exportar contenido:Subtipos de vehículos a motor	;
Hora del informe: 2025/12/01 00:00:00 - 2026/07/14 23:59:59	;

N.º	;Hora	;Autobuses	; 	; 	; 	; 	; 	;Monovolúmenes	; 	; 	; 	; 	; 	;Sedanes pequeños	; 	; 	; 	; 	; 	;Camiones	;
	;	;Avanzar	; 	; 	;Retroceso	; 	; 	;Avanzar	; 	; 	;Retroceso	; 	; 	;Avanzar	; 	; 	;Retroceso	; 	; 	;Avanzar	; 	; 	;Retroceso	;
	;	;Valor	;Tasa de cambio (ciclo tras ciclo)	;Tasa de cambio (año tras año)	;Valor	;Tasa de cambio (ciclo tras ciclo)	;Tasa de cambio (año tras año)	;Valor	;Tasa de cambio (ciclo tras ciclo)	;Tasa de cambio (año tras año)	;Valor	;Tasa de cambio (ciclo tras ciclo)	;Tasa de cambio (año tras año)	;Valor	;Tasa de cambio (ciclo tras ciclo)	;Tasa de cambio (año tras año)	;Valor	;Tasa de cambio (ciclo tras ciclo)	;Tasa de cambio (año tras año)	;Valor	;Tasa de cambio (ciclo tras ciclo)	;Tasa de cambio (año tras año)	;Valor	;Tasa de cambio (ciclo tras ciclo)	;Tasa de cambio (año tras año)	;
1	;(Lunes)2025/12/01	;15	; --%	; --%	;3	; --%	; --%	;47	; --%	; --%	;8	; --%	; --%	;96	; --%	; --%	;7	; --%	; --%	;35	; --%	; --%	;15	; --%	; --%	;
2	;(Martes)2025/12/02	;28	; --%	; --%	;13	; --%	; --%	;67	; --%	; --%	;7	; --%	; --%	;122	; --%	; --%	;10	; --%	; --%	;24	; --%	; --%	;10	; --%	; --%	;
3	;(Miércoles)2025/12/03	;14	; --%	; --%	;4	; --%	; --%	;74	; --%	; --%	;13	; --%	; --%	;139	; --%	; --%	;14	; --%	; --%	;27	; --%	; --%	;6	; --%	; --%	;
4	;(Jueves)2025/12/04	;24	; --%	; --%	;1	; --%	; --%	;70	; --%	; --%	;6	; --%	; --%	;163	; --%	; --%	;12	; --%	; --%	;12	; --%	; --%	;1	; --%	; --%	;
5	;(Viernes)2025/12/05	;14	;Aumentar por180.0%	; --%	;0	;Disminuir por100.0%	; --%	;85	;Aumentar por2025.0%	; --%	;20	; --%	; --%	;97	;Aumentar por169.4%	; --%	;7	;Aumentar por250.0%	; --%	;39	;Disminuir por23.5%	; --%	;13	;Disminuir por43.5%	; --%	;
6	;(Sábado)2025/12/06	;9	;Disminuir por64.0%	; --%	;2	;Disminuir por33.3%	; --%	;37	;Disminuir por61.1%	; --%	;6	;Disminuir por50.0%	; --%	;53	;Disminuir por32.9%	; --%	;1	;Disminuir por75.0%	; --%	;24	;Disminuir por61.3%	; --%	;8	;Disminuir por63.6%	; --%	;
7	;(Domingo)2025/12/07	;3	;Disminuir por88.9%	; --%	;1	;Disminuir por83.3%	; --%	;19	;Disminuir por77.4%	; --%	;1	;Disminuir por92.3%	; --%	;40	;Disminuir por60.8%	; --%	;6	;Aumentar por100.0%	; --%	;20	;Disminuir por65.5%	; --%	;2	;Disminuir por88.2%	; --%	;
8	;(Lunes)2025/12/08	;14	;Disminuir por12.5%	; --%	;7	;Aumentar por600.0%	; --%	;23	;Disminuir por59.6%	; --%	;0	;Disminuir por100.0%	; --%	;64	;Disminuir por28.9%	; --%	;8	;Aumentar por300.0%	; --%	;35	;Aumentar por2.9%	; --%	;12	;Aumentar por9.1%	; --%	;
9	;(Martes)2025/12/09	;14	;Aumentar por55.6%	; --%	;4	;Aumentar por100.0%	; --%	;74	;Aumentar por146.7%	; --%	;12	; --%	; --%	;109	;Aumentar por94.6%	; --%	;9	;Aumentar por350.0%	; --%	;51	;Disminuir por12.1%	; --%	;19	;Disminuir por9.5%	; --%	;
10	;(Miércoles)2025/12/10	;13	;Aumentar por44.4%	; --%	;3	; --%	; --%	;48	;Aumentar por60.0%	; --%	;8	;Aumentar por700.0%	; --%	;100	;Aumentar por177.8%	; --%	;9	; --%	; --%	;30	;Disminuir por6.3%	; --%	;6	;Disminuir por68.4%	; --%	;
11	;(Jueves)2025/12/11	;15	;Aumentar por50.0%	; --%	;5	;Aumentar por400.0%	; --%	;68	;Aumentar por70.0%	; --%	;7	;Aumentar por75.0%	; --%	;100	;Aumentar por81.8%	; --%	;17	;Aumentar por70.0%	; --%	;27	;Disminuir por40.0%	; --%	;7	;Disminuir por50.0%	; --%	;
12	;(Viernes)2025/12/12	;19	;Disminuir por36.7%	; --%	;0	;Disminuir por100.0%	; --%	;64	;Disminuir por43.9%	; --%	;6	;Disminuir por40.0%	; --%	;118	;Disminuir por2.5%	; --%	;4	;Aumentar por33.3%	; --%	;10	;Disminuir por54.5%	; --%	;3	;Sin cambios	; --%	;
13	;(Sábado)2025/12/13	;9	;Disminuir por43.8%	; --%	;0	;Disminuir por100.0%	; --%	;32	;Aumentar por10.3%	; --%	;4	;Aumentar por300.0%	; --%	;68	;Disminuir por4.2%	; --%	;2	;Disminuir por50.0%	; --%	;12	;Aumentar por9.1%	; --%	;1	; --%	; --%	;
14	;(Domingo)2025/12/14	;13	;Disminuir por35.0%	; --%	;1	;Sin cambios	; --%	;38	;Disminuir por33.3%	; --%	;3	;Sin cambios	; --%	;103	;Aumentar por8.4%	; --%	;12	;Aumentar por1100.0%	; --%	;37	;Aumentar por236.4%	; --%	;19	;Aumentar por1800.0%	; --%	;
15	;(Lunes)2025/12/15	;14	;Aumentar por7.7%	; --%	;1	;Disminuir por50.0%	; --%	;45	;Aumentar por15.4%	; --%	;1	;Disminuir por50.0%	; --%	;129	;Aumentar por53.6%	; --%	;9	;Aumentar por200.0%	; --%	;7	;Disminuir por56.3%	; --%	;3	;Sin cambios	; --%	;
16	;(Martes)2025/12/16	;9	;Disminuir por18.2%	; --%	;0	;Disminuir por100.0%	; --%	;55	;Aumentar por83.3%	; --%	;0	;Disminuir por100.0%	; --%	;139	;Aumentar por110.6%	; --%	;1	;Sin cambios	; --%	;4	;Disminuir por95.7%	; --%	;0	;Disminuir por100.0%	; --%	;
17	;(Miércoles)2025/12/17	;14	;Disminuir por61.1%	; --%	;0	;Disminuir por100.0%	; --%	;50	;Disminuir por34.2%	; --%	;0	;Disminuir por100.0%	; --%	;149	;Aumentar por31.9%	; --%	;1	;Disminuir por66.7%	; --%	;8	;Disminuir por85.2%	; --%	;1	;Disminuir por94.7%	; --%	;
18	;(Jueves)2025/12/18	;22	;Aumentar por4.8%	; --%	;1	;Sin cambios	; --%	;65	;Disminuir por19.8%	; --%	;1	;Disminuir por91.7%	; --%	;127	;Aumentar por22.1%	; --%	;12	;Aumentar por50.0%	; --%	;11	;Disminuir por90.4%	; --%	;0	;Disminuir por100.0%	; --%	;
19	;(Viernes)2025/12/19	;17	;Disminuir por37.0%	; --%	;0	;Disminuir por100.0%	; --%	;61	;Disminuir por23.8%	; --%	;1	;Disminuir por85.7%	; --%	;130	;Aumentar por26.2%	; --%	;2	;Disminuir por60.0%	; --%	;20	;Disminuir por67.7%	; --%	;1	;Disminuir por95.8%	; --%	;
20	;(Sábado)2025/12/20	;9	;Disminuir por66.7%	; --%	;0	;Disminuir por100.0%	; --%	;33	;Disminuir por68.6%	; --%	;1	;Disminuir por85.7%	; --%	;75	;Disminuir por43.2%	; --%	;2	;Disminuir por33.3%	; --%	;13	;Disminuir por74.0%	; --%	;1	;Disminuir por97.0%	; --%	;
21	;(Domingo)2025/12/21	;4	;Disminuir por88.2%	; --%	;0	;Disminuir por100.0%	; --%	;26	;Disminuir por64.9%	; --%	;0	;Disminuir por100.0%	; --%	;74	;Disminuir por38.8%	; --%	;0	;Disminuir por100.0%	; --%	;3	;Disminuir por94.2%	; --%	;0	;Disminuir por100.0%	; --%	;
22	;(Lunes)2025/12/22	;12	;Disminuir por33.3%	; --%	;1	; --%	; --%	;56	;Aumentar por43.6%	; --%	;0	;Disminuir por100.0%	; --%	;117	;Aumentar por31.5%	; --%	;1	;Sin cambios	; --%	;12	;Disminuir por40.0%	; --%	;0	;Disminuir por100.0%	; --%	;
23	;(Martes)2025/12/23	;20	;Aumentar por53.8%	; --%	;1	;Sin cambios	; --%	;54	;Aumentar por74.2%	; --%	;1	;Disminuir por50.0%	; --%	;136	;Aumentar por86.3%	; --%	;0	; --%	; --%	;7	;Disminuir por53.3%	; --%	;0	;Disminuir por100.0%	; --%	;
24	;(Miércoles)2025/12/24	;11	;Disminuir por56.0%	; --%	;0	;Disminuir por100.0%	; --%	;45	;Disminuir por40.8%	; --%	;11	;Aumentar por10.0%	; --%	;132	;Aumentar por23.4%	; --%	;20	;Aumentar por400.0%	; --%	;11	;Disminuir por72.5%	; --%	;2	;Disminuir por81.8%	; --%	;
25	;(Jueves)2025/12/25	;14	;Disminuir por33.3%	; --%	;0	;Disminuir por100.0%	; --%	;21	;Disminuir por66.7%	; --%	;1	;Disminuir por83.3%	; --%	;96	;Aumentar por9.1%	; --%	;0	;Disminuir por100.0%	; --%	;4	;Disminuir por90.0%	; --%	;0	;Disminuir por100.0%	; --%	;
26	;(Viernes)2025/12/26	;21	;Disminuir por22.2%	; --%	;4	; --%	; --%	;19	;Disminuir por74.7%	; --%	;0	;Disminuir por100.0%	; --%	;119	;Aumentar por30.8%	; --%	;0	;Disminuir por100.0%	; --%	;6	;Disminuir por79.3%	; --%	;4	;Disminuir por71.4%	; --%	;
27	;(Sábado)2025/12/27	;14	;Disminuir por50.0%	; --%	;1	;Disminuir por66.7%	; --%	;20	;Disminuir por82.6%	; --%	;0	;Disminuir por100.0%	; --%	;127	;Aumentar por12.4%	; --%	;19	;Aumentar por280.0%	; --%	;34	;Disminuir por22.7%	; --%	;16	;Aumentar por128.6%	; --%	;
28	;(Domingo)2025/12/28	;9	;Disminuir por73.5%	; --%	;7	;Aumentar por133.3%	; --%	;21	;Disminuir por77.4%	; --%	;2	;Disminuir por50.0%	; --%	;64	;Disminuir por46.2%	; --%	;6	;Aumentar por50.0%	; --%	;27	;Disminuir por52.6%	; --%	;24	;Aumentar por26.3%	; --%	;
29	;(Lunes)2025/12/29	;12	;Aumentar por20.0%	; --%	;0	; --%	; --%	;44	;Aumentar por18.9%	; --%	;2	;Aumentar por100.0%	; --%	;97	;Aumentar por61.7%	; --%	;0	;Disminuir por100.0%	; --%	;5	;Disminuir por85.3%	; --%	;0	;Disminuir por100.0%	; --%	;
30	;(Martes)2025/12/30	;11	;Disminuir por38.9%	; --%	;0	;Disminuir por100.0%	; --%	;46	;Aumentar por91.7%	; --%	;1	;Disminuir por75.0%	; --%	;89	;Aumentar por50.8%	; --%	;5	;Aumentar por66.7%	; --%	;14	;Disminuir por50.0%	; --%	;1	;Disminuir por85.7%	; --%	;
31	;(Miércoles)2025/12/31	;10	;Disminuir por9.1%	; --%	;1	;Sin cambios	; --%	;33	;Disminuir por56.0%	; --%	;0	;Disminuir por100.0%	; --%	;71	;Disminuir por30.4%	; --%	;6	;Disminuir por25.0%	; --%	;15	;Disminuir por65.9%	; --%	;2	;Disminuir por80.0%	; --%	;
32	;(Jueves)2026/01/01	;5	;Disminuir por81.5%	; --%	;0	;Disminuir por100.0%	; --%	;11	;Disminuir por88.7%	; --%	;0	;Disminuir por100.0%	; --%	;48	;Disminuir por55.6%	; --%	;3	;Disminuir por75.0%	; --%	;2	;Disminuir por98.7%	; --%	;0	;Disminuir por100.0%	; --%	;
33	;(Viernes)2026/01/02	;13	;Aumentar por18.2%	; --%	;0	;Disminuir por100.0%	; --%	;42	;Disminuir por55.3%	; --%	;0	;Disminuir por100.0%	; --%	;119	;Aumentar por13.3%	; --%	;3	;Disminuir por76.9%	; --%	;8	;Disminuir por95.7%	; --%	;0	;Disminuir por100.0%	; --%	;
34	;(Sábado)2026/01/03	;12	;Disminuir por58.6%	; --%	;1	;Disminuir por83.3%	; --%	;37	;Disminuir por51.9%	; --%	;0	;Disminuir por100.0%	; --%	;103	;Disminuir por9.6%	; --%	;0	;Disminuir por100.0%	; --%	;2	;Disminuir por97.0%	; --%	;0	;Disminuir por100.0%	; --%	;
35	;(Domingo)2026/01/04	;15	;Disminuir por37.5%	; --%	;0	;Disminuir por100.0%	; --%	;5	;Disminuir por95.2%	; --%	;0	;Disminuir por100.0%	; --%	;75	;Disminuir por33.0%	; --%	;1	;Disminuir por93.8%	; --%	;1	;Disminuir por99.3%	; --%	;0	;Disminuir por100.0%	; --%	;
36	;(Lunes)2026/01/05	;17	;Aumentar por142.9%	; --%	;0	;Disminuir por100.0%	; --%	;48	;Aumentar por71.4%	; --%	;1	;Sin cambios	; --%	;98	;Aumentar por22.5%	; --%	;0	;Disminuir por100.0%	; --%	;7	;Disminuir por87.9%	; --%	;1	;Disminuir por95.5%	; --%	;
37	;(Martes)2026/01/06	;4	;Disminuir por60.0%	; --%	;0	;Disminuir por100.0%	; --%	;15	;Disminuir por58.3%	; --%	;0	;Disminuir por100.0%	; --%	;70	;Aumentar por62.8%	; --%	;0	;Disminuir por100.0%	; --%	;36	;Disminuir por47.8%	; --%	;30	;Disminuir por28.6%	; --%	;
38	;(Miércoles)2026/01/07	;14	;Disminuir por39.1%	; --%	;0	;Disminuir por100.0%	; --%	;41	;Disminuir por51.2%	; --%	;0	;Disminuir por100.0%	; --%	;175	;Aumentar por86.2%	; --%	;60	;Aumentar por5900.0%	; --%	;26	;Disminuir por27.8%	; --%	;12	;Sin cambios	; --%	;
39	;(Jueves)2026/01/08	;12	;Disminuir por29.4%	; --%	;1	; --%	; --%	;48	;Disminuir por36.0%	; --%	;1	;Disminuir por75.0%	; --%	;148	;Aumentar por51.0%	; --%	;54	;Aumentar por980.0%	; --%	;14	;Disminuir por86.9%	; --%	;0	;Disminuir por100.0%	; --%	;
40	;(Viernes)2026/01/09	;14	;Disminuir por44.0%	; --%	;1	;Sin cambios	; --%	;61	;Disminuir por25.6%	; --%	;0	;Disminuir por100.0%	; --%	;121	;Aumentar por5.2%	; --%	;5	;Disminuir por16.7%	; --%	;197	;Aumentar por62.8%	; --%	;163	;Aumentar por91.8%	; --%	;
41	;(Sábado)2026/01/10	;10	;Disminuir por58.3%	; --%	;1	; --%	; --%	;43	;Disminuir por66.1%	; --%	;1	;Disminuir por96.6%	; --%	;153	;Aumentar por51.5%	; --%	;84	;Aumentar por2700.0%	; --%	;15	;Disminuir por88.6%	; --%	;0	;Disminuir por100.0%	; --%	;
42	;(Domingo)2026/01/11	;7	;Disminuir por66.7%	; --%	;0	;Disminuir por100.0%	; --%	;29	;Disminuir por71.0%	; --%	;0	;Disminuir por100.0%	; --%	;69	;Disminuir por38.9%	; --%	;14	;Aumentar por180.0%	; --%	;14	;Disminuir por69.6%	; --%	;0	;Disminuir por100.0%	; --%	;
43	;(Lunes)2026/01/12	;14	;Disminuir por6.7%	; --%	;0	;Disminuir por100.0%	; --%	;78	;Aumentar por77.3%	; --%	;0	; --%	; --%	;108	;Aumentar por30.1%	; --%	;2	;Disminuir por60.0%	; --%	;11	;Disminuir por8.3%	; --%	;2	;Aumentar por100.0%	; --%	;
44	;(Martes)2026/01/13	;19	;Aumentar por137.5%	; --%	;1	; --%	; --%	;60	;Aumentar por172.7%	; --%	;2	; --%	; --%	;113	;Aumentar por109.3%	; --%	;1	; --%	; --%	;11	;Aumentar por10.0%	; --%	;0	;Disminuir por100.0%	; --%	;
45	;(Miércoles)2026/01/14	;17	;Aumentar por6.3%	; --%	;0	; --%	; --%	;71	;Disminuir por12.3%	; --%	;8	;Aumentar por166.7%	; --%	;112	;Aumentar por24.4%	; --%	;2	;Sin cambios	; --%	;14	;Disminuir por53.3%	; --%	;0	;Disminuir por100.0%	; --%	;
46	;(Jueves)2026/01/15	;17	;Disminuir por45.2%	; --%	;0	;Disminuir por100.0%	; --%	;55	;Disminuir por36.0%	; --%	;0	;Disminuir por100.0%	; --%	;116	;Aumentar por13.7%	; --%	;1	;Sin cambios	; --%	;17	;Disminuir por15.0%	; --%	;1	;Disminuir por66.7%	; --%	;
47	;(Viernes)2026/01/16	;22	;Aumentar por4.8%	; --%	;1	; --%	; --%	;57	;Disminuir por32.9%	; --%	;0	;Disminuir por100.0%	; --%	;120	;Aumentar por2.6%	; --%	;3	;Disminuir por25.0%	; --%	;11	;Disminuir por64.5%	; --%	;0	;Disminuir por100.0%	; --%	;
48	;(Sábado)2026/01/17	;21	;Disminuir por4.5%	; --%	;2	;Sin cambios	; --%	;33	;Disminuir por62.5%	; --%	;0	;Disminuir por100.0%	; --%	;137	;Aumentar por33.0%	; --%	;5	;Aumentar por150.0%	; --%	;1	;Disminuir por97.5%	; --%	;0	;Disminuir por100.0%	; --%	;
49	;(Domingo)2026/01/18	;9	;Disminuir por59.1%	; --%	;0	; --%	; --%	;14	;Disminuir por85.4%	; --%	;0	;Disminuir por100.0%	; --%	;39	;Disminuir por57.6%	; --%	;0	;Disminuir por100.0%	; --%	;5	;Disminuir por85.7%	; --%	;0	;Disminuir por100.0%	; --%	;
50	;(Lunes)2026/01/19	;11	;Disminuir por21.4%	; --%	;0	; --%	; --%	;41	;Disminuir por8.9%	; --%	;0	;Disminuir por100.0%	; --%	;119	;Aumentar por48.8%	; --%	;4	;Aumentar por33.3%	; --%	;1	;Disminuir por96.3%	; --%	;0	;Disminuir por100.0%	; --%	;
51	;(Martes)2026/01/20	;15	;Aumentar por275.0%	; --%	;0	; --%	; --%	;39	;Aumentar por44.4%	; --%	;1	;Sin cambios	; --%	;106	;Aumentar por82.8%	; --%	;2	;Disminuir por60.0%	; --%	;2	;Disminuir por80.0%	; --%	;1	;Disminuir por66.7%	; --%	;
52	;(Miércoles)2026/01/21	;17	;Disminuir por19.0%	; --%	;0	; --%	; --%	;37	;Disminuir por37.3%	; --%	;0	;Disminuir por100.0%	; --%	;105	;Disminuir por1.9%	; --%	;0	;Disminuir por100.0%	; --%	;5	;Disminuir por77.3%	; --%	;0	;Disminuir por100.0%	; --%	;
53	;(Jueves)2026/01/22	;34	;Aumentar por112.5%	; --%	;20	; --%	; --%	;48	;Disminuir por42.2%	; --%	;7	;Aumentar por16.7%	; --%	;265	;Aumentar por167.7%	; --%	;161	;Aumentar por3925.0%	; --%	;136	;Aumentar por580.0%	; --%	;115	;Aumentar por5650.0%	; --%	;
54	;(Viernes)2026/01/23	;29	;Aumentar por31.8%	; --%	;0	; --%	; --%	;49	;Disminuir por37.2%	; --%	;3	;Disminuir por25.0%	; --%	;112	;Aumentar por6.7%	; --%	;12	;Aumentar por500.0%	; --%	;14	;Disminuir por36.4%	; --%	;3	;Disminuir por40.0%	; --%	;
55	;(Sábado)2026/01/24	;4	;Disminuir por81.8%	; --%	;0	; --%	; --%	;19	;Disminuir por76.5%	; --%	;0	;Disminuir por100.0%	; --%	;87	;Disminuir por17.1%	; --%	;1	;Disminuir por87.5%	; --%	;5	;Disminuir por77.3%	; --%	;1	;Disminuir por75.0%	; --%	;
56	;(Domingo)2026/01/25	;7	;Disminuir por69.6%	; --%	;1	;Disminuir por66.7%	; --%	;16	;Disminuir por86.3%	; --%	;0	;Disminuir por100.0%	; --%	;51	;Disminuir por54.9%	; --%	;5	;Aumentar por400.0%	; --%	;3	;Disminuir por92.9%	; --%	;0	;Disminuir por100.0%	; --%	;
57	;(Lunes)2026/01/26	;15	;Aumentar por7.1%	; --%	;0	;Disminuir por100.0%	; --%	;62	;Aumentar por67.6%	; --%	;1	;Disminuir por50.0%	; --%	;113	;Aumentar por34.5%	; --%	;0	;Disminuir por100.0%	; --%	;10	;Disminuir por80.0%	; --%	;2	;Disminuir por93.9%	; --%	;
58	;(Martes)2026/01/27	;13	;Sin cambios	; --%	;1	;Sin cambios	; --%	;73	;Aumentar por73.8%	; --%	;2	; --%	; --%	;105	;Aumentar por54.4%	; --%	;3	;Aumentar por50.0%	; --%	;12	;Disminuir por33.3%	; --%	;1	;Disminuir por66.7%	; --%	;
59	;(Miércoles)2026/01/28	;22	;Disminuir por4.3%	; --%	;1	;Disminuir por50.0%	; --%	;70	;Disminuir por18.6%	; --%	;0	;Disminuir por100.0%	; --%	;117	;Aumentar por18.2%	; --%	;2	;Disminuir por50.0%	; --%	;5	;Disminuir por92.9%	; --%	;1	;Disminuir por98.0%	; --%	;
60	;(Jueves)2026/01/29	;16	;Disminuir por27.3%	; --%	;1	;Disminuir por75.0%	; --%	;50	;Disminuir por16.7%	; --%	;0	; --%	; --%	;116	;Aumentar por38.1%	; --%	;1	;Disminuir por66.7%	; --%	;13	;Disminuir por43.5%	; --%	;2	;Disminuir por81.8%	; --%	;
61	;(Viernes)2026/01/30	;18	;Disminuir por30.8%	; --%	;1	;Sin cambios	; --%	;54	;Disminuir por52.2%	; --%	;1	;Disminuir por92.9%	; --%	;123	;Aumentar por26.8%	; --%	;0	;Disminuir por100.0%	; --%	;9	;Disminuir por80.9%	; --%	;0	;Disminuir por100.0%	; --%	;
62	;(Sábado)2026/01/31	;10	;Disminuir por63.0%	; --%	;0	;Disminuir por100.0%	; --%	;30	;Disminuir por68.1%	; --%	;0	;Disminuir por100.0%	; --%	;76	;Disminuir por32.7%	; --%	;1	;Disminuir por85.7%	; --%	;8	;Disminuir por90.7%	; --%	;0	;Disminuir por100.0%	; --%	;
63	;(Domingo)2026/02/01	;4	;Disminuir por84.0%	; --%	;0	;Disminuir por100.0%	; --%	;23	;Disminuir por74.7%	; --%	;0	;Disminuir por100.0%	; --%	;63	;Disminuir por48.8%	; --%	;1	;Disminuir por66.7%	; --%	;5	;Disminuir por87.5%	; --%	;0	;Disminuir por100.0%	; --%	;
64	;(Lunes)2026/02/02	;14	;Disminuir por56.3%	; --%	;1	;Disminuir por93.8%	; --%	;53	;Disminuir por20.9%	; --%	;0	;Disminuir por100.0%	; --%	;113	;Aumentar por9.7%	; --%	;2	;Sin cambios	; --%	;5	;Disminuir por90.2%	; --%	;0	;Disminuir por100.0%	; --%	;
65	;(Martes)2026/02/03	;11	;Aumentar por22.2%	; --%	;0	;Disminuir por100.0%	; --%	;72	;Aumentar por350.0%	; --%	;3	; --%	; --%	;114	;Aumentar por245.5%	; --%	;2	; --%	; --%	;10	;Aumentar por25.0%	; --%	;0	; --%	; --%	;
66	;(Miércoles)2026/02/04	;14	;Disminuir por12.5%	; --%	;1	;Sin cambios	; --%	;63	;Disminuir por25.9%	; --%	;4	;Disminuir por42.9%	; --%	;105	;Aumentar por7.1%	; --%	;1	;Disminuir por50.0%	; --%	;9	;Disminuir por93.4%	; --%	;0	;Disminuir por100.0%	; --%	;
67	;(Jueves)2026/02/05	;14	;Disminuir por30.0%	; --%	;0	;Disminuir por100.0%	; --%	;49	;Disminuir por38.8%	; --%	;1	;Disminuir por66.7%	; --%	;104	;Aumentar por23.8%	; --%	;1	;Disminuir por75.0%	; --%	;27	;Aumentar por50.0%	; --%	;9	;Aumentar por800.0%	; --%	;
68	;(Viernes)2026/02/06	;14	;Disminuir por30.0%	; --%	;0	; --%	; --%	;59	;Disminuir por19.2%	; --%	;0	;Disminuir por100.0%	; --%	;104	;Aumentar por31.6%	; --%	;3	;Aumentar por200.0%	; --%	;11	;Disminuir por83.3%	; --%	;0	;Disminuir por100.0%	; --%	;
69	;(Sábado)2026/02/07	;14	;Disminuir por46.2%	; --%	;1	;Disminuir por75.0%	; --%	;24	;Disminuir por71.1%	; --%	;0	;Disminuir por100.0%	; --%	;69	;Disminuir por25.0%	; --%	;0	;Disminuir por100.0%	; --%	;13	;Disminuir por83.8%	; --%	;0	;Disminuir por100.0%	; --%	;
70	;(Domingo)2026/02/08	;7	;Disminuir por63.2%	; --%	;0	;Disminuir por100.0%	; --%	;19	;Disminuir por74.3%	; --%	;0	;Disminuir por100.0%	; --%	;58	;Disminuir por36.3%	; --%	;1	;Disminuir por80.0%	; --%	;4	;Disminuir por92.3%	; --%	;0	;Disminuir por100.0%	; --%	;
71	;(Lunes)2026/02/09	;20	;Aumentar por33.3%	; --%	;0	;Disminuir por100.0%	; --%	;43	;Disminuir por8.5%	; --%	;1	;Disminuir por83.3%	; --%	;104	;Aumentar por8.3%	; --%	;0	;Disminuir por100.0%	; --%	;10	;Disminuir por66.7%	; --%	;1	;Disminuir por83.3%	; --%	;
72	;(Martes)2026/02/10	;21	;Aumentar por110.0%	; --%	;0	; --%	; --%	;49	;Aumentar por133.3%	; --%	;0	;Disminuir por100.0%	; --%	;86	;Aumentar por50.9%	; --%	;0	;Disminuir por100.0%	; --%	;7	;Disminuir por66.7%	; --%	;0	;Disminuir por100.0%	; --%	;
73	;(Miércoles)2026/02/11	;14	;Disminuir por17.6%	; --%	;0	;Disminuir por100.0%	; --%	;54	;Disminuir por32.5%	; --%	;0	;Disminuir por100.0%	; --%	;105	;Aumentar por1.0%	; --%	;2	;Disminuir por85.7%	; --%	;21	;Disminuir por79.2%	; --%	;0	;Disminuir por100.0%	; --%	;
74	;(Jueves)2026/02/12	;21	;Aumentar por61.5%	; --%	;0	; --%	; --%	;65	;Disminuir por15.6%	; --%	;4	;Disminuir por60.0%	; --%	;110	;Aumentar por25.0%	; --%	;13	;Aumentar por550.0%	; --%	;21	;Disminuir por12.5%	; --%	;2	;Sin cambios	; --%	;
75	;(Viernes)2026/02/13	;24	;Aumentar por33.3%	; --%	;0	;Disminuir por100.0%	; --%	;67	;Disminuir por26.4%	; --%	;4	;Disminuir por66.7%	; --%	;154	;Aumentar por65.6%	; --%	;3	;Disminuir por70.0%	; --%	;10	;Disminuir por83.3%	; --%	;2	;Disminuir por90.0%	; --%	;
76	;(Sábado)2026/02/14	;8	;Disminuir por65.2%	; --%	;0	;Disminuir por100.0%	; --%	;42	;Disminuir por38.2%	; --%	;2	;Disminuir por84.6%	; --%	;51	;Disminuir por51.4%	; --%	;0	;Disminuir por100.0%	; --%	;8	;Disminuir por75.8%	; --%	;0	;Disminuir por100.0%	; --%	;
77	;(Domingo)2026/02/15	;10	;Disminuir por37.5%	; --%	;2	;Aumentar por100.0%	; --%	;18	;Disminuir por80.6%	; --%	;0	;Disminuir por100.0%	; --%	;60	;Disminuir por33.3%	; --%	;0	;Disminuir por100.0%	; --%	;8	;Disminuir por73.3%	; --%	;2	;Disminuir por75.0%	; --%	;
78	;(Lunes)2026/02/16	;16	;Aumentar por14.3%	; --%	;0	;Disminuir por100.0%	; --%	;62	;Aumentar por19.2%	; --%	;1	;Disminuir por85.7%	; --%	;106	;Aumentar por27.7%	; --%	;2	;Disminuir por33.3%	; --%	;18	;Disminuir por21.7%	; --%	;3	;Disminuir por62.5%	; --%	;
79	;(Martes)2026/02/17	;17	;Aumentar por70.0%	; --%	;0	; --%	; --%	;62	;Aumentar por47.6%	; --%	;0	;Disminuir por100.0%	; --%	;99	;Aumentar por57.1%	; --%	;1	;Disminuir por75.0%	; --%	;19	;Disminuir por76.3%	; --%	;2	;Disminuir por96.6%	; --%	;
80	;(Miércoles)2026/02/18	;20	;Sin cambios	; --%	;1	;Disminuir por66.7%	; --%	;281	;Aumentar por212.2%	; --%	;222	;Aumentar por1918.2%	; --%	;105	;Aumentar por7.1%	; --%	;1	;Disminuir por85.7%	; --%	;24	;Disminuir por20.0%	; --%	;10	;Aumentar por42.9%	; --%	;
81	;(Jueves)2026/02/19	;20	;Disminuir por9.1%	; --%	;1	;Sin cambios	; --%	;71	;Disminuir por1.4%	; --%	;5	;Aumentar por25.0%	; --%	;104	;Aumentar por2.0%	; --%	;0	;Disminuir por100.0%	; --%	;25	;Aumentar por4.2%	; --%	;4	;Disminuir por20.0%	; --%	;
82	;(Viernes)2026/02/20	;15	;Disminuir por42.3%	; --%	;0	;Disminuir por100.0%	; --%	;72	;Aumentar por12.5%	; --%	;6	;Aumentar por200.0%	; --%	;120	;Aumentar por2.6%	; --%	;6	;Aumentar por200.0%	; --%	;29	;Aumentar por38.1%	; --%	;11	;Aumentar por175.0%	; --%	;
83	;(Sábado)2026/02/21	;15	;Disminuir por40.0%	; --%	;1	;Sin cambios	; --%	;48	;Disminuir por44.2%	; --%	;2	;Disminuir por71.4%	; --%	;106	;Aumentar por7.1%	; --%	;3	;Aumentar por200.0%	; --%	;27	;Sin cambios	; --%	;5	;Disminuir por28.6%	; --%	;
84	;(Domingo)2026/02/22	;9	;Disminuir por70.0%	; --%	;0	;Disminuir por100.0%	; --%	;23	;Disminuir por76.0%	; --%	;0	;Disminuir por100.0%	; --%	;74	;Disminuir por43.5%	; --%	;5	;Aumentar por150.0%	; --%	;19	;Disminuir por66.7%	; --%	;5	;Disminuir por88.1%	; --%	;
85	;(Lunes)2026/02/23	;20	;Disminuir por20.0%	; --%	;0	;Disminuir por100.0%	; --%	;69	;Aumentar por13.1%	; --%	;2	;Disminuir por86.7%	; --%	;117	;Disminuir por11.4%	; --%	;2	;Disminuir por97.0%	; --%	;30	;Disminuir por43.4%	; --%	;7	;Disminuir por65.0%	; --%	;
86	;(Martes)2026/02/24	;17	;Aumentar por30.8%	; --%	;0	;Disminuir por100.0%	; --%	;50	;Aumentar por61.3%	; --%	;3	; --%	; --%	;108	;Aumentar por56.5%	; --%	;7	;Aumentar por75.0%	; --%	;21	;Aumentar por10.5%	; --%	;5	;Aumentar por25.0%	; --%	;
87	;(Miércoles)2026/02/25	;11	;Disminuir por47.6%	; --%	;1	;Disminuir por50.0%	; --%	;67	;Disminuir por9.5%	; --%	;3	;Disminuir por50.0%	; --%	;140	;Aumentar por66.7%	; --%	;3	;Disminuir por25.0%	; --%	;11	;Disminuir por69.4%	; --%	;2	;Disminuir por75.0%	; --%	;
88	;(Jueves)2026/02/26	;22	;Aumentar por15.8%	; --%	;0	;Disminuir por100.0%	; --%	;62	;Disminuir por21.5%	; --%	;3	;Disminuir por75.0%	; --%	;129	;Aumentar por63.3%	; --%	;15	;Aumentar por650.0%	; --%	;22	;Disminuir por40.5%	; --%	;4	;Disminuir por71.4%	; --%	;
89	;(Viernes)2026/02/27	;14	;Disminuir por39.1%	; --%	;0	;Disminuir por100.0%	; --%	;69	;Disminuir por8.0%	; --%	;6	;Disminuir por50.0%	; --%	;140	;Aumentar por20.7%	; --%	;8	;Disminuir por46.7%	; --%	;71	;Aumentar por61.4%	; --%	;28	;Aumentar por86.7%	; --%	;
90	;(Sábado)2026/02/28	;12	;Disminuir por33.3%	; --%	;0	;Disminuir por100.0%	; --%	;40	;Disminuir por52.4%	; --%	;5	;Disminuir por28.6%	; --%	;103	;Aumentar por15.7%	; --%	;1	;Disminuir por66.7%	; --%	;2	;Disminuir por94.1%	; --%	;0	;Disminuir por100.0%	; --%	;
91	;(Domingo)2026/03/01	;7	;Disminuir por46.2%	; --%	;0	;Disminuir por100.0%	; --%	;31	;Disminuir por65.9%	; --%	;1	;Disminuir por80.0%	; --%	;77	;Disminuir por27.4%	; --%	;1	;Disminuir por87.5%	; --%	;39	;Aumentar por14.7%	; --%	;11	;Aumentar por37.5%	; --%	;
92	;(Lunes)2026/03/02	;18	;Aumentar por50.0%	; --%	;1	; --%	; --%	;62	;Aumentar por37.8%	; --%	;2	;Sin cambios	; --%	;123	;Aumentar por61.8%	; --%	;4	;Aumentar por33.3%	; --%	;13	;Disminuir por51.9%	; --%	;4	;Disminuir por55.6%	; --%	;
93	;(Martes)2026/03/03	;7	;Disminuir por36.4%	; --%	;0	;Disminuir por100.0%	; --%	;41	;Aumentar por5.1%	; --%	;4	;Aumentar por100.0%	; --%	;74	;Aumentar por25.4%	; --%	;2	; --%	; --%	;8	;Disminuir por42.9%	; --%	;3	;Disminuir por40.0%	; --%	;
94	;(Miércoles)2026/03/04	;21	;Aumentar por90.9%	; --%	;0	; --%	; --%	;61	;Disminuir por1.6%	; --%	;4	;Disminuir por55.6%	; --%	;131	;Aumentar por28.4%	; --%	;5	;Disminuir por44.4%	; --%	;5	;Disminuir por89.4%	; --%	;0	;Disminuir por100.0%	; --%	;
95	;(Jueves)2026/03/05	;23	;Aumentar por53.3%	; --%	;2	;Aumentar por100.0%	; --%	;87	;Aumentar por17.6%	; --%	;19	;Aumentar por90.0%	; --%	;123	;Aumentar por35.2%	; --%	;9	;Aumentar por125.0%	; --%	;7	;Disminuir por76.7%	; --%	;1	;Disminuir por66.7%	; --%	;
96	;(Viernes)2026/03/06	;28	;Aumentar por75.0%	; --%	;2	; --%	; --%	;79	;Aumentar por5.3%	; --%	;4	;Disminuir por50.0%	; --%	;154	;Aumentar por63.8%	; --%	;8	;Aumentar por700.0%	; --%	;10	;Disminuir por66.7%	; --%	;2	;Disminuir por75.0%	; --%	;
97	;(Sábado)2026/03/07	;19	;Disminuir por9.5%	; --%	;0	;Disminuir por100.0%	; --%	;26	;Disminuir por68.7%	; --%	;0	;Disminuir por100.0%	; --%	;103	;Disminuir por12.0%	; --%	;1	;Disminuir por90.0%	; --%	;4	;Disminuir por86.7%	; --%	;0	;Disminuir por100.0%	; --%	;
98	;(Domingo)2026/03/08	;8	;Disminuir por57.9%	; --%	;0	;Disminuir por100.0%	; --%	;36	;Disminuir por62.1%	; --%	;0	;Disminuir por100.0%	; --%	;58	;Disminuir por40.8%	; --%	;3	;Disminuir por72.7%	; --%	;24	;Disminuir por14.3%	; --%	;2	;Disminuir por75.0%	; --%	;
99	;(Lunes)2026/03/09	;17	;Disminuir por51.4%	; --%	;1	;Disminuir por95.7%	; --%	;77	;Aumentar por63.8%	; --%	;2	;Disminuir por33.3%	; --%	;109	;Aumentar por62.7%	; --%	;4	;Aumentar por300.0%	; --%	;20	;Disminuir por31.0%	; --%	;6	;Disminuir por45.5%	; --%	;
100	;(Martes)2026/03/10	;29	;Aumentar por222.2%	; --%	;1	; --%	; --%	;53	;Aumentar por29.3%	; --%	;3	;Aumentar por200.0%	; --%	;103	;Aumentar por74.6%	; --%	;3	;Aumentar por50.0%	; --%	;20	;Disminuir por33.3%	; --%	;7	;Disminuir por56.3%	; --%	;
101	;(Miércoles)2026/03/11	;22	;Aumentar por37.5%	; --%	;2	; --%	; --%	;66	;Aumentar por3.1%	; --%	;10	;Disminuir por9.1%	; --%	;120	;Aumentar por30.4%	; --%	;2	;Disminuir por50.0%	; --%	;39	;Disminuir por37.1%	; --%	;18	;Disminuir por62.5%	; --%	;
102	;(Jueves)2026/03/12	;20	;Aumentar por81.8%	; --%	;0	; --%	; --%	;68	;Disminuir por2.9%	; --%	;7	;Disminuir por12.5%	; --%	;114	;Aumentar por22.6%	; --%	;7	;Aumentar por40.0%	; --%	;78	;Aumentar por105.3%	; --%	;39	;Aumentar por333.3%	; --%	;
103	;(Viernes)2026/03/13	;28	;Aumentar por100.0%	; --%	;4	;Aumentar por300.0%	; --%	;109	;Aumentar por62.7%	; --%	;46	;Aumentar por820.0%	; --%	;127	;Aumentar por56.8%	; --%	;18	;Aumentar por260.0%	; --%	;80	;Aumentar por220.0%	; --%	;55	;Aumentar por1275.0%	; --%	;
104	;(Sábado)2026/03/14	;21	;Disminuir por25.0%	; --%	;0	;Disminuir por100.0%	; --%	;34	;Disminuir por62.6%	; --%	;2	;Disminuir por86.7%	; --%	;85	;Disminuir por10.5%	; --%	;3	;Disminuir por57.1%	; --%	;7	;Disminuir por78.8%	; --%	;0	;Disminuir por100.0%	; --%	;
105	;(Domingo)2026/03/15	;19	;Aumentar por11.8%	; --%	;1	; --%	; --%	;40	;Disminuir por54.5%	; --%	;5	;Disminuir por28.6%	; --%	;62	;Disminuir por39.8%	; --%	;4	;Aumentar por33.3%	; --%	;45	;Aumentar por55.2%	; --%	;20	;Aumentar por150.0%	; --%	;
106	;(Lunes)2026/03/16	;24	;Aumentar por100.0%	; --%	;1	; --%	; --%	;93	;Aumentar por93.8%	; --%	;28	;Aumentar por1300.0%	; --%	;217	;Aumentar por210.0%	; --%	;103	;Aumentar por10200.0%	; --%	;229	;Aumentar por748.1%	; --%	;186	;Aumentar por4550.0%	; --%	;
107	;(Martes)2026/03/17	;19	;Aumentar por72.7%	; --%	;2	;Aumentar por100.0%	; --%	;85	;Aumentar por240.0%	; --%	;16	;Aumentar por700.0%	; --%	;123	;Aumentar por136.5%	; --%	;25	;Aumentar por2400.0%	; --%	;179	;Aumentar por1018.8%	; --%	;110	;Aumentar por3566.7%	; --%	;
108	;(Miércoles)2026/03/18	;25	;Aumentar por31.6%	; --%	;1	;Disminuir por66.7%	; --%	;76	;Aumentar por20.6%	; --%	;8	;Aumentar por33.3%	; --%	;112	;Aumentar por30.2%	; --%	;6	;Aumentar por20.0%	; --%	;45	;Aumentar por15.4%	; --%	;12	;Aumentar por9.1%	; --%	;
109	;(Jueves)2026/03/19	;8	;Disminuir por57.9%	; --%	;0	; --%	; --%	;27	;Disminuir por64.0%	; --%	;1	;Disminuir por66.7%	; --%	;70	;Disminuir por11.4%	; --%	;1	;Disminuir por50.0%	; --%	;98	;Aumentar por250.0%	; --%	;61	;Aumentar por1120.0%	; --%	;
110	;(Viernes)2026/03/20	;20	;Aumentar por42.9%	; --%	;2	;Aumentar por100.0%	; --%	;90	;Aumentar por40.6%	; --%	;11	;Aumentar por37.5%	; --%	;110	;Aumentar por15.8%	; --%	;8	; --%	; --%	;209	;Aumentar por770.8%	; --%	;165	;Aumentar por2650.0%	; --%	;
111	;(Sábado)2026/03/21	;24	;Aumentar por50.0%	; --%	;5	; --%	; --%	;49	;Disminuir por23.4%	; --%	;4	;Sin cambios	; --%	;94	;Aumentar por25.3%	; --%	;11	;Aumentar por175.0%	; --%	;83	;Aumentar por186.2%	; --%	;40	;Aumentar por700.0%	; --%	;
112	;(Domingo)2026/03/22	;12	;Disminuir por29.4%	; --%	;1	;Disminuir por50.0%	; --%	;24	;Disminuir por72.1%	; --%	;4	;Disminuir por55.6%	; --%	;73	;Disminuir por13.1%	; --%	;12	;Aumentar por300.0%	; --%	;151	;Aumentar por277.5%	; --%	;113	;Aumentar por1155.6%	; --%	;
113	;(Lunes)2026/03/23	;32	;Aumentar por113.3%	; --%	;9	;Aumentar por200.0%	; --%	;70	;Aumentar por59.1%	; --%	;15	;Aumentar por400.0%	; --%	;131	;Aumentar por114.8%	; --%	;11	;Aumentar por1000.0%	; --%	;38	;Aumentar por153.3%	; --%	;12	;Aumentar por1100.0%	; --%	;
114	;(Martes)2026/03/24	;20	;Aumentar por150.0%	; --%	;4	; --%	; --%	;102	;Aumentar por168.4%	; --%	;22	; --%	; --%	;159	;Aumentar por218.0%	; --%	;31	;Aumentar por3000.0%	; --%	;225	;Aumentar por675.9%	; --%	;186	;Aumentar por3000.0%	; --%	;
115	;(Miércoles)2026/03/25	;31	;Aumentar por55.0%	; --%	;24	; --%	; --%	;72	;Aumentar por28.6%	; --%	;53	;Aumentar por2550.0%	; --%	;99	;Aumentar por8.8%	; --%	;44	;Aumentar por528.6%	; --%	;418	;Aumentar por1890.5%	; --%	;378	;Aumentar por12500.0%	; --%	;
116	;(Jueves)2026/03/26	;25	;Aumentar por8.7%	; --%	;2	;Disminuir por50.0%	; --%	;96	;Aumentar por21.5%	; --%	;27	;Aumentar por440.0%	; --%	;179	;Aumentar por86.5%	; --%	;65	;Aumentar por2066.7%	; --%	;136	;Aumentar por277.8%	; --%	;86	;Aumentar por1333.3%	; --%	;
117	;(Viernes)2026/03/27	;20	;Aumentar por25.0%	; --%	;7	; --%	; --%	;75	;Aumentar por4.2%	; --%	;15	;Aumentar por66.7%	; --%	;112	;Aumentar por45.5%	; --%	;11	;Aumentar por1000.0%	; --%	;254	;Aumentar por693.8%	; --%	;203	;Aumentar por1745.5%	; --%	;
118	;(Sábado)2026/03/28	;19	;Aumentar por35.7%	; --%	;3	;Sin cambios	; --%	;47	;Disminuir por45.3%	; --%	;7	;Disminuir por36.4%	; --%	;210	;Aumentar por150.0%	; --%	;124	;Aumentar por2380.0%	; --%	;319	;Aumentar por659.5%	; --%	;287	;Aumentar por1693.8%	; --%	;
119	;(Domingo)2026/03/29	;41	;Aumentar por241.7%	; --%	;31	; --%	; --%	;32	;Disminuir por52.2%	; --%	;3	;Disminuir por50.0%	; --%	;96	;Aumentar por21.5%	; --%	;9	;Aumentar por28.6%	; --%	;137	;Aumentar por448.0%	; --%	;88	;Aumentar por2833.3%	; --%	;
120	;(Lunes)2026/03/30	;25	;Aumentar por66.7%	; --%	;2	;Aumentar por100.0%	; --%	;88	;Aumentar por131.6%	; --%	;24	;Aumentar por1100.0%	; --%	;199	;Aumentar por221.0%	; --%	;98	;Aumentar por2350.0%	; --%	;249	;Aumentar por1031.8%	; --%	;203	;Aumentar por2437.5%	; --%	;
121	;(Martes)2026/03/31	;102	;Aumentar por920.0%	; --%	;78	; --%	; --%	;86	;Aumentar por126.3%	; --%	;16	;Aumentar por300.0%	; --%	;123	;Aumentar por136.5%	; --%	;18	;Aumentar por800.0%	; --%	;339	;Aumentar por3290.0%	; --%	;270	; --%	; --%	;
122	;(Miércoles)2026/04/01	;46	;Aumentar por119.0%	; --%	;9	;Disminuir por18.2%	; --%	;99	;Aumentar por41.4%	; --%	;13	;Aumentar por85.7%	; --%	;131	;Aumentar por11.0%	; --%	;10	;Disminuir por37.5%	; --%	;203	;Aumentar por463.9%	; --%	;142	;Aumentar por787.5%	; --%	;
123	;(Jueves)2026/04/02	;41	;Disminuir por80.6%	; --%	;4	;Disminuir por97.9%	; --%	;77	;Disminuir por3.8%	; --%	;12	;Aumentar por50.0%	; --%	;87	;Disminuir por15.5%	; --%	;6	;Sin cambios	; --%	;18	;Disminuir por96.4%	; --%	;3	;Disminuir por99.4%	; --%	;
124	;(Viernes)2026/04/03	;7	;Disminuir por65.0%	; --%	;0	;Disminuir por100.0%	; --%	;29	;Disminuir por39.6%	; --%	;0	;Disminuir por100.0%	; --%	;51	;Disminuir por33.8%	; --%	;3	;Disminuir por50.0%	; --%	;30	;Aumentar por25.0%	; --%	;19	;Aumentar por280.0%	; --%	;
125	;(Sábado)2026/04/04	;15	;Disminuir por11.8%	; --%	;3	;Disminuir por25.0%	; --%	;36	;Disminuir por64.7%	; --%	;2	;Disminuir por94.3%	; --%	;81	;Disminuir por13.8%	; --%	;14	;Aumentar por600.0%	; --%	;187	;Aumentar por434.3%	; --%	;145	;Aumentar por806.3%	; --%	;
126	;(Domingo)2026/04/05	;13	;Disminuir por38.1%	; --%	;0	;Disminuir por100.0%	; --%	;27	;Disminuir por64.9%	; --%	;16	;Aumentar por128.6%	; --%	;58	;Disminuir por19.4%	; --%	;4	;Aumentar por300.0%	; --%	;45	;Aumentar por150.0%	; --%	;17	;Aumentar por750.0%	; --%	;
127	;(Lunes)2026/04/06	;29	;Sin cambios	; --%	;12	;Sin cambios	; --%	;32	;Disminuir por25.6%	; --%	;4	;Disminuir por42.9%	; --%	;69	;Disminuir por5.5%	; --%	;11	;Sin cambios	; --%	;149	;Aumentar por101.4%	; --%	;133	;Aumentar por146.3%	; --%	;
128	;(Martes)2026/04/07	;25	;Aumentar por257.1%	; --%	;5	;Aumentar por400.0%	; --%	;58	;Aumentar por75.8%	; --%	;11	;Aumentar por266.7%	; --%	;100	;Aumentar por88.7%	; --%	;7	;Aumentar por600.0%	; --%	;110	;Disminuir por5.2%	; --%	;81	;Disminuir por24.3%	; --%	;
129	;(Miércoles)2026/04/08	;24	;Disminuir por20.0%	; --%	;7	;Disminuir por22.2%	; --%	;60	;Disminuir por22.1%	; --%	;10	;Aumentar por100.0%	; --%	;120	;Aumentar por29.0%	; --%	;27	;Aumentar por237.5%	; --%	;64	;Aumentar por236.8%	; --%	;34	;Aumentar por3300.0%	; --%	;
130	;(Jueves)2026/04/09	;12	;Aumentar por20.0%	; --%	;1	; --%	; --%	;80	;Aumentar por33.3%	; --%	;14	;Aumentar por366.7%	; --%	;126	;Aumentar por35.5%	; --%	;18	;Aumentar por500.0%	; --%	;124	;Aumentar por552.6%	; --%	;80	;Aumentar por1900.0%	; --%	;
131	;(Viernes)2026/04/10	;22	;Aumentar por29.4%	; --%	;4	;Aumentar por100.0%	; --%	;79	;Aumentar por38.6%	; --%	;15	;Aumentar por150.0%	; --%	;120	;Aumentar por62.2%	; --%	;16	;Aumentar por300.0%	; --%	;97	;Aumentar por177.1%	; --%	;40	;Aumentar por233.3%	; --%	;
132	;(Sábado)2026/04/11	;12	;Disminuir por42.9%	; --%	;0	;Disminuir por100.0%	; --%	;34	;Disminuir por51.4%	; --%	;1	;Disminuir por85.7%	; --%	;72	;Disminuir por8.9%	; --%	;0	;Disminuir por100.0%	; --%	;5	;Disminuir por85.7%	; --%	;0	;Disminuir por100.0%	; --%	;
133	;(Domingo)2026/04/12	;5	;Disminuir por64.3%	; --%	;0	;Disminuir por100.0%	; --%	;20	;Disminuir por70.6%	; --%	;1	;Disminuir por75.0%	; --%	;37	;Disminuir por57.0%	; --%	;2	;Disminuir por66.7%	; --%	;14	;Disminuir por51.7%	; --%	;3	;Sin cambios	; --%	;
134	;(Lunes)2026/04/13	;0	;Disminuir por100.0%	; --%	;0	;Disminuir por100.0%	; --%	;0	;Disminuir por100.0%	; --%	;0	;Disminuir por100.0%	; --%	;0	;Disminuir por100.0%	; --%	;0	;Disminuir por100.0%	; --%	;0	;Disminuir por100.0%	; --%	;0	;Disminuir por100.0%	; --%	;
135	;(Martes)2026/04/14	;28	;Aumentar por47.4%	; --%	;6	;Sin cambios	; --%	;58	;Aumentar por48.7%	; --%	;3	;Disminuir por25.0%	; --%	;136	;Aumentar por100.0%	; --%	;54	;Aumentar por671.4%	; --%	;151	;Disminuir por29.4%	; --%	;94	;Disminuir por53.0%	; --%	;
136	;(Miércoles)2026/04/15	;35	;Aumentar por94.4%	; --%	;14	;Aumentar por600.0%	; --%	;103	;Aumentar por56.1%	; --%	;49	;Aumentar por880.0%	; --%	;188	;Aumentar por157.5%	; --%	;90	;Aumentar por2150.0%	; --%	;231	;Aumentar por344.2%	; --%	;171	;Aumentar por584.0%	; --%	;
137	;(Jueves)2026/04/16	;21	;Disminuir por4.5%	; --%	;1	;Disminuir por75.0%	; --%	;75	;Aumentar por8.7%	; --%	;14	;Aumentar por16.7%	; --%	;137	;Aumentar por33.0%	; --%	;26	;Aumentar por85.7%	; --%	;113	;Aumentar por73.8%	; --%	;52	;Aumentar por18.2%	; --%	;
138	;(Viernes)2026/04/17	;59	;Aumentar por118.5%	; --%	;42	;Aumentar por600.0%	; --%	;69	;Aumentar por23.2%	; --%	;12	;Aumentar por200.0%	; --%	;274	;Aumentar por174.0%	; --%	;157	;Aumentar por1644.4%	; --%	;155	;Aumentar por118.3%	; --%	;86	;Aumentar por186.7%	; --%	;
139	;(Sábado)2026/04/18	;173	;Aumentar por686.4%	; --%	;156	;Aumentar por3800.0%	; --%	;26	;Disminuir por62.9%	; --%	;4	;Disminuir por55.6%	; --%	;82	;Disminuir por8.9%	; --%	;7	;Aumentar por250.0%	; --%	;200	;Aumentar por354.5%	; --%	;174	;Aumentar por987.5%	; --%	;
140	;(Domingo)2026/04/19	;12	;Disminuir por40.0%	; --%	;4	;Aumentar por33.3%	; --%	;15	;Disminuir por83.3%	; --%	;1	;Disminuir por80.0%	; --%	;59	;Disminuir por58.7%	; --%	;2	;Disminuir por50.0%	; --%	;111	;Aumentar por326.9%	; --%	;104	;Aumentar por1200.0%	; --%	;
141	;(Lunes)2026/04/20	;29	;Aumentar por61.1%	; --%	;1	; --%	; --%	;72	;Aumentar por33.3%	; --%	;0	;Disminuir por100.0%	; --%	;101	;Aumentar por8.6%	; --%	;3	;Disminuir por57.1%	; --%	;30	;Aumentar por66.7%	; --%	;5	;Aumentar por150.0%	; --%	;
142	;(Martes)2026/04/21	;28	;Aumentar por211.1%	; --%	;5	;Aumentar por150.0%	; --%	;92	;Aumentar por100.0%	; --%	;25	;Aumentar por150.0%	; --%	;164	;Aumentar por115.8%	; --%	;63	; --%	; --%	;185	;Aumentar por112.6%	; --%	;123	;Aumentar por70.8%	; --%	;
143	;(Miércoles)2026/04/22	;49	;Aumentar por444.4%	; --%	;15	;Aumentar por650.0%	; --%	;55	;Aumentar por25.0%	; --%	;6	;Disminuir por53.8%	; --%	;112	;Aumentar por38.3%	; --%	;6	;Disminuir por25.0%	; --%	;38	;Aumentar por40.7%	; --%	;15	;Aumentar por50.0%	; --%	;
144	;(Jueves)2026/04/23	;24	;Aumentar por4.3%	;Aumentar por380.0%	;1	;Disminuir por87.5%	;Disminuir por50.0%	;81	;Aumentar por88.4%	;Aumentar por1925.0%	;7	;Aumentar por600.0%	; --%	;113	;Aumentar por91.5%	;Aumentar por213.9%	;8	;Aumentar por33.3%	;Aumentar por300.0%	;36	;Disminuir por12.2%	;Disminuir por29.4%	;15	;Disminuir por46.4%	;Disminuir por34.8%	;
145	;(Viernes)2026/04/24	;29	;Aumentar por61.1%	;Aumentar por16.0%	;1	;Disminuir por66.7%	;Disminuir por66.7%	;92	;Aumentar por27.8%	;Disminuir por3.2%	;5	;Sin cambios	;Disminuir por58.3%	;135	;Aumentar por110.9%	;Aumentar por70.9%	;7	;Aumentar por40.0%	;Aumentar por75.0%	;35	;Aumentar por25.0%	;Disminuir por43.5%	;10	;Aumentar por66.7%	;Disminuir por54.5%	;
146	;(Sábado)2026/04/25	;15	;Aumentar por36.4%	;Disminuir por44.4%	;3	;Disminuir por40.0%	;Disminuir por50.0%	;34	;Disminuir por40.4%	;Disminuir por59.5%	;3	;Disminuir por57.1%	;Disminuir por76.9%	;84	;Aumentar por44.8%	;Disminuir por17.6%	;14	;Aumentar por600.0%	;Aumentar por366.7%	;60	;Disminuir por37.5%	;Aumentar por3.4%	;25	;Disminuir por55.4%	;Aumentar por47.1%	;
147	;(Domingo)2026/04/26	;11	;Disminuir por62.1%	;Disminuir por31.3%	;2	;Disminuir por85.7%	;Aumentar por100.0%	;16	;Disminuir por71.4%	;Disminuir por71.9%	;1	;Disminuir por90.0%	;Sin cambios	;35	;Disminuir por49.3%	;Disminuir por61.1%	;3	;Disminuir por66.7%	;Aumentar por50.0%	;62	;Aumentar por17.0%	;Aumentar por82.4%	;29	;Aumentar por11.5%	;Aumentar por163.6%	;
148	;(Lunes)2026/04/27	;31	;Aumentar por287.5%	;Aumentar por244.4%	;7	;Aumentar por250.0%	;Aumentar por250.0%	;64	;Aumentar por146.2%	;Aumentar por113.3%	;7	;Aumentar por40.0%	; --%	;181	;Aumentar por293.5%	;Aumentar por223.2%	;93	;Aumentar por745.5%	;Aumentar por4550.0%	;122	;Aumentar por771.4%	;Aumentar por110.3%	;95	;Aumentar por4650.0%	;Aumentar por352.4%	;
149	;(Martes)2026/04/28	;35	;Aumentar por1066.7%	;Aumentar por288.9%	;3	;Aumentar por200.0%	; --%	;66	;Aumentar por200.0%	;Aumentar por120.0%	;4	;Aumentar por100.0%	;Aumentar por300.0%	;93	;Aumentar por34.8%	;Aumentar por158.3%	;11	;Disminuir por64.5%	; --%	;50	;Disminuir por74.2%	;Aumentar por56.3%	;16	;Disminuir por91.1%	;Disminuir por15.8%	;
150	;(Miércoles)2026/04/29	;29	;Aumentar por52.6%	;Aumentar por190.0%	;5	;Disminuir por28.6%	;Aumentar por400.0%	;75	;Aumentar por29.3%	;Aumentar por87.5%	;13	;Aumentar por225.0%	;Aumentar por225.0%	;116	;Aumentar por33.3%	;Aumentar por110.9%	;11	;Aumentar por175.0%	;Aumentar por10.0%	;38	;Disminuir por50.6%	;Disminuir por15.6%	;19	;Disminuir por47.2%	;Aumentar por35.7%	;
151	;(Jueves)2026/04/30	;42	;Aumentar por200.0%	;Aumentar por40.0%	;9	;Aumentar por125.0%	;Aumentar por125.0%	;101	;Aumentar por55.4%	;Disminuir por11.4%	;13	;Aumentar por30.0%	;Aumentar por30.0%	;110	;Aumentar por29.4%	;Disminuir por9.1%	;13	;Aumentar por18.2%	;Aumentar por333.3%	;179	;Aumentar por54.3%	;Aumentar por713.6%	;96	;Aumentar por7.9%	;Aumentar por3100.0%	;
152	;(Viernes)2026/05/01	;20	;Sin cambios	;Aumentar por25.0%	;3	;Aumentar por200.0%	;Aumentar por200.0%	;26	;Disminuir por51.9%	;Disminuir por10.3%	;1	;Disminuir por66.7%	;Sin cambios	;46	;Disminuir por59.3%	;Disminuir por35.2%	;0	;Disminuir por100.0%	;Disminuir por100.0%	;8	;Disminuir por85.7%	;Disminuir por27.3%	;7	;Disminuir por73.1%	; --%	;
153	;(Sábado)2026/05/02	;15	;Disminuir por50.0%	;Disminuir por25.0%	;1	;Disminuir por87.5%	;Sin cambios	;33	;Disminuir por41.1%	;Disminuir por42.1%	;2	;Disminuir por77.8%	;Disminuir por33.3%	;86	;Disminuir por9.5%	;Disminuir por9.5%	;1	;Disminuir por92.9%	;Sin cambios	;6	;Disminuir por89.8%	;Disminuir por45.5%	;1	;Disminuir por96.6%	;Sin cambios	;
154	;(Domingo)2026/05/03	;25	;Disminuir por7.4%	;Aumentar por92.3%	;0	;Disminuir por100.0%	;Disminuir por100.0%	;35	;Disminuir por47.8%	;Disminuir por10.3%	;0	;Disminuir por100.0%	;Disminuir por100.0%	;83	;Disminuir por25.9%	;Disminuir por1.2%	;2	;Disminuir por80.0%	;Disminuir por33.3%	;12	;Disminuir por74.5%	;Disminuir por25.0%	;4	;Disminuir por78.9%	;Aumentar por33.3%	;
155	;(Lunes)2026/05/04	;40	;Aumentar por300.0%	;Aumentar por263.6%	;2	;Disminuir por33.3%	;Disminuir por33.3%	;50	;Aumentar por66.7%	;Aumentar por66.7%	;4	;Disminuir por33.3%	;Aumentar por300.0%	;119	;Aumentar por75.0%	;Aumentar por80.3%	;1	;Disminuir por85.7%	;Sin cambios	;8	;Disminuir por61.9%	;Disminuir por91.3%	;0	;Disminuir por100.0%	;Disminuir por100.0%	;
156	;(Martes)2026/05/05	;45	;Aumentar por1025.0%	;Aumentar por25.0%	;8	; --%	;Aumentar por166.7%	;81	;Aumentar por523.1%	;Aumentar por6.6%	;3	;Aumentar por200.0%	;Disminuir por40.0%	;108	;Aumentar por120.4%	;Disminuir por4.4%	;3	;Aumentar por200.0%	;Sin cambios	;11	;Aumentar por10.0%	;Disminuir por79.6%	;2	;Disminuir por75.0%	;Disminuir por89.5%	;
157	;(Miércoles)2026/05/06	;34	;Aumentar por61.9%	;Aumentar por61.9%	;4	;Disminuir por42.9%	;Aumentar por300.0%	;67	;Disminuir por10.7%	;Disminuir por17.3%	;7	;Disminuir por36.4%	;Disminuir por41.7%	;110	;Aumentar por4.8%	;Aumentar por5.8%	;11	;Disminuir por8.3%	;Aumentar por37.5%	;47	;Disminuir por25.4%	;Disminuir por59.1%	;14	;Disminuir por30.0%	;Disminuir por76.7%	;
158	;(Jueves)2026/05/07	;25	;Disminuir por10.7%	;Disminuir por7.4%	;3	;Disminuir por62.5%	;Sin cambios	;73	;Aumentar por21.7%	;Disminuir por8.8%	;8	;Disminuir por27.3%	;Aumentar por14.3%	;137	;Aumentar por30.5%	;Aumentar por33.0%	;23	;Aumentar por475.0%	;Aumentar por360.0%	;185	;Aumentar por340.5%	;Aumentar por198.4%	;147	;Aumentar por673.7%	;Aumentar por512.5%	;
159	;(Viernes)2026/05/08	;27	;Disminuir por30.8%	;Sin cambios	;4	;Disminuir por80.0%	;Aumentar por33.3%	;82	;Aumentar por70.8%	;Disminuir por21.9%	;20	;Aumentar por233.3%	;Aumentar por185.7%	;108	;Aumentar por17.4%	;Disminuir por18.2%	;20	;Aumentar por150.0%	;Aumentar por566.7%	;76	;Aumentar por10.1%	;Aumentar por52.0%	;35	;Aumentar por20.7%	;Aumentar por6.1%	;
160	;(Sábado)2026/05/09	;21	;Sin cambios	;Disminuir por38.2%	;1	;Disminuir por80.0%	;Disminuir por85.7%	;46	;Disminuir por32.4%	;Disminuir por37.8%	;5	;Disminuir por50.0%	;Aumentar por400.0%	;104	;Disminuir por6.3%	;Disminuir por14.0%	;9	;Disminuir por35.7%	;Aumentar por125.0%	;29	;Disminuir por62.8%	;Disminuir por44.2%	;10	;Disminuir por64.3%	;Disminuir por33.3%	;
161	;(Domingo)2026/05/10	;18	;Aumentar por28.6%	;Sin cambios	;4	;Aumentar por300.0%	; --%	;17	;Disminuir por78.2%	;Disminuir por56.4%	;0	;Disminuir por100.0%	;Disminuir por100.0%	;63	;Disminuir por51.5%	;Disminuir por29.2%	;8	;Disminuir por78.9%	;Aumentar por700.0%	;84	;Disminuir por76.0%	;Aumentar por320.0%	;44	;Disminuir por86.1%	;Aumentar por1000.0%	;
162	;(Lunes)2026/05/11	;34	;Aumentar por142.9%	;Aumentar por161.5%	;11	;Aumentar por450.0%	;Aumentar por1000.0%	;61	;Aumentar por17.3%	;Aumentar por96.8%	;7	;Disminuir por30.0%	;Aumentar por250.0%	;103	;Aumentar por9.6%	;Aumentar por41.1%	;16	;Aumentar por166.7%	; --%	;141	;Aumentar por302.9%	;Aumentar por840.0%	;87	;Aumentar por690.9%	;Aumentar por8600.0%	;
163	;(Martes)2026/05/12	;22	;Aumentar por266.7%	;Disminuir por12.0%	;7	;Aumentar por600.0%	;Aumentar por600.0%	;90	;Aumentar por210.3%	;Aumentar por18.4%	;10	;Aumentar por900.0%	;Sin cambios	;96	;Aumentar por14.3%	;Disminuir por10.3%	;8	;Aumentar por14.3%	;Aumentar por100.0%	;57	;Aumentar por159.1%	;Aumentar por42.5%	;23	;Aumentar por130.0%	;Aumentar por109.1%	;
164	;(Miércoles)2026/05/13	;9	;Disminuir por69.0%	;Disminuir por57.1%	;1	;Disminuir por93.3%	;Disminuir por87.5%	;68	;Aumentar por70.0%	;Aumentar por7.9%	;11	;Aumentar por120.0%	;Aumentar por83.3%	;112	;Disminuir por18.2%	;Aumentar por27.3%	;19	;Disminuir por20.8%	;Aumentar por533.3%	;143	;Aumentar por127.0%	;Aumentar por257.5%	;82	;Aumentar por74.5%	;Aumentar por583.3%	;
165	;(Jueves)2026/05/14	;16	;Aumentar por23.1%	;Disminuir por40.7%	;1	;Sin cambios	; --%	;86	;Aumentar por11.7%	;Aumentar por14.7%	;16	;Aumentar por45.5%	;Aumentar por700.0%	;104	;Disminuir por1.9%	;Aumentar por14.3%	;13	;Aumentar por85.7%	;Aumentar por333.3%	;68	;Aumentar por70.0%	;Aumentar por134.5%	;30	;Aumentar por233.3%	;Aumentar por114.3%	;
166	;(Viernes)2026/05/15	;18	;Aumentar por12.5%	;Disminuir por35.7%	;0	; --%	;Disminuir por100.0%	;89	;Aumentar por20.3%	;Disminuir por22.6%	;4	;Disminuir por66.7%	;Disminuir por20.0%	;112	;Disminuir por6.7%	;Disminuir por0.9%	;7	;Disminuir por12.5%	;Aumentar por40.0%	;106	;Aumentar por178.9%	;Aumentar por140.9%	;39	;Aumentar por200.0%	;Aumentar por457.1%	;
167	;(Sábado)2026/05/16	;11	;Disminuir por47.6%	;Disminuir por67.6%	;2	;Disminuir por33.3%	;Disminuir por33.3%	;47	;Disminuir por20.3%	;Disminuir por49.5%	;2	;Disminuir por50.0%	;Disminuir por50.0%	;64	;Disminuir por44.8%	;Disminuir por46.2%	;6	;Disminuir por40.0%	;Aumentar por50.0%	;68	;Aumentar por51.1%	;Aumentar por19.3%	;26	;Aumentar por100.0%	;Aumentar por36.8%	;
168	;(Domingo)2026/05/17	;22	;Aumentar por266.7%	;Aumentar por120.0%	;12	; --%	; --%	;24	;Disminuir por66.2%	;Disminuir por35.1%	;0	;Disminuir por100.0%	;Disminuir por100.0%	;61	;Disminuir por46.5%	;Aumentar por1.7%	;6	;Aumentar por50.0%	;Aumentar por500.0%	;85	;Aumentar por11.8%	;Aumentar por150.0%	;46	;Aumentar por58.6%	;Aumentar por318.2%	;
169	;(Lunes)2026/05/18	;29	;Aumentar por123.1%	;Aumentar por61.1%	;6	; --%	;Aumentar por20.0%	;49	;Disminuir por5.8%	;Aumentar por104.2%	;3	;Disminuir por25.0%	;Disminuir por25.0%	;113	;Aumentar por63.8%	;Aumentar por91.5%	;5	;Aumentar por400.0%	;Aumentar por66.7%	;25	;Disminuir por51.9%	;Disminuir por10.7%	;13	;Disminuir por31.6%	;Aumentar por85.7%	;
170	;(Martes)2026/05/19	;25	;Aumentar por212.5%	;Aumentar por127.3%	;2	; --%	;Aumentar por100.0%	;64	;Aumentar por128.6%	;Disminuir por14.7%	;7	;Aumentar por133.3%	;Disminuir por30.0%	;100	;Aumentar por100.0%	;Disminuir por2.0%	;14	;Aumentar por600.0%	;Aumentar por75.0%	;99	;Aumentar por191.2%	;Aumentar por125.0%	;56	;Aumentar por700.0%	;Aumentar por460.0%	;
171	;(Miércoles)2026/05/20	;27	;Aumentar por68.8%	;Sin cambios	;5	;Aumentar por400.0%	;Aumentar por25.0%	;48	;Disminuir por23.8%	;Disminuir por50.5%	;4	;Disminuir por20.0%	;Disminuir por75.0%	;103	;Aumentar por18.4%	;Disminuir por4.6%	;13	;Aumentar por225.0%	;Aumentar por8.3%	;45	;Aumentar por9.8%	;Disminuir por71.0%	;25	;Aumentar por108.3%	;Disminuir por66.7%	;
172	;(Jueves)2026/05/21	;38	;Aumentar por58.3%	;Aumentar por245.5%	;13	;Aumentar por550.0%	;Aumentar por1200.0%	;69	;Aumentar por21.1%	;Disminuir por26.6%	;8	;Aumentar por60.0%	;Disminuir por55.6%	;112	;Disminuir por2.6%	;Aumentar por6.7%	;16	;Disminuir por48.4%	;Aumentar por23.1%	;115	;Aumentar por117.0%	;Disminuir por37.5%	;68	;Aumentar por300.0%	;Disminuir por35.8%	;
173	;(Viernes)2026/05/22	;21	;Disminuir por69.6%	;Disminuir por27.6%	;3	;Disminuir por94.4%	;Disminuir por50.0%	;66	;Aumentar por1.5%	;Disminuir por14.3%	;9	;Disminuir por47.1%	;Disminuir por18.2%	;124	;Aumentar por6.9%	;Aumentar por8.8%	;27	;Aumentar por440.0%	;Aumentar por107.7%	;122	;Aumentar por320.7%	;Aumentar por84.8%	;70	;Aumentar por600.0%	;Aumentar por94.4%	;
174	;(Sábado)2026/05/23	;42	;Aumentar por366.7%	;Aumentar por75.0%	;16	; --%	;Aumentar por300.0%	;48	;Aumentar por118.2%	;Disminuir por54.3%	;9	;Aumentar por800.0%	;Disminuir por30.8%	;94	;Aumentar por67.9%	;Disminuir por16.1%	;5	; --%	;Disminuir por68.8%	;58	;Aumentar por480.0%	;Disminuir por60.8%	;31	;Aumentar por1450.0%	;Disminuir por47.5%	;
175	;(Domingo)2026/05/24	;15	;Disminuir por58.3%	;Aumentar por114.3%	;7	;Disminuir por50.0%	;Aumentar por600.0%	;25	;Disminuir por69.1%	;Disminuir por10.7%	;2	;Disminuir por90.9%	;Aumentar por100.0%	;86	;Disminuir por25.9%	;Aumentar por7.5%	;33	;Aumentar por560.0%	;Aumentar por560.0%	;237	;Aumentar por848.0%	;Aumentar por308.6%	;176	;Aumentar por3420.0%	;Aumentar por700.0%	;
176	;(Lunes)2026/05/25	;41	;Aumentar por127.8%	;Aumentar por310.0%	;10	;Aumentar por150.0%	;Aumentar por900.0%	;69	;Aumentar por86.5%	;Aumentar por91.7%	;10	; --%	;Aumentar por233.3%	;112	;Aumentar por12.0%	;Aumentar por160.5%	;9	;Sin cambios	;Aumentar por800.0%	;28	;Aumentar por100.0%	;Disminuir por59.4%	;12	;Aumentar por500.0%	;Disminuir por71.4%	;
177	;(Martes)2026/05/26	;22	;Aumentar por340.0%	;Disminuir por4.3%	;7	; --%	;Sin cambios	;80	;Aumentar por400.0%	;Disminuir por4.8%	;13	;Aumentar por550.0%	;Aumentar por160.0%	;109	;Aumentar por28.2%	;Aumentar por16.0%	;15	;Aumentar por50.0%	;Aumentar por1400.0%	;82	;Aumentar por331.6%	;Aumentar por127.8%	;50	;Aumentar por614.3%	;Aumentar por316.7%	;
178	;(Miércoles)2026/05/27	;33	;Aumentar por37.5%	;Aumentar por94.1%	;8	; --%	; --%	;78	;Aumentar por105.3%	;Aumentar por4.0%	;16	;Aumentar por700.0%	;Aumentar por300.0%	;110	;Disminuir por0.9%	;Aumentar por12.2%	;23	; --%	;Aumentar por360.0%	;196	;Aumentar por1533.3%	;Aumentar por83.2%	;120	;Aumentar por5900.0%	;Aumentar por130.8%	;
179	;(Jueves)2026/05/28	;24	;Aumentar por26.3%	;Disminuir por4.0%	;3	;Aumentar por200.0%	;Aumentar por200.0%	;85	;Aumentar por102.4%	;Aumentar por3.7%	;10	; --%	;Aumentar por25.0%	;135	;Aumentar por26.2%	;Aumentar por17.4%	;30	;Aumentar por1400.0%	;Aumentar por400.0%	;170	;Aumentar por900.0%	;Aumentar por40.5%	;90	;Aumentar por800.0%	;Aumentar por5.9%	;
180	;(Viernes)2026/05/29	;33	;Aumentar por94.1%	;Aumentar por37.5%	;11	; --%	; --%	;86	;Aumentar por126.3%	;Disminuir por32.3%	;13	;Aumentar por160.0%	;Disminuir por55.2%	;132	;Aumentar por8.2%	;Aumentar por30.7%	;28	;Aumentar por300.0%	;Aumentar por833.3%	;112	;Aumentar por211.1%	;Disminuir por15.2%	;56	;Aumentar por300.0%	;Aumentar por3.7%	;
181	;(Sábado)2026/05/30	;16	;Disminuir por15.8%	;Disminuir por23.8%	;0	;Disminuir por100.0%	;Disminuir por100.0%	;40	;Disminuir por21.6%	;Disminuir por60.0%	;1	;Sin cambios	;Disminuir por92.9%	;76	;Disminuir por27.6%	;Disminuir por32.7%	;4	;Disminuir por60.0%	;Disminuir por20.0%	;33	;Disminuir por2.9%	;Disminuir por28.3%	;18	;Aumentar por38.5%	;Aumentar por80.0%	;
182	;(Domingo)2026/05/31	;23	;Disminuir por25.8%	;Aumentar por53.3%	;6	;Aumentar por200.0%	;Aumentar por500.0%	;27	;Disminuir por44.9%	;Disminuir por38.6%	;9	;Aumentar por350.0%	; --%	;60	;Disminuir por28.6%	;Disminuir por27.7%	;6	;Sin cambios	;Aumentar por20.0%	;9	;Disminuir por76.3%	;Disminuir por25.0%	;3	;Disminuir por81.3%	;Aumentar por200.0%	;
183	;(Lunes)2026/06/01	;23	;Aumentar por53.3%	;Aumentar por187.5%	;1	;Disminuir por66.7%	; --%	;70	;Aumentar por288.9%	;Aumentar por218.2%	;6	;Aumentar por500.0%	; --%	;111	;Aumentar por192.1%	;Aumentar por105.6%	;6	; --%	; --%	;61	;Aumentar por15.1%	;Aumentar por510.0%	;31	;Disminuir por16.2%	;Aumentar por933.3%	;
184	;(Martes)2026/06/02	;29	;Aumentar por107.1%	;Aumentar por81.3%	;3	;Sin cambios	; --%	;80	;Aumentar por321.1%	;Disminuir por1.2%	;9	;Aumentar por800.0%	;Aumentar por200.0%	;109	;Aumentar por137.0%	;Aumentar por21.1%	;9	;Aumentar por125.0%	;Aumentar por350.0%	;17	;Disminuir por51.4%	;Disminuir por43.3%	;1	;Disminuir por92.3%	;Disminuir por50.0%	;
185	;(Miércoles)2026/06/03	;28	;Aumentar por33.3%	;Disminuir por9.7%	;5	;Aumentar por25.0%	;Aumentar por400.0%	;78	;Aumentar por85.7%	;Disminuir por9.3%	;12	;Aumentar por1100.0%	;Aumentar por200.0%	;116	;Aumentar por38.1%	;Aumentar por13.7%	;15	;Aumentar por150.0%	;Aumentar por1400.0%	;133	;Aumentar por280.0%	;Aumentar por565.0%	;85	;Aumentar por672.7%	;Aumentar por2733.3%	;
186	;(Jueves)2026/06/04	;30	;Aumentar por76.5%	;Aumentar por42.9%	;4	;Aumentar por100.0%	; --%	;60	;Aumentar por20.0%	;Disminuir por29.4%	;6	;Aumentar por50.0%	;Disminuir por14.3%	;119	;Aumentar por8.2%	;Aumentar por1.7%	;13	;Sin cambios	;Aumentar por225.0%	;18	;Disminuir por43.8%	;Disminuir por41.9%	;10	;Sin cambios	;Aumentar por42.9%	;
187	;(Viernes)2026/06/05	;28	;Aumentar por154.5%	;Aumentar por27.3%	;1	;Sin cambios	;Disminuir por50.0%	;36	;Disminuir por39.0%	;Disminuir por59.1%	;1	;Disminuir por87.5%	;Disminuir por80.0%	;90	;Aumentar por1.1%	;Disminuir por12.6%	;4	;Disminuir por60.0%	;Aumentar por100.0%	;3	;Disminuir por95.2%	;Disminuir por92.5%	;0	;Disminuir por100.0%	;Disminuir por100.0%	;
188	;(Sábado)2026/06/06	;22	;Aumentar por15.8%	;Sin cambios	;2	;Aumentar por100.0%	; --%	;47	;Disminuir por21.7%	;Disminuir por51.0%	;4	;Disminuir por63.6%	;Disminuir por63.6%	;105	;Aumentar por2.9%	;Aumentar por14.1%	;5	;Disminuir por16.7%	;Disminuir por16.7%	;12	;Disminuir por80.0%	;Disminuir por65.7%	;5	;Disminuir por76.2%	;Disminuir por28.6%	;
189	;(Domingo)2026/06/07	;13	;Aumentar por8.3%	;Disminuir por7.1%	;7	;Aumentar por600.0%	; --%	;22	;Disminuir por71.1%	;Disminuir por51.1%	;7	;Disminuir por12.5%	;Aumentar por600.0%	;43	;Disminuir por55.2%	;Disminuir por46.3%	;4	;Disminuir por60.0%	;Aumentar por33.3%	;23	;Disminuir por68.9%	;Disminuir por14.8%	;16	;Disminuir por69.2%	;Aumentar por45.5%	;
190	;(Lunes)2026/06/08	;23	;Aumentar por155.6%	;Aumentar por475.0%	;5	; --%	; --%	;68	;Aumentar por119.4%	;Aumentar por151.9%	;18	;Aumentar por800.0%	;Aumentar por1700.0%	;182	;Aumentar por156.3%	;Aumentar por213.8%	;77	;Aumentar por2466.7%	;Aumentar por1440.0%	;111	;Aumentar por146.7%	;Aumentar por1010.0%	;99	;Aumentar por560.0%	;Aumentar por3200.0%	;
191	;(Martes)2026/06/09	;22	;Aumentar por120.0%	;Aumentar por4.8%	;2	;Aumentar por100.0%	; --%	;82	;Aumentar por182.8%	;Aumentar por39.0%	;7	;Aumentar por40.0%	;Aumentar por16.7%	;82	;Disminuir por4.7%	;Disminuir por23.4%	;5	;Aumentar por66.7%	;Aumentar por25.0%	;18	;Disminuir por14.3%	;Disminuir por18.2%	;5	;Disminuir por16.7%	;Aumentar por400.0%	;
192	;(Miércoles)2026/06/10	;27	;Aumentar por107.7%	;Aumentar por68.8%	;1	;Sin cambios	; --%	;72	;Aumentar por20.0%	;Disminuir por13.3%	;11	;Disminuir por26.7%	;Aumentar por83.3%	;105	;Aumentar por4.0%	;Aumentar por6.1%	;8	;Disminuir por65.2%	;Aumentar por100.0%	;55	;Disminuir por35.3%	;Aumentar por175.0%	;25	;Disminuir por56.1%	;Aumentar por1150.0%	;
193	;(Jueves)2026/06/11	;25	;Aumentar por25.0%	;Aumentar por13.6%	;0	;Disminuir por100.0%	; --%	;92	;Aumentar por31.4%	;Aumentar por17.9%	;11	;Disminuir por21.4%	;Aumentar por175.0%	;110	;Aumentar por5.8%	;Aumentar por4.8%	;5	;Disminuir por58.3%	;Aumentar por150.0%	;16	;Disminuir por57.9%	;Disminuir por27.3%	;3	;Disminuir por80.0%	;Disminuir por40.0%	;
194	;(Viernes)2026/06/12	;25	;Aumentar por127.3%	;Aumentar por13.6%	;1	; --%	; --%	;77	;Aumentar por30.5%	;Disminuir por4.9%	;9	;Aumentar por80.0%	;Disminuir por10.0%	;116	;Aumentar por7.4%	;Aumentar por10.5%	;11	;Aumentar por266.7%	;Aumentar por37.5%	;59	;Aumentar por227.8%	;Aumentar por168.2%	;20	;Aumentar por185.7%	;Aumentar por400.0%	;
195	;(Sábado)2026/06/13	;20	;Disminuir por16.7%	;Disminuir por13.0%	;2	;Disminuir por77.8%	;Disminuir por33.3%	;47	;Disminuir por24.2%	;Disminuir por59.8%	;9	;Aumentar por80.0%	;Aumentar por12.5%	;79	;Disminuir por36.3%	;Disminuir por30.1%	;7	;Disminuir por78.8%	;Aumentar por600.0%	;31	;Disminuir por49.2%	;Disminuir por26.2%	;8	;Disminuir por79.5%	;Aumentar por300.0%	;
196	;(Domingo)2026/06/14	;12	;Disminuir por40.0%	;Disminuir por14.3%	;0	;Disminuir por100.0%	;Disminuir por100.0%	;18	;Disminuir por67.9%	;Disminuir por51.4%	;0	;Disminuir por100.0%	;Disminuir por100.0%	;72	;Disminuir por31.4%	;Disminuir por14.3%	;7	;Sin cambios	;Aumentar por40.0%	;32	;Aumentar por6.7%	;Disminuir por36.0%	;9	;Aumentar por80.0%	;Disminuir por72.7%	;
197	;(Lunes)2026/06/15	;24	;Aumentar por100.0%	;Aumentar por84.6%	;4	;Aumentar por300.0%	;Aumentar por300.0%	;74	;Aumentar por68.2%	;Aumentar por76.2%	;6	;Aumentar por100.0%	; --%	;120	;Aumentar por34.8%	;Aumentar por76.5%	;17	;Aumentar por325.0%	;Aumentar por750.0%	;46	;Aumentar por31.4%	;Aumentar por155.6%	;22	;Aumentar por450.0%	;Aumentar por633.3%	;
198	;(Martes)2026/06/16	;28	;Aumentar por211.1%	;Aumentar por21.7%	;3	;Sin cambios	;Aumentar por50.0%	;85	;Aumentar por203.6%	;Disminuir por1.2%	;17	;Aumentar por1600.0%	;Aumentar por750.0%	;116	;Aumentar por63.4%	;Aumentar por17.2%	;14	;Aumentar por366.7%	;Aumentar por250.0%	;44	;Disminuir por42.9%	;Disminuir por37.1%	;12	;Disminuir por74.5%	;Disminuir por75.5%	;
199	;(Miércoles)2026/06/17	;27	;Aumentar por107.7%	;Aumentar por22.7%	;8	; --%	;Aumentar por100.0%	;77	;Aumentar por32.8%	;Aumentar por28.3%	;14	;Aumentar por133.3%	; --%	;121	;Aumentar por42.4%	;Aumentar por44.0%	;16	;Aumentar por300.0%	;Aumentar por433.3%	;31	;Disminuir por44.6%	;Aumentar por34.8%	;8	;Disminuir por72.4%	;Disminuir por27.3%	;
200	;(Jueves)2026/06/18	;35	;Aumentar por66.7%	;Aumentar por34.6%	;3	;Aumentar por50.0%	;Aumentar por200.0%	;77	;Aumentar por37.5%	;Disminuir por31.9%	;10	;Aumentar por11.1%	;Disminuir por28.6%	;114	;Aumentar por17.5%	;Aumentar por17.5%	;11	;Disminuir por21.4%	;Aumentar por175.0%	;28	;Disminuir por12.5%	;Disminuir por40.4%	;8	;Disminuir por11.1%	;Disminuir por27.3%	;
201	;(Viernes)2026/06/19	;20	;Aumentar por81.8%	;Disminuir por25.9%	;1	; --%	;Disminuir por50.0%	;88	;Aumentar por44.3%	;Disminuir por6.4%	;22	;Aumentar por120.0%	;Aumentar por340.0%	;131	;Aumentar por14.9%	;Aumentar por15.9%	;16	;Aumentar por300.0%	;Aumentar por128.6%	;53	;Aumentar por253.3%	;Disminuir por38.4%	;29	;Aumentar por625.0%	;Disminuir por61.8%	;
202	;(Sábado)2026/06/20	;13	;Disminuir por40.9%	;Disminuir por48.0%	;0	;Disminuir por100.0%	;Disminuir por100.0%	;37	;Disminuir por30.2%	;Disminuir por59.3%	;5	;Aumentar por150.0%	;Disminuir por28.6%	;84	;Disminuir por24.3%	;Disminuir por31.7%	;9	;Aumentar por800.0%	;Aumentar por200.0%	;17	;Disminuir por46.9%	;Disminuir por57.5%	;4	;Disminuir por42.9%	;Disminuir por63.6%	;
203	;(Domingo)2026/06/21	;18	;Disminuir por14.3%	;Disminuir por43.8%	;10	;Aumentar por400.0%	;Disminuir por37.5%	;37	;Disminuir por31.5%	;Disminuir por44.8%	;13	;Aumentar por333.3%	;Aumentar por333.3%	;70	;Disminuir por42.6%	;Disminuir por32.0%	;2	;Disminuir por71.4%	;Sin cambios	;132	;Aumentar por312.5%	;Aumentar por158.8%	;110	;Aumentar por1000.0%	;Aumentar por233.3%	;
204	;(Lunes)2026/06/22	;30	;Aumentar por76.5%	;Aumentar por233.3%	;3	;Aumentar por200.0%	;Aumentar por50.0%	;68	;Aumentar por240.0%	;Aumentar por325.0%	;9	; --%	; --%	;94	;Aumentar por14.6%	;Aumentar por184.8%	;6	;Aumentar por500.0%	; --%	;30	;Aumentar por42.9%	;Aumentar por275.0%	;9	;Disminuir por10.0%	; --%	;
205	;(Martes)2026/06/23	;39	;Aumentar por387.5%	;Aumentar por143.8%	;7	;Aumentar por250.0%	;Aumentar por600.0%	;96	;Aumentar por317.4%	;Aumentar por12.9%	;43	;Aumentar por2050.0%	;Aumentar por514.3%	;128	;Aumentar por103.2%	;Aumentar por30.6%	;13	;Aumentar por333.3%	;Aumentar por550.0%	;37	;Aumentar por32.1%	;Disminuir por73.0%	;9	;Disminuir por52.6%	;Disminuir por91.8%	;
206	;(Miércoles)2026/06/24	;17	;Aumentar por21.4%	;Disminuir por15.0%	;2	;Aumentar por100.0%	;Aumentar por100.0%	;54	;Disminuir por6.9%	;Disminuir por32.5%	;7	;Aumentar por16.7%	;Aumentar por133.3%	;70	;Disminuir por23.1%	;Disminuir por16.7%	;8	;Aumentar por14.3%	;Aumentar por100.0%	;28	;Disminuir por17.6%	;Aumentar por55.6%	;10	;Disminuir por9.1%	;Aumentar por900.0%	;
207	;(Jueves)2026/06/25	;35	;Aumentar por59.1%	;Aumentar por75.0%	;0	;Disminuir por100.0%	; --%	;81	;Aumentar por35.0%	;Aumentar por11.0%	;15	;Aumentar por150.0%	;Aumentar por87.5%	;117	;Aumentar por24.5%	;Aumentar por48.1%	;8	;Aumentar por166.7%	;Aumentar por700.0%	;28	;Disminuir por17.6%	;Disminuir por57.6%	;5	;Disminuir por54.5%	;Disminuir por88.1%	;
208	;(Viernes)2026/06/26	;25	;Aumentar por257.1%	;Disminuir por3.8%	;2	;Sin cambios	;Disminuir por50.0%	;87	;Aumentar por55.4%	;Aumentar por4.8%	;19	;Aumentar por111.1%	;Aumentar por216.7%	;152	;Aumentar por36.9%	;Aumentar por65.2%	;31	;Aumentar por158.3%	;Aumentar por675.0%	;46	;Aumentar por53.3%	;Disminuir por42.5%	;20	;Aumentar por81.8%	;Disminuir por51.2%	;
209	;(Sábado)2026/06/27	;26	;Aumentar por62.5%	;Aumentar por36.8%	;3	; --%	;Disminuir por50.0%	;65	;Aumentar por20.4%	;Disminuir por12.2%	;24	;Aumentar por300.0%	;Aumentar por242.9%	;81	;Disminuir por19.8%	;Disminuir por11.0%	;8	;Aumentar por60.0%	;Aumentar por60.0%	;20	;Disminuir por23.1%	;Disminuir por61.5%	;7	;Sin cambios	;Disminuir por75.0%	;
210	;(Domingo)2026/06/28	;18	;Aumentar por12.5%	;Aumentar por20.0%	;3	;Aumentar por200.0%	;Aumentar por200.0%	;28	;Disminuir por54.1%	;Disminuir por40.4%	;0	;Disminuir por100.0%	;Disminuir por100.0%	;74	;Disminuir por35.7%	;Disminuir por22.9%	;4	;Disminuir por20.0%	;Disminuir por82.6%	;21	;Disminuir por34.4%	;Disminuir por30.0%	;11	;Disminuir por8.3%	;Aumentar por83.3%	;
211	;(Lunes)2026/06/29	;34	;Aumentar por183.3%	;Aumentar por240.0%	;5	;Aumentar por66.7%	; --%	;58	;Aumentar por75.8%	;Aumentar por176.2%	;15	;Aumentar por1400.0%	;Aumentar por1400.0%	;104	;Aumentar por18.2%	;Aumentar por82.5%	;11	; --%	;Aumentar por266.7%	;47	;Aumentar por176.5%	;Aumentar por123.8%	;21	;Aumentar por600.0%	;Aumentar por162.5%	;
212	;(Martes)2026/06/30	;33	;Aumentar por450.0%	;Aumentar por94.1%	;4	;Aumentar por300.0%	;Aumentar por100.0%	;91	;Aumentar por355.0%	;Aumentar por13.8%	;12	;Aumentar por1100.0%	;Aumentar por9.1%	;107	;Aumentar por87.7%	;Aumentar por2.9%	;11	;Aumentar por450.0%	;Disminuir por21.4%	;24	;Aumentar por26.3%	;Disminuir por76.2%	;5	;Aumentar por400.0%	;Disminuir por92.4%	;
